Total Number of Aligned Reads:	82796	Total Number of Mapped Genomes:	7123
Genome	Final Guess	Final Best Hit	Final Best Hit Read Numbers	Final High Confidence Hits	Final Low Confidence Hits	Initial Guess	Initial Best Hit	Initial Best Hit Read Numbers	Initial High Confidence Hits	Initial Low Confidence Hits
ti|435590|org|Bacteroides_vulgatus_ATCC_8482|accession|NC_009614.1	0.12609193280265227	0.1253804531619885	10381.0	0.1253442195275134	3.623363447509542e-05	0.12039898633313259	0.12034898537079444	9964.414592760297	0.11975216194019035	0.003937388279627035
ti|515619|org|[Eubacterium]_rectale_ATCC_33656|accession|NC_012781.1	0.05581202248484197	0.04453113676989227	3687.0	0.04444659162278371	8.454514710855597e-05	0.052595109626759444	0.04125012605087127	3415.345436507938	0.040956084835016185	0.0011232426687279578
ti|537011|org|Prevotella_copri_DSM_18205|accession|NZ_GG703852.1	0.03167823641722035	0.024952896275182376	2066.0	0.024759650224648534	0.00019324605053384222	0.031118759883945715	0.02429433559017114	2011.47380952381	0.024167834194888643	0.0004951930044929707
ti|367928|org|Bifidobacterium_adolescentis_ATCC_15703|accession|NC_008618.1	0.030629622082021867	0.02489250688439055	2061.0	0.02489250688439055	0.0	0.03044124991478973	0.024500440378019003	2028.5384615384614	0.024518092661481233	6.038939079182569e-05
ti|28116|org|Bacteroides_ovatus|accession|NZ_CP012938.1	0.028129056734945427	0.026849123146045702	2223.0	0.026800811633412244	4.8311512633460555e-05	0.02742646258298065	0.02605132177998021	2156.9452380952416	0.025774191989951206	0.0008575293492439248
ti|226186|org|Bacteroides_thetaiotaomicron_VPI-5482|accession|NC_004663.1	0.021087609644324625	0.02007343349920286	1662.0	0.020037199864727764	3.623363447509542e-05	0.02029662014944151	0.01899170134743105	1572.4369047619011	0.01856369872940722	0.0019686941398135175
ti|537011|org|Prevotella_copri_DSM_18205|accession|NZ_GG703853.1	0.018955940242371242	0.014710855596888738	1218.0	0.014674621962413642	3.623363447509542e-05	0.01885812706247697	0.014652479185789971	1213.1666666666665	0.014638388327938548	0.00014493453790038167
ti|537011|org|Prevotella_copri_DSM_18205|accession|NZ_GG703854.1	0.017385426271803367	0.013805014735011353	1143.0	0.013756703222377892	4.8311512633460555e-05	0.01660303657989962	0.012960354077376644	1073.0654761904766	0.0126455384318083	0.0010990869124112275
ti|585394|org|Roseburia_hominis_A2-183|accession|NC_015977.1	0.015963900617765425	0.013841248369486449	1146.0	0.013817092613169718	2.4155756316730277e-05	0.012877384764798152	0.01033091662971971	855.358573274273	0.009626068892217015	0.0020773950432388037
ti|445970|org|Alistipes_putredinis_DSM_17216|accession|NZ_DS499577.1	0.015201818059516937	0.011715541813614184	970.0	0.011715541813614184	0.0	0.014742396871065105	0.011448131839817431	947.859523809524	0.011630996666505628	0.00032610271027585873
ti|537011|org|Prevotella_copri_DSM_18205|accession|NZ_GG703855.1	0.011987898916539461	0.00916710952219914	759.0	0.009034252862457124	0.00013285665974201651	0.011787378769755311	0.009255263654328848	766.2988095238113	0.008816851055606551	0.0012440214503116093
ti|47678|org|Bacteroides_caccae|accession|NZ_CP022412.2	0.011223069469422493	0.012476448137591188	1033.0	0.012464370259432823	1.2077878158365139e-05	0.011507399349658727	0.012786389496617033	1058.6619047619038	0.01259722691917484	0.0006884390550268129
ti|515620|org|[Eubacterium]_eligens_ATCC_27750|accession|NC_012778.1	0.010863953663234569	0.008394125320063771	695.0	0.008394125320063771	0.0	0.010750980623775056	0.008294419995891082	686.744797979798	0.008273346538480119	0.00012077878158365138
ti|411479|org|Bacteroides_uniformis_ATCC_8492|accession|NZ_DS362249.1	0.010083385877134617	0.008007633218996087	663.0	0.007753997777670419	0.0002536354413256679	0.010800787488011271	0.008459949756026867	700.4500000000005	0.008937629837190202	0.000350258466592589
ti|411479|org|Bacteroides_uniformis_ATCC_8492|accession|NZ_DS362248.1	0.010081981836754867	0.007753997777670419	642.0	0.007753997777670419	0.0	0.010105296109755782	0.007798283330917762	645.6666666666671	0.007753997777670419	0.00013285665974201651
ti|206672|org|Bifidobacterium_longum_NCC2705|accession|NC_004307.2	0.009994872930086362	0.012875018116817238	1066.0	0.012862940238658872	1.2077878158365139e-05	0.009783443972082329	0.01249140612515655	1034.2384615384617	0.012524759650224648	0.00013285665974201651
ti|717959|org|Alistipes_shahii_WAL_8301|accession|NC_021030.1	0.008736222515329019	0.007391661432919465	612.0	0.007331272042127639	6.038939079182569e-05	0.007648347615018084	0.006247929506601416	517.3035714285709	0.006159717860766221	0.0012802550847867047
ti|295405|org|Bacteroides_fragilis_YCH46|accession|NC_006347.1	0.008375964324886399	0.011027102758587372	913.0	0.010942557611478816	8.454514710855597e-05	0.006328507442714695	0.00871723406201694	721.7521113987544	0.008369969563747042	0.003140248321174936
ti|445970|org|Alistipes_putredinis_DSM_17216|accession|NZ_DS499579.1	0.00812063425412673	0.006244263007874776	517.0	0.006244263007874776	0.0	0.00788931244684528	0.006076783097412111	503.13333333333316	0.006014783322865839	0.0003140248321174936
ti|709991|org|Odoribacter_splanchnicus_DSM_20712|accession|NC_015160.1	0.00809702823494321	0.006280496642349872	520.0	0.006280496642349872	0.0	0.008152404046040795	0.006328678749145918	523.9892857142854	0.006244263007874776	0.00048311512633460554
ti|411479|org|Bacteroides_uniformis_ATCC_8492|accession|NZ_DS362247.1	0.008086619811974541	0.0066911444997342865	554.0	0.006679066621575922	1.2077878158365139e-05	0.0076885759645502	0.006247915128175046	517.3023809523811	0.006026861201024204	0.0006763611768684477
ti|411479|org|Bacteroides_uniformis_ATCC_8492|accession|NZ_DS362220.1	0.008054969037246855	0.006183873617082951	512.0	0.006183873617082951	0.0	0.007948267119345495	0.006165756799845401	510.4999999999999	0.00611140634813276	0.00024155756316730277
ti|300267|org|Shigella_dysenteriae_Sd197|accession|NC_007606.1	0.007849586472851751	0.016921107299869557	1401.0	0.016921107299869557	0.0	0.00484902944503948	0.010835515019895907	897.1373015873015	0.01135320546886323	0.0007367505676602735
ti|537011|org|Prevotella_copri_DSM_18205|accession|NZ_GG703856.1	0.007641016537778161	0.005857770906807092	485.0	0.005845693028648727	1.2077878158365139e-05	0.007792001708664532	0.0060188092822519605	498.3333333333333	0.005942316053915648	0.0001570124160587468
ti|349741|org|Akkermansia_muciniphila_ATCC_BAA-835|accession|NC_010655.1	0.007352385285725572	0.013817092613169718	1144.0	0.013817092613169718	0.0	0.007352382776831037	0.013817092613169718	1144.0	0.013817092613169718	0.0
ti|537011|org|Prevotella_copri_DSM_18205|accession|NZ_GG703857.1	0.007311038881869892	0.005652446978114884	468.0	0.005592057587323059	6.038939079182569e-05	0.007458723647416888	0.005804110619560632	480.55714285714214	0.005483356683897773	0.001050775399777767
ti|868129|org|Prevotella_bivia_DSM_20514|accession|NZ_JH660660.1	0.006990696475132979	0.0050968645828300884	422.0	0.005060630948354993	3.623363447509542e-05	0.005813673078030351	0.004527890983100548	374.8912618367929	0.004335958258853085	0.00176337021112131
ti|411903|org|Collinsella_aerofaciens_ATCC_25986|accession|NZ_AAVN02000001.1	0.006715239936475593	0.005278032755205566	437.0	0.005278032755205566	0.0	0.00630521900889222	0.00491073585335386	406.5892857142862	0.004806995507029325	0.0005314266389680661
ti|445970|org|Alistipes_putredinis_DSM_17216|accession|NZ_DS499580.1	0.006103640161464581	0.004831151263346056	400.0	0.004831151263346056	0.0	0.006011344636319441	0.004795780334453697	397.07142857142827	0.0047707618725542295	0.0005314266389680661
ti|246787|org|Bacteroides_cellulosilyticus|accession|NZ_CP012801.1	0.006033084123398814	0.012850862360500507	1064.0	0.012850862360500507	0.0	0.005977488522781865	0.012897347518685973	1067.8487851571238	0.012705927822600126	0.0013648002318952606
ti|411479|org|Bacteroides_uniformis_ATCC_8492|accession|NZ_DS362244.1	0.0058300813173701145	0.004505048553070197	373.0	0.004505048553070197	0.0	0.005829460320541017	0.004505048553070197	373.0	0.004505048553070197	0.0
ti|537011|org|Prevotella_copri_DSM_18205|accession|NZ_GG703858.1	0.0058210784692194996	0.004492970674911831	372.0	0.004492970674911831	0.0	0.005894917446426932	0.0045980482148896065	380.6999999999999	0.004517126431228562	0.00024155756316730277
ti|411903|org|Collinsella_aerofaciens_ATCC_25986|accession|NZ_AAVN02000002.1	0.005612021610695626	0.004553360065703657	377.0	0.004468814918595101	8.454514710855597e-05	0.005102713165963511	0.004019057741459788	332.7619047619046	0.0038649210106768443	0.0005797381516015267
ti|649756|org|Anaerostipes_hadrus|accession|NZ_CP012098.1	0.005592846762634012	0.012403980868640998	1027.0	0.012379825112324267	2.4155756316730277e-05	0.0053137494982144935	0.0119059984494305	985.7690476190477	0.011860476351514566	0.00024155756316730277
ti|1384484|org|Adlercreutzia_equolifaciens_DSM_19450|accession|NC_022567.1	0.005517046334643962	0.004275568868061259	354.0	0.004275568868061259	0.0	0.00551703654707085	0.004227257355427798	350.0	0.004227257355427798	0.0
ti|411479|org|Bacteroides_uniformis_ATCC_8492|accession|NZ_DS362246.1	0.005450135522611926	0.004166867964635973	345.0	0.004166867964635973	0.0	0.0057538118507791695	0.004524330022844434	374.59642857142774	0.004275568868061259	0.0012319435721532442
ti|537011|org|Prevotella_copri_DSM_18205|accession|NZ_GG703859.1	0.005251584797818094	0.004106478573844147	340.0	0.004106478573844147	0.0	0.005251718688697175	0.004106478573844147	340.0	0.004106478573844147	0.0
ti|411479|org|Bacteroides_uniformis_ATCC_8492|accession|NZ_DS362243.1	0.005118302407765135	0.004046089183052322	335.0	0.004046089183052322	0.0	0.005118254712799114	0.00404276776655877	334.7249999999999	0.004058167061210686	0.00016909029421711193
ti|742726|org|Barnesiella_intestinihominis_YIT_11860|accession|NZ_JH815203.1	0.004980807057437072	0.003852843132518479	319.0	0.003852843132518479	0.0	0.004294667447673302	0.0033365138412483676	276.24999999999983	0.0030677810522247453	0.0007729842021353689
ti|537011|org|Prevotella_copri_DSM_18205|accession|NZ_GG703860.1	0.004925199145932722	0.0039011546451519397	323.0	0.0038769988888352094	2.4155756316730277e-05	0.0047276062330240355	0.003712308393090074	307.36428571428576	0.0037682979854099232	0.00027779119764239816
ti|435591|org|Parabacteroides_distasonis_ATCC_8503|accession|NC_009615.1	0.004746615227244468	0.013780858978694624	1141.0	0.013780858978694624	0.0	0.004794561706751855	0.013766480552315611	1139.8095238095234	0.013696313831586067	0.00022947968500893764
ti|411479|org|Bacteroides_uniformis_ATCC_8492|accession|NZ_DS362242.1	0.0047400127770350865	0.0038166094980433838	316.0	0.0038166094980433838	0.0	0.0044838655953619065	0.003590580635365406	297.28571428571416	0.0034421952751340643	0.00038649210106768444
ti|449673|org|Bacteroides_stercoris_ATCC_43183|accession|NZ_DS499676.1	0.0045347457988334635	0.004021933426735591	333.0	0.00392531040146867	9.662302526692111e-05	0.005434661788111222	0.0046426069582381135	384.38928571428283	0.003732064350934828	0.0028624571235325376
ti|449673|org|Bacteroides_stercoris_ATCC_43183|accession|NZ_DS499674.1	0.004425671929169202	0.0037682979854099232	312.0	0.0037682979854099232	0.0	0.004463878608862863	0.003806424779358255	315.1567460317461	0.0037682979854099232	0.0002536354413256679
ti|411479|org|Bacteroides_uniformis_ATCC_8492|accession|NZ_DS362240.1	0.0044068205654431555	0.003418039518817334	283.0	0.003418039518817334	0.0	0.004424022300642578	0.003424279755865822	283.5166666666666	0.003405961640658969	7.246726895019084e-05
ti|411479|org|Bacteroides_uniformis_ATCC_8492|accession|NZ_DS362245.1	0.0042238975891530335	0.0031160925648582058	258.0	0.0031160925648582058	0.0	0.005910302710590975	0.004738252250511271	392.3083333333312	0.003828687376201749	0.003321416493550413
ti|411479|org|Bacteroides_uniformis_ATCC_8492|accession|NZ_DS362239.1	0.004200834162220663	0.003236871346441857	268.0	0.003236871346441857	0.0	0.004234063775892413	0.0032912217981545004	272.5	0.0033455722498671433	0.0
ti|537011|org|Prevotella_copri_DSM_18205|accession|NZ_GG703861.1	0.004127876502225748	0.003236871346441857	268.0	0.003224793468283492	1.2077878158365139e-05	0.004156768361692915	0.003248949224600222	269.0	0.003248949224600222	1.2077878158365139e-05
ti|511680|org|Butyrivibrio_crossotus_DSM_2876|accession|NZ_GG663524.1	0.004119287657268185	0.003212715590125127	266.0	0.003212715590125127	0.0	0.004082960867243127	0.0031826550933754167	263.511111111111	0.0031160925648582058	0.00043480361370114496
ti|470146|org|Coprococcus_comes_ATCC_27758|accession|NZ_GG662014.1	0.00407526503477704	0.003418039518817334	283.0	0.003418039518817334	0.0	0.003477613787252552	0.0028120907817776987	232.82986836806634	0.0025001207787815837	0.000881685105560655
ti|484018|org|Bacteroides_plebeius_DSM_17135|accession|NZ_DS990130.1	0.003821783375871807	0.002959080148799459	245.0	0.002947002270641094	1.2077878158365139e-05	0.003795299966036786	0.002908457417981889	240.80864037922848	0.0028624571235325376	0.00022947968500893764
ti|411903|org|Collinsella_aerofaciens_ATCC_25986|accession|NZ_AAVN02000003.1	0.0038130015886032563	0.002886612879849268	239.0	0.002826223489057442	6.038939079182569e-05	0.0037679728558188356	0.002899294651915549	240.0499999999998	0.002814145610899077	0.0004951930044929707
ti|537011|org|Prevotella_copri_DSM_18205|accession|NZ_GG703862.1	0.0038114440266492806	0.0029832359051161893	247.0	0.0029832359051161893	0.0	0.0038256320011526936	0.0029832359051161893	247.00000000000003	0.002971158026957824	3.623363447509542e-05
ti|449673|org|Bacteroides_stercoris_ATCC_43183|accession|NZ_DS499673.1	0.0037635088243228795	0.003236871346441857	268.0	0.003212715590125127	2.4155756316730277e-05	0.003838118054458343	0.0032185771952789673	266.4853174603174	0.0031160925648582058	0.0004710372481762404
ti|742726|org|Barnesiella_intestinihominis_YIT_11860|accession|NZ_JH815204.1	0.0036390917479179603	0.002826223489057442	234.0	0.002826223489057442	0.0	0.003619064892728158	0.002814145610899077	233.0	0.002814145610899077	0.0
ti|470146|org|Coprococcus_comes_ATCC_27758|accession|NZ_GG662007.1	0.003637846091384752	0.0031040146866998406	257.0	0.0030798589303831104	2.4155756316730277e-05	0.0033437878349733057	0.0028207745011696894	233.54884559884562	0.002705444707473791	0.00039856997922604957
ti|411462|org|Dorea_longicatena_DSM_13814|accession|NZ_DS264392.1	0.00355965375755057	0.0029107686361659986	241.0	0.0029107686361659986	0.0	0.003114387715624616	0.0024803935777895888	205.3666666666668	0.0023068747282477416	0.0004589593700178753
ti|411479|org|Bacteroides_uniformis_ATCC_8492|accession|NZ_DS362241.1	0.0034438544378465417	0.0026329774385236	218.0	0.0026329774385236	0.0	0.003626975294692047	0.0027990482632011247	231.7500000000003	0.0026450553166819653	0.00044688149185951014
ti|537011|org|Prevotella_copri_DSM_18205|accession|NZ_GG703863.1	0.0033753486333123377	0.0026450553166819653	219.0	0.0026450553166819653	0.0	0.0033995384892339608	0.002681288951157061	222.00000000000003	0.0026571331948403304	6.038939079182569e-05
ti|411460|org|[Ruminococcus]_torques_ATCC_27756|accession|NZ_DS264345.1	0.003306768007633163	0.0031040146866998406	257.0	0.0030919368085414755	1.2077878158365139e-05	0.00315348409407722	0.002951363726642726	244.36111111111111	0.0029107686361659986	0.00021740180685057248
ti|484018|org|Bacteroides_plebeius_DSM_17135|accession|NZ_DS990134.1	0.0032639867061273822	0.002427653509831393	201.0	0.002427653509831393	0.0	0.0036101340480195324	0.0028290588374925312	234.23475550903163	0.002524276535098314	0.002886612879849268
ti|515620|org|[Eubacterium]_eligens_ATCC_27750|accession|NC_012780.1	0.0031005986018036295	0.002427653509831393	201.0	0.002427653509831393	0.0	0.003178452849607832	0.002471900720608387	204.66349206349201	0.002451809266148123	0.00013285665974201651
ti|518635|org|Bifidobacterium_angulatum_DSM_20098_=_JCM_7096|accession|NZ_AP012322.1	0.0030953041773763316	0.002512198656939949	208.0	0.002512198656939949	0.0	0.0031862276282838453	0.002579091520586279	213.53846153846155	0.0025725880477317745	4.8311512633460555e-05
ti|1069534|org|Lactobacillus_ruminis_ATCC_27782|accession|NC_015975.1	0.0030425888349662664	0.002331030484564472	193.0	0.002331030484564472	0.0	0.003042015116079504	0.002331030484564472	193.0	0.002331030484564472	0.0
ti|449673|org|Bacteroides_stercoris_ATCC_43183|accession|NZ_DS499677.1	0.002940983665103758	0.0024638871443064883	204.0	0.0024638871443064883	0.0	0.002990704602490645	0.0025359949525972014	209.97023809523787	0.0024880429006232186	0.0003140248321174936
ti|568816|org|Acidaminococcus_intestini_RyC-MR95|accession|NC_016077.1	0.002784951208996742	0.00221025170298082	183.0	0.00221025170298082	0.0	0.002775658764314546	0.00218609594666409	181.0	0.00218609594666409	0.0
ti|449673|org|Bacteroides_stercoris_ATCC_43183|accession|NZ_DS499672.1	0.002760278367518718	0.0022947968500893765	190.0	0.0022827189719310114	1.2077878158365139e-05	0.002913162099214527	0.002459415855736645	203.62979519157128	0.0022947968500893765	0.0023672641190395673
ti|679935|org|Alistipes_finegoldii_DSM_17242|accession|NC_018011.1	0.0027600500211999953	0.006546209961833905	542.0	0.00653413208367554	1.2077878158365139e-05	0.0031517643159144153	0.006816002346292499	564.3377302636337	0.006836079037634668	0.0010749311560944972
ti|445970|org|Alistipes_putredinis_DSM_17216|accession|NZ_DS499581.1	0.002726250729623969	0.0021377844340306294	177.0	0.0021377844340306294	0.0	0.0027853053377883646	0.0021860959466640903	181.00000000000003	0.00218609594666409	4.8311512633460555e-05
ti|592028|org|Dialister_invisus_DSM_15470|accession|NZ_GG698602.1	0.00271122962087009	0.0020773950432388037	172.0	0.0020773950432388037	0.0	0.0027112293132421812	0.0020773950432388037	172.0	0.0020773950432388037	0.0
ti|484018|org|Bacteroides_plebeius_DSM_17135|accession|NZ_DS990119.1	0.002672336571228236	0.002113628677713899	175.0	0.002101550799555534	1.2077878158365139e-05	0.0026035201531209107	0.002063102887418071	170.81666666666663	0.0018720711145465965	0.0006522054205517175
ti|411462|org|Dorea_longicatena_DSM_13814|accession|NZ_DS264415.1	0.002590348168165389	0.0020532392869220734	170.0	0.002029083530605343	2.4155756316730277e-05	0.0024698127242728405	0.0019781551443709034	163.7833333333333	0.002029083530605343	7.246726895019084e-05
ti|1051074|org|Streptococcus_thermophilus_JIM_8232|accession|NC_017581.1	0.0025505956570879306	0.004782839750712595	396.0	0.004782839750712595	0.0	0.0024807265545272964	0.004565437943862023	378.0	0.0045412821875452924	6.038939079182569e-05
ti|411903|org|Collinsella_aerofaciens_ATCC_25986|accession|NZ_AAVN02000005.1	0.0025169657763415556	0.0018841489927049616	156.0	0.0018841489927049616	0.0	0.0026083557251130743	0.0020164880290973334	166.9571428571428	0.0019083047490216919	0.00048311512633460554
ti|411474|org|Coprococcus_eutactus_ATCC_27759|accession|NZ_DS483532.1	0.0025168646692495895	0.0019566162616551524	162.0	0.0019445383834967873	1.2077878158365139e-05	0.002527178780292366	0.0019633932932884577	162.56111111111113	0.0019445383834967873	7.246726895019084e-05
ti|742726|org|Barnesiella_intestinihominis_YIT_11860|accession|NZ_JH815205.1	0.0024943868748512686	0.0019083047490216919	158.0	0.0019083047490216919	0.0	0.0026237583515530643	0.0020155768757666942	166.8817030059792	0.0019083047490216919	0.002101550799555534
ti|411903|org|Collinsella_aerofaciens_ATCC_25986|accession|NZ_AAVN02000004.1	0.0024368622638768146	0.0018841489927049616	156.0	0.0018841489927049616	0.0	0.0024536629384480056	0.0019083047490216912	157.99999999999994	0.0018841489927049616	0.00010870090342528624
ti|760570|org|Streptococcus_parasanguinis_ATCC_15912|accession|NC_015678.1	0.0024229998253983607	0.0019445383834967873	161.0	0.0019445383834967873	0.0	0.002403296837935468	0.0019324605053384221	160.0	0.0019445383834967873	0.0
ti|537011|org|Prevotella_copri_DSM_18205|accession|NZ_GG703864.1	0.0023828830226657926	0.0019083047490216919	158.0	0.0019083047490216919	0.0	0.00268326173550588	0.0022085847716601763	182.86198475437595	0.0022223295811391853	0.0004710372481762404
ti|411903|org|Collinsella_aerofaciens_ATCC_25986|accession|NZ_AAVN02000006.1	0.0023441197809708153	0.001823759601913136	151.0	0.001823759601913136	0.0	0.002377217708395592	0.0018734083081998418	155.1107142857141	0.001751292332962945	0.0006401275423933523
ti|484018|org|Bacteroides_plebeius_DSM_17135|accession|NZ_DS990133.1	0.002339398995231902	0.0017875259674380406	148.0	0.0017875259674380406	0.0	0.0023652195182877907	0.0018122856176626884	150.04999999999995	0.0017996038455964057	8.454514710855597e-05
ti|411461|org|Dorea_formicigenerans_ATCC_27755|accession|NZ_AAXA02000015.1	0.002288218649166717	0.0020653171650804386	171.0	0.0020532392869220734	1.2077878158365139e-05	0.0019453843119897338	0.0015671478263270134	129.7535714285714	0.001485579013478912	0.000350258466592589
ti|411479|org|Bacteroides_uniformis_ATCC_8492|accession|NZ_DS362234.1	0.0021952070373147275	0.001751292332962945	145.0	0.001751292332962945	0.0	0.0021952047364981395	0.00176337021112131	146.0	0.00176337021112131	0.0
ti|411479|org|Bacteroides_uniformis_ATCC_8492|accession|NZ_DS362238.1	0.0021770030509960007	0.0016788250640127542	139.0	0.0016788250640127542	0.0	0.0022580635415160822	0.0018277855612992581	151.33333333333337	0.0017392144548045798	0.0003140248321174936
ti|292800|org|Flavonifractor_plautii|accession|NZ_CP015406.2	0.0021637647770064903	0.004468814918595101	370.0	0.004468814918595101	0.0	0.0020283271981869056	0.004335958258853085	359.0	0.00437219189332818	0.0
ti|411479|org|Bacteroides_uniformis_ATCC_8492|accession|NZ_DS362236.1	0.002134864797310569	0.001666747185854389	138.0	0.001666747185854389	0.0	0.0021840364213707645	0.001709019759408667	141.5	0.0017392144548045798	0.0
ti|411479|org|Bacteroides_uniformis_ATCC_8492|accession|NZ_DS362237.1	0.0021225122317008673	0.0016305135513792937	135.0	0.0016305135513792937	0.0	0.002143767816505983	0.001645007005169331	136.19999999999993	0.0016305135513792937	7.246726895019084e-05
ti|702459|org|Bifidobacterium_bifidum_PRL2010|accession|NC_014638.1	0.0020978860574980425	0.0031764819556500314	263.0	0.0031764819556500314	0.0	0.002100084118276923	0.0031764819556500314	263.0	0.0031764819556500314	0.0
ti|657308|org|Gordonibacter_pamelaeae_7-10-1-b|accession|NC_021021.1	0.0020973225105489542	0.0019566162616551524	162.0	0.0019566162616551524	0.0	0.0021204322389301996	0.0019566162616551524	162.0	0.0019445383834967873	2.4155756316730277e-05
ti|1121101|org|Bacteroides_salyersiae_WAL_10018_=_DSM_18765_=_JCM_12988|accession|NZ_KB905466.1	0.0019337149057536288	0.0025725880477317745	213.0	0.0025725880477317745	0.0	0.001994184675645107	0.0026697286963483402	221.04285714285717	0.0026329774385236	0.00014493453790038167
ti|411459|org|Blautia_obeum_ATCC_29174|accession|NZ_DS264338.1	0.0019187096444210356	0.0016909029421711193	140.0	0.001666747185854389	2.4155756316730277e-05	0.0014967395761641517	0.0012504271811961704	103.53036889431812	0.0011836320595197836	0.00042272573554277983
ti|333849|org|Enterococcus_faecium_DO|accession|NC_017960.1	0.0018803604362095175	0.0017392144548045798	144.0	0.0017392144548045798	0.0	0.001837094991874094	0.0017029808203294845	141.0	0.0016909029421711193	2.4155756316730277e-05
ti|742726|org|Barnesiella_intestinihominis_YIT_11860|accession|NZ_JH815206.1	0.001876028609080644	0.0014372675008454514	119.0	0.0014372675008454514	0.0	0.0018875253990966294	0.001443306439924634	119.5	0.0014372675008454514	1.2077878158365139e-05
ti|411479|org|Bacteroides_uniformis_ATCC_8492|accession|NZ_DS362223.1	0.0018624684186968753	0.001413111744528721	117.0	0.001413111744528721	0.0	0.0018588501538578032	0.0014251896226870862	118.0	0.001473501135320547	0.0
ti|537011|org|Prevotella_copri_DSM_18205|accession|NZ_GG703865.1	0.0017888544957429637	0.0013768781100536257	114.0	0.0013768781100536257	0.0	0.0019317033724404573	0.0015088145505073858	124.92380952380951	0.0014251896226870862	0.00032610271027585873
ti|479436|org|Veillonella_parvula_DSM_2008|accession|NC_013520.1	0.0017862661483011777	0.0013648002318952606	113.0	0.0013648002318952606	0.0	0.0017812862601541226	0.0013648002318952606	113.0	0.0013648002318952606	0.0
ti|411479|org|Bacteroides_uniformis_ATCC_8492|accession|NZ_DS362235.1	0.001718162977643934	0.0014251896226870862	118.0	0.0014251896226870862	0.0	0.0017160770545319776	0.0014251896226870862	118.0	0.0014251896226870862	0.0
ti|411903|org|Collinsella_aerofaciens_ATCC_25986|accession|NZ_AAVN02000007.1	0.001709522667464349	0.001304410841103435	108.0	0.001304410841103435	0.0	0.0016740146188472338	0.001282613146712862	106.19523809523812	0.0011473984250446882	0.0005918160297598918
ti|479437|org|Eggerthella_lenta_DSM_2243|accession|NC_013204.1	0.00170514609318933	0.002258563215614281	187.0	0.002258563215614281	0.0	0.0016935221577470006	0.002224745156770858	184.2	0.0022223295811391853	1.2077878158365139e-05
ti|411479|org|Bacteroides_uniformis_ATCC_8492|accession|NZ_DS362232.1	0.001686637031284583	0.0012923329629450698	107.0	0.0012923329629450698	0.0	0.0016866370312608792	0.0012923329629450698	107.0	0.0012923329629450698	0.0
ti|484018|org|Bacteroides_plebeius_DSM_17135|accession|NZ_DS990122.1	0.0016724067212979857	0.0012802550847867047	106.0	0.0012802550847867047	0.0	0.001679411269527241	0.0012862940238658872	106.5	0.0012802550847867047	1.2077878158365139e-05
ti|301302|org|Roseburia_faecis|accession|NZ_CYXV01000001.1	0.0016332175514368393	0.0024759650224648534	205.0	0.0024759650224648534	0.0	0.001579486627554773	0.0024328489145630074	201.43015873015875	0.002343108362722837	0.00021740180685057248
ti|449673|org|Bacteroides_stercoris_ATCC_43183|accession|NZ_DS499671.1	0.0015887744721965818	0.001413111744528721	117.0	0.001413111744528721	0.0	0.0016032198984567256	0.0014326040978898604	118.61388888888888	0.001413111744528721	9.662302526692111e-05
ti|411462|org|Dorea_longicatena_DSM_13814|accession|NZ_DS264391.1	0.001574513474074549	0.001219865693994879	101.0	0.0011836320595197836	3.623363447509542e-05	0.0015220036228436843	0.0011864502310900689	98.23333333333335	0.0011473984250446882	0.00010870090342528624
ti|411459|org|Blautia_obeum_ATCC_29174|accession|NZ_DS264340.1	0.0015159088701494658	0.0011715541813614185	97.0	0.0011715541813614185	0.0	0.0015159078998453926	0.0011715541813614185	97.0	0.0011715541813614185	0.0
ti|1002367|org|Prevotella_stercorea_DSM_18206|accession|NZ_JH379375.1	0.0014545114117620198	0.0011836320595197836	98.0	0.0011836320595197836	0.0	0.0005266920807373786	0.00044386202231991886	36.75	0.00010870090342528624	0.0010145417653026716
ti|449673|org|Bacteroides_stercoris_ATCC_43183|accession|NZ_DS499662.1	0.0014389416902753876	0.0011836320595197836	98.0	0.0011836320595197836	0.0	0.0019260562895701157	0.0015765225603261252	130.52976190476187	0.0013889559882119908	0.0010749311560944972
ti|484018|org|Bacteroides_plebeius_DSM_17135|accession|NZ_DS990118.1	0.0014186666618444688	0.0010870090342528624	90.0	0.0010870090342528624	0.0	0.0014328358151461892	0.0011061323413369404	91.58333333333331	0.0010870090342528624	6.038939079182569e-05
ti|1150298|org|Fusicatenibacter_saccharivorans|accession|NZ_CYYV01000003.1	0.0013871039073042257	0.0022706410937726462	188.0	0.0022706410937726462	0.0	0.0013871038047042522	0.002258563215614281	187.0	0.0022464853374559155	1.2077878158365139e-05
ti|411474|org|Coprococcus_eutactus_ATCC_27759|accession|NZ_DS483526.1	0.0013603296757434974	0.0010628532779361321	88.0	0.0010628532779361321	0.0	0.0013496031957946017	0.0010471520363302576	86.7	0.0010266196434610367	4.8311512633460555e-05
ti|511680|org|Butyrivibrio_crossotus_DSM_2876|accession|NZ_GG663519.1	0.0013556148102069367	0.0010386975216194019	86.0	0.0010386975216194019	0.0	0.0013595555509343157	0.0010417169911589932	86.25	0.0010386975216194019	1.2077878158365139e-05
ti|301302|org|Roseburia_faecis|accession|NZ_CYXV01000002.1	0.0013495249697983657	0.002355186240881202	195.0	0.002355186240881202	0.0	0.0013408927251772004	0.0023612251799603845	195.5	0.002355186240881202	6.038939079182569e-05
ti|537011|org|Prevotella_copri_DSM_18205|accession|NZ_GG703866.1	0.0013366750814897568	0.0010266196434610367	85.0	0.0010266196434610367	0.0	0.0015264201526720082	0.0012343591477849167	102.19999999999996	0.0011594763032030534	0.00020532392869220735
ti|511680|org|Butyrivibrio_crossotus_DSM_2876|accession|NZ_GG663520.1	0.0013183322574684899	0.0011836320595197836	98.0	0.0009058408618773854	0.00027779119764239816	0.0012176044969660462	0.0009517511773055529	78.80119047619056	0.000881685105560655	0.0003744142229093193
ti|411903|org|Collinsella_aerofaciens_ATCC_25986|accession|NZ_AAVN02000009.1	0.0012768032144304048	0.0009783081308275762	81.0	0.0009783081308275762	0.0	0.0014756549193791215	0.001131510263895886	93.68452380952377	0.0009783081308275762	0.0007729842021353689
ti|470146|org|Coprococcus_comes_ATCC_27758|accession|NZ_GG662012.1	0.0012531211174254251	0.0009541523745108459	79.0	0.0009541523745108459	0.0	0.0012485677362651783	0.0010379067081685575	85.9345238095239	0.0009662302526692111	0.000350258466592589
ti|411462|org|Dorea_longicatena_DSM_13814|accession|NZ_DS264393.1	0.0012421402928157325	0.0010024638871443065	83.0	0.0010024638871443065	0.0	0.0011960031950475785	0.0009439484845905445	78.15515873015872	0.0009420744963524808	0.00013285665974201651
ti|868129|org|Prevotella_bivia_DSM_20514|accession|NZ_JH660659.1	0.0011993553928000074	0.0009179187400357506	76.0	0.0009179187400357506	0.0	0.0012767792309750043	0.0009795159186434122	81.09999999999997	0.0009299966181941157	0.00014493453790038167
ti|411474|org|Coprococcus_eutactus_ATCC_27759|accession|NZ_DS483520.1	0.0011979851811131069	0.0009179187400357506	76.0	0.0009179187400357506	0.0	0.0012081700768625692	0.0009299966181941157	77.0	0.0009299966181941157	0.0
ti|411461|org|Dorea_formicigenerans_ATCC_27755|accession|NZ_AAXA02000014.1	0.0011888856774842475	0.000785062080293734	65.0	0.000785062080293734	0.0	0.0011030506057263607	0.0009087692680499103	75.24246031746037	0.0004710372481762404	0.0012923329629450698
ti|411479|org|Bacteroides_uniformis_ATCC_8492|accession|NZ_DS362233.1	0.0011822222182037237	0.0009058408618773854	75.0	0.0009058408618773854	0.0	0.0011822222182009045	0.0009058408618773854	75.0	0.0009058408618773854	0.0
ti|411460|org|[Ruminococcus]_torques_ATCC_27756|accession|NZ_DS264356.1	0.0011814415535771508	0.0009783081308275762	81.0	0.0009783081308275762	0.0	0.0011851731553768055	0.0009832734807371261	81.4111111111111	0.0009783081308275762	0.00010870090342528624
ti|411474|org|Coprococcus_eutactus_ATCC_27759|accession|NZ_DS483523.1	0.0011526581264996816	0.0008937629837190203	74.0	0.000881685105560655	1.2077878158365139e-05	0.001132959518203591	0.0008615553086300465	71.33333333333333	0.0008575293492439248	1.2077878158365139e-05
ti|1150298|org|Fusicatenibacter_saccharivorans|accession|NZ_CYYV01000005.1	0.001144777643874567	0.00176337021112131	146.0	0.00176337021112131	0.0	0.0011481727296538727	0.0017392144548045798	144.0	0.0017271365766462147	3.623363447509542e-05
ti|470146|org|Coprococcus_comes_ATCC_27758|accession|NZ_GG662006.1	0.001112542411275155	0.0009179187400357506	76.0	0.0009179187400357506	0.0	0.0010799783308284734	0.0008965236415837894	74.22857142857143	0.0008937629837190203	4.8311512633460555e-05
ti|411903|org|Collinsella_aerofaciens_ATCC_25986|accession|NZ_AAVN02000010.1	0.0011034074036568088	0.0008454514710855597	70.0	0.0008454514710855597	0.0	0.0011034076392361046	0.0008454514710855597	70.0	0.0008454514710855597	0.0
ti|1121101|org|Bacteroides_salyersiae_WAL_10018_=_DSM_18765_=_JCM_12988|accession|NZ_KB905467.1	0.0011020615531421756	0.0014976568916372772	124.0	0.0014976568916372772	0.0	0.001063094332682901	0.0014051173394619937	116.33809523809522	0.001473501135320547	9.662302526692111e-05
ti|198214|org|Shigella_flexneri_2a_str._301|accession|NC_004337.2	0.001038281169966187	0.003659597081984637	303.0	0.003659597081984637	0.0	0.003583855161062904	0.008776859859037742	726.6888888888889	0.00926373254746606	0.0007729842021353689
ti|411462|org|Dorea_longicatena_DSM_13814|accession|NZ_DS264418.1	0.0010252139436135591	0.000785062080293734	65.0	0.000785062080293734	0.0	0.0010641875017259835	0.0008152140761204002	67.49646464646466	0.0007971399584520991	0.00013285665974201651
ti|484018|org|Bacteroides_plebeius_DSM_17135|accession|NZ_DS990127.1	0.001002371297885771	0.0007609063239770037	63.0	0.0007609063239770037	0.0	0.001103839455866762	0.0008652542726723637	71.63959276018103	0.0007971399584520991	0.000350258466592589
ti|301302|org|Roseburia_faecis|accession|NZ_CYXV01000003.1	0.0009951771967126354	0.0016063577950625634	133.0	0.0016063577950625634	0.0	0.0009962251666121617	0.0016063577950625634	133.0	0.0016063577950625634	0.0
ti|411462|org|Dorea_longicatena_DSM_13814|accession|NZ_DS264419.1	0.0009932907043475505	0.0007971399584520991	66.0	0.0007971399584520991	0.0	0.0010069631606929744	0.0008075499391504996	66.86190476190477	0.0007971399584520991	4.8311512633460555e-05
ti|411903|org|Collinsella_aerofaciens_ATCC_25986|accession|NZ_AAVN02000008.1	0.0009903308139609449	0.0007488284458186386	62.0	0.0007488284458186386	0.0	0.0011719124740301942	0.0009254099001792132	76.62023809523814	0.0007971399584520991	0.0006280496642349872
ti|1550024|org|Ruthenibacterium_lactatiformans|accession|NZ_JXXK01000001.1	0.0009882263930782887	0.0007609063239770037	63.0	0.0007609063239770037	0.0	0.0010099484243141221	0.0008041853873778122	66.58333333333334	0.0007729842021353689	6.038939079182569e-05
ti|484018|org|Bacteroides_plebeius_DSM_17135|accession|NZ_DS990131.1	0.0009824305610297288	0.0008454514710855597	70.0	0.0008333735929271945	1.2077878158365139e-05	0.001005695502608097	0.0008756461664814725	72.5	0.0008696072274022899	3.623363447509542e-05
ti|411474|org|Coprococcus_eutactus_ATCC_27759|accession|NZ_DS483529.1	0.0009773037003817447	0.0007488284458186386	62.0	0.0007488284458186386	0.0	0.0009773037003817447	0.0007488284458186386	62.0	0.0007488284458186386	0.0
ti|1384063|org|[Ruminococcus]_gnavus_AGR2154|accession|NZ_JAGQ01000004.1	0.000965858754651258	0.0038890767669935745	322.0	0.0038890767669935745	0.0	0.0009529765227830271	0.0038163506863685614	315.9785714285714	0.0037924537417266535	0.00012077878158365138
ti|470146|org|Coprococcus_comes_ATCC_27758|accession|NZ_GG662013.1	0.0009419524001076562	0.000785062080293734	65.0	0.000785062080293734	0.0	0.0009345176430631243	0.0007669452630561863	63.5	0.0007729842021353689	0.0
ti|470146|org|Coprococcus_comes_ATCC_27758|accession|NZ_GG662010.1	0.0009395010790980371	0.0008092178366104643	67.0	0.0007971399584520991	1.2077878158365139e-05	0.0009266068690888232	0.0007770101615214907	64.33333333333334	0.0007729842021353689	1.2077878158365139e-05
ti|445973|org|Intestinibacter_bartlettii_DSM_16795|accession|NZ_DS499566.1	0.0009369454363698069	0.0007367505676602735	61.0	0.0007367505676602735	0.0	0.0009369454363698069	0.0007367505676602735	61.0	0.0007367505676602735	0.0
ti|1150298|org|Fusicatenibacter_saccharivorans|accession|NZ_CYYV01000006.1	0.0009358593134415618	0.0016305135513792937	135.0	0.0016305135513792937	0.0	0.000934629549125158	0.0016365524904584762	135.5	0.0016184356732209285	2.4155756316730277e-05
ti|1304|org|Streptococcus_salivarius|accession|NZ_CP009913.1	0.0009347610056350687	0.00481907338518769	399.0	0.00481907338518769	0.0	0.0009800068045600794	0.004957968984008889	410.5	0.004939852166771341	3.623363447509542e-05
ti|745368|org|Gemmiger_formicilis|accession|NZ_FUYF01000001.1	0.0009300168991347996	0.000785062080293734	65.0	0.000785062080293734	0.0	0.0009300148118512793	0.0007609063239770037	63.0	0.0007609063239770037	0.0
ti|470146|org|Coprococcus_comes_ATCC_27758|accession|NZ_GG662008.1	0.0009267899682710386	0.0007367505676602735	61.0	0.0007246726895019084	1.2077878158365139e-05	0.0009669711477447102	0.0008193306631636985	67.83730158730158	0.0007729842021353689	0.00014493453790038167
ti|1150298|org|Fusicatenibacter_saccharivorans|accession|NZ_CYYV01000001.1	0.0009264839469584153	0.00176337021112131	146.0	0.00176337021112131	0.0	0.0009778412071241452	0.0018032995368857004	149.30598845598846	0.0017271365766462147	0.00026571331948403303
ti|301302|org|Roseburia_faecis|accession|NZ_CYXV01000005.1	0.000918092437401651	0.0014614232571621818	121.0	0.0014614232571621818	0.0	0.0009340879874682373	0.001485579013478912	123.0	0.001485579013478912	0.0
ti|411460|org|[Ruminococcus]_torques_ATCC_27756|accession|NZ_DS264344.1	0.0009167299494879119	0.0007729842021353689	64.0	0.0007609063239770037	1.2077878158365139e-05	0.0009066512269240242	0.000756880364590882	62.66666666666667	0.0006884390550268129	0.00013285665974201651
ti|411469|org|Anaerobutyricum_hallii_DSM_3353|accession|NZ_ACEP01000064.1	0.000914346890238054	0.0007246726895019084	60.0	0.0007246726895019084	0.0	0.0009483779397125476	0.0007552699808364334	62.53333333333334	0.0007367505676602735	3.623363447509542e-05
ti|484018|org|Bacteroides_plebeius_DSM_17135|accession|NZ_DS990135.1	0.0008982816028056045	0.0007246726895019084	60.0	0.0007246726895019084	0.0	0.0007107936627459226	0.0005694612852034497	47.149116569704816	0.0006401275423933523	0.0004106478573844147
ti|1501391|org|Alistipes_inops|accession|NZ_JRGF01000001.1	0.0008827259229254468	0.0006763611768684477	56.0	0.0006763611768684477	0.0	0.0008827259229254468	0.0006763611768684477	56.0	0.0006763611768684477	0.0
ti|537011|org|Prevotella_copri_DSM_18205|accession|NZ_GG703867.1	0.0008751899275029936	0.0006763611768684477	56.0	0.0006763611768684477	0.0	0.0010994590892198638	0.0008585358390904552	71.08333333333333	0.0008696072274022899	0.00010870090342528624
ti|411903|org|Collinsella_aerofaciens_ATCC_25986|accession|NZ_AAVN02000011.1	0.0008736327662505474	0.000700516933185178	58.0	0.000700516933185178	0.0	0.0008859169195044804	0.0007065558722643606	58.5	0.0007125948113435431	0.0
ti|411479|org|Bacteroides_uniformis_ATCC_8492|accession|NZ_DS362231.1	0.0008240928164748505	0.0006522054205517175	54.0	0.0006522054205517175	0.0	0.0008870769199268571	0.0007005169331851782	58.000000000000014	0.0006642832987100826	0.00014493453790038167
ti|411483|org|Faecalibacterium_prausnitzii_A2-165|accession|NZ_GG697149.2	0.000813487453325108	0.003913232523310305	324.0	0.0039011546451519397	1.2077878158365139e-05	0.0006015283854435537	0.003557539011546451	294.54999999999995	0.0032972607372336827	0.0006159717860766221
ti|411474|org|Coprococcus_eutactus_ATCC_27759|accession|NZ_DS483542.1	0.000804762638008446	0.0006280496642349872	52.0	0.0006280496642349872	0.0	0.0008073899871156538	0.0006183873617082951	51.2	0.0006159717860766221	1.2077878158365139e-05
ti|745368|org|Gemmiger_formicilis|accession|NZ_FUYF01000002.1	0.0008044570660322705	0.0007246726895019084	60.0	0.0007246726895019084	0.0	0.000804273452894555	0.0007125948113435431	59.0	0.0007125948113435431	0.0
ti|1501391|org|Alistipes_inops|accession|NZ_JRGF01000002.1	0.0008039111083785319	0.0006159717860766221	51.0	0.0006159717860766221	0.0	0.0008039111083785319	0.0006159717860766221	51.0	0.0006159717860766221	0.0
ti|411462|org|Dorea_longicatena_DSM_13814|accession|NZ_DS264416.1	0.0008018546691665681	0.0006280496642349872	52.0	0.0006280496642349872	0.0	0.0007827855484705692	0.0006129523165370308	50.75	0.0006159717860766221	1.2077878158365139e-05
ti|484018|org|Bacteroides_plebeius_DSM_17135|accession|NZ_DS990132.1	0.0007959631198238496	0.000700516933185178	58.0	0.000700516933185178	0.0	0.000861747651216993	0.0007097766397732583	58.766666666666694	0.0006401275423933523	0.0004106478573844147
ti|411903|org|Collinsella_aerofaciens_ATCC_25986|accession|NZ_AAVN02000012.1	0.0007738932752236878	0.0005797381516015267	48.0	0.0005797381516015267	0.0	0.0008653867565370268	0.0006666557390626194	55.19642857142863	0.0005797381516015267	0.0004106478573844147
ti|745368|org|Gemmiger_formicilis|accession|NZ_FUYF01000003.1	0.0007723851825704614	0.000603893907918257	50.0	0.000603893907918257	0.0	0.0007776395034754978	0.0006079198673043787	50.333333333333336	0.000603893907918257	1.2077878158365139e-05
ti|1150298|org|Fusicatenibacter_saccharivorans|accession|NZ_CYYV01000004.1	0.0007712674918269083	0.0014372675008454514	119.0	0.0014372675008454514	0.0	0.0007712655128546691	0.0014372675008454514	119.0	0.0014372675008454514	0.0
ti|411460|org|[Ruminococcus]_torques_ATCC_27756|accession|NZ_DS264358.1	0.0007679351054713553	0.0007125948113435431	59.0	0.0007125948113435431	0.0	0.0007600129671914198	0.0007065558722643606	58.5	0.000700516933185178	1.2077878158365139e-05
ti|1501391|org|Alistipes_inops|accession|NZ_JRGF01000003.1	0.0007566222195984012	0.0005797381516015267	48.0	0.0005797381516015267	0.0	0.0007566222196503014	0.0005797381516015267	48.0	0.0005797381516015267	0.0
ti|536231|org|Roseburia_intestinalis_L1-82|accession|NZ_GG692713.1	0.0007538607572962787	0.0005797381516015267	48.0	0.0005797381516015267	0.0	0.000765089235016009	0.0005857770906807093	48.5	0.0005676602734431616	3.623363447509542e-05
ti|411461|org|Dorea_formicigenerans_ATCC_27755|accession|NZ_AAXA02000016.1	0.0007462278627504988	0.0005435045171264312	45.0	0.0004951930044929707	4.8311512633460555e-05	0.0005744320251115564	0.00046700050497033467	38.66577380952383	0.00028986907580076334	0.0007367505676602735
ti|1150298|org|Fusicatenibacter_saccharivorans|accession|NZ_CYYV01000009.1	0.0007330427950955949	0.001473501135320547	122.0	0.001473501135320547	0.0	0.000733042693148134	0.001485579013478912	123.0	0.001485579013478912	0.0
ti|536231|org|Roseburia_intestinalis_L1-82|accession|NZ_GG692714.1	0.0007319103631259267	0.0005797381516015267	48.0	0.0005797381516015267	0.0	0.0007341507285396508	0.0005857770906807093	48.5	0.0005797381516015267	1.2077878158365139e-05
ti|484018|org|Bacteroides_plebeius_DSM_17135|accession|NZ_DS990123.1	0.0007256007315118412	0.0005555823952847963	46.0	0.0005555823952847963	0.0	0.0007376424814574899	0.0005652446978114886	46.80000000000001	0.0005555823952847963	4.8311512633460555e-05
ti|411474|org|Coprococcus_eutactus_ATCC_27759|accession|NZ_DS483525.1	0.0007208365985156329	0.0005555823952847963	46.0	0.0005555823952847963	0.0	0.0007281276203563217	0.0005579979709164695	46.2	0.0005314266389680661	6.038939079182569e-05
ti|511680|org|Butyrivibrio_crossotus_DSM_2876|accession|NZ_GG663522.1	0.0007093333309222339	0.0005435045171264312	45.0	0.0005435045171264312	0.0	0.0007093333309222339	0.0005435045171264312	45.0	0.0005435045171264312	0.0
ti|411459|org|Blautia_obeum_ATCC_29174|accession|NZ_DS264311.1	0.0006911850201037629	0.0005555823952847963	46.0	0.0005555823952847963	0.0	0.0006911849857221451	0.0005555823952847963	46.0	0.0005555823952847963	0.0
ti|1550024|org|Ruthenibacterium_lactatiformans|accession|NZ_JXXK01000002.1	0.0006778074051034679	0.0005193487608097009	43.0	0.0005193487608097009	0.0	0.0006778074051039021	0.0005193487608097009	43.0	0.0005193487608097009	0.0
ti|1501391|org|Alistipes_inops|accession|NZ_JRGF01000004.1	0.0006778074051034679	0.0005193487608097009	43.0	0.0005193487608097009	0.0	0.0006778074051034679	0.0005193487608097009	43.0	0.0005193487608097009	0.0
ti|411459|org|Blautia_obeum_ATCC_29174|accession|NZ_DS264289.1	0.0006681984734644718	0.0005676602734431616	47.0	0.0005676602734431616	0.0	0.0006707688705525896	0.0005745044043995685	47.56666666666668	0.0005314266389680661	9.662302526692111e-05
ti|1384063|org|[Ruminococcus]_gnavus_AGR2154|accession|NZ_JAGQ01000002.1	0.000662422660986198	0.0024638871443064883	204.0	0.0024638871443064883	0.0	0.0006946876174422238	0.0025234138295155734	208.92857142857142	0.002512198656939949	0.00012077878158365138
ti|411474|org|Coprococcus_eutactus_ATCC_27759|accession|NZ_DS483527.1	0.0006611650423686419	0.0005314266389680661	44.0	0.0005314266389680661	0.0	0.0006037817100732577	0.0004891540654137882	40.50000000000001	0.0004589593700178753	7.246726895019084e-05
ti|411903|org|Collinsella_aerofaciens_ATCC_25986|accession|NZ_AAVN02000013.1	0.0006555998334720739	0.0005072708826513358	42.0	0.0005072708826513358	0.0	0.0006848839298534393	0.0005328357247532088	44.116666666666674	0.0005072708826513358	8.454514710855597e-05
ti|536231|org|Roseburia_intestinalis_L1-82|accession|NZ_GG692715.1	0.0006555361657718462	0.0005072708826513358	42.0	0.0005072708826513358	0.0	0.0006511017707276089	0.0004951930044929707	41.0	0.00048311512633460554	3.623363447509542e-05
ti|411474|org|Coprococcus_eutactus_ATCC_27759|accession|NZ_DS483534.1	0.000646281479284702	0.0004951930044929707	41.0	0.0004951930044929707	0.0	0.000688214480395627	0.0005326092645377393	44.09791666666667	0.0004951930044929707	0.00013285665974201651
ti|411461|org|Dorea_formicigenerans_ATCC_27755|accession|NZ_AAXA02000013.1	0.000646281479284702	0.0004951930044929707	41.0	0.0004951930044929707	0.0	0.0006462814794780756	0.0004951930044929707	41.0	0.0004951930044929707	0.0
ti|622312|org|Roseburia_inulinivorans_DSM_16841|accession|NZ_ACFY01000096.1	0.0006357075732321639	0.0004951930044929707	41.0	0.0004951930044929707	0.0	0.0006357075732321639	0.0004951930044929707	41.0	0.0004951930044929707	0.0
ti|411459|org|Blautia_obeum_ATCC_29174|accession|NZ_DS264339.1	0.0006318400458377949	0.0005918160297598918	49.0	0.0005918160297598918	0.0	0.0005559287956364687	0.0005357344155112163	44.35666666666667	0.0004710372481762404	0.00016909029421711193
ti|1150298|org|Fusicatenibacter_saccharivorans|accession|NZ_CYYV01000007.1	0.0006170339274422413	0.001413111744528721	117.0	0.001413111744528721	0.0	0.0006170308552493507	0.001401033866370356	116.0	0.001401033866370356	0.0
ti|301302|org|Roseburia_faecis|accession|NZ_CYXV01000011.1	0.0006165899625627066	0.0009058408618773854	75.0	0.0009058408618773854	0.0	0.0005992803855920799	0.0008998019227982029	74.5	0.0008937629837190203	1.2077878158365139e-05
ti|484018|org|Bacteroides_plebeius_DSM_17135|accession|NZ_DS990126.1	0.0006148298862716727	0.0004710372481762404	39.0	0.0004710372481762404	0.0	0.0006217278242356175	0.0004765478939423121	39.45625942684767	0.0004710372481762404	6.038939079182569e-05
ti|301302|org|Roseburia_faecis|accession|NZ_CYXV01000004.1	0.0005989983121179713	0.0014251896226870862	118.0	0.0014251896226870862	0.0	0.0005990723066876027	0.0014251896226870862	118.0	0.0014251896226870862	0.0
ti|1501391|org|Alistipes_inops|accession|NZ_JRGF01000005.1	0.0005989925905565528	0.0004589593700178753	38.0	0.0004589593700178753	0.0	0.000591109993055945	0.0004529204309386927	37.5	0.0004589593700178753	0.0
ti|445973|org|Intestinibacter_bartlettii_DSM_16795|accession|NZ_DS499564.1	0.0005968019765337622	0.0005072708826513358	42.0	0.0005072708826513358	0.0	0.0005865443255529901	0.0004951930044929707	41.0	0.00048311512633460554	2.4155756316730277e-05
ti|411469|org|Anaerobutyricum_hallii_DSM_3353|accession|NZ_ACEP01000029.1	0.0005926901072760225	0.0004710372481762404	39.0	0.0004710372481762404	0.0	0.0005652962722913872	0.0004609723497109361	38.166666666666664	0.0004589593700178753	8.454514710855597e-05
ti|411460|org|[Ruminococcus]_torques_ATCC_27756|accession|NZ_DS264382.1	0.0005832337959631853	0.0004951930044929707	41.0	0.0004951930044929707	0.0	0.0005832332645404756	0.0004951930044929707	41.0	0.0004951930044929707	0.0
ti|411462|org|Dorea_longicatena_DSM_13814|accession|NZ_DS264401.1	0.0005832296276513793	0.00044688149185951014	37.0	0.00044688149185951014	0.0	0.0005753481462065338	0.0004408425527803275	36.5	0.00044688149185951014	0.0
ti|411474|org|Coprococcus_eutactus_ATCC_27759|accession|NZ_DS483537.1	0.0005827984084920847	0.00044688149185951014	37.0	0.00044688149185951014	0.0	0.0005832135808127572	0.00044688149185951014	37.0	0.00044688149185951014	0.0
ti|537011|org|Prevotella_copri_DSM_18205|accession|NZ_GG703868.1	0.0005819527868157047	0.00044688149185951014	37.0	0.00044688149185951014	0.0	0.0006251952040093464	0.0004797492473225601	39.721318681318685	0.0004710372481762404	4.8311512633460555e-05
ti|745368|org|Gemmiger_formicilis|accession|NZ_FUYF01000004.1	0.0005674666647377869	0.00043480361370114496	36.0	0.00043480361370114496	0.0	0.0005613083516405204	0.00043480361370114496	36.0	0.00043480361370114496	0.0
ti|536231|org|Roseburia_intestinalis_L1-82|accession|NZ_GG692716.1	0.0005581840496152601	0.00043480361370114496	36.0	0.00043480361370114496	0.0	0.0005596856542497546	0.00043480361370114496	36.0	0.00043480361370114496	0.0
ti|301302|org|Roseburia_faecis|accession|NZ_CYXV01000009.1	0.0005549456439000646	0.0011111647905695926	92.0	0.0011111647905695926	0.0	0.0005450756218977699	0.001091034993638984	90.33333333333333	0.0010870090342528624	1.2077878158365139e-05
ti|536231|org|Roseburia_intestinalis_L1-82|accession|NZ_GG692718.1	0.000546980612799204	0.00048311512633460554	40.0	0.0004589593700178753	2.4155756316730277e-05	0.0005706423455396078	0.0004690242684831795	38.83333333333333	0.00048311512633460554	1.2077878158365139e-05
ti|1458465|org|Megasphaera_elsdenii_14-14|accession|NZ_CP009240.1	0.0005464549611992975	0.0012440214503116093	103.0	0.0012440214503116093	0.0	0.0004707263756416131	0.0011827385632128613	97.92602207977207	0.0011594763032030534	0.00019324605053384222
ti|536231|org|Roseburia_intestinalis_L1-82|accession|NZ_GG692717.1	0.0005424210867058771	0.00042272573554277983	35.0	0.00042272573554277983	0.0	0.0005430112149502707	0.00042272573554277983	35.0	0.00042272573554277983	0.0
ti|411474|org|Coprococcus_eutactus_ATCC_27759|accession|NZ_DS483536.1	0.0005370565384757725	0.00042272573554277983	35.0	0.00042272573554277983	0.0	0.0005390925528887675	0.00041306343301608775	34.2	0.0004106478573844147	1.2077878158365139e-05
ti|1501391|org|Alistipes_inops|accession|NZ_JRGF01000006.1	0.000535940738919021	0.0004106478573844147	34.0	0.0004106478573844147	0.0	0.0005438233364196075	0.00041668679646359727	34.5	0.00042272573554277983	0.0
ti|449673|org|Bacteroides_stercoris_ATCC_43183|accession|NZ_DS499675.1	0.0005353153122268084	0.00048311512633460554	40.0	0.00048311512633460554	0.0	0.0005492826675774858	0.0005112968420374575	42.333333333333336	0.0004951930044929707	4.8311512633460555e-05
ti|745368|org|Gemmiger_formicilis|accession|NZ_FUYF01000005.1	0.000533546136469864	0.00048311512633460554	40.0	0.00048311512633460554	0.0	0.0005294049741405567	0.0004417911975195652	36.57854398982992	0.00043480361370114496	8.454514710855597e-05
ti|411462|org|Dorea_longicatena_DSM_13814|accession|NZ_DS264398.1	0.0005201731295681508	0.00039856997922604957	33.0	0.00039856997922604957	0.0	0.0005201756053537383	0.00039856997922604957	33.0	0.00039856997922604957	0.0
ti|411459|org|Blautia_obeum_ATCC_29174|accession|NZ_DS264307.1	0.0005166323119810726	0.00039856997922604957	33.0	0.00039856997922604957	0.0	0.0005556343273219624	0.0004628645506224134	38.32333333333334	0.00042272573554277983	0.00012077878158365138
ti|411462|org|Dorea_longicatena_DSM_13814|accession|NZ_DS264402.1	0.0005096038699765032	0.00039856997922604957	33.0	0.00039856997922604957	0.0	0.0005096038693911616	0.00039856997922604957	33.0	0.00039856997922604957	0.0
ti|411462|org|Dorea_longicatena_DSM_13814|accession|NZ_DS264405.1	0.0005096038699570999	0.00039856997922604957	33.0	0.00039856997922604957	0.0	0.0005096038699738528	0.00039856997922604957	33.0	0.00039856997922604957	0.0
ti|411460|org|[Ruminococcus]_torques_ATCC_27756|accession|NZ_DS264347.1	0.0005070093395324168	0.00042272573554277983	35.0	0.00042272573554277983	0.0	0.0004970639864047241	0.0004222560402810659	34.96111111111113	0.00038649210106768444	0.00016909029421711193
ti|411459|org|Blautia_obeum_ATCC_29174|accession|NZ_DS264336.1	0.0005045192711095136	0.00039856997922604957	33.0	0.00039856997922604957	0.0	0.0005531738350461053	0.0004549334106317536	37.66666666666667	0.0004106478573844147	9.662302526692111e-05
ti|511680|org|Butyrivibrio_crossotus_DSM_2876|accession|NZ_GG663521.1	0.000504414815697639	0.00039856997922604957	33.0	0.00039856997922604957	0.0	0.0005044905516620582	0.00039856997922604957	33.0	0.00039856997922604957	0.0
ti|449673|org|Bacteroides_stercoris_ATCC_43183|accession|NZ_DS499669.1	0.0005044148132572508	0.0004106478573844147	34.0	0.0004106478573844147	0.0	0.000504414814362835	0.0004106478573844147	34.0	0.0004106478573844147	0.0
ti|301302|org|Roseburia_faecis|accession|NZ_CYXV01000013.1	0.0005039265267549885	0.0008696072274022899	72.0	0.0008696072274022899	0.0	0.0005050513839008061	0.0008696072274022899	72.0	0.0008696072274022899	0.0
ti|1122992|org|Prevotella_timonensis_4401737_=_DSM_22865_=_JCM_15640|accession|NZ_HG417090.1	0.0004982307180952614	0.00038649210106768444	32.0	0.00038649210106768444	0.0	0.0005000748277025974	0.00038649210106768444	32.0	0.00038649210106768444	0.0
ti|301302|org|Roseburia_faecis|accession|NZ_CYXV01000006.1	0.0004976736998945083	0.0011353205468863231	94.0	0.0011353205468863231	0.0	0.0004972114877908473	0.0011473984250446882	95.0	0.0011353205468863231	1.2077878158365139e-05
ti|301302|org|Roseburia_faecis|accession|NZ_CYXV01000008.1	0.0004943239401228255	0.0007729842021353689	64.0	0.0007729842021353689	0.0	0.0004994541619372302	0.0008182762452292381	67.75	0.0008092178366104643	3.623363447509542e-05
ti|301302|org|Roseburia_faecis|accession|NZ_CYXV01000007.1	0.0004910885349279732	0.0009299966181941157	77.0	0.0009299966181941157	0.0	0.000589127718704631	0.001036684541926341	85.83333333333333	0.0010386975216194019	3.623363447509542e-05
ti|622312|org|Roseburia_inulinivorans_DSM_16841|accession|NZ_ACFY01000084.1	0.0004904913586015116	0.0003744142229093193	31.0	0.0003744142229093193	0.0	0.0005414542891778726	0.0004106478573844147	34.0	0.0004106478573844147	0.0
ti|445973|org|Intestinibacter_bartlettii_DSM_16795|accession|NZ_DS499559.1	0.0004886518501908719	0.0003744142229093193	31.0	0.0003744142229093193	0.0	0.0004886518503354554	0.0003744142229093193	31.0	0.0003744142229093193	0.0
ti|411474|org|Coprococcus_eutactus_ATCC_27759|accession|NZ_DS483533.1	0.0004886518501908719	0.0003744142229093193	31.0	0.0003744142229093193	0.0	0.0004886518501908719	0.0003744142229093193	31.0	0.0003744142229093193	0.0
ti|622312|org|Roseburia_inulinivorans_DSM_16841|accession|NZ_ACFY01000091.1	0.0004886299646067234	0.0003744142229093193	31.0	0.0003744142229093193	0.0	0.0004887173606479323	0.0003744142229093193	31.0	0.0003744142229093193	0.0
ti|745368|org|Gemmiger_formicilis|accession|NZ_FUYF01000006.1	0.0004800259749290751	0.0004951930044929707	41.0	0.0004951930044929707	0.0	0.00045913127340567266	0.000471985892915478	39.07854398982992	0.00044688149185951014	0.00013285665974201651
ti|622312|org|Roseburia_inulinivorans_DSM_16841|accession|NZ_ACFY01000031.1	0.0004783509454160325	0.0003744142229093193	31.0	0.0003744142229093193	0.0	0.0004868047803926042	0.0003804531619885019	31.5	0.0003744142229093193	1.2077878158365139e-05
ti|411483|org|Faecalibacterium_prausnitzii_A2-165|accession|NZ_GG697156.2	0.0004769986625636874	0.0010386975216194019	86.0	0.0010386975216194019	0.0	0.0004771362549497717	0.0010628532779361321	88.0	0.0010628532779361321	0.0
ti|411460|org|[Ruminococcus]_torques_ATCC_27756|accession|NZ_DS264376.1	0.00047555303790342647	0.00038649210106768444	32.0	0.00038649210106768444	0.0	0.00047555303790045033	0.00038649210106768444	32.0	0.00038649210106768444	0.0
ti|1150298|org|Fusicatenibacter_saccharivorans|accession|NZ_CYYV01000002.1	0.0004753077490744595	0.001304410841103435	108.0	0.001304410841103435	0.0	0.00047721178215362784	0.0013149588546950738	108.87333333333333	0.0012923329629450698	4.8311512633460555e-05
ti|411469|org|Anaerobutyricum_hallii_DSM_3353|accession|NZ_ACEP01000106.1	0.000472888891027321	0.0003623363447509542	30.0	0.0003623363447509542	0.0	0.0004728888160863602	0.0003623363447509542	30.0	0.0003623363447509542	0.0
ti|411903|org|Collinsella_aerofaciens_ATCC_25986|accession|NZ_AAVN02000016.1	0.0004728888872814889	0.0003623363447509542	30.0	0.0003623363447509542	0.0	0.0005091965429064435	0.00040194890942511617	33.27976190476192	0.0003623363447509542	0.0002536354413256679
ti|411462|org|Dorea_longicatena_DSM_13814|accession|NZ_DS264414.1	0.0004728888872814889	0.0003623363447509542	30.0	0.0003623363447509542	0.0	0.0004728888872814889	0.0003623363447509542	30.0	0.0003623363447509542	0.0
ti|40520|org|Blautia_obeum|accession|NZ_CYZA01000001.1	0.0004663070500132165	0.0009783081308275762	81.0	0.0009783081308275762	0.0	0.0004831946707924409	0.0010125287856096107	83.83333333333333	0.0010024638871443065	2.4155756316730277e-05
ti|411462|org|Dorea_longicatena_DSM_13814|accession|NZ_DS264389.1	0.0004576860603591519	0.000350258466592589	29.0	0.000350258466592589	0.0	0.0004484915174926326	0.00034361563360548825	28.450000000000003	0.000350258466592589	6.038939079182569e-05
ti|536231|org|Roseburia_intestinalis_L1-82|accession|NZ_GG692719.1	0.00045730847249881716	0.000350258466592589	29.0	0.000350258466592589	0.0	0.0004573018273259828	0.000350258466592589	29.0	0.000350258466592589	0.0
ti|449673|org|Bacteroides_stercoris_ATCC_43183|accession|NZ_DS499668.1	0.000457125924373265	0.00039856997922604957	33.0	0.00039856997922604957	0.0	0.00047110629463267855	0.00042007531228024984	34.780555555555566	0.00039856997922604957	7.246726895019084e-05
ti|1501391|org|Alistipes_inops|accession|NZ_JRGF01000007.1	0.0004571259238183602	0.000350258466592589	29.0	0.000350258466592589	0.0	0.0004571259243715537	0.000350258466592589	29.0	0.000350258466592589	0.0
ti|411460|org|[Ruminococcus]_torques_ATCC_27756|accession|NZ_DS264349.1	0.00045561753155468147	0.000350258466592589	29.0	0.000350258466592589	0.0	0.0004255999985533399	0.0003261027102758587	26.999999999999996	0.0003140248321174936	3.623363447509542e-05
ti|411459|org|Blautia_obeum_ATCC_29174|accession|NZ_DS264303.1	0.0004556122671669741	0.0003623363447509542	30.0	0.0003623363447509542	0.0	0.000443683969075527	0.00035227144628564985	29.166666666666664	0.00033818058843422386	3.623363447509542e-05
ti|301302|org|Roseburia_faecis|accession|NZ_CYXV01000012.1	0.0004551447763332062	0.0007367505676602735	61.0	0.0007367505676602735	0.0	0.0004551453866574827	0.0007367505676602735	61.0	0.0007367505676602735	0.0
ti|1150298|org|Fusicatenibacter_saccharivorans|accession|NZ_CYYV01000010.1	0.00045322249553118757	0.0009179187400357506	76.0	0.0009179187400357506	0.0	0.0004864810073548454	0.000945697859799991	78.30000000000005	0.0009058408618773854	0.00019324605053384222
ti|411462|org|Dorea_longicatena_DSM_13814|accession|NZ_DS264399.1	0.000447843230470608	0.000350258466592589	29.0	0.000350258466592589	0.0	0.0004478426916707455	0.000350258466592589	29.0	0.000350258466592589	0.0
ti|411459|org|Blautia_obeum_ATCC_29174|accession|NZ_DS264297.1	0.00044655201832813216	0.0003623363447509542	30.0	0.0003623363447509542	0.0	0.00044655201832813216	0.0003623363447509542	30.0	0.0003623363447509542	0.0
ti|411461|org|Dorea_formicigenerans_ATCC_27755|accession|NZ_AAXA02000010.1	0.00044655201831956794	0.000350258466592589	29.0	0.000350258466592589	0.0	0.0004571426574764531	0.0003623363447509542	30.0	0.0003623363447509542	0.0
ti|411459|org|Blautia_obeum_ATCC_29174|accession|NZ_DS264304.1	0.0004462084487498926	0.0004589593700178753	38.0	0.0004589593700178753	0.0	0.0004272484344002292	0.0004509074512456318	37.33333333333333	0.0004106478573844147	6.038939079182569e-05
ti|411460|org|[Ruminococcus]_torques_ATCC_27756|accession|NZ_DS264346.1	0.00044220608325599867	0.00038649210106768444	32.0	0.00038649210106768444	0.0	0.0004518220221221603	0.00039508081442474424	32.71111111111112	0.00038649210106768444	7.246726895019084e-05
ti|411479|org|Bacteroides_uniformis_ATCC_8492|accession|NZ_DS362229.1	0.0004413712085723609	0.000350258466592589	29.0	0.000350258466592589	0.0	0.0004413712085723609	0.000350258466592589	29.0	0.000350258466592589	0.0
ti|1550024|org|Ruthenibacterium_lactatiformans|accession|NZ_JXXK01000004.1	0.00044136296146272296	0.00033818058843422386	28.0	0.00033818058843422386	0.0	0.00044136296146272296	0.00033818058843422386	28.0	0.00033818058843422386	0.0
ti|1550024|org|Ruthenibacterium_lactatiformans|accession|NZ_JXXK01000003.1	0.00044136296146272296	0.00033818058843422386	28.0	0.00033818058843422386	0.0	0.00044136296146629546	0.00033818058843422386	28.0	0.00033818058843422386	0.0
ti|1150298|org|Fusicatenibacter_saccharivorans|accession|NZ_CYYV01000014.1	0.0004362790661152126	0.0006763611768684477	56.0	0.0006763611768684477	0.0	0.00043627906611519906	0.0006763611768684477	56.0	0.0006763611768684477	0.0
ti|411460|org|[Ruminococcus]_torques_ATCC_27756|accession|NZ_DS264364.1	0.00043586810482180185	0.00039856997922604957	33.0	0.00039856997922604957	0.0	0.00043590876168362117	0.00038649210106768444	32.0	0.00038649210106768444	0.0
ti|411459|org|Blautia_obeum_ATCC_29174|accession|NZ_DS264328.1	0.0004354011746883028	0.000350258466592589	29.0	0.000350258466592589	0.0	0.00043540117468904597	0.000350258466592589	29.0	0.000350258466592589	0.0
ti|301302|org|Roseburia_faecis|accession|NZ_CYXV01000010.1	0.0004333913206821655	0.0009420744963524808	78.0	0.0009420744963524808	0.0	0.00044415017109192094	0.0009420744963524808	78.0	0.0009420744963524808	0.0
ti|622312|org|Roseburia_inulinivorans_DSM_16841|accession|NZ_ACFY01000170.1	0.00043296596859039794	0.0003623363447509542	30.0	0.0003623363447509542	0.0	0.00043965299135186167	0.0003583103853648324	29.666666666666664	0.000350258466592589	2.4155756316730277e-05
ti|537011|org|Prevotella_copri_DSM_18205|accession|NZ_GG703869.1	0.0004310247579863929	0.00032610271027585873	27.0	0.00032610271027585873	0.0	0.0005520672569274017	0.0004166867964635974	34.50000000000001	0.00039856997922604957	8.454514710855597e-05
ti|471875|org|Ruminococcus_lactaris_ATCC_29176|accession|NZ_DS990170.1	0.0004309235875846681	0.000350258466592589	29.0	0.000350258466592589	0.0	0.0004184405688207319	0.00034758407928609387	28.77857142857143	0.00033818058843422386	3.623363447509542e-05
ti|449673|org|Bacteroides_stercoris_ATCC_43183|accession|NZ_DS499665.1	0.0004268134857270296	0.00038649210106768444	32.0	0.00038649210106768444	0.0	0.0004771857330101465	0.00042482019298532197	35.17341269841272	0.00039856997922604957	0.00014493453790038167
ti|511680|org|Butyrivibrio_crossotus_DSM_2876|accession|NZ_GG663523.1	0.00042564741242738773	0.00032610271027585873	27.0	0.00032610271027585873	0.0	0.00042954074324362735	0.00032912217981545	27.25	0.00032610271027585873	1.2077878158365139e-05
ti|411469|org|Anaerobutyricum_hallii_DSM_3353|accession|NZ_ACEP01000011.1	0.0004255999985533399	0.00032610271027585873	27.0	0.00032610271027585873	0.0	0.0004256000069694394	0.00032610271027585873	27.0	0.00032610271027585873	0.0
ti|622312|org|Roseburia_inulinivorans_DSM_16841|accession|NZ_ACFY01000086.1	0.00042559041852942514	0.00032610271027585873	27.0	0.00032610271027585873	0.0	0.00042559704940639363	0.00032610271027585873	27.0	0.00032610271027585873	0.0
ti|1150298|org|Fusicatenibacter_saccharivorans|accession|NZ_CYYV01000008.1	0.00041988303127317016	0.0011232426687279578	93.0	0.0011232426687279578	0.0	0.00042429217301449807	0.0011504178945842794	95.25	0.0011473984250446882	1.2077878158365139e-05
ti|411462|org|Dorea_longicatena_DSM_13814|accession|NZ_DS264384.1	0.00041938152496518756	0.0003019469539591285	25.0	0.0003019469539591285	0.0	0.0004264618045620165	0.0003361676087411629	27.833333333333325	0.0003140248321174936	8.454514710855597e-05
ti|470146|org|Coprococcus_comes_ATCC_27758|accession|NZ_GG662011.1	0.00041644216310109794	0.00033818058843422386	28.0	0.00033818058843422386	0.0	0.000438754303080324	0.00035629740567177156	29.5	0.0003623363447509542	0.0
ti|445973|org|Intestinibacter_bartlettii_DSM_16795|accession|NZ_DS499569.1	0.0004115452367745669	0.00032610271027585873	27.0	0.00032610271027585873	0.0	0.0004115452367745533	0.00032610271027585873	27.0	0.00032610271027585873	0.0
ti|622312|org|Roseburia_inulinivorans_DSM_16841|accession|NZ_ACFY01000104.1	0.000409837035643957	0.0003140248321174936	26.0	0.0003140248321174936	0.0	0.0004098370611736243	0.0003140248321174936	26.0	0.0003140248321174936	0.0
ti|411903|org|Collinsella_aerofaciens_ATCC_25986|accession|NZ_AAVN02000015.1	0.000409837035643957	0.0003140248321174936	26.0	0.0003140248321174936	0.0	0.00043793708595054654	0.0003358800402135829	27.809523809523807	0.0003140248321174936	0.00013285665974201651
ti|411462|org|Dorea_longicatena_DSM_13814|accession|NZ_DS264406.1	0.000409837035643957	0.0003140248321174936	26.0	0.0003140248321174936	0.0	0.000409837035643957	0.0003140248321174936	26.0	0.0003140248321174936	0.0
ti|1550024|org|Ruthenibacterium_lactatiformans|accession|NZ_JXXK01000005.1	0.000409837035643957	0.0003140248321174936	26.0	0.0003140248321174936	0.0	0.000409837035643957	0.0003140248321174936	26.0	0.0003140248321174936	0.0
ti|1501391|org|Alistipes_inops|accession|NZ_JRGF01000008.1	0.000409837035643957	0.0003140248321174936	26.0	0.0003140248321174936	0.0	0.000409837035643957	0.0003140248321174936	26.0	0.0003140248321174936	0.0
ti|449673|org|Bacteroides_stercoris_ATCC_43183|accession|NZ_DS499666.1	0.0004079817213094388	0.0003744142229093193	31.0	0.0003744142229093193	0.0	0.000424011735443362	0.0003895115706072757	32.25	0.00038649210106768444	1.2077878158365139e-05
ti|1150298|org|Fusicatenibacter_saccharivorans|accession|NZ_CYYV01000016.1	0.00040790570368809615	0.000700516933185178	58.0	0.000700516933185178	0.0	0.0004079052017242897	0.0006944779941059954	57.5	0.000700516933185178	0.0
ti|301302|org|Roseburia_faecis|accession|NZ_CYXV01000014.1	0.0004055108101989246	0.0005555823952847963	46.0	0.0005555823952847963	0.0	0.0004055108113365512	0.0005555823952847963	46.0	0.0005555823952847963	0.0
ti|536231|org|Roseburia_intestinalis_L1-82|accession|NZ_GG692724.1	0.0004001412997010684	0.0003019469539591285	25.0	0.0003019469539591285	0.0	0.0003952584724819611	0.0003019469539591285	25.0	0.0003019469539591285	1.2077878158365139e-05
ti|411903|org|Collinsella_aerofaciens_ATCC_25986|accession|NZ_AAVN02000014.1	0.0003948418755076674	0.0003019469539591285	25.0	0.0003019469539591285	0.0	0.0004745265765630487	0.00036909420514908694	30.559523809523803	0.0003019469539591285	0.00032610271027585873
ti|411461|org|Dorea_formicigenerans_ATCC_27755|accession|NZ_AAXA02000011.1	0.00039433424116506907	0.0003019469539591285	25.0	0.0003019469539591285	0.0	0.0004079774614051131	0.00032006377119667617	26.5	0.0003140248321174936	1.2077878158365139e-05
ti|536231|org|Roseburia_intestinalis_L1-82|accession|NZ_GG692720.1	0.000393937977713588	0.00033818058843422386	28.0	0.00033818058843422386	0.0	0.00036997540270749645	0.0003180507915036153	26.333333333333332	0.0003140248321174936	2.4155756316730277e-05
ti|536231|org|Roseburia_intestinalis_L1-82|accession|NZ_GG692723.1	0.00039364479944449906	0.0003744142229093193	31.0	0.0003744142229093193	0.0	0.00036788694184171854	0.0002959080148799459	24.5	0.00032610271027585873	0.0
ti|564886|org|Enterobacteria_phage_YYZ-2008|accession|NC_011356.1	0.0003913331398570332	0.000603893907918257	50.0	0.000603893907918257	0.0	0.00026520785126302784	0.0003756843172394648	31.105158730158724	0.00022947968500893764	0.000350258466592589
ti|484018|org|Bacteroides_plebeius_DSM_17135|accession|NZ_DS990120.2	0.0003901199958677634	0.0003744142229093193	31.0	0.0003744142229093193	0.0	0.00034359503984815655	0.0003321416493550413	27.5	0.0003623363447509542	0.0
ti|470145|org|Bacteroides_coprocola_DSM_17136|accession|NZ_DS981457.1	0.00038877042538278887	0.00043480361370114496	36.0	0.00043480361370114496	0.0	0.0003853474182612553	0.0004073397349713625	33.72610069668893	0.00039856997922604957	9.662302526692111e-05
ti|471875|org|Ruminococcus_lactaris_ATCC_29176|accession|NZ_DS990191.1	0.0003860184125322163	0.00032610271027585873	27.0	0.00032610271027585873	0.0	0.00038192359402629104	0.00032006377119667617	26.5	0.0003140248321174936	2.4155756316730277e-05
ti|622312|org|Roseburia_inulinivorans_DSM_16841|accession|NZ_ACFY01000154.1	0.0003860105830687956	0.00032610271027585873	27.0	0.00032610271027585873	0.0	0.0003860105830687956	0.00032610271027585873	27.0	0.00032610271027585873	0.0
ti|266264|org|Cupriavidus_metallidurans_CH34|accession|NC_007973.1	0.00038366762508972886	0.003321416493550413	275.0	0.003321416493550413	0.0	0.00034320675355836944	0.0032791439199961353	271.5	0.0032731049809169525	2.4155756316730277e-05
ti|1550024|org|Ruthenibacterium_lactatiformans|accession|NZ_JXXK01000006.1	0.0003783111098251911	0.00028986907580076334	24.0	0.00028986907580076334	0.0	0.0003783111098251911	0.00028986907580076334	24.0	0.00028986907580076334	0.0
ti|1002367|org|Prevotella_stercorea_DSM_18206|accession|NZ_JH379450.1	0.0003783111098251911	0.00028986907580076334	24.0	0.00028986907580076334	0.0	0.00037831110982567047	0.00028986907580076334	24.0	0.00028986907580076334	0.0
ti|1150298|org|Fusicatenibacter_saccharivorans|accession|NZ_CYYV01000011.1	0.00037420969903920957	0.0009662302526692111	80.0	0.0009662302526692111	0.0	0.0003859785669457143	0.0009762951511345153	80.83333333333333	0.0009662302526692111	2.4155756316730277e-05
ti|1122992|org|Prevotella_timonensis_4401737_=_DSM_22865_=_JCM_15640|accession|NZ_HG417091.1	0.00036987740543779977	0.00033818058843422386	28.0	0.00033818058843422386	0.0	0.0003661745702580387	0.0002913337145969157	24.121266233766235	0.00028986907580076334	0.00010870090342528624
ti|411462|org|Dorea_longicatena_DSM_13814|accession|NZ_DS264403.1	0.0003677372037726531	0.0003019469539591285	25.0	0.0003019469539591285	0.0	0.0003677372037726803	0.0003019469539591285	25.0	0.0003019469539591285	0.0
ti|471875|org|Ruminococcus_lactaris_ATCC_29176|accession|NZ_DS990163.1	0.0003645814157637263	0.00038649210106768444	32.0	0.00038649210106768444	0.0	0.0002488800192701679	0.00022446161420266444	18.584523809523805	0.0001811681723754771	0.00019324605053384222
ti|1150298|org|Fusicatenibacter_saccharivorans|accession|NZ_CYYV01000017.1	0.0003637647282791413	0.0005314266389680661	44.0	0.0005314266389680661	0.0	0.00039004394599840447	0.0005616213343639789	46.5	0.0005555823952847963	1.2077878158365139e-05
ti|411474|org|Coprococcus_eutactus_ATCC_27759|accession|NZ_DS483540.1	0.0003625483145325132	0.00027779119764239816	23.0	0.00027779119764239816	0.0	0.0003737187412160799	0.00028986907580076334	24.0	0.00028986907580076334	0.0
ti|484018|org|Bacteroides_plebeius_DSM_17135|accession|NZ_DS990125.1	0.0003625481469158081	0.00027779119764239816	23.0	0.00027779119764239816	0.0	0.0003693176376919412	0.00028330184340846976	23.456259426847662	0.00027779119764239816	6.038939079182569e-05
ti|484018|org|Bacteroides_plebeius_DSM_17135|accession|NZ_DS990124.1	0.0003625481469158081	0.00027779119764239816	23.0	0.00027779119764239816	0.0	0.0003694720955622105	0.00028330184340846976	23.456259426847662	0.00027779119764239816	6.038939079182569e-05
ti|411469|org|Anaerobutyricum_hallii_DSM_3353|accession|NZ_ACEP01000054.1	0.0003625481469158081	0.00027779119764239816	23.0	0.00027779119764239816	0.0	0.00036254824378061627	0.00027779119764239816	23.0	0.00027779119764239816	0.0
ti|484018|org|Bacteroides_plebeius_DSM_17135|accession|NZ_DS990129.1	0.0003625481469143136	0.00027779119764239816	23.0	0.00027779119764239816	0.0	0.00036254814695308563	0.00027779119764239816	23.0	0.00027779119764239816	0.0
ti|411479|org|Bacteroides_uniformis_ATCC_8492|accession|NZ_DS362230.1	0.0003625378319959264	0.00027779119764239816	23.0	0.00027779119764239816	0.0	0.00030551677630066793	0.00024759650224648533	20.5	0.00027779119764239816	0.0
ti|536231|org|Roseburia_intestinalis_L1-82|accession|NZ_GG692725.1	0.00035484511544529916	0.00032610271027585873	27.0	0.00032610271027585873	0.0	0.00032986761570504464	0.00028584311641464147	23.666666666666657	0.0002536354413256679	9.662302526692111e-05
ti|194948|org|Escherichia_Stx1_converting_phage|accession|NC_004913.3	0.0003548036364422815	0.00028986907580076334	24.0	0.00028986907580076334	0.0	0.0001072779899585797	9.845867103464088e-05	8.151984126984127	2.4155756316730277e-05	0.00033818058843422386
ti|536231|org|Roseburia_intestinalis_L1-82|accession|NZ_GG692721.1	0.00035471006010914953	0.0003019469539591285	25.0	0.0003019469539591285	0.0	0.0003581488282855389	0.0003059729133452502	25.333333333333332	0.0003019469539591285	1.2077878158365139e-05
ti|449673|org|Bacteroides_stercoris_ATCC_43183|accession|NZ_DS499670.1	0.00035185802717119447	0.00033818058843422386	28.0	0.00033818058843422386	0.0	0.00042179917064005183	0.0003799738811092016	31.460317460317455	0.00038649210106768444	0.00021740180685057248
ti|537011|org|Prevotella_copri_DSM_18205|accession|NZ_GG703870.1	0.0003513157021103297	0.00028986907580076334	24.0	0.00028986907580076334	0.0	0.0003774042097177882	0.0003140248321174936	26.0	0.0003140248321174936	0.0
ti|411461|org|Dorea_formicigenerans_ATCC_27755|accession|NZ_AAXA02000009.1	0.0003467851840064252	0.00026571331948403303	22.0	0.00026571331948403303	0.0	0.00034857514443499825	0.00026571331948403303	22.0	0.00026571331948403303	0.0
ti|1550024|org|Ruthenibacterium_lactatiformans|accession|NZ_JXXK01000007.1	0.0003467851840064252	0.00026571331948403303	22.0	0.00026571331948403303	0.0	0.0003467851840064252	0.00026571331948403303	22.0	0.00026571331948403303	0.0
ti|411459|org|Blautia_obeum_ATCC_29174|accession|NZ_DS264310.1	0.0003467849037797636	0.00026571331948403303	22.0	0.00026571331948403303	0.0	0.00034678587408174287	0.00026571331948403303	22.0	0.00026571331948403303	0.0
ti|411460|org|[Ruminococcus]_torques_ATCC_27756|accession|NZ_DS264367.1	0.0003465857998981264	0.00033818058843422386	28.0	0.00033818058843422386	0.0	0.0003465857999474083	0.00033818058843422386	28.0	0.00033818058843422386	0.0
ti|868129|org|Prevotella_bivia_DSM_20514|accession|NZ_JH660658.1	0.00034398678024919	0.0003140248321174936	26.0	0.0003140248321174936	0.0	0.0003821903333693715	0.0003554922137945472	29.43333333333333	0.00033818058843422386	7.246726895019084e-05
ti|622312|org|Roseburia_inulinivorans_DSM_16841|accession|NZ_ACFY01000058.1	0.00034187492063644597	0.00028986907580076334	24.0	0.00028986907580076334	0.0	0.00035762664392127415	0.0003140248321174936	26.0	0.0003019469539591285	1.2077878158365139e-05
ti|745368|org|Gemmiger_formicilis|accession|NZ_FUYF01000007.1	0.00033791546941766906	0.00039856997922604957	33.0	0.00039856997922604957	0.0	0.0003395526683784686	0.0004448685121664492	36.83333333333333	0.00043480361370114496	2.4155756316730277e-05
ti|622312|org|Roseburia_inulinivorans_DSM_16841|accession|NZ_ACFY01000003.1	0.00033120733547683184	0.00026571331948403303	22.0	0.00026571331948403303	0.0	0.0003312385637510247	0.00026571331948403303	22.0	0.00026571331948403303	0.0
ti|1550024|org|Ruthenibacterium_lactatiformans|accession|NZ_JXXK01000008.1	0.00033102223260586127	0.000350258466592589	29.0	0.000350258466592589	0.0	0.0003310222220989343	0.00034421952751340643	28.5	0.000350258466592589	0.0
ti|411474|org|Coprococcus_eutactus_ATCC_27759|accession|NZ_DS483528.1	0.00033102222109704225	0.0002536354413256679	21.0	0.0002536354413256679	0.0	0.00033102222109704225	0.0002536354413256679	21.0	0.0002536354413256679	0.0
ti|411469|org|Anaerobutyricum_hallii_DSM_3353|accession|NZ_ACEP01000047.1	0.00033102222109704225	0.0002536354413256679	21.0	0.0002536354413256679	0.0	0.00033102222109705585	0.0002536354413256679	21.0	0.0002536354413256679	0.0
ti|411459|org|Blautia_obeum_ATCC_29174|accession|NZ_DS264305.1	0.00033102222109704225	0.0002536354413256679	21.0	0.0002536354413256679	0.0	0.00033102222109704225	0.0002536354413256679	21.0	0.0002536354413256679	0.0
ti|537011|org|Prevotella_copri_DSM_18205|accession|NZ_GG703872.1	0.00033102178238127855	0.0002536354413256679	21.0	0.0002536354413256679	0.0	0.00033102222104015584	0.0002536354413256679	21.0	0.0002536354413256679	0.0
ti|745368|org|Gemmiger_formicilis|accession|NZ_FUYF01000012.1	0.0003254868714118122	0.0007971399584520991	66.0	0.0007246726895019084	7.246726895019084e-05	0.00031739893445175034	0.0005673148598082886	46.971401132687056	0.0005072708826513358	0.0002536354413256679
ti|411474|org|Coprococcus_eutactus_ATCC_27759|accession|NZ_DS483538.1	0.0003214533574945283	0.00024155756316730277	20.0	0.00024155756316730277	0.0	0.0004319631665367385	0.0003297504734772236	27.302020202020206	0.00033818058843422386	8.454514710855597e-05
ti|536231|org|Roseburia_intestinalis_L1-82|accession|NZ_GG692722.1	0.00032079358378359215	0.00024155756316730277	20.0	0.00024155756316730277	0.0	0.00037895771571672186	0.0003019469539591285	25.0	0.00028986907580076334	2.4155756316730277e-05
ti|411469|org|Anaerobutyricum_hallii_DSM_3353|accession|NZ_ACEP01000080.1	0.00031525925820743956	0.00024155756316730277	20.0	0.00024155756316730277	0.0	0.000315259258192674	0.00024155756316730277	20.0	0.00024155756316730277	0.0
ti|622312|org|Roseburia_inulinivorans_DSM_16841|accession|NZ_ACFY01000021.1	0.00031525925818765927	0.00024155756316730277	20.0	0.00024155756316730277	0.0	0.00031525925818765927	0.00024155756316730277	20.0	0.00024155756316730277	0.0
ti|411469|org|Anaerobutyricum_hallii_DSM_3353|accession|NZ_ACEP01000088.1	0.00031525925818765927	0.00024155756316730277	20.0	0.00024155756316730277	0.0	0.00031525925818765927	0.00024155756316730277	20.0	0.00024155756316730277	0.0
ti|518637|org|Holdemanella_biformis_DSM_3989|accession|NZ_DS996841.1	0.0003083620521398978	0.0011111647905695926	92.0	0.0011111647905695926	0.0	0.00029991551855100155	0.001093047973332045	90.5	0.0010870090342528624	1.2077878158365139e-05
ti|1122992|org|Prevotella_timonensis_4401737_=_DSM_22865_=_JCM_15640|accession|NZ_HG417093.1	0.00030631384970522296	0.00028986907580076334	24.0	0.00028986907580076334	0.0	0.0002802047083271406	0.00026571331948403303	22.0	0.00026571331948403303	1.2077878158365139e-05
ti|470145|org|Bacteroides_coprocola_DSM_17136|accession|NZ_DS981460.1	0.0003060452166162439	0.00033818058843422386	28.0	0.00033818058843422386	0.0	0.00026965937422130157	0.00031531889049160415	26.107142857142858	0.0003019469539591285	7.246726895019084e-05
ti|445973|org|Intestinibacter_bartlettii_DSM_16795|accession|NZ_DS499563.1	0.0003059766430651325	0.00024155756316730277	20.0	0.00024155756316730277	0.0	0.0003059766430651325	0.00024155756316730277	20.0	0.00024155756316730277	0.0
ti|537007|org|Blautia_hansenii_DSM_20583|accession|NZ_GG698591.1	0.00030151736253509754	0.0003744142229093193	31.0	0.0003744142229093193	0.0	0.0003195109289534203	0.0003634939500071783	30.095845084794334	0.000350258466592589	0.00026571331948403303
ti|622312|org|Roseburia_inulinivorans_DSM_16841|accession|NZ_ACFY01000156.1	0.00030120449640876805	0.00024155756316730277	20.0	0.00024155756316730277	0.0	0.0003012023227941572	0.00024155756316730277	20.0	0.00024155756316730277	0.0
ti|1122992|org|Prevotella_timonensis_4401737_=_DSM_22865_=_JCM_15640|accession|NZ_HG417092.1	0.00030000832334177186	0.0002536354413256679	21.0	0.0002536354413256679	0.0	0.0002630149252026248	0.00020331094899914652	16.833333333333336	0.0001811681723754771	4.8311512633460555e-05
ti|411479|org|Bacteroides_uniformis_ATCC_8492|accession|NZ_DS362228.1	0.00029972598943352056	0.0002536354413256679	21.0	0.0002536354413256679	0.0	0.0001854498279385668	0.00016909029421711193	14.0	0.00021740180685057248	4.8311512633460555e-05
ti|411469|org|Anaerobutyricum_hallii_DSM_3353|accession|NZ_ACEP01000105.1	0.00029949803601292586	0.00024155756316730277	20.0	0.00024155756316730277	0.0	0.00029949803601292586	0.00024155756316730277	20.0	0.00024155756316730277	0.0
ti|411461|org|Dorea_formicigenerans_ATCC_27755|accession|NZ_AAXA02000012.1	0.0002994967063914506	0.00022947968500893764	19.0	0.00022947968500893764	0.0	0.0002994977934589074	0.00022947968500893764	19.0	0.00022947968500893764	0.0
ti|411479|org|Bacteroides_uniformis_ATCC_8492|accession|NZ_DS362225.1	0.0002994962952782858	0.00022947968500893764	19.0	0.00022947968500893764	0.0	0.00035652746712777633	0.00025967438040485046	21.5	0.00028986907580076334	0.0
ti|515620|org|[Eubacterium]_eligens_ATCC_27750|accession|NC_012782.1	0.00029949629527827634	0.00022947968500893764	19.0	0.00022947968500893764	0.0	0.00029949629527827634	0.00022947968500893764	19.0	0.00022947968500893764	0.0
ti|411903|org|Collinsella_aerofaciens_ATCC_25986|accession|NZ_AAVN02000017.1	0.00029949629527827634	0.00022947968500893764	19.0	0.00022947968500893764	0.0	0.00031436210956132176	0.0002455835225534244	20.33333333333333	0.00022947968500893764	7.246726895019084e-05
ti|745368|org|Gemmiger_formicilis|accession|NZ_FUYF01000008.1	0.0002994962944935207	0.00024155756316730277	20.0	0.00024155756316730277	0.0	0.0002994962925634404	0.00022947968500893764	19.0	0.00022947968500893764	0.0
ti|411459|org|Blautia_obeum_ATCC_29174|accession|NZ_DS264342.1	0.00029884687411949816	0.0002536354413256679	21.0	0.0002536354413256679	0.0	0.00028135921070951734	0.00022344074592975507	18.5	0.00022947968500893764	2.4155756316730277e-05
ti|997884|org|Bacteroides_nordii_CL02T12C05|accession|NZ_JH724314.1	0.0002957300524184003	0.0004710372481762404	39.0	0.0004589593700178753	1.2077878158365139e-05	0.0005425808360764174	0.0006671001456640124	55.23322366039758	0.0006642832987100826	0.0004589593700178753
ti|1150298|org|Fusicatenibacter_saccharivorans|accession|NZ_CYYV01000012.1	0.0002956301298291415	0.0006884390550268129	57.0	0.0006884390550268129	0.0	0.00030102265429153867	0.0007040396476480345	58.291666666666664	0.0006763611768684477	4.8311512633460555e-05
ti|471875|org|Ruminococcus_lactaris_ATCC_29176|accession|NZ_DS990192.1	0.00029313811910815316	0.00024155756316730277	20.0	0.00024155756316730277	0.0	0.0003452244459524959	0.00030999887273137184	25.666666666666664	0.00028986907580076334	6.038939079182569e-05
ti|411460|org|[Ruminococcus]_torques_ATCC_27756|accession|NZ_DS264359.1	0.00028676771175041024	0.0002536354413256679	21.0	0.0002536354413256679	0.0	0.00030827283856716883	0.0002739665362255825	22.68333333333333	0.0002536354413256679	7.246726895019084e-05
ti|449673|org|Bacteroides_stercoris_ATCC_43183|accession|NZ_DS499667.1	0.0002859902529550792	0.00022947968500893764	19.0	0.00022947968500893764	0.0	0.0003080273264563915	0.0002439731387989758	20.2	0.00024155756316730277	1.2077878158365139e-05
ti|745368|org|Gemmiger_formicilis|accession|NZ_FUYF01000009.1	0.00028373333237241425	0.00024155756316730277	20.0	0.00024155756316730277	0.0	0.0002898916454696807	0.00024155756316730277	20.0	0.00024155756316730277	0.0
ti|762966|org|Parasutterella_excrementihominis_YIT_11859|accession|NZ_GL883687.1	0.00028373333236889336	0.00021740180685057248	18.0	0.00021740180685057248	0.0	0.00028373333236889336	0.00021740180685057248	18.0	0.00021740180685057248	0.0
ti|622312|org|Roseburia_inulinivorans_DSM_16841|accession|NZ_ACFY01000040.1	0.00028373333236889336	0.00021740180685057248	18.0	0.00021740180685057248	0.0	0.00028373333236905024	0.00021740180685057248	18.0	0.00021740180685057248	0.0
ti|411469|org|Anaerobutyricum_hallii_DSM_3353|accession|NZ_ACEP01000100.1	0.00028373333236889336	0.00021740180685057248	18.0	0.00021740180685057248	0.0	0.000283733332372828	0.00021740180685057248	18.0	0.00021740180685057248	0.0
ti|1550024|org|Ruthenibacterium_lactatiformans|accession|NZ_JXXK01000009.1	0.00028373333236889336	0.00021740180685057248	18.0	0.00021740180685057248	0.0	0.00028373333236889336	0.00021740180685057248	18.0	0.00021740180685057248	0.0
ti|1002367|org|Prevotella_stercorea_DSM_18206|accession|NZ_JH379446.1	0.00028373333236889336	0.00021740180685057248	18.0	0.00021740180685057248	0.0	0.00028373333236889336	0.00021740180685057248	18.0	0.00021740180685057248	0.0
ti|1002367|org|Prevotella_stercorea_DSM_18206|accession|NZ_JH379441.1	0.00028373333236889336	0.00021740180685057248	18.0	0.00021740180685057248	0.0	0.00028373333236889336	0.00021740180685057248	18.0	0.00021740180685057248	0.0
ti|1776384|org|Emergencia_timonensis|accession|NZ_FLKM01000008.1	0.000281173690768032	0.0004951930044929707	41.0	0.00048311512633460554	1.2077878158365139e-05	0.00023259906048417688	0.0003710929483484829	30.72501175146099	0.0004106478573844147	0.00032610271027585873
ti|471875|org|Ruminococcus_lactaris_ATCC_29176|accession|NZ_DS990201.1	0.0002799987438141048	0.00024155756316730277	20.0	0.00024155756316730277	0.0	0.0003027901151591316	0.00024155756316730277	20.0	0.00024155756316730277	0.0
ti|301302|org|Roseburia_faecis|accession|NZ_CYXV01000016.1	0.0002780450822289123	0.0005918160297598918	49.0	0.0005918160297598918	0.0	0.0002773568671889263	0.0005797381516015267	48.0	0.0005797381516015267	0.0
ti|536231|org|Roseburia_intestinalis_L1-82|accession|NZ_GG692735.1	0.0002748958242346218	0.00022947968500893764	19.0	0.00022947968500893764	0.0	0.0002236208251120795	0.00016909029421711193	14.0	0.00020532392869220735	0.0
ti|1150298|org|Fusicatenibacter_saccharivorans|accession|NZ_CYYV01000018.1	0.0002744528835165125	0.0005555823952847963	46.0	0.0005555823952847963	0.0	0.0002744528835165401	0.0005555823952847963	46.0	0.0005555823952847963	0.0
ti|622312|org|Roseburia_inulinivorans_DSM_16841|accession|NZ_ACFY01000144.1	0.0002696785705901203	0.00021740180685057248	18.0	0.00021740180685057248	0.0	0.0002696785704668645	0.00021740180685057248	18.0	0.00021740180685057248	0.0
ti|411469|org|Anaerobutyricum_hallii_DSM_3353|accession|NZ_ACEP01000143.1	0.00026809260308308146	0.0002536354413256679	21.0	0.0002536354413256679	0.0	0.0002680926028952773	0.00024759650224648533	20.5	0.0002536354413256679	0.0
ti|411460|org|[Ruminococcus]_torques_ATCC_27756|accession|NZ_DS264383.1	0.000268001656254568	0.00021740180685057248	18.0	0.00021740180685057248	0.0	0.0002680016562844389	0.00021740180685057248	18.0	0.00021740180685057248	0.0
ti|511680|org|Butyrivibrio_crossotus_DSM_2876|accession|NZ_GG663525.1	0.0002679753612435238	0.00020532392869220735	17.0	0.00020532392869220735	0.0	0.0002679706636405218	0.00020532392869220735	17.0	0.00020532392869220735	0.0
ti|745368|org|Gemmiger_formicilis|accession|NZ_FUYF01000011.1	0.0002679703694595105	0.00024155756316730277	20.0	0.00024155756316730277	0.0	0.00026797032229962034	0.00022947968500893764	19.0	0.00022947968500893764	0.0
ti|622312|org|Roseburia_inulinivorans_DSM_16841|accession|NZ_ACFY01000165.1	0.00026797036945951043	0.00020532392869220735	17.0	0.00020532392869220735	0.0	0.0002679703694595213	0.00020532392869220735	17.0	0.00020532392869220735	0.0
ti|451640|org|Catenibacterium_mitsuokai_DSM_15897|accession|NZ_ACCK01000411.1	0.00026797036945951043	0.00020532392869220735	17.0	0.00020532392869220735	0.0	0.00026797036945951043	0.00020532392869220735	17.0	0.00020532392869220735	0.0
ti|411469|org|Anaerobutyricum_hallii_DSM_3353|accession|NZ_ACEP01000172.1	0.00026797036945951043	0.00020532392869220735	17.0	0.00020532392869220735	0.0	0.00026797036945951043	0.00020532392869220735	17.0	0.00020532392869220735	0.0
ti|411469|org|Anaerobutyricum_hallii_DSM_3353|accession|NZ_ACEP01000093.1	0.00026797036945951043	0.00020532392869220735	17.0	0.00020532392869220735	0.0	0.0002679704665653463	0.00021740180685057248	18.0	0.00020532392869220735	1.2077878158365139e-05
ti|411461|org|Dorea_formicigenerans_ATCC_27755|accession|NZ_AAXA02000006.1	0.00026797036945951043	0.00020532392869220735	17.0	0.00020532392869220735	0.0	0.00030957151092460955	0.00023410953830297756	19.38333333333333	0.00020532392869220735	0.00013285665974201651
ti|411459|org|Blautia_obeum_ATCC_29174|accession|NZ_DS264314.1	0.00026797036945951043	0.00020532392869220735	17.0	0.00020532392869220735	0.0	0.0002679703695211383	0.00021136286777138992	17.5	0.00021740180685057248	0.0
ti|1550024|org|Ruthenibacterium_lactatiformans|accession|NZ_JXXK01000011.1	0.00026797036945951043	0.00020532392869220735	17.0	0.00020532392869220735	0.0	0.00026797036946807454	0.00020532392869220735	17.0	0.00020532392869220735	0.0
ti|1550024|org|Ruthenibacterium_lactatiformans|accession|NZ_JXXK01000010.1	0.00026796449629668684	0.00020532392869220735	17.0	0.00020532392869220735	0.0	0.00022760498536857337	0.00018720711145465965	15.5	0.00020532392869220735	0.0
ti|411459|org|Blautia_obeum_ATCC_29174|accession|NZ_DS264308.1	0.00026526016304495895	0.00021740180685057248	18.0	0.00021740180685057248	0.0	0.0002781333799829829	0.00022344074592975507	18.5	0.00021740180685057248	1.2077878158365139e-05
ti|411460|org|[Ruminococcus]_torques_ATCC_27756|accession|NZ_DS264374.1	0.0002639555628407867	0.00022947968500893764	19.0	0.00022947968500893764	0.0	0.00027766250040052475	0.00023551862408812015	19.499999999999996	0.00022947968500893764	3.623363447509542e-05
ti|1150298|org|Fusicatenibacter_saccharivorans|accession|NZ_CYYV01000013.1	0.00026150089289387316	0.0005435045171264312	45.0	0.0005435045171264312	0.0	0.000262946024271494	0.0005555823952847963	46.0	0.0005555823952847963	0.0
ti|1121101|org|Bacteroides_salyersiae_WAL_10018_=_DSM_18765_=_JCM_12988|accession|NZ_KB905468.1	0.0002599997743313297	0.0003140248321174936	26.0	0.0003140248321174936	0.0	0.00027142901857278725	0.0003241472442883139	26.83809523809524	0.0003140248321174936	9.662302526692111e-05
ti|1917878|org|Prevotella_ihumii|accession|NZ_LT706987.1	0.00025910775337806464	0.00027779119764239816	23.0	0.00027779119764239816	0.0	0.00016089893199450526	0.00013951476173573843	11.5512642126722	4.8311512633460555e-05	0.0010024638871443065
ti|411460|org|[Ruminococcus]_torques_ATCC_27756|accession|NZ_DS264365.1	0.000258687754997186	0.00021740180685057248	18.0	0.00021740180685057248	0.0	0.00025868775519701203	0.00021740180685057248	18.0	0.00021740180685057248	0.0
ti|536231|org|Roseburia_intestinalis_L1-82|accession|NZ_GG692733.1	0.00025835188472274914	0.00021740180685057248	18.0	0.00021740180685057248	0.0	0.0002348438408300746	0.00018720711145465965	15.5	0.00019324605053384222	1.2077878158365139e-05
ti|1122992|org|Prevotella_timonensis_4401737_=_DSM_22865_=_JCM_15640|accession|NZ_HG417094.1	0.00025226965299023286	0.00021740180685057248	18.0	0.00021740180685057248	0.0	0.0002720227075114742	0.00023350564439505932	19.333333333333332	0.00021740180685057248	3.623363447509542e-05
ti|622312|org|Roseburia_inulinivorans_DSM_16841|accession|NZ_ACFY01000152.1	0.0002522692611980045	0.00019324605053384222	16.0	0.00019324605053384222	0.0	0.0002684836416474182	0.00020532392869220735	17.0	0.00020532392869220735	0.0
ti|445973|org|Intestinibacter_bartlettii_DSM_16795|accession|NZ_DS499567.1	0.00025220740655012745	0.00019324605053384222	16.0	0.00019324605053384222	0.0	0.0002522074066095675	0.00019324605053384222	16.0	0.00019324605053384222	0.0
ti|411469|org|Anaerobutyricum_hallii_DSM_3353|accession|NZ_ACEP01000033.1	0.00025220740655012745	0.00019324605053384222	16.0	0.00019324605053384222	0.0	0.0002522074047762399	0.00019324605053384222	16.0	0.00019324605053384222	0.0
ti|1550024|org|Ruthenibacterium_lactatiformans|accession|NZ_JXXK01000014.1	0.00025220740655012745	0.00019324605053384222	16.0	0.00019324605053384222	0.0	0.0002522074065499953	0.00019324605053384222	16.0	0.00019324605053384222	0.0
ti|1550024|org|Ruthenibacterium_lactatiformans|accession|NZ_JXXK01000013.1	0.00025220740655012745	0.00019324605053384222	16.0	0.00019324605053384222	0.0	0.00025220740655012745	0.00019324605053384222	16.0	0.00019324605053384222	0.0
ti|1550024|org|Ruthenibacterium_lactatiformans|accession|NZ_JXXK01000012.1	0.00025220740655012745	0.00019324605053384222	16.0	0.00019324605053384222	0.0	0.00025220740655012745	0.00019324605053384222	16.0	0.00019324605053384222	0.0
ti|411459|org|Blautia_obeum_ATCC_29174|accession|NZ_DS264298.1	0.0002522074065493873	0.00019324605053384222	16.0	0.00019324605053384222	0.0	0.00025220740654573046	0.00019324605053384222	16.0	0.00019324605053384222	0.0
ti|411460|org|[Ruminococcus]_torques_ATCC_27756|accession|NZ_DS264366.1	0.0002520692898363945	0.00021740180685057248	18.0	0.00021740180685057248	0.0	0.0002520692898363945	0.00021740180685057248	18.0	0.00021740180685057248	0.0
ti|411483|org|Faecalibacterium_prausnitzii_A2-165|accession|NZ_GG697152.2	0.00024959751398451007	0.0021619401903473596	179.0	0.0021619401903473596	0.0	0.00030539399798868474	0.0021302357601816536	176.3750000000002	0.002029083530605343	0.0003623363447509542
ti|1550024|org|Ruthenibacterium_lactatiformans|accession|NZ_JXXK01000016.1	0.00024841056521689907	0.00021740180685057248	18.0	0.00021740180685057248	0.0	0.00038382671555001614	0.00035569351176385327	29.449999999999996	0.00026571331948403303	0.00020532392869220735
ti|40520|org|Blautia_obeum|accession|NZ_CYZA01000003.1	0.00024835491342576645	0.0004589593700178753	38.0	0.0004589593700178753	0.0	0.00024702365290019877	0.0004529204309386927	37.5	0.0004589593700178753	0.0
ti|470145|org|Bacteroides_coprocola_DSM_17136|accession|NZ_DS981505.1	0.00024273206714982612	0.0002536354413256679	21.0	0.0002536354413256679	0.0	0.00024273207388234692	0.0002536354413256679	21.0	0.0002536354413256679	0.0
ti|411459|org|Blautia_obeum_ATCC_29174|accession|NZ_DS264315.1	0.0002391085942626822	0.00019324605053384222	16.0	0.00019324605053384222	0.0	0.0002391085942626822	0.00019324605053384222	16.0	0.00019324605053384222	0.0
ti|471875|org|Ruminococcus_lactaris_ATCC_29176|accession|NZ_DS990202.1	0.000236783159883988	0.0001811681723754771	15.0	0.0001811681723754771	0.0	0.00025128997479096276	0.00019566162616551524	16.2	0.00019324605053384222	1.2077878158365139e-05
ti|445973|org|Intestinibacter_bartlettii_DSM_16795|accession|NZ_DS499562.1	0.00023673315237720928	0.00019324605053384222	16.0	0.00019324605053384222	0.0	0.00023673315238975542	0.00019324605053384222	16.0	0.00019324605053384222	0.0
ti|745368|org|Gemmiger_formicilis|accession|NZ_FUYF01000010.1	0.00023644444364074452	0.0001811681723754771	15.0	0.0001811681723754771	0.0	0.00024542888788873216	0.00018815575619389704	15.5785439898299	0.0001811681723754771	8.454514710855597e-05
ti|411469|org|Anaerobutyricum_hallii_DSM_3353|accession|NZ_ACEP01000119.1	0.00023644444364074452	0.0001811681723754771	15.0	0.0001811681723754771	0.0	0.00023644444340067494	0.0001811681723754771	15.0	0.0001811681723754771	0.0
ti|411469|org|Anaerobutyricum_hallii_DSM_3353|accession|NZ_ACEP01000084.1	0.00023644444364074452	0.0001811681723754771	15.0	0.0001811681723754771	0.0	0.00023644444640736015	0.0001811681723754771	15.0	0.0001811681723754771	0.0
ti|411469|org|Anaerobutyricum_hallii_DSM_3353|accession|NZ_ACEP01000042.1	0.00023644444364074452	0.0001811681723754771	15.0	0.0001811681723754771	0.0	0.00023644444364930877	0.0001811681723754771	15.0	0.0001811681723754771	0.0
ti|411462|org|Dorea_longicatena_DSM_13814|accession|NZ_DS264417.1	0.00023644444364074452	0.0001811681723754771	15.0	0.0001811681723754771	0.0	0.00023644444364074452	0.0001811681723754771	15.0	0.0001811681723754771	0.0
ti|411462|org|Dorea_longicatena_DSM_13814|accession|NZ_DS264410.1	0.00023644444364074452	0.0001811681723754771	15.0	0.0001811681723754771	0.0	0.00023644444364074452	0.0001811681723754771	15.0	0.0001811681723754771	0.0
ti|1550024|org|Ruthenibacterium_lactatiformans|accession|NZ_JXXK01000015.1	0.00023644444364074452	0.0001811681723754771	15.0	0.0001811681723754771	0.0	0.00023644444364074452	0.0001811681723754771	15.0	0.0001811681723754771	0.0
ti|1501391|org|Alistipes_inops|accession|NZ_JRGF01000009.1	0.00023644444364074452	0.0001811681723754771	15.0	0.0001811681723754771	0.0	0.00023644444364074452	0.0001811681723754771	15.0	0.0001811681723754771	0.0
ti|411462|org|Dorea_longicatena_DSM_13814|accession|NZ_DS264404.1	0.0002312388956209444	0.0001811681723754771	15.0	0.0001811681723754771	0.0	0.00024619858906565676	0.00018836471671088365	15.595845084794323	0.00016909029421711193	0.00027779119764239816
ti|411459|org|Blautia_obeum_ATCC_29174|accession|NZ_DS264306.1	0.00023093184234759557	0.00020532392869220735	17.0	0.00020532392869220735	0.0	0.00028391765819980907	0.00025212570655587226	20.875	0.00021740180685057248	0.00010870090342528624
ti|40520|org|Blautia_obeum|accession|NZ_CYZA01000005.1	0.0002303629121399306	0.0004710372481762404	39.0	0.0004710372481762404	0.0	0.00023138759270782789	0.00048311512633460554	40.0	0.00048311512633460554	0.0
ti|622312|org|Roseburia_inulinivorans_DSM_16841|accession|NZ_ACFY01000052.1	0.0002281855899570322	0.00020532392869220735	17.0	0.00020532392869220735	0.0	0.0002639368874739055	0.0002355186240881202	19.5	0.00022947968500893764	1.2077878158365139e-05
ti|536231|org|Roseburia_intestinalis_L1-82|accession|NZ_GG692729.1	0.00022792297342221507	0.00019324605053384222	16.0	0.00019324605053384222	0.0	0.00022925094574850175	0.0001962655200734335	16.25	0.00019324605053384222	1.2077878158365139e-05
ti|1150298|org|Fusicatenibacter_saccharivorans|accession|NZ_CYYV01000019.1	0.00022599144604628415	0.0004106478573844147	34.0	0.0004106478573844147	0.0	0.0002404315590072357	0.00042413482132792256	35.116666666666674	0.0004106478573844147	4.8311512633460555e-05
ti|301302|org|Roseburia_faecis|accession|NZ_CYXV01000015.1	0.00022517187839276288	0.0004951930044929707	41.0	0.0004951930044929707	0.0	0.0002253310137475158	0.0004951930044929707	41.0	0.0004951930044929707	0.0
ti|518637|org|Holdemanella_biformis_DSM_3989|accession|NZ_DS996842.1	0.00022374621701455727	0.0006401275423933523	53.0	0.0006401275423933523	0.0	0.00022390347434590412	0.0006401275423933523	53.0	0.0006401275423933523	0.0
ti|1870991|org|Massilioclostridium_coli|accession|NZ_FMIZ01000007.1	0.00022151288860400862	0.0001811681723754771	15.0	0.0001811681723754771	0.0	5.6883983915407235e-05	6.975468110606574e-05	5.775408576857819	2.4155756316730277e-05	0.00044688149185951014
ti|622312|org|Roseburia_inulinivorans_DSM_16841|accession|NZ_ACFY01000087.1	0.00022068293422763415	0.00016909029421711193	14.0	0.00016909029421711193	0.0	0.0002239891322396218	0.00017140522086413193	14.191666666666666	0.00016909029421711193	2.4155756316730277e-05
ti|762966|org|Parasutterella_excrementihominis_YIT_11859|accession|NZ_GL883677.1	0.00022068148073136156	0.00016909029421711193	14.0	0.00016909029421711193	0.0	0.00022068148073136156	0.00016909029421711193	14.0	0.00016909029421711193	0.0
ti|411469|org|Anaerobutyricum_hallii_DSM_3353|accession|NZ_ACEP01000174.1	0.00022068148073136156	0.00016909029421711193	14.0	0.00016909029421711193	0.0	0.00022068148076385144	0.00016909029421711193	14.0	0.00016909029421711193	0.0
ti|411469|org|Anaerobutyricum_hallii_DSM_3353|accession|NZ_ACEP01000069.1	0.00022068148073136156	0.00016909029421711193	14.0	0.00016909029421711193	0.0	0.00022068148073136156	0.00016909029421711193	14.0	0.00016909029421711193	0.0
ti|411461|org|Dorea_formicigenerans_ATCC_27755|accession|NZ_AAXA02000003.1	0.00022068148073136156	0.00016909029421711193	14.0	0.00016909029421711193	0.0	0.00022068148073210473	0.00016909029421711193	14.0	0.00016909029421711193	0.0
ti|411459|org|Blautia_obeum_ATCC_29174|accession|NZ_DS264312.1	0.00022068148073136156	0.0001811681723754771	15.0	0.0001811681723754771	0.0	0.00022072953154888143	0.00016909029421711193	14.0	0.00016909029421711193	0.0
ti|1550024|org|Ruthenibacterium_lactatiformans|accession|NZ_JXXK01000017.1	0.00022068148073136156	0.00016909029421711193	14.0	0.00016909029421711193	0.0	0.00022068148073136156	0.00016909029421711193	14.0	0.00016909029421711193	0.0
ti|1122981|org|Prevotella_corporis_DSM_18810_=_JCM_8529|accession|NZ_KE387156.1	0.00022042244231325407	0.00016909029421711193	14.0	0.00016909029421711193	0.0	0.00022704326839128827	0.00017915519268241623	14.833333333333334	0.0001811681723754771	2.4155756316730277e-05
ti|301302|org|Roseburia_faecis|accession|NZ_CYXV01000017.1	0.0002192552478621026	0.0003623363447509542	30.0	0.0003623363447509542	0.0	0.00022148326381696404	0.00036837528383013674	30.5	0.0003744142229093193	0.0
ti|411474|org|Coprococcus_eutactus_ATCC_27759|accession|NZ_DS483539.1	0.0002184613764375324	0.00014493453790038167	12.0	0.00014493453790038167	0.0	0.00035704557276203085	0.00028662957276658416	23.731782106782102	0.00024155756316730277	0.00038649210106768444
ti|622312|org|Roseburia_inulinivorans_DSM_16841|accession|NZ_ACFY01000127.1	0.0002137629128585833	0.00020532392869220735	17.0	0.00020532392869220735	0.0	0.00022008891695877658	0.00022947968500893764	19.0	0.00022947968500893764	0.0
ti|470145|org|Bacteroides_coprocola_DSM_17136|accession|NZ_DS981509.1	0.0002135932047255177	0.00028986907580076334	24.0	0.00028986907580076334	0.0	0.0002071083981815137	0.00028253499400158946	23.3927673633556	0.00028986907580076334	7.246726895019084e-05
ti|536231|org|Roseburia_intestinalis_L1-82|accession|NZ_GG692727.1	0.0002125701461278492	0.00016909029421711193	14.0	0.00016909029421711193	0.0	0.00025192543607109835	0.00021136286777138992	17.5	0.00020532392869220735	1.2077878158365139e-05
ti|622312|org|Roseburia_inulinivorans_DSM_16841|accession|NZ_ACFY01000062.1	0.0002100489813083586	0.00016909029421711193	14.0	0.00016909029421711193	0.0	0.0002147008205308945	0.00016909029421711193	14.0	0.00016909029421711193	0.0
ti|470145|org|Bacteroides_coprocola_DSM_17136|accession|NZ_DS981490.1	0.00020986210476933498	0.00021740180685057248	18.0	0.00021740180685057248	0.0	0.00033255227602501405	0.00036358247503713467	30.1031746031746	0.00028986907580076334	0.0002536354413256679
ti|1256908|org|Eubacterium_ramulus_ATCC_29099|accession|NZ_KI271108.1	0.0002093656103685194	0.00026571331948403303	22.0	0.00026571331948403303	0.0	0.0002093706725464127	0.00026571331948403303	22.0	0.00026571331948403303	0.0
ti|471875|org|Ruminococcus_lactaris_ATCC_29176|accession|NZ_DS990198.1	0.0002077624947253602	0.0001570124160587468	13.0	0.0001570124160587468	0.0	0.00021948035873915506	0.00016909029421711193	14.0	0.00016909029421711193	0.0
ti|622312|org|Roseburia_inulinivorans_DSM_16841|accession|NZ_ACFY01000039.1	0.00020758266844391623	0.00016909029421711193	14.0	0.00016909029421711193	0.0	0.00020758266844391623	0.00016909029421711193	14.0	0.00016909029421711193	0.0
ti|40520|org|Blautia_obeum|accession|NZ_CYZA01000002.1	0.00020745719681759337	0.00038649210106768444	32.0	0.00038649210106768444	0.0	0.00022684579513691013	0.00042614780102098325	35.28333333333333	0.0004106478573844147	6.038939079182569e-05
ti|1122992|org|Prevotella_timonensis_4401737_=_DSM_22865_=_JCM_15640|accession|NZ_HG417095.1	0.00020600197120792965	0.00016909029421711193	14.0	0.00016909029421711193	0.0	0.00020586910602921396	0.00016909029421711193	14.0	0.00016909029421711193	0.0
ti|411461|org|Dorea_formicigenerans_ATCC_27755|accession|NZ_AAXA02000007.1	0.00020513311822719719	0.0001570124160587468	13.0	0.0001570124160587468	0.0	0.0002610163534966888	0.00020051717718271654	16.6020202020202	0.00016909029421711193	0.0001811681723754771
ti|536231|org|Roseburia_intestinalis_L1-82|accession|NZ_GG692740.1	0.00020492108104055645	0.00016909029421711193	14.0	0.00016909029421711193	0.0	0.00021179833529124748	0.00017452533938837624	14.45	0.00016909029421711193	2.4155756316730277e-05
ti|622312|org|Roseburia_inulinivorans_DSM_16841|accession|NZ_ACFY01000161.1	0.0002049185178219786	0.0001570124160587468	13.0	0.0001570124160587468	0.0	0.00020491852003729605	0.0001570124160587468	13.0	0.0001570124160587468	0.0
ti|536231|org|Roseburia_intestinalis_L1-82|accession|NZ_GG692726.1	0.0002049185178219786	0.0001570124160587468	13.0	0.0001570124160587468	0.0	0.0002049185178221745	0.0001570124160587468	13.0	0.0001570124160587468	0.0
ti|511680|org|Butyrivibrio_crossotus_DSM_2876|accession|NZ_GG663526.1	0.0002049185178219786	0.0001570124160587468	13.0	0.0001570124160587468	0.0	0.0002049185178219786	0.0001570124160587468	13.0	0.0001570124160587468	0.0
ti|411469|org|Anaerobutyricum_hallii_DSM_3353|accession|NZ_ACEP01000043.1	0.0002049185178219786	0.0001570124160587468	13.0	0.0001570124160587468	0.0	0.0002049185178219786	0.0001570124160587468	13.0	0.0001570124160587468	0.0
ti|1550024|org|Ruthenibacterium_lactatiformans|accession|NZ_JXXK01000018.1	0.0002049185178219786	0.0001570124160587468	13.0	0.0001570124160587468	0.0	0.0002049185178219786	0.0001570124160587468	13.0	0.0001570124160587468	0.0
ti|1501391|org|Alistipes_inops|accession|NZ_JRGF01000010.1	0.0002049185178219786	0.0001570124160587468	13.0	0.0001570124160587468	0.0	0.0002049185178219786	0.0001570124160587468	13.0	0.0001570124160587468	0.0
ti|1122981|org|Prevotella_corporis_DSM_18810_=_JCM_8529|accession|NZ_AUME01000002.1	0.0002049185178219786	0.0001570124160587468	13.0	0.0001570124160587468	0.0	0.0002049185178219786	0.0001570124160587468	13.0	0.0001570124160587468	0.0
ti|1122981|org|Prevotella_corporis_DSM_18810_=_JCM_8529|accession|NZ_AUME01000001.1	0.0002049185178219786	0.0001570124160587468	13.0	0.0001570124160587468	0.0	0.0002049185178221042	0.0001570124160587468	13.0	0.0001570124160587468	0.0
ti|1002367|org|Prevotella_stercorea_DSM_18206|accession|NZ_JH379413.1	0.0002049185178219786	0.0001570124160587468	13.0	0.0001570124160587468	0.0	0.0002049185178219786	0.0001570124160587468	13.0	0.0001570124160587468	0.0
ti|622312|org|Roseburia_inulinivorans_DSM_16841|accession|NZ_ACFY01000143.1	0.00020477274497166916	0.00016909029421711193	14.0	0.00016909029421711193	0.0	0.000204887444053432	0.00016909029421711193	14.0	0.00016909029421711193	0.0
ti|626939|org|Phascolarctobacterium_succinatutens_YIT_12067|accession|NZ_GL830919.1	0.0001986658947853555	0.00019324605053384222	16.0	0.00019324605053384222	0.0	0.00019830672970984938	0.0001811681723754771	15.0	0.0001811681723754771	0.0
ti|626939|org|Phascolarctobacterium_succinatutens_YIT_12067|accession|NZ_GL830884.1	0.0001977691877494414	0.00016909029421711193	14.0	0.00016909029421711193	0.0	0.00019824377913324796	0.0001694562905249412	14.030303030303031	0.00016909029421711193	1.2077878158365139e-05
ti|536231|org|Roseburia_intestinalis_L1-82|accession|NZ_GG692728.1	0.0001974359785079718	0.00016909029421711193	14.0	0.0001570124160587468	1.2077878158365139e-05	0.00025998392690475904	0.0002762814628726025	22.874999999999996	0.00022947968500893764	0.00014493453790038167
ti|626939|org|Phascolarctobacterium_succinatutens_YIT_12067|accession|NZ_GL830930.1	0.0001944347052093493	0.00022947968500893764	19.0	0.00022947968500893764	0.0	0.0001944347052093493	0.00022947968500893764	19.0	0.00022947968500893764	0.0
ti|470145|org|Bacteroides_coprocola_DSM_17136|accession|NZ_DS981441.1	0.00019357794146809354	0.00016909029421711193	14.0	0.00016909029421711193	0.0	0.0001975232021794148	0.00017210976375670321	14.25	0.00016909029421711193	1.2077878158365139e-05
ti|301302|org|Roseburia_faecis|accession|NZ_CYXV01000018.1	0.0001935665212790164	0.0003623363447509542	30.0	0.0003623363447509542	0.0	0.00020197761553784427	0.0003623363447509542	30.0	0.0003623363447509542	0.0
ti|536231|org|Roseburia_intestinalis_L1-82|accession|NZ_GG692731.1	0.00018923165770927676	0.0001570124160587468	13.0	0.0001570124160587468	0.0	0.000189252912936947	0.0001570124160587468	13.0	0.0001570124160587468	0.0
ti|1550024|org|Ruthenibacterium_lactatiformans|accession|NZ_JXXK01000019.1	0.00018915635923551693	0.00014493453790038167	12.0	0.00014493453790038167	0.0	0.00015815977534320688	0.00012681772066283395	10.5	0.00013285665974201651	1.2077878158365139e-05
ti|622312|org|Roseburia_inulinivorans_DSM_16841|accession|NZ_ACFY01000022.1	0.00018915555491259562	0.00014493453790038167	12.0	0.00014493453790038167	0.0	0.00018915555491259562	0.00014493453790038167	12.0	0.00014493453790038167	0.0
ti|471875|org|Ruminococcus_lactaris_ATCC_29176|accession|NZ_DS990181.1	0.00018915555491259562	0.00014493453790038167	12.0	0.00014493453790038167	0.0	0.0001892221304308586	0.00014493453790038167	12.0	0.00014493453790038167	0.0
ti|471875|org|Ruminococcus_lactaris_ATCC_29176|accession|NZ_DS990174.1	0.00018915555491259562	0.00014493453790038167	12.0	0.00014493453790038167	0.0	0.00018915555491375466	0.00014493453790038167	12.0	0.00014493453790038167	0.0
ti|451640|org|Catenibacterium_mitsuokai_DSM_15897|accession|NZ_ACCK01000024.1	0.00018915555491259562	0.00014493453790038167	12.0	0.00014493453790038167	0.0	0.00018915555491259562	0.00014493453790038167	12.0	0.00014493453790038167	0.0
ti|411469|org|Anaerobutyricum_hallii_DSM_3353|accession|NZ_ACEP01000101.1	0.00018915555491259562	0.00014493453790038167	12.0	0.00014493453790038167	0.0	0.00018915555491259562	0.00014493453790038167	12.0	0.00014493453790038167	0.0
ti|411469|org|Anaerobutyricum_hallii_DSM_3353|accession|NZ_ACEP01000097.1	0.00018915555491259562	0.00014493453790038167	12.0	0.00014493453790038167	0.0	0.0001891555551527908	0.00014493453790038167	12.0	0.00014493453790038167	0.0
ti|411469|org|Anaerobutyricum_hallii_DSM_3353|accession|NZ_ACEP01000090.1	0.00018915555491259562	0.00014493453790038167	12.0	0.00014493453790038167	0.0	0.0001891555549127915	0.00014493453790038167	12.0	0.00014493453790038167	0.0
ti|411469|org|Anaerobutyricum_hallii_DSM_3353|accession|NZ_ACEP01000015.1	0.00018915555491259562	0.00014493453790038167	12.0	0.00014493453790038167	0.0	0.00018915555491259562	0.00014493453790038167	12.0	0.00014493453790038167	0.0
ti|411462|org|Dorea_longicatena_DSM_13814|accession|NZ_DS264409.1	0.00018915555491259562	0.00014493453790038167	12.0	0.00014493453790038167	0.0	0.00018915555491259562	0.00014493453790038167	12.0	0.00014493453790038167	0.0
ti|1256908|org|Eubacterium_ramulus_ATCC_29099|accession|NZ_KI271127.1	0.00018915555491259562	0.00014493453790038167	12.0	0.00014493453790038167	0.0	0.00018915555491259562	0.00014493453790038167	12.0	0.00014493453790038167	0.0
ti|1235811|org|Prevotella_disiens_JCM_6334_=_ATCC_29426|accession|NZ_BAIS01000002.1	0.00018915555491259562	0.00014493453790038167	12.0	0.00014493453790038167	0.0	0.00018915555491259562	0.00014493453790038167	12.0	0.00014493453790038167	0.0
ti|1002367|org|Prevotella_stercorea_DSM_18206|accession|NZ_JH379474.1	0.00018915555491259562	0.00014493453790038167	12.0	0.00014493453790038167	0.0	0.00018915555491259562	0.00014493453790038167	12.0	0.00014493453790038167	0.0
ti|1002367|org|Prevotella_stercorea_DSM_18206|accession|NZ_JH379469.1	0.00018915555491259562	0.00014493453790038167	12.0	0.00014493453790038167	0.0	0.00020422361376883137	0.0001751292332962945	14.5	0.0001570124160587468	2.4155756316730277e-05
ti|1002367|org|Prevotella_stercorea_DSM_18206|accession|NZ_JH379436.1	0.00018915555491259562	0.00014493453790038167	12.0	0.00014493453790038167	0.0	0.00018915555491463818	0.00014493453790038167	12.0	0.00014493453790038167	0.0
ti|1122992|org|Prevotella_timonensis_4401737_=_DSM_22865_=_JCM_15640|accession|NZ_HG417096.1	0.00018915530071260262	0.00014493453790038167	12.0	0.00014493453790038167	0.0	0.00018915466124029597	0.00014493453790038167	12.0	0.00014493453790038167	0.0
ti|411469|org|Anaerobutyricum_hallii_DSM_3353|accession|NZ_ACEP01000122.1	0.00018915526484121175	0.00014493453790038167	12.0	0.00014493453790038167	0.0	0.0001891535197821125	0.00014493453790038167	12.0	0.00014493453790038167	0.0
ti|622312|org|Roseburia_inulinivorans_DSM_16841|accession|NZ_ACFY01000026.1	0.0001890175442669495	0.0001570124160587468	13.0	0.0001570124160587468	0.0	0.00019326250255746324	0.0001570124160587468	13.0	0.0001570124160587468	0.0
ti|536231|org|Roseburia_intestinalis_L1-82|accession|NZ_GG692736.1	0.00018390709510817549	0.0001570124160587468	13.0	0.0001570124160587468	0.0	0.00019326246011173417	0.0001599987716466773	13.247258297258295	9.662302526692111e-05	0.00026571331948403303
ti|622312|org|Roseburia_inulinivorans_DSM_16841|accession|NZ_ACFY01000113.1	0.00018203571571971818	0.00021740180685057248	18.0	0.00021740180685057248	0.0	0.00030078214932589224	0.00035559286277920025	29.441666666666663	0.00021740180685057248	0.00028986907580076334
ti|1121101|org|Bacteroides_salyersiae_WAL_10018_=_DSM_18765_=_JCM_12988|accession|NZ_KB905469.1	0.00018008935086608803	0.00016909029421711193	14.0	0.00016909029421711193	0.0	0.00018517542498881087	0.00016909029421711193	14.0	0.00016909029421711193	0.0
ti|411469|org|Anaerobutyricum_hallii_DSM_3353|accession|NZ_ACEP01000152.1	0.00017858164886005762	0.00014493453790038167	12.0	0.00014493453790038167	0.0	0.00017858164886005762	0.00014493453790038167	12.0	0.00014493453790038167	0.0
ti|471875|org|Ruminococcus_lactaris_ATCC_29176|accession|NZ_DS990169.1	0.00017605691136582567	0.00014493453790038167	12.0	0.00014493453790038167	0.0	0.0001764755671318502	0.00014493453790038167	12.0	0.00014493453790038167	0.0
ti|536231|org|Roseburia_intestinalis_L1-82|accession|NZ_GG692738.1	0.00017510079313382254	0.00014493453790038167	12.0	0.00014493453790038167	0.0	0.00017719650116946608	0.00014795400743997295	12.25	0.00014493453790038167	1.2077878158365139e-05
ti|1122992|org|Prevotella_timonensis_4401737_=_DSM_22865_=_JCM_15640|accession|NZ_HG417097.1	0.00017458807517872028	0.00014493453790038167	12.0	0.00014493453790038167	0.0	0.00014524282933029413	0.00012077878158365138	10.0	0.00013285665974201651	0.0
ti|1256908|org|Eubacterium_ramulus_ATCC_29099|accession|NZ_KI271187.1	0.00017448785706765358	0.00014493453790038167	12.0	0.00014493453790038167	0.0	0.00017448785706765358	0.00014493453790038167	12.0	0.00014493453790038167	0.0
ti|1122992|org|Prevotella_timonensis_4401737_=_DSM_22865_=_JCM_15640|accession|NZ_HG417098.1	0.0001736978010267807	0.00014493453790038167	12.0	0.00014493453790038167	0.0	0.0001711303965397509	0.00014493453790038167	12.0	0.00014493453790038167	0.0
ti|1122992|org|Prevotella_timonensis_4401737_=_DSM_22865_=_JCM_15640|accession|NZ_HG417099.1	0.00017339793237458793	0.00016909029421711193	14.0	0.00016909029421711193	0.0	0.00017338264366524258	0.00013285665974201651	11.0	0.00013285665974201651	0.0
ti|745368|org|Gemmiger_formicilis|accession|NZ_FUYF01000013.1	0.00017339259202292477	0.00013285665974201651	11.0	0.00013285665974201651	0.0	0.00017339259248442667	0.00014493453790038167	12.0	0.00014493453790038167	0.0
ti|762966|org|Parasutterella_excrementihominis_YIT_11859|accession|NZ_GL883760.1	0.00017339259200321267	0.00013285665974201651	11.0	0.00013285665974201651	0.0	0.00017339259200321267	0.00013285665974201651	11.0	0.00013285665974201651	0.0
ti|762966|org|Parasutterella_excrementihominis_YIT_11859|accession|NZ_GL883756.1	0.00017339259200321267	0.00013285665974201651	11.0	0.00013285665974201651	0.0	0.00017339259200321267	0.00013285665974201651	11.0	0.00013285665974201651	0.0
ti|762966|org|Parasutterella_excrementihominis_YIT_11859|accession|NZ_GL883690.1	0.00017339259200321267	0.00013285665974201651	11.0	0.00013285665974201651	0.0	0.00017339259200321267	0.00013285665974201651	11.0	0.00013285665974201651	0.0
ti|537011|org|Prevotella_copri_DSM_18205|accession|NZ_GG703874.1	0.00017339259200321267	0.00013285665974201651	11.0	0.00013285665974201651	0.0	0.00017339259200321267	0.00013285665974201651	11.0	0.00013285665974201651	0.0
ti|451640|org|Catenibacterium_mitsuokai_DSM_15897|accession|NZ_ACCK01000438.1	0.00017339259200321267	0.00013285665974201651	11.0	0.00013285665974201651	0.0	0.00017339259200321267	0.00013285665974201651	11.0	0.00013285665974201651	0.0
ti|411469|org|Anaerobutyricum_hallii_DSM_3353|accession|NZ_ACEP01000081.1	0.00017339259200321267	0.00013285665974201651	11.0	0.00013285665974201651	0.0	0.00017339259219544532	0.00013285665974201651	11.0	0.00013285665974201651	0.0
ti|411469|org|Anaerobutyricum_hallii_DSM_3353|accession|NZ_ACEP01000002.1	0.00017339259200321267	0.00013285665974201651	11.0	0.00013285665974201651	0.0	0.0001733925947701615	0.00013285665974201651	11.0	0.00013285665974201651	0.0
ti|411462|org|Dorea_longicatena_DSM_13814|accession|NZ_DS264400.1	0.00017339259200321267	0.00013285665974201651	11.0	0.00013285665974201651	0.0	0.00017339259200321267	0.00013285665974201651	11.0	0.00013285665974201651	0.0
ti|411460|org|[Ruminococcus]_torques_ATCC_27756|accession|NZ_DS264369.1	0.00017339259200321267	0.00013285665974201651	11.0	0.00013285665974201651	0.0	0.00017339259200327715	0.00013285665974201651	11.0	0.00013285665974201651	0.0
ti|1550024|org|Ruthenibacterium_lactatiformans|accession|NZ_JXXK01000021.1	0.00017339259200321267	0.00013285665974201651	11.0	0.00013285665974201651	0.0	0.00017339259200321267	0.00013285665974201651	11.0	0.00013285665974201651	0.0
ti|1550024|org|Ruthenibacterium_lactatiformans|accession|NZ_JXXK01000020.1	0.00017339259199993504	0.00013285665974201651	11.0	0.00013285665974201651	0.0	0.00017339259199772143	0.00013285665974201651	11.0	0.00013285665974201651	0.0
ti|1002367|org|Prevotella_stercorea_DSM_18206|accession|NZ_JH379387.1	0.00017339249880527516	0.00013285665974201651	11.0	0.00013285665974201651	0.0	0.00017339259183162496	0.00013285665974201651	11.0	0.00013285665974201651	0.0
ti|626939|org|Phascolarctobacterium_succinatutens_YIT_12067|accession|NZ_GL830863.1	0.0001732557424654805	0.0001811681723754771	15.0	0.0001811681723754771	0.0	0.0001732557424654805	0.0001811681723754771	15.0	0.0001811681723754771	0.0
ti|622312|org|Roseburia_inulinivorans_DSM_16841|accession|NZ_ACFY01000147.1	0.0001715547771328611	0.00013285665974201651	11.0	0.00013285665974201651	0.0	0.00017335884504716874	0.00013285665974201651	11.0	0.00013285665974201651	0.0
ti|762982|org|Paraprevotella_xylaniphila_YIT_11841|accession|NZ_GL883886.1	0.00016874595227517921	0.00020532392869220735	17.0	0.00020532392869220735	0.0	0.00016874595227517921	0.00020532392869220735	17.0	0.00020532392869220735	0.0
ti|1256908|org|Eubacterium_ramulus_ATCC_29099|accession|NZ_KI271092.1	0.00016747447799514068	0.00020532392869220735	17.0	0.00020532392869220735	0.0	0.00017433128935969065	0.00019928498961302478	16.5	0.00019324605053384222	1.2077878158365139e-05
ti|622312|org|Roseburia_inulinivorans_DSM_16841|accession|NZ_ACFY01000057.1	0.00016667137551778087	0.00013285665974201651	11.0	0.00013285665974201651	0.0	0.00023497306761427505	0.00022444723577628553	18.583333333333336	0.00013285665974201651	0.00022947968500893764
ti|40520|org|Blautia_obeum|accession|NZ_CYZA01000008.1	0.00016597480586476153	0.0003744142229093193	31.0	0.0003744142229093193	0.0	0.00016597481471630944	0.0003744142229093193	31.0	0.0003744142229093193	0.0
ti|762982|org|Paraprevotella_xylaniphila_YIT_11841|accession|NZ_GL883827.1	0.0001658071953394322	0.00016909029421711193	14.0	0.00016909029421711193	0.0	0.0001658071953394322	0.00016909029421711193	14.0	0.00016909029421711193	0.0
ti|518637|org|Holdemanella_biformis_DSM_3989|accession|NZ_DS996850.1	0.00016361408321898124	0.0003140248321174936	26.0	0.0003140248321174936	0.0	0.00016361254265322744	0.0003019469539591285	25.0	0.0003019469539591285	0.0
ti|622312|org|Roseburia_inulinivorans_DSM_16841|accession|NZ_ACFY01000117.1	0.00016281868595067464	0.00013285665974201651	11.0	0.00013285665974201651	0.0	0.00016281868595212153	0.00013285665974201651	11.0	0.00013285665974201651	0.0
ti|1256908|org|Eubacterium_ramulus_ATCC_29099|accession|NZ_KI271096.1	0.0001612101355544855	0.00022947968500893764	19.0	0.00022947968500893764	0.0	0.00016121378311615228	0.00022947968500893764	19.0	0.00022947968500893764	0.0
ti|68895|org|Cupriavidus_basilensis|accession|NZ_CP010537.1	0.00016095675058488667	0.00013285665974201651	11.0	0.00013285665974201651	0.0	0.00016095704137207076	0.00013285665974201651	11.0	0.00013285665974201651	0.0
ti|411469|org|Anaerobutyricum_hallii_DSM_3353|accession|NZ_ACEP01000112.1	0.00015764481976070268	0.00013285665974201651	11.0	0.00013285665974201651	0.0	0.00017806358965290995	0.00013889559882119908	11.5	0.00013285665974201651	1.2077878158365139e-05
ti|762966|org|Parasutterella_excrementihominis_YIT_11859|accession|NZ_GL883727.1	0.0001576296290938297	0.00012077878158365138	10.0	0.00012077878158365138	0.0	0.0001576296290938297	0.00012077878158365138	10.0	0.00012077878158365138	0.0
ti|762966|org|Parasutterella_excrementihominis_YIT_11859|accession|NZ_GL883691.1	0.0001576296290938297	0.00012077878158365138	10.0	0.00012077878158365138	0.0	0.0001576296290938297	0.00012077878158365138	10.0	0.00012077878158365138	0.0
ti|471875|org|Ruminococcus_lactaris_ATCC_29176|accession|NZ_DS990194.1	0.0001576296290938297	0.00012077878158365138	10.0	0.00012077878158365138	0.0	0.00017414389540288877	0.00014896049728650338	12.333333333333334	0.00014493453790038167	1.2077878158365139e-05
ti|451640|org|Catenibacterium_mitsuokai_DSM_15897|accession|NZ_ACCK01000043.1	0.0001576296290938297	0.00012077878158365138	10.0	0.00012077878158365138	0.0	0.0001576296290938297	0.00012077878158365138	10.0	0.00012077878158365138	0.0
ti|411469|org|Anaerobutyricum_hallii_DSM_3353|accession|NZ_ACEP01000034.1	0.0001576296290938297	0.00012077878158365138	10.0	0.00012077878158365138	0.0	0.0001576296290938297	0.00012077878158365138	10.0	0.00012077878158365138	0.0
ti|411469|org|Anaerobutyricum_hallii_DSM_3353|accession|NZ_ACEP01000031.1	0.0001576296290938297	0.00012077878158365138	10.0	0.00012077878158365138	0.0	0.0001576296290938297	0.00012077878158365138	10.0	0.00012077878158365138	0.0
ti|1550024|org|Ruthenibacterium_lactatiformans|accession|NZ_JXXK01000025.1	0.0001576296290938297	0.00012077878158365138	10.0	0.00012077878158365138	0.0	0.0001576296290938297	0.00012077878158365138	10.0	0.00012077878158365138	0.0
ti|1550024|org|Ruthenibacterium_lactatiformans|accession|NZ_JXXK01000024.1	0.0001576296290938297	0.00012077878158365138	10.0	0.00012077878158365138	0.0	0.0001576296290938297	0.00012077878158365138	10.0	0.00012077878158365138	0.0
ti|1002367|org|Prevotella_stercorea_DSM_18206|accession|NZ_JH379471.1	0.0001576296290938297	0.00012077878158365138	10.0	0.00012077878158365138	0.0	0.0001576296290938297	0.00012077878158365138	10.0	0.00012077878158365138	0.0
ti|1002367|org|Prevotella_stercorea_DSM_18206|accession|NZ_JH379465.1	0.0001576296290938297	0.00012077878158365138	10.0	0.00012077878158365138	0.0	0.0001576296290938297	0.00012077878158365138	10.0	0.00012077878158365138	0.0
ti|1002367|org|Prevotella_stercorea_DSM_18206|accession|NZ_JH379449.1	0.0001576296290938297	0.00012077878158365138	10.0	0.00012077878158365138	0.0	0.0001576296290938297	0.00012077878158365138	10.0	0.00012077878158365138	0.0
ti|1002367|org|Prevotella_stercorea_DSM_18206|accession|NZ_JH379439.1	0.0001576296290938297	0.00012077878158365138	10.0	0.00012077878158365138	0.0	0.00015762966097210052	0.00012077878158365138	10.0	0.00012077878158365138	0.0
ti|536231|org|Roseburia_intestinalis_L1-82|accession|NZ_GG692752.1	0.00015702646836639685	0.00012077878158365138	10.0	0.00012077878158365138	0.0	0.00017732541661034191	0.00013688261912813825	11.333333333333334	0.00013285665974201651	1.2077878158365139e-05
ti|1550024|org|Ruthenibacterium_lactatiformans|accession|NZ_JXXK01000023.1	0.00015513402615588006	0.00012077878158365138	10.0	0.00012077878158365138	0.0	0.00012443760368997548	0.00010870090342528624	9.0	9.662302526692111e-05	2.4155756316730277e-05
ti|626939|org|Phascolarctobacterium_succinatutens_YIT_12067|accession|NZ_GL830875.1	0.00015487653333871407	0.0001811681723754771	15.0	0.0001811681723754771	0.0	0.00015487653333871407	0.0001811681723754771	15.0	0.0001811681723754771	0.0
ti|470145|org|Bacteroides_coprocola_DSM_17136|accession|NZ_DS981450.1	0.0001548327663655018	0.00013285665974201651	11.0	0.00013285665974201651	0.0	0.00015484068997621397	0.0001351572079626575	11.19047619047619	0.00013285665974201651	2.4155756316730277e-05
ti|411463|org|Eubacterium_ventriosum_ATCC_27560|accession|NZ_DS264286.1	0.0001523388043269645	0.00039856997922604957	33.0	0.00039856997922604957	0.0	0.0001532860261259182	0.00040460891830523213	33.5	0.00039856997922604957	1.2077878158365139e-05
ti|622312|org|Roseburia_inulinivorans_DSM_16841|accession|NZ_ACFY01000053.1	0.00015162346533758098	0.00014493453790038167	12.0	0.00014493453790038167	0.0	0.00016762529324626524	0.00015097347697956424	12.5	0.0001570124160587468	0.0
ti|40520|org|Blautia_obeum|accession|NZ_CYZA01000014.1	0.00015017617393708557	0.00022947968500893764	19.0	0.00022947968500893764	0.0	0.0001553698965671045	0.00024155756316730277	20.0	0.00024155756316730277	0.0
ti|470145|org|Bacteroides_coprocola_DSM_17136|accession|NZ_DS981428.1	0.0001485208853083941	0.00016909029421711193	14.0	0.00016909029421711193	0.0	0.00014037006948005093	0.00016305135513792937	13.5	0.0001570124160587468	1.2077878158365139e-05
ti|626939|org|Phascolarctobacterium_succinatutens_YIT_12067|accession|NZ_GL830870.1	0.00014705685071458906	0.0001570124160587468	13.0	0.0001570124160587468	0.0	0.00014705685071458906	0.0001570124160587468	13.0	0.0001570124160587468	0.0
ti|1871021|org|Lachnoclostridium_phocaeense|accession|NZ_LT635479.1	0.00014568093328404228	0.00021740180685057248	18.0	0.00020532392869220735	1.2077878158365139e-05	0.0001503445912751147	0.00012817537140206927	10.612408050605726	9.662302526692111e-05	0.00020532392869220735
ti|1298596|org|Ruminococcus_faecis_JCM_15917|accession|NZ_BBDW01000003.1	0.00014277502083283151	0.00013285665974201651	11.0	0.00013285665974201651	0.0	0.0003125470186137917	0.00023149266470199847	19.166666666666664	0.00010870090342528624	0.0004589593700178753
ti|470145|org|Bacteroides_coprocola_DSM_17136|accession|NZ_DS981484.1	0.00014239152033983314	0.00013285665974201651	11.0	0.00013285665974201651	0.0	0.00014996838621783815	0.00013889559882119908	11.5	0.00013285665974201651	1.2077878158365139e-05
ti|40520|org|Blautia_obeum|accession|NZ_CYZA01000007.1	0.00014195606275418398	0.00024155756316730277	20.0	0.00024155756316730277	0.0	0.00014957490042379556	0.00024506014783322864	20.29	0.00024155756316730277	2.4155756316730277e-05
ti|536231|org|Roseburia_intestinalis_L1-82|accession|NZ_GG692730.1	0.00014194276898112782	0.00012077878158365138	10.0	0.00012077878158365138	0.0	0.0001468648866055478	0.0001275174098409287	10.557931465189531	0.00012077878158365138	6.038939079182569e-05
ti|762966|org|Parasutterella_excrementihominis_YIT_11859|accession|NZ_GL883754.1	0.0001418666661844467	0.00010870090342528624	9.0	0.00010870090342528624	0.0	0.0001418666661844467	0.00010870090342528624	9.0	0.00010870090342528624	0.0
ti|762966|org|Parasutterella_excrementihominis_YIT_11859|accession|NZ_GL883721.1	0.0001418666661844467	0.00010870090342528624	9.0	0.00010870090342528624	0.0	0.0001418666661844467	0.00010870090342528624	9.0	0.00010870090342528624	0.0
ti|762966|org|Parasutterella_excrementihominis_YIT_11859|accession|NZ_GL883707.1	0.0001418666661844467	0.00010870090342528624	9.0	0.00010870090342528624	0.0	0.0001418666661844467	0.00010870090342528624	9.0	0.00010870090342528624	0.0
ti|762966|org|Parasutterella_excrementihominis_YIT_11859|accession|NZ_GL883679.1	0.0001418666661844467	0.00010870090342528624	9.0	0.00010870090342528624	0.0	0.0001418666661844467	0.00010870090342528624	9.0	0.00010870090342528624	0.0
ti|622312|org|Roseburia_inulinivorans_DSM_16841|accession|NZ_ACFY01000177.1	0.0001418666661844467	0.00010870090342528624	9.0	0.00010870090342528624	0.0	0.00014186667667573217	0.00012077878158365138	10.0	0.00012077878158365138	0.0
ti|622312|org|Roseburia_inulinivorans_DSM_16841|accession|NZ_ACFY01000110.1	0.0001418666661844467	0.00010870090342528624	9.0	0.00010870090342528624	0.0	0.0001418666661844467	0.00010870090342528624	9.0	0.00010870090342528624	0.0
ti|622312|org|Roseburia_inulinivorans_DSM_16841|accession|NZ_ACFY01000089.1	0.0001418666661844467	0.00010870090342528624	9.0	0.00010870090342528624	0.0	0.0001418666661844467	0.00010870090342528624	9.0	0.00010870090342528624	0.0
ti|622312|org|Roseburia_inulinivorans_DSM_16841|accession|NZ_ACFY01000060.1	0.0001418666661844467	0.00010870090342528624	9.0	0.00010870090342528624	0.0	0.0001418666661844467	0.00010870090342528624	9.0	0.00010870090342528624	0.0
ti|537011|org|Prevotella_copri_DSM_18205|accession|NZ_GG703871.1	0.0001418666661844467	0.00010870090342528624	9.0	0.00010870090342528624	0.0	0.00020453342094665786	0.00014090857851425996	11.666666666666668	0.00013285665974201651	3.623363447509542e-05
ti|536231|org|Roseburia_intestinalis_L1-82|accession|NZ_GG692734.1	0.0001418666661844467	0.00012077878158365138	10.0	0.00012077878158365138	0.0	0.0001418666661844467	0.00012077878158365138	10.0	0.00012077878158365138	0.0
ti|536231|org|Roseburia_intestinalis_L1-82|accession|NZ_GG692732.1	0.0001418666661844467	0.00010870090342528624	9.0	0.00010870090342528624	0.0	0.0001430715107412958	0.00010870090342528624	9.0	0.00010870090342528624	0.0
ti|471875|org|Ruminococcus_lactaris_ATCC_29176|accession|NZ_DS990175.1	0.0001418666661844467	0.00010870090342528624	9.0	0.00010870090342528624	0.0	0.00014186667772692058	0.00010870090342528624	9.0	0.00010870090342528624	0.0
ti|451640|org|Catenibacterium_mitsuokai_DSM_15897|accession|NZ_ACCK01000410.1	0.0001418666661844467	0.00010870090342528624	9.0	0.00010870090342528624	0.0	0.0001418666661844467	0.00010870090342528624	9.0	0.00010870090342528624	0.0
ti|451640|org|Catenibacterium_mitsuokai_DSM_15897|accession|NZ_ACCK01000080.1	0.0001418666661844467	0.00010870090342528624	9.0	0.00010870090342528624	0.0	0.0001418666661844467	0.00010870090342528624	9.0	0.00010870090342528624	0.0
ti|451640|org|Catenibacterium_mitsuokai_DSM_15897|accession|NZ_ACCK01000033.1	0.0001418666661844467	0.00010870090342528624	9.0	0.00010870090342528624	0.0	0.0001418666661844467	0.00010870090342528624	9.0	0.00010870090342528624	0.0
ti|445973|org|Intestinibacter_bartlettii_DSM_16795|accession|NZ_DS499565.1	0.0001418666661844467	0.00010870090342528624	9.0	0.00010870090342528624	0.0	0.0001418666661844467	0.00010870090342528624	9.0	0.00010870090342528624	0.0
ti|411469|org|Anaerobutyricum_hallii_DSM_3353|accession|NZ_ACEP01000063.1	0.0001418666661844467	0.00010870090342528624	9.0	0.00010870090342528624	0.0	0.0001418666661844467	0.00010870090342528624	9.0	0.00010870090342528624	0.0
ti|411469|org|Anaerobutyricum_hallii_DSM_3353|accession|NZ_ACEP01000053.1	0.0001418666661844467	0.00010870090342528624	9.0	0.00010870090342528624	0.0	0.00014186666895142451	0.00010870090342528624	9.0	0.00010870090342528624	0.0
ti|411469|org|Anaerobutyricum_hallii_DSM_3353|accession|NZ_ACEP01000044.1	0.0001418666661844467	0.00010870090342528624	9.0	0.00010870090342528624	0.0	0.00014186243311425264	0.00010870090342528624	9.0	0.00010870090342528624	0.0
ti|411462|org|Dorea_longicatena_DSM_13814|accession|NZ_DS264407.1	0.0001418666661844467	0.00010870090342528624	9.0	0.00010870090342528624	0.0	0.0001418666661844467	0.00010870090342528624	9.0	0.00010870090342528624	0.0
ti|1550024|org|Ruthenibacterium_lactatiformans|accession|NZ_JXXK01000027.1	0.0001418666661844467	0.00010870090342528624	9.0	0.00010870090342528624	0.0	0.0001418666661844467	0.00010870090342528624	9.0	0.00010870090342528624	0.0
ti|1550024|org|Ruthenibacterium_lactatiformans|accession|NZ_JXXK01000026.1	0.0001418666661844467	0.00010870090342528624	9.0	0.00010870090342528624	0.0	0.0001418666661844467	0.00010870090342528624	9.0	0.00010870090342528624	0.0
ti|1002367|org|Prevotella_stercorea_DSM_18206|accession|NZ_JH379476.1	0.0001418666661844467	0.00010870090342528624	9.0	0.00010870090342528624	0.0	0.00014192736986463607	0.00010870090342528624	9.0	0.00010870090342528624	0.0
ti|411469|org|Anaerobutyricum_hallii_DSM_3353|accession|NZ_ACEP01000055.1	0.000141866666156671	0.00010870090342528624	9.0	0.00010870090342528624	0.0	0.00014186656430520525	0.00010870090342528624	9.0	0.00010870090342528624	0.0
ti|451640|org|Catenibacterium_mitsuokai_DSM_15897|accession|NZ_ACCK01000021.1	0.00014186653307059422	0.00010870090342528624	9.0	0.00010870090342528624	0.0	0.00014186628045337787	0.00010870090342528624	9.0	0.00010870090342528624	0.0
ti|1002367|org|Prevotella_stercorea_DSM_18206|accession|NZ_JH379401.1	0.00014186463494823048	0.00010870090342528624	9.0	0.00010870090342528624	0.0	0.00014186666411045225	0.00010870090342528624	9.0	0.00010870090342528624	0.0
ti|1550024|org|Ruthenibacterium_lactatiformans|accession|NZ_JXXK01000022.1	0.00014063036576726743	0.00010870090342528624	9.0	0.00010870090342528624	0.0	0.00011841067809140602	9.762951511345154e-05	8.083333333333334	6.038939079182569e-05	8.454514710855597e-05
ti|762982|org|Paraprevotella_xylaniphila_YIT_11841|accession|NZ_GL883837.1	0.00014048771431488457	0.00020532392869220735	17.0	0.00020532392869220735	0.0	0.00014048771431488457	0.00020532392869220735	17.0	0.00020532392869220735	0.0
ti|1150298|org|Fusicatenibacter_saccharivorans|accession|NZ_CYYV01000021.1	0.00013749975437618418	0.00026571331948403303	22.0	0.00026571331948403303	0.0	0.00013749975437618418	0.00026571331948403303	22.0	0.00026571331948403303	0.0
ti|301302|org|Roseburia_faecis|accession|NZ_CYXV01000022.1	0.00013674781846642793	0.00020532392869220735	17.0	0.00020532392869220735	0.0	0.00013674781846642793	0.00020532392869220735	17.0	0.00020532392869220735	0.0
ti|1235811|org|Prevotella_disiens_JCM_6334_=_ATCC_29426|accession|NZ_BAIS01000001.1	0.00013613467379416873	0.00010870090342528624	9.0	0.00010870090342528624	0.0	0.0001416837004858419	0.00010870090342528624	9.0	0.00010870090342528624	0.0
ti|626939|org|Phascolarctobacterium_succinatutens_YIT_12067|accession|NZ_GL830936.1	0.00013258405106191993	0.00010870090342528624	9.0	0.00010870090342528624	0.0	0.00013258405106191993	0.00010870090342528624	9.0	0.00010870090342528624	0.0
ti|411483|org|Faecalibacterium_prausnitzii_A2-165|accession|NZ_GG697151.2	0.00013245815896985964	0.002717522585632156	225.0	0.002717522585632156	0.0	0.0001138884479314685	0.002691066281094785	222.8095238095238	0.0026692110729986955	6.038939079182569e-05
ti|1660368|org|Escherichia_phage_PA28|accession|NC_041935.1	0.00013195360972083358	0.0001811681723754771	15.0	0.0001811681723754771	0.0	6.587899890261246e-05	0.00012032346474831616	9.962301587301585	7.246726895019084e-05	0.00021740180685057248
ti|411483|org|Faecalibacterium_prausnitzii_A2-165|accession|NZ_GG697153.2	0.00013142489142296037	0.0007971399584520991	66.0	0.0007971399584520991	0.0	0.00013860734181295835	0.0008756461664814725	72.5	0.0008575293492439248	3.623363447509542e-05
ti|1235811|org|Prevotella_disiens_JCM_6334_=_ATCC_29426|accession|NZ_BAIS01000006.1	0.0001312927601319087	0.00010870090342528624	9.0	0.00010870090342528624	0.0	0.00012626261976299088	0.00010870090342528624	9.0	0.00010870090342528624	0.0
ti|411469|org|Anaerobutyricum_hallii_DSM_3353|accession|NZ_ACEP01000074.1	0.00013103122125374356	0.00010870090342528624	9.0	0.00010870090342528624	0.0	0.0001408426270467252	0.00010870090342528624	9.0	0.00010870090342528624	0.0
ti|411459|org|Blautia_obeum_ATCC_29174|accession|NZ_DS264302.1	0.00012986311896144231	0.00012077878158365138	10.0	0.00012077878158365138	0.0	0.00012986311896144231	0.00012077878158365138	10.0	0.00012077878158365138	0.0
ti|622312|org|Roseburia_inulinivorans_DSM_16841|accession|NZ_ACFY01000139.1	0.0001295201055362835	0.00012077878158365138	10.0	0.00012077878158365138	0.0	0.0001312061591492535	0.00012077878158365138	10.0	0.00012077878158365138	0.0
ti|622312|org|Roseburia_inulinivorans_DSM_16841|accession|NZ_ACFY01000095.1	0.00012876785389700137	0.00010870090342528624	9.0	0.00010870090342528624	0.0	0.00012876785389700137	0.00010870090342528624	9.0	0.00010870090342528624	0.0
ti|518637|org|Holdemanella_biformis_DSM_3989|accession|NZ_DS996837.1	0.00012801941190925336	0.00021740180685057248	18.0	0.00021740180685057248	0.0	0.00012801941190925336	0.00021740180685057248	18.0	0.00021740180685057248	0.0
ti|471875|org|Ruminococcus_lactaris_ATCC_29176|accession|NZ_DS990185.1	0.00012771375873643853	0.00012077878158365138	10.0	0.00012077878158365138	0.0	0.00013593977286781392	0.00012414333335633882	10.278571428571428	0.00012077878158365138	2.4155756316730277e-05
ti|411460|org|[Ruminococcus]_torques_ATCC_27756|accession|NZ_DS264370.1	0.00012680596575451574	0.00010870090342528624	9.0	0.00010870090342528624	0.0	0.00012680596575451574	0.00010870090342528624	9.0	0.00010870090342528624	0.0
ti|536231|org|Roseburia_intestinalis_L1-82|accession|NZ_GG692741.1	0.00012677842924299585	9.662302526692111e-05	8.0	9.662302526692111e-05	0.0	0.0001383822439855272	0.0001066879237322254	8.833333333333334	9.662302526692111e-05	4.8311512633460555e-05
ti|536231|org|Roseburia_intestinalis_L1-82|accession|NZ_GG692739.1	0.00012611195038470172	0.00010870090342528624	9.0	0.00010870090342528624	0.0	0.00012838122758555864	0.00010870090342528624	9.0	0.00010870090342528624	0.0
ti|411469|org|Anaerobutyricum_hallii_DSM_3353|accession|NZ_ACEP01000022.1	0.00012610587718956204	0.00010870090342528624	9.0	0.00010870090342528624	0.0	0.00012610587718956204	0.00010870090342528624	9.0	0.00010870090342528624	0.0
ti|411469|org|Anaerobutyricum_hallii_DSM_3353|accession|NZ_ACEP01000004.1	0.00012610370866365927	0.00010870090342528624	9.0	0.00010870090342528624	0.0	0.0001261037091568898	0.00010870090342528624	9.0	0.00010870090342528624	0.0
ti|537007|org|Blautia_hansenii_DSM_20583|accession|NZ_GG698588.1	0.0001261037053131946	9.662302526692111e-05	8.0	9.662302526692111e-05	0.0	0.00014578319587607285	0.00012126189670998599	10.04	0.00012077878158365138	1.2077878158365139e-05
ti|745368|org|Gemmiger_formicilis|accession|NZ_FUYF01000016.1	0.00012610370444974262	9.662302526692111e-05	8.0	9.662302526692111e-05	0.0	0.00012610370604179723	9.662302526692111e-05	8.0	9.662302526692111e-05	0.0
ti|762966|org|Parasutterella_excrementihominis_YIT_11859|accession|NZ_GL883766.1	0.00012610370327506372	9.662302526692111e-05	8.0	9.662302526692111e-05	0.0	0.00012610370327506372	9.662302526692111e-05	8.0	9.662302526692111e-05	0.0
ti|762966|org|Parasutterella_excrementihominis_YIT_11859|accession|NZ_GL883719.1	0.00012610370327506372	9.662302526692111e-05	8.0	9.662302526692111e-05	0.0	0.00012610370327506372	9.662302526692111e-05	8.0	9.662302526692111e-05	0.0
ti|762966|org|Parasutterella_excrementihominis_YIT_11859|accession|NZ_GL883695.1	0.00012610370327506372	9.662302526692111e-05	8.0	9.662302526692111e-05	0.0	0.00012610370327506372	9.662302526692111e-05	8.0	9.662302526692111e-05	0.0
ti|745368|org|Gemmiger_formicilis|accession|NZ_FUYF01000014.1	0.00012610370327506372	9.662302526692111e-05	8.0	9.662302526692111e-05	0.0	0.00012610370327544528	9.662302526692111e-05	8.0	9.662302526692111e-05	0.0
ti|622312|org|Roseburia_inulinivorans_DSM_16841|accession|NZ_ACFY01000140.1	0.00012610370327506372	9.662302526692111e-05	8.0	9.662302526692111e-05	0.0	0.00014843456719959097	0.0001137333526579384	9.416666666666668	9.662302526692111e-05	6.038939079182569e-05
ti|471875|org|Ruminococcus_lactaris_ATCC_29176|accession|NZ_DS990193.1	0.00012610370327506372	9.662302526692111e-05	8.0	9.662302526692111e-05	0.0	0.00012610493074034996	9.662302526692111e-05	8.0	9.662302526692111e-05	0.0
ti|451640|org|Catenibacterium_mitsuokai_DSM_15897|accession|NZ_ACCK01000034.1	0.00012610370327506372	9.662302526692111e-05	8.0	9.662302526692111e-05	0.0	0.00012151133466595253	9.662302526692111e-05	8.0	9.662302526692111e-05	0.0
ti|445973|org|Intestinibacter_bartlettii_DSM_16795|accession|NZ_DS499558.1	0.00012610370327506372	9.662302526692111e-05	8.0	9.662302526692111e-05	0.0	0.00012610370327506372	9.662302526692111e-05	8.0	9.662302526692111e-05	0.0
ti|411469|org|Anaerobutyricum_hallii_DSM_3353|accession|NZ_ACEP01000131.1	0.00012610370327506372	9.662302526692111e-05	8.0	9.662302526692111e-05	0.0	0.0001261139959434607	9.662302526692111e-05	8.0	9.662302526692111e-05	0.0
ti|411469|org|Anaerobutyricum_hallii_DSM_3353|accession|NZ_ACEP01000129.1	0.00012610370327506372	9.662302526692111e-05	8.0	9.662302526692111e-05	0.0	0.00012610399744441308	9.662302526692111e-05	8.0	9.662302526692111e-05	0.0
ti|411469|org|Anaerobutyricum_hallii_DSM_3353|accession|NZ_ACEP01000113.1	0.00012610370327506372	9.662302526692111e-05	8.0	9.662302526692111e-05	0.0	0.00012610370327506372	9.662302526692111e-05	8.0	9.662302526692111e-05	0.0
ti|411469|org|Anaerobutyricum_hallii_DSM_3353|accession|NZ_ACEP01000089.1	0.00012610370327506372	9.662302526692111e-05	8.0	9.662302526692111e-05	0.0	0.00012610370327506372	9.662302526692111e-05	8.0	9.662302526692111e-05	0.0
ti|411469|org|Anaerobutyricum_hallii_DSM_3353|accession|NZ_ACEP01000057.1	0.00012610370327506372	9.662302526692111e-05	8.0	9.662302526692111e-05	0.0	0.00012610370335409295	9.662302526692111e-05	8.0	9.662302526692111e-05	0.0
ti|411469|org|Anaerobutyricum_hallii_DSM_3353|accession|NZ_ACEP01000039.1	0.00012610370327506372	9.662302526692111e-05	8.0	9.662302526692111e-05	0.0	0.00012610370328055494	9.662302526692111e-05	8.0	9.662302526692111e-05	0.0
ti|411469|org|Anaerobutyricum_hallii_DSM_3353|accession|NZ_ACEP01000035.1	0.00012610370327506372	9.662302526692111e-05	8.0	9.662302526692111e-05	0.0	0.00012610370372283133	9.662302526692111e-05	8.0	9.662302526692111e-05	0.0
ti|411469|org|Anaerobutyricum_hallii_DSM_3353|accession|NZ_ACEP01000025.1	0.00012610370327506372	9.662302526692111e-05	8.0	9.662302526692111e-05	0.0	0.00012610370327506372	9.662302526692111e-05	8.0	9.662302526692111e-05	0.0
ti|411462|org|Dorea_longicatena_DSM_13814|accession|NZ_DS264408.1	0.00012610370327506372	9.662302526692111e-05	8.0	9.662302526692111e-05	0.0	0.00012610370327506372	9.662302526692111e-05	8.0	9.662302526692111e-05	0.0
ti|1550024|org|Ruthenibacterium_lactatiformans|accession|NZ_JXXK01000029.1	0.00012610370327506372	9.662302526692111e-05	8.0	9.662302526692111e-05	0.0	0.00012610370327506372	9.662302526692111e-05	8.0	9.662302526692111e-05	0.0
ti|1501391|org|Alistipes_inops|accession|NZ_JRGF01000012.1	0.00012610370327506372	9.662302526692111e-05	8.0	9.662302526692111e-05	0.0	0.00012610385432469827	9.662302526692111e-05	8.0	9.662302526692111e-05	0.0
ti|1501391|org|Alistipes_inops|accession|NZ_JRGF01000011.1	0.00012610370327506372	9.662302526692111e-05	8.0	9.662302526692111e-05	0.0	0.00012610370327506372	9.662302526692111e-05	8.0	9.662302526692111e-05	0.0
ti|1122981|org|Prevotella_corporis_DSM_18810_=_JCM_8529|accession|NZ_KE387157.1	0.00012610370327506372	9.662302526692111e-05	8.0	9.662302526692111e-05	0.0	0.00012612584385881116	9.662302526692111e-05	8.0	9.662302526692111e-05	0.0
ti|1002367|org|Prevotella_stercorea_DSM_18206|accession|NZ_JH379442.1	0.00012610370327506372	9.662302526692111e-05	8.0	9.662302526692111e-05	0.0	0.00012610370327506372	9.662302526692111e-05	8.0	9.662302526692111e-05	0.0
ti|1002367|org|Prevotella_stercorea_DSM_18206|accession|NZ_JH379423.1	0.00012610370327506372	9.662302526692111e-05	8.0	9.662302526692111e-05	0.0	0.00012610959799810097	9.662302526692111e-05	8.0	9.662302526692111e-05	0.0
ti|1002367|org|Prevotella_stercorea_DSM_18206|accession|NZ_JH379391.1	0.00012610370327506372	9.662302526692111e-05	8.0	9.662302526692111e-05	0.0	0.00012610370327506372	9.662302526692111e-05	8.0	9.662302526692111e-05	0.0
ti|1002367|org|Prevotella_stercorea_DSM_18206|accession|NZ_JH379366.1	0.00012610370327506372	9.662302526692111e-05	8.0	9.662302526692111e-05	0.0	0.00012610370327506372	9.662302526692111e-05	8.0	9.662302526692111e-05	0.0
ti|411459|org|Blautia_obeum_ATCC_29174|accession|NZ_DS264313.1	0.00012610370326561444	9.662302526692111e-05	8.0	9.662302526692111e-05	0.0	0.0001261037032748448	9.662302526692111e-05	8.0	9.662302526692111e-05	0.0
ti|745368|org|Gemmiger_formicilis|accession|NZ_FUYF01000015.1	0.00012610368105296144	9.662302526692111e-05	8.0	9.662302526692111e-05	0.0	0.00012610509104911998	9.662302526692111e-05	8.0	9.662302526692111e-05	0.0
ti|622312|org|Roseburia_inulinivorans_DSM_16841|accession|NZ_ACFY01000061.1	0.0001260274859298187	9.662302526692111e-05	8.0	9.662302526692111e-05	0.0	0.00011816869798033802	9.058408618773854e-05	7.5	9.662302526692111e-05	1.2077878158365139e-05
ti|1282887|org|Lachnospira_multipara_ATCC_19207|accession|NZ_AUJG01000003.1	0.0001236731944490511	0.0005555823952847963	46.0	0.0005555823952847963	0.0	0.00012927880647847575	0.0005435045171264312	45.0	0.0005435045171264312	0.0
ti|622312|org|Roseburia_inulinivorans_DSM_16841|accession|NZ_ACFY01000033.1	0.00012296273434801396	9.662302526692111e-05	8.0	9.662302526692111e-05	0.0	0.00012296273434801396	9.662302526692111e-05	8.0	9.662302526692111e-05	0.0
ti|266264|org|Cupriavidus_metallidurans_CH34|accession|NC_007971.2	0.00012286551640041779	0.00014493453790038167	12.0	0.00014493453790038167	0.0	0.00011460375437305887	0.00014325705482283094	11.86111111111111	0.00013285665974201651	4.8311512633460555e-05
ti|537011|org|Prevotella_copri_DSM_18205|accession|NZ_GG703873.1	0.00012263076984985122	0.00010870090342528624	9.0	0.00010870090342528624	0.0	0.0001650163973262591	0.00014493453790038167	12.0	0.00014493453790038167	0.0
ti|762982|org|Paraprevotella_xylaniphila_YIT_11841|accession|NZ_GL883812.1	0.00011935049302763794	0.00013285665974201651	11.0	0.00013285665974201651	0.0	0.00011935050397296318	0.00013285665974201651	11.0	0.00013285665974201651	0.0
ti|470145|org|Bacteroides_coprocola_DSM_17136|accession|NZ_DS981485.1	0.00011501152025639207	8.454514710855597e-05	7.0	8.454514710855597e-05	0.0	0.0004094111706882319	0.000333914988608452	27.64682539682539	0.00042272573554277983	0.0003019469539591285
ti|1550024|org|Ruthenibacterium_lactatiformans|accession|NZ_JXXK01000028.1	0.0001147035244259893	8.454514710855597e-05	7.0	8.454514710855597e-05	0.0	0.00010571811227829233	8.454514710855597e-05	7.0	7.246726895019084e-05	2.4155756316730277e-05
ti|1282887|org|Lachnospira_multipara_ATCC_19207|accession|NZ_AUJG01000001.1	0.00011469691502827048	0.0008937629837190203	74.0	0.0008937629837190203	0.0	0.00011466922346763813	0.0008877240446398377	73.5	0.000881685105560655	1.2077878158365139e-05
ti|1122981|org|Prevotella_corporis_DSM_18810_=_JCM_8529|accession|NZ_KE387158.1	0.00011467674629300413	9.662302526692111e-05	8.0	9.662302526692111e-05	0.0	6.397065457047318e-05	4.62985329403997e-05	3.8333333333333335	2.4155756316730277e-05	7.246726895019084e-05
ti|411460|org|[Ruminococcus]_torques_ATCC_27756|accession|NZ_DS264363.1	0.00011449581227681843	9.662302526692111e-05	8.0	9.662302526692111e-05	0.0	0.00011449581227688292	9.662302526692111e-05	8.0	9.662302526692111e-05	0.0
ti|411469|org|Anaerobutyricum_hallii_DSM_3353|accession|NZ_ACEP01000094.1	0.00011358758827257915	9.662302526692111e-05	8.0	9.662302526692111e-05	0.0	0.00017812117077487804	0.00017210976375670321	14.25	0.00013285665974201651	0.00010870090342528624
ti|622312|org|Roseburia_inulinivorans_DSM_16841|accession|NZ_ACFY01000137.1	0.00011243278908238458	8.454514710855597e-05	7.0	8.454514710855597e-05	0.0	0.00016162053379782152	0.00013882849949809707	11.494444444444445	9.662302526692111e-05	0.00010870090342528624
ti|411469|org|Anaerobutyricum_hallii_DSM_3353|accession|NZ_ACEP01000109.1	0.00011234546223642609	8.454514710855597e-05	7.0	8.454514710855597e-05	0.0	0.00017818860228675687	0.00014493453790038167	12.0	0.00014493453790038167	0.0
ti|470145|org|Bacteroides_coprocola_DSM_17136|accession|NZ_DS981462.1	0.0001119795945817462	0.0001570124160587468	13.0	0.0001570124160587468	0.0	0.00011202521701488219	0.0001570124160587468	13.0	0.0001570124160587468	0.0
ti|411469|org|Anaerobutyricum_hallii_DSM_3353|accession|NZ_ACEP01000067.1	0.00011111256020967799	8.454514710855597e-05	7.0	8.454514710855597e-05	0.0	0.00012592066002462912	9.662302526692111e-05	8.0	9.662302526692111e-05	0.0
ti|763034|org|Bacteroides_fluxus_YIT_12057|accession|NZ_GL882693.1	0.00011079101729510008	0.00010870090342528624	9.0	0.00010870090342528624	0.0	0.00031352721675081925	0.0002757782179493372	22.83333333333332	0.00012077878158365138	0.0004589593700178753
ti|536231|org|Roseburia_intestinalis_L1-82|accession|NZ_GG692737.1	0.00011035809032309197	8.454514710855597e-05	7.0	8.454514710855597e-05	0.0	0.00012504110091719444	9.461004557386024e-05	7.833333333333333	8.454514710855597e-05	3.623363447509542e-05
ti|1122992|org|Prevotella_timonensis_4401737_=_DSM_22865_=_JCM_15640|accession|NZ_HG417100.1	0.00011034870143431087	0.00013285665974201651	11.0	0.00013285665974201651	0.0	0.00011821377756669226	0.00012681772066283395	10.5	0.00013285665974201651	0.0
ti|745368|org|Gemmiger_formicilis|accession|NZ_FUYF01000017.1	0.00011034076391907661	8.454514710855597e-05	7.0	8.454514710855597e-05	0.0	0.00011034074709502312	8.454514710855597e-05	7.0	8.454514710855597e-05	0.0
ti|451640|org|Catenibacterium_mitsuokai_DSM_15897|accession|NZ_ACCK01000460.1	0.00011034074094897343	8.454514710855597e-05	7.0	8.454514710855597e-05	0.0	0.00011034072570604002	8.454514710855597e-05	7.0	8.454514710855597e-05	0.0
ti|451640|org|Catenibacterium_mitsuokai_DSM_15897|accession|NZ_ACCK01000006.1	0.00011034074036983092	8.454514710855597e-05	7.0	8.454514710855597e-05	0.0	0.00011034074073919187	8.454514710855597e-05	7.0	8.454514710855597e-05	0.0
ti|1002367|org|Prevotella_stercorea_DSM_18206|accession|NZ_JH379444.1	0.00011034074036712823	9.662302526692111e-05	8.0	9.662302526692111e-05	0.0	0.00012235527677962146	0.00010467494403916454	8.666666666666668	9.662302526692111e-05	2.4155756316730277e-05
ti|762966|org|Parasutterella_excrementihominis_YIT_11859|accession|NZ_GL883745.1	0.00011034074036568075	8.454514710855597e-05	7.0	8.454514710855597e-05	0.0	0.00011034074036568075	8.454514710855597e-05	7.0	8.454514710855597e-05	0.0
ti|762966|org|Parasutterella_excrementihominis_YIT_11859|accession|NZ_GL883740.1	0.00011034074036568075	8.454514710855597e-05	7.0	8.454514710855597e-05	0.0	0.00011034074036568075	8.454514710855597e-05	7.0	8.454514710855597e-05	0.0
ti|762966|org|Parasutterella_excrementihominis_YIT_11859|accession|NZ_GL883708.1	0.00011034074036568075	8.454514710855597e-05	7.0	8.454514710855597e-05	0.0	0.00011034074036568075	8.454514710855597e-05	7.0	8.454514710855597e-05	0.0
ti|762966|org|Parasutterella_excrementihominis_YIT_11859|accession|NZ_GL883676.1	0.00011034074036568075	8.454514710855597e-05	7.0	8.454514710855597e-05	0.0	0.00011034074036568075	8.454514710855597e-05	7.0	8.454514710855597e-05	0.0
ti|762966|org|Parasutterella_excrementihominis_YIT_11859|accession|NZ_GL883675.1	0.00011034074036568075	8.454514710855597e-05	7.0	8.454514710855597e-05	0.0	0.00011034074036568075	8.454514710855597e-05	7.0	8.454514710855597e-05	0.0
ti|622312|org|Roseburia_inulinivorans_DSM_16841|accession|NZ_ACFY01000065.1	0.00011034074036568075	8.454514710855597e-05	7.0	8.454514710855597e-05	0.0	0.00011034074036568075	8.454514710855597e-05	7.0	8.454514710855597e-05	0.0
ti|536231|org|Roseburia_intestinalis_L1-82|accession|NZ_GG692750.1	0.00011034074036568075	8.454514710855597e-05	7.0	8.454514710855597e-05	0.0	0.00011034074036568075	8.454514710855597e-05	7.0	8.454514710855597e-05	0.0
ti|536231|org|Roseburia_intestinalis_L1-82|accession|NZ_GG692744.1	0.00011034074036568075	8.454514710855597e-05	7.0	8.454514710855597e-05	0.0	0.00011034074036568075	8.454514710855597e-05	7.0	8.454514710855597e-05	0.0
ti|471875|org|Ruminococcus_lactaris_ATCC_29176|accession|NZ_DS990186.1	0.00011034074036568075	8.454514710855597e-05	7.0	8.454514710855597e-05	0.0	0.00011034074511093362	8.454514710855597e-05	7.0	8.454514710855597e-05	0.0
ti|451640|org|Catenibacterium_mitsuokai_DSM_15897|accession|NZ_ACCK01000418.1	0.00011034074036568075	8.454514710855597e-05	7.0	8.454514710855597e-05	0.0	0.00011034074036568075	8.454514710855597e-05	7.0	8.454514710855597e-05	0.0
ti|451640|org|Catenibacterium_mitsuokai_DSM_15897|accession|NZ_ACCK01000069.1	0.00011034074036568075	8.454514710855597e-05	7.0	8.454514710855597e-05	0.0	0.00011034074036568075	8.454514710855597e-05	7.0	8.454514710855597e-05	0.0
ti|451640|org|Catenibacterium_mitsuokai_DSM_15897|accession|NZ_ACCK01000066.1	0.00011034074036568075	8.454514710855597e-05	7.0	8.454514710855597e-05	0.0	0.00011034074036568075	8.454514710855597e-05	7.0	8.454514710855597e-05	0.0
ti|451640|org|Catenibacterium_mitsuokai_DSM_15897|accession|NZ_ACCK01000065.1	0.00011034074036568075	8.454514710855597e-05	7.0	8.454514710855597e-05	0.0	0.00011034074036568075	8.454514710855597e-05	7.0	8.454514710855597e-05	0.0
ti|411469|org|Anaerobutyricum_hallii_DSM_3353|accession|NZ_ACEP01000085.1	0.00011034074036568075	9.662302526692111e-05	8.0	9.662302526692111e-05	0.0	0.00011034074036568075	9.058408618773854e-05	7.5	9.662302526692111e-05	0.0
ti|411459|org|Blautia_obeum_ATCC_29174|accession|NZ_DS264337.1	0.00011034074036568075	8.454514710855597e-05	7.0	8.454514710855597e-05	0.0	0.00011034074036568075	8.454514710855597e-05	7.0	8.454514710855597e-05	0.0
ti|411459|org|Blautia_obeum_ATCC_29174|accession|NZ_DS264316.1	0.00011034074036568075	8.454514710855597e-05	7.0	8.454514710855597e-05	0.0	0.00011034074036568075	8.454514710855597e-05	7.0	8.454514710855597e-05	0.0
ti|411459|org|Blautia_obeum_ATCC_29174|accession|NZ_DS264296.1	0.00011034074036568075	8.454514710855597e-05	7.0	8.454514710855597e-05	0.0	0.00011034163404237743	8.454514710855597e-05	7.0	8.454514710855597e-05	0.0
ti|1550024|org|Ruthenibacterium_lactatiformans|accession|NZ_JXXK01000033.1	0.00011034074036568075	8.454514710855597e-05	7.0	8.454514710855597e-05	0.0	0.00011034074036568075	8.454514710855597e-05	7.0	8.454514710855597e-05	0.0
ti|1550024|org|Ruthenibacterium_lactatiformans|accession|NZ_JXXK01000032.1	0.00011034074036568075	8.454514710855597e-05	7.0	8.454514710855597e-05	0.0	0.00011769637131543538	8.857110649467768e-05	7.333333333333333	8.454514710855597e-05	1.2077878158365139e-05
ti|1550024|org|Ruthenibacterium_lactatiformans|accession|NZ_JXXK01000031.1	0.00011034074036568075	8.454514710855597e-05	7.0	8.454514710855597e-05	0.0	0.00011034074036568075	8.454514710855597e-05	7.0	8.454514710855597e-05	0.0
ti|1550024|org|Ruthenibacterium_lactatiformans|accession|NZ_JXXK01000030.1	0.00011034074036568075	8.454514710855597e-05	7.0	8.454514710855597e-05	0.0	0.00011034074036568075	8.454514710855597e-05	7.0	8.454514710855597e-05	0.0
ti|1122981|org|Prevotella_corporis_DSM_18810_=_JCM_8529|accession|NZ_AUME01000007.1	0.00011034074036568075	8.454514710855597e-05	7.0	8.454514710855597e-05	0.0	0.00011644710654522283	9.058408618773854e-05	7.5	8.454514710855597e-05	1.2077878158365139e-05
ti|1002367|org|Prevotella_stercorea_DSM_18206|accession|NZ_JH379456.1	0.00011034074036568075	8.454514710855597e-05	7.0	8.454514710855597e-05	0.0	0.00011034074041673429	8.454514710855597e-05	7.0	8.454514710855597e-05	0.0
ti|1002367|org|Prevotella_stercorea_DSM_18206|accession|NZ_JH379411.1	0.00011034074036568075	8.454514710855597e-05	7.0	8.454514710855597e-05	0.0	0.00011034074036568075	8.454514710855597e-05	7.0	8.454514710855597e-05	0.0
ti|1002367|org|Prevotella_stercorea_DSM_18206|accession|NZ_JH379399.1	0.00011034074036568075	8.454514710855597e-05	7.0	8.454514710855597e-05	0.0	0.00011034074036568075	8.454514710855597e-05	7.0	8.454514710855597e-05	0.0
ti|745368|org|Gemmiger_formicilis|accession|NZ_FUYF01000019.1	0.00011034074036450486	8.454514710855597e-05	7.0	8.454514710855597e-05	0.0	0.00011034074036533554	8.454514710855597e-05	7.0	8.454514710855597e-05	0.0
ti|1235811|org|Prevotella_disiens_JCM_6334_=_ATCC_29426|accession|NZ_BAIS01000018.1	0.00011034073966417228	8.454514710855597e-05	7.0	8.454514710855597e-05	0.0	0.00011034074036521868	8.454514710855597e-05	7.0	8.454514710855597e-05	0.0
ti|762982|org|Paraprevotella_xylaniphila_YIT_11841|accession|NZ_GL883865.1	0.00011012249860970692	0.00016909029421711193	14.0	0.00016909029421711193	0.0	0.00011012249860970692	0.00016909029421711193	14.0	0.00016909029421711193	0.0
ti|518637|org|Holdemanella_biformis_DSM_3989|accession|NZ_DS996843.1	0.00010997009580011404	0.0004951930044929707	41.0	0.0004951930044929707	0.0	0.00011110993872530423	0.0005193487608097009	43.0	0.0005193487608097009	0.0
ti|626939|org|Phascolarctobacterium_succinatutens_YIT_12067|accession|NZ_GL830907.1	0.0001084956213807182	0.00013285665974201651	11.0	0.00013285665974201651	0.0	0.0001084956213807182	0.00013285665974201651	11.0	0.00013285665974201651	0.0
ti|762982|org|Paraprevotella_xylaniphila_YIT_11841|accession|NZ_GL883883.1	0.00010775848123128409	0.00013285665974201651	11.0	0.00013285665974201651	0.0	0.00010775848123128409	0.00013285665974201651	11.0	0.00013285665974201651	0.0
ti|470145|org|Bacteroides_coprocola_DSM_17136|accession|NZ_DS981432.1	0.00010719725695971701	0.00014493453790038167	12.0	0.00014493453790038167	0.0	0.00010719725699835277	0.00014493453790038167	12.0	0.00014493453790038167	0.0
ti|40520|org|Blautia_obeum|accession|NZ_CYZA01000011.1	0.00010674698006603421	0.00012077878158365138	10.0	0.00012077878158365138	0.0	0.00011046947562635476	0.0001231943572153244	10.2	0.00012077878158365138	1.2077878158365139e-05
ti|762982|org|Paraprevotella_xylaniphila_YIT_11841|accession|NZ_GL883870.1	0.00010484788675439258	0.00016909029421711193	14.0	0.00016909029421711193	0.0	0.00014501674263062457	0.00022344074592975507	18.5	0.00021740180685057248	3.623363447509542e-05
ti|1871018|org|Angelakisella_massiliensis|accession|NZ_LT629945.1	0.00010313282592803136	0.00022947968500893764	19.0	0.00022947968500893764	0.0	8.06824518754852e-05	0.0001078882865526867	8.932718573416247	3.623363447509542e-05	0.00027779119764239816
ti|622312|org|Roseburia_inulinivorans_DSM_16841|accession|NZ_ACFY01000142.1	0.00010250538178924453	8.454514710855597e-05	7.0	8.454514710855597e-05	0.0	0.00013193572928997793	0.00011473984250446882	9.5	0.00010870090342528624	1.2077878158365139e-05
ti|411469|org|Anaerobutyricum_hallii_DSM_3353|accession|NZ_ACEP01000072.1	0.00010193340521664025	0.00010870090342528624	9.0	0.00010870090342528624	0.0	8.573838814130305e-05	0.00010266196434610367	8.5	9.662302526692111e-05	1.2077878158365139e-05
ti|762982|org|Paraprevotella_xylaniphila_YIT_11841|accession|NZ_GL883824.1	0.00010186258010524117	0.00013285665974201651	11.0	0.00013285665974201651	0.0	0.00010286665304954185	0.00013285665974201651	11.0	0.00013285665974201651	0.0
ti|626939|org|Phascolarctobacterium_succinatutens_YIT_12067|accession|NZ_GL830879.1	0.0001015084021725088	9.662302526692111e-05	8.0	9.662302526692111e-05	0.0	0.00010419079870226775	9.863600495998195e-05	8.166666666666666	9.662302526692111e-05	1.2077878158365139e-05
ti|470145|org|Bacteroides_coprocola_DSM_17136|accession|NZ_DS981453.1	0.0001015084021725088	9.662302526692111e-05	8.0	9.662302526692111e-05	0.0	0.00010245205559556368	9.786915555310163e-05	8.103174603174603	9.662302526692111e-05	2.4155756316730277e-05
ti|411463|org|Eubacterium_ventriosum_ATCC_27560|accession|NZ_DS264269.1	0.00010147361639381261	0.0001811681723754771	15.0	0.0001811681723754771	0.0	0.00010147361639381261	0.0001811681723754771	15.0	0.0001811681723754771	0.0
ti|471875|org|Ruminococcus_lactaris_ATCC_29176|accession|NZ_DS990173.1	0.0001014247654421624	9.662302526692111e-05	8.0	9.662302526692111e-05	0.0	0.00013085004353173077	0.00010906079979465168	9.02979797979798	9.662302526692111e-05	9.662302526692111e-05
ti|626939|org|Phascolarctobacterium_succinatutens_YIT_12067|accession|NZ_GL830849.1	0.00010105812524315399	8.454514710855597e-05	7.0	8.454514710855597e-05	0.0	0.00010105812524315399	8.454514710855597e-05	7.0	8.454514710855597e-05	0.0
ti|518637|org|Holdemanella_biformis_DSM_3989|accession|NZ_DS996846.1	0.00010076616521346349	0.0002536354413256679	21.0	0.0002536354413256679	0.0	0.00010101326808653754	0.0002536354413256679	21.0	0.0002536354413256679	0.0
ti|622312|org|Roseburia_inulinivorans_DSM_16841|accession|NZ_ACFY01000094.1	0.00010054383220743299	0.00010870090342528624	9.0	0.00010870090342528624	0.0	0.00020031730632504103	0.0001966681160120457	16.283333333333335	0.0001570124160587468	0.00012077878158365138
ti|762982|org|Paraprevotella_xylaniphila_YIT_11841|accession|NZ_GL883846.1	0.00010050856122289014	0.00013285665974201651	11.0	0.00013285665974201651	0.0	0.00010050856122336663	0.00013285665974201651	11.0	0.00013285665974201651	0.0
ti|626939|org|Phascolarctobacterium_succinatutens_YIT_12067|accession|NZ_GL830928.1	0.00010009119307996268	0.00012077878158365138	10.0	0.00012077878158365138	0.0	0.00010009119307996268	0.00012077878158365138	10.0	0.00012077878158365138	0.0
ti|1256908|org|Eubacterium_ramulus_ATCC_29099|accession|NZ_KI271072.1	9.976796198644015e-05	0.00012077878158365138	10.0	0.00012077878158365138	0.0	9.9819978442874e-05	0.00013285665974201651	11.0	0.00013285665974201651	0.0
ti|411463|org|Eubacterium_ventriosum_ATCC_27560|accession|NZ_DS264271.1	9.922933694752055e-05	0.00020532392869220735	17.0	0.00020532392869220735	0.0	0.00014738790134707132	0.00035931687521136284	29.75	0.00043480361370114496	3.623363447509542e-05
ti|411463|org|Eubacterium_ventriosum_ATCC_27560|accession|NZ_DS264265.1	9.889292803757565e-05	0.00026571331948403303	22.0	0.00026571331948403303	0.0	0.0001141371321126078	0.00027506452514907033	22.774242424242427	0.00026571331948403303	6.038939079182569e-05
ti|451640|org|Catenibacterium_mitsuokai_DSM_15897|accession|NZ_ACCK01000409.1	9.790489894735476e-05	8.454514710855597e-05	7.0	8.454514710855597e-05	0.0	9.892822477980128e-05	8.454514710855597e-05	7.0	8.454514710855597e-05	0.0
ti|626939|org|Phascolarctobacterium_succinatutens_YIT_12067|accession|NZ_GL830857.1	9.725479046421419e-05	9.662302526692111e-05	8.0	9.662302526692111e-05	0.0	9.725479046421419e-05	9.662302526692111e-05	8.0	9.662302526692111e-05	0.0
ti|411459|org|Blautia_obeum_ATCC_29174|accession|NZ_DS264318.1	9.724192807710558e-05	8.454514710855597e-05	7.0	8.454514710855597e-05	0.0	9.724192807805051e-05	8.454514710855597e-05	7.0	8.454514710855597e-05	0.0
ti|411469|org|Anaerobutyricum_hallii_DSM_3353|accession|NZ_ACEP01000076.1	9.702051282911789e-05	7.246726895019084e-05	6.0	7.246726895019084e-05	0.0	0.00016493238629242368	0.0001325834696408154	10.977380952380951	0.00010870090342528624	0.00010870090342528624
ti|622312|org|Roseburia_inulinivorans_DSM_16841|accession|NZ_ACFY01000054.1	9.540515248093569e-05	7.246726895019084e-05	6.0	7.246726895019084e-05	0.0	0.00015450234771504132	0.00011876580189059052	9.833333333333332	7.246726895019084e-05	9.662302526692111e-05
ti|745368|org|Gemmiger_formicilis|accession|NZ_FUYF01000020.1	9.495356723023956e-05	7.246726895019084e-05	6.0	7.246726895019084e-05	0.0	9.983294063092016e-05	7.649322833631255e-05	6.333333333333333	7.246726895019084e-05	1.2077878158365139e-05
ti|1122981|org|Prevotella_corporis_DSM_18810_=_JCM_8529|accession|NZ_AUME01000008.1	9.462257033997057e-05	7.246726895019084e-05	6.0	7.246726895019084e-05	0.0	9.439779388478877e-05	7.246726895019084e-05	6.0	7.246726895019084e-05	0.0
ti|411461|org|Dorea_formicigenerans_ATCC_27755|accession|NZ_AAXA02000008.1	9.457777745709423e-05	7.246726895019084e-05	6.0	7.246726895019084e-05	0.0	0.00013336292941638916	0.00013285665974201651	11.0	9.662302526692111e-05	6.038939079182569e-05
ti|763034|org|Bacteroides_fluxus_YIT_12057|accession|NZ_GL882614.1	9.45777774563114e-05	8.454514710855597e-05	7.0	8.454514710855597e-05	0.0	9.457795328604557e-05	8.454514710855597e-05	7.0	8.454514710855597e-05	0.0
ti|762966|org|Parasutterella_excrementihominis_YIT_11859|accession|NZ_GL883755.1	9.45777774562978e-05	7.246726895019084e-05	6.0	7.246726895019084e-05	0.0	9.45777774562978e-05	7.246726895019084e-05	6.0	7.246726895019084e-05	0.0
ti|762966|org|Parasutterella_excrementihominis_YIT_11859|accession|NZ_GL883730.1	9.45777774562978e-05	7.246726895019084e-05	6.0	7.246726895019084e-05	0.0	9.45777774562978e-05	7.246726895019084e-05	6.0	7.246726895019084e-05	0.0
ti|762966|org|Parasutterella_excrementihominis_YIT_11859|accession|NZ_GL883699.1	9.45777774562978e-05	7.246726895019084e-05	6.0	7.246726895019084e-05	0.0	9.45777774562978e-05	7.246726895019084e-05	6.0	7.246726895019084e-05	0.0
ti|622312|org|Roseburia_inulinivorans_DSM_16841|accession|NZ_ACFY01000168.1	9.45777774562978e-05	7.246726895019084e-05	6.0	7.246726895019084e-05	0.0	9.45777774562978e-05	7.246726895019084e-05	6.0	7.246726895019084e-05	0.0
ti|622312|org|Roseburia_inulinivorans_DSM_16841|accession|NZ_ACFY01000132.1	9.45777774562978e-05	7.246726895019084e-05	6.0	7.246726895019084e-05	0.0	9.45777774562978e-05	7.246726895019084e-05	6.0	7.246726895019084e-05	0.0
ti|622312|org|Roseburia_inulinivorans_DSM_16841|accession|NZ_ACFY01000018.1	9.45777774562978e-05	7.246726895019084e-05	6.0	7.246726895019084e-05	0.0	9.45777774562978e-05	7.246726895019084e-05	6.0	7.246726895019084e-05	0.0
ti|536231|org|Roseburia_intestinalis_L1-82|accession|NZ_GG692746.1	9.45777774562978e-05	7.246726895019084e-05	6.0	7.246726895019084e-05	0.0	9.457777745645466e-05	7.246726895019084e-05	6.0	7.246726895019084e-05	0.0
ti|536231|org|Roseburia_intestinalis_L1-82|accession|NZ_GG692742.1	9.45777774562978e-05	7.246726895019084e-05	6.0	7.246726895019084e-05	0.0	9.457777776062347e-05	7.246726895019084e-05	6.0	7.246726895019084e-05	0.0
ti|471875|org|Ruminococcus_lactaris_ATCC_29176|accession|NZ_DS990200.1	9.45777774562978e-05	7.246726895019084e-05	6.0	7.246726895019084e-05	0.0	9.508162714882767e-05	7.85062080293734e-05	6.5	7.246726895019084e-05	1.2077878158365139e-05
ti|471875|org|Ruminococcus_lactaris_ATCC_29176|accession|NZ_DS990195.1	9.45777774562978e-05	7.246726895019084e-05	6.0	7.246726895019084e-05	0.0	9.457784574957896e-05	7.246726895019084e-05	6.0	7.246726895019084e-05	0.0
ti|471875|org|Ruminococcus_lactaris_ATCC_29176|accession|NZ_DS990187.1	9.45777774562978e-05	7.246726895019084e-05	6.0	7.246726895019084e-05	0.0	9.457807511474267e-05	8.454514710855597e-05	7.0	8.454514710855597e-05	0.0
ti|471875|org|Ruminococcus_lactaris_ATCC_29176|accession|NZ_DS990179.1	9.45777774562978e-05	7.246726895019084e-05	6.0	7.246726895019084e-05	0.0	9.458422374786412e-05	7.246726895019084e-05	6.0	7.246726895019084e-05	0.0
ti|471875|org|Ruminococcus_lactaris_ATCC_29176|accession|NZ_DS990176.1	9.45777774562978e-05	7.246726895019084e-05	6.0	7.246726895019084e-05	0.0	9.45777774562978e-05	7.246726895019084e-05	6.0	7.246726895019084e-05	0.0
ti|471875|org|Ruminococcus_lactaris_ATCC_29176|accession|NZ_DS990167.1	9.45777774562978e-05	7.246726895019084e-05	6.0	7.246726895019084e-05	0.0	9.457816017243349e-05	7.246726895019084e-05	6.0	7.246726895019084e-05	0.0
ti|451640|org|Catenibacterium_mitsuokai_DSM_15897|accession|NZ_ACCK01000447.1	9.45777774562978e-05	7.246726895019084e-05	6.0	7.246726895019084e-05	0.0	9.45777774562978e-05	7.246726895019084e-05	6.0	7.246726895019084e-05	0.0
ti|451640|org|Catenibacterium_mitsuokai_DSM_15897|accession|NZ_ACCK01000407.1	9.45777774562978e-05	7.246726895019084e-05	6.0	7.246726895019084e-05	0.0	9.45777774562978e-05	7.246726895019084e-05	6.0	7.246726895019084e-05	0.0
ti|451640|org|Catenibacterium_mitsuokai_DSM_15897|accession|NZ_ACCK01000075.1	9.45777774562978e-05	7.246726895019084e-05	6.0	7.246726895019084e-05	0.0	9.45777774562978e-05	7.246726895019084e-05	6.0	7.246726895019084e-05	0.0
ti|451640|org|Catenibacterium_mitsuokai_DSM_15897|accession|NZ_ACCK01000073.1	9.45777774562978e-05	7.246726895019084e-05	6.0	7.246726895019084e-05	0.0	9.45777774562978e-05	7.246726895019084e-05	6.0	7.246726895019084e-05	0.0
ti|449673|org|Bacteroides_stercoris_ATCC_43183|accession|NZ_DS499664.1	9.45777774562978e-05	7.246726895019084e-05	6.0	7.246726895019084e-05	0.0	0.00020963198012553572	0.00017142918490809685	14.193650793650786	0.00012077878158365138	0.0003140248321174936
ti|445973|org|Intestinibacter_bartlettii_DSM_16795|accession|NZ_DS499568.1	9.45777774562978e-05	7.246726895019084e-05	6.0	7.246726895019084e-05	0.0	9.458032893761425e-05	8.857110649467768e-05	7.333333333333333	8.454514710855597e-05	1.2077878158365139e-05
ti|411469|org|Anaerobutyricum_hallii_DSM_3353|accession|NZ_ACEP01000166.1	9.45777774562978e-05	7.246726895019084e-05	6.0	7.246726895019084e-05	0.0	9.45777774562978e-05	7.246726895019084e-05	6.0	7.246726895019084e-05	0.0
ti|411469|org|Anaerobutyricum_hallii_DSM_3353|accession|NZ_ACEP01000095.1	9.45777774562978e-05	7.246726895019084e-05	6.0	7.246726895019084e-05	0.0	9.457777748231366e-05	7.246726895019084e-05	6.0	7.246726895019084e-05	0.0
ti|411469|org|Anaerobutyricum_hallii_DSM_3353|accession|NZ_ACEP01000083.1	9.45777774562978e-05	7.246726895019084e-05	6.0	7.246726895019084e-05	0.0	9.457777747712967e-05	7.246726895019084e-05	6.0	7.246726895019084e-05	0.0
ti|411469|org|Anaerobutyricum_hallii_DSM_3353|accession|NZ_ACEP01000051.1	9.45777774562978e-05	7.246726895019084e-05	6.0	7.246726895019084e-05	0.0	9.45777774562978e-05	7.246726895019084e-05	6.0	7.246726895019084e-05	0.0
ti|411469|org|Anaerobutyricum_hallii_DSM_3353|accession|NZ_ACEP01000040.1	9.45777774562978e-05	7.246726895019084e-05	6.0	7.246726895019084e-05	0.0	0.00011134313316636711	8.454514710855597e-05	7.0	8.454514710855597e-05	0.0
ti|411459|org|Blautia_obeum_ATCC_29174|accession|NZ_DS264320.1	9.45777774562978e-05	7.246726895019084e-05	6.0	7.246726895019084e-05	0.0	9.45777774562978e-05	7.246726895019084e-05	6.0	7.246726895019084e-05	0.0
ti|411459|org|Blautia_obeum_ATCC_29174|accession|NZ_DS264319.1	9.45777774562978e-05	7.246726895019084e-05	6.0	7.246726895019084e-05	0.0	9.45777774562978e-05	7.246726895019084e-05	6.0	7.246726895019084e-05	0.0
ti|411459|org|Blautia_obeum_ATCC_29174|accession|NZ_DS264309.1	9.45777774562978e-05	7.246726895019084e-05	6.0	7.246726895019084e-05	0.0	9.45777774562978e-05	7.246726895019084e-05	6.0	7.246726895019084e-05	0.0
ti|411459|org|Blautia_obeum_ATCC_29174|accession|NZ_DS264301.1	9.45777774562978e-05	7.246726895019084e-05	6.0	7.246726895019084e-05	0.0	9.45777774562978e-05	7.246726895019084e-05	6.0	7.246726895019084e-05	0.0
ti|1550024|org|Ruthenibacterium_lactatiformans|accession|NZ_JXXK01000036.1	9.45777774562978e-05	7.246726895019084e-05	6.0	7.246726895019084e-05	0.0	9.45777774562978e-05	7.246726895019084e-05	6.0	7.246726895019084e-05	0.0
ti|1550024|org|Ruthenibacterium_lactatiformans|accession|NZ_JXXK01000035.1	9.45777774562978e-05	7.246726895019084e-05	6.0	7.246726895019084e-05	0.0	9.45777774562978e-05	7.246726895019084e-05	6.0	7.246726895019084e-05	0.0
ti|1550024|org|Ruthenibacterium_lactatiformans|accession|NZ_JXXK01000034.1	9.45777774562978e-05	7.246726895019084e-05	6.0	7.246726895019084e-05	0.0	9.45777774562978e-05	7.246726895019084e-05	6.0	7.246726895019084e-05	0.0
ti|1501391|org|Alistipes_inops|accession|NZ_JRGF01000015.1	9.45777774562978e-05	7.246726895019084e-05	6.0	7.246726895019084e-05	0.0	9.45777774562978e-05	7.246726895019084e-05	6.0	7.246726895019084e-05	0.0
ti|1501391|org|Alistipes_inops|accession|NZ_JRGF01000014.1	9.45777774562978e-05	7.246726895019084e-05	6.0	7.246726895019084e-05	0.0	9.45777774562978e-05	7.246726895019084e-05	6.0	7.246726895019084e-05	0.0
ti|1501391|org|Alistipes_inops|accession|NZ_JRGF01000013.1	9.45777774562978e-05	7.246726895019084e-05	6.0	7.246726895019084e-05	0.0	9.45777774562978e-05	7.246726895019084e-05	6.0	7.246726895019084e-05	0.0
ti|1002367|org|Prevotella_stercorea_DSM_18206|accession|NZ_JH379457.1	9.45777774562978e-05	7.246726895019084e-05	6.0	7.246726895019084e-05	0.0	9.45777774562978e-05	7.246726895019084e-05	6.0	7.246726895019084e-05	0.0
ti|1002367|org|Prevotella_stercorea_DSM_18206|accession|NZ_JH379424.1	9.45777774562978e-05	7.246726895019084e-05	6.0	7.246726895019084e-05	0.0	9.45777774593448e-05	7.246726895019084e-05	6.0	7.246726895019084e-05	0.0
ti|1002367|org|Prevotella_stercorea_DSM_18206|accession|NZ_JH379419.1	9.45777774562978e-05	7.246726895019084e-05	6.0	7.246726895019084e-05	0.0	9.45777774562978e-05	7.246726895019084e-05	6.0	7.246726895019084e-05	0.0
ti|1002367|org|Prevotella_stercorea_DSM_18206|accession|NZ_JH379395.1	9.45777774562978e-05	7.246726895019084e-05	6.0	7.246726895019084e-05	0.0	9.45777774562978e-05	7.246726895019084e-05	6.0	7.246726895019084e-05	0.0
ti|40520|org|Blautia_obeum|accession|NZ_CYZA01000018.1	9.435658702988233e-05	0.0001570124160587468	13.0	0.0001570124160587468	0.0	0.0001510506550417956	0.0001916308739706005	15.866269841269839	0.00019324605053384222	0.00010870090342528624
ti|997884|org|Bacteroides_nordii_CL02T12C05|accession|NZ_JH724317.1	9.396202880990172e-05	0.00012077878158365138	10.0	0.00012077878158365138	0.0	0.0001376582680475868	0.0001373376438284669	11.371007558421747	8.454514710855597e-05	0.00021740180685057248
ti|1150298|org|Fusicatenibacter_saccharivorans|accession|NZ_CYYV01000026.1	9.312451004500945e-05	0.00019324605053384222	16.0	0.00019324605053384222	0.0	9.312451004500945e-05	0.00019324605053384222	16.0	0.00019324605053384222	0.0
ti|471875|org|Ruminococcus_lactaris_ATCC_29176|accession|NZ_DS990199.1	9.306558847344996e-05	7.246726895019084e-05	6.0	7.246726895019084e-05	0.0	9.419996306755254e-05	7.246726895019084e-05	6.0	7.246726895019084e-05	0.0
ti|411469|org|Anaerobutyricum_hallii_DSM_3353|accession|NZ_ACEP01000162.1	9.224989100089392e-05	7.246726895019084e-05	6.0	7.246726895019084e-05	0.0	9.790325818667592e-05	7.448024864325168e-05	6.166666666666666	7.246726895019084e-05	1.2077878158365139e-05
ti|1150298|org|Fusicatenibacter_saccharivorans|accession|NZ_CYYV01000020.1	9.090582610042187e-05	0.0003140248321174936	26.0	0.0003140248321174936	0.0	9.090582610042187e-05	0.0003140248321174936	26.0	0.0003140248321174936	0.0
ti|1282887|org|Lachnospira_multipara_ATCC_19207|accession|NZ_AUJG01000002.1	9.052598377844566e-05	0.000785062080293734	65.0	0.000785062080293734	0.0	9.052038068907169e-05	0.0007790231412145514	64.5	0.0007488284458186386	3.623363447509542e-05
ti|411463|org|Eubacterium_ventriosum_ATCC_27560|accession|NZ_DS264284.1	9.01983607560443e-05	0.00022947968500893764	19.0	0.00022947968500893764	0.0	9.01983607560443e-05	0.00022947968500893764	19.0	0.00022947968500893764	0.0
ti|40520|org|Blautia_obeum|accession|NZ_CYZA01000017.1	8.995761669412576e-05	0.00012077878158365138	10.0	0.00012077878158365138	0.0	9.787046091059072e-05	0.00012681772066283395	10.5	0.00013285665974201651	0.0
ti|411463|org|Eubacterium_ventriosum_ATCC_27560|accession|NZ_DS264283.1	8.847949203425545e-05	0.0001811681723754771	15.0	0.0001811681723754771	0.0	0.00012491086631651643	0.0002254537256228159	18.666666666666664	0.00020532392869220735	6.038939079182569e-05
ti|1282887|org|Lachnospira_multipara_ATCC_19207|accession|NZ_AUJG01000018.1	8.71970180390748e-05	0.00016909029421711193	14.0	0.00016909029421711193	0.0	8.719721050836081e-05	0.00016909029421711193	14.0	0.00016909029421711193	0.0
ti|40520|org|Blautia_obeum|accession|NZ_CYZA01000015.1	8.667816655424357e-05	0.00019324605053384222	16.0	0.00019324605053384222	0.0	9.417459856195347e-05	0.00019928498961302478	16.5	0.00019324605053384222	1.2077878158365139e-05
ti|622312|org|Roseburia_inulinivorans_DSM_16841|accession|NZ_ACFY01000093.1	8.536545152204906e-05	7.246726895019084e-05	6.0	7.246726895019084e-05	0.0	0.00014965915536447336	0.00012279176127671227	10.166666666666668	7.246726895019084e-05	0.00013285665974201651
ti|626939|org|Phascolarctobacterium_succinatutens_YIT_12067|accession|NZ_GL830855.1	8.529516233377102e-05	7.246726895019084e-05	6.0	7.246726895019084e-05	0.0	8.529516233377102e-05	7.246726895019084e-05	6.0	7.246726895019084e-05	0.0
ti|1256908|org|Eubacterium_ramulus_ATCC_29099|accession|NZ_KI271109.1	8.529516233377102e-05	7.246726895019084e-05	6.0	7.246726895019084e-05	0.0	8.529516233377102e-05	7.246726895019084e-05	6.0	7.246726895019084e-05	0.0
ti|411463|org|Eubacterium_ventriosum_ATCC_27560|accession|NZ_DS264270.1	8.475157203523673e-05	0.00033818058843422386	28.0	0.00033818058843422386	0.0	0.00014296872382775667	0.0003638940076086798	30.128968253968257	0.00033818058843422386	0.00012077878158365138
ti|1256908|org|Eubacterium_ramulus_ATCC_29099|accession|NZ_KI271153.1	8.46834251305032e-05	0.00012077878158365138	10.0	0.00012077878158365138	0.0	8.46834251305032e-05	0.00012077878158365138	10.0	0.00012077878158365138	0.0
ti|622312|org|Roseburia_inulinivorans_DSM_16841|accession|NZ_ACFY01000141.1	8.40038714037598e-05	7.246726895019084e-05	6.0	7.246726895019084e-05	0.0	8.40038714037598e-05	7.246726895019084e-05	6.0	7.246726895019084e-05	0.0
ti|470145|org|Bacteroides_coprocola_DSM_17136|accession|NZ_DS981512.1	8.287637268610336e-05	0.0001570124160587468	13.0	0.0001570124160587468	0.0	9.803378486621574e-05	0.00016889202328493826	13.983583959899748	0.0001570124160587468	0.00013285665974201651
ti|563769|org|Stx2-converting_phage_1717|accession|NC_011357.1	8.261133575614793e-05	6.038939079182569e-05	5.0	6.038939079182569e-05	0.0	0.00019666602431355875	0.00025920468514313626	21.46111111111111	0.00016909029421711193	0.00028986907580076334
ti|266264|org|Cupriavidus_metallidurans_CH34|accession|NC_007974.2	8.260191204666759e-05	0.0020653171650804386	171.0	0.0020653171650804386	0.0	9.052114971830913e-05	0.0020726980906216616	171.61111111111111	0.0020653171650804386	3.623363447509542e-05
ti|40520|org|Blautia_obeum|accession|NZ_CYZA01000013.1	8.257244789005069e-05	0.00024155756316730277	20.0	0.00024155756316730277	0.0	8.29210602423964e-05	0.0002536354413256679	21.0	0.0002536354413256679	0.0
ti|40520|org|Blautia_obeum|accession|NZ_CYZA01000026.1	8.255213487111739e-05	0.00013285665974201651	11.0	0.00013285665974201651	0.0	6.501868734918657e-05	0.00012681772066283395	10.5	0.00013285665974201651	1.2077878158365139e-05
ti|1256908|org|Eubacterium_ramulus_ATCC_29099|accession|NZ_KI271135.1	8.20053448948884e-05	9.662302526692111e-05	8.0	9.662302526692111e-05	0.0	0.00010357245505556504	0.00012077878158365138	10.0	0.00012077878158365138	0.0
ti|470145|org|Bacteroides_coprocola_DSM_17136|accession|NZ_DS981473.1	8.171014505268867e-05	8.454514710855597e-05	7.0	8.454514710855597e-05	0.0	8.171898714416037e-05	8.57912773947365e-05	7.103174603174603	8.454514710855597e-05	2.4155756316730277e-05
ti|470145|org|Bacteroides_coprocola_DSM_17136|accession|NZ_DS981503.1	8.148562824811874e-05	7.246726895019084e-05	6.0	7.246726895019084e-05	0.0	8.915505066013082e-05	7.790231412145514e-05	6.45	7.246726895019084e-05	2.4155756316730277e-05
ti|40520|org|Blautia_obeum|accession|NZ_CYZA01000021.1	8.10660139810351e-05	0.00016909029421711193	14.0	0.00016909029421711193	0.0	8.10660139810351e-05	0.00016909029421711193	14.0	0.00016909029421711193	0.0
ti|470146|org|Coprococcus_comes_ATCC_27758|accession|NZ_GG662009.1	8.099720373805091e-05	7.246726895019084e-05	6.0	7.246726895019084e-05	0.0	9.628597681307943e-05	8.454514710855597e-05	7.0	9.662302526692111e-05	0.0
ti|518637|org|Holdemanella_biformis_DSM_3989|accession|NZ_DS996845.1	8.087494997145573e-05	0.00020532392869220735	17.0	0.00020532392869220735	0.0	8.546731858056694e-05	0.00020532392869220735	17.0	0.00020532392869220735	0.0
ti|470145|org|Bacteroides_coprocola_DSM_17136|accession|NZ_DS981497.1	8.077882226267026e-05	9.662302526692111e-05	8.0	9.662302526692111e-05	0.0	8.763077348834808e-05	0.00010870090342528624	9.0	0.00010870090342528624	0.0
ti|301302|org|Roseburia_faecis|accession|NZ_CYXV01000021.1	8.050096212791738e-05	0.00016909029421711193	14.0	0.00016909029421711193	0.0	8.050096212791738e-05	0.00016909029421711193	14.0	0.00016909029421711193	0.0
ti|471875|org|Ruminococcus_lactaris_ATCC_29176|accession|NZ_DS990203.1	7.97448665078339e-05	6.038939079182569e-05	5.0	6.038939079182569e-05	0.0	7.961938153222562e-05	5.771500348533055e-05	4.7785714285714285	6.038939079182569e-05	2.4155756316730277e-05
ti|626939|org|Phascolarctobacterium_succinatutens_YIT_12067|accession|NZ_GL830871.1	7.899992892670443e-05	7.246726895019084e-05	6.0	7.246726895019084e-05	0.0	7.899992892670443e-05	7.246726895019084e-05	6.0	7.246726895019084e-05	0.0
ti|518637|org|Holdemanella_biformis_DSM_3989|accession|NZ_DS996848.1	7.889517252373343e-05	0.00013285665974201651	11.0	0.00013285665974201651	0.0	7.889517252373343e-05	0.00013285665974201651	11.0	0.00013285665974201651	0.0
ti|622312|org|Roseburia_inulinivorans_DSM_16841|accession|NZ_ACFY01000042.1	7.889091734359594e-05	7.246726895019084e-05	6.0	7.246726895019084e-05	0.0	7.889091734369651e-05	7.246726895019084e-05	6.0	7.246726895019084e-05	0.0
ti|745368|org|Gemmiger_formicilis|accession|NZ_FUYF01000022.1	7.881587369633977e-05	6.038939079182569e-05	5.0	6.038939079182569e-05	0.0	7.88182047820939e-05	6.038939079182569e-05	5.0	6.038939079182569e-05	0.0
ti|536231|org|Roseburia_intestinalis_L1-82|accession|NZ_GG692743.1	7.881482969084952e-05	6.038939079182569e-05	5.0	6.038939079182569e-05	0.0	7.881512680206272e-05	6.038939079182569e-05	5.0	6.038939079182569e-05	0.0
ti|411469|org|Anaerobutyricum_hallii_DSM_3353|accession|NZ_ACEP01000049.1	7.881481455249773e-05	8.454514710855597e-05	7.0	8.454514710855597e-05	0.0	7.881481462989407e-05	8.454514710855597e-05	7.0	8.454514710855597e-05	0.0
ti|411469|org|Anaerobutyricum_hallii_DSM_3353|accession|NZ_ACEP01000016.1	7.881481454808955e-05	6.038939079182569e-05	5.0	6.038939079182569e-05	0.0	7.881254411131662e-05	6.038939079182569e-05	5.0	6.038939079182569e-05	0.0
ti|745368|org|Gemmiger_formicilis|accession|NZ_FUYF01000023.1	7.881481454715947e-05	7.246726895019084e-05	6.0	7.246726895019084e-05	0.0	7.881481454715947e-05	7.246726895019084e-05	6.0	7.246726895019084e-05	0.0
ti|762966|org|Parasutterella_excrementihominis_YIT_11859|accession|NZ_GL883759.1	7.881481454691483e-05	6.038939079182569e-05	5.0	6.038939079182569e-05	0.0	7.881481454691483e-05	6.038939079182569e-05	5.0	6.038939079182569e-05	0.0
ti|762966|org|Parasutterella_excrementihominis_YIT_11859|accession|NZ_GL883713.1	7.881481454691483e-05	6.038939079182569e-05	5.0	6.038939079182569e-05	0.0	7.881481454691483e-05	6.038939079182569e-05	5.0	6.038939079182569e-05	0.0
ti|762966|org|Parasutterella_excrementihominis_YIT_11859|accession|NZ_GL883685.1	7.881481454691483e-05	6.038939079182569e-05	5.0	6.038939079182569e-05	0.0	7.881481454691483e-05	6.038939079182569e-05	5.0	6.038939079182569e-05	0.0
ti|745368|org|Gemmiger_formicilis|accession|NZ_FUYF01000018.1	7.881481454691483e-05	7.246726895019084e-05	6.0	7.246726895019084e-05	0.0	0.00010635119095093264	0.00010569581231207395	8.751190476190475	7.246726895019084e-05	0.00014493453790038167
ti|626939|org|Phascolarctobacterium_succinatutens_YIT_12067|accession|NZ_GL830887.1	7.881481454691483e-05	6.038939079182569e-05	5.0	6.038939079182569e-05	0.0	7.881481454691483e-05	6.038939079182569e-05	5.0	6.038939079182569e-05	0.0
ti|622312|org|Roseburia_inulinivorans_DSM_16841|accession|NZ_ACFY01000115.1	7.881481454691483e-05	6.038939079182569e-05	5.0	6.038939079182569e-05	0.0	7.881481454691483e-05	6.038939079182569e-05	5.0	6.038939079182569e-05	0.0
ti|622312|org|Roseburia_inulinivorans_DSM_16841|accession|NZ_ACFY01000098.1	7.881481454691483e-05	6.038939079182569e-05	5.0	6.038939079182569e-05	0.0	7.881481454691483e-05	6.038939079182569e-05	5.0	6.038939079182569e-05	0.0
ti|622312|org|Roseburia_inulinivorans_DSM_16841|accession|NZ_ACFY01000055.1	7.881481454691483e-05	6.038939079182569e-05	5.0	6.038939079182569e-05	0.0	7.881481454711969e-05	6.038939079182569e-05	5.0	6.038939079182569e-05	0.0
ti|622312|org|Roseburia_inulinivorans_DSM_16841|accession|NZ_ACFY01000023.1	7.881481454691483e-05	6.038939079182569e-05	5.0	6.038939079182569e-05	0.0	7.881481454691483e-05	6.038939079182569e-05	5.0	6.038939079182569e-05	0.0
ti|622312|org|Roseburia_inulinivorans_DSM_16841|accession|NZ_ACFY01000016.1	7.881481454691483e-05	6.038939079182569e-05	5.0	6.038939079182569e-05	0.0	7.881481454691483e-05	6.038939079182569e-05	5.0	6.038939079182569e-05	0.0
ti|537007|org|Blautia_hansenii_DSM_20583|accession|NZ_GG698592.1	7.881481454691483e-05	6.038939079182569e-05	5.0	6.038939079182569e-05	0.0	7.881483729664464e-05	6.038939079182569e-05	5.0	6.038939079182569e-05	0.0
ti|536231|org|Roseburia_intestinalis_L1-82|accession|NZ_GG692747.1	7.881481454691483e-05	6.038939079182569e-05	5.0	6.038939079182569e-05	0.0	8.043350592112191e-05	6.340886033141697e-05	5.25	6.038939079182569e-05	1.2077878158365139e-05
ti|471875|org|Ruminococcus_lactaris_ATCC_29176|accession|NZ_DS990196.1	7.881481454691483e-05	6.038939079182569e-05	5.0	6.038939079182569e-05	0.0	7.881481465822455e-05	6.038939079182569e-05	5.0	6.038939079182569e-05	0.0
ti|471875|org|Ruminococcus_lactaris_ATCC_29176|accession|NZ_DS990189.1	7.881481454691483e-05	6.038939079182569e-05	5.0	6.038939079182569e-05	0.0	7.881481454691483e-05	6.038939079182569e-05	5.0	6.038939079182569e-05	0.0
ti|471875|org|Ruminococcus_lactaris_ATCC_29176|accession|NZ_DS990177.1	7.881481454691483e-05	6.038939079182569e-05	5.0	6.038939079182569e-05	0.0	7.881481454691483e-05	6.038939079182569e-05	5.0	6.038939079182569e-05	0.0
ti|451640|org|Catenibacterium_mitsuokai_DSM_15897|accession|NZ_ACCK01000444.1	7.881481454691483e-05	6.038939079182569e-05	5.0	6.038939079182569e-05	0.0	7.881481454691483e-05	6.038939079182569e-05	5.0	6.038939079182569e-05	0.0
ti|451640|org|Catenibacterium_mitsuokai_DSM_15897|accession|NZ_ACCK01000408.1	7.881481454691483e-05	6.038939079182569e-05	5.0	6.038939079182569e-05	0.0	7.881481454691483e-05	6.038939079182569e-05	5.0	6.038939079182569e-05	0.0
ti|451640|org|Catenibacterium_mitsuokai_DSM_15897|accession|NZ_ACCK01000079.1	7.881481454691483e-05	6.038939079182569e-05	5.0	6.038939079182569e-05	0.0	7.881481454691483e-05	6.038939079182569e-05	5.0	6.038939079182569e-05	0.0
ti|451640|org|Catenibacterium_mitsuokai_DSM_15897|accession|NZ_ACCK01000007.1	7.881481454691483e-05	6.038939079182569e-05	5.0	6.038939079182569e-05	0.0	7.881481454691483e-05	6.038939079182569e-05	5.0	6.038939079182569e-05	0.0
ti|445973|org|Intestinibacter_bartlettii_DSM_16795|accession|NZ_DS499554.1	7.881481454691483e-05	6.038939079182569e-05	5.0	6.038939079182569e-05	0.0	7.881481454691483e-05	6.038939079182569e-05	5.0	6.038939079182569e-05	0.0
ti|411903|org|Collinsella_aerofaciens_ATCC_25986|accession|NZ_AAVN02000018.1	7.881481454691483e-05	6.038939079182569e-05	5.0	6.038939079182569e-05	0.0	7.881481454691483e-05	6.038939079182569e-05	5.0	6.038939079182569e-05	0.0
ti|411469|org|Anaerobutyricum_hallii_DSM_3353|accession|NZ_ACEP01000159.1	7.881481454691483e-05	6.038939079182569e-05	5.0	6.038939079182569e-05	0.0	7.8814814662451e-05	6.038939079182569e-05	5.0	6.038939079182569e-05	0.0
ti|411469|org|Anaerobutyricum_hallii_DSM_3353|accession|NZ_ACEP01000141.1	7.881481454691483e-05	6.038939079182569e-05	5.0	6.038939079182569e-05	0.0	7.881481632080241e-05	6.038939079182569e-05	5.0	6.038939079182569e-05	0.0
ti|411469|org|Anaerobutyricum_hallii_DSM_3353|accession|NZ_ACEP01000137.1	7.881481454691483e-05	6.038939079182569e-05	5.0	6.038939079182569e-05	0.0	7.881481454695618e-05	6.038939079182569e-05	5.0	6.038939079182569e-05	0.0
ti|411469|org|Anaerobutyricum_hallii_DSM_3353|accession|NZ_ACEP01000077.1	7.881481454691483e-05	6.038939079182569e-05	5.0	6.038939079182569e-05	0.0	7.881481454691483e-05	6.038939079182569e-05	5.0	6.038939079182569e-05	0.0
ti|411469|org|Anaerobutyricum_hallii_DSM_3353|accession|NZ_ACEP01000037.1	7.881481454691483e-05	6.038939079182569e-05	5.0	6.038939079182569e-05	0.0	7.881481454691483e-05	6.038939079182569e-05	5.0	6.038939079182569e-05	0.0
ti|411469|org|Anaerobutyricum_hallii_DSM_3353|accession|NZ_ACEP01000036.1	7.881481454691483e-05	6.038939079182569e-05	5.0	6.038939079182569e-05	0.0	7.881698861675214e-05	6.038939079182569e-05	5.0	6.038939079182569e-05	0.0
ti|411469|org|Anaerobutyricum_hallii_DSM_3353|accession|NZ_ACEP01000020.1	7.881481454691483e-05	6.038939079182569e-05	5.0	6.038939079182569e-05	0.0	7.881481454691483e-05	6.038939079182569e-05	5.0	6.038939079182569e-05	0.0
ti|411469|org|Anaerobutyricum_hallii_DSM_3353|accession|NZ_ACEP01000012.1	7.881481454691483e-05	6.038939079182569e-05	5.0	6.038939079182569e-05	0.0	7.881481454691483e-05	6.038939079182569e-05	5.0	6.038939079182569e-05	0.0
ti|411460|org|[Ruminococcus]_torques_ATCC_27756|accession|NZ_DS264343.1	7.881481454691483e-05	6.038939079182569e-05	5.0	6.038939079182569e-05	0.0	8.511999970575139e-05	6.522054205517175e-05	5.4	6.038939079182569e-05	2.4155756316730277e-05
ti|411459|org|Blautia_obeum_ATCC_29174|accession|NZ_DS264321.1	7.881481454691483e-05	6.038939079182569e-05	5.0	6.038939079182569e-05	0.0	7.881481454691483e-05	6.038939079182569e-05	5.0	6.038939079182569e-05	0.0
ti|1550024|org|Ruthenibacterium_lactatiformans|accession|NZ_JXXK01000040.1	7.881481454691483e-05	6.038939079182569e-05	5.0	6.038939079182569e-05	0.0	7.881481454691483e-05	6.038939079182569e-05	5.0	6.038939079182569e-05	0.0
ti|1550024|org|Ruthenibacterium_lactatiformans|accession|NZ_JXXK01000039.1	7.881481454691483e-05	6.038939079182569e-05	5.0	6.038939079182569e-05	0.0	7.881481454691483e-05	6.038939079182569e-05	5.0	6.038939079182569e-05	0.0
ti|1550024|org|Ruthenibacterium_lactatiformans|accession|NZ_JXXK01000038.1	7.881481454691483e-05	6.038939079182569e-05	5.0	6.038939079182569e-05	0.0	7.881481454691483e-05	6.038939079182569e-05	5.0	6.038939079182569e-05	0.0
ti|1550024|org|Ruthenibacterium_lactatiformans|accession|NZ_JXXK01000037.1	7.881481454691483e-05	6.038939079182569e-05	5.0	6.038939079182569e-05	0.0	7.881481454691483e-05	6.038939079182569e-05	5.0	6.038939079182569e-05	0.0
ti|1501391|org|Alistipes_inops|accession|NZ_JRGF01000016.1	7.881481454691483e-05	6.038939079182569e-05	5.0	6.038939079182569e-05	0.0	7.881481454691483e-05	6.038939079182569e-05	5.0	6.038939079182569e-05	0.0
ti|1256908|org|Eubacterium_ramulus_ATCC_29099|accession|NZ_KI271123.1	7.881481454691483e-05	6.038939079182569e-05	5.0	6.038939079182569e-05	0.0	0.0001083488065815178	9.70256212055333e-05	8.033333333333335	9.662302526692111e-05	3.623363447509542e-05
ti|1122981|org|Prevotella_corporis_DSM_18810_=_JCM_8529|accession|NZ_AUME01000010.1	7.881481454691483e-05	6.038939079182569e-05	5.0	6.038939079182569e-05	0.0	7.881481454005712e-05	6.038939079182569e-05	5.0	6.038939079182569e-05	0.0
ti|1002367|org|Prevotella_stercorea_DSM_18206|accession|NZ_JH379434.1	7.881481454691483e-05	6.038939079182569e-05	5.0	6.038939079182569e-05	0.0	5.252362776700957e-05	4.025959386121713e-05	3.3333333333333335	2.4155756316730277e-05	3.623363447509542e-05
ti|1002367|org|Prevotella_stercorea_DSM_18206|accession|NZ_JH379409.1	7.881481454691483e-05	6.038939079182569e-05	5.0	6.038939079182569e-05	0.0	7.881481454691483e-05	6.038939079182569e-05	5.0	6.038939079182569e-05	0.0
ti|1002367|org|Prevotella_stercorea_DSM_18206|accession|NZ_JH379397.1	7.881481454691483e-05	6.038939079182569e-05	5.0	6.038939079182569e-05	0.0	7.881481454691483e-05	6.038939079182569e-05	5.0	6.038939079182569e-05	0.0
ti|1002367|org|Prevotella_stercorea_DSM_18206|accession|NZ_JH379396.1	7.881481454691483e-05	6.038939079182569e-05	5.0	6.038939079182569e-05	0.0	7.881481454691483e-05	6.038939079182569e-05	5.0	6.038939079182569e-05	0.0
ti|1002367|org|Prevotella_stercorea_DSM_18206|accession|NZ_JH379380.1	7.881481454691483e-05	6.038939079182569e-05	5.0	6.038939079182569e-05	0.0	7.881481477877523e-05	6.038939079182569e-05	5.0	6.038939079182569e-05	0.0
ti|1002367|org|Prevotella_stercorea_DSM_18206|accession|NZ_JH379378.1	7.881481454691483e-05	6.038939079182569e-05	5.0	6.038939079182569e-05	0.0	7.881481454691483e-05	6.038939079182569e-05	5.0	6.038939079182569e-05	0.0
ti|411469|org|Anaerobutyricum_hallii_DSM_3353|accession|NZ_ACEP01000060.1	7.881480994654074e-05	6.038939079182569e-05	5.0	6.038939079182569e-05	0.0	7.881481022479833e-05	6.038939079182569e-05	5.0	6.038939079182569e-05	0.0
ti|1256908|org|Eubacterium_ramulus_ATCC_29099|accession|NZ_KI271128.1	7.833973975270169e-05	0.00014493453790038167	12.0	0.00014493453790038167	0.0	7.834035623919214e-05	0.00014493453790038167	12.0	0.00014493453790038167	0.0
ti|470145|org|Bacteroides_coprocola_DSM_17136|accession|NZ_DS981470.1	7.815659415067434e-05	0.00013285665974201651	11.0	0.00013285665974201651	0.0	7.821039595635043e-05	0.00013285665974201651	11.0	0.00013285665974201651	0.0
ti|214092|org|Yersinia_pestis_CO92|accession|NC_003143.1	7.755516107220343e-05	7.246726895019084e-05	6.0	7.246726895019084e-05	0.0	8.389836395546475e-05	8.454514710855597e-05	7.0	8.454514710855597e-05	0.0
ti|1256908|org|Eubacterium_ramulus_ATCC_29099|accession|NZ_KI271151.1	7.681647414182139e-05	7.246726895019084e-05	6.0	7.246726895019084e-05	0.0	8.14580744668337e-05	7.246726895019084e-05	6.0	7.246726895019084e-05	0.0
ti|888743|org|Prevotella_multiformis_DSM_16608|accession|NZ_GL872282.1	7.58231956198946e-05	0.00021740180685057248	18.0	0.00021740180685057248	0.0	3.442455406936395e-05	9.461004557386024e-05	7.833333333333333	3.623363447509542e-05	0.00014493453790038167
ti|451640|org|Catenibacterium_mitsuokai_DSM_15897|accession|NZ_ACCK01000020.1	7.567384561986507e-05	6.038939079182569e-05	5.0	6.038939079182569e-05	0.0	7.567384564069693e-05	6.038939079182569e-05	5.0	6.038939079182569e-05	0.0
ti|1150298|org|Fusicatenibacter_saccharivorans|accession|NZ_CYYV01000022.1	7.563276789117583e-05	8.454514710855597e-05	7.0	8.454514710855597e-05	0.0	8.426739701353923e-05	9.501264151247242e-05	7.866666666666666	4.8311512633460555e-05	0.00012077878158365138
ti|1256908|org|Eubacterium_ramulus_ATCC_29099|accession|NZ_KI271185.1	7.46161497578915e-05	0.0001570124160587468	13.0	0.0001570124160587468	0.0	8.87287506232999e-05	0.00015902539575180766	13.166666666666666	0.0001570124160587468	1.2077878158365139e-05
ti|1256908|org|Eubacterium_ramulus_ATCC_29099|accession|NZ_KI271169.1	7.422345576453384e-05	0.00012077878158365138	10.0	0.00012077878158365138	0.0	7.422385104358125e-05	0.00012077878158365138	10.0	0.00012077878158365138	0.0
ti|626939|org|Phascolarctobacterium_succinatutens_YIT_12067|accession|NZ_GL830848.1	7.21963500463257e-05	7.246726895019084e-05	6.0	7.246726895019084e-05	0.0	7.21963500463257e-05	7.246726895019084e-05	6.0	7.246726895019084e-05	0.0
ti|411460|org|[Ruminococcus]_torques_ATCC_27756|accession|NZ_DS264372.1	7.21963500463257e-05	7.246726895019084e-05	6.0	7.246726895019084e-05	0.0	7.21963500463257e-05	7.246726895019084e-05	6.0	7.246726895019084e-05	0.0
ti|518637|org|Holdemanella_biformis_DSM_3989|accession|NZ_DS996844.1	7.198400882869696e-05	0.00012077878158365138	10.0	0.00012077878158365138	0.0	7.198400882869696e-05	0.00012077878158365138	10.0	0.00012077878158365138	0.0
ti|470145|org|Bacteroides_coprocola_DSM_17136|accession|NZ_DS981496.1	7.11897923227913e-05	8.454514710855597e-05	7.0	8.454514710855597e-05	0.0	7.418450219971857e-05	8.6960722740229e-05	7.2	8.454514710855597e-05	1.2077878158365139e-05
ti|470145|org|Bacteroides_coprocola_DSM_17136|accession|NZ_DS981479.1	7.115435714547314e-05	0.00012077878158365138	10.0	0.00012077878158365138	0.0	7.904474289884804e-05	0.00014014172910737963	11.603174603174603	0.00014493453790038167	2.4155756316730277e-05
ti|411483|org|Faecalibacterium_prausnitzii_A2-165|accession|NZ_GG697154.2	7.004121708100747e-05	0.0009179187400357506	76.0	0.0009179187400357506	0.0	7.26038294893929e-05	0.0010266196434610367	85.0	0.0010266196434610367	1.2077878158365139e-05
ti|40520|org|Blautia_obeum|accession|NZ_CYZA01000004.1	6.981395297571556e-05	0.0001570124160587468	13.0	0.0001570124160587468	0.0	7.265033167382763e-05	0.00014493453790038167	12.0	0.00014493453790038167	0.0
ti|626939|org|Phascolarctobacterium_succinatutens_YIT_12067|accession|NZ_GL830883.1	6.953219942438807e-05	6.038939079182569e-05	5.0	6.038939079182569e-05	0.0	6.953219942438807e-05	6.038939079182569e-05	5.0	6.038939079182569e-05	0.0
ti|622312|org|Roseburia_inulinivorans_DSM_16841|accession|NZ_ACFY01000059.1	6.953219942438807e-05	6.038939079182569e-05	5.0	6.038939079182569e-05	0.0	6.953219942438807e-05	6.038939079182569e-05	5.0	6.038939079182569e-05	0.0
ti|1437610|org|Bifidobacterium_reuteri_DSM_23975|accession|NZ_JGZK01000004.1	6.830218861311045e-05	7.246726895019084e-05	6.0	7.246726895019084e-05	0.0	6.831007600086949e-05	7.246726895019084e-05	6.0	7.246726895019084e-05	0.0
ti|622312|org|Roseburia_inulinivorans_DSM_16841|accession|NZ_ACFY01000069.1	6.824090849437683e-05	6.038939079182569e-05	5.0	6.038939079182569e-05	0.0	9.71633565896338e-05	9.662302526692111e-05	8.0	0.00010870090342528624	0.0
ti|470145|org|Bacteroides_coprocola_DSM_17136|accession|NZ_DS981464.1	6.726154419038948e-05	8.454514710855597e-05	7.0	8.454514710855597e-05	0.0	6.725763057906372e-05	8.454514710855597e-05	7.0	8.454514710855597e-05	0.0
ti|40520|org|Blautia_obeum|accession|NZ_CYZA01000009.1	6.704496430517082e-05	0.0002536354413256679	21.0	0.0002536354413256679	0.0	6.704534502867773e-05	0.0002536354413256679	21.0	0.0002536354413256679	0.0
ti|622312|org|Roseburia_inulinivorans_DSM_16841|accession|NZ_ACFY01000153.1	6.672993208871749e-05	7.246726895019084e-05	6.0	7.246726895019084e-05	0.0	6.672993208871749e-05	7.246726895019084e-05	6.0	7.246726895019084e-05	0.0
ti|1256908|org|Eubacterium_ramulus_ATCC_29099|accession|NZ_KI271089.1	6.636093107427177e-05	0.00019324605053384222	16.0	0.00019324605053384222	0.0	6.636114392538441e-05	0.00019324605053384222	16.0	0.00019324605053384222	0.0
ti|470145|org|Bacteroides_coprocola_DSM_17136|accession|NZ_DS981471.1	6.571600225946951e-05	6.038939079182569e-05	5.0	6.038939079182569e-05	0.0	6.746743154393592e-05	6.173137725386626e-05	5.111111111111111	6.038939079182569e-05	1.2077878158365139e-05
ti|470145|org|Bacteroides_coprocola_DSM_17136|accession|NZ_DS981452.1	6.571600225946951e-05	6.038939079182569e-05	5.0	6.038939079182569e-05	0.0	6.872031080494411e-05	6.405109670967925e-05	5.303174603174603	6.038939079182569e-05	3.623363447509542e-05
ti|1256908|org|Eubacterium_ramulus_ATCC_29099|accession|NZ_KI271133.1	6.571596700343783e-05	6.038939079182569e-05	5.0	6.038939079182569e-05	0.0	6.571599913340802e-05	6.038939079182569e-05	5.0	6.038939079182569e-05	0.0
ti|40520|org|Blautia_obeum|accession|NZ_CYZA01000016.1	6.523214108311924e-05	0.00012077878158365138	10.0	0.00012077878158365138	0.0	6.523216661272206e-05	0.00012077878158365138	10.0	0.00012077878158365138	0.0
ti|1235811|org|Prevotella_disiens_JCM_6334_=_ATCC_29426|accession|NZ_BAIS01000014.1	6.514269000318522e-05	4.8311512633460555e-05	4.0	4.8311512633460555e-05	0.0	6.548331357395997e-05	4.8311512633460555e-05	4.0	4.8311512633460555e-05	0.0
ti|667120|org|Edwardsiella_anguillarum_ET080813|accession|NZ_CP006665.1	6.442410448872153e-05	6.038939079182569e-05	5.0	4.8311512633460555e-05	1.2077878158365139e-05	3.055996995235865e-05	2.3484763085709995e-05	1.9444444444444446	1.2077878158365139e-05	4.8311512633460555e-05
ti|1033732|org|Alistipes_senegalensis_JC50|accession|NZ_HE978647.1	6.414711788727146e-05	9.662302526692111e-05	8.0	9.662302526692111e-05	0.0	0.00020304712118556035	0.0002214277662366942	18.333333333333332	0.0002536354413256679	6.038939079182569e-05
ti|622312|org|Roseburia_inulinivorans_DSM_16841|accession|NZ_ACFY01000176.1	6.414711670233552e-05	6.038939079182569e-05	5.0	6.038939079182569e-05	0.0	6.414710045636612e-05	6.038939079182569e-05	5.0	6.038939079182569e-05	0.0
ti|40520|org|Blautia_obeum|accession|NZ_CYZA01000012.1	6.409885449695996e-05	0.00019324605053384222	16.0	0.00019324605053384222	0.0	6.546074691424963e-05	0.00019324605053384222	16.0	0.00019324605053384222	0.0
ti|40520|org|Blautia_obeum|accession|NZ_CYZA01000023.1	6.402511361864617e-05	0.00013285665974201651	11.0	0.00013285665974201651	0.0	6.402512202285464e-05	0.00013285665974201651	11.0	0.00013285665974201651	0.0
ti|1282887|org|Lachnospira_multipara_ATCC_19207|accession|NZ_AUJG01000004.1	6.378213702653781e-05	0.000350258466592589	29.0	0.000350258466592589	0.0	6.35094103259719e-05	0.000350258466592589	29.0	0.000350258466592589	0.0
ti|622312|org|Roseburia_inulinivorans_DSM_16841|accession|NZ_ACFY01000097.1	6.350212856688669e-05	6.038939079182569e-05	5.0	6.038939079182569e-05	0.0	6.350212856688669e-05	6.038939079182569e-05	5.0	6.038939079182569e-05	0.0
ti|411463|org|Eubacterium_ventriosum_ATCC_27560|accession|NZ_DS264282.1	6.311235566537221e-05	0.00012077878158365138	10.0	0.00012077878158365138	0.0	6.786120829103488e-05	0.00013688261912813825	11.333333333333334	0.00013285665974201651	1.2077878158365139e-05
ti|411469|org|Anaerobutyricum_hallii_DSM_3353|accession|NZ_ACEP01000009.1	6.309092411615421e-05	6.038939079182569e-05	5.0	6.038939079182569e-05	0.0	6.309092411615421e-05	6.038939079182569e-05	5.0	6.038939079182569e-05	0.0
ti|622312|org|Roseburia_inulinivorans_DSM_16841|accession|NZ_ACFY01000037.1	6.307565295225116e-05	6.038939079182569e-05	5.0	6.038939079182569e-05	0.0	7.339315526341308e-05	6.74348197175387e-05	5.583333333333334	6.038939079182569e-05	2.4155756316730277e-05
ti|40520|org|Blautia_obeum|accession|NZ_CYZA01000024.1	6.307528979343285e-05	8.454514710855597e-05	7.0	8.454514710855597e-05	0.0	6.631546368733684e-05	9.058408618773854e-05	7.5	9.662302526692111e-05	0.0
ti|536231|org|Roseburia_intestinalis_L1-82|accession|NZ_GG692755.1	6.306444135701157e-05	4.8311512633460555e-05	4.0	4.8311512633460555e-05	0.0	4.965476604283972e-05	4.227257355427798e-05	3.5	4.8311512633460555e-05	0.0
ti|745368|org|Gemmiger_formicilis|accession|NZ_FUYF01000021.1	6.306116249155631e-05	4.8311512633460555e-05	4.0	4.8311512633460555e-05	0.0	7.404722771901322e-05	6.038939079182569e-05	5.0	6.038939079182569e-05	0.0
ti|451640|org|Catenibacterium_mitsuokai_DSM_15897|accession|NZ_ACCK01000471.1	6.305456652819438e-05	6.038939079182569e-05	5.0	6.038939079182569e-05	0.0	6.305456652819438e-05	6.038939079182569e-05	5.0	6.038939079182569e-05	0.0
ti|220341|org|Salmonella_enterica_subsp._enterica_serovar_Typhi_str._CT18|accession|NC_003384.1	6.305438036134212e-05	4.8311512633460555e-05	4.0	4.8311512633460555e-05	0.0	1.4047063059318615e-05	1.3151467327997594e-05	1.0888888888888888	0.0	6.038939079182569e-05
ti|536231|org|Roseburia_intestinalis_L1-82|accession|NZ_GG692754.1	6.305379028811882e-05	7.246726895019084e-05	6.0	7.246726895019084e-05	0.0	5.202970971207001e-05	6.844130956406911e-05	5.666666666666666	4.8311512633460555e-05	6.038939079182569e-05
ti|622312|org|Roseburia_inulinivorans_DSM_16841|accession|NZ_ACFY01000030.1	6.30535923721814e-05	6.038939079182569e-05	5.0	6.038939079182569e-05	0.0	6.30535923721814e-05	6.038939079182569e-05	5.0	6.038939079182569e-05	0.0
ti|451640|org|Catenibacterium_mitsuokai_DSM_15897|accession|NZ_ACCK01000037.1	6.30523104902037e-05	6.038939079182569e-05	5.0	6.038939079182569e-05	0.0	6.30523104902037e-05	6.038939079182569e-05	5.0	6.038939079182569e-05	0.0
ti|762982|org|Paraprevotella_xylaniphila_YIT_11841|accession|NZ_GL883817.1	6.30520402775048e-05	6.038939079182569e-05	5.0	6.038939079182569e-05	0.0	6.30520402775048e-05	6.038939079182569e-05	5.0	6.038939079182569e-05	0.0
ti|536231|org|Roseburia_intestinalis_L1-82|accession|NZ_GG692765.1	6.305194561548323e-05	4.8311512633460555e-05	4.0	4.8311512633460555e-05	0.0	6.275538809146979e-05	5.2337472019582265e-05	4.333333333333333	4.8311512633460555e-05	1.2077878158365139e-05
ti|1122992|org|Prevotella_timonensis_4401737_=_DSM_22865_=_JCM_15640|accession|NZ_HG417101.1	6.305185562909902e-05	4.8311512633460555e-05	4.0	4.8311512633460555e-05	0.0	6.305206921469308e-05	4.8311512633460555e-05	4.0	4.8311512633460555e-05	0.0
ti|451640|org|Catenibacterium_mitsuokai_DSM_15897|accession|NZ_ACCK01000012.1	6.305185239135906e-05	6.038939079182569e-05	5.0	6.038939079182569e-05	0.0	6.533082591103058e-05	6.038939079182569e-05	5.0	6.038939079182569e-05	0.0
ti|1122981|org|Prevotella_corporis_DSM_18810_=_JCM_8529|accession|NZ_AUME01000011.1	6.305185163830745e-05	4.8311512633460555e-05	4.0	4.8311512633460555e-05	0.0	6.304909538231427e-05	4.8311512633460555e-05	4.0	4.8311512633460555e-05	0.0
ti|622312|org|Roseburia_inulinivorans_DSM_16841|accession|NZ_ACFY01000105.1	6.305185163827503e-05	6.038939079182569e-05	5.0	6.038939079182569e-05	0.0	6.305185163767443e-05	5.435045171264312e-05	4.5	6.038939079182569e-05	0.0
ti|762966|org|Parasutterella_excrementihominis_YIT_11859|accession|NZ_GL883764.1	6.305185163753186e-05	4.8311512633460555e-05	4.0	4.8311512633460555e-05	0.0	6.305185163753186e-05	4.8311512633460555e-05	4.0	4.8311512633460555e-05	0.0
ti|762966|org|Parasutterella_excrementihominis_YIT_11859|accession|NZ_GL883706.1	6.305185163753186e-05	4.8311512633460555e-05	4.0	4.8311512633460555e-05	0.0	6.305185163753186e-05	4.8311512633460555e-05	4.0	4.8311512633460555e-05	0.0
ti|762966|org|Parasutterella_excrementihominis_YIT_11859|accession|NZ_GL883700.1	6.305185163753186e-05	4.8311512633460555e-05	4.0	4.8311512633460555e-05	0.0	6.305185163753186e-05	4.8311512633460555e-05	4.0	4.8311512633460555e-05	0.0
ti|762966|org|Parasutterella_excrementihominis_YIT_11859|accession|NZ_GL883696.1	6.305185163753186e-05	4.8311512633460555e-05	4.0	4.8311512633460555e-05	0.0	6.305185163527436e-05	4.8311512633460555e-05	4.0	4.8311512633460555e-05	0.0
ti|745368|org|Gemmiger_formicilis|accession|NZ_FUYF01000025.1	6.305185163753186e-05	4.8311512633460555e-05	4.0	4.8311512633460555e-05	0.0	6.305185163753186e-05	4.8311512633460555e-05	4.0	4.8311512633460555e-05	0.0
ti|626939|org|Phascolarctobacterium_succinatutens_YIT_12067|accession|NZ_GL830934.1	6.305185163753186e-05	4.8311512633460555e-05	4.0	4.8311512633460555e-05	0.0	6.305185163753186e-05	4.8311512633460555e-05	4.0	4.8311512633460555e-05	0.0
ti|622312|org|Roseburia_inulinivorans_DSM_16841|accession|NZ_ACFY01000159.1	6.305185163753186e-05	4.8311512633460555e-05	4.0	4.8311512633460555e-05	0.0	6.305185163753186e-05	4.8311512633460555e-05	4.0	4.8311512633460555e-05	0.0
ti|622312|org|Roseburia_inulinivorans_DSM_16841|accession|NZ_ACFY01000112.1	6.305185163753186e-05	4.8311512633460555e-05	4.0	4.8311512633460555e-05	0.0	6.305185163783739e-05	4.8311512633460555e-05	4.0	4.8311512633460555e-05	0.0
ti|622312|org|Roseburia_inulinivorans_DSM_16841|accession|NZ_ACFY01000088.1	6.305185163753186e-05	4.8311512633460555e-05	4.0	4.8311512633460555e-05	0.0	6.454847921380513e-05	4.8311512633460555e-05	4.0	4.8311512633460555e-05	0.0
ti|622312|org|Roseburia_inulinivorans_DSM_16841|accession|NZ_ACFY01000024.1	6.305185163753186e-05	4.8311512633460555e-05	4.0	4.8311512633460555e-05	0.0	6.305185163753186e-05	4.8311512633460555e-05	4.0	4.8311512633460555e-05	0.0
ti|622312|org|Roseburia_inulinivorans_DSM_16841|accession|NZ_ACFY01000020.1	6.305185163753186e-05	4.8311512633460555e-05	4.0	4.8311512633460555e-05	0.0	6.305185163753186e-05	4.8311512633460555e-05	4.0	4.8311512633460555e-05	0.0
ti|622312|org|Roseburia_inulinivorans_DSM_16841|accession|NZ_ACFY01000013.1	6.305185163753186e-05	4.8311512633460555e-05	4.0	4.8311512633460555e-05	0.0	6.305185163753186e-05	4.8311512633460555e-05	4.0	4.8311512633460555e-05	0.0
ti|622312|org|Roseburia_inulinivorans_DSM_16841|accession|NZ_ACFY01000011.1	6.305185163753186e-05	4.8311512633460555e-05	4.0	4.8311512633460555e-05	0.0	6.305185163753186e-05	4.8311512633460555e-05	4.0	4.8311512633460555e-05	0.0
ti|536231|org|Roseburia_intestinalis_L1-82|accession|NZ_GG692751.1	6.305185163753186e-05	4.8311512633460555e-05	4.0	4.8311512633460555e-05	0.0	0.00011033668062987219	9.159057603426896e-05	7.583333333333333	6.038939079182569e-05	0.00012077878158365138
ti|471875|org|Ruminococcus_lactaris_ATCC_29176|accession|NZ_DS990197.1	6.305185163753186e-05	4.8311512633460555e-05	4.0	4.8311512633460555e-05	0.0	6.303580481379293e-05	4.8311512633460555e-05	4.0	4.8311512633460555e-05	0.0
ti|470145|org|Bacteroides_coprocola_DSM_17136|accession|NZ_DS981511.1	6.305185163753186e-05	4.8311512633460555e-05	4.0	4.8311512633460555e-05	0.0	6.30550263858767e-05	6.211480195730642e-05	5.142857142857143	6.038939079182569e-05	1.2077878158365139e-05
ti|470145|org|Bacteroides_coprocola_DSM_17136|accession|NZ_DS981483.1	6.305185163753186e-05	4.8311512633460555e-05	4.0	4.8311512633460555e-05	0.0	6.305274523363751e-05	4.8311512633460555e-05	4.0	4.8311512633460555e-05	0.0
ti|451640|org|Catenibacterium_mitsuokai_DSM_15897|accession|NZ_ACCK01000449.1	6.305185163753186e-05	4.8311512633460555e-05	4.0	4.8311512633460555e-05	0.0	6.305185163753186e-05	4.8311512633460555e-05	4.0	4.8311512633460555e-05	0.0
ti|451640|org|Catenibacterium_mitsuokai_DSM_15897|accession|NZ_ACCK01000440.1	6.305185163753186e-05	4.8311512633460555e-05	4.0	4.8311512633460555e-05	0.0	6.305095796523222e-05	4.8311512633460555e-05	4.0	4.8311512633460555e-05	0.0
ti|451640|org|Catenibacterium_mitsuokai_DSM_15897|accession|NZ_ACCK01000421.1	6.305185163753186e-05	4.8311512633460555e-05	4.0	4.8311512633460555e-05	0.0	6.305185163753186e-05	4.8311512633460555e-05	4.0	4.8311512633460555e-05	0.0
ti|451640|org|Catenibacterium_mitsuokai_DSM_15897|accession|NZ_ACCK01000076.1	6.305185163753186e-05	4.8311512633460555e-05	4.0	4.8311512633460555e-05	0.0	6.305185163753186e-05	4.8311512633460555e-05	4.0	4.8311512633460555e-05	0.0
ti|451640|org|Catenibacterium_mitsuokai_DSM_15897|accession|NZ_ACCK01000038.1	6.305185163753186e-05	4.8311512633460555e-05	4.0	4.8311512633460555e-05	0.0	6.305185163753186e-05	4.8311512633460555e-05	4.0	4.8311512633460555e-05	0.0
ti|451640|org|Catenibacterium_mitsuokai_DSM_15897|accession|NZ_ACCK01000036.1	6.305185163753186e-05	4.8311512633460555e-05	4.0	4.8311512633460555e-05	0.0	6.305185163753186e-05	4.8311512633460555e-05	4.0	4.8311512633460555e-05	0.0
ti|411469|org|Anaerobutyricum_hallii_DSM_3353|accession|NZ_ACEP01000171.1	6.305185163753186e-05	4.8311512633460555e-05	4.0	4.8311512633460555e-05	0.0	6.305185191856499e-05	6.038939079182569e-05	5.0	6.038939079182569e-05	0.0
ti|411469|org|Anaerobutyricum_hallii_DSM_3353|accession|NZ_ACEP01000160.1	6.305185163753186e-05	4.8311512633460555e-05	4.0	4.8311512633460555e-05	0.0	6.305185163753186e-05	4.8311512633460555e-05	4.0	4.8311512633460555e-05	0.0
ti|411469|org|Anaerobutyricum_hallii_DSM_3353|accession|NZ_ACEP01000149.1	6.305185163753186e-05	4.8311512633460555e-05	4.0	4.8311512633460555e-05	0.0	6.305185163753186e-05	4.8311512633460555e-05	4.0	4.8311512633460555e-05	0.0
ti|411469|org|Anaerobutyricum_hallii_DSM_3353|accession|NZ_ACEP01000130.1	6.305185163753186e-05	4.8311512633460555e-05	4.0	4.8311512633460555e-05	0.0	6.305185163753186e-05	4.8311512633460555e-05	4.0	4.8311512633460555e-05	0.0
ti|411469|org|Anaerobutyricum_hallii_DSM_3353|accession|NZ_ACEP01000120.1	6.305185163753186e-05	4.8311512633460555e-05	4.0	4.8311512633460555e-05	0.0	6.305185163753186e-05	4.8311512633460555e-05	4.0	4.8311512633460555e-05	0.0
ti|411469|org|Anaerobutyricum_hallii_DSM_3353|accession|NZ_ACEP01000102.1	6.305185163753186e-05	6.038939079182569e-05	5.0	6.038939079182569e-05	0.0	6.305185163753186e-05	6.038939079182569e-05	5.0	6.038939079182569e-05	0.0
ti|411469|org|Anaerobutyricum_hallii_DSM_3353|accession|NZ_ACEP01000087.1	6.305185163753186e-05	4.8311512633460555e-05	4.0	4.8311512633460555e-05	0.0	6.305185163753186e-05	4.8311512633460555e-05	4.0	4.8311512633460555e-05	0.0
ti|411469|org|Anaerobutyricum_hallii_DSM_3353|accession|NZ_ACEP01000070.1	6.305185163753186e-05	4.8311512633460555e-05	4.0	4.8311512633460555e-05	0.0	6.30518516850302e-05	4.8311512633460555e-05	4.0	4.8311512633460555e-05	0.0
ti|411469|org|Anaerobutyricum_hallii_DSM_3353|accession|NZ_ACEP01000066.1	6.305185163753186e-05	4.8311512633460555e-05	4.0	4.8311512633460555e-05	0.0	6.305185155850264e-05	4.8311512633460555e-05	4.0	4.8311512633460555e-05	0.0
ti|411469|org|Anaerobutyricum_hallii_DSM_3353|accession|NZ_ACEP01000061.1	6.305185163753186e-05	4.8311512633460555e-05	4.0	4.8311512633460555e-05	0.0	6.305187207752475e-05	4.8311512633460555e-05	4.0	4.8311512633460555e-05	0.0
ti|411469|org|Anaerobutyricum_hallii_DSM_3353|accession|NZ_ACEP01000052.1	6.305185163753186e-05	4.8311512633460555e-05	4.0	4.8311512633460555e-05	0.0	6.305185163800835e-05	4.8311512633460555e-05	4.0	4.8311512633460555e-05	0.0
ti|411469|org|Anaerobutyricum_hallii_DSM_3353|accession|NZ_ACEP01000032.1	6.305185163753186e-05	4.8311512633460555e-05	4.0	4.8311512633460555e-05	0.0	6.30518516357242e-05	4.8311512633460555e-05	4.0	4.8311512633460555e-05	0.0
ti|411469|org|Anaerobutyricum_hallii_DSM_3353|accession|NZ_ACEP01000021.1	6.305185163753186e-05	4.8311512633460555e-05	4.0	4.8311512633460555e-05	0.0	6.305185163753186e-05	4.8311512633460555e-05	4.0	4.8311512633460555e-05	0.0
ti|411462|org|Dorea_longicatena_DSM_13814|accession|NZ_DS264413.1	6.305185163753186e-05	4.8311512633460555e-05	4.0	4.8311512633460555e-05	0.0	6.305185163753186e-05	4.8311512633460555e-05	4.0	4.8311512633460555e-05	0.0
ti|411462|org|Dorea_longicatena_DSM_13814|accession|NZ_DS264411.1	6.305185163753186e-05	4.8311512633460555e-05	4.0	4.8311512633460555e-05	0.0	6.305185163753186e-05	4.8311512633460555e-05	4.0	4.8311512633460555e-05	0.0
ti|411459|org|Blautia_obeum_ATCC_29174|accession|NZ_DS264325.1	6.305185163753186e-05	4.8311512633460555e-05	4.0	4.8311512633460555e-05	0.0	6.30518570261143e-05	4.8311512633460555e-05	4.0	4.8311512633460555e-05	0.0
ti|411459|org|Blautia_obeum_ATCC_29174|accession|NZ_DS264323.1	6.305185163753186e-05	4.8311512633460555e-05	4.0	4.8311512633460555e-05	0.0	6.305185163753186e-05	4.8311512633460555e-05	4.0	4.8311512633460555e-05	0.0
ti|1550024|org|Ruthenibacterium_lactatiformans|accession|NZ_JXXK01000044.1	6.305185163753186e-05	4.8311512633460555e-05	4.0	4.8311512633460555e-05	0.0	6.305185163753186e-05	4.8311512633460555e-05	4.0	4.8311512633460555e-05	0.0
ti|1550024|org|Ruthenibacterium_lactatiformans|accession|NZ_JXXK01000043.1	6.305185163753186e-05	4.8311512633460555e-05	4.0	4.8311512633460555e-05	0.0	6.305185163753186e-05	4.8311512633460555e-05	4.0	4.8311512633460555e-05	0.0
ti|1550024|org|Ruthenibacterium_lactatiformans|accession|NZ_JXXK01000042.1	6.305185163753186e-05	4.8311512633460555e-05	4.0	4.8311512633460555e-05	0.0	5.8459483028420664e-05	4.8311512633460555e-05	4.0	4.8311512633460555e-05	0.0
ti|1550024|org|Ruthenibacterium_lactatiformans|accession|NZ_JXXK01000041.1	6.305185163753186e-05	4.8311512633460555e-05	4.0	4.8311512633460555e-05	0.0	6.305185163753186e-05	4.8311512633460555e-05	4.0	4.8311512633460555e-05	0.0
ti|1501391|org|Alistipes_inops|accession|NZ_JRGF01000017.1	6.305185163753186e-05	4.8311512633460555e-05	4.0	4.8311512633460555e-05	0.0	6.305185163753186e-05	4.8311512633460555e-05	4.0	4.8311512633460555e-05	0.0
ti|1235811|org|Prevotella_disiens_JCM_6334_=_ATCC_29426|accession|NZ_BAIS01000021.1	6.305185163753186e-05	4.8311512633460555e-05	4.0	4.8311512633460555e-05	0.0	6.305185163753186e-05	4.8311512633460555e-05	4.0	4.8311512633460555e-05	0.0
ti|1235811|org|Prevotella_disiens_JCM_6334_=_ATCC_29426|accession|NZ_BAIS01000003.1	6.305185163753186e-05	4.8311512633460555e-05	4.0	4.8311512633460555e-05	0.0	6.305185163758508e-05	4.8311512633460555e-05	4.0	4.8311512633460555e-05	0.0
ti|1122992|org|Prevotella_timonensis_4401737_=_DSM_22865_=_JCM_15640|accession|NZ_HG417102.1	6.305185163753186e-05	4.8311512633460555e-05	4.0	4.8311512633460555e-05	0.0	6.305185163753186e-05	4.8311512633460555e-05	4.0	4.8311512633460555e-05	0.0
ti|1122981|org|Prevotella_corporis_DSM_18810_=_JCM_8529|accession|NZ_AUME01000013.1	6.305185163753186e-05	4.8311512633460555e-05	4.0	4.8311512633460555e-05	0.0	6.305983984196303e-05	4.8311512633460555e-05	4.0	4.8311512633460555e-05	0.0
ti|1122981|org|Prevotella_corporis_DSM_18810_=_JCM_8529|accession|NZ_AUME01000012.1	6.305185163753186e-05	4.8311512633460555e-05	4.0	4.8311512633460555e-05	0.0	6.305185163753186e-05	4.8311512633460555e-05	4.0	4.8311512633460555e-05	0.0
ti|1002367|org|Prevotella_stercorea_DSM_18206|accession|NZ_JH379477.1	6.305185163753186e-05	4.8311512633460555e-05	4.0	4.8311512633460555e-05	0.0	6.305185164036815e-05	4.8311512633460555e-05	4.0	4.8311512633460555e-05	0.0
ti|1002367|org|Prevotella_stercorea_DSM_18206|accession|NZ_JH379461.1	6.305185163753186e-05	4.8311512633460555e-05	4.0	4.8311512633460555e-05	0.0	6.305185163753186e-05	4.8311512633460555e-05	4.0	4.8311512633460555e-05	0.0
ti|1002367|org|Prevotella_stercorea_DSM_18206|accession|NZ_JH379460.1	6.305185163753186e-05	4.8311512633460555e-05	4.0	4.8311512633460555e-05	0.0	6.305185163753186e-05	4.8311512633460555e-05	4.0	4.8311512633460555e-05	0.0
ti|1002367|org|Prevotella_stercorea_DSM_18206|accession|NZ_JH379430.1	6.305185163753186e-05	4.8311512633460555e-05	4.0	4.8311512633460555e-05	0.0	6.305185163753186e-05	4.8311512633460555e-05	4.0	4.8311512633460555e-05	0.0
ti|1002367|org|Prevotella_stercorea_DSM_18206|accession|NZ_JH379381.1	6.305185163753186e-05	4.8311512633460555e-05	4.0	4.8311512633460555e-05	0.0	6.305185163753186e-05	4.8311512633460555e-05	4.0	4.8311512633460555e-05	0.0
ti|1002367|org|Prevotella_stercorea_DSM_18206|accession|NZ_JH379377.1	6.305185163753186e-05	4.8311512633460555e-05	4.0	4.8311512633460555e-05	0.0	6.305185163753186e-05	4.8311512633460555e-05	4.0	4.8311512633460555e-05	0.0
ti|1002367|org|Prevotella_stercorea_DSM_18206|accession|NZ_JH379361.1	6.305185163753186e-05	4.8311512633460555e-05	4.0	4.8311512633460555e-05	0.0	6.305274619705226e-05	4.8311512633460555e-05	4.0	4.8311512633460555e-05	0.0
ti|411469|org|Anaerobutyricum_hallii_DSM_3353|accession|NZ_ACEP01000056.1	6.305185163748116e-05	4.8311512633460555e-05	4.0	4.8311512633460555e-05	0.0	6.305185163733597e-05	4.8311512633460555e-05	4.0	4.8311512633460555e-05	0.0
ti|1122981|org|Prevotella_corporis_DSM_18810_=_JCM_8529|accession|NZ_AUME01000014.1	6.305185163540257e-05	4.8311512633460555e-05	4.0	4.8311512633460555e-05	0.0	6.305184114198837e-05	4.8311512633460555e-05	4.0	4.8311512633460555e-05	0.0
ti|1235811|org|Prevotella_disiens_JCM_6334_=_ATCC_29426|accession|NZ_BAIS01000012.1	6.303660729594455e-05	4.8311512633460555e-05	4.0	4.8311512633460555e-05	0.0	5.84594808615028e-05	4.8311512633460555e-05	4.0	4.8311512633460555e-05	0.0
ti|622312|org|Roseburia_inulinivorans_DSM_16841|accession|NZ_ACFY01000050.1	6.290907972629522e-05	4.8311512633460555e-05	4.0	4.8311512633460555e-05	0.0	6.323353739515481e-05	4.8311512633460555e-05	4.0	4.8311512633460555e-05	0.0
ti|536231|org|Roseburia_intestinalis_L1-82|accession|NZ_GG692757.1	6.286104211671046e-05	6.038939079182569e-05	5.0	6.038939079182569e-05	0.0	5.747337016957358e-05	4.562753970937942e-05	3.777777777777778	3.623363447509542e-05	3.623363447509542e-05
ti|626939|org|Phascolarctobacterium_succinatutens_YIT_12067|accession|NZ_GL830888.1	6.092222416561383e-05	0.0001570124160587468	13.0	0.0001570124160587468	0.0	6.092222416561383e-05	0.0001570124160587468	13.0	0.0001570124160587468	0.0
ti|762982|org|Paraprevotella_xylaniphila_YIT_11841|accession|NZ_GL883849.1	6.026564748490123e-05	8.454514710855597e-05	7.0	8.454514710855597e-05	0.0	6.026564748490123e-05	8.454514710855597e-05	7.0	8.454514710855597e-05	0.0
ti|762982|org|Paraprevotella_xylaniphila_YIT_11841|accession|NZ_GL883805.1	5.9547815155826944e-05	9.662302526692111e-05	8.0	9.662302526692111e-05	0.0	5.9547815155826944e-05	9.662302526692111e-05	8.0	9.662302526692111e-05	0.0
ti|411463|org|Eubacterium_ventriosum_ATCC_27560|accession|NZ_DS264266.1	5.9290595370026605e-05	0.00012077878158365138	10.0	0.00012077878158365138	0.0	5.9290595370026605e-05	0.00012077878158365138	10.0	0.00012077878158365138	0.0
ti|226186|org|Bacteroides_thetaiotaomicron_VPI-5482|accession|NC_004703.1	5.716384030714171e-05	7.246726895019084e-05	6.0	7.246726895019084e-05	0.0	0.0001186031178026909	0.00011876580189059052	9.833333333333332	0.00010870090342528624	7.246726895019084e-05
ti|1282887|org|Lachnospira_multipara_ATCC_19207|accession|NZ_AUJG01000013.1	5.653730685095829e-05	0.00022947968500893764	19.0	0.00022947968500893764	0.0	5.653730685095829e-05	0.00022947968500893764	19.0	0.00022947968500893764	0.0
ti|518637|org|Holdemanella_biformis_DSM_3989|accession|NZ_DS996840.1	5.62901677405058e-05	0.00028986907580076334	24.0	0.00028986907580076334	0.0	5.629016776133769e-05	0.00028986907580076334	24.0	0.00028986907580076334	0.0
ti|518634|org|Bifidobacterium_breve_DSM_20213_=_JCM_1192|accession|NZ_AP012324.1	5.601010983732017e-05	0.00022947968500893764	19.0	0.00022947968500893764	0.0	0.000212104528268794	0.00046787841850405267	38.73846153846154	0.0004951930044929707	9.662302526692111e-05
ti|626939|org|Phascolarctobacterium_succinatutens_YIT_12067|accession|NZ_GL830852.1	5.5832856299265615e-05	7.246726895019084e-05	6.0	7.246726895019084e-05	0.0	5.5832856299265615e-05	7.246726895019084e-05	6.0	7.246726895019084e-05	0.0
ti|411462|org|Dorea_longicatena_DSM_13814|accession|NZ_DS264394.1	5.505624763203955e-05	4.8311512633460555e-05	4.0	4.8311512633460555e-05	0.0	6.369316466668231e-05	6.824001159476304e-05	5.65	4.8311512633460555e-05	7.246726895019084e-05
ti|470145|org|Bacteroides_coprocola_DSM_17136|accession|NZ_DS981481.1	5.4652177584866935e-05	6.038939079182569e-05	5.0	6.038939079182569e-05	0.0	4.7920348261761174e-05	4.965349909550112e-05	4.111111111111111	6.038939079182569e-05	1.2077878158365139e-05
ti|411459|org|Blautia_obeum_ATCC_29174|accession|NZ_DS264317.1	5.418614671560374e-05	6.038939079182569e-05	5.0	6.038939079182569e-05	0.0	5.41861551197791e-05	6.038939079182569e-05	5.0	6.038939079182569e-05	0.0
ti|762982|org|Paraprevotella_xylaniphila_YIT_11841|accession|NZ_GL883811.1	5.3816259710705945e-05	9.662302526692111e-05	8.0	9.662302526692111e-05	0.0	5.3816259710705945e-05	9.662302526692111e-05	8.0	9.662302526692111e-05	0.0
ti|626939|org|Phascolarctobacterium_succinatutens_YIT_12067|accession|NZ_GL830847.1	5.376960393550187e-05	6.038939079182569e-05	5.0	6.038939079182569e-05	0.0	5.376960393550187e-05	6.038939079182569e-05	5.0	6.038939079182569e-05	0.0
ti|1158614|org|Enterococcus_gilvus_ATCC_BAA-350|accession|NZ_ASWH01000004.1	5.3769425154978016e-05	6.038939079182569e-05	5.0	6.038939079182569e-05	0.0	5.3867410193384757e-05	6.038939079182569e-05	5.0	6.038939079182569e-05	0.0
ti|470145|org|Bacteroides_coprocola_DSM_17136|accession|NZ_DS981492.1	5.37692365150051e-05	4.8311512633460555e-05	4.0	4.8311512633460555e-05	0.0	5.376924325697713e-05	4.8311512633460555e-05	4.0	4.8311512633460555e-05	0.0
ti|1256908|org|Eubacterium_ramulus_ATCC_29099|accession|NZ_KI271098.1	5.37692365150051e-05	4.8311512633460555e-05	4.0	4.8311512633460555e-05	0.0	5.37692365150051e-05	4.8311512633460555e-05	4.0	4.8311512633460555e-05	0.0
ti|762982|org|Paraprevotella_xylaniphila_YIT_11841|accession|NZ_GL883836.1	5.3718908779866216e-05	0.00012077878158365138	10.0	0.00012077878158365138	0.0	5.3718908779866216e-05	0.00012077878158365138	10.0	0.00012077878158365138	0.0
ti|626939|org|Phascolarctobacterium_succinatutens_YIT_12067|accession|NZ_GL830858.1	5.293846968997374e-05	4.8311512633460555e-05	4.0	4.8311512633460555e-05	0.0	5.889331566922552e-05	6.038939079182569e-05	5.0	6.038939079182569e-05	0.0
ti|762982|org|Paraprevotella_xylaniphila_YIT_11841|accession|NZ_GL883831.1	5.293065589445988e-05	9.662302526692111e-05	8.0	9.662302526692111e-05	0.0	5.293065589445988e-05	9.662302526692111e-05	8.0	9.662302526692111e-05	0.0
ti|762982|org|Paraprevotella_xylaniphila_YIT_11841|accession|NZ_GL883879.1	5.263005235800294e-05	7.246726895019084e-05	6.0	7.246726895019084e-05	0.0	5.263005235800294e-05	7.246726895019084e-05	6.0	7.246726895019084e-05	0.0
ti|762982|org|Paraprevotella_xylaniphila_YIT_11841|accession|NZ_GL883818.1	5.2617190095280033e-05	7.246726895019084e-05	6.0	7.246726895019084e-05	0.0	5.2617190095280033e-05	7.246726895019084e-05	6.0	7.246726895019084e-05	0.0
ti|762982|org|Paraprevotella_xylaniphila_YIT_11841|accession|NZ_GL883825.1	5.115214565808043e-05	8.454514710855597e-05	7.0	8.454514710855597e-05	0.0	5.115214565808043e-05	8.454514710855597e-05	7.0	8.454514710855597e-05	0.0
ti|999419|org|Parabacteroides_johnsonii_CL02T12C29|accession|NZ_JH976465.1	5.113096444963583e-05	0.002729600463790521	226.0	0.002729600463790521	0.0	5.8408160476080585e-05	0.0027271848881588482	225.79999999999998	0.002705444707473791	8.454514710855597e-05
ti|1256908|org|Eubacterium_ramulus_ATCC_29099|accession|NZ_KI271175.1	5.104840126551891e-05	8.454514710855597e-05	7.0	8.454514710855597e-05	0.0	5.104840126551891e-05	8.454514710855597e-05	7.0	8.454514710855597e-05	0.0
ti|537007|org|Blautia_hansenii_DSM_20583|accession|NZ_GG698589.1	5.029864292752171e-05	6.038939079182569e-05	5.0	4.8311512633460555e-05	1.2077878158365139e-05	8.547744204558679e-05	0.00010165547449957325	8.416666666666666	4.8311512633460555e-05	9.662302526692111e-05
ti|1256908|org|Eubacterium_ramulus_ATCC_29099|accession|NZ_KI271117.1	5.01832884180046e-05	7.246726895019084e-05	6.0	7.246726895019084e-05	0.0	5.3490928191810844e-05	6.743481971753868e-05	5.583333333333333	6.038939079182569e-05	2.4155756316730277e-05
ti|470145|org|Bacteroides_coprocola_DSM_17136|accession|NZ_DS981493.1	5.002914214676766e-05	6.038939079182569e-05	5.0	6.038939079182569e-05	0.0	5.396988287711849e-05	6.340886033141697e-05	5.25	6.038939079182569e-05	1.2077878158365139e-05
ti|679190|org|Prevotella_buccalis_ATCC_35310|accession|NZ_ADEG01000016.1	5.0028545360584955e-05	0.00012077878158365138	10.0	0.00012077878158365138	0.0	5.002889502401845e-05	0.00014493453790038167	12.0	0.00014493453790038167	0.0
ti|411463|org|Eubacterium_ventriosum_ATCC_27560|accession|NZ_DS264285.1	4.995727385716788e-05	7.246726895019084e-05	6.0	7.246726895019084e-05	0.0	5.463299602476242e-05	7.246726895019084e-05	6.0	7.246726895019084e-05	0.0
ti|762982|org|Paraprevotella_xylaniphila_YIT_11841|accession|NZ_GL883813.1	4.9953039350086545e-05	4.8311512633460555e-05	4.0	4.8311512633460555e-05	0.0	4.9953869893212274e-05	4.8311512633460555e-05	4.0	4.8311512633460555e-05	0.0
ti|470145|org|Bacteroides_coprocola_DSM_17136|accession|NZ_DS981506.1	4.9953039350086545e-05	4.8311512633460555e-05	4.0	4.8311512633460555e-05	0.0	4.995303935428049e-05	4.8311512633460555e-05	4.0	4.8311512633460555e-05	0.0
ti|1256908|org|Eubacterium_ramulus_ATCC_29099|accession|NZ_KI271174.1	4.9953039350086545e-05	4.8311512633460555e-05	4.0	4.8311512633460555e-05	0.0	4.9953039350086545e-05	4.8311512633460555e-05	4.0	4.8311512633460555e-05	0.0
ti|1282887|org|Lachnospira_multipara_ATCC_19207|accession|NZ_AUJG01000005.1	4.9602630324663115e-05	0.000350258466592589	29.0	0.000350258466592589	0.0	4.9693317182133924e-05	0.000350258466592589	29.0	0.000350258466592589	0.0
ti|626939|org|Phascolarctobacterium_succinatutens_YIT_12067|accession|NZ_GL830896.1	4.942254119863523e-05	6.038939079182569e-05	5.0	6.038939079182569e-05	0.0	4.942254119863523e-05	6.038939079182569e-05	5.0	6.038939079182569e-05	0.0
ti|40520|org|Blautia_obeum|accession|NZ_CYZA01000029.1	4.842062247069473e-05	7.246726895019084e-05	6.0	7.246726895019084e-05	0.0	4.843352271398385e-05	8.454514710855597e-05	7.0	8.454514710855597e-05	0.0
ti|626939|org|Phascolarctobacterium_succinatutens_YIT_12067|accession|NZ_GL830873.1	4.7991151207600906e-05	4.8311512633460555e-05	4.0	4.8311512633460555e-05	0.0	4.7991151207600906e-05	4.8311512633460555e-05	4.0	4.8311512633460555e-05	0.0
ti|428125|org|[Clostridium]_leptum_DSM_753|accession|NZ_DS480350.1	4.777818853055506e-05	4.8311512633460555e-05	4.0	4.8311512633460555e-05	0.0	7.205679069287867e-05	7.25464922279894e-05	6.006559370508611	4.8311512633460555e-05	0.0003623363447509542
ti|1256908|org|Eubacterium_ramulus_ATCC_29099|accession|NZ_KI271193.1	4.7754752936008765e-05	7.246726895019084e-05	6.0	7.246726895019084e-05	0.0	4.7758400497675536e-05	7.246726895019084e-05	6.0	7.246726895019084e-05	0.0
ti|762982|org|Paraprevotella_xylaniphila_YIT_11841|accession|NZ_GL883885.1	4.76983339123349e-05	7.246726895019084e-05	6.0	7.246726895019084e-05	0.0	4.76983339123349e-05	7.246726895019084e-05	6.0	7.246726895019084e-05	0.0
ti|272563|org|Clostridioides_difficile_630|accession|NC_009089.1	4.740881233040043e-05	8.454514710855597e-05	7.0	8.454514710855597e-05	0.0	5.9640196899642395e-05	6.038939079182569e-05	5.0	6.038939079182569e-05	0.0
ti|1002367|org|Prevotella_stercorea_DSM_18206|accession|NZ_JH379330.1	4.7362691243784575e-05	7.246726895019084e-05	6.0	7.246726895019084e-05	0.0	4.736179551813196e-05	6.038939079182569e-05	5.0	6.038939079182569e-05	0.0
ti|762982|org|Paraprevotella_xylaniphila_YIT_11841|accession|NZ_GL883867.1	4.734889983126634e-05	9.662302526692111e-05	8.0	9.662302526692111e-05	0.0	4.7348909658172547e-05	9.662302526692111e-05	8.0	9.662302526692111e-05	0.0
ti|411460|org|[Ruminococcus]_torques_ATCC_27756|accession|NZ_DS264368.1	4.7327961206771244e-05	4.8311512633460555e-05	4.0	4.8311512633460555e-05	0.0	4.732796120678215e-05	4.8311512633460555e-05	4.0	4.8311512633460555e-05	0.0
ti|622312|org|Roseburia_inulinivorans_DSM_16841|accession|NZ_ACFY01000100.1	4.73139412351689e-05	4.8311512633460555e-05	4.0	4.8311512633460555e-05	0.0	4.73139412351689e-05	4.8311512633460555e-05	4.0	4.8311512633460555e-05	0.0
ti|1547597|org|Sanguibacteroides_justesenii|accession|NZ_JPIU01000040.1	4.7306015869095084e-05	3.623363447509542e-05	3.0	3.623363447509542e-05	0.0	9.467035618729965e-05	0.00012077878158365138	10.0	0.0001811681723754771	1.2077878158365139e-05
ti|1256908|org|Eubacterium_ramulus_ATCC_29099|accession|NZ_KI271075.1	4.7301902165209664e-05	6.038939079182569e-05	5.0	6.038939079182569e-05	0.0	5.383973193213926e-05	6.642832987100826e-05	5.5	6.038939079182569e-05	1.2077878158365139e-05
ti|411469|org|Anaerobutyricum_hallii_DSM_3353|accession|NZ_ACEP01000028.1	4.729607467603865e-05	3.623363447509542e-05	3.0	3.623363447509542e-05	0.0	5.211326810695067e-05	4.8311512633460555e-05	4.0	4.8311512633460555e-05	0.0
ti|1122981|org|Prevotella_corporis_DSM_18810_=_JCM_8529|accession|NZ_KE387159.1	4.7289664295002904e-05	3.623363447509542e-05	3.0	3.623363447509542e-05	0.0	5.517037477720661e-05	4.227257355427798e-05	3.5	4.8311512633460555e-05	0.0
ti|470145|org|Bacteroides_coprocola_DSM_17136|accession|NZ_DS981447.1	4.728894761098309e-05	3.623363447509542e-05	3.0	3.623363447509542e-05	0.0	5.182763791708899e-05	3.973130054810614e-05	3.289592760180996	3.623363447509542e-05	4.8311512633460555e-05
ti|536231|org|Roseburia_intestinalis_L1-82|accession|NZ_GG692748.1	4.728888872902912e-05	3.623363447509542e-05	3.0	3.623363447509542e-05	0.0	0.00010783541568015417	8.857110649467768e-05	7.333333333333333	6.038939079182569e-05	4.8311512633460555e-05
ti|762982|org|Paraprevotella_xylaniphila_YIT_11841|accession|NZ_GL883868.1	4.72888887281489e-05	3.623363447509542e-05	3.0	3.623363447509542e-05	0.0	4.72888887281489e-05	3.623363447509542e-05	3.0	3.623363447509542e-05	0.0
ti|762982|org|Paraprevotella_xylaniphila_YIT_11841|accession|NZ_GL883819.1	4.72888887281489e-05	3.623363447509542e-05	3.0	3.623363447509542e-05	0.0	4.72888887281489e-05	3.623363447509542e-05	3.0	3.623363447509542e-05	0.0
ti|762966|org|Parasutterella_excrementihominis_YIT_11859|accession|NZ_GL883762.1	4.72888887281489e-05	3.623363447509542e-05	3.0	3.623363447509542e-05	0.0	4.72888887281489e-05	3.623363447509542e-05	3.0	3.623363447509542e-05	0.0
ti|762966|org|Parasutterella_excrementihominis_YIT_11859|accession|NZ_GL883703.1	4.72888887281489e-05	3.623363447509542e-05	3.0	3.623363447509542e-05	0.0	4.72888887281489e-05	3.623363447509542e-05	3.0	3.623363447509542e-05	0.0
ti|762966|org|Parasutterella_excrementihominis_YIT_11859|accession|NZ_GL883693.1	4.72888887281489e-05	3.623363447509542e-05	3.0	3.623363447509542e-05	0.0	4.72888887281489e-05	3.623363447509542e-05	3.0	3.623363447509542e-05	0.0
ti|762966|org|Parasutterella_excrementihominis_YIT_11859|accession|NZ_GL883686.1	4.72888887281489e-05	3.623363447509542e-05	3.0	3.623363447509542e-05	0.0	4.72888887281489e-05	3.623363447509542e-05	3.0	3.623363447509542e-05	0.0
ti|762966|org|Parasutterella_excrementihominis_YIT_11859|accession|NZ_GL883681.1	4.72888887281489e-05	3.623363447509542e-05	3.0	3.623363447509542e-05	0.0	4.846531107923223e-05	3.6944097896175714e-05	3.0588235294117645	3.623363447509542e-05	1.2077878158365139e-05
ti|745368|org|Gemmiger_formicilis|accession|NZ_FUYF01000027.1	4.72888887281489e-05	3.623363447509542e-05	3.0	3.623363447509542e-05	0.0	4.728888872959637e-05	3.623363447509542e-05	3.0	3.623363447509542e-05	0.0
ti|745368|org|Gemmiger_formicilis|accession|NZ_FUYF01000024.1	4.72888887281489e-05	3.623363447509542e-05	3.0	3.623363447509542e-05	0.0	6.0773872165240124e-05	6.038939079182569e-05	5.0	6.038939079182569e-05	0.0
ti|626939|org|Phascolarctobacterium_succinatutens_YIT_12067|accession|NZ_GL830877.1	4.72888887281489e-05	3.623363447509542e-05	3.0	3.623363447509542e-05	0.0	5.300763331041375e-05	5.236620759348517e-05	4.335712523910198	3.623363447509542e-05	8.454514710855597e-05
ti|622312|org|Roseburia_inulinivorans_DSM_16841|accession|NZ_ACFY01000151.1	4.72888887281489e-05	3.623363447509542e-05	3.0	3.623363447509542e-05	0.0	6.109386253617576e-05	4.8311512633460555e-05	4.0	3.623363447509542e-05	2.4155756316730277e-05
ti|622312|org|Roseburia_inulinivorans_DSM_16841|accession|NZ_ACFY01000116.1	4.72888887281489e-05	3.623363447509542e-05	3.0	3.623363447509542e-05	0.0	4.72888887281489e-05	3.623363447509542e-05	3.0	3.623363447509542e-05	0.0
ti|622312|org|Roseburia_inulinivorans_DSM_16841|accession|NZ_ACFY01000038.1	4.72888887281489e-05	3.623363447509542e-05	3.0	3.623363447509542e-05	0.0	4.72888887281489e-05	3.623363447509542e-05	3.0	3.623363447509542e-05	0.0
ti|622312|org|Roseburia_inulinivorans_DSM_16841|accession|NZ_ACFY01000032.1	4.72888887281489e-05	3.623363447509542e-05	3.0	3.623363447509542e-05	0.0	4.728963816446039e-05	3.623363447509542e-05	3.0	3.623363447509542e-05	0.0
ti|536231|org|Roseburia_intestinalis_L1-82|accession|NZ_GG692762.1	4.72888887281489e-05	3.623363447509542e-05	3.0	3.623363447509542e-05	0.0	7.035493466946046e-05	5.8376411098764844e-05	4.833333333333334	4.8311512633460555e-05	2.4155756316730277e-05
ti|536231|org|Roseburia_intestinalis_L1-82|accession|NZ_GG692759.1	4.72888887281489e-05	3.623363447509542e-05	3.0	3.623363447509542e-05	0.0	4.72888887281489e-05	3.623363447509542e-05	3.0	3.623363447509542e-05	0.0
ti|536231|org|Roseburia_intestinalis_L1-82|accession|NZ_GG692753.1	4.72888887281489e-05	3.623363447509542e-05	3.0	3.623363447509542e-05	0.0	4.72888887281489e-05	3.623363447509542e-05	3.0	3.623363447509542e-05	0.0
ti|484018|org|Bacteroides_plebeius_DSM_17135|accession|NZ_DS990121.1	4.72888887281489e-05	3.623363447509542e-05	3.0	3.623363447509542e-05	0.0	4.72888887281489e-05	3.623363447509542e-05	3.0	3.623363447509542e-05	0.0
ti|471875|org|Ruminococcus_lactaris_ATCC_29176|accession|NZ_DS990184.1	4.72888887281489e-05	3.623363447509542e-05	3.0	3.623363447509542e-05	0.0	4.9180289634537694e-05	3.623363447509542e-05	3.0	3.623363447509542e-05	0.0
ti|471875|org|Ruminococcus_lactaris_ATCC_29176|accession|NZ_DS990183.1	4.72888887281489e-05	3.623363447509542e-05	3.0	3.623363447509542e-05	0.0	4.72888887281489e-05	3.623363447509542e-05	3.0	3.623363447509542e-05	0.0
ti|471875|org|Ruminococcus_lactaris_ATCC_29176|accession|NZ_DS990182.1	4.72888887281489e-05	3.623363447509542e-05	3.0	3.623363447509542e-05	0.0	4.762446951188306e-05	3.623363447509542e-05	3.0	3.623363447509542e-05	0.0
ti|470145|org|Bacteroides_coprocola_DSM_17136|accession|NZ_DS981482.1	4.72888887281489e-05	3.623363447509542e-05	3.0	3.623363447509542e-05	0.0	4.9040318012615303e-05	3.7575620937135983e-05	3.111111111111111	3.623363447509542e-05	1.2077878158365139e-05
ti|451640|org|Catenibacterium_mitsuokai_DSM_15897|accession|NZ_ACCK01000459.1	4.72888887281489e-05	3.623363447509542e-05	3.0	3.623363447509542e-05	0.0	4.72888887281489e-05	3.623363447509542e-05	3.0	3.623363447509542e-05	0.0
ti|451640|org|Catenibacterium_mitsuokai_DSM_15897|accession|NZ_ACCK01000451.1	4.72888887281489e-05	3.623363447509542e-05	3.0	3.623363447509542e-05	0.0	4.72888887281489e-05	3.623363447509542e-05	3.0	3.623363447509542e-05	0.0
ti|451640|org|Catenibacterium_mitsuokai_DSM_15897|accession|NZ_ACCK01000443.1	4.72888887281489e-05	3.623363447509542e-05	3.0	3.623363447509542e-05	0.0	4.72888887281489e-05	3.623363447509542e-05	3.0	3.623363447509542e-05	0.0
ti|451640|org|Catenibacterium_mitsuokai_DSM_15897|accession|NZ_ACCK01000442.1	4.72888887281489e-05	3.623363447509542e-05	3.0	3.623363447509542e-05	0.0	4.732098181165187e-05	3.623363447509542e-05	3.0	3.623363447509542e-05	0.0
ti|451640|org|Catenibacterium_mitsuokai_DSM_15897|accession|NZ_ACCK01000441.1	4.72888887281489e-05	3.623363447509542e-05	3.0	3.623363447509542e-05	0.0	4.72888887281489e-05	3.623363447509542e-05	3.0	3.623363447509542e-05	0.0
ti|451640|org|Catenibacterium_mitsuokai_DSM_15897|accession|NZ_ACCK01000400.1	4.72888887281489e-05	3.623363447509542e-05	3.0	3.623363447509542e-05	0.0	4.72448628555433e-05	3.623363447509542e-05	3.0	3.623363447509542e-05	0.0
ti|451640|org|Catenibacterium_mitsuokai_DSM_15897|accession|NZ_ACCK01000308.1	4.72888887281489e-05	3.623363447509542e-05	3.0	3.623363447509542e-05	0.0	4.72888887281489e-05	3.623363447509542e-05	3.0	3.623363447509542e-05	0.0
ti|451640|org|Catenibacterium_mitsuokai_DSM_15897|accession|NZ_ACCK01000072.1	4.72888887281489e-05	3.623363447509542e-05	3.0	3.623363447509542e-05	0.0	4.72888887281489e-05	3.623363447509542e-05	3.0	3.623363447509542e-05	0.0
ti|451640|org|Catenibacterium_mitsuokai_DSM_15897|accession|NZ_ACCK01000071.1	4.72888887281489e-05	3.623363447509542e-05	3.0	3.623363447509542e-05	0.0	4.728888872784338e-05	3.623363447509542e-05	3.0	3.623363447509542e-05	0.0
ti|451640|org|Catenibacterium_mitsuokai_DSM_15897|accession|NZ_ACCK01000059.1	4.72888887281489e-05	3.623363447509542e-05	3.0	3.623363447509542e-05	0.0	4.728888032397354e-05	3.623363447509542e-05	3.0	3.623363447509542e-05	0.0
ti|451640|org|Catenibacterium_mitsuokai_DSM_15897|accession|NZ_ACCK01000057.1	4.72888887281489e-05	3.623363447509542e-05	3.0	3.623363447509542e-05	0.0	4.72888887281489e-05	3.623363447509542e-05	3.0	3.623363447509542e-05	0.0
ti|451640|org|Catenibacterium_mitsuokai_DSM_15897|accession|NZ_ACCK01000055.1	4.72888887281489e-05	3.623363447509542e-05	3.0	3.623363447509542e-05	0.0	4.72888887281489e-05	3.623363447509542e-05	3.0	3.623363447509542e-05	0.0
ti|451640|org|Catenibacterium_mitsuokai_DSM_15897|accession|NZ_ACCK01000054.1	4.72888887281489e-05	3.623363447509542e-05	3.0	3.623363447509542e-05	0.0	4.7288888680716227e-05	3.623363447509542e-05	3.0	3.623363447509542e-05	0.0
ti|451640|org|Catenibacterium_mitsuokai_DSM_15897|accession|NZ_ACCK01000039.1	4.72888887281489e-05	3.623363447509542e-05	3.0	3.623363447509542e-05	0.0	4.72888887281489e-05	3.623363447509542e-05	3.0	3.623363447509542e-05	0.0
ti|451640|org|Catenibacterium_mitsuokai_DSM_15897|accession|NZ_ACCK01000027.1	4.72888887281489e-05	3.623363447509542e-05	3.0	3.623363447509542e-05	0.0	4.72888887281489e-05	3.623363447509542e-05	3.0	3.623363447509542e-05	0.0
ti|451640|org|Catenibacterium_mitsuokai_DSM_15897|accession|NZ_ACCK01000015.1	4.72888887281489e-05	3.623363447509542e-05	3.0	3.623363447509542e-05	0.0	4.72888887281489e-05	3.623363447509542e-05	3.0	3.623363447509542e-05	0.0
ti|411479|org|Bacteroides_uniformis_ATCC_8492|accession|NZ_DS362221.1	4.72888887281489e-05	3.623363447509542e-05	3.0	3.623363447509542e-05	0.0	0.00011165475087737853	8.253216741549511e-05	6.833333333333333	9.662302526692111e-05	2.4155756316730277e-05
ti|411469|org|Anaerobutyricum_hallii_DSM_3353|accession|NZ_ACEP01000133.1	4.72888887281489e-05	3.623363447509542e-05	3.0	3.623363447509542e-05	0.0	4.72888887281489e-05	3.623363447509542e-05	3.0	3.623363447509542e-05	0.0
ti|411469|org|Anaerobutyricum_hallii_DSM_3353|accession|NZ_ACEP01000086.1	4.72888887281489e-05	3.623363447509542e-05	3.0	3.623363447509542e-05	0.0	4.72888887281489e-05	3.623363447509542e-05	3.0	3.623363447509542e-05	0.0
ti|411469|org|Anaerobutyricum_hallii_DSM_3353|accession|NZ_ACEP01000082.1	4.72888887281489e-05	3.623363447509542e-05	3.0	3.623363447509542e-05	0.0	4.72888887281489e-05	3.623363447509542e-05	3.0	3.623363447509542e-05	0.0
ti|411469|org|Anaerobutyricum_hallii_DSM_3353|accession|NZ_ACEP01000078.1	4.72888887281489e-05	3.623363447509542e-05	3.0	3.623363447509542e-05	0.0	4.72888887281489e-05	3.623363447509542e-05	3.0	3.623363447509542e-05	0.0
ti|411469|org|Anaerobutyricum_hallii_DSM_3353|accession|NZ_ACEP01000075.1	4.72888887281489e-05	3.623363447509542e-05	3.0	3.623363447509542e-05	0.0	4.728888872822943e-05	3.623363447509542e-05	3.0	3.623363447509542e-05	0.0
ti|411469|org|Anaerobutyricum_hallii_DSM_3353|accession|NZ_ACEP01000068.1	4.72888887281489e-05	3.623363447509542e-05	3.0	3.623363447509542e-05	0.0	4.72888887281489e-05	3.623363447509542e-05	3.0	3.623363447509542e-05	0.0
ti|411469|org|Anaerobutyricum_hallii_DSM_3353|accession|NZ_ACEP01000027.1	4.72888887281489e-05	3.623363447509542e-05	3.0	3.623363447509542e-05	0.0	4.728888874767605e-05	3.623363447509542e-05	3.0	3.623363447509542e-05	0.0
ti|411469|org|Anaerobutyricum_hallii_DSM_3353|accession|NZ_ACEP01000026.1	4.72888887281489e-05	3.623363447509542e-05	3.0	3.623363447509542e-05	0.0	4.728888872907699e-05	3.623363447509542e-05	3.0	3.623363447509542e-05	0.0
ti|411469|org|Anaerobutyricum_hallii_DSM_3353|accession|NZ_ACEP01000018.1	4.72888887281489e-05	3.623363447509542e-05	3.0	3.623363447509542e-05	0.0	4.72888887281489e-05	3.623363447509542e-05	3.0	3.623363447509542e-05	0.0
ti|411469|org|Anaerobutyricum_hallii_DSM_3353|accession|NZ_ACEP01000006.1	4.72888887281489e-05	3.623363447509542e-05	3.0	3.623363447509542e-05	0.0	4.72888893121003e-05	3.623363447509542e-05	3.0	3.623363447509542e-05	0.0
ti|411459|org|Blautia_obeum_ATCC_29174|accession|NZ_DS264326.1	4.72888887281489e-05	3.623363447509542e-05	3.0	3.623363447509542e-05	0.0	4.72888887281489e-05	3.623363447509542e-05	3.0	3.623363447509542e-05	0.0
ti|411459|org|Blautia_obeum_ATCC_29174|accession|NZ_DS264322.1	4.72888887281489e-05	3.623363447509542e-05	3.0	3.623363447509542e-05	0.0	4.72888887281489e-05	3.623363447509542e-05	3.0	3.623363447509542e-05	0.0
ti|411459|org|Blautia_obeum_ATCC_29174|accession|NZ_DS264294.1	4.72888887281489e-05	3.623363447509542e-05	3.0	3.623363447509542e-05	0.0	4.72888887281489e-05	3.623363447509542e-05	3.0	3.623363447509542e-05	0.0
ti|1550024|org|Ruthenibacterium_lactatiformans|accession|NZ_JXXK01000048.1	4.72888887281489e-05	3.623363447509542e-05	3.0	3.623363447509542e-05	0.0	4.72888887281489e-05	3.623363447509542e-05	3.0	3.623363447509542e-05	0.0
ti|1550024|org|Ruthenibacterium_lactatiformans|accession|NZ_JXXK01000047.1	4.72888887281489e-05	3.623363447509542e-05	3.0	3.623363447509542e-05	0.0	4.72888887281489e-05	3.623363447509542e-05	3.0	3.623363447509542e-05	0.0
ti|1550024|org|Ruthenibacterium_lactatiformans|accession|NZ_JXXK01000046.1	4.72888887281489e-05	3.623363447509542e-05	3.0	3.623363447509542e-05	0.0	4.72888887281489e-05	3.623363447509542e-05	3.0	3.623363447509542e-05	0.0
ti|1550024|org|Ruthenibacterium_lactatiformans|accession|NZ_JXXK01000045.1	4.72888887281489e-05	3.623363447509542e-05	3.0	3.623363447509542e-05	0.0	4.72888887281489e-05	3.623363447509542e-05	3.0	3.623363447509542e-05	0.0
ti|1501391|org|Alistipes_inops|accession|NZ_JRGF01000022.1	4.72888887281489e-05	3.623363447509542e-05	3.0	3.623363447509542e-05	0.0	4.72888887281489e-05	3.623363447509542e-05	3.0	3.623363447509542e-05	0.0
ti|1501391|org|Alistipes_inops|accession|NZ_JRGF01000021.1	4.72888887281489e-05	3.623363447509542e-05	3.0	3.623363447509542e-05	0.0	4.72888887281489e-05	3.623363447509542e-05	3.0	3.623363447509542e-05	0.0
ti|1501391|org|Alistipes_inops|accession|NZ_JRGF01000020.1	4.72888887281489e-05	3.623363447509542e-05	3.0	3.623363447509542e-05	0.0	4.72888887281489e-05	3.623363447509542e-05	3.0	3.623363447509542e-05	0.0
ti|1501391|org|Alistipes_inops|accession|NZ_JRGF01000019.1	4.72888887281489e-05	3.623363447509542e-05	3.0	3.623363447509542e-05	0.0	4.72888887281489e-05	3.623363447509542e-05	3.0	3.623363447509542e-05	0.0
ti|1501391|org|Alistipes_inops|accession|NZ_JRGF01000018.1	4.72888887281489e-05	3.623363447509542e-05	3.0	3.623363447509542e-05	0.0	4.72888887281489e-05	3.623363447509542e-05	3.0	3.623363447509542e-05	0.0
ti|1235811|org|Prevotella_disiens_JCM_6334_=_ATCC_29426|accession|NZ_BAIS01000047.1	4.72888887281489e-05	3.623363447509542e-05	3.0	3.623363447509542e-05	0.0	4.72888887281489e-05	3.623363447509542e-05	3.0	3.623363447509542e-05	0.0
ti|1235811|org|Prevotella_disiens_JCM_6334_=_ATCC_29426|accession|NZ_BAIS01000030.1	4.72888887281489e-05	3.623363447509542e-05	3.0	3.623363447509542e-05	0.0	4.72888887281489e-05	3.623363447509542e-05	3.0	3.623363447509542e-05	0.0
ti|1235811|org|Prevotella_disiens_JCM_6334_=_ATCC_29426|accession|NZ_BAIS01000011.1	4.72888887281489e-05	3.623363447509542e-05	3.0	3.623363447509542e-05	0.0	4.72888887281489e-05	3.623363447509542e-05	3.0	3.623363447509542e-05	0.0
ti|1235811|org|Prevotella_disiens_JCM_6334_=_ATCC_29426|accession|NZ_BAIS01000010.1	4.72888887281489e-05	3.623363447509542e-05	3.0	3.623363447509542e-05	0.0	4.72888887281489e-05	3.623363447509542e-05	3.0	3.623363447509542e-05	0.0
ti|1122992|org|Prevotella_timonensis_4401737_=_DSM_22865_=_JCM_15640|accession|NZ_HG417103.1	4.72888887281489e-05	3.623363447509542e-05	3.0	3.623363447509542e-05	0.0	4.728888878026549e-05	3.623363447509542e-05	3.0	3.623363447509542e-05	0.0
ti|1122981|org|Prevotella_corporis_DSM_18810_=_JCM_8529|accession|NZ_KE387160.1	4.72888887281489e-05	3.623363447509542e-05	3.0	3.623363447509542e-05	0.0	4.72888887281489e-05	3.623363447509542e-05	3.0	3.623363447509542e-05	0.0
ti|1122981|org|Prevotella_corporis_DSM_18810_=_JCM_8529|accession|NZ_AUME01000026.1	4.72888887281489e-05	3.623363447509542e-05	3.0	3.623363447509542e-05	0.0	4.728888872776735e-05	3.623363447509542e-05	3.0	3.623363447509542e-05	0.0
ti|1122981|org|Prevotella_corporis_DSM_18810_=_JCM_8529|accession|NZ_AUME01000025.1	4.72888887281489e-05	3.623363447509542e-05	3.0	3.623363447509542e-05	0.0	4.72888887281489e-05	3.623363447509542e-05	3.0	3.623363447509542e-05	0.0
ti|1122981|org|Prevotella_corporis_DSM_18810_=_JCM_8529|accession|NZ_AUME01000021.1	4.72888887281489e-05	3.623363447509542e-05	3.0	3.623363447509542e-05	0.0	4.72888887281489e-05	3.623363447509542e-05	3.0	3.623363447509542e-05	0.0
ti|1122981|org|Prevotella_corporis_DSM_18810_=_JCM_8529|accession|NZ_AUME01000020.1	4.72888887281489e-05	3.623363447509542e-05	3.0	3.623363447509542e-05	0.0	4.728888944127218e-05	4.8311512633460555e-05	4.0	4.8311512633460555e-05	0.0
ti|1122981|org|Prevotella_corporis_DSM_18810_=_JCM_8529|accession|NZ_AUME01000019.1	4.72888887281489e-05	3.623363447509542e-05	3.0	3.623363447509542e-05	0.0	4.72888887281489e-05	3.623363447509542e-05	3.0	3.623363447509542e-05	0.0
ti|1002367|org|Prevotella_stercorea_DSM_18206|accession|NZ_JH379466.1	4.72888887281489e-05	3.623363447509542e-05	3.0	3.623363447509542e-05	0.0	4.72888887281489e-05	3.623363447509542e-05	3.0	3.623363447509542e-05	0.0
ti|1002367|org|Prevotella_stercorea_DSM_18206|accession|NZ_JH379462.1	4.72888887281489e-05	3.623363447509542e-05	3.0	3.623363447509542e-05	0.0	4.72888887281489e-05	3.623363447509542e-05	3.0	3.623363447509542e-05	0.0
ti|1002367|org|Prevotella_stercorea_DSM_18206|accession|NZ_JH379459.1	4.72888887281489e-05	3.623363447509542e-05	3.0	3.623363447509542e-05	0.0	4.72888887281489e-05	3.623363447509542e-05	3.0	3.623363447509542e-05	0.0
ti|1002367|org|Prevotella_stercorea_DSM_18206|accession|NZ_JH379428.1	4.72888887281489e-05	3.623363447509542e-05	3.0	3.623363447509542e-05	0.0	4.72888887281489e-05	3.623363447509542e-05	3.0	3.623363447509542e-05	0.0
ti|1002367|org|Prevotella_stercorea_DSM_18206|accession|NZ_JH379427.1	4.72888887281489e-05	3.623363447509542e-05	3.0	3.623363447509542e-05	0.0	4.72888887281489e-05	3.623363447509542e-05	3.0	3.623363447509542e-05	0.0
ti|1002367|org|Prevotella_stercorea_DSM_18206|accession|NZ_JH379412.1	4.72888887281489e-05	3.623363447509542e-05	3.0	3.623363447509542e-05	0.0	4.72888887281489e-05	3.623363447509542e-05	3.0	3.623363447509542e-05	0.0
ti|1002367|org|Prevotella_stercorea_DSM_18206|accession|NZ_JH379400.1	4.72888887281489e-05	3.623363447509542e-05	3.0	3.623363447509542e-05	0.0	4.72888887281489e-05	3.623363447509542e-05	3.0	3.623363447509542e-05	0.0
ti|1002367|org|Prevotella_stercorea_DSM_18206|accession|NZ_JH379352.1	4.72888887281489e-05	3.623363447509542e-05	3.0	3.623363447509542e-05	0.0	4.72888887281489e-05	3.623363447509542e-05	3.0	3.623363447509542e-05	0.0
ti|1002367|org|Prevotella_stercorea_DSM_18206|accession|NZ_JH379350.1	4.72888887281489e-05	3.623363447509542e-05	3.0	3.623363447509542e-05	0.0	4.72888887281489e-05	3.623363447509542e-05	3.0	3.623363447509542e-05	0.0
ti|1002367|org|Prevotella_stercorea_DSM_18206|accession|NZ_JH379345.1	4.72888887281489e-05	3.623363447509542e-05	3.0	3.623363447509542e-05	0.0	4.72888887281489e-05	3.623363447509542e-05	3.0	3.623363447509542e-05	0.0
ti|1134435|org|Thauera_humireducens|accession|NZ_CP014646.1	4.728888872725242e-05	3.623363447509542e-05	3.0	3.623363447509542e-05	0.0	1.0319312182768328e-05	8.454514710855596e-06	0.7	0.0	3.623363447509542e-05
ti|411469|org|Anaerobutyricum_hallii_DSM_3353|accession|NZ_ACEP01000013.1	4.728888871926893e-05	3.623363447509542e-05	3.0	3.623363447509542e-05	0.0	4.728888871034296e-05	3.623363447509542e-05	3.0	3.623363447509542e-05	0.0
ti|451640|org|Catenibacterium_mitsuokai_DSM_15897|accession|NZ_ACCK01000406.1	4.728888855827312e-05	3.623363447509542e-05	3.0	3.623363447509542e-05	0.0	4.500991501003326e-05	3.623363447509542e-05	3.0	3.623363447509542e-05	0.0
ti|762982|org|Paraprevotella_xylaniphila_YIT_11841|accession|NZ_GL883853.1	4.72269957633482e-05	9.662302526692111e-05	8.0	9.662302526692111e-05	0.0	4.72269957633482e-05	9.662302526692111e-05	8.0	9.662302526692111e-05	0.0
ti|470145|org|Bacteroides_coprocola_DSM_17136|accession|NZ_DS981507.1	4.3476518104299706e-05	8.454514710855597e-05	7.0	8.454514710855597e-05	0.0	0.00011720532091850332	0.00015298645667262512	12.66666666666667	9.662302526692111e-05	0.0001570124160587468
ti|762982|org|Paraprevotella_xylaniphila_YIT_11841|accession|NZ_GL883869.1	4.3195330462467086e-05	4.8311512633460555e-05	4.0	4.8311512633460555e-05	0.0	4.3195330462467086e-05	4.8311512633460555e-05	4.0	4.8311512633460555e-05	0.0
ti|1282887|org|Lachnospira_multipara_ATCC_19207|accession|NZ_AUJG01000010.1	4.252567650049552e-05	0.00022947968500893764	19.0	0.00022947968500893764	0.0	4.252630593056251e-05	0.00022947968500893764	19.0	0.00022947968500893764	0.0
ti|1841865|org|Mediterranea_massiliensis|accession|NZ_LT635835.1	4.215485139644761e-05	4.8311512633460555e-05	4.0	4.8311512633460555e-05	0.0	8.237955719866429e-05	8.25321674154951e-05	6.833333333333332	3.623363447509542e-05	0.00012077878158365138
ti|679190|org|Prevotella_buccalis_ATCC_35310|accession|NZ_ADEG01000090.1	4.191927410030516e-05	0.00016909029421711193	14.0	0.00016909029421711193	0.0	4.191927410030516e-05	0.00016909029421711193	14.0	0.00016909029421711193	0.0
ti|40520|org|Blautia_obeum|accession|NZ_CYZA01000031.1	4.172308387928224e-05	9.662302526692111e-05	8.0	9.662302526692111e-05	0.0	3.953384749629986e-05	9.058408618773854e-05	7.5	8.454514710855597e-05	1.2077878158365139e-05
ti|762982|org|Paraprevotella_xylaniphila_YIT_11841|accession|NZ_GL883887.1	4.152514892199774e-05	8.454514710855597e-05	7.0	8.454514710855597e-05	0.0	4.152514907592566e-05	8.454514710855597e-05	7.0	8.454514710855597e-05	0.0
ti|470145|org|Bacteroides_coprocola_DSM_17136|accession|NZ_DS981477.1	4.07465270242409e-05	6.038939079182569e-05	5.0	6.038939079182569e-05	0.0	4.07465270242409e-05	6.038939079182569e-05	5.0	6.038939079182569e-05	0.0
ti|1121101|org|Bacteroides_salyersiae_WAL_10018_=_DSM_18765_=_JCM_12988|accession|NZ_KB905470.1	4.068261944862706e-05	2.4155756316730277e-05	2.0	2.4155756316730277e-05	0.0	7.83366998287803e-05	6.0896841262727463e-05	5.042014869188783	2.4155756316730277e-05	0.000350258466592589
ti|411471|org|Subdoligranulum_variabile_DSM_15176|accession|NZ_GG704769.1	4.0390301522629196e-05	0.00014493453790038167	12.0	0.00014493453790038167	0.0	0.00015910648290457503	0.00024393847858384402	20.19713027282795	0.0001570124160587468	0.00042272573554277983
ti|470145|org|Bacteroides_coprocola_DSM_17136|accession|NZ_DS981495.1	4.0119248057083825e-05	0.00012077878158365138	10.0	0.00012077878158365138	0.0	4.018163975772879e-05	0.0001220249118698319	10.103174603174603	0.00012077878158365138	2.4155756316730277e-05
ti|1815968|org|Salmonella_phage_SJ46|accession|NC_031129.1	4.000971267577402e-05	4.8311512633460555e-05	4.0	4.8311512633460555e-05	0.0	4.084993646190641e-05	5.435045171264312e-05	4.5	4.8311512633460555e-05	1.2077878158365139e-05
ti|1282887|org|Lachnospira_multipara_ATCC_19207|accession|NZ_AUJG01000007.1	3.9378680671908894e-05	0.0002536354413256679	21.0	0.0002536354413256679	0.0	3.938847271428654e-05	0.00024155756316730277	20.0	0.00024155756316730277	0.0
ti|762982|org|Paraprevotella_xylaniphila_YIT_11841|accession|NZ_GL883809.1	3.917764146674419e-05	6.038939079182569e-05	5.0	6.038939079182569e-05	0.0	3.917764146674419e-05	6.038939079182569e-05	5.0	6.038939079182569e-05	0.0
ti|470145|org|Bacteroides_coprocola_DSM_17136|accession|NZ_DS981510.1	3.910153867006306e-05	4.8311512633460555e-05	4.0	4.8311512633460555e-05	0.0	4.003635665212222e-05	4.8311512633460555e-05	4.0	4.8311512633460555e-05	0.0
ti|470145|org|Bacteroides_coprocola_DSM_17136|accession|NZ_DS981465.1	3.910153867006306e-05	4.8311512633460555e-05	4.0	4.8311512633460555e-05	0.0	3.910153867006306e-05	4.8311512633460555e-05	4.0	4.8311512633460555e-05	0.0
ti|679190|org|Prevotella_buccalis_ATCC_35310|accession|NZ_ADEG01000039.1	3.8904367834161526e-05	0.0001570124160587468	13.0	0.0001570124160587468	0.0	8.166854705372844e-05	0.000211261339390574	17.491593856181964	0.00014493453790038167	0.00042272573554277983
ti|40520|org|Blautia_obeum|accession|NZ_CYZA01000033.1	3.8469564819183395e-05	7.246726895019084e-05	6.0	7.246726895019084e-05	0.0	3.8469564819183395e-05	7.246726895019084e-05	6.0	7.246726895019084e-05	0.0
ti|299766|org|Enterobacter_hormaechei_subsp._steigerwaltii|accession|NZ_CP017179.1	3.84293088315153e-05	0.0005918160297598918	49.0	0.0005918160297598918	0.0	1.247783184907929e-05	0.000404187151131448	33.46507936507937	0.0003744142229093193	8.454514710855597e-05
ti|511680|org|Butyrivibrio_crossotus_DSM_2876|accession|NZ_GG663514.1	3.827728538395108e-05	3.623363447509542e-05	3.0	3.623363447509542e-05	0.0	5.3829197260310045e-05	4.8311512633460555e-05	4.0	4.8311512633460555e-05	0.0
ti|762982|org|Paraprevotella_xylaniphila_YIT_11841|accession|NZ_GL883880.1	3.8021604212129115e-05	8.454514710855597e-05	7.0	8.454514710855597e-05	0.0	9.369752915583527e-05	0.00014493453790038167	12.0	0.00012077878158365138	4.8311512633460555e-05
ti|585502|org|Prevotella_bergensis_DSM_17361|accession|NZ_GG704780.1	3.801157818781144e-05	6.038939079182569e-05	5.0	6.038939079182569e-05	0.0	3.945723583896684e-05	6.038939079182569e-05	5.0	6.038939079182569e-05	0.0
ti|626939|org|Phascolarctobacterium_succinatutens_YIT_12067|accession|NZ_GL830900.1	3.800627360562213e-05	3.623363447509542e-05	3.0	3.623363447509542e-05	0.0	3.800627360562213e-05	3.623363447509542e-05	3.0	3.623363447509542e-05	0.0
ti|470145|org|Bacteroides_coprocola_DSM_17136|accession|NZ_DS981502.1	3.800627360562213e-05	3.623363447509542e-05	3.0	3.623363447509542e-05	0.0	4.2890789723125894e-05	3.92531040146867e-05	3.25	3.623363447509542e-05	1.2077878158365139e-05
ti|762982|org|Paraprevotella_xylaniphila_YIT_11841|accession|NZ_GL883841.1	3.702217324598713e-05	8.454514710855597e-05	7.0	8.454514710855597e-05	0.0	3.702217324598713e-05	8.454514710855597e-05	7.0	8.454514710855597e-05	0.0
ti|622312|org|Roseburia_inulinivorans_DSM_16841|accession|NZ_ACFY01000145.1	3.671498267561089e-05	3.623363447509542e-05	3.0	3.623363447509542e-05	0.0	3.671498267561089e-05	3.623363447509542e-05	3.0	3.623363447509542e-05	0.0
ti|518637|org|Holdemanella_biformis_DSM_3989|accession|NZ_DS996851.1	3.630227374268103e-05	0.0001570124160587468	13.0	0.0001570124160587468	0.0	3.630381431072071e-05	0.00016909029421711193	14.0	0.00016909029421711193	0.0
ti|301302|org|Roseburia_faecis|accession|NZ_CYXV01000026.1	3.579577811161017e-05	0.00012077878158365138	10.0	0.00012077878158365138	0.0	3.579577811161017e-05	0.00012077878158365138	10.0	0.00012077878158365138	0.0
ti|1256908|org|Eubacterium_ramulus_ATCC_29099|accession|NZ_KI271162.1	3.5285341505144515e-05	4.8311512633460555e-05	4.0	4.8311512633460555e-05	0.0	3.5285341505144515e-05	4.8311512633460555e-05	4.0	4.8311512633460555e-05	0.0
ti|999419|org|Parabacteroides_johnsonii_CL02T12C29|accession|NZ_JH976467.1	3.514599462415295e-05	0.0017392144548045798	144.0	0.0017392144548045798	0.0	4.256142332777384e-05	0.001679227659951366	139.0333333333333	0.0016788250640127542	3.623363447509542e-05
ti|1256908|org|Eubacterium_ramulus_ATCC_29099|accession|NZ_KI271159.1	3.486530467857237e-05	3.623363447509542e-05	3.0	3.623363447509542e-05	0.0	3.486530467857237e-05	3.623363447509542e-05	3.0	3.623363447509542e-05	0.0
ti|470145|org|Bacteroides_coprocola_DSM_17136|accession|NZ_DS981468.1	3.464036009959953e-05	6.038939079182569e-05	5.0	6.038939079182569e-05	0.0	3.464919556559021e-05	6.163552107800621e-05	5.103174603174603	6.038939079182569e-05	2.4155756316730277e-05
ti|40520|org|Blautia_obeum|accession|NZ_CYZA01000019.1	3.4640353383415385e-05	6.038939079182569e-05	5.0	6.038939079182569e-05	0.0	3.4645639866249664e-05	6.038939079182569e-05	5.0	6.038939079182569e-05	0.0
ti|1445607|org|Bacteroides_reticulotermitis_JCM_10512|accession|NZ_BAIV01000014.1	3.4638785480884806e-05	0.00012077878158365138	10.0	0.00012077878158365138	0.0	3.559923987855863e-05	0.00012077878158365138	10.0	0.00012077878158365138	0.0
ti|762982|org|Paraprevotella_xylaniphila_YIT_11841|accession|NZ_GL883891.1	3.4559764727465135e-05	6.038939079182569e-05	5.0	6.038939079182569e-05	0.0	3.4559764727465135e-05	6.038939079182569e-05	5.0	6.038939079182569e-05	0.0
ti|82983|org|Obesumbacterium_proteus|accession|NZ_CP014608.1	3.421740523549383e-05	3.623363447509542e-05	3.0	3.623363447509542e-05	0.0	5.9667363534492084e-05	7.246726895019084e-05	6.0	7.246726895019084e-05	0.0
ti|470145|org|Bacteroides_coprocola_DSM_17136|accession|NZ_DS981491.1	3.4190076440703576e-05	3.623363447509542e-05	3.0	3.623363447509542e-05	0.0	3.594150572516998e-05	3.7575620937135983e-05	3.111111111111111	3.623363447509542e-05	1.2077878158365139e-05
ti|445972|org|Anaerotruncus_colihominis_DSM_17241|accession|NZ_DS544176.1	3.4190076440703576e-05	3.623363447509542e-05	3.0	3.623363447509542e-05	0.0	3.4190076440703576e-05	3.623363447509542e-05	3.0	3.623363447509542e-05	0.0
ti|1256908|org|Eubacterium_ramulus_ATCC_29099|accession|NZ_KI271088.1	3.4190076440703576e-05	3.623363447509542e-05	3.0	3.623363447509542e-05	0.0	3.4190076440703576e-05	3.623363447509542e-05	3.0	3.623363447509542e-05	0.0
ti|901|org|Desulfovibrio_piger|accession|NZ_LT630450.1	3.406380687030848e-05	0.002017005652446978	167.0	0.002017005652446978	0.0	3.403333677852571e-05	0.0020109667133677957	166.5	0.002017005652446978	0.0
ti|622312|org|Roseburia_inulinivorans_DSM_16841|accession|NZ_ACFY01000158.1	3.387498692522165e-05	2.4155756316730277e-05	2.0	2.4155756316730277e-05	0.0	0.00028352865912296624	0.00024759650224648533	20.5	8.454514710855597e-05	0.0005193487608097009
ti|1282887|org|Lachnospira_multipara_ATCC_19207|accession|NZ_AUJG01000012.1	3.380614844866757e-05	0.00014493453790038167	12.0	0.00014493453790038167	0.0	3.380631132143621e-05	0.00014493453790038167	12.0	0.00014493453790038167	0.0
ti|411463|org|Eubacterium_ventriosum_ATCC_27560|accession|NZ_DS264280.1	3.2759867270003144e-05	7.246726895019084e-05	6.0	7.246726895019084e-05	0.0	3.275987574120832e-05	7.246726895019084e-05	6.0	7.246726895019084e-05	0.0
ti|411459|org|Blautia_obeum_ATCC_29174|accession|NZ_DS264295.1	3.262155860351429e-05	6.038939079182569e-05	5.0	6.038939079182569e-05	0.0	3.262155860351429e-05	6.038939079182569e-05	5.0	6.038939079182569e-05	0.0
ti|762982|org|Paraprevotella_xylaniphila_YIT_11841|accession|NZ_GL883822.1	3.262119761274801e-05	4.8311512633460555e-05	4.0	4.8311512633460555e-05	0.0	3.262119761274801e-05	4.8311512633460555e-05	4.0	4.8311512633460555e-05	0.0
ti|626939|org|Phascolarctobacterium_succinatutens_YIT_12067|accession|NZ_GL830903.1	3.262119088320686e-05	3.623363447509542e-05	3.0	3.623363447509542e-05	0.0	3.262119088320686e-05	3.623363447509542e-05	3.0	3.623363447509542e-05	0.0
ti|470145|org|Bacteroides_coprocola_DSM_17136|accession|NZ_DS981436.1	3.262119088320686e-05	3.623363447509542e-05	3.0	3.623363447509542e-05	0.0	3.329350098858566e-05	3.623363447509542e-05	3.0	3.623363447509542e-05	0.0
ti|301302|org|Roseburia_faecis|accession|NZ_CYXV01000029.1	3.260769546075461e-05	3.623363447509542e-05	3.0	3.623363447509542e-05	0.0	5.509290401822359e-05	5.837641109876483e-05	4.833333333333333	4.8311512633460555e-05	2.4155756316730277e-05
ti|411469|org|Anaerobutyricum_hallii_DSM_3353|accession|NZ_ACEP01000163.1	3.2505767091177824e-05	2.4155756316730277e-05	2.0	2.4155756316730277e-05	0.0	2.1019879991545392e-05	2.4155756316730277e-05	2.0	2.4155756316730277e-05	0.0
ti|411483|org|Faecalibacterium_prausnitzii_A2-165|accession|NZ_GG697150.2	3.249978982499147e-05	0.0031764819556500314	263.0	0.0031764819556500314	0.0	6.912541340589277e-05	0.003234858366748796	267.8333333333333	0.003212715590125127	6.038939079182569e-05
ti|1211819|org|Holdemania_massiliensis_AP2|accession|NZ_HE998569.1	3.2499584377788654e-05	0.00016909029421711193	14.0	0.00016909029421711193	0.0	3.686858659426532e-05	0.00013688261912813825	11.333333333333334	0.00013285665974201651	1.2077878158365139e-05
ti|626939|org|Phascolarctobacterium_succinatutens_YIT_12067|accession|NZ_GL830864.1	3.248307416947394e-05	6.038939079182569e-05	5.0	6.038939079182569e-05	0.0	3.248307416947394e-05	6.038939079182569e-05	5.0	6.038939079182569e-05	0.0
ti|470145|org|Bacteroides_coprocola_DSM_17136|accession|NZ_DS981454.1	3.2404513060276755e-05	4.8311512633460555e-05	4.0	4.8311512633460555e-05	0.0	3.230743460828553e-05	4.8311512633460555e-05	4.0	4.8311512633460555e-05	0.0
ti|999419|org|Parabacteroides_johnsonii_CL02T12C29|accession|NZ_JH976468.1	3.218216978606436e-05	0.0006642832987100826	55.0	0.0006642832987100826	0.0	9.781773268969859e-05	0.0007180298565148076	59.45	0.0006884390550268129	0.00012077878158365138
ti|536231|org|Roseburia_intestinalis_L1-82|accession|NZ_GG692745.1	3.1845696568176645e-05	2.4155756316730277e-05	2.0	2.4155756316730277e-05	0.0	6.145552045077833e-05	5.435045171264312e-05	4.5	4.8311512633460555e-05	1.2077878158365139e-05
ti|679190|org|Prevotella_buccalis_ATCC_35310|accession|NZ_ADEG01000068.1	3.1690568247225794e-05	8.454514710855597e-05	7.0	8.454514710855597e-05	0.0	3.1882298955685684e-05	0.00013285665974201651	11.0	0.00013285665974201651	0.0
ti|1235811|org|Prevotella_disiens_JCM_6334_=_ATCC_29426|accession|NZ_BAIS01000057.1	3.15969079875736e-05	2.4155756316730277e-05	2.0	2.4155756316730277e-05	0.0	3.154006549873255e-05	2.4155756316730277e-05	2.0	2.4155756316730277e-05	0.0
ti|1150298|org|Fusicatenibacter_saccharivorans|accession|NZ_CYYV01000023.1	3.157389038331921e-05	7.246726895019084e-05	6.0	7.246726895019084e-05	0.0	3.615572611962965e-05	7.649322833631255e-05	6.333333333333333	7.246726895019084e-05	1.2077878158365139e-05
ti|745368|org|Gemmiger_formicilis|accession|NZ_FUYF01000029.1	3.153348040023741e-05	6.038939079182569e-05	5.0	6.038939079182569e-05	0.0	3.172024727358692e-05	4.8311512633460555e-05	4.0	4.8311512633460555e-05	0.0
ti|1122992|org|Prevotella_timonensis_4401737_=_DSM_22865_=_JCM_15640|accession|NZ_HG417105.1	3.153027748276227e-05	2.4155756316730277e-05	2.0	2.4155756316730277e-05	0.0	2.6920040443092326e-05	2.4155756316730277e-05	2.0	2.4155756316730277e-05	0.0
ti|762982|org|Paraprevotella_xylaniphila_YIT_11841|accession|NZ_GL883807.1	3.152695770907803e-05	4.8311512633460555e-05	4.0	4.8311512633460555e-05	0.0	3.152695770907803e-05	4.8311512633460555e-05	4.0	4.8311512633460555e-05	0.0
ti|1871035|org|Negativibacillus_massiliensis|accession|NZ_FTRU01000008.1	3.152616864287618e-05	2.4155756316730277e-05	2.0	2.4155756316730277e-05	0.0	3.07019526927013e-05	2.4960948193954615e-05	2.0666666666666664	2.4155756316730277e-05	1.2077878158365139e-05
ti|1236513|org|Bacteroides_faecichinchillae_JCM_17102|accession|NZ_BAKK01000014.1	3.1526003371003796e-05	6.038939079182569e-05	5.0	6.038939079182569e-05	0.0	3.152602381385187e-05	5.435045171264312e-05	4.5	6.038939079182569e-05	0.0
ti|1256908|org|Eubacterium_ramulus_ATCC_29099|accession|NZ_KI271142.1	3.152598149626007e-05	2.4155756316730277e-05	2.0	2.4155756316730277e-05	0.0	3.1956997870458806e-05	2.4155756316730277e-05	2.0	2.4155756316730277e-05	0.0
ti|1122988|org|Prevotella_nanceiensis_DSM_19126_=_JCM_15639|accession|NZ_KB904338.1	3.152597380946311e-05	3.623363447509542e-05	3.0	3.623363447509542e-05	0.0	3.137908207737535e-05	2.818171570285199e-05	2.3333333333333335	2.4155756316730277e-05	1.2077878158365139e-05
ti|1235811|org|Prevotella_disiens_JCM_6334_=_ATCC_29426|accession|NZ_BAIS01000005.1	3.1525948628054785e-05	2.4155756316730277e-05	2.0	2.4155756316730277e-05	0.0	4.710592302954409e-05	3.623363447509542e-05	3.0	3.623363447509542e-05	0.0
ti|745368|org|Gemmiger_formicilis|accession|NZ_FUYF01000031.1	3.152593357648689e-05	2.4155756316730277e-05	2.0	2.4155756316730277e-05	0.0	3.5029679145225334e-05	2.4155756316730277e-05	2.0	2.4155756316730277e-05	0.0
ti|411469|org|Anaerobutyricum_hallii_DSM_3353|accession|NZ_ACEP01000038.1	3.1525926286357676e-05	3.623363447509542e-05	3.0	3.623363447509542e-05	0.0	3.1525926289204486e-05	3.623363447509542e-05	3.0	3.623363447509542e-05	0.0
ti|470145|org|Bacteroides_coprocola_DSM_17136|accession|NZ_DS981431.1	3.152592586943793e-05	3.623363447509542e-05	3.0	3.623363447509542e-05	0.0	3.152669143612142e-05	3.623363447509542e-05	3.0	3.623363447509542e-05	0.0
ti|1002367|org|Prevotella_stercorea_DSM_18206|accession|NZ_JH379406.1	3.1525925828610446e-05	2.4155756316730277e-05	2.0	2.4155756316730277e-05	0.0	3.152704273788128e-05	2.4155756316730277e-05	2.0	2.4155756316730277e-05	0.0
ti|762966|org|Parasutterella_excrementihominis_YIT_11859|accession|NZ_GL883761.1	3.152592582413114e-05	2.4155756316730277e-05	2.0	2.4155756316730277e-05	0.0	3.152592581630525e-05	2.4155756316730277e-05	2.0	2.4155756316730277e-05	0.0
ti|1122981|org|Prevotella_corporis_DSM_18810_=_JCM_8529|accession|NZ_AUME01000027.1	3.152592581877509e-05	2.4155756316730277e-05	2.0	2.4155756316730277e-05	0.0	3.1525828969297646e-05	2.4155756316730277e-05	2.0	2.4155756316730277e-05	0.0
ti|762966|org|Parasutterella_excrementihominis_YIT_11859|accession|NZ_GL883757.1	3.152592581876593e-05	2.4155756316730277e-05	2.0	2.4155756316730277e-05	0.0	3.152592581876593e-05	2.4155756316730277e-05	2.0	2.4155756316730277e-05	0.0
ti|762966|org|Parasutterella_excrementihominis_YIT_11859|accession|NZ_GL883739.1	3.152592581876593e-05	2.4155756316730277e-05	2.0	2.4155756316730277e-05	0.0	3.152592581876593e-05	2.4155756316730277e-05	2.0	2.4155756316730277e-05	0.0
ti|762966|org|Parasutterella_excrementihominis_YIT_11859|accession|NZ_GL883738.1	3.152592581876593e-05	2.4155756316730277e-05	2.0	2.4155756316730277e-05	0.0	3.152592581876593e-05	2.4155756316730277e-05	2.0	2.4155756316730277e-05	0.0
ti|762966|org|Parasutterella_excrementihominis_YIT_11859|accession|NZ_GL883735.1	3.152592581876593e-05	2.4155756316730277e-05	2.0	2.4155756316730277e-05	0.0	3.152592581876593e-05	2.4155756316730277e-05	2.0	2.4155756316730277e-05	0.0
ti|762966|org|Parasutterella_excrementihominis_YIT_11859|accession|NZ_GL883732.1	3.152592581876593e-05	2.4155756316730277e-05	2.0	2.4155756316730277e-05	0.0	3.152592581876593e-05	2.4155756316730277e-05	2.0	2.4155756316730277e-05	0.0
ti|762966|org|Parasutterella_excrementihominis_YIT_11859|accession|NZ_GL883722.1	3.152592581876593e-05	2.4155756316730277e-05	2.0	2.4155756316730277e-05	0.0	3.152592581876593e-05	2.4155756316730277e-05	2.0	2.4155756316730277e-05	0.0
ti|762966|org|Parasutterella_excrementihominis_YIT_11859|accession|NZ_GL883710.1	3.152592581876593e-05	2.4155756316730277e-05	2.0	2.4155756316730277e-05	0.0	3.152592581876593e-05	2.4155756316730277e-05	2.0	2.4155756316730277e-05	0.0
ti|762966|org|Parasutterella_excrementihominis_YIT_11859|accession|NZ_GL883705.1	3.152592581876593e-05	2.4155756316730277e-05	2.0	2.4155756316730277e-05	0.0	3.152592581876593e-05	2.4155756316730277e-05	2.0	2.4155756316730277e-05	0.0
ti|762966|org|Parasutterella_excrementihominis_YIT_11859|accession|NZ_GL883694.1	3.152592581876593e-05	2.4155756316730277e-05	2.0	2.4155756316730277e-05	0.0	3.152592581876593e-05	2.4155756316730277e-05	2.0	2.4155756316730277e-05	0.0
ti|762966|org|Parasutterella_excrementihominis_YIT_11859|accession|NZ_GL883684.1	3.152592581876593e-05	2.4155756316730277e-05	2.0	2.4155756316730277e-05	0.0	3.152592581876593e-05	2.4155756316730277e-05	2.0	2.4155756316730277e-05	0.0
ti|762966|org|Parasutterella_excrementihominis_YIT_11859|accession|NZ_GL883683.1	3.152592581876593e-05	2.4155756316730277e-05	2.0	2.4155756316730277e-05	0.0	3.152592581876593e-05	2.4155756316730277e-05	2.0	2.4155756316730277e-05	0.0
ti|762966|org|Parasutterella_excrementihominis_YIT_11859|accession|NZ_GL883674.1	3.152592581876593e-05	2.4155756316730277e-05	2.0	2.4155756316730277e-05	0.0	3.152592581876593e-05	2.4155756316730277e-05	2.0	2.4155756316730277e-05	0.0
ti|745368|org|Gemmiger_formicilis|accession|NZ_FUYF01000036.1	3.152592581876593e-05	2.4155756316730277e-05	2.0	2.4155756316730277e-05	0.0	3.152592581876593e-05	2.4155756316730277e-05	2.0	2.4155756316730277e-05	0.0
ti|745368|org|Gemmiger_formicilis|accession|NZ_FUYF01000035.1	3.152592581876593e-05	2.4155756316730277e-05	2.0	2.4155756316730277e-05	0.0	3.152592581876593e-05	2.4155756316730277e-05	2.0	2.4155756316730277e-05	0.0
ti|745368|org|Gemmiger_formicilis|accession|NZ_FUYF01000034.1	3.152592581876593e-05	2.4155756316730277e-05	2.0	2.4155756316730277e-05	0.0	3.152592581876593e-05	2.4155756316730277e-05	2.0	2.4155756316730277e-05	0.0
ti|745368|org|Gemmiger_formicilis|accession|NZ_FUYF01000033.1	3.152592581876593e-05	2.4155756316730277e-05	2.0	2.4155756316730277e-05	0.0	3.152569023946991e-05	2.4155756316730277e-05	2.0	2.4155756316730277e-05	0.0
ti|745368|org|Gemmiger_formicilis|accession|NZ_FUYF01000032.1	3.152592581876593e-05	2.4155756316730277e-05	2.0	2.4155756316730277e-05	0.0	3.152592581876593e-05	2.4155756316730277e-05	2.0	2.4155756316730277e-05	0.0
ti|742726|org|Barnesiella_intestinihominis_YIT_11860|accession|NZ_JH815207.1	3.152592581876593e-05	2.4155756316730277e-05	2.0	2.4155756316730277e-05	0.0	3.170333265359278e-05	2.4155756316730277e-05	2.0	2.4155756316730277e-05	0.0
ti|626939|org|Phascolarctobacterium_succinatutens_YIT_12067|accession|NZ_GL830938.1	3.152592581876593e-05	2.4155756316730277e-05	2.0	2.4155756316730277e-05	0.0	3.4211151656404884e-05	2.4155756316730277e-05	2.0	2.4155756316730277e-05	0.0
ti|626939|org|Phascolarctobacterium_succinatutens_YIT_12067|accession|NZ_GL830897.1	3.152592581876593e-05	2.4155756316730277e-05	2.0	2.4155756316730277e-05	0.0	3.152592581876593e-05	2.4155756316730277e-05	2.0	2.4155756316730277e-05	0.0
ti|626939|org|Phascolarctobacterium_succinatutens_YIT_12067|accession|NZ_GL830881.1	3.152592581876593e-05	2.4155756316730277e-05	2.0	2.4155756316730277e-05	0.0	3.152592581876593e-05	2.4155756316730277e-05	2.0	2.4155756316730277e-05	0.0
ti|626939|org|Phascolarctobacterium_succinatutens_YIT_12067|accession|NZ_GL830872.1	3.152592581876593e-05	2.4155756316730277e-05	2.0	2.4155756316730277e-05	0.0	3.152592581876593e-05	2.4155756316730277e-05	2.0	2.4155756316730277e-05	0.0
ti|626939|org|Phascolarctobacterium_succinatutens_YIT_12067|accession|NZ_GL830861.1	3.152592581876593e-05	2.4155756316730277e-05	2.0	2.4155756316730277e-05	0.0	3.152592581876593e-05	2.4155756316730277e-05	2.0	2.4155756316730277e-05	0.0
ti|626939|org|Phascolarctobacterium_succinatutens_YIT_12067|accession|NZ_GL830856.1	3.152592581876593e-05	2.4155756316730277e-05	2.0	2.4155756316730277e-05	0.0	3.152592581876593e-05	2.4155756316730277e-05	2.0	2.4155756316730277e-05	0.0
ti|626939|org|Phascolarctobacterium_succinatutens_YIT_12067|accession|NZ_GL830846.1	3.152592581876593e-05	2.4155756316730277e-05	2.0	2.4155756316730277e-05	0.0	3.152592581876593e-05	2.4155756316730277e-05	2.0	2.4155756316730277e-05	0.0
ti|626939|org|Phascolarctobacterium_succinatutens_YIT_12067|accession|NZ_GL830845.1	3.152592581876593e-05	2.4155756316730277e-05	2.0	2.4155756316730277e-05	0.0	3.152592581876593e-05	2.4155756316730277e-05	2.0	2.4155756316730277e-05	0.0
ti|622312|org|Roseburia_inulinivorans_DSM_16841|accession|NZ_ACFY01000162.1	3.152592581876593e-05	2.4155756316730277e-05	2.0	2.4155756316730277e-05	0.0	3.172732180224538e-05	2.4155756316730277e-05	2.0	2.4155756316730277e-05	0.0
ti|622312|org|Roseburia_inulinivorans_DSM_16841|accession|NZ_ACFY01000155.1	3.152592581876593e-05	2.4155756316730277e-05	2.0	2.4155756316730277e-05	0.0	3.152592581876593e-05	2.4155756316730277e-05	2.0	2.4155756316730277e-05	0.0
ti|622312|org|Roseburia_inulinivorans_DSM_16841|accession|NZ_ACFY01000135.1	3.152592581876593e-05	2.4155756316730277e-05	2.0	2.4155756316730277e-05	0.0	3.152592581876593e-05	2.4155756316730277e-05	2.0	2.4155756316730277e-05	0.0
ti|622312|org|Roseburia_inulinivorans_DSM_16841|accession|NZ_ACFY01000119.1	3.152592581876593e-05	2.4155756316730277e-05	2.0	2.4155756316730277e-05	0.0	3.152592581876593e-05	2.4155756316730277e-05	2.0	2.4155756316730277e-05	0.0
ti|622312|org|Roseburia_inulinivorans_DSM_16841|accession|NZ_ACFY01000103.1	3.152592581876593e-05	2.4155756316730277e-05	2.0	2.4155756316730277e-05	0.0	3.152592581876593e-05	2.4155756316730277e-05	2.0	2.4155756316730277e-05	0.0
ti|622312|org|Roseburia_inulinivorans_DSM_16841|accession|NZ_ACFY01000064.1	3.152592581876593e-05	2.4155756316730277e-05	2.0	2.4155756316730277e-05	0.0	3.152592581876593e-05	2.4155756316730277e-05	2.0	2.4155756316730277e-05	0.0
ti|622312|org|Roseburia_inulinivorans_DSM_16841|accession|NZ_ACFY01000043.1	3.152592581876593e-05	2.4155756316730277e-05	2.0	2.4155756316730277e-05	0.0	3.152592581876593e-05	2.4155756316730277e-05	2.0	2.4155756316730277e-05	0.0
ti|622312|org|Roseburia_inulinivorans_DSM_16841|accession|NZ_ACFY01000001.1	3.152592581876593e-05	2.4155756316730277e-05	2.0	2.4155756316730277e-05	0.0	3.152592581876593e-05	2.4155756316730277e-05	2.0	2.4155756316730277e-05	0.0
ti|536231|org|Roseburia_intestinalis_L1-82|accession|NZ_GG692761.1	3.152592581876593e-05	2.4155756316730277e-05	2.0	2.4155756316730277e-05	0.0	6.027267115870022e-05	5.435045171264312e-05	4.5	4.8311512633460555e-05	1.2077878158365139e-05
ti|471875|org|Ruminococcus_lactaris_ATCC_29176|accession|NZ_DS990190.1	3.152592581876593e-05	2.4155756316730277e-05	2.0	2.4155756316730277e-05	0.0	3.152593189666637e-05	2.4155756316730277e-05	2.0	2.4155756316730277e-05	0.0
ti|470145|org|Bacteroides_coprocola_DSM_17136|accession|NZ_DS981498.1	3.152592581876593e-05	2.4155756316730277e-05	2.0	2.4155756316730277e-05	0.0	3.301488379001598e-05	2.4155756316730277e-05	2.0	2.4155756316730277e-05	0.0
ti|470145|org|Bacteroides_coprocola_DSM_17136|accession|NZ_DS981476.1	3.152592581876593e-05	2.4155756316730277e-05	2.0	2.4155756316730277e-05	0.0	3.1526076891580704e-05	2.588116748221101e-05	2.142857142857143	2.4155756316730277e-05	1.2077878158365139e-05
ti|451640|org|Catenibacterium_mitsuokai_DSM_15897|accession|NZ_ACCK01000469.1	3.152592581876593e-05	2.4155756316730277e-05	2.0	2.4155756316730277e-05	0.0	3.152592581876593e-05	2.4155756316730277e-05	2.0	2.4155756316730277e-05	0.0
ti|451640|org|Catenibacterium_mitsuokai_DSM_15897|accession|NZ_ACCK01000461.1	3.152592581876593e-05	2.4155756316730277e-05	2.0	2.4155756316730277e-05	0.0	3.152592581876593e-05	2.4155756316730277e-05	2.0	2.4155756316730277e-05	0.0
ti|451640|org|Catenibacterium_mitsuokai_DSM_15897|accession|NZ_ACCK01000416.1	3.152592581876593e-05	2.4155756316730277e-05	2.0	2.4155756316730277e-05	0.0	3.152592581876593e-05	2.4155756316730277e-05	2.0	2.4155756316730277e-05	0.0
ti|451640|org|Catenibacterium_mitsuokai_DSM_15897|accession|NZ_ACCK01000403.1	3.152592581876593e-05	2.4155756316730277e-05	2.0	2.4155756316730277e-05	0.0	3.152592581876593e-05	2.4155756316730277e-05	2.0	2.4155756316730277e-05	0.0
ti|451640|org|Catenibacterium_mitsuokai_DSM_15897|accession|NZ_ACCK01000402.1	3.152592581876593e-05	2.4155756316730277e-05	2.0	2.4155756316730277e-05	0.0	3.152592581876593e-05	2.4155756316730277e-05	2.0	2.4155756316730277e-05	0.0
ti|451640|org|Catenibacterium_mitsuokai_DSM_15897|accession|NZ_ACCK01000078.1	3.152592581876593e-05	2.4155756316730277e-05	2.0	2.4155756316730277e-05	0.0	3.152592581876593e-05	2.4155756316730277e-05	2.0	2.4155756316730277e-05	0.0
ti|451640|org|Catenibacterium_mitsuokai_DSM_15897|accession|NZ_ACCK01000074.1	3.152592581876593e-05	2.4155756316730277e-05	2.0	2.4155756316730277e-05	0.0	3.152592581876593e-05	2.4155756316730277e-05	2.0	2.4155756316730277e-05	0.0
ti|451640|org|Catenibacterium_mitsuokai_DSM_15897|accession|NZ_ACCK01000064.1	3.152592581876593e-05	2.4155756316730277e-05	2.0	2.4155756316730277e-05	0.0	3.152592581876593e-05	2.4155756316730277e-05	2.0	2.4155756316730277e-05	0.0
ti|451640|org|Catenibacterium_mitsuokai_DSM_15897|accession|NZ_ACCK01000058.1	3.152592581876593e-05	2.4155756316730277e-05	2.0	2.4155756316730277e-05	0.0	3.152592581876593e-05	2.4155756316730277e-05	2.0	2.4155756316730277e-05	0.0
ti|451640|org|Catenibacterium_mitsuokai_DSM_15897|accession|NZ_ACCK01000052.1	3.152592581876593e-05	2.4155756316730277e-05	2.0	2.4155756316730277e-05	0.0	3.152592581876593e-05	2.4155756316730277e-05	2.0	2.4155756316730277e-05	0.0
ti|451640|org|Catenibacterium_mitsuokai_DSM_15897|accession|NZ_ACCK01000047.1	3.152592581876593e-05	2.4155756316730277e-05	2.0	2.4155756316730277e-05	0.0	3.152592581876593e-05	2.4155756316730277e-05	2.0	2.4155756316730277e-05	0.0
ti|451640|org|Catenibacterium_mitsuokai_DSM_15897|accession|NZ_ACCK01000029.1	3.152592581876593e-05	2.4155756316730277e-05	2.0	2.4155756316730277e-05	0.0	3.1524954603429736e-05	2.4155756316730277e-05	2.0	2.4155756316730277e-05	0.0
ti|451640|org|Catenibacterium_mitsuokai_DSM_15897|accession|NZ_ACCK01000010.1	3.152592581876593e-05	2.4155756316730277e-05	2.0	2.4155756316730277e-05	0.0	3.152592581876593e-05	2.4155756316730277e-05	2.0	2.4155756316730277e-05	0.0
ti|451640|org|Catenibacterium_mitsuokai_DSM_15897|accession|NZ_ACCK01000002.1	3.152592581876593e-05	2.4155756316730277e-05	2.0	2.4155756316730277e-05	0.0	3.152592581876593e-05	2.4155756316730277e-05	2.0	2.4155756316730277e-05	0.0
ti|449673|org|Bacteroides_stercoris_ATCC_43183|accession|NZ_DS499661.1	3.152592581876593e-05	2.4155756316730277e-05	2.0	2.4155756316730277e-05	0.0	8.369420638367568e-05	6.44153501779474e-05	5.333333333333333	7.246726895019084e-05	1.2077878158365139e-05
ti|445973|org|Intestinibacter_bartlettii_DSM_16795|accession|NZ_DS499556.1	3.152592581876593e-05	2.4155756316730277e-05	2.0	2.4155756316730277e-05	0.0	3.152535280188894e-05	2.4155756316730277e-05	2.0	2.4155756316730277e-05	0.0
ti|411903|org|Collinsella_aerofaciens_ATCC_25986|accession|NZ_AAVN02000020.1	3.152592581876593e-05	2.4155756316730277e-05	2.0	2.4155756316730277e-05	0.0	3.152592581876593e-05	2.4155756316730277e-05	2.0	2.4155756316730277e-05	0.0
ti|411469|org|Anaerobutyricum_hallii_DSM_3353|accession|NZ_ACEP01000167.1	3.152592581876593e-05	2.4155756316730277e-05	2.0	2.4155756316730277e-05	0.0	3.152592581876593e-05	2.4155756316730277e-05	2.0	2.4155756316730277e-05	0.0
ti|411469|org|Anaerobutyricum_hallii_DSM_3353|accession|NZ_ACEP01000158.1	3.152592581876593e-05	2.4155756316730277e-05	2.0	2.4155756316730277e-05	0.0	3.152592581876593e-05	2.4155756316730277e-05	2.0	2.4155756316730277e-05	0.0
ti|411469|org|Anaerobutyricum_hallii_DSM_3353|accession|NZ_ACEP01000151.1	3.152592581876593e-05	2.4155756316730277e-05	2.0	2.4155756316730277e-05	0.0	3.152592581876593e-05	2.4155756316730277e-05	2.0	2.4155756316730277e-05	0.0
ti|411469|org|Anaerobutyricum_hallii_DSM_3353|accession|NZ_ACEP01000148.1	3.152592581876593e-05	2.4155756316730277e-05	2.0	2.4155756316730277e-05	0.0	3.152592581876593e-05	2.4155756316730277e-05	2.0	2.4155756316730277e-05	0.0
ti|411469|org|Anaerobutyricum_hallii_DSM_3353|accession|NZ_ACEP01000145.1	3.152592581876593e-05	2.4155756316730277e-05	2.0	2.4155756316730277e-05	0.0	3.152592581876593e-05	2.4155756316730277e-05	2.0	2.4155756316730277e-05	0.0
ti|411469|org|Anaerobutyricum_hallii_DSM_3353|accession|NZ_ACEP01000139.1	3.152592581876593e-05	2.4155756316730277e-05	2.0	2.4155756316730277e-05	0.0	3.160185159803042e-05	2.4155756316730277e-05	2.0	2.4155756316730277e-05	0.0
ti|411469|org|Anaerobutyricum_hallii_DSM_3353|accession|NZ_ACEP01000138.1	3.152592581876593e-05	2.4155756316730277e-05	2.0	2.4155756316730277e-05	0.0	3.152592581876593e-05	2.4155756316730277e-05	2.0	2.4155756316730277e-05	0.0
ti|411469|org|Anaerobutyricum_hallii_DSM_3353|accession|NZ_ACEP01000135.1	3.152592581876593e-05	2.4155756316730277e-05	2.0	2.4155756316730277e-05	0.0	3.152592581876593e-05	2.4155756316730277e-05	2.0	2.4155756316730277e-05	0.0
ti|411469|org|Anaerobutyricum_hallii_DSM_3353|accession|NZ_ACEP01000123.1	3.152592581876593e-05	2.4155756316730277e-05	2.0	2.4155756316730277e-05	0.0	3.152592581876593e-05	2.4155756316730277e-05	2.0	2.4155756316730277e-05	0.0
ti|411469|org|Anaerobutyricum_hallii_DSM_3353|accession|NZ_ACEP01000121.1	3.152592581876593e-05	2.4155756316730277e-05	2.0	2.4155756316730277e-05	0.0	3.152592581876593e-05	2.4155756316730277e-05	2.0	2.4155756316730277e-05	0.0
ti|411469|org|Anaerobutyricum_hallii_DSM_3353|accession|NZ_ACEP01000111.1	3.152592581876593e-05	2.4155756316730277e-05	2.0	2.4155756316730277e-05	0.0	3.152592581876593e-05	2.4155756316730277e-05	2.0	2.4155756316730277e-05	0.0
ti|411469|org|Anaerobutyricum_hallii_DSM_3353|accession|NZ_ACEP01000079.1	3.152592581876593e-05	2.4155756316730277e-05	2.0	2.4155756316730277e-05	0.0	4.816509402824087e-05	3.92531040146867e-05	3.25	2.4155756316730277e-05	4.8311512633460555e-05
ti|411469|org|Anaerobutyricum_hallii_DSM_3353|accession|NZ_ACEP01000048.1	3.152592581876593e-05	2.4155756316730277e-05	2.0	2.4155756316730277e-05	0.0	3.152592581876593e-05	2.4155756316730277e-05	2.0	2.4155756316730277e-05	0.0
ti|411469|org|Anaerobutyricum_hallii_DSM_3353|accession|NZ_ACEP01000005.1	3.152592581876593e-05	2.4155756316730277e-05	2.0	2.4155756316730277e-05	0.0	3.152592581876593e-05	2.4155756316730277e-05	2.0	2.4155756316730277e-05	0.0
ti|411461|org|Dorea_formicigenerans_ATCC_27755|accession|NZ_AAXA02000004.1	3.152592581876593e-05	2.4155756316730277e-05	2.0	2.4155756316730277e-05	0.0	3.403861191421372e-05	2.4155756316730277e-05	2.0	2.4155756316730277e-05	0.0
ti|411460|org|[Ruminococcus]_torques_ATCC_27756|accession|NZ_DS264371.1	3.152592581876593e-05	2.4155756316730277e-05	2.0	2.4155756316730277e-05	0.0	5.151910309471467e-05	4.025959386121713e-05	3.3333333333333335	3.623363447509542e-05	1.2077878158365139e-05
ti|411459|org|Blautia_obeum_ATCC_29174|accession|NZ_DS264331.1	3.152592581876593e-05	2.4155756316730277e-05	2.0	2.4155756316730277e-05	0.0	3.152592581876593e-05	2.4155756316730277e-05	2.0	2.4155756316730277e-05	0.0
ti|411459|org|Blautia_obeum_ATCC_29174|accession|NZ_DS264324.1	3.152592581876593e-05	2.4155756316730277e-05	2.0	2.4155756316730277e-05	0.0	3.16202561123508e-05	2.4155756316730277e-05	2.0	2.4155756316730277e-05	0.0
ti|301302|org|Roseburia_faecis|accession|NZ_CYXV01000032.1	3.152592581876593e-05	2.4155756316730277e-05	2.0	2.4155756316730277e-05	0.0	3.15263688661677e-05	2.4155756316730277e-05	2.0	2.4155756316730277e-05	0.0
ti|301302|org|Roseburia_faecis|accession|NZ_CYXV01000019.1	3.152592581876593e-05	3.623363447509542e-05	3.0	3.623363447509542e-05	0.0	5.647048836020685e-05	4.8311512633460555e-05	4.0	7.246726895019084e-05	0.0
ti|1550024|org|Ruthenibacterium_lactatiformans|accession|NZ_JXXK01000057.1	3.152592581876593e-05	2.4155756316730277e-05	2.0	2.4155756316730277e-05	0.0	3.152592581876593e-05	2.4155756316730277e-05	2.0	2.4155756316730277e-05	0.0
ti|1550024|org|Ruthenibacterium_lactatiformans|accession|NZ_JXXK01000056.1	3.152592581876593e-05	2.4155756316730277e-05	2.0	2.4155756316730277e-05	0.0	3.152592581876593e-05	2.4155756316730277e-05	2.0	2.4155756316730277e-05	0.0
ti|1550024|org|Ruthenibacterium_lactatiformans|accession|NZ_JXXK01000055.1	3.152592581876593e-05	2.4155756316730277e-05	2.0	2.4155756316730277e-05	0.0	3.152592581876593e-05	2.4155756316730277e-05	2.0	2.4155756316730277e-05	0.0
ti|1550024|org|Ruthenibacterium_lactatiformans|accession|NZ_JXXK01000054.1	3.152592581876593e-05	2.4155756316730277e-05	2.0	2.4155756316730277e-05	0.0	3.152592581876593e-05	2.4155756316730277e-05	2.0	2.4155756316730277e-05	0.0
ti|1550024|org|Ruthenibacterium_lactatiformans|accession|NZ_JXXK01000053.1	3.152592581876593e-05	2.4155756316730277e-05	2.0	2.4155756316730277e-05	0.0	3.152592581876593e-05	2.4155756316730277e-05	2.0	2.4155756316730277e-05	0.0
ti|1550024|org|Ruthenibacterium_lactatiformans|accession|NZ_JXXK01000052.1	3.152592581876593e-05	2.4155756316730277e-05	2.0	2.4155756316730277e-05	0.0	3.152592581876593e-05	2.4155756316730277e-05	2.0	2.4155756316730277e-05	0.0
ti|1550024|org|Ruthenibacterium_lactatiformans|accession|NZ_JXXK01000051.1	3.152592581876593e-05	2.4155756316730277e-05	2.0	2.4155756316730277e-05	0.0	3.152592581876593e-05	2.4155756316730277e-05	2.0	2.4155756316730277e-05	0.0
ti|1550024|org|Ruthenibacterium_lactatiformans|accession|NZ_JXXK01000050.1	3.152592581876593e-05	2.4155756316730277e-05	2.0	2.4155756316730277e-05	0.0	3.152592581876593e-05	2.4155756316730277e-05	2.0	2.4155756316730277e-05	0.0
ti|1550024|org|Ruthenibacterium_lactatiformans|accession|NZ_JXXK01000049.1	3.152592581876593e-05	2.4155756316730277e-05	2.0	2.4155756316730277e-05	0.0	3.152592581876593e-05	2.4155756316730277e-05	2.0	2.4155756316730277e-05	0.0
ti|1547597|org|Sanguibacteroides_justesenii|accession|NZ_JPIU01000007.1	3.152592581876593e-05	2.4155756316730277e-05	2.0	2.4155756316730277e-05	0.0	3.152592581876593e-05	2.4155756316730277e-05	2.0	2.4155756316730277e-05	0.0
ti|1501391|org|Alistipes_inops|accession|NZ_JRGF01000024.1	3.152592581876593e-05	2.4155756316730277e-05	2.0	2.4155756316730277e-05	0.0	3.152592581876593e-05	2.4155756316730277e-05	2.0	2.4155756316730277e-05	0.0
ti|1501391|org|Alistipes_inops|accession|NZ_JRGF01000023.1	3.152592581876593e-05	2.4155756316730277e-05	2.0	2.4155756316730277e-05	0.0	3.152592581876593e-05	2.4155756316730277e-05	2.0	2.4155756316730277e-05	0.0
ti|1235811|org|Prevotella_disiens_JCM_6334_=_ATCC_29426|accession|NZ_BAIS01000049.1	3.152592581876593e-05	2.4155756316730277e-05	2.0	2.4155756316730277e-05	0.0	3.152592581876593e-05	2.4155756316730277e-05	2.0	2.4155756316730277e-05	0.0
ti|1235811|org|Prevotella_disiens_JCM_6334_=_ATCC_29426|accession|NZ_BAIS01000044.1	3.152592581876593e-05	2.4155756316730277e-05	2.0	2.4155756316730277e-05	0.0	3.152592581876593e-05	2.4155756316730277e-05	2.0	2.4155756316730277e-05	0.0
ti|1235811|org|Prevotella_disiens_JCM_6334_=_ATCC_29426|accession|NZ_BAIS01000039.1	3.152592581876593e-05	2.4155756316730277e-05	2.0	2.4155756316730277e-05	0.0	3.152592581876593e-05	2.4155756316730277e-05	2.0	2.4155756316730277e-05	0.0
ti|1235811|org|Prevotella_disiens_JCM_6334_=_ATCC_29426|accession|NZ_BAIS01000036.1	3.152592581876593e-05	2.4155756316730277e-05	2.0	2.4155756316730277e-05	0.0	3.152592581876593e-05	2.4155756316730277e-05	2.0	2.4155756316730277e-05	0.0
ti|1235811|org|Prevotella_disiens_JCM_6334_=_ATCC_29426|accession|NZ_BAIS01000033.1	3.152592581876593e-05	2.4155756316730277e-05	2.0	2.4155756316730277e-05	0.0	4.3384973416796926e-05	3.623363447509542e-05	3.0	3.623363447509542e-05	0.0
ti|1235811|org|Prevotella_disiens_JCM_6334_=_ATCC_29426|accession|NZ_BAIS01000029.1	3.152592581876593e-05	2.4155756316730277e-05	2.0	2.4155756316730277e-05	0.0	3.152592581876593e-05	2.4155756316730277e-05	2.0	2.4155756316730277e-05	0.0
ti|1235811|org|Prevotella_disiens_JCM_6334_=_ATCC_29426|accession|NZ_BAIS01000027.1	3.152592581876593e-05	2.4155756316730277e-05	2.0	2.4155756316730277e-05	0.0	3.1525925825623645e-05	2.4155756316730277e-05	2.0	2.4155756316730277e-05	0.0
ti|1235811|org|Prevotella_disiens_JCM_6334_=_ATCC_29426|accession|NZ_BAIS01000026.1	3.152592581876593e-05	2.4155756316730277e-05	2.0	2.4155756316730277e-05	0.0	3.1525925819509056e-05	2.4155756316730277e-05	2.0	2.4155756316730277e-05	0.0
ti|1235811|org|Prevotella_disiens_JCM_6334_=_ATCC_29426|accession|NZ_BAIS01000023.1	3.152592581876593e-05	2.4155756316730277e-05	2.0	2.4155756316730277e-05	0.0	3.152592581876593e-05	2.4155756316730277e-05	2.0	2.4155756316730277e-05	0.0
ti|1235811|org|Prevotella_disiens_JCM_6334_=_ATCC_29426|accession|NZ_BAIS01000022.1	3.152592581876593e-05	2.4155756316730277e-05	2.0	2.4155756316730277e-05	0.0	3.152592581876593e-05	2.4155756316730277e-05	2.0	2.4155756316730277e-05	0.0
ti|1235811|org|Prevotella_disiens_JCM_6334_=_ATCC_29426|accession|NZ_BAIS01000020.1	3.152592581876593e-05	2.4155756316730277e-05	2.0	2.4155756316730277e-05	0.0	3.152592581876593e-05	2.4155756316730277e-05	2.0	2.4155756316730277e-05	0.0
ti|1235811|org|Prevotella_disiens_JCM_6334_=_ATCC_29426|accession|NZ_BAIS01000019.1	3.152592581876593e-05	2.4155756316730277e-05	2.0	2.4155756316730277e-05	0.0	3.152592581876593e-05	2.4155756316730277e-05	2.0	2.4155756316730277e-05	0.0
ti|1235811|org|Prevotella_disiens_JCM_6334_=_ATCC_29426|accession|NZ_BAIS01000016.1	3.152592581876593e-05	2.4155756316730277e-05	2.0	2.4155756316730277e-05	0.0	3.152592576809394e-05	2.4155756316730277e-05	2.0	2.4155756316730277e-05	0.0
ti|1235811|org|Prevotella_disiens_JCM_6334_=_ATCC_29426|accession|NZ_BAIS01000009.1	3.152592581876593e-05	2.4155756316730277e-05	2.0	2.4155756316730277e-05	0.0	3.152592581876593e-05	2.4155756316730277e-05	2.0	2.4155756316730277e-05	0.0
ti|1235811|org|Prevotella_disiens_JCM_6334_=_ATCC_29426|accession|NZ_BAIS01000007.1	3.152592581876593e-05	2.4155756316730277e-05	2.0	2.4155756316730277e-05	0.0	3.152592581876593e-05	2.4155756316730277e-05	2.0	2.4155756316730277e-05	0.0
ti|1122992|org|Prevotella_timonensis_4401737_=_DSM_22865_=_JCM_15640|accession|NZ_HG417106.1	3.152592581876593e-05	2.4155756316730277e-05	2.0	2.4155756316730277e-05	0.0	3.152592581876593e-05	2.4155756316730277e-05	2.0	2.4155756316730277e-05	0.0
ti|1122981|org|Prevotella_corporis_DSM_18810_=_JCM_8529|accession|NZ_AUME01000040.1	3.152592581876593e-05	2.4155756316730277e-05	2.0	2.4155756316730277e-05	0.0	3.152592581876593e-05	2.4155756316730277e-05	2.0	2.4155756316730277e-05	0.0
ti|1122981|org|Prevotella_corporis_DSM_18810_=_JCM_8529|accession|NZ_AUME01000038.1	3.152592581876593e-05	2.4155756316730277e-05	2.0	2.4155756316730277e-05	0.0	3.152592581876593e-05	2.4155756316730277e-05	2.0	2.4155756316730277e-05	0.0
ti|1122981|org|Prevotella_corporis_DSM_18810_=_JCM_8529|accession|NZ_AUME01000037.1	3.152592581876593e-05	2.4155756316730277e-05	2.0	2.4155756316730277e-05	0.0	3.152592581876593e-05	2.4155756316730277e-05	2.0	2.4155756316730277e-05	0.0
ti|1122981|org|Prevotella_corporis_DSM_18810_=_JCM_8529|accession|NZ_AUME01000036.1	3.152592581876593e-05	2.4155756316730277e-05	2.0	2.4155756316730277e-05	0.0	3.152592581876593e-05	2.4155756316730277e-05	2.0	2.4155756316730277e-05	0.0
ti|1122981|org|Prevotella_corporis_DSM_18810_=_JCM_8529|accession|NZ_AUME01000035.1	3.152592581876593e-05	2.4155756316730277e-05	2.0	2.4155756316730277e-05	0.0	3.152592581876593e-05	2.4155756316730277e-05	2.0	2.4155756316730277e-05	0.0
ti|1122981|org|Prevotella_corporis_DSM_18810_=_JCM_8529|accession|NZ_AUME01000034.1	3.152592581876593e-05	2.4155756316730277e-05	2.0	2.4155756316730277e-05	0.0	3.152592581876593e-05	2.4155756316730277e-05	2.0	2.4155756316730277e-05	0.0
ti|1122981|org|Prevotella_corporis_DSM_18810_=_JCM_8529|accession|NZ_AUME01000033.1	3.152592581876593e-05	2.4155756316730277e-05	2.0	2.4155756316730277e-05	0.0	3.152592581876593e-05	2.4155756316730277e-05	2.0	2.4155756316730277e-05	0.0
ti|1122981|org|Prevotella_corporis_DSM_18810_=_JCM_8529|accession|NZ_AUME01000032.1	3.152592581876593e-05	2.4155756316730277e-05	2.0	2.4155756316730277e-05	0.0	3.152592605882463e-05	2.4155756316730277e-05	2.0	2.4155756316730277e-05	0.0
ti|1122981|org|Prevotella_corporis_DSM_18810_=_JCM_8529|accession|NZ_AUME01000031.1	3.152592581876593e-05	2.4155756316730277e-05	2.0	2.4155756316730277e-05	0.0	3.152592581876593e-05	2.4155756316730277e-05	2.0	2.4155756316730277e-05	0.0
ti|1122981|org|Prevotella_corporis_DSM_18810_=_JCM_8529|accession|NZ_AUME01000029.1	3.152592581876593e-05	2.4155756316730277e-05	2.0	2.4155756316730277e-05	0.0	3.152592581876593e-05	2.4155756316730277e-05	2.0	2.4155756316730277e-05	0.0
ti|1122981|org|Prevotella_corporis_DSM_18810_=_JCM_8529|accession|NZ_AUME01000028.1	3.152592581876593e-05	2.4155756316730277e-05	2.0	2.4155756316730277e-05	0.0	3.152592581876593e-05	2.4155756316730277e-05	2.0	2.4155756316730277e-05	0.0
ti|1122981|org|Prevotella_corporis_DSM_18810_=_JCM_8529|accession|NZ_AUME01000009.1	3.152592581876593e-05	2.4155756316730277e-05	2.0	2.4155756316730277e-05	0.0	0.00016673614141305941	0.00013328601816302676	11.035549159825964	2.4155756316730277e-05	0.0021257065558722642
ti|1002367|org|Prevotella_stercorea_DSM_18206|accession|NZ_JH379472.1	3.152592581876593e-05	2.4155756316730277e-05	2.0	2.4155756316730277e-05	0.0	3.152592581876593e-05	2.4155756316730277e-05	2.0	2.4155756316730277e-05	0.0
ti|1002367|org|Prevotella_stercorea_DSM_18206|accession|NZ_JH379470.1	3.152592581876593e-05	2.4155756316730277e-05	2.0	2.4155756316730277e-05	0.0	3.152592581876593e-05	2.4155756316730277e-05	2.0	2.4155756316730277e-05	0.0
ti|1002367|org|Prevotella_stercorea_DSM_18206|accession|NZ_JH379464.1	3.152592581876593e-05	2.4155756316730277e-05	2.0	2.4155756316730277e-05	0.0	3.152592581876593e-05	2.4155756316730277e-05	2.0	2.4155756316730277e-05	0.0
ti|1002367|org|Prevotella_stercorea_DSM_18206|accession|NZ_JH379452.1	3.152592581876593e-05	2.4155756316730277e-05	2.0	2.4155756316730277e-05	0.0	3.152592581876593e-05	2.4155756316730277e-05	2.0	2.4155756316730277e-05	0.0
ti|1002367|org|Prevotella_stercorea_DSM_18206|accession|NZ_JH379438.1	3.152592581876593e-05	2.4155756316730277e-05	2.0	2.4155756316730277e-05	0.0	3.152592581876593e-05	2.4155756316730277e-05	2.0	2.4155756316730277e-05	0.0
ti|1002367|org|Prevotella_stercorea_DSM_18206|accession|NZ_JH379426.1	3.152592581876593e-05	2.4155756316730277e-05	2.0	2.4155756316730277e-05	0.0	3.152592581876593e-05	2.4155756316730277e-05	2.0	2.4155756316730277e-05	0.0
ti|1002367|org|Prevotella_stercorea_DSM_18206|accession|NZ_JH379405.1	3.152592581876593e-05	2.4155756316730277e-05	2.0	2.4155756316730277e-05	0.0	3.152592581876593e-05	2.4155756316730277e-05	2.0	2.4155756316730277e-05	0.0
ti|1002367|org|Prevotella_stercorea_DSM_18206|accession|NZ_JH379384.1	3.152592581876593e-05	2.4155756316730277e-05	2.0	2.4155756316730277e-05	0.0	2.9246952100650298e-05	2.4155756316730277e-05	2.0	2.4155756316730277e-05	0.0
ti|1002367|org|Prevotella_stercorea_DSM_18206|accession|NZ_JH379383.1	3.152592581876593e-05	2.4155756316730277e-05	2.0	2.4155756316730277e-05	0.0	3.1525925816508425e-05	2.4155756316730277e-05	2.0	2.4155756316730277e-05	0.0
ti|1002367|org|Prevotella_stercorea_DSM_18206|accession|NZ_JH379370.1	3.152592581876593e-05	2.4155756316730277e-05	2.0	2.4155756316730277e-05	0.0	3.152592581876593e-05	2.4155756316730277e-05	2.0	2.4155756316730277e-05	0.0
ti|1002367|org|Prevotella_stercorea_DSM_18206|accession|NZ_JH379368.1	3.152592581876593e-05	2.4155756316730277e-05	2.0	2.4155756316730277e-05	0.0	3.152592581876593e-05	2.4155756316730277e-05	2.0	2.4155756316730277e-05	0.0
ti|1002367|org|Prevotella_stercorea_DSM_18206|accession|NZ_JH379357.1	3.152592581876593e-05	3.623363447509542e-05	3.0	3.623363447509542e-05	0.0	3.1525926304003866e-05	4.8311512633460555e-05	4.0	4.8311512633460555e-05	0.0
ti|1002367|org|Prevotella_stercorea_DSM_18206|accession|NZ_JH379338.1	3.152592581876593e-05	2.4155756316730277e-05	2.0	2.4155756316730277e-05	0.0	3.152592581876593e-05	2.4155756316730277e-05	2.0	2.4155756316730277e-05	0.0
ti|745368|org|Gemmiger_formicilis|accession|NZ_FUYF01000030.1	3.15259022653701e-05	2.4155756316730277e-05	2.0	2.4155756316730277e-05	0.0	3.152591908942356e-05	2.4155756316730277e-05	2.0	2.4155756316730277e-05	0.0
ti|1122981|org|Prevotella_corporis_DSM_18810_=_JCM_8529|accession|NZ_AUME01000039.1	3.151607687550243e-05	2.4155756316730277e-05	2.0	2.4155756316730277e-05	0.0	3.152565473424275e-05	2.4155756316730277e-05	2.0	2.4155756316730277e-05	0.0
ti|411469|org|Anaerobutyricum_hallii_DSM_3353|accession|NZ_ACEP01000147.1	3.1496761496281245e-05	2.4155756316730277e-05	2.0	2.4155756316730277e-05	0.0	3.1527322400559345e-05	2.4155756316730277e-05	2.0	2.4155756316730277e-05	0.0
ti|1235811|org|Prevotella_disiens_JCM_6334_=_ATCC_29426|accession|NZ_BAIS01000004.1	3.143080994423621e-05	3.623363447509542e-05	3.0	3.623363447509542e-05	0.0	0.00010551627691054317	0.0001092115636642113	9.04228062514204	4.8311512633460555e-05	0.001219865693994879
ti|536231|org|Roseburia_intestinalis_L1-82|accession|NZ_GG692775.1	3.141153942396656e-05	2.4155756316730277e-05	2.0	2.4155756316730277e-05	0.0	3.968647160845044e-05	3.0194695395912846e-05	2.5	3.623363447509542e-05	0.0
ti|1256908|org|Eubacterium_ramulus_ATCC_29099|accession|NZ_KI271134.1	3.1386577746081296e-05	8.454514710855597e-05	7.0	8.454514710855597e-05	0.0	3.139330661407244e-05	8.454514710855597e-05	7.0	8.454514710855597e-05	0.0
ti|411483|org|Faecalibacterium_prausnitzii_A2-165|accession|NZ_GG697159.2	3.078942367186783e-05	0.00020532392869220735	17.0	0.00020532392869220735	0.0	3.078942367186783e-05	0.00020532392869220735	17.0	0.00020532392869220735	0.0
ti|411469|org|Anaerobutyricum_hallii_DSM_3353|accession|NZ_ACEP01000175.1	3.054608454635403e-05	2.4155756316730277e-05	2.0	2.4155756316730277e-05	0.0	2.9978512834131393e-05	2.4155756316730277e-05	2.0	2.4155756316730277e-05	0.0
ti|536231|org|Roseburia_intestinalis_L1-82|accession|NZ_GG692771.1	3.0414054628115224e-05	2.4155756316730277e-05	2.0	2.4155756316730277e-05	0.0	4.7135838933344514e-05	3.623363447509542e-05	3.0	3.623363447509542e-05	0.0
ti|1122981|org|Prevotella_corporis_DSM_18810_=_JCM_8529|accession|NZ_AUME01000049.1	3.0040465339263152e-05	2.4155756316730277e-05	2.0	2.4155756316730277e-05	0.0	2.33427620532135e-05	1.811681723754771e-05	1.5	1.2077878158365139e-05	1.2077878158365139e-05
ti|1282887|org|Lachnospira_multipara_ATCC_19207|accession|NZ_AUJG01000020.1	3.0034712422783653e-05	0.00010870090342528624	9.0	0.00010870090342528624	0.0	3.003472311763659e-05	0.00010870090342528624	9.0	0.00010870090342528624	0.0
ti|411467|org|Pseudoflavonifractor_capillosus_ATCC_29799|accession|NZ_AAXG02000041.1	2.9480233872125898e-05	6.038939079182569e-05	5.0	6.038939079182569e-05	0.0	2.9480233872125898e-05	6.038939079182569e-05	5.0	6.038939079182569e-05	0.0
ti|536231|org|Roseburia_intestinalis_L1-82|accession|NZ_GG692764.1	2.9474552028777144e-05	2.4155756316730277e-05	2.0	2.4155756316730277e-05	0.0	4.287116774256927e-05	3.623363447509542e-05	3.0	3.623363447509542e-05	0.0
ti|1122992|org|Prevotella_timonensis_4401737_=_DSM_22865_=_JCM_15640|accession|NZ_HG417104.1	2.917331305138026e-05	2.4155756316730277e-05	2.0	2.4155756316730277e-05	0.0	3.438706508019142e-05	3.2552757322069845e-05	2.695238095238095	1.2077878158365139e-05	4.8311512633460555e-05
ti|536231|org|Roseburia_intestinalis_L1-82|accession|NZ_GG692772.1	2.87548105975275e-05	2.4155756316730277e-05	2.0	2.4155756316730277e-05	0.0	2.2578192590332093e-05	1.610383754448685e-05	1.3333333333333333	1.2077878158365139e-05	1.2077878158365139e-05
ti|1282887|org|Lachnospira_multipara_ATCC_19207|accession|NZ_AUJG01000014.1	2.8715180548814992e-05	0.00020532392869220735	17.0	0.00020532392869220735	0.0	2.871500174693594e-05	0.00020532392869220735	17.0	0.00020532392869220735	0.0
ti|742743|org|Dialister_succinatiphilus_YIT_11850|accession|NZ_JH591188.1	2.8453547379968633e-05	2.4155756316730277e-05	2.0	2.4155756316730277e-05	0.0	1.3346355769964049e-05	2.214277662366942e-05	1.8333333333333333	0.0	3.623363447509542e-05
ti|626939|org|Phascolarctobacterium_succinatutens_YIT_12067|accession|NZ_GL830850.1	2.7400929721509857e-05	3.623363447509542e-05	3.0	3.623363447509542e-05	0.0	3.323049798877428e-05	4.8311512633460555e-05	4.0	4.8311512633460555e-05	0.0
ti|1203606|org|Butyricicoccus_pullicaecorum_1.2|accession|NZ_KB976103.1	2.7394215276636072e-05	0.0004106478573844147	34.0	0.00039856997922604957	1.2077878158365139e-05	2.5707962818477218e-05	0.0001988333550329018	16.462606463304137	0.00020532392869220735	0.0001811681723754771
ti|334413|org|Finegoldia_magna_ATCC_29328|accession|NC_010376.1	2.541127318546556e-05	0.0012560993284699744	104.0	0.0012560993284699744	0.0	2.5484988939223788e-05	0.0012379825112324267	102.5	0.0012319435721532442	1.2077878158365139e-05
ti|1256908|org|Eubacterium_ramulus_ATCC_29099|accession|NZ_KI271087.1	2.509257569796641e-05	4.8311512633460555e-05	4.0	4.8311512633460555e-05	0.0	2.5092778640996145e-05	4.8311512633460555e-05	4.0	4.8311512633460555e-05	0.0
ti|40520|org|Blautia_obeum|accession|NZ_CYZA01000010.1	2.497558745773458e-05	0.0001811681723754771	15.0	0.0001811681723754771	0.0	2.4976504131268234e-05	0.0001811681723754771	15.0	0.0001811681723754771	0.0
ti|626939|org|Phascolarctobacterium_succinatutens_YIT_12067|accession|NZ_GL830933.1	2.364444436407445e-05	1.811681723754771e-05	1.5	3.623363447509542e-05	0.0	2.364444436407445e-05	1.811681723754771e-05	1.5	3.623363447509542e-05	0.0
ti|626939|org|Phascolarctobacterium_succinatutens_YIT_12067|accession|NZ_GL830876.1	2.364444436407445e-05	1.811681723754771e-05	1.5	3.623363447509542e-05	0.0	2.364444436407445e-05	1.811681723754771e-05	1.5	3.623363447509542e-05	0.0
ti|626939|org|Phascolarctobacterium_succinatutens_YIT_12067|accession|NZ_GL830882.1	2.269358762559398e-05	3.623363447509542e-05	3.0	3.623363447509542e-05	0.0	2.269358762559398e-05	3.623363447509542e-05	3.0	3.623363447509542e-05	0.0
ti|1150423|org|Bifidobacterium_dentium_JCM_1195_=_DSM_20436|accession|NZ_AP012326.1	2.2504527908176893e-05	0.00027779119764239816	23.0	0.00027779119764239816	0.0	3.5733235878129805e-05	0.00045338496471401444	37.53846153846154	0.0004710372481762404	1.2077878158365139e-05
ti|470145|org|Bacteroides_coprocola_DSM_17136|accession|NZ_DS981469.1	2.2428425076028768e-05	3.623363447509542e-05	3.0	3.623363447509542e-05	0.0	2.2428425076028768e-05	3.623363447509542e-05	3.0	3.623363447509542e-05	0.0
ti|1590550|org|Escherichia_phage_RCS47|accession|NC_042128.1	2.2428425076028768e-05	3.623363447509542e-05	3.0	3.623363447509542e-05	0.0	2.328459076850841e-05	3.69046277061157e-05	3.0555555555555554	3.623363447509542e-05	1.2077878158365139e-05
ti|411461|org|Dorea_formicigenerans_ATCC_27755|accession|NZ_AAXA02000005.1	2.2360103725022708e-05	2.4155756316730277e-05	2.0	2.4155756316730277e-05	0.0	6.256704998761412e-05	5.435045171264312e-05	4.5	3.623363447509542e-05	3.623363447509542e-05
ti|411469|org|Anaerobutyricum_hallii_DSM_3353|accession|NZ_ACEP01000173.1	2.225937663901846e-05	6.038939079182569e-05	5.0	6.038939079182569e-05	0.0	2.225937663901846e-05	6.038939079182569e-05	5.0	6.038939079182569e-05	0.0
ti|679190|org|Prevotella_buccalis_ATCC_35310|accession|NZ_ADEG01000012.1	2.224873590255855e-05	6.038939079182569e-05	5.0	6.038939079182569e-05	0.0	2.224873590255855e-05	6.038939079182569e-05	5.0	6.038939079182569e-05	0.0
ti|762982|org|Paraprevotella_xylaniphila_YIT_11841|accession|NZ_GL883828.1	2.224367811673593e-05	3.623363447509542e-05	3.0	3.623363447509542e-05	0.0	2.224367811673593e-05	3.623363447509542e-05	3.0	3.623363447509542e-05	0.0
ti|626939|org|Phascolarctobacterium_succinatutens_YIT_12067|accession|NZ_GL830859.1	2.2243310696239163e-05	2.4155756316730277e-05	2.0	2.4155756316730277e-05	0.0	2.2243310696239163e-05	2.4155756316730277e-05	2.0	2.4155756316730277e-05	0.0
ti|536231|org|Roseburia_intestinalis_L1-82|accession|NZ_GG692763.1	2.2243310696239163e-05	2.4155756316730277e-05	2.0	2.4155756316730277e-05	0.0	2.4705841072849708e-05	3.623363447509542e-05	3.0	2.4155756316730277e-05	1.2077878158365139e-05
ti|40520|org|Blautia_obeum|accession|NZ_CYZA01000027.1	2.2243310696239163e-05	2.4155756316730277e-05	2.0	2.4155756316730277e-05	0.0	2.3815313541725638e-05	4.227257355427798e-05	3.5	3.623363447509542e-05	1.2077878158365139e-05
ti|1235811|org|Prevotella_disiens_JCM_6334_=_ATCC_29426|accession|NZ_BAIS01000024.1	2.2243310696239163e-05	2.4155756316730277e-05	2.0	2.4155756316730277e-05	0.0	2.2243310696239163e-05	2.4155756316730277e-05	2.0	2.4155756316730277e-05	0.0
ti|1235811|org|Prevotella_disiens_JCM_6334_=_ATCC_29426|accession|NZ_BAIS01000025.1	2.1514347600190233e-05	3.623363447509542e-05	3.0	3.623363447509542e-05	0.0	2.1514347600190233e-05	3.623363447509542e-05	3.0	3.623363447509542e-05	0.0
ti|626939|org|Phascolarctobacterium_succinatutens_YIT_12067|accession|NZ_GL830902.1	2.1091264153258253e-05	3.623363447509542e-05	3.0	3.623363447509542e-05	0.0	2.1091264153258253e-05	3.623363447509542e-05	3.0	3.623363447509542e-05	0.0
ti|470145|org|Bacteroides_coprocola_DSM_17136|accession|NZ_DS981504.1	2.1091264153258253e-05	3.623363447509542e-05	3.0	3.623363447509542e-05	0.0	3.7751826483265796e-05	4.965349909550112e-05	4.111111111111111	4.8311512633460555e-05	1.2077878158365139e-05
ti|411463|org|Eubacterium_ventriosum_ATCC_27560|accession|NZ_DS264268.1	2.1091264153258253e-05	3.623363447509542e-05	3.0	3.623363447509542e-05	0.0	2.278817835617869e-05	3.671674960143002e-05	3.04	3.623363447509542e-05	1.2077878158365139e-05
ti|451640|org|Catenibacterium_mitsuokai_DSM_15897|accession|NZ_ACCK01000016.1	2.0952019766227926e-05	2.4155756316730277e-05	2.0	2.4155756316730277e-05	0.0	2.0952019766227926e-05	2.4155756316730277e-05	2.0	2.4155756316730277e-05	0.0
ti|999419|org|Parabacteroides_johnsonii_CL02T12C29|accession|NZ_JH976466.1	2.0859967929771312e-05	0.0025605101695734094	212.0	0.0025605101695734094	0.0	3.8382612280035056e-05	0.0026241203278741325	217.26666666666668	0.002620899560365235	4.8311512633460555e-05
ti|470145|org|Bacteroides_coprocola_DSM_17136|accession|NZ_DS981474.1	2.0084706429723854e-05	4.8311512633460555e-05	4.0	4.8311512633460555e-05	0.0	2.0093572891252943e-05	4.8311512633460555e-05	4.0	4.8311512633460555e-05	0.0
ti|470145|org|Bacteroides_coprocola_DSM_17136|accession|NZ_DS981487.1	1.957965294012743e-05	4.8311512633460555e-05	4.0	4.8311512633460555e-05	0.0	1.957965294012743e-05	4.8311512633460555e-05	4.0	4.8311512633460555e-05	0.0
ti|679190|org|Prevotella_buccalis_ATCC_35310|accession|NZ_ADEG01000045.1	1.9555410881807326e-05	9.662302526692111e-05	8.0	9.662302526692111e-05	0.0	1.9738565218127574e-05	9.662302526692111e-05	8.0	9.662302526692111e-05	0.0
ti|679190|org|Prevotella_buccalis_ATCC_35310|accession|NZ_ADEG01000086.1	1.954846476226117e-05	0.00012077878158365138	10.0	0.00012077878158365138	0.0	1.9548480346207112e-05	0.00012077878158365138	10.0	0.00012077878158365138	0.0
ti|1256908|org|Eubacterium_ramulus_ATCC_29099|accession|NZ_KI271101.1	1.9522378595761546e-05	3.623363447509542e-05	3.0	3.623363447509542e-05	0.0	1.9522378595761546e-05	3.623363447509542e-05	3.0	3.623363447509542e-05	0.0
ti|470145|org|Bacteroides_coprocola_DSM_17136|accession|NZ_DS981451.1	1.9384261882028622e-05	6.038939079182569e-05	5.0	6.038939079182569e-05	0.0	2.692499595547794e-05	6.802804366199017e-05	5.632449903038138	6.038939079182569e-05	7.246726895019084e-05
ti|40520|org|Blautia_obeum|accession|NZ_CYZA01000025.1	1.931871965770213e-05	8.454514710855597e-05	7.0	8.454514710855597e-05	0.0	2.0016451421660404e-05	8.454514710855597e-05	7.0	8.454514710855597e-05	0.0
ti|411483|org|Faecalibacterium_prausnitzii_A2-165|accession|NZ_GG697157.2	1.9256593915353238e-05	0.00020532392869220735	17.0	0.00020532392869220735	0.0	3.01812683693521e-05	0.0002496094819395462	20.666666666666668	0.00022947968500893764	6.038939079182569e-05
ti|701347|org|[Enterobacter]_lignolyticus_SCF1|accession|NC_014618.1	1.907611849410444e-05	0.0006642832987100826	55.0	0.0006642832987100826	0.0	2.739309219026882e-05	0.00043721918933281806	36.2	0.00044688149185951014	3.623363447509542e-05
ti|484018|org|Bacteroides_plebeius_DSM_17135|accession|NZ_DS990128.1	1.900336622914698e-05	2.4155756316730277e-05	2.0	4.8311512633460555e-05	0.0	1.900313775226561e-05	1.811681723754771e-05	1.5	2.4155756316730277e-05	1.2077878158365139e-05
ti|470145|org|Bacteroides_coprocola_DSM_17136|accession|NZ_DS981456.1	1.900336622914698e-05	2.4155756316730277e-05	2.0	4.8311512633460555e-05	0.0	1.900313775226561e-05	1.811681723754771e-05	1.5	2.4155756316730277e-05	1.2077878158365139e-05
ti|796942|org|Stomatobaculum_longum|accession|NZ_JH590861.1	1.8810173883802666e-05	4.8311512633460555e-05	4.0	4.8311512633460555e-05	0.0	2.0936569255640856e-05	5.837641109876483e-05	4.833333333333333	3.623363447509542e-05	3.623363447509542e-05
ti|604330|org|Olsenella_umbonata|accession|NZ_LT629759.1	1.848990729921958e-05	2.4155756316730277e-05	2.0	2.4155756316730277e-05	0.0	1.2541798960349032e-05	1.9193276966457257e-05	1.589126559714795	2.4155756316730277e-05	2.4155756316730277e-05
ti|626939|org|Phascolarctobacterium_succinatutens_YIT_12067|accession|NZ_GL830889.1	1.842711353132061e-05	3.623363447509542e-05	3.0	3.623363447509542e-05	0.0	1.842711353134712e-05	3.623363447509542e-05	3.0	3.623363447509542e-05	0.0
ti|566550|org|Hungatella_hathewayi_DSM_13479|accession|NZ_GG667940.1	1.842711353132061e-05	2.4155756316730277e-05	2.0	2.4155756316730277e-05	0.0	1.842711353132061e-05	2.4155756316730277e-05	2.0	2.4155756316730277e-05	0.0
ti|1256908|org|Eubacterium_ramulus_ATCC_29099|accession|NZ_KI271113.1	1.8383554772386226e-05	2.4155756316730277e-05	2.0	2.4155756316730277e-05	0.0	2.924091525504821e-05	3.442195275134064e-05	2.8499999999999996	2.4155756316730277e-05	4.8311512633460555e-05
ti|565655|org|Enterococcus_casseliflavus_EC20|accession|NC_020995.1	1.8245216630276027e-05	3.623363447509542e-05	3.0	3.623363447509542e-05	0.0	1.832980174286346e-05	3.623363447509542e-05	3.0	3.623363447509542e-05	0.0
ti|536231|org|Roseburia_intestinalis_L1-82|accession|NZ_GG692768.1	1.8188255223847406e-05	1.2077878158365139e-05	1.0	1.2077878158365139e-05	0.0	0.00010145644928406698	7.448024864325168e-05	6.166666666666666	3.623363447509542e-05	0.00010870090342528624
ti|40520|org|Blautia_obeum|accession|NZ_CYZA01000020.1	1.8156424985249317e-05	8.454514710855597e-05	7.0	8.454514710855597e-05	0.0	1.8156424985249317e-05	8.454514710855597e-05	7.0	8.454514710855597e-05	0.0
ti|622312|org|Roseburia_inulinivorans_DSM_16841|accession|NZ_ACFY01000125.1	1.789616989520388e-05	2.4155756316730277e-05	2.0	2.4155756316730277e-05	0.0	1.789634842427887e-05	2.4155756316730277e-05	2.0	2.4155756316730277e-05	0.0
ti|333849|org|Enterococcus_faecium_DO|accession|NC_017963.1	1.754950956566073e-05	2.4155756316730277e-05	2.0	2.4155756316730277e-05	0.0	2.398297843204429e-05	3.0194695395912846e-05	2.5	3.623363447509542e-05	0.0
ti|1256908|org|Eubacterium_ramulus_ATCC_29099|accession|NZ_KI271163.1	1.747118448253382e-05	4.8311512633460555e-05	4.0	4.8311512633460555e-05	0.0	1.849529108576237e-05	5.435045171264312e-05	4.5	6.038939079182569e-05	0.0
ti|1567486|org|Enterobacteria_phage_P88|accession|NC_026014.1	1.743129281619805e-05	8.454514710855597e-05	7.0	8.454514710855597e-05	0.0	1.743129281619805e-05	8.454514710855597e-05	7.0	8.454514710855597e-05	0.0
ti|1267562|org|Cupriavidus_gilardii_CR3|accession|NZ_CP010516.1	1.7360414918319185e-05	1.2077878158365139e-05	1.0	1.2077878158365139e-05	0.0	9.920823325576618e-06	7.045428925712997e-06	0.5833333333333333	0.0	2.4155756316730277e-05
ti|411463|org|Eubacterium_ventriosum_ATCC_27560|accession|NZ_DS264264.1	1.726878652795339e-05	6.038939079182569e-05	5.0	6.038939079182569e-05	0.0	1.726878652795339e-05	6.038939079182569e-05	5.0	6.038939079182569e-05	0.0
ti|518637|org|Holdemanella_biformis_DSM_3989|accession|NZ_DS996839.1	1.7093642064930778e-05	6.038939079182569e-05	5.0	6.038939079182569e-05	0.0	1.7093642064930778e-05	6.038939079182569e-05	5.0	6.038939079182569e-05	0.0
ti|679190|org|Prevotella_buccalis_ATCC_35310|accession|NZ_ADEG01000031.1	1.7040033561944523e-05	0.00012077878158365138	10.0	0.00012077878158365138	0.0	1.8687374203019017e-05	0.00012077878158365138	10.0	0.00012077878158365138	0.0
ti|1377|org|Aerococcus_viridans|accession|NZ_CP014164.1	1.703654676736051e-05	1.2077878158365139e-05	1.0	1.2077878158365139e-05	0.0	8.423354011880515e-06	6.038939079182569e-06	0.5	0.0	1.2077878158365139e-05
ti|518637|org|Holdemanella_biformis_DSM_3989|accession|NZ_DS996847.1	1.6952225972149114e-05	6.038939079182569e-05	5.0	6.038939079182569e-05	0.0	1.6952225972149114e-05	6.038939079182569e-05	5.0	6.038939079182569e-05	0.0
ti|1723382|org|Urinicoccus_massiliensis|accession|NZ_LT635492.1	1.685867510913127e-05	2.4155756316730277e-05	2.0	2.4155756316730277e-05	0.0	7.955688525335168e-06	6.038939079182569e-06	0.5	1.2077878158365139e-05	0.0
ti|196242|org|Enterobacteria_phage_BP-4795|accession|NC_004813.1	1.684376782057611e-05	1.2077878158365139e-05	1.0	1.2077878158365139e-05	0.0	8.049639409271028e-05	0.00011471587846050379	9.498015873015872	4.8311512633460555e-05	0.00026571331948403303
ti|1256908|org|Eubacterium_ramulus_ATCC_29099|accession|NZ_KI271168.1	1.676360177720868e-05	1.2077878158365139e-05	1.0	1.2077878158365139e-05	0.0	2.9225164064903734e-05	4.8311512633460555e-05	4.0	3.623363447509542e-05	1.2077878158365139e-05
ti|470145|org|Bacteroides_coprocola_DSM_17136|accession|NZ_DS981458.1	1.664047580712977e-05	2.4155756316730277e-05	2.0	2.4155756316730277e-05	0.0	1.597648785115965e-05	2.473089337189052e-05	2.0476190476190474	2.4155756316730277e-05	1.2077878158365139e-05
ti|411483|org|Faecalibacterium_prausnitzii_A2-165|accession|NZ_GG697155.2	1.6510179357892914e-05	0.0011353205468863231	94.0	0.0011353205468863231	0.0	6.049132411507501e-05	0.0013346055364993478	110.5	0.0012681772066283395	0.00014493453790038167
ti|1841865|org|Mediterranea_massiliensis|accession|NZ_LT635839.1	1.641950034575802e-05	2.4155756316730277e-05	2.0	2.4155756316730277e-05	0.0	5.467245941463552e-05	8.051918772243424e-05	6.666666666666665	6.038939079182569e-05	6.038939079182569e-05
ti|536231|org|Roseburia_intestinalis_L1-82|accession|NZ_GG692770.1	1.6275117780302593e-05	1.2077878158365139e-05	1.0	1.2077878158365139e-05	0.0	5.300079851325365e-05	4.227257355427798e-05	3.5	4.8311512633460555e-05	0.0
ti|626939|org|Phascolarctobacterium_succinatutens_YIT_12067|accession|NZ_GL830866.1	1.609630529688785e-05	3.623363447509542e-05	3.0	3.623363447509542e-05	0.0	1.609630529688785e-05	3.623363447509542e-05	3.0	3.623363447509542e-05	0.0
ti|1650663|org|Fournierella_massiliensis|accession|NZ_LN908964.1	1.607379490728984e-05	7.246726895019084e-05	6.0	7.246726895019084e-05	0.0	6.942216825677359e-05	0.0001362943894974147	11.284630272827947	0.00012077878158365138	0.00014493453790038167
ti|745368|org|Gemmiger_formicilis|accession|NZ_FUYF01000026.1	1.606155155333689e-05	1.2077878158365139e-05	1.0	1.2077878158365139e-05	0.0	0.00010741988501062605	0.00012118137752226355	10.033333333333333	7.246726895019084e-05	9.662302526692111e-05
ti|1160721|org|Ruminococcus_bicirculans|accession|NZ_HF545616.1	1.6039101684024414e-05	1.2077878158365139e-05	1.0	1.2077878158365139e-05	0.0	4.10617531427655e-05	0.00010870090342528624	9.0	0.00012077878158365138	1.2077878158365139e-05
ti|1256908|org|Eubacterium_ramulus_ATCC_29099|accession|NZ_KI271158.1	1.5994544931765154e-05	4.8311512633460555e-05	4.0	4.8311512633460555e-05	0.0	2.5266280080594623e-05	4.025959386121713e-05	3.3333333333333335	2.4155756316730277e-05	3.623363447509542e-05
ti|1235811|org|Prevotella_disiens_JCM_6334_=_ATCC_29426|accession|NZ_BAIS01000054.1	1.5986097817856987e-05	1.2077878158365139e-05	1.0	1.2077878158365139e-05	0.0	4.594950644332053e-05	4.025959386121712e-05	3.333333333333333	4.8311512633460555e-05	1.2077878158365139e-05
ti|414970|org|Enterobacteria_phage_cdtI|accession|NC_009514.1	1.5966414708194078e-05	4.8311512633460555e-05	4.0	4.8311512633460555e-05	0.0	1.9027006917705205e-05	5.435045171264312e-05	4.5	4.8311512633460555e-05	1.2077878158365139e-05
ti|1501392|org|Coprobacter_secundus|accession|NZ_JTDA01000001.1	1.5951651400966537e-05	2.4155756316730277e-05	2.0	2.4155756316730277e-05	0.0	3.950427032428475e-05	4.393313163527741e-05	3.637487566874428	2.4155756316730277e-05	0.00039856997922604957
ti|566550|org|Hungatella_hathewayi_DSM_13479|accession|NZ_GG667737.1	1.59499333797813e-05	1.2077878158365139e-05	1.0	1.2077878158365139e-05	0.0	1.807579735652924e-05	1.2077878158365139e-05	1.0	1.2077878158365139e-05	0.0
ti|1150298|org|Fusicatenibacter_saccharivorans|accession|NZ_CYYV01000027.1	1.594807728917257e-05	2.4155756316730277e-05	2.0	2.4155756316730277e-05	0.0	1.594807728917257e-05	2.4155756316730277e-05	2.0	2.4155756316730277e-05	0.0
ti|679190|org|Prevotella_buccalis_ATCC_35310|accession|NZ_ADEG01000094.1	1.5920456387706317e-05	4.8311512633460555e-05	4.0	4.8311512633460555e-05	0.0	1.592053191324732e-05	5.435045171264312e-05	4.5	6.038939079182569e-05	0.0
ti|626939|org|Phascolarctobacterium_succinatutens_YIT_12067|accession|NZ_GL830892.1	1.5915168502745207e-05	3.623363447509542e-05	3.0	3.623363447509542e-05	0.0	1.5915168502745207e-05	3.623363447509542e-05	3.0	3.623363447509542e-05	0.0
ti|411490|org|Anaerostipes_caccae_DSM_14662|accession|NZ_DS499735.1	1.5890100712514194e-05	1.2077878158365139e-05	1.0	1.2077878158365139e-05	0.0	8.317181877212433e-05	6.659297791729388e-05	5.513632199640265	1.2077878158365139e-05	0.0003744142229093193
ti|411479|org|Bacteroides_uniformis_ATCC_8492|accession|NZ_DS362218.1	1.5864810085352347e-05	1.2077878158365139e-05	1.0	1.2077878158365139e-05	0.0	7.193586035644236e-05	6.038939079182569e-05	5.0	4.8311512633460555e-05	4.8311512633460555e-05
ti|626939|org|Phascolarctobacterium_succinatutens_YIT_12067|accession|NZ_GL830898.1	1.583906570606409e-05	2.4155756316730277e-05	2.0	2.4155756316730277e-05	0.0	1.583906570606409e-05	2.4155756316730277e-05	2.0	2.4155756316730277e-05	0.0
ti|626939|org|Phascolarctobacterium_succinatutens_YIT_12067|accession|NZ_GL830916.1	1.5828926987631463e-05	4.8311512633460555e-05	4.0	4.8311512633460555e-05	0.0	1.5828926987631463e-05	4.8311512633460555e-05	4.0	4.8311512633460555e-05	0.0
ti|1122981|org|Prevotella_corporis_DSM_18810_=_JCM_8529|accession|NZ_AUME01000030.1	1.582651050717985e-05	1.2077878158365139e-05	1.0	1.2077878158365139e-05	0.0	2.7190039577869823e-05	2.1594435726760957e-05	1.7879329004329003	1.2077878158365139e-05	0.00012077878158365138
ti|547042|org|Bacteroides_coprophilus_DSM_18228_=_JCM_13818|accession|NZ_EQ973650.1	1.582484431887352e-05	1.2077878158365139e-05	1.0	1.2077878158365139e-05	0.0	0.00012260447049822776	9.521393948177853e-05	7.883333333333335	2.4155756316730277e-05	0.00028986907580076334
ti|1282887|org|Lachnospira_multipara_ATCC_19207|accession|NZ_AUJG01000011.1	1.580956393393856e-05	0.00020532392869220735	17.0	0.00020532392869220735	0.0	1.5809887094110185e-05	0.00020532392869220735	17.0	0.00020532392869220735	0.0
ti|411469|org|Anaerobutyricum_hallii_DSM_3353|accession|NZ_ACEP01000024.1	1.5794249704440544e-05	2.4155756316730277e-05	2.0	2.4155756316730277e-05	0.0	1.5794249704440544e-05	2.4155756316730277e-05	2.0	2.4155756316730277e-05	0.0
ti|301302|org|Roseburia_faecis|accession|NZ_CYXV01000025.1	1.5775825295361718e-05	2.4155756316730277e-05	2.0	2.4155756316730277e-05	0.0	5.392278952331591e-05	0.0001034168317310015	8.5625	7.246726895019084e-05	7.246726895019084e-05
ti|626939|org|Phascolarctobacterium_succinatutens_YIT_12067|accession|NZ_GL830921.1	1.576825079434408e-05	4.8311512633460555e-05	4.0	4.8311512633460555e-05	0.0	1.576825079434408e-05	4.8311512633460555e-05	4.0	4.8311512633460555e-05	0.0
ti|1256908|org|Eubacterium_ramulus_ATCC_29099|accession|NZ_KI271077.1	1.576825079434408e-05	2.4155756316730277e-05	2.0	2.4155756316730277e-05	0.0	1.576825079434408e-05	2.4155756316730277e-05	2.0	2.4155756316730277e-05	0.0
ti|471875|org|Ruminococcus_lactaris_ATCC_29176|accession|NZ_DS990178.1	1.576662418050099e-05	2.4155756316730277e-05	2.0	2.4155756316730277e-05	0.0	1.6194128574774794e-05	3.0194695395912846e-05	2.5	1.2077878158365139e-05	2.4155756316730277e-05
ti|679190|org|Prevotella_buccalis_ATCC_35310|accession|NZ_ADEG01000030.1	1.576559737139829e-05	4.8311512633460555e-05	4.0	4.8311512633460555e-05	0.0	1.5804573238505207e-05	4.8311512633460555e-05	4.0	4.8311512633460555e-05	0.0
ti|1122981|org|Prevotella_corporis_DSM_18810_=_JCM_8529|accession|NZ_AUME01000052.1	1.5765138317729404e-05	1.2077878158365139e-05	1.0	1.2077878158365139e-05	0.0	1.3486162522600949e-05	1.811681723754771e-05	1.5	1.2077878158365139e-05	1.2077878158365139e-05
ti|411469|org|Anaerobutyricum_hallii_DSM_3353|accession|NZ_ACEP01000010.1	1.57647036440325e-05	2.4155756316730277e-05	2.0	2.4155756316730277e-05	0.0	1.5764703637230286e-05	2.4155756316730277e-05	2.0	2.4155756316730277e-05	0.0
ti|411469|org|Anaerobutyricum_hallii_DSM_3353|accession|NZ_ACEP01000168.1	1.5763330329879733e-05	2.4155756316730277e-05	2.0	2.4155756316730277e-05	0.0	1.5762963283420006e-05	1.2077878158365139e-05	1.0	1.2077878158365139e-05	0.0
ti|1550024|org|Ruthenibacterium_lactatiformans|accession|NZ_JXXK01000069.1	1.5763219227449655e-05	1.2077878158365139e-05	1.0	1.2077878158365139e-05	0.0	1.5903620070467262e-05	1.2077878158365139e-05	1.0	1.2077878158365139e-05	0.0
ti|762982|org|Paraprevotella_xylaniphila_YIT_11841|accession|NZ_GL883852.1	1.576311396046497e-05	2.4155756316730277e-05	2.0	2.4155756316730277e-05	0.0	1.5763104146801678e-05	2.4155756316730277e-05	2.0	2.4155756316730277e-05	0.0
ti|622312|org|Roseburia_inulinivorans_DSM_16841|accession|NZ_ACFY01000102.1	1.5762968153390064e-05	1.2077878158365139e-05	1.0	1.2077878158365139e-05	0.0	1.791032818098661e-05	1.2077878158365139e-05	1.0	1.2077878158365139e-05	0.0
ti|1235811|org|Prevotella_disiens_JCM_6334_=_ATCC_29426|accession|NZ_BAIS01000096.1	1.5762964096943673e-05	1.2077878158365139e-05	1.0	1.2077878158365139e-05	0.0	1.5762966410218512e-05	1.2077878158365139e-05	1.0	1.2077878158365139e-05	0.0
ti|411469|org|Anaerobutyricum_hallii_DSM_3353|accession|NZ_ACEP01000030.1	1.5762962972664627e-05	2.4155756316730277e-05	2.0	2.4155756316730277e-05	0.0	1.5762962924489696e-05	1.2077878158365139e-05	1.0	1.2077878158365139e-05	0.0
ti|470145|org|Bacteroides_coprocola_DSM_17136|accession|NZ_DS981514.1	1.5762962966009886e-05	2.4155756316730277e-05	2.0	2.4155756316730277e-05	0.0	2.2301154594785973e-05	3.623363447509542e-05	3.0	3.623363447509542e-05	1.2077878158365139e-05
ti|411467|org|Pseudoflavonifractor_capillosus_ATCC_29799|accession|NZ_AAXG02000028.1	1.576296293609865e-05	1.2077878158365139e-05	1.0	1.2077878158365139e-05	0.0	7.922034357856376e-05	6.513427149689772e-05	5.392857142857144	3.623363447509542e-05	9.662302526692111e-05
ti|1122981|org|Prevotella_corporis_DSM_18810_=_JCM_8529|accession|NZ_AUME01000064.1	1.5762962909434604e-05	2.4155756316730277e-05	2.0	2.4155756316730277e-05	0.0	1.5762963209229993e-05	2.4155756316730277e-05	2.0	2.4155756316730277e-05	0.0
ti|1122992|org|Prevotella_timonensis_4401737_=_DSM_22865_=_JCM_15640|accession|NZ_HG417109.1	1.5762962909414956e-05	1.2077878158365139e-05	1.0	1.2077878158365139e-05	0.0	1.4738856308086464e-05	1.2077878158365139e-05	1.0	1.2077878158365139e-05	0.0
ti|536231|org|Roseburia_intestinalis_L1-82|accession|NZ_GG692776.1	1.5762962909384883e-05	1.2077878158365139e-05	1.0	1.2077878158365139e-05	0.0	4.873751792317743e-05	3.623363447509542e-05	3.0	3.623363447509542e-05	0.0
ti|763034|org|Bacteroides_fluxus_YIT_12057|accession|NZ_GL882680.1	1.5762962909382965e-05	1.2077878158365139e-05	1.0	1.2077878158365139e-05	0.0	1.5762962909382965e-05	1.2077878158365139e-05	1.0	1.2077878158365139e-05	0.0
ti|762982|org|Paraprevotella_xylaniphila_YIT_11841|accession|NZ_GL883873.1	1.5762962909382965e-05	1.2077878158365139e-05	1.0	1.2077878158365139e-05	0.0	1.5762962909382965e-05	1.2077878158365139e-05	1.0	1.2077878158365139e-05	0.0
ti|762982|org|Paraprevotella_xylaniphila_YIT_11841|accession|NZ_GL883823.1	1.5762962909382965e-05	1.2077878158365139e-05	1.0	1.2077878158365139e-05	0.0	1.5762962909382965e-05	1.2077878158365139e-05	1.0	1.2077878158365139e-05	0.0
ti|762966|org|Parasutterella_excrementihominis_YIT_11859|accession|NZ_GL883763.1	1.5762962909382965e-05	1.2077878158365139e-05	1.0	1.2077878158365139e-05	0.0	1.5762962909382965e-05	1.2077878158365139e-05	1.0	1.2077878158365139e-05	0.0
ti|762966|org|Parasutterella_excrementihominis_YIT_11859|accession|NZ_GL883743.1	1.5762962909382965e-05	1.2077878158365139e-05	1.0	1.2077878158365139e-05	0.0	1.5762962911640478e-05	1.2077878158365139e-05	1.0	1.2077878158365139e-05	0.0
ti|762966|org|Parasutterella_excrementihominis_YIT_11859|accession|NZ_GL883742.1	1.5762962909382965e-05	1.2077878158365139e-05	1.0	1.2077878158365139e-05	0.0	1.5762962909382965e-05	1.2077878158365139e-05	1.0	1.2077878158365139e-05	0.0
ti|762966|org|Parasutterella_excrementihominis_YIT_11859|accession|NZ_GL883736.1	1.5762962909382965e-05	1.2077878158365139e-05	1.0	1.2077878158365139e-05	0.0	1.5762962909382965e-05	1.2077878158365139e-05	1.0	1.2077878158365139e-05	0.0
ti|762966|org|Parasutterella_excrementihominis_YIT_11859|accession|NZ_GL883734.1	1.5762962909382965e-05	1.2077878158365139e-05	1.0	1.2077878158365139e-05	0.0	1.5762962909382965e-05	1.2077878158365139e-05	1.0	1.2077878158365139e-05	0.0
ti|762966|org|Parasutterella_excrementihominis_YIT_11859|accession|NZ_GL883728.1	1.5762962909382965e-05	1.2077878158365139e-05	1.0	1.2077878158365139e-05	0.0	1.5762962909382965e-05	1.2077878158365139e-05	1.0	1.2077878158365139e-05	0.0
ti|762966|org|Parasutterella_excrementihominis_YIT_11859|accession|NZ_GL883726.1	1.5762962909382965e-05	1.2077878158365139e-05	1.0	1.2077878158365139e-05	0.0	1.5762962909382965e-05	1.2077878158365139e-05	1.0	1.2077878158365139e-05	0.0
ti|762966|org|Parasutterella_excrementihominis_YIT_11859|accession|NZ_GL883720.1	1.5762962909382965e-05	1.2077878158365139e-05	1.0	1.2077878158365139e-05	0.0	1.5762962909382965e-05	1.2077878158365139e-05	1.0	1.2077878158365139e-05	0.0
ti|762966|org|Parasutterella_excrementihominis_YIT_11859|accession|NZ_GL883714.1	1.5762962909382965e-05	1.2077878158365139e-05	1.0	1.2077878158365139e-05	0.0	1.5762962909382965e-05	1.2077878158365139e-05	1.0	1.2077878158365139e-05	0.0
ti|762966|org|Parasutterella_excrementihominis_YIT_11859|accession|NZ_GL883711.1	1.5762962909382965e-05	1.2077878158365139e-05	1.0	1.2077878158365139e-05	0.0	1.5762962909382965e-05	1.2077878158365139e-05	1.0	1.2077878158365139e-05	0.0
ti|762966|org|Parasutterella_excrementihominis_YIT_11859|accession|NZ_GL883709.1	1.5762962909382965e-05	1.2077878158365139e-05	1.0	1.2077878158365139e-05	0.0	1.5762962909382965e-05	1.2077878158365139e-05	1.0	1.2077878158365139e-05	0.0
ti|762966|org|Parasutterella_excrementihominis_YIT_11859|accession|NZ_GL883704.1	1.5762962909382965e-05	1.2077878158365139e-05	1.0	1.2077878158365139e-05	0.0	1.5762962909382965e-05	1.2077878158365139e-05	1.0	1.2077878158365139e-05	0.0
ti|762966|org|Parasutterella_excrementihominis_YIT_11859|accession|NZ_GL883680.1	1.5762962909382965e-05	1.2077878158365139e-05	1.0	1.2077878158365139e-05	0.0	1.5762962909382965e-05	1.2077878158365139e-05	1.0	1.2077878158365139e-05	0.0
ti|745368|org|Gemmiger_formicilis|accession|NZ_FUYF01000059.1	1.5762962909382965e-05	1.2077878158365139e-05	1.0	1.2077878158365139e-05	0.0	1.5762962909382965e-05	1.2077878158365139e-05	1.0	1.2077878158365139e-05	0.0
ti|745368|org|Gemmiger_formicilis|accession|NZ_FUYF01000058.1	1.5762962909382965e-05	1.2077878158365139e-05	1.0	1.2077878158365139e-05	0.0	1.5762962909382965e-05	1.2077878158365139e-05	1.0	1.2077878158365139e-05	0.0
ti|745368|org|Gemmiger_formicilis|accession|NZ_FUYF01000056.1	1.5762962909382965e-05	1.2077878158365139e-05	1.0	1.2077878158365139e-05	0.0	1.5762962909382965e-05	1.2077878158365139e-05	1.0	1.2077878158365139e-05	0.0
ti|745368|org|Gemmiger_formicilis|accession|NZ_FUYF01000055.1	1.5762962909382965e-05	1.2077878158365139e-05	1.0	1.2077878158365139e-05	0.0	1.5762962909382965e-05	1.2077878158365139e-05	1.0	1.2077878158365139e-05	0.0
ti|745368|org|Gemmiger_formicilis|accession|NZ_FUYF01000054.1	1.5762962909382965e-05	1.2077878158365139e-05	1.0	1.2077878158365139e-05	0.0	1.5762962988412196e-05	1.2077878158365139e-05	1.0	1.2077878158365139e-05	0.0
ti|745368|org|Gemmiger_formicilis|accession|NZ_FUYF01000053.1	1.5762962909382965e-05	1.2077878158365139e-05	1.0	1.2077878158365139e-05	0.0	1.5762962909382965e-05	1.2077878158365139e-05	1.0	1.2077878158365139e-05	0.0
ti|745368|org|Gemmiger_formicilis|accession|NZ_FUYF01000052.1	1.5762962909382965e-05	1.2077878158365139e-05	1.0	1.2077878158365139e-05	0.0	1.5762962909382965e-05	1.2077878158365139e-05	1.0	1.2077878158365139e-05	0.0
ti|745368|org|Gemmiger_formicilis|accession|NZ_FUYF01000051.1	1.5762962909382965e-05	1.2077878158365139e-05	1.0	1.2077878158365139e-05	0.0	2.1897746667403905e-05	1.2077878158365139e-05	1.0	1.2077878158365139e-05	0.0
ti|745368|org|Gemmiger_formicilis|accession|NZ_FUYF01000050.1	1.5762962909382965e-05	1.2077878158365139e-05	1.0	1.2077878158365139e-05	0.0	1.5762962830353734e-05	1.2077878158365139e-05	1.0	1.2077878158365139e-05	0.0
ti|745368|org|Gemmiger_formicilis|accession|NZ_FUYF01000049.1	1.5762962909382965e-05	1.2077878158365139e-05	1.0	1.2077878158365139e-05	0.0	1.576298957636609e-05	1.2077878158365139e-05	1.0	1.2077878158365139e-05	0.0
ti|745368|org|Gemmiger_formicilis|accession|NZ_FUYF01000048.1	1.5762962909382965e-05	1.2077878158365139e-05	1.0	1.2077878158365139e-05	0.0	1.5762962909382965e-05	1.2077878158365139e-05	1.0	1.2077878158365139e-05	0.0
ti|745368|org|Gemmiger_formicilis|accession|NZ_FUYF01000047.1	1.5762962909382965e-05	1.2077878158365139e-05	1.0	1.2077878158365139e-05	0.0	1.5762962909382965e-05	1.2077878158365139e-05	1.0	1.2077878158365139e-05	0.0
ti|745368|org|Gemmiger_formicilis|accession|NZ_FUYF01000046.1	1.5762962909382965e-05	1.2077878158365139e-05	1.0	1.2077878158365139e-05	0.0	1.5762962909382965e-05	1.2077878158365139e-05	1.0	1.2077878158365139e-05	0.0
ti|745368|org|Gemmiger_formicilis|accession|NZ_FUYF01000045.1	1.5762962909382965e-05	1.2077878158365139e-05	1.0	1.2077878158365139e-05	0.0	1.5762962909382965e-05	1.2077878158365139e-05	1.0	1.2077878158365139e-05	0.0
ti|745368|org|Gemmiger_formicilis|accession|NZ_FUYF01000044.1	1.5762962909382965e-05	1.2077878158365139e-05	1.0	1.2077878158365139e-05	0.0	1.5762962909382965e-05	1.2077878158365139e-05	1.0	1.2077878158365139e-05	0.0
ti|745368|org|Gemmiger_formicilis|accession|NZ_FUYF01000042.1	1.5762962909382965e-05	1.2077878158365139e-05	1.0	1.2077878158365139e-05	0.0	1.5762962907935494e-05	1.2077878158365139e-05	1.0	1.2077878158365139e-05	0.0
ti|745368|org|Gemmiger_formicilis|accession|NZ_FUYF01000041.1	1.5762962909382965e-05	1.2077878158365139e-05	1.0	1.2077878158365139e-05	0.0	1.5762962972664543e-05	1.2077878158365139e-05	1.0	1.2077878158365139e-05	0.0
ti|745368|org|Gemmiger_formicilis|accession|NZ_FUYF01000040.1	1.5762962909382965e-05	1.2077878158365139e-05	1.0	1.2077878158365139e-05	0.0	1.5762962909382965e-05	1.2077878158365139e-05	1.0	1.2077878158365139e-05	0.0
ti|745368|org|Gemmiger_formicilis|accession|NZ_FUYF01000039.1	1.5762962909382965e-05	1.2077878158365139e-05	1.0	1.2077878158365139e-05	0.0	1.5762962909382965e-05	1.2077878158365139e-05	1.0	1.2077878158365139e-05	0.0
ti|745368|org|Gemmiger_formicilis|accession|NZ_FUYF01000038.1	1.5762962909382965e-05	1.2077878158365139e-05	1.0	1.2077878158365139e-05	0.0	1.6150614549115572e-05	1.2077878158365139e-05	1.0	1.2077878158365139e-05	0.0
ti|745368|org|Gemmiger_formicilis|accession|NZ_FUYF01000037.1	1.5762962909382965e-05	1.2077878158365139e-05	1.0	1.2077878158365139e-05	0.0	1.5762962909382965e-05	1.2077878158365139e-05	1.0	1.2077878158365139e-05	0.0
ti|745368|org|Gemmiger_formicilis|accession|NZ_FUYF01000028.1	1.5762962909382965e-05	1.2077878158365139e-05	1.0	1.2077878158365139e-05	0.0	3.951712262953714e-05	4.227257355427798e-05	3.5	3.623363447509542e-05	1.2077878158365139e-05
ti|679190|org|Prevotella_buccalis_ATCC_35310|accession|NZ_ADEG01000069.1	1.5762962909382965e-05	1.2077878158365139e-05	1.0	1.2077878158365139e-05	0.0	1.5762962909382965e-05	1.2077878158365139e-05	1.0	1.2077878158365139e-05	0.0
ti|679190|org|Prevotella_buccalis_ATCC_35310|accession|NZ_ADEG01000004.1	1.5762962909382965e-05	1.2077878158365139e-05	1.0	1.2077878158365139e-05	0.0	1.5762962909382965e-05	1.2077878158365139e-05	1.0	1.2077878158365139e-05	0.0
ti|626939|org|Phascolarctobacterium_succinatutens_YIT_12067|accession|NZ_GL830932.1	1.5762962909382965e-05	1.2077878158365139e-05	1.0	1.2077878158365139e-05	0.0	1.5762962895999462e-05	1.2077878158365139e-05	1.0	1.2077878158365139e-05	0.0
ti|626939|org|Phascolarctobacterium_succinatutens_YIT_12067|accession|NZ_GL830912.1	1.5762962909382965e-05	1.2077878158365139e-05	1.0	1.2077878158365139e-05	0.0	1.5762962909382965e-05	1.2077878158365139e-05	1.0	1.2077878158365139e-05	0.0
ti|626939|org|Phascolarctobacterium_succinatutens_YIT_12067|accession|NZ_GL830911.1	1.5762962909382965e-05	1.2077878158365139e-05	1.0	1.2077878158365139e-05	0.0	1.5762962909382965e-05	1.2077878158365139e-05	1.0	1.2077878158365139e-05	0.0
ti|626939|org|Phascolarctobacterium_succinatutens_YIT_12067|accession|NZ_GL830854.1	1.5762962909382965e-05	1.2077878158365139e-05	1.0	1.2077878158365139e-05	0.0	1.5762962909382965e-05	1.2077878158365139e-05	1.0	1.2077878158365139e-05	0.0
ti|626939|org|Phascolarctobacterium_succinatutens_YIT_12067|accession|NZ_GL830851.1	1.5762962909382965e-05	1.2077878158365139e-05	1.0	1.2077878158365139e-05	0.0	1.5762963032638812e-05	1.2077878158365139e-05	1.0	1.2077878158365139e-05	0.0
ti|626939|org|Phascolarctobacterium_succinatutens_YIT_12067|accession|NZ_GL830844.1	1.5762962909382965e-05	1.2077878158365139e-05	1.0	1.2077878158365139e-05	0.0	1.5762962909382965e-05	1.2077878158365139e-05	1.0	1.2077878158365139e-05	0.0
ti|626939|org|Phascolarctobacterium_succinatutens_YIT_12067|accession|NZ_GL830843.1	1.5762962909382965e-05	1.2077878158365139e-05	1.0	1.2077878158365139e-05	0.0	1.5762962909382965e-05	1.2077878158365139e-05	1.0	1.2077878158365139e-05	0.0
ti|622312|org|Roseburia_inulinivorans_DSM_16841|accession|NZ_ACFY01000171.1	1.5762962909382965e-05	1.2077878158365139e-05	1.0	1.2077878158365139e-05	0.0	1.5762962909382965e-05	1.2077878158365139e-05	1.0	1.2077878158365139e-05	0.0
ti|622312|org|Roseburia_inulinivorans_DSM_16841|accession|NZ_ACFY01000122.1	1.5762962909382965e-05	1.2077878158365139e-05	1.0	1.2077878158365139e-05	0.0	1.6275405963028865e-05	2.4155756316730277e-05	2.0	2.4155756316730277e-05	0.0
ti|622312|org|Roseburia_inulinivorans_DSM_16841|accession|NZ_ACFY01000114.1	1.5762962909382965e-05	1.2077878158365139e-05	1.0	1.2077878158365139e-05	0.0	1.5762962909382965e-05	1.2077878158365139e-05	1.0	1.2077878158365139e-05	0.0
ti|622312|org|Roseburia_inulinivorans_DSM_16841|accession|NZ_ACFY01000106.1	1.5762962909382965e-05	1.2077878158365139e-05	1.0	1.2077878158365139e-05	0.0	2.7554851669678263e-05	2.214277662366942e-05	1.8333333333333333	1.2077878158365139e-05	2.4155756316730277e-05
ti|622312|org|Roseburia_inulinivorans_DSM_16841|accession|NZ_ACFY01000101.1	1.5762962909382965e-05	1.2077878158365139e-05	1.0	1.2077878158365139e-05	0.0	1.5762962909382965e-05	1.2077878158365139e-05	1.0	1.2077878158365139e-05	0.0
ti|622312|org|Roseburia_inulinivorans_DSM_16841|accession|NZ_ACFY01000092.1	1.5762962909382965e-05	1.2077878158365139e-05	1.0	1.2077878158365139e-05	0.0	1.5762962909382965e-05	1.2077878158365139e-05	1.0	1.2077878158365139e-05	0.0
ti|622312|org|Roseburia_inulinivorans_DSM_16841|accession|NZ_ACFY01000048.1	1.5762962909382965e-05	2.4155756316730277e-05	2.0	2.4155756316730277e-05	0.0	0.00010569090665013085	8.132437959965859e-05	6.7333333333333325	1.2077878158365139e-05	0.00022947968500893764
ti|622312|org|Roseburia_inulinivorans_DSM_16841|accession|NZ_ACFY01000036.1	1.5762962909382965e-05	1.2077878158365139e-05	1.0	1.2077878158365139e-05	0.0	1.5762962909382965e-05	1.2077878158365139e-05	1.0	1.2077878158365139e-05	0.0
ti|622312|org|Roseburia_inulinivorans_DSM_16841|accession|NZ_ACFY01000035.1	1.5762962909382965e-05	1.2077878158365139e-05	1.0	1.2077878158365139e-05	0.0	1.5762962909382965e-05	1.2077878158365139e-05	1.0	1.2077878158365139e-05	0.0
ti|622312|org|Roseburia_inulinivorans_DSM_16841|accession|NZ_ACFY01000019.1	1.5762962909382965e-05	2.4155756316730277e-05	2.0	2.4155756316730277e-05	0.0	1.5762962909382965e-05	2.4155756316730277e-05	2.0	2.4155756316730277e-05	0.0
ti|622312|org|Roseburia_inulinivorans_DSM_16841|accession|NZ_ACFY01000017.1	1.5762962909382965e-05	1.2077878158365139e-05	1.0	1.2077878158365139e-05	0.0	1.5762962909382965e-05	1.2077878158365139e-05	1.0	1.2077878158365139e-05	0.0
ti|622312|org|Roseburia_inulinivorans_DSM_16841|accession|NZ_ACFY01000009.1	1.5762962909382965e-05	1.2077878158365139e-05	1.0	1.2077878158365139e-05	0.0	1.5762962909382965e-05	1.2077878158365139e-05	1.0	1.2077878158365139e-05	0.0
ti|622312|org|Roseburia_inulinivorans_DSM_16841|accession|NZ_ACFY01000007.1	1.5762962909382965e-05	1.2077878158365139e-05	1.0	1.2077878158365139e-05	0.0	1.576601303659252e-05	1.2077878158365139e-05	1.0	1.2077878158365139e-05	0.0
ti|622312|org|Roseburia_inulinivorans_DSM_16841|accession|NZ_ACFY01000005.1	1.5762962909382965e-05	1.2077878158365139e-05	1.0	1.2077878158365139e-05	0.0	1.5762962909382965e-05	1.2077878158365139e-05	1.0	1.2077878158365139e-05	0.0
ti|622312|org|Roseburia_inulinivorans_DSM_16841|accession|NZ_ACFY01000002.1	1.5762962909382965e-05	1.2077878158365139e-05	1.0	1.2077878158365139e-05	0.0	1.5762962909382965e-05	1.2077878158365139e-05	1.0	1.2077878158365139e-05	0.0
ti|566550|org|Hungatella_hathewayi_DSM_13479|accession|NZ_GG668054.1	1.5762962909382965e-05	1.2077878158365139e-05	1.0	1.2077878158365139e-05	0.0	1.6472214025303384e-05	2.4155756316730277e-05	2.0	2.4155756316730277e-05	0.0
ti|537011|org|Prevotella_copri_DSM_18205|accession|NZ_GG703875.1	1.5762962909382965e-05	1.2077878158365139e-05	1.0	1.2077878158365139e-05	0.0	3.865809424648497e-05	4.025959386121713e-05	3.3333333333333335	1.2077878158365139e-05	6.038939079182569e-05
ti|536231|org|Roseburia_intestinalis_L1-82|accession|NZ_GG692774.1	1.5762962909382965e-05	1.2077878158365139e-05	1.0	1.2077878158365139e-05	0.0	3.0782033087089794e-05	3.0194695395912846e-05	2.5	2.4155756316730277e-05	1.2077878158365139e-05
ti|536231|org|Roseburia_intestinalis_L1-82|accession|NZ_GG692773.1	1.5762962909382965e-05	1.2077878158365139e-05	1.0	1.2077878158365139e-05	0.0	1.5762962909382965e-05	1.2077878158365139e-05	1.0	1.2077878158365139e-05	0.0
ti|536231|org|Roseburia_intestinalis_L1-82|accession|NZ_GG692760.1	1.5762962909382965e-05	1.2077878158365139e-05	1.0	1.2077878158365139e-05	0.0	1.7381655386567064e-05	2.717522585632156e-05	2.25	1.2077878158365139e-05	2.4155756316730277e-05
ti|536231|org|Roseburia_intestinalis_L1-82|accession|NZ_GG692756.1	1.5762962909382965e-05	1.2077878158365139e-05	1.0	1.2077878158365139e-05	0.0	4.407559739480889e-05	3.5629740567177156e-05	2.9499999999999997	1.2077878158365139e-05	0.00010870090342528624
ti|536231|org|Roseburia_intestinalis_L1-82|accession|NZ_GG692749.1	1.5762962909382965e-05	1.2077878158365139e-05	1.0	1.2077878158365139e-05	0.0	4.0549357132202555e-05	3.1201185242443274e-05	2.5833333333333335	1.2077878158365139e-05	4.8311512633460555e-05
ti|511680|org|Butyrivibrio_crossotus_DSM_2876|accession|NZ_GG663516.1	1.5762962909382965e-05	1.2077878158365139e-05	1.0	1.2077878158365139e-05	0.0	1.5762962909382965e-05	1.2077878158365139e-05	1.0	1.2077878158365139e-05	0.0
ti|471875|org|Ruminococcus_lactaris_ATCC_29176|accession|NZ_DS990209.1	1.5762962909382965e-05	1.2077878158365139e-05	1.0	1.2077878158365139e-05	0.0	1.5762962909382965e-05	1.2077878158365139e-05	1.0	1.2077878158365139e-05	0.0
ti|471875|org|Ruminococcus_lactaris_ATCC_29176|accession|NZ_DS990208.1	1.5762962909382965e-05	1.2077878158365139e-05	1.0	1.2077878158365139e-05	0.0	1.5762962909382965e-05	1.2077878158365139e-05	1.0	1.2077878158365139e-05	0.0
ti|471875|org|Ruminococcus_lactaris_ATCC_29176|accession|NZ_DS990204.1	1.5762962909382965e-05	1.2077878158365139e-05	1.0	1.2077878158365139e-05	0.0	1.5763043039638684e-05	1.2077878158365139e-05	1.0	1.2077878158365139e-05	0.0
ti|471875|org|Ruminococcus_lactaris_ATCC_29176|accession|NZ_DS990180.1	1.5762962909382965e-05	1.2077878158365139e-05	1.0	1.2077878158365139e-05	0.0	1.5762962909382965e-05	1.2077878158365139e-05	1.0	1.2077878158365139e-05	0.0
ti|471875|org|Ruminococcus_lactaris_ATCC_29176|accession|NZ_DS990172.1	1.5762962909382965e-05	1.2077878158365139e-05	1.0	1.2077878158365139e-05	0.0	1.5762962909382965e-05	1.2077878158365139e-05	1.0	1.2077878158365139e-05	0.0
ti|471875|org|Ruminococcus_lactaris_ATCC_29176|accession|NZ_DS990171.1	1.5762962909382965e-05	1.2077878158365139e-05	1.0	1.2077878158365139e-05	0.0	2.0245864816804073e-05	1.2077878158365139e-05	1.0	1.2077878158365139e-05	0.0
ti|470145|org|Bacteroides_coprocola_DSM_17136|accession|NZ_DS981475.1	1.5762962909382965e-05	1.2077878158365139e-05	1.0	1.2077878158365139e-05	0.0	1.5767589383340208e-05	1.2077878158365139e-05	1.0	1.2077878158365139e-05	0.0
ti|451640|org|Catenibacterium_mitsuokai_DSM_15897|accession|NZ_ACCK01000475.1	1.5762962909382965e-05	1.2077878158365139e-05	1.0	1.2077878158365139e-05	0.0	1.5762962909382965e-05	1.2077878158365139e-05	1.0	1.2077878158365139e-05	0.0
ti|451640|org|Catenibacterium_mitsuokai_DSM_15897|accession|NZ_ACCK01000467.1	1.5762962909382965e-05	1.2077878158365139e-05	1.0	1.2077878158365139e-05	0.0	1.5762962909382965e-05	1.2077878158365139e-05	1.0	1.2077878158365139e-05	0.0
ti|451640|org|Catenibacterium_mitsuokai_DSM_15897|accession|NZ_ACCK01000446.1	1.5762962909382965e-05	2.4155756316730277e-05	2.0	2.4155756316730277e-05	0.0	1.5762962909382965e-05	2.4155756316730277e-05	2.0	2.4155756316730277e-05	0.0
ti|451640|org|Catenibacterium_mitsuokai_DSM_15897|accession|NZ_ACCK01000445.1	1.5762962909382965e-05	1.2077878158365139e-05	1.0	1.2077878158365139e-05	0.0	1.5762962909382965e-05	1.2077878158365139e-05	1.0	1.2077878158365139e-05	0.0
ti|451640|org|Catenibacterium_mitsuokai_DSM_15897|accession|NZ_ACCK01000433.1	1.5762962909382965e-05	1.2077878158365139e-05	1.0	1.2077878158365139e-05	0.0	1.5762962909382965e-05	1.2077878158365139e-05	1.0	1.2077878158365139e-05	0.0
ti|451640|org|Catenibacterium_mitsuokai_DSM_15897|accession|NZ_ACCK01000427.1	1.5762962909382965e-05	1.2077878158365139e-05	1.0	1.2077878158365139e-05	0.0	1.5762962909382965e-05	1.2077878158365139e-05	1.0	1.2077878158365139e-05	0.0
ti|451640|org|Catenibacterium_mitsuokai_DSM_15897|accession|NZ_ACCK01000425.1	1.5762962909382965e-05	1.2077878158365139e-05	1.0	1.2077878158365139e-05	0.0	1.5762962909382965e-05	1.2077878158365139e-05	1.0	1.2077878158365139e-05	0.0
ti|451640|org|Catenibacterium_mitsuokai_DSM_15897|accession|NZ_ACCK01000424.1	1.5762962909382965e-05	1.2077878158365139e-05	1.0	1.2077878158365139e-05	0.0	1.5762962909382965e-05	1.2077878158365139e-05	1.0	1.2077878158365139e-05	0.0
ti|451640|org|Catenibacterium_mitsuokai_DSM_15897|accession|NZ_ACCK01000423.1	1.5762962909382965e-05	1.2077878158365139e-05	1.0	1.2077878158365139e-05	0.0	1.5762962909382965e-05	1.2077878158365139e-05	1.0	1.2077878158365139e-05	0.0
ti|451640|org|Catenibacterium_mitsuokai_DSM_15897|accession|NZ_ACCK01000419.1	1.5762962909382965e-05	1.2077878158365139e-05	1.0	1.2077878158365139e-05	0.0	1.5762962909382965e-05	1.2077878158365139e-05	1.0	1.2077878158365139e-05	0.0
ti|451640|org|Catenibacterium_mitsuokai_DSM_15897|accession|NZ_ACCK01000415.1	1.5762962909382965e-05	1.2077878158365139e-05	1.0	1.2077878158365139e-05	0.0	1.576296291055508e-05	1.2077878158365139e-05	1.0	1.2077878158365139e-05	0.0
ti|451640|org|Catenibacterium_mitsuokai_DSM_15897|accession|NZ_ACCK01000398.1	1.5762962909382965e-05	1.2077878158365139e-05	1.0	1.2077878158365139e-05	0.0	1.5762962909382965e-05	1.2077878158365139e-05	1.0	1.2077878158365139e-05	0.0
ti|451640|org|Catenibacterium_mitsuokai_DSM_15897|accession|NZ_ACCK01000068.1	1.5762962909382965e-05	1.2077878158365139e-05	1.0	1.2077878158365139e-05	0.0	1.5762962909382965e-05	1.2077878158365139e-05	1.0	1.2077878158365139e-05	0.0
ti|451640|org|Catenibacterium_mitsuokai_DSM_15897|accession|NZ_ACCK01000062.1	1.5762962909382965e-05	1.2077878158365139e-05	1.0	1.2077878158365139e-05	0.0	1.5762962909382965e-05	1.2077878158365139e-05	1.0	1.2077878158365139e-05	0.0
ti|451640|org|Catenibacterium_mitsuokai_DSM_15897|accession|NZ_ACCK01000061.1	1.5762962909382965e-05	1.2077878158365139e-05	1.0	1.2077878158365139e-05	0.0	1.5762962909382965e-05	1.2077878158365139e-05	1.0	1.2077878158365139e-05	0.0
ti|451640|org|Catenibacterium_mitsuokai_DSM_15897|accession|NZ_ACCK01000051.1	1.5762962909382965e-05	1.2077878158365139e-05	1.0	1.2077878158365139e-05	0.0	1.5762962909382965e-05	1.2077878158365139e-05	1.0	1.2077878158365139e-05	0.0
ti|451640|org|Catenibacterium_mitsuokai_DSM_15897|accession|NZ_ACCK01000045.1	1.5762962909382965e-05	1.2077878158365139e-05	1.0	1.2077878158365139e-05	0.0	1.5762962909382965e-05	1.2077878158365139e-05	1.0	1.2077878158365139e-05	0.0
ti|451640|org|Catenibacterium_mitsuokai_DSM_15897|accession|NZ_ACCK01000044.1	1.5762962909382965e-05	1.2077878158365139e-05	1.0	1.2077878158365139e-05	0.0	1.5762962909382965e-05	1.2077878158365139e-05	1.0	1.2077878158365139e-05	0.0
ti|451640|org|Catenibacterium_mitsuokai_DSM_15897|accession|NZ_ACCK01000032.1	1.5762962909382965e-05	1.2077878158365139e-05	1.0	1.2077878158365139e-05	0.0	1.5762962909382965e-05	1.2077878158365139e-05	1.0	1.2077878158365139e-05	0.0
ti|451640|org|Catenibacterium_mitsuokai_DSM_15897|accession|NZ_ACCK01000019.1	1.5762962909382965e-05	1.2077878158365139e-05	1.0	1.2077878158365139e-05	0.0	1.5762962909382965e-05	1.2077878158365139e-05	1.0	1.2077878158365139e-05	0.0
ti|451640|org|Catenibacterium_mitsuokai_DSM_15897|accession|NZ_ACCK01000014.1	1.5762962909382965e-05	1.2077878158365139e-05	1.0	1.2077878158365139e-05	0.0	1.5762962909382965e-05	1.2077878158365139e-05	1.0	1.2077878158365139e-05	0.0
ti|451640|org|Catenibacterium_mitsuokai_DSM_15897|accession|NZ_ACCK01000013.1	1.5762962909382965e-05	1.2077878158365139e-05	1.0	1.2077878158365139e-05	0.0	1.5762962909382965e-05	1.2077878158365139e-05	1.0	1.2077878158365139e-05	0.0
ti|451640|org|Catenibacterium_mitsuokai_DSM_15897|accession|NZ_ACCK01000003.1	1.5762962909382965e-05	1.2077878158365139e-05	1.0	1.2077878158365139e-05	0.0	1.5762962909382965e-05	1.2077878158365139e-05	1.0	1.2077878158365139e-05	0.0
ti|451640|org|Catenibacterium_mitsuokai_DSM_15897|accession|NZ_ACCK01000001.1	1.5762962909382965e-05	1.2077878158365139e-05	1.0	1.2077878158365139e-05	0.0	1.5762962909382965e-05	1.2077878158365139e-05	1.0	1.2077878158365139e-05	0.0
ti|445973|org|Intestinibacter_bartlettii_DSM_16795|accession|NZ_DS499561.1	1.5762962909382965e-05	1.2077878158365139e-05	1.0	1.2077878158365139e-05	0.0	1.576296291942912e-05	1.2077878158365139e-05	1.0	1.2077878158365139e-05	0.0
ti|445970|org|Alistipes_putredinis_DSM_17216|accession|NZ_DS499576.1	1.5762962909382965e-05	1.2077878158365139e-05	1.0	1.2077878158365139e-05	0.0	4.72888887281489e-05	3.623363447509542e-05	3.0	6.038939079182569e-05	0.0
ti|445970|org|Alistipes_putredinis_DSM_17216|accession|NZ_DS499575.1	1.5762962909382965e-05	1.2077878158365139e-05	1.0	1.2077878158365139e-05	0.0	2.8898765333868773e-05	2.214277662366942e-05	1.8333333333333333	2.4155756316730277e-05	1.2077878158365139e-05
ti|445970|org|Alistipes_putredinis_DSM_17216|accession|NZ_DS499570.1	1.5762962909382965e-05	1.2077878158365139e-05	1.0	1.2077878158365139e-05	0.0	1.5762962909382965e-05	1.2077878158365139e-05	1.0	1.2077878158365139e-05	0.0
ti|432201|org|Escherichia_phage_HK544|accession|NC_019767.1	1.5762962909382965e-05	1.2077878158365139e-05	1.0	1.2077878158365139e-05	0.0	1.5763146082412424e-05	1.2077878158365139e-05	1.0	1.2077878158365139e-05	0.0
ti|411903|org|Collinsella_aerofaciens_ATCC_25986|accession|NZ_AAVN02000019.1	1.5762962909382965e-05	1.2077878158365139e-05	1.0	1.2077878158365139e-05	0.0	2.989747964290866e-05	2.4155756316730277e-05	2.0	2.4155756316730277e-05	0.0
ti|411474|org|Coprococcus_eutactus_ATCC_27759|accession|NZ_DS483531.1	1.5762962909382965e-05	1.2077878158365139e-05	1.0	1.2077878158365139e-05	0.0	1.5762962920067524e-05	1.2077878158365139e-05	1.0	1.2077878158365139e-05	0.0
ti|411474|org|Coprococcus_eutactus_ATCC_27759|accession|NZ_DS483530.1	1.5762962909382965e-05	1.2077878158365139e-05	1.0	1.2077878158365139e-05	0.0	1.5762962909382965e-05	1.2077878158365139e-05	1.0	1.2077878158365139e-05	0.0
ti|411469|org|Anaerobutyricum_hallii_DSM_3353|accession|NZ_ACEP01000170.1	1.5762962909382965e-05	1.2077878158365139e-05	1.0	1.2077878158365139e-05	0.0	1.5762962909382965e-05	1.2077878158365139e-05	1.0	1.2077878158365139e-05	0.0
ti|411469|org|Anaerobutyricum_hallii_DSM_3353|accession|NZ_ACEP01000156.1	1.5762962909382965e-05	1.2077878158365139e-05	1.0	1.2077878158365139e-05	0.0	1.5762962909382965e-05	1.2077878158365139e-05	1.0	1.2077878158365139e-05	0.0
ti|411469|org|Anaerobutyricum_hallii_DSM_3353|accession|NZ_ACEP01000153.1	1.5762962909382965e-05	1.2077878158365139e-05	1.0	1.2077878158365139e-05	0.0	1.5762962909382965e-05	1.2077878158365139e-05	1.0	1.2077878158365139e-05	0.0
ti|411469|org|Anaerobutyricum_hallii_DSM_3353|accession|NZ_ACEP01000150.1	1.5762962909382965e-05	1.2077878158365139e-05	1.0	1.2077878158365139e-05	0.0	1.568722576783392e-05	1.2077878158365139e-05	1.0	1.2077878158365139e-05	0.0
ti|411469|org|Anaerobutyricum_hallii_DSM_3353|accession|NZ_ACEP01000142.1	1.5762962909382965e-05	1.2077878158365139e-05	1.0	1.2077878158365139e-05	0.0	1.5762962909416074e-05	1.2077878158365139e-05	1.0	1.2077878158365139e-05	0.0
ti|411469|org|Anaerobutyricum_hallii_DSM_3353|accession|NZ_ACEP01000140.1	1.5762962909382965e-05	1.2077878158365139e-05	1.0	1.2077878158365139e-05	0.0	1.5763012634113073e-05	1.2077878158365139e-05	1.0	1.2077878158365139e-05	0.0
ti|411469|org|Anaerobutyricum_hallii_DSM_3353|accession|NZ_ACEP01000136.1	1.5762962909382965e-05	1.2077878158365139e-05	1.0	1.2077878158365139e-05	0.0	1.5762962909382965e-05	1.2077878158365139e-05	1.0	1.2077878158365139e-05	0.0
ti|411469|org|Anaerobutyricum_hallii_DSM_3353|accession|NZ_ACEP01000134.1	1.5762962909382965e-05	1.2077878158365139e-05	1.0	1.2077878158365139e-05	0.0	1.5762962909382965e-05	1.2077878158365139e-05	1.0	1.2077878158365139e-05	0.0
ti|411469|org|Anaerobutyricum_hallii_DSM_3353|accession|NZ_ACEP01000128.1	1.5762962909382965e-05	1.2077878158365139e-05	1.0	1.2077878158365139e-05	0.0	1.5762962909382965e-05	1.2077878158365139e-05	1.0	1.2077878158365139e-05	0.0
ti|411469|org|Anaerobutyricum_hallii_DSM_3353|accession|NZ_ACEP01000124.1	1.5762962909382965e-05	1.2077878158365139e-05	1.0	1.2077878158365139e-05	0.0	1.5762962909382965e-05	1.2077878158365139e-05	1.0	1.2077878158365139e-05	0.0
ti|411469|org|Anaerobutyricum_hallii_DSM_3353|accession|NZ_ACEP01000118.1	1.5762962909382965e-05	1.2077878158365139e-05	1.0	1.2077878158365139e-05	0.0	1.5762962909382965e-05	1.2077878158365139e-05	1.0	1.2077878158365139e-05	0.0
ti|411469|org|Anaerobutyricum_hallii_DSM_3353|accession|NZ_ACEP01000117.1	1.5762962909382965e-05	1.2077878158365139e-05	1.0	1.2077878158365139e-05	0.0	1.5762962909382965e-05	1.2077878158365139e-05	1.0	1.2077878158365139e-05	0.0
ti|411469|org|Anaerobutyricum_hallii_DSM_3353|accession|NZ_ACEP01000114.1	1.5762962909382965e-05	2.4155756316730277e-05	2.0	2.4155756316730277e-05	0.0	1.5762962909382965e-05	2.4155756316730277e-05	2.0	2.4155756316730277e-05	0.0
ti|411469|org|Anaerobutyricum_hallii_DSM_3353|accession|NZ_ACEP01000103.1	1.5762962909382965e-05	1.2077878158365139e-05	1.0	1.2077878158365139e-05	0.0	1.5762962909382965e-05	1.2077878158365139e-05	1.0	1.2077878158365139e-05	0.0
ti|411469|org|Anaerobutyricum_hallii_DSM_3353|accession|NZ_ACEP01000092.1	1.5762962909382965e-05	1.2077878158365139e-05	1.0	1.2077878158365139e-05	0.0	1.576296297265674e-05	1.2077878158365139e-05	1.0	1.2077878158365139e-05	0.0
ti|411469|org|Anaerobutyricum_hallii_DSM_3353|accession|NZ_ACEP01000071.1	1.5762962909382965e-05	1.2077878158365139e-05	1.0	1.2077878158365139e-05	0.0	1.5762962909382965e-05	1.2077878158365139e-05	1.0	1.2077878158365139e-05	0.0
ti|411469|org|Anaerobutyricum_hallii_DSM_3353|accession|NZ_ACEP01000062.1	1.5762962909382965e-05	1.2077878158365139e-05	1.0	1.2077878158365139e-05	0.0	1.5762963010551676e-05	1.2077878158365139e-05	1.0	1.2077878158365139e-05	0.0
ti|411469|org|Anaerobutyricum_hallii_DSM_3353|accession|NZ_ACEP01000059.1	1.5762962909382965e-05	1.2077878158365139e-05	1.0	1.2077878158365139e-05	0.0	1.5762962909382965e-05	1.2077878158365139e-05	1.0	1.2077878158365139e-05	0.0
ti|411469|org|Anaerobutyricum_hallii_DSM_3353|accession|NZ_ACEP01000003.1	1.5762962909382965e-05	1.2077878158365139e-05	1.0	1.2077878158365139e-05	0.0	1.5762962909382965e-05	1.2077878158365139e-05	1.0	1.2077878158365139e-05	0.0
ti|411469|org|Anaerobutyricum_hallii_DSM_3353|accession|NZ_ACEP01000001.1	1.5762962909382965e-05	1.2077878158365139e-05	1.0	1.2077878158365139e-05	0.0	1.5762962909382965e-05	1.2077878158365139e-05	1.0	1.2077878158365139e-05	0.0
ti|411462|org|Dorea_longicatena_DSM_13814|accession|NZ_DS264412.1	1.5762962909382965e-05	1.2077878158365139e-05	1.0	1.2077878158365139e-05	0.0	1.5762962909382965e-05	1.2077878158365139e-05	1.0	1.2077878158365139e-05	0.0
ti|411461|org|Dorea_formicigenerans_ATCC_27755|accession|NZ_AAXA02000002.1	1.5762962909382965e-05	1.2077878158365139e-05	1.0	1.2077878158365139e-05	0.0	1.5762962909382965e-05	1.2077878158365139e-05	1.0	1.2077878158365139e-05	0.0
ti|411459|org|Blautia_obeum_ATCC_29174|accession|NZ_DS264329.1	1.5762962909382965e-05	1.2077878158365139e-05	1.0	1.2077878158365139e-05	0.0	1.5762962909382965e-05	1.2077878158365139e-05	1.0	1.2077878158365139e-05	0.0
ti|40520|org|Blautia_obeum|accession|NZ_CYZA01000041.1	1.5762962909382965e-05	1.2077878158365139e-05	1.0	1.2077878158365139e-05	0.0	1.5762962909382965e-05	1.2077878158365139e-05	1.0	1.2077878158365139e-05	0.0
ti|334735|org|Sporosarcina_koreensis|accession|NZ_LQYA01000224.1	1.5762962909382965e-05	1.2077878158365139e-05	1.0	1.2077878158365139e-05	0.0	1.5762962883367097e-05	1.2077878158365139e-05	1.0	1.2077878158365139e-05	0.0
ti|266264|org|Cupriavidus_metallidurans_CH34|accession|NC_007972.2	1.5762962909382965e-05	2.4155756316730277e-05	2.0	2.4155756316730277e-05	0.0	2.407434209016835e-05	3.0194695395912846e-05	2.5	2.4155756316730277e-05	2.4155756316730277e-05
ti|1907654|org|Collinsella_bouchesdurhonensis|accession|NZ_LT699730.1	1.5762962909382965e-05	1.2077878158365139e-05	1.0	1.2077878158365139e-05	0.0	1.5762962909382965e-05	1.2077878158365139e-05	1.0	1.2077878158365139e-05	0.0
ti|1550024|org|Ruthenibacterium_lactatiformans|accession|NZ_JXXK01000076.1	1.5762962909382965e-05	1.2077878158365139e-05	1.0	1.2077878158365139e-05	0.0	1.5762962909382965e-05	1.2077878158365139e-05	1.0	1.2077878158365139e-05	0.0
ti|1550024|org|Ruthenibacterium_lactatiformans|accession|NZ_JXXK01000075.1	1.5762962909382965e-05	1.2077878158365139e-05	1.0	1.2077878158365139e-05	0.0	1.5762962909382965e-05	1.2077878158365139e-05	1.0	1.2077878158365139e-05	0.0
ti|1550024|org|Ruthenibacterium_lactatiformans|accession|NZ_JXXK01000074.1	1.5762962909382965e-05	1.2077878158365139e-05	1.0	1.2077878158365139e-05	0.0	1.5762962909382965e-05	1.2077878158365139e-05	1.0	1.2077878158365139e-05	0.0
ti|1550024|org|Ruthenibacterium_lactatiformans|accession|NZ_JXXK01000073.1	1.5762962909382965e-05	1.2077878158365139e-05	1.0	1.2077878158365139e-05	0.0	1.5762962909382965e-05	1.2077878158365139e-05	1.0	1.2077878158365139e-05	0.0
ti|1550024|org|Ruthenibacterium_lactatiformans|accession|NZ_JXXK01000072.1	1.5762962909382965e-05	1.2077878158365139e-05	1.0	1.2077878158365139e-05	0.0	1.5762962909382965e-05	1.2077878158365139e-05	1.0	1.2077878158365139e-05	0.0
ti|1550024|org|Ruthenibacterium_lactatiformans|accession|NZ_JXXK01000071.1	1.5762962909382965e-05	1.2077878158365139e-05	1.0	1.2077878158365139e-05	0.0	1.5762962909382965e-05	1.2077878158365139e-05	1.0	1.2077878158365139e-05	0.0
ti|1550024|org|Ruthenibacterium_lactatiformans|accession|NZ_JXXK01000070.1	1.5762962909382965e-05	1.2077878158365139e-05	1.0	1.2077878158365139e-05	0.0	1.6200734669189573e-05	1.2077878158365139e-05	1.0	1.2077878158365139e-05	0.0
ti|1550024|org|Ruthenibacterium_lactatiformans|accession|NZ_JXXK01000068.1	1.5762962909382965e-05	1.2077878158365139e-05	1.0	1.2077878158365139e-05	0.0	1.5325191149576358e-05	1.2077878158365139e-05	1.0	1.2077878158365139e-05	0.0
ti|1550024|org|Ruthenibacterium_lactatiformans|accession|NZ_JXXK01000067.1	1.5762962909382965e-05	1.2077878158365139e-05	1.0	1.2077878158365139e-05	0.0	1.5762962909382965e-05	1.2077878158365139e-05	1.0	1.2077878158365139e-05	0.0
ti|1550024|org|Ruthenibacterium_lactatiformans|accession|NZ_JXXK01000066.1	1.5762962909382965e-05	1.2077878158365139e-05	1.0	1.2077878158365139e-05	0.0	1.57629628106874e-05	1.2077878158365139e-05	1.0	1.2077878158365139e-05	0.0
ti|1550024|org|Ruthenibacterium_lactatiformans|accession|NZ_JXXK01000065.1	1.5762962909382965e-05	1.2077878158365139e-05	1.0	1.2077878158365139e-05	0.0	1.5762962909382965e-05	1.2077878158365139e-05	1.0	1.2077878158365139e-05	0.0
ti|1550024|org|Ruthenibacterium_lactatiformans|accession|NZ_JXXK01000064.1	1.5762962909382965e-05	1.2077878158365139e-05	1.0	1.2077878158365139e-05	0.0	1.5762962909382965e-05	1.2077878158365139e-05	1.0	1.2077878158365139e-05	0.0
ti|1550024|org|Ruthenibacterium_lactatiformans|accession|NZ_JXXK01000063.1	1.5762962909382965e-05	1.2077878158365139e-05	1.0	1.2077878158365139e-05	0.0	1.5762962909382965e-05	1.2077878158365139e-05	1.0	1.2077878158365139e-05	0.0
ti|1550024|org|Ruthenibacterium_lactatiformans|accession|NZ_JXXK01000062.1	1.5762962909382965e-05	1.2077878158365139e-05	1.0	1.2077878158365139e-05	0.0	1.5762962909382965e-05	1.2077878158365139e-05	1.0	1.2077878158365139e-05	0.0
ti|1550024|org|Ruthenibacterium_lactatiformans|accession|NZ_JXXK01000061.1	1.5762962909382965e-05	1.2077878158365139e-05	1.0	1.2077878158365139e-05	0.0	1.5762962909382965e-05	1.2077878158365139e-05	1.0	1.2077878158365139e-05	0.0
ti|1550024|org|Ruthenibacterium_lactatiformans|accession|NZ_JXXK01000060.1	1.5762962909382965e-05	1.2077878158365139e-05	1.0	1.2077878158365139e-05	0.0	1.5762962909382965e-05	1.2077878158365139e-05	1.0	1.2077878158365139e-05	0.0
ti|1550024|org|Ruthenibacterium_lactatiformans|accession|NZ_JXXK01000059.1	1.5762962909382965e-05	1.2077878158365139e-05	1.0	1.2077878158365139e-05	0.0	1.5762962909382965e-05	1.2077878158365139e-05	1.0	1.2077878158365139e-05	0.0
ti|1550024|org|Ruthenibacterium_lactatiformans|accession|NZ_JXXK01000058.1	1.5762962909382965e-05	1.2077878158365139e-05	1.0	1.2077878158365139e-05	0.0	1.5762963008078533e-05	1.2077878158365139e-05	1.0	1.2077878158365139e-05	0.0
ti|1501392|org|Coprobacter_secundus|accession|NZ_JTDA01000005.1	1.5762962909382965e-05	1.2077878158365139e-05	1.0	1.2077878158365139e-05	0.0	3.1400419657437135e-05	2.4155756316730277e-05	2.0	2.4155756316730277e-05	0.0
ti|1501391|org|Alistipes_inops|accession|NZ_JRGF01000037.1	1.5762962909382965e-05	1.2077878158365139e-05	1.0	1.2077878158365139e-05	0.0	1.5762962909382965e-05	1.2077878158365139e-05	1.0	1.2077878158365139e-05	0.0
ti|1501391|org|Alistipes_inops|accession|NZ_JRGF01000036.1	1.5762962909382965e-05	1.2077878158365139e-05	1.0	1.2077878158365139e-05	0.0	1.5762962909382965e-05	1.2077878158365139e-05	1.0	1.2077878158365139e-05	0.0
ti|1501391|org|Alistipes_inops|accession|NZ_JRGF01000035.1	1.5762962909382965e-05	1.2077878158365139e-05	1.0	1.2077878158365139e-05	0.0	1.5762962755455046e-05	1.2077878158365139e-05	1.0	1.2077878158365139e-05	0.0
ti|1501391|org|Alistipes_inops|accession|NZ_JRGF01000033.1	1.5762962909382965e-05	1.2077878158365139e-05	1.0	1.2077878158365139e-05	0.0	1.5762962909382965e-05	1.2077878158365139e-05	1.0	1.2077878158365139e-05	0.0
ti|1501391|org|Alistipes_inops|accession|NZ_JRGF01000032.1	1.5762962909382965e-05	1.2077878158365139e-05	1.0	1.2077878158365139e-05	0.0	1.5762962909382965e-05	1.2077878158365139e-05	1.0	1.2077878158365139e-05	0.0
ti|1501391|org|Alistipes_inops|accession|NZ_JRGF01000031.1	1.5762962909382965e-05	1.2077878158365139e-05	1.0	1.2077878158365139e-05	0.0	1.5762962909382965e-05	1.2077878158365139e-05	1.0	1.2077878158365139e-05	0.0
ti|1501391|org|Alistipes_inops|accession|NZ_JRGF01000030.1	1.5762962909382965e-05	1.2077878158365139e-05	1.0	1.2077878158365139e-05	0.0	1.5762962909382965e-05	1.2077878158365139e-05	1.0	1.2077878158365139e-05	0.0
ti|1501391|org|Alistipes_inops|accession|NZ_JRGF01000029.1	1.5762962909382965e-05	1.2077878158365139e-05	1.0	1.2077878158365139e-05	0.0	1.5762962909382965e-05	1.2077878158365139e-05	1.0	1.2077878158365139e-05	0.0
ti|1501391|org|Alistipes_inops|accession|NZ_JRGF01000028.1	1.5762962909382965e-05	1.2077878158365139e-05	1.0	1.2077878158365139e-05	0.0	1.5762962909382965e-05	1.2077878158365139e-05	1.0	1.2077878158365139e-05	0.0
ti|1501391|org|Alistipes_inops|accession|NZ_JRGF01000027.1	1.5762962909382965e-05	1.2077878158365139e-05	1.0	1.2077878158365139e-05	0.0	1.5762962909382965e-05	1.2077878158365139e-05	1.0	1.2077878158365139e-05	0.0
ti|1501391|org|Alistipes_inops|accession|NZ_JRGF01000026.1	1.5762962909382965e-05	1.2077878158365139e-05	1.0	1.2077878158365139e-05	0.0	1.5762962909382965e-05	1.2077878158365139e-05	1.0	1.2077878158365139e-05	0.0
ti|1501391|org|Alistipes_inops|accession|NZ_JRGF01000025.1	1.5762962909382965e-05	1.2077878158365139e-05	1.0	1.2077878158365139e-05	0.0	1.5762962909382965e-05	1.2077878158365139e-05	1.0	1.2077878158365139e-05	0.0
ti|1291051|org|[Clostridium]_glycyrrhizinilyticum_JCM_13369|accession|NZ_BBAB01000016.1	1.5762962909382965e-05	1.2077878158365139e-05	1.0	1.2077878158365139e-05	0.0	4.454923636578142e-05	5.6162133436397886e-05	4.6499999999999995	3.623363447509542e-05	7.246726895019084e-05
ti|1256908|org|Eubacterium_ramulus_ATCC_29099|accession|NZ_KI271176.1	1.5762962909382965e-05	1.2077878158365139e-05	1.0	1.2077878158365139e-05	0.0	1.5762962909382965e-05	1.2077878158365139e-05	1.0	1.2077878158365139e-05	0.0
ti|1256908|org|Eubacterium_ramulus_ATCC_29099|accession|NZ_KI271149.1	1.5762962909382965e-05	1.2077878158365139e-05	1.0	1.2077878158365139e-05	0.0	3.755298990688275e-05	3.0194695395912846e-05	2.5	1.2077878158365139e-05	3.623363447509542e-05
ti|1256908|org|Eubacterium_ramulus_ATCC_29099|accession|NZ_KI271146.1	1.5762962909382965e-05	1.2077878158365139e-05	1.0	1.2077878158365139e-05	0.0	1.5762962909382965e-05	1.2077878158365139e-05	1.0	1.2077878158365139e-05	0.0
ti|1256908|org|Eubacterium_ramulus_ATCC_29099|accession|NZ_KI271118.1	1.5762962909382965e-05	1.2077878158365139e-05	1.0	1.2077878158365139e-05	0.0	1.6568104815553275e-05	1.2077878158365139e-05	1.0	1.2077878158365139e-05	0.0
ti|1256908|org|Eubacterium_ramulus_ATCC_29099|accession|NZ_KI271093.1	1.5762962909382965e-05	1.2077878158365139e-05	1.0	1.2077878158365139e-05	0.0	1.5762962909382965e-05	1.2077878158365139e-05	1.0	1.2077878158365139e-05	0.0
ti|1242245|org|Acinetobacter_johnsonii_XBB1|accession|NZ_CP010351.1	1.5762962909382965e-05	1.2077878158365139e-05	1.0	1.2077878158365139e-05	0.0	1.661912860186261e-05	1.2748871389385425e-05	1.0555555555555556	1.2077878158365139e-05	1.2077878158365139e-05
ti|1235811|org|Prevotella_disiens_JCM_6334_=_ATCC_29426|accession|NZ_BAIS01000122.1	1.5762962909382965e-05	1.2077878158365139e-05	1.0	1.2077878158365139e-05	0.0	1.5762962909341617e-05	1.2077878158365139e-05	1.0	1.2077878158365139e-05	0.0
ti|1235811|org|Prevotella_disiens_JCM_6334_=_ATCC_29426|accession|NZ_BAIS01000103.1	1.5762962909382965e-05	1.2077878158365139e-05	1.0	1.2077878158365139e-05	0.0	1.5762962909382965e-05	1.2077878158365139e-05	1.0	1.2077878158365139e-05	0.0
ti|1235811|org|Prevotella_disiens_JCM_6334_=_ATCC_29426|accession|NZ_BAIS01000081.1	1.5762962909382965e-05	1.2077878158365139e-05	1.0	1.2077878158365139e-05	0.0	1.5762962909382965e-05	1.2077878158365139e-05	1.0	1.2077878158365139e-05	0.0
ti|1235811|org|Prevotella_disiens_JCM_6334_=_ATCC_29426|accession|NZ_BAIS01000076.1	1.5762962909382965e-05	1.2077878158365139e-05	1.0	1.2077878158365139e-05	0.0	1.5762962909382965e-05	1.2077878158365139e-05	1.0	1.2077878158365139e-05	0.0
ti|1235811|org|Prevotella_disiens_JCM_6334_=_ATCC_29426|accession|NZ_BAIS01000075.1	1.5762962909382965e-05	1.2077878158365139e-05	1.0	1.2077878158365139e-05	0.0	1.5762962909382965e-05	1.2077878158365139e-05	1.0	1.2077878158365139e-05	0.0
ti|1235811|org|Prevotella_disiens_JCM_6334_=_ATCC_29426|accession|NZ_BAIS01000064.1	1.5762962909382965e-05	1.2077878158365139e-05	1.0	1.2077878158365139e-05	0.0	1.5762962909382965e-05	1.2077878158365139e-05	1.0	1.2077878158365139e-05	0.0
ti|1235811|org|Prevotella_disiens_JCM_6334_=_ATCC_29426|accession|NZ_BAIS01000053.1	1.5762962909382965e-05	1.2077878158365139e-05	1.0	1.2077878158365139e-05	0.0	1.5750111010397445e-05	1.2077878158365139e-05	1.0	1.2077878158365139e-05	0.0
ti|1235811|org|Prevotella_disiens_JCM_6334_=_ATCC_29426|accession|NZ_BAIS01000052.1	1.5762962909382965e-05	1.2077878158365139e-05	1.0	1.2077878158365139e-05	0.0	1.5762962909382965e-05	1.2077878158365139e-05	1.0	1.2077878158365139e-05	0.0
ti|1235811|org|Prevotella_disiens_JCM_6334_=_ATCC_29426|accession|NZ_BAIS01000051.1	1.5762962909382965e-05	1.2077878158365139e-05	1.0	1.2077878158365139e-05	0.0	1.5762962909382965e-05	1.2077878158365139e-05	1.0	1.2077878158365139e-05	0.0
ti|1235811|org|Prevotella_disiens_JCM_6334_=_ATCC_29426|accession|NZ_BAIS01000045.1	1.5762962909382965e-05	1.2077878158365139e-05	1.0	1.2077878158365139e-05	0.0	1.5762952413839468e-05	1.2077878158365139e-05	1.0	1.2077878158365139e-05	0.0
ti|1235811|org|Prevotella_disiens_JCM_6334_=_ATCC_29426|accession|NZ_BAIS01000041.1	1.5762962909382965e-05	1.2077878158365139e-05	1.0	1.2077878158365139e-05	0.0	1.5762962909382965e-05	1.2077878158365139e-05	1.0	1.2077878158365139e-05	0.0
ti|1235811|org|Prevotella_disiens_JCM_6334_=_ATCC_29426|accession|NZ_BAIS01000038.1	1.5762962909382965e-05	1.2077878158365139e-05	1.0	1.2077878158365139e-05	0.0	1.57629885907331e-05	1.2077878158365139e-05	1.0	1.2077878158365139e-05	0.0
ti|1235811|org|Prevotella_disiens_JCM_6334_=_ATCC_29426|accession|NZ_BAIS01000035.1	1.5762962909382965e-05	1.2077878158365139e-05	1.0	1.2077878158365139e-05	0.0	1.5762962909382965e-05	1.2077878158365139e-05	1.0	1.2077878158365139e-05	0.0
ti|1235811|org|Prevotella_disiens_JCM_6334_=_ATCC_29426|accession|NZ_BAIS01000028.1	1.5762962909382965e-05	1.2077878158365139e-05	1.0	1.2077878158365139e-05	0.0	1.5762962909382965e-05	1.2077878158365139e-05	1.0	1.2077878158365139e-05	0.0
ti|1235811|org|Prevotella_disiens_JCM_6334_=_ATCC_29426|accession|NZ_BAIS01000017.1	1.5762962909382965e-05	1.2077878158365139e-05	1.0	1.2077878158365139e-05	0.0	1.5762962909382965e-05	1.2077878158365139e-05	1.0	1.2077878158365139e-05	0.0
ti|1235811|org|Prevotella_disiens_JCM_6334_=_ATCC_29426|accession|NZ_BAIS01000015.1	1.5762962909382965e-05	1.2077878158365139e-05	1.0	1.2077878158365139e-05	0.0	1.576952712248733e-05	1.2077878158365139e-05	1.0	1.2077878158365139e-05	0.0
ti|1235811|org|Prevotella_disiens_JCM_6334_=_ATCC_29426|accession|NZ_BAIS01000013.1	1.5762962909382965e-05	1.2077878158365139e-05	1.0	1.2077878158365139e-05	0.0	1.5762967224158563e-05	1.2077878158365139e-05	1.0	1.2077878158365139e-05	0.0
ti|1218112|org|Kluyvera_cryocrescens_NBRC_102467|accession|NZ_BCTM01000035.1	1.5762962909382965e-05	2.4155756316730277e-05	2.0	2.4155756316730277e-05	0.0	1.3483989191267332e-05	1.811681723754771e-05	1.5	2.4155756316730277e-05	0.0
ti|1122992|org|Prevotella_timonensis_4401737_=_DSM_22865_=_JCM_15640|accession|NZ_HG417107.1	1.5762962909382965e-05	1.2077878158365139e-05	1.0	1.2077878158365139e-05	0.0	1.5762962909382965e-05	1.2077878158365139e-05	1.0	1.2077878158365139e-05	0.0
ti|1122981|org|Prevotella_corporis_DSM_18810_=_JCM_8529|accession|NZ_AUME01000063.1	1.5762962909382965e-05	1.2077878158365139e-05	1.0	1.2077878158365139e-05	0.0	1.5762962909382965e-05	1.2077878158365139e-05	1.0	1.2077878158365139e-05	0.0
ti|1122981|org|Prevotella_corporis_DSM_18810_=_JCM_8529|accession|NZ_AUME01000060.1	1.5762962909382965e-05	1.2077878158365139e-05	1.0	1.2077878158365139e-05	0.0	1.5762962909382965e-05	1.2077878158365139e-05	1.0	1.2077878158365139e-05	0.0
ti|1122981|org|Prevotella_corporis_DSM_18810_=_JCM_8529|accession|NZ_AUME01000058.1	1.5762962909382965e-05	1.2077878158365139e-05	1.0	1.2077878158365139e-05	0.0	1.5762961121216572e-05	1.2077878158365139e-05	1.0	1.2077878158365139e-05	0.0
ti|1122981|org|Prevotella_corporis_DSM_18810_=_JCM_8529|accession|NZ_AUME01000057.1	1.5762962909382965e-05	1.2077878158365139e-05	1.0	1.2077878158365139e-05	0.0	1.5762962909382965e-05	1.2077878158365139e-05	1.0	1.2077878158365139e-05	0.0
ti|1122981|org|Prevotella_corporis_DSM_18810_=_JCM_8529|accession|NZ_AUME01000053.1	1.5762962909382965e-05	1.2077878158365139e-05	1.0	1.2077878158365139e-05	0.0	1.5762962909382965e-05	1.2077878158365139e-05	1.0	1.2077878158365139e-05	0.0
ti|1122981|org|Prevotella_corporis_DSM_18810_=_JCM_8529|accession|NZ_AUME01000051.1	1.5762962909382965e-05	1.2077878158365139e-05	1.0	1.2077878158365139e-05	0.0	1.5762962909382965e-05	1.2077878158365139e-05	1.0	1.2077878158365139e-05	0.0
ti|1122981|org|Prevotella_corporis_DSM_18810_=_JCM_8529|accession|NZ_AUME01000050.1	1.5762962909382965e-05	1.2077878158365139e-05	1.0	1.2077878158365139e-05	0.0	1.57515017558898e-05	1.2077878158365139e-05	1.0	1.2077878158365139e-05	0.0
ti|1122981|org|Prevotella_corporis_DSM_18810_=_JCM_8529|accession|NZ_AUME01000048.1	1.5762962909382965e-05	1.2077878158365139e-05	1.0	1.2077878158365139e-05	0.0	1.5762962909382965e-05	1.2077878158365139e-05	1.0	1.2077878158365139e-05	0.0
ti|1122981|org|Prevotella_corporis_DSM_18810_=_JCM_8529|accession|NZ_AUME01000047.1	1.5762962909382965e-05	1.2077878158365139e-05	1.0	1.2077878158365139e-05	0.0	1.5762962909382965e-05	1.2077878158365139e-05	1.0	1.2077878158365139e-05	0.0
ti|1122981|org|Prevotella_corporis_DSM_18810_=_JCM_8529|accession|NZ_AUME01000046.1	1.5762962909382965e-05	1.2077878158365139e-05	1.0	1.2077878158365139e-05	0.0	1.5762962909382965e-05	1.2077878158365139e-05	1.0	1.2077878158365139e-05	0.0
ti|1122981|org|Prevotella_corporis_DSM_18810_=_JCM_8529|accession|NZ_AUME01000045.1	1.5762962909382965e-05	1.2077878158365139e-05	1.0	1.2077878158365139e-05	0.0	1.5762962909382965e-05	1.2077878158365139e-05	1.0	1.2077878158365139e-05	0.0
ti|1122981|org|Prevotella_corporis_DSM_18810_=_JCM_8529|accession|NZ_AUME01000044.1	1.5762962909382965e-05	1.2077878158365139e-05	1.0	1.2077878158365139e-05	0.0	1.5762962909382965e-05	1.2077878158365139e-05	1.0	1.2077878158365139e-05	0.0
ti|1122981|org|Prevotella_corporis_DSM_18810_=_JCM_8529|accession|NZ_AUME01000043.1	1.5762962909382965e-05	1.2077878158365139e-05	1.0	1.2077878158365139e-05	0.0	1.5762962909382965e-05	1.2077878158365139e-05	1.0	1.2077878158365139e-05	0.0
ti|1122981|org|Prevotella_corporis_DSM_18810_=_JCM_8529|accession|NZ_AUME01000042.1	1.5762962909382965e-05	1.2077878158365139e-05	1.0	1.2077878158365139e-05	0.0	1.5762962909382965e-05	1.2077878158365139e-05	1.0	1.2077878158365139e-05	0.0
ti|1122981|org|Prevotella_corporis_DSM_18810_=_JCM_8529|accession|NZ_AUME01000041.1	1.5762962909382965e-05	1.2077878158365139e-05	1.0	1.2077878158365139e-05	0.0	1.5762962909382965e-05	1.2077878158365139e-05	1.0	1.2077878158365139e-05	0.0
ti|1035196|org|Peptostreptococcus_anaerobius_VPI_4330_=_DSM_2949|accession|NZ_KB906617.1	1.5762962909382965e-05	1.2077878158365139e-05	1.0	1.2077878158365139e-05	0.0	1.5762962909382965e-05	1.2077878158365139e-05	1.0	1.2077878158365139e-05	0.0
ti|1002367|org|Prevotella_stercorea_DSM_18206|accession|NZ_JH379475.1	1.5762962909382965e-05	1.2077878158365139e-05	1.0	1.2077878158365139e-05	0.0	1.5762962909382965e-05	1.2077878158365139e-05	1.0	1.2077878158365139e-05	0.0
ti|1002367|org|Prevotella_stercorea_DSM_18206|accession|NZ_JH379473.1	1.5762962909382965e-05	1.2077878158365139e-05	1.0	1.2077878158365139e-05	0.0	1.5762962909382965e-05	1.2077878158365139e-05	1.0	1.2077878158365139e-05	0.0
ti|1002367|org|Prevotella_stercorea_DSM_18206|accession|NZ_JH379448.1	1.5762962909382965e-05	1.2077878158365139e-05	1.0	1.2077878158365139e-05	0.0	1.5762962909382965e-05	1.2077878158365139e-05	1.0	1.2077878158365139e-05	0.0
ti|1002367|org|Prevotella_stercorea_DSM_18206|accession|NZ_JH379420.1	1.5762962909382965e-05	1.2077878158365139e-05	1.0	1.2077878158365139e-05	0.0	1.5762962909382965e-05	1.2077878158365139e-05	1.0	1.2077878158365139e-05	0.0
ti|1002367|org|Prevotella_stercorea_DSM_18206|accession|NZ_JH379418.1	1.5762962909382965e-05	1.2077878158365139e-05	1.0	1.2077878158365139e-05	0.0	1.5762962909382965e-05	1.2077878158365139e-05	1.0	1.2077878158365139e-05	0.0
ti|1002367|org|Prevotella_stercorea_DSM_18206|accession|NZ_JH379414.1	1.5762962909382965e-05	1.2077878158365139e-05	1.0	1.2077878158365139e-05	0.0	1.5762979278778652e-05	1.2077878158365139e-05	1.0	1.2077878158365139e-05	0.0
ti|1002367|org|Prevotella_stercorea_DSM_18206|accession|NZ_JH379407.1	1.5762962909382965e-05	1.2077878158365139e-05	1.0	1.2077878158365139e-05	0.0	1.5762962909382965e-05	1.2077878158365139e-05	1.0	1.2077878158365139e-05	0.0
ti|1002367|org|Prevotella_stercorea_DSM_18206|accession|NZ_JH379386.1	1.5762962909382965e-05	1.2077878158365139e-05	1.0	1.2077878158365139e-05	0.0	1.5762962909382965e-05	1.2077878158365139e-05	1.0	1.2077878158365139e-05	0.0
ti|1002367|org|Prevotella_stercorea_DSM_18206|accession|NZ_JH379364.1	1.5762962909382965e-05	1.2077878158365139e-05	1.0	1.2077878158365139e-05	0.0	1.5762962909382965e-05	1.2077878158365139e-05	1.0	1.2077878158365139e-05	0.0
ti|1002367|org|Prevotella_stercorea_DSM_18206|accession|NZ_JH379363.1	1.5762962909382965e-05	1.2077878158365139e-05	1.0	1.2077878158365139e-05	0.0	2.9245495462552373e-05	2.4155756316730277e-05	2.0	2.4155756316730277e-05	0.0
ti|1002367|org|Prevotella_stercorea_DSM_18206|accession|NZ_JH379362.1	1.5762962909382965e-05	1.2077878158365139e-05	1.0	1.2077878158365139e-05	0.0	1.5762962909382965e-05	1.2077878158365139e-05	1.0	1.2077878158365139e-05	0.0
ti|1002367|org|Prevotella_stercorea_DSM_18206|accession|NZ_JH379360.1	1.5762962909382965e-05	1.2077878158365139e-05	1.0	1.2077878158365139e-05	0.0	1.5762962909382965e-05	1.2077878158365139e-05	1.0	1.2077878158365139e-05	0.0
ti|1002367|org|Prevotella_stercorea_DSM_18206|accession|NZ_JH379356.1	1.5762962909382965e-05	1.2077878158365139e-05	1.0	1.2077878158365139e-05	0.0	1.5762962909382965e-05	1.2077878158365139e-05	1.0	1.2077878158365139e-05	0.0
ti|1002367|org|Prevotella_stercorea_DSM_18206|accession|NZ_JH379344.1	1.5762962909382965e-05	1.2077878158365139e-05	1.0	1.2077878158365139e-05	0.0	1.5762962909382965e-05	1.2077878158365139e-05	1.0	1.2077878158365139e-05	0.0
ti|1002367|org|Prevotella_stercorea_DSM_18206|accession|NZ_JH379340.1	1.5762962909382965e-05	1.2077878158365139e-05	1.0	1.2077878158365139e-05	0.0	1.5762962909382965e-05	1.2077878158365139e-05	1.0	1.2077878158365139e-05	0.0
ti|1002367|org|Prevotella_stercorea_DSM_18206|accession|NZ_JH379339.1	1.5762962909382965e-05	1.2077878158365139e-05	1.0	1.2077878158365139e-05	0.0	1.5762962909382965e-05	1.2077878158365139e-05	1.0	1.2077878158365139e-05	0.0
ti|1002367|org|Prevotella_stercorea_DSM_18206|accession|NZ_JH379331.1	1.5762962909382965e-05	1.2077878158365139e-05	1.0	1.2077878158365139e-05	0.0	1.5762962909382965e-05	1.2077878158365139e-05	1.0	1.2077878158365139e-05	0.0
ti|762966|org|Parasutterella_excrementihominis_YIT_11859|accession|NZ_GL883751.1	1.5762962904017764e-05	1.2077878158365139e-05	1.0	1.2077878158365139e-05	0.0	1.5762962911843643e-05	1.2077878158365139e-05	1.0	1.2077878158365139e-05	0.0
ti|518637|org|Holdemanella_biformis_DSM_3989|accession|NZ_DS996836.1	1.5762962320072786e-05	1.2077878158365139e-05	1.0	1.2077878158365139e-05	0.0	1.573574334223692e-05	1.2077878158365139e-05	1.0	1.2077878158365139e-05	0.0
ti|411469|org|Anaerobutyricum_hallii_DSM_3353|accession|NZ_ACEP01000161.1	1.576296214115559e-05	1.2077878158365139e-05	1.0	1.2077878158365139e-05	0.0	1.5762962858710974e-05	1.2077878158365139e-05	1.0	1.2077878158365139e-05	0.0
ti|1122981|org|Prevotella_corporis_DSM_18810_=_JCM_8529|accession|NZ_AUME01000065.1	1.5762961355474735e-05	1.2077878158365139e-05	1.0	1.2077878158365139e-05	0.0	1.5762960995558703e-05	1.2077878158365139e-05	1.0	1.2077878158365139e-05	0.0
ti|1445607|org|Bacteroides_reticulotermitis_JCM_10512|accession|NZ_BAIV01000037.1	1.5760718282776653e-05	1.2077878158365139e-05	1.0	1.2077878158365139e-05	0.0	1.680039692126405e-05	3.623363447509542e-05	3.0	3.623363447509542e-05	0.0
ti|1122981|org|Prevotella_corporis_DSM_18810_=_JCM_8529|accession|NZ_AUME01000061.1	1.5758817510339572e-05	1.2077878158365139e-05	1.0	1.2077878158365139e-05	0.0	1.5762906441849632e-05	1.2077878158365139e-05	1.0	1.2077878158365139e-05	0.0
ti|511680|org|Butyrivibrio_crossotus_DSM_2876|accession|NZ_GG663511.1	1.57579581185904e-05	1.2077878158365139e-05	1.0	1.2077878158365139e-05	0.0	1.576266870753973e-05	1.2077878158365139e-05	1.0	1.2077878158365139e-05	0.0
ti|1235811|org|Prevotella_disiens_JCM_6334_=_ATCC_29426|accession|NZ_BAIS01000062.1	1.5756461408328493e-05	1.2077878158365139e-05	1.0	1.2077878158365139e-05	0.0	1.6748599335819156e-05	1.2077878158365139e-05	1.0	1.2077878158365139e-05	0.0
ti|1235811|org|Prevotella_disiens_JCM_6334_=_ATCC_29426|accession|NZ_BAIS01000040.1	1.575583966725868e-05	1.2077878158365139e-05	1.0	1.2077878158365139e-05	0.0	3.799730159797928e-05	2.4155756316730274e-05	1.9999999999999998	1.2077878158365139e-05	3.623363447509542e-05
ti|449673|org|Bacteroides_stercoris_ATCC_43183|accession|NZ_DS499663.1	1.5733118236511947e-05	1.2077878158365139e-05	1.0	1.2077878158365139e-05	0.0	3.377135554134509e-05	2.977292822212867e-05	2.465079365079365	3.623363447509542e-05	4.8311512633460555e-05
ti|622312|org|Roseburia_inulinivorans_DSM_16841|accession|NZ_ACFY01000041.1	1.554489663837084e-05	1.2077878158365139e-05	1.0	1.2077878158365139e-05	0.0	1.665814150426105e-05	1.2077878158365139e-05	1.0	1.2077878158365139e-05	0.0
ti|1150298|org|Fusicatenibacter_saccharivorans|accession|NZ_CYYV01000025.1	1.552282566788561e-05	0.00019324605053384222	16.0	0.00019324605053384222	0.0	1.5528062016802353e-05	0.00019324605053384222	16.0	0.00019324605053384222	0.0
ti|622312|org|Roseburia_inulinivorans_DSM_16841|accession|NZ_ACFY01000133.1	1.5435235784506845e-05	1.2077878158365139e-05	1.0	1.2077878158365139e-05	0.0	3.504057510878317e-05	2.9907126868332724e-05	2.4761904761904763	2.4155756316730277e-05	2.4155756316730277e-05
ti|1150298|org|Fusicatenibacter_saccharivorans|accession|NZ_CYYV01000024.1	1.5241690071441662e-05	8.454514710855597e-05	7.0	8.454514710855597e-05	0.0	3.944309372625571e-05	0.00012681772066283395	10.5	0.00012077878158365138	2.4155756316730277e-05
ti|365659|org|Streptococcus_mitis_B6|accession|NC_013853.1	1.4889363097493101e-05	1.2077878158365139e-05	1.0	1.2077878158365139e-05	0.0	1.775568498506654e-05	1.2077878158365139e-05	1.0	1.2077878158365139e-05	0.0
ti|1650661|org|Clostridium_phoceensis|accession|NZ_LN866274.1	1.4839242796721802e-05	0.00019324605053384222	16.0	0.00019324605053384222	0.0	3.5863267546774664e-05	0.0001962655200734335	16.25	0.00016909029421711193	6.038939079182569e-05
ti|1870997|org|Alterileibacterium_massiliense|accession|NZ_FNWE01000001.1	1.4320091362394397e-05	2.4155756316730277e-05	2.0	1.2077878158365139e-05	1.2077878158365139e-05	2.6800918625818172e-05	3.245690114620981e-05	2.6873015873015875	2.4155756316730277e-05	4.8311512633460555e-05
ti|1282887|org|Lachnospira_multipara_ATCC_19207|accession|NZ_AUJG01000009.1	1.3607014833811744e-05	0.0001811681723754771	15.0	0.0001811681723754771	0.0	1.3607014833862117e-05	0.0001811681723754771	15.0	0.0001811681723754771	0.0
ti|1256908|org|Eubacterium_ramulus_ATCC_29099|accession|NZ_KI271130.1	1.2973557959691146e-05	3.623363447509542e-05	3.0	3.623363447509542e-05	0.0	1.2973557959691146e-05	3.623363447509542e-05	3.0	3.623363447509542e-05	0.0
ti|1256908|org|Eubacterium_ramulus_ATCC_29099|accession|NZ_KI271183.1	1.290730458330576e-05	6.038939079182569e-05	5.0	6.038939079182569e-05	0.0	1.290730458330576e-05	6.038939079182569e-05	5.0	6.038939079182569e-05	0.0
ti|39480|org|Andreesenia_angusta|accession|NZ_MKIE01000012.1	1.1981707929958701e-05	7.85062080293734e-05	6.5	0.00012077878158365138	3.623363447509542e-05	8.032153230158917e-06	2.7203982709079574e-05	2.2523809523809524	0.0	0.0001570124160587468
ti|10710|org|Escherichia_virus_Lambda|accession|NC_001416.1	1.1981707929958701e-05	7.85062080293734e-05	6.5	0.00012077878158365138	3.623363447509542e-05	8.032153230158917e-06	2.7203982709079574e-05	2.2523809523809524	0.0	0.0001570124160587468
ti|1282887|org|Lachnospira_multipara_ATCC_19207|accession|NZ_AUJG01000015.1	1.1958331085262945e-05	0.00016909029421711193	14.0	0.00016909029421711193	0.0	1.1958960515329936e-05	0.00016909029421711193	14.0	0.00016909029421711193	0.0
ti|1501391|org|Alistipes_inops|accession|NZ_JRGF01000034.1	1.1030043785604043e-05	1.2077878158365139e-05	1.0	1.2077878158365139e-05	0.0	1.581721831434899e-05	1.2077878158365139e-05	1.0	1.2077878158365139e-05	0.0
ti|411469|org|Anaerobutyricum_hallii_DSM_3353|accession|NZ_ACEP01000116.1	1.082035062693191e-05	1.2077878158365139e-05	1.0	1.2077878158365139e-05	0.0	1.580875379347109e-05	1.2077878158365139e-05	1.0	1.2077878158365139e-05	0.0
ti|1256908|org|Eubacterium_ramulus_ATCC_29099|accession|NZ_KI271080.1	1.0076942065874653e-05	8.454514710855597e-05	7.0	8.454514710855597e-05	0.0	2.580868021278031e-05	9.662302526692111e-05	8.0	9.662302526692111e-05	0.0
ti|1235811|org|Prevotella_disiens_JCM_6334_=_ATCC_29426|accession|NZ_BAIS01000119.1	9.413736679870984e-06	1.2077878158365139e-05	1.0	1.2077878158365139e-05	0.0	1.5762887755086012e-05	1.2077878158365139e-05	1.0	1.2077878158365139e-05	0.0
ti|470145|org|Bacteroides_coprocola_DSM_17136|accession|NZ_DS981439.1	9.269374275032921e-06	3.623363447509542e-05	3.0	3.623363447509542e-05	0.0	0.0001280672759992066	0.00016949289015572412	14.033333333333335	0.00010870090342528624	0.00016909029421711193
ti|1256908|org|Eubacterium_ramulus_ATCC_29099|accession|NZ_KI271171.1	9.239539300356924e-06	3.623363447509542e-05	3.0	3.623363447509542e-05	0.0	9.239539300356924e-06	3.623363447509542e-05	3.0	3.623363447509542e-05	0.0
ti|40520|org|Blautia_obeum|accession|NZ_CYZA01000037.1	9.144498413190869e-06	3.623363447509542e-05	3.0	3.623363447509542e-05	0.0	9.144498413190869e-06	3.623363447509542e-05	3.0	3.623363447509542e-05	0.0
ti|679190|org|Prevotella_buccalis_ATCC_35310|accession|NZ_ADEG01000058.1	8.158590055624972e-06	0.0001811681723754771	15.0	0.0001811681723754771	0.0	8.17405266127309e-06	0.00019324605053384222	16.0	0.00019324605053384222	0.0
ti|1256908|org|Eubacterium_ramulus_ATCC_29099|accession|NZ_KI271100.1	8.038321858572206e-06	3.623363447509542e-05	3.0	3.623363447509542e-05	0.0	8.038321858572206e-06	3.623363447509542e-05	3.0	3.623363447509542e-05	0.0
ti|40520|org|Blautia_obeum|accession|NZ_CYZA01000030.1	7.96917040106828e-06	7.246726895019084e-05	6.0	7.246726895019084e-05	0.0	7.969301144390326e-06	8.454514710855597e-05	7.0	8.454514710855597e-05	0.0
ti|258723|org|Marinilactibacillus_piezotolerans|accession|NZ_FWDP01000002.1	7.881481529639745e-06	6.038939079182569e-06	0.5	1.2077878158365139e-05	0.0	7.88144501160185e-06	6.038939079182569e-06	0.5	0.0	1.2077878158365139e-05
ti|1499680|org|Bacillus_rubiinfantis|accession|NZ_CCFE01000031.1	7.881481529639745e-06	6.038939079182569e-06	0.5	1.2077878158365139e-05	0.0	7.88144501160185e-06	6.038939079182569e-06	0.5	0.0	1.2077878158365139e-05
ti|1235811|org|Prevotella_disiens_JCM_6334_=_ATCC_29426|accession|NZ_BAIS01000113.1	7.881481454691483e-06	6.038939079182569e-06	0.5	1.2077878158365139e-05	0.0	7.881481454691483e-06	6.038939079182569e-06	0.5	1.2077878158365139e-05	0.0
ti|1122981|org|Prevotella_corporis_DSM_18810_=_JCM_8529|accession|NZ_AUME01000085.1	7.881481454691483e-06	6.038939079182569e-06	0.5	1.2077878158365139e-05	0.0	7.881481454691483e-06	6.038939079182569e-06	0.5	1.2077878158365139e-05	0.0
ti|626939|org|Phascolarctobacterium_succinatutens_YIT_12067|accession|NZ_GL830925.1	7.760727231086736e-06	3.623363447509542e-05	3.0	3.623363447509542e-05	0.0	7.760727231086736e-06	3.623363447509542e-05	3.0	3.623363447509542e-05	0.0
ti|411463|org|Eubacterium_ventriosum_ATCC_27560|accession|NZ_DS264281.1	7.328354374296539e-06	7.246726895019084e-05	6.0	7.246726895019084e-05	0.0	7.328354374296539e-06	7.246726895019084e-05	6.0	7.246726895019084e-05	0.0
ti|1256908|org|Eubacterium_ramulus_ATCC_29099|accession|NZ_KI271131.1	7.088278247594807e-06	1.2077878158365139e-05	1.0	1.2077878158365139e-05	0.0	2.202553537515141e-05	2.4155756316730277e-05	2.0	2.4155756316730277e-05	0.0
ti|626522|org|Alloprevotella_tannerae_ATCC_51259|accession|NZ_GG700643.1	7.037350973001716e-06	1.2077878158365139e-05	1.0	1.2077878158365139e-05	0.0	2.0411061019304008e-05	2.7043549741061198e-05	2.239097744360903	2.4155756316730277e-05	6.038939079182569e-05
ti|1282887|org|Lachnospira_multipara_ATCC_19207|accession|NZ_AUJG01000024.1	6.950698302975118e-06	4.8311512633460555e-05	4.0	4.8311512633460555e-05	0.0	6.950698302975118e-06	4.8311512633460555e-05	4.0	4.8311512633460555e-05	0.0
ti|1410657|org|Kandleria_vitulina_DSM_20405|accession|NZ_JNKN01000072.1	6.595523062159663e-06	3.623363447509542e-05	3.0	3.623363447509542e-05	0.0	6.595523062159663e-06	3.623363447509542e-05	3.0	3.623363447509542e-05	0.0
ti|679190|org|Prevotella_buccalis_ATCC_35310|accession|NZ_ADEG01000005.1	6.511645077464265e-06	3.623363447509542e-05	3.0	3.623363447509542e-05	0.0	6.511645077464265e-06	3.623363447509542e-05	3.0	3.623363447509542e-05	0.0
ti|997894|org|[Clostridium]_bolteae_90A9|accession|NZ_KB851182.1	6.484695656554559e-06	6.038939079182569e-05	5.0	6.038939079182569e-05	0.0	4.382035120552333e-05	0.00011850858781869941	9.812037037037037	9.662302526692111e-05	9.662302526692111e-05
ti|1121094|org|Bacteroides_barnesiae_DSM_18169_=_JCM_13652|accession|NZ_KB894644.1	6.480351241917822e-06	2.4155756316730277e-05	2.0	2.4155756316730277e-05	0.0	6.480351700511911e-06	3.623363447509542e-05	3.0	4.8311512633460555e-05	0.0
ti|626939|org|Phascolarctobacterium_succinatutens_YIT_12067|accession|NZ_GL830935.1	6.480347786856199e-06	1.2077878158365139e-05	1.0	1.2077878158365139e-05	0.0	6.480347786856199e-06	1.2077878158365139e-05	1.0	1.2077878158365139e-05	0.0
ti|626939|org|Phascolarctobacterium_succinatutens_YIT_12067|accession|NZ_GL830901.1	6.480347786856199e-06	1.2077878158365139e-05	1.0	1.2077878158365139e-05	0.0	6.480347786856199e-06	1.2077878158365139e-05	1.0	1.2077878158365139e-05	0.0
ti|622312|org|Roseburia_inulinivorans_DSM_16841|accession|NZ_ACFY01000150.1	6.480347786856199e-06	1.2077878158365139e-05	1.0	1.2077878158365139e-05	0.0	2.2242277157398653e-05	2.4155756316730277e-05	2.0	2.4155756316730277e-05	0.0
ti|511680|org|Butyrivibrio_crossotus_DSM_2876|accession|NZ_GG663515.1	6.480347786856199e-06	1.2077878158365139e-05	1.0	1.2077878158365139e-05	0.0	6.480347786856199e-06	1.2077878158365139e-05	1.0	1.2077878158365139e-05	0.0
ti|1256908|org|Eubacterium_ramulus_ATCC_29099|accession|NZ_KI271150.1	6.480347786856199e-06	1.2077878158365139e-05	1.0	1.2077878158365139e-05	0.0	6.480347786856199e-06	1.2077878158365139e-05	1.0	1.2077878158365139e-05	0.0
ti|1256908|org|Eubacterium_ramulus_ATCC_29099|accession|NZ_KI271148.1	6.480347786856199e-06	1.2077878158365139e-05	1.0	1.2077878158365139e-05	0.0	6.480347786856199e-06	1.2077878158365139e-05	1.0	1.2077878158365139e-05	0.0
ti|1256908|org|Eubacterium_ramulus_ATCC_29099|accession|NZ_KI271147.1	6.480347786856199e-06	1.2077878158365139e-05	1.0	1.2077878158365139e-05	0.0	6.480347786856199e-06	1.2077878158365139e-05	1.0	1.2077878158365139e-05	0.0
ti|547042|org|Bacteroides_coprophilus_DSM_18228_=_JCM_13818|accession|NZ_EQ973691.1	6.480347770613567e-06	1.2077878158365139e-05	1.0	1.2077878158365139e-05	0.0	6.4803472029048314e-06	1.2077878158365139e-05	1.0	1.2077878158365139e-05	0.0
ti|566550|org|Hungatella_hathewayi_DSM_13479|accession|NZ_GG668318.1	6.480347397974703e-06	1.2077878158365139e-05	1.0	1.2077878158365139e-05	0.0	6.431916834519025e-06	1.2077878158365139e-05	1.0	1.2077878158365139e-05	0.0
ti|411469|org|Anaerobutyricum_hallii_DSM_3353|accession|NZ_ACEP01000127.1	6.480209637272479e-06	1.2077878158365139e-05	1.0	1.2077878158365139e-05	0.0	6.480789522463773e-06	1.2077878158365139e-05	1.0	1.2077878158365139e-05	0.0
ti|1427517|org|Xenorhabdus_cabanillasii_JM26|accession|NZ_CBXE010000480.1	6.423567044441001e-06	6.038939079182569e-05	5.0	6.038939079182569e-05	0.0	6.423108260070466e-06	6.038939079182569e-05	5.0	6.038939079182569e-05	0.0
ti|566550|org|Hungatella_hathewayi_DSM_13479|accession|NZ_GG667918.1	5.719021150679745e-06	1.2077878158365139e-05	1.0	1.2077878158365139e-05	0.0	8.280192513479244e-06	1.2077878158365139e-05	1.0	1.2077878158365139e-05	0.0
ti|1282887|org|Lachnospira_multipara_ATCC_19207|accession|NZ_AUJG01000006.1	5.619668659923777e-06	0.0001811681723754771	15.0	0.0001811681723754771	0.0	5.619668659923777e-06	0.0001811681723754771	15.0	0.0001811681723754771	0.0
ti|626937|org|Christensenella_minuta|accession|NZ_LWGY01000001.1	5.346451515679224e-06	6.038939079182569e-05	5.0	6.038939079182569e-05	0.0	5.711901221313595e-06	6.038939079182569e-05	5.0	6.038939079182569e-05	0.0
ti|1282887|org|Lachnospira_multipara_ATCC_19207|accession|NZ_AUJG01000008.1	4.95784377913584e-06	0.00021740180685057248	18.0	0.00021740180685057248	0.0	4.95784377913584e-06	0.00021740180685057248	18.0	0.00021740180685057248	0.0
ti|1282887|org|Lachnospira_multipara_ATCC_19207|accession|NZ_AUJG01000023.1	4.052398603226927e-06	6.038939079182569e-05	5.0	6.038939079182569e-05	0.0	4.052399015096353e-06	6.038939079182569e-05	5.0	6.038939079182569e-05	0.0
ti|679190|org|Prevotella_buccalis_ATCC_35310|accession|NZ_ADEG01000109.1	3.759415999546227e-06	4.8311512633460555e-05	4.0	4.8311512633460555e-05	0.0	3.759415999546227e-06	4.8311512633460555e-05	4.0	4.8311512633460555e-05	0.0
ti|626939|org|Phascolarctobacterium_succinatutens_YIT_12067|accession|NZ_GL830886.1	3.541170325143583e-06	2.4155756316730277e-05	2.0	2.4155756316730277e-05	0.0	3.541170325143583e-06	2.4155756316730277e-05	2.0	2.4155756316730277e-05	0.0
ti|763034|org|Bacteroides_fluxus_YIT_12057|accession|NZ_GL882607.1	3.3271214910569744e-06	1.2077878158365139e-05	1.0	1.2077878158365139e-05	0.0	3.5974492589380664e-06	3.623363447509542e-05	3.0	3.623363447509542e-05	0.0
ti|428127|org|Absiella_dolichum_DSM_3991|accession|NZ_DS483478.1	3.2782252917686597e-06	1.2077878158365139e-05	1.0	2.4155756316730277e-05	0.0	3.2782252917686597e-06	1.2077878158365139e-05	1.0	2.4155756316730277e-05	0.0
ti|428127|org|Absiella_dolichum_DSM_3991|accession|NZ_DS483470.1	3.2782252917686597e-06	1.2077878158365139e-05	1.0	2.4155756316730277e-05	0.0	3.2782252917686597e-06	1.2077878158365139e-05	1.0	2.4155756316730277e-05	0.0
ti|40520|org|Blautia_obeum|accession|NZ_CYZA01000034.1	3.120355816743669e-06	4.8311512633460555e-05	4.0	4.8311512633460555e-05	0.0	4.452431127726102e-06	5.435045171264312e-05	4.5	6.038939079182569e-05	0.0
ti|1903263|org|Traorella_massiliensis|accession|NZ_LT629967.1	3.1166528196725342e-06	2.4155756316730277e-05	2.0	2.4155756316730277e-05	0.0	2.0868522189751296e-05	3.739123973131945e-05	3.0958450847943255	2.4155756316730277e-05	0.00026571331948403303
ti|1282887|org|Lachnospira_multipara_ATCC_19207|accession|NZ_AUJG01000017.1	3.116602380932145e-06	6.038939079182569e-05	5.0	6.038939079182569e-05	0.0	3.1166609250406493e-06	6.038939079182569e-05	5.0	6.038939079182569e-05	0.0
ti|1256908|org|Eubacterium_ramulus_ATCC_29099|accession|NZ_KI271192.1	3.11442755129246e-06	2.4155756316730277e-05	2.0	2.4155756316730277e-05	0.0	3.11442755129246e-06	2.4155756316730277e-05	2.0	2.4155756316730277e-05	0.0
ti|411469|org|Anaerobutyricum_hallii_DSM_3353|accession|NZ_ACEP01000164.1	2.956890033575602e-06	3.623363447509542e-05	3.0	3.623363447509542e-05	0.0	1.7261255891114396e-05	7.246726895019084e-05	6.0	6.038939079182569e-05	1.2077878158365139e-05
ti|36847|org|Anaerotignum_neopropionicum|accession|NZ_LRVM01000002.1	2.933395872535106e-06	3.623363447509542e-05	3.0	3.623363447509542e-05	0.0	2.1483616995439736e-05	0.00012782421050936438	10.583333333333332	0.00010870090342528624	7.246726895019084e-05
ti|1236513|org|Bacteroides_faecichinchillae_JCM_17102|accession|NZ_BAKK01000003.1	2.855499662074088e-06	0.0001570124160587468	13.0	0.0001570124160587468	0.0	2.867488929674645e-06	0.00016909029421711193	14.0	0.00016909029421711193	0.0
ti|1256908|org|Eubacterium_ramulus_ATCC_29099|accession|NZ_KI271082.1	2.740253418618763e-06	2.4155756316730277e-05	2.0	2.4155756316730277e-05	0.0	2.740253418618763e-06	2.4155756316730277e-05	2.0	2.4155756316730277e-05	0.0
ti|411463|org|Eubacterium_ventriosum_ATCC_27560|accession|NZ_DS264279.1	2.703223100559987e-06	2.4155756316730277e-05	2.0	2.4155756316730277e-05	0.0	2.703223100559987e-06	2.4155756316730277e-05	2.0	2.4155756316730277e-05	0.0
ti|626939|org|Phascolarctobacterium_succinatutens_YIT_12067|accession|NZ_GL830922.1	2.695437416995221e-06	2.4155756316730277e-05	2.0	2.4155756316730277e-05	0.0	2.695437416995221e-06	2.4155756316730277e-05	2.0	2.4155756316730277e-05	0.0
ti|679190|org|Prevotella_buccalis_ATCC_35310|accession|NZ_ADEG01000036.1	2.675004046912453e-06	6.038939079182569e-05	5.0	6.038939079182569e-05	0.0	2.675004046912453e-06	6.038939079182569e-05	5.0	6.038939079182569e-05	0.0
ti|679190|org|Prevotella_buccalis_ATCC_35310|accession|NZ_ADEG01000057.1	2.6694402807865398e-06	3.623363447509542e-05	3.0	3.623363447509542e-05	0.0	2.669440282478639e-06	3.623363447509542e-05	3.0	3.623363447509542e-05	0.0
ti|997352|org|Prevotella_nigrescens_ATCC_33563|accession|NZ_GL982464.1	2.6653702759337985e-06	3.623363447509542e-05	3.0	3.623363447509542e-05	0.0	2.271465408100239e-06	1.2077878158365139e-05	1.0	1.2077878158365139e-05	0.0
ti|1256908|org|Eubacterium_ramulus_ATCC_29099|accession|NZ_KI271120.1	2.6641513512047135e-06	2.4155756316730277e-05	2.0	2.4155756316730277e-05	0.0	2.6641513512047135e-06	2.4155756316730277e-05	2.0	2.4155756316730277e-05	0.0
ti|1122973|org|Porphyromonas_levii_DSM_23370|accession|NZ_KB904241.1	2.6641506870269765e-06	3.623363447509542e-05	3.0	3.623363447509542e-05	0.0	2.6641506264352852e-06	2.4155756316730277e-05	2.0	2.4155756316730277e-05	0.0
ti|470145|org|Bacteroides_coprocola_DSM_17136|accession|NZ_DS981466.1	2.664150621937643e-06	2.4155756316730277e-05	2.0	2.4155756316730277e-05	0.0	3.5989753335015866e-06	2.4155756316730277e-05	2.0	2.4155756316730277e-05	0.0
ti|40520|org|Blautia_obeum|accession|NZ_CYZA01000035.1	2.664150621937643e-06	2.4155756316730277e-05	2.0	2.4155756316730277e-05	0.0	2.664150621937643e-06	2.4155756316730277e-05	2.0	2.4155756316730277e-05	0.0
ti|40520|org|Blautia_obeum|accession|NZ_CYZA01000006.1	2.664150621937643e-06	1.2077878158365139e-05	1.0	1.2077878158365139e-05	0.0	2.664150621937643e-06	1.2077878158365139e-05	1.0	1.2077878158365139e-05	0.0
ti|1408428|org|Bilophila_wadsworthia_ATCC_49260|accession|NZ_JNJP01000050.1	2.664150621937643e-06	1.2077878158365139e-05	1.0	1.2077878158365139e-05	0.0	2.664150621937643e-06	1.2077878158365139e-05	1.0	1.2077878158365139e-05	0.0
ti|1256908|org|Eubacterium_ramulus_ATCC_29099|accession|NZ_KI271156.1	2.664150621937643e-06	1.2077878158365139e-05	1.0	1.2077878158365139e-05	0.0	2.664150621937643e-06	1.2077878158365139e-05	1.0	1.2077878158365139e-05	0.0
ti|1256908|org|Eubacterium_ramulus_ATCC_29099|accession|NZ_KI271095.1	2.664150621937643e-06	1.2077878158365139e-05	1.0	1.2077878158365139e-05	0.0	2.664150621937643e-06	1.2077878158365139e-05	1.0	1.2077878158365139e-05	0.0
ti|1122993|org|Prevotella_veroralis_DSM_19559_=_JCM_6290|accession|NZ_KB898329.1	2.664150621937643e-06	1.2077878158365139e-05	1.0	1.2077878158365139e-05	0.0	2.6641518779121305e-06	1.2077878158365139e-05	1.0	1.2077878158365139e-05	0.0
ti|1871030|org|Merdibacter_massiliensis|accession|NZ_LT699726.1	2.5216227765842848e-06	2.4155756316730277e-05	2.0	2.4155756316730277e-05	0.0	8.334180098843442e-06	2.8484333387781737e-05	2.3583888671747766	2.4155756316730277e-05	8.454514710855597e-05
ti|1841868|org|Provencibacterium_massiliense|accession|NZ_FWCH01000006.1	2.2752193934561524e-06	1.2077878158365139e-05	1.0	1.2077878158365139e-05	0.0	2.3063974287638827e-06	1.2077878158365139e-05	1.0	1.2077878158365139e-05	0.0
ti|679190|org|Prevotella_buccalis_ATCC_35310|accession|NZ_ADEG01000042.1	2.2034422606494976e-06	6.038939079182569e-05	5.0	6.038939079182569e-05	0.0	2.3251033194529503e-06	8.454514710855597e-05	7.0	8.454514710855597e-05	0.0
ti|99287|org|Salmonella_enterica_subsp._enterica_serovar_Typhimurium_str._LT2|accession|NC_003197.2	1.7359022406370887e-06	0.0001811681723754771	15.0	0.0001811681723754771	0.0	1.1938690102811232e-05	0.00011547793505859111	9.56111111111111	0.00010870090342528624	0.00010870090342528624
ti|1408437|org|Agathobaculum_desmolans_ATCC_43058|accession|NZ_JNJN01000017.1	1.3678205369841259e-06	1.2077878158365139e-05	1.0	1.2077878158365139e-05	0.0	1.3678205369841259e-06	1.2077878158365139e-05	1.0	1.2077878158365139e-05	0.0
ti|1235811|org|Prevotella_disiens_JCM_6334_=_ATCC_29426|accession|NZ_BAIS01000181.1	1.3678205369841259e-06	1.2077878158365139e-05	1.0	1.2077878158365139e-05	0.0	1.3678205369841259e-06	1.2077878158365139e-05	1.0	1.2077878158365139e-05	0.0
ti|679190|org|Prevotella_buccalis_ATCC_35310|accession|NZ_ADEG01000104.1	1.3089788911365932e-06	4.8311512633460555e-05	4.0	4.8311512633460555e-05	0.0	1.3295139084861056e-06	4.8311512633460555e-05	4.0	4.8311512633460555e-05	0.0
ti|762982|org|Paraprevotella_xylaniphila_YIT_11841|accession|NZ_GL883888.1	1.095265064440936e-06	1.2077878158365139e-05	1.0	1.2077878158365139e-05	0.0	1.095265064440936e-06	1.2077878158365139e-05	1.0	1.2077878158365139e-05	0.0
ti|679190|org|Prevotella_buccalis_ATCC_35310|accession|NZ_ADEG01000032.1	1.095265064440936e-06	1.2077878158365139e-05	1.0	1.2077878158365139e-05	0.0	1.095265064440936e-06	1.2077878158365139e-05	1.0	1.2077878158365139e-05	0.0
ti|679190|org|Prevotella_buccalis_ATCC_35310|accession|NZ_ADEG01000022.1	1.095265064440936e-06	2.4155756316730277e-05	2.0	2.4155756316730277e-05	0.0	1.095265064440936e-06	2.4155756316730277e-05	2.0	2.4155756316730277e-05	0.0
ti|679190|org|Prevotella_buccalis_ATCC_35310|accession|NZ_ADEG01000015.1	1.095265064440936e-06	1.2077878158365139e-05	1.0	1.2077878158365139e-05	0.0	1.0952395346487082e-06	1.2077878158365139e-05	1.0	1.2077878158365139e-05	0.0
ti|626939|org|Phascolarctobacterium_succinatutens_YIT_12067|accession|NZ_GL830906.1	1.095265064440936e-06	1.2077878158365139e-05	1.0	1.2077878158365139e-05	0.0	1.095265064440936e-06	1.2077878158365139e-05	1.0	1.2077878158365139e-05	0.0
ti|40520|org|Blautia_obeum|accession|NZ_CYZA01000032.1	1.095265064440936e-06	1.2077878158365139e-05	1.0	1.2077878158365139e-05	0.0	1.0952656531769197e-06	1.811681723754771e-05	1.5	2.4155756316730277e-05	0.0
ti|1256908|org|Eubacterium_ramulus_ATCC_29099|accession|NZ_KI271164.1	1.095265064440936e-06	1.2077878158365139e-05	1.0	1.2077878158365139e-05	0.0	1.095265064440936e-06	1.2077878158365139e-05	1.0	1.2077878158365139e-05	0.0
ti|1256908|org|Eubacterium_ramulus_ATCC_29099|accession|NZ_KI271104.1	1.095265064440936e-06	1.2077878158365139e-05	1.0	1.2077878158365139e-05	0.0	1.095265064440936e-06	1.2077878158365139e-05	1.0	1.2077878158365139e-05	0.0
ti|927665|org|Parabacteroides_goldsteinii_DSM_19448_=_WAL_12034|accession|NZ_KQ033912.1	1.080782103384509e-06	2.4155756316730277e-05	2.0	2.4155756316730277e-05	0.0	6.452478727512548e-07	2.113628677713899e-05	1.75	1.2077878158365139e-05	2.4155756316730277e-05
ti|547042|org|Bacteroides_coprophilus_DSM_18228_=_JCM_13818|accession|NZ_EQ973642.1	9.005538587096337e-07	2.4155756316730277e-05	2.0	2.4155756316730277e-05	0.0	9.013182402392479e-07	2.4155756316730277e-05	2.0	2.4155756316730277e-05	0.0
ti|1447715|org|Bifidobacterium_pseudolongum_PV8-2|accession|NZ_CP007457.1	8.772087194118018e-07	7.246726895019084e-05	6.0	7.246726895019084e-05	0.0	4.7362734074441465e-06	8.742525651555073e-05	7.2384615384615385	8.454514710855597e-05	2.4155756316730277e-05
ti|1256908|org|Eubacterium_ramulus_ATCC_29099|accession|NZ_KI271084.1	7.022624794519996e-07	1.2077878158365139e-05	1.0	1.2077878158365139e-05	0.0	7.022626919160634e-07	1.2077878158365139e-05	1.0	1.2077878158365139e-05	0.0
ti|40520|org|Blautia_obeum|accession|NZ_CYZA01000036.1	6.535415800842807e-07	4.8311512633460555e-05	4.0	4.8311512633460555e-05	0.0	6.535415800842807e-07	4.8311512633460555e-05	4.0	4.8311512633460555e-05	0.0
ti|762982|org|Paraprevotella_xylaniphila_YIT_11841|accession|NZ_GL883856.1	5.623278339623089e-07	1.2077878158365139e-05	1.0	1.2077878158365139e-05	0.0	5.2676365978480826e-05	5.6766027344316154e-05	4.7	4.8311512633460555e-05	4.8311512633460555e-05
ti|880074|org|Barnesiella_viscericola_DSM_18177|accession|NZ_CP007034.1	4.865560374691637e-07	6.038939079182569e-05	5.0	6.038939079182569e-05	0.0	0.000126143626636697	0.00015305084173384396	12.671997492195345	4.8311512633460555e-05	0.001992849896130248
ti|880526|org|Rikenella_microfusus_DSM_15922|accession|NZ_KE386488.1	4.5191647295345417e-07	3.623363447509542e-05	3.0	3.623363447509542e-05	0.0	0.00013523828770810176	0.00015680609668194834	12.982917580878594	4.8311512633460555e-05	0.002113628677713899
ti|411467|org|Pseudoflavonifractor_capillosus_ATCC_29799|accession|NZ_AAXG02000036.1	4.507357820266526e-07	2.4155756316730277e-05	2.0	2.4155756316730277e-05	0.0	4.5073578226192093e-07	2.4155756316730277e-05	2.0	2.4155756316730277e-05	0.0
ti|411903|org|Collinsella_aerofaciens_ATCC_25986|accession|NZ_AAVN02000021.1	4.5046556932774056e-07	2.4155756316730277e-05	2.0	2.4155756316730277e-05	0.0	4.526391840567279e-07	2.4155756316730277e-05	2.0	2.4155756316730277e-05	0.0
ti|679190|org|Prevotella_buccalis_ATCC_35310|accession|NZ_ADEG01000071.1	4.5027692935481687e-07	1.2077878158365139e-05	1.0	1.2077878158365139e-05	0.0	4.5027692935481687e-07	1.2077878158365139e-05	1.0	1.2077878158365139e-05	0.0
ti|626939|org|Phascolarctobacterium_succinatutens_YIT_12067|accession|NZ_GL830929.1	4.5027692935481687e-07	1.2077878158365139e-05	1.0	1.2077878158365139e-05	0.0	4.5027692935481687e-07	1.2077878158365139e-05	1.0	1.2077878158365139e-05	0.0
ti|470145|org|Bacteroides_coprocola_DSM_17136|accession|NZ_DS981499.1	4.5027692935481687e-07	1.2077878158365139e-05	1.0	1.2077878158365139e-05	0.0	7.89148746617205e-06	1.811681723754771e-05	1.5	1.2077878158365139e-05	1.2077878158365139e-05
ti|1118057|org|Peptoniphilus_grossensis_ph5|accession|NZ_HE978567.1	4.5027692935481687e-07	1.2077878158365139e-05	1.0	1.2077878158365139e-05	0.0	4.1693788914979533e-07	1.2077878158365139e-05	1.0	1.2077878158365139e-05	0.0
ti|40520|org|Blautia_obeum|accession|NZ_CYZA01000047.1	3.605535790049288e-07	1.2077878158365139e-05	1.0	1.2077878158365139e-05	0.0	3.605535790049288e-07	1.2077878158365139e-05	1.0	1.2077878158365139e-05	0.0
ti|1410653|org|Clostridium_lundense_DSM_17049|accession|NZ_JHVC01000015.1	2.8871714196233114e-07	1.2077878158365139e-05	1.0	1.2077878158365139e-05	0.0	6.6085164133978315e-06	2.355186240881202e-05	1.95	1.2077878158365139e-05	3.623363447509542e-05
ti|626939|org|Phascolarctobacterium_succinatutens_YIT_12067|accession|NZ_GL830927.1	1.8934858706028553e-07	2.4155756316730277e-05	2.0	2.4155756316730277e-05	0.0	1.8934858706028553e-07	2.4155756316730277e-05	2.0	2.4155756316730277e-05	0.0
ti|1907654|org|Collinsella_bouchesdurhonensis|accession|NZ_LT699740.1	1.8511440577651082e-07	1.2077878158365139e-05	1.0	1.2077878158365139e-05	0.0	9.160984751233049e-07	3.0194695395912847e-06	0.25	0.0	1.2077878158365139e-05
ti|511680|org|Butyrivibrio_crossotus_DSM_2876|accession|NZ_GG663531.1	1.8511437978960234e-07	1.2077878158365139e-05	1.0	1.2077878158365139e-05	0.0	1.8511437978960234e-07	1.2077878158365139e-05	1.0	1.2077878158365139e-05	0.0
ti|1410674|org|Sharpea_azabuensis_DSM_18934|accession|NZ_JNKU01000050.1	1.8511437978960234e-07	1.2077878158365139e-05	1.0	1.2077878158365139e-05	0.0	1.8519192722266927e-07	1.2077878158365139e-05	1.0	1.2077878158365139e-05	0.0
ti|1256908|org|Eubacterium_ramulus_ATCC_29099|accession|NZ_KI271190.1	1.8511437978960234e-07	1.2077878158365139e-05	1.0	1.2077878158365139e-05	0.0	1.2133017031509062e-05	1.358761292816078e-05	1.125	1.2077878158365139e-05	1.2077878158365139e-05
ti|1256908|org|Eubacterium_ramulus_ATCC_29099|accession|NZ_KI271121.1	1.8511437978960234e-07	1.2077878158365139e-05	1.0	1.2077878158365139e-05	0.0	1.8876194145637453e-07	1.2077878158365139e-05	1.0	1.2077878158365139e-05	0.0
ti|1673724|org|Neofamilia_massiliensis|accession|NZ_CYUJ01000003.1	1.8460800924161217e-07	1.2077878158365139e-05	1.0	1.2077878158365139e-05	0.0	1.618945894724693e-07	1.2077878158365139e-05	1.0	1.2077878158365139e-05	0.0
ti|1349822|org|Coprobacter_fastidiosus_NSB1|accession|NZ_KI440792.1	1.482280077152809e-07	1.2077878158365139e-05	1.0	1.2077878158365139e-05	0.0	1.482280077152809e-07	1.2077878158365139e-05	1.0	1.2077878158365139e-05	0.0
ti|1122228|org|Alloscardovia_criceti_DSM_17774|accession|NZ_AQXR01000009.1	1.482280077152809e-07	1.2077878158365139e-05	1.0	1.2077878158365139e-05	0.0	7.697564402441817e-07	1.2542411933686876e-05	1.0384615384615385	1.2077878158365139e-05	1.2077878158365139e-05
ti|679190|org|Prevotella_buccalis_ATCC_35310|accession|NZ_ADEG01000087.1	1.383303833603194e-07	8.454514710855597e-05	7.0	8.454514710855597e-05	0.0	1.3834058742654628e-07	9.662302526692111e-05	8.0	9.662302526692111e-05	0.0
ti|1044999|org|Erwinia_tracheiphila_PSU-1|accession|NZ_KE136309.1	1.0962794376690544e-07	7.246726895019084e-05	6.0	7.246726895019084e-05	0.0	1.1048552804276767e-07	7.246726895019084e-05	6.0	7.246726895019084e-05	0.0
ti|566550|org|Hungatella_hathewayi_DSM_13479|accession|NZ_GG667714.1	9.504089156308226e-08	1.2077878158365139e-05	1.0	1.2077878158365139e-05	0.0	3.6783248946042274e-06	6.038939079182569e-05	5.0	6.038939079182569e-05	0.0
ti|1437607|org|Bifidobacterium_saguini_DSM_23967|accession|NZ_JGZN01000004.1	7.610352594819043e-08	2.4155756316730277e-05	2.0	2.4155756316730277e-05	0.0	8.422733605428803e-08	2.4155756316730277e-05	2.0	2.4155756316730277e-05	0.0
ti|1776384|org|Emergencia_timonensis|accession|NZ_FLKM01000007.1	7.610279831823671e-08	1.2077878158365139e-05	1.0	1.2077878158365139e-05	0.0	3.4625310367279675e-06	1.962655200734335e-05	1.625	1.2077878158365139e-05	2.4155756316730277e-05
ti|411463|org|Eubacterium_ventriosum_ATCC_27560|accession|NZ_DS264278.1	7.610279668111999e-08	1.2077878158365139e-05	1.0	1.2077878158365139e-05	0.0	7.610279668111999e-08	1.2077878158365139e-05	1.0	1.2077878158365139e-05	0.0
ti|679190|org|Prevotella_buccalis_ATCC_35310|accession|NZ_ADEG01000049.1	7.597465624619731e-08	4.8311512633460555e-05	4.0	4.8311512633460555e-05	0.0	7.597465624619731e-08	4.8311512633460555e-05	4.0	4.8311512633460555e-05	0.0
ti|679190|org|Prevotella_buccalis_ATCC_35310|accession|NZ_ADEG01000062.1	5.766542466013494e-08	7.246726895019084e-05	6.0	7.246726895019084e-05	0.0	5.7665676325373675e-08	7.246726895019084e-05	6.0	7.246726895019084e-05	0.0
ti|300267|org|Shigella_dysenteriae_Sd197|accession|NC_007607.1	4.873426756797046e-08	9.662302526692111e-05	8.0	9.662302526692111e-05	0.0	5.125009447277722e-06	5.2337472019582265e-05	4.333333333333333	7.246726895019084e-05	1.2077878158365139e-05
ti|679190|org|Prevotella_buccalis_ATCC_35310|accession|NZ_ADEG01000041.1	4.228256066874214e-08	7.246726895019084e-05	6.0	7.246726895019084e-05	0.0	4.264997260146741e-08	7.246726895019084e-05	6.0	7.246726895019084e-05	0.0
ti|999419|org|Parabacteroides_johnsonii_CL02T12C29|accession|NZ_JH976469.1	3.346184838540906e-08	7.246726895019084e-05	6.0	7.246726895019084e-05	0.0	4.187965967640845e-06	9.38048536966359e-05	7.766666666666666	8.454514710855597e-05	3.623363447509542e-05
ti|679190|org|Prevotella_buccalis_ATCC_35310|accession|NZ_ADEG01000046.1	3.135373417647704e-08	9.662302526692111e-05	8.0	9.662302526692111e-05	0.0	3.165583344557355e-08	9.662302526692111e-05	8.0	9.662302526692111e-05	0.0
ti|679190|org|Prevotella_buccalis_ATCC_35310|accession|NZ_ADEG01000073.1	3.134889401388488e-08	2.4155756316730277e-05	2.0	2.4155756316730277e-05	0.0	6.25737131268444e-08	2.4155756316730277e-05	2.0	2.4155756316730277e-05	0.0
ti|1256908|org|Eubacterium_ramulus_ATCC_29099|accession|NZ_KI271152.1	3.128967384368255e-08	1.2077878158365139e-05	1.0	1.2077878158365139e-05	0.0	8.19803926226022e-06	2.4155756316730277e-05	2.0	1.2077878158365139e-05	1.2077878158365139e-05
ti|679190|org|Prevotella_buccalis_ATCC_35310|accession|NZ_ADEG01000096.1	3.1287524324648554e-08	2.4155756316730277e-05	2.0	2.4155756316730277e-05	0.0	3.1287524324648554e-08	2.4155756316730277e-05	2.0	2.4155756316730277e-05	0.0
ti|40520|org|Blautia_obeum|accession|NZ_CYZA01000038.1	3.128679505757812e-08	1.2077878158365139e-05	1.0	1.2077878158365139e-05	0.0	3.128679505757812e-08	1.2077878158365139e-05	1.0	1.2077878158365139e-05	0.0
ti|679190|org|Prevotella_buccalis_ATCC_35310|accession|NZ_ADEG01000011.1	2.1352835031121357e-08	3.623363447509542e-05	3.0	3.623363447509542e-05	0.0	2.1352835031121357e-08	3.623363447509542e-05	3.0	3.623363447509542e-05	0.0
ti|679190|org|Prevotella_buccalis_ATCC_35310|accession|NZ_ADEG01000111.1	2.0223146890427043e-08	6.038939079182569e-05	5.0	6.038939079182569e-05	0.0	3.3480298233873495e-08	6.038939079182569e-05	5.0	6.038939079182569e-05	0.0
ti|1235802|org|Eubacterium_plexicaudatum_ASF492|accession|NZ_KB822493.1	2.0060479937781e-08	1.2077878158365139e-05	1.0	1.2077878158365139e-05	0.0	4.495654807060048e-07	1.2077878158365139e-05	1.0	1.2077878158365139e-05	0.0
ti|622312|org|Roseburia_inulinivorans_DSM_16841|accession|NZ_ACFY01000169.1	1.6063176300367835e-08	1.2077878158365139e-05	1.0	1.2077878158365139e-05	0.0	1.196141657053318e-08	1.2077878158365139e-05	1.0	1.2077878158365139e-05	0.0
ti|887325|org|Lachnoanaerobaculum_saburreum_DSM_3986|accession|NZ_GL622296.1	1.2862385978749932e-08	1.2077878158365139e-05	1.0	1.2077878158365139e-05	0.0	4.017635297568245e-06	1.5097347697956423e-05	1.25	1.2077878158365139e-05	1.2077878158365139e-05
ti|763034|org|Bacteroides_fluxus_YIT_12057|accession|NZ_GL882619.1	1.2862385978749932e-08	1.2077878158365139e-05	1.0	1.2077878158365139e-05	0.0	1.7285949495170227e-08	1.2077878158365139e-05	1.0	1.2077878158365139e-05	0.0
ti|626939|org|Phascolarctobacterium_succinatutens_YIT_12067|accession|NZ_GL830905.1	1.2862385978749932e-08	1.2077878158365139e-05	1.0	1.2077878158365139e-05	0.0	1.2862385978749932e-08	1.2077878158365139e-05	1.0	1.2077878158365139e-05	0.0
ti|1121296|org|[Clostridium]_aminophilum_DSM_10710|accession|NZ_JONJ01000027.1	1.2862385978749932e-08	1.2077878158365139e-05	1.0	1.2077878158365139e-05	0.0	1.2862385978749932e-08	1.2077878158365139e-05	1.0	1.2077878158365139e-05	0.0
ti|679190|org|Prevotella_buccalis_ATCC_35310|accession|NZ_ADEG01000043.1	1.0299393543937721e-08	1.2077878158365139e-05	1.0	1.2077878158365139e-05	0.0	1.030988905682826e-08	1.2077878158365139e-05	1.0	1.2077878158365139e-05	0.0
ti|28141|org|Cronobacter_sakazakii|accession|NZ_CP011047.1	6.6037693906119956e-09	0.00012077878158365138	10.0	0.00012077878158365138	0.0	7.736728555782266e-06	0.00016425914295376586	13.599999999999998	0.00013285665974201651	9.662302526692111e-05
ti|679190|org|Prevotella_buccalis_ATCC_35310|accession|NZ_ADEG01000085.1	6.603769153094966e-09	1.2077878158365139e-05	1.0	1.2077878158365139e-05	0.0	6.603769153094966e-09	1.2077878158365139e-05	1.0	1.2077878158365139e-05	0.0
ti|451640|org|Catenibacterium_mitsuokai_DSM_15897|accession|NZ_ACCK01000401.1	6.603769153094966e-09	1.2077878158365139e-05	1.0	1.2077878158365139e-05	0.0	6.603769153094966e-09	1.2077878158365139e-05	1.0	1.2077878158365139e-05	0.0
ti|1653435|org|Merdimonas_faecis|accession|NZ_MIEH01000016.1	6.603769153094966e-09	1.2077878158365139e-05	1.0	1.2077878158365139e-05	0.0	6.603769153094966e-09	1.2077878158365139e-05	1.0	1.2077878158365139e-05	0.0
ti|679190|org|Prevotella_buccalis_ATCC_35310|accession|NZ_ADEG01000095.1	5.289782104741925e-09	3.623363447509542e-05	3.0	3.623363447509542e-05	0.0	7.96250780417079e-06	4.227257355427798e-05	3.5	4.8311512633460555e-05	0.0
ti|566550|org|Hungatella_hathewayi_DSM_13479|accession|NZ_GG667646.1	5.287964775020563e-09	7.246726895019084e-05	6.0	7.246726895019084e-05	0.0	9.244137070918284e-06	0.0001066879237322254	8.833333333333334	9.662302526692111e-05	2.4155756316730277e-05
ti|1033732|org|Alistipes_senegalensis_JC50|accession|NZ_HE978648.1	5.2879261311445e-09	7.246726895019084e-05	6.0	7.246726895019084e-05	0.0	3.260354023007255e-05	0.00011272686281140796	9.333333333333334	9.662302526692111e-05	6.038939079182569e-05
ti|445972|org|Anaerotruncus_colihominis_DSM_17241|accession|NZ_DS544179.1	5.287884961111433e-09	1.2077878158365139e-05	1.0	1.2077878158365139e-05	0.0	3.7473169523106584e-09	1.2077878158365139e-05	1.0	1.2077878158365139e-05	0.0
ti|1745713|org|Bariatricus_massiliensis|accession|NZ_LT574837.1	5.287884961111433e-09	1.2077878158365139e-05	1.0	1.2077878158365139e-05	0.0	2.092181574934325e-05	2.5658443806050467e-05	2.1244165133657544	1.2077878158365139e-05	0.00027779119764239816
ti|431947|org|Porphyromonas_gingivalis_ATCC_33277|accession|NC_010729.1	4.975519808723505e-09	2.4155756316730277e-05	2.0	2.4155756316730277e-05	0.0	8.144436291619812e-08	2.4155756316730277e-05	2.0	2.4155756316730277e-05	0.0
ti|679190|org|Prevotella_buccalis_ATCC_35310|accession|NZ_ADEG01000066.1	3.0823111592767593e-09	2.4155756316730277e-05	2.0	2.4155756316730277e-05	0.0	3.4508604739790424e-09	2.4155756316730277e-05	2.0	2.4155756316730277e-05	0.0
ti|679190|org|Prevotella_buccalis_ATCC_35310|accession|NZ_ADEG01000116.1	2.2875943111974646e-09	2.4155756316730277e-05	2.0	2.4155756316730277e-05	0.0	2.2875943111974646e-09	2.4155756316730277e-05	2.0	2.4155756316730277e-05	0.0
ti|679190|org|Prevotella_buccalis_ATCC_35310|accession|NZ_ADEG01000110.1	2.1740377541463977e-09	2.4155756316730277e-05	2.0	2.4155756316730277e-05	0.0	8.902063592431727e-07	3.623363447509542e-05	3.0	3.623363447509542e-05	0.0
ti|411469|org|Anaerobutyricum_hallii_DSM_3353|accession|NZ_ACEP01000046.1	2.173914498301007e-09	1.2077878158365139e-05	1.0	1.2077878158365139e-05	0.0	2.541474436945063e-09	3.623363447509542e-05	3.0	3.623363447509542e-05	0.0
ti|451640|org|Catenibacterium_mitsuokai_DSM_15897|accession|NZ_ACCK01000009.1	1.7407346495327578e-09	1.2077878158365139e-05	1.0	1.2077878158365139e-05	0.0	1.7407346495327578e-09	1.2077878158365139e-05	1.0	1.2077878158365139e-05	0.0
ti|927665|org|Parabacteroides_goldsteinii_DSM_19448_=_WAL_12034|accession|NZ_KQ033914.1	1.5576780004368675e-09	6.038939079182569e-05	5.0	6.038939079182569e-05	0.0	1.291776958467999e-06	0.0001008502826223489	8.35	9.662302526692111e-05	2.4155756316730277e-05
ti|1116472|org|Methyloglobulus_morosus_KoM1|accession|NZ_AYLO01000180.1	1.3938941602660237e-09	1.2077878158365139e-05	1.0	1.2077878158365139e-05	0.0	3.6979371549251854e-06	6.79380646408039e-06	0.5625	0.0	4.8311512633460555e-05
ti|1121323|org|Anaerotignum_lactatifermentans_DSM_14214|accession|NZ_FRAH01000052.1	1.3938713424341517e-09	1.2077878158365139e-05	1.0	1.2077878158365139e-05	0.0	1.3938695347641575e-09	1.2077878158365139e-05	1.0	1.2077878158365139e-05	0.0
ti|518637|org|Holdemanella_biformis_DSM_3989|accession|NZ_DS996872.1	1.1161249187408963e-09	1.2077878158365139e-05	1.0	1.2077878158365139e-05	0.0	1.1161249187408963e-09	1.2077878158365139e-05	1.0	1.2077878158365139e-05	0.0
ti|445972|org|Anaerotruncus_colihominis_DSM_17241|accession|NZ_DS544192.1	1.1161249187408963e-09	1.2077878158365139e-05	1.0	1.2077878158365139e-05	0.0	1.1161249187408963e-09	1.2077878158365139e-05	1.0	1.2077878158365139e-05	0.0
ti|1121114|org|Blautia_producta_ATCC_27340_=_DSM_2950|accession|NZ_KB892672.1	1.1161249187408963e-09	1.2077878158365139e-05	1.0	1.2077878158365139e-05	0.0	6.404012985123195e-09	2.4155756316730277e-05	2.0	2.4155756316730277e-05	0.0
ti|40518|org|Ruminococcus_bromii|accession|NZ_FMUV01000029.1	9.44059220311057e-10	8.454514710855597e-05	7.0	8.454514710855597e-05	0.0	9.44059220311057e-10	8.454514710855597e-05	7.0	8.454514710855597e-05	0.0
ti|679190|org|Prevotella_buccalis_ATCC_35310|accession|NZ_ADEG01000060.1	8.93722968763313e-10	1.2077878158365139e-05	1.0	1.2077878158365139e-05	0.0	8.93722968763313e-10	1.2077878158365139e-05	1.0	1.2077878158365139e-05	0.0
ti|679190|org|Prevotella_buccalis_ATCC_35310|accession|NZ_ADEG01000018.1	8.93722968763313e-10	1.2077878158365139e-05	1.0	1.2077878158365139e-05	0.0	8.93722968763313e-10	1.2077878158365139e-05	1.0	1.2077878158365139e-05	0.0
ti|1769291|org|Oceanivirga_salmonicida|accession|NZ_LOQI01000146.1	8.93722968763313e-10	1.2077878158365139e-05	1.0	1.2077878158365139e-05	0.0	8.356585300515571e-10	1.2077878158365139e-05	1.0	1.2077878158365139e-05	0.0
ti|1121114|org|Blautia_producta_ATCC_27340_=_DSM_2950|accession|NZ_KB892654.1	7.287447652919567e-10	2.4155756316730277e-05	2.0	2.4155756316730277e-05	0.0	3.8128515063947586e-09	4.8311512633460555e-05	4.0	4.8311512633460555e-05	0.0
ti|626939|org|Phascolarctobacterium_succinatutens_YIT_12067|accession|NZ_GL830865.1	5.730376402604341e-10	1.2077878158365139e-05	1.0	1.2077878158365139e-05	0.0	5.730376402604341e-10	1.2077878158365139e-05	1.0	1.2077878158365139e-05	0.0
ti|290052|org|Acetivibrio_ethanolgignens|accession|NZ_LNAM01000035.1	5.730376402604341e-10	1.2077878158365139e-05	1.0	1.2077878158365139e-05	0.0	7.523153279872267e-06	1.9527188873506022e-05	1.6167731299708046	1.2077878158365139e-05	0.00010870090342528624
ti|1122975|org|Porphyromonas_somerae_DSM_23386|accession|NZ_AQVC01000033.1	4.58852701275343e-10	1.2077878158365139e-05	1.0	1.2077878158365139e-05	0.0	1.0466227808204097e-05	7.503577875334964e-06	0.6212662337662337	0.0	0.00010870090342528624
ti|525263|org|Corynebacterium_lipophiloflavum_DSM_44291|accession|NZ_GG667266.1	4.5885267183571977e-10	1.2077878158365139e-05	1.0	1.2077878158365139e-05	0.0	4.5885267183571977e-10	1.2077878158365139e-05	1.0	1.2077878158365139e-05	0.0
ti|78344|org|Bifidobacterium_gallinarum|accession|NZ_JGYX01000004.1	3.929501409523268e-10	2.4155756316730277e-05	2.0	2.4155756316730277e-05	0.0	5.326655545893419e-07	2.4155756316730277e-05	2.0	2.4155756316730277e-05	0.0
ti|1121129|org|Butyricimonas_synergistica_DSM_23225|accession|NZ_KB903359.1	3.675527647012144e-10	4.8311512633460555e-05	4.0	4.8311512633460555e-05	0.0	2.0827158504231662e-08	6.038939079182569e-05	5.0	6.038939079182569e-05	0.0
ti|1236513|org|Bacteroides_faecichinchillae_JCM_17102|accession|NZ_BAKK01000044.1	3.674206536267254e-10	3.623363447509542e-05	3.0	3.623363447509542e-05	0.0	3.6742158171664934e-10	3.623363447509542e-05	3.0	3.623363447509542e-05	0.0
ti|796334|org|Erwinia_oleae|accession|NZ_JNVB01000142.1	3.674204967671703e-10	1.2077878158365139e-05	1.0	1.2077878158365139e-05	0.0	3.674204967671703e-10	1.2077878158365139e-05	1.0	1.2077878158365139e-05	0.0
ti|1256908|org|Eubacterium_ramulus_ATCC_29099|accession|NZ_KI271178.1	3.674204967671703e-10	1.2077878158365139e-05	1.0	1.2077878158365139e-05	0.0	3.674204967671703e-10	1.2077878158365139e-05	1.0	1.2077878158365139e-05	0.0
ti|1445607|org|Bacteroides_reticulotermitis_JCM_10512|accession|NZ_BAIV01000001.1	3.118199660437548e-10	3.623363447509542e-05	3.0	3.623363447509542e-05	0.0	2.541902847840584e-05	5.435045171264312e-05	4.5	3.623363447509542e-05	7.246726895019084e-05
ti|85154|org|Streptococcus_virus_O1205|accession|NC_004303.1	2.9420733435974554e-10	1.2077878158365139e-05	1.0	1.2077878158365139e-05	0.0	2.9420733435974554e-10	1.2077878158365139e-05	1.0	1.2077878158365139e-05	0.0
ti|566550|org|Hungatella_hathewayi_DSM_13479|accession|NZ_GG667660.1	2.519519239967378e-10	2.4155756316730277e-05	2.0	2.4155756316730277e-05	0.0	2.4258557269070273e-09	3.623363447509542e-05	3.0	3.623363447509542e-05	0.0
ti|411469|org|Anaerobutyricum_hallii_DSM_3353|accession|NZ_ACEP01000155.1	1.886399729237235e-10	1.2077878158365139e-05	1.0	1.2077878158365139e-05	0.0	1.886399729237235e-10	1.2077878158365139e-05	1.0	1.2077878158365139e-05	0.0
ti|230089|org|Photorhabdus_thracensis|accession|NZ_CP011104.1	1.510510820052406e-10	1.2077878158365139e-05	1.0	1.2077878158365139e-05	0.0	1.1444029418811496e-10	1.2077878158365139e-05	1.0	1.2077878158365139e-05	0.0
ti|1006000|org|Kluyvera_ascorbata_ATCC_33433|accession|NZ_JMPL01000202.1	1.5105108200524053e-10	1.2077878158365139e-05	1.0	1.2077878158365139e-05	0.0	9.145931447900843e-11	1.2077878158365139e-05	1.0	1.2077878158365139e-05	0.0
ti|742817|org|Odoribacter_laneus_YIT_12061|accession|NZ_JH594596.1	1.2728365592814638e-10	7.246726895019084e-05	6.0	7.246726895019084e-05	0.0	1.3635782291386783e-05	0.00010205807043818543	8.450000000000001	9.662302526692111e-05	6.038939079182569e-05
ti|536231|org|Roseburia_intestinalis_L1-82|accession|NZ_GG692780.1	1.2095225111264933e-10	1.2077878158365139e-05	1.0	1.2077878158365139e-05	0.0	6.472077849545785e-09	1.811681723754771e-05	1.5	1.2077878158365139e-05	1.2077878158365139e-05
ti|1349822|org|Coprobacter_fastidiosus_NSB1|accession|NZ_KI440780.1	9.685099143288519e-11	1.2077878158365139e-05	1.0	1.2077878158365139e-05	0.0	9.99105314094541e-11	1.2077878158365139e-05	1.0	1.2077878158365139e-05	0.0
ti|356829|org|Bifidobacterium_tsurumiense|accession|NZ_JGZU01000001.1	7.755221134988602e-11	1.2077878158365139e-05	1.0	1.2077878158365139e-05	0.0	7.755221134988602e-11	1.2077878158365139e-05	1.0	1.2077878158365139e-05	0.0
ti|1218112|org|Kluyvera_cryocrescens_NBRC_102467|accession|NZ_BCTM01000048.1	7.755221134988602e-11	1.2077878158365139e-05	1.0	1.2077878158365139e-05	0.0	7.755221134988602e-11	1.2077878158365139e-05	1.0	1.2077878158365139e-05	0.0
ti|1236509|org|Prevotella_dentasini_JCM_15908|accession|NZ_BAKG01000011.1	6.210843928417224e-11	1.2077878158365139e-05	1.0	1.2077878158365139e-05	0.0	3.9099928162236345e-06	4.025959386121713e-06	0.3333333333333333	0.0	1.2077878158365139e-05
ti|1150869|org|Escherichia_phage_P13374|accession|NC_018846.1	6.209895844727945e-11	1.2077878158365139e-05	1.0	1.2077878158365139e-05	0.0	4.194497079468506e-06	7.85062080293734e-06	0.65	1.2077878158365139e-05	2.4155756316730277e-05
ti|763034|org|Bacteroides_fluxus_YIT_12057|accession|NZ_GL882688.1	6.209895630676363e-11	1.2077878158365139e-05	1.0	1.2077878158365139e-05	0.0	2.5113191722989478e-08	2.4155756316730277e-05	2.0	2.4155756316730277e-05	0.0
ti|68895|org|Cupriavidus_basilensis|accession|NZ_CP010536.1	6.209895630676363e-11	1.2077878158365139e-05	1.0	1.2077878158365139e-05	0.0	1.700757224005998e-10	1.2077878158365139e-05	1.0	1.2077878158365139e-05	0.0
ti|1408437|org|Agathobaculum_desmolans_ATCC_43058|accession|NZ_JNJN01000053.1	6.209895630676363e-11	1.2077878158365139e-05	1.0	1.2077878158365139e-05	0.0	1.2397724789297463e-07	1.2077878158365139e-05	1.0	1.2077878158365139e-05	0.0
ti|667015|org|Bacteroides_salanitronis_DSM_18170|accession|NC_015164.1	4.9991297510094165e-11	0.00016909029421711193	14.0	0.00016909029421711193	0.0	6.907277063601966e-05	0.00020062118630644334	16.610631741428282	0.00014493453790038167	0.000881685105560655
ti|679190|org|Prevotella_buccalis_ATCC_35310|accession|NZ_ADEG01000048.1	4.9724956996921934e-11	1.2077878158365139e-05	1.0	1.2077878158365139e-05	0.0	7.52540060857918e-11	1.2077878158365139e-05	1.0	1.2077878158365139e-05	0.0
ti|1033731|org|Alistipes_timonensis_JC136|accession|NZ_FNRI01000014.1	3.188266724194924e-11	2.4155756316730277e-05	2.0	2.4155756316730277e-05	0.0	1.3966335766841532e-10	3.623363447509542e-05	3.0	3.623363447509542e-05	0.0
ti|679190|org|Prevotella_buccalis_ATCC_35310|accession|NZ_ADEG01000092.1	2.5535135389084198e-11	2.4155756316730277e-05	2.0	2.4155756316730277e-05	0.0	2.5535135389084198e-11	2.4155756316730277e-05	2.0	2.4155756316730277e-05	0.0
ti|1841865|org|Mediterranea_massiliensis|accession|NZ_LT635838.1	2.5529644165379066e-11	1.2077878158365139e-05	1.0	1.2077878158365139e-05	0.0	3.110415577230907e-05	4.62985329403997e-05	3.8333333333333335	3.623363447509542e-05	3.623363447509542e-05
ti|1298596|org|Ruminococcus_faecis_JCM_15917|accession|NZ_BBDW01000019.1	2.5529644165379066e-11	1.2077878158365139e-05	1.0	1.2077878158365139e-05	0.0	2.1251276901883506e-09	1.2077878158365139e-05	1.0	1.2077878158365139e-05	0.0
ti|1236513|org|Bacteroides_faecichinchillae_JCM_17102|accession|NZ_BAKK01000064.1	2.099110097732495e-11	2.4155756316730277e-05	2.0	2.4155756316730277e-05	0.0	2.099110097732495e-11	2.4155756316730277e-05	2.0	2.4155756316730277e-05	0.0
ti|40518|org|Ruminococcus_bromii|accession|NZ_FMUV01000047.1	2.0442540957482444e-11	1.2077878158365139e-05	1.0	1.2077878158365139e-05	0.0	1.9463011049800176e-11	1.2077878158365139e-05	1.0	1.2077878158365139e-05	0.0
ti|428127|org|Absiella_dolichum_DSM_3991|accession|NZ_DS483473.1	1.3107356357316267e-11	1.2077878158365139e-05	1.0	1.2077878158365139e-05	0.0	5.842878868049792e-05	7.776586100356862e-05	6.438702227651468	3.623363447509542e-05	0.0003623363447509542
ti|1034345|org|Senegalimassilia_anaerobia_JC110|accession|NZ_HE611016.1	1.3107356357316267e-11	1.2077878158365139e-05	1.0	1.2077878158365139e-05	0.0	1.313050751283842e-05	1.811681723754771e-05	1.5	1.2077878158365139e-05	1.2077878158365139e-05
ti|1427517|org|Xenorhabdus_cabanillasii_JM26|accession|NZ_CBXE010000044.1	1.0495550488662475e-11	1.2077878158365139e-05	1.0	1.2077878158365139e-05	0.0	1.043264809007506e-11	1.2077878158365139e-05	1.0	1.2077878158365139e-05	0.0
ti|1236513|org|Bacteroides_faecichinchillae_JCM_17102|accession|NZ_BAKK01000002.1	6.910123248103025e-12	3.623363447509542e-05	3.0	3.623363447509542e-05	0.0	3.3246538289417436e-11	4.8311512633460555e-05	4.0	4.8311512633460555e-05	0.0
ti|679190|org|Prevotella_buccalis_ATCC_35310|accession|NZ_ADEG01000097.1	6.729541139106816e-12	1.2077878158365139e-05	1.0	1.2077878158365139e-05	0.0	6.729541139106816e-12	1.2077878158365139e-05	1.0	1.2077878158365139e-05	0.0
ti|1291051|org|[Clostridium]_glycyrrhizinilyticum_JCM_13369|accession|NZ_BBAB01000002.1	5.392116159498385e-12	2.4155756316730277e-05	2.0	2.4155756316730277e-05	0.0	2.1687333605935944e-05	3.0194695395912846e-05	2.5	2.4155756316730277e-05	1.2077878158365139e-05
ti|411483|org|Faecalibacterium_prausnitzii_A2-165|accession|NZ_GG697158.2	4.404997722313888e-12	0.00028986907580076334	24.0	0.00028986907580076334	0.0	3.503850511146525e-07	0.00030798589303831104	25.5	0.0003019469539591285	1.2077878158365139e-05
ti|679190|org|Prevotella_buccalis_ATCC_35310|accession|NZ_ADEG01000035.1	4.314849801527874e-12	1.2077878158365139e-05	1.0	1.2077878158365139e-05	0.0	4.314849801527874e-12	1.2077878158365139e-05	1.0	1.2077878158365139e-05	0.0
ti|1408437|org|Agathobaculum_desmolans_ATCC_43058|accession|NZ_JNJN01000026.1	4.314849801527874e-12	1.2077878158365139e-05	1.0	1.2077878158365139e-05	0.0	4.314849801527874e-12	1.2077878158365139e-05	1.0	1.2077878158365139e-05	0.0
ti|679190|org|Prevotella_buccalis_ATCC_35310|accession|NZ_ADEG01000002.1	3.4550616240515124e-12	1.2077878158365139e-05	1.0	1.2077878158365139e-05	0.0	3.4550616240515124e-12	1.2077878158365139e-05	1.0	1.2077878158365139e-05	0.0
ti|1121947|org|Helcococcus_sueciensis_DSM_17243|accession|NZ_AUHK01000036.1	3.4550616240515124e-12	1.2077878158365139e-05	1.0	1.2077878158365139e-05	0.0	1.1046830877090506e-12	1.2077878158365139e-05	1.0	0.0	1.2077878158365139e-05
ti|1348253|org|Microbacterium_mangrovi|accession|NZ_JTDK01000045.1	2.766597071760559e-12	1.2077878158365139e-05	1.0	1.2077878158365139e-05	0.0	2.766597071760559e-12	1.2077878158365139e-05	1.0	1.2077878158365139e-05	0.0
ti|411467|org|Pseudoflavonifractor_capillosus_ATCC_29799|accession|NZ_AAXG02000024.1	1.8769803788416067e-12	3.623363447509542e-05	3.0	3.623363447509542e-05	0.0	8.912322463331282e-11	3.698850185999324e-05	3.0625	3.623363447509542e-05	1.2077878158365139e-05
ti|762982|org|Paraprevotella_xylaniphila_YIT_11841|accession|NZ_GL883857.1	1.7738877851006132e-12	1.2077878158365139e-05	1.0	1.2077878158365139e-05	0.0	1.7738877851006132e-12	1.2077878158365139e-05	1.0	1.2077878158365139e-05	0.0
ti|547042|org|Bacteroides_coprophilus_DSM_18228_=_JCM_13818|accession|NZ_EQ973635.1	1.4227402969329995e-12	3.623363447509542e-05	3.0	3.623363447509542e-05	0.0	1.4947234233164255e-05	6.585319281584803e-05	5.452380952380953	6.038939079182569e-05	3.623363447509542e-05
ti|762982|org|Paraprevotella_xylaniphila_YIT_11841|accession|NZ_GL883889.1	1.1373820590819646e-12	1.2077878158365139e-05	1.0	1.2077878158365139e-05	0.0	1.1373820590819646e-12	1.2077878158365139e-05	1.0	1.2077878158365139e-05	0.0
ti|518637|org|Holdemanella_biformis_DSM_3989|accession|NZ_DS996859.1	1.1373820590819646e-12	1.2077878158365139e-05	1.0	1.2077878158365139e-05	0.0	1.1373820590819646e-12	1.2077878158365139e-05	1.0	1.2077878158365139e-05	0.0
ti|1006000|org|Kluyvera_ascorbata_ATCC_33433|accession|NZ_JMPL01000041.1	9.107443561134582e-13	1.2077878158365139e-05	1.0	1.2077878158365139e-05	0.0	8.216985126168035e-13	1.2077878158365139e-05	1.0	1.2077878158365139e-05	0.0
ti|679190|org|Prevotella_buccalis_ATCC_35310|accession|NZ_ADEG01000099.1	7.292670704354264e-13	2.4155756316730277e-05	2.0	2.4155756316730277e-05	0.0	3.5685791659957053e-12	3.0194695395912846e-05	2.5	3.623363447509542e-05	0.0
ti|476272|org|Blautia_hydrogenotrophica_DSM_10507|accession|NZ_GG657680.1	7.292670704354264e-13	1.2077878158365139e-05	1.0	1.2077878158365139e-05	0.0	7.622363152431078e-06	6.038939079182569e-05	5.0	6.038939079182569e-05	1.2077878158365139e-05
ti|1211813|org|Alistipes_ihumii_AP11|accession|NZ_CAPH01000023.1	7.292670704354264e-13	1.2077878158365139e-05	1.0	1.2077878158365139e-05	0.0	2.625917540884671e-11	1.2077878158365139e-05	1.0	1.2077878158365139e-05	0.0
ti|1203606|org|Butyricicoccus_pullicaecorum_1.2|accession|NZ_KB976104.1	7.292670704354264e-13	1.2077878158365139e-05	1.0	1.2077878158365139e-05	0.0	2.8881297755537415e-06	1.4392804805385123e-05	1.1916666666666667	1.2077878158365139e-05	2.4155756316730277e-05
ti|451640|org|Catenibacterium_mitsuokai_DSM_15897|accession|NZ_ACCK01000404.1	5.839514200132169e-13	1.2077878158365139e-05	1.0	1.2077878158365139e-05	0.0	5.839514200132169e-13	1.2077878158365139e-05	1.0	1.2077878158365139e-05	0.0
ti|379329|org|Stx2-converting_phage_86|accession|NC_008464.1	4.675917434909625e-13	1.2077878158365139e-05	1.0	1.2077878158365139e-05	0.0	4.5535208720228165e-06	1.6506433483099023e-05	1.3666666666666667	1.2077878158365139e-05	3.623363447509542e-05
ti|1871018|org|Angelakisella_massiliensis|accession|NZ_LT629944.1	2.998106557181755e-13	2.4155756316730277e-05	2.0	2.4155756316730277e-05	0.0	3.548232409574225e-05	3.5283920978882086e-05	2.921367521367521	1.2077878158365139e-05	0.00014493453790038167
ti|1410649|org|Blautia_schinkii_DSM_10518|accession|NZ_JNKJ01000014.1	2.0558970500435982e-13	2.4155756316730277e-05	2.0	2.4155756316730277e-05	0.0	2.0558970500435982e-13	2.4155756316730277e-05	2.0	2.4155756316730277e-05	0.0
ti|1852370|org|Prevotellamassilia_timonensis|accession|NZ_LT629844.1	1.9994370692684091e-13	3.623363447509542e-05	3.0	3.623363447509542e-05	0.0	4.8148063367046535e-05	0.00011949543654684278	9.893744164332395	0.00010870090342528624	0.0001570124160587468
ti|220341|org|Salmonella_enterica_subsp._enterica_serovar_Typhi_str._CT18|accession|NC_003198.1	1.4006231361382243e-13	3.623363447509542e-05	3.0	3.623363447509542e-05	0.0	2.8339643936684713e-05	0.0001631184544610314	13.505555555555556	0.00016909029421711193	8.454514710855597e-05
ti|61647|org|Pluralibacter_gergoviae|accession|NZ_CP009450.1	1.343291302987477e-13	0.0002536354413256679	21.0	0.0002536354413256679	0.0	1.6995137190458472e-05	0.00028919808256974304	23.944444444444443	0.00027779119764239816	4.8311512633460555e-05
ti|585502|org|Prevotella_bergensis_DSM_17361|accession|NZ_GG704806.1	1.232558453907613e-13	1.2077878158365139e-05	1.0	1.2077878158365139e-05	0.0	1.232558453907613e-13	1.2077878158365139e-05	1.0	1.2077878158365139e-05	0.0
ti|1042878|org|Cupriavidus_necator_N-1|accession|NC_015727.1	1.232558453907613e-13	1.2077878158365139e-05	1.0	1.2077878158365139e-05	0.0	1.232558453907613e-13	1.2077878158365139e-05	1.0	1.2077878158365139e-05	0.0
ti|547042|org|Bacteroides_coprophilus_DSM_18228_=_JCM_13818|accession|NZ_EQ973633.1	9.86955655325132e-14	1.2077878158365139e-05	1.0	1.2077878158365139e-05	0.0	9.975947977757009e-14	1.2077878158365139e-05	1.0	1.2077878158365139e-05	0.0
ti|379893|org|Trabulsiella_odontotermitis|accession|NZ_LIFV01000005.1	7.902923082391091e-14	1.2077878158365139e-05	1.0	1.2077878158365139e-05	0.0	2.82586368843984e-13	3.623363447509542e-05	3.0	3.623363447509542e-05	0.0
ti|290052|org|Acetivibrio_ethanolgignens|accession|NZ_LNAM01000196.1	6.328166104445096e-14	1.2077878158365139e-05	1.0	1.2077878158365139e-05	0.0	6.328166104445096e-14	1.2077878158365139e-05	1.0	1.2077878158365139e-05	0.0
ti|1291051|org|[Clostridium]_glycyrrhizinilyticum_JCM_13369|accession|NZ_BBAB01000008.1	5.067199291699581e-14	1.2077878158365139e-05	1.0	1.2077878158365139e-05	0.0	5.12725736264188e-14	1.811681723754771e-05	1.5	2.4155756316730277e-05	0.0
ti|1218112|org|Kluyvera_cryocrescens_NBRC_102467|accession|NZ_BCTM01000015.1	4.0770853886898895e-14	2.4155756316730277e-05	2.0	2.4155756316730277e-05	0.0	2.6063956757106327e-10	2.4155756316730277e-05	2.0	2.4155756316730277e-05	0.0
ti|61652|org|Serratia_rubidaea|accession|NZ_CP014474.1	4.0591958640224625e-14	8.454514710855597e-05	7.0	8.454514710855597e-05	0.0	2.670624293145949e-06	6.280496642349873e-05	5.2	6.038939079182569e-05	1.2077878158365139e-05
ti|742818|org|Slackia_piriformis_YIT_12062|accession|NZ_JH815198.1	4.0574960008973855e-14	3.623363447509542e-05	3.0	3.623363447509542e-05	0.0	1.6281054775357365e-10	4.227257355427798e-05	3.5	4.8311512633460555e-05	0.0
ti|568814|org|Streptococcus_suis_BM407|accession|NC_012926.1	4.0574960008973855e-14	1.2077878158365139e-05	1.0	1.2077878158365139e-05	0.0	3.565530936293868e-06	1.4857900516725394e-05	1.2301747311827957	1.2077878158365139e-05	3.623363447509542e-05
ti|911023|org|Yokenella_regensburgei_ATCC_49455|accession|NZ_JMPS01000064.1	3.255437499200675e-14	3.623363447509542e-05	3.0	3.623363447509542e-05	0.0	3.7632892449865775e-11	3.623363447509542e-05	3.0	3.623363447509542e-05	0.0
ti|745368|org|Gemmiger_formicilis|accession|NZ_FUYF01000064.1	3.248988810103933e-14	1.2077878158365139e-05	1.0	1.2077878158365139e-05	0.0	3.248988810103933e-14	1.2077878158365139e-05	1.0	1.2077878158365139e-05	0.0
ti|208224|org|Enterobacter_kobei|accession|NZ_FYBC01000003.1	3.248988810103933e-14	2.4155756316730277e-05	2.0	2.4155756316730277e-05	0.0	6.889773236895091e-11	3.0194695395912846e-05	2.5	2.4155756316730277e-05	1.2077878158365139e-05
ti|536231|org|Roseburia_intestinalis_L1-82|accession|NZ_GG692798.1	2.601586861908377e-14	1.2077878158365139e-05	1.0	1.2077878158365139e-05	0.0	2.601586861908377e-14	1.2077878158365139e-05	1.0	1.2077878158365139e-05	0.0
ti|138074|org|Serratia_symbiotica|accession|NZ_CCES01000032.1	2.0831879072670255e-14	1.2077878158365139e-05	1.0	1.2077878158365139e-05	0.0	3.9364912139765356e-07	1.2077878158365139e-05	1.0	1.2077878158365139e-05	0.0
ti|40518|org|Ruminococcus_bromii|accession|NZ_FMUV01000039.1	2.083187907267019e-14	1.2077878158365139e-05	1.0	1.2077878158365139e-05	0.0	2.083187907267019e-14	1.2077878158365139e-05	1.0	1.2077878158365139e-05	0.0
ti|301302|org|Roseburia_faecis|accession|NZ_CYXV01000020.1	2.083187907267019e-14	1.2077878158365139e-05	1.0	1.2077878158365139e-05	0.0	2.083187907267019e-14	1.2077878158365139e-05	1.0	1.2077878158365139e-05	0.0
ti|1796646|org|Muribaculum_intestinale|accession|NZ_CP021421.1	2.083187907267019e-14	1.2077878158365139e-05	1.0	1.2077878158365139e-05	0.0	1.3681161040575636e-08	1.2077878158365139e-05	1.0	1.2077878158365139e-05	0.0
ti|470145|org|Bacteroides_coprocola_DSM_17136|accession|NZ_DS981430.1	1.658099408668879e-14	3.623363447509542e-05	3.0	3.623363447509542e-05	0.0	3.156147564704996e-14	3.623363447509542e-05	3.0	3.623363447509542e-05	0.0
ti|1300165|org|Kosakonia_cowanii_JCM_10956_=_DSM_18146|accession|NZ_CP019445.1	1.4685817910106754e-14	9.662302526692111e-05	8.0	9.662302526692111e-05	0.0	1.1973023809440986e-05	0.00016023318356764415	13.266666666666666	0.00013285665974201651	8.454514710855597e-05
ti|428127|org|Absiella_dolichum_DSM_3991|accession|NZ_DS483460.1	1.3356992317003112e-14	1.2077878158365139e-05	1.0	1.2077878158365139e-05	0.0	1.3668060081089904e-05	1.2077878158365139e-05	1.0	1.2077878158365139e-05	0.0
ti|679190|org|Prevotella_buccalis_ATCC_35310|accession|NZ_ADEG01000025.1	1.3356992315540345e-14	1.2077878158365139e-05	1.0	1.2077878158365139e-05	0.0	1.3356992315540345e-14	1.2077878158365139e-05	1.0	1.2077878158365139e-05	0.0
ti|1692|org|Bifidobacterium_magnum|accession|NZ_JGZB01000003.1	1.0695443337525624e-14	1.2077878158365139e-05	1.0	1.2077878158365139e-05	0.0	1.3516232911149008e-13	1.2077878158365139e-05	1.0	1.2077878158365139e-05	0.0
ti|1006000|org|Kluyvera_ascorbata_ATCC_33433|accession|NZ_JMPL01000018.1	1.0695443337525624e-14	1.2077878158365139e-05	1.0	1.2077878158365139e-05	0.0	1.0695443337525624e-14	2.4155756316730277e-05	2.0	2.4155756316730277e-05	0.0
ti|1236513|org|Bacteroides_faecichinchillae_JCM_17102|accession|NZ_BAKK01000016.1	8.0167525655547e-15	3.623363447509542e-05	3.0	3.623363447509542e-05	0.0	1.7952557688830288e-13	4.8311512633460555e-05	4.0	4.8311512633460555e-05	0.0
ti|40518|org|Ruminococcus_bromii|accession|NZ_FMUV01000025.1	6.857717407176629e-15	1.2077878158365139e-05	1.0	1.2077878158365139e-05	0.0	8.202055531298257e-14	1.2077878158365139e-05	1.0	1.2077878158365139e-05	0.0
ti|1437610|org|Bifidobacterium_reuteri_DSM_23975|accession|NZ_JGZK01000008.1	6.8577085135852594e-15	1.2077878158365139e-05	1.0	1.2077878158365139e-05	0.0	4.7015630159594543e-08	1.2077878158365139e-05	1.0	1.2077878158365139e-05	0.0
ti|1122142|org|Lachnobacterium_bovis_DSM_14045|accession|NZ_FNPG01000042.1	5.591798975569104e-15	2.4155756316730277e-05	2.0	2.4155756316730277e-05	0.0	5.591798975569104e-15	2.4155756316730277e-05	2.0	2.4155756316730277e-05	0.0
ti|888832|org|Prevotella_salivae_DSM_15606|accession|NZ_GL629647.1	5.49122370512871e-15	1.2077878158365139e-05	1.0	1.2077878158365139e-05	0.0	3.5694852987070375e-05	3.7964232705079576e-05	3.1432866110497684	1.2077878158365139e-05	0.00043480361370114496
ti|40518|org|Ruminococcus_bromii|accession|NZ_FMUV01000042.1	4.408219821927122e-15	0.00010870090342528624	9.0	0.00010870090342528624	0.0	4.408219821927122e-15	0.00010870090342528624	9.0	0.00010870090342528624	0.0
ti|518637|org|Holdemanella_biformis_DSM_3989|accession|NZ_DS996856.1	4.39702820848001e-15	1.2077878158365139e-05	1.0	1.2077878158365139e-05	0.0	4.39702820848001e-15	1.2077878158365139e-05	1.0	1.2077878158365139e-05	0.0
ti|411467|org|Pseudoflavonifractor_capillosus_ATCC_29799|accession|NZ_AAXG02000011.1	4.39702820848001e-15	2.4155756316730277e-05	2.0	2.4155756316730277e-05	0.0	4.39702820848001e-15	2.4155756316730277e-05	2.0	2.4155756316730277e-05	0.0
ti|911023|org|Yokenella_regensburgei_ATCC_49455|accession|NZ_JMPS01000030.1	4.266759108075856e-15	2.4155756316730277e-05	2.0	2.4155756316730277e-05	0.0	1.6973421847251043e-08	3.623363447509542e-05	3.0	2.4155756316730277e-05	1.2077878158365139e-05
ti|763034|org|Bacteroides_fluxus_YIT_12057|accession|NZ_GL882636.1	3.520864948210206e-15	1.2077878158365139e-05	1.0	1.2077878158365139e-05	0.0	4.2459632471059075e-07	1.2077878158365139e-05	1.0	1.2077878158365139e-05	0.0
ti|478749|org|Marvinbryantia_formatexigens_DSM_14469|accession|NZ_ACCL02000023.1	2.2575095551028355e-15	1.2077878158365139e-05	1.0	1.2077878158365139e-05	0.0	2.2575095551028355e-15	1.2077878158365139e-05	1.0	1.2077878158365139e-05	0.0
ti|112023|org|Streptococcus_virus_7201|accession|NC_002185.1	2.2575095551028355e-15	2.4155756316730277e-05	2.0	2.4155756316730277e-05	0.0	1.584438541260939e-15	1.811681723754771e-05	1.5	2.4155756316730277e-05	0.0
ti|40518|org|Ruminococcus_bromii|accession|NZ_FMUV01000041.1	2.0201083079901267e-15	1.2077878158365139e-05	1.0	1.2077878158365139e-05	0.0	7.726255470019428e-14	1.2077878158365139e-05	1.0	1.2077878158365139e-05	0.0
ti|40518|org|Ruminococcus_bromii|accession|NZ_FMUV01000043.1	1.8076723382129118e-15	1.2077878158365139e-05	1.0	1.2077878158365139e-05	0.0	1.8076723382129118e-15	1.2077878158365139e-05	1.0	1.2077878158365139e-05	0.0
ti|379893|org|Trabulsiella_odontotermitis|accession|NZ_LIFV01000008.1	1.8076723382129118e-15	1.2077878158365139e-05	1.0	1.2077878158365139e-05	0.0	7.534811198042361e-07	1.2077878158365139e-05	1.0	1.2077878158365139e-05	0.0
ti|911023|org|Yokenella_regensburgei_ATCC_49455|accession|NZ_JMPS01000015.1	1.4474708534251722e-15	1.2077878158365139e-05	1.0	1.2077878158365139e-05	0.0	6.467415756545531e-11	1.2077878158365139e-05	1.0	1.2077878158365139e-05	0.0
ti|158822|org|Cedecea_neteri|accession|NZ_CP009451.1	1.3555402920649184e-15	4.8311512633460555e-05	4.0	4.8311512633460555e-05	0.0	2.778048758557683e-06	4.9519300449297065e-05	4.1	4.8311512633460555e-05	2.4155756316730277e-05
ti|1034345|org|Senegalimassilia_anaerobia_JC110|accession|NZ_HE611014.1	1.2596193224106267e-15	2.4155756316730277e-05	2.0	2.4155756316730277e-05	0.0	2.8765137436680366e-05	4.666452924822895e-05	3.8636363636363638	3.623363447509542e-05	3.623363447509542e-05
ti|78344|org|Bifidobacterium_gallinarum|accession|NZ_JGYX01000002.1	1.2196535704530856e-15	2.4155756316730277e-05	2.0	2.4155756316730277e-05	0.0	7.82297058069633e-11	3.0194695395912846e-05	2.5	3.623363447509542e-05	0.0
