species,abundance_cols.Healthy_stool_100_100,abundance_cols.Healthy_stool_100_10,abundance_cols.Healthy_stool_100_1,abundance_cols.Healthy_stool_100_50,abundance_cols.Healthy_stool_10_100,abundance_cols.Healthy_stool_10_10,abundance_cols.Healthy_stool_10_1,abundance_cols.Healthy_stool_10_50
d_Archaea,1,0,1,0,0,0,0,0
d_Bacteria,3568,3668,5240,3375,2480,2958,4438,2799
p_Euryarchaeota,0,1,0,0,1,0,0,1
p_Thaumarchaeota,0,0,1,0,0,0,0,0
p_Actinobacteria,46,12,16,19,30,14,14,10
p_Bacteroidetes,1089,1133,3150,1125,932,1701,2841,1509
p_Candidatus Saccharibacteria,2,4,0,1,0,0,0,0
p_Chloroflexi,1,0,0,0,0,0,0,0
p_Firmicutes,1630,2143,924,1588,478,393,321,413
p_Planctomycetes,17,15,4,8,22,10,5,6
p_Proteobacteria,389,352,407,351,289,299,322,237
p_Tenericutes,2,0,0,1,0,0,0,0
p_Verrucomicrobia,0,1,0,0,0,0,0,0
bacterium 2013Arg42i,2,2,1,0,0,0,0,0
bacterium BFN5,9,4,5,6,0,0,0,0
Candidatus Dependentiae bacterium (ex Spumella elongata CCAP 955/1),0,0,0,1,0,0,0,0
Changjiang picorna-like virus 12,1,0,0,0,0,0,0,0
c_Halobacteria,1,3,33,6,4,16,20,18
c_Methanomicrobia,1,0,0,0,0,0,0,0
c_Thermoplasmata,0,2,1,0,0,0,1,0
Thermobaculum terrenum,0,2,0,0,0,0,0,0
Vampirococcus sp. LiM,1,1,0,0,0,1,0,0
c_Actinobacteria,99,88,64,69,106,67,65,42
c_Coriobacteriia,67,65,43,78,213,166,97,79
Actinobacteria bacterium IMCC19121,1,1,2,1,0,0,0,0
Actinobacteria bacterium IMCC25003,0,2,0,2,0,0,0,0
Actinobacteria bacterium IMCC26077,3,0,0,0,0,1,2,0
Actinobacteria bacterium IMCC26103,1,0,0,0,0,0,0,0
Armatimonadetes bacterium Uphvl-Ar2,0,1,2,1,1,1,0,1
c_Bacteroidia,46,34,69,35,24,53,53,37
candidate division Zixibacteria bacterium,1,1,0,2,5,0,2,1
Candidatus Gracilibacteria bacterium HOT-871,2,1,0,2,0,0,0,0
Candidatus Saccharibacteria bacterium oral taxon 488,2,2,6,6,3,6,2,2
Candidatus Saccharibacteria bacterium YM_S32_TM7_50_20,2,0,0,1,0,0,0,0
o_Nostocales,6,10,39,9,4,15,23,14
c_Bacilli,155,111,95,109,45,50,46,59
c_Clostridia,42,69,29,39,18,17,11,25
c_Negativicutes,17,7,9,6,0,0,0,0
c_Tissierellia,2,1,0,0,0,0,0,0
endosymbiont TC1 of Trimyema compressum,3,1,2,3,0,0,0,0
Kiritimatiellaeota bacterium S-5007,3,8,3,4,0,0,0,1
c_Planctomycetia,0,0,0,1,0,0,0,0
Planctomycetes bacterium,2,1,1,0,3,1,1,1
Planctomycetes bacterium CA51,0,0,1,0,2,0,1,1
Planctomycetes bacterium EC9,0,0,1,1,0,0,0,0
Planctomycetes bacterium ElP,3,0,1,1,0,0,0,0
Planctomycetes bacterium Enr13,0,0,1,1,1,3,1,0
Planctomycetes bacterium Enr17,1,0,0,0,0,0,0,0
Planctomycetes bacterium ETA_A1,1,0,1,3,0,0,0,0
Planctomycetes bacterium FF011L,1,0,1,2,0,0,0,0
Planctomycetes bacterium HG15A2,1,1,1,1,0,0,0,0
Planctomycetes bacterium HG66A1,2,0,0,0,0,0,0,0
Planctomycetes bacterium K22_7,7,2,3,2,0,1,1,2
Planctomycetes bacterium K23_9,1,3,1,1,0,0,0,1
Planctomycetes bacterium KS4,3,3,7,6,1,4,6,6
Gimesia maris,0,1,1,0,0,0,0,0
Planctomycetes bacterium Mal4,1,0,0,0,0,0,0,0
Planctomycetes bacterium Mal48,2,1,0,4,0,0,0,0
Planctomycetes bacterium MalM14,1,0,1,0,0,0,0,0
Planctomycetes bacterium MalM25,0,3,7,1,6,3,5,2
Planctomycetes bacterium Pan161,4,1,0,2,0,0,0,0
Planctomycetes bacterium Pan181,3,2,5,0,1,1,4,5
Planctomycetes bacterium Pan189,1,0,0,0,0,0,0,0
Planctomycetes bacterium Pan216,0,2,0,0,0,1,0,0
Planctomycetes bacterium Pan241w,2,8,39,6,5,12,38,19
Planctomycetes bacterium Pan258,0,0,1,0,0,0,0,0
Planctomycetes bacterium Pan265,1,0,9,2,5,4,5,1
Planctomycetes bacterium Pan44,0,0,0,0,0,1,2,2
Planctomycetes bacterium Pla110,6,2,1,1,0,0,0,0
Planctomycetes bacterium Pla163,1,2,3,0,7,3,1,1
Planctomycetes bacterium Pla175,0,2,0,3,0,0,1,0
Planctomycetes bacterium Pla85_3_4,0,0,6,3,0,3,4,0
Planctomycetes bacterium Poly24,4,1,1,0,0,0,0,0
Planctomycetes bacterium Poly30,1,0,0,0,0,0,0,0
Planctomycetes bacterium Q31a,2,0,1,1,0,1,0,0
Planctomycetes bacterium SRT547,2,4,5,2,0,4,4,1
Planctomycetes bacterium SV_7m_r,2,1,1,1,0,0,0,0
Planctomycetes bacterium TBK1r,2,0,0,0,0,0,0,1
Planctomycetes bacterium V144,0,0,1,0,1,0,0,0
Planctomycetes bacterium V22,2,4,27,3,6,18,30,19
Planctomycetes bacterium V6,2,0,0,1,0,0,0,0
c_Alphaproteobacteria,56,72,72,92,90,73,69,43
c_Betaproteobacteria,62,23,13,30,20,20,20,13
c_Deltaproteobacteria,5,4,1,2,1,0,1,1
c_Epsilonproteobacteria,0,0,3,0,0,1,0,0
c_Gammaproteobacteria,478,309,353,337,149,176,259,173
c_Mollicutes,133,95,47,88,11,22,31,16
Tenericutes bacterium MO-XQ,2,2,0,0,0,0,0,0
Tenericutes bacterium MZ-XQ,2,4,2,1,0,0,0,0
Verrucomicrobia bacterium IMCC26134,1,0,1,0,0,0,1,0
Verrucomicrobia bacterium S94,4,5,1,1,0,0,0,0
Sulfolobus monocaudavirus SMV1,0,0,0,1,0,0,0,0
Pandoravirus neocaledonia,0,0,0,0,0,1,0,0
Pandoravirus salinus,0,0,0,1,0,0,0,0
Conexivisphaera calidus,1,1,0,0,0,0,0,0
Candidatus Prometheoarchaeum syntrophicum,5,2,0,3,0,0,0,0
o_Haloferacales,0,0,0,0,0,0,2,0
Nanohaloarchaea archaeon,0,0,0,0,0,0,0,1
methanogenic archaeon ISO4-H5,1,5,2,1,0,0,0,0
Candidatus Nitrosopelagicus brevis,1,0,1,0,0,0,1,0
Candidatus Nitrosotalea devanaterra,2,5,0,0,2,0,1,0
Candidatus Nitrosotalea okcheonensis,1,0,0,0,0,0,0,0
Candidatus Nitrosotenuis aquarius,0,0,0,1,0,0,0,0
Candidatus Nitrosotenuis cloacae,0,0,0,0,0,0,0,1
Candidatus Nitrosotenuis sp. DW1,0,1,0,1,0,0,0,0
o_Corynebacteriales,18,19,56,8,9,27,66,18
o_Micrococcales,10,3,2,5,5,3,0,1
o_Propionibacteriales,1,0,0,1,0,1,1,0
o_Streptosporangiales,1,2,0,2,0,0,0,0
Actinobacteria bacterium IMCC26256,5,3,0,1,0,0,0,0
Actinobacteria bacterium YIM 96077,2,4,19,5,2,10,27,26
o_Coriobacteriales,26,21,23,31,110,45,54,41
o_Aquificales,0,0,0,1,0,0,0,0
o_Bacteroidales,13642,14425,11642,15046,20924,16748,13656,16896
o_Marinilabiliales,5,0,0,1,0,0,0,0
o_Cytophagales,8,7,10,9,9,12,19,12
o_Flavobacteriales,56,31,149,55,33,69,128,51
f_Rhodothermaceae,4,3,3,0,3,0,1,2
Candidatus Cyclonatronum proteinivorum,5,3,1,8,4,6,1,7
Candidatus Bipolaricaulis anaerobius,0,1,0,1,0,0,0,0
Candidatus Cloacimonas acidaminovorans,4,6,29,11,5,16,17,12
Candidatus Saccharimonas aalborgensis,0,0,0,1,0,0,0,1
f_Aphanizomenonaceae,1,0,0,0,0,0,0,0
f_Nostocaceae,3,4,4,2,2,4,5,5
Nostocales cyanobacterium HT-58-2,1,1,0,5,1,1,0,4
o_Bacillales,124,150,61,105,34,25,21,37
o_Lactobacillales,164,105,47,91,6,3,8,6
o_Clostridiales,10896,4392,1853,4227,1023,998,644,1016
o_Halanaerobiales,0,1,0,0,0,0,0,0
o_Thermoanaerobacterales,0,0,0,0,1,0,0,0
Ndongobacter massiliensis,11,8,4,8,0,2,1,4
o_Fusobacteriales,2,3,1,2,0,0,0,0
o_Sedimentisphaerales,1,0,0,0,0,0,0,0
Phycisphaerae bacterium RAS2,2,0,1,1,0,0,0,0
o_Rhizobiales,11,18,12,26,16,18,21,9
o_Rhodospirillales,2,0,1,0,0,1,2,0
o_Sphingomonadales,5,6,2,2,0,3,2,1
o_Burkholderiales,55,24,24,41,40,12,16,15
o_Neisseriales,4,1,3,0,3,3,1,0
o_Nitrosomonadales,1,7,24,9,11,11,31,10
o_Rhodocyclales,6,1,1,3,7,3,0,0
beta proteobacterium CB,0,3,0,0,0,0,0,0
Betaproteobacteria bacterium GR16-43,1,1,1,0,1,1,0,0
o_Bradymonadales,4,3,2,3,6,7,8,1
o_Desulfobacterales,1,0,0,1,3,6,0,1
o_Desulfovibrionales,0,0,1,2,0,0,0,0
o_Desulfuromonadales,0,4,2,2,5,3,2,4
o_Myxococcales,2,0,1,3,1,0,1,0
o_Campylobacterales,5,2,0,1,0,0,0,0
o_Alteromonadales,15,4,3,1,1,0,0,2
o_Cellvibrionales,1,0,0,4,5,1,1,6
o_Chromatiales,1,0,0,0,0,0,0,0
o_Enterobacterales,132,87,97,89,15,37,59,34
o_Legionellales,0,1,0,0,0,0,0,0
o_Oceanospirillales,2,2,2,1,7,4,4,2
o_Pseudomonadales,0,9,35,10,8,20,36,16
o_Xanthomonadales,5,2,1,0,0,1,0,0
Bathymodiolus septemdierum thioautotrophic gill symbiont,2,1,8,1,1,0,2,5
Bathymodiolus thermophilus thioautotrophic gill symbiont,5,2,1,0,0,1,0,0
Candidatus Palibaumannia cicadellinicola,3,5,0,6,0,0,0,0
endosymbiont of Euscepes postfasciatus,1,0,0,0,0,0,0,0
endosymbiont of unidentified scaly snail isolate Monju,2,0,0,0,0,0,1,0
gamma proteobacterium HdN1,0,0,0,2,0,0,0,0
gamma proteobacterium SS-5,6,0,1,4,0,1,1,0
Gammaproteobacteria bacterium DM2,0,3,15,0,2,10,21,7
Gammaproteobacteria bacterium ESL0073,2,1,1,2,0,0,0,0
Candidatus Izimaplasma sp. HR1,6,2,1,3,0,0,0,0
o_Thermotogales,0,1,0,0,0,0,0,0
Adoxophyes orana granulovirus,1,0,0,0,0,0,0,0
Spodoptera frugiperda granulovirus,0,0,0,1,0,0,0,0
f_Methanobacteriaceae,0,1,0,0,0,0,0,0
f_Methanomicrobiaceae,1,0,0,0,0,0,0,0
Thermoplasmatales archaeon BRNA1,0,0,3,3,1,0,0,5
g_Nitrosopumilus,0,0,0,1,0,1,2,2
f_Acidobacteriaceae,0,6,2,3,0,0,0,0
Chloracidobacterium thermophilum,0,0,0,3,0,0,0,0
f_Actinomycetaceae,3,3,0,1,5,3,0,1
f_Bifidobacteriaceae,3,3,2,3,6,4,3,1
f_Corynebacteriaceae,1,1,3,3,0,0,0,0
f_Mycobacteriaceae,9,13,30,15,23,22,31,14
f_Nocardiaceae,0,4,0,0,0,0,0,0
g_Tomitella,1,0,0,0,0,0,0,0
f_Microbacteriaceae,6,2,7,7,1,3,4,5
f_Micrococcaceae,6,3,0,6,0,1,0,0
f_Promicromonosporaceae,3,1,0,0,0,0,0,0
f_Micromonosporaceae,5,1,0,1,1,0,0,1
f_Nocardioidaceae,0,0,0,1,0,0,0,0
f_Propionibacteriaceae,1,0,0,0,0,0,0,0
f_Pseudonocardiaceae,0,1,0,0,0,0,0,0
f_Streptomycetaceae,2,2,1,5,0,0,0,0
f_Atopobiaceae,34,21,7,17,32,25,16,14
f_Coriobacteriaceae,1,4,1,1,8,8,4,2
f_Eggerthellaceae,249,77,34,115,23,11,10,8
f_Aquificaceae,0,0,1,0,0,0,0,1
f_Dysgonomonadaceae,6,2,7,3,1,3,4,5
f_Muribaculaceae,18,23,40,22,7,18,29,9
f_Odoribacteraceae,33,19,14,21,3,0,0,2
f_Prevotellaceae,32,24,232,48,51,100,196,108
f_Rikenellaceae,3,4,6,11,14,10,9,12
f_Tannerellaceae,4,6,3,2,0,1,0,0
g_Phocaeicola,3553,5960,6133,9487,21684,18729,12618,20808
Bacteroidales bacterium CF,15,27,94,16,42,67,101,61
f_Prolixibacteraceae,2,1,0,1,0,0,0,0
f_Chitinophagaceae,13,5,4,3,0,1,0,0
f_Cyclobacteriaceae,0,0,1,0,0,0,0,0
f_Cytophagaceae,3,1,1,4,0,0,0,0
f_Hymenobacteraceae,9,5,9,3,5,9,7,3
Cytophagales bacterium TFI 002,8,2,2,0,2,3,7,1
f_Flavobacteriaceae,87,80,159,95,46,74,142,63
f_Weeksellaceae,6,9,14,4,4,5,14,4
Candidatus Uzinura diaspidicola,1,0,0,0,0,0,0,0
f_Sphingobacteriaceae,18,15,10,13,3,5,2,4
Rhodothermaceae bacterium,3,3,21,10,17,16,26,14
Rhodothermaceae bacterium RA,0,0,1,1,4,2,3,2
f_Chlorobiaceae,0,0,0,2,0,0,0,0
Dehalogenimonas formicexedens,1,0,1,4,0,0,0,0
Dehalogenimonas lykanthroporepellens,2,0,0,0,1,2,0,0
g_Dolichospermum,2,0,1,0,0,0,0,0
g_Calothrix,5,1,4,0,0,0,0,0
g_Nostoc,4,11,5,5,0,0,1,0
g_Brasilonema,0,1,2,1,0,0,0,0
g_Scytonema,2,1,1,0,0,0,0,0
f_Bacillaceae,52,63,33,48,43,18,17,64
f_Paenibacillaceae,13,20,9,10,2,2,1,0
f_Planococcaceae,4,10,4,4,0,0,0,0
f_Staphylococcaceae,4,3,0,0,0,0,0,0
f_Thermoactinomycetaceae,2,1,0,0,0,0,0,0
g_Exiguobacterium,3,0,1,4,0,0,0,0
g_Gemella,6,7,5,7,8,5,8,8
f_Carnobacteriaceae,0,1,0,0,0,0,0,0
f_Enterococcaceae,13,2,0,14,2,9,3,4
f_Lactobacillaceae,1,1,0,1,0,0,0,0
f_Streptococcaceae,7,4,9,10,2,1,1,1
f_Clostridiaceae,10,23,7,6,1,0,0,4
f_Clostridiales Family XIII. Incertae Sedis,0,0,0,2,0,0,0,0
f_Hungateiclostridiaceae,0,0,1,0,0,0,1,0
f_Lachnospiraceae,15461,28125,24731,40139,99481,74429,49523,44879
f_Oscillospiraceae,30,32,19,29,24,23,17,21
f_Peptococcaceae,5,1,1,1,0,0,0,0
f_Peptostreptococcaceae,110,30,6,21,6,6,7,10
f_Ruminococcaceae,61,56,34,55,30,43,22,42
Clostridiales bacterium,65,54,21,51,47,41,28,42
Clostridiales bacterium CCNA10,319,287,127,272,82,117,83,175
f_Halanaerobiaceae,1,0,0,0,0,0,0,0
f_Thermoanaerobacteraceae,0,1,1,0,0,0,0,0
Thermoanaerobacterales bacterium SK-G1,7,3,5,5,0,0,0,0
f_Erysipelotrichaceae,241,321,124,256,4,11,3,5
f_Acidaminococcaceae,11,2,2,4,0,0,0,0
f_Veillonellaceae,2,1,0,0,0,2,1,0
Ezakiella massiliensis,49,21,6,15,0,0,0,0
f_Peptoniphilaceae,7,1,1,1,0,0,0,0
Victivallales bacterium CCUG 44730,0,15,13,13,19,16,27,22
f_Gemmataceae,1,4,1,1,7,2,4,5
Planctomycetales bacterium 10988,2,2,2,1,0,0,0,0
Candidatus Puniceispirillum marinum,0,3,1,0,0,0,0,0
Micavibrio aeruginosavorus,4,3,0,3,0,1,3,3
Phreatobacter cathodiphilus,3,0,1,1,5,4,6,1
Phreatobacter sp. NMCR1094,0,0,0,1,1,1,0,0
Phreatobacter stygius,4,2,0,2,0,0,0,0
Polymorphum gilvum,0,3,0,0,0,0,0,0
f_Caulobacteraceae,3,0,0,1,0,0,0,0
f_Bradyrhizobiaceae,9,1,0,2,0,0,0,0
f_Brucellaceae,0,0,0,1,0,0,0,0
f_Hyphomicrobiaceae,0,0,0,1,0,0,0,0
f_Methylobacteriaceae,1,2,0,1,0,0,0,0
f_Phyllobacteriaceae,1,1,0,1,0,0,0,0
f_Rhizobiaceae,16,4,7,16,3,1,2,0
g_Methyloceanibacter,0,2,0,0,0,0,0,0
f_Hyphomonadaceae,1,0,0,0,0,0,0,0
f_Rhodobacteraceae,10,21,17,23,11,6,15,5
f_Acetobacteraceae,2,0,0,2,0,0,0,0
f_Rhodospirillaceae,2,3,0,2,0,0,0,0
f_Rickettsiaceae,0,0,0,1,0,0,0,0
Rickettsiales bacterium Ac37b,0,1,1,0,0,0,1,0
Rickettsiales endosymbiont of Stachyamoeba lipophora,1,1,1,0,0,0,0,0
f_Erythrobacteraceae,1,1,1,2,0,0,0,0
f_Sphingomonadaceae,6,4,0,2,1,3,1,1
Candidatus Accumulibacter phosphatis,2,0,1,1,4,3,1,8
Candidatus Kinetoplastidibacterium blastocrithidiae,0,0,1,0,0,0,0,0
Candidatus Kinetoplastidibacterium desouzai,3,0,2,0,0,0,0,0
Candidatus Kinetoplastidibacterium galati,1,0,0,0,0,0,0,0
Candidatus Kinetoplastibacterium sorsogonicusi,1,1,2,3,2,1,1,0
f_Alcaligenaceae,5,3,0,4,0,1,0,0
f_Burkholderiaceae,38,12,8,25,8,8,8,8
f_Comamonadaceae,24,9,7,14,9,7,13,11
f_Oxalobacteraceae,11,4,1,8,5,5,5,5
g_Thiomonas,3,2,8,4,5,7,14,7
Burkholderiales bacterium GJ-E10,4,1,0,0,0,0,0,0
Burkholderiales bacterium JOSHI_001,3,2,0,0,0,0,0,0
Burkholderiales bacterium YL45,187,45,20,66,4,3,1,9
f_Chromobacteriaceae,1,0,1,1,3,0,1,0
f_Neisseriaceae,1,0,0,1,0,0,0,0
f_Sterolibacteriaceae,0,0,0,1,0,0,0,0
Nitrosomonadales bacterium 0125_3,1,0,0,0,0,0,0,0
Nitrosomonadales bacterium skT11,2,2,10,2,4,10,9,7
Nitrosomonadales bacterium Swamp67,1,2,2,2,6,2,1,0
f_Rhodocyclaceae,3,2,2,0,0,0,0,0
Bradymonadales bacterium V1718,0,1,0,0,0,0,0,1
f_Desulfovibrionaceae,1,0,0,0,0,0,0,0
f_Archangiaceae,1,1,0,2,2,0,0,1
f_Myxococcaceae,1,1,1,2,0,0,0,0
Nitratiruptor sp. SB155-2,1,1,0,2,0,1,0,0
Sulfurovum lithotrophicum,4,4,3,8,3,6,6,9
Sulfurovum sp. NBC37-1,4,0,0,2,0,0,0,0
f_Campylobacteraceae,7,11,2,9,0,3,2,1
f_Helicobacteraceae,0,1,0,0,0,0,0,0
Candidatus Reidiella endopervernicosa,3,0,3,1,0,0,3,0
Candidatus Ruthia endofausta,3,0,0,0,0,0,0,0
Candidatus Ruthturnera calyptogenae,1,6,1,2,0,0,0,0
Candidatus Pseudothioglobus singularis,1,1,0,1,0,0,0,0
Candidatus Thioglobus sp. NP1,6,3,0,0,0,0,0,0
Candidatus Vesicomyosocius okutanii,1,0,0,0,0,0,0,0
Gallaecimonas mangrovi,5,7,2,2,1,4,1,8
Pseudohongiella spirulinae,2,7,2,2,4,2,2,3
Sedimenticola thiotaurini,3,0,2,1,0,1,0,0
Thiolapillus brandeum,3,2,0,0,0,1,1,0
f_Alteromonadaceae,1,1,0,0,0,0,0,0
f_Colwelliaceae,1,0,0,0,0,0,0,0
f_Chromatiaceae,1,0,0,0,0,0,0,0
f_Enterobacteriaceae,5175,10469,4013,6592,20,44,88,53
f_Erwiniaceae,0,3,1,2,0,0,0,0
f_Hafniaceae,1,2,0,0,0,0,0,0
f_Morganellaceae,1,4,0,1,0,0,0,0
f_Pectobacteriaceae,2,0,0,0,0,0,0,0
f_Yersiniaceae,1,0,0,0,0,0,0,0
f_Legionellaceae,1,0,1,0,0,0,0,0
f_Methylococcaceae,1,0,0,0,0,0,0,0
f_Halomonadaceae,0,7,21,3,5,18,46,12
f_Oceanospirillaceae,0,0,0,1,0,0,0,0
Oceanospirillales bacterium S2-4-1H,0,0,0,0,0,0,1,0
f_Pasteurellaceae,16,5,4,2,0,1,0,0
f_Moraxellaceae,0,4,1,2,0,0,0,0
f_Pseudomonadaceae,2,2,1,2,1,0,0,0
f_Piscirickettsiaceae,2,1,1,2,0,0,0,0
f_Vibrionaceae,8,3,9,8,7,4,18,7
f_Rhodanobacteraceae,1,2,31,6,9,18,29,20
f_Xanthomonadaceae,4,2,0,2,4,3,0,2
Silvanigrellales bacterium RF1110005,3,3,3,2,1,0,0,0
f_Borreliaceae,0,0,0,1,0,0,0,0
f_Acholeplasmataceae,28,23,13,22,1,3,2,3
f_Petrotogaceae,0,1,0,1,0,0,0,0
f_Opitutaceae,0,0,0,0,0,1,0,0
f_Myoviridae,1,0,0,0,0,0,0,0
g_Staphylothermus,1,0,2,0,0,0,0,0
g_Acidianus,4,0,0,1,0,0,0,0
g_Sulfolobus,0,0,0,1,0,0,0,0
g_Sulfurisphaera,0,0,0,1,0,0,0,0
g_Haloarcula,0,0,1,0,0,0,0,0
g_Halorussus,0,0,0,1,0,0,0,0
g_Haloplanus,2,0,0,0,0,0,0,0
Halalkaliarchaeum desulfuricum,3,0,0,1,0,0,0,0
Natrialbaceae archaeon XQ-INN 246,0,0,0,1,0,0,0,0
g_Methanobacterium,2,0,2,2,3,5,3,3
g_Methanobrevibacter,7,5,2,5,0,0,0,0
g_Methanothermobacter,0,0,1,0,0,0,0,0
g_Methanococcus,0,1,0,0,0,0,0,0
Methanofervidicoccus sp. A16,0,0,0,1,0,0,0,0
g_Methanohalophilus,1,0,0,0,0,0,0,0
g_Methanosarcina,3,7,2,2,0,0,0,0
g_Methanopyrus,0,0,0,0,1,0,0,0
g_Thermococcus,0,2,30,3,2,14,16,9
Methanomassiliicoccaceae archaeon DOK,0,0,0,1,0,0,0,0
Candidatus Nitrosomarinus catalina,3,0,0,0,0,0,0,0
Nitrosarchaeum sp. AC2,0,0,0,1,0,0,0,0
Candidatus Nitrosopumilus koreensis,1,1,0,0,0,0,0,0
Candidatus Nitrosopumilus sediminis,1,0,0,0,0,0,0,0
Candidatus Nitrosopumilus sp. SW,0,1,0,0,0,0,0,0
Nitrosopumilus adriaticus,0,2,0,1,0,0,0,0
Nitrosopumilus maritimus,2,0,0,0,0,0,0,0
Nitrosopumilus oxyclinae,1,1,0,2,3,2,0,1
Nitrosopumilus piranensis,1,1,0,3,0,0,0,0
Candidatus Babela massiliensis,0,0,1,1,0,0,0,0
Luteitalea pratensis,1,0,0,0,0,1,3,1
Iamiaceae bacterium SCSIO 58843,1,1,0,0,1,0,0,1
g_Actinomyces,6,2,4,2,2,0,0,0
g_Bifidobacterium,2055,2141,1089,1998,2105,1644,1009,936
g_Candidatus Nanopelagicus,2,0,0,0,0,0,0,0
g_Candidatus Planktophila,0,1,1,1,0,0,0,0
g_Corynebacterium,19,10,14,11,17,10,15,15
Corynebacteriaceae bacterium ARUP UnID 227,4,1,0,0,0,0,0,0
g_Dietzia,1,0,1,1,0,0,0,0
g_Gordonia,2,2,0,1,0,0,0,1
g_Mycobacterium,6,2,3,6,3,0,0,1
g_Mycobacteroides,1,0,0,0,0,0,0,0
g_Mycolicibacterium,3,3,1,1,2,0,1,2
g_Nocardia,0,1,1,2,2,1,1,0
g_Rhodococcus,14,12,38,11,14,11,26,14
Lawsonella clevelandensis,1,1,2,0,12,0,2,2
Tomitella sp. HY172,0,0,0,0,1,0,1,1
Tomitella sp. HY188,1,0,0,0,0,0,0,0
g_Brevibacterium,0,4,0,3,0,1,1,1
g_Cellulomonas,2,0,0,0,0,0,0,0
g_Brachybacterium,0,0,0,0,5,2,0,2
g_Dermabacter,2,0,0,1,0,0,0,0
g_Janibacter,3,0,0,0,0,0,0,0
g_Agromyces,1,0,0,0,0,0,0,0
g_Cryobacterium,0,0,0,0,0,0,1,0
g_Curtobacterium,0,2,0,1,3,3,2,0
g_Leifsonia,0,2,3,5,9,6,2,6
g_Microbacterium,3,10,13,3,12,7,14,9
g_Plantibacter,1,1,2,1,0,0,0,0
g_Rathayibacter,3,3,28,6,5,11,38,14
g_Arthrobacter,1,0,0,0,1,0,1,0
g_Glutamicibacter,1,0,0,0,0,0,0,0
g_Kocuria,1,6,36,2,8,17,21,23
g_Micrococcus,1,1,0,1,3,0,0,1
g_Pseudarthrobacter,1,1,2,3,5,0,4,2
Tropheryma whipplei,1,1,1,1,0,0,0,0
g_Actinoplanes,1,3,2,0,7,5,0,1
g_Micromonospora,5,2,0,3,3,1,1,1
g_Plantactinospora,0,0,2,2,4,4,0,2
g_Aeromicrobium,0,0,0,0,1,0,0,1
g_Kribbella,0,0,0,1,0,0,0,0
g_Nocardioides,0,3,1,0,0,0,0,0
g_Cutibacterium,0,0,1,0,0,0,0,0
g_Tessaracoccus,0,0,0,1,0,0,0,0
g_Actinoalloteichus,1,0,2,0,6,1,3,0
g_Actinosynnema,4,1,0,4,3,5,0,2
g_Pseudonocardia,6,2,0,7,4,3,0,2
g_Saccharopolyspora,1,0,0,1,0,0,0,0
g_Streptacidiphilus,0,0,1,0,0,0,0,0
g_Streptomyces,49,24,26,37,38,26,15,16
g_Olsenella,0,0,0,1,0,0,0,0
Coriobacteriaceae bacterium 68-1-3,37,6,2,8,2,1,1,1
g_Adlercreutzia,308,93,32,131,0,0,1,0
g_Eggerthella,13,3,0,5,0,0,0,0
g_Gordonibacter,109,19,9,29,9,5,5,7
Eggerthellaceae bacterium zg-1050,31,2,2,7,6,4,4,2
g_Rubrobacter,1,0,0,0,0,0,0,0
g_Hydrogenobaculum,1,1,0,0,0,0,0,0
Thermosulfidibacter takaii,0,1,1,0,0,0,0,0
g_Bacteroides,11480,16007,12574,18554,27606,27202,19209,34569
g_Dysgonomonas,42,28,49,28,7,21,48,22
g_Duncaniella,77,78,286,63,90,144,311,119
g_Muribaculum,0,3,5,2,1,2,3,2
Muribaculaceae bacterium DSM 108610,136,156,741,179,269,446,817,445
g_Porphyromonas,5,5,11,6,6,12,14,8
g_Prevotella,1192,1007,7251,1650,1498,3645,7340,3489
g_Alistipes,1021,713,629,1066,2234,1348,1025,888
g_Parabacteroides,2371,3694,1615,2361,94,125,168,133
g_Tannerella,7,8,3,2,0,0,0,1
Candidatus Azobacteroides pseudotrichonymphae,22,19,9,17,0,4,3,1
Phocaeicola dorei,17065,21137,22230,35363,146569,73438,49097,45000
Phocaeicola salanitronis,1083,1108,1035,979,284,451,691,391
Phocaeicola vulgatus,15563,40428,43001,69292,133101,146831,97880,188798
g_Draconibacterium,2,1,1,2,4,0,0,2
Prolixibacteraceae bacterium WC007,26,23,15,16,4,13,14,15
g_Chitinophaga,11,8,20,10,13,7,15,3
g_Niabella,1,0,0,0,0,0,0,0
g_Cyclobacterium,0,1,0,0,0,0,1,1
g_Echinicola,2,0,2,3,0,0,2,0
g_Fibrella,0,1,2,1,4,3,2,3
g_Runella,0,0,1,0,1,1,1,1
g_Spirosoma,3,2,2,2,1,0,3,0
g_Flammeovirga,0,5,3,2,0,0,0,0
Flammeovirgaceae bacterium 311,15,17,83,21,26,57,110,43
g_Hymenobacter,23,23,74,25,50,53,96,49
g_Pontibacter,1,0,2,1,1,0,0,0
g_Rufibacter,0,0,0,1,0,0,0,0
g_Blattabacterium,0,2,0,1,0,0,0,0
g_Capnocytophaga,39,40,78,33,12,40,69,31
g_Cellulophaga,3,3,1,0,0,0,0,0
g_Dokdonia,2,0,6,4,0,2,2,2
g_Flavobacterium,14,6,35,11,8,22,26,17
g_Formosa,1,0,0,5,0,0,0,0
g_Gramella,2,0,0,0,0,0,1,0
g_Maribacter,3,9,60,17,10,15,66,24
g_Mesoflavibacter,7,3,18,2,2,11,15,2
g_Muricauda,1,1,2,1,0,0,0,0
g_Myroides,5,5,4,2,1,2,1,1
g_Nonlabens,3,0,1,0,0,2,1,0
g_Polaribacter,3,2,3,5,12,0,1,2
g_Salegentibacter,2,1,24,5,6,10,28,12
g_Tenacibaculum,1,1,0,0,0,0,1,0
g_Winogradskyella,7,5,11,4,5,3,20,12
Flavobacteriaceae bacterium,6,6,2,3,0,0,0,1
Flavobacteriaceae bacterium 10Alg115,7,13,11,10,5,10,13,11
Flavobacteriaceae bacterium 3519-10,8,4,3,6,5,9,6,1
Flavobacteriaceae bacterium F202Z8,6,6,6,3,0,0,2,2
Flavobacteriaceae bacterium MAR_2010_188,6,4,45,8,8,17,46,13
Flavobacteriaceae bacterium RR4-40,1,8,18,7,4,7,26,13
Flavobacteriaceae bacterium UJ101,4,2,0,3,0,0,0,0
g_Apibacter,3,2,17,4,6,9,22,5
g_Chryseobacterium,44,37,82,47,24,40,87,47
g_Elizabethkingia,12,5,8,12,1,1,4,0
g_Empedobacter,0,0,0,1,0,0,0,0
Candidatus Karelsulcia muelleri,1,0,1,0,0,0,1,0
Candidatus Walczuchella monophlebidarum,1,0,0,3,0,0,0,0
g_Mucilaginibacter,3,7,21,14,29,21,27,14
g_Pedobacter,1,2,11,0,0,5,10,5
g_Sphingobacterium,18,16,38,12,7,26,38,17
Sphingobacteriaceae bacterium GW460-11-11-14-LB5,10,5,13,7,5,6,18,6
Rhodothermus marinus,6,7,6,11,16,4,11,6
Salinibacter ruber,3,1,0,2,0,0,0,0
g_Chlamydia,0,1,0,0,0,0,0,0
g_Chlorobaculum,0,1,18,3,7,10,28,16
Anaerolineaceae bacterium oral taxon 439,3,2,1,4,0,0,0,0
g_Roseiflexus,0,0,0,0,2,2,0,2
g_Dehalococcoides,3,6,27,4,9,12,25,16
Anabaenopsis circularis,2,0,0,0,0,0,0,0
Dolichospermum compactum,2,1,0,1,0,0,0,0
Dolichospermum sp. UHCC 0315A,0,0,0,1,0,0,0,0
Nodularia spumigena,1,6,3,1,0,0,0,0
Raphidiopsis curvata,5,0,0,3,0,0,0,1
Sphaerospermopsis kisseleviana,3,3,2,2,2,0,0,0
Calothrix brevissima,3,4,0,1,0,0,0,0
Calothrix parasitica,2,4,1,2,0,0,1,0
Calothrix parietina,0,4,1,4,8,8,2,9
Calothrix sp. 336/3,1,1,1,0,0,0,0,0
Calothrix sp. NIES-2098,0,2,2,2,0,0,0,0
Calothrix sp. NIES-2100,0,1,0,0,0,1,0,0
Calothrix sp. NIES-3974,2,2,0,1,0,0,0,0
Calothrix sp. PCC 7507,1,0,0,0,1,1,1,1
Fischerella sp. NIES-3754,2,4,0,1,0,0,0,0
Fischerella sp. NIES-4106,1,1,0,4,0,0,0,0
Anabaena cylindrica,2,0,0,1,0,0,0,1
Anabaena sp. WA102,1,0,0,0,0,0,0,0
Nostoc carneum,1,2,1,2,0,0,0,0
Nostoc edaphicum,0,1,1,0,0,0,0,0
Nostoc flagelliforme,2,0,0,0,0,0,0,0
Nostoc linckia,3,6,1,2,0,0,0,0
Nostoc piscinale,0,2,1,1,0,0,0,0
Nostoc sp. C052,1,0,2,1,0,0,0,0
Nostoc sp. CENA543,2,4,5,1,3,4,4,5
Nostoc sp. Lobaria pulmonaria (5183) cyanobiont,0,1,0,0,0,0,0,0
Nostoc sp. NIES-2111,0,1,0,1,0,0,0,0
Nostoc sp. NIES-3756,2,1,0,0,0,0,0,0
Nostoc sp. NIES-4103,0,5,7,2,2,7,10,8
Nostoc sp. PCC 7107,1,3,0,1,0,0,0,0
Nostoc sp. PCC 7524,2,1,0,2,0,0,0,0
Nostoc sp. Peltigera membranacea cyanobiont N6,5,3,1,0,1,0,0,0
Nostoc sp. TCL240-02,0,0,0,1,0,0,0,0
Nostoc sp. TCL26-01,0,1,0,0,0,0,0,0
Nostoc sphaeroides,0,1,0,0,0,0,0,0
Trichormus azollae,0,1,0,0,0,0,0,0
Microchaete diplosiphon,4,2,0,0,0,0,0,0
Rivularia sp. PCC 7116,4,7,1,0,3,4,9,3
Scytonema sp. NIES-4073,1,2,0,0,0,0,0,0
Tolypothrix sp. PCC 7910,5,0,1,0,0,1,1,0
Synechococcus sp. LTW-R,2,0,0,1,3,3,4,2
Synechococcus sp. NIES-970,3,1,1,0,0,0,0,0
Synechococcus sp. PCC 7502,2,0,0,0,0,0,0,0
g_Deinococcus,0,2,0,5,0,0,0,0
g_Kyrpidia,0,1,0,1,3,1,0,0
g_Tumebacillus,3,1,0,0,0,0,0,0
g_Anoxybacillus,6,5,3,8,1,2,1,1
g_Bacillus,143,155,69,127,45,30,19,28
g_Geobacillus,4,13,4,10,7,7,1,2
g_Lysinibacillus,9,11,3,6,2,1,0,0
g_Mesobacillus,0,0,0,2,0,0,0,0
g_Oceanobacillus,0,0,0,2,0,0,0,0
g_Parageobacillus,0,1,0,0,0,0,0,0
g_Peribacillus,0,1,1,0,0,0,0,0
g_Virgibacillus,10,5,2,8,0,0,0,0
Bacillaceae bacterium TKL69,0,1,1,4,0,0,0,0
g_Listeria,6,7,2,1,0,0,0,0
g_Brevibacillus,14,18,6,4,0,0,0,0
g_Paenibacillus,89,118,71,81,37,30,28,28
Paenibacillaceae bacterium GAS479,4,9,9,5,11,9,11,6
g_Planococcus,9,9,1,4,0,0,0,0
g_Solibacillus,0,1,0,0,0,0,0,0
g_Sporosarcina,9,4,3,6,1,2,0,1
Salisediminibacterium selenitireducens,10,15,4,11,2,0,0,1
g_Macrococcus,3,2,1,3,0,0,0,1
g_Staphylococcus,44,23,14,27,3,3,5,12
Exiguobacterium acetylicum,0,1,0,0,0,0,0,0
Exiguobacterium antarcticum,2,2,2,3,0,0,0,0
Exiguobacterium mexicanum,2,9,1,6,0,0,0,0
Exiguobacterium artemiae,8,3,6,4,0,0,1,1
Exiguobacterium sp. AT1b,1,1,0,2,0,0,0,0
Exiguobacterium sp. N4-1P,1,2,0,5,0,0,0,0
Exiguobacterium sp. U13-1,0,0,1,0,0,0,0,0
Gemella haemolysans,6,9,6,7,3,1,0,0
Gemella morbillorum,3,3,2,2,0,0,0,0
Gemella sanguinis,5,1,1,2,0,0,0,0
Gemella sp. oral taxon 928,5,2,1,0,0,0,0,0
g_Aerococcus,3,3,1,4,0,0,0,0
g_Carnobacterium,3,1,0,0,0,0,0,0
g_Jeotgalibaca,5,4,1,5,0,0,0,0
g_Enterococcus,588,95,88,160,16,28,58,22
g_Tetragenococcus,0,1,0,2,0,0,0,0
g_Lactobacillus,72,64,72,83,43,42,70,51
g_Leuconostoc,9,7,3,2,0,0,0,0
g_Weissella,0,1,1,0,0,0,0,0
g_Lactococcus,2,2,1,5,1,0,1,1
g_Streptococcus,2516,1432,595,1870,24,23,30,23
g_Alkaliphilus,1,0,1,1,0,0,0,0
g_Candidatus Arthromitus,4,3,3,2,0,0,0,0
g_Clostridium,177,154,59,124,20,17,9,16
Clostridiaceae bacterium 14S0207,27,12,12,21,13,8,5,14
g_Aminipila,3,3,0,1,0,0,0,0
g_Mogibacterium,0,1,1,0,0,0,0,0
[Eubacterium] minutum,10,10,5,15,11,9,8,8
[Eubacterium] sulci,26,24,23,31,37,30,31,47
g_Thermaerobacter,2,1,1,0,1,2,0,0
g_Acetobacterium,0,3,1,0,0,0,0,0
g_Eubacterium,39,29,15,22,5,4,2,0
g_Hungateiclostridium,1,1,0,0,0,0,0,0
g_Anaerocolumna,20,34,18,25,0,0,0,0
g_Anaerostipes,18,42,26,21,1,4,4,2
g_Blautia,434,612,256,432,37,33,35,53
g_Butyrivibrio,26,38,20,20,5,4,4,5
g_Cellulosilyticum,40,37,37,30,10,8,33,14
g_Enterocloster,26,27,15,9,0,0,1,0
g_Lachnoclostridium,54,68,33,57,0,0,0,0
g_Lacrimispora,25,36,13,30,0,0,0,0
g_Roseburia,433,603,200,396,8,5,7,10
Lachnospiraceae bacterium,612,1243,540,834,15,20,11,19
Lachnospiraceae bacterium Choco86,2295,3358,1296,2205,75,53,54,62
Lachnospiraceae bacterium GAM79,1243,1756,699,1157,97,91,44,86
Lachnospiraceae bacterium KM106-2,350,453,165,322,8,3,7,10
Lachnospiraceae bacterium oral taxon 500,23,22,13,34,7,5,6,5
g_Dehalobacter,10,16,2,9,1,0,0,1
g_Desulfosporosinus,1,2,0,3,0,0,0,0
g_Desulfotomaculum,1,2,2,0,0,0,0,0
Peptococcaceae bacterium DCMF,8,9,2,10,1,2,4,1
g_Romboutsia,44,11,2,8,0,0,0,0
Peptostreptococcaceae bacterium oral taxon 929,17,12,8,15,11,12,9,11
g_Ruminococcus,3,2,1,4,14,13,5,20
[Clostridium] cellulosi,15,23,31,30,33,29,36,50
Ruminococcaceae bacterium CPB6,3,4,6,6,0,2,1,4
Ruminococcaceae bacterium LAM 19011,1,0,0,0,0,0,0,0
Ruminococcaceae bacterium LBM 19010,0,1,0,0,9,0,1,1
Flintibacter sp. KGMB00164,56,44,36,64,26,32,10,37
Intestinimonas butyriciproducens,12,12,9,18,1,3,4,2
Massilistercora timonensis,565,801,351,486,37,82,64,82
Anoxybacter fermentans,7,7,1,2,0,0,0,0
g_Thermoanaerobacter,14,13,37,18,2,15,37,15
g_Caldicellulosiruptor,16,17,9,13,14,2,7,13
g_Thermoanaerobacterium,2,2,2,2,0,0,0,0
g_Erysipelothrix,7,1,1,6,5,7,3,3
g_Turicibacter,1,0,0,0,0,0,0,0
Erysipelotrichaceae bacterium GAM147,91,74,33,54,8,9,3,2
g_Acidaminococcus,6,3,1,3,0,0,0,0
g_Megamonas,4,5,1,1,0,0,0,0
g_Selenomonas,3,6,3,7,6,4,7,6
g_Dialister,118,48,75,58,16,39,65,54
g_Megasphaera,7,0,0,1,0,0,1,0
g_Veillonella,74,12,1,12,0,0,0,0
g_Anaerococcus,2,0,0,0,0,0,0,0
Schnuerera ultunensis,7,9,6,8,1,1,0,0
g_Fusobacterium,19,5,5,7,3,6,5,5
g_Leptotrichia,13,9,2,7,7,2,2,5
g_Gemmatimonas,0,0,0,0,0,0,0,1
g_Leptospirillum,3,0,0,1,0,0,0,0
g_Sedimentisphaera,1,0,0,1,0,0,0,0
Gemmataceae bacterium,1,0,2,2,1,0,1,0
Planctomycetes bacterium I41,1,2,1,0,0,0,0,0
g_Acidithiobacillus,1,0,1,0,0,0,0,0
g_Brevundimonas,3,6,37,5,6,13,26,15
g_Caulobacter,2,0,0,0,0,0,0,0
Caulobacteraceae bacterium OTSz_A_272,5,0,0,1,0,0,0,0
endosymbiont of Acanthamoeba sp. UWC8,1,2,0,0,0,0,0,0
alpha proteobacterium HIMB5,3,0,0,0,0,0,0,0
Candidatus Fonsibacter ubiquis,1,0,0,2,0,0,0,0
g_Martelella,1,3,0,2,0,0,0,0
g_Bartonella,5,4,4,6,1,0,3,1
Beijerinckiaceae bacterium,0,1,0,0,0,0,0,0
Beijerinckiaceae bacterium RH AL1,3,0,0,0,0,0,0,0
g_Bosea,1,1,1,4,5,3,4,2
g_Bradyrhizobium,12,16,11,12,22,14,12,13
g_Tardiphaga,1,0,0,0,0,0,0,0
Bradyrhizobiaceae bacterium SG-6C,3,0,0,6,0,0,0,0
g_Brucella,5,0,5,1,1,2,2,1
g_Ochrobactrum,1,4,4,1,0,0,0,0
g_Blastochloris,0,1,0,0,0,0,0,0
g_Devosia,0,0,1,0,1,0,0,1
g_Methylobacterium,3,0,2,1,0,3,0,1
g_Methylorubrum,3,2,4,1,9,2,2,1
g_Mesorhizobium,13,9,4,9,3,3,0,5
g_Agrobacterium,5,9,38,15,6,24,30,16
g_Rhizobium,15,19,39,10,9,10,29,10
g_Sinorhizobium,1,0,1,1,0,0,0,0
Rhodobiaceae bacterium,1,5,27,5,7,17,27,17
Candidatus Hodgkinia cicadicola,0,0,1,0,0,0,0,0
Hartmannibacter diazotrophicus,0,0,0,0,3,1,1,0
Methyloceanibacter caenitepidi,2,0,1,1,0,0,0,0
Methyloceanibacter sp. wino2,3,4,1,1,0,0,2,0
Methyloligella sp. GL2,4,3,1,1,1,0,0,0
Nordella sp. HKS 07,3,7,1,3,4,1,0,0
Pseudorhodoplanes sinuspersici,1,3,5,1,4,2,5,6
g_Labrenzia,4,4,1,4,5,4,3,2
g_Leisingera,1,2,0,1,0,0,0,0
g_Paracoccus,0,2,0,0,0,0,0,0
g_Roseivivax,1,1,0,0,0,1,1,0
g_Roseovarius,1,0,0,1,0,0,0,0
g_Ruegeria,0,0,1,0,0,0,0,0
g_Stappia,0,0,0,1,0,0,0,0
g_Sulfitobacter,0,1,0,1,0,0,2,0
Rhodobacteraceae bacterium,3,6,1,3,0,0,1,0
Rhodobacteraceae bacterium 9Alg 56,1,0,0,1,8,6,0,4
Rhodobacteraceae bacterium BAR1,2,0,1,1,0,0,0,0
Rhodobacteraceae bacterium QY30,1,2,1,2,0,0,0,0
Rhodobacteraceae bacterium RR4-56,0,1,0,0,2,1,0,0
Rhodobacteraceae bacterium SC52,1,3,0,1,0,0,0,0
Rhodobacteraceae bacterium SH-1,0,1,0,0,0,1,0,0
g_Acetobacter,3,5,12,6,1,5,6,5
g_Acidiphilium,0,0,0,1,0,0,2,0
g_Commensalibacter,1,1,1,0,0,0,0,0
g_Gluconobacter,1,2,25,10,1,13,26,16
g_Komagataeibacter,1,1,5,2,2,1,9,5
g_Roseomonas,1,2,1,3,0,0,0,0
Acetobacteraceae bacterium,5,6,27,11,13,22,16,18
g_Azospirillum,4,9,33,7,3,14,35,29
g_Magnetospirillum,1,0,0,0,0,0,0,0
g_Thalassospira,0,1,0,3,0,0,0,0
g_Wolbachia,5,3,1,2,0,0,0,0
g_Rickettsia,7,15,7,7,7,5,2,7
g_Altererythrobacter,0,0,1,1,0,0,0,0
g_Erythrobacter,0,0,1,0,0,0,0,0
g_Blastomonas,6,0,0,3,0,0,0,0
g_Sphingobium,8,4,5,6,6,17,3,6
g_Sphingomonas,1,2,0,3,2,2,0,0
g_Sphingopyxis,0,1,0,0,0,0,0,0
g_Sphingorhabdus,1,2,0,0,0,0,0,0
Casimicrobium huifangae,3,1,0,2,0,0,0,0
g_Achromobacter,9,8,0,2,0,1,0,0
g_Alcaligenes,6,1,0,3,2,1,1,0
g_Bordetella,3,1,0,4,0,0,0,0
Alcaligenaceae bacterium SJ-26,4,0,0,0,0,0,0,0
g_Burkholderia,16,15,14,23,19,9,8,7
g_Caballeronia,0,3,0,1,0,0,0,0
g_Cupriavidus,236,43,25,81,6,2,2,3
g_Mycoavidus,1,0,0,0,0,0,0,0
g_Pandoraea,3,4,0,1,1,1,0,1
g_Paraburkholderia,16,5,4,8,0,6,2,1
g_Polynucleobacter,4,0,0,0,0,0,0,0
g_Ralstonia,4,3,2,3,9,5,3,4
g_Acidovorax,6,2,1,5,0,0,0,0
g_Comamonas,3,1,7,2,0,2,2,0
g_Delftia,6,1,1,2,0,0,0,0
g_Hydrogenophaga,1,1,2,2,9,0,3,5
g_Polaromonas,2,0,2,1,0,0,0,0
g_Variovorax,0,3,0,2,0,0,0,0
g_Herbaspirillum,2,4,1,2,0,2,0,0
g_Janthinobacterium,5,0,1,1,0,1,1,0
g_Massilia,5,2,5,4,8,3,2,0
g_Undibacterium,2,1,0,0,0,0,0,0
g_Sutterella,1,1,1,2,0,0,0,0
Aquabacterium olei,1,1,0,0,0,0,0,0
Inhella inkyongensis,0,2,1,0,0,0,0,0
Leptothrix cholodnii,2,1,2,4,5,3,0,1
Methylibium petroleiphilum,1,0,0,0,0,0,0,0
Methylibium sp. Pch-M,6,2,27,9,3,13,22,8
Mitsuaria sp. 7,1,1,1,0,0,0,0,0
Paucibacter sp. KCTC 42545,2,4,11,3,1,2,6,8
Rhizobacter gummiphilus,2,2,2,3,9,5,2,7
Roseateles depolymerans,0,0,0,0,0,0,1,0
Rubrivivax gelatinosus,0,1,1,3,0,1,3,0
Sphaerotilus natans,0,1,1,0,1,0,0,0
Thiomonas intermedia,2,0,0,1,0,0,0,0
Thiomonas sp. X19,1,2,0,1,0,1,0,0
Xylophilus sp. KACC 21265,1,0,0,0,0,1,0,0
g_Aquitalea,3,0,0,0,0,0,0,0
g_Chromobacterium,10,3,1,4,4,3,1,4
g_Eikenella,1,0,0,0,0,0,0,0
g_Kingella,0,1,0,0,0,0,0,0
g_Neisseria,10,13,14,7,8,13,12,8
Neisseriaceae bacterium DSM 100970,1,2,0,3,0,0,0,0
g_Methylovorus,1,4,0,10,9,4,7,5
g_Nitrosomonas,0,3,1,4,0,0,0,1
Sterolibacteriaceae bacterium J5B,1,0,0,0,1,0,0,0
Sterolibacteriaceae bacterium M52,6,0,1,0,7,3,0,3
g_Azospira,0,4,1,0,0,0,0,0
Zoogloeaceae bacteirum Par-f-2,0,0,0,0,1,1,1,1
Candidatus Desulfofervidus auxilii,6,1,2,2,0,0,1,0
g_Desulfovibrio,12,3,4,12,0,0,1,0
g_Pseudodesulfovibrio,0,0,1,1,4,2,2,6
g_Geobacter,3,3,1,6,6,1,2,0
g_Anaeromyxobacter,1,1,0,1,0,0,0,0
g_Myxococcus,1,0,1,0,0,0,0,0
Minicystis rosea,1,8,5,4,10,7,11,5
g_Arcobacter,4,4,10,1,0,1,7,2
g_Campylobacter,32,28,11,15,0,3,4,4
g_Sulfurospirillum,0,1,0,1,0,1,0,0
Arcobacter sp. LPB0137,1,1,0,3,3,0,4,4
g_Helicobacter,5,0,0,0,0,0,0,0
g_Sulfurimonas,0,4,33,2,10,14,30,21
Nitratifractor salsuginis,6,7,0,4,0,0,0,0
g_Aeromonas,14,15,33,16,17,8,28,8
g_Alteromonas,11,7,0,3,1,0,0,0
g_Marinobacter,6,3,8,9,4,1,4,2
g_Colwellia,2,0,0,1,0,0,0,0
g_Idiomarina,0,0,0,1,0,0,0,0
Idiomarinaceae bacterium HL-53,0,4,20,2,3,12,19,10
g_Pseudoalteromonas,13,7,7,9,1,5,3,1
g_Shewanella,13,9,17,6,7,4,22,14
Halieaceae bacterium IMCC3088,1,1,0,0,0,0,0,0
g_Microbulbifer,0,0,0,1,0,0,0,0
g_Nitrosococcus,1,0,2,1,1,4,2,1
Chromatiaceae bacterium 2141T.STBD.0c.01a,0,2,2,1,0,0,2,0
Chromatiaceae bacterium No.7,0,0,7,2,1,5,4,2
g_Ectothiorhodospira,0,2,0,2,0,0,0,0
g_Thioalkalivibrio,1,0,1,0,0,0,3,1
Ectothiorhodospiraceae bacterium 2226,4,1,0,0,3,2,0,1
Ectothiorhodospiraceae bacterium BW-2,0,0,0,2,0,0,0,0
Thiohalobacter thiocyanaticus,3,0,1,1,0,0,0,0
g_Buttiauxella,1,0,0,0,0,0,0,0
g_Citrobacter,44,80,27,47,2,2,1,1
g_Cronobacter,3,2,1,0,0,0,0,0
g_Enterobacter,20,31,49,25,21,34,53,23
g_Escherichia,691,1466,568,902,0,0,0,0
g_Klebsiella,14324,3461,1342,4836,2,6,1,4
g_Kosakonia,3,3,3,0,0,0,0,0
g_Leclercia,4,4,3,4,0,0,1,1
g_Raoultella,3,5,2,5,0,0,0,0
g_Salmonella,8,0,3,3,10,4,2,8
g_Shigella,10,22,7,10,0,0,0,0
Enterobacteriaceae bacterium ENNIH1,3,1,0,0,0,0,0,0
Enterobacteriaceae bacterium strain FGI 57,3,3,0,1,0,0,0,0
Enterobacteriaceae endosymbiont of Donacia cincticornis,0,1,0,0,0,0,0,0
Enterobacteriaceae endosymbiont of Donacia crassipes,0,1,0,1,0,0,0,0
Enterobacteriaceae endosymbiont of Donacia piscatrix,1,1,0,0,0,0,0,0
Enterobacteriaceae endosymbiont of Donacia provostii,2,0,1,0,0,0,0,0
Enterobacteriaceae endosymbiont of Donacia proxima,0,0,0,1,0,0,0,0
Enterobacteriaceae endosymbiont of Donacia semicuprea,1,0,0,1,0,0,0,0
Enterobacteriaceae endosymbiont of Donacia thalassina,2,2,0,0,0,0,0,0
Enterobacteriaceae endosymbiont of Macroplea appendiculata,0,3,0,0,0,0,0,0
Enterobacteriaceae endosymbiont of Macroplea mutica,1,0,0,0,0,0,0,0
Enterobacteriaceae endosymbiont of Plateumaris braccata,2,1,0,0,0,0,0,0
Enterobacteriaceae endosymbiont of Plateumaris rustica,0,3,0,0,0,0,0,0
Enterobacteriaceae endosymbiont of Plateumaris sericea,1,0,0,0,0,0,0,0
Plautia stali symbiont,4,0,22,1,5,4,17,8
secondary endosymbiont of Ctenarytaina eucalypti,0,2,1,1,0,0,0,1
secondary endosymbiont of Heteropsylla cubana,2,0,0,0,0,0,0,0
secondary endosymbiont of Trabutina mannipara,1,0,0,0,0,0,0,0
g_Erwinia,5,4,1,2,0,0,0,0
g_Pantoea,3,4,3,4,0,0,0,0
Erwiniaceae bacterium PD-1,3,1,0,3,0,0,0,0
g_Edwardsiella,10,2,3,2,4,0,0,1
g_Hafnia,2,1,3,0,7,6,1,8
g_Arsenophonus,2,0,0,1,0,0,0,0
g_Proteus,2,4,1,0,0,0,0,0
g_Providencia,5,8,10,7,1,2,6,2
g_Xenorhabdus,0,0,2,0,0,0,0,0
g_Brenneria,4,5,6,2,3,1,0,0
g_Dickeya,6,2,5,4,8,1,5,2
g_Pectobacterium,6,6,8,5,0,0,1,0
g_Sodalis,0,1,0,1,0,0,0,0
g_Rahnella,5,0,1,2,0,0,0,0
g_Serratia,23,17,5,7,0,0,0,0
g_Yersinia,14,9,9,10,2,5,1,6
Phytobacter ursingii,1,0,0,1,1,3,2,3
Plesiomonas shigelloides,1,2,0,2,0,0,0,0
g_Legionella,3,2,1,1,0,2,0,0
g_Methylomicrobium,1,3,1,0,0,0,0,0
g_Methylomonas,0,2,1,0,1,0,1,0
Methylophilus methylotrophus,0,1,0,1,0,0,0,0
g_Alcanivorax,2,0,1,0,0,0,0,0
g_Cobetia,1,0,0,0,0,0,0,0
g_Halomonas,13,12,7,9,9,13,15,6
g_Kushneria,0,0,0,1,1,0,0,0
g_Actinobacillus,5,1,1,4,0,0,0,0
g_Aggregatibacter,0,0,0,1,0,0,0,0
g_Basfia,1,0,0,2,0,0,0,0
g_Haemophilus,9,2,12,6,3,13,18,12
g_Mannheimia,4,0,0,2,0,2,0,1
g_Pasteurella,3,2,0,0,0,0,0,0
Pasteurella aerogenes,2,4,1,1,0,0,0,0
Pasteurellaceae bacterium RH1A,4,3,2,1,0,0,0,0
g_Acinetobacter,25,14,12,21,15,10,17,11
g_Moraxella,2,2,1,2,0,0,0,0
g_Psychrobacter,11,3,2,5,0,0,1,0
Moraxellaceae bacterium HYN0046,2,0,0,0,0,0,0,0
g_Azotobacter,0,0,0,0,1,1,0,0
g_Pseudomonas,82,98,138,98,65,86,111,82
Pseudomonadaceae bacterium SI-3,0,0,0,0,0,0,1,0
g_Allofrancisella,1,0,0,1,0,0,0,0
g_Francisella,5,1,2,2,1,0,2,1
g_Cycloclasticus,2,0,2,2,0,0,0,0
g_Vibrio,21,18,61,20,11,21,43,20
g_Luteimonas,0,0,0,0,4,1,1,0
g_Stenotrophomonas,10,5,0,5,3,2,6,1
g_Xanthomonas,8,13,25,2,7,12,27,17
g_Brachyspira,2,3,1,5,5,0,0,6
g_Leptospira,4,1,0,3,0,0,0,0
g_Borrelia,1,0,0,0,0,0,0,0
g_Borreliella,3,3,1,1,0,0,0,0
g_Treponema,2,6,2,5,19,17,2,12
g_Candidatus Phytoplasma,1,2,4,5,0,0,0,0
g_Marinitoga,5,3,2,1,1,0,0,0
g_Fervidobacterium,2,5,0,0,1,5,8,12
g_Thermosipho,2,1,0,1,0,0,0,0
g_Pseudothermotoga,2,3,1,1,0,0,0,0
g_Thermotoga,2,13,37,8,10,15,37,14
g_Methylacidiphilum,0,0,0,1,0,0,0,0
Opitutaceae bacterium TAV5,4,1,3,3,6,2,3,8
g_Akkermansia,2,4,1,4,0,0,0,0
g_Taipeivirus,0,1,0,0,0,0,0,0
Kyungwonvirus Esp29491,1,0,0,0,0,0,0,0
g_Sepunavirus,0,1,0,0,0,0,0,0
Siophivirus SIOphi,0,1,0,1,0,0,0,0
Lactobacillus phage 521B,0,0,1,0,0,0,0,0
g_Alcyoneusvirus,2,0,0,1,0,0,0,0
g_Firehammervirus,0,1,0,0,0,0,0,0
g_Tequatrovirus,0,1,0,0,0,0,0,0
Aeromonas phage 4_L372XY,1,0,0,0,0,0,0,0
Cinqassovirus aeh1,0,0,0,1,0,0,0,0
Donellivirus gee,0,3,0,0,0,0,0,0
Petsuvirus pEtSU,0,0,3,0,0,0,0,0
Pseudotevenvirus RB16,0,0,1,0,0,0,0,0
Pseudotevenvirus RB43,0,0,1,0,0,0,0,0
Sphingomonas phage PAU,0,0,1,0,0,0,0,1
Streptococcus phage EJ-1,0,1,0,0,0,0,0,0
Vibrio phage 11895-B1,0,0,1,0,0,0,0,0
Arthrobacter phage Anjali,1,1,0,0,0,0,0,0
Bacteroides phage crAss001,1,0,0,0,0,0,0,0
g_Austintatiousvirus,0,3,0,1,2,4,0,0
g_Bongovirus,0,1,0,0,0,0,0,0
g_Ceduovirus,0,2,0,0,0,0,0,0
Bacteroides phage B40-8,0,1,0,0,0,0,0,0
Cellulophaga phage phi10:1,0,0,0,0,0,1,0,0
Enterococcus phage EFRM31,1,0,0,0,0,0,0,0
Lactobacillus phage LfeSau,0,0,1,0,0,0,0,0
Salmonella phage 64795_sal3,0,0,0,0,0,2,0,0
Synechococcus phage S-CBS3,1,0,0,0,0,0,0,0
Acidilobus saccharovorans,1,0,0,0,0,0,0,0
Caldisphaera lagunensis,1,1,0,2,0,0,0,0
Aeropyrum camini,0,0,0,1,0,0,0,0
Staphylothermus hellenicus,0,1,0,0,0,0,0,0
Staphylothermus marinus,1,1,0,2,0,0,0,0
Fervidicoccus fontis,0,1,0,0,0,0,0,0
Acidianus ambivalens,1,2,0,0,0,0,0,0
Acidianus brierleyi,0,2,1,0,0,0,0,0
Acidianus hospitalis,1,0,0,0,0,0,0,0
Acidianus manzaensis,3,2,0,1,0,0,0,0
Metallosphaera tengchongensis,0,0,0,1,0,0,0,0
Saccharolobus solfataricus,1,0,1,0,0,0,0,0
Stygiolobus azoricus,1,1,2,0,0,0,0,0
Sulfodiicoccus acidiphilus,1,1,0,0,0,0,0,0
Saccharolobus islandicus,0,0,1,1,0,0,0,0
Sulfolobus sp. A20,3,0,0,3,0,0,0,0
Sulfolobus sp. E5-1-F,1,0,0,0,0,0,0,0
Sulfurisphaera tokodaii,0,3,1,0,0,0,0,0
Thermofilum adornatum,0,1,0,0,0,0,0,0
Thermofilum pendens,0,0,0,1,0,0,0,0
Caldivirga maquilingensis,0,1,5,1,2,2,9,0
Pyrobaculum ferrireducens,1,0,0,0,0,0,1,0
Archaeoglobus profundus,0,0,0,1,0,0,0,0
Archaeoglobus sulfaticallidus,2,1,1,0,0,3,3,2
Archaeoglobus veneficus,1,0,0,0,0,0,0,0
Ferroglobus placidus,0,1,0,0,0,0,0,0
Geoglobus acetivorans,1,2,1,2,0,0,0,0
Halapricum salinum,0,1,0,1,0,0,0,0
Haloarcula marismortui,0,1,0,1,3,0,0,1
Haloarcula sp. JP-L23,0,3,0,1,1,3,3,2
Halomicrobium mukohataei,0,1,0,1,0,0,0,0
Halomicrobium sp. LC1Hm,0,0,0,2,0,0,0,0
Halorhabdus tiamatea,1,0,0,0,0,0,0,0
Halosimplex pelagicum,1,0,1,1,2,2,1,0
Halosimplex rubrum,1,0,0,0,0,0,0,0
Natronomonas sp. YPL13,1,0,0,0,2,0,0,1
Halalkalicoccus jeotgali,0,0,3,2,0,0,0,0
Halarchaeum sp. CBA1220,0,0,0,0,1,0,0,0
Halobacterium sp. DL1,0,0,1,1,0,0,0,0
Halodesulfurarchaeum formicicum,0,1,0,0,1,0,1,0
Halorussus sp. ZS-3,2,1,0,0,0,0,0,0
Halobellus limi,0,1,0,0,0,0,0,0
Haloferax mediterranei,0,1,0,0,0,0,0,0
Haloferax volcanii,0,1,37,8,7,21,46,21
Halogeometricum borinquense,0,1,0,0,0,0,0,0
Haloprofundus sp. MHR1,0,0,0,1,0,0,0,0
Haloquadratum walsbyi,2,2,1,0,0,0,0,0
Halobonum sp. Gai3-2,0,0,0,1,2,0,0,0
Halolamina sp. CBA1230,1,0,0,0,0,0,0,0
Halopenitus persicus,0,1,0,0,0,0,0,0
Halorubrum trapanicum,1,0,0,0,0,0,0,0
Halopiger xanaduensis,1,1,2,3,9,0,1,0
Halostagnicola larsenii,0,1,1,3,0,0,0,0
Haloterrigena turkmenica,1,0,0,1,5,4,2,0
Halovivax ruber,0,0,0,0,1,0,0,0
Natrialba magadii,0,0,1,0,0,2,1,0
Natrinema sp. YPL30,0,0,0,0,0,3,0,0
Natrinema versiforme,1,0,0,0,1,0,0,0
Natronobacterium gregoryi,0,1,0,0,0,0,0,0
Natronolimnobius sulfurireducens,1,0,0,0,0,0,0,0
Natronorubrum aibiense,0,2,0,1,0,0,0,0
Salinarchaeum sp. Harcht-Bsk1,3,0,1,0,0,0,0,0
Methanobacterium congolense,0,1,1,0,0,0,0,0
Methanobacterium lacus,2,1,2,1,0,1,1,0
Methanobacterium paludis,3,5,0,0,0,0,0,0
Methanobacterium sp. MB1,0,1,0,0,0,0,0,0
Methanobacterium sp. MZ-A1,0,1,0,0,0,0,0,0
Methanobacterium subterraneum,0,0,6,0,0,0,0,1
Methanobrevibacter millerae,1,3,1,0,1,0,0,0
Methanobrevibacter olleyae,1,3,1,1,0,0,0,0
Methanobrevibacter ruminantium,1,2,1,3,0,1,0,2
Methanobrevibacter smithii,5221,6885,2632,4227,0,0,0,2
Methanobrevibacter sp. AbM4,1,0,0,4,0,0,0,0
Methanobrevibacter sp. YE315,4,1,2,4,0,0,1,0
Methanosphaera sp. BMS,1,0,0,0,3,1,0,1
Methanosphaera stadtmanae,2,1,1,1,0,1,0,0
Methanocaldococcus fervens,0,1,0,1,0,0,0,0
Methanocaldococcus jannaschii,1,0,0,0,0,0,0,0
Methanocaldococcus sp. FS406-22,3,2,1,1,0,0,0,0
Methanocaldococcus vulcanius,1,0,0,0,0,1,0,0
Methanotorris igneus,1,0,0,0,0,0,0,0
Methanococcus aeolicus,1,2,0,1,0,0,0,0
Methanococcus maripaludis,1,2,2,4,1,0,0,1
Methanococcus vannielii,0,3,1,0,4,0,3,3
Methanococcus voltae,0,0,3,1,0,5,2,0
Methanothermococcus okinawensis,2,0,0,0,0,0,0,0
Methanocella arvoryzae,1,1,0,1,0,0,0,0
Methanocella conradii,1,0,1,0,0,0,0,0
Methanocella paludicola,0,2,0,0,0,0,0,0
Methanocorpusculum labreanum,1,8,20,8,5,16,25,19
Methanoculleus bourgensis,2,0,0,0,1,2,1,2
Methanoculleus marisnigri,2,6,1,4,1,0,0,1
Methanofollis liminatans,1,0,0,0,0,0,0,0
Methanolacinia petrolearia,1,9,20,10,4,21,36,7
Methanoplanus limicola,0,4,21,8,3,16,30,16
Methanoregula boonei,1,3,30,1,3,9,30,15
Methanosphaerula palustris,0,2,0,1,0,0,0,0
Methanospirillum hungatei,1,1,1,0,0,0,0,0
Methanococcoides burtonii,4,2,1,2,0,1,0,0
Methanococcoides methylutens,0,1,1,1,8,6,0,1
Methanohalobium evestigatum,0,1,0,0,0,0,0,0
Methanohalophilus halophilus,1,3,0,3,0,0,0,0
Methanohalophilus mahii,1,0,0,0,0,0,1,1
Methanohalophilus portucalensis,4,1,0,0,0,0,0,0
Methanolobus zinderi,1,1,1,0,0,0,0,0
Methanomethylovorans hollandica,2,2,3,0,0,1,1,2
Methanosalsum zhilinae,1,1,2,1,4,5,6,2
Methanosarcina acetivorans,2,1,0,1,0,0,0,0
Methanosarcina barkeri,4,2,3,2,0,0,0,0
Methanosarcina flavescens,0,1,1,1,0,0,0,0
Methanosarcina horonobensis,3,1,1,1,0,0,0,0
Methanosarcina lacustris,2,1,4,2,0,0,0,0
Methanosarcina mazei,0,0,2,1,0,0,1,0
Methanosarcina siciliae,1,3,2,1,0,0,0,2
Methanosarcina sp. Kolksee,4,2,0,1,0,0,0,0
Methanosarcina sp. MTP4,1,3,2,1,1,1,1,0
Methanosarcina sp. WH1,0,2,0,0,0,0,0,0
Methanosarcina thermophila,2,0,0,2,0,0,0,0
Methanosarcina vacuolata,1,1,0,2,0,0,0,0
Methanothrix soehngenii,0,2,0,4,0,0,0,0
Palaeococcus pacificus,1,0,0,0,0,0,0,0
Pyrococcus abyssi,0,0,0,1,0,0,1,1
Pyrococcus horikoshii,0,0,0,1,0,0,0,0
Pyrococcus sp. NA2,0,0,2,1,0,0,0,0
Pyrococcus yayanosii,0,1,0,0,0,0,0,0
Thermococcus barophilus,2,1,1,6,3,3,2,4
Thermococcus celer,0,0,1,0,0,0,0,0
Thermococcus eurythermalis,0,0,0,1,5,0,0,1
Thermococcus gammatolerans,0,0,2,2,0,3,3,1
Thermococcus gorgonarius,0,2,0,0,0,0,1,1
Thermococcus pacificus,2,0,0,0,0,0,0,0
Thermococcus paralvinellae,1,0,0,2,0,0,0,0
Thermococcus peptonophilus,1,0,0,0,0,0,0,0
Thermococcus piezophilus,0,1,0,0,0,0,0,0
Thermococcus siculi,0,0,0,1,0,0,0,0
Thermococcus sp. 2319x1,0,0,1,1,0,0,0,0
Thermococcus sp. 5-4,1,0,0,4,1,4,1,0
Thermococcus thioreducens,2,0,0,0,0,0,0,0
Methanomethylophilus alvi,1,0,0,0,0,0,0,0
Candidatus Methanomassiliicoccus intestinalis,0,3,3,1,0,0,0,0
Picrophilus oshimae,0,0,0,1,0,0,0,0
Thermoplasma volcanium,1,0,0,1,0,0,0,0
Candidatus Nitrosocosmicus franklandus,1,1,0,0,0,0,0,0
Candidatus Nitrososphaera evergladensis,0,1,2,0,0,0,0,0
Acidisarcina polymorpha,2,4,2,2,1,3,0,3
Acidobacterium capsulatum,5,5,2,4,1,1,2,1
Candidatus Korobacter versatilis,0,1,0,2,2,1,0,1
Edaphobacter sp. 12200R-103,1,1,0,3,0,0,1,0
Granulicella mallensis,5,4,0,1,0,0,0,0
Granulicella sp. 5B5,1,1,0,1,2,1,0,0
Granulicella sp. WH15,3,0,0,0,1,1,0,0
Granulicella tundricola,3,1,0,0,0,0,0,0
Terriglobus albidus,8,4,3,3,0,1,0,0
Terriglobus roseus,2,4,1,1,1,0,0,0
Terriglobus saanensis,2,0,0,0,0,0,0,0
Candidatus Solibacter usitatus,12,7,7,1,0,0,0,0
Ilumatobacter coccineus,0,0,2,2,0,0,0,0
Acidothermus cellulolyticus,3,0,0,0,0,0,0,0
Actinobaculum sp. 313,2,1,4,2,1,0,1,0
Actinomyces howellii,1,1,0,0,0,2,0,0
Actinomyces israelii,1,0,0,0,1,1,1,0
Actinomyces naeslundii,0,0,0,1,0,0,0,0
Actinomyces pacaensis,2,4,2,1,6,6,4,13
Actinomyces qiguomingii,1,0,0,1,3,0,0,2
Actinomyces radicidentis,0,0,0,0,2,1,0,0
Actinomyces sp. 2129,0,0,0,3,0,0,1,0
Actinomyces sp. 432,0,1,0,0,0,0,0,0
Actinomyces sp. Chiba101,0,0,0,0,0,0,1,1
Actinomyces sp. dk561,4,2,3,3,0,0,2,1
Actinomyces sp. oral taxon 171,1,5,2,0,0,0,0,0
Actinomyces sp. oral taxon 414,4,1,0,2,3,1,4,2
Actinomyces sp. Z16,1,1,0,0,0,0,1,0
Actinomyces tangfeifanii,1,2,2,0,0,0,0,0
Actinotignum schaalii,2,0,1,1,0,0,0,0
Arcanobacterium haemolyticum,2,1,0,3,0,0,0,0
Arcanobacterium phocae,2,1,3,1,0,3,1,1
Arcanobacterium sp. 2701,1,0,0,2,0,0,0,0
Flaviflexus salsibiostraticola,2,3,0,0,1,6,1,3
Flaviflexus sp. dk850,0,2,15,5,1,5,6,5
Flaviflexus sp. H23T48,0,2,0,0,0,0,0,0
Mobiluncus curtisii,3,2,0,4,3,2,0,4
Pauljensenia hongkongensis,2,2,1,1,1,1,0,0
Schaalia cardiffensis,2,0,0,0,2,0,0,3
Schaalia odontolytica,2,6,33,7,5,16,16,17
Schaalia sp. JY-X169,2,0,1,2,1,1,1,1
Trueperella bialowiezensis,2,1,0,0,0,0,0,0
Trueperella pyogenes,10,7,5,9,9,3,2,2
Bifidobacterium actinocoloniiforme,1,0,0,1,0,0,1,0
Bifidobacterium adolescentis,5705,10680,11705,18747,58292,40857,27223,24571
Bifidobacterium angulatum,5652,1374,551,1956,27,31,37,28
Bifidobacterium animalis,5445,997,379,1433,1,2,0,2
Bifidobacterium asteroides,2,1,2,2,0,0,1,0
Bifidobacterium bifidum,6027,4240,1617,2605,18,8,6,4
Bifidobacterium breve,28,50,29,28,16,11,10,8
Bifidobacterium catenulatum,5455,1738,663,2469,25,11,14,11
Bifidobacterium choerinum,2,1,0,1,0,0,0,0
Bifidobacterium coryneforme,1,0,0,1,0,0,0,0
Bifidobacterium dentium,9,15,3,14,5,3,2,1
Bifidobacterium pullorum subsp. gallinarum,1,4,1,5,1,1,0,0
Bifidobacterium indicum,1,0,0,0,0,0,0,0
Bifidobacterium longum,6433,19889,7641,12259,32,12,16,16
Bifidobacterium pseudocatenulatum,5766,3508,1329,2151,14,5,2,2
Bifidobacterium pseudolongum,1,3,0,5,4,3,1,3
Bifidobacterium scardovii,3,3,1,6,0,1,0,1
Bifidobacterium thermophilum,7,2,3,6,0,0,5,1
Gardnerella vaginalis,3,9,10,8,4,2,1,3
Parascardovia denticolens,0,3,0,1,0,0,0,0
Scardovia inopinata,0,1,1,1,0,0,0,0
Candidatus Nanopelagicus abundans,0,1,0,0,0,0,0,0
Candidatus Nanopelagicus hibericus,0,1,0,0,0,0,0,0
Candidatus Nanopelagicus limnes,0,1,1,1,0,0,0,0
Candidatus Planktophila dulcis,2,3,4,0,6,3,2,8
Candidatus Planktophila lacus,2,0,2,0,0,0,0,0
Candidatus Planktophila limnetica,2,2,0,0,0,0,0,0
Candidatus Planktophila sulfonica,0,1,1,0,0,0,1,1
Candidatus Planktophila versatilis,2,2,8,2,3,5,14,3
Catenulispora acidiphila,3,0,1,0,2,2,1,0
Corynebacterium ammoniagenes,1,3,13,7,5,4,12,3
Corynebacterium aquilae,1,1,0,0,1,0,0,0
Corynebacterium argentoratense,2,0,0,0,0,0,0,0
Corynebacterium atypicum,0,1,1,0,2,2,1,1
Corynebacterium callunae,3,1,0,0,0,0,0,0
Corynebacterium camporealensis,3,0,1,0,1,0,1,1
Corynebacterium casei,2,1,2,2,0,0,0,0
Corynebacterium choanis,1,0,1,0,0,0,0,0
Corynebacterium crudilactis,2,2,1,0,0,0,0,0
Corynebacterium cystitidis,0,1,0,2,0,0,0,0
Corynebacterium deserti,1,0,0,0,1,0,0,0
Corynebacterium diphtheriae,3,0,1,3,1,2,0,3
Corynebacterium doosanense,2,3,0,0,0,0,0,0
Corynebacterium efficiens,0,2,0,1,0,0,0,0
Corynebacterium endometrii,3,5,27,9,15,13,36,23
Corynebacterium epidermidicanis,2,1,1,1,0,0,0,0
Corynebacterium flavescens,0,5,17,2,1,3,8,4
Corynebacterium genitalium,1,2,13,2,2,7,13,5
Corynebacterium geronticis,0,0,0,2,0,0,0,0
Corynebacterium glaucum,0,0,0,0,0,1,2,0
Corynebacterium glutamicum,0,0,0,2,1,0,0,0
Corynebacterium glyciniphilum,0,1,0,1,7,2,3,1
Corynebacterium halotolerans,1,1,2,1,2,1,0,1
Corynebacterium imitans,1,0,0,0,0,0,0,0
Corynebacterium jeikeium,3,3,5,4,4,8,4,5
Corynebacterium kroppenstedtii,0,3,0,2,0,0,0,0
Corynebacterium kutscheri,0,4,5,2,0,0,0,0
Corynebacterium lactis,3,0,0,0,0,0,0,0
Corynebacterium marinum,0,2,0,0,0,0,0,0
Corynebacterium maris,1,0,0,0,0,0,0,0
Corynebacterium matruchotii,3,0,1,0,0,0,0,0
Corynebacterium minutissimum,3,0,0,0,0,0,0,0
Corynebacterium mustelae,1,1,0,0,0,1,0,0
Corynebacterium mycetoides,1,0,0,0,0,0,0,0
Corynebacterium nuruki,0,0,2,0,1,2,1,0
Corynebacterium pelargi,0,0,0,1,0,0,0,0
Corynebacterium phocae,2,1,1,3,0,0,0,0
Corynebacterium pseudotuberculosis,0,0,1,0,0,0,0,0
Corynebacterium resistens,1,1,0,0,0,0,0,0
Corynebacterium riegelii,0,1,0,2,0,1,0,0
Corynebacterium rouxii,2,2,1,3,0,0,0,0
Corynebacterium sanguinis,0,3,3,0,2,1,0,1
Corynebacterium segmentosum,0,0,2,4,12,6,4,5
Corynebacterium simulans,3,2,4,3,1,0,0,0
Corynebacterium singulare,1,0,0,1,0,0,0,0
Corynebacterium sp. 1959,5,3,0,0,0,1,0,0
Corynebacterium sp. 2019,1,0,0,0,0,0,0,0
Corynebacterium sp. 2183,2,2,15,3,2,7,13,4
Corynebacterium sp. 2184,1,0,1,1,0,0,1,2
Corynebacterium sp. ATCC 6931,2,1,16,1,1,5,13,8
Corynebacterium sp. LMM-1652,2,5,4,6,0,0,0,0
Corynebacterium sp. Marseille-Q3630,1,5,0,0,0,0,0,0
Corynebacterium sp. NML93-0612,0,1,0,0,0,0,0,0
Corynebacterium sp. NML98-0116,1,5,0,3,0,0,0,0
Corynebacterium sp. sy039,4,3,18,0,4,5,15,8
Corynebacterium sphenisci,2,0,0,0,0,0,0,0
Corynebacterium stationis,2,0,0,1,0,0,0,0
Corynebacterium striatum,2,4,1,0,9,4,2,1
Corynebacterium suranareeae,1,0,0,0,0,0,0,0
Corynebacterium testudinoris,2,0,2,0,8,0,3,3
Corynebacterium timonense,1,0,0,0,0,0,0,0
Corynebacterium ulcerans,2,4,27,7,7,19,26,18
Corynebacterium urealyticum,2,1,0,0,0,0,0,0
Corynebacterium uterequi,1,1,0,0,1,0,0,0
Corynebacterium variabile,0,0,0,1,0,1,0,0
Corynebacterium vitaeruminis,3,2,3,5,10,3,3,4
Corynebacterium xerosis,0,2,2,0,0,0,0,0
Dietzia psychralcaliphila,0,0,0,1,1,0,1,0
Dietzia timorensis,2,1,0,1,0,0,0,0
Gordonia alkanivorans,1,2,0,0,0,0,0,0
Gordonia bronchialis,1,0,0,1,0,0,1,0
Gordonia insulae,1,0,1,0,0,0,0,0
Gordonia iterans,0,0,0,2,0,0,0,0
Gordonia polyisoprenivorans,0,2,0,0,0,0,0,0
Gordonia rubripertincta,1,0,0,0,0,0,0,0
Gordonia sp. 1D,1,0,0,0,0,0,0,0
Gordonia sp. JH63,0,1,0,0,0,0,0,0
Gordonia sp. KTR9,0,0,1,0,0,0,0,0
Gordonia sp. YC-JH1,1,0,0,0,0,0,0,0
Gordonia terrae,0,2,1,3,1,0,0,0
Hoyosella subflava,0,0,0,2,1,0,0,0
Mycobacterium avium,0,0,1,0,0,0,0,0
Mycobacterium basiliense,0,2,1,1,0,0,0,0
Mycobacterium branderi,1,0,0,0,0,0,0,0
Mycobacterium chimaera,0,0,0,0,1,0,0,0
Mycobacterium colombiense,0,1,0,0,0,0,0,0
Mycobacterium conspicuum,0,0,0,1,0,0,1,1
Mycobacterium cookii,0,0,1,0,0,1,0,0
Mycobacterium dioxanotrophicus,0,2,0,0,0,0,0,0
Mycobacterium gallinarum,0,0,1,1,2,1,1,0
Mycobacterium gordonae,2,0,1,2,2,2,1,0
Mycobacterium grossiae,0,0,4,0,0,3,0,1
Mycobacterium haemophilum,2,1,2,3,0,0,3,2
Mycobacterium heidelbergense,0,0,0,1,0,0,0,0
Mycobacterium kansasii,3,1,0,5,0,0,0,0
Mycobacterium lacus,0,0,0,0,4,0,1,0
Mycobacterium leprae,2,1,0,1,1,1,0,1
Mycobacterium mantenii,0,0,6,0,1,1,2,3
Mycobacterium marinum,1,0,0,1,0,0,0,0
Mycobacterium noviomagense,0,0,0,1,0,0,0,0
Mycobacterium paragordonae,0,0,0,1,0,0,0,0
Mycobacterium paraseoulense,0,0,1,0,1,1,2,2
Mycobacterium saskatchewanense,2,0,1,1,7,8,3,5
Mycobacterium shigaense,5,2,1,5,0,0,0,0
Mycobacterium simiae,2,2,1,0,0,0,0,0
Mycobacterium sp. DL440,0,1,0,0,0,0,0,0
Mycobacterium sp. DL592,4,2,1,5,4,2,0,0
Mycobacterium sp. ELW1,0,1,0,0,0,0,0,0
Mycobacterium sp. EPa45,0,1,1,0,0,0,0,0
Mycobacterium sp. JS623,1,1,2,0,0,0,4,1
Mycobacterium sp. MS1601,0,1,0,0,0,0,0,0
Mycobacterium sp. PYR15,0,2,0,2,2,0,1,2
Mycobacterium sp. YC-RL4,0,0,0,0,1,0,0,0
Mycobacterium stomatepiae,0,0,0,1,0,0,0,0
Mycobacterium xenopi,2,1,0,0,0,0,0,0
Mycobacteroides abscessus,1,1,0,2,12,3,3,2
Mycobacteroides immunogenum,0,1,1,1,0,0,0,0
Mycobacteroides saopaulense,0,0,0,0,0,0,0,1
Mycolicibacter hiberniae,1,0,0,0,0,0,0,0
Mycolicibacter sinensis,1,3,0,1,0,0,0,0
Mycolicibacter terrae,0,1,0,0,0,0,0,0
Mycolicibacterium aichiense,2,0,0,0,0,0,0,0
Mycolicibacterium alvei,1,0,0,1,0,0,0,0
Mycolicibacterium arabiense,2,1,0,1,0,0,0,1
Mycolicibacterium aurum,5,1,0,0,0,0,1,0
Mycolicibacterium boenickei,0,1,0,0,0,0,0,1
Mycolicibacterium chitae,0,1,0,0,0,0,0,0
Mycolicibacterium confluentis,1,2,11,0,3,9,9,6
Mycolicibacterium doricum,0,1,0,0,0,0,0,0
Mycolicibacterium fallax,1,1,1,1,8,2,1,5
Mycolicibacterium fortuitum,0,2,26,8,9,16,21,17
Mycolicibacterium frederiksbergense,0,2,1,0,2,0,1,0
Mycolicibacterium gadium,0,1,0,1,0,0,0,0
Mycolicibacterium gilvum,1,0,2,2,2,2,1,1
Mycolicibacterium goodii,1,2,0,2,0,0,0,0
Mycolicibacterium hassiacum,0,0,0,0,0,1,0,0
Mycolicibacterium helvum,3,1,0,2,0,0,1,1
Mycolicibacterium litorale,0,0,0,1,0,0,0,0
Mycolicibacterium madagascariense,1,0,0,0,0,0,0,0
Mycolicibacterium mageritense,4,6,0,3,2,0,0,0
Mycolicibacterium moriokaense,0,0,0,3,0,0,1,0
Mycolicibacterium parafortuitum,0,1,0,1,0,0,0,0
Mycolicibacterium phlei,3,1,0,1,0,0,0,0
Mycolicibacterium poriferae,0,0,0,0,0,0,1,0
Mycolicibacterium psychrotolerans,2,0,0,1,1,0,0,0
Mycolicibacterium pulveris,0,1,0,1,2,2,1,0
Mycolicibacterium rhodesiae,1,0,1,0,3,0,1,1
Mycolicibacterium rutilum,0,0,0,0,3,0,1,0
Mycolicibacterium sediminis,1,1,0,0,0,0,0,0
Mycolicibacterium smegmatis,1,0,0,0,0,0,0,0
Mycolicibacterium thermoresistibile,0,2,0,0,0,0,0,0
Mycolicibacterium tokaiense,0,0,0,1,0,0,0,0
Mycolicibacterium vaccae,0,2,0,3,0,0,0,0
Mycolicibacterium vanbaalenii,3,0,0,1,0,1,1,0
Nocardia arthritidis,0,0,1,0,0,0,0,0
Nocardia asteroides,1,0,1,0,2,3,0,0
Nocardia brasiliensis,3,2,3,4,4,1,0,1
Nocardia cyriacigeorgica,3,1,2,0,1,0,0,0
Nocardia farcinica,1,4,0,1,0,0,0,0
Nocardia mangyaensis,4,4,1,0,0,1,1,1
Nocardia nova,2,1,1,0,0,0,0,1
Nocardia otitidiscaviarum,4,0,2,0,2,1,4,1
Nocardia seriolae,0,2,2,0,0,2,1,0
Nocardia sp. CFHS0054,2,2,1,1,2,2,1,1
Nocardia sp. CS682,2,0,0,0,0,0,0,0
Nocardia sp. WCH-YHL-001,1,1,0,2,5,1,1,1
Nocardia terpenica,0,2,0,1,6,2,0,5
Rhodococcus coprophilus,5,2,9,0,3,4,9,3
Rhodococcoides fascians,3,2,1,1,0,0,0,0
Prescottella equi,1,0,0,0,0,0,0,0
Rhodococcus opacus,2,1,0,0,0,0,1,0
Rhodococcus pyridinivorans,0,1,0,0,0,0,0,0
Rhodococcus ruber,1,0,0,0,0,0,0,0
Rhodococcus sp. ABRD24,0,2,0,0,0,0,0,0
Rhodococcus sp. MTM3W5.2,1,2,0,0,0,0,0,0
Rhodococcus sp. P1Y,1,1,1,0,0,0,0,0
Rhodococcus sp. PBTS 1,2,0,0,2,1,4,4,4
Rhodococcus sp. S2-17,1,0,0,0,0,0,0,0
Rhodococcus sp. W8901,0,0,1,1,0,0,0,1
Rhodococcus sp. WAY2,2,0,0,1,0,0,1,0
Rhodococcus sp. WMMA185,1,0,2,0,0,2,1,0
Rhodococcus sp. X156,1,2,0,0,0,0,0,0
Rhodococcus triatomae,0,1,0,0,0,0,0,0
Segniliparus rotundus,2,1,0,0,0,0,0,0
Tsukamurella paurometabola,1,0,1,1,0,0,1,0
Tsukamurella tyrosinosolvens,3,0,1,0,0,0,0,0
Candidatus Frankia datiscae,2,1,0,0,2,1,0,0
Frankia alni,0,1,1,2,2,5,1,1
Frankia casuarinae,1,1,0,0,0,0,0,0
Frankia sp. EAN1pec,0,3,1,1,6,4,5,2
Frankia sp. QA3,1,2,0,1,0,0,0,0
Jatrophihabitans sp. GAS493,3,0,0,0,0,0,0,0
Blastococcus saxobsidens,1,0,2,0,0,1,0,1
Geodermatophilus obscurus,2,1,0,0,4,3,0,6
Stackebrandtia nassauensis,1,1,0,1,1,0,0,0
Kineococcus radiotolerans,0,0,1,0,0,0,0,0
Miniimonas sp. S16,1,0,0,1,2,2,0,1
Georgenia sp. Z294,1,0,0,0,1,0,0,0
Georgenia sp. Z443,0,0,0,0,0,0,0,1
Brevibacterium aurantiacum,1,3,0,1,0,0,0,0
Brevibacterium linens,0,2,4,5,11,3,6,4
Brevibacterium luteolum,6,1,33,9,5,14,32,9
Brevibacterium sandarakinum,1,2,0,0,0,0,1,0
Brevibacterium sp. CS2,1,4,0,1,1,0,0,0
Brevibacterium sp. Marine,1,0,0,0,0,0,0,0
Brevibacterium sp. o2,2,2,0,1,0,0,0,0
Brevibacterium sp. WO024,0,0,0,1,0,0,1,0
Brevibacterium sp. YB235,1,1,0,0,6,2,1,1
Cellulomonas flavigena,2,6,0,1,2,1,1,1
Cellulomonas gilvus,1,0,0,2,0,0,0,0
Cellulomonas shaoxiangyii,1,0,0,0,0,0,0,0
Cellulomonas sp. 40-2,2,0,0,2,0,0,0,0
Cellulomonas sp. H30R-01,1,0,0,1,0,0,0,0
Cellulomonas sp. JZ18,2,0,3,1,0,4,0,1
Cellulomonas sp. PSBB021,1,0,0,0,0,0,0,0
Cellulomonas sp. Y8,0,0,0,1,1,1,0,0
Oerskovia sp. KBS0722,0,1,0,0,0,0,0,0
Paraoerskovia marina,0,0,1,0,0,0,0,0
Pseudactinotalea sp. HY158,2,0,1,1,2,0,2,0
Brachybacterium ginsengisoli,1,0,0,1,0,0,0,0
Brachybacterium saurashtrense,0,1,0,0,0,0,0,0
Brachybacterium vulturis,0,1,0,0,0,0,0,0
Dermabacter jinjuensis,3,1,6,1,0,2,1,5
Dermabacter vaginalis,0,1,0,0,0,0,0,0
Luteipulveratus mongoliensis,1,7,12,3,2,9,19,18
Austwickia chelonae,0,1,0,0,0,0,0,0
Mobilicoccus sp. NJES-13,1,3,0,0,0,0,0,0
Arsenicicoccus sp. oral taxon 190,1,0,0,0,0,0,0,0
Janibacter indicus,0,1,1,1,4,2,4,1
Janibacter limosus,2,0,1,1,2,3,1,1
Janibacter melonis,1,0,0,0,1,1,0,0
Janibacter sp. YB324,0,0,1,0,0,0,0,0
Ornithinimicrobium sp. AMA3305,1,1,1,0,1,0,0,0
Ornithinimicrobium sp. H23M54,0,3,13,5,2,12,15,7
Ornithinimicrobium sp. HY006,1,2,0,0,3,2,1,0
Phycicoccus dokdonensis,0,0,0,0,1,0,2,0
Serinicoccus chungangensis,0,2,0,1,7,6,0,1
Serinicoccus hydrothermalis,1,0,1,0,1,0,0,0
Serinicoccus profundi,0,0,0,0,2,1,0,0
Tetrasphaera sp. HKS02,1,0,0,2,0,0,0,0
Jonesia denitrificans,0,1,0,0,0,0,0,0
Agrococcus jejuensis,4,1,0,3,1,0,0,0
Agrococcus sp. SGAir0287,1,0,0,0,0,0,0,0
Agromyces aureus,3,0,0,0,0,0,0,0
Agromyces flavus,2,5,2,2,6,5,4,3
Agromyces protaetiae,1,1,0,1,1,1,1,1
Agromyces sp. HY052,0,1,0,0,1,0,0,0
Agromyces sp. MF30-A,0,2,4,0,0,1,2,0
Aurantimicrobium minutum,0,1,2,0,0,0,0,0
Aurantimicrobium sp. MWH-Mo1,0,0,1,1,0,0,0,0
Aurantimicrobium sp. MWH-Uga1,0,1,0,0,0,0,0,0
Candidatus Aquiluna sp. 15G-AUS-rot,3,2,2,4,6,5,3,4
Candidatus Aquiluna sp. UB-MaderosW2red,2,1,5,3,1,5,6,2
Cryobacterium arcticum,1,1,0,0,0,0,0,0
Cryobacterium soli,2,4,0,0,0,0,0,1
Cryobacterium sp. LW097,0,1,0,0,0,0,0,0
Curtobacterium pusillum,0,0,1,1,8,3,4,3
Curtobacterium sp. Csp2,0,1,1,0,3,1,2,3
Curtobacterium sp. MR_MD2014,0,0,0,1,0,0,0,0
Diaminobutyricimonas sp. LJ205,0,0,0,1,1,2,0,0
Frondihabitans sp. 762G35,3,1,0,1,0,0,0,0
Frondihabitans sp. PAMC 28766,0,0,0,1,0,0,0,0
Glaciihabitans sp. INWT7,3,0,0,1,0,0,0,0
Gryllotalpicola protaetiae,1,0,0,0,0,0,0,0
Herbiconiux sp. SALV-R1,0,0,0,0,0,0,0,1
Humibacter sp. BT305,5,0,2,0,0,0,0,0
Humibacter sp. WJ7-1,3,0,0,0,0,0,0,0
Leifsonia shinshuensis,0,1,0,0,1,0,0,0
Leifsonia sp. 21MFCrub1.1,1,1,0,1,0,0,0,0
Leifsonia sp. PS1209,0,1,2,3,0,2,1,1
Leifsonia xyli,1,1,0,0,0,0,0,0
Leucobacter sp. DSM 101948,1,0,0,0,0,0,0,0
Leucobacter sp. HDW9B,0,0,0,0,1,0,1,1
Leucobacter sp. HDW9C,1,3,0,0,0,0,0,0
Leucobacter triazinivorans,0,1,0,0,0,0,0,0
Marisediminicola antarctica,1,3,1,0,0,0,1,0
Microbacterium chocolatum,0,0,2,0,0,2,6,0
Microbacterium endophyticum,0,1,0,2,0,0,0,0
Microbacterium esteraromaticum,1,1,0,0,0,0,0,0
Microbacterium foliorum,2,4,4,6,0,0,0,0
Microbacterium hominis,1,0,1,1,0,0,0,0
Microbacterium lemovicicum,2,0,2,0,0,0,0,0
Microbacterium oleivorans,0,1,2,4,4,3,6,2
Microbacterium oryzae,2,1,0,1,0,0,0,0
Microbacterium oxydans,0,0,0,0,0,1,0,0
Microbacterium protaetiae,1,1,0,0,0,0,0,0
Microbacterium pygmaeum,1,1,0,2,0,0,0,0
Microbacterium sediminis,1,1,1,1,2,0,1,0
Microbacterium sp. 10M-3C3,0,1,0,0,0,0,0,0
Microbacterium sp. 1S1,2,0,1,0,1,0,0,1
Microbacterium sp. 4R-513,1,1,0,0,0,0,0,0
Microbacterium sp. ABRD_28,0,0,0,0,0,0,0,1
Microbacterium sp. BH-3-3-3,0,1,0,2,0,0,0,0
Microbacterium sp. CBA3102,2,1,0,0,0,0,0,0
Microbacterium sp. CGR1,1,0,0,0,0,0,0,0
Microbacterium sp. LKL04,0,2,1,0,0,0,0,0
Microbacterium sp. No. 7,0,0,0,1,0,0,0,0
Microbacterium sp. PAMC 28756,2,0,0,1,0,0,0,0
Microbacterium sp. PM5,3,1,1,1,0,0,0,0
Microbacterium sp. Se63.02b,0,1,0,0,0,0,0,0
Microbacterium sp. SGAir0570,1,0,0,0,0,0,0,0
Microbacterium sp. str. China,0,0,1,0,0,0,0,0
Microbacterium sp. TPU 3598,2,0,0,1,0,0,0,0
Microbacterium sp. Y-01,2,0,0,0,0,0,0,0
Microbacterium testaceum,0,2,0,0,0,0,0,0
Microcella alkaliphila,0,1,0,0,0,0,0,0
Microterricola viridarii,0,0,0,1,0,0,0,0
Plantibacter flavus,0,1,0,0,0,0,0,0
Plantibacter sp. PA-3-X8,0,0,0,2,0,0,0,0
Pontimonas salivibrio,0,0,0,1,0,2,0,0
Rathayibacter iranicus,0,1,1,0,0,0,0,0
Rathayibacter sp. VKM Ac-2759,0,0,1,0,2,2,2,0
Rathayibacter sp. VKM Ac-2801,1,2,0,0,0,0,0,0
Rathayibacter sp. VKM Ac-2804,0,0,0,0,0,0,0,1
Rathayibacter sp. VKM Ac-2805,0,1,1,0,4,1,0,2
Rathayibacter toxicus,0,0,0,1,0,0,0,0
Rathayibacter tritici,1,2,0,1,0,0,0,0
Rhodoluna lacicola,2,0,0,0,3,2,2,5
Rhodoluna limnophila,1,0,0,0,0,0,0,0
Salinibacterium sp. CGMCC 1.16371,1,0,0,0,0,0,0,0
Salinibacterium sp. UTAS2018,1,0,0,1,0,0,0,0
Arthrobacter alpinus,0,0,1,1,0,0,0,0
Arthrobacter citreus,7,6,63,14,8,25,56,25
Arthrobacter crystallopoietes,3,3,1,3,4,2,2,1
Arthrobacter dokdonellae,1,1,1,0,0,0,0,0
Arthrobacter sp. 24S4-2,2,1,0,0,1,2,0,0
Arthrobacter sp. AQ5-05,1,0,0,0,0,0,0,0
Arthrobacter sp. ERGS1:01,1,0,1,2,0,0,0,0
Arthrobacter sp. FB24,4,1,1,1,0,0,3,0
Arthrobacter sp. KBS0702,0,1,0,0,0,0,0,0
Arthrobacter sp. NEB 688,3,0,0,0,0,0,0,0
Arthrobacter sp. PAMC 25486,3,0,1,0,0,0,0,0
Arthrobacter sp. PAMC25564,1,0,1,0,0,0,0,0
Arthrobacter sp. PGP41,0,1,0,1,0,0,0,0
Arthrobacter sp. QXT-31,1,2,0,0,0,0,0,0
Arthrobacter sp. U41,2,0,0,1,0,0,0,0
Arthrobacter sp. UKPF54-2,0,1,0,0,0,0,0,0
Arthrobacter sp. YC-RL1,4,5,1,2,0,0,0,0
Arthrobacter sp. YN,2,1,2,6,9,3,0,4
Auritidibacter sp. NML130574,2,3,0,2,1,3,3,2
Glutamicibacter arilaitensis,4,1,2,0,0,0,0,0
Glutamicibacter creatinolyticus,0,0,3,0,0,0,0,2
Glutamicibacter halophytocola,2,1,0,0,0,0,0,0
Glutamicibacter mishrai,0,0,0,1,0,0,0,0
Kocuria palustris,0,1,0,0,0,0,0,0
Kocuria rosea,0,0,0,1,0,0,0,0
Kocuria sp. KD4,0,0,0,0,0,0,0,1
Kocuria sp. TGY1120_3,0,0,0,2,1,0,0,0
Kocuria sp. TGY1127_2,1,1,17,3,3,13,13,13
Kocuria turfanensis,0,2,0,0,0,0,0,0
Micrococcus luteus,1,1,0,0,0,0,0,0
Neomicrococcus aestuarii,0,2,1,1,0,0,0,0
Nesterenkonia sp. NBAIMH1,2,1,1,1,12,3,3,5
Pseudarthrobacter chlorophenolicus,2,2,1,3,3,1,2,3
Pseudarthrobacter equi,1,4,0,1,14,6,1,3
Pseudarthrobacter phenanthrenivorans,2,0,0,0,0,0,0,0
Pseudarthrobacter sp. NBSH8,1,1,0,2,0,0,0,0
Pseudarthrobacter sp. YJ56,0,1,2,1,0,0,1,0
Pseudarthrobacter sulfonivorans,0,0,0,1,0,0,0,0
Renibacterium salmoninarum,0,0,0,1,0,0,0,0
Rothia aeria,3,1,0,0,0,0,0,0
Rothia dentocariosa,0,1,8,1,6,4,8,4
Rothia mucilaginosa,5,3,1,7,2,1,2,3
Sinomonas atrocyanea,1,1,0,0,0,0,0,0
Cellulosimicrobium cellulans,1,0,0,0,0,0,0,0
Isoptericola dokdonensis,1,0,0,0,0,0,0,0
Xylanimicrobium sp. FW10M-9,1,0,0,1,0,0,0,0
Xylanimonas allomyrinae,2,2,3,2,0,0,0,0
Haloactinobacterium sp. HY164,0,0,0,1,0,0,0,0
Ruania sp. HY168,2,0,0,0,0,0,0,0
Sanguibacter sp. HDW7,2,0,0,0,0,0,0,0
Actinoplanes derwentensis,0,2,1,1,0,0,3,3
Actinoplanes friuliensis,0,0,0,4,0,1,0,0
Actinoplanes missouriensis,1,0,1,4,0,0,0,0
Actinoplanes sp. N902-109,1,1,2,0,0,0,0,0
Actinoplanes sp. OR16,0,4,2,0,3,1,3,0
Micromonospora aurantiaca (nom. illeg.),3,0,1,0,0,0,0,0
Micromonospora auratinigra,0,0,2,0,0,0,0,0
Micromonospora chokoriensis,0,1,0,1,0,0,0,0
Micromonospora coriariae,3,0,2,0,2,0,0,0
Micromonospora coxensis,0,2,0,0,2,1,0,0
Micromonospora echinaurantiaca,2,0,4,1,0,0,1,1
Micromonospora echinofusca,0,0,0,0,0,1,0,0
Micromonospora echinospora,0,1,1,2,1,2,2,1
Micromonospora krabiensis,1,0,0,0,0,0,0,0
Micromonospora narathiwatensis,1,1,0,3,0,1,1,0
Micromonospora purpureochromogenes,2,0,2,4,5,2,1,1
Micromonospora siamensis,7,0,0,0,1,0,0,0
Micromonospora sp. 28ISP2-46,1,0,3,0,0,1,2,3
Micromonospora sp. HM134,0,0,1,0,0,0,0,0
Micromonospora sp. L5,1,0,0,0,0,0,0,0
Micromonospora sp. WMMC415,2,0,1,0,1,0,0,0
Micromonospora terminaliae,2,0,0,0,0,0,0,0
Micromonospora tulbaghiae,1,0,0,0,0,0,0,0
Micromonospora viridifaciens,1,0,0,0,0,0,1,0
Micromonospora zamorensis,2,1,0,1,1,3,3,1
Phytohabitans flavus,1,0,2,1,0,0,0,0
Phytohabitans suffuscus,0,1,0,0,2,0,0,0
Plantactinospora sp. KBS50,1,0,0,0,0,0,0,0
Salinispora tropica,0,0,1,1,0,0,0,0
Verrucosispora sp. NA02020,1,4,0,1,0,0,0,0
Nakamurella multipartita,1,0,5,6,2,5,1,3
Nakamurella panacisegetis,2,1,0,0,0,0,0,0
Nakamurella sp. s14-144,3,1,0,0,2,0,0,1
Aeromicrobium choanae,2,2,2,2,4,2,0,4
Aeromicrobium erythreum,3,2,0,0,0,1,0,0
Aeromicrobium marinum,0,0,0,2,0,0,0,0
Aeromicrobium sp. 592,0,2,0,0,0,0,0,1
Aeromicrobium sp. A1-2,0,1,0,0,0,0,0,0
Aeromicrobium sp. MF47,0,1,0,0,0,1,0,1
Friedmanniella luteola,0,0,1,0,0,0,0,0
Friedmanniella sagamiharensis,1,0,0,0,0,0,0,0
Kribbella qitaiheensis,3,1,0,4,0,0,0,0
Marmoricola scoriae,0,1,3,1,5,4,0,4
Micropruina glycogenica,4,2,1,3,5,2,2,2
Nocardioides baekrokdamisoli,1,3,0,0,0,0,0,0
Nocardioides dokdonensis,1,0,0,1,1,2,0,1
Nocardioides euryhalodurans,1,0,0,0,3,2,1,1
Nocardioides humi,0,0,1,0,0,0,0,0
Nocardioides marinisabuli,1,0,0,1,1,1,1,1
Nocardioides sp. 603,0,0,0,1,0,0,0,0
Nocardioides sp. CF8,3,0,0,0,0,0,0,0
Nocardioides sp. dk884,1,0,1,0,0,0,1,1
Nocardioides sp. HDW12A,1,2,2,1,4,3,0,1
Nocardioides sp. HDW12B,1,0,0,1,0,0,1,0
Nocardioides sp. HY056,0,4,24,3,9,11,22,9
Nocardioides sp. KUDC 5002,3,0,5,3,15,7,8,5
Nocardioides sp. R-3366,0,3,2,0,0,1,0,1
Nocardioides sp. S-1144,0,7,0,2,2,6,3,3
Nocardioides sp. S-713,0,2,1,0,0,0,0,0
Nocardioides sp. SB3-45,0,0,1,0,0,0,0,0
Nocardioides ungokensis,1,0,2,0,1,0,1,0
Acidipropionibacterium acidipropionici,1,0,0,1,0,0,0,0
Acidipropionibacterium jensenii,0,0,1,1,0,0,0,0
Acidipropionibacterium virtanenii,2,4,0,0,1,4,1,1
Auraticoccus monumenti,3,0,2,1,1,0,2,1
Cutibacterium acnes,3,0,0,1,1,1,0,0
Cutibacterium avidum,2,0,1,3,0,2,5,0
Microlunatus phosphovorus,0,2,0,0,0,0,0,0
Microlunatus soli,0,1,0,1,0,0,0,0
Propionibacterium acidifaciens,0,0,1,0,0,0,0,0
Propionibacterium australiense,0,1,0,1,0,0,0,0
Propionibacterium freudenreichii,0,4,34,3,10,15,26,24
Propioniciclava sp. HDW11,0,0,0,1,0,2,0,0
Propionimicrobium sp. Marseille-P3275,2,2,0,1,3,1,2,1
Arachnia propionica,1,1,0,0,0,0,0,0
Raineyella sp. CBA3103,0,1,0,1,1,0,0,0
Tessaracoccus aquimaris,2,0,0,1,0,0,0,0
Tessaracoccus flavescens,2,2,3,1,0,0,0,0
Tessaracoccus flavus,0,1,0,0,0,0,0,0
Tessaracoccus sp. T2.5-30,0,0,0,3,0,0,0,1
Tessaracoccus timonensis,1,0,0,0,0,0,0,0
Actinoalloteichus hymeniacidonis,0,1,0,0,0,0,0,0
Alloactinosynnema sp. L-07,0,0,1,0,0,0,0,0
Allokutzneria albata,1,0,0,1,0,0,0,0
Amycolatopsis albispora,1,0,0,2,3,1,3,3
Amycolatopsis keratiniphila,1,1,0,0,0,0,0,0
Amycolatopsis mediterranei,0,0,3,0,0,0,0,0
Amycolatopsis methanolica,1,0,1,2,4,1,5,0
Amycolatopsis sp. BJA-103,0,0,0,0,3,3,0,6
Amycolatopsis sp. Hca4,1,0,0,1,0,0,0,1
Amycolatopsis sp. YIM 10,1,0,0,2,3,5,2,1
Kibdelosporangium phytohabitans,1,1,0,2,2,4,0,0
Kutzneria albida,1,0,0,1,2,0,0,1
Lentzea guizhouensis,0,0,0,4,1,0,0,0
Prauserella marina,1,1,0,0,0,0,0,0
Pseudonocardia autotrophica,0,1,0,0,0,1,0,0
Pseudonocardia dioxanivorans,3,1,0,0,0,0,0,0
Pseudonocardia sp. AL041005-10,0,0,0,0,2,1,0,1
Pseudonocardia sp. Gen01,5,0,0,1,1,1,0,0
Pseudonocardia sp. HH130629-09,0,0,0,1,1,0,0,0
Pseudonocardia sp. HH130630-07,1,0,0,0,0,0,0,0
Saccharomonospora azurea,0,0,0,2,1,0,0,0
Saccharomonospora marina,6,0,0,0,0,1,0,0
Saccharomonospora xinjiangensis,1,1,0,1,1,0,1,0
Saccharomonospora viridis,1,1,0,0,0,0,0,0
Saccharopolyspora coralli,0,0,1,0,1,0,2,0
Saccharopolyspora erythraea,3,1,1,0,0,0,0,0
Saccharopolyspora sp. ASAGF58,2,0,0,3,1,2,1,0
Saccharothrix espanaensis,1,0,0,0,0,0,0,0
Saccharothrix syringae,3,3,4,1,5,3,3,3
Kitasatospora albolonga,1,0,1,0,0,0,0,0
Kitasatospora setae,2,0,1,3,7,7,0,2
Kitasatospora sp. MMS16-BH015,2,0,1,1,3,1,3,1
Kitasatospora sp. NA04385,0,1,0,4,0,2,0,0
Streptacidiphilus bronchialis,1,2,0,3,0,0,0,0
Streptacidiphilus sp. P02-A3a,0,0,0,0,1,0,0,0
Streptacidiphilus sp. PB12-B1b,0,1,1,1,0,0,0,0
Streptomyces actuosus,1,0,0,0,0,0,0,0
Streptomyces noursei,1,1,1,1,0,0,0,0
Streptomyces albus,2,0,0,4,0,0,0,1
Streptomyces alfalfae,0,1,0,0,0,0,0,0
Streptomyces ambofaciens,1,2,1,2,0,0,0,0
Streptomyces antibioticus,0,0,0,1,0,0,0,0
Streptomyces antimycoticus,0,0,0,0,0,0,0,1
Streptomyces anulatus,0,0,0,0,1,0,0,0
Streptomyces aquilus,0,1,0,0,2,1,2,0
Streptomyces atratus,0,0,0,0,0,0,1,0
Streptomyces aureoverticillatus,0,0,1,0,0,0,0,0
Streptomyces bingchenggensis,2,1,0,1,0,1,0,0
Streptomyces cacaoi,1,1,1,0,0,0,0,0
Streptantibioticus cattleyicolor,1,0,0,1,1,2,1,0
Streptomyces chartreusis,2,0,0,1,0,0,0,0
Streptomyces clavuligerus,0,2,0,3,1,0,0,0
Streptomyces collinus,0,0,0,0,0,1,0,0
Streptomyces cyaneochromogenes,2,0,0,0,0,0,0,1
Streptomyces davaonensis,1,0,2,0,1,0,0,0
Streptomyces dengpaensis,3,5,26,2,9,15,20,9
Streptomyces exfoliatus,1,1,1,0,2,0,0,1
Streptomyces ficellus,0,1,3,0,1,0,1,0
Streptomyces finlayi,1,2,1,2,2,4,5,3
Streptomyces fradiae,0,0,1,0,0,0,0,0
Streptomyces microflavus,0,0,1,1,2,1,0,0
Streptomyces gilvosporeus,1,0,0,3,4,4,3,0
Streptomyces glaucescens,2,3,0,0,1,1,1,0
Streptomyces globisporus,3,1,0,2,6,2,4,1
Streptomyces griseochromogenes,0,0,0,1,0,0,0,0
Streptomyces griseorubiginosus,2,1,0,0,2,4,0,2
Streptomyces harbinensis,1,0,1,0,1,0,0,0
Streptomyces hawaiiensis,0,0,0,2,4,2,2,1
Streptomyces hundungensis,1,1,0,0,0,0,0,0
Streptomyces hygroscopicus,2,1,0,0,0,0,0,0
Streptomyces katrae,0,0,0,1,0,0,0,0
Streptomyces koyangensis,1,1,1,0,1,0,0,0
Streptomyces lavendulae,1,5,1,2,22,9,6,4
Streptomyces lincolnensis,1,1,0,0,0,0,0,0
Streptomyces lunaelactis,2,0,0,1,2,1,0,2
Streptomyces lydicus,1,0,0,1,0,0,1,0
Streptomyces nigra,1,0,0,0,0,0,0,0
Streptomyces nitrosporeus,3,0,0,0,0,0,0,0
Streptomyces niveus,1,0,0,0,0,0,0,0
Streptomyces nodosus,0,1,1,0,0,1,1,0
Streptomyces noursei,0,0,0,0,1,0,0,0
Streptomyces olivoreticuli,1,1,1,0,1,2,2,2
Streptomyces paludis,0,0,1,0,2,0,1,1
Streptomyces peucetius,0,0,2,3,7,1,3,1
Streptomyces platensis,0,0,0,1,0,0,0,0
Streptomyces pluripotens,1,0,0,0,0,0,0,0
Streptomyces prasinus,0,0,0,2,0,0,0,0
Streptomyces pratensis,0,0,0,0,0,0,1,0
Streptomyces pristinaespiralis,0,1,0,0,0,0,0,0
Streptomyces qaidamensis,0,0,0,1,0,0,0,0
Streptomyces rectiverticillatus,0,0,0,1,0,0,0,0
Streptomyces rimosus,0,1,1,1,0,0,0,0
Streptomyces rochei,0,0,1,1,0,0,1,1
Streptomyces roseochromogenus,0,0,0,1,0,0,0,0
Streptomyces rutgersensis,0,1,1,2,9,3,5,0
Streptomyces sampsonii,1,0,0,0,0,0,0,0
Streptomyces scabiei,1,1,0,1,1,1,2,5
Streptomyces seoulensis,2,0,3,1,1,3,1,0
Streptomyces sp. 2323.1,0,0,0,1,3,0,0,0
Streptomyces sp. 3214.6,2,0,0,0,1,0,0,0
Streptomyces sp. 604F,0,0,0,1,0,0,0,0
Streptomyces sp. 769,4,1,0,0,1,2,1,0
Streptomyces sp. ADI95-16,2,0,3,1,1,1,1,0
Streptomyces sp. C8S0,1,0,0,0,1,1,0,0
Streptomyces sp. CB09001,1,0,0,0,0,0,0,0
Streptomyces sp. CdTB01,1,2,2,3,10,2,2,3
Streptomyces sp. CLI2509,0,0,0,1,0,0,0,0
Streptomyces sp. CMB-StM0423,1,1,0,0,1,0,0,0
Streptomyces sp. CNQ-509,2,1,1,0,0,0,0,0
Streptomyces sp. endophyte_N2,1,0,0,0,0,0,0,0
Streptomyces sp. fd1-xmd,0,1,0,0,0,0,0,0
Streptomyces sp. Go-475,0,1,0,0,0,0,0,0
Streptomyces sp. GS7,1,0,0,1,0,0,0,0
Streptomyces sp. GY16,1,1,1,0,0,0,1,0
Streptomyces sp. JB150,3,0,0,0,1,0,0,0
Streptomyces sp. M2,1,0,1,1,0,0,1,0
Streptomyces sp. Mg1,0,0,0,0,1,0,0,0
Streptomyces sp. NA02950,1,0,0,0,0,0,0,0
Streptomyces sp. NA04227,2,0,1,3,7,3,1,1
Streptomyces sp. NHF165,1,0,0,2,0,0,0,0
Streptomyces sp. P3,0,0,0,0,1,0,0,0
Streptomyces sp. PAMC 26508,1,0,0,0,0,0,0,0
Streptomyces sp. QHH-9511,4,1,0,1,0,0,0,0
Streptomyces sp. QMT-28,0,4,4,1,0,0,0,0
Streptomyces sp. RLB1-33,0,0,1,2,1,2,0,0
Streptomyces sp. RLB3-6,0,0,0,1,0,0,0,0
Streptomyces sp. RPA4-2,0,0,6,0,1,2,3,0
Streptomyces sp. RPA4-5,1,0,0,0,0,0,0,0
Streptomyces sp. RTd22,2,2,0,2,0,0,0,0
Streptomyces sp. S1D4-14,0,2,0,0,0,0,0,0
Streptomyces sp. S8,0,0,0,0,0,1,0,0
Streptomyces sp. SAT1,0,2,0,2,4,2,0,0
Streptomyces sp. Sge12,1,0,0,0,0,0,0,0
Streptomyces sp. SirexAA-E,2,0,0,1,0,0,0,0
Streptomyces sp. SM18,2,1,0,0,3,1,0,0
Streptomyces sp. SUK 48,1,0,0,0,0,1,0,0
Streptomyces sp. T44,1,1,0,0,0,0,0,0
Streptomyces sp. TLI_053,1,1,0,0,0,0,0,0
Streptomyces sp. TN58,0,1,0,0,0,1,0,0
Streptomyces sp. Tue 6075,0,0,1,0,0,1,0,0
Streptomyces sp. WAC 01529,0,0,2,1,0,0,0,1
Streptomyces sp. Z022,0,0,0,0,1,0,0,0
Streptomyces sp. Z423-1,1,0,0,0,1,0,0,0
Streptomyces sp. ZFG47,1,0,0,0,0,0,0,0
Streptomyces spectabilis,0,0,3,1,0,0,0,0
Streptomyces spongiicola,0,0,2,0,4,1,1,0
Streptomyces subrutilus,0,0,0,0,3,2,1,0
Streptomyces tendae,1,0,1,0,0,0,0,0
Streptomyces tirandamycinicus,2,1,2,1,1,1,0,0
Streptomyces tsukubensis,0,0,0,2,0,0,0,0
Streptomyces venezuelae,3,0,1,1,0,0,1,0
Streptomyces vietnamensis,2,2,0,0,0,0,0,0
Streptomyces vinaceus,0,1,0,1,0,0,0,0
Streptomyces xiamenensis,1,0,0,0,0,0,0,0
Nocardiopsis alba,1,0,0,0,0,0,0,0
Nocardiopsis dassonvillei,4,3,5,4,8,6,3,2
Nocardiopsis gilva,5,0,0,0,0,0,0,0
Streptomonospora sp. M2,0,1,1,3,0,0,0,0
Thermobifida fusca,1,1,9,1,1,3,8,4
Nonomuraea sp. ATCC 55076,3,1,0,0,0,0,0,0
Nonomuraea sp. WYY166,1,0,0,3,0,0,0,0
Streptosporangium roseum,1,1,0,1,0,0,0,0
Streptosporangium sp. caverna,0,3,4,2,0,0,0,0
Actinomadura amylolytica,2,1,1,1,0,0,0,0
Actinomadura sp. NAK00032,1,3,0,3,2,0,2,2
Actinomadura sp. WMMA1423,1,0,0,0,0,0,0,0
Actinomadura sp. WMMB 499,0,0,1,1,2,1,1,0
Actinomadura verrucosospora,0,1,0,1,0,0,0,0
Thermomonospora curvata,1,1,0,0,0,0,0,0
Lancefieldella parvula,18,11,6,6,3,3,2,1
Libanicoccus massiliensis,26,24,66,44,112,81,77,53
Olsenella sp. GAM18,36,30,20,43,93,57,42,30
Olsenella sp. oral taxon 807,3,9,1,4,2,3,1,2
Olsenella uli,8,2,3,7,3,1,2,1
Olsenella umbonata,59,16,6,18,6,5,4,1
Parolsenella catena,30,15,17,38,106,54,28,35
Collinsella aerofaciens,6028,10194,11061,17893,59799,38593,25702,23107
Coriobacterium glomerans,8,8,2,12,13,3,4,4
Adlercreutzia equolifaciens,7645,2313,892,3317,40,24,12,11
Adlercreutzia sp. 8CFCBH1,32,7,8,11,0,0,0,0
Arabia massiliensis,56,9,5,24,3,5,5,5
Cryptobacterium curtum,19,5,4,9,3,0,0,0
Denitrobacterium detoxificans,58,27,16,36,22,11,15,6
Eggerthella lenta,9709,1492,574,2127,22,13,9,8
Eggerthella sp. YY7918,48,17,9,21,40,26,17,22
Gordonibacter pamelaeae,8980,1238,533,1799,337,191,162,145
Gordonibacter urolithinfaciens,638,97,38,139,61,43,25,28
Phoenicibacter congonensis,49,39,13,50,10,9,4,8
Slackia heliotrinireducens,101,49,26,64,60,46,26,26
Egibacter rhizosphaerae,1,0,0,0,0,0,0,0
Egicoccus halophilus,0,0,0,0,1,0,0,0
Euzebya sp. DY32-46,0,1,0,0,0,0,0,0
Baekduia soli,1,1,0,0,0,1,0,0
Rubrobacter radiotolerans,1,1,0,0,0,0,0,0
Rubrobacter sp. SCSIO 52909,2,0,0,2,0,0,0,0
Rubrobacter sp. SCSIO 52915,0,0,0,1,1,0,0,0
Rubrobacter xylanophilus,2,2,1,0,0,0,0,0
Conexibacter woesei,0,1,0,0,2,0,4,0
Aquifex aeolicus,3,3,0,1,0,0,0,1
Hydrogenobacter sp. T-8,1,1,0,0,0,0,0,0
Hydrogenobacter thermophilus,0,1,0,3,0,0,0,0
Hydrogenobaculum sp. Y04AAS1,0,0,0,1,0,0,0,0
Thermocrinis albus,0,6,32,11,10,17,30,16
Thermocrinis minervae,0,2,1,0,0,0,0,0
Persephonella marina,1,0,1,1,0,1,0,0
Sulfurihydrogenibium azorense,0,0,2,1,0,0,0,0
Sulfurihydrogenibium sp. YO3AOP1,0,2,0,0,0,0,0,0
Desulfurobacterium thermolithotrophum,5,0,0,3,1,0,1,0
Thermovibrio ammonificans,1,2,1,1,0,0,0,0
Chthonomonas calidirosea,1,0,0,0,0,2,3,2
Fimbriimonas ginsengisoli,1,2,0,1,0,0,0,0
Bacteroides caccae,14908,20523,8357,12880,115,272,473,280
Bacteroides caecimuris,2330,1567,825,1141,358,305,379,301
Bacteroides cellulosilyticus,20882,15410,6314,9742,230,311,532,366
Bacteroides coprosuis,104,91,155,87,27,78,104,66
Bacteroides fragilis,19660,16217,7595,11292,2868,2655,2534,2901
Bacteroides helcogenes,1550,1651,1030,1275,418,522,546,631
Bacteroides heparinolyticus,890,973,618,728,229,235,355,332
Bacteroides intestinalis,17418,6723,3173,8943,859,1117,1000,1207
Bacteroides ovatus,23513,28720,11247,18331,634,609,546,776
Bacteroides sp. A1C1,1485,2608,2279,3765,6849,6890,4556,8779
Bacteroides sp. CACC 737,1201,2147,2038,3105,6351,6106,4170,7881
Bacteroides sp. CBA7301,1359,1061,733,836,174,301,466,290
Bacteroides sp. HF-5287,11840,4157,2174,5240,799,718,771,620
Bacteroides thetaiotaomicron,31315,24805,12857,18208,1523,2348,3671,2036
Bacteroides uniformis,8588,19874,20984,33542,72822,70697,46984,90499
Bacteroides xylanisolvens,10815,6965,2759,4465,284,330,302,446
Bacteroides zoogleoformans,709,717,691,565,201,276,393,320
Barnesiella viscericola,726,971,707,674,438,384,454,320
Dysgonomonas sp. HDW5A,7,15,4,5,0,0,0,0
Dysgonomonas sp. HDW5B,13,22,45,25,7,20,41,15
Fermentimonas caenicola,34,30,67,22,19,32,55,32
Petrimonas mucosa,68,57,82,53,32,38,89,33
Proteiniphilum saccharofermentans,72,64,101,56,39,74,84,67
Duncaniella dubosii,70,83,223,76,51,93,207,86
Muribaculum intestinale,64,76,259,76,59,125,222,113
Muribaculum sp. TLL-A4,64,90,187,86,67,105,205,90
Butyricimonas faecalis,300,368,1175,383,684,773,1213,633
Odoribacter splanchnicus,12493,8318,3317,5214,176,185,179,194
Paludibacter propionicigenes,52,46,86,45,22,47,63,36
Porphyromonas asaccharolytica,91,50,112,65,40,41,126,74
Porphyromonas cangingivalis,38,29,124,52,32,55,91,37
Porphyromonas crevioricanis,45,41,77,46,25,41,71,33
Porphyromonas gingivalis,178,98,116,108,44,54,79,51
Alloprevotella sp. E39,84,76,286,80,62,122,231,104
Paraprevotella xylaniphila,11668,2814,2120,3945,1590,1357,1460,1113
Prevotella dentalis,554,620,3630,773,809,1922,3686,1744
Prevotella denticola,596,389,2353,586,520,1172,2298,1079
Hoylesella enoeca,505,249,1211,358,274,696,1149,567
Prevotella fusca,547,423,2993,651,583,1469,2994,1440
Prevotella intermedia,4556,1524,4366,2111,851,2055,4164,1978
Prevotella jejuni,1007,328,1199,471,229,611,1237,570
Prevotella melaninogenica,851,681,5027,1048,1077,2581,5043,2346
Segatella oris,369,563,4655,889,996,2329,4502,2144
Xylanibacter ruminicola,349,816,7326,1413,1510,3659,7564,3523
Prevotella scopos,428,240,1367,371,275,637,1281,620
Prevotella sp. oral taxon 299,446,197,858,283,176,417,863,350
Alistipes communis,583,705,592,1126,3499,2051,1365,1311
Alistipes dispar,341,463,453,738,2509,1554,984,822
Alistipes finegoldii,9678,11247,4847,7627,3786,2272,1592,1392
Alistipes indistinctus,167,149,115,156,324,230,169,150
Alistipes megaguti,242,327,474,497,1485,1058,708,660
Alistipes onderdonkii,728,799,593,1014,2482,1477,1037,868
Alistipes shahii,10151,3836,1841,5480,2863,1818,1237,1092
Alistipes sp. dk3624,97,114,94,177,391,301,179,162
Mucinivorans hirudinis,37,39,115,43,54,67,98,51
Parabacteroides distasonis,14269,23608,9453,14923,929,1011,814,1110
Parabacteroides sp. CT06,216,328,174,242,183,135,147,99
Tannerella forsythia,130,89,46,60,14,20,37,23
Tannerella serpentiformis,62,74,153,76,88,84,127,75
Tenuifilum thalassicum,14,11,12,9,2,10,14,8
Labilibaculum antarcticum,23,25,78,32,12,39,67,30
Alkalitalea saponilacus,13,16,18,12,3,5,18,9
Draconibacterium orientale,19,17,54,14,7,17,35,15
Draconibacterium sp. M1,12,20,41,10,10,8,28,14
Salinivirga cyanobacteriivorans,11,9,26,9,7,9,21,12
Arachidicoccus ginsenosidivorans,6,10,12,11,8,5,11,9
Arachidicoccus sp. B3-10,5,8,14,7,8,13,25,13
Arachidicoccus sp. BS20,9,5,6,7,5,3,0,3
Arachidicoccus sp. KIS59-12,12,8,21,13,12,4,25,9
Chitinophaga caeni,13,9,28,1,5,23,31,12
Chitinophaga pinensis,16,32,140,35,48,82,130,71
Chitinophaga sp. 1303,1,0,1,0,2,0,0,1
Chitinophaga sp. 1310,0,0,0,0,0,1,0,0
Chitinophaga sp. H33E-04,13,12,36,19,18,22,36,14
Chitinophaga sp. MD30,10,8,9,8,7,12,14,6
Chitinophaga sp. XS-30,11,13,41,9,10,21,28,13
Filimonas lacunae,17,6,9,10,3,5,11,2
Flavihumibacter sp. SB-02,2,17,23,10,10,17,25,17
Flavisolibacter ginsenosidimutans,5,4,20,5,13,11,47,21
Flavisolibacter sp. 17J28-1,10,13,17,5,3,6,15,2
Flavisolibacter tropicus,8,9,20,14,7,22,25,13
Lacibacter sp. S13-6-6,12,12,6,14,1,0,3,0
Niabella ginsenosidivorans,5,6,6,3,4,5,3,8
Niabella soli,13,8,3,2,0,0,1,0
Niastella koreensis,16,13,28,15,8,15,28,13
Panacibacter ginsenosidivorans,5,7,22,6,4,6,17,11
Paraflavitalea soli,16,9,7,16,8,3,9,7
Pseudobacter ginsenosidimutans,9,11,52,16,7,26,54,21
Candidatus Amoebophilus asiaticus,2,0,13,1,4,6,8,4
Candidatus Cardinium hertigii,2,2,0,1,0,0,0,0
Cardinium endosymbiont of Encarsia pergandiella,2,0,0,0,0,0,0,0
Cardinium endosymbiont of Sogatella furcifera,0,4,50,7,8,13,33,25
Bernardetia litoralis,3,7,3,3,0,1,7,4
Algoriphagus machipongonensis,7,9,18,7,8,9,20,12
Algoriphagus sanaruensis,10,3,2,4,1,4,3,8
Aquiflexum balticum,2,7,46,8,15,33,59,17
Belliella baltica,7,3,1,2,0,0,1,0
Cyclobacterium amurskyense,6,4,1,0,0,1,0,1
Cyclobacterium marinum,10,10,9,7,4,4,13,5
Echinicola rosea,11,14,36,7,13,9,39,39
Echinicola sp. LN3S3,2,5,18,3,4,16,26,10
Echinicola strongylocentroti,7,7,23,8,12,10,28,15
Echinicola vietnamensis,10,4,9,3,3,3,6,3
Allopseudarcicella aquatilis,15,5,4,4,0,0,0,0
Arcticibacterium luteifluviistationis,5,10,11,3,1,2,10,6
Cytophaga hutchinsonii,9,4,9,5,0,4,2,1
Dyadobacter fermentans,16,21,8,14,14,7,5,7
Fibrella aestuarina,8,10,32,4,12,13,26,16
Fibrella sp. ES10-3-2-2,16,8,30,16,7,10,32,15
Leadbetterella byssophila,10,6,20,6,1,5,11,8
Rhodocytophaga sp. 172606-1,14,7,7,7,4,3,0,5
Runella slithyformis,11,8,11,3,1,9,5,10
Runella sp. HYN0085,9,4,13,5,6,10,13,3
Runella sp. SP2,9,4,4,8,0,0,0,0
Spirosoma aerolatum,3,3,2,1,0,4,4,2
Spirosoma montaniterrae,4,5,20,4,4,23,34,17
Spirosoma pollinicola,5,3,39,15,2,12,27,10
Spirosoma radiotolerans,8,5,7,5,5,6,3,5
Spirosoma rigui,7,7,2,4,7,7,0,4
Spirosoma sp. BT328,10,6,1,3,11,4,0,0
Spirosoma sp. CJU-R4,12,0,5,3,19,13,13,4
Spirosoma sp. I-24,5,3,10,5,1,2,4,6
Spirosoma sp. KCTC 42546,10,15,20,9,6,15,34,20
Spirosoma sp. KUDC1026,4,9,32,6,4,15,39,9
Spirosoma sp. PL0136,8,3,3,2,0,1,0,0
Spirosoma sp. TS118,6,20,33,11,17,30,43,35
Flammeovirga pectinis,2,8,2,2,0,0,0,0
Flammeovirga sp. MY04,18,12,3,4,2,2,1,1
Chryseolinea soli,10,6,23,18,15,18,20,14
Adhaeribacter sp. KUDC8001,11,5,11,6,3,2,12,4
Adhaeribacter swui,2,7,47,8,15,28,53,24
Hymenobacter jejuensis,16,8,23,9,23,12,25,19
Hymenobacter nivis,5,3,36,8,10,20,38,13
Hymenobacter oligotrophus,6,1,16,3,11,17,36,16
Hymenobacter sedentarius,9,8,29,4,19,18,44,13
Hymenobacter sp. 17J36-26,8,3,5,3,3,3,7,0
Hymenobacter sp. APR13,6,6,44,8,9,6,36,10
Hymenobacter sp. BRD128,5,3,9,2,1,4,4,3
Hymenobacter sp. BRD67,0,3,0,1,3,0,0,1
Hymenobacter sp. BRD72,2,8,17,4,12,11,22,9
Hymenobacter sp. BT18,5,5,25,7,9,12,39,11
Hymenobacter sp. BT182,5,5,2,8,5,7,3,4
Hymenobacter sp. DG01,3,6,3,7,3,4,7,1
Hymenobacter sp. DG25A,4,4,0,1,4,3,2,1
Hymenobacter sp. DG25B,1,3,2,2,0,0,0,0
Hymenobacter sp. HDW8,1,7,0,2,0,0,0,0
Hymenobacter sp. NBH84,1,3,8,5,7,6,4,7
Hymenobacter sp. PAMC 26554,7,7,42,10,15,18,42,16
Hymenobacter sp. PAMC 26628,5,6,2,10,9,4,6,10
Hymenobacter sp. TS19,10,5,45,15,5,19,47,9
Hymenobacter swuensis,7,2,3,6,0,0,0,1
Nibribacter sp. BT10,3,5,9,6,1,5,7,3
Pontibacter actiniarum,5,5,35,11,7,17,28,13
Pontibacter akesuensis,14,12,12,6,11,10,5,6
Pontibacter korlensis,7,13,71,21,18,24,60,38
Pontibacter pudoricolor,7,12,31,13,3,13,31,11
Pontibacter russatus,4,3,1,4,14,7,3,5
Pontibacter sp. SGAir0037,16,10,8,6,9,11,12,3
Rufibacter sp. DG15C,10,2,56,11,21,34,61,32
Rufibacter sp. DG31D,0,5,1,2,3,1,5,1
Rufibacter tibetensis,5,6,12,10,1,5,13,8
Marivirga tractuosa,4,2,2,0,0,0,0,0
Roseivirga pacifica,3,3,4,1,3,1,6,1
Blattabacterium clevelandi,0,0,0,0,0,0,1,0
Blattabacterium cuenoti,0,1,1,1,0,0,0,0
Blattabacterium sp. (Blatta orientalis),0,0,6,1,7,4,4,6
Blattabacterium sp. (Blattella germanica),0,0,0,1,0,0,0,0
Blattabacterium sp. (Cryptocercus kyebangensis),1,0,0,1,0,0,0,0
Blattabacterium sp. (Mastotermes darwiniensis),0,0,0,1,0,0,0,0
Blattabacterium sp. (Nauphoeta cinerea),0,1,0,0,0,0,0,0
Blattabacterium sp. DPU,0,0,1,0,0,0,0,0
Fluviicola taffensis,14,1,6,4,3,4,4,5
Owenweeksia hongkongensis,7,8,3,3,0,1,1,0
Aequorivita sp. H23M31,6,11,31,9,13,14,33,5
Aequorivita sublithincola,1,4,2,1,0,2,1,2
Algibacter alginicilyticus,5,5,2,9,0,0,0,0
Algibacter sp. L1A34,2,4,19,13,4,9,16,7
Algibacter sp. L3A6,0,2,2,0,0,0,0,0
Antarcticibacterium flavum,2,2,5,4,0,2,2,1
Antarcticibacterium sp. PAMC 28998,5,6,24,7,5,13,27,17
Aquimarina sp. AD1,6,12,23,8,7,15,37,21
Aquimarina sp. AD10,6,2,0,0,0,0,0,0
Aquimarina sp. BL5,4,2,0,2,0,0,0,0
Aquimarina sp. TRL1,6,4,4,3,2,1,4,1
Arenibacter algicola,10,3,4,13,11,7,6,11
Aureitalea sp. RR4-38,4,1,7,2,0,1,2,0
Capnocytophaga canimorsus,28,10,42,23,5,21,42,17
Capnocytophaga cynodegmi,8,5,4,5,4,4,7,7
Capnocytophaga endodontalis,7,2,2,2,0,0,1,0
Capnocytophaga gingivalis,7,10,50,8,13,27,40,16
Capnocytophaga haemolytica,14,11,41,8,10,28,44,20
Capnocytophaga leadbetteri,4,4,0,3,0,0,0,0
Capnocytophaga ochracea,1,3,5,2,0,0,1,0
Capnocytophaga sp. FDAARGOS_737,6,4,3,1,0,0,0,0
Capnocytophaga sp. H2931,1,2,1,7,2,2,1,2
Capnocytophaga sp. H4358,2,0,0,1,0,0,0,0
Capnocytophaga sp. oral taxon 323,1,0,0,2,0,0,0,0
Capnocytophaga sp. oral taxon 864,1,2,0,0,0,0,0,0
Capnocytophaga sp. oral taxon 878,30,8,10,3,0,0,0,0
Capnocytophaga sp. oral taxon 902,2,2,0,0,0,0,0,0
Capnocytophaga sputigena,15,12,9,9,3,5,9,4
Capnocytophaga stomatis,13,9,13,9,1,1,4,0
Cellulophaga algicola,3,1,2,3,0,0,0,1
Cellulophaga baltica,7,3,12,2,3,6,6,2
Cellulophaga lytica,7,5,1,1,0,0,0,1
Cellulophaga sp. L1A9,4,4,1,5,0,0,0,0
Changchengzhania lutea,7,0,0,4,0,0,0,0
Costertonia aggregata,6,7,19,13,1,9,21,9
Croceibacter atlanticus,4,5,4,2,1,0,4,1
Dokdonia donghaensis,0,6,21,4,9,11,26,8
Dokdonia sp. 4H-3-7-5,4,8,16,2,9,7,8,12
Dokdonia sp. Dokd-P16,2,0,2,0,0,0,2,0
Dokdonia sp. MED134,3,2,0,0,0,1,0,0
Dokdonia sp. PRO95,0,2,3,1,4,3,4,1
Euzebyella marina,7,3,13,5,6,4,6,4
Flagellimonas maritima,2,1,4,2,0,2,1,0
Flavivirga eckloniae,7,1,1,7,0,0,1,0
Flavobacterium album,8,6,10,9,9,11,11,8
Flavobacterium alkalisoli,5,5,3,3,4,7,8,8
Flavobacterium anhuiense,15,6,7,5,0,2,3,4
Flavobacterium arcticum,5,3,50,15,10,27,51,21
Flavobacterium branchiophilum,3,2,0,4,0,2,0,0
Flavobacterium columnare,13,10,44,5,7,16,33,16
Flavobacterium commune,10,8,24,5,5,6,18,8
Flavobacterium crassostreae,6,4,1,2,0,0,0,0
Flavobacterium crocinum,10,5,2,9,2,0,1,2
Flavobacterium faecale,9,2,10,3,1,3,3,0
Flavobacterium gilvum,5,5,3,7,1,0,1,0
Flavobacterium haoranii,9,2,3,6,1,1,0,1
Flavobacterium indicum,6,1,2,2,0,1,3,1
Flavobacterium johnsoniae,13,10,52,10,7,25,47,15
Flavobacterium kingsejongi,12,10,4,12,5,2,3,3
Flavobacterium magnum,8,12,46,18,7,16,37,18
Flavobacterium nackdongense,4,8,8,4,2,1,8,6
Flavobacterium nitrogenifigens,6,2,8,2,1,0,2,3
Flavobacterium pallidum,3,5,25,5,3,20,34,14
Flavobacterium psychrophilum,6,1,1,2,0,0,0,0
Flavobacterium sangjuense,1,4,6,2,1,3,1,4
Flavobacterium sediminis,9,5,19,13,5,6,12,7
Flavobacterium sp. 140616W15,5,3,1,6,4,7,3,3
Flavobacterium sp. CJ74,4,3,39,8,12,12,34,29
Flavobacterium sp. HYN0086,6,9,0,4,0,0,0,0
Flavobacterium sp. I3-2,5,3,21,14,0,5,21,11
Flavobacterium sp. KBS0721,7,4,38,5,4,11,22,10
Flavobacterium sp. LPB0248,4,3,33,7,11,18,41,22
Flavobacterium sp. M31R6,8,1,2,5,0,0,0,0
Flavobacterium sp. P2-65,9,5,22,9,8,12,15,15
Flavobacterium sp. Sr18,5,3,1,7,0,1,0,0
Flavobacterium sp. xlx-214,3,1,2,2,0,0,0,0
Formosa agariphila,6,2,3,3,0,0,0,0
Formosa sediminum,5,3,0,2,0,0,0,0
Formosa sp. Hel1_31_208,5,2,5,0,0,0,3,2
Formosa sp. Hel1_33_131,2,4,1,3,0,0,0,0
Formosa sp. Hel3_A1_48,5,2,2,0,0,0,0,0
Formosa sp. L2A11,7,3,3,2,0,2,2,1
Galbibacter sp. BG1,8,2,1,2,0,0,0,0
Gillisia sp. Hel1_33_143,4,3,1,4,0,0,0,0
Gilvibacter sp. SZ-19,2,2,3,1,5,3,0,1
Christiangramia echinicola,6,3,1,3,3,5,4,5
Christiangramia flava,3,4,13,5,2,2,14,7
Christiangramia forsetii,8,3,5,3,1,5,4,5
Gramella fulva,7,3,9,4,1,6,6,0
Gramella salexigens,3,7,42,14,4,15,30,22
Gramella sp. MAR_2010_147,9,5,3,3,1,0,0,0
Kordia antarctica,2,3,2,4,0,3,2,1
Kordia sp. SMS9,7,8,65,13,13,30,65,36
Lacinutrix sp. 5H-3-7-4,0,5,3,1,7,4,3,13
Lacinutrix sp. Bg11-31,3,4,4,1,1,3,7,4
Lacinutrix venerupis,8,3,0,2,0,0,0,0
Leeuwenhoekiella sp. ZYFB001,5,0,21,11,4,4,7,2
Lutibacter profundi,4,9,1,6,0,0,0,0
Maribacter cobaltidurans,4,7,16,9,1,13,18,8
Maribacter dokdonensis,2,0,0,1,0,0,0,0
Maribacter sp. 1_2014MBL_MicDiv,0,0,0,1,0,0,0,0
Maribacter sp. HTCC2170,5,5,2,4,0,0,0,0
Maribacter sp. MJ134,4,4,23,13,5,10,23,10
Maribacter sp. T28,8,4,1,1,1,0,0,0
Mariniflexile sp. TRM1-10,6,7,10,3,2,4,8,6
Muricauda lutaonensis,2,7,0,2,1,0,0,0
Flagellimonas ruestringensis,1,2,26,4,6,18,18,10
Muricauda sp. 501str8,1,2,3,3,1,3,1,3
Muriicola sp. MMS17-SY002,5,5,0,3,3,2,1,1
Myroides odoratus,6,8,1,1,0,0,0,0
Myroides phaeus,11,4,3,5,0,0,0,0
Myroides profundi,3,1,1,3,0,0,0,0
Myroides sp. CJ210,2,3,0,6,0,0,0,1
Nonlabens dokdonensis,5,2,4,2,0,0,1,6
Nonlabens marinus,2,6,0,2,8,4,1,2
Nonlabens sediminis,1,1,3,1,1,2,6,6
Nonlabens sp. Ci31,3,6,28,5,8,10,26,6
Nonlabens sp. Hel1_33_55,6,3,0,1,0,3,2,0
Nonlabens sp. MB-3u-79,0,1,9,3,4,3,7,3
Nonlabens sp. MJ115,1,7,4,9,0,1,3,1
Nonlabens spongiae,1,1,0,1,0,1,2,1
Oceanihabitans sp. IOP_32,4,7,4,2,0,1,2,0
Olleya aquimaris,1,1,1,1,0,0,0,0
Olleya sp. Bg11-27,4,6,6,6,0,1,0,1
Polaribacter reichenbachii,5,3,1,4,0,0,0,0
Polaribacter sp. ALD11,2,6,0,4,0,0,0,0
Polaribacter sp. BM10,3,1,0,0,0,0,0,0
Polaribacter sp. Hel1_33_78,2,0,1,4,0,0,0,0
Polaribacter sp. KT 15,3,1,0,1,0,1,2,0
Polaribacter sp. KT25b,3,3,3,2,0,0,1,1
Polaribacter sp. L3A8,8,1,4,4,5,8,6,7
Polaribacter sp. MED152,2,0,0,0,0,0,0,0
Polaribacter sp. SA4-10,0,5,1,2,0,0,0,0
Polaribacter sp. SA4-12,6,5,9,10,7,2,21,6
Polaribacter vadi,2,2,4,1,2,0,0,2
Psychroflexus torquis,8,3,4,2,0,0,4,2
Psychroserpens sp. NJDZ02,1,1,0,1,0,0,0,0
Robiginitalea biformata,2,6,31,9,9,20,37,19
Salegentibacter salegens,5,5,3,5,2,2,4,4
Salegentibacter sp. T436,7,7,1,5,0,0,0,0
Sediminicola sp. YIK13,11,10,24,9,4,13,20,13
Seonamhaeicola sp. S2-3,4,17,37,10,12,26,34,8
Siansivirga zeaxanthinifaciens,4,8,3,1,0,0,0,0
Tamlana sp. UJ94,4,5,37,7,5,14,42,15
Tenacibaculum dicentrarchi,2,0,1,3,0,0,0,0
Tenacibaculum jejuense,8,1,18,5,6,7,18,4
Tenacibaculum maritimum,10,2,0,4,0,0,0,0
Tenacibaculum mesophilum,2,0,0,1,0,0,0,0
Tenacibaculum sp. DSM 106434,1,0,0,0,0,0,0,0
Tenacibaculum sp. SZ-18,4,4,3,0,0,4,7,1
Tenacibaculum todarodis,2,2,0,2,0,0,1,0
Urechidicola croceus,4,4,2,3,0,2,0,0
Wenyingzhuangia fucanilytica,8,5,44,6,8,20,37,20
Winogradskyella sediminis,8,8,6,4,0,0,2,0
Winogradskyella sp. J14-2,6,0,1,5,0,0,0,0
Winogradskyella sp. PC-19,6,2,0,1,0,0,0,0
Winogradskyella sp. PG-2,7,3,1,2,0,0,1,0
Winogradskyella sp. SW133,3,1,1,0,1,0,0,2
Winogradskyella sp. Z215,4,1,1,1,0,0,0,0
Winogradskyella sp. Z354,5,3,34,8,3,9,30,12
Zobellia galactanivorans,3,7,4,4,3,0,4,2
Zunongwangia profunda,10,10,22,9,7,15,40,19
Ichthyobacterium seriolicida,4,2,2,1,0,0,0,0
Apibacter raozihei,8,3,0,2,0,0,0,0
Apibacter sp. B2966,2,0,0,3,0,0,0,0
Apibacter sp. B3706,2,1,1,4,1,0,0,0
Bergeyella cardium,3,5,28,4,5,19,28,8
Chryseobacterium antarcticum,3,2,3,6,0,1,3,0
Chryseobacterium arthrosphaerae,8,3,2,2,0,0,0,0
Chryseobacterium aureum,4,5,7,8,8,7,5,7
Chryseobacterium balustinum,2,4,10,3,1,3,7,2
Chryseobacterium bernardetii,7,4,3,6,0,0,1,0
Chryseobacterium camelliae,2,10,31,11,12,10,37,11
Chryseobacterium carnipullorum,1,7,2,4,3,2,3,1
Chryseobacterium carnis,8,2,0,1,0,0,0,0
Chryseobacterium gallinarum,20,17,25,14,3,4,15,6
Chryseobacterium glaciei,7,4,6,3,0,1,3,0
Chryseobacterium gleum,8,10,15,6,2,2,8,0
Kaistella haifensis,2,4,14,7,4,3,5,5
Chryseobacterium indologenes,15,4,11,8,5,3,3,5
Chryseobacterium indoltheticum,9,10,25,14,7,25,29,20
Chryseobacterium jeonii,7,6,1,1,1,0,0,1
Chryseobacterium joostei,2,5,16,8,7,10,8,9
Chryseobacterium lactis,11,4,3,4,0,1,0,0
Chryseobacterium nakagawai,2,3,29,5,5,15,33,12
Chryseobacterium piperi,8,15,2,2,0,0,0,0
Chryseobacterium shandongense,12,11,30,15,13,21,28,11
Chryseobacterium sp.,3,7,37,13,7,24,42,17
Chryseobacterium sp. 3008163,7,8,23,5,6,17,30,8
Chryseobacterium sp. 6424,7,7,1,7,1,1,1,0
Chryseobacterium sp. cx-624,3,3,2,4,1,2,5,4
Chryseobacterium sp. F5649,5,3,2,0,1,0,0,1
Chryseobacterium sp. G0162,2,3,1,0,0,0,0,0
Chryseobacterium sp. G0186,6,2,1,2,0,1,1,2
Chryseobacterium sp. G0201,5,8,2,3,4,2,2,6
Chryseobacterium sp. H3001,3,5,4,3,2,1,5,1
Chryseobacterium sp. H6466,5,0,0,1,0,0,1,0
Chryseobacterium sp. IHB B 17019,4,3,4,4,1,4,2,2
Chryseobacterium sp. JV274,5,4,1,4,8,3,4,3
Chryseobacterium sp. NBC 122,13,4,2,5,1,1,0,3
Chryseobacterium sp. NEB161,5,4,28,11,5,15,27,11
Chryseobacterium sp. POL2,3,4,2,2,0,0,1,1
Chryseobacterium sp. SNU WT5,4,3,0,1,0,0,0,0
Chryseobacterium sp. StRB126,4,6,46,14,12,15,39,20
Chryseobacterium sp. T16E-39,7,5,4,8,0,1,0,0
Chryseobacterium taihuense,5,4,28,8,8,10,24,15
Chryseobacterium taklimakanense,14,9,7,3,6,2,0,2
Cloacibacterium normanense,4,1,3,2,0,0,1,0
Elizabethkingia anophelis,10,3,12,9,1,4,5,4
Elizabethkingia bruuniana,2,0,1,1,0,0,0,0
Elizabethkingia meningoseptica,7,7,4,3,7,1,1,0
Elizabethkingia miricola,3,1,46,12,2,35,45,14
Elizabethkingia sp. 2-6,4,1,0,0,0,0,0,0
Elizabethkingia sp. JS20170427COW,7,6,2,1,0,0,0,0
Elizabethkingia ursingii,4,4,1,3,0,0,0,0
Empedobacter brevis,8,6,19,10,9,12,14,10
Empedobacter falsenii,2,8,19,6,9,9,15,13
Ornithobacterium rhinotracheale,18,29,59,28,25,40,81,31
Riemerella anatipestifer,7,8,26,6,3,13,26,10
Weeksella virosa,6,11,34,11,31,18,38,18
Haliscomenobacter hydrossis,4,5,2,3,1,1,2,1
Saprospira grandis,4,0,1,1,0,0,2,0
Anseongella ginsenosidimutans,10,7,16,8,10,15,20,5
Mucilaginibacter ginsenosidivorans,1,5,28,6,7,8,21,11
Mucilaginibacter ginsenosidivorax,12,11,19,5,7,4,8,7
Mucilaginibacter gotjawali,5,8,0,7,0,0,2,0
Mucilaginibacter mallensis,8,9,39,14,4,23,26,16
Mucilaginibacter paludis,9,6,16,9,14,13,18,10
Mucilaginibacter rubeus,4,10,55,11,7,17,44,20
Mucilaginibacter sp. 14171R-50,3,7,9,8,0,7,7,7
Mucilaginibacter sp. F39-2,10,12,26,9,1,11,11,6
Mucilaginibacter sp. G2-14,11,7,32,12,5,9,28,7
Mucilaginibacter sp. HYN0043,11,9,57,15,13,18,50,22
Mucilaginibacter sp. PAMC 26640,0,6,15,7,2,4,16,6
Mucilaginibacter xinganensis,5,2,4,5,1,3,7,4
Olivibacter sp. LS-1,6,3,55,8,8,24,41,26
Pedobacter cryoconitis,14,20,11,7,0,0,0,0
Pedobacter ginsengisoli,12,12,18,9,4,15,26,13
Pedobacter heparinus,7,10,27,15,9,9,24,17
Pedobacter sp. CJ43,7,7,22,7,8,13,19,7
Pedobacter sp. eg,14,12,38,9,9,15,22,13
Pedobacter sp. G11,8,5,2,6,0,0,0,0
Pedobacter sp. HDW13,8,13,4,5,1,1,2,4
Pedobacter sp. KBS0701,10,7,42,4,5,18,32,18
Pedobacter sp. PACM 27299,8,11,63,21,19,31,62,25
Pedobacter steynii,13,12,19,10,3,16,17,6
Pedobacter suwonensis,4,11,14,6,13,15,26,8
Pseudopedobacter saltans,21,10,5,8,3,7,8,2
Solitalea canadensis,13,18,69,21,13,31,52,21
Sphingobacterium daejeonense,7,8,15,11,2,7,7,8
Sphingobacterium hotanense,15,8,7,12,6,7,4,8
Sphingobacterium lactis,13,7,18,10,2,2,20,5
Sphingobacterium mizutaii,10,6,5,8,5,6,5,4
Sphingobacterium multivorum,5,12,8,4,1,1,4,2
Sphingobacterium psychroaquaticum,10,10,2,7,2,4,1,4
Sphingobacterium sp. 21,1,3,0,2,0,0,0,0
Sphingobacterium sp. B29,2,3,10,4,4,10,19,9
Sphingobacterium sp. CZ-2,9,11,12,5,2,6,7,5
Sphingobacterium sp. dk4302,7,1,5,2,0,0,1,0
Sphingobacterium sp. DR205,11,11,17,6,0,4,8,4
Sphingobacterium sp. G1-14,0,0,3,0,0,2,3,2
Sphingobacterium sp. ML3W,5,12,8,9,0,3,2,5
Sphingobacterium thalpophilum,14,8,67,21,15,26,60,38
Caldisericum exile,0,0,0,1,0,0,0,0
Caldithrix abyssi,6,4,12,7,5,8,20,12
Chlamydia gallinacea,0,1,0,0,0,0,0,0
Chlamydia muridarum,1,0,0,0,0,0,0,0
Chlamydia pneumoniae,1,0,1,0,0,0,0,0
Chlamydia psittaci,1,0,0,0,0,0,0,0
Chlamydia sp. 2742-308,0,0,0,0,1,0,0,0
Chlamydia sp. S15-834C,0,5,2,0,0,0,0,0
Chlamydia suis,0,2,0,2,0,0,0,0
Candidatus Protochlamydia amoebophila,1,0,0,0,0,0,0,0
Candidatus Protochlamydia naegleriophila,1,1,1,2,0,0,0,0
Neochlamydia sp. S13,1,0,0,2,3,0,1,5
Parachlamydia acanthamoebae,1,0,1,0,0,0,0,0
Simkania negevensis,0,3,25,3,2,5,34,10
Waddlia chondrophila,1,1,0,1,0,0,0,1
Chlorobaculum limnaeum,4,5,1,1,0,3,1,1
Chlorobaculum parvum,2,3,46,9,6,12,21,13
Chlorobaculum tepidum,1,1,4,2,8,4,8,2
Chlorobium chlorochromatii,2,2,1,1,1,0,4,1
Chlorobium limicola,2,8,5,3,0,2,5,3
Chlorobium phaeobacteroides,10,7,35,6,3,36,39,10
Chlorobium phaeovibrioides,3,6,3,6,1,2,1,6
Chloroherpeton thalassium,3,2,0,1,5,2,4,9
Pelodictyon luteolum,4,10,37,10,10,13,37,20
Pelodictyon phaeoclathratiforme,7,6,8,5,4,4,4,6
Prosthecochloris aestuarii,6,1,6,3,7,2,0,3
Prosthecochloris sp. CIB 2401,1,4,11,4,8,5,8,4
Prosthecochloris sp. GSB1,4,0,1,3,0,0,1,0
Prosthecochloris sp. HL-130-GSB,6,5,2,1,1,4,3,5
Anaerolinea thermophila,0,1,0,0,0,0,0,0
Brevefilum fermentans,1,0,0,1,1,5,4,1
Pelolinea submarina,2,1,0,0,0,0,0,0
Candidatus Promineofilum breve,0,0,0,0,6,1,2,0
Caldilinea aerophila,3,5,2,1,0,0,0,0
Chloroflexus aggregans,2,0,1,3,0,0,0,0
Chloroflexus aurantiacus,1,3,0,0,0,0,1,0
Roseiflexus castenholzii,1,1,2,1,8,5,1,0
Roseiflexus sp. RS-1,2,1,0,3,2,0,0,2
Dehalococcoides mccartyi,8,6,3,7,0,1,2,0
Ktedonosporobacter rubrisoli,4,6,4,4,3,3,7,1
Tepidiforma bonchosmolovskayae,1,1,0,1,0,0,1,1
Sphaerobacter thermophilus,3,1,0,2,0,0,0,0
Thermomicrobium roseum,4,0,2,3,0,0,0,1
Desulfurispirillum indicum,1,0,12,4,3,4,16,6
Calditerrivibrio nitroreducens,1,6,4,6,0,2,2,0
Deferribacter desulfuricans,7,3,1,0,0,0,0,0
Denitrovibrio acetiphilus,3,1,0,5,4,1,0,1
Flexistipes sinusarabici,0,1,1,0,0,0,0,0
Geovibrio thiophilus,3,2,2,1,1,1,0,2
Deinococcus actinosclerus,2,1,0,0,1,0,0,0
Deinococcus deserti,0,0,1,1,0,0,0,0
Deinococcus ficus,0,2,1,0,0,0,0,0
Deinococcus geothermalis,0,0,4,0,0,0,2,2
Deinococcus gobiensis,1,3,0,2,1,0,0,0
Deinococcus irradiatisoli,1,0,0,0,0,0,0,0
Deinococcus maricopensis,1,0,0,1,0,0,0,0
Deinococcus metallilatus,1,0,1,3,1,3,2,3
Deinococcus peraridilitoris,0,0,0,2,2,0,0,0
Deinococcus proteolyticus,0,0,1,1,0,0,2,2
Deinococcus puniceus,0,0,0,0,0,1,0,0
Deinococcus radiodurans,0,0,3,0,0,0,0,0
Deinococcus soli Cha et al. 2016,1,0,0,1,0,0,0,0
Deinococcus sp. AJ005,1,0,1,1,0,1,0,0
Deinococcus sp. D7000,3,1,0,0,0,0,0,0
Deinococcus sp. NW-56,0,2,2,1,0,0,0,0
Deinococcus sp. S14-83,0,1,0,0,0,0,0,0
Deinococcus radiopugnans,0,0,1,0,2,0,0,0
Deinococcus wulumuqiensis,8,3,2,2,1,0,0,0
Marinithermus hydrothermalis,0,0,0,1,0,0,0,0
Meiothermus ruber,0,1,0,0,0,1,1,1
Allomeiothermus silvanus,1,0,0,0,0,0,0,0
Oceanithermus profundus,6,2,2,2,2,2,1,1
Thermus caldilimi,0,1,0,2,0,0,0,0
Thermus oshimai,0,1,0,0,0,0,0,0
Thermus scotoductus,1,0,0,0,0,0,0,0
Truepera radiovictrix,0,0,1,0,0,0,1,1
Dictyoglomus thermophilum,5,2,0,2,0,0,0,0
Dictyoglomus turgidum,0,3,1,1,0,0,1,1
Elusimicrobium minutum,1,2,1,0,0,2,1,3
Candidatus Endomicrobium trichonymphae,0,0,3,1,2,2,2,1
Endomicrobium proavitum,0,1,1,1,0,0,0,0
Fibrobacter succinogenes,6,17,95,19,28,35,74,45
Alicyclobacillus acidocaldarius,13,10,1,1,3,4,2,2
Kyrpidia spormannii,0,0,1,0,0,0,0,0
Kyrpidia tusciae,0,1,1,0,0,0,0,0
Tumebacillus algifaecis,1,4,1,5,0,0,0,0
Tumebacillus avium,11,8,1,8,21,5,6,6
Aeribacillus pallidus,3,2,3,4,0,0,0,0
Shouchella clausii,6,3,1,2,0,1,0,1
Halalkalibacterium halodurans,1,2,3,5,0,1,0,0
Halalkalibacter krulwichiae,10,4,3,2,0,0,0,0
Shouchella lehensis,4,6,2,2,0,1,0,0
Alkalihalophilus pseudofirmus,7,5,2,3,0,0,0,0
Amphibacillus xylanus,4,2,1,2,0,0,0,0
Anoxybacillus amylolyticus,3,3,4,1,0,4,0,0
Anoxybacillus flavithermus,1,5,1,2,0,0,0,0
Anoxybacillus gonensis,0,0,0,1,0,0,0,0
Anoxybacillus sp. PDR2,1,1,0,4,1,1,0,2
Bacillus albus,2,0,0,0,0,1,0,0
Bacillus altitudinis,4,2,2,1,1,0,0,0
Bacillus amyloliquefaciens,1,4,2,4,1,0,0,1
Bacillus anthracis,1,0,1,1,0,0,0,0
Bacillus atrophaeus,6,12,3,7,5,12,1,4
Bacillus beveridgei,1,4,4,1,0,0,0,0
Evansella cellulosilytica,5,1,0,3,0,0,0,0
Bacillus cereus,42,22,9,33,0,0,2,0
Bacillus ciccensis,6,22,2,13,2,2,4,3
Niallia circulans,10,16,10,11,10,2,8,2
Heyndrickxia coagulans,9,10,12,10,1,2,1,0
Sutcliffiella cohnii,4,2,0,0,0,0,0,0
Bacillus cytotoxicus,10,7,8,7,6,0,0,8
Bacillus dafuensis,4,6,2,7,0,0,0,0
Bacillus filamentosus,12,4,8,7,8,5,4,6
Priestia flexa,3,2,0,4,0,0,1,0
Bacillus freudenreichii,8,6,25,12,12,14,9,5
Bacillus glycinifermentans,6,7,4,5,13,3,3,3
Bacillus gobiensis,3,5,1,2,0,0,1,0
Bacillus haynesii,1,4,1,3,0,0,0,0
Sutcliffiella horikoshii,8,7,2,3,0,0,0,0
Bacillus infantis,7,9,2,5,0,0,0,0
Lederbergia lenta,5,4,1,0,0,0,0,0
Bacillus licheniformis,1,0,0,0,0,0,0,0
Bacillus luti,2,8,1,2,0,0,0,0
Bacillus marisflavi,12,9,3,8,4,4,4,1
Priestia megaterium,16,9,6,11,4,3,2,5
Bacillus methanolicus,4,3,2,7,1,1,0,0
Bacillus miscanthi,4,4,1,3,0,0,0,0
Bacillus mobilis,1,0,0,1,0,0,0,0
Bacillus mojavensis,0,2,0,4,0,2,0,0
Bacillus mycoides,4,7,5,5,0,1,0,2
Bacillus paralicheniformis,3,9,4,3,4,5,1,6
Bacillus paranthracis,1,1,1,2,4,3,1,4
Bacillus pseudomycoides,8,10,2,5,0,0,2,1
Bacillus pumilus,8,15,11,11,4,8,6,9
Bacillus safensis,2,6,2,7,0,0,2,1
Bacillus smithii,5,4,1,2,3,1,0,1
Bacillus sonorensis,7,7,3,4,0,0,0,0
Bacillus sp. 1NLA3E,9,3,8,7,2,9,8,2
Bacillus sp. BD59S,0,1,1,0,0,0,0,0
Bacillus sp. BS98,1,0,0,0,0,0,0,0
Bacillus sp. Cs-700,4,3,0,1,0,0,0,0
Bacillus sp. DSL-17,9,19,7,6,0,1,1,1
Bacillus sp. FJAT-18017,12,15,3,7,0,1,1,2
Bacillus sp. FJAT-22090,4,13,7,8,0,0,2,0
Bacillus sp. FJAT-42376,7,15,7,12,14,9,1,8
Bacillus sp. FJAT-45348,2,3,2,3,8,2,0,2
Bacillus sp. JAS24-2,1,0,0,0,0,0,0,0
Bacillus sp. KH172YL63,3,7,3,5,1,0,0,0
Bacillus sp. L13 (2020),1,2,2,2,0,0,0,0
Bacillus sp. M4U3P1,3,3,0,2,0,0,1,0
Bacillus sp. ms-22,0,1,0,1,0,0,0,0
Bacillus sp. N1-1,4,2,2,3,0,0,0,0
Bacillus sp. N3536,0,2,1,1,2,0,0,0
Bacillus sp. NSP9.1,13,10,3,4,2,5,1,4
Bacillus sp. OxB-1,5,7,0,3,0,1,0,0
Bacillus sp. PAMC26568,7,9,7,7,1,2,2,2
Bacillus sp. S3,13,12,4,4,1,5,4,2
Bacillus sp. SB49,10,11,4,10,5,3,1,6
Bacillus sp. THAF10,5,3,0,5,0,0,0,1
Bacillus sp. WP8,0,0,2,1,0,0,0,0
Bacillus sp. X1(2014),11,3,1,7,0,2,3,4
Bacillus sp. Y1,10,2,5,9,0,0,1,0
Bacillus subtilis,5,9,3,4,1,1,0,0
Bacillus tequilensis,3,5,3,3,0,0,0,0
Bacillus thermoamylovorans,10,1,4,8,1,0,1,1
Bacillus thuringiensis,17,14,5,9,7,3,3,4
Bacillus tropicus,1,0,0,0,0,0,0,0
Bacillus vallismortis,5,9,2,6,7,13,5,11
Bacillus velezensis,6,5,3,2,0,2,0,2
Rossellomorea vietnamensis,2,4,6,4,1,2,1,2
Bacillus weihaiensis,8,9,1,7,0,0,0,0
Bacillus wiedmannii,0,1,3,2,0,0,0,0
Bacillus xiamenensis,0,0,2,0,0,0,0,0
Peribacillus frigoritolerans,3,2,5,2,0,1,2,0
Cytobacillus kochii,7,2,5,3,0,2,9,7
Cytobacillus oceanisediminis,15,20,5,15,0,0,1,1
Fictibacillus arsenicus,5,9,2,2,3,0,1,0
Fictibacillus phosphorivorans,8,5,1,10,7,3,4,8
Geobacillus genomosp. 3,1,0,1,1,0,0,0,0
Geobacillus sp. E263,0,0,1,0,0,0,0,0
Geobacillus sp. WCH70,0,3,1,0,0,0,0,0
Geobacillus stearothermophilus,1,0,1,1,0,0,0,0
Geobacillus subterraneus,5,4,1,6,0,3,0,1
Geobacillus thermodenitrificans,4,3,1,3,0,0,0,0
Geobacillus thermoleovorans,3,4,0,3,0,0,0,0
Gracilibacillus sp. SCU50,4,6,0,4,0,0,0,0
Halobacillus halophilus,5,1,1,2,1,0,0,1
Halobacillus litoralis,4,6,12,8,3,9,25,12
Halobacillus mangrovi,7,5,2,8,0,0,0,0
Lentibacillus amyloliquefaciens,6,5,1,8,4,4,3,6
Lentibacillus sp. CBA3610,2,2,0,2,0,0,0,0
Lysinibacillus fusiformis,2,1,0,1,5,2,6,2
Lysinibacillus sp. 2017,6,2,4,4,0,2,1,1
Lysinibacillus sp. SGAir0095,3,13,2,4,5,0,7,12
Lysinibacillus sp. YS11,6,9,2,3,0,0,0,0
Lysinibacillus sphaericus,3,6,4,3,0,0,0,0
Lysinibacillus timonensis,4,9,2,6,0,0,1,0
Mesobacillus foraminis,5,13,4,5,0,2,1,3
Mesobacillus jeotgali,8,4,3,3,7,2,2,10
Metabacillus litoralis,6,7,2,9,3,3,6,6
Metabacillus sp. KUDC1714,5,11,1,19,4,4,9,3
Neobacillus mesonae,16,12,9,4,0,0,2,0
Neobacillus thermocopriae,0,0,1,1,0,0,0,0
Oceanobacillus iheyensis,7,10,5,7,6,8,2,3
Oceanobacillus kimchii,7,3,0,3,0,0,1,0
Oceanobacillus sp. 160,9,6,2,3,0,0,0,0
Parageobacillus genomosp. 1,2,0,0,4,0,1,0,0
Parageobacillus thermoglucosidasius,5,8,5,2,0,0,0,0
Parageobacillus toebii,1,0,1,1,0,0,0,0
Paraliobacillus sp. X-1125,5,6,0,1,0,0,0,0
Peribacillus asahii,6,2,3,2,2,1,12,3
Peribacillus butanolivorans,6,1,4,4,0,0,0,0
Peribacillus muralis,4,9,2,5,1,0,0,1
Peribacillus simplex,13,5,0,10,2,0,0,0
Pontibacillus sp. HMF3514,9,15,5,9,1,1,1,2
Pradoshia sp. D12,10,14,4,8,1,0,0,0
Psychrobacillus glaciei,4,4,3,2,0,0,0,0
Psychrobacillus sp. AK 1817,1,0,0,0,0,0,0,0
Salicibibacter halophilus,1,0,1,2,3,3,1,0
Salicibibacter kimchii,5,4,1,0,0,0,0,0
Salimicrobium jeotgali,3,15,32,14,5,10,26,13
Terribacillus goriensis,2,2,1,2,3,2,1,2
Virgibacillus dokdonensis,8,3,0,2,0,0,0,0
Virgibacillus halodenitrificans,4,8,2,4,0,0,0,0
Virgibacillus necropolis,5,6,4,5,1,1,1,1
Virgibacillus phasianinus,8,5,6,5,0,0,0,0
Virgibacillus sp. 6R,1,6,0,2,0,0,0,0
Virgibacillus sp. Bac330,3,4,1,0,0,0,0,0
Virgibacillus sp. Bac332,4,6,1,4,0,0,0,0
Virgibacillus sp. MSP4-1,3,6,0,2,1,1,0,0
Virgibacillus sp. SK37,0,2,1,1,1,0,2,2
Brochothrix thermosphacta,11,8,2,5,0,0,0,0
Listeria grayi,6,5,1,2,1,0,0,0
Listeria innocua,8,8,0,7,1,0,0,0
Listeria ivanovii,2,6,0,4,0,0,0,0
Listeria monocytogenes,15,15,4,6,0,1,0,0
Listeria seeligeri,2,2,1,0,0,0,0,0
Listeria sp. PSOL-1,0,4,2,2,0,0,0,0
Listeria weihenstephanensis,6,4,4,4,1,2,0,4
Listeria welshimeri,2,4,0,2,0,0,0,0
Aneurinibacillus soli,4,3,4,5,0,0,0,0
Aneurinibacillus sp. XH2,11,2,2,3,0,2,0,3
Brevibacillus agri,6,3,0,3,5,0,0,2
Brevibacillus brevis,14,19,28,14,16,9,17,11
Brevibacillus formosus,2,4,1,2,0,0,0,0
Brevibacillus laterosporus,12,13,2,6,0,0,0,0
Brevibacillus sp. SCSIO 07484,3,1,5,2,2,3,1,0
Cohnella abietis,4,2,2,2,2,1,1,2
Cohnella candidum,0,2,1,3,1,0,0,0
Cohnella sp. KS 22,3,8,1,6,0,0,0,0
Cohnella sp. MFER-1,1,2,2,4,2,5,2,2
Paenibacillus albus,5,7,0,2,0,0,0,0
Paenibacillus alvei,6,11,5,6,0,0,0,0
Paenibacillus antarcticus,6,3,17,7,6,9,18,2
Paenibacillus baekrokdamisoli,8,5,4,6,3,3,3,10
Paenibacillus barcinonensis,9,13,34,17,9,10,28,5
Paenibacillus beijingensis,3,7,1,6,6,7,2,7
Paenibacillus borealis,5,6,36,12,7,10,28,21
Paenibacillus bovis,5,9,5,6,3,6,0,4
Paenibacillus brasilensis,5,5,2,8,0,0,0,0
Paenibacillus cellulosilyticus,5,7,2,2,0,0,0,0
Paenibacillus cellulositrophicus,5,9,5,8,1,3,0,2
Paenibacillus chitinolyticus,0,9,3,4,3,2,1,3
Paenibacillus crassostreae,7,2,5,3,1,1,0,1
Paenibacillus donghaensis,7,11,9,7,1,1,2,1
Paenibacillus durus,6,18,7,15,2,1,1,1
Paenibacillus glucanolyticus,2,1,4,2,1,2,3,2
Paenibacillus graminis,9,12,30,14,4,11,31,17
Paenibacillus guangzhouensis,18,16,7,16,6,5,2,12
Paenibacillus ihbetae,7,10,30,10,12,19,13,22
Paenibacillus jilunlii,3,3,2,2,1,2,3,1
Paenibacillus kribbensis,6,4,1,5,2,2,2,0
Paenibacillus larvae,12,12,7,12,1,0,0,0
Paenibacillus lautus,6,13,5,6,0,0,0,0
Paenibacillus lentus,3,24,5,13,2,1,0,3
Paenibacillus lutimineralis,3,3,2,9,0,1,0,0
Paenibacillus mucilaginosus,4,14,2,8,5,3,2,4
Paenibacillus naphthalenovorans,5,8,22,4,22,12,20,18
Paenibacillus odorifer,7,8,8,9,2,1,2,3
Paenibacillus peoriae,1,1,0,0,0,0,0,0
Paenibacillus physcomitrellae,9,12,11,5,0,0,0,0
Paenibacillus polymyxa,15,17,46,24,9,14,41,16
Paenibacillus protaetiae,5,5,7,4,1,2,5,1
Paenibacillus psychroresistens,5,3,4,4,5,2,5,6
Paenibacillus riograndensis,12,5,51,14,15,18,28,32
Paenibacillus sabinae,3,6,3,6,0,1,0,2
Paenibacillus sp. 12200R-189,2,5,1,5,1,0,0,0
Paenibacillus sp. 14171R-81,10,5,3,4,0,3,2,0
Paenibacillus sp. 32O-W,7,10,7,10,0,2,0,0
Paenibacillus sp. 37,6,6,5,6,1,4,4,4
Paenibacillus sp. B01,9,7,5,14,1,0,0,0
Paenibacillus sp. BIHB4019,7,7,5,8,0,0,0,0
Paenibacillus sp. CAA11,8,10,6,3,0,1,0,0
Paenibacillus sp. Cedars,0,2,1,5,0,0,0,0
Paenibacillus sp. DCT19,4,14,4,8,0,1,0,1
Paenibacillus sp. E222,4,10,5,7,0,0,0,0
Paenibacillus sp. FSL H7-0357,10,4,1,1,12,2,3,3
Paenibacillus sp. FSL H7-0737,7,4,4,5,0,0,0,0
Paenibacillus sp. FSL P4-0081,6,9,4,7,0,0,0,0
Paenibacillus sp. FSL R5-0345,8,6,6,4,0,0,0,0
Paenibacillus sp. FSL R5-0912,5,6,2,4,0,0,0,0
Paenibacillus sp. FSL R7-0273,8,4,3,10,6,4,2,5
Paenibacillus sp. FSL R7-0331,8,10,11,6,0,0,0,0
Paenibacillus sp. HB172198,8,6,3,7,5,5,1,5
Paenibacillus sp. IHB B 3084,2,4,5,2,0,3,3,2
Paenibacillus sp. IHBB 10380,8,7,0,6,0,1,0,0
Paenibacillus sp. JDR-2,5,14,3,6,0,1,1,2
Paenibacillus sp. lzh-N1,0,1,0,0,0,0,0,0
Paenibacillus sp. RUD330,5,8,4,1,0,0,0,0
Paenibacillus sp. UniB2,3,0,1,1,3,0,2,0
Paenibacillus sp. URB8-2,5,9,4,3,0,0,0,0
Paenibacillus sp. Y412MC10,1,6,2,3,2,0,2,1
Paenibacillus stellifer,6,8,4,4,0,0,2,0
Paenibacillus swuensis,2,1,0,0,4,0,1,1
Paenibacillus terrae,0,1,0,1,0,0,0,0
Paenibacillus thiaminolyticus,8,11,3,3,0,0,1,0
Paenibacillus xylanexedens,6,4,2,0,0,0,0,0
Paenibacillus xylanilyticus,5,16,19,12,7,20,23,12
Paenibacillus yonginensis,7,9,1,4,5,5,2,4
Saccharibacillus brassicae,8,19,8,20,19,11,1,4
Thermobacillus composti,5,7,1,5,2,2,1,3
Jeotgalibacillus malaysiensis,9,9,6,10,13,9,7,14
Kurthia sp. 11kri321,5,5,0,6,1,1,0,1
Kurthia zopfii,9,2,1,4,0,0,0,0
Paenisporosarcina antarctica,6,8,2,8,1,0,0,1
Paenisporosarcina sp. K2R23-3,1,3,5,2,0,0,0,0
Planococcus antarcticus,7,7,1,3,0,0,0,0
Planococcus dechangensis,1,0,2,1,0,1,0,0
Planococcus donghaensis,0,1,1,0,0,0,0,0
Planococcus faecalis,1,0,0,1,0,0,1,0
Planococcus halocryophilus,2,6,2,5,1,0,1,2
Planococcus kocurii,1,0,0,2,0,0,0,0
Planococcus maritimus,2,2,1,2,0,0,0,0
Planococcus plakortidis,0,1,0,1,0,0,0,0
Planococcus rifietoensis,0,5,2,0,0,0,0,0
Planococcus sp. MB-3u-03,3,4,2,3,5,3,1,2
Planococcus sp. PAMC 21323,3,4,20,4,1,4,15,7
Planococcus sp. Y42,8,4,35,14,7,16,30,21
Planococcus versutus,5,6,3,4,3,2,1,0
Planococcus glaciei,5,11,3,3,7,5,3,5
Rummeliibacillus stabekisii,6,0,1,3,0,2,0,0
Solibacillus silvestris,11,3,2,7,1,0,0,0
Solibacillus sp. R5-41,3,1,1,2,0,0,0,0
Sporosarcina pasteurii,3,4,0,0,0,0,0,0
Sporosarcina psychrophila,4,6,1,3,0,0,0,0
Sporosarcina sp. P33,1,0,0,0,0,0,0,0
Sporosarcina sp. P37,1,1,0,1,0,0,0,0
Sporosarcina sp. PTS2304,7,5,2,2,9,0,3,6
Sporosarcina ureae,15,22,9,8,7,2,2,6
Sporosarcina ureilytica,5,5,1,1,0,0,0,0
Ureibacillus thermosphaericus,6,7,1,7,0,0,0,0
Sporolactobacillus terrae,2,6,4,8,14,1,5,6
Auricoccus indicus,3,4,3,2,0,0,0,0
Jeotgalicoccus saudimassiliensis,7,3,1,8,2,2,1,2
Macrococcus canis,9,5,4,8,3,0,1,2
Macrococcoides caseolyticum,4,4,0,4,0,0,0,0
Macrococcus sp. IME1552,4,8,1,3,0,0,0,1
Salinicoccus halodurans,2,3,4,5,14,10,11,9
Staphylococcus agnetis,7,3,0,6,0,0,0,0
Staphylococcus arlettae,2,2,2,3,0,0,0,0
Staphylococcus aureus,11,9,2,7,0,0,0,0
Staphylococcus auricularis,4,4,1,3,0,0,0,0
Staphylococcus capitis,6,4,0,6,0,1,0,1
Staphylococcus caprae,5,5,1,3,0,0,0,1
Staphylococcus carnosus,2,9,1,2,7,5,8,10
Staphylococcus chromogenes,2,2,0,0,0,0,0,0
Staphylococcus cohnii,4,8,3,2,1,0,0,1
Staphylococcus condimenti,5,2,1,5,0,0,0,0
Staphylococcus delphini,2,3,2,3,2,0,0,0
Staphylococcus epidermidis,17,4,0,6,1,0,2,1
Staphylococcus equorum,3,0,1,0,0,0,0,0
Staphylococcus felis,2,2,2,2,0,0,1,1
Mammaliicoccus fleurettii,2,0,0,1,0,0,0,0
Staphylococcus haemolyticus,5,3,2,5,0,0,0,0
Staphylococcus hominis,4,13,4,3,0,0,0,0
Staphylococcus hyicus,0,3,3,7,0,0,0,0
Staphylococcus kloosii,1,1,2,1,0,0,0,0
Mammaliicoccus lentus,4,2,0,3,0,0,0,0
Staphylococcus lugdunensis,2,1,3,7,0,0,0,1
Staphylococcus lutrae,1,0,0,0,1,0,0,0
Staphylococcus muscae,2,2,1,3,0,1,1,0
Staphylococcus nepalensis,7,4,2,2,0,1,0,0
Staphylococcus pasteuri,4,5,0,0,0,0,0,0
Staphylococcus pettenkoferi,8,4,0,4,0,0,0,0
Staphylococcus piscifermentans,2,4,2,3,3,4,0,2
Staphylococcus pseudintermedius,2,5,1,1,0,0,0,0
Staphylococcus saprophyticus,8,4,3,5,3,1,3,0
Staphylococcus schleiferi,0,3,1,2,0,0,0,2
Staphylococcus schweitzeri,1,2,0,0,0,0,0,0
Staphylococcus sciuri,6,8,0,1,0,0,0,0
Staphylococcus simiae,11,5,1,8,0,0,0,0
Staphylococcus simulans,8,3,3,1,0,0,0,1
Staphylococcus sp. 17KM0847,2,5,3,0,3,2,0,5
Staphylococcus sp. MI 10-1553,2,0,0,0,0,0,0,0
Staphylococcus sp. SDB 2975,0,0,2,0,0,0,0,0
Staphylococcus stepanovicii,4,3,0,1,0,0,0,0
Staphylococcus succinus,0,2,0,3,0,0,0,0
Mammaliicoccus vitulinus,4,4,2,6,0,0,0,0
Staphylococcus warneri,2,1,0,0,0,0,0,0
Staphylococcus xylosus,5,6,1,2,0,0,0,0
Kroppenstedtia eburnea,2,1,1,1,1,0,0,0
Kroppenstedtia pulmonis,1,0,1,3,0,0,0,1
Laceyella sacchari,2,2,2,5,2,2,2,2
Novibacillus thermophilus,0,3,0,4,1,0,0,1
Staphylospora marina,7,3,23,3,3,15,29,9
Thermoactinomyces vulgaris,3,4,2,4,0,0,0,0
Abiotrophia defectiva,9,4,4,1,0,0,1,0
Aerococcus christensenii,8,7,6,6,0,1,0,1
Aerococcus sanguinicola,7,1,2,3,2,3,0,3
Aerococcus urinae,5,2,2,0,0,0,0,0
Aerococcus urinaeequi,4,1,0,4,0,0,0,1
Aerococcus urinaehominis,1,1,2,1,1,1,1,0
Aerococcus viridans,0,1,1,2,0,0,0,0
Suicoccus acidiformans,6,2,3,2,0,0,1,1
Carnobacterium divergens,4,8,1,2,0,0,1,0
Carnobacterium inhibens,7,1,0,1,0,0,0,0
Carnobacterium maltaromaticum,10,7,4,7,1,0,0,1
Carnobacterium sp. 17-4,3,4,2,4,0,0,0,0
Carnobacterium sp. CP1,5,6,0,6,0,0,0,0
Dolosigranulum pigrum,4,1,0,2,0,0,2,1
Jeotgalibaca arthritidis,1,2,1,0,0,0,0,0
Jeotgalibaca ciconiae,7,8,4,2,0,0,0,0
Jeotgalibaca dankookensis,7,5,2,5,0,0,0,0
Jeotgalibaca porci,7,5,1,2,0,0,0,0
Jeotgalibaca sp. PTS2502,2,8,1,2,0,0,0,0
Marinilactibacillus sp. 15R,2,10,3,3,0,0,0,0
Enterococcus avium,15,15,29,18,8,10,20,10
Enterococcus casseliflavus,4,2,0,0,6,3,3,21
Enterococcus cecorum,19,15,2,16,0,0,0,0
Enterococcus durans,7,9,3,3,0,0,0,0
Enterococcus faecalis,18,8,6,11,1,0,0,0
Enterococcus faecium,7560,1186,443,1617,15,11,7,17
Enterococcus gilvus,6,4,0,5,0,0,0,0
Enterococcus hirae,6,9,4,3,0,0,0,0
Enterococcus mundtii,13,6,3,6,0,1,0,3
Enterococcus saigonensis,26,17,15,14,1,7,1,2
Enterococcus sp. DA9,5,1,0,1,0,0,0,0
Enterococcus sp. FDAARGOS_375,3,1,0,1,0,0,0,0
Enterococcus sp. FDAARGOS_553,4,2,0,0,0,0,0,0
Enterococcus sp. HSIEG1,1,1,0,0,0,0,0,0
Enterococcus sp. M190262,1,1,0,2,0,0,0,0
Enterococcus thailandicus,5,4,0,2,0,0,0,0
Enterococcus wangshanyuanii,7,4,1,3,0,0,1,1
Melissococcus plutonius,5,3,3,1,0,0,3,1
Tetragenococcus halophilus,9,6,1,6,0,0,0,0
Tetragenococcus koreensis,3,5,0,3,0,0,0,0
Tetragenococcus osmophilus,1,1,0,1,0,0,0,0
Vagococcus penaei,4,2,2,3,0,0,0,0
Vagococcus sp. CF-49,3,2,0,1,1,1,1,1
Vagococcus sp. HDW17A,3,2,0,1,0,0,0,0
Vagococcus sp. HDW17B,7,0,0,0,0,0,0,0
Vagococcus sp. MN-17,0,1,0,2,0,0,0,0
Vagococcus teuberi,3,5,4,5,6,2,2,1
Lactobacillus acetotolerans,5,0,1,4,0,0,0,0
Ligilactobacillus acidipiscis,3,1,0,1,1,0,0,1
Lactobacillus acidophilus,3,4,3,8,0,0,0,1
Ligilactobacillus agilis,2,5,3,5,2,1,0,0
Companilactobacillus alimentarius,2,4,1,3,0,0,0,0
Lactobacillus allii,6,4,1,0,0,1,0,0
Lactobacillus amylolyticus,2,2,4,5,2,5,7,1
Amylolactobacillus amylophilus,4,4,1,3,0,0,0,1
Lactobacillus amylovorus,6,6,3,6,1,0,0,0
Ligilactobacillus animalis,5,2,3,4,0,0,0,0
Lactobacillus apis,1,2,0,2,1,1,0,0
Lactobacillus backii,4,8,6,8,9,6,4,13
Loigolactobacillus bifermentans,1,0,0,1,0,0,0,0
Lactobacillus bombi,5,0,0,1,0,0,0,0
Levilactobacillus brevis,3,0,0,0,0,0,0,0
Lentilactobacillus buchneri,4,3,4,3,0,0,0,0
Lacticaseibacillus casei,4,1,0,1,0,0,0,0
Loigolactobacillus coryniformis,3,2,9,1,0,0,2,1
Lactobacillus crispatus,1,3,0,4,0,0,0,0
Companilactobacillus crustorum,9,2,1,4,0,1,0,1
Lactobacillus curieae,0,0,0,1,0,0,0,0
Latilactobacillus curvatus,5,8,2,8,5,6,0,5
Lactobacillus delbrueckii,5,5,1,1,0,0,0,0
Lapidilactobacillus dextrinicus,2,6,0,3,0,0,0,0
Companilactobacillus farciminis,1,1,0,2,0,0,0,0
Limosilactobacillus fermentum,5,2,3,5,3,0,1,2
Lactobacillus fructivorans,3,2,0,1,0,0,0,0
Limosilactobacillus frumenti,1,1,0,2,0,0,0,0
Latilactobacillus fuchuensis,1,3,2,2,5,1,5,10
Companilactobacillus futsaii,5,4,2,7,0,0,0,0
Lactobacillus gasseri,3,4,2,1,0,0,0,0
Limosilactobacillus gastricus,4,4,1,1,0,0,0,0
Lactobacillus ginsenosidimutans,3,3,1,6,7,5,4,6
Latilactobacillus graminis,1,0,0,1,0,0,0,2
Schleiferilactobacillus harbinensis,5,2,0,5,0,2,0,2
Lactobacillus heilongjiangensis,3,3,2,0,0,0,0,0
Lactobacillus helsingborgensis,0,0,0,1,0,0,0,0
Lactobacillus helveticus,3,4,4,3,2,0,1,0
Lentilactobacillus hilgardii,7,1,3,6,0,0,0,0
Paucilactobacillus hokkaidonensis,10,2,0,3,0,0,0,0
Liquorilactobacillus hordei,9,6,2,8,0,0,0,0
Lactobacillus iners,9,8,4,3,0,0,0,0
Lactobacillus jensenii,6,5,6,7,7,0,1,3
Lactobacillus jinshani,2,2,0,1,0,0,0,0
Lactobacillus johnsonii,10,7,4,1,0,1,0,0
Lactobacillus kefiranofaciens,0,6,1,4,0,0,0,0
Lentilactobacillus kefiri,1,0,0,1,0,0,0,0
Levilactobacillus koreensis,3,3,0,1,0,0,0,0
Lactobacillus kullabergensis,3,0,1,1,0,0,0,0
Apilactobacillus kunkeei,3,3,2,3,0,0,0,0
Fructilactobacillus lindneri,3,0,1,1,0,0,0,0
Secundilactobacillus malefermentans,2,2,2,0,0,0,0,0
Liquorilactobacillus mali,1,3,0,6,1,0,1,1
Lacticaseibacillus manihotivorans,2,0,0,4,3,2,8,4
Limosilactobacillus mucosae,3,0,11,1,0,0,6,4
Ligilactobacillus murinus,11,5,4,5,3,3,3,8
Liquorilactobacillus nagelii,4,1,1,0,0,0,1,0
Lactobacillus nenjiangensis,3,1,0,1,0,0,0,0
Paucilactobacillus oligofermentans,6,2,3,2,3,0,3,2
Lentilactobacillus parabuchneri,0,0,3,2,0,1,5,2
Lacticaseibacillus paracasei,1,1,0,0,0,0,0,0
Secundilactobacillus paracollinoides,1,3,4,1,0,0,1,2
Lactobacillus paragasseri,2,0,1,1,0,0,0,0
Companilactobacillus paralimentarius,6,4,0,2,1,0,1,0
Lactiplantibacillus paraplantarum,2,2,2,1,0,0,0,0
Lactiplantibacillus pentosus,2,3,2,3,0,0,1,0
Lactiplantibacillus plantarum,12,9,4,11,3,3,6,5
Limosilactobacillus pontis,1,6,1,2,0,0,0,0
Limosilactobacillus reuteri,11,10,15,24,4,9,5,14
Lacticaseibacillus rhamnosus,7,7,29,7,6,19,26,24
Furfurilactobacillus rossiae,2,3,4,1,0,1,0,0
Ligilactobacillus ruminis,5857,1394,555,1946,5,12,33,17
Latilactobacillus sakei,4,3,2,4,0,0,0,0
Ligilactobacillus salivarius,8,5,5,4,0,0,0,3
Fructilactobacillus sanfranciscensis,3,1,1,0,0,0,0,0
Ligilactobacillus saerimneri,0,3,0,1,0,0,0,0
Limosilactobacillus reuteri,0,0,0,1,0,0,0,0
Lactobacillus crispatus,2,0,0,1,0,0,0,0
Ligilactobacillus salivarius,1,1,0,0,0,0,0,0
Lactobacillus sp. 3B(2020),2,1,0,0,0,0,0,0
Lactobacillus johnsonii,1,0,1,0,0,0,0,0
Lactobacillus sp. BHWM-4,2,2,1,3,8,0,2,7
Lactobacillus sp. CBA3606,2,4,0,1,0,0,0,1
Lactobacillus sp. JM1,1,0,0,0,0,0,0,0
Lactobacillus sp. NFFJ11,5,8,1,3,0,0,0,0
Lactobacillus sp. wkB8,1,1,1,1,0,0,0,0
Lactobacillus suantsaii,1,4,2,1,1,1,1,0
Lactobacillus terrae,7,0,2,1,0,0,0,0
Limosilactobacillus vaginalis,0,7,5,6,8,11,7,7
Lacticaseibacillus zeae,5,0,0,2,0,0,0,0
Lactobacillus zhachilii,4,2,1,0,5,1,2,3
Levilactobacillus zymae,1,4,0,0,0,0,0,0
Pediococcus acidilactici,5,1,7,5,6,2,2,4
Pediococcus claussenii,2,1,0,0,0,0,0,0
Pediococcus damnosus,1,5,0,2,0,0,0,0
Pediococcus inopinatus,5,9,4,2,0,0,0,0
Pediococcus pentosaceus,8,3,2,2,0,0,0,0
Leuconostoc carnosum,4,2,1,2,0,0,0,0
Leuconostoc citreum,1,2,2,0,0,0,0,0
Leuconostoc gelidum,6,6,1,5,0,0,0,0
Leuconostoc kimchii,1,0,0,0,0,0,0,0
Leuconostoc lactis,0,0,0,0,0,1,0,0
Leuconostoc mesenteroides,2,4,0,3,0,0,0,0
Leuconostoc pseudomesenteroides,3,3,0,2,0,0,0,0
Leuconostoc suionicum,2,0,1,0,0,0,0,0
Oenococcus kitaharae,2,1,0,5,0,0,0,0
Oenococcus oeni,1,7,22,10,3,14,23,8
Oenococcus sicerae,2,0,0,2,0,0,0,0
Oenococcus sp. UCMA 16435,3,2,0,0,0,0,0,0
Weissella ceti,2,1,1,4,0,0,1,1
Weissella cibaria,1,2,1,0,0,0,0,0
Weissella confusa,2,7,3,1,0,0,0,0
Weissella cryptocerci,4,0,0,1,0,0,0,0
Weissella hellenica,5,0,0,1,0,0,0,0
Weissella jogaejeotgali,1,1,0,0,0,0,0,0
Weissella koreensis,3,4,0,2,0,0,0,0
Weissella paramesenteroides,3,4,13,3,0,5,11,5
Weissella soli,1,3,1,0,0,0,0,0
Weissella sp. HDW19,2,1,0,1,0,0,0,0
Weissella viridescens,3,0,0,0,0,0,0,0
Lactococcus garvieae,5,2,2,0,0,0,0,2
Lactococcus lactis,86,50,15,54,1,0,0,0
Lactococcus petauri,2,0,1,0,0,0,0,0
Pseudolactococcus piscium,9,4,37,8,3,15,24,21
Pseudolactococcus raffinolactis,8,4,2,1,0,0,0,0
Lactococcus sp. 1JSPR-7,1,4,1,3,0,0,0,0
Lactococcus sp. KACC 19320,0,0,3,0,2,0,0,1
Streptococcus acidominimus,4,1,0,3,0,1,0,0
Streptococcus agalactiae,85,56,23,42,0,0,0,0
Streptococcus anginosus,3,8,3,5,0,0,0,0
Streptococcus australis,3,4,2,3,0,0,0,0
Streptococcus canis,17,9,3,6,0,0,0,0
Streptococcus constellatus,3,0,0,0,0,0,0,0
Streptococcus cristatus,9,11,18,7,3,9,23,10
Streptococcus dysgalactiae,13,6,2,8,3,3,2,2
Streptococcus equi,10,6,1,6,0,0,0,1
Streptococcus equinus,14,27,14,11,3,3,5,8
Streptococcus ferus,5,2,3,6,5,3,3,4
Streptococcus gallolyticus,3,5,1,3,0,0,0,0
Streptococcus gordonii,8,5,31,6,10,15,28,11
Streptococcus gwangjuense,2,3,0,0,0,0,0,0
Streptococcus halotolerans,8,6,2,5,0,0,0,0
Streptococcus himalayensis,4,0,2,2,1,0,0,0
Streptococcus infantarius,3,3,2,1,1,0,0,1
Streptococcus iniae,0,0,1,1,0,0,0,0
Streptococcus intermedius,9,10,1,9,0,0,0,0
Streptococcus koreensis,2,3,0,2,0,0,0,0
Streptococcus lutetiensis,20,20,7,18,0,0,0,0
Streptococcus macedonicus,1,1,0,1,0,0,0,0
Streptococcus marmotae,3,3,1,0,0,1,0,0
Streptococcus merionis,5,5,1,0,0,0,1,2
Streptococcus milleri,0,2,2,0,0,0,0,0
Streptococcus mitis,5,2,2,3,0,0,0,1
Streptococcus mutans,4,4,2,5,1,0,1,0
Streptococcus oralis,10,8,4,6,0,1,6,0
Streptococcus pantholopis,3,4,1,0,4,3,2,3
Streptococcus parasanguinis,5739,1004,388,1464,2,0,4,2
Streptococcus parauberis,5,1,2,4,0,0,0,0
Streptococcus pasteurianus,8,30,14,11,0,0,0,0
Streptococcus periodonticum,1,2,0,1,0,0,0,0
Streptococcus pluranimalium,11,5,0,1,2,1,0,1
Streptococcus pneumoniae,8,12,6,14,4,2,3,2
Streptococcus porcinus,1,2,3,3,0,0,0,0
Streptococcus pseudopneumoniae,2,1,0,1,0,0,0,0
Streptococcus pseudoporcinus,29,7,4,7,0,0,0,0
Streptococcus pyogenes,41,6,9,14,2,7,2,5
Streptococcus ratti,6,8,1,8,4,3,1,6
Streptococcus respiraculi,2,4,1,3,0,0,0,0
Streptococcus ruminantium,2,0,0,0,0,0,0,0
Streptococcus salivarius,4366,2351,897,3383,2,0,0,2
Streptococcus sanguinis,16,7,2,9,0,0,1,0
Streptococcus sobrinus,6,2,1,1,0,0,0,0
Streptococcus sp. 116-D4,0,3,29,2,3,17,31,14
Streptococcus sp. 1643,0,1,1,0,0,0,0,0
Streptococcus sp. A12,4,1,0,0,0,0,0,0
Streptococcus sp. CNU G2,1,1,0,0,0,0,0,0
Streptococcus sp. CNU G3,1,2,0,3,0,0,0,0
Streptococcus sp. DAT741,2,2,1,0,0,0,0,0
Streptococcus sp. FDAARGOS_192,8,1,1,6,0,0,0,0
Streptococcus sp. FDAARGOS_521,3,0,0,0,0,0,0,0
Streptococcus sp. HSISM1,8,2,0,3,0,0,0,0
Streptococcus sp. HSISS1,12,7,5,8,0,0,0,0
Streptococcus sp. HSISS2,16,9,1,15,0,0,0,0
Streptococcus sp. HSISS3,7,4,4,7,0,0,0,0
Streptococcus sp. I-G2,1,0,2,0,0,0,0,0
Streptococcus sp. I-P16,1,0,1,0,0,0,0,0
Streptococcus sp. LPB0220,7,0,0,3,0,0,0,0
Streptococcus sp. NPS 308,0,1,0,2,0,0,0,0
Streptococcus sp. oral taxon 061,2,6,2,2,0,0,0,0
Streptococcus sp. oral taxon 064,0,1,0,0,0,0,0,0
Streptococcus sp. oral taxon 431,3,0,2,4,0,0,1,1
Streptococcus sp. Z15,6,3,13,4,5,8,4,7
Streptococcus suis,52,46,13,44,12,5,3,8
Streptococcus thermophilus,4866,2570,976,3687,0,0,6,1
Streptococcus troglodytae,2,1,1,3,0,0,0,0
Streptococcus uberis,6,5,0,5,2,1,0,0
Streptococcus urinalis,1,1,3,1,0,0,0,0
Streptococcus vestibularis,13,8,2,8,0,0,0,0
Streptococcus viridans,2,0,0,0,0,0,0,0
Christensenella minuta,195,83,27,91,3,1,0,0
Christensenella sp. Marseille-P3954,39,29,20,34,4,1,0,6
Alkaliphilus metalliredigens,17,19,5,12,5,11,2,3
Alkaliphilus oremlandii,9,11,11,8,0,0,0,0
Caloramator sp. E03,26,5,2,8,0,0,0,0
Caloranaerobacter azorensis,8,7,4,4,5,6,2,8
Candidatus Arthromitus sp. SFB-mouse-NL,1,3,25,2,3,15,28,9
Candidatus Arthromitus sp. SFB-rat-Yit,4,3,2,5,0,0,0,0
Clostridium aceticum,13,10,14,9,8,14,7,6
Clostridium acetobutylicum,17,12,5,12,3,0,1,1
Clostridium argentinense,33,14,27,27,2,4,9,4
Clostridium autoethanogenum,2,0,0,0,0,0,0,0
Clostridium baratii,38,18,8,12,5,1,1,1
Clostridium beijerinckii,37,19,15,23,12,11,6,10
Clostridium bornimense,31,27,10,17,1,1,1,4
Clostridium botulinum,122,72,53,65,13,15,23,14
Clostridium butyricum,73,39,15,34,11,4,6,14
Clostridium carboxidivorans,23,10,5,12,5,5,7,8
Clostridium cellulovorans,21,21,19,27,13,6,20,23
Clostridium chauvoei,18,7,3,8,0,0,0,0
Clostridium cochlearium,10,5,0,3,0,0,0,0
Clostridium diolis,2,0,0,1,0,0,0,0
Clostridium drakei,6,7,3,5,0,1,1,0
Clostridium estertheticum,20,17,7,12,8,7,4,9
Clostridium formicaceticum,13,10,30,17,6,18,20,14
Clostridium intestinale,19,20,9,16,5,4,4,6
Clostridium isatidis,23,10,4,8,0,0,1,0
Clostridium kluyveri,12,20,6,18,0,1,0,0
Clostridium ljungdahlii,0,0,2,0,0,0,0,0
Clostridium novyi,24,29,11,19,3,1,0,2
Clostridium pasteurianum,32,48,29,32,5,7,15,4
Clostridium perfringens,67,63,14,39,3,3,6,8
Clostridium saccharobutylicum,41,24,10,27,0,0,0,0
Clostridium saccharoperbutylacetonicum,34,19,10,32,1,0,1,1
Clostridium scatologenes,9,5,4,10,0,0,0,0
Clostridium septicum,14,7,6,6,0,0,3,0
Clostridium sp. AWRP,5,15,3,7,0,0,0,0
Clostridium sp. BNL1100,23,26,21,25,9,6,5,6
Clostridium sp. CT4,28,25,9,16,7,4,4,7
Clostridium sp. DL-VIII,29,19,5,24,0,1,0,1
Clostridium sp. JN-1,16,20,7,13,0,0,0,0
Clostridium sp. JN-9,20,17,11,12,8,2,0,5
Clostridium sp. JN500901,6,8,4,6,0,1,0,0
Clostridium sp. MF28,1,0,0,0,0,0,0,0
Clostridium sp. SY8519,237,285,117,225,10,13,8,10
Clostridium sp. SYSU GA15002T,19,16,9,18,11,4,1,5
Clostridium sporogenes,1,2,0,1,0,0,0,0
Clostridium taeniosporum,13,14,5,14,0,0,0,0
Clostridium tetani,33,21,9,17,5,5,1,3
Clostridium tyrobutyricum,17,17,4,15,2,6,6,5
Crassaminicella sp. SY095,15,19,7,11,1,1,0,1
Geosporobacter ferrireducens,14,26,7,18,0,2,1,2
Hathewaya histolytica,14,15,8,8,7,5,1,5
Hungatella hathewayi,108,171,63,105,13,2,6,16
Aminipila butyrica,13,10,2,14,12,5,3,13
Aminipila sp. CBA3637,26,37,16,17,3,4,2,2
Aminipila sp. JN-18,16,23,8,18,5,10,3,7
Mogibacterium diversum,16,14,11,19,15,11,7,8
Mogibacterium pumilum,19,21,12,15,13,9,3,9
Carboxydocella thermautotrophica,6,2,3,1,5,1,1,2
Thermaerobacter marianensis,0,3,0,3,0,0,0,0
Thermaerobacter sp. FW80,3,3,0,2,1,0,1,0
Acetobacterium sp. KB-1,8,10,14,5,8,5,22,10
Acetobacterium woodii,6,11,5,5,1,1,0,1
Eubacterium callanderi,28,22,6,15,0,0,0,0
[Eubacterium] cellulosolvens,158,259,92,182,27,22,16,27
Eubacterium limosum,140,261,103,140,5,0,1,5
Eubacterium maltosivorans,73,57,33,64,38,54,32,96
Heliomicrobium modesticaldum,5,2,3,6,2,0,1,1
Heliorestis convoluta,9,3,0,4,0,0,0,0
Fastidiosipila sanguinis,14,10,7,5,9,5,2,5
Acetivibrio clariflavus,17,17,13,17,0,2,2,3
Hungateiclostridium saccincola,12,11,8,6,7,7,2,13
Acetivibrio thermocellus,22,21,20,17,5,11,8,7
Mageeibacillus indolicus,33,21,10,21,0,0,0,1
Clostridium thermosuccinogenes,21,13,11,19,24,16,6,17
Ruminiclostridium cellulolyticum,9,21,5,20,13,3,4,2
Thermoclostridium stercorarium,12,16,11,16,13,19,5,17
Anaerobutyricum hallii,6369,10302,4031,6757,209,246,153,249
Anaerocolumna cellulosilytica,95,167,90,95,9,10,9,3
Anaerocolumna sp. CBA3638,148,202,68,127,11,16,11,10
Anaerocolumna sp. CTTW,135,215,104,132,4,9,9,8
Anaerostipes caccae,130,192,57,127,9,6,5,17
Anaerostipes hadrus,7700,17082,6627,10617,13,31,10,13
Anaerostipes rhamnosivorans,154,212,119,151,10,28,34,20
Anaerotignum propionicum,48,47,20,34,22,24,16,32
Blautia producta,589,1031,433,663,29,36,32,39
Blautia sp. N6H1-15,800,954,388,807,18,28,32,29
Blautia sp. SC05B48,3561,4985,2003,3229,92,86,58,102
Blautia sp. YL58,2,0,4,0,0,0,0,0
Butyrivibrio fibrisolvens,181,268,189,190,83,86,106,103
Butyrivibrio hungatei,155,213,161,187,74,76,107,78
Butyrivibrio proteoclasticus,164,246,143,169,48,42,58,34
Cellulosilyticum lentocellum,0,4,3,3,0,0,0,1
Cellulosilyticum sp. WCF-2,18,40,16,24,1,1,3,2
Enterocloster bolteae,359,384,161,273,32,41,32,56
Enterocloster clostridioformis,221,274,85,181,15,27,13,27
Herbinix luporum,80,94,29,40,0,2,2,3
Lachnoanaerobaculum umeaense,124,168,65,123,36,18,12,17
[Clostridium] hylemonae,345,495,165,316,0,1,0,1
[Clostridium] scindens,679,1044,367,692,10,8,8,11
Lachnoclostridium phocaeense,415,800,346,526,39,61,51,53
Lachnoclostridium phytofermentans,146,189,73,115,23,12,6,17
Lachnoclostridium sp. YL32,172,220,88,177,17,41,17,48
Lachnospira eligens,8938,16034,6172,9924,56,76,47,88
Lacrimispora saccharolytica,128,242,77,134,18,18,12,16
Lacrimispora sphenoides,120,185,137,131,38,29,34,28
Mediterraneibacter gnavus,10896,7116,2829,8676,57,21,22,36
Pseudobutyrivibrio xylanivorans,252,285,193,211,45,52,71,74
Roseburia hominis,11478,8317,3236,9652,269,242,167,335
Roseburia intestinalis,15547,17801,6770,10999,64,82,70,102
Dysosmobacter welbionis,317,346,156,215,22,31,21,38
Oscillibacter sp. PEA192,26,34,31,43,59,75,32,106
Oscillibacter valericigenes,36,30,9,22,8,2,5,5
Candidatus Desulforudis audaxviator,3,1,1,1,0,2,0,0
Dehalobacter restrictus,7,17,1,6,6,7,3,1
Dehalobacter sp. CF,0,0,0,1,0,0,0,0
Dehalobacter sp. DCA,1,1,1,0,0,0,0,0
Dehalobacterium formicoaceticum,4,8,1,6,9,8,6,6
Desulfoscipio gibsoniae,8,11,5,18,6,3,8,6
Desulfitobacterium dehalogenans,8,9,4,7,0,3,1,3
Desulfitobacterium dichloroeliminans,1,7,3,2,1,0,0,1
Desulfitobacterium hafniense,9,12,7,6,0,7,6,2
Desulfitobacterium metallireducens,14,13,5,12,1,2,0,1
Desulfofarcimen acetoxidans,6,4,3,6,0,0,0,0
Desulfosporosinus acidiphilus,8,7,27,14,1,9,23,6
Desulfosporosinus meridiei,5,18,4,10,0,1,0,0
Desulfosporosinus orientis,11,8,3,4,0,0,0,0
Desulfosporosinus youngiae,10,12,3,5,6,4,5,3
Desulfotomaculum ferrireducens,2,3,2,5,8,1,1,6
Desulfotomaculum nigrificans,3,5,1,11,11,3,2,3
Desulforamulus reducens,2,5,3,1,1,1,0,0
Desulforamulus ruminis,5,7,1,5,0,0,0,0
Syntrophobotulus glycolicus,6,13,7,9,0,1,0,0
Thermincola potens,8,8,1,1,0,1,1,1
Acetoanaerobium sticklandii,12,12,10,12,10,8,4,17
Clostridioides difficile,837,942,412,740,123,158,105,192
Filifactor alocis,10,12,10,14,0,0,0,0
Paraclostridium sordellii,74,28,6,28,0,0,0,0
Paraclostridium bifermentans,70,26,7,17,0,0,0,0
Peptacetobacter hiranonis,112,50,29,60,17,13,7,16
Peptoclostridium acidaminophilum,16,15,9,11,17,9,2,7
Romboutsia hominis,156,33,16,54,0,0,0,0
Romboutsia ilealis,188,45,12,53,0,0,0,0
Romboutsia sp. CE17,203,51,22,73,0,0,1,0
Caproiciproducens sp. NJN-50,19,31,16,15,6,13,2,7
Ethanoligenens harbinense,25,17,37,21,32,31,33,49
Faecalibacterium prausnitzii,10947,33003,34753,56301,88258,118597,78860,152213
Flavonifractor plautii,11301,3393,1303,4790,68,83,58,127
Ruminococcus albus,35,84,125,67,94,94,141,136
Ruminococcus bicirculans (ex Liu et al. 2021) <Ruminococcus bicirculans (ex Liu et al. 2021)>,169,183,121,211,343,248,159,288
Ruminococcus champanellensis,46,50,35,35,30,33,33,28
Ruminococcus sp. JE7A12,101,164,144,214,556,414,257,570
Ruthenibacterium lactatiformans,11025,4449,1708,6316,29,35,12,26
Symbiobacterium thermophilum,1,1,1,1,4,2,7,6
Candidatus Syntrophocurvum alkaliphilum,3,2,1,4,0,0,1,0
Syntrophomonas wolfei,6,6,3,4,0,0,0,0
Syntrophothermus lipocalidus,6,1,2,4,0,1,0,2
Petrocella atlantisensis,19,24,7,11,1,1,2,3
Halanaerobium hydrogeniformans,4,0,2,1,0,0,0,0
Halanaerobium praevalens,10,14,2,14,0,0,0,0
Halocella sp. SP3-1,8,6,3,10,8,2,6,5
Halothermothrix orenii,4,5,4,6,0,1,1,2
Acetohalobium arabaticum,6,6,1,0,0,0,0,0
Halobacteroides halobius,2,2,0,2,0,0,0,0
Natranaerobius thermophilus,4,2,1,7,0,1,0,0
Ammonifex degensii,1,0,1,2,1,0,0,1
Caldanaerobacter subterraneus,4,7,1,1,3,4,3,1
Carboxydothermus hydrogenoformans,3,3,1,4,0,0,1,0
Moorella glycerini,0,0,4,0,1,1,0,1
Neomoorella thermoacetica,4,4,1,0,1,0,0,0
Tepidanaerobacter acetatoxydans,9,14,7,10,1,0,1,0
Thermacetogenium phaeum,2,3,1,7,0,0,0,1
Thermanaeromonas toyohensis,0,3,2,3,0,0,0,0
Thermoanaerobacter ethanolicus,1,0,0,0,0,0,0,0
Thermoanaerobacter italicus,3,0,0,0,0,0,0,0
Thermoanaerobacter kivui,4,1,1,3,0,1,0,0
Thermoanaerobacter mathranii,1,0,2,0,0,0,0,0
Thermoanaerobacter wiegelii,0,0,0,3,0,0,0,0
Caldicellulosiruptor bescii,2,2,0,0,6,13,1,4
Caldicellulosiruptor changbaiensis,4,5,4,4,5,1,3,6
Caldicellulosiruptor hydrothermalis,2,3,0,2,2,0,0,2
Caldicellulosiruptor acetigenus,0,0,1,1,0,0,0,0
Caldicellulosiruptor kronotskyensis,5,2,2,3,0,0,0,0
Caldicellulosiruptor acetigenus,1,2,0,0,1,0,0,0
Caldicellulosiruptor obsidiansis,6,8,1,3,0,0,0,0
Caldicellulosiruptor owensensis,0,4,3,4,3,5,2,3
Caldicellulosiruptor saccharolyticus,3,5,2,2,0,0,0,0
Thermoanaerobacterium aotearoense,5,2,2,2,0,0,2,0
Thermoanaerobacterium sp. RBIITD,11,2,4,4,3,0,0,1
Thermoanaerobacterium thermosaccharolyticum,10,14,12,12,20,10,7,15
Thermoanaerobacterium xylanolyticum,7,10,4,7,0,1,0,0
Thermosediminibacter oceani,0,4,1,3,0,0,0,0
Mahella australiensis,3,10,40,10,6,17,31,11
Thermodesulfobium acidiphilum,1,0,0,1,0,0,0,0
Thermodesulfobium narugense,0,1,1,1,0,0,0,0
Amedibacterium intestinale,157,148,64,115,4,3,2,5
[Clostridium] innocuum,251,344,117,224,5,11,5,7
Thomasclavelia ramosa,72,41,40,34,9,15,30,7
Erysipelothrix larvae,13,9,4,2,0,0,0,0
Erysipelothrix piscisicarius,15,8,2,6,0,0,1,1
Erysipelothrix rhusiopathiae,10,17,3,12,0,0,0,0
Erysipelothrix sp. HDW6A,11,4,1,4,2,2,1,2
Erysipelothrix sp. HDW6B,7,5,5,6,1,6,4,5
Erysipelothrix sp. HDW6C,5,6,2,4,0,0,0,0
Faecalibaculum rodentium,34,23,7,16,1,0,1,1
Faecalitalea cylindroides,621,775,277,506,13,10,15,10
Intestinibaculum porci,176,140,40,123,5,3,2,3
Longibaculum sp. KGMB06250,244,334,131,223,54,59,49,78
Turicibacter sanguinis,9,6,2,4,0,0,0,0
Turicibacter sp. H121,8,21,7,8,0,0,0,0
Limnochorda pilosa,4,2,2,0,5,5,0,2
Acidaminococcus fermentans,22,16,8,13,0,0,0,0
Acidaminococcus intestini,6398,1283,480,1843,0,0,0,0
Phascolarctobacterium faecium,7082,1950,751,2691,22,14,7,13
Megamonas funiformis,20,16,6,9,1,0,1,2
Megamonas hypermegale,22,15,6,8,1,1,0,0
Pectinatus frisingensis,9,8,6,9,0,1,0,0
Selenomonas ruminantium,33,21,42,30,21,16,28,8
Selenomonas sp. oral taxon 126,7,7,9,5,3,4,8,3
Selenomonas sp. oral taxon 136,2,1,2,1,0,0,0,0
Selenomonas sp. oral taxon 478,6,8,1,1,0,0,0,0
Selenomonas sp. oral taxon 920,8,7,5,6,4,2,1,4
Selenomonas sputigena,12,9,5,6,2,4,0,0
Methylomusa anaerophila,6,3,4,1,3,0,1,1
Pelosinus fermentans,6,4,1,8,0,0,1,0
Pelosinus sp. UFO1,9,9,8,6,0,2,3,1
Sporomusa termitida,19,11,3,8,1,2,5,5
Dialister hominis,2,2,1,3,0,0,0,0
Dialister massiliensis,3,0,0,1,0,0,0,0
Dialister pneumosintes,45,17,9,16,0,1,0,1
Megasphaera elsdenii,7175,1011,405,1343,4,4,22,15
Megasphaera stantonii,22,25,18,18,14,13,15,21
Veillonella atypica,10,4,4,2,1,0,0,1
Veillonella dispar,6,0,1,1,0,0,0,0
Veillonella parvula,5968,779,301,1131,3,6,2,5
Veillonella rodentium,14,6,5,14,8,6,5,6
Veillonella sp. T1-7,8,3,2,5,0,1,3,1
Gottschalkia acidurici,9,9,4,10,4,5,1,3
Anaerococcus mediterraneensis,16,5,5,3,1,0,2,1
Anaerococcus prevotii,13,14,4,11,7,4,0,3
Finegoldia magna,4911,1040,396,1482,3,1,6,3
Murdochiella vaginalis,7,1,5,9,3,5,2,6
Parvimonas micra,9,5,3,6,0,1,1,1
Peptoniphilus harei,29,14,5,20,7,8,8,12
Peptoniphilus ivorii,8,15,19,9,5,16,32,21
Peptoniphilus sp. ING2-D1G,14,25,34,16,13,20,34,14
Gudongella oleilytica,10,6,4,8,0,2,0,0
Tissierellia sp. JN-28,10,8,4,15,10,3,1,10
Fusobacterium gonidiaformans,4,11,3,4,0,0,0,0
Fusobacterium hwasookii,8,2,3,5,0,0,0,0
Fusobacterium mortiferum,9,9,4,6,0,0,2,0
Fusobacterium necrophorum,8,20,5,6,2,2,2,4
Fusobacterium nucleatum,36,12,6,9,0,3,2,2
Fusobacterium periodonticum,0,1,0,2,0,0,0,0
Fusobacterium pseudoperiodonticum,4,6,2,2,0,0,0,0
Fusobacterium sp. oral taxon 203,0,2,0,2,0,0,0,0
Fusobacterium ulcerans,13,11,7,8,0,0,0,0
Fusobacterium varium,18,12,7,10,0,2,4,3
Ilyobacter polytropus,4,6,4,6,0,1,0,1
Leptotrichia buccalis,2,6,1,3,0,0,0,0
Leptotrichia hofstadii,2,1,0,1,0,0,0,0
Leptotrichia hongkongensis,3,2,0,1,0,0,0,0
Leptotrichia shahii,1,5,2,3,0,0,0,0
Leptotrichia sp. oral taxon 212,16,7,27,15,3,12,29,14
Leptotrichia sp. oral taxon 498,1,4,0,2,1,0,0,0
Leptotrichia sp. oral taxon 847,8,4,24,3,1,15,25,12
Leptotrichia trevisanii,6,7,1,3,0,0,0,0
Leptotrichia wadei,5,8,6,2,0,4,8,5
Pseudoleptotrichia goodfellowii,11,5,2,2,0,0,0,0
Sebaldella termitidis,16,20,8,13,4,8,7,3
Sneathia vaginalis,3,2,2,0,1,0,0,1
Streptobacillus moniliformis,4,4,1,4,0,0,0,0
Gemmatimonas aurantiaca,0,3,0,1,0,0,2,0
Gemmatimonas phototrophica,2,1,0,0,0,0,1,0
Gemmatimonas sp. TET16,3,1,3,1,7,0,0,1
Gemmatirosa kalamazoonesis,3,1,1,0,0,0,0,0
Ignavibacterium album,6,5,6,5,1,2,3,6
Melioribacter roseus,6,1,1,1,4,2,1,0
Kiritimatiella glycovorans,0,1,0,0,0,0,0,0
Leptospirillum ferriphilum,0,0,1,1,1,0,0,0
Leptospirillum ferrooxidans,0,2,3,0,0,0,1,0
Leptospirillum sp. Group II CF-1,2,0,0,0,0,0,0,0
Candidatus Nitrospira inopinata,0,2,0,1,0,0,0,0
Nitrospira defluvii,1,0,0,0,0,0,0,0
Nitrospira japonica,0,1,0,0,0,0,0,0
Nitrospira moscoviensis,1,0,0,2,0,1,1,1
Nitrospira sp. KM1,2,1,0,0,0,0,1,1
Thermodesulfovibrio yellowstonii,7,1,5,4,0,3,0,0
Candidatus Kuenenia stuttgartensis,5,2,8,2,1,4,4,1
Phycisphaera mikurensis,2,0,0,1,0,0,1,0
Anaerohalosphaera lusitana,0,3,0,2,1,2,2,3
Limihaloglobus sulfuriphilus,4,0,5,1,1,3,6,1
Sedimentisphaera cyanobacteriorum,4,0,0,2,0,0,0,0
Sedimentisphaera salicampi,3,1,0,0,0,0,0,0
Gemmata massiliana,0,0,1,0,1,1,2,0
Gemmata obscuriglobus,2,1,0,0,0,0,0,0
Gemmata sp. SH-PL17,0,1,20,2,1,9,12,5
Limnoglobus roseus,1,1,0,1,1,0,0,0
Tuwongella immobilis,2,3,7,0,0,0,0,0
Aquisphaera giovannonii,2,3,1,1,9,5,2,4
Isosphaera pallida,4,4,27,6,3,15,25,11
Paludisphaera borealis,1,2,0,0,0,0,0,1
Singulisphaera acidiphila,1,0,0,0,0,0,1,1
Bythopirellula goksoyri,1,3,0,1,0,0,0,0
Lacipirellula parvula,2,0,0,1,0,0,0,1
Mariniblastus fucicola,1,4,0,2,3,1,0,0
Pirellula sp. SH-Sr6A,1,1,1,0,0,0,0,0
Pirellula staleyi,0,1,3,2,6,2,3,0
Rhodopirellula baltica,1,0,1,0,2,1,0,0
Roseimaritima ulvae,3,4,4,2,0,0,0,0
Thermogutta terrifontis,0,1,2,0,1,0,0,0
Alienimonas californiensis,3,0,1,2,2,0,0,1
Bremerella volcania,0,1,1,2,2,2,3,10
Crateriforma conspicua,2,13,31,2,4,9,22,12
Fuerstia marisgermanicae,4,4,0,0,0,1,0,1
Gimesia maris,1,0,1,1,0,0,0,0
Gimesia sp. E7,4,1,1,0,0,0,0,0
Planctomyces sp. SH-PL14,2,0,0,4,2,1,2,1
Planctomyces sp. SH-PL62,1,5,0,4,8,2,4,0
Planctopirus ephydatiae,0,0,4,0,0,0,0,0
Planctopirus limnophila,0,1,0,1,0,0,0,0
Rubinisphaera brasiliensis,3,5,3,2,5,2,2,1
Acidithiobacillus caldus,0,0,1,1,3,3,0,1
Acidithiobacillus ferridurans,0,0,1,0,0,0,0,0
Acidithiobacillus ferrivorans,1,0,1,0,2,2,0,1
Acidithiobacillus thiooxidans,1,4,6,0,1,3,7,3
Asticcacaulis excentricus,0,2,3,4,4,4,1,2
Brevundimonas diminuta,2,1,0,0,0,0,0,0
Brevundimonas mediterranea,1,0,2,1,0,0,0,0
Brevundimonas naejangsanensis,1,0,0,1,0,0,0,0
Brevundimonas sp. GW460-12-10-14-LB2,0,0,3,1,2,2,1,3
Brevundimonas sp. LM2,0,3,1,1,5,2,1,3
Brevundimonas sp. M20,1,0,0,1,2,0,0,1
Brevundimonas sp. MF30-B,0,0,1,0,0,0,0,0
Caulobacter flavus,2,1,1,0,6,2,1,0
Caulobacter henricii,0,0,5,1,1,2,6,4
Caulobacter rhizosphaerae,2,2,7,0,1,2,8,1
Caulobacter segnis,0,0,0,0,1,1,0,1
Caulobacter sp. Ji-3-8,3,1,0,0,1,0,0,0
Caulobacter sp. K31,1,0,0,0,0,0,0,0
Caulobacter vibrioides,5,1,0,5,5,2,0,0
Phenylobacterium sp. HYN0004,2,0,1,3,0,0,0,0
Emcibacter sp. MEBiC09520,2,2,2,5,8,2,0,4
Candidatus Paracaedibacter acanthamoebae,0,1,1,1,0,0,0,0
Candidatus Cytomitobacter indipagum,0,0,0,1,0,0,0,0
Candidatus Cytomitobacter primus,1,0,0,0,0,0,0,0
Candidatus Nesciobacter abundans,2,4,0,0,0,0,0,0
Magnetococcus marinus,1,1,0,1,0,0,0,0
Candidatus Pelagibacter giovannonii,2,0,1,0,0,0,0,0
Candidatus Pelagibacter sp. FZCC0015,0,0,0,1,0,0,0,0
Candidatus Pelagibacter sp. HIMB1321,1,1,0,1,0,0,0,0
Candidatus Pelagibacter sp. IMCC9063,3,0,0,2,0,0,0,0
Candidatus Pelagibacter sp. RS39,1,0,2,1,0,0,0,0
Candidatus Pelagibacter sp. RS40,1,0,1,1,0,0,0,0
Aureimonas sp. AU20,3,1,0,1,0,0,0,0
Martelella endophytica,2,0,1,1,0,2,0,1
Martelella mediterranea,0,2,0,3,1,0,3,0
Martelella sp. AD-3,0,3,0,0,0,0,0,0
Bartonella alsatica,0,0,1,0,0,0,0,0
Bartonella apis,2,8,5,3,0,0,0,2
Bartonella australis,0,0,1,1,0,0,0,0
Bartonella birtlesii,2,3,1,1,0,0,0,0
Bartonella clarridgeiae,0,1,0,0,0,0,0,0
Bartonella grahamii,0,1,0,0,2,2,0,2
Bartonella henselae,0,0,0,1,0,0,0,0
Bartonella kosoyi,0,1,0,2,0,0,0,0
Bartonella krasnovii,1,1,0,1,0,0,0,0
Bartonella quintana,2,2,1,2,0,0,1,0
Bartonella schoenbuchensis,1,1,0,2,0,0,0,0
Bartonella sp. HY038,2,0,1,3,0,0,1,1
Bartonella sp. WD16.2,1,1,0,0,0,0,0,0
Bartonella vinsonii,1,0,0,2,0,0,0,0
Beijerinckia indica,0,3,0,2,0,0,0,0
Methylocella silvestris,2,1,0,5,4,1,4,0
Methylocella tundrae,1,0,1,0,0,0,0,0
Methylovirgula ligni,0,2,16,1,2,3,16,8
Afipia sp. GAS231,2,2,0,1,0,0,1,0
Bosea sp. ANAM02,0,0,1,1,2,2,1,0
Bosea sp. AS-1,2,0,0,0,0,0,0,0
Bosea sp. F3-2,1,3,0,3,1,0,0,0
Bosea sp. PAMC 26642,1,1,0,1,1,1,0,0
Bosea sp. RAC05,1,4,1,2,0,0,0,0
Bosea sp. Tri-49,2,0,0,0,0,0,0,0
Bosea vaviloviae,1,1,0,0,0,0,0,0
Bradyrhizobium amphicarpaeae,0,0,0,0,1,0,0,0
Bradyrhizobium canariense,0,0,0,1,0,0,1,0
Bradyrhizobium cosmicum,0,2,3,1,0,3,0,0
Bradyrhizobium diazoefficiens,1,8,38,7,6,24,28,15
Bradyrhizobium elkanii,4,2,0,1,4,5,1,0
Bradyrhizobium erythrophlei,3,2,5,4,2,0,0,1
Bradyrhizobium guangdongense,2,0,0,0,2,1,0,0
Bradyrhizobium guangxiense,0,3,0,1,3,1,1,1
Bradyrhizobium guangzhouense,1,1,0,0,1,0,0,0
Bradyrhizobium icense,0,1,0,1,0,0,0,0
Bradyrhizobium japonicum,3,0,0,0,0,0,0,0
Bradyrhizobium lablabi,0,0,0,0,0,0,0,1
Bradyrhizobium oligotrophicum,0,0,0,1,0,0,0,0
Bradyrhizobium paxllaeri,2,0,1,0,0,0,0,0
Bradyrhizobium sp. 1(2017),0,0,1,0,0,0,0,0
Bradyrhizobium sp. 6(2017),2,0,0,0,0,0,0,0
Bradyrhizobium sp. BTAi1,0,1,0,0,0,0,0,0
Bradyrhizobium sp. CCBAU 051011,2,0,0,0,3,0,0,0
Bradyrhizobium sp. CCGE-LA001,0,1,0,0,0,0,0,0
Bradyrhizobium sp. ORS 278,6,3,0,2,0,0,0,1
Bradyrhizobium sp. ORS 285,0,3,0,0,5,2,0,0
Bradyrhizobium sp. TM102,0,0,3,1,3,2,1,0
Bradyrhizobium symbiodeficiens,0,1,0,0,0,0,0,0
Bradyrhizobium vignae,0,1,0,0,0,0,0,0
Nitrobacter hamburgensis,0,3,0,0,0,0,0,0
Nitrobacter winogradskyi,0,1,1,1,0,0,0,0
Afipia carboxidovorans,0,1,0,0,2,3,2,1
Rhodopseudomonas palustris,10,8,2,7,9,4,2,7
Tardiphaga robiniae,1,1,1,0,0,0,0,0
Variibacter gotjawalensis,2,3,0,1,0,0,0,1
Brucella inopinata,2,0,0,2,0,0,1,0
Brucella sp. 09RB8471,1,0,0,1,0,0,0,0
Brucella sp. BO3,0,1,0,1,0,0,0,0
Brucella anthropi,3,1,1,3,0,0,0,0
Ochrobactrum pituitosum,2,1,0,1,0,0,0,0
Ochrobactrum quorumnocens,0,0,1,0,0,0,0,0
Chelatococcus daeguensis,0,1,0,0,0,0,0,0
Chelatococcus sp. CO-6,1,0,0,3,4,3,0,0
Breoghania sp. L-A4,2,3,0,1,1,0,0,0
Cohaesibacter sp. ES.047,0,2,0,1,0,0,0,0
Blastochloris tepida,0,1,0,0,0,0,0,0
Blastochloris viridis,3,0,6,1,4,2,5,1
Devosia ginsengisoli,1,1,1,1,0,1,0,2
Devosia sp. 1566,0,0,0,3,0,1,1,0
Devosia sp. A16,0,1,1,0,1,0,1,1
Devosia sp. D6-9,1,0,0,1,1,0,1,3
Devosia sp. I507,1,1,1,1,0,0,0,0
Devosia sp. MC521,0,2,2,0,0,0,0,0
Candidatus Filomicrobium marinum,1,0,0,0,0,0,1,0
Hyphomicrobium denitrificans,1,3,0,0,0,0,0,0
Hyphomicrobium nitrativorans,2,2,1,2,6,7,1,4
Hyphomicrobium sp. MC1,0,2,0,2,0,0,0,0
Maritalea myrionectae,0,2,1,0,0,0,0,0
Pelagibacterium halotolerans,0,0,0,1,0,0,0,0
Rhodomicrobium vannielii,1,0,0,3,5,0,2,0
Rhodoplanes sp. Z2-YC6860,1,0,0,0,0,0,0,0
Lichenihabitans psoromatis,0,2,0,3,0,0,0,1
Methylobacterium brachiatum,0,1,0,0,0,0,0,1
Methylobacterium currus,0,0,0,3,0,0,0,0
Methylobacterium durans,0,2,0,0,1,0,0,0
Methylobacterium mesophilicum,2,0,0,0,0,0,0,0
Methylobacterium nodulans,0,0,0,0,3,4,2,4
Methylobacterium sp. 17Sr1-1,1,0,1,0,0,0,0,0
Methylobacterium sp. 4-46,0,1,0,0,1,0,0,0
Methylobacterium sp. AMS5,0,1,0,0,0,0,0,0
Methylobacterium sp. DM1,0,3,1,4,1,1,0,1
Methylobacterium sp. WL1,2,2,1,1,0,0,0,0
Methylobacterium sp. XJLW,1,0,0,0,0,0,0,0
Methylorubrum extorquens,3,3,0,0,0,0,0,0
Methylorubrum populi,0,0,0,1,0,0,0,1
Microvirga ossetica,2,0,1,0,0,0,0,0
Microvirga sp. 17 mud 1-3,0,0,0,0,0,0,0,2
Microvirga sp. HR1,1,2,0,1,0,0,0,0
Methylocystis bryophila,1,1,0,0,0,0,0,0
Methylocystis heyeri,0,2,1,2,7,3,2,2
Methylocystis parvus,1,0,0,0,7,5,0,0
Methylocystis rosea,0,1,0,0,0,0,0,0
Methylocystis sp. SC2,1,0,0,0,0,0,0,0
Methylosinus trichosporium,1,3,1,1,1,1,0,0
Terasakiella sp. SH-1,5,1,0,0,0,0,0,0
Aminobacter aminovorans,2,0,1,1,6,4,2,2
Aminobacter sp. MSH1,0,0,0,1,0,0,0,0
Chelativorans sp. BNC1,2,2,0,5,5,4,4,3
Hoeflea sp. IMCC20628,6,2,2,1,0,0,0,0
Lentilitoribacter sp. Alg239-R112,3,2,0,1,0,0,0,0
Mesorhizobium amorphae,3,0,0,0,1,1,0,1
Mesorhizobium australicum,0,0,1,0,0,0,2,0
Mesorhizobium ciceri,1,3,13,0,0,2,8,0
Mesorhizobium erdmanii,3,0,0,0,0,1,0,0
Mesorhizobium huakuii,0,0,0,2,1,1,0,0
Mesorhizobium japonicum,1,1,0,0,0,0,0,0
Mesorhizobium loti,4,1,4,10,3,3,3,1
Mesorhizobium oceanicum,0,1,1,1,0,0,0,0
Mesorhizobium opportunistum,0,1,0,0,0,0,0,0
Mesorhizobium sp. 8,0,1,3,5,3,1,3,4
Mesorhizobium sp. AA22,2,0,0,2,0,0,0,0
Mesorhizobium sp. DCY119,4,1,0,3,0,0,0,0
Mesorhizobium sp. M1B.F.Ca.ET.045.04.1.1,0,3,0,1,0,0,0,0
Mesorhizobium sp. M1D.F.Ca.ET.043.01.1.1,1,0,1,0,0,0,0,0
Mesorhizobium sp. M1E.F.Ca.ET.045.02.1.1,2,1,3,1,2,0,1,0
Mesorhizobium sp. M4B.F.Ca.ET.058.02.1.1,1,0,0,1,0,0,0,0
Mesorhizobium sp. M6A.T.Cr.TU.016.01.1.1,3,2,0,0,0,0,0,0
Mesorhizobium sp. M7A.F.Ce.TU.012.03.2.1,1,0,0,1,0,0,0,0
Mesorhizobium sp. M9A.F.Ca.ET.002.03.1.2,0,4,1,0,0,0,0,0
Mesorhizobium sp. NZP2077,3,0,0,1,0,0,0,0
Mesorhizobium sp. NZP2234,1,1,1,0,0,0,0,0
Mesorhizobium sp. NZP2298,0,1,0,1,0,0,0,0
Mesorhizobium sp. Pch-S,1,1,1,1,4,0,1,0
Mesorhizobium sp. WSM1497,0,1,0,0,0,0,0,0
Mesorhizobium terrae,1,1,1,0,0,0,0,0
Nitratireductor sp. OM-1,2,1,0,2,0,0,0,0
Nitratireductor sp. SY7,1,0,0,0,0,0,0,0
Oricola sp. MEBiC13590,0,1,0,1,3,0,2,2
Phyllobacterium zundukense,3,1,2,0,0,0,0,0
Roseitalea porphyridii,1,1,0,0,0,0,0,0
Salaquimonas pukyongi,1,1,1,0,0,0,0,0
Agrobacterium fabrum,1,1,0,1,3,0,0,2
Agrobacterium larrymoorei,2,2,0,0,0,1,0,1
Rhizobium rhizogenes,0,0,1,0,0,0,0,0
Agrobacterium sp. CGMCC 11546,0,0,1,0,0,0,0,0
Agrobacterium sp. MA01,1,0,0,0,0,0,0,0
Agrobacterium sp. RAC06,1,2,11,2,2,2,8,4
Agrobacterium sp. T29,1,0,0,3,0,0,0,0
Agrobacterium tumefaciens,4,5,9,9,16,4,5,8
Agrobacterium vitis,4,2,2,3,1,2,0,0
Ciceribacter thiooxidans,0,0,0,1,0,0,0,0
Ensifer adhaerens,1,0,1,1,0,1,0,2
Ensifer alkalisoli,2,1,2,0,0,0,0,0
Ensifer mexicanus,2,1,7,4,4,4,2,0
Sinorhizobium sojae,2,2,3,3,2,4,2,5
Georhizobium profundi,0,1,0,1,0,0,0,0
Candidatus Liberibacter africanus,1,1,1,1,0,0,0,1
Candidatus Liberibacter americanus,3,0,0,1,0,0,0,0
Candidatus Liberibacter asiaticus,2,3,0,1,0,0,0,0
Liberibacter crescens,2,0,0,0,0,0,0,0
Neorhizobium galegae,3,1,5,6,8,6,4,5
Neorhizobium sp. NCHU2750,0,2,5,1,0,0,1,1
Neorhizobium sp. SOG26,4,2,1,2,0,0,0,0
Rhizobium daejeonense,1,0,0,0,0,0,0,0
Rhizobium etli,4,3,0,1,0,0,0,0
Rhizobium favelukesii,4,5,2,1,3,0,0,0
Rhizobium flavum,0,0,0,0,1,1,1,0
Rhizobium gallicum,3,2,0,1,0,0,0,0
Rhizobium grahamii,0,3,1,1,0,0,0,0
Rhizobium jaguaris,1,3,0,5,4,3,0,1
Rhizobium leguminosarum,9,6,9,12,6,7,3,5
Rhizobium lusitanum,4,5,0,1,0,0,0,0
Rhizobium oryzihabitans,1,0,1,0,0,0,0,0
Rhizobium phaseoli,1,0,0,0,0,0,1,0
Rhizobium pseudoryzae,1,1,0,0,0,0,0,0
Agrobacterium pusense,0,0,1,0,0,0,0,0
Rhizobium rhizoryzae,1,0,0,1,0,0,0,0
Rhizobium sp. 11515TR,0,2,1,0,17,7,5,2
Rhizobium sp. ADMK78,0,1,0,2,0,1,0,0
Rhizobium sp. CIAT894,1,0,1,0,1,3,0,0
Rhizobium sp. IE4771,1,0,0,0,0,0,0,0
Rhizobium sp. JKLM13E,0,0,0,1,0,0,0,0
Rhizobium sp. JKLM19E,0,0,3,3,0,0,0,0
Rhizobium sp. Khangiran2,3,0,3,2,5,0,1,2
Rhizobium sp. Kim5,0,0,0,1,0,0,0,0
Rhizobium sp. NIBRBAC000502774,1,1,5,1,0,0,0,0
Rhizobium sp. NXC14,1,0,0,1,0,0,0,0
Rhizobium sp. NXC24,0,2,0,0,0,0,0,0
Rhizobium sp. WL3,2,7,2,3,0,0,0,0
Rhizobium sp. Y9,1,3,0,0,0,0,0,0
Rhizobium tropici,0,1,0,1,0,0,0,0
Shinella sp. HZN7,0,3,1,2,4,4,1,3
Sinorhizobium americanum,5,0,0,0,1,0,0,0
Sinorhizobium fredii,3,4,0,1,3,2,2,3
Sinorhizobium medicae,0,0,2,0,1,2,0,2
Sinorhizobium meliloti,2,1,2,4,5,3,3,4
Sinorhizobium sp. RAC02,1,1,0,2,4,2,2,1
Candidatus Phaeomarinobacter ectocarpi,0,0,1,0,0,0,0,0
Parvibaculum lavamentivorans,0,0,1,0,0,0,0,0
Pyruvatibacter mobilis,2,0,0,2,0,0,0,0
Ancylobacter pratisalsi,2,7,0,3,0,0,0,0
Ancylobacter sp. TS-1,0,0,1,0,0,0,1,2
Azorhizobium caulinodans,1,1,0,0,0,0,0,0
Labrys neptuniae,0,0,1,0,0,0,0,0
Pseudolabrys sp. FHR47,0,0,0,1,3,6,0,3
Pseudolabrys taiwanensis,3,1,1,0,1,0,0,0
Ancylobacter novellus,0,0,1,4,0,0,0,0
Starkeya sp. ORNL1,0,2,23,2,3,5,32,8
Xanthobacter autotrophicus,3,3,0,1,0,0,0,0
Glycocaulis alkaliphilus,1,2,1,1,0,0,0,0
Hirschia baltica,5,6,2,5,0,0,0,0
Hyphomonas neptunium,1,4,0,0,0,0,0,0
Hyphomonas sp. CACIAM 19H1,1,6,1,1,0,0,0,0
Hyphomonas sp. Mor2,1,5,0,0,0,0,0,0
Maricaulis maris,1,3,0,2,8,4,5,0
Antarctobacter heliothermus,3,0,0,0,0,0,0,0
Brevirhabdus pacifica,0,0,1,0,3,1,2,2
Celeribacter baekdonensis,0,0,3,0,2,1,7,1
Celeribacter ethanolicus,2,3,0,0,1,0,0,2
Celeribacter indicus,0,1,0,0,0,0,0,0
Celeribacter manganoxidans,2,0,0,0,0,0,0,0
Celeribacter marinus,2,0,0,2,1,0,1,0
Defluviimonas alba,1,0,0,1,0,0,0,0
Dinoroseobacter shibae,1,0,0,0,0,0,0,0
Tritonibacter mobilis,6,1,0,1,0,0,1,0
Gemmobacter sp. HYN0069,2,0,1,0,1,0,5,5
Haematobacter massiliensis,3,2,0,0,0,0,0,0
Halocynthiibacter arcticus,1,3,0,6,0,0,0,0
Jannaschia sp. CCS1,6,0,2,3,5,1,2,1
Ketogulonicigenium vulgare,1,0,0,5,7,6,6,5
Labrenzia sp. PHM005,2,1,0,2,6,3,0,1
Labrenzia sp. THAF82,6,0,2,1,0,2,1,1
Labrenzia sp. VG12,0,3,0,5,8,6,3,10
Leisingera aquaemixtae,0,4,1,2,0,0,0,0
Leisingera methylohalidivorans,1,2,0,3,0,0,0,0
Leisingera sp. NJS204,1,0,0,0,0,0,0,0
Litoreibacter sp. LN3S51,1,0,0,0,0,1,0,0
Mameliella alba,2,0,0,1,0,0,0,2
Maribius sp. THAF1,0,4,31,9,7,16,18,15
Marinovum algicola,0,1,0,3,0,0,0,0
Marivivens sp. JLT3646,0,0,0,2,0,0,0,0
Monaibacterium sp. ALG8,0,4,1,0,0,0,0,1
Octadecabacter antarcticus,0,1,0,0,0,0,1,0
Octadecabacter arcticus,0,2,0,0,0,0,0,0
Octadecabacter sp. SW4,1,0,0,0,0,0,0,0
Octadecabacter temperatus,2,0,11,4,2,7,17,3
Pannonibacter phragmitetus,0,7,0,4,0,1,0,0
Paracoccus aminophilus,5,2,0,2,2,0,3,1
Paracoccus aminovorans,0,0,1,0,0,0,0,0
Paracoccus contaminans,3,2,2,0,1,1,0,0
Paracoccus denitrificans,3,0,1,0,0,0,0,0
Paracoccus jeotgali,2,0,0,0,0,0,0,0
Paracoccus kondratievae,0,2,0,0,0,1,0,0
Paracoccus liaowanqingii,0,2,4,0,1,4,7,5
Paracoccus pantotrophus,0,0,0,0,1,0,0,0
Paracoccus sp. AK26,1,1,1,0,0,0,1,0
Paracoccus sp. Arc7-R13,1,0,1,0,0,0,0,0
Paracoccus sp. BM15,1,0,1,0,1,0,0,0
Paracoccus sp. SC2-6,1,2,2,4,7,0,1,4
Paracoccus yeei,2,1,0,0,0,0,0,0
Paracoccus zhejiangensis,3,0,0,0,0,0,0,0
Paraoceanicella profunda,1,0,0,1,1,0,1,2
Parasedimentitalea marina <Parasedimentitalea marina>,2,0,0,3,0,1,0,0
Pelagibaca abyssi,1,1,0,0,0,0,0,0
Phaeobacter gallaeciensis,1,4,0,1,1,0,1,1
Phaeobacter inhibens,3,3,2,1,1,0,0,1
Phaeobacter piscinae,2,0,0,0,1,0,0,0
Phaeobacter porticola,0,1,0,1,0,0,0,0
Planktomarina temperata,3,0,0,0,0,0,0,0
Pseudohalocynthiibacter aestuariivivens,2,2,1,0,9,9,3,5
Pseudovibrio sp. FO-BEG1,6,7,4,3,6,9,10,0
Rhodobaca barguzinensis,2,0,1,1,0,0,0,0
Pseudogemmobacter blasticus,1,3,1,0,0,0,0,0
Rhodobacter capsulatus,0,2,0,0,0,0,0,0
Rhodobacter sp. CZR27,1,0,0,1,0,0,0,0
Rhodobacter sp. LPB0142,2,7,2,4,0,0,0,0
Cereibacter sphaeroides,4,0,6,5,8,0,1,4
Rhodovulum sp. MB263,0,0,0,1,0,2,0,1
Rhodovulum sp. P5,3,0,1,1,8,0,0,1
Rhodovulum sulfidophilum,5,2,1,0,0,0,0,0
Roseicyclus elongatus,0,0,1,0,0,0,0,0
Roseivivax sp. THAF30,1,0,0,0,2,1,1,0
Roseobacter denitrificans,1,0,0,1,0,0,0,0
Roseobacter litoralis,1,0,0,0,0,0,0,0
Roseobacter ponti,2,1,0,2,0,0,0,0
Roseovarius indicus,2,2,0,2,0,0,0,0
Roseovarius mucosus,0,0,0,0,0,1,0,0
Roseovarius sp. MME-070,1,0,0,0,0,0,0,0
Roseovarius sp. THAF8,0,1,0,0,0,0,0,0
Roseovarius sp. THAF9,1,0,0,1,0,0,0,1
Ruegeria pomeroyi,1,2,0,1,0,1,0,0
Ruegeria sp. AD91A,2,0,0,0,0,0,0,0
Ruegeria sp. THAF33,1,2,27,4,2,22,33,9
Ruegeria sp. TM1040,4,1,0,5,0,0,0,0
Sagittula sp. P11,0,0,0,0,3,3,0,0
Salipiger profundus,1,0,0,0,0,0,0,0
Silicimonas algicola,0,1,0,0,0,1,1,0
Stappia indica,0,1,0,0,0,0,0,0
Stappia sp. ES.058,0,2,0,0,0,0,0,0
Sulfitobacter pseudonitzschiae,3,0,1,0,0,0,0,0
Sulfitobacter sp. AM1-D1,1,0,2,0,3,5,0,0
Sulfitobacter sp. BSw21498,3,10,3,0,0,0,0,0
Sulfitobacter sp. D7,2,1,0,1,0,0,0,0
Sulfitobacter sp. JL08,0,0,1,1,0,0,0,0
Sulfitobacter sp. SK011,1,1,0,0,0,0,0,0
Sulfitobacter sp. SK012,2,2,0,0,0,0,0,0
Sulfitobacter sp. THAF37,3,0,0,0,0,0,0,0
Tabrizicola piscis,1,1,28,5,6,3,32,14
Thalassobius gelatinovorus,1,0,1,1,0,0,0,0
Thalassococcus sp. S3,0,3,1,2,2,2,2,0
Thioclava nitratireducens,0,0,0,4,6,4,2,1
Yangia pacifica,1,1,1,0,5,0,2,4
Yangia sp. CCB-MM3,2,2,0,0,0,0,0,0
Yoonia vestfoldensis,0,1,36,7,6,4,34,12
Acetobacter aceti,2,0,2,3,0,0,1,0
Acetobacter ascendens,1,3,2,2,1,0,1,2
Acetobacter ghanensis,0,1,1,0,0,0,0,0
Acetobacter orientalis,5,0,2,3,0,0,0,0
Acetobacter oryzoeni,0,0,1,0,0,0,0,0
Acetobacter pasteurianus,3,3,1,5,0,0,0,0
Acetobacter persici,9,3,0,2,0,0,0,0
Acetobacter sp. KACC 21233,0,1,0,0,0,0,0,0
Acetobacter tropicalis,2,2,0,2,0,0,0,0
Acidibrevibacterium fodinaquatile,0,0,0,1,0,0,1,0
Asaia bogorensis,0,1,0,4,6,2,2,1
Bombella sp. KACC 21507,2,1,2,0,0,0,0,1
Commensalibacter sp. AMU001,0,6,0,1,0,0,0,0
Commensalibacter sp. ESL0284,2,0,0,1,0,0,0,0
Gluconacetobacter diazotrophicus,1,0,1,2,0,0,0,0
Gluconobacter albidus,2,3,1,1,0,0,0,0
Gluconobacter oxydans,2,0,2,3,0,0,0,0
Gluconobacter thailandicus,2,0,0,0,1,0,0,0
Granulibacter bethesdensis,6,5,4,1,0,0,0,0
Komagataeibacter europaeus,1,0,0,0,0,0,0,0
Novacetimonas hansenii,1,0,0,2,0,0,0,0
Komagataeibacter medellinensis,2,0,1,0,0,0,0,0
Komagataeibacter nataicola,0,2,5,0,0,0,1,1
Komagataeibacter oboediens,2,1,13,2,2,6,9,6
Komagataeibacter saccharivorans,1,1,0,1,0,0,0,0
Komagataeibacter xylinus,0,3,3,0,0,0,0,0
Kozakia baliensis,0,2,0,1,0,1,0,0
Neoasaia chiangmaiensis,0,0,0,2,0,0,0,0
Neokomagataea sp. Ha5,3,0,0,0,0,0,0,0
Neokomagataea tanensis,2,13,21,7,5,10,29,11
Parasaccharibacter apium,0,0,0,0,0,0,1,0
Roseomonas gilardii,0,1,0,0,1,0,2,0
Roseomonas sp. FDAARGOS_362,1,1,0,1,2,0,1,0
Stella humosa,1,1,0,0,0,0,0,0
Swingsia samuiensis,2,1,10,2,2,0,10,4
Azospirillum brasilense,2,3,1,1,5,0,2,1
Azospirillum humicireducens,0,1,0,0,0,0,0,0
Azospirillum lipoferum,4,1,0,0,0,0,0,0
Azospirillum ramasamyi,2,2,14,3,1,7,15,4
Azospirillum sp. TSA2s,0,1,0,1,0,0,0,0
Azospirillum sp. TSH100,4,0,2,3,4,0,0,3
Azospirillum thermophilum,1,0,0,2,1,0,0,0
Azospirillum thiophilum,2,0,0,1,0,0,0,0
Candidatus Endolissoclinum faulkneri,2,0,1,0,0,0,1,0
Ferrovibrio terrae,0,1,1,0,0,0,0,0
Haematospirillum jordaniae,2,0,0,0,0,0,0,1
Hypericibacter adhaerens,0,0,0,1,0,0,0,0
Hypericibacter terrae,0,2,0,0,0,0,0,1
Indioceanicola profundi,0,0,2,1,1,0,0,1
Magnetospira sp. QH-2,4,0,0,0,0,0,0,0
Magnetospirillum gryphiswaldense,1,0,0,1,3,2,0,0
Paramagnetospirillum magneticum,2,0,3,4,8,2,1,1
Magnetospirillum sp. ME-1,1,1,0,0,0,0,0,0
Magnetospirillum sp. XM-1,0,2,0,0,0,0,0,0
Nitrospirillum amazonense,1,1,0,1,0,0,0,0
Niveispirillum cyanobacteriorum,1,2,1,3,0,0,0,0
Pararhodospirillum photometricum,2,0,0,1,0,0,0,0
Rhodospirillum centenum,2,1,0,2,0,0,1,0
Rhodospirillum rubrum,1,0,0,0,0,0,0,0
Skermanella pratensis,0,1,0,2,3,0,0,0
Thalassospira indica,1,0,2,2,0,0,0,0
Thalassospira marina,3,3,0,3,0,0,0,0
Thalassospira xiamenensis,1,1,3,1,0,1,3,2
Tistrella mobilis,1,1,1,0,0,0,1,0
Anaplasma ovis,2,0,1,1,0,1,0,0
Anaplasma phagocytophilum,1,0,0,0,0,0,0,0
Ehrlichia canis,2,0,0,0,0,0,0,0
Ehrlichia chaffeensis,0,1,1,1,0,0,0,0
Ehrlichia ruminantium,2,1,1,1,0,0,0,0
Ehrlichia sp. HF,0,2,0,0,0,0,0,0
Neorickettsia findlayensis,0,2,0,1,0,0,0,0
Neorickettsia risticii,0,1,0,0,0,0,0,0
Ehrlichia sennetsu,5,1,0,0,0,0,0,0
Wolbachia endosymbiont of Ctenocephalides felis wCfeT,0,0,1,0,0,0,0,0
Wolbachia endosymbiont of Dirofilaria (Dirofilaria) immitis,1,0,0,0,0,0,0,0
Wolbachia endosymbiont of Folsomia candida,1,0,0,1,0,0,0,0
Wolbachia endosymbiont of Onchocerca ochengi,0,0,1,0,0,0,0,0
Wolbachia pipientis,2,4,0,0,0,0,0,0
Candidatus Fokinia solitaria,0,0,1,2,0,0,0,0
Candidatus Midichloria mitochondrii,1,0,0,1,0,0,0,0
Candidatus Phycorickettsia trachydisci,1,0,0,3,0,1,1,0
Candidatus Sneabacter namystus,0,1,1,1,0,0,0,0
Orientia tsutsugamushi,1,0,0,0,0,0,1,0
Rickettsia akari,1,0,0,0,0,0,0,0
Rickettsia amblyommatis,0,1,0,0,0,0,0,0
Rickettsia bellii,1,1,0,2,0,0,0,0
Rickettsia canadensis,0,0,28,3,10,21,22,15
Rickettsia endosymbiont of Bemisia tabaci,1,0,1,1,0,0,0,0
Rickettsia monacensis,1,2,0,2,0,0,0,0
Rickettsia prowazekii,0,0,0,0,0,0,0,1
Rickettsia typhi,1,0,0,1,0,0,0,0
Altererythrobacter atlanticus,0,1,1,1,0,1,1,0
Altererythrobacter dongtanensis,0,1,0,2,0,0,0,0
Altererythrobacter epoxidivorans,1,1,0,2,0,0,0,0
Altererythrobacter ishigakiensis,4,4,0,3,0,0,0,0
Altererythrobacter mangrovi,1,0,0,0,0,0,0,0
Altererythrobacter marensis,0,0,1,0,6,0,0,3
Altererythrobacter namhicola,0,0,1,0,0,0,0,0
Altererythrobacter sp. B11,1,1,0,1,0,0,0,0
Altererythrobacter sp. BO-6,1,1,1,2,0,0,0,0
Altererythrobacter sp. NS1,1,0,1,2,9,2,1,5
Altererythrobacter sp. TH136,1,0,0,0,1,0,1,0
Altererythrobacter sp. ZODW24,2,0,1,2,0,0,0,0
Croceicoccus naphthovorans,1,3,2,0,0,0,0,0
Erythrobacter aureus,0,0,1,0,0,0,0,0
Erythrobacter flavus,1,0,0,0,0,0,0,1
Erythrobacter gangjinensis,2,0,0,2,0,0,0,0
Erythrobacter litoralis,3,1,1,4,4,6,1,1
Erythrobacter seohaensis,2,0,1,1,0,0,0,0
Erythrobacter sp. HKB08,0,2,1,0,1,0,0,2
Erythrobacter sp. HL-111,0,1,0,0,0,0,0,0
Erythrobacter sp. KY5,5,5,0,0,1,0,0,0
Erythrobacter sp. THAF29,4,3,0,2,18,7,3,9
Porphyrobacter neustonensis,0,2,43,7,8,10,22,10
Porphyrobacter sp. CACIAM 03H1,0,1,0,1,2,2,1,2
Porphyrobacter sp. HT-58-2,0,1,1,0,0,0,0,0
Porphyrobacter sp. LM 6,0,0,0,1,0,0,0,0
Porphyrobacter sp. YT40,0,0,0,1,0,1,1,0
Qipengyuania sediminis,0,0,0,0,1,1,0,1
Blastomonas fulva,0,1,0,0,0,0,0,0
Blastomonas sp. RAC04,1,1,0,0,0,0,0,0
Novosphingobium aromaticivorans,1,2,2,0,4,2,6,1
Novosphingobium ginsenosidimutans,0,0,1,0,0,0,0,0
Novosphingobium pentaromativorans,2,0,0,3,4,3,0,0
Novosphingobium resinovorum,1,0,1,1,0,0,0,0
Novosphingobium sp. ABRDHK2,3,2,1,2,0,0,1,0
Novosphingobium sp. Gsoil 351,3,0,0,0,0,0,0,0
Novosphingobium sp. P6W,1,0,0,0,0,0,0,0
Novosphingobium sp. THN1,2,4,0,4,0,0,0,0
Caenibius tardaugens,6,2,1,3,0,1,0,1
Parasphingopyxis algicola,2,2,1,3,10,6,2,2
Parasphingopyxis sp. CP4,0,1,0,0,1,0,0,0
Rhizorhabdus dicambivorans,3,2,0,0,0,0,1,0
Sandaracinobacter sp. M6,1,1,0,1,0,0,0,0
Sphingobium amiense,0,0,0,1,1,0,0,1
Sphingobium cloacae,1,3,1,3,0,0,0,0
Sphingobium herbicidovorans,1,0,0,1,0,0,1,0
Sphingobium xenophagum,0,0,0,1,1,0,0,0
Sphingobium indicum,1,0,0,1,0,0,0,0
Sphingobium sp. CAP-1,2,0,1,1,0,0,0,0
Sphingobium sp. EP60837,0,2,2,3,0,2,0,2
Sphingobium sp. MI1205,1,1,0,0,2,1,1,0
Sphingobium sp. PAMC28499,0,0,0,0,0,1,0,0
Sphingobium sp. RAC03,1,0,3,1,0,0,1,2
Sphingobium sp. SCG-1,0,1,2,1,1,1,1,3
Sphingobium sp. SYK-6,3,1,0,0,0,0,0,0
Sphingobium sp. YG1,0,2,1,0,0,2,1,0
Sphingobium yanoikuyae,1,3,0,5,2,1,1,2
Sphingomonas alpina,1,0,0,0,3,3,0,0
Sphingomonas ginsengisoli An et al. 2013,0,1,0,1,0,0,0,0
Sphingomonas hengshuiensis,2,0,1,0,0,0,0,0
Sphingomonas insulae,0,3,0,1,0,0,0,0
Sphingomonas koreensis,1,1,1,5,4,1,1,1
Sphingomonas melonis,0,3,0,0,0,0,0,0
Sphingomonas panacis,0,0,0,0,1,0,0,0
Sphingomonas paucimobilis,0,4,0,2,3,1,3,1
Sphingomonas sanxanigenens,2,1,1,1,5,6,5,3
Sphingomonas sp. AAP5,1,3,0,4,8,1,2,1
Sphingomonas sp. AE3,1,0,0,0,0,0,0,0
Sphingomonas sp. AP4-R1,1,1,0,0,0,0,0,0
Sphingomonas sp. C33,1,0,0,0,0,0,0,0
Sphingomonas sp. C8-2,1,0,0,1,3,1,0,1
Sphingomonas sp. CL5.1,2,0,0,0,0,0,0,0
Sphingomonas sp. Cra20,1,2,0,0,0,0,0,0
Sphingomonas sp. CSW-10,0,1,0,0,0,0,0,0
Sphingomonas sp. HDW15C,0,2,1,3,0,0,0,0
Sphingomonas sp. HMP6,0,0,29,4,3,7,17,17
Sphingomonas sp. HMP9,0,0,0,0,1,0,0,0
Sphingomonas sp. IC081,0,1,0,1,2,1,2,0
Sphingomonas sp. KC8,1,3,2,1,0,0,0,0
Sphingomonas sp. LK11,1,5,2,1,6,3,8,0
Sphingomonas sp. LM7,1,0,1,0,2,0,0,1
Sphingomonas sp. LMO-1,0,0,0,1,1,0,1,0
Sphingomonas sp. MM-1,0,0,7,1,1,4,5,3
Sphingomonas sp. NBWT7,4,1,0,0,0,0,0,0
Sphingomonas sp. NIC1,0,1,0,0,0,0,0,0
Sphingomonas sp. PAMC26645,0,1,6,2,2,2,5,1
Sphingomonas sp. XS-10,2,2,1,0,5,2,2,2
Sphingomonas sp. YZ-8,1,0,0,0,1,0,0,0
Sphingomonas taxi,0,3,5,0,0,2,0,0
Sphingopyxis fribergensis,0,1,0,0,0,0,0,0
Sphingopyxis granuli,0,1,0,0,0,1,1,0
Sphingopyxis macrogoltabida,2,1,1,4,1,0,3,0
Sphingopyxis sp. 113P3,0,2,1,1,2,0,1,1
Sphingopyxis sp. FD7,0,0,2,0,2,3,0,1
Sphingopyxis sp. LPB0140,1,0,0,0,0,0,0,0
Sphingopyxis sp. PAMC25046,1,0,0,2,0,0,0,0
Sphingorhabdus lacus,5,2,2,2,3,2,3,2
Sphingorhabdus sp. JK6,4,0,3,0,2,0,2,1
Sphingorhabdus sp. M41,3,0,0,2,6,6,2,1
Sphingorhabdus sp. SMR4y,1,0,0,0,1,1,1,3
Sphingorhabdus sp. YGSMI21,3,0,0,0,0,0,0,0
Sphingosinicella microcystinivorans,0,2,0,0,0,0,0,0
Sphingosinicella sp. BN140058,1,0,0,0,1,1,1,0
Tardibacter chloracetimidivorans,1,0,0,1,0,0,0,0
Zymomonas mobilis,8,4,3,5,8,3,7,9
Achromobacter denitrificans,0,1,0,6,6,8,3,0
Achromobacter insolitus,2,2,0,1,0,0,0,0
Achromobacter pestifer,0,0,0,0,1,1,2,0
Achromobacter ruhlandii,0,1,0,0,0,0,0,0
Achromobacter sp. AONIH1,0,0,0,1,0,1,0,0
Achromobacter sp. B7,0,1,0,1,0,0,0,0
Achromobacter sp. MFA1 R4,1,1,1,0,3,0,0,0
Achromobacter spanius,4,2,0,0,0,0,0,0
Achromobacter xylosoxidans,8,6,3,9,3,0,2,1
Advenella kashmirensis,0,0,0,1,1,0,0,0
Advenella mimigardefordensis,1,0,0,2,0,2,0,1
Alcaligenes aquatilis,0,0,0,2,0,0,0,0
Alcaligenes faecalis,11,6,6,8,0,0,0,0
Basilea psittacipulmonis,2,2,0,2,0,0,0,0
Bordetella avium,3,2,0,2,4,3,1,1
Bordetella bronchialis,0,3,0,0,0,0,1,1
Bordetella bronchiseptica,0,0,0,2,0,0,0,0
Bordetella flabilis,0,2,0,2,0,0,0,0
Bordetella genomosp. 13,0,1,1,0,1,0,0,0
Bordetella genomosp. 8,0,0,0,2,0,0,0,0
Bordetella genomosp. 9,4,1,3,1,0,0,0,0
Bordetella hinzii,2,2,0,4,0,1,0,0
Bordetella holmesii,1,8,2,2,0,0,0,0
Bordetella petrii,5,1,0,0,2,1,1,0
Bordetella pseudohinzii,3,0,0,0,0,0,0,0
Bordetella sp. H567,2,0,0,0,1,0,0,0
Bordetella sp. HZ20,1,0,5,3,1,6,9,2
Bordetella sp. N,1,0,0,0,0,0,0,0
Bordetella trematum,0,8,30,8,3,18,26,17
Castellaniella defragrans,3,3,0,8,6,3,5,8
Kerstersia gyiorum,4,0,1,0,0,0,0,0
Oligella urethralis,0,1,0,0,0,0,0,0
Orrella dioscoreae,1,2,0,0,0,0,0,0
Pelistega sp. NLN63,1,1,1,1,0,0,0,0
Pigmentiphaga aceris,0,2,1,1,1,0,0,0
Pigmentiphaga sp. H8,0,1,1,0,2,0,0,0
Pusillimonas sp. DMV24BSW_D,2,0,1,3,0,0,0,0
Pusillimonas sp. T7-7,1,1,0,3,0,0,0,0
Pusillimonas sp. ye3,5,4,21,4,10,15,22,10
Taylorella asinigenitalis,0,1,0,1,0,0,0,0
Taylorella equigenitalis,6,2,16,4,2,13,8,9
Burkholderia cenocepacia,1,2,2,1,1,0,0,0
Burkholderia cepacia,3,3,2,0,0,1,1,0
Burkholderia contaminans,0,1,0,0,0,0,0,0
Burkholderia diffusa,0,0,0,1,0,0,0,0
Burkholderia dolosa,0,2,0,0,0,0,0,0
Burkholderia gladioli,5,4,0,1,0,0,0,0
Burkholderia glumae,1,3,1,2,3,1,0,0
Burkholderia insecticola,4,1,0,4,0,1,0,0
Burkholderia lata,0,3,2,1,1,5,2,1
Burkholderia multivorans,2,3,0,3,0,0,0,0
Burkholderia oklahomensis,2,1,0,0,0,0,0,0
Burkholderia plantarii,2,1,0,1,8,7,5,0
Burkholderia pseudomallei,4,1,0,3,0,0,0,0
Burkholderia seminalis,0,4,0,2,6,3,4,9
Burkholderia sp. BDU6,1,0,0,0,0,0,0,0
Burkholderia sp. BDU8,1,0,0,0,0,0,0,0
Burkholderia sp. CCGE1003,2,1,0,0,1,0,0,0
Burkholderia sp. DHOD12,1,1,0,1,1,1,1,0
Burkholderia sp. IDO3,0,0,0,2,0,0,0,0
Burkholderia sp. LA-2-3-30-S1-D2,0,0,0,0,0,0,1,0
Burkholderia sp. MSMB0856,0,2,0,0,1,0,2,1
Burkholderia sp. MSMB1588,0,0,0,1,0,0,0,0
Burkholderia sp. NRF60-BP8,2,0,0,2,4,2,1,0
Burkholderia sp. PAMC 26561,1,0,0,0,0,0,0,0
Burkholderia sp. PAMC 28687,2,0,0,0,0,0,0,0
Burkholderia sp. RPE67,4,0,1,2,5,4,3,2
Burkholderia sp. THE68,2,0,0,0,0,0,0,0
Burkholderia stabilis,1,2,0,0,0,0,0,1
Burkholderia stagnalis,0,1,0,0,0,0,0,0
Burkholderia territorii,0,1,0,2,5,3,0,3
Burkholderia ubonensis,1,2,0,0,0,0,0,0
Burkholderia vietnamiensis,0,2,1,4,1,2,0,0
Pseudomonas mesoacidophila,0,0,1,2,0,0,0,0
Caballeronia sp. SBC1,1,0,0,0,0,0,0,0
Caballeronia sp. SBC2,0,1,0,0,0,0,0,0
Chitinimonas arctica,1,0,0,3,0,0,0,0
Cupriavidus basilensis,53,11,1,12,0,0,0,0
Cupriavidus campinensis,32,7,2,20,0,0,0,0
Cupriavidus gilardii,4,1,0,1,1,1,1,2
Cupriavidus malaysiensis,0,0,0,1,0,0,0,0
Cupriavidus metallidurans,18694,3826,1442,5466,0,0,0,0
Cupriavidus nantongensis,5,4,0,0,0,0,0,0
Cupriavidus necator,26,9,3,6,0,0,0,0
Cupriavidus neocaledonicus,3,0,0,0,0,0,0,0
Cupriavidus oxalaticus,9,3,4,12,0,2,4,0
Cupriavidus pauculus,57,8,3,8,0,0,0,0
Cupriavidus pinatubonensis,9,1,1,3,0,0,0,1
Cupriavidus sp. USMAA2-4,64,16,8,14,0,0,0,0
Cupriavidus sp. USMAHM13,1,0,0,0,0,0,0,0
Cupriavidus taiwanensis,38,11,12,14,3,6,4,7
Ephemeroptericola cinctiostellae,2,1,0,1,0,0,0,0
Lautropia mirabilis,3,1,4,1,1,3,5,1
Limnobacter sp. SAORIC-580,3,1,2,5,0,0,0,0
Mycetohabitans rhizoxinica,3,3,0,1,1,1,2,1
Mycoavidus cysteinexigens,2,1,1,0,1,0,0,0
Pandoraea apista,0,2,1,3,0,0,0,0
Pandoraea faecigallinarum,3,0,0,0,0,0,0,0
Pandoraea fibrosis,0,0,0,3,0,0,0,0
Pandoraea norimbergensis,1,1,0,0,0,0,0,0
Pandoraea oxalativorans,2,0,0,2,3,0,0,0
Pandoraea pnomenusa,6,2,4,10,0,1,1,0
Pandoraea pulmonicola,1,1,0,1,1,0,0,0
Pandoraea sp. XY-2,0,1,0,2,8,3,3,3
Pandoraea sputorum,3,0,0,0,0,0,0,1
Pandoraea thiooxydans,3,0,0,4,1,0,0,2
Pandoraea vervacti,1,0,1,2,0,0,1,0
Paraburkholderia aromaticivorans,0,0,1,1,4,3,2,1
Paraburkholderia caffeinilytica,2,2,0,0,0,0,0,0
Paraburkholderia caledonica,1,0,0,1,0,0,0,0
Paraburkholderia caribensis,8,4,1,4,0,0,0,1
Paraburkholderia dokdonella,2,1,1,0,0,2,1,1
Paraburkholderia fungorum,0,1,0,0,0,0,0,0
Paraburkholderia hospita,3,2,0,0,0,0,0,0
Paraburkholderia megapolitana,0,0,0,0,0,0,0,1
Paraburkholderia phenoliruptrix,1,1,0,1,0,0,0,0
Paraburkholderia phymatum,1,2,3,1,4,1,2,1
Paraburkholderia phytofirmans,3,0,0,3,6,7,4,5
Paraburkholderia sp. 7MH5,0,0,1,1,0,0,0,0
Paraburkholderia sp. 7Q-K02,1,3,0,0,0,0,0,0
Paraburkholderia sp. CCGE1002,2,0,0,0,0,0,0,0
Paraburkholderia sp. DHF22,1,0,1,2,0,0,0,0
Paraburkholderia sp. Msb3,4,0,0,1,0,2,0,1
Paraburkholderia sp. PGU16,1,3,0,0,0,0,0,0
Paraburkholderia sp. PGU19,2,0,0,1,0,0,0,0
Paraburkholderia sp. SOS3,0,1,0,2,1,0,1,1
Paraburkholderia sprentiae,0,1,0,6,2,1,0,0
Paraburkholderia terrae,0,1,2,0,0,0,0,1
Paraburkholderia tropica,2,1,0,1,0,0,0,0
Paraburkholderia xenovorans,6,5,1,5,0,0,0,2
Polynucleobacter acidiphobus,1,1,0,0,0,0,0,0
Polynucleobacter asymbioticus,3,1,1,5,5,3,1,8
Polynucleobacter difficilis,2,2,0,1,1,0,1,1
Polynucleobacter duraquae,0,2,1,1,0,0,0,0
Polynucleobacter necessarius,9,2,1,1,1,0,0,2
Polynucleobacter paneuropaeus,4,6,13,2,7,7,9,9
Polynucleobacter sp. LimPoW16,0,3,0,6,0,0,0,0
Polynucleobacter sp. MWH-UH21B,5,4,0,1,0,0,0,0
Polynucleobacter wuianus,1,0,0,1,0,0,0,0
blood disease bacterium A2-HR MARDI,2,0,0,0,0,0,0,0
Ralstonia insidiosa,6,1,1,1,0,1,0,0
Ralstonia mannitolilytica,0,1,0,0,0,0,0,0
Ralstonia pickettii,1,1,1,0,0,0,0,0
Ralstonia solanacearum,7,4,1,0,0,0,0,0
Paracidovorax avenae,3,2,2,3,8,0,3,3
Acidovorax carolinensis,4,0,0,4,2,0,0,0
Paracidovorax citrulli,0,0,0,1,0,0,1,0
[Acidovorax] ebreus,3,2,0,0,0,0,0,0
Acidovorax sp. 16-35-5,1,0,0,1,0,0,0,0
Acidovorax sp. 1608163,2,3,0,1,0,0,0,0
Acidovorax sp. HDW3,1,0,3,3,4,2,2,1
Acidovorax sp. JMULE5,0,0,0,0,0,1,0,3
Acidovorax sp. KKS102,3,1,0,0,0,0,0,0
Acidovorax sp. RAC01,0,3,8,4,2,2,11,5
Acidovorax sp. T1,1,1,0,1,0,0,0,0
Alicycliphilus denitrificans,5,0,5,1,0,1,1,0
Candidatus Symbiobacter mobilis,0,1,0,0,0,1,0,1
Comamonas aquatica,1,1,0,0,0,0,0,0
Comamonas kerstersii,2,0,0,1,0,0,1,0
Comamonas koreensis,2,1,0,2,1,0,0,0
Comamonas piscis,2,1,25,3,4,11,33,14
Comamonas serinivorans,0,0,0,1,0,0,0,0
Comamonas sp. NLF-7-7,6,3,1,3,2,2,2,3
Comamonas testosteroni,6,2,2,4,1,2,2,1
Comamonas thiooxydans,0,0,0,2,0,0,0,0
Curvibacter sp. AEP1-3,1,0,0,0,1,1,0,1
Delftia acidovorans,0,2,0,3,0,0,0,0
Delftia tsuruhatensis,2,1,1,0,0,0,0,0
Diaphorobacter nitroreducens,2,2,0,0,0,0,0,0
Diaphorobacter sp. HDW4A,2,0,2,3,1,1,2,0
Diaphorobacter sp. HDW4B,2,1,2,4,0,0,1,0
Diaphorobacter sp. JS3050,2,0,0,0,0,0,0,0
Hydrogenophaga pseudoflava,0,0,1,0,0,0,0,0
Hydrogenophaga sp. BA0156,3,1,0,0,0,0,0,0
Hydrogenophaga sp. BPS33,0,2,1,0,3,0,0,0
Hydrogenophaga sp. NH-16,0,2,2,2,3,4,0,2
Hydrogenophaga sp. PAMC20947,1,0,0,1,0,0,0,0
Hydrogenophaga sp. PBC,4,0,2,2,0,0,0,0
Hydrogenophaga sp. PBL-H3,0,0,0,3,0,0,0,0
Hydrogenophaga sp. RAC07,0,1,2,2,6,0,4,0
Hylemonella gracilis,0,0,1,3,0,0,0,0
Limnohabitans sp. 103DPR2,0,0,0,1,5,3,2,6
Limnohabitans sp. 63ED37-2,2,2,0,0,0,0,0,0
Melaminivora sp. SC2-9,5,3,0,0,5,0,1,0
Ottowia oryzae,1,2,0,2,2,0,0,1
Ottowia sp. oral taxon 894,0,0,0,1,0,0,0,0
Polaromonas naphthalenivorans,2,1,0,0,0,0,0,0
Polaromonas sp. JS666,1,2,0,0,0,0,0,0
Polaromonas vacuolata,1,1,0,2,1,1,0,0
Pulveribacter suum,0,0,1,1,0,0,0,0
Ramlibacter tataouinensis,1,1,1,0,0,0,0,0
Rhodoferax antarcticus,1,2,1,1,0,0,0,0
Rhodoferax ferrireducens,3,1,2,3,1,0,0,0
Rhodoferax koreense,1,0,0,0,0,1,0,0
Rhodoferax saidenbachensis,1,1,0,0,0,0,0,0
Rhodoferax sediminis,1,3,2,2,0,0,0,0
Rhodoferax sp. BAB1,2,0,0,1,0,0,0,0
Serpentinomonas mccroryi,1,1,0,0,0,0,0,0
Serpentinomonas raichei,4,1,1,0,0,1,1,1
Simplicispira suum,3,0,1,1,0,0,0,0
Variovorax paradoxus,10,3,1,2,0,1,1,0
Variovorax sp. HW608,0,1,0,0,0,0,0,0
Variovorax sp. PAMC 28711,5,1,2,1,0,0,0,0
Variovorax sp. PBL-E5,2,0,0,0,0,0,0,0
Variovorax sp. PBL-H6,1,0,0,1,0,0,1,0
Variovorax sp. PBS-H4,0,0,5,1,2,3,4,6
Variovorax sp. PMC12,3,0,0,0,0,0,0,0
Variovorax sp. RA8,0,1,0,0,2,0,1,0
Variovorax sp. WDL1,1,1,0,2,0,0,0,0
Collimonas arenae,3,0,1,2,0,0,0,0
Collimonas fungivorans,4,2,1,3,0,0,0,0
Collimonas pratensis,1,1,2,7,2,0,3,3
Duganella sp. AF9R3,1,1,1,4,5,1,2,3
Duganella sp. GN2-R2,2,3,0,2,0,0,0,0
Herbaspirillum frisingense,0,1,0,1,0,0,0,0
Herbaspirillum hiltneri,2,0,1,3,1,0,0,0
Herbaspirillum huttiense,2,4,3,0,0,0,0,0
Herbaspirillum robiniae,1,0,0,0,0,0,0,0
Herbaspirillum rubrisubalbicans,0,11,23,11,6,20,40,13
Herbaspirillum seropedicae,2,0,0,2,2,2,1,4
Herbaspirillum sp. meg3,0,0,0,1,0,0,0,0
Herminiimonas arsenicoxydans,1,0,0,1,0,0,0,0
Herminiimonas arsenitoxidans,1,1,1,2,0,0,0,1
Janthinobacterium agaricidamnosum,0,8,31,10,3,18,29,16
Janthinobacterium lividum,1,0,2,0,7,4,3,0
Janthinobacterium sp. 1_2014MBL_MicDiv,2,2,2,2,0,0,0,0
Janthinobacterium sp. 17J80-10,0,2,1,2,0,0,0,0
Janthinobacterium sp. B9-8,2,2,0,2,0,1,2,0
Janthinobacterium sp. LM6,0,1,13,6,3,4,18,8
Janthinobacterium sp. Marseille,5,2,1,3,0,0,0,0
Janthinobacterium sp. SNU WT3,1,0,0,1,1,0,0,3
Massilia albidiflava,4,1,0,1,0,0,0,0
Massilia armeniaca,4,0,0,0,0,1,1,0
Massilia lutea,3,1,1,1,2,2,0,1
Massilia oculi,2,1,3,1,8,9,3,1
Massilia plicata,1,2,0,2,0,0,0,0
Massilia putida,2,0,0,0,0,0,0,0
Massilia sp. NR 4-1,4,1,0,0,0,0,0,0
Massilia sp. WG5,2,1,0,2,0,1,1,0
Massilia sp. YMA4,0,1,0,0,0,0,0,0
Massilia umbonata,1,1,2,1,1,2,0,0
Massilia violaceinigra,2,0,0,1,0,1,0,0
Noviherbaspirillum sp. UKPF54,1,1,0,1,1,0,1,0
Oxalobacter formigenes,4,3,3,3,1,1,0,0
Undibacterium parvum,3,7,5,1,0,0,0,0
Undibacterium sp. YM2,4,0,0,2,0,0,0,0
Sutterella faecalis,7,7,1,7,0,0,0,0
Sutterella megalosphaeroides,13,11,3,3,7,0,0,1
Aquaspirillum sp. LM1,3,1,1,0,0,0,1,0
Aquitalea denitrificans,5,0,0,4,0,0,0,0
Aquitalea magnusonii,3,2,0,1,0,0,0,0
Aquitalea sp. THG-DN7.12,1,0,0,0,0,1,1,1
Aquitalea sp. USM4,2,0,1,0,4,1,1,1
Chitinibacter fontanus,1,0,0,6,3,1,1,0
Chitinibacter sp. 2T18,2,5,0,6,0,0,0,0
Chromobacterium haemolyticum,0,2,0,0,0,0,0,0
Chromobacterium sp. 257-1,1,2,0,0,0,0,0,0
Chromobacterium sp. ATCC 53434,3,1,1,0,0,0,0,0
Chromobacterium sp. IIBBL 274-1,0,0,0,1,0,0,0,0
Chromobacterium vaccinii,1,1,1,2,0,0,0,0
Chromobacterium violaceum,2,1,1,2,0,0,0,0
Deefgea sp. D17,1,2,0,0,0,0,0,0
Iodobacter sp. H11R3,4,1,1,1,0,0,0,0
Jeongeupia sp. USM3,1,2,0,3,0,0,0,0
Laribacter hongkongensis,4,0,0,0,1,1,0,0
Microvirgula aerodenitrificans,1,7,0,4,1,3,1,1
Pseudogulbenkiania sp. NH8B,3,1,24,12,10,17,30,15
Vogesella sp. LIG4,1,1,0,2,0,1,1,1
Alysiella filiformis,0,1,2,2,0,2,1,0
Chitinolyticbacter meiyuanensis,0,1,1,1,0,0,0,0
Conchiformibius steedae,2,0,1,2,2,1,0,1
Crenobacter cavernae,2,0,0,0,0,0,0,0
Eikenella corrodens,2,1,1,2,0,0,0,0
Eikenella exigua,0,2,0,0,0,0,0,0
Kingella kingae,4,3,1,4,0,0,0,0
Kingella oralis,3,0,0,0,1,0,0,1
Neisseria animalis,7,4,1,4,3,1,1,2
Neisseria animaloris,2,3,1,1,1,1,0,0
Neisseria brasiliensis,1,1,1,0,0,0,0,0
Neisseria canis,3,2,1,0,5,2,3,0
Neisseria chenwenguii,0,0,0,2,1,2,0,3
Neisseria dentiae,2,0,1,4,1,0,0,1
Neisseria elongata,3,2,0,0,0,0,0,0
Neisseria flavescens,2,0,0,0,0,0,1,1
Neisseria gonorrhoeae,0,0,0,1,0,0,0,0
Neisseria lactamica,0,1,0,0,0,0,0,0
Neisseria meningitidis,5,2,0,3,0,0,0,0
Neisseria mucosa,0,1,3,1,0,0,1,0
Neisseria polysaccharea,25,4,0,5,0,0,0,1
Neisseria shayeganii,10,6,16,5,1,7,13,9
Neisseria sicca,0,2,0,3,0,0,0,0
Neisseria sp. 10022,1,1,0,3,0,0,0,0
Neisseria sp. KEM232,2,4,2,1,0,0,0,0
Neisseria sp. oral taxon 014,3,2,1,2,0,0,0,0
Neisseria subflava,0,0,0,0,1,0,0,0
Neisseria wadsworthii,4,2,2,1,5,2,6,10
Neisseria weaveri,3,7,6,5,1,0,6,0
Neisseria zalophi,2,1,5,4,3,6,8,2
Neisseria zoodegmatis,2,2,1,0,0,0,0,0
Simonsiella muelleri,0,1,4,3,0,2,3,2
Snodgrassella alvi,2,2,2,0,0,0,0,0
Vitreoscilla filiformis,0,0,5,0,2,0,4,2
Vitreoscilla sp. C1,0,2,1,0,0,0,0,0
Candidatus Nitrotoga sp. AM1P,1,1,2,3,7,2,4,1
Ferriphaselus amnicola,2,2,3,0,1,0,0,2
Gallionella capsiferriformans,1,3,1,4,4,1,2,1
Sideroxydans lithotrophicus,0,0,1,0,0,0,1,0
Sulfuricella denitrificans,2,4,0,0,8,3,3,3
Sulfuriferula nivalis,1,3,1,1,0,0,0,0
Sulfuriferula plumbiphila,0,1,2,5,5,5,2,2
Sulfuriferula sp. AH1,0,1,0,4,0,0,0,0
Candidatus Methylopumilus planktonicus,2,0,0,0,0,0,0,0
Candidatus Methylopumilus turicensis,1,1,1,0,0,0,0,0
Candidatus Methylopumilus universalis,3,4,3,0,0,0,0,1
Methylobacillus flagellatus,4,1,1,1,0,1,0,0
Methylophilus medardicus,0,2,0,1,0,0,0,0
Methylophilus sp. TWE2,1,0,0,0,0,0,0,0
Methylotenera mobilis,6,2,1,0,0,0,0,0
Methylotenera versatilis,0,2,0,1,0,0,0,0
Methylovorus glucosotrophus,1,1,1,0,0,0,0,0
Nitrosomonas communis,4,0,0,0,0,0,0,0
Nitrosomonas europaea,1,3,0,7,2,2,0,0
Nitrosomonas eutropha,0,7,39,18,11,30,55,25
Nitrosomonas sp. Is79A3,0,4,0,3,0,0,0,1
Nitrosomonas stercoris,1,3,1,4,9,5,2,11
Nitrosomonas ureae,0,1,0,1,2,1,1,0
Nitrosospira lacus,3,4,1,4,0,0,0,0
Nitrosospira multiformis,0,2,0,1,0,0,0,0
Denitratisoma oestradiolicum,1,0,2,1,0,1,0,0
Denitratisoma sp. DHT3,1,3,3,2,4,2,2,2
Methyloversatilis sp. RAC08,2,0,0,1,1,0,0,0
Sterolibacterium denitrificans,3,6,2,2,4,5,3,0
Sulfuritalea hydrogenivorans,2,0,0,0,0,4,2,2
Sulfuritortus calidifontis,0,1,0,0,0,0,0,0
Thiobacillus denitrificans,2,2,0,0,5,0,1,1
Dechloromonas aromatica (nom. nud.),3,2,0,1,1,1,1,1
Dechloromonas sp. HYN0024,1,2,1,3,0,0,0,0
Aromatoleum aromaticum,2,2,0,0,0,0,0,0
Azospira sp. I09,1,1,0,0,0,0,0,0
Azospira oryzae,0,0,0,0,0,0,1,0
Parazoarcus communis,9,8,42,13,24,12,42,25
Azoarcus olearius,4,1,0,0,0,0,0,0
Azoarcus sp. CIB,1,0,0,0,0,0,0,0
Azoarcus sp. DD4,0,0,1,0,2,0,0,1
Azoarcus sp. KH32C,2,5,1,4,15,10,5,8
Azoarcus sp. M9-3-2,0,1,0,4,9,5,2,1
Azoarcus sp. SY39,2,2,0,3,0,0,0,0
Thauera aromatica,1,0,0,0,0,0,0,0
Thauera chlorobenzoica,1,3,0,2,0,0,0,0
Thauera humireducens,0,1,1,5,7,2,1,3
Thauera sp. K11,3,1,1,1,0,0,0,0
Thauera aminoaromatica,2,1,0,1,0,0,0,0
Bradymonas sediminis,7,1,2,2,2,3,3,1
Desulfarculus baarsii,2,3,0,0,0,0,1,0
Desulfatibacillum aliphaticivorans,2,1,13,2,3,7,12,6
Desulfobacter hydrogenophilus,8,1,1,8,0,0,1,0
Desulfobacter postgatei,3,8,8,3,5,7,7,1
Desulforapulum autotrophicum,5,2,0,4,6,0,2,4
Desulfobacula toluolica,7,2,1,3,0,2,0,2
Desulfococcus multivorans,7,5,3,3,0,0,0,0
Desulfosudis oleivorans,3,6,5,6,1,4,4,1
Desulfosarcina alkanivorans,1,1,2,4,0,0,1,0
Desulfosarcina ovata,5,4,2,5,1,0,0,0
Desulfosarcina widdelii,4,3,2,1,0,0,0,0
Desulfobulbus oralis,3,6,34,9,5,12,28,17
Desulfobulbus propionicus,5,4,48,8,14,24,50,23
Desulfocapsa sulfexigens,3,2,0,4,0,0,1,0
Desulfopila sp. IMCC35004,6,1,1,3,0,1,0,0
Desulfopila sp. IMCC35005,4,5,1,3,0,0,0,0
Desulfotalea psychrophila,1,1,6,2,0,1,4,0
Desulfurivibrio alkaliphilus,3,3,1,2,3,5,7,2
Desulfohalobium retbaense,1,1,3,3,0,0,0,0
Desulfomicrobium baculatum,1,2,2,2,0,0,0,0
Desulfomicrobium orale,1,2,2,2,1,0,0,0
Desulfocurvibacter africanus,0,2,1,2,4,5,0,1
Candidatus Desulfovibrio trichonymphae,2,7,14,5,2,7,21,5
Oleidesulfovibrio alaskensis,4,5,1,0,0,0,0,0
Desulfovibrio carbinolicus,0,1,0,0,0,2,4,2
Solidesulfovibrio carbinoliphilus,0,2,2,0,0,0,0,0
Desulfovibrio desulfuricans,7,5,5,11,7,3,2,5
Desulfovibrio fairfieldensis,34,8,2,5,1,0,0,0
Desulfovibrio ferrophilus,3,2,0,1,0,0,0,0
Megalodesulfovibrio gigas,1,5,1,0,0,0,0,0
Maridesulfovibrio hydrothermalis,1,2,13,5,8,14,22,12
Solidesulfovibrio magneticus,5,1,0,0,0,0,0,0
Desulfovibrio marinus,1,4,5,4,1,1,3,1
Desulfovibrio piger,6737,1366,518,1953,0,0,0,1
Maridesulfovibrio salexigens,5,10,23,12,0,10,25,10
Desulfovibrio sp. 86,5,1,2,5,0,0,0,0
Desulfovibrio sp. G11,0,0,1,0,0,0,0,0
Desulfovibrio sp. IOR2,0,1,0,4,3,1,0,0
Desulfolutivibrio sulfodismutans,2,1,2,0,0,0,0,1
Nitratidesulfovibrio vulgaris,7,2,0,0,1,0,1,1
Lawsonia intracellularis,2,0,0,0,0,0,0,1
Pseudodesulfovibrio aespoeensis,5,2,3,2,0,3,4,1
Pseudodesulfovibrio indicus,5,0,0,7,1,2,0,2
Pseudodesulfovibrio piezophilus,7,0,3,5,3,2,0,2
Pseudodesulfovibrio profundus,2,0,0,2,0,0,0,0
Pseudodesulfovibrio sp. SRB007,0,0,1,0,0,0,0,0
Pseudodesulfovibrio sp. zrk46,10,5,2,0,1,0,0,1
Desulfurella acetivorans,1,0,0,0,0,0,0,0
Hippea maritima,0,3,1,3,0,0,0,0
Desulfuromonas soudanensis,1,1,0,1,1,0,1,0
Desulfuromonas sp. DDH964,0,0,0,1,0,1,0,0
Pelobacter acetylenicus,7,8,0,6,10,10,3,1
Syntrophotalea carbinolica,0,4,3,1,1,0,0,1
Pelobacter propionicus,4,5,3,2,0,0,0,0
Pelobacter sp. SFB93,2,3,0,0,0,1,0,0
Geoalkalibacter subterraneus,2,7,3,5,11,6,8,2
Geobacter anodireducens,2,3,0,1,1,0,0,0
Citrifermentans bemidjiense,2,1,1,0,0,1,0,0
Citrifermentans bremense,4,3,1,2,5,4,2,5
Geotalea daltonii,2,5,12,2,10,10,17,13
Trichlorobacter lovleyi,4,2,0,2,0,0,0,0
Geobacter metallireducens,3,1,0,0,0,1,0,0
Geobacter pickeringii,0,0,0,1,0,0,0,0
Geobacter sp. DSM 9736,5,4,12,3,2,1,9,7
Geobacter sp. FeAm09,4,4,0,6,0,0,0,0
Geobacter sp. M18,3,5,29,14,17,23,40,14
Geobacter sp. M21,2,2,0,0,0,0,0,0
Geobacter sulfurreducens,4,0,9,8,10,15,13,8
Geotalea uraniireducens,5,9,3,6,7,7,7,13
Anaeromyxobacter dehalogenans,0,1,1,4,2,1,2,1
Anaeromyxobacter sp. Fw109-5,5,6,1,2,0,0,0,1
Anaeromyxobacter sp. K,0,0,0,0,2,1,1,1
Archangium gephyra,5,1,1,0,3,3,3,2
Cystobacter fuscus,2,5,4,1,3,3,3,3
Melittangium boletus,0,0,0,1,2,4,2,7
Stigmatella aurantiaca,3,2,2,2,0,0,0,0
Haliangium ochraceum,3,0,0,0,0,0,0,1
Labilithrix luteola,1,0,0,2,5,2,0,2
Corallococcus coralloides,3,2,2,0,0,0,0,0
Corallococcus macrosporus,1,2,0,0,3,2,1,4
Myxococcus hansupus,1,1,2,0,2,6,2,1
Myxococcus stipitatus,1,2,0,0,0,0,0,2
Myxococcus xanthus,2,5,2,1,1,3,1,4
Chondromyces crocatus,0,0,0,1,0,0,0,0
Pajaroellobacter abortibovis,0,1,0,1,0,0,0,0
Sorangium cellulosum,4,9,10,8,11,6,7,10
Sandaracinus amylolyticus,1,1,2,2,5,3,1,2
Vulgatibacter incomptus,2,1,0,0,0,0,0,0
Desulfobacca acetoxidans,1,1,0,1,0,0,0,0
Desulfomonile tiedjei,2,2,1,1,0,0,0,0
Syntrophus aciditrophicus,2,2,2,4,3,2,5,1
Desulfoglaeba alkanexedens,0,0,0,0,1,1,0,0
Syntrophobacter fumaroxidans,5,2,2,2,0,0,1,0
Aliiarcobacter faecis,2,3,0,1,0,0,0,0
Arcobacter porcinus,2,0,0,1,0,0,0,0
Arcobacter anaerophilus,1,3,0,3,2,1,1,3
Arcobacter aquimarinus,3,0,0,2,0,0,0,0
Aliarcobacter butzleri,1,1,0,1,0,0,0,0
Arcobacter canalis,0,0,0,1,0,0,0,0
Aliarcobacter cibarius,5,1,1,0,0,0,0,0
Arcobacter cloacae,1,2,0,3,0,0,0,0
Aliarcobacter cryaerophilus,5,13,41,10,8,10,47,9
Arcobacter ellisii,3,0,0,1,0,0,0,0
Arcobacter halophilus,1,1,1,0,0,0,0,0
Arcobacter lanthieri,6,3,0,1,0,0,0,0
Arcobacter lekithochrous,3,3,3,0,0,0,0,0
Arcobacter marinus,2,2,2,0,1,1,2,1
Malaciobacter molluscorum,3,2,1,0,0,0,0,0
Malaciobacter mytili,3,0,0,0,0,0,0,0
Arcobacter nitrofigilis,2,0,0,3,0,0,0,0
Arcobacter pacificus,1,3,0,1,0,0,0,0
Arcobacter peruensis,1,0,0,1,1,0,0,0
Aliarcobacter skirrowii,1,1,0,1,0,0,0,0
Arcobacter suis,1,0,0,0,0,0,0,0
Aliarcobacter thereius,3,0,3,3,7,3,2,1
Aliarcobacter trophiarum,2,1,0,0,0,0,0,0
Arcobacter venerupis,2,6,3,1,3,1,3,2
Campylobacter armoricus,1,1,3,0,0,0,0,1
Campylobacter avium,4,0,0,0,0,0,0,0
Campylobacter blaseri,1,2,1,0,0,0,1,0
Campylobacter canadensis,0,1,0,1,0,0,0,0
Campylobacter coli,4,16,2,10,0,0,0,0
Campylobacter concisus,0,2,2,1,0,1,0,0
Campylobacter corcagiensis,2,0,1,1,1,0,0,0
Campylobacter cuniculorum,2,1,1,1,0,0,0,0
Campylobacter curvus,5,0,1,3,0,0,0,0
Campylobacter fetus,4,8,1,2,5,2,3,1
Campylobacter geochelonis,0,1,0,1,0,0,0,0
Campylobacter helveticus,0,0,0,3,0,0,0,0
Campylobacter hepaticus,0,2,0,0,0,0,0,0
Campylobacter hominis,1,0,0,1,0,0,0,0
Campylobacter hyointestinalis,3,3,0,0,0,0,0,0
Campylobacter iguaniorum,2,0,0,0,0,0,0,0
Campylobacter insulaenigrae,1,0,1,3,0,0,0,0
Campylobacter jejuni,12,6,0,5,0,0,0,0
Campylobacter lari,3,0,0,0,0,0,0,0
Campylobacter mucosalis,0,1,0,1,0,0,0,0
Campylobacter ornithocola,1,0,0,0,0,0,0,0
Campylobacter peloridis,4,0,0,0,0,0,0,0
Campylobacter pinnipediorum,3,1,0,0,0,0,0,0
Campylobacter rectus,0,1,0,0,1,0,0,0
Campylobacter showae,2,5,3,5,0,5,4,4
Campylobacter sp. CCUG 57310,0,2,0,1,1,0,0,0
Campylobacter sp. CGEMS,1,0,0,0,0,0,0,0
Campylobacter lanienae,0,1,1,1,1,3,0,0
Campylobacter sp. RM12175,0,0,0,1,0,0,0,0
Campylobacter sp. RM16192,2,6,2,4,10,6,1,1
Campylobacter sp. RM16704,1,0,2,0,0,0,0,0
Campylobacter sp. RM6914,1,3,0,4,4,1,1,6
Campylobacter sp. RM8964,0,0,1,0,0,0,0,0
Campylobacter sputorum,3,1,0,3,0,0,0,0
Campylobacter subantarcticus,1,2,0,1,0,0,0,0
Campylobacter upsaliensis,1,2,1,1,0,0,0,0
Campylobacter ureolyticus,6,1,0,1,3,2,4,2
Campylobacter volucris,0,1,0,0,0,0,0,0
Halarcobacter bivalviorum,1,0,1,0,0,1,0,0
Halarcobacter ebronensis,4,0,1,1,0,0,0,0
Pseudoarcobacter acticola,1,4,1,4,0,0,0,0
Sulfurospirillum barnesii,0,3,1,3,0,0,0,0
Sulfurospirillum cavolei,4,1,2,0,0,0,0,0
Sulfurospirillum deleyianum,0,1,2,2,0,0,0,0
Sulfurospirillum halorespirans,1,5,0,3,0,0,3,2
Sulfurospirillum multivorans,0,1,1,0,0,3,3,1
Sulfurospirillum sp. UCH001,2,0,0,4,0,0,0,0
Helicobacter apodemus,0,0,0,0,0,0,1,0
Helicobacter bilis,3,4,0,1,0,0,0,0
Helicobacter bizzozeronii,1,0,0,0,0,0,0,0
Helicobacter canadensis,0,4,0,0,0,0,0,0
Helicobacter canis,2,3,0,0,0,0,0,0
Helicobacter cetorum,1,0,0,0,0,0,0,0
Helicobacter cholecystus,3,3,0,0,0,0,0,0
Helicobacter cinaedi,1,2,1,1,0,0,0,0
Helicobacter felis,0,1,0,1,0,0,0,0
Helicobacter hepaticus,3,0,0,0,0,0,0,0
Helicobacter himalayensis,0,3,1,4,2,1,1,2
Helicobacter mustelae,4,0,1,0,0,0,0,0
Helicobacter pullorum,2,3,0,0,0,0,0,0
Helicobacter pylori,5,7,6,3,3,10,3,4
Helicobacter sp. MIT 01-6242,1,0,0,0,0,0,0,0
Sulfuricurvum kujiense,0,3,1,1,2,4,3,0
Sulfurimonas autotrophica,0,0,0,1,0,0,0,0
Sulfurimonas denitrificans,1,0,0,2,0,0,0,0
Sulfurimonas gotlandica,5,7,9,2,2,2,5,4
Sulfurimonas sp. 1-1N,2,2,24,5,11,13,34,14
Sulfurimonas sp. GYSZ_1,1,3,2,0,0,1,0,0
Sulfurimonas sp. NW10,2,1,3,1,0,0,0,0
Wolinella succinogenes,3,0,0,0,1,0,0,0
Caminibacter mediatlanticus,5,1,20,4,6,3,14,10
Cetia pacifica,1,0,0,2,0,0,1,1
Nautilia profundicola,0,3,0,2,1,0,0,0
Nautilia sp. PV-1,4,3,1,6,2,2,1,4
Sulfuricaulis limicola,1,1,0,0,1,0,0,0
Sulfurifustis variabilis,2,0,0,0,3,3,0,0
Aeromonas caviae,2,3,0,1,5,1,1,1
Aeromonas dhakensis,1,2,0,2,0,0,0,0
Aeromonas encheleia,2,0,0,0,0,0,0,0
Aeromonas hydrophila,3,5,0,3,0,0,0,0
Aeromonas media,4,2,7,7,4,0,0,4
Aeromonas salmonicida,1,1,3,3,5,5,5,3
Aeromonas schubertii,6,4,0,2,0,0,0,0
Aeromonas sp. 1805,1,0,0,0,0,0,0,0
Aeromonas sp. ASNIH2,0,1,0,0,0,0,0,0
Aeromonas sp. ASNIH4,1,0,0,0,0,0,0,0
Aeromonas sp. CA23,2,0,0,0,1,0,0,0
Aeromonas sp. CU5,2,0,0,0,0,0,0,0
Aeromonas veronii,9,11,6,11,18,15,5,5
Oceanimonas sp. GK1,3,0,11,1,0,7,13,0
Oceanisphaera avium,6,8,61,11,6,28,47,32
Oceanisphaera profunda,0,0,2,0,1,0,3,0
Tolumonas auensis,5,2,3,3,0,0,0,0
Zobellella denitrificans,2,7,23,5,9,14,19,8
Succinivibrio dextrinosolvens,6,15,36,19,13,13,43,23
Agarivorans gilvus,0,1,1,1,0,0,0,0
Alteromonas australica,2,4,0,5,0,0,0,0
Alteromonas macleodii,4,1,1,8,0,0,0,0
Alteromonas mediterranea,2,0,1,0,4,4,1,6
Alteromonas naphthalenivorans,0,5,22,4,4,12,17,9
Alteromonas pelagimontana,1,2,1,0,0,0,0,0
Alteromonas sp. 76-1,0,0,0,0,0,1,1,3
Alteromonas sp. BL110,0,0,0,0,0,0,0,1
Alteromonas sp. Mac1,1,1,0,0,0,0,0,0
Alteromonas sp. RKMC-009,3,1,9,0,2,6,10,3
Alteromonas sp. RW2A1,1,0,0,0,0,0,0,0
Catenovulum sediminis,2,2,0,2,0,0,0,0
Catenovulum sp. CCB-QB4,2,1,0,1,0,0,0,0
Brumicola nitratireducens,5,0,1,4,4,5,0,1
Glaciecola sp. THG-3.7,18,19,104,20,26,67,101,50
Hydrocarboniclastica marina,0,0,0,1,0,0,0,0
Lacimicrobium alkaliphilum,4,2,2,6,0,0,0,0
Marinobacter adhaerens,0,0,1,0,0,0,0,0
Marinobacter fonticola,1,0,0,0,0,0,0,0
Marinobacter nauticus,1,1,3,2,0,5,3,4
Marinobacter psychrophilus,1,0,0,0,0,0,0,0
Marinobacter salarius,8,3,1,2,0,1,2,0
Marinobacter salinus,3,3,33,8,9,13,26,17
Marinobacter similis,1,0,1,0,7,2,4,0
Marinobacter sp. Arc7-DN-1,1,1,0,0,0,0,0,0
Marinobacter sp. BSs20148,0,1,0,0,0,0,0,0
Marinobacter sp. es.042,0,2,0,1,0,0,0,0
Marinobacter sp. JH2,2,2,1,1,0,0,0,0
Marinobacter sp. LQ44,0,0,1,0,0,0,0,0
Marinobacter sp. LV10R510-11A,3,0,0,3,0,0,0,0
Marinobacter sp. NP-4(2019),1,4,15,1,4,9,9,9
Paraglaciecola mesophila,1,3,5,6,4,3,14,5
Paraglaciecola psychrophila,2,5,5,3,1,0,2,0
Paraglaciecola sp. L1A13,0,0,2,0,0,1,0,0
Paraglaciecola sp. L3A3,3,1,0,2,0,0,0,1
Salinimonas lutimaris,3,1,1,0,0,0,1,0
Salinimonas sediminis,1,0,0,1,0,0,0,0
Salinimonas sp. KX18D6,2,0,1,0,0,0,0,0
Saliniradius amylolyticus,1,0,0,1,0,0,0,0
Colwellia beringensis,3,1,4,0,0,2,5,0
Colwellia psychrerythraea,4,4,5,2,6,7,4,6
Colwellia sp. 20A7,1,0,0,3,0,0,1,1
Colwellia sp. Arc7-635,2,2,0,0,0,0,0,0
Colwellia sp. Arc7-D,0,2,1,1,0,0,0,0
Colwellia sp. MT41,2,1,1,2,1,1,3,3
Colwellia sp. PAMC 20917,2,0,1,2,0,0,0,0
Colwellia sp. PAMC 21821,2,2,1,1,0,0,0,0
Litorilituus sediminis,1,1,0,0,0,0,0,0
Thalassotalea crassostreae,2,5,3,2,0,2,0,4
Thalassotalea sp. HSM 43,0,0,0,0,1,0,0,0
Thalassotalea sp. PS06,2,0,0,0,0,0,0,0
Ferrimonas balearica,2,5,1,0,1,0,0,0
Ferrimonas sp. S7,4,4,5,7,0,0,0,0
Idiomarina andamanensis,3,1,4,0,0,4,1,2
Idiomarina loihiensis,1,0,0,0,0,0,0,0
Idiomarina piscisalsi,1,2,0,0,0,0,0,0
Idiomarina sp. OT37-5b,3,1,0,4,0,0,0,0
Idiomarina sp. X4,1,0,0,0,0,2,1,0
Moritella marina,1,1,0,2,0,0,0,0
Moritella viscosa,2,0,0,1,0,0,0,0
Moritella yayanosii,1,2,2,0,0,1,0,2
Pseudoalteromonas agarivorans,1,2,0,0,0,0,0,0
Pseudoalteromonas aliena,3,1,1,2,1,1,0,0
Pseudoalteromonas arctica,1,0,0,1,0,0,0,0
Pseudoalteromonas atlantica,3,5,6,3,0,0,0,0
Pseudoalteromonas carrageenovora,1,0,0,0,0,0,0,1
Pseudoalteromonas espejiana,5,1,0,0,0,0,0,0
Pseudoalteromonas luteoviolacea,2,9,2,5,0,1,5,0
Pseudoalteromonas marina,0,0,6,2,2,1,13,6
Pseudoalteromonas phenolica,1,4,1,0,0,0,0,0
Pseudoalteromonas piratica,1,8,0,4,0,0,0,0
Pseudoalteromonas piscicida,1,1,0,0,0,0,0,0
Pseudoalteromonas rubra,2,1,1,3,0,0,0,0
Pseudoalteromonas ruthenica,0,0,2,0,0,0,1,0
Pseudoalteromonas shioyasakiensis,3,0,0,0,0,0,0,0
Pseudoalteromonas sp. 1_2015MBL_MicDiv,3,0,0,0,0,0,0,0
Pseudoalteromonas sp. A25,0,2,0,0,0,0,0,0
Pseudoalteromonas sp. DL-6,0,0,0,2,0,0,0,0
Pseudoalteromonas sp. JSTW,0,0,0,1,0,0,0,0
Pseudoalteromonas sp. NC201,1,0,0,0,0,0,0,0
Pseudoalteromonas sp. R3,3,5,3,2,0,0,0,0
Pseudoalteromonas spongiae,2,2,1,2,0,0,0,0
Pseudoalteromonas translucida,0,3,0,2,0,0,0,0
Pseudoalteromonas tunicata,2,0,0,1,0,0,0,0
Psychromonas ingrahamii,3,5,3,4,1,0,0,0
Psychromonas sp. CNPT3,2,0,2,1,1,1,1,3
Parashewanella spongiae,3,0,1,1,0,0,0,0
Parashewanella tropica,2,0,0,1,1,1,0,0
Shewanella aestuarii,4,5,3,0,0,0,0,0
Shewanella algae,4,0,1,0,0,0,0,0
Shewanella amazonensis,3,2,1,1,0,1,0,0
Shewanella baltica,5,3,25,7,3,15,30,13
Shewanella benthica,1,0,0,1,0,0,0,0
Shewanella bicestrii,0,1,0,0,0,0,0,1
Shewanella chilikensis,1,1,0,0,0,0,0,0
Shewanella decolorationis,1,0,0,0,0,0,0,0
Shewanella denitrificans,3,6,20,7,7,10,26,19
Shewanella donghaensis,0,1,1,1,1,0,0,0
Shewanella frigidimarina,4,5,1,1,0,0,0,0
Shewanella halifaxensis,0,1,14,3,2,12,17,11
Shewanella japonica,0,2,1,0,0,0,0,0
Shewanella khirikhana,3,2,0,0,0,0,0,0
Shewanella livingstonensis,0,2,1,4,3,1,1,2
Shewanella loihica,2,0,0,1,0,0,0,0
Shewanella marisflavi,0,1,7,3,3,5,8,5
Shewanella maritima,1,4,0,0,1,0,0,0
Shewanella oneidensis,1,2,7,4,2,0,7,5
Shewanella pealeana,0,1,1,2,0,0,0,0
Shewanella piezotolerans,3,6,2,2,2,0,1,1
Shewanella polaris,3,0,0,1,5,1,1,0
Shewanella psychrophila,3,0,0,1,0,0,0,0
Shewanella putrefaciens,1,1,0,0,0,0,0,0
Shewanella sediminis,1,0,0,0,0,0,0,0
Shewanella sp. Arc9-LZ,0,0,0,2,0,0,0,0
Shewanella sp. FDAARGOS_354,2,0,2,1,0,0,0,0
Shewanella sp. MEBiC00475,0,2,0,0,0,0,0,0
Shewanella sp. Pdp11,5,1,1,1,0,0,0,0
Shewanella sp. Scap07,2,1,1,2,0,0,0,0
Shewanella sp. SNU WT4,1,3,4,0,1,0,0,1
Shewanella sp. WE21,1,5,1,0,0,0,0,0
Shewanella sp. YLB-06,1,1,0,0,0,0,0,0
Shewanella violacea,3,0,3,4,5,0,0,3
Shewanella woodyi,0,1,2,0,0,0,0,0
Cardiobacterium hominis,2,1,0,2,0,0,0,0
Dichelobacter nodosus,2,1,1,4,3,1,2,1
Agarilytica rhodophyticola,8,1,5,2,3,1,1,3
Cellvibrio japonicus,2,1,1,0,0,0,0,0
Cellvibrio sp. KY-GH-1,4,3,2,1,1,1,1,0
Cellvibrio sp. KY-YJ-3,0,0,0,1,0,0,0,0
Cellvibrio sp. PSBB006,0,0,0,1,0,0,0,0
Cellvibrio sp. PSBB023,1,2,0,0,1,0,1,0
Saccharophagus degradans,3,2,0,1,0,0,0,0
Simiduia agarivorans,1,1,0,1,0,1,0,0
Teredinibacter turnerae,3,0,0,0,0,1,0,0
Congregibacter litoralis,0,0,0,1,0,0,0,0
Halioglobus japonicus,1,3,0,1,1,2,0,1
Halioglobus maricola,4,2,1,0,0,0,0,0
Halioglobus pacificus,0,1,1,2,2,0,0,0
Kineobactrum sp. M2,0,0,2,1,1,1,0,1
Microbulbifer agarilyticus,0,4,4,8,1,0,2,1
Microbulbifer aggregans,0,2,0,2,0,0,0,0
Microbulbifer hydrolyticus,3,0,0,2,4,2,4,6
Microbulbifer sp. A4B17,1,2,0,1,0,0,0,0
Microbulbifer sp. ALW1,4,1,3,3,0,0,0,0
Microbulbifer sp. GL-2,1,1,2,3,3,7,3,4
Microbulbifer sp. SH-1,5,3,3,0,1,0,3,2
Microbulbifer sp. THAF38,1,4,2,2,2,1,1,1
Microbulbifer sp. YPW1,1,1,2,0,1,0,1,0
Microbulbifer thermotolerans,2,2,3,2,1,1,0,0
Oceanicoccus sagamiensis,1,1,0,1,0,0,0,0
Spongiibacter sp. IMCC21906,0,1,0,0,0,0,0,0
Zhongshania aliphaticivorans,1,4,12,3,9,8,11,10
Allochromatium vinosum,2,4,4,2,10,1,2,7
Candidatus Nitrosoglobus terrae,2,0,0,1,0,0,0,0
Nitrosococcus halophilus,4,3,9,2,0,4,15,3
Nitrosococcus oceani,3,0,1,0,0,0,0,0
Nitrosococcus wardiae,0,3,29,6,1,15,33,15
Nitrosococcus watsonii,3,1,0,0,0,0,0,0
Rheinheimera sp. D18,0,1,1,3,0,0,0,0
Rheinheimera sp. LHK132,1,4,1,4,0,0,0,0
Thermochromatium tepidum,1,1,0,0,0,0,0,0
Thiocystis violascens,4,0,0,0,0,0,0,0
Candidatus Thiodictyon syntrophicum,0,1,0,0,0,0,0,0
Thioflavicoccus mobilis,5,1,3,2,1,1,0,0
Acidihalobacter ferrooxidans,0,0,1,2,0,0,0,0
Acidihalobacter prosperus,2,4,30,21,9,17,38,19
Alkalilimnicola ehrlichii,6,1,4,2,1,0,3,1
Ectothiorhodospira haloalkaliphila,1,0,2,1,1,3,2,1
Ectothiorhodospira sp. BSL-9,0,0,0,1,0,0,0,0
Halorhodospira halochloris,0,3,0,0,0,0,0,0
Spiribacter curvatus,0,0,0,1,0,0,0,0
Spiribacter roseus,3,2,0,0,0,0,0,0
Spiribacter salinus,0,1,2,0,0,0,0,0
Spiribacter sp. 2438,0,0,1,4,0,0,0,0
Thioalkalivibrio nitratireducens,2,0,17,0,11,12,25,9
Thioalkalivibrio sulfidiphilus,1,0,0,0,0,0,0,0
Granulosicoccus antarcticus,7,5,1,2,0,0,0,0
Sulfuriflexus mobilis,1,3,0,1,0,0,0,0
Halothiobacillus neapolitanus,2,0,1,0,0,0,0,0
Halothiobacillus sp. LS2,3,2,0,4,3,2,4,1
Guyparkeria halophila,2,1,0,1,3,1,0,0
Sulfurivermis fontis,1,1,1,2,1,0,0,0
Wenzhouxiangella marina,0,1,0,1,0,0,1,0
Woeseia oceani,1,1,0,0,0,1,0,0
Leminorella richardii,2,0,0,2,0,0,0,0
Pragia fontium,2,1,0,0,0,0,0,0
Pragia sp. CF-458,2,0,1,2,0,0,0,0
Atlantibacter hermannii,3,3,5,1,0,0,1,0
Buttiauxella agrestis,3,5,1,4,0,0,0,0
Buttiauxella sp. 3AFRM03,6,1,1,7,0,1,4,1
Blochmannia endosymbiont of Camponotus (Colobopsis) obliquus,0,1,0,0,0,0,0,0
Candidatus Blochmannia floridanus,1,0,0,0,0,0,0,0
Candidatus Blochmanniella pennsylvanica,0,0,1,0,0,0,0,0
Candidatus Blochmanniella vafra,0,0,1,0,1,1,1,1
Candidatus Doolittlea endobia,0,2,0,0,0,0,0,0
Candidatus Gullanella endobia,1,0,0,1,0,1,0,1
Candidatus Williamhamiltonella defendens,4,1,6,4,7,10,7,5
Candidatus Hoaglandella endobia,0,0,1,0,0,0,0,0
Candidatus Mikella endobia,0,0,0,1,0,0,0,0
Candidatus Moranella endobia,0,1,0,0,1,0,0,0
Candidatus Purcelliella pentastirinorum,0,0,2,0,0,0,0,0
Candidatus Riesia pediculicola,0,1,1,0,0,0,0,0
Candidatus Riesia pediculischaeffi,0,1,0,0,0,0,0,0
Cedecea lapagei,1,0,3,3,0,0,0,0
Cedecea neteri,1,4,9,5,0,2,5,3
Cedecea sp. FDAARGOS_727,2,7,0,2,1,3,2,0
Citrobacter amalonaticus,0,5,2,1,0,0,0,0
Citrobacter farmeri,3,2,1,0,0,0,0,0
Citrobacter freundii,8,16,6,9,1,0,0,0
Citrobacter freundii complex sp. CFNIH2,0,0,1,1,0,0,0,0
Citrobacter koseri,1,3,0,1,0,0,0,0
Citrobacter portucalensis,2,7,3,9,0,0,0,0
Citrobacter rodentium,5,4,1,5,0,0,0,0
Citrobacter sp. CFNIH10,0,0,0,0,0,0,0,1
Citrobacter sp. CRE-46,0,1,0,0,0,0,0,0
Citrobacter sp. FDAARGOS_156,1,0,0,0,0,0,0,0
Citrobacter sp. LY-1,1,1,0,2,0,0,0,0
Citrobacter sp. NMI7904_11,0,6,2,1,0,2,1,1
Citrobacter sp. RHB25-C09,4,4,1,4,0,1,0,1
Citrobacter sp. RHB36-C18,0,1,0,0,0,0,0,0
Citrobacter sp. RHBSTW-00107,0,2,0,0,0,0,0,0
Citrobacter sp. RHBSTW-00570,0,1,0,0,0,0,0,0
Citrobacter sp. RHBSTW-01013,0,1,0,1,0,0,0,0
Citrobacter sp. SNU WT2,3,4,0,1,0,0,0,0
Citrobacter werkmanii,2,3,1,0,0,0,0,0
Cronobacter condimenti,7,4,1,4,0,0,0,0
Cronobacter dublinensis,0,0,1,2,0,0,0,0
Cronobacter malonaticus,4,2,0,1,0,0,0,0
Cronobacter muytjensii,0,0,0,3,0,0,0,0
Cronobacter sakazakii,4,2,1,1,0,1,0,2
Cronobacter turicensis,2,2,0,1,0,0,0,0
Cronobacter universalis,2,0,2,1,0,0,0,0
Enterobacter asburiae,3,9,4,5,2,4,2,0
Enterobacter bugandensis,2,2,1,0,4,1,2,1
Enterobacter cancerogenus,1,7,1,4,1,1,1,0
Enterobacter chengduensis,0,3,0,0,0,0,0,0
Enterobacter cloacae,14,22,9,15,6,5,0,3
Enterobacter cloacae complex sp.,2,0,5,1,1,1,3,1
Enterobacter hormaechei,5,2,4,5,0,1,0,0
Enterobacter kobei,1,2,0,0,0,0,0,0
Enterobacter ludwigii,1,4,0,0,0,0,0,0
Enterobacter oligotrophica,2,3,1,0,0,0,0,0
Enterobacter roggenkampii,2,3,2,2,0,0,0,0
Enterobacter sichuanensis,0,0,0,1,0,0,0,0
Enterobacter soli,1,1,0,0,0,0,0,0
Enterobacter sp. 638,2,6,2,3,0,0,0,0
Enterobacter sp. E76,9,7,0,4,11,3,8,8
Enterobacter sp. R4-368,0,1,0,0,0,0,0,0
Enterobacter sp. RHB15-C17,1,4,1,2,3,2,1,0
Enterobacter sp. RHBSTW-00175,1,5,1,2,0,0,0,0
Enterobacter sp. RHBSTW-00975,0,1,0,1,0,0,0,0
Enterobacter sp. RHBSTW-00994,3,5,0,6,0,0,0,0
Enterobacter sp. SA187,3,9,2,0,0,0,0,0
Escherichia albertii,28,45,34,30,2,3,6,3
Escherichia coli,10272,23912,9214,14673,2,2,3,4
Escherichia fergusonii,27,58,22,32,0,0,0,0
Escherichia marmotae,21,42,11,28,0,0,0,0
Escherichia sp. E4742,12,33,14,22,1,1,4,0
Escherichia sp. SCLE84,2,0,0,0,0,0,0,0
Gibbsiella quercinecans,1,2,1,1,1,0,0,0
Izhakiella sp. KSNA2,6,3,4,10,1,1,0,1
Klebsiella aerogenes,61,18,6,19,0,1,0,0
Klebsiella grimontii,4,0,0,1,0,0,0,0
Klebsiella huaxiensis,10,8,0,5,0,0,0,0
Klebsiella michiganensis,14,6,2,11,1,0,0,1
Klebsiella oxytoca,35,14,6,12,8,11,4,4
Klebsiella pneumoniae,10067,3922,1487,5804,0,0,0,0
Klebsiella quasipneumoniae,73,31,34,34,9,17,27,18
Klebsiella quasivariicola,7,0,0,4,0,0,0,0
Klebsiella sp. FDAARGOS_511,5,1,0,0,0,0,0,0
Klebsiella sp. LY,1,1,0,0,0,0,0,0
Klebsiella sp. M5al,1,0,1,0,0,0,0,0
Klebsiella sp. P1CD1,3,0,0,2,0,0,0,0
Klebsiella sp. PO552,8,1,1,3,0,0,0,0
Klebsiella variicola,6156,874,326,1203,0,5,2,1
Kluyvera intermedia,6,13,24,5,7,7,27,12
Kluyvera sp. PO2S7,1,2,2,1,0,0,0,0
Kosakonia arachidis,4,0,0,0,0,0,0,0
Kosakonia cowanii,2,2,3,0,7,3,3,3
Kosakonia oryzae,0,0,0,2,0,0,0,0
Kosakonia radicincitans,0,1,1,1,0,1,0,0
Kosakonia sacchari,3,2,3,3,0,0,0,0
Kosakonia sp. CCTCC M2018092,0,4,0,2,0,0,0,0
Leclercia adecarboxylata,2,2,2,2,1,1,0,0
Leclercia sp. 29361,6,3,0,1,1,0,0,1
Leclercia sp. W17,4,2,1,1,0,0,2,2
Leclercia sp. W6,0,0,0,1,0,0,0,0
Lelliottia amnigena,2,4,1,2,1,0,0,0
Lelliottia jeotgali,3,3,1,0,3,1,1,4
Lelliottia sp. WB101,1,0,1,1,0,0,0,0
Limnobaculum parvum,0,2,3,1,3,0,1,0
[Enterobacter] lignolyticus,3,6,1,2,2,4,0,2
Pluralibacter gergoviae,1,2,16,7,4,5,8,1
Pseudescherichia vulneris,6,0,0,1,0,0,0,0
Raoultella electrica,4,1,0,1,0,0,0,0
Raoultella ornithinolytica,4,2,0,2,0,0,0,0
Raoultella planticola,7,4,0,8,0,0,0,0
Raoultella terrigena,1,5,1,0,0,0,0,0
Salmonella bongori,3,7,1,3,0,0,0,0
Salmonella enterica,34,44,17,28,14,4,4,7
Scandinavium goeteborgense,0,2,2,0,0,0,0,0
Shigella boydii,14,37,9,12,0,0,0,0
Shigella dysenteriae,25,46,16,44,0,0,0,0
Shigella flexneri,18,29,5,15,0,0,0,0
Shigella sonnei,3,1,0,0,0,0,0,0
Shimwellia blattae,2,1,0,1,0,0,0,0
Yokenella regensburgei,6,4,0,11,0,0,0,0
Buchnera aphidicola,29,11,33,9,6,5,30,8
Candidatus Erwinia haradaeae,3,5,1,3,0,0,0,0
Erwinia amylovora,0,1,0,1,0,1,0,0
Erwinia billingiae,0,0,0,1,0,0,0,1
Erwinia gerundensis,4,4,28,1,3,9,33,22
Erwinia persicina,1,0,0,1,0,0,0,0
Erwinia pyrifoliae,1,0,0,1,0,0,0,0
Erwinia sp. J780,3,5,1,2,0,0,0,0
Erwinia tasmaniensis,3,2,3,3,0,0,0,0
Mixta calida,2,1,0,1,0,1,0,1
Mixta gaviniae,1,1,3,2,0,0,0,0
Mixta intestinalis,1,3,2,0,0,0,0,0
Mixta theicola,3,0,0,2,0,0,0,0
Pantoea agglomerans,1,3,1,0,0,0,0,0
Pantoea alhagi,1,0,1,2,0,0,0,0
Pantoea ananatis,0,2,0,0,0,0,0,1
Pantoea dispersa,1,1,0,1,0,0,0,0
Pantoea rwandensis,1,0,0,0,0,0,0,0
Pantoea sp. 201603H,3,0,0,1,0,1,0,1
Pantoea sp. At-9b,0,1,0,0,0,0,2,0
Pantoea sp. CCBC3-3-1,0,3,7,3,0,2,4,4
Pantoea sp. PSNIH1,3,1,1,0,0,0,0,0
Pantoea sp. SO10,1,3,0,0,0,0,0,0
Pantoea stewartii,2,1,2,0,0,0,0,0
Pantoea vagans,1,2,1,4,0,1,0,0
Tatumella citrea,0,3,2,1,0,0,0,1
Tatumella ptyseos,7,1,0,0,0,0,0,0
Wigglesworthia glossinidia,0,1,0,0,0,0,0,0
Edwardsiella hoshinae,1,6,1,3,0,0,0,0
Edwardsiella ictaluri,0,2,0,0,0,0,0,0
Edwardsiella piscicida,0,1,2,2,0,0,0,0
Edwardsiella tarda,2,2,3,0,2,0,0,0
Hafnia alvei,1,1,1,1,0,0,0,0
Hafnia paralvei,5,5,0,1,0,0,1,0
Arsenophonus endosymbiont of Aleurodicus dispersus,3,1,0,0,0,0,0,0
Arsenophonus endosymbiont of Aphis craccivora,0,1,0,0,0,0,0,0
Arsenophonus nasoniae,1,1,3,3,0,0,1,2
Morganella morganii,11,9,3,9,3,3,1,2
Photorhabdus asymbiotica,1,0,0,0,0,0,0,0
Photorhabdus laumondii,4,2,4,2,5,2,1,2
Photorhabdus thracensis,5,10,1,0,0,0,0,0
Proteus cibarius,2,0,0,3,0,0,0,0
Proteus hauseri,2,2,3,2,1,1,0,0
Proteus mirabilis,5,5,3,1,0,0,1,2
Proteus sp. CD3,1,1,1,1,0,0,0,0
Proteus sp. ZN5,0,2,20,3,4,7,11,6
Proteus vulgaris,5,4,0,2,0,0,0,0
Providencia heimbachae,2,1,1,1,0,0,0,0
Providencia rettgeri,2,4,2,4,0,0,1,0
Providencia rustigianii,0,3,17,6,3,8,17,11
Providencia sneebia,6,4,0,1,0,0,0,0
Providencia stuartii,6,2,5,3,3,3,0,5
Providencia vermicola,1,1,0,0,0,0,0,0
Xenorhabdus bovienii,1,6,1,4,16,11,6,13
Xenorhabdus doucetiae,0,0,0,1,0,0,0,0
Xenorhabdus hominickii,5,0,3,3,0,3,3,1
Xenorhabdus nematophila,2,5,4,0,0,0,0,0
Xenorhabdus poinarii,4,2,0,2,0,0,0,0
Brenneria goodwinii,1,1,0,0,1,1,0,0
Brenneria rubrifaciens,2,1,0,0,0,0,0,0
Dickeya chrysanthemi,4,3,1,2,0,0,0,0
Dickeya dadantii,4,0,0,0,0,0,0,0
Dickeya dianthicola,0,2,2,0,5,0,2,3
Musicola paradisiaca,4,6,2,8,3,1,1,4
Dickeya poaceiphila,1,2,3,1,0,0,0,0
Dickeya solani,1,2,0,3,6,4,1,0
Dickeya sp. Secpp 1600,0,0,0,2,0,0,0,0
Dickeya zeae,10,7,24,12,8,20,30,23
Lonsdalea britannica,4,0,1,4,0,0,0,0
Pectobacterium atrosepticum,3,2,2,3,0,0,0,0
Pectobacterium brasiliense,1,3,0,2,0,0,0,0
Pectobacterium carotovorum,6,1,2,3,0,0,2,0
Pectobacterium odoriferum,0,1,0,2,0,0,0,0
Pectobacterium parmentieri,3,7,32,7,6,12,32,13
Pectobacterium polaris,2,10,41,4,3,8,20,7
Pectobacterium punjabense,0,1,1,1,0,0,0,0
Pectobacterium versatile,1,2,0,4,0,0,0,0
Pectobacterium wasabiae,0,1,14,4,3,7,15,5
Candidatus Sodalis pierantonii,0,0,0,1,0,0,0,0
Sodalis endosymbiont of Henestaris halophilus,1,0,0,0,0,0,0,0
Sodalis glossinidius,2,1,1,1,0,0,0,0
Sodalis praecaptivus,4,1,0,0,2,0,0,1
Chania multitudinisentens,3,3,5,2,2,4,2,1
Ewingella americana,4,1,2,3,0,0,1,2
Nissabacter sp. SGAir0207,3,1,2,1,4,3,0,1
Rahnella aquatilis,3,0,0,0,0,0,0,0
Rahnella sp. ERMR1:05,1,3,0,1,0,0,0,0
Rouxiella badensis,1,2,1,1,0,0,0,3
Serratia fonticola,3,3,2,2,0,0,0,0
Serratia liquefaciens,0,0,1,2,0,0,0,0
Serratia marcescens,12,9,0,3,4,1,1,1
Serratia odorifera,0,1,1,0,0,0,0,0
Serratia plymuthica,3,4,1,3,1,1,1,0
Serratia proteamaculans,1,0,0,1,0,0,0,1
Serratia quinivorans,1,2,0,0,0,0,0,0
Serratia rubidaea,1,0,1,1,2,0,0,0
Serratia sp. 3ACOL1,1,0,0,1,0,0,0,0
Serratia sp. ATCC 39006,3,1,9,2,0,1,2,4
Serratia sp. FDAARGOS_506,0,0,2,0,0,0,0,0
Serratia sp. KUDC3025,1,1,0,3,0,0,0,0
Serratia symbiotica,3,4,1,4,0,0,0,0
Yersinia aldovae,1,2,0,1,0,0,0,0
Yersinia aleksiciae,1,2,21,3,1,17,26,15
Yersinia canariae,0,0,0,1,0,0,0,0
Yersinia enterocolitica,3,2,2,7,6,1,1,3
Yersinia entomophaga,1,1,0,0,0,2,0,0
Yersinia frederiksenii,7,3,3,1,0,0,0,0
Yersinia kristensenii,1,0,0,0,0,0,0,0
Yersinia mollaretii,2,0,1,0,0,0,1,0
Yersinia pestis,0,1,0,0,0,0,0,0
Yersinia pseudotuberculosis,0,0,1,0,0,0,0,0
Yersinia rohdei,0,2,0,2,0,0,0,0
Yersinia ruckeri,0,1,2,1,0,0,0,0
Yersinia similis,0,0,1,2,0,0,1,1
Immundisolibacter cernigliae,0,2,0,1,0,0,0,0
Aquicella lusitana,1,1,3,1,0,0,0,0
Aquicella siphonis,0,2,20,8,2,6,12,12
Candidatus Coxiella mudrowiae,1,0,0,0,0,0,0,0
Coxiella burnetii,0,1,1,1,0,0,0,0
Coxiella endosymbiont of Amblyomma sculptum,0,2,2,0,0,0,0,0
Candidatus Rickettsiella viridis,4,0,0,0,0,0,0,0
Fluoribacter dumoffii,0,1,0,1,0,0,1,0
Legionella adelaidensis,1,1,1,1,0,0,0,0
Legionella anisa,1,1,0,1,0,0,0,0
Legionella cherrii,0,1,0,3,0,0,0,0
Legionella clemsonensis,1,0,0,0,0,0,0,0
Legionella geestiana,1,0,3,0,0,0,2,2
Legionella hackeliae,0,3,1,1,0,0,0,0
Legionella israelensis,2,1,0,2,3,1,0,0
Legionella jordanis,3,0,2,1,2,0,2,0
Legionella lansingensis,2,0,0,0,0,0,0,0
Legionella longbeachae,3,4,3,4,4,5,2,10
Legionella oakridgensis,7,2,1,2,0,1,0,0
Legionella pneumophila,4,7,1,5,1,5,1,0
Legionella sainthelensi,5,2,1,3,0,0,0,0
Legionella sp. PC1000,0,0,3,0,0,0,0,0
Legionella sp. TUM19329,0,0,4,0,0,0,0,0
Legionella spiritensis,1,8,2,4,10,8,2,2
Legionella waltersii,0,5,1,1,0,0,0,0
Tatlockia micdadei,2,1,0,2,0,0,0,0
Candidatus Methylospira mobilis,4,1,0,0,0,0,0,0
Methylocaldum marinum,4,5,3,2,0,0,0,0
Methylococcus capsulatus,3,4,1,3,0,0,0,0
Methylococcus sp. IM1,4,0,0,0,0,0,0,0
Methylomicrobium album,2,0,0,1,0,0,0,0
Methylomicrobium sp. wino1,1,2,0,2,1,0,0,0
Methylomonas denitrificans,7,5,3,5,0,0,0,1
Methylomonas methanica,1,5,0,2,0,0,0,0
Methylomonas sp. DH-1,0,0,2,0,0,0,0,0
Methylomonas sp. GJ1,2,4,1,2,2,0,0,0
Methylomonas sp. LW13,3,3,23,5,7,21,34,5
Methylovulum psychrotolerans,1,1,1,0,0,0,0,0
Sinimarinibacterium sp. NLF-5-8,2,3,14,2,0,9,8,7
Solimonas sp. K1W22B-7,4,0,2,2,0,0,0,0
Steroidobacter denitrificans,1,0,1,0,0,0,0,0
Alloalcanivorax dieselolei,0,1,0,0,1,0,0,0
Isoalcanivorax pacificus,4,2,2,5,3,3,0,1
Alcanivorax sp. N3-2A,3,0,0,1,9,3,2,3
Alcanivorax xenomutans,1,0,0,0,0,0,0,1
Ketobacter alkanivorans,1,6,0,1,0,0,0,0
Endozoicomonas montiporae,7,3,3,0,0,0,0,1
Hahella chejuensis,3,0,0,2,0,0,0,0
Hahella sp. KA22,1,3,0,2,0,0,0,0
Candidatus Evansia muelleri,0,1,0,1,0,0,0,0
Candidatus Portiera aleyrodidarum,0,1,0,0,0,0,0,0
Chromohalobacter israelensis,0,0,1,1,0,0,0,0
Cobetia sp. L2A1,0,0,6,1,5,3,5,3
Halomonas aestuarii,0,2,0,1,2,2,0,0
Halomonas beimenensis,1,3,21,5,12,18,28,12
Halomonas chromatireducens,0,0,0,1,0,0,0,0
Halomonas elongata,0,1,19,5,5,9,30,19
Halomonas huangheensis,3,6,1,0,0,0,0,0
Halomonas hydrothermalis,1,3,0,3,1,0,0,0
Halomonas meridiana,1,2,6,6,0,1,5,3
Halomonas socia,0,0,0,2,0,0,0,0
Halomonas sp. 1513,2,1,0,1,0,0,0,0
Halomonas sp. A3H3,1,0,24,5,7,14,25,14
Halomonas sp. AM6,0,5,6,4,0,0,0,0
Halomonas sp. BC-M4-5,3,0,0,3,8,5,4,1
Halomonas sp. GFAJ-1,1,1,0,1,0,0,0,0
Halomonas sp. GT,2,3,0,5,1,2,3,1
Halomonas sp. HG01,0,0,1,1,10,7,0,0
Halomonas sp. HL-93,0,0,1,0,0,0,0,0
Halomonas sp. JS92-SW72,0,0,0,0,0,0,0,1
Halomonas sp. KO116,3,6,17,3,5,16,21,11
Halomonas sp. N3-2A,0,0,4,0,3,0,3,1
Halomonas sp. NBT06E8,2,4,51,7,4,30,52,24
Halomonas sp. PGE1,0,1,1,0,0,0,0,0
Halomonas sp. THAF5a,1,0,0,0,1,0,1,0
Halomonas sp. Y2R2,4,2,1,0,3,3,0,0
Halomonas subglaciescola,0,1,0,1,5,1,3,1
Vreelandella titanicae,0,4,28,3,5,15,30,14
Halotalea alkalilenta,0,2,0,1,4,2,2,0
Kushneria konosiri,0,0,0,1,0,0,0,0
Kushneria marisflavi,1,0,4,1,0,1,0,0
Kushneria sp. YCWA18,0,2,2,3,0,1,0,1
Pistricoccus aurantiacus,1,0,1,1,0,0,0,0
Salinicola tamaricis,1,0,0,0,0,0,0,0
Zymobacter palmae,0,2,1,1,0,0,0,0
Kangiella geojedonensis,1,1,0,1,0,0,0,0
Kangiella koreensis,1,2,0,0,3,2,3,3
Kangiella profundi,4,6,3,3,3,3,5,5
Kangiella sediminilitoris,4,0,2,0,0,1,1,0
Litoricola lipolytica,1,1,0,0,0,0,0,0
Bacterioplanes sanyensis,0,0,0,0,1,0,0,0
Bermanella marisrubri,1,1,4,4,1,1,6,0
Marinobacterium aestuarii,6,1,3,4,2,1,4,1
Marinobacterium sp. LSUCC0821,1,2,0,0,0,1,0,0
Marinomonas mediterranea,1,3,0,0,0,0,0,0
Marinomonas posidonica,3,3,3,1,0,0,0,0
Marinomonas primoryensis,1,0,0,1,0,0,0,0
Marinomonas sp. FW-1,0,1,0,0,0,0,1,0
Marinomonas sp. MWYL1,0,3,1,1,4,6,1,6
Neptunomonas concharum,2,3,0,0,0,0,0,0
Neptunomonas phycophila,4,3,1,2,0,0,0,0
Nitrincola sp. KXZD1103,1,0,1,0,0,0,0,0
Oleispira antarctica,1,7,1,5,0,3,4,3
Thalassolituus oleivorans,2,2,8,4,1,9,17,12
Oleiphilus messinensis,0,0,1,3,3,3,0,0
Gynuella sunshinyii,5,5,0,1,3,5,1,4
Reinekea forsetii,1,0,1,1,0,0,0,1
Saccharospirillum mangrovi,1,1,0,2,0,2,0,1
Frischella perrara,2,3,3,1,1,2,1,4
Gilliamella apicola,8,6,2,4,0,0,0,0
Orbus sp. IPMB12,0,3,0,1,0,0,0,0
Actinobacillus delphinicola,3,1,2,4,0,3,0,1
Actinobacillus equuli,1,1,0,1,0,0,0,0
Actinobacillus indolicus,4,0,0,2,0,0,0,0
Actinobacillus pleuropneumoniae,6,3,0,5,0,1,0,0
Actinobacillus porcitonsillarum,0,1,1,3,4,4,6,5
Actinobacillus succinogenes,2,3,1,2,0,0,0,0
Actinobacillus suis,1,9,3,2,0,0,0,0
Aggregatibacter actinomycetemcomitans,2,1,1,1,0,1,0,0
Aggregatibacter aphrophilus,5,1,0,2,0,0,0,0
Aggregatibacter segnis,1,0,0,1,0,0,0,0
Avibacterium paragallinarum,2,3,21,8,7,22,28,6
Avibacterium volantium,0,5,2,3,6,1,2,3
Bibersteinia trehalosi,1,6,15,3,2,6,19,14
Bisgaardia hudsonensis,3,0,3,1,0,0,1,0
Frederiksenia canicola,6,0,0,1,0,0,0,0
Gallibacterium anatis,2,2,2,1,0,0,0,0
Glaesserella parasuis,5,2,2,0,0,0,0,0
Glaesserella sp. 15-184,1,1,0,2,0,0,0,0
Haemophilus aegyptius,1,0,1,0,0,0,0,0
[Haemophilus] ducreyi,1,0,0,0,0,0,0,0
Haemophilus haemolyticus,1,2,0,1,0,0,0,0
Haemophilus influenzae,2,4,1,0,0,0,0,0
Haemophilus parahaemolyticus,1,0,7,2,1,1,2,0
Haemophilus parainfluenzae,4,4,4,0,0,0,0,0
Haemophilus pittmaniae,2,2,0,1,0,0,0,0
Haemophilus sp. oral taxon 036,1,1,0,0,0,0,0,0
Histophilus somni,6,9,32,4,13,15,26,9
Mannheimia granulomatis,5,7,3,7,3,7,3,1
Mannheimia haemolytica,8,4,0,1,3,1,2,1
Mannheimia sp. BNO311,0,0,0,1,0,0,0,0
Mannheimia sp. USDA-ARS-USMARC-1261,1,7,0,2,0,0,0,0
Mannheimia varigena,0,2,0,2,0,1,0,0
Otariodibacter oris,0,0,0,1,0,0,0,0
Pasteurella dagmatis,0,1,0,0,0,0,0,0
Pasteurella multocida,5,8,8,7,8,16,12,7
Phocoenobacter skyensis,3,0,6,0,0,0,2,3
Rodentibacter heylii,0,0,0,1,0,0,0,0
Rodentibacter pneumotropicus,1,2,0,2,0,0,0,0
Vespertiliibacter pulmonis,2,0,1,1,1,1,0,0
Acinetobacter baumannii,4,8,11,6,1,9,13,12
Acinetobacter baylyi,4,1,0,0,0,0,0,0
Acinetobacter calcoaceticus,0,1,0,1,0,0,0,0
Acinetobacter chinensis,1,0,0,0,0,0,0,0
Acinetobacter cumulans,4,0,0,2,4,0,7,2
Acinetobacter defluvii,2,0,0,0,0,0,0,0
Acinetobacter dispersus,7,0,1,1,0,0,0,0
Acinetobacter equi,4,1,1,1,0,0,0,0
Acinetobacter guillouiae,3,0,0,2,0,0,0,0
Acinetobacter haemolyticus,5,10,1,4,4,3,5,4
Acinetobacter indicus,1,1,8,5,2,5,21,11
Acinetobacter johnsonii,4,0,0,0,0,0,0,0
Acinetobacter junii,3,0,1,0,0,0,0,0
Acinetobacter lactucae,0,0,2,1,0,0,0,0
Acinetobacter larvae,0,2,1,1,2,1,1,1
Acinetobacter lwoffii,2,2,12,3,2,7,9,1
Acinetobacter nosocomialis,0,0,3,2,3,4,3,11
Acinetobacter oleivorans,1,1,0,1,0,0,0,0
Acinetobacter pittii,3,2,6,4,13,12,4,4
Acinetobacter radioresistens,4,5,15,5,5,4,19,9
Acinetobacter schindleri,9,1,1,4,1,0,0,0
Acinetobacter soli,1,0,0,0,0,0,0,0
Acinetobacter sp. 10FS3-1,0,0,0,3,0,0,0,0
Acinetobacter sp. 185,0,1,0,0,0,0,0,0
Acinetobacter sp. 323-1,0,6,5,2,0,0,0,0
Acinetobacter sp. ACNIH1,0,1,0,1,0,0,0,0
Acinetobacter sp. ACNIH2,1,4,1,1,1,1,0,4
Acinetobacter sp. C16S1,1,0,0,1,0,0,0,0
Acinetobacter sp. dk386,0,0,1,1,0,0,0,0
Acinetobacter sp. FDAARGOS_724,0,1,0,1,0,0,0,0
Acinetobacter sp. LoGeW2-3,1,0,0,0,0,0,0,0
Acinetobacter sp. Marseille-Q1620,1,1,0,2,0,0,0,0
Acinetobacter sp. NCu2D-2,4,4,3,6,7,7,2,3
Acinetobacter sp. NEB 394,1,1,0,0,0,0,0,0
Acinetobacter sp. NEB149,1,0,0,0,0,0,0,0
Acinetobacter sp. TGL-Y2,1,2,1,3,0,0,0,0
Acinetobacter sp. TTH0-4,4,1,1,2,0,0,0,0
Acinetobacter sp. WCHA45,2,2,0,3,0,0,0,0
Acinetobacter sp. WCHA55,0,1,1,0,0,0,0,0
Acinetobacter sp. WCHAc010034,1,0,1,2,0,0,0,0
Acinetobacter sp. WCHAc010052,1,3,0,1,0,0,0,0
Acinetobacter tandoii,2,2,0,1,0,0,0,0
Acinetobacter towneri,1,2,1,2,0,0,0,0
Acinetobacter ursingii,0,2,0,2,0,2,0,0
Acinetobacter venetianus,1,2,36,13,9,18,34,13
Acinetobacter wuhouensis,2,0,1,0,0,1,0,0
Moraxella bovis,0,3,2,1,0,0,0,0
Moraxella bovoculi,0,0,0,1,0,0,0,0
Moraxella catarrhalis,2,0,1,3,0,0,0,0
Moraxella cuniculi,2,1,23,3,1,10,18,9
Faucicola osloensis,5,1,2,0,0,1,2,0
Psychrobacter arcticus,2,0,0,2,0,0,0,0
Psychrobacter cryohalolentis,0,0,0,0,0,1,0,0
Psychrobacter sp. AntiMn-1,0,0,10,0,1,9,7,4
Psychrobacter sp. DAB_AL43B,3,1,4,1,1,2,2,1
Psychrobacter sp. G,0,0,0,0,0,1,0,1
Psychrobacter sp. P11F6,0,1,2,0,1,0,1,0
Psychrobacter sp. P11G3,0,0,3,0,1,1,4,2
Psychrobacter sp. P11G5,1,2,0,0,7,4,2,8
Psychrobacter sp. P2G3,1,2,0,0,0,0,0,0
Psychrobacter sp. PRwf-1,1,0,0,1,0,0,0,0
Psychrobacter urativorans,0,1,0,0,0,0,0,0
Azotobacter chroococcum,0,2,3,1,0,1,3,0
Azotobacter salinestris,0,1,0,1,0,0,0,0
Azotobacter vinelandii,0,3,27,4,4,14,32,15
Oblitimonas alkaliphila,0,3,3,2,0,1,0,0
Permianibacter aggregans,0,0,0,2,0,0,0,0
Candidatus Pseudomonas adelgestsugas,2,0,0,0,0,0,0,0
Pseudomonas aeruginosa,10,0,2,4,0,0,0,0
Pseudomonas agarici,2,1,0,0,0,0,0,0
Aquipseudomonas alcaligenes,0,0,0,1,0,0,0,0
Pseudomonas alkylphenolica,1,0,1,2,0,0,1,0
Pseudomonas antarctica,0,1,3,0,0,0,0,0
Pseudomonas arsenicoxydans,0,0,2,1,1,0,1,1
Pseudomonas asturiensis,2,4,4,1,7,2,2,3
Pseudomonas azotoformans,1,3,2,1,0,0,0,0
Stutzerimonas balearica,1,2,0,0,0,0,0,0
Pseudomonas brassicacearum,0,1,0,2,0,0,0,0
Pseudomonas brenneri,6,0,0,5,5,7,0,1
Pseudomonas cedrina,0,1,0,0,0,0,0,0
Pseudomonas cerasi,0,1,0,0,0,0,0,0
Pseudomonas chlororaphis,7,7,5,1,3,2,1,3
Pseudomonas cichorii,2,0,1,0,0,1,0,0
Pseudomonas citronellolis,1,2,0,1,0,1,3,1
Pseudomonas coronafaciens,1,0,0,0,0,0,0,0
Pseudomonas corrugata,0,1,0,0,1,0,0,0
Pseudomonas cremoricolorata,0,0,2,1,0,0,0,0
Pseudomonas denitrificans (nom. rej.),1,0,1,0,0,0,1,0
Pseudomonas entomophila,0,2,36,5,6,5,15,16
Pseudomonas extremaustralis,2,0,0,0,1,0,0,0
Pseudomonas fluorescens,18,12,14,8,6,8,16,11
Pseudomonas frederiksbergensis,1,3,3,2,0,0,2,0
Pseudomonas furukawaii,5,0,0,3,3,3,4,1
Pseudomonas graminis,1,2,1,2,1,3,2,9
Pseudomonas granadensis,3,0,0,2,6,4,3,1
Pseudomonas guangdongensis,1,0,0,0,0,0,0,0
Pseudomonas knackmussii,4,0,0,2,0,0,0,0
Pseudomonas koreensis,0,1,1,1,0,0,0,0
Pseudomonas kribbensis,0,0,30,2,4,7,23,10
Pseudomonas lactis,1,0,0,0,0,0,0,0
Pseudomonas litoralis,4,3,0,2,0,0,0,0
Pseudomonas luteola,0,1,0,1,0,0,0,0
Pseudomonas mandelii,0,1,0,0,0,0,0,0
Pseudomonas marincola,0,0,0,2,6,2,2,1
Pseudomonas mediterranea,0,4,3,0,0,0,0,0
Ectopseudomonas mendocina,5,2,5,4,0,1,2,2
Pseudomonas migulae,1,0,0,0,0,0,0,0
Pseudomonas monteilii,0,3,1,4,1,2,0,1
Pseudomonas moraviensis,3,2,0,0,0,0,0,0
Pseudomonas mucidolens,1,0,0,1,2,0,0,1
Pseudomonas multiresinivorans,4,0,0,0,0,0,0,0
Ectopseudomonas oleovorans,0,0,0,1,0,0,0,0
Pseudomonas orientalis,3,0,0,0,0,0,0,0
Pseudomonas oryzae,2,1,0,0,0,0,0,0
Pseudomonas oryzihabitans,2,1,0,1,0,0,0,1
Pseudomonas otitidis,2,0,0,2,0,0,0,0
Pseudomonas palleroniana,3,3,0,1,0,1,0,1
Pseudomonas parafulva,0,1,0,0,0,0,0,0
Halopseudomonas pelagia,0,3,0,0,0,1,0,1
Pseudomonas pohangensis,1,2,1,6,0,0,0,0
Pseudomonas prosekii,0,0,0,1,0,0,0,0
Pseudomonas protegens,2,2,0,1,0,0,0,0
Pseudomonas psychrophila,0,0,0,1,4,1,0,0
Pseudomonas oryzihabitans,1,1,5,1,0,0,0,0
Pseudomonas putida,12,15,10,10,16,4,8,4
Pseudomonas reinekei,1,1,1,0,0,1,0,0
Metapseudomonas resinovorans,0,2,1,1,3,3,1,1
Pseudomonas rhodesiae,1,0,0,0,0,0,0,0
Pseudomonas sabulinigri,1,4,1,2,0,0,0,0
Pseudomonas salegens,1,3,2,1,0,0,0,1
Pseudomonas saudiphocaensis,0,0,0,1,0,0,0,0
Pseudomonas sihuiensis,0,0,2,0,1,1,2,0
Pseudomonas silesiensis,1,2,2,0,0,0,0,0
Pseudomonas soli,0,0,0,1,0,0,0,0
Pseudomonas sp. 31-12,0,2,0,0,0,0,0,0
Pseudomonas sp. 7SR1,2,0,0,3,0,0,0,0
Pseudomonas sp. A214,1,0,1,1,0,0,0,0
Pseudomonas sp. ABC1,0,0,0,1,0,0,0,0
Pseudomonas sp. ACM7,1,0,0,0,0,0,0,0
Pseudomonas sp. ADAK13,2,2,0,0,0,0,0,0
Pseudomonas sp. ADAK18,0,0,0,1,0,0,0,0
Pseudomonas sp. ATCC 13867,3,1,0,1,0,0,1,0
Pseudomonas sp. B10,1,0,4,4,0,2,2,3
Pseudomonas sp. C27(2019),2,3,1,2,7,1,5,2
Pseudomonas sp. CC6-YY-74,3,1,18,4,2,14,32,15
Pseudomonas sp. CCOS 191,1,0,0,0,1,0,6,1
Pseudomonas sp. CMR12a,0,1,0,1,4,3,0,0
Pseudomonas sp. CMR5c,0,1,0,0,0,0,0,0
Pseudomonas sp. DG56-2,2,0,0,2,0,0,0,0
Pseudomonas sp. DR 5-09,0,0,1,0,0,0,0,0
Pseudomonas sp. DY-1,1,2,6,4,7,10,12,7
Pseudomonas sp. gcc21,0,0,0,1,0,0,0,0
Pseudomonas sp. HLS-6,0,1,26,5,3,14,25,2
Pseudomonas sp. K2W31S-8,1,0,0,0,0,0,0,0
Pseudomonas sp. Leaf58,1,1,1,2,2,2,3,1
Pseudomonas sp. LG1D9,0,0,1,1,0,0,0,0
Pseudomonas sp. LG1E9,0,2,0,0,0,0,0,0
Pseudomonas sp. LPH1,1,0,0,0,0,0,0,0
Pseudomonas sp. LTGT-11-2Z,0,0,1,0,0,0,0,0
Pseudomonas sp. M30-35,1,1,3,1,0,0,1,0
Pseudomonas sp. MSPm1,0,1,0,0,1,2,0,3
Pseudomonas sp. NIBRBAC000502773,0,0,27,7,4,15,22,20
Pseudomonas sp. NP-1,0,0,3,0,1,1,3,0
Pseudomonas sp. NS1(2017),1,0,0,0,0,0,0,0
Pseudomonas sp. OIL-1,4,4,1,2,0,0,0,0
Pseudomonas sp. PE08,1,1,1,1,0,0,0,0
Pseudomonas sp. PONIH3,1,0,0,2,0,0,0,0
Pseudomonas sp. R2-60-08W,0,0,0,2,0,0,0,0
Pseudomonas sp. R2A2,0,1,0,0,0,0,0,0
Pseudomonas sp. R3-18-08,0,0,0,1,0,0,0,0
Pseudomonas sp. R32,0,0,1,1,0,0,0,0
Pseudomonas sp. R4-35-07,0,1,0,1,1,0,0,0
Pseudomonas sp. R5-89-07,2,1,2,1,7,4,1,5
Pseudomonas sp. R76,1,0,4,1,3,0,0,1
Pseudomonas sp. R84,0,0,1,1,0,0,0,0
Pseudomonas sp. S-6-2,1,0,0,0,0,0,0,0
Pseudomonas sp. S1-A32-2,5,1,29,4,9,8,27,13
Pseudomonas sp. s211(2017),0,0,0,1,0,0,0,0
Pseudomonas sp. S34,1,0,0,0,0,0,0,0
Pseudomonas sp. S35,0,3,1,0,0,0,0,0
Pseudomonas sp. SK,2,2,0,3,6,1,1,1
Pseudomonas sp. SNU WT1,0,0,0,0,1,2,2,1
Pseudomonas sp. St29,1,0,0,0,0,0,0,0
Pseudomonas sp. StFLB209,6,0,0,2,0,0,0,0
Pseudomonas sp. SWI44,1,0,0,0,0,0,0,0
Pseudomonas sp. TCU-HL1,2,0,0,0,0,0,0,0
Pseudomonas sp. THAF7b,0,0,1,0,0,0,0,0
Pseudomonas sp. TKP,0,1,0,0,0,0,0,0
Pseudomonas sp. TMW 2.1634,0,0,0,0,0,0,0,1
Pseudomonas sp. TUM18999,5,0,0,0,1,1,3,1
Pseudomonas sp. URMO17WK12:I11,0,1,0,2,0,0,0,0
Pseudomonas sp. UW4,2,4,1,1,0,0,0,0
Pseudomonas sp. XWY-1,0,0,1,0,0,0,0,0
Pseudomonas sp. Z003-0.4C(8344-21),0,0,1,0,0,0,0,0
Stutzerimonas stutzeri,11,11,8,16,15,6,11,8
Pseudomonas synxantha,0,1,0,0,0,0,0,0
Pseudomonas syringae,3,4,36,2,4,14,29,15
Pseudomonas syringae group genomosp. 3,0,0,1,0,0,0,0,0
Pseudomonas taetrolens,1,1,0,0,0,0,0,0
Pseudomonas thivervalensis,2,1,0,0,0,0,0,0
Pseudomonas trivialis,3,2,0,0,0,0,0,0
Pseudomonas umsongensis,0,0,0,1,0,0,0,0
Pseudomonas vancouverensis,2,2,1,0,0,0,0,0
Pseudomonas versuta,0,0,2,2,1,3,1,1
Stutzerimonas xanthomarina,4,0,1,1,4,0,3,1
Pseudomonas xinjiangensis,1,1,1,3,0,0,0,1
Pseudomonas yamanorum,1,0,0,1,0,0,1,0
Salinisphaera sp. LB1,1,1,0,0,0,0,0,0
Allofrancisella frigidaquae,1,0,0,0,0,0,0,0
Allofrancisella inopinata,1,0,0,0,0,0,0,0
Francisella frigiditurris,0,1,0,1,0,0,0,0
Francisella hispaniensis,3,2,1,1,0,0,0,0
Francisella marina,0,1,0,1,0,0,0,0
Francisella orientalis,0,1,0,1,0,0,0,0
Francisella persica,0,0,1,0,0,0,0,1
Francisella philomiragia,5,2,0,2,0,0,0,0
Francisella sp. FSC1006,3,5,25,2,6,7,32,14
Francisella sp. Scap27,1,0,1,0,0,1,0,1
Francisella tularensis,1,2,2,0,0,0,0,0
Francisella uliginis,5,2,1,2,0,0,0,0
Cycloclasticus zancles,2,0,0,1,0,0,0,0
Hydrogenovibrio crunogenus,1,2,3,3,0,1,1,0
Hydrogenovibrio marinus,1,1,11,4,1,9,10,6
Hydrogenovibrio thermophilus,1,3,29,4,9,12,34,18
Methylophaga frappieri,2,1,1,3,0,0,0,0
Methylophaga nitratireducenticrescens,0,2,1,2,5,3,0,3
Piscirickettsia salmonis,5,5,0,3,2,3,0,0
Thiomicrorhabdus aquaedulcis,1,0,0,0,0,0,0,0
Thiomicrorhabdus indica,1,1,0,2,0,0,0,0
Thiomicrorhabdus sp. aks77,4,1,1,0,0,0,0,0
Thiomicrorhabdus sp. AkT22,0,5,1,0,0,0,0,0
Thiomicrorhabdus sp. G1,2,2,1,0,0,0,1,2
Thiomicrorhabdus sp. G2,5,1,3,1,0,0,0,0
Thiomicrospira aerophila,0,1,0,0,0,0,0,0
Thiomicrospira cyclica,0,1,0,1,0,0,0,0
Thiomicrospira sp. S5,1,0,0,0,0,0,0,0
Beggiatoa leptomitoformis,2,1,6,2,0,6,15,5
Thioploca ingrica,1,1,0,0,0,0,0,0
Aliivibrio fischeri,6,4,0,5,0,0,0,0
Aliivibrio salmonicida,2,1,0,0,0,0,0,0
Aliivibrio wodanis,5,1,0,1,0,0,0,0
Candidatus Enterovibrio luxaltus,0,2,0,0,0,0,0,0
Grimontia hollisae,4,3,3,2,0,0,0,0
Paraphotobacterium marinum,3,0,0,0,1,0,1,0
Photobacterium damselae,2,1,44,15,5,10,30,14
Photobacterium gaetbulicola,3,0,3,1,5,3,11,2
Photobacterium profundum,1,1,0,1,1,0,2,0
Salinivibrio costicola,1,0,0,0,0,0,0,0
Salinivibrio kushneri,0,1,2,0,0,1,2,0
Vibrio alfacsensis,2,2,9,1,0,3,8,4
Vibrio alginolyticus,9,4,6,4,6,6,6,8
Vibrio anguillarum,0,3,2,0,3,0,0,0
Vibrio aphrogenes,1,0,0,1,0,0,0,0
Vibrio astriarenae,1,2,0,1,0,2,2,0
Vibrio atlanticus,1,1,0,0,0,0,0,0
Vibrio azureus,2,7,7,4,6,4,3,3
Vibrio breoganii,3,0,1,1,0,0,1,0
Vibrio campbellii,6,1,4,2,0,0,1,0
Vibrio casei,2,6,29,6,3,9,29,23
Vibrio chagasii,1,6,3,3,0,0,0,1
Vibrio cholerae,3,5,5,2,0,3,0,1
Vibrio cidicii,0,0,1,1,0,0,0,0
Vibrio cincinnatiensis,2,4,0,1,0,0,0,0
Vibrio coralliilyticus,1,3,0,3,2,3,2,2
Vibrio cyclitrophicus,0,0,1,3,0,0,0,0
Vibrio diabolicus,0,1,0,1,0,0,0,0
Vibrio europaeus,1,0,0,0,0,0,0,0
Vibrio fluvialis,6,4,4,4,0,0,0,0
Vibrio furnissii,5,1,0,0,0,0,0,0
Vibrio gazogenes,2,2,3,5,0,0,0,1
Vibrio harveyi,2,1,1,2,0,0,0,2
Vibrio hyugaensis,0,3,2,2,1,2,2,3
Vibrio jasicida,2,0,0,1,0,0,0,0
Vibrio mediterranei,4,10,0,4,0,1,1,0
Vibrio metoecus,1,0,0,1,0,0,0,0
Vibrio mimicus,1,3,5,2,8,6,3,7
Vibrio natriegens,2,1,0,0,0,0,0,0
Vibrio navarrensis,2,6,2,1,0,0,0,0
Vibrio nigripulchritudo,3,3,0,1,2,0,0,1
Vibrio owensii,4,1,1,1,2,0,2,0
Vibrio panuliri,0,5,0,0,0,0,0,0
Vibrio parahaemolyticus,5,6,2,3,0,0,0,0
Vibrio ponticus,1,3,1,3,0,0,0,0
Vibrio rotiferianus,1,1,2,0,0,0,0,0
Vibrio rumoiensis,1,4,0,1,1,0,0,0
Vibrio scophthalmi,1,4,1,2,0,0,0,0
Vibrio sp. 2521-89,4,1,0,0,0,0,0,0
Vibrio sp. EJY3,0,1,0,1,0,0,0,0
Vibrio sp. HBUAS61001,4,3,1,1,2,0,0,0
Vibrio sp. HDW18,3,0,1,0,0,0,0,0
Vibrio sp. Scap24,1,3,2,0,1,0,0,0
Vibrio sp. SM1977,2,2,0,1,0,1,0,0
Vibrio sp. THAF100,1,3,37,8,17,28,28,24
Vibrio sp. THAF190c,0,2,2,1,0,1,1,1
Vibrio sp. ZWAL4003,2,2,0,0,0,0,0,0
Vibrio spartinae,1,1,2,0,0,0,0,0
Vibrio splendidus,0,1,0,2,0,0,0,0
Vibrio taketomensis,4,3,1,1,0,0,0,1
Vibrio tapetis,2,2,0,1,0,0,0,0
Vibrio tritonius,4,7,21,6,4,15,31,17
Vibrio tubiashii,4,1,0,0,0,0,1,2
Vibrio vulnificus,1,7,0,5,0,1,0,0
Ahniella affigens,0,1,0,0,1,1,0,0
Dokdonella koreensis,2,1,0,0,0,0,0,0
Dyella japonica,6,0,2,1,0,0,0,1
Dyella sp. M7H15-1,1,1,2,1,0,1,1,5
Dyella thiooxydans,2,1,0,7,0,0,0,0
Frateuria aurantia,0,3,27,4,5,13,19,15
Luteibacter pinisoli,0,1,0,0,0,0,0,0
Luteibacter rhizovicinus,1,0,1,3,0,0,1,0
Rhodanobacter denitrificans,0,0,27,5,5,10,33,8
Arenimonas daejeonensis,2,0,1,1,1,0,1,0
Luteimonas chenhongjianii,1,5,0,1,3,0,0,0
Luteimonas granuli,3,0,0,0,0,0,0,0
Luteimonas sp. JM171,2,0,0,0,0,0,0,0
Luteimonas sp. YGD11-2,3,0,0,1,0,0,0,0
Luteimonas yindakuii,4,0,0,0,0,0,0,0
Lysobacter alkalisoli,2,7,34,3,11,13,19,17
Lysobacter antibioticus,3,0,0,0,0,1,0,0
Lysobacter capsici,4,3,2,1,0,0,0,0
Lysobacter enzymogenes,3,1,2,3,1,1,1,2
Lysobacter gummosus,1,0,0,1,2,1,1,0
Lysobacter lycopersici,0,2,0,0,0,0,0,0
Lysobacter oculi,2,1,0,1,1,0,0,0
Lysobacter soli,4,1,2,2,0,0,0,0
Lysobacter sp. HDW10,2,0,1,2,0,1,0,0
Lysobacter sp. TY2-98,1,1,0,1,0,0,0,0
Pseudolysobacter antarcticus,0,2,0,2,0,0,0,0
Pseudoxanthomonas spadix,3,0,0,2,0,0,0,0
Pseudoxanthomonas suwonensis,2,4,0,2,2,1,1,1
Stenotrophomonas acidaminiphila,3,0,1,0,0,0,0,0
Stenotrophomonas maltophilia,29,14,41,16,21,21,67,21
Stenotrophomonas rhizophila,0,2,0,0,2,0,0,0
Stenotrophomonas sp. 364,3,1,2,0,0,0,0,0
Stenotrophomonas sp. ASS1,0,1,0,0,0,0,0,0
Stenotrophomonas sp. ESTM1D_MKCIP4_1,0,1,0,0,0,0,0,0
Stenotrophomonas sp. LM091,1,2,0,0,0,0,0,0
Stenotrophomonas sp. MYb57,3,0,1,0,0,0,0,0
Stenotrophomonas sp. NA06056,0,1,1,1,1,1,1,1
Stenotrophomonas sp. WZN-1,1,0,0,0,0,0,0,0
Stenotrophomonas sp. YAU14D1_LEIMI4_1,0,1,0,0,0,0,0,0
Stenotrophomonas sp. ZAC14A_NAIMI4_1,0,1,0,1,0,0,0,0
Stenotrophomonas sp. ZAC14D2_NAIMI4_6,1,0,0,0,0,0,0,0
Stenotrophomonas sp. ZAC14D2_NAIMI4_7,0,0,0,0,0,1,0,1
Thermomonas sp. HDW16,1,0,2,1,0,2,3,0
Thermomonas sp. SY21,0,0,1,1,0,0,0,0
Xanthomonas arboricola,0,1,1,0,0,0,0,0
Xanthomonas campestris,1,0,2,0,4,0,1,0
Xanthomonas cassavae,1,0,0,3,0,0,1,1
Xanthomonas citri,1,2,3,2,0,4,2,2
Xanthomonas cucurbitae,2,0,0,0,0,0,0,0
Xanthomonas euvesicatoria,0,0,0,1,0,0,0,0
Xanthomonas fragariae,1,0,0,0,0,0,0,0
Xanthomonas hortorum,0,4,41,5,4,11,24,14
Xanthomonas hyacinthi,1,0,0,0,0,0,0,0
Xanthomonas oryzae,3,0,0,0,0,0,0,0
Xanthomonas perforans,0,1,2,3,4,3,1,1
Xanthomonas phaseoli,0,1,0,1,2,0,0,0
Xanthomonas sacchari,0,1,0,1,1,0,0,0
Xanthomonas sp. CPBF 424,0,0,0,1,0,0,0,0
Xanthomonas translucens,0,2,0,2,2,0,1,0
Xanthomonas vasicola,3,1,0,0,0,0,0,0
Xanthomonas vesicatoria,3,1,0,1,0,0,0,0
Xylella taiwanensis,1,0,0,0,0,0,0,0
Hydrogenophilus thermoluteolus,0,1,0,3,0,0,0,0
Bacteriovorax stolpii,2,0,3,2,0,0,0,0
Halobacteriovorax marinus,4,4,2,3,0,1,0,1
Halobacteriovorax sp. BALOs_7,6,2,1,0,0,0,0,0
Bdellovibrio bacteriovorus,5,9,1,4,0,0,1,0
Pseudobdellovibrio exovorus,1,5,1,2,2,0,0,0
Bdellovibrio sp. KM01,1,1,1,2,0,0,0,0
Bdellovibrio sp. NC01,1,0,0,0,0,0,0,0
Bdellovibrio sp. ZAP7,5,0,2,2,0,1,2,0
Silvanigrella aquatica,2,1,0,0,0,0,0,0
Mariprofundus aestuarium,3,0,1,0,0,0,0,0
Mariprofundus ferrinatatus,5,3,4,3,9,7,6,9
Brachyspira hampsonii,7,11,4,4,0,0,0,0
Brachyspira hyodysenteriae,9,8,2,4,0,0,0,0
Brachyspira intermedia,0,4,0,2,0,0,0,0
Brachyspira murdochii,8,9,0,2,0,0,0,0
Brachyspira pilosicoli,5,6,6,3,1,0,5,3
Leptospira biflexa,0,1,0,0,0,0,1,0
Leptospira borgpetersenii,2,2,0,0,0,0,0,0
Leptospira interrogans,3,5,30,10,8,14,22,16
Leptospira kmetyi,0,1,0,2,0,0,0,0
Leptospira mayottensis,0,0,1,0,0,0,0,0
Leptospira santarosai,0,3,0,3,3,0,0,0
Leptospira tipperaryensis,1,2,0,1,0,0,0,0
Leptospira weilii,1,1,0,2,0,0,0,0
Turneriella parva,1,0,0,0,0,0,1,0
Borrelia coriaceae,1,1,0,1,0,0,0,0
Borrelia duttonii,1,0,0,0,0,0,0,0
Borrelia hermsii,1,0,0,0,0,0,0,0
Borrelia miyamotoi,1,3,2,1,0,0,0,0
Borrelia sp. A-FGy1,0,1,0,2,0,0,0,0
Borrelia turcica,2,1,0,1,0,0,0,0
Borrelia turicatae,0,0,1,1,0,0,0,0
Borrelia mayonii,1,2,1,1,0,0,0,0
Borrelia sp. CA690,2,0,0,0,0,0,0,0
Borreliella afzelii,1,0,1,1,0,0,0,0
Borreliella burgdorferi,0,1,0,1,0,0,0,0
Borreliella garinii,1,1,0,0,0,0,0,0
Borreliella valaisiana,1,0,0,0,1,0,0,0
Oceanispirochaeta sp. K2,4,13,20,10,4,14,25,11
Salinispira pacifica,3,3,2,2,1,5,3,1
Sediminispirochaeta smaragdinae,7,4,13,9,2,10,15,9
Parasphaerochaeta coccoides,4,1,2,3,0,0,1,2
Sphaerochaeta globosa,2,2,0,1,0,0,0,1
Sphaerochaeta pleomorpha,4,4,8,4,4,6,3,6
Spirochaeta africana,1,4,4,9,15,10,10,10
Spirochaeta perfilievii,6,6,0,2,2,0,2,1
Spirochaeta thermophila,2,1,0,1,0,0,0,0
Leadbettera azotonutricia,5,0,3,2,6,2,0,0
Treponema brennaborense,9,5,27,11,4,9,29,13
Gracilinema caldarium,2,2,7,2,0,1,1,1
Treponema denticola,9,7,9,2,4,5,6,2
Treponema pedis,6,3,5,3,5,4,1,2
Treponema phagedenis,9,4,4,4,1,8,6,5
Treponema primitia,1,5,0,5,0,1,0,0
Treponema putidum,0,3,17,0,2,14,18,23
Treponema socranskii,4,2,3,2,1,2,0,4
Treponema vincentii,2,0,0,2,1,0,1,0
Treponema sp. OMZ 838,5,2,2,3,2,2,4,7
Treponema succinifaciens,18,17,6,13,14,11,8,15
Acetomicrobium mobile,0,7,1,1,0,0,0,0
Aminobacterium colombiense,0,0,1,0,1,0,0,0
Aminomonas paucivorans,4,1,0,0,4,2,0,4
Cloacibacillus porcorum,5,5,2,7,0,0,0,0
Jonquetella anthropi,1,1,0,1,0,0,0,0
Thermanaerovibrio acidaminovorans,1,3,1,1,0,0,0,0
Thermanaerovibrio velox,2,0,0,0,0,0,1,0
Caldimicrobium thiodismutans,0,1,0,0,0,0,0,0
Thermodesulfatator indicus,2,1,2,2,1,0,0,0
Thermodesulfobacterium commune,3,2,0,0,0,0,0,0
Thermodesulfobacterium geofontis,1,1,0,1,0,0,0,2
Thermosulfurimonas marina,0,2,0,1,0,0,0,0
Thermosulfuriphilus ammonigenes,1,0,1,0,0,0,0,0
Kosmotoga olearia,1,3,1,1,0,0,0,0
Kosmotoga pacifica,1,3,0,0,0,0,0,0
Mesotoga infera,1,2,0,0,0,0,0,0
Mesotoga prima,1,4,1,3,0,0,0,0
Athalassotoga saccharophila,4,3,0,2,0,0,0,0
Defluviitoga tunisiensis,0,2,2,1,0,0,0,0
Marinitoga piezophila,1,4,0,3,0,0,0,0
Marinitoga sp. 1137,1,1,0,1,0,0,0,0
Petrotoga mobilis,0,3,0,0,0,0,0,0
Fervidobacterium nodosum,3,0,1,2,1,1,0,1
Fervidobacterium pennivorans,8,2,2,1,0,0,0,0
Thermosipho africanus,1,1,2,0,0,0,0,0
Thermosipho melanesiensis,3,3,0,1,0,0,0,0
Pseudothermotoga hypogea,2,0,1,1,0,1,0,0
Pseudothermotoga thermarum,0,2,0,0,0,1,0,0
Thermotoga caldifontis,1,2,0,2,3,0,1,0
Thermotoga profunda,0,1,0,1,0,1,0,2
Candidatus Methylacidiphilum infernorum,1,0,1,1,0,2,2,0
Methylacidiphilum kamchatkense,0,1,0,0,0,0,0,0
Ereboglobus luteus,7,3,0,1,0,0,0,0
Nibricoccus aquaticus,2,1,0,1,0,0,1,0
Opitutus sp. GAS368,0,2,0,1,0,0,0,0
Opitutus terrae,7,5,2,3,1,0,0,0
Coraliomargarita akajimensis,0,3,0,1,0,0,0,0
Akkermansia glycaniphila,1,5,1,0,1,0,0,0
Akkermansia muciniphila,8174,21289,8155,13082,3,7,14,6
Luteolibacter sp. G-1-1-1,4,4,1,2,1,1,3,0
Roseimicrobium sp. ORNL1,2,3,1,1,0,1,0,0
Verrucomicrobium sp. GAS474,1,0,0,0,0,0,0,0
Verrucomicrobium spinosum,1,0,0,0,0,1,0,0
Lausannevirus,1,0,0,0,0,0,0,0
Mint vein banding-associated virus,0,1,0,0,0,0,0,0
Parabacteroides phage YZ-2015b,3,2,2,2,0,0,0,0
Cercopithecine betaherpesvirus 5,1,0,0,0,0,0,0,0
Papiine alphaherpesvirus 2,1,0,0,0,0,0,0,0
bovine alphaherpesvirus 1,0,1,0,1,4,1,3,2
Piedvirus IMEDE1,1,0,0,0,0,0,0,0
Cetovirus ceto,0,1,0,0,0,0,0,0
Tequintavirus NR01,0,2,0,1,0,0,0,0
Kayvirus MCE2014,2,0,0,1,0,0,0,0
Kayvirus SA12,1,0,0,0,0,0,0,0
Okubovirus SPO1,0,1,0,0,0,0,0,0
Bacillus phage Zuko,0,0,0,1,0,0,0,0
Photobacterium phage PDCC-1,0,1,0,0,0,0,0,0
Eponavirus epona,1,2,0,2,4,1,1,0
Ficleduovirus FCV1,0,1,0,0,0,0,0,0
Jedunavirus KpV52,0,1,1,1,0,0,0,0
Seoulvirus SPN3US,0,0,0,1,0,0,0,0
Shalavirus Shbh1,0,1,0,1,0,0,0,0
Cimpunavirus CMP1,0,1,0,0,0,0,0,0
Fibralongavirus QT1,0,2,0,0,0,0,0,0
Mycobacterium phage BellusTerra,0,1,0,0,0,0,0,0
Lenusvirus nyseid,0,0,0,1,0,0,0,0
Samunavirus SM1,1,0,0,0,0,0,0,0
Lactococcus phage 56301,1,0,0,0,0,0,0,0
Homo sapiens,579,576,872,504,282,443,759,403
Yellowstone lake phycodnavirus 2,0,3,0,1,0,0,0,0
Cafeteria roenbergensis virus,1,0,0,0,0,0,0,0
Megavirus chiliensis,0,1,0,0,0,0,0,0
Trichoplusia ni ascovirus 2c,1,1,0,0,0,0,0,0
Turkeypox virus,0,1,0,0,0,0,0,0
Yokapox virus,1,0,0,1,0,0,0,0
Cotia virus,1,1,0,0,0,0,0,0
Cafeteriavirus-dependent mavirus,1,0,0,0,0,0,0,0
Sea lion mastadenovirus A,0,0,1,0,0,0,0,0
Simian mastadenovirus F,1,0,1,0,0,0,0,0
Rotavirus D,1,0,0,0,0,0,0,0
Lettuce infectious yellows virus,0,0,0,1,0,0,0,0
Tylonycteris bat coronavirus HKU4,0,0,0,1,0,0,0,0
Psammotettix alienus iflavirus 1,0,1,0,0,0,0,0,0
Avastrovirus 3,0,0,0,1,0,0,0,0
,NA,NA,NA,NA,NA,NA,NA,NA
,NA,NA,NA,NA,NA,NA,NA,NA
0,0,NA,NA,NA,NA,NA,NA,NA
