species,abundance_cols.Healthy_stool_100_100,abundance_cols.Healthy_stool_100_10,abundance_cols.Healthy_stool_100_1,abundance_cols.Healthy_stool_100_50,abundance_cols.Healthy_stool_10_100,abundance_cols.Healthy_stool_10_10,abundance_cols.Healthy_stool_10_1,abundance_cols.Healthy_stool_10_50
d_Bacteria,319,348,453,304,234,253,356,233
p_Actinobacteria,2,0,3,1,4,1,0,3
p_Bacteroidetes,128,106,284,132,94,184,254,167
p_Cyanobacteria,0,1,0,0,0,0,0,0
p_Firmicutes,179,197,74,179,58,40,39,33
p_Planctomycetes,2,3,0,1,0,1,1,0
p_Proteobacteria,42,40,38,30,22,21,37,20
p_Tenericutes,1,0,0,0,0,0,0,0
bacterium BFN5,3,0,2,0,0,0,0,0
c_Halobacteria,0,0,4,0,1,2,1,4
c_Methanomicrobia,1,0,0,0,0,0,0,0
c_Actinobacteria,8,7,5,11,10,2,9,4
c_Coriobacteriia,5,10,2,5,19,12,8,2
Actinobacteria bacterium IMCC19121,1,0,0,0,0,0,0,0
Actinobacteria bacterium IMCC25003,0,0,0,1,0,0,0,0
Actinobacteria bacterium IMCC26077,2,0,0,0,0,0,1,0
c_Bacteroidia,1,3,4,4,3,2,5,8
candidate division Zixibacteria bacterium,0,0,0,0,1,0,0,0
Candidatus Saccharibacteria bacterium oral taxon 488,0,0,1,0,0,1,0,1
o_Nostocales,0,2,6,0,0,0,3,0
o_Synechococcales,0,1,0,0,1,0,0,0
cyanobacterium endosymbiont of Rhopalodia gibberula,0,0,0,1,0,0,0,0
c_Bacilli,22,11,15,6,4,3,4,8
c_Clostridia,2,8,5,3,1,3,1,0
c_Negativicutes,1,1,1,2,0,0,0,0
Planctomycetes bacterium,0,0,0,0,1,0,0,0
Planctomycetes bacterium ElP,0,0,0,1,0,0,0,0
Planctomycetes bacterium FF011L,0,0,1,1,0,0,0,0
Planctomycetes bacterium K22_7,1,0,0,1,0,0,1,0
Planctomycetes bacterium KS4,1,0,0,1,0,0,1,1
Planctomycetes bacterium MalM14,0,0,1,0,0,0,0,0
Planctomycetes bacterium MalM25,0,1,0,0,0,0,1,0
Planctomycetes bacterium Pan241w,1,1,5,1,0,0,4,0
Planctomycetes bacterium Pan258,0,0,0,1,0,0,0,0
Planctomycetes bacterium Pan265,0,0,0,0,0,0,2,0
Planctomycetes bacterium Pla110,2,0,0,0,0,0,0,0
Planctomycetes bacterium Pla163,0,0,0,0,0,0,1,1
Planctomycetes bacterium Pla175,0,0,0,1,0,0,0,0
Planctomycetes bacterium Pla85_3_4,0,0,1,0,0,0,0,0
Planctomycetes bacterium SRT547,1,0,0,0,0,0,0,0
Planctomycetes bacterium SV_7m_r,2,0,0,0,0,0,0,0
Planctomycetes bacterium V22,0,1,3,0,0,2,1,2
c_Alphaproteobacteria,7,6,10,12,7,7,8,6
c_Betaproteobacteria,7,2,1,5,6,0,2,2
c_Deltaproteobacteria,0,3,0,0,0,1,0,0
c_Epsilonproteobacteria,0,0,1,0,0,0,0,0
c_Gammaproteobacteria,44,33,36,32,13,17,22,15
c_Mollicutes,1,0,0,0,0,0,0,0
Tenericutes bacterium MO-XQ,1,0,0,0,0,0,0,0
Tenericutes bacterium MZ-XQ,0,0,0,2,0,0,0,0
o_Corynebacteriales,1,1,5,2,1,5,6,2
o_Micrococcales,2,0,0,1,1,1,0,0
Actinobacteria bacterium IMCC26256,0,1,0,0,0,0,0,0
Actinobacteria bacterium YIM 96077,1,0,1,0,2,0,2,2
o_Coriobacteriales,4,2,3,4,9,5,4,2
o_Bacteroidales,1352,1516,1200,1448,2085,1641,1354,1716
o_Cytophagales,1,2,0,0,2,1,2,1
o_Flavobacteriales,7,4,9,5,0,5,10,5
f_Rhodothermaceae,0,0,0,0,1,0,0,1
Candidatus Cyclonatronum proteinivorum,2,0,1,1,2,0,0,0
Candidatus Cloacimonas acidaminovorans,1,0,3,1,0,2,1,1
f_Nostocaceae,0,0,2,0,0,0,0,1
Nostocales cyanobacterium HT-58-2,0,0,0,1,0,1,0,0
Oscillatoriales cyanobacterium JSC-12,0,0,0,0,0,2,0,0
o_Bacillales,14,14,5,8,0,2,0,1
o_Lactobacillales,19,10,2,11,0,0,0,2
o_Clostridiales,1062,471,201,409,115,97,60,116
o_Halanaerobiales,0,1,0,0,0,0,0,0
Ndongobacter massiliensis,2,1,0,1,0,0,0,0
Phycisphaerae bacterium RAS2,1,0,0,0,0,0,0,0
o_Rhizobiales,2,3,1,3,1,1,0,0
o_Rhodospirillales,1,0,0,0,0,0,0,0
o_Sphingomonadales,1,0,0,1,0,0,0,0
o_Burkholderiales,6,0,1,7,6,0,1,0
o_Neisseriales,0,0,1,0,2,0,0,0
o_Nitrosomonadales,0,0,1,2,2,0,6,0
o_Rhodocyclales,0,0,0,1,0,0,0,0
o_Bradymonadales,0,1,0,0,0,2,0,0
o_Desulfobacterales,0,0,0,0,1,0,0,1
o_Desulfuromonadales,0,0,1,0,0,0,0,0
o_Myxococcales,0,0,0,0,1,0,0,0
o_Campylobacterales,1,1,0,0,0,0,0,0
o_Cellvibrionales,0,0,0,0,1,0,0,0
o_Enterobacterales,9,8,16,6,2,3,2,3
o_Oceanospirillales,0,0,0,0,3,0,0,0
o_Pseudomonadales,0,0,1,2,1,0,3,1
Bathymodiolus septemdierum thioautotrophic gill symbiont,1,0,1,0,0,0,0,0
Bathymodiolus thermophilus thioautotrophic gill symbiont,0,1,0,0,0,0,0,0
Candidatus Palibaumannia cicadellinicola,1,1,0,1,0,0,0,0
Gammaproteobacteria bacterium DM2,0,0,4,0,0,3,2,1
Gammaproteobacteria bacterium ESL0073,0,1,0,0,0,0,0,0
o_Entomoplasmatales,1,0,0,0,0,0,0,0
Thermoplasmatales archaeon BRNA1,0,0,0,0,0,0,0,1
f_Acidobacteriaceae,0,2,0,0,0,0,0,0
f_Actinomycetaceae,0,0,0,0,1,0,0,0
f_Bifidobacteriaceae,1,0,0,1,1,1,1,1
f_Mycobacteriaceae,2,1,1,3,0,0,4,3
f_Microbacteriaceae,0,0,1,1,0,1,1,0
f_Micrococcaceae,1,1,0,0,0,0,0,0
f_Micromonosporaceae,0,0,0,1,0,0,0,0
f_Nocardioidaceae,0,0,0,1,0,0,0,0
f_Atopobiaceae,4,2,1,3,2,1,1,0
f_Eggerthellaceae,23,15,2,10,5,0,1,0
f_Dysgonomonadaceae,0,0,0,0,0,0,0,2
f_Muribaculaceae,2,5,2,5,0,0,3,0
f_Odoribacteraceae,3,3,0,4,0,0,0,0
f_Prevotellaceae,1,2,18,5,8,12,11,10
f_Rikenellaceae,0,0,0,1,1,3,1,0
f_Tannerellaceae,2,0,0,0,0,0,0,0
g_Phocaeicola,345,638,556,906,2268,1849,1266,2067
Bacteroidales bacterium CF,1,2,9,4,9,5,16,2
f_Chitinophagaceae,0,0,2,0,0,0,0,0
f_Hymenobacteraceae,1,0,1,0,2,1,1,0
Cytophagales bacterium TFI 002,3,0,0,0,0,0,0,0
f_Flavobacteriaceae,11,7,17,12,5,11,8,7
f_Weeksellaceae,1,2,0,0,0,0,1,0
f_Sphingobacteriaceae,6,0,1,2,0,0,0,0
Rhodothermaceae bacterium,0,0,1,1,0,0,5,1
Dehalogenimonas formicexedens,0,0,0,2,0,0,0,0
Dehalogenimonas lykanthroporepellens,1,0,0,0,0,0,0,0
g_Nostoc,0,2,0,1,0,0,0,0
g_Scytonema,1,0,0,0,0,0,0,0
g_Synechocystis,0,0,0,1,0,0,0,0
g_Synechococcus,0,1,0,1,0,0,0,0
f_Bacillaceae,10,5,3,4,1,1,0,5
f_Paenibacillaceae,1,2,0,0,0,0,0,0
g_Gemella,0,1,0,1,1,1,2,0
f_Enterococcaceae,2,0,0,0,0,3,0,0
f_Lactobacillaceae,0,0,0,1,0,0,0,0
f_Streptococcaceae,0,1,2,0,0,1,0,0
f_Clostridiaceae,0,0,0,0,1,0,0,1
f_Lachnospiraceae,1528,2815,2456,4041,9951,7441,4955,4478
f_Oscillospiraceae,3,2,1,3,3,3,3,3
f_Peptostreptococcaceae,9,8,0,0,0,0,0,0
f_Ruminococcaceae,7,7,2,1,7,4,2,7
Clostridiales bacterium,9,6,7,4,3,5,2,2
Clostridiales bacterium CCNA10,29,30,15,27,5,11,7,12
f_Erysipelotrichaceae,22,35,14,21,0,0,0,0
f_Acidaminococcaceae,1,0,0,0,0,0,0,0
f_Veillonellaceae,0,1,0,0,0,0,0,0
Ezakiella massiliensis,3,1,0,0,0,0,0,0
f_Peptoniphilaceae,1,0,0,0,0,0,0,0
Victivallales bacterium CCUG 44730,0,0,1,0,2,3,1,3
f_Gemmataceae,0,0,0,0,1,0,1,0
Planctomycetales bacterium 10988,1,0,0,0,0,0,0,0
f_Phyllobacteriaceae,1,0,0,0,0,0,0,0
f_Rhizobiaceae,1,1,0,1,1,0,1,0
f_Rhodobacteraceae,0,3,3,1,3,0,2,0
f_Rhodospirillaceae,1,0,0,0,0,0,0,0
Rickettsiales bacterium Ac37b,0,0,1,0,0,0,0,0
f_Erythrobacteraceae,0,0,0,1,0,0,0,0
f_Sphingomonadaceae,1,0,0,0,0,1,0,0
Candidatus Accumulibacter phosphatis,0,0,0,0,0,1,0,0
Candidatus Kinetoplastidibacterium desouzai,1,0,0,0,0,0,0,0
f_Burkholderiaceae,4,0,1,3,1,0,2,0
f_Comamonadaceae,3,0,1,0,1,0,3,0
f_Oxalobacteraceae,1,0,0,2,0,0,3,0
g_Thiomonas,0,0,1,0,0,1,5,1
Burkholderiales bacterium GJ-E10,3,0,0,0,0,0,0,0
Burkholderiales bacterium YL45,16,6,1,9,0,1,0,0
Nitrosomonadales bacterium skT11,0,0,0,0,0,0,0,1
f_Rhodocyclaceae,1,0,0,0,0,0,0,0
f_Archangiaceae,0,0,0,1,0,0,0,0
Nitratiruptor sp. SB155-2,0,0,0,0,0,0,1,0
Sulfurovum lithotrophicum,1,0,0,1,0,0,1,0
Sulfurovum sp. NBC37-1,1,0,0,0,0,0,0,0
f_Campylobacteraceae,2,0,0,0,0,0,0,0
Candidatus Reidiella endopervernicosa,0,0,0,0,0,0,1,0
Gallaecimonas mangrovi,0,0,0,0,0,0,0,2
Pseudohongiella spirulinae,1,1,0,0,0,0,0,0
Thiolapillus brandeum,1,0,0,0,0,0,0,0
f_Colwelliaceae,1,0,0,0,0,0,0,0
f_Enterobacteriaceae,496,1045,416,646,2,9,7,11
f_Hafniaceae,1,0,0,0,0,0,0,0
f_Morganellaceae,0,2,0,0,0,0,0,0
f_Halomonadaceae,0,0,0,0,0,3,3,1
f_Pasteurellaceae,0,1,0,0,0,0,0,0
f_Moraxellaceae,0,2,0,0,0,0,0,0
f_Pseudomonadaceae,0,0,0,0,1,0,0,0
f_Piscirickettsiaceae,1,0,0,0,0,0,0,0
f_Vibrionaceae,0,1,1,1,0,0,2,1
f_Rhodanobacteraceae,0,0,2,0,0,0,4,3
f_Xanthomonadaceae,0,0,0,1,0,0,0,0
Silvanigrellales bacterium RF1110005,0,1,0,1,0,0,0,0
f_Petrotogaceae,0,0,0,1,0,0,0,0
g_Staphylothermus,0,0,1,0,0,0,0,0
g_Sulfolobus,0,0,0,1,0,0,0,0
g_Methanobacterium,0,0,0,0,0,1,0,0
g_Methanococcus,0,1,0,0,0,0,0,0
Methanofervidicoccus sp. A16,0,0,0,1,0,0,0,0
g_Methanosarcina,0,1,0,1,0,0,0,0
g_Thermococcus,0,1,3,1,1,4,3,0
Nitrosopumilus piranensis,0,1,0,0,0,0,0,0
g_Actinomyces,0,0,0,0,1,0,0,0
g_Bifidobacterium,206,218,103,200,213,169,106,101
g_Candidatus Nanopelagicus,1,0,0,0,0,0,0,0
g_Corynebacterium,1,3,1,0,0,0,2,2
g_Dietzia,1,0,0,0,0,0,0,0
g_Gordonia,0,1,0,1,0,0,0,0
g_Mycobacterium,0,0,2,0,1,1,0,0
g_Mycobacteroides,1,0,0,0,0,0,0,0
g_Nocardia,0,0,0,0,1,0,0,0
g_Rhodococcus,0,2,0,0,0,0,2,2
Lawsonella clevelandensis,0,0,0,0,0,0,1,0
g_Brevibacterium,0,0,0,2,0,0,0,0
g_Leifsonia,0,0,0,0,0,2,2,2
g_Microbacterium,0,3,1,0,0,1,1,0
g_Rathayibacter,1,0,10,0,0,0,8,0
g_Kocuria,0,0,1,0,0,1,1,0
g_Micrococcus,0,0,0,0,1,0,0,0
g_Pseudarthrobacter,0,0,0,0,1,0,0,0
g_Actinoplanes,0,0,0,0,1,0,0,0
g_Micromonospora,1,0,0,0,0,0,0,0
g_Plantactinospora,0,0,0,1,0,1,0,0
g_Kribbella,0,0,0,1,0,0,0,0
g_Nocardioides,0,1,0,0,0,0,0,0
g_Pseudonocardia,2,0,0,0,0,0,0,0
g_Saccharopolyspora,0,0,0,1,0,0,0,0
g_Streptacidiphilus,0,0,1,0,0,0,0,0
g_Streptomyces,9,6,0,2,3,3,2,5
Coriobacteriaceae bacterium 68-1-3,5,1,0,2,0,0,0,0
g_Adlercreutzia,33,9,2,19,0,0,0,0
g_Eggerthella,1,0,0,4,0,0,0,0
g_Gordonibacter,18,2,0,1,0,0,0,0
Eggerthellaceae bacterium zg-1050,2,1,1,1,2,1,1,0
Thermosulfidibacter takaii,0,1,0,0,0,0,0,0
g_Bacteroides,1152,1558,1247,1874,2832,2841,1964,3500
g_Dysgonomonas,6,3,8,1,1,4,5,3
g_Duncaniella,9,7,26,8,5,16,34,11
g_Muribaculum,0,0,0,0,0,1,1,1
Muribaculaceae bacterium DSM 108610,6,16,84,14,22,38,72,66
g_Porphyromonas,1,0,2,0,0,3,1,2
g_Prevotella,119,120,726,168,157,375,748,336
g_Alistipes,99,71,60,94,232,119,86,80
g_Parabacteroides,260,351,179,212,11,9,14,16
g_Tannerella,0,2,1,0,0,0,0,0
Candidatus Azobacteroides pseudotrichonymphae,2,3,1,6,0,1,0,0
Phocaeicola dorei,1697,2078,2207,3559,14656,7348,4929,4522
Phocaeicola salanitronis,117,91,96,114,34,46,71,35
Phocaeicola vulgatus,1563,4033,4329,6972,13242,14733,9795,18860
Prolixibacteraceae bacterium WC007,0,4,1,0,0,0,2,2
g_Chitinophaga,2,1,6,2,1,1,5,0
g_Fibrella,0,0,0,0,0,1,0,0
g_Runella,0,0,0,0,0,1,0,0
g_Spirosoma,0,1,0,1,0,0,0,0
g_Flammeovirga,0,1,0,0,0,0,0,0
Flammeovirgaceae bacterium 311,1,2,7,4,1,10,7,5
g_Hymenobacter,1,0,5,3,9,6,6,3
g_Pontibacter,0,0,1,0,0,0,0,0
g_Capnocytophaga,2,1,10,4,2,1,8,1
g_Dokdonia,0,0,1,0,0,0,0,0
g_Flavobacterium,2,1,3,1,0,3,1,2
g_Formosa,0,1,0,0,0,0,0,0
g_Maribacter,0,0,7,0,1,2,5,0
g_Mesoflavibacter,0,1,2,0,2,1,1,0
g_Myroides,1,0,1,0,0,0,0,0
g_Nonlabens,0,0,0,1,0,1,0,0
g_Polaribacter,1,0,0,1,0,1,0,0
g_Salegentibacter,0,0,4,0,2,2,3,2
g_Winogradskyella,0,0,1,0,1,1,4,1
Flavobacteriaceae bacterium,0,1,0,0,0,0,0,0
Flavobacteriaceae bacterium 10Alg115,0,2,2,1,0,0,1,1
Flavobacteriaceae bacterium 3519-10,2,0,0,1,0,0,0,0
Flavobacteriaceae bacterium F202Z8,0,1,0,1,0,0,0,1
Flavobacteriaceae bacterium MAR_2010_188,2,0,6,0,0,3,3,2
Flavobacteriaceae bacterium RR4-40,0,1,2,0,2,1,0,2
g_Apibacter,0,0,0,1,0,2,3,0
g_Chryseobacterium,4,3,12,7,1,3,10,5
g_Elizabethkingia,0,1,1,1,0,0,0,0
g_Mucilaginibacter,0,0,0,0,0,6,4,1
g_Pedobacter,0,0,2,0,0,0,2,1
g_Sphingobacterium,3,1,8,1,2,3,2,5
Sphingobacteriaceae bacterium GW460-11-11-14-LB5,2,0,1,0,0,2,1,1
Rhodothermus marinus,2,1,1,2,1,0,0,2
Salinibacter ruber,0,2,0,0,0,0,0,0
g_Chlorobaculum,0,0,2,0,0,2,3,2
Anaerolineaceae bacterium oral taxon 439,1,0,0,0,0,0,0,0
g_Dehalococcoides,0,0,0,0,1,0,1,2
Crocosphaera subtropica,0,0,3,2,0,2,8,1
Euhalothece natronophila,0,0,0,1,0,0,0,0
Chondrocystis sp. NIES-4102,0,1,0,0,0,0,0,0
Geminocystis herdmanii,0,0,0,1,0,0,0,0
Geminocystis sp. NIES-3709,0,2,8,1,0,1,4,1
Cyanobacterium aponinum,0,0,0,0,1,0,0,0
Chroococcidiopsis thermalis,0,0,0,0,0,1,0,0
Anabaenopsis circularis,2,0,0,0,0,0,0,0
Nodularia spumigena,0,1,0,0,0,0,0,0
Sphaerospermopsis kisseleviana,2,0,0,0,0,0,0,0
Calothrix parietina,0,0,0,0,0,0,0,1
Fischerella sp. NIES-4106,0,1,0,0,0,0,0,0
Nostoc carneum,0,1,0,0,0,0,0,0
Nostoc edaphicum,0,1,0,0,0,0,0,0
Nostoc linckia,0,2,0,0,0,1,0,0
Nostoc sp. C052,0,1,0,0,0,0,0,0
Nostoc sp. CENA543,1,0,0,0,0,1,1,0
Nostoc sp. Lobaria pulmonaria (5183) cyanobiont,0,1,0,0,0,0,0,0
Nostoc sp. NIES-4103,0,0,1,0,0,1,0,1
Rivularia sp. PCC 7116,1,0,1,0,1,2,0,0
Tolypothrix sp. PCC 7910,0,0,1,0,0,0,0,0
Geitlerinema sp. PCC 7407,0,0,0,0,0,0,1,0
Oscillatoria acuminata,0,1,1,2,1,0,1,6
Pleurocapsa minor,0,0,1,0,0,0,0,1
Acaryochloris marina,0,0,0,0,3,0,0,1
Chamaesiphon minutus,1,0,0,0,0,0,0,0
Leptolyngbya boryana,1,0,0,0,0,0,0,0
Leptolyngbya sp. PCC 7376,0,8,41,10,8,21,37,23
Thermoleptolyngbya sp. PKUAC-SCTA183,1,0,2,0,0,0,0,0
Prochlorococcus marinus,4,0,2,0,0,0,0,0
Prochlorococcus sp. MIT 0604,2,0,0,0,0,0,0,0
Prochlorococcus sp. MIT 0801,0,1,0,0,0,0,0,0
Pseudanabaena sp. ABRG5-3,0,0,2,1,0,0,0,0
Cyanobium sp. NIES-981,0,1,0,0,0,0,0,0
Dactylococcopsis salina,1,1,0,0,0,0,0,0
Synechococcus sp. CC9311,0,0,1,0,0,0,0,0
Synechococcus sp. LTW-R,0,0,0,0,0,0,0,1
Synechococcus sp. NIES-970,2,0,0,0,0,0,0,0
Synechococcus sp. WH 8109,0,0,0,0,1,0,0,0
Thermosynechococcus sp. CL-1,0,0,0,2,0,0,0,0
Thermostichus vulcanus,0,1,0,0,0,0,0,0
g_Deinococcus,0,1,0,0,0,0,0,0
g_Anoxybacillus,1,0,0,1,0,0,0,0
g_Bacillus,8,15,5,11,3,5,0,2
g_Geobacillus,1,3,0,2,0,1,0,0
g_Lysinibacillus,0,0,1,0,0,0,0,0
g_Mesobacillus,0,0,0,2,0,0,0,0
g_Oceanobacillus,0,0,0,1,0,0,0,0
g_Virgibacillus,0,3,0,1,0,0,0,0
Bacillaceae bacterium TKL69,0,0,1,0,0,0,0,0
g_Listeria,1,1,1,0,0,0,0,0
g_Brevibacillus,2,3,3,0,0,0,0,0
g_Paenibacillus,6,7,3,4,4,3,3,4
Paenibacillaceae bacterium GAS479,1,0,0,2,1,0,0,0
g_Planococcus,0,1,0,1,0,0,0,0
g_Sporosarcina,1,0,0,2,1,1,0,0
Salisediminibacterium selenitireducens,1,5,2,1,0,0,0,0
g_Macrococcus,0,1,0,0,0,0,0,0
g_Staphylococcus,5,3,2,5,0,1,0,1
Exiguobacterium antarcticum,0,1,0,1,0,0,0,0
Exiguobacterium mexicanum,0,0,1,0,0,0,0,0
Exiguobacterium artemiae,2,0,0,0,0,0,0,0
Exiguobacterium sp. N4-1P,0,1,0,0,0,0,0,0
Gemella haemolysans,1,0,1,2,0,0,0,0
Gemella morbillorum,1,1,0,0,0,0,0,0
Gemella sanguinis,1,0,0,2,0,0,0,0
g_Jeotgalibaca,0,0,1,1,0,0,0,0
g_Enterococcus,65,11,10,14,0,10,7,4
g_Lactobacillus,4,4,11,7,7,4,7,1
g_Leuconostoc,1,0,0,0,0,0,0,0
g_Lactococcus,0,1,0,0,0,0,0,0
g_Streptococcus,245,140,64,191,1,2,6,4
g_Candidatus Arthromitus,0,1,0,0,0,0,0,0
g_Clostridium,14,12,2,5,3,1,0,1
Clostridiaceae bacterium 14S0207,1,1,0,3,3,0,2,0
g_Aminipila,2,0,0,0,0,0,0,0
g_Mogibacterium,0,1,0,0,0,0,0,0
[Eubacterium] minutum,0,0,0,2,1,1,2,0
[Eubacterium] sulci,4,2,0,4,5,2,0,6
g_Thermaerobacter,0,0,0,0,1,0,0,1
g_Eubacterium,3,2,3,4,0,0,0,0
g_Anaerocolumna,1,4,1,2,0,0,0,0
g_Anaerostipes,0,1,4,0,0,0,1,0
g_Blautia,40,58,25,41,3,2,3,2
g_Butyrivibrio,2,5,1,2,0,0,0,0
g_Cellulosilyticum,3,2,3,2,1,0,3,3
g_Enterocloster,4,1,0,2,0,0,0,0
g_Lachnoclostridium,5,4,0,12,0,0,0,0
g_Lacrimispora,1,4,3,5,0,0,0,0
g_Roseburia,47,66,20,37,0,1,1,1
Lachnospiraceae bacterium,57,134,46,92,1,1,0,6
Lachnospiraceae bacterium Choco86,240,338,127,220,7,3,2,7
Lachnospiraceae bacterium GAM79,133,182,61,124,15,10,2,6
Lachnospiraceae bacterium KM106-2,29,56,25,28,0,1,0,0
Lachnospiraceae bacterium oral taxon 500,4,1,2,4,0,0,0,0
g_Dehalobacter,1,0,0,1,0,0,0,1
g_Desulfotomaculum,0,0,1,0,0,0,0,0
Peptococcaceae bacterium DCMF,0,0,0,0,1,0,0,1
g_Romboutsia,4,1,0,0,0,0,0,0
Peptostreptococcaceae bacterium oral taxon 929,1,0,1,2,3,0,1,0
g_Ruminococcus,0,2,0,1,2,0,0,2
[Clostridium] cellulosi,4,1,2,2,2,7,3,2
Ruminococcaceae bacterium CPB6,0,0,2,0,1,0,0,1
Ruminococcaceae bacterium LBM 19010,0,1,0,0,0,0,0,0
Flintibacter sp. KGMB00164,4,4,2,11,3,5,0,4
Intestinimonas butyriciproducens,3,1,1,3,0,1,0,0
Massilistercora timonensis,70,59,47,47,5,7,10,14
Anoxybacter fermentans,1,0,0,1,0,0,0,0
g_Thermoanaerobacter,1,2,5,4,0,0,2,1
g_Caldicellulosiruptor,2,0,1,0,3,0,1,1
g_Thermoanaerobacterium,0,1,0,1,0,0,0,0
g_Erysipelothrix,0,1,0,1,0,2,0,0
Erysipelotrichaceae bacterium GAM147,9,16,8,2,0,0,0,0
g_Acidaminococcus,0,2,0,1,0,0,0,0
g_Megamonas,2,2,0,0,0,0,0,0
g_Selenomonas,1,1,0,0,1,0,1,3
g_Dialister,13,5,3,6,1,6,8,7
g_Megasphaera,1,0,0,0,0,0,0,0
g_Veillonella,7,1,0,2,0,0,0,0
Schnuerera ultunensis,0,1,1,1,0,0,0,0
g_Fusobacterium,3,0,0,0,0,0,1,0
g_Leptotrichia,0,2,0,1,1,0,0,0
g_Brevundimonas,1,1,0,2,0,1,4,1
g_Martelella,0,1,0,0,0,0,0,0
g_Bartonella,0,1,0,0,0,0,1,0
g_Bosea,0,0,0,0,1,0,0,0
g_Bradyrhizobium,0,2,2,3,1,4,0,0
g_Brucella,0,0,1,0,0,0,0,0
g_Devosia,0,0,0,0,1,0,0,0
g_Methylobacterium,1,0,2,0,0,1,0,0
g_Methylorubrum,0,0,1,0,1,0,0,0
g_Mesorhizobium,3,0,1,0,0,0,0,0
g_Agrobacterium,0,0,3,1,0,1,3,2
g_Rhizobium,0,2,4,0,1,1,7,1
g_Sinorhizobium,1,0,0,0,0,0,0,0
Rhodobiaceae bacterium,1,0,2,1,6,3,2,1
Methyloceanibacter caenitepidi,1,0,0,0,0,0,0,0
Methyloligella sp. GL2,1,1,0,0,0,0,0,0
Nordella sp. HKS 07,0,0,0,1,0,0,0,0
Pseudorhodoplanes sinuspersici,0,0,1,0,2,0,1,1
g_Labrenzia,0,1,0,0,2,0,0,0
g_Leisingera,1,0,0,0,0,0,0,0
Rhodobacteraceae bacterium 9Alg 56,0,0,0,0,1,1,0,2
Rhodobacteraceae bacterium BAR1,0,0,1,0,0,0,0,0
Rhodobacteraceae bacterium QY30,1,0,0,0,0,0,0,0
Rhodobacteraceae bacterium RR4-56,0,0,0,0,0,1,0,0
Rhodobacteraceae bacterium SC52,0,2,0,0,0,0,0,0
g_Acetobacter,0,0,0,1,0,1,1,0
g_Acidiphilium,0,0,1,0,0,0,0,0
g_Gluconobacter,0,0,3,0,0,3,8,3
g_Komagataeibacter,0,1,3,0,1,0,0,0
g_Roseomonas,0,1,0,0,0,0,0,0
Acetobacteraceae bacterium,1,0,3,0,0,3,4,3
g_Azospirillum,0,0,3,0,0,1,6,2
g_Wolbachia,1,0,1,0,1,0,0,0
g_Rickettsia,0,1,0,0,1,0,0,3
g_Blastomonas,0,0,0,1,0,0,0,0
g_Sphingobium,0,0,0,2,0,3,0,0
g_Sphingomonas,0,1,0,1,0,0,0,0
Casimicrobium huifangae,1,0,0,2,0,0,0,0
g_Achromobacter,3,0,0,0,0,0,0,0
g_Alcaligenes,1,0,0,0,0,0,0,0
g_Bordetella,1,0,0,1,1,0,0,0
Alcaligenaceae bacterium SJ-26,2,0,0,0,0,0,0,0
g_Burkholderia,2,1,0,5,0,1,1,1
g_Caballeronia,0,1,0,0,0,0,0,0
g_Cupriavidus,19,6,4,10,0,0,0,0
g_Pandoraea,0,0,0,0,0,0,0,1
g_Paraburkholderia,2,1,0,0,0,2,0,0
g_Polynucleobacter,2,0,0,0,0,0,0,0
g_Acidovorax,1,0,0,0,0,0,0,0
g_Comamonas,0,0,1,0,0,0,0,0
g_Delftia,1,0,0,0,0,0,0,0
g_Hydrogenophaga,0,0,0,0,2,0,0,0
g_Variovorax,0,1,0,0,0,0,0,0
g_Herbaspirillum,0,0,0,0,0,1,0,0
g_Massilia,1,0,0,0,0,0,2,0
g_Undibacterium,2,0,0,0,0,0,0,0
Inhella inkyongensis,0,0,1,0,0,0,0,0
Leptothrix cholodnii,0,0,0,2,0,1,0,0
Methylibium sp. Pch-M,1,0,2,0,0,0,5,1
Paucibacter sp. KCTC 42545,0,1,0,0,0,0,1,1
Rhizobacter gummiphilus,0,2,0,0,0,1,0,0
Rubrivivax gelatinosus,0,0,0,0,0,1,1,0
Thiomonas sp. X19,0,1,0,0,0,0,0,0
Xylophilus sp. KACC 21265,1,0,0,0,0,0,0,0
g_Chromobacterium,1,0,0,0,0,0,0,0
g_Eikenella,1,0,0,0,0,0,0,0
g_Neisseria,2,0,3,1,1,0,1,2
Neisseriaceae bacterium DSM 100970,0,0,0,1,0,0,0,0
g_Methylovorus,1,0,0,0,0,2,1,0
g_Nitrosomonas,0,1,0,0,0,0,0,0
Sterolibacteriaceae bacterium J5B,1,0,0,0,0,0,0,0
Sterolibacteriaceae bacterium M52,0,0,0,0,2,0,0,0
Candidatus Desulfofervidus auxilii,0,1,0,0,0,0,0,0
g_Desulfovibrio,0,0,0,1,0,0,0,0
g_Pseudodesulfovibrio,0,0,0,0,0,1,0,0
g_Geobacter,0,0,0,0,1,0,0,0
g_Myxococcus,1,0,0,0,0,0,0,0
Minicystis rosea,0,2,0,0,1,0,0,0
g_Arcobacter,0,1,2,0,0,0,0,0
g_Campylobacter,0,3,1,0,0,0,0,0
Arcobacter sp. LPB0137,1,0,0,0,2,0,0,1
g_Helicobacter,1,0,0,0,0,0,0,0
g_Sulfurimonas,0,1,2,0,1,1,1,0
Nitratifractor salsuginis,0,1,0,0,0,0,0,0
g_Aeromonas,0,0,1,3,0,0,3,2
g_Alteromonas,0,3,0,0,0,0,0,0
g_Marinobacter,1,0,0,2,0,0,1,0
Idiomarinaceae bacterium HL-53,0,0,6,1,0,1,1,0
g_Pseudoalteromonas,1,0,3,1,0,0,0,0
g_Shewanella,3,1,3,2,0,0,0,1
g_Microbulbifer,0,0,0,1,0,0,0,0
Ectothiorhodospiraceae bacterium 2226,0,0,0,0,1,0,0,0
g_Citrobacter,8,11,3,4,0,0,0,0
g_Enterobacter,2,8,5,3,4,5,11,1
g_Escherichia,56,147,56,94,0,0,0,0
g_Klebsiella,1451,363,113,479,0,0,1,0
g_Leclercia,1,0,0,0,0,0,0,0
g_Raoultella,0,1,1,0,0,0,0,0
g_Salmonella,2,0,0,0,3,0,0,1
g_Shigella,0,2,1,0,0,0,0,0
Enterobacteriaceae bacterium strain FGI 57,1,0,0,0,0,0,0,0
Enterobacteriaceae endosymbiont of Donacia piscatrix,0,1,0,0,0,0,0,0
Enterobacteriaceae endosymbiont of Donacia proxima,0,0,0,1,0,0,0,0
Enterobacteriaceae endosymbiont of Macroplea appendiculata,0,1,0,0,0,0,0,0
Enterobacteriaceae endosymbiont of Plateumaris braccata,0,1,0,0,0,0,0,0
Plautia stali symbiont,0,0,1,0,1,0,2,1
secondary endosymbiont of Heteropsylla cubana,1,0,0,0,0,0,0,0
g_Erwinia,1,0,0,0,0,0,0,0
Erwiniaceae bacterium PD-1,0,0,0,1,0,0,0,0
g_Edwardsiella,0,2,1,0,0,0,0,0
g_Hafnia,0,0,0,0,0,0,1,0
g_Providencia,0,0,0,1,1,0,2,0
g_Brenneria,0,1,5,0,0,0,0,0
g_Dickeya,0,0,2,0,0,0,0,0
g_Pectobacterium,0,2,1,1,0,0,0,0
g_Serratia,4,1,0,0,0,0,0,0
g_Yersinia,0,0,0,1,0,0,0,0
Phytobacter ursingii,0,0,0,0,0,1,0,0
g_Methylomicrobium,0,1,0,0,0,0,0,0
g_Alcanivorax,1,0,0,0,0,0,0,0
g_Cobetia,1,0,0,0,0,0,0,0
g_Halomonas,0,0,0,0,2,0,0,2
g_Actinobacillus,2,0,0,1,0,0,0,0
g_Basfia,0,0,0,0,0,0,1,0
g_Haemophilus,4,0,2,0,0,1,0,0
g_Mannheimia,2,0,0,0,0,0,0,0
g_Pasteurella,0,1,0,0,0,0,0,0
Pasteurella aerogenes,1,0,0,0,0,0,0,0
Pasteurellaceae bacterium RH1A,0,1,0,0,0,0,0,0
g_Acinetobacter,3,0,2,4,1,0,0,0
g_Psychrobacter,1,1,0,0,0,0,1,0
g_Pseudomonas,10,10,17,5,7,4,11,5
g_Francisella,1,1,0,0,0,0,0,0
g_Vibrio,1,2,7,3,3,3,3,1
g_Stenotrophomonas,2,0,0,0,0,0,0,0
g_Xanthomonas,0,1,2,0,0,0,1,2
g_Brachyspira,1,0,0,0,0,0,0,0
g_Borreliella,1,1,0,0,0,0,0,0
g_Treponema,1,0,0,0,0,1,0,1
g_Candidatus Phytoplasma,0,0,0,1,0,0,0,0
g_Spiroplasma,0,0,0,1,0,0,0,1
g_Mycoplasma,0,1,0,0,1,0,1,0
g_Marinitoga,1,0,0,0,0,0,0,0
g_Fervidobacterium,0,0,0,0,0,0,0,2
g_Thermotoga,0,0,5,0,1,0,6,0
Opitutaceae bacterium TAV5,0,0,0,0,0,0,2,0
Siophivirus SIOphi,0,0,0,1,0,0,0,0
g_Firehammervirus,0,1,0,0,0,0,0,0
Bacteroides phage crAss001,1,0,0,0,0,0,0,0
g_Austintatiousvirus,0,2,0,0,0,0,0,0
g_Bongovirus,0,1,0,0,0,0,0,0
Acidianus brierleyi,0,1,0,0,0,0,0,0
Sulfurisphaera tokodaii,0,2,0,0,0,0,0,0
Caldivirga maquilingensis,0,0,1,0,0,0,3,0
Haloarcula marismortui,0,0,0,0,1,0,0,0
Haloarcula sp. JP-L23,0,0,0,0,0,0,1,0
Halosimplex pelagicum,0,0,0,0,1,0,0,0
Halalkalicoccus jeotgali,1,0,0,0,0,0,0,0
Halodesulfurarchaeum formicicum,0,0,0,0,0,0,2,0
Haloferax gibbonsii,0,0,1,0,0,0,0,0
Haloferax volcanii,0,2,7,1,2,1,3,3
Haloquadratum walsbyi,0,1,0,0,0,0,0,0
Halopiger xanaduensis,0,0,0,0,4,0,0,0
Natrialba magadii,0,0,0,0,0,1,0,0
Natronobacterium gregoryi,0,1,0,0,0,0,0,0
Methanobacterium congolense,0,1,0,0,0,0,0,0
Methanobacterium lacus,0,0,0,1,0,0,0,0
Methanobacterium sp. MZ-A1,0,1,0,0,0,0,0,0
Methanobacterium subterraneum,0,1,0,0,0,1,1,0
Methanobrevibacter olleyae,0,1,0,0,0,0,0,0
Methanobrevibacter ruminantium,1,0,0,2,0,0,0,0
Methanobrevibacter smithii,522,685,265,422,0,0,0,0
Methanobrevibacter sp. AbM4,0,0,0,1,0,0,0,0
Methanobrevibacter sp. YE315,0,0,1,1,0,0,0,0
Methanocaldococcus sp. FS406-22,1,0,0,0,0,0,0,0
Methanococcus vannielii,0,1,0,0,0,0,0,0
Methanocorpusculum labreanum,0,0,3,1,0,0,2,5
Methanolacinia petrolearia,0,0,1,3,0,2,5,0
Methanoplanus limicola,0,0,0,0,0,3,0,2
Methanoregula boonei,0,0,5,0,0,0,0,0
Methanospirillum hungatei,0,1,0,0,0,0,0,0
Methanococcoides burtonii,1,0,0,0,0,0,0,0
Methanococcoides methylutens,0,1,0,0,3,0,0,0
Methanohalophilus halophilus,0,0,0,1,0,0,0,0
Methanomethylovorans hollandica,0,1,0,0,0,0,0,0
Methanosalsum zhilinae,0,0,1,0,0,0,0,0
Methanosarcina barkeri,1,0,0,0,0,0,0,0
Methanosarcina flavescens,0,0,0,1,0,0,0,0
Methanosarcina lacustris,0,0,0,1,0,0,0,0
Methanosarcina mazei,0,0,1,0,0,0,0,0
Methanosarcina siciliae,0,1,0,0,0,1,0,0
Methanosarcina sp. Kolksee,0,1,0,0,0,0,0,0
Methanosarcina thermophila,1,0,0,0,0,0,0,0
Methanothrix soehngenii,0,1,0,0,0,0,0,0
Thermococcus barophilus,1,0,0,0,0,2,0,1
Thermococcus gorgonarius,0,1,0,0,0,0,0,0
Thermococcus sp. 5-4,1,0,0,0,0,0,0,0
Thermococcus thioreducens,1,0,0,0,0,0,0,0
Methanomethylophilus alvi,1,0,0,0,0,0,0,0
Acidisarcina polymorpha,0,1,0,0,0,0,0,0
Granulicella tundricola,0,1,0,0,0,0,0,0
Terriglobus albidus,2,0,2,0,0,0,0,0
Terriglobus roseus,0,1,0,0,0,0,0,0
Candidatus Solibacter usitatus,0,0,1,0,0,0,0,0
Actinobaculum sp. 313,0,0,0,2,1,0,0,0
Actinomyces oris,0,0,0,0,0,0,0,1
Actinomyces pacaensis,0,0,0,0,0,1,0,0
Actinomyces sp. 2129,0,0,0,2,0,0,0,0
Actinomyces sp. oral taxon 171,0,1,0,0,0,0,0,0
Actinomyces sp. oral taxon 414,0,0,0,1,0,0,1,0
Arcanobacterium phocae,0,1,0,0,0,0,0,0
Arcanobacterium sp. 2701,1,0,0,0,0,0,0,0
Flaviflexus sp. dk850,0,1,1,0,0,0,1,0
Mobiluncus curtisii,1,0,0,0,0,0,0,0
Schaalia cardiffensis,1,0,0,0,0,0,0,1
Schaalia odontolytica,1,2,0,0,2,2,1,1
Schaalia sp. JY-X169,1,0,0,1,0,0,0,0
Trueperella pyogenes,2,0,0,1,0,0,0,0
Bifidobacterium adolescentis,572,1074,1180,1878,5828,4077,2717,2451
Bifidobacterium angulatum,561,136,60,192,2,2,3,0
Bifidobacterium animalis,546,99,38,144,0,0,0,0
Bifidobacterium asteroides,0,0,0,1,0,0,0,0
Bifidobacterium bifidum,599,418,152,263,2,0,2,0
Bifidobacterium breve,3,6,2,2,1,2,0,2
Bifidobacterium catenulatum,547,176,68,244,4,1,3,1
Bifidobacterium dentium,1,1,0,3,0,0,0,0
Bifidobacterium longum,643,1986,764,1225,2,2,0,0
Bifidobacterium pseudocatenulatum,577,347,137,211,1,1,0,0
Bifidobacterium pseudolongum,1,0,0,0,0,0,0,0
Bifidobacterium scardovii,0,1,0,0,0,1,0,0
Bifidobacterium thermophilum,1,1,0,0,0,0,0,0
Gardnerella vaginalis,0,0,2,2,0,0,0,1
Candidatus Planktophila lacus,1,0,0,0,0,0,0,0
Candidatus Planktophila limnetica,1,0,0,0,0,0,0,0
Candidatus Planktophila versatilis,1,0,0,0,0,0,3,0
Catenulispora acidiphila,0,0,0,0,0,1,0,0
Corynebacterium ammoniagenes,1,0,1,2,1,1,0,0
Corynebacterium camporealensis,0,0,0,0,1,0,0,0
Corynebacterium casei,1,0,0,0,0,0,0,0
Corynebacterium choanis,1,0,0,0,0,0,0,0
Corynebacterium cystitidis,0,0,0,0,0,0,1,0
Corynebacterium efficiens,0,1,0,1,0,0,0,0
Corynebacterium endometrii,0,0,2,0,3,0,3,1
Corynebacterium flavescens,0,3,0,0,1,0,1,0
Corynebacterium genitalium,0,0,0,0,0,1,0,0
Corynebacterium glyciniphilum,0,0,0,0,3,0,1,0
Corynebacterium humireducens,0,0,0,0,0,1,0,0
Corynebacterium jeikeium,0,0,0,0,0,1,2,0
Corynebacterium kroppenstedtii,0,1,0,0,0,0,0,0
Corynebacterium matruchotii,1,0,0,0,0,0,0,0
Corynebacterium pseudotuberculosis,0,0,1,0,0,0,0,0
Corynebacterium riegelii,0,0,0,0,0,0,0,1
Corynebacterium sanguinis,0,0,1,0,1,0,0,0
Corynebacterium segmentosum,0,0,0,0,4,2,0,0
Corynebacterium simulans,0,1,0,0,0,0,0,0
Corynebacterium sp. 2183,0,0,6,1,0,1,3,2
Corynebacterium sp. ATCC 6931,0,0,0,0,0,1,3,1
Corynebacterium sp. LMM-1652,0,0,0,2,0,0,0,0
Corynebacterium sp. NML98-0116,0,3,0,0,0,0,0,0
Corynebacterium sp. sy039,0,1,1,0,0,1,1,2
Corynebacterium striatum,0,0,0,0,2,1,0,0
Corynebacterium testudinoris,0,0,0,0,2,0,0,1
Corynebacterium ulcerans,0,2,2,1,0,4,2,2
Dietzia timorensis,1,0,0,0,0,0,0,0
Gordonia bronchialis,1,0,0,0,0,0,0,0
Gordonia insulae,1,0,0,0,0,0,0,0
Gordonia sp. YC-JH1,1,0,0,0,0,0,0,0
Gordonia terrae,0,0,1,1,0,0,0,0
Mycobacterium gallinarum,0,0,0,0,1,1,0,0
Mycobacterium gordonae,0,0,0,0,0,0,1,0
Mycobacterium grossiae,0,0,1,0,0,0,0,0
Mycobacterium haemophilum,0,0,0,0,0,1,2,0
Mycobacterium kansasii,1,0,0,0,0,0,0,0
Mycobacterium leprae,0,0,0,0,1,0,0,0
Mycobacterium mantenii,0,0,1,0,0,1,0,1
Mycobacterium marinum,1,0,0,0,0,0,0,0
Mycobacterium paraseoulense,0,0,0,1,0,0,0,0
Mycobacterium saskatchewanense,0,0,0,0,0,0,1,0
Mycobacterium sp. PYR15,0,1,0,0,0,0,0,0
Mycobacterium stomatepiae,0,0,0,1,0,0,0,0
Mycobacteroides abscessus,0,0,0,0,0,1,1,0
Mycolicibacter sinensis,0,0,1,0,0,0,0,0
Mycolicibacter terrae,0,0,1,0,0,0,0,0
Mycolicibacterium aurum,3,0,0,0,0,0,0,0
Mycolicibacterium confluentis,0,0,4,0,0,0,3,1
Mycolicibacterium duvalii,1,0,0,0,0,0,0,0
Mycolicibacterium fallax,0,0,0,1,3,0,0,3
Mycolicibacterium fortuitum,0,1,4,0,0,0,3,0
Mycolicibacterium gadium,1,1,0,0,0,0,0,0
Mycolicibacterium helvum,0,1,0,1,0,0,1,0
Mycolicibacterium moriokaense,0,0,0,2,0,0,0,0
Mycolicibacterium psychrotolerans,1,0,0,0,1,0,0,0
Mycolicibacterium pulveris,0,0,0,0,0,1,0,0
Mycolicibacterium sediminis,1,0,0,0,0,0,0,0
Mycolicibacterium thermoresistibile,0,1,0,0,0,0,0,0
Mycolicibacterium vaccae,0,0,0,1,0,0,0,0
Nocardia mangyaensis,0,1,0,0,0,1,0,0
Nocardia nova,0,1,0,0,0,0,0,0
Nocardia seriolae,0,0,0,0,0,0,0,1
Nocardia sp. CFHS0054,0,0,0,0,0,1,0,0
Nocardia sp. WCH-YHL-001,0,0,0,0,0,0,0,1
Nocardia terpenica,0,1,0,0,0,0,0,0
Rhodococcus coprophilus,0,0,1,0,0,0,1,0
Rhodococcoides fascians,0,0,0,1,0,0,0,0
Rhodococcus sp. P1Y,0,0,1,0,0,0,0,0
Rhodococcus sp. PBTS 1,0,0,0,0,0,0,0,2
Tsukamurella paurometabola,0,0,0,1,0,0,0,0
Candidatus Frankia datiscae,1,0,0,0,0,0,0,0
Frankia sp. EAN1pec,0,0,0,0,0,0,1,0
Jatrophihabitans sp. GAS493,2,0,0,0,0,0,0,0
Miniimonas sp. S16,0,0,0,0,0,1,0,0
Brevibacterium aurantiacum,0,1,0,0,0,0,0,0
Brevibacterium linens,0,0,1,1,0,0,0,0
Brevibacterium luteolum,1,0,3,0,0,1,6,0
Brevibacterium sp. o2,0,1,0,0,0,0,0,0
Brevibacterium sp. YB235,1,0,0,0,0,0,0,0
Cellulomonas flavigena,1,0,0,0,0,0,0,0
Cellulomonas sp. JZ18,0,0,1,0,0,0,0,0
Brachybacterium avium,0,0,1,0,0,0,0,0
Dermabacter jinjuensis,0,0,0,1,0,0,1,1
Luteipulveratus mongoliensis,0,1,1,2,0,3,4,5
Mobilicoccus sp. NJES-13,0,1,0,0,0,0,0,0
Janibacter limosus,2,0,0,0,0,1,0,0
Janibacter melonis,0,0,0,0,1,2,0,0
Ornithinimicrobium sp. H23M54,0,0,1,0,1,1,1,0
Ornithinimicrobium sp. HY006,0,1,0,0,0,0,0,0
Phycicoccus dokdonensis,0,0,0,0,1,0,1,0
Serinicoccus chungangensis,0,0,0,0,3,1,0,0
Serinicoccus hydrothermalis,0,0,0,0,1,0,0,0
Serinicoccus profundi,0,0,0,0,2,0,0,0
Jonesia denitrificans,0,1,0,0,0,0,0,0
Agrococcus jejuensis,0,0,0,0,1,0,0,0
Agromyces flavus,0,1,0,0,0,0,1,0
Agromyces sp. MF30-A,0,1,0,0,0,0,0,0
Candidatus Aquiluna sp. 15G-AUS-rot,0,0,0,1,0,0,1,0
Candidatus Aquiluna sp. UB-MaderosW2red,0,0,2,0,0,0,0,1
Cryobacterium arcticum,1,0,0,0,0,0,0,0
Curtobacterium sp. MR_MD2014,0,0,0,1,0,0,0,0
Leifsonia xyli,1,0,0,0,0,0,0,0
Marisediminicola antarctica,0,0,0,0,1,0,0,0
Microbacterium foliorum,0,3,0,0,0,0,0,0
Microbacterium hominis,1,0,0,0,0,0,0,0
Microbacterium oleivorans,0,0,0,1,1,0,1,0
Microbacterium sp. 1S1,1,0,0,0,0,0,0,1
Microbacterium sp. No. 7,0,0,0,1,0,0,0,0
Rathayibacter sp. VKM Ac-2759,0,0,0,0,0,0,1,0
Rhodoluna lacicola,2,0,0,0,0,0,0,0
Arthrobacter alpinus,0,0,1,0,0,0,0,0
Arthrobacter citreus,1,2,6,0,0,4,4,4
Arthrobacter crystallopoietes,1,1,0,0,0,0,0,0
Arthrobacter sp. FB24,2,0,0,0,0,0,0,0
Arthrobacter sp. KBS0702,0,1,0,0,0,0,0,0
Arthrobacter sp. YN,0,0,0,1,1,1,0,1
Auritidibacter sp. NML130574,1,0,0,0,1,0,0,0
Glutamicibacter halophytocola,0,1,0,0,0,0,0,0
Kocuria sp. TGY1127_2,0,0,2,2,0,1,0,1
Nesterenkonia sp. NBAIMH1,0,0,0,3,2,0,0,0
Pseudarthrobacter chlorophenolicus,1,0,0,0,1,0,0,0
Pseudarthrobacter equi,0,1,0,0,1,1,0,0
Pseudarthrobacter phenanthrenivorans,0,1,0,0,0,0,0,0
Pseudarthrobacter sp. NBSH8,0,0,0,1,0,0,0,0
Rothia dentocariosa,0,0,1,0,1,0,0,0
Rothia mucilaginosa,0,0,0,2,0,0,0,0
Cellulosimicrobium cellulans,1,0,0,0,0,0,0,0
Xylanimonas allomyrinae,0,0,0,1,0,0,0,0
Actinoplanes derwentensis,1,0,0,0,0,0,0,1
Actinoplanes missouriensis,1,0,0,1,0,0,0,0
Actinoplanes sp. OR16,0,0,1,0,1,0,0,0
Micromonospora coriariae,1,0,0,0,0,0,0,0
Micromonospora coxensis,0,0,0,0,1,0,0,0
Micromonospora echinospora,0,1,0,1,0,0,0,0
Micromonospora narathiwatensis,0,0,0,1,0,0,0,0
Micromonospora purpureochromogenes,0,0,0,0,1,0,0,0
Micromonospora sp. 28ISP2-46,1,0,0,0,0,0,0,0
Verrucosispora sp. NA02020,0,0,0,0,0,0,1,0
Nakamurella sp. s14-144,0,0,0,1,0,0,0,0
Aeromicrobium choanae,0,0,0,0,0,0,0,1
Aeromicrobium erythreum,0,1,0,0,0,0,0,0
Kribbella qitaiheensis,0,0,0,1,0,0,0,0
Marmoricola scoriae,0,0,0,0,0,0,0,1
Micropruina glycogenica,0,0,0,0,0,1,2,0
Nocardioides baekrokdamisoli,0,1,0,0,0,0,0,0
Nocardioides marinisabuli,1,0,0,0,0,0,0,0
Nocardioides sp. HDW12A,0,0,0,0,1,0,0,0
Nocardioides sp. HDW12B,1,0,0,0,0,0,0,0
Nocardioides sp. HY056,0,0,3,0,2,2,3,0
Nocardioides sp. KUDC 5002,0,0,3,0,3,2,1,0
Nocardioides sp. R-3366,0,0,3,0,0,0,0,0
Nocardioides sp. S-1144,0,0,0,0,0,2,0,1
Nocardioides ungokensis,0,0,2,0,0,0,1,0
Acidipropionibacterium virtanenii,1,0,0,0,1,0,0,0
Auraticoccus monumenti,0,0,0,0,0,1,0,1
Cutibacterium acnes,0,0,0,0,0,1,0,0
Cutibacterium avidum,0,0,2,1,0,1,2,0
Microlunatus soli,0,0,0,1,0,0,0,0
Propionibacterium freudenreichii,0,0,2,2,0,0,3,1
Propioniciclava sp. HDW11,0,0,0,0,0,1,0,0
Propionimicrobium sp. Marseille-P3275,0,1,0,0,0,0,0,0
Arachnia propionica,2,0,0,0,0,0,0,0
Raineyella sp. CBA3103,0,1,0,0,1,0,0,0
Tessaracoccus flavescens,0,0,2,0,0,0,0,0
Amycolatopsis albispora,0,0,0,0,0,0,1,1
Amycolatopsis sp. Hca4,0,0,0,1,0,0,0,0
Amycolatopsis sp. YIM 10,0,0,0,0,0,1,2,0
Kibdelosporangium phytohabitans,0,1,0,0,0,0,0,0
Kutzneria albida,1,0,0,0,0,0,0,0
Lentzea guizhouensis,0,0,0,1,0,0,0,0
Pseudonocardia dioxanivorans,1,0,2,0,0,0,0,0
Pseudonocardia sp. Gen01,0,0,0,0,1,0,0,1
Saccharomonospora azurea,0,0,0,0,1,0,0,0
Saccharomonospora marina,1,0,0,0,0,0,0,0
Saccharopolyspora erythraea,0,0,1,0,0,0,0,0
Saccharothrix syringae,0,0,1,0,1,0,0,0
Kitasatospora setae,1,0,0,0,1,0,0,0
Kitasatospora sp. MMS16-BH015,0,0,0,0,1,0,0,0
Kitasatospora sp. NA04385,0,1,0,2,0,0,0,0
Streptacidiphilus bronchialis,0,0,0,1,0,0,0,0
Streptomyces albus,0,0,0,0,1,0,0,0
Streptomyces ambofaciens,0,0,0,1,0,0,0,0
Streptomyces antibioticus,0,0,0,1,0,0,0,0
Streptomyces cacaoi,0,1,0,0,0,0,0,0
Streptantibioticus cattleyicolor,0,0,0,1,0,0,0,0
Streptomyces dengpaensis,0,0,4,0,4,0,2,0
Streptomyces ficellus,0,0,1,0,0,0,0,0
Streptomyces finlayi,1,0,0,0,0,1,0,0
Streptomyces gilvosporeus,0,0,0,0,2,1,1,0
Streptomyces glaucescens,1,0,0,0,0,1,0,0
Streptomyces globisporus,0,0,0,0,0,1,1,0
Streptomyces hawaiiensis,0,0,0,0,0,0,1,0
Streptomyces lavendulae,0,0,0,0,0,2,1,0
Streptomyces lydicus,0,0,0,0,1,0,1,0
Streptomyces nitrosporeus,2,0,0,0,0,0,0,0
Streptomyces pactum,0,0,1,0,0,0,0,0
Streptomyces paludis,0,0,0,0,0,0,0,1
Streptomyces peucetius,0,0,0,0,0,0,1,0
Streptomyces pratensis,0,0,0,0,0,1,0,0
Streptomyces rutgersensis,0,0,0,1,0,0,1,0
Streptomyces scabiei,1,0,0,0,0,0,0,0
Streptomyces sp. 3214.6,0,0,1,0,0,0,0,0
Streptomyces sp. 769,0,0,0,0,0,0,1,0
Streptomyces sp. ADI95-16,1,0,0,0,0,0,0,0
Streptomyces sp. CdTB01,0,0,0,0,1,0,0,0
Streptomyces sp. M2,0,0,0,0,0,1,0,0
Streptomyces sp. MOE7,1,0,0,0,0,0,0,0
Streptomyces sp. NA04227,1,0,0,1,1,0,0,0
Streptomyces sp. NHF165,0,0,0,0,1,0,0,0
Streptomyces sp. RLB1-33,0,0,0,0,0,1,0,0
Streptomyces sp. SAT1,0,0,0,0,1,0,0,0
Streptomyces sp. SirexAA-E,0,0,0,1,0,0,0,0
Streptomyces sp. Tu 2975,1,0,0,0,0,0,0,0
Streptomyces sp. Tue 6075,0,0,1,0,0,0,0,0
Streptomyces sp. Z423-1,1,0,0,0,0,0,0,0
Streptomyces spongiicola,0,0,0,0,1,0,0,0
Streptomyces tendae,1,0,0,0,0,0,0,0
Streptomyces tirandamycinicus,0,0,0,0,0,1,0,0
Streptomyces venezuelae,1,0,0,0,0,0,0,0
Nocardiopsis dassonvillei,0,0,0,2,0,0,0,0
Nocardiopsis gilva,2,0,0,0,0,0,0,0
Thermobifida fusca,0,0,2,0,0,0,0,2
Nonomuraea sp. ATCC 55076,0,1,0,0,0,0,0,0
Actinomadura sp. NAK00032,0,0,0,0,1,0,1,0
Actinomadura sp. WMMB 499,0,0,1,0,0,1,0,0
Lancefieldella parvula,3,0,1,1,0,0,0,0
Libanicoccus massiliensis,3,4,8,6,7,10,11,4
Olsenella sp. GAM18,4,4,3,4,7,4,4,4
Olsenella sp. oral taxon 807,0,1,0,0,1,0,0,0
Olsenella uli,0,0,0,1,0,0,0,0
Olsenella umbonata,6,3,1,2,0,0,0,0
Parolsenella catena,2,2,3,6,7,6,6,2
Collinsella aerofaciens,611,1005,1077,1758,5983,3857,2555,2315
Coriobacterium glomerans,0,0,0,0,1,0,1,0
Adlercreutzia equolifaciens,765,228,93,331,4,1,2,3
Adlercreutzia sp. 8CFCBH1,3,0,1,1,0,0,0,0
Arabia massiliensis,2,2,2,3,0,0,0,0
Cryptobacterium curtum,3,1,0,1,0,0,0,0
Denitrobacterium detoxificans,7,4,1,3,1,3,1,1
Eggerthella lenta,974,139,52,193,1,1,2,2
Eggerthella sp. YY7918,8,2,2,1,7,3,2,1
Gordonibacter pamelaeae,899,120,52,181,44,20,19,19
Gordonibacter urolithinfaciens,49,10,3,13,5,6,2,4
Phoenicibacter congonensis,6,2,2,3,1,2,0,0
Slackia heliotrinireducens,13,6,9,11,3,6,2,3
Egibacter rhizosphaerae,0,0,0,0,0,0,0,1
Rubrobacter sp. SCSIO 52909,1,0,0,0,0,0,0,0
Rubrobacter xylanophilus,0,1,0,0,0,0,0,0
Aquifex aeolicus,1,0,0,0,0,0,0,0
Thermocrinis albus,0,1,3,2,1,0,5,2
Desulfurobacterium thermolithotrophum,0,0,0,1,0,0,0,0
Bacteroides caccae,1511,2021,700,1277,13,30,34,34
Bacteroides caecimuris,196,129,74,110,35,31,24,36
Bacteroides cellulosilyticus,2075,1540,621,964,25,26,54,30
Bacteroides coprosuis,10,10,14,2,2,8,10,9
Bacteroides fragilis,1987,1585,743,1132,284,249,247,287
Bacteroides helcogenes,141,182,106,128,43,42,62,53
Bacteroides heparinolyticus,86,96,56,84,18,32,47,24
Bacteroides intestinalis,1726,665,331,895,92,112,110,104
Bacteroides ovatus,2319,2885,1146,1809,64,65,62,81
Bacteroides sp. A1C1,141,263,250,350,723,678,495,864
Bacteroides sp. CACC 737,92,214,210,344,658,612,432,774
Bacteroides sp. CBA7301,150,111,83,89,14,26,43,40
Bacteroides sp. HF-5287,1196,402,218,526,78,76,65,80
Bacteroides thetaiotaomicron,3071,2500,1298,1825,133,235,404,194
Bacteroides uniformis,875,2000,2134,3298,7151,7072,4585,9060
Bacteroides xylanisolvens,1098,696,288,448,30,29,23,31
Bacteroides zoogleoformans,52,69,62,50,19,29,41,33
Barnesiella viscericola,65,83,69,64,51,32,47,19
Dysgonomonas sp. HDW5A,1,1,0,0,0,0,0,0
Dysgonomonas sp. HDW5B,0,0,4,3,0,1,7,2
Fermentimonas caenicola,2,1,8,0,2,2,6,7
Petrimonas mucosa,10,3,9,7,5,6,12,5
Proteiniphilum saccharofermentans,4,6,7,3,2,8,5,9
Duncaniella dubosii,8,8,26,10,7,8,15,7
Muribaculum intestinale,6,4,18,11,1,5,16,11
Muribaculum sp. TLL-A4,5,10,22,5,4,10,19,6
Butyricimonas faecalis,38,41,123,46,55,71,123,83
Odoribacter splanchnicus,1258,825,329,525,12,22,22,19
Paludibacter propionicigenes,5,7,5,3,3,4,4,2
Porphyromonas asaccharolytica,10,2,8,3,6,1,11,5
Porphyromonas cangingivalis,1,5,12,9,1,6,12,7
Porphyromonas crevioricanis,5,5,9,8,1,6,13,3
Porphyromonas gingivalis,10,13,13,11,6,2,11,3
Alloprevotella sp. E39,6,6,24,8,4,8,31,9
Paraprevotella xylaniphila,1165,289,200,390,157,119,126,130
Prevotella dentalis,50,63,376,54,107,176,372,188
Prevotella denticola,55,29,245,62,56,115,228,108
Hoylesella enoeca,44,21,105,39,18,75,114,49
Prevotella fusca,64,48,295,52,62,139,311,148
Prevotella intermedia,483,153,425,208,101,218,437,176
Prevotella jejuni,69,35,119,61,19,71,131,52
Prevotella melaninogenica,95,51,517,94,114,261,521,230
Segatella oris,45,51,447,66,100,214,443,223
Xylanibacter ruminicola,32,80,776,125,153,349,775,355
Prevotella scopos,44,24,123,35,32,67,112,41
Prevotella sp. oral taxon 299,44,14,103,40,17,44,96,40
Alistipes communis,56,67,70,121,351,224,139,149
Alistipes dispar,37,51,50,92,238,153,115,91
Alistipes finegoldii,971,1139,480,759,347,231,151,134
Alistipes indistinctus,28,14,13,10,32,36,20,9
Alistipes megaguti,21,43,45,49,144,97,63,48
Alistipes onderdonkii,58,86,64,112,238,123,118,70
Alistipes shahii,1012,386,186,545,287,173,124,114
Alistipes sp. dk3624,2,5,10,27,42,34,23,25
Mucinivorans hirudinis,3,3,12,5,5,4,12,12
Parabacteroides distasonis,1444,2371,919,1532,102,107,104,100
Parabacteroides sp. CT06,10,31,28,23,15,18,16,9
Tannerella forsythia,15,12,3,7,2,1,3,2
Tannerella serpentiformis,3,9,13,6,8,5,18,13
Tenuifilum thalassicum,2,2,0,0,0,5,0,0
Labilibaculum antarcticum,3,1,9,3,2,4,4,0
Alkalitalea saponilacus,2,3,4,1,0,0,0,0
Draconibacterium orientale,1,1,9,3,0,4,3,0
Draconibacterium sp. M1,2,0,3,2,5,2,2,0
Salinivirga cyanobacteriivorans,0,7,3,0,0,1,4,2
Arachidicoccus ginsenosidivorans,1,0,1,1,0,1,1,0
Arachidicoccus sp. B3-10,1,0,1,1,2,1,3,0
Arachidicoccus sp. BS20,0,0,2,2,0,0,0,0
Arachidicoccus sp. KIS59-12,2,1,2,1,0,0,0,1
Chitinophaga caeni,0,0,4,0,0,2,2,1
Chitinophaga pinensis,3,2,12,3,4,10,12,9
Chitinophaga sp. H33E-04,2,2,4,1,1,1,4,0
Chitinophaga sp. MD30,3,0,2,0,1,2,3,0
Chitinophaga sp. XS-30,0,3,2,0,0,1,3,1
Filimonas lacunae,0,0,0,0,0,2,2,1
Flavihumibacter sp. SB-02,0,1,2,0,0,1,2,2
Flavisolibacter ginsenosidimutans,0,1,0,0,3,0,5,0
Flavisolibacter sp. 17J28-1,1,0,1,0,0,0,0,0
Flavisolibacter tropicus,0,1,0,1,1,0,3,0
Lacibacter sp. S13-6-6,2,1,0,0,0,0,0,1
Niabella ginsenosidivorans,2,0,1,0,0,1,1,1
Niastella koreensis,5,1,1,0,0,2,4,1
Panacibacter ginsenosidivorans,1,2,4,2,0,0,5,0
Paraflavitalea soli,2,1,1,3,0,0,1,2
Pseudobacter ginsenosidimutans,0,1,4,1,1,2,6,5
Candidatus Amoebophilus asiaticus,0,0,1,1,1,1,2,1
Cardinium endosymbiont of Sogatella furcifera,0,0,4,1,0,0,0,7
Bernardetia litoralis,0,2,0,0,0,0,1,0
Algoriphagus machipongonensis,0,2,1,0,0,3,1,1
Algoriphagus sanaruensis,0,0,0,0,0,0,0,1
Aquiflexum balticum,0,2,3,2,1,0,6,0
Belliella baltica,1,1,0,0,0,0,0,0
Cyclobacterium amurskyense,1,0,0,0,0,0,0,0
Cyclobacterium marinum,1,0,2,1,0,0,0,0
Echinicola rosea,0,1,2,0,0,0,6,2
Echinicola sp. LN3S3,0,1,7,1,1,5,1,2
Echinicola strongylocentroti,1,0,3,2,1,4,5,0
Echinicola vietnamensis,1,0,0,0,0,1,0,1
Allopseudarcicella aquatilis,1,1,1,0,0,0,0,0
Arcticibacterium luteifluviistationis,0,0,0,0,0,0,3,0
Cytophaga hutchinsonii,0,1,1,2,0,0,0,0
Dyadobacter fermentans,1,1,0,2,1,0,2,0
Fibrella aestuarina,2,1,6,2,3,3,5,1
Fibrella sp. ES10-3-2-2,1,1,5,2,0,0,1,1
Leadbetterella byssophila,2,1,5,0,0,1,0,1
Rhodocytophaga sp. 172606-1,0,3,0,2,0,0,0,0
Runella slithyformis,0,2,0,0,0,1,0,0
Runella sp. HYN0085,3,0,1,1,2,0,2,0
Runella sp. SP2,0,0,0,1,0,0,0,0
Spirosoma aerolatum,0,0,1,0,0,1,0,0
Spirosoma montaniterrae,1,2,2,0,0,0,3,4
Spirosoma pollinicola,1,0,3,2,1,1,1,0
Spirosoma radiotolerans,0,2,0,0,0,0,2,0
Spirosoma rigui,0,1,0,1,0,2,0,0
Spirosoma sp. BT328,2,0,0,0,0,0,0,0
Spirosoma sp. CJU-R4,1,0,0,0,2,2,2,0
Spirosoma sp. I-24,0,0,0,0,0,1,0,0
Spirosoma sp. KCTC 42546,1,1,0,0,1,0,3,1
Spirosoma sp. KUDC1026,0,0,2,1,0,3,7,1
Spirosoma sp. PL0136,0,0,0,0,0,0,1,0
Spirosoma sp. TS118,1,1,4,0,0,2,9,2
Flammeovirga pectinis,1,0,0,0,0,0,0,0
Flammeovirga sp. MY04,1,3,1,2,0,1,0,0
Chryseolinea soli,1,0,1,1,4,3,0,1
Adhaeribacter sp. KUDC8001,0,1,0,1,1,0,1,0
Adhaeribacter swui,0,0,2,0,2,2,5,4
Hymenobacter jejuensis,0,1,2,0,2,1,2,2
Hymenobacter nivis,1,0,4,3,0,1,2,0
Hymenobacter oligotrophus,0,0,3,0,4,3,5,0
Hymenobacter sedentarius,0,1,7,0,3,0,7,1
Hymenobacter sp. 17J36-26,2,0,0,0,0,0,1,0
Hymenobacter sp. APR13,0,0,2,3,0,1,6,1
Hymenobacter sp. BRD128,0,0,2,0,0,0,0,0
Hymenobacter sp. BRD67,0,0,0,0,2,0,0,0
Hymenobacter sp. BRD72,0,0,5,0,1,1,1,0
Hymenobacter sp. BT18,2,0,2,0,1,2,3,1
Hymenobacter sp. BT182,0,0,0,0,1,1,0,0
Hymenobacter sp. DG01,1,1,0,1,0,1,0,0
Hymenobacter sp. DG25A,1,1,0,0,0,0,0,1
Hymenobacter sp. DG25B,0,0,0,1,0,0,0,0
Hymenobacter sp. NBH84,0,0,0,1,1,0,0,0
Hymenobacter sp. PAMC 26554,1,2,8,0,1,1,8,2
Hymenobacter sp. PAMC 26628,1,2,0,1,1,0,0,1
Hymenobacter sp. TS19,0,3,6,0,0,1,5,1
Hymenobacter swuensis,1,0,0,0,0,0,0,0
Nibribacter sp. BT10,0,1,0,2,0,1,1,0
Pontibacter actiniarum,1,1,5,6,0,0,0,4
Pontibacter akesuensis,3,2,1,0,0,1,0,1
Pontibacter korlensis,1,1,9,2,0,3,7,4
Pontibacter pudoricolor,0,3,1,2,0,2,4,1
Pontibacter russatus,1,0,1,1,2,0,0,0
Pontibacter sp. SGAir0037,1,1,0,1,1,1,1,2
Rufibacter sp. DG15C,0,0,2,1,0,3,4,0
Rufibacter sp. DG31D,0,0,0,1,1,0,1,0
Rufibacter tibetensis,1,0,1,1,0,1,0,0
Marivirga tractuosa,0,1,1,0,0,0,0,0
Roseivirga pacifica,0,1,1,0,1,0,0,0
Fluviicola taffensis,1,0,1,1,2,0,0,2
Owenweeksia hongkongensis,0,1,0,1,0,0,0,0
Aequorivita sp. H23M31,0,2,4,0,0,4,1,1
Algibacter sp. L1A34,0,0,1,1,0,2,2,1
Antarcticibacterium flavum,0,0,1,0,0,0,0,0
Antarcticibacterium sp. PAMC 28998,1,0,3,0,2,6,1,2
Aquimarina sp. AD1,0,2,2,1,1,2,6,0
Aquimarina sp. BL5,1,0,0,0,0,0,0,0
Aquimarina sp. TRL1,0,1,0,0,0,0,2,1
Arenibacter algicola,2,0,0,1,0,1,1,0
Aureitalea sp. RR4-38,0,0,1,0,0,0,0,0
Capnocytophaga canimorsus,1,0,2,3,0,2,2,0
Capnocytophaga cynodegmi,1,0,1,3,2,0,0,0
Capnocytophaga endodontalis,0,1,0,1,0,0,0,0
Capnocytophaga gingivalis,0,2,3,0,3,0,4,2
Capnocytophaga haemolytica,1,0,6,2,0,2,5,2
Capnocytophaga ochracea,0,0,1,0,0,0,0,0
Capnocytophaga sp. H2931,0,0,0,1,2,1,0,1
Capnocytophaga sp. oral taxon 323,0,0,0,1,0,0,0,0
Capnocytophaga sp. oral taxon 864,0,1,0,0,0,0,0,0
Capnocytophaga sp. oral taxon 878,0,0,0,2,0,0,0,0
Capnocytophaga sp. oral taxon 902,0,1,0,0,0,0,0,0
Capnocytophaga sputigena,2,2,1,0,1,0,0,0
Capnocytophaga stomatis,0,1,3,2,0,0,0,0
Cellulophaga baltica,0,1,1,0,2,0,1,0
Cellulophaga lytica,0,1,0,0,0,0,0,0
Cellulophaga sp. L1A9,2,1,1,0,0,0,0,0
Changchengzhania lutea,0,0,0,1,0,0,0,0
Costertonia aggregata,0,1,1,1,0,1,3,1
Dokdonia donghaensis,0,1,3,1,0,1,1,0
Dokdonia sp. 4H-3-7-5,0,0,2,1,1,1,0,1
Dokdonia sp. PRO95,0,2,0,0,0,0,0,0
Euzebyella marina,1,0,1,0,2,1,1,0
Flagellimonas maritima,0,0,2,0,0,0,0,0
Flavivirga eckloniae,0,0,1,0,0,0,0,0
Flavobacterium album,1,1,1,1,0,3,0,0
Flavobacterium alkalisoli,0,0,1,1,0,0,0,0
Flavobacterium anhuiense,2,1,1,1,0,0,0,0
Flavobacterium arcticum,0,0,3,2,0,0,4,2
Flavobacterium branchiophilum,0,0,0,0,0,1,0,0
Flavobacterium columnare,0,0,7,1,1,2,2,0
Flavobacterium commune,3,4,1,1,1,0,1,0
Flavobacterium crassostreae,1,0,0,0,0,0,0,0
Flavobacterium crocinum,2,0,0,1,0,0,0,0
Flavobacterium faecale,0,0,1,0,0,1,0,0
Flavobacterium gilvum,1,0,0,0,1,0,0,0
Flavobacterium haoranii,1,0,1,0,0,1,0,0
Flavobacterium indicum,0,1,0,0,0,0,0,0
Flavobacterium johnsoniae,2,1,5,1,0,0,4,2
Flavobacterium kingsejongi,2,0,1,1,1,0,0,0
Flavobacterium magnum,0,0,6,5,2,2,5,1
Flavobacterium nackdongense,2,0,2,0,0,0,1,0
Flavobacterium nitrogenifigens,0,0,1,0,0,0,0,1
Flavobacterium pallidum,1,0,0,0,0,1,4,3
Flavobacterium psychrophilum,1,0,0,0,0,0,0,0
Flavobacterium sangjuense,0,0,0,0,0,0,0,2
Flavobacterium sediminis,3,0,1,1,1,0,3,0
Flavobacterium sp. 140616W15,3,2,0,0,1,1,0,1
Flavobacterium sp. CJ74,0,1,3,2,2,0,0,3
Flavobacterium sp. HYN0086,1,1,0,0,0,0,0,0
Flavobacterium sp. I3-2,0,0,2,0,0,0,2,0
Flavobacterium sp. KBS0721,0,1,5,2,0,2,2,1
Flavobacterium sp. LPB0248,0,0,2,1,1,1,3,1
Flavobacterium sp. M31R6,0,0,0,2,0,0,0,0
Flavobacterium sp. P2-65,3,0,1,1,1,0,2,2
Flavobacterium sp. xlx-214,1,0,0,0,0,0,0,0
Formosa agariphila,2,1,1,0,0,0,0,0
Formosa sediminum,1,0,0,0,0,0,0,0
Formosa sp. Hel1_31_208,2,0,0,0,0,0,0,0
Formosa sp. Hel1_33_131,0,1,0,0,0,0,0,0
Formosa sp. Hel3_A1_48,0,0,0,1,0,0,0,0
Formosa sp. L2A11,1,0,1,0,0,0,0,0
Galbibacter sp. BG1,1,1,0,0,0,0,0,0
Gillisia sp. Hel1_33_143,0,1,0,0,0,0,0,0
Gilvibacter sp. SZ-19,0,1,0,0,0,0,0,0
Christiangramia echinicola,1,0,0,0,0,1,0,0
Christiangramia flava,0,0,1,0,0,0,0,3
Christiangramia forsetii,2,0,0,0,0,0,1,1
Gramella fulva,0,0,0,0,1,0,2,0
Gramella salexigens,0,0,5,2,0,1,7,3
Gramella sp. MAR_2010_147,1,0,0,0,0,0,0,0
Kordia antarctica,0,0,2,0,0,0,0,0
Kordia sp. SMS9,3,1,5,0,1,2,6,1
Lacinutrix sp. 5H-3-7-4,0,1,0,0,0,0,0,1
Lacinutrix sp. Bg11-31,0,0,0,0,0,0,1,0
Leeuwenhoekiella sp. ZYFB001,0,0,1,0,0,1,2,0
Maribacter cobaltidurans,0,1,1,0,0,1,2,0
Maribacter sp. 1_2014MBL_MicDiv,0,0,0,1,0,0,0,0
Maribacter sp. HTCC2170,0,1,0,1,0,0,0,0
Maribacter sp. MJ134,0,0,2,3,0,2,4,2
Maribacter sp. T28,1,1,0,0,0,0,0,0
Mariniflexile sp. TRM1-10,3,0,2,0,0,1,3,0
Muricauda lutaonensis,1,0,0,0,0,0,0,0
Flagellimonas ruestringensis,0,1,3,0,0,4,3,1
Muricauda sp. 501str8,0,0,0,0,0,1,0,0
Muriicola sp. MMS17-SY002,0,1,0,0,1,0,0,0
Myroides odoratus,1,1,0,0,0,0,0,0
Myroides phaeus,2,0,0,1,0,0,0,0
Myroides sp. CJ210,0,0,0,1,0,0,0,0
Nonlabens marinus,1,0,0,0,0,1,0,0
Nonlabens sediminis,0,0,2,0,0,0,0,0
Nonlabens sp. Ci31,0,2,3,0,0,1,5,1
Nonlabens sp. Hel1_33_55,0,1,0,0,0,0,0,0
Nonlabens sp. MB-3u-79,0,0,0,0,1,0,0,0
Nonlabens sp. MJ115,0,1,0,2,0,0,0,0
Nonlabens spongiae,0,0,1,0,0,0,0,0
Olleya sp. Bg11-27,1,0,1,0,0,1,0,0
Polaribacter reichenbachii,0,1,0,0,0,0,0,0
Polaribacter sp. ALD11,0,2,0,0,0,0,0,0
Polaribacter sp. Hel1_33_78,2,0,0,0,0,0,0,0
Polaribacter sp. KT25b,2,1,1,1,0,0,0,0
Polaribacter sp. L3A8,1,0,0,0,0,1,0,0
Polaribacter sp. SA4-10,0,1,0,0,0,0,0,0
Polaribacter sp. SA4-12,0,0,1,1,0,0,2,1
Psychroflexus torquis,2,0,0,0,0,0,0,0
Psychroserpens sp. NJDZ02,0,1,0,0,0,0,0,0
Robiginitalea biformata,0,0,4,0,1,2,5,2
Salegentibacter salegens,1,0,1,1,0,1,0,0
Salegentibacter sp. T436,0,3,0,0,0,0,0,0
Sediminicola sp. YIK13,0,0,2,0,0,0,1,0
Seonamhaeicola sp. S2-3,1,6,2,3,0,1,3,0
Siansivirga zeaxanthinifaciens,1,4,1,0,0,0,0,0
Tamlana sp. UJ94,0,0,6,0,0,2,3,1
Tenacibaculum dicentrarchi,0,0,0,1,0,0,0,0
Tenacibaculum jejuense,1,0,1,1,1,1,3,1
Tenacibaculum maritimum,4,1,0,1,0,0,0,0
Tenacibaculum mesophilum,1,0,0,0,0,0,0,0
Tenacibaculum sp. DSM 106434,0,0,0,1,0,0,0,0
Tenacibaculum sp. SZ-18,1,0,1,0,0,1,1,0
Tenacibaculum todarodis,0,0,1,0,0,0,0,0
Urechidicola croceus,0,2,0,2,0,0,0,0
Wenyingzhuangia fucanilytica,1,0,4,1,1,1,4,2
Winogradskyella sediminis,1,1,0,1,0,0,0,0
Winogradskyella sp. J14-2,1,0,0,0,0,0,0,0
Winogradskyella sp. PG-2,1,0,0,0,0,0,0,0
Winogradskyella sp. SW133,0,1,0,0,0,0,0,0
Winogradskyella sp. Z215,1,1,0,0,0,0,0,0
Winogradskyella sp. Z354,1,0,5,3,0,0,2,1
Zobellia galactanivorans,1,2,0,0,0,0,0,1
Zunongwangia profunda,3,1,2,0,3,1,2,1
Ichthyobacterium seriolicida,1,0,0,0,0,0,0,0
Apibacter sp. B2966,0,0,0,1,0,0,0,0
Apibacter sp. B3706,0,1,0,1,0,0,0,0
Bergeyella cardium,0,0,1,0,0,1,4,0
Chryseobacterium antarcticum,2,1,0,0,0,0,0,0
Chryseobacterium aureum,0,1,0,2,0,1,0,0
Chryseobacterium balustinum,0,1,0,1,0,0,0,0
Chryseobacterium bernardetii,0,1,0,1,0,0,0,0
Chryseobacterium camelliae,0,1,1,0,1,2,6,4
Chryseobacterium carnipullorum,0,1,0,0,0,0,0,0
Chryseobacterium gallinarum,3,4,0,2,1,0,1,0
Chryseobacterium glaciei,0,0,1,0,0,0,0,0
Chryseobacterium gleum,1,0,1,0,0,0,0,1
Kaistella haifensis,1,0,1,1,1,0,0,0
Chryseobacterium indologenes,0,0,0,1,1,1,0,0
Chryseobacterium indoltheticum,1,2,4,0,1,0,3,2
Chryseobacterium jeonii,1,1,0,0,0,0,0,0
Chryseobacterium joostei,0,0,0,1,0,0,3,2
Chryseobacterium lactis,0,1,0,1,0,0,0,0
Chryseobacterium nakagawai,0,0,5,0,0,2,4,1
Chryseobacterium piperi,0,1,0,0,0,0,0,0
Chryseobacterium shandongense,1,0,1,0,3,0,5,0
Chryseobacterium sp.,2,1,1,0,0,1,2,0
Chryseobacterium sp. 3008163,0,0,3,1,0,0,5,0
Chryseobacterium sp. 6424,0,3,0,1,0,0,0,0
Chryseobacterium sp. cx-624,0,0,0,1,1,0,1,0
Chryseobacterium sp. F5649,2,0,0,0,1,0,0,0
Chryseobacterium sp. G0162,0,0,2,0,0,0,0,0
Chryseobacterium sp. G0186,1,1,0,0,0,0,1,0
Chryseobacterium sp. G0201,0,2,0,0,0,0,0,1
Chryseobacterium sp. H3001,0,3,0,0,0,1,1,0
Chryseobacterium sp. IHB B 17019,0,0,1,0,0,0,2,0
Chryseobacterium sp. JV274,1,1,0,1,0,0,1,0
Chryseobacterium sp. NBC 122,1,0,0,0,1,0,0,0
Chryseobacterium sp. NEB161,1,1,6,1,1,0,1,1
Chryseobacterium sp. StRB126,1,3,4,2,0,0,3,0
Chryseobacterium sp. T16E-39,1,0,0,1,0,0,0,0
Chryseobacterium taihuense,0,0,3,0,2,0,2,0
Chryseobacterium taklimakanense,1,0,0,1,0,1,0,1
Elizabethkingia anophelis,0,0,0,1,0,0,0,0
Elizabethkingia meningoseptica,1,0,0,0,2,0,0,0
Elizabethkingia miricola,0,0,5,2,0,1,5,1
Empedobacter brevis,0,0,0,4,1,1,2,1
Empedobacter falsenii,0,0,3,1,3,0,3,1
Ornithobacterium rhinotracheale,7,3,6,6,1,11,9,2
Riemerella anatipestifer,1,1,4,0,0,0,1,1
Weeksella virosa,1,1,1,2,2,1,4,1
Haliscomenobacter hydrossis,2,1,1,0,0,0,1,1
Anseongella ginsenosidimutans,0,1,1,1,0,1,1,0
Mucilaginibacter ginsenosidivorans,0,1,4,0,1,0,6,2
Mucilaginibacter ginsenosidivorax,1,2,1,0,0,0,0,2
Mucilaginibacter gotjawali,0,0,1,0,0,0,0,0
Mucilaginibacter mallensis,1,1,4,1,0,0,4,1
Mucilaginibacter paludis,2,0,1,0,1,0,2,1
Mucilaginibacter rubeus,0,2,3,0,0,0,3,1
Mucilaginibacter sp. 14171R-50,1,0,0,0,1,0,0,2
Mucilaginibacter sp. F39-2,1,1,1,3,0,1,2,1
Mucilaginibacter sp. G2-14,1,0,0,0,0,0,4,1
Mucilaginibacter sp. HYN0043,0,1,7,3,2,1,5,2
Mucilaginibacter sp. PAMC 26640,1,1,1,1,0,1,1,2
Mucilaginibacter xinganensis,0,1,1,1,0,0,1,1
Olivibacter sp. LS-1,0,0,3,0,0,0,8,3
Pedobacter cryoconitis,3,1,2,0,0,0,0,0
Pedobacter ginsengisoli,1,2,0,1,0,2,2,1
Pedobacter heparinus,2,1,4,3,0,2,1,0
Pedobacter sp. CJ43,0,0,0,0,0,2,3,2
Pedobacter sp. eg,2,1,4,0,1,0,0,1
Pedobacter sp. G11,2,2,0,0,0,0,0,0
Pedobacter sp. HDW13,1,0,0,0,0,0,1,0
Pedobacter sp. KBS0701,1,1,2,0,2,2,2,1
Pedobacter sp. PACM 27299,2,2,7,5,5,3,6,2
Pedobacter steynii,1,2,1,1,0,2,2,0
Pedobacter suwonensis,1,2,1,1,4,0,7,1
Pseudopedobacter saltans,1,1,0,0,0,1,0,0
Solitalea canadensis,1,0,2,2,0,6,8,2
Sphingobacterium daejeonense,0,0,1,1,0,0,1,3
Sphingobacterium hotanense,2,0,0,1,2,0,0,0
Sphingobacterium lactis,3,1,3,0,0,0,3,0
Sphingobacterium mizutaii,1,1,0,1,0,1,0,1
Sphingobacterium multivorum,1,0,2,0,0,1,0,1
Sphingobacterium psychroaquaticum,0,0,0,2,0,1,0,1
Sphingobacterium sp. 21,1,0,0,0,0,0,0,0
Sphingobacterium sp. B29,0,0,2,0,2,0,1,0
Sphingobacterium sp. CZ-2,0,0,0,1,0,0,2,1
Sphingobacterium sp. DR205,2,0,3,0,1,0,1,0
Sphingobacterium sp. ML3W,0,1,2,0,0,0,0,0
Sphingobacterium thalpophilum,1,0,9,0,1,2,6,0
Caldisericum exile,0,0,0,1,0,0,0,0
Caldithrix abyssi,0,1,0,2,0,1,0,1
Chlamydia gallinacea,0,1,0,0,0,0,0,0
Candidatus Protochlamydia amoebophila,1,0,0,0,0,0,0,0
Simkania negevensis,0,0,3,1,0,0,7,1
Chlorobaculum parvum,1,0,6,3,0,1,5,1
Chlorobaculum tepidum,0,0,1,1,0,1,1,0
Chlorobium limicola,0,0,1,1,0,1,0,0
Chlorobium phaeobacteroides,1,3,0,0,1,5,0,0
Chlorobium phaeovibrioides,0,0,0,0,0,1,0,0
Chloroherpeton thalassium,0,0,0,0,3,0,0,1
Pelodictyon luteolum,0,0,6,0,0,1,6,0
Pelodictyon phaeoclathratiforme,0,0,0,0,0,1,1,1
Prosthecochloris aestuarii,1,0,1,0,2,0,0,0
Prosthecochloris sp. CIB 2401,1,0,0,1,0,2,1,0
Prosthecochloris sp. GSB1,1,0,1,0,0,0,0,0
Prosthecochloris sp. HL-130-GSB,0,1,0,0,1,0,1,1
Anaerolinea thermophila,0,0,0,1,0,0,0,0
Brevefilum fermentans,0,0,0,1,0,0,0,0
Chloroflexus aggregans,0,0,0,1,0,0,0,0
Chloroflexus aurantiacus,0,0,0,0,0,0,1,0
Roseiflexus castenholzii,0,2,0,0,0,2,0,0
Dehalococcoides mccartyi,1,0,0,0,0,1,1,0
Ktedonosporobacter rubrisoli,1,0,0,0,0,0,0,0
Sphaerobacter thermophilus,0,0,0,1,0,0,0,0
Desulfurispirillum indicum,0,0,3,0,0,0,0,1
Gloeobacter kilaueensis,0,1,0,0,1,0,0,0
Gloeobacter violaceus,0,0,0,0,0,2,0,0
Calditerrivibrio nitroreducens,0,0,1,0,0,0,1,0
Deferribacter desulfuricans,2,0,0,0,0,0,0,0
Denitrovibrio acetiphilus,0,0,0,0,1,0,0,0
Geovibrio thiophilus,0,0,0,1,0,0,0,0
Deinococcus gobiensis,0,1,0,1,0,0,0,0
Deinococcus metallilatus,0,0,0,0,0,0,1,0
Deinococcus peraridilitoris,0,0,1,0,0,0,0,0
Deinococcus proteolyticus,0,0,1,0,0,0,0,0
Deinococcus sp. AJ005,0,0,0,1,0,0,0,0
Deinococcus sp. D7000,0,1,0,0,0,0,0,0
Deinococcus sp. NW-56,0,1,0,0,0,1,0,0
Allomeiothermus silvanus,1,0,0,0,0,0,0,0
Oceanithermus profundus,2,2,0,0,0,0,0,1
Dictyoglomus turgidum,0,0,1,0,0,0,0,1
Elusimicrobium minutum,0,0,0,0,0,1,0,0
Candidatus Endomicrobium trichonymphae,0,0,0,0,2,0,0,0
Fibrobacter succinogenes,0,2,13,3,3,2,5,3
Alicyclobacillus acidocaldarius,3,1,1,0,1,1,0,0
Tumebacillus algifaecis,0,0,1,1,0,0,0,0
Tumebacillus avium,2,2,0,1,4,2,1,0
Shouchella clausii,2,2,0,0,0,0,0,0
Halalkalibacterium halodurans,0,0,2,0,0,0,0,0
Halalkalibacter krulwichiae,0,0,1,0,0,0,0,0
Shouchella lehensis,2,1,0,0,0,0,0,0
Alkalihalophilus pseudofirmus,2,1,0,0,0,0,0,0
Amphibacillus xylanus,1,0,0,0,0,0,0,0
Anoxybacillus amylolyticus,0,1,0,0,0,0,0,0
Bacillus albus,1,0,0,0,0,0,0,0
Bacillus altitudinis,2,0,1,0,0,0,0,0
Bacillus amyloliquefaciens,0,0,0,0,0,1,0,0
Bacillus atrophaeus,0,2,0,0,0,0,0,0
Evansella cellulosilytica,2,0,0,0,0,0,0,0
Bacillus cereus,3,2,2,7,0,0,1,0
Bacillus ciccensis,2,0,0,3,0,0,0,0
Niallia circulans,1,2,1,0,2,0,0,0
Heyndrickxia coagulans,2,1,0,2,0,0,0,0
Bacillus cytotoxicus,0,0,1,0,1,0,0,1
Bacillus dafuensis,0,1,0,0,0,0,0,0
Bacillus filamentosus,0,1,0,0,0,0,1,0
Bacillus freudenreichii,0,0,0,1,2,2,0,0
Bacillus glycinifermentans,0,0,2,2,5,0,0,0
Bacillus haynesii,0,0,0,2,0,0,0,0
Sutcliffiella horikoshii,1,0,0,0,0,0,0,0
Lederbergia lenta,0,1,1,0,0,0,0,0
Bacillus luti,0,1,0,0,0,0,0,0
Bacillus marisflavi,3,1,0,0,0,1,0,0
Priestia megaterium,6,1,1,1,0,0,2,0
Bacillus methanolicus,0,1,0,1,0,0,0,0
Bacillus miscanthi,1,2,0,0,0,0,0,0
Bacillus mobilis,0,0,0,1,0,0,0,0
Bacillus mojavensis,0,0,0,1,0,0,0,0
Bacillus mycoides,0,1,0,1,0,0,0,1
Bacillus paralicheniformis,0,0,0,0,0,1,0,3
Bacillus paranthracis,0,0,0,0,2,2,0,2
Bacillus pseudomycoides,0,2,0,0,0,0,0,0
Bacillus pumilus,0,2,2,1,1,0,3,0
Bacillus safensis,1,0,0,1,0,0,1,0
Bacillus smithii,1,0,0,0,1,0,0,0
Bacillus sonorensis,1,0,1,3,0,0,0,0
Bacillus sp. 1NLA3E,0,1,1,0,1,0,1,0
Bacillus sp. Cs-700,1,0,0,0,0,0,0,0
Bacillus sp. DSL-17,1,4,1,0,1,0,0,0
Bacillus sp. FJAT-18017,3,1,0,0,0,1,0,0
Bacillus sp. FJAT-22090,2,3,0,1,0,0,0,0
Bacillus sp. FJAT-42376,0,3,0,1,3,0,0,1
Bacillus sp. FJAT-45348,0,0,0,0,1,0,1,0
Bacillus sp. KH172YL63,0,1,0,0,0,0,0,0
Bacillus sp. M4U3P1,0,0,0,1,0,0,0,0
Bacillus sp. N1-1,0,0,1,1,0,0,0,0
Bacillus sp. N3536,0,0,0,0,1,0,0,0
Bacillus sp. NSP9.1,1,0,0,0,0,0,1,0
Bacillus sp. OxB-1,0,1,0,0,0,0,0,0
Bacillus sp. PAMC26568,1,0,0,1,0,0,0,0
Bacillus sp. S3,3,1,0,0,1,0,0,0
Bacillus sp. SB49,1,2,0,2,1,0,0,1
Bacillus sp. X1(2014),0,1,0,1,0,0,0,1
Bacillus sp. Y1,1,0,2,0,0,0,0,0
Bacillus subtilis,0,0,1,1,0,0,0,0
Bacillus thermoamylovorans,0,0,1,0,0,0,0,0
Bacillus thuringiensis,3,1,1,2,1,1,0,0
Bacillus vallismortis,0,1,1,0,1,2,1,1
Bacillus velezensis,0,0,1,1,0,0,0,0
Rossellomorea vietnamensis,0,0,1,1,0,0,0,0
Bacillus weihaiensis,1,1,1,1,0,0,0,0
Cytobacillus kochii,0,0,0,0,0,0,0,1
Cytobacillus oceanisediminis,1,0,3,1,0,0,0,0
Fictibacillus arsenicus,0,1,0,0,0,0,0,0
Fictibacillus phosphorivorans,2,0,0,3,2,1,0,0
Geobacillus genomosp. 3,1,0,0,1,0,0,0,0
Geobacillus sp. WCH70,0,1,0,0,0,0,0,0
Geobacillus subterraneus,1,0,0,0,0,0,0,0
Geobacillus thermodenitrificans,0,0,0,2,0,0,0,0
Gracilibacillus sp. SCU50,0,1,0,0,0,0,0,0
Halobacillus halophilus,0,0,0,0,1,0,0,1
Halobacillus litoralis,0,0,2,0,0,2,1,0
Halobacillus mangrovi,0,2,0,0,0,0,0,0
Lentibacillus amyloliquefaciens,0,0,0,1,1,0,0,1
Lentibacillus sp. CBA3610,1,0,0,0,0,0,0,0
Lysinibacillus fusiformis,1,0,0,0,0,0,0,0
Lysinibacillus sp. 2017,0,0,1,0,0,0,0,0
Lysinibacillus sp. SGAir0095,0,0,0,1,0,0,1,0
Lysinibacillus sp. YS11,1,0,0,0,0,0,0,0
Lysinibacillus sphaericus,1,0,1,2,0,0,0,0
Lysinibacillus timonensis,1,1,1,1,0,0,0,0
Mesobacillus foraminis,1,2,0,1,0,1,0,2
Mesobacillus jeotgali,3,0,2,0,0,0,0,0
Metabacillus litoralis,1,0,0,0,1,1,1,0
Metabacillus sp. KUDC1714,1,0,0,1,2,0,1,0
Neobacillus mesonae,0,0,1,2,0,0,0,0
Oceanobacillus iheyensis,1,0,0,1,0,0,0,0
Oceanobacillus kimchii,0,0,0,1,0,0,0,0
Oceanobacillus sp. 160,0,0,1,2,0,0,0,0
Parageobacillus thermoglucosidasius,0,0,1,0,0,0,0,0
Paraliobacillus sp. X-1125,1,0,0,0,0,0,0,0
Peribacillus asahii,0,0,0,0,0,0,2,0
Peribacillus butanolivorans,2,0,2,0,0,0,0,0
Peribacillus muralis,1,0,0,0,0,0,0,0
Peribacillus simplex,1,1,0,0,0,0,0,0
Pontibacillus sp. HMF3514,0,3,0,1,0,0,0,0
Pradoshia sp. D12,0,0,0,1,0,0,0,0
Psychrobacillus glaciei,0,0,2,0,0,0,0,0
Psychrobacillus sp. AK 1817,1,0,0,0,0,0,0,0
Salicibibacter kimchii,1,0,0,0,0,0,0,0
Salimicrobium jeotgali,0,0,2,2,0,1,0,1
Terribacillus goriensis,1,0,0,0,0,0,0,0
Virgibacillus dokdonensis,1,0,0,1,0,0,0,0
Virgibacillus halodenitrificans,1,1,0,1,0,0,0,0
Virgibacillus necropolis,1,0,0,2,0,0,0,0
Virgibacillus phasianinus,1,0,0,0,0,1,0,0
Virgibacillus sp. Bac330,2,0,0,0,0,0,0,0
Virgibacillus sp. Bac332,1,0,0,0,0,0,0,0
Virgibacillus sp. MSP4-1,0,1,0,0,0,0,0,0
Virgibacillus sp. SK37,0,0,0,0,0,0,1,0
Brochothrix thermosphacta,3,2,0,1,0,0,0,0
Listeria grayi,0,0,1,0,0,0,0,0
Listeria innocua,2,0,0,2,0,0,0,0
Listeria ivanovii,0,1,0,0,0,0,0,0
Listeria monocytogenes,1,3,0,0,0,0,0,0
Listeria seeligeri,0,2,0,0,0,0,0,0
Listeria sp. PSOL-1,0,1,0,0,0,0,0,0
Listeria weihenstephanensis,0,0,1,0,0,0,0,0
Aneurinibacillus soli,0,1,1,0,0,0,0,0
Aneurinibacillus sp. XH2,2,0,0,0,0,0,1,0
Brevibacillus agri,0,0,0,0,2,0,0,2
Brevibacillus brevis,2,2,2,0,3,1,0,1
Brevibacillus formosus,1,0,0,0,0,0,0,0
Brevibacillus laterosporus,1,1,1,3,0,0,0,0
Brevibacillus sp. SCSIO 07484,0,0,3,0,0,0,0,0
Cohnella abietis,0,0,1,0,0,0,0,1
Cohnella sp. KS 22,0,2,0,1,0,0,0,0
Cohnella sp. MFER-1,0,0,1,2,0,1,0,0
Paenibacillus albus,1,0,0,0,0,0,0,0
Paenibacillus alvei,1,1,1,1,0,0,0,0
Paenibacillus antarcticus,0,0,2,0,0,0,0,0
Paenibacillus baekrokdamisoli,3,0,0,0,0,0,0,1
Paenibacillus barcinonensis,0,1,10,4,2,0,3,0
Paenibacillus beijingensis,0,0,1,0,0,0,0,2
Paenibacillus borealis,0,0,3,2,0,1,7,4
Paenibacillus bovis,0,2,0,0,0,0,0,2
Paenibacillus brasilensis,0,0,0,1,0,0,0,0
Paenibacillus cellulosilyticus,0,1,0,0,0,0,0,0
Paenibacillus cellulositrophicus,0,1,2,2,0,0,0,0
Paenibacillus chitinolyticus,0,0,0,0,2,0,0,1
Paenibacillus donghaensis,0,1,1,4,0,0,0,0
Paenibacillus durus,2,2,1,3,1,0,0,1
Paenibacillus glucanolyticus,0,0,1,0,0,0,0,0
Paenibacillus graminis,1,1,5,0,0,1,7,0
Paenibacillus guangzhouensis,3,0,1,2,2,3,0,0
Paenibacillus ihbetae,2,1,3,0,0,1,0,1
Paenibacillus jilunlii,1,1,0,0,0,0,0,0
Paenibacillus kribbensis,2,0,0,1,0,1,0,0
Paenibacillus larvae,0,0,2,0,0,0,0,0
Paenibacillus lautus,0,2,0,1,0,0,0,0
Paenibacillus lentus,1,1,1,1,0,0,0,0
Paenibacillus lutimineralis,0,1,0,2,0,0,0,0
Paenibacillus mucilaginosus,0,1,0,0,0,0,0,0
Paenibacillus naphthalenovorans,1,0,1,1,1,0,2,1
Paenibacillus odorifer,2,0,1,2,0,0,0,0
Paenibacillus physcomitrellae,0,0,4,0,0,0,0,0
Paenibacillus polymyxa,0,2,6,2,0,0,5,1
Paenibacillus protaetiae,0,1,0,1,0,0,1,0
Paenibacillus psychroresistens,0,0,1,0,2,0,1,0
Paenibacillus riograndensis,0,0,6,1,3,1,5,0
Paenibacillus sp. 12200R-189,1,0,0,0,0,1,0,0
Paenibacillus sp. 14171R-81,1,2,0,0,0,0,0,0
Paenibacillus sp. 32O-W,1,1,1,2,0,0,0,0
Paenibacillus sp. 37,0,0,0,2,0,0,2,0
Paenibacillus sp. B01,2,1,0,1,0,0,0,0
Paenibacillus sp. BIHB4019,0,1,1,3,0,0,0,0
Paenibacillus sp. CAA11,1,0,3,1,0,0,0,0
Paenibacillus sp. Cedars,0,0,0,2,0,0,0,0
Paenibacillus sp. DCT19,0,4,0,0,0,0,0,0
Paenibacillus sp. E222,1,2,1,0,0,0,0,0
Paenibacillus sp. FSL H7-0357,2,0,1,0,1,0,0,0
Paenibacillus sp. FSL P4-0081,2,1,1,1,0,0,0,0
Paenibacillus sp. FSL R5-0912,1,2,0,0,0,0,0,0
Paenibacillus sp. FSL R7-0273,1,0,1,1,0,0,0,0
Paenibacillus sp. FSL R7-0331,1,2,1,1,0,0,0,0
Paenibacillus sp. HB172198,3,0,0,0,1,0,1,1
Paenibacillus sp. IHBB 10380,3,2,1,2,0,0,0,0
Paenibacillus sp. RUD330,0,1,0,0,0,0,0,0
Paenibacillus sp. UniB2,2,0,0,2,0,0,0,0
Paenibacillus sp. URB8-2,1,0,0,1,0,0,0,0
Paenibacillus sp. Y412MC10,0,2,0,0,0,0,0,0
Paenibacillus stellifer,2,1,0,0,0,0,0,0
Paenibacillus swuensis,0,1,0,0,0,0,0,0
Paenibacillus thiaminolyticus,0,0,0,1,0,0,0,0
Paenibacillus xylanexedens,0,1,0,0,0,0,0,0
Paenibacillus xylanilyticus,0,4,0,1,0,5,2,0
Paenibacillus yonginensis,0,0,0,3,0,1,0,0
Saccharibacillus brassicae,0,0,0,2,0,1,0,0
Thermobacillus composti,2,0,0,0,0,0,0,0
Jeotgalibacillus malaysiensis,2,0,0,2,3,0,0,0
Kurthia sp. 11kri321,2,1,0,0,0,0,0,0
Kurthia zopfii,2,0,0,1,0,0,0,0
Paenisporosarcina antarctica,0,0,0,2,0,0,0,1
Paenisporosarcina sp. K2R23-3,0,1,1,0,0,0,0,0
Planococcus antarcticus,0,1,0,0,0,0,0,0
Planococcus faecalis,1,0,0,1,0,0,0,0
Planococcus halocryophilus,0,2,0,1,0,0,0,0
Planococcus sp. MB-3u-03,1,0,0,0,2,0,0,0
Planococcus sp. PAMC 21323,2,1,0,0,0,1,1,1
Planococcus sp. Y42,0,2,0,3,0,2,1,0
Planococcus versutus,1,0,0,0,0,0,0,0
Planococcus glaciei,0,0,0,0,0,0,2,1
Rummeliibacillus stabekisii,1,0,0,0,0,0,0,0
Solibacillus silvestris,2,0,0,0,0,0,0,0
Sporosarcina pasteurii,0,1,0,0,0,0,0,0
Sporosarcina psychrophila,1,2,0,1,0,0,0,0
Sporosarcina sp. PTS2304,1,1,1,0,0,0,0,1
Sporosarcina ureae,1,5,1,0,0,0,0,2
Sporosarcina ureilytica,2,0,0,0,0,0,0,0
Ureibacillus thermosphaericus,0,1,0,1,0,0,0,0
Sporolactobacillus terrae,0,1,0,1,5,0,2,0
Jeotgalicoccus saudimassiliensis,0,2,0,1,0,0,0,0
Macrococcus canis,1,0,0,2,1,0,0,0
Macrococcoides caseolyticum,0,0,0,1,0,0,0,0
Macrococcus sp. IME1552,0,0,0,1,0,0,0,0
Salinicoccus halodurans,1,0,0,0,3,3,0,0
Staphylococcus aureus,3,1,0,1,0,0,0,0
Staphylococcus auricularis,2,0,0,0,0,0,0,0
Staphylococcus capitis,1,0,0,0,0,0,0,0
Staphylococcus caprae,2,2,0,1,0,0,0,0
Staphylococcus carnosus,0,0,0,0,4,1,1,0
Staphylococcus cohnii,0,2,1,0,0,0,0,0
Staphylococcus condimenti,0,1,0,0,0,0,0,0
Staphylococcus delphini,1,1,0,0,0,0,0,0
Staphylococcus epidermidis,1,0,0,1,0,0,1,0
Mammaliicoccus fleurettii,1,0,0,0,0,0,0,0
Staphylococcus haemolyticus,1,0,0,0,0,0,0,0
Staphylococcus hominis,0,2,0,0,0,0,0,0
Mammaliicoccus lentus,0,1,0,1,0,0,0,0
Staphylococcus lugdunensis,0,1,2,0,0,0,0,0
Staphylococcus muscae,1,0,0,0,0,0,0,0
Staphylococcus nepalensis,1,0,0,0,0,1,0,0
Staphylococcus pettenkoferi,1,0,0,0,0,0,0,0
Staphylococcus piscifermentans,0,1,0,1,2,0,0,0
Staphylococcus saprophyticus,1,1,1,2,1,0,0,0
Staphylococcus sciuri,1,1,0,0,0,0,0,0
Staphylococcus simiae,2,1,0,0,0,0,0,0
Staphylococcus sp. 17KM0847,1,1,3,0,2,0,0,0
Staphylococcus sp. SDB 2975,0,0,0,1,0,0,0,0
Staphylococcus stepanovicii,0,0,0,1,0,0,0,0
Mammaliicoccus vitulinus,1,1,0,0,0,0,0,0
Staphylococcus xylosus,0,0,0,1,0,0,0,0
Laceyella sacchari,0,0,0,1,1,0,1,0
Novibacillus thermophilus,0,1,0,2,0,0,0,0
Staphylospora marina,0,0,1,0,0,2,4,1
Thermoactinomyces vulgaris,0,1,0,1,0,0,0,0
Abiotrophia defectiva,0,0,1,0,0,0,0,0
Aerococcus christensenii,0,1,2,0,0,0,0,0
Aerococcus sanguinicola,2,1,0,1,0,0,0,0
Aerococcus urinaehominis,0,0,1,0,0,0,0,0
Suicoccus acidiformans,0,0,0,1,0,0,0,0
Carnobacterium divergens,1,1,0,0,0,0,0,0
Carnobacterium inhibens,1,0,0,0,0,0,0,0
Carnobacterium maltaromaticum,0,1,0,0,0,0,0,0
Carnobacterium sp. CP1,0,1,0,1,0,0,0,0
Dolosigranulum pigrum,0,1,0,0,0,0,0,0
Jeotgalibaca dankookensis,1,1,1,0,0,0,0,0
Jeotgalibaca porci,0,1,0,0,0,0,0,0
Jeotgalibaca sp. PTS2502,1,1,0,0,0,0,0,0
Marinilactibacillus sp. 15R,1,2,0,0,0,0,0,0
Enterococcus avium,1,2,4,0,0,0,1,2
Enterococcus casseliflavus,0,0,0,0,0,0,0,2
Enterococcus cecorum,1,0,0,2,0,0,0,0
Enterococcus durans,1,1,0,0,0,0,0,0
Enterococcus faecalis,2,0,0,3,0,0,0,0
Enterococcus faecium,751,118,45,162,0,0,0,6
Enterococcus gilvus,0,2,0,1,0,0,0,0
Enterococcus saigonensis,2,3,0,0,0,0,0,1
Enterococcus sp. DA9,2,0,0,0,0,0,0,0
Enterococcus sp. FDAARGOS_553,1,0,0,0,0,0,0,0
Enterococcus sp. M190262,0,0,0,1,0,0,0,0
Tetragenococcus halophilus,2,1,0,1,0,0,0,0
Tetragenococcus koreensis,0,1,0,0,0,0,0,0
Vagococcus penaei,0,0,1,0,0,0,0,0
Vagococcus sp. CF-49,0,0,0,0,0,1,0,0
Vagococcus sp. HDW17A,0,0,0,1,0,0,0,0
Vagococcus sp. MN-17,0,0,0,1,0,0,0,0
Vagococcus teuberi,0,0,0,0,1,0,0,0
Lactobacillus acetotolerans,0,0,0,2,0,0,0,0
Ligilactobacillus acidipiscis,0,0,0,0,0,0,0,1
Lactobacillus acidophilus,2,0,0,2,0,0,0,0
Ligilactobacillus agilis,0,1,0,0,0,0,0,0
Companilactobacillus alimentarius,1,0,0,1,0,0,0,0
Lactobacillus amylolyticus,2,0,1,0,0,1,0,1
Amylolactobacillus amylophilus,1,0,0,0,0,0,0,0
Lactobacillus amylovorus,0,0,1,0,0,0,0,0
Ligilactobacillus animalis,0,1,0,0,0,0,0,0
Lactobacillus backii,0,3,0,1,0,1,3,2
Lactobacillus bombi,1,0,0,0,0,0,0,0
Lacticaseibacillus casei,1,1,0,0,0,0,0,0
Loigolactobacillus coryniformis,1,0,0,0,0,0,0,0
Companilactobacillus crustorum,0,1,0,1,0,0,0,0
Latilactobacillus curvatus,0,3,1,2,2,0,0,3
Lactobacillus delbrueckii,1,1,0,0,0,0,0,0
Lapidilactobacillus dextrinicus,0,1,0,0,0,0,0,0
Limosilactobacillus fermentum,1,1,1,3,0,0,1,0
Limosilactobacillus frumenti,1,1,0,1,0,0,0,0
Latilactobacillus fuchuensis,0,0,0,0,0,0,1,0
Companilactobacillus futsaii,0,2,0,0,0,0,0,0
Limosilactobacillus gastricus,0,1,0,0,0,0,0,0
Lactobacillus ginsenosidimutans,0,0,1,0,1,2,1,0
Latilactobacillus graminis,1,0,0,0,0,0,0,0
Schleiferilactobacillus harbinensis,0,1,0,0,1,0,0,1
Lactobacillus heilongjiangensis,1,1,0,0,0,0,0,0
Lactobacillus helveticus,0,0,1,0,0,0,1,0
Lentilactobacillus hilgardii,2,0,0,0,0,0,0,0
Paucilactobacillus hokkaidonensis,1,0,0,0,0,0,0,0
Liquorilactobacillus hordei,3,0,1,0,0,0,0,0
Lactobacillus iners,0,3,0,1,0,0,0,0
Lactobacillus jensenii,0,2,0,0,0,1,0,0
Lactobacillus johnsonii,0,2,3,0,0,0,0,0
Lactobacillus kefiranofaciens,0,1,0,0,0,0,0,0
Apilactobacillus kunkeei,1,0,0,0,0,0,0,0
Liquorilactobacillus mali,0,0,0,0,1,0,0,0
Lacticaseibacillus manihotivorans,0,0,0,1,0,0,2,0
Limosilactobacillus mucosae,0,0,0,1,0,0,0,0
Ligilactobacillus murinus,2,0,1,1,0,0,0,0
Paucilactobacillus oligofermentans,0,1,1,0,0,0,0,0
Lacticaseibacillus paracasei,0,1,0,0,0,0,0,0
Secundilactobacillus paracollinoides,0,2,1,0,0,0,0,0
Lactobacillus paragasseri,1,0,0,0,0,0,0,0
Companilactobacillus paralimentarius,0,0,0,1,0,0,0,0
Lactiplantibacillus pentosus,0,0,1,0,0,0,0,0
Lactiplantibacillus plantarum,2,1,0,2,0,1,0,0
Limosilactobacillus reuteri,0,1,0,3,0,2,0,1
Lacticaseibacillus rhamnosus,1,2,3,0,1,0,5,1
Ligilactobacillus ruminis,584,140,57,196,1,3,3,3
Ligilactobacillus salivarius,1,2,0,1,0,0,0,1
Fructilactobacillus sanfranciscensis,0,0,1,0,0,0,0,0
Lactobacillus sp. BHWM-4,0,1,1,0,0,0,0,0
Lactobacillus sp. NFFJ11,0,3,0,0,0,0,0,0
Lactobacillus sp. wkB8,0,1,0,0,0,0,0,0
Lactobacillus terrae,4,0,0,0,0,0,0,0
Limosilactobacillus vaginalis,0,0,0,0,3,0,1,0
Lacticaseibacillus zeae,2,0,0,0,0,0,0,0
Lactobacillus zhachilii,0,0,0,0,1,0,0,0
Pediococcus acidilactici,0,1,1,0,0,0,0,2
Pediococcus inopinatus,1,0,0,0,0,0,0,0
Pediococcus pentosaceus,0,0,0,1,0,0,0,0
Leuconostoc carnosum,0,0,0,1,0,0,0,0
Leuconostoc citreum,0,1,0,0,0,0,0,0
Oenococcus oeni,0,0,2,3,1,3,1,0
Oenococcus sp. UCMA 16435,0,2,0,0,0,0,0,0
Weissella ceti,0,0,1,0,1,0,0,0
Weissella cryptocerci,1,0,0,0,0,0,0,0
Weissella koreensis,0,2,0,2,0,0,0,0
Weissella paramesenteroides,0,0,1,1,0,0,2,0
Weissella soli,0,1,0,0,0,0,0,0
Weissella sp. HDW19,1,0,0,0,0,0,0,0
Lactococcus lactis,7,10,3,6,0,0,0,0
Pseudolactococcus piscium,1,0,2,1,0,0,3,0
Pseudolactococcus raffinolactis,0,1,1,0,0,0,0,0
Streptococcus agalactiae,20,5,3,1,0,0,0,0
Streptococcus anginosus,0,1,0,1,0,0,0,0
Streptococcus australis,1,0,0,1,0,0,0,0
Streptococcus canis,2,1,1,1,0,0,0,0
Streptococcus cristatus,0,0,2,2,0,0,3,1
Streptococcus dysgalactiae,2,1,0,0,0,0,0,0
Streptococcus equi,0,1,0,1,0,0,0,0
Streptococcus equinus,2,2,0,0,0,0,0,3
Streptococcus ferus,0,1,0,1,0,0,1,0
Streptococcus gallolyticus,1,0,1,1,0,0,0,0
Streptococcus gordonii,1,0,10,1,0,1,4,2
Streptococcus halotolerans,1,0,0,1,0,0,0,0
Streptococcus infantarius,0,1,0,1,0,0,0,1
Streptococcus intermedius,1,2,0,2,0,0,0,0
Streptococcus koreensis,0,1,0,0,0,0,0,0
Streptococcus lutetiensis,1,2,0,5,0,0,0,0
Streptococcus merionis,0,0,1,0,0,0,0,0
Streptococcus mitis,0,0,1,0,0,0,0,0
Streptococcus mutans,0,0,0,2,0,0,0,0
Streptococcus oralis,0,1,1,2,0,0,0,0
Streptococcus pantholopis,0,0,0,0,0,1,0,0
Streptococcus parasanguinis,576,102,38,143,0,0,0,0
Streptococcus pasteurianus,0,6,2,2,0,0,0,0
Streptococcus pluranimalium,2,1,0,0,0,0,0,0
Streptococcus pneumoniae,0,0,0,0,0,1,0,1
Streptococcus porcinus,0,1,0,0,0,0,0,0
Streptococcus pseudoporcinus,4,0,0,0,0,0,0,0
Streptococcus pyogenes,6,1,1,1,0,0,0,0
Streptococcus ratti,2,1,0,0,1,0,1,1
Streptococcus respiraculi,0,1,0,0,0,0,0,0
Streptococcus salivarius,444,239,85,332,0,0,0,0
Streptococcus sanguinis,2,0,0,1,0,0,0,0
Streptococcus sobrinus,0,0,0,0,0,1,0,0
Streptococcus sp. 116-D4,0,0,7,0,0,1,1,4
Streptococcus sp. A12,1,0,0,0,0,0,0,0
Streptococcus sp. FDAARGOS_192,1,0,1,1,0,0,0,0
Streptococcus sp. HSISM1,1,1,0,1,0,0,0,0
Streptococcus sp. HSISS1,0,1,1,0,0,0,0,0
Streptococcus sp. HSISS2,3,0,0,1,0,0,0,0
Streptococcus sp. LPB0220,1,0,0,1,0,0,0,0
Streptococcus sp. oral taxon 431,0,0,0,1,0,1,0,0
Streptococcus sp. Z15,0,1,1,0,0,0,0,0
Streptococcus suis,8,1,1,5,1,1,0,1
Streptococcus thermophilus,485,260,95,374,0,0,0,0
Streptococcus troglodytae,2,0,0,1,0,0,0,0
Streptococcus uberis,2,1,0,1,0,0,0,0
Streptococcus vestibularis,1,1,0,2,0,0,0,0
Christensenella minuta,22,13,1,7,0,0,0,0
Christensenella sp. Marseille-P3954,9,1,2,0,1,0,0,0
Alkaliphilus metalliredigens,4,1,0,0,0,1,0,1
Alkaliphilus oremlandii,0,2,1,1,0,0,0,0
Caloramator sp. E03,2,0,0,1,0,0,0,0
Caloranaerobacter azorensis,2,1,0,2,0,2,1,0
Candidatus Arthromitus sp. SFB-mouse-NL,0,0,2,2,0,4,3,2
Candidatus Arthromitus sp. SFB-rat-Yit,0,1,0,0,0,0,0,0
Clostridium aceticum,2,1,0,0,0,2,0,2
Clostridium acetobutylicum,0,0,0,2,0,0,0,0
Clostridium argentinense,4,1,2,3,0,0,1,0
Clostridium baratii,5,2,2,5,0,0,0,1
Clostridium beijerinckii,3,2,2,3,1,1,0,2
Clostridium bornimense,2,0,1,0,1,0,0,0
Clostridium botulinum,13,9,6,5,1,1,1,3
Clostridium butyricum,6,2,2,2,2,0,1,1
Clostridium carboxidivorans,2,1,0,0,0,1,0,0
Clostridium cellulovorans,4,0,2,4,1,1,1,2
Clostridium chauvoei,0,0,0,1,0,0,0,0
Clostridium cochlearium,3,1,0,1,0,0,0,0
Clostridium drakei,2,0,0,0,0,0,0,0
Clostridium estertheticum,2,1,3,0,0,2,0,2
Clostridium formicaceticum,1,2,4,0,1,1,1,0
Clostridium intestinale,2,1,2,0,0,0,1,0
Clostridium isatidis,3,1,0,0,0,0,0,0
Clostridium kluyveri,0,2,0,1,0,0,0,0
Clostridium novyi,1,7,2,2,0,0,0,1
Clostridium pasteurianum,0,1,3,7,1,2,3,0
Clostridium perfringens,6,4,0,7,0,0,1,0
Clostridium saccharobutylicum,3,6,0,6,0,0,0,0
Clostridium saccharoperbutylacetonicum,5,1,0,3,0,0,0,0
Clostridium scatologenes,0,0,1,0,0,0,0,0
Clostridium septicum,3,1,0,0,0,0,0,0
Clostridium sp. AWRP,2,2,0,0,0,0,0,0
Clostridium sp. BNL1100,1,2,4,0,0,0,0,1
Clostridium sp. CT4,1,3,1,1,1,1,1,1
Clostridium sp. DL-VIII,1,2,0,3,0,0,0,0
Clostridium sp. JN-1,3,2,2,1,0,0,0,0
Clostridium sp. JN-9,3,4,2,1,0,1,0,0
Clostridium sp. JN500901,1,0,0,2,0,0,0,0
Clostridium sp. SY8519,24,39,14,21,1,0,2,0
Clostridium sp. SYSU GA15002T,3,6,1,0,2,0,0,0
Clostridium taeniosporum,4,0,0,1,0,0,0,0
Clostridium tetani,5,1,1,2,1,0,0,1
Clostridium tyrobutyricum,0,1,0,3,0,0,0,0
Crassaminicella sp. SY095,3,0,1,1,0,0,0,0
Geosporobacter ferrireducens,0,6,2,1,0,0,0,0
Hathewaya histolytica,1,0,0,0,2,2,0,0
Hungatella hathewayi,13,16,7,9,1,0,3,1
Aminipila butyrica,2,0,0,1,1,0,1,1
Aminipila sp. CBA3637,7,3,2,2,0,0,1,0
Aminipila sp. JN-18,1,2,1,2,1,0,0,0
Mogibacterium diversum,2,1,1,3,0,1,0,4
Mogibacterium pumilum,6,1,1,0,2,0,0,0
Thermaerobacter marianensis,0,1,0,1,0,0,0,0
Acetobacterium sp. KB-1,0,1,0,0,2,0,1,4
Acetobacterium woodii,2,5,3,0,0,0,0,0
Eubacterium callanderi,3,2,2,3,0,0,0,0
[Eubacterium] cellulosolvens,21,31,9,13,4,2,6,8
Eubacterium limosum,11,38,11,13,0,0,1,0
Eubacterium maltosivorans,3,1,4,7,6,4,6,10
Heliorestis convoluta,1,0,0,0,0,0,0,0
Fastidiosipila sanguinis,2,0,1,0,2,0,0,0
Acetivibrio clariflavus,1,1,1,2,1,0,0,0
Hungateiclostridium saccincola,1,1,0,0,0,0,1,0
Acetivibrio thermocellus,2,2,0,2,1,0,0,0
Mageeibacillus indolicus,1,6,4,0,0,0,0,0
Clostridium thermosuccinogenes,4,1,2,1,0,1,1,2
Ruminiclostridium cellulolyticum,2,2,0,5,2,1,0,0
Thermoclostridium stercorarium,0,3,1,0,0,5,1,4
Anaerobutyricum hallii,591,993,408,723,18,26,11,27
Anaerocolumna cellulosilytica,13,14,10,14,0,0,0,0
Anaerocolumna sp. CBA3638,9,25,3,11,0,2,1,1
Anaerocolumna sp. CTTW,16,23,14,18,0,2,1,3
Anaerostipes caccae,19,16,5,13,1,1,1,0
Anaerostipes hadrus,779,1710,644,1058,0,4,3,0
Anaerostipes rhamnosivorans,20,17,10,12,1,3,2,0
Anaerotignum propionicum,9,6,1,5,4,5,4,2
Blautia producta,66,120,51,59,2,1,4,2
Blautia sp. N6H1-15,68,106,45,81,3,2,2,4
Blautia sp. SC05B48,372,525,200,336,8,7,6,15
Blautia sp. YL58,0,0,1,0,0,0,0,0
Butyrivibrio fibrisolvens,20,19,16,27,8,14,5,11
Butyrivibrio hungatei,22,23,13,16,2,3,6,7
Butyrivibrio proteoclasticus,25,32,20,15,4,7,6,2
Cellulosilyticum sp. WCF-2,1,2,3,2,0,0,0,0
Enterocloster bolteae,31,36,13,26,5,1,0,4
Enterocloster clostridioformis,25,24,6,22,1,1,1,3
Herbinix luporum,7,8,0,6,0,0,0,1
Lachnoanaerobaculum umeaense,9,18,3,13,7,1,3,2
[Clostridium] hylemonae,40,59,14,31,0,0,0,0
[Clostridium] scindens,66,94,35,72,0,1,0,1
Lachnoclostridium phocaeense,46,71,35,41,6,6,4,7
Lachnoclostridium phytofermentans,17,17,6,13,1,2,0,2
Lachnoclostridium sp. YL32,15,19,5,11,3,3,3,5
Lachnospira eligens,884,1601,611,989,4,1,4,4
Lacrimispora saccharolytica,10,26,8,15,2,0,2,0
Lacrimispora sphenoides,19,29,14,12,8,6,1,1
Mediterraneibacter gnavus,1095,725,281,845,3,3,2,5
Pseudobutyrivibrio xylanivorans,15,27,24,20,4,5,4,4
Roseburia hominis,1122,786,317,994,28,28,11,22
Roseburia intestinalis,1545,1758,687,1093,5,14,6,9
Dysosmobacter welbionis,34,36,34,32,1,6,3,2
Oscillibacter sp. PEA192,1,5,0,9,3,5,4,12
Oscillibacter valericigenes,7,0,0,0,0,0,0,0
Candidatus Desulforudis audaxviator,3,0,0,0,0,0,0,0
Dehalobacter restrictus,1,2,0,1,1,1,1,0
Dehalobacterium formicoaceticum,1,1,0,1,0,4,2,2
Desulfoscipio gibsoniae,0,1,0,2,1,0,0,2
Desulfitobacterium dehalogenans,1,1,0,0,0,1,0,1
Desulfitobacterium dichloroeliminans,0,3,0,0,0,0,0,0
Desulfitobacterium hafniense,0,0,1,1,0,0,1,0
Desulfitobacterium metallireducens,2,2,0,0,0,1,0,0
Desulfofarcimen acetoxidans,1,2,0,0,0,0,0,0
Desulfosporosinus acidiphilus,1,0,3,2,0,1,2,0
Desulfosporosinus meridiei,2,0,1,1,0,0,0,0
Desulfosporosinus orientis,1,2,0,2,0,0,0,0
Desulfosporosinus youngiae,1,2,2,3,0,0,2,0
Desulfotomaculum ferrireducens,0,0,0,1,2,0,0,0
Desulfotomaculum nigrificans,0,1,1,0,0,0,0,0
Desulforamulus ruminis,0,2,0,2,0,0,0,0
Syntrophobotulus glycolicus,2,0,0,2,0,0,0,0
Thermincola potens,1,0,0,0,0,0,0,0
Acetoanaerobium sticklandii,2,1,0,0,0,2,0,1
Clostridioides difficile,80,90,36,60,11,6,10,14
Filifactor alocis,1,1,1,0,0,0,0,0
Paraclostridium sordellii,10,0,1,4,0,0,0,0
Paraclostridium bifermentans,7,1,1,2,0,0,0,0
Peptacetobacter hiranonis,12,7,5,6,2,3,1,1
Peptoclostridium acidaminophilum,0,1,0,2,3,1,0,0
Romboutsia hominis,14,2,0,1,0,0,0,0
Romboutsia ilealis,24,2,0,3,0,0,0,0
Romboutsia sp. CE17,18,7,2,5,0,0,0,0
Caproiciproducens sp. NJN-50,3,1,1,2,0,0,0,1
Ethanoligenens harbinense,6,2,4,3,4,4,1,7
Faecalibacterium prausnitzii,1057,3280,3473,5676,8824,11855,7896,15245
Flavonifractor plautii,1140,333,131,478,7,10,7,6
Ruminococcus albus,3,6,6,3,12,13,14,12
Ruminococcus bicirculans (ex Liu et al. 2021) <Ruminococcus bicirculans (ex Liu et al. 2021)>,12,16,12,18,33,31,20,28
Ruminococcus champanellensis,0,7,6,5,2,6,4,1
Ruminococcus sp. JE7A12,9,16,27,22,53,45,22,51
Ruthenibacterium lactatiformans,1099,436,168,610,4,3,5,3
Candidatus Syntrophocurvum alkaliphilum,0,1,0,0,0,0,0,0
Syntrophomonas wolfei,1,0,0,0,0,0,0,0
Petrocella atlantisensis,4,5,0,2,1,0,0,0
Halanaerobium praevalens,0,0,0,2,0,0,0,0
Halocella sp. SP3-1,2,0,2,1,0,0,0,0
Halothermothrix orenii,1,0,0,0,0,0,0,0
Acetohalobium arabaticum,1,0,1,0,0,0,0,0
Halobacteroides halobius,0,0,0,1,0,0,0,0
Natranaerobius thermophilus,2,0,1,0,0,0,0,0
Ammonifex degensii,1,0,0,0,0,0,0,0
Caldanaerobacter subterraneus,1,0,0,0,0,0,0,0
Carboxydothermus hydrogenoformans,0,1,0,0,0,0,0,0
Neomoorella thermoacetica,1,0,0,0,1,0,0,0
Tepidanaerobacter acetatoxydans,1,0,1,1,0,0,0,0
Thermacetogenium phaeum,0,0,0,2,0,0,0,0
Thermanaeromonas toyohensis,0,0,0,1,0,0,0,0
Thermoanaerobacter kivui,1,0,0,1,0,0,0,0
Thermoanaerobacter wiegelii,0,0,0,1,0,0,0,0
Caldicellulosiruptor bescii,0,1,0,0,0,1,0,2
Caldicellulosiruptor changbaiensis,1,1,0,0,0,0,1,0
Caldicellulosiruptor hydrothermalis,1,0,0,0,0,0,0,0
Caldicellulosiruptor kronotskyensis,4,0,0,0,0,0,0,0
Caldicellulosiruptor obsidiansis,0,0,1,0,0,0,0,0
Caldicellulosiruptor owensensis,0,0,0,1,1,0,0,1
Caldicellulosiruptor saccharolyticus,1,0,0,0,0,0,0,0
Thermoanaerobacterium sp. RBIITD,3,0,0,2,1,0,0,0
Thermoanaerobacterium thermosaccharolyticum,5,1,0,2,1,2,0,1
Thermoanaerobacterium xylanolyticum,2,1,0,0,0,0,0,0
Thermosediminibacter oceani,1,0,0,0,0,0,0,0
Mahella australiensis,0,1,3,1,0,1,4,0
Amedibacterium intestinale,13,15,5,17,2,0,0,0
[Clostridium] innocuum,16,30,12,21,0,0,0,1
Thomasclavelia ramosa,6,2,4,5,2,4,4,0
Erysipelothrix larvae,2,1,0,0,0,0,0,0
Erysipelothrix piscisicarius,0,1,0,2,0,0,0,0
Erysipelothrix rhusiopathiae,0,2,0,1,0,0,0,0
Erysipelothrix sp. HDW6A,3,0,0,1,1,0,0,0
Erysipelothrix sp. HDW6B,0,0,0,1,0,0,0,3
Erysipelothrix sp. HDW6C,1,0,0,0,0,0,0,0
Faecalibaculum rodentium,2,3,0,2,0,0,0,0
Faecalitalea cylindroides,51,75,32,47,1,1,2,0
Intestinibaculum porci,22,16,3,12,0,0,0,0
Longibaculum sp. KGMB06250,27,46,16,17,5,9,6,7
Turicibacter sanguinis,2,1,0,0,0,0,0,0
Turicibacter sp. H121,1,2,0,1,0,0,0,0
Limnochorda pilosa,1,1,0,0,0,0,0,0
Acidaminococcus fermentans,3,0,0,2,0,0,0,0
Acidaminococcus intestini,640,127,49,186,0,0,0,0
Phascolarctobacterium faecium,712,192,71,267,1,1,1,1
Megamonas funiformis,1,3,2,0,0,0,0,0
Megamonas hypermegale,2,3,2,1,1,0,0,0
Pectinatus frisingensis,3,1,2,0,0,0,0,0
Selenomonas ruminantium,5,2,5,1,1,6,2,0
Selenomonas sp. oral taxon 126,1,1,0,0,0,0,3,0
Selenomonas sp. oral taxon 136,0,0,2,0,0,0,0,0
Selenomonas sp. oral taxon 478,1,0,1,0,0,0,0,0
Selenomonas sp. oral taxon 920,1,0,0,2,0,0,0,1
Selenomonas sputigena,2,0,2,0,0,0,0,0
Methylomusa anaerophila,0,1,0,0,0,0,0,0
Pelosinus fermentans,0,1,0,1,0,0,0,0
Pelosinus sp. UFO1,0,0,2,2,0,1,0,0
Sporomusa termitida,2,0,0,1,0,0,1,0
Dialister hominis,1,0,0,0,0,0,0,0
Dialister pneumosintes,6,2,1,1,0,0,0,0
Megasphaera elsdenii,719,108,43,130,0,1,3,2
Megasphaera stantonii,3,4,1,1,0,0,1,1
Veillonella parvula,596,77,30,114,1,0,0,0
Veillonella rodentium,1,0,1,0,0,1,0,0
Veillonella sp. T1-7,0,1,0,0,0,0,1,0
Gottschalkia acidurici,0,2,1,1,0,0,0,0
Anaerococcus mediterraneensis,1,0,1,0,0,0,0,0
Anaerococcus prevotii,1,0,0,1,0,0,0,0
Finegoldia magna,481,104,34,151,0,0,0,0
Murdochiella vaginalis,0,0,1,0,0,0,0,1
Parvimonas micra,0,0,0,1,0,0,0,0
Peptoniphilus harei,0,1,0,3,0,0,0,0
Peptoniphilus ivorii,0,0,5,0,1,1,0,2
Peptoniphilus sp. ING2-D1G,2,0,3,1,1,4,1,3
Gudongella oleilytica,0,2,0,1,1,0,0,0
Tissierellia sp. JN-28,1,0,0,2,2,1,0,0
Fusobacterium gonidiaformans,0,2,0,0,0,0,0,0
Fusobacterium hwasookii,1,0,1,1,0,0,0,0
Fusobacterium mortiferum,1,1,1,0,0,0,0,0
Fusobacterium necrophorum,1,2,1,0,0,0,0,2
Fusobacterium nucleatum,4,1,0,0,0,0,0,0
Fusobacterium periodonticum,0,0,0,2,0,0,0,0
Fusobacterium pseudoperiodonticum,1,0,0,0,0,0,0,0
Fusobacterium ulcerans,2,0,0,1,0,0,0,0
Fusobacterium varium,2,3,0,1,0,0,1,0
Ilyobacter polytropus,0,0,0,3,0,0,0,0
Leptotrichia buccalis,1,0,0,0,0,0,0,0
Leptotrichia hongkongensis,0,1,0,0,0,0,0,0
Leptotrichia shahii,0,1,1,0,0,0,0,0
Leptotrichia sp. oral taxon 212,1,1,2,0,2,2,2,1
Leptotrichia sp. oral taxon 847,2,0,1,0,0,0,2,0
Leptotrichia trevisanii,3,1,0,0,0,0,0,0
Leptotrichia wadei,0,0,1,1,0,0,1,1
Pseudoleptotrichia goodfellowii,1,0,0,0,0,0,0,0
Sebaldella termitidis,0,1,0,0,0,0,1,0
Sneathia vaginalis,1,0,0,0,0,0,0,0
Streptobacillus moniliformis,0,1,0,0,0,0,0,0
Gemmatimonas aurantiaca,0,0,0,0,0,0,1,0
Gemmatimonas sp. TET16,1,0,1,0,0,0,0,0
Ignavibacterium album,1,1,1,0,0,0,0,0
Melioribacter roseus,2,0,0,0,0,0,0,0
Kiritimatiella glycovorans,1,0,0,0,0,0,0,0
Leptospirillum ferrooxidans,0,0,0,0,0,0,1,0
Nitrospira sp. KM1,1,0,0,0,0,0,0,0
Thermodesulfovibrio yellowstonii,0,0,0,1,0,0,0,0
Candidatus Kuenenia stuttgartensis,0,1,2,0,0,0,1,0
Phycisphaera mikurensis,0,0,0,0,0,0,1,0
Anaerohalosphaera lusitana,0,0,0,1,0,1,1,0
Limihaloglobus sulfuriphilus,0,0,0,0,0,0,2,0
Sedimentisphaera salicampi,1,0,0,0,0,0,0,0
Gemmata massiliana,0,0,1,0,0,0,0,0
Gemmata sp. SH-PL17,0,0,3,0,0,0,0,0
Tuwongella immobilis,1,1,0,0,0,0,0,0
Aquisphaera giovannonii,0,0,1,0,0,0,0,0
Isosphaera pallida,0,3,3,0,0,2,2,1
Mariniblastus fucicola,0,0,1,0,0,0,0,0
Roseimaritima ulvae,1,0,0,0,0,0,0,0
Bremerella volcania,0,0,0,0,0,0,0,1
Crateriforma conspicua,0,1,3,0,2,0,0,1
Gimesia sp. E7,2,0,0,0,0,0,0,0
Planctomyces sp. SH-PL14,0,0,0,0,1,0,0,0
Planctomyces sp. SH-PL62,0,0,0,0,2,0,0,0
Rubinisphaera brasiliensis,0,0,0,1,0,0,1,0
Acidithiobacillus thiooxidans,1,0,0,0,0,1,1,0
Brevundimonas diminuta,1,0,0,0,0,0,0,0
Brevundimonas sp. GW460-12-10-14-LB2,0,0,1,0,0,0,0,0
Brevundimonas sp. LM2,0,0,0,0,1,0,0,0
Caulobacter flavus,1,0,0,0,0,0,0,0
Caulobacter henricii,0,0,0,0,0,0,1,1
Caulobacter rhizosphaerae,0,1,0,0,1,2,1,0
Caulobacter sp. K31,0,0,0,1,0,0,0,0
Emcibacter sp. MEBiC09520,0,1,2,0,4,0,0,2
Candidatus Nesciobacter abundans,1,0,0,0,0,0,0,0
Candidatus Pelagibacter giovannonii,1,0,0,0,0,0,0,0
Candidatus Pelagibacter sp. RS40,0,0,1,0,0,0,0,0
Aureimonas sp. AU20,0,0,0,1,0,0,0,0
Martelella endophytica,1,0,1,0,0,1,0,0
Bartonella apis,0,0,0,1,0,0,0,0
Bartonella grahamii,0,1,0,0,1,0,0,1
Bartonella quintana,1,0,0,0,0,0,0,0
Bartonella sp. HY038,1,0,0,0,0,0,0,0
Bartonella sp. WD16.2,1,0,0,0,0,0,0,0
Methylocella tundrae,1,0,0,0,0,0,0,0
Methylovirgula ligni,0,2,1,0,1,0,1,0
Bosea sp. ANAM02,0,0,0,0,0,0,1,0
Bosea sp. F3-2,0,1,0,1,0,0,0,0
Bosea sp. PAMC 26642,0,0,0,1,0,0,0,0
Bradyrhizobium canariense,0,0,0,0,0,0,1,0
Bradyrhizobium diazoefficiens,1,0,3,1,3,3,1,0
Bradyrhizobium elkanii,0,2,0,0,0,0,0,0
Bradyrhizobium erythrophlei,0,0,2,0,0,0,1,0
Bradyrhizobium guangxiense,0,0,0,0,1,0,1,0
Bradyrhizobium icense,0,0,0,1,0,0,0,0
Bradyrhizobium japonicum,1,0,0,0,0,0,0,0
Bradyrhizobium oligotrophicum,0,0,0,1,0,0,0,0
Bradyrhizobium paxllaeri,0,0,0,1,0,0,0,0
Bradyrhizobium sp. ORS 285,0,1,0,0,0,0,0,0
Bradyrhizobium sp. TM102,0,0,1,0,0,0,0,0
Afipia carboxidovorans,0,0,0,0,0,0,1,1
Rhodopseudomonas palustris,1,1,0,1,0,1,0,1
Variibacter gotjawalensis,1,0,0,0,0,0,0,0
Brucella anthropi,1,0,0,1,0,0,0,0
Blastochloris viridis,0,0,0,0,0,1,0,1
Devosia ginsengisoli,0,0,0,0,1,0,0,0
Devosia sp. 1566,0,0,0,2,0,0,0,0
Devosia sp. A16,0,0,0,0,0,0,0,1
Devosia sp. D6-9,0,0,0,0,0,0,0,1
Hyphomicrobium nitrativorans,0,0,0,0,1,2,0,0
Hyphomicrobium sp. MC1,0,1,0,0,0,0,0,0
Maritalea myrionectae,0,0,0,1,0,0,0,0
Rhodomicrobium vannielii,0,0,0,0,0,0,2,0
Methylobacterium brachiatum,0,1,0,0,0,0,0,0
Methylobacterium currus,0,0,0,2,0,0,0,0
Methylobacterium nodulans,0,0,0,0,0,0,0,1
Methylobacterium sp. 17Sr1-1,0,0,1,0,0,0,0,0
Methylobacterium sp. 4-46,0,0,0,0,0,0,1,0
Methylobacterium sp. DM1,0,1,0,0,0,0,0,0
Methylobacterium sp. WL1,1,0,0,0,0,0,0,0
Methylocystis heyeri,0,1,0,0,4,0,0,0
Methylocystis sp. SC2,1,0,0,0,0,0,0,0
Methylosinus trichosporium,0,0,0,0,1,0,0,0
Aminobacter aminovorans,1,0,0,0,2,0,1,0
Aminobacter sp. MSH1,0,0,0,1,0,0,0,0
Chelativorans sp. BNC1,0,0,0,1,1,0,0,0
Mesorhizobium ciceri,0,0,0,0,0,0,1,0
Mesorhizobium huakuii,0,0,0,1,0,0,0,1
Mesorhizobium loti,0,0,2,0,0,0,1,0
Mesorhizobium sp. 8,0,1,0,0,0,0,0,0
Mesorhizobium sp. M1D.F.Ca.ET.043.01.1.1,1,0,0,0,0,0,0,0
Mesorhizobium sp. M6A.T.Cr.TU.016.01.1.1,0,1,0,0,0,0,0,0
Mesorhizobium sp. Pch-S,0,0,0,0,1,0,0,0
Oricola sp. MEBiC13590,0,0,0,1,0,0,0,0
Phyllobacterium zundukense,0,0,1,0,0,0,0,0
Roseitalea porphyridii,0,0,0,1,0,0,0,0
Salaquimonas pukyongi,0,2,0,0,0,0,0,0
Agrobacterium larrymoorei,0,0,0,0,0,0,1,0
Agrobacterium sp. RAC06,0,0,2,1,0,0,1,1
Agrobacterium tumefaciens,0,0,0,0,0,0,1,2
Agrobacterium vitis,0,1,0,0,0,0,0,0
Ensifer adhaerens,0,0,0,0,0,0,1,0
Ensifer mexicanus,1,0,0,0,1,0,0,0
Sinorhizobium sojae,0,0,0,0,0,1,0,0
Candidatus Liberibacter africanus,1,0,0,0,0,0,0,0
Candidatus Liberibacter americanus,0,0,0,1,0,0,0,0
Neorhizobium galegae,0,0,1,0,1,0,0,0
Rhizobium favelukesii,1,2,0,1,0,0,0,0
Rhizobium leguminosarum,0,3,3,2,1,0,0,0
Rhizobium lusitanum,0,1,0,1,0,0,0,0
Rhizobium sp. 11515TR,0,0,0,0,4,1,0,1
Rhizobium sp. NXC24,0,1,0,0,0,0,0,0
Rhizobium sp. WL3,0,1,0,2,0,0,0,0
Shinella sp. HZN7,0,0,0,0,0,2,0,0
Sinorhizobium americanum,0,1,0,0,0,0,0,0
Sinorhizobium fredii,0,0,0,0,0,0,0,1
Sinorhizobium medicae,0,0,0,0,1,0,0,0
Sinorhizobium meliloti,4,0,0,0,0,0,0,1
Sinorhizobium sp. RAC02,0,0,0,2,0,1,0,0
Parvibaculum lavamentivorans,0,0,1,0,0,0,0,0
Pyruvatibacter mobilis,0,0,0,1,0,0,0,0
Ancylobacter pratisalsi,0,2,0,2,0,0,0,0
Pseudolabrys sp. FHR47,0,0,0,0,0,1,0,0
Pseudolabrys taiwanensis,0,1,0,0,0,0,0,0
Starkeya sp. ORNL1,0,0,2,0,0,2,2,0
Hirschia baltica,0,1,1,1,0,0,0,0
Hyphomonas sp. CACIAM 19H1,0,0,0,2,0,0,0,0
Maricaulis maris,0,0,0,0,0,1,2,0
Celeribacter ethanolicus,0,0,0,0,0,0,0,1
Tritonibacter mobilis,1,0,0,0,0,0,0,0
Gemmobacter sp. HYN0069,0,0,0,0,0,0,1,0
Haematobacter massiliensis,1,0,0,0,0,0,0,0
Jannaschia sp. CCS1,2,0,0,0,0,0,0,1
Ketogulonicigenium vulgare,0,0,0,1,0,2,0,1
Labrenzia sp. PHM005,1,0,0,0,0,0,0,0
Labrenzia sp. VG12,0,1,0,2,0,0,0,1
Leisingera methylohalidivorans,1,0,0,1,0,0,0,0
Maribius sp. THAF1,0,0,3,0,1,3,1,0
Octadecabacter temperatus,0,0,0,0,0,3,1,0
Pannonibacter phragmitetus,0,0,0,0,0,1,0,0
Paracoccus aminophilus,0,0,0,0,1,0,0,0
Paracoccus contaminans,0,0,1,0,0,0,0,0
Paracoccus denitrificans,1,0,0,0,0,0,0,0
Paracoccus kondratievae,0,1,0,0,0,1,0,0
Paracoccus liaowanqingii,0,0,0,0,0,0,1,2
Paracoccus sp. BM15,0,0,0,0,1,0,0,0
Paracoccus sp. SC2-6,0,0,0,1,3,0,0,1
Paracoccus zhejiangensis,2,0,0,0,0,0,0,0
Phaeobacter inhibens,0,0,0,1,0,0,0,0
Phaeobacter piscinae,0,0,0,0,1,0,0,0
Phaeobacter porticola,0,1,0,0,0,0,0,0
Pseudohalocynthiibacter aestuariivivens,0,0,0,0,1,1,0,3
Pseudovibrio sp. FO-BEG1,1,0,0,0,0,1,2,0
Pseudogemmobacter blasticus,1,0,0,0,0,0,0,0
Rhodobacter capsulatus,0,1,0,0,0,0,0,0
Rhodobacter sp. LPB0142,0,0,0,1,0,0,0,0
Cereibacter sphaeroides,0,0,0,0,0,0,2,1
Rhodovulum sp. MB263,0,0,0,0,0,1,0,0
Rhodovulum sp. P5,2,0,0,0,1,0,0,0
Roseivivax sp. THAF30,0,0,0,0,0,1,0,0
Roseovarius indicus,1,0,0,0,0,0,0,0
Roseovarius sp. THAF9,0,0,0,0,0,0,0,1
Ruegeria sp. AD91A,1,0,0,0,0,0,0,0
Ruegeria sp. THAF33,0,0,3,0,0,1,4,2
Ruegeria sp. TM1040,0,0,0,1,0,0,0,0
Sagittula sp. P11,0,0,0,1,0,0,0,0
Salipiger profundus,1,0,0,0,0,0,0,0
Sulfitobacter sp. AM1-D1,0,0,0,0,1,0,0,0
Sulfitobacter sp. BSw21498,0,3,0,0,0,0,0,0
Sulfitobacter sp. D7,0,0,0,1,0,0,0,0
Sulfitobacter sp. JL08,0,0,1,0,0,0,0,0
Sulfitobacter sp. SK012,1,0,0,0,0,0,0,0
Tabrizicola piscis,0,0,2,0,1,2,0,0
Yoonia vestfoldensis,0,0,3,0,0,0,3,0
Acetobacter aceti,1,0,0,0,0,0,0,0
Acetobacter ascendens,0,1,0,0,0,0,0,0
Acetobacter orientalis,0,0,1,1,0,0,0,0
Acetobacter pasteurianus,0,1,0,0,0,0,0,0
Acetobacter persici,1,0,0,0,0,0,0,0
Acetobacter sp. KACC 21233,0,1,0,0,0,0,0,0
Acetobacter tropicalis,0,0,0,2,0,0,0,0
Asaia bogorensis,0,0,0,1,0,0,0,0
Bombella sp. KACC 21507,0,0,1,0,0,0,0,1
Commensalibacter sp. AMU001,0,0,0,1,0,0,0,0
Gluconobacter albidus,0,1,0,0,0,0,0,0
Gluconobacter thailandicus,0,0,0,0,1,0,0,0
Novacetimonas hansenii,0,0,0,1,0,0,0,0
Komagataeibacter medellinensis,0,0,0,1,0,0,0,0
Komagataeibacter nataicola,0,0,0,0,0,0,1,0
Komagataeibacter oboediens,0,0,4,0,1,2,0,0
Kozakia baliensis,0,1,0,0,0,0,0,0
Neokomagataea tanensis,0,1,1,3,0,2,2,0
Parasaccharibacter apium,0,0,0,0,0,0,1,0
Swingsia samuiensis,0,0,0,0,0,0,2,0
Azospirillum brasilense,2,0,0,1,1,0,0,0
Azospirillum humicireducens,0,0,1,0,0,0,0,0
Azospirillum ramasamyi,0,0,1,0,0,0,1,0
Azospirillum sp. TSH100,1,0,0,0,0,0,0,0
Azospirillum thermophilum,1,0,0,0,0,0,0,0
Azospirillum thiophilum,2,0,0,0,0,0,0,0
Candidatus Endolissoclinum faulkneri,0,0,1,0,0,0,0,0
Haematospirillum jordaniae,0,0,0,0,1,0,0,0
Indioceanicola profundi,0,0,0,1,0,2,0,0
Magnetospira sp. QH-2,2,0,0,0,0,0,0,0
Magnetospirillum gryphiswaldense,0,0,0,0,1,0,0,0
Paramagnetospirillum magneticum,0,0,0,1,0,0,0,1
Rhodospirillum centenum,1,1,0,0,0,0,0,0
Anaplasma ovis,0,0,1,0,0,0,0,0
Ehrlichia ruminantium,0,0,0,1,0,0,0,0
Wolbachia endosymbiont of Folsomia candida,0,0,0,1,0,0,0,0
Candidatus Midichloria mitochondrii,1,0,0,0,0,0,0,0
Candidatus Sneabacter namystus,0,1,0,0,0,0,0,0
Orientia tsutsugamushi,1,0,0,0,0,0,0,0
Rickettsia bellii,0,1,0,0,0,0,0,0
Rickettsia canadensis,0,0,3,0,0,3,1,0
Rickettsia monacensis,1,1,0,0,0,0,0,0
Altererythrobacter atlanticus,1,0,0,0,0,0,0,0
Altererythrobacter ishigakiensis,1,1,0,0,0,0,0,0
Altererythrobacter marensis,0,0,0,0,0,0,0,1
Altererythrobacter sp. BO-6,1,0,0,0,0,0,0,0
Altererythrobacter sp. NS1,0,0,0,0,0,0,0,2
Altererythrobacter sp. ZODW24,0,0,1,0,0,0,0,0
Croceicoccus naphthovorans,0,1,2,0,0,0,0,0
Erythrobacter sp. THAF29,0,1,0,2,4,3,0,2
Porphyrobacter neustonensis,0,0,2,0,3,0,2,0
Porphyrobacter sp. CACIAM 03H1,0,1,0,1,0,0,0,0
Blastomonas sp. RAC04,1,0,0,0,0,0,0,0
Novosphingobium aromaticivorans,0,0,0,0,0,2,1,1
Novosphingobium ginsenosidimutans,0,0,1,0,0,0,0,0
Novosphingobium pentaromativorans,0,0,0,0,1,0,0,0
Novosphingobium resinovorum,0,0,1,0,0,0,0,0
Novosphingobium sp. ABRDHK2,0,0,1,0,0,0,0,0
Novosphingobium sp. THN1,0,2,0,0,0,0,0,0
Parasphingopyxis algicola,0,0,0,0,1,0,0,0
Sphingobium cloacae,0,2,0,1,0,0,0,0
Sphingobium herbicidovorans,0,0,0,0,0,0,1,0
Sphingobium sp. RAC03,1,0,0,0,0,0,0,0
Sphingobium sp. SCG-1,0,0,1,0,1,0,0,0
Sphingobium sp. YBL2,0,1,0,0,0,0,0,0
Sphingobium sp. YG1,0,0,1,0,0,0,0,0
Sphingomonas alpina,0,0,0,0,1,0,0,0
Sphingomonas hengshuiensis,0,0,1,0,0,0,0,0
Sphingomonas koreensis,0,0,0,0,1,0,0,0
Sphingomonas panacis,0,0,1,0,0,0,0,0
Sphingomonas sanxanigenens,0,0,0,2,0,0,0,1
Sphingomonas sp. AAP5,0,2,0,1,1,0,0,1
Sphingomonas sp. C33,1,0,0,0,0,0,0,0
Sphingomonas sp. HMP6,0,0,0,1,0,1,3,0
Sphingomonas sp. HMP9,0,0,0,0,1,0,0,0
Sphingomonas sp. LK11,1,0,0,1,0,0,1,0
Sphingomonas sp. LMO-1,0,0,0,1,0,0,0,0
Sphingomonas sp. MM-1,0,0,1,0,0,0,1,0
Sphingomonas sp. NIC1,0,1,0,0,0,0,0,0
Sphingomonas sp. PAMC26645,0,0,1,0,2,0,0,0
Sphingomonas taxi,0,0,1,0,0,0,0,0
Rhizorhabdus wittichii,1,0,0,0,1,0,0,0
Sphingopyxis granuli,0,1,0,0,0,0,0,0
Sphingorhabdus lacus,0,0,2,0,0,0,0,0
Sphingorhabdus sp. JK6,2,0,0,0,0,0,0,0
Sphingorhabdus sp. M41,0,0,0,0,0,1,0,2
Sphingorhabdus sp. SMR4y,0,0,0,0,0,1,0,0
Sphingosinicella sp. BN140058,1,0,0,0,0,0,0,0
Zymomonas mobilis,1,0,0,0,0,0,0,0
Achromobacter denitrificans,0,0,0,1,4,0,0,0
Achromobacter insolitus,0,1,0,0,0,0,0,0
Achromobacter ruhlandii,0,1,0,0,0,0,0,0
Achromobacter sp. B7,2,0,0,0,0,0,0,0
Achromobacter sp. MFA1 R4,0,0,0,0,1,0,0,0
Achromobacter spanius,1,0,0,0,0,0,0,0
Achromobacter xylosoxidans,0,2,0,0,0,0,0,0
Alcaligenes aquatilis,0,0,0,1,0,0,0,0
Alcaligenes faecalis,0,1,0,2,0,0,0,0
Bordetella avium,0,0,0,0,0,0,0,1
Bordetella holmesii,0,2,0,0,0,0,0,0
Bordetella sp. H567,1,0,0,0,0,0,0,0
Bordetella sp. HZ20,0,0,1,0,0,0,1,0
Bordetella trematum,0,0,5,0,0,5,2,2
Castellaniella defragrans,1,0,0,3,0,0,0,2
Kerstersia gyiorum,0,0,1,0,0,0,0,0
Oligella urethralis,0,1,0,0,0,0,0,0
Pigmentiphaga aceris,0,1,0,0,0,0,0,0
Pusillimonas sp. DMV24BSW_D,0,0,0,1,0,0,0,0
Pusillimonas sp. ye3,1,0,4,0,1,0,3,3
Taylorella equigenitalis,1,0,0,0,0,1,0,0
Burkholderia cenocepacia,0,1,0,0,0,0,0,0
Burkholderia cepacia,0,1,0,0,0,0,0,0
Burkholderia glumae,0,0,0,1,0,0,0,0
Burkholderia insecticola,1,0,0,0,0,0,0,0
Burkholderia lata,0,0,0,1,0,2,0,0
Burkholderia oklahomensis,1,0,0,0,0,0,0,0
Burkholderia pseudomallei,0,1,0,0,0,0,0,0
Burkholderia seminalis,0,0,0,0,1,0,0,0
Burkholderia sp. CCGE1003,1,0,0,0,0,0,0,1
Burkholderia sp. DHOD12,0,0,0,0,0,1,0,0
Burkholderia sp. IDO3,0,0,0,1,0,0,0,0
Burkholderia sp. MSMB0856,0,0,0,0,0,0,0,1
Burkholderia sp. NRF60-BP8,0,0,0,0,1,0,0,1
Burkholderia sp. RPE67,0,0,0,0,1,0,0,0
Burkholderia stabilis,0,3,0,0,0,0,0,0
Burkholderia vietnamiensis,0,0,0,1,0,0,0,0
Cupriavidus basilensis,8,0,1,0,0,0,0,0
Cupriavidus campinensis,6,1,0,1,0,0,0,0
Cupriavidus gilardii,2,0,0,0,0,0,0,1
Cupriavidus metallidurans,1850,385,143,548,0,0,0,0
Cupriavidus nantongensis,1,0,0,0,0,0,0,0
Cupriavidus necator,1,0,0,0,0,0,0,0
Cupriavidus oxalaticus,3,0,0,0,0,0,1,0
Cupriavidus pauculus,5,1,0,1,0,0,0,0
Cupriavidus pinatubonensis,1,0,0,0,0,0,0,0
Cupriavidus sp. USMAA2-4,4,0,0,2,0,0,0,0
Cupriavidus taiwanensis,6,0,0,1,0,1,0,1
Mycetohabitans rhizoxinica,1,0,0,0,0,1,0,0
Pandoraea oxalativorans,0,0,0,0,1,0,0,0
Pandoraea pnomenusa,0,0,1,2,0,0,0,0
Pandoraea sp. XY-2,0,0,0,0,1,0,0,0
Pandoraea thiooxydans,1,0,0,3,0,0,0,0
Pandoraea vervacti,0,0,1,0,0,0,0,0
Paraburkholderia caribensis,2,0,0,0,0,0,0,0
Paraburkholderia sp. PGU16,0,1,0,0,0,0,0,0
Paraburkholderia sp. PGU19,1,0,0,0,0,0,0,0
Paraburkholderia sprentiae,0,0,0,1,0,0,0,0
Paraburkholderia tropica,0,1,0,0,0,0,0,0
Polynucleobacter asymbioticus,0,0,0,0,1,1,0,0
Polynucleobacter necessarius,1,1,1,0,0,0,0,0
Polynucleobacter paneuropaeus,0,0,4,0,0,0,1,2
Polynucleobacter sp. MWH-UH21B,1,0,0,0,0,0,0,0
Ralstonia insidiosa,1,0,0,0,0,0,0,0
Ralstonia solanacearum,1,0,0,0,0,0,0,0
Paracidovorax avenae,1,0,0,1,0,0,1,0
Paracidovorax citrulli,0,0,0,1,0,0,0,0
Acidovorax sp. HDW3,0,0,0,0,0,1,0,0
Acidovorax sp. JS42,1,0,0,0,0,0,0,0
Acidovorax sp. KKS102,1,0,0,0,0,0,0,0
Acidovorax sp. RAC01,0,0,0,0,1,1,1,0
Acidovorax sp. T1,2,0,0,1,0,0,0,0
Comamonas aquatica,0,1,0,0,0,0,0,0
Comamonas koreensis,0,0,0,1,0,0,0,0
Comamonas piscis,0,0,2,0,1,0,3,3
Comamonas serinivorans,0,0,0,1,0,0,0,0
Comamonas sp. NLF-7-7,1,1,0,0,1,0,1,0
Comamonas testosteroni,0,1,0,0,0,0,0,0
Curvibacter sp. AEP1-3,0,1,0,0,0,0,0,1
Delftia acidovorans,0,0,0,1,0,0,0,0
Diaphorobacter nitroreducens,0,1,0,0,0,0,0,0
Diaphorobacter sp. HDW4A,0,0,0,0,0,0,1,0
Diaphorobacter sp. HDW4B,0,0,0,1,0,0,0,0
Hydrogenophaga sp. NH-16,0,0,1,0,0,1,0,0
Hydrogenophaga sp. PAMC20947,1,0,0,0,0,0,0,0
Hydrogenophaga sp. RAC07,1,1,0,0,0,0,1,0
Hylemonella gracilis,0,0,1,0,0,0,0,0
Limnohabitans sp. 103DPR2,0,0,0,0,0,0,1,0
Melaminivora sp. SC2-9,1,0,0,0,0,0,0,0
Ottowia oryzae,0,0,0,1,0,0,0,0
Polaromonas vacuolata,1,0,0,0,0,0,0,0
Rhodoferax ferrireducens,1,0,0,0,0,0,0,0
Rhodoferax koreense,0,0,0,0,0,1,0,0
Rhodoferax sediminis,0,1,0,0,0,0,0,0
Variovorax paradoxus,1,0,0,0,0,0,2,0
Variovorax sp. PBS-H4,0,0,1,0,1,0,0,0
Variovorax sp. RA8,0,0,0,0,0,2,0,0
Collimonas arenae,1,0,0,2,0,0,0,0
Collimonas pratensis,1,0,0,0,0,0,0,1
Herbaspirillum hiltneri,0,0,1,1,0,0,0,0
Herbaspirillum rubrisubalbicans,0,1,1,0,0,3,9,2
Herminiimonas arsenitoxidans,1,1,0,0,0,0,0,0
Janthinobacterium agaricidamnosum,1,0,3,1,0,5,7,0
Janthinobacterium lividum,0,0,2,0,1,2,1,0
Janthinobacterium sp. B9-8,0,0,0,0,1,0,0,0
Janthinobacterium sp. LM6,0,0,1,2,1,1,5,0
Janthinobacterium sp. Marseille,1,0,0,1,0,0,0,0
Janthinobacterium sp. SNU WT3,0,0,1,1,1,0,0,0
Massilia albidiflava,1,0,0,0,0,0,0,0
Massilia lutea,0,0,0,0,1,0,0,0
Massilia oculi,0,0,0,0,0,1,0,0
Massilia umbonata,0,0,1,0,1,0,0,0
Oxalobacter formigenes,1,0,0,1,0,0,0,0
Undibacterium parvum,0,0,0,1,0,0,0,0
Sutterella faecalis,2,1,0,2,0,0,0,0
Sutterella megalosphaeroides,1,1,0,1,1,0,0,0
Aquaspirillum sp. LM1,0,0,1,1,0,0,0,0
Aquitalea denitrificans,0,0,0,0,1,0,0,0
Aquitalea magnusonii,1,0,0,0,0,0,0,0
Aquitalea sp. USM4,0,0,1,0,0,0,0,0
Chitinibacter fontanus,1,0,0,0,0,0,0,0
Chitinibacter sp. 2T18,0,1,0,1,0,0,0,0
Chromobacterium haemolyticum,0,1,0,0,0,0,0,0
Chromobacterium vaccinii,0,0,1,1,0,0,0,0
Chromobacterium violaceum,0,0,1,1,0,0,0,0
Deefgea sp. D17,0,1,0,0,0,0,0,0
Pseudogulbenkiania sp. NH8B,0,0,0,2,0,3,6,2
Chitinolyticbacter meiyuanensis,0,0,0,0,1,0,0,0
Conchiformibius steedae,0,0,0,0,1,0,0,0
Kingella kingae,0,0,0,2,0,0,0,0
Neisseria animalis,2,1,0,0,0,0,0,0
Neisseria brasiliensis,0,0,1,0,0,0,0,0
Neisseria canis,1,0,0,0,2,1,0,0
Neisseria chenwenguii,0,0,0,2,0,0,0,1
Neisseria dentiae,1,0,0,1,1,0,0,0
Neisseria elongata,1,0,0,0,0,0,0,0
Neisseria polysaccharea,2,0,0,0,0,0,0,0
Neisseria shayeganii,1,0,0,0,0,1,1,0
Neisseria sp. KEM232,0,3,0,0,0,0,0,0
Neisseria subflava,0,0,0,0,1,0,0,0
Neisseria wadsworthii,1,0,0,0,2,0,1,0
Neisseria weaveri,0,2,1,0,0,0,0,0
Neisseria zalophi,0,0,1,1,1,0,1,0
Neisseria zoodegmatis,1,0,0,0,0,0,0,0
Simonsiella muelleri,0,0,0,1,0,0,0,0
Snodgrassella alvi,0,1,0,0,0,0,0,0
Vitreoscilla sp. C1,0,0,1,0,0,0,0,0
Candidatus Nitrotoga sp. AM1P,0,0,0,1,0,1,1,0
Ferriphaselus amnicola,2,0,0,0,0,0,0,0
Gallionella capsiferriformans,0,0,0,1,0,0,0,0
Sulfuricella denitrificans,0,0,0,0,1,0,0,0
Sulfuriferula plumbiphila,0,0,0,0,1,2,0,0
Candidatus Methylopumilus turicensis,0,1,0,0,0,0,0,0
Methylotenera mobilis,0,0,0,1,0,0,0,0
Nitrosomonas eutropha,0,1,3,4,1,6,4,2
Nitrosomonas sp. Is79A3,0,2,0,3,0,0,0,0
Nitrosomonas stercoris,0,0,0,0,0,0,0,3
Nitrosomonas ureae,0,0,0,0,1,0,1,0
Nitrosospira lacus,2,0,0,2,0,0,0,0
Denitratisoma sp. DHT3,0,0,2,0,1,0,0,0
Sterolibacterium denitrificans,2,1,0,0,1,0,0,0
Sulfuritalea hydrogenivorans,0,0,0,0,0,1,0,1
Sulfuritortus calidifontis,1,0,0,0,0,0,0,0
Thiobacillus denitrificans,0,0,0,0,0,1,0,0
Dechloromonas aromatica (nom. nud.),1,0,0,1,0,0,0,0
Parazoarcus communis,0,0,5,5,1,0,5,1
Azoarcus sp. CIB,0,1,0,0,0,0,0,0
Azoarcus sp. KH32C,0,0,0,0,1,0,1,0
Azoarcus sp. M9-3-2,0,0,0,0,1,0,1,0
Azoarcus sp. SY39,2,0,0,0,0,0,0,0
Thauera aromatica,1,0,0,0,0,0,0,0
Thauera chlorobenzoica,0,0,0,2,0,0,0,0
Thauera humireducens,0,0,0,2,0,0,0,0
Thauera sp. K11,1,0,0,1,0,0,0,0
Desulfarculus baarsii,0,1,0,0,0,0,0,0
Desulfatibacillum aliphaticivorans,1,0,0,0,1,0,1,0
Desulfobacter hydrogenophilus,0,0,0,3,0,0,0,0
Desulfobacter postgatei,0,1,0,2,0,1,1,0
Desulforapulum autotrophicum,0,0,0,1,0,0,0,2
Desulfobacula toluolica,0,1,2,0,0,0,0,0
Desulfococcus multivorans,1,1,1,1,0,0,0,0
Desulfosudis oleivorans,1,2,0,0,0,0,0,0
Desulfosarcina alkanivorans,0,0,1,1,0,0,1,0
Desulfosarcina ovata,1,0,1,1,0,0,0,0
Desulfobulbus oralis,0,1,0,1,2,2,1,3
Desulfobulbus propionicus,0,0,5,1,1,5,4,3
Desulfocapsa sulfexigens,0,1,0,0,0,0,0,0
Desulfopila sp. IMCC35004,1,0,0,0,0,0,0,0
Desulfopila sp. IMCC35005,0,0,0,1,0,0,0,0
Desulfotalea psychrophila,0,0,0,1,0,0,0,0
Desulfurivibrio alkaliphilus,0,1,0,1,0,1,0,0
Desulfomicrobium orale,0,0,0,0,1,0,0,0
Candidatus Desulfovibrio trichonymphae,1,1,3,0,0,0,1,0
Oleidesulfovibrio alaskensis,1,0,0,0,0,0,0,0
Desulfovibrio carbinolicus,0,0,0,0,0,0,0,2
Desulfovibrio desulfuricans,1,2,0,0,0,1,0,0
Desulfovibrio fairfieldensis,2,0,1,2,0,0,0,0
Maridesulfovibrio hydrothermalis,0,0,0,1,1,2,5,1
Desulfovibrio marinus,0,0,0,0,0,0,0,1
Desulfovibrio piger,675,133,54,200,0,0,0,0
Maridesulfovibrio salexigens,1,1,2,0,0,2,0,0
Desulfovibrio sp. IOR2,0,0,0,2,0,0,0,0
Nitratidesulfovibrio vulgaris,1,0,0,0,0,0,0,0
Lawsonia intracellularis,1,0,0,0,0,0,0,1
Pseudodesulfovibrio aespoeensis,0,1,0,2,0,0,0,0
Pseudodesulfovibrio indicus,0,1,0,3,0,0,0,0
Pseudodesulfovibrio piezophilus,2,0,0,0,0,0,0,1
Pseudodesulfovibrio sp. zrk46,2,0,0,1,0,0,0,0
Pelobacter acetylenicus,0,1,0,0,2,1,0,0
Pelobacter propionicus,2,1,1,1,0,0,0,0
Pelobacter sp. SFB93,2,0,0,0,0,0,0,0
Geoalkalibacter subterraneus,0,2,1,0,1,0,0,0
Citrifermentans bemidjiense,1,1,0,0,0,0,0,0
Citrifermentans bremense,1,0,0,1,2,0,0,0
Geotalea daltonii,0,2,3,0,2,0,5,3
Trichlorobacter lovleyi,1,0,0,0,0,0,0,0
Geobacter sp. DSM 9736,1,0,3,1,0,0,1,0
Geobacter sp. FeAm09,0,1,0,0,0,0,0,0
Geobacter sp. M18,1,2,2,3,1,2,5,0
Geobacter sulfurreducens,0,0,2,0,1,1,0,1
Geotalea uraniireducens,0,0,1,0,2,0,0,2
Anaeromyxobacter dehalogenans,0,1,0,0,0,0,0,0
Anaeromyxobacter sp. Fw109-5,0,1,0,0,0,0,0,0
Archangium gephyra,1,0,0,0,1,0,0,0
Labilithrix luteola,2,0,0,1,1,0,0,0
Corallococcus coralloides,1,0,0,0,0,0,0,0
Corallococcus macrosporus,0,0,0,0,0,1,0,1
Myxococcus hansupus,0,0,0,0,0,2,1,0
Myxococcus xanthus,0,0,0,0,1,0,0,0
Sorangium cellulosum,1,3,0,2,0,1,0,0
Sandaracinus amylolyticus,0,0,1,0,0,1,0,0
Vulgatibacter incomptus,1,0,0,0,0,0,0,0
Desulfomonile tiedjei,0,0,1,0,0,0,0,0
Syntrophus aciditrophicus,0,0,1,1,1,0,0,0
Syntrophobacter fumaroxidans,1,0,1,0,0,0,1,0
Aliiarcobacter faecis,0,0,0,1,0,0,0,0
Arcobacter aquimarinus,1,0,0,1,0,0,0,0
Aliarcobacter butzleri,0,0,1,0,0,0,0,0
Aliarcobacter cryaerophilus,0,1,5,1,0,0,3,0
Arcobacter lekithochrous,1,0,0,0,0,0,0,0
Arcobacter pacificus,0,1,0,0,0,0,0,0
Aliarcobacter thereius,0,0,0,0,0,1,0,0
Arcobacter venerupis,0,0,0,1,0,0,0,1
Campylobacter armoricus,1,1,1,0,0,0,0,0
Campylobacter avium,1,0,0,0,0,0,0,0
Campylobacter coli,1,0,0,0,0,0,0,0
Campylobacter cuniculorum,1,1,0,1,0,0,0,0
Campylobacter fetus,1,0,0,0,0,0,0,0
Campylobacter helveticus,0,0,0,2,0,0,0,0
Campylobacter jejuni,0,1,0,0,0,0,0,0
Campylobacter pinnipediorum,0,1,0,0,0,0,0,0
Campylobacter rectus,0,0,0,0,1,0,0,0
Campylobacter showae,0,0,0,1,0,0,0,2
Campylobacter sp. CGEMS,1,0,0,0,0,0,0,0
Campylobacter lanienae,0,0,1,0,0,0,0,0
Campylobacter sp. RM6914,0,0,0,0,1,0,0,0
Campylobacter ureolyticus,1,0,0,0,0,1,3,0
Halarcobacter ebronensis,0,0,1,0,0,0,0,0
Sulfurospirillum barnesii,0,1,0,2,0,0,0,0
Sulfurospirillum multivorans,0,0,0,0,0,0,1,0
Helicobacter bilis,0,1,0,0,0,0,0,0
Helicobacter cholecystus,1,0,0,0,0,0,0,0
Helicobacter hepaticus,2,0,0,0,0,0,0,0
Helicobacter himalayensis,0,0,0,0,1,0,0,0
Helicobacter pylori,0,0,2,0,0,1,0,0
Sulfurimonas gotlandica,0,1,3,2,0,0,1,0
Sulfurimonas sp. 1-1N,0,1,4,0,2,0,5,3
Sulfurimonas sp. NW10,0,0,1,0,0,0,0,0
Caminibacter mediatlanticus,0,1,4,1,1,0,1,0
Nautilia sp. PV-1,0,0,1,0,0,0,0,1
Aeromonas caviae,2,0,0,0,0,0,0,0
Aeromonas hydrophila,0,0,0,2,0,0,0,0
Aeromonas media,1,0,0,0,0,0,0,0
Aeromonas schubertii,0,0,0,2,0,0,0,0
Aeromonas sp. CA23,1,0,0,0,0,0,0,0
Aeromonas veronii,2,2,1,3,3,1,0,1
Oceanimonas sp. GK1,0,0,1,0,0,0,2,0
Oceanisphaera avium,1,0,7,0,0,2,1,7
Zobellella denitrificans,0,0,1,0,1,2,0,0
Succinivibrio dextrinosolvens,0,2,3,5,2,3,3,1
Alteromonas australica,0,0,0,1,0,0,0,0
Alteromonas mediterranea,0,1,0,0,0,0,0,1
Alteromonas naphthalenivorans,0,0,0,0,0,3,5,1
Alteromonas pelagimontana,1,1,0,0,0,0,0,0
Alteromonas sp. 76-1,0,0,0,0,0,1,0,2
Alteromonas sp. RKMC-009,2,0,0,0,0,0,0,0
Catenovulum sediminis,0,1,0,0,0,0,0,0
Catenovulum sp. CCB-QB4,0,0,0,1,0,0,0,0
Brumicola nitratireducens,0,0,0,1,0,0,0,0
Glaciecola sp. THG-3.7,0,0,7,1,5,8,11,2
Marinobacter nauticus,1,0,1,0,0,0,0,0
Marinobacter salarius,1,0,0,1,0,0,0,0
Marinobacter salinus,0,0,4,0,1,2,4,1
Marinobacter sp. es.042,0,2,0,0,0,0,0,0
Marinobacter sp. NP-4(2019),0,0,1,0,0,1,0,1
Paraglaciecola mesophila,0,0,0,0,0,0,3,0
Paraglaciecola psychrophila,0,2,0,0,0,0,0,0
Paraglaciecola sp. L3A3,0,0,0,0,0,0,0,1
Colwellia psychrerythraea,0,1,1,0,2,1,0,0
Colwellia sp. Arc7-635,1,0,0,0,0,0,0,0
Colwellia sp. MT41,0,1,0,0,0,0,0,0
Colwellia sp. PAMC 20917,0,0,0,1,0,0,0,0
Thalassotalea crassostreae,0,1,0,0,0,0,0,1
Thalassotalea sp. PS06,1,0,0,0,0,0,0,0
Ferrimonas sp. S7,1,0,1,2,0,0,0,0
Idiomarina andamanensis,0,0,0,0,0,0,0,1
Idiomarina sp. X4,0,0,0,0,0,1,0,0
Pseudoalteromonas aliena,0,0,0,0,0,1,0,0
Pseudoalteromonas arctica,0,0,0,1,0,0,0,0
Pseudoalteromonas espejiana,1,0,0,0,0,0,0,0
Pseudoalteromonas marina,0,0,2,0,0,0,0,2
Pseudoalteromonas piratica,0,0,0,1,0,0,0,0
Pseudoalteromonas rubra,0,0,1,0,0,0,0,0
Pseudoalteromonas sp. R3,0,1,0,0,0,0,0,0
Pseudoalteromonas spongiae,0,0,0,1,0,0,0,0
Pseudoalteromonas translucida,0,1,0,0,0,0,0,0
Psychromonas sp. CNPT3,0,0,2,0,0,0,0,0
Parashewanella spongiae,0,0,1,0,0,0,0,0
Shewanella aestuarii,2,1,2,0,0,0,0,0
Shewanella baltica,2,0,1,0,1,2,3,2
Shewanella benthica,0,0,0,1,0,0,0,0
Shewanella denitrificans,0,0,1,1,1,1,2,1
Shewanella frigidimarina,0,0,0,1,0,0,0,0
Shewanella halifaxensis,0,0,1,0,0,3,2,0
Shewanella japonica,0,1,0,0,0,0,0,0
Shewanella marisflavi,0,0,0,0,1,0,1,0
Shewanella oneidensis,0,1,1,0,0,0,1,1
Shewanella pealeana,0,2,0,1,0,0,0,0
Shewanella piezotolerans,0,1,0,0,0,0,0,0
Shewanella psychrophila,1,0,0,1,0,0,0,0
Shewanella sp. Arc9-LZ,0,0,0,1,0,0,0,0
Shewanella sp. FDAARGOS_354,2,0,0,0,0,0,0,0
Shewanella sp. WE21,1,1,0,0,0,0,0,0
Shewanella sp. YLB-06,0,1,0,0,0,0,0,0
Shewanella violacea,0,0,0,2,1,0,0,1
Shewanella woodyi,0,1,1,0,0,0,0,0
Dichelobacter nodosus,0,0,0,2,0,0,0,0
Agarilytica rhodophyticola,0,0,0,1,0,0,0,0
Cellvibrio japonicus,0,0,0,1,0,0,0,0
Simiduia agarivorans,0,1,0,1,0,0,0,0
Halioglobus maricola,0,1,0,0,0,0,0,0
Halioglobus pacificus,0,0,0,0,1,0,0,0
Microbulbifer agarilyticus,0,0,0,3,0,0,0,0
Microbulbifer hydrolyticus,2,0,0,0,2,0,0,0
Microbulbifer sp. A4B17,0,1,0,0,0,0,0,0
Microbulbifer sp. GL-2,0,0,0,2,0,0,0,0
Microbulbifer sp. SH-1,1,0,0,0,0,0,0,0
Microbulbifer sp. THAF38,1,1,0,0,0,0,1,1
Microbulbifer thermotolerans,0,1,1,0,0,0,0,0
Zhongshania aliphaticivorans,0,1,2,0,3,0,0,1
Allochromatium vinosum,0,0,0,0,1,0,0,0
Candidatus Nitrosoglobus terrae,0,0,0,1,0,0,0,0
Nitrosococcus halophilus,0,0,1,0,0,0,0,0
Nitrosococcus oceani,0,0,1,0,0,0,0,0
Nitrosococcus wardiae,0,1,4,0,0,3,3,4
Thioflavicoccus mobilis,1,0,0,0,0,0,0,0
Acidihalobacter prosperus,0,0,6,1,1,0,3,1
Alkalilimnicola ehrlichii,0,1,1,0,0,0,0,0
Ectothiorhodospira sp. BSL-9,0,0,0,1,0,0,0,0
Thioalkalivibrio nitratireducens,0,0,3,0,0,1,3,0
Granulosicoccus antarcticus,1,1,0,0,0,0,0,0
Halothiobacillus sp. LS2,0,1,0,2,0,0,3,0
Pragia sp. CF-458,1,0,0,1,0,0,0,0
Buttiauxella sp. 3AFRM03,0,0,1,0,0,0,0,0
Candidatus Blochmannia floridanus,0,0,0,1,0,0,0,0
Candidatus Blochmanniella vafra,0,0,0,0,1,0,0,0
Candidatus Doolittlea endobia,0,1,0,0,0,0,0,0
Candidatus Gullanella endobia,1,0,0,0,0,0,0,1
Candidatus Williamhamiltonella defendens,0,0,1,0,2,0,1,1
Candidatus Moranella endobia,0,1,0,0,0,0,0,0
Candidatus Riesia pediculischaeffi,0,1,0,0,0,0,0,0
Cedecea lapagei,0,0,1,0,0,0,0,0
Cedecea neteri,0,1,1,0,0,1,3,0
Cedecea sp. FDAARGOS_727,0,3,0,0,0,0,0,0
Citrobacter farmeri,1,0,0,0,0,0,0,0
Citrobacter freundii,0,1,0,1,1,0,0,0
Citrobacter koseri,0,0,1,0,0,0,0,0
Citrobacter portucalensis,1,1,0,1,0,0,0,0
Citrobacter rodentium,0,0,1,0,0,0,0,0
Citrobacter sp. LY-1,0,0,0,1,0,0,0,0
Citrobacter sp. NMI7904_11,0,0,1,0,0,0,0,0
Citrobacter sp. RHB25-C09,0,0,0,0,0,1,0,0
Citrobacter sp. SNU WT2,0,1,0,0,0,0,0,0
Cronobacter malonaticus,0,0,0,1,0,0,0,0
Cronobacter sakazakii,0,1,0,0,0,0,0,0
Cronobacter sp. JZ38,0,1,0,0,0,0,0,0
Enterobacter asburiae,0,1,1,0,0,0,0,0
Enterobacter bugandensis,0,0,0,0,1,0,0,0
Enterobacter cancerogenus,0,1,0,0,0,0,0,0
Enterobacter cloacae,1,3,1,1,0,1,0,0
Enterobacter cloacae complex sp.,0,0,1,0,0,0,0,0
Enterobacter ludwigii,1,0,0,0,0,0,0,0
Enterobacter roggenkampii,0,0,1,1,0,0,0,0
Enterobacter sichuanensis,0,0,0,1,0,0,0,0
Enterobacter sp. E76,0,2,0,0,0,0,0,0
Enterobacter sp. RHB15-C17,0,1,0,1,0,0,0,0
Enterobacter sp. RHBSTW-00994,1,1,0,0,0,0,0,0
Escherichia albertii,0,1,4,1,0,0,0,1
Escherichia coli,1061,2388,900,1477,1,0,0,0
Escherichia fergusonii,2,6,4,3,0,0,0,0
Escherichia marmotae,2,5,2,3,0,0,0,0
Escherichia sp. E4742,0,2,1,4,0,0,0,0
Klebsiella aerogenes,4,1,1,1,0,0,0,0
Klebsiella grimontii,2,0,0,0,0,0,0,0
Klebsiella huaxiensis,0,2,1,0,0,0,0,0
Klebsiella michiganensis,2,0,0,0,0,0,0,0
Klebsiella oxytoca,3,1,0,0,0,0,0,1
Klebsiella pneumoniae,1007,385,169,596,0,0,0,0
Klebsiella quasipneumoniae,7,4,3,3,0,3,3,0
Klebsiella quasivariicola,1,0,0,0,0,0,0,0
Klebsiella sp. FDAARGOS_511,2,0,0,0,0,0,0,0
Klebsiella sp. PO552,1,0,0,0,0,0,0,0
Klebsiella variicola,606,76,34,115,0,0,0,0
Kluyvera intermedia,1,0,3,0,0,3,0,0
Kosakonia cowanii,0,0,0,0,1,0,0,0
Kosakonia oryzae,0,2,0,0,0,0,0,0
Leclercia adecarboxylata,0,0,0,1,0,0,0,0
Leclercia sp. 29361,0,1,0,0,0,0,0,0
Leclercia sp. W17,0,0,0,1,0,0,0,0
Lelliottia amnigena,0,0,1,0,0,0,0,0
Lelliottia jeotgali,0,0,0,0,2,0,1,0
Limnobaculum parvum,0,1,0,0,0,0,0,0
[Enterobacter] lignolyticus,0,0,0,1,1,1,0,0
Pluralibacter gergoviae,0,0,0,0,0,0,2,0
Pseudescherichia vulneris,0,0,0,1,0,0,0,0
Raoultella planticola,1,0,1,0,0,0,0,0
Raoultella terrigena,0,2,0,0,0,0,0,0
Salmonella bongori,0,1,0,2,0,0,0,0
Salmonella enterica,6,4,3,4,0,3,0,1
Scandinavium goeteborgense,1,0,0,0,0,0,0,0
Shigella boydii,1,4,0,6,0,0,0,0
Shigella dysenteriae,5,5,1,1,0,0,0,0
Shigella flexneri,1,1,2,0,0,0,0,0
Shimwellia blattae,0,1,0,0,0,0,0,0
Yokenella regensburgei,0,0,0,2,0,0,0,0
Buchnera aphidicola,0,3,1,3,0,0,4,1
Candidatus Erwinia haradaeae,0,2,0,0,0,0,0,0
Erwinia amylovora,0,0,0,1,0,1,0,0
Erwinia gerundensis,0,0,1,0,0,0,2,0
Erwinia pyrifoliae,0,0,0,1,0,0,0,0
Erwinia sp. J780,1,1,0,0,0,0,0,0
Mixta intestinalis,0,0,1,0,0,0,0,0
Pantoea agglomerans,1,0,1,0,0,0,0,0
Pantoea sp. 201603H,0,0,0,0,0,1,0,1
Pantoea sp. At-9b,0,0,0,0,0,0,1,0
Pantoea sp. CCBC3-3-1,0,0,0,0,0,0,1,1
Pantoea sp. SO10,1,0,0,0,0,0,0,0
Pantoea vagans,0,0,0,1,0,0,0,0
Tatumella ptyseos,3,0,0,0,0,0,0,0
Edwardsiella hoshinae,0,0,0,1,0,0,0,0
Hafnia alvei,0,0,1,1,0,0,0,0
Hafnia paralvei,3,2,0,0,0,0,0,0
Arsenophonus endosymbiont of Aphis craccivora,0,1,0,0,0,0,0,0
Morganella morganii,2,2,1,0,0,0,0,0
Photorhabdus laumondii,1,0,0,2,1,0,0,0
Photorhabdus thracensis,2,0,0,0,0,0,0,0
Proteus hauseri,0,0,0,1,0,0,0,0
Proteus mirabilis,1,2,1,0,0,0,0,0
Proteus sp. ZN5,0,0,3,1,0,1,1,0
Providencia rettgeri,1,0,0,0,0,0,0,0
Providencia rustigianii,0,0,3,2,1,0,2,1
Providencia sneebia,1,0,0,0,0,0,0,0
Providencia stuartii,2,1,0,0,0,1,0,3
Xenorhabdus bovienii,0,1,0,0,3,1,0,0
Xenorhabdus nematophila,1,0,0,0,0,0,0,0
Dickeya chrysanthemi,0,1,0,0,0,0,0,0
Dickeya dianthicola,0,0,0,0,1,0,0,0
Musicola paradisiaca,2,1,0,0,0,0,0,0
Dickeya zeae,3,0,3,0,0,2,0,0
Pectobacterium atrosepticum,0,0,1,0,0,0,0,0
Pectobacterium carotovorum,1,0,0,0,0,0,0,0
Pectobacterium odoriferum,0,1,0,0,0,0,0,0
Pectobacterium parmentieri,0,3,5,0,1,4,8,0
Pectobacterium polaris,1,1,1,0,0,2,3,3
Pectobacterium wasabiae,0,0,2,0,0,0,1,0
Sodalis endosymbiont of Henestaris halophilus,1,0,0,0,0,0,0,0
Chania multitudinisentens,1,1,0,0,0,1,0,0
Ewingella americana,1,0,0,0,0,0,0,0
Nissabacter sp. SGAir0207,0,1,1,0,0,0,0,1
Rahnella aquatilis,2,0,0,0,0,0,0,0
Rouxiella badensis,0,0,0,1,0,0,0,0
Serratia fonticola,0,1,0,0,0,0,0,0
Serratia liquefaciens,0,0,1,0,0,0,0,0
Serratia marcescens,1,2,0,0,0,0,0,0
Serratia plymuthica,1,0,0,0,0,0,0,0
Serratia quinivorans,1,0,0,0,0,0,0,0
Serratia sp. ATCC 39006,0,0,1,0,0,0,0,0
Serratia sp. FDAARGOS_506,0,0,1,0,0,0,0,0
Yersinia aldovae,0,0,0,1,0,0,0,0
Yersinia aleksiciae,0,0,1,0,0,0,0,3
Yersinia canariae,0,0,0,0,0,1,0,0
Yersinia enterocolitica,0,0,0,0,0,0,0,1
Yersinia entomophaga,0,0,0,0,0,1,0,0
Yersinia frederiksenii,0,0,1,1,0,0,0,0
Yersinia mollaretii,1,0,0,0,0,0,0,0
Yersinia ruckeri,0,0,0,1,0,0,0,0
Immundisolibacter cernigliae,0,1,0,0,0,0,0,0
Aquicella lusitana,1,0,0,0,0,0,0,0
Aquicella siphonis,0,0,1,0,1,0,1,2
Candidatus Rickettsiella viridis,1,0,0,0,0,0,0,0
Fluoribacter dumoffii,0,1,0,0,0,0,0,0
Legionella adelaidensis,0,0,1,0,0,0,0,0
Legionella hackeliae,0,1,0,0,0,0,0,0
Legionella israelensis,0,0,0,1,0,0,0,0
Legionella jordanis,0,0,1,0,0,0,0,0
Legionella longbeachae,0,4,0,0,0,1,0,1
Legionella oakridgensis,0,1,0,0,0,0,0,0
Legionella pneumophila,1,2,0,0,0,0,0,0
Legionella spiritensis,0,6,0,1,0,0,0,0
Legionella waltersii,0,1,0,0,0,0,0,0
Candidatus Methylospira mobilis,0,1,0,0,0,0,0,0
Methylocaldum marinum,0,1,0,0,0,0,0,0
Methylococcus capsulatus,1,0,0,0,0,0,0,0
Methylomicrobium album,0,0,0,1,0,0,0,0
Methylomicrobium sp. wino1,0,0,0,1,0,0,0,0
Methylomonas denitrificans,2,1,1,1,0,0,0,0
Methylomonas methanica,0,1,0,1,0,0,0,0
Methylomonas sp. LW13,0,0,0,0,0,0,1,0
Methylovulum psychrotolerans,1,0,0,0,0,0,0,0
Sinimarinibacterium sp. NLF-5-8,0,0,1,1,0,1,1,1
Alloalcanivorax dieselolei,1,0,0,0,0,0,0,0
Ketobacter alkanivorans,0,1,0,0,0,0,0,0
Endozoicomonas montiporae,2,0,0,0,0,0,0,0
Cobetia sp. L2A1,0,0,1,0,0,0,1,0
Halomonas beimenensis,0,1,4,0,4,0,0,1
Halomonas chromatireducens,0,0,0,1,0,0,0,0
Halomonas elongata,0,0,0,0,0,0,3,3
Halomonas hydrothermalis,0,0,0,0,1,0,0,0
Halomonas meridiana,0,0,0,0,0,0,1,0
Halomonas sp. A3H3,0,0,1,0,0,2,4,3
Halomonas sp. GT,0,0,0,1,0,0,0,0
Halomonas sp. HG01,1,0,0,0,0,0,0,0
Halomonas sp. KO116,0,1,2,1,0,0,1,0
Halomonas sp. N3-2A,0,0,3,0,0,0,1,0
Halomonas sp. NBT06E8,0,1,3,2,0,7,4,2
Halomonas sp. PGE1,0,1,1,0,0,0,0,0
Halomonas sp. THAF5a,0,0,0,0,0,1,0,0
Halomonas sp. Y2R2,0,0,0,0,1,1,0,0
Halomonas subglaciescola,0,0,0,0,0,0,1,1
Vreelandella titanicae,0,0,3,0,1,1,4,2
Halotalea alkalilenta,0,0,0,0,1,0,0,0
Kushneria sp. YCWA18,0,0,0,1,0,0,0,0
Zymobacter palmae,0,0,0,1,0,0,0,0
Kangiella koreensis,0,0,0,0,0,0,0,1
Kangiella profundi,0,2,0,0,0,2,2,0
Bacterioplanes sanyensis,0,0,0,1,0,0,0,0
Marinobacterium aestuarii,0,0,0,0,0,1,1,0
Marinomonas posidonica,0,0,0,1,0,0,0,0
Marinomonas sp. MWYL1,0,0,1,0,0,0,0,0
Neptunomonas concharum,0,1,0,0,0,0,0,0
Neptunomonas phycophila,0,0,0,1,0,0,0,0
Oleispira antarctica,0,1,0,0,0,1,1,0
Thalassolituus oleivorans,1,0,0,0,0,3,4,1
Oleiphilus messinensis,0,0,0,0,0,1,0,1
Gynuella sunshinyii,2,0,0,1,0,0,1,0
Saccharospirillum mangrovi,1,0,0,0,0,0,0,0
Frischella perrara,0,0,1,0,0,0,0,1
Gilliamella apicola,1,1,0,1,0,0,0,0
Actinobacillus delphinicola,0,0,0,1,0,0,0,0
Actinobacillus indolicus,2,0,0,0,0,0,0,0
Actinobacillus pleuropneumoniae,1,0,0,3,0,1,0,0
Actinobacillus porcitonsillarum,0,0,0,0,0,2,0,0
Aggregatibacter aphrophilus,0,0,0,1,0,0,0,0
Avibacterium paragallinarum,0,1,4,0,0,4,0,1
Avibacterium volantium,0,2,1,0,2,0,0,0
Bibersteinia trehalosi,0,2,2,0,1,1,1,1
Bisgaardia hudsonensis,0,0,2,0,0,0,0,0
Gallibacterium anatis,0,0,0,1,0,0,0,0
Haemophilus influenzae,0,3,0,0,0,0,0,0
Haemophilus parainfluenzae,0,1,0,0,0,0,0,0
Haemophilus pittmaniae,0,1,0,0,0,0,0,0
Haemophilus sp. oral taxon 036,0,1,0,0,0,0,0,0
Histophilus somni,0,0,1,1,2,1,4,2
Mannheimia granulomatis,1,2,2,1,0,0,0,0
Mannheimia haemolytica,1,0,0,0,0,0,1,0
Mannheimia sp. USDA-ARS-USMARC-1261,0,6,0,0,0,0,0,0
Pasteurella multocida,0,2,2,1,0,2,0,1
Rodentibacter pneumotropicus,0,0,0,1,0,0,0,0
Vespertiliibacter pulmonis,0,0,1,0,0,1,0,0
Acinetobacter baumannii,0,1,0,1,1,3,0,2
Acinetobacter calcoaceticus,0,1,0,0,0,0,0,0
Acinetobacter equi,2,0,0,0,0,0,0,0
Acinetobacter haemolyticus,0,0,0,0,1,0,1,0
Acinetobacter indicus,0,0,1,0,0,0,2,0
Acinetobacter junii,1,0,0,0,0,0,0,0
Acinetobacter lactucae,0,0,1,0,0,0,0,0
Acinetobacter larvae,0,1,0,0,1,0,0,0
Acinetobacter lwoffii,0,0,0,0,0,2,0,0
Acinetobacter nosocomialis,0,0,0,0,0,0,1,0
Acinetobacter pittii,0,0,0,0,0,0,2,1
Acinetobacter radioresistens,0,1,1,1,0,1,2,0
Acinetobacter schindleri,0,0,0,1,0,0,0,0
Acinetobacter sp. NCu2D-2,0,0,0,0,1,0,0,0
Acinetobacter sp. TGL-Y2,0,0,0,1,0,0,0,0
Acinetobacter venetianus,0,0,7,3,2,0,3,3
Moraxella bovis,0,0,0,1,0,0,0,0
Moraxella catarrhalis,1,0,0,0,0,0,0,0
Moraxella cuniculi,0,0,0,1,0,3,1,2
Psychrobacter sp. AntiMn-1,0,0,1,0,1,1,0,1
Psychrobacter sp. P11G3,0,0,0,0,0,0,1,0
Psychrobacter sp. P11G5,0,0,0,0,1,0,1,3
Psychrobacter sp. P2G3,0,1,0,0,0,0,0,0
Psychrobacter sp. PRwf-1,0,0,0,1,0,0,0,0
Azotobacter chroococcum,0,0,0,1,0,0,0,0
Azotobacter vinelandii,0,1,4,1,0,1,1,1
Permianibacter aggregans,0,0,0,1,0,0,0,0
Pseudomonas aeruginosa,2,0,0,0,0,0,0,0
Pseudomonas agarici,0,0,1,0,0,0,0,0
Pseudomonas asturiensis,0,0,1,0,0,0,0,2
Stutzerimonas balearica,0,2,0,0,0,0,0,0
Pseudomonas brenneri,3,0,0,2,1,0,1,0
Pseudomonas chlororaphis,0,3,0,0,0,0,0,0
Pseudomonas denitrificans (nom. rej.),0,0,0,0,0,0,1,0
Pseudomonas entomophila,0,0,3,0,0,0,1,1
Pseudomonas extremaustralis,0,0,0,0,1,0,0,0
Pseudomonas fluorescens,3,4,3,0,0,0,3,0
Pseudomonas fragi,0,0,0,0,0,0,0,1
Pseudomonas furukawaii,1,0,0,0,0,0,0,0
Pseudomonas granadensis,0,0,0,0,2,0,0,0
Pseudomonas kribbensis,0,0,3,0,0,0,1,1
Pseudomonas luteola,0,0,0,1,0,0,0,0
Pseudomonas marincola,0,0,0,0,1,1,0,0
Ectopseudomonas mendocina,1,1,0,0,0,0,0,0
Pseudomonas monteilii,0,2,0,0,0,0,0,0
Pseudomonas putida,4,2,1,2,2,0,1,0
Pseudomonas sabulinigri,0,1,0,0,0,0,0,0
Pseudomonas salegens,0,0,0,1,0,0,0,0
Pseudomonas sihuiensis,0,0,0,0,1,0,0,0
Pseudomonas sp. 02C 26,0,1,0,0,0,0,0,0
Pseudomonas sp. ACM7,1,0,0,0,0,0,0,0
Pseudomonas sp. ATCC 13867,1,0,0,0,0,0,0,0
Pseudomonas sp. B10,0,0,1,0,0,0,0,0
Pseudomonas sp. C27(2019),2,0,0,0,1,0,0,0
Pseudomonas sp. CC6-YY-74,0,0,0,0,0,1,2,2
Pseudomonas sp. CCOS 191,0,0,0,0,1,0,0,0
Pseudomonas sp. DY-1,0,1,1,0,2,0,2,2
Pseudomonas sp. gcc21,0,0,0,1,0,0,0,0
Pseudomonas sp. HLS-6,0,0,1,0,0,4,7,0
Pseudomonas sp. MSPm1,0,1,0,0,0,0,0,0
Pseudomonas sp. NIBRBAC000502773,0,0,0,1,1,4,2,0
Pseudomonas sp. OIL-1,0,2,0,1,0,0,0,0
Pseudomonas sp. PONIH3,1,0,0,1,0,0,0,0
Pseudomonas sp. R5-89-07,1,0,1,0,2,0,0,0
Pseudomonas sp. R76,0,0,1,0,0,0,0,0
Pseudomonas sp. S1-A32-2,0,0,3,0,2,2,5,0
Pseudomonas sp. StFLB209,2,0,0,0,0,0,0,0
Pseudomonas sp. THAF7b,0,0,1,0,0,0,0,0
Pseudomonas sp. TMW 2.1634,0,0,0,1,0,0,0,0
Pseudomonas sp. UW4,1,0,0,0,0,0,0,0
Stutzerimonas stutzeri,2,1,1,3,1,1,0,0
Pseudomonas syringae,1,1,2,1,2,1,2,0
Pseudomonas tolaasii,0,0,0,0,1,1,0,0
Pseudomonas vancouverensis,0,0,0,0,0,1,0,0
Pseudomonas versuta,0,0,1,2,0,0,0,0
Francisella philomiragia,2,0,0,1,0,0,0,0
Francisella sp. FSC1006,0,1,2,0,1,2,3,3
Hydrogenovibrio crunogenus,0,0,1,2,0,0,0,0
Hydrogenovibrio marinus,0,0,3,1,0,2,2,0
Hydrogenovibrio thermophilus,0,0,3,0,0,0,3,0
Methylophaga frappieri,2,0,0,0,0,0,0,0
Methylophaga nitratireducenticrescens,0,1,0,0,0,0,0,1
Piscirickettsia salmonis,2,0,0,1,0,0,0,0
Thiomicrorhabdus aquaedulcis,1,0,0,0,0,0,0,0
Thiomicrorhabdus sp. AkT22,0,2,0,0,0,0,0,0
Thiomicrorhabdus sp. G1,0,1,0,0,0,0,0,0
Beggiatoa leptomitoformis,0,0,0,0,1,0,1,0
Thioploca ingrica,1,0,0,0,0,0,0,0
Aliivibrio fischeri,1,0,0,0,0,0,0,0
Aliivibrio wodanis,0,0,0,1,0,0,0,0
Grimontia hollisae,0,1,1,2,0,0,0,0
Photobacterium damselae,0,0,3,3,2,0,3,2
Photobacterium gaetbulicola,0,0,0,0,1,0,0,0
Salinivibrio kushneri,0,0,0,0,0,0,0,1
Vibrio alfacsensis,1,0,2,0,0,0,0,0
Vibrio alginolyticus,2,0,1,1,0,0,3,1
Vibrio anguillarum,0,0,0,0,1,0,0,0
Vibrio astriarenae,0,0,0,1,0,0,0,0
Vibrio azureus,0,0,0,1,0,0,0,0
Vibrio breoganii,0,0,0,1,0,0,0,0
Vibrio campbellii,1,0,1,0,0,0,0,0
Vibrio casei,0,1,1,0,0,3,2,1
Vibrio chagasii,0,0,0,1,0,0,0,0
Vibrio cincinnatiensis,0,1,0,0,0,0,0,0
Vibrio fluvialis,1,0,1,2,0,0,0,0
Vibrio furnissii,1,0,0,0,0,0,0,0
Vibrio gazogenes,2,0,0,0,0,0,0,0
Vibrio harveyi,0,0,0,1,0,0,0,0
Vibrio hyugaensis,0,1,0,0,0,0,1,0
Vibrio mediterranei,1,2,0,0,0,0,0,0
Vibrio mimicus,0,0,0,0,1,5,0,0
Vibrio natriegens,0,1,0,0,0,0,0,0
Vibrio nigripulchritudo,0,0,0,1,0,0,0,0
Vibrio owensii,0,0,1,0,0,0,0,0
Vibrio rotiferianus,0,1,0,0,0,0,0,0
Vibrio sp. EJY3,0,1,0,0,0,0,0,0
Vibrio sp. HBUAS61001,0,0,1,0,0,0,0,0
Vibrio sp. HDW18,2,0,0,0,0,0,0,0
Vibrio sp. Scap24,0,0,0,0,0,1,0,0
Vibrio sp. SM1977,0,1,0,0,0,0,0,0
Vibrio sp. THAF100,0,1,2,1,6,2,1,2
Vibrio sp. THAF190c,0,0,0,0,0,0,0,1
Vibrio taketomensis,0,0,0,1,0,0,0,0
Vibrio tritonius,1,0,3,0,0,2,4,2
Vibrio tubiashii,1,0,0,0,0,0,1,0
Vibrio vulnificus,0,0,0,1,0,0,0,0
Ahniella affigens,0,0,1,0,0,0,0,0
Dyella thiooxydans,0,0,0,2,0,0,0,0
Frateuria aurantia,0,1,1,0,2,0,0,1
Rhodanobacter denitrificans,0,0,3,0,0,1,6,1
Luteimonas granuli,0,0,0,1,0,0,0,0
Luteimonas sp. JM171,1,0,0,0,0,0,0,0
Lysobacter alkalisoli,0,1,2,0,0,0,2,0
Lysobacter enzymogenes,0,0,0,1,0,0,0,0
Lysobacter oculi,1,0,0,0,0,0,0,0
Lysobacter soli,0,0,1,0,0,0,0,0
Stenotrophomonas maltophilia,3,0,8,2,3,0,6,1
Stenotrophomonas rhizophila,0,0,0,0,1,0,0,0
Stenotrophomonas sp. 364,0,1,0,0,0,0,0,0
Stenotrophomonas sp. NA06056,0,0,0,0,1,0,0,0
Xanthomonas campestris,0,0,1,0,1,0,0,0
Xanthomonas citri,1,0,0,0,0,0,0,0
Xanthomonas hortorum,0,0,6,0,2,0,1,2
Xanthomonas perforans,0,1,0,0,1,1,0,0
Xanthomonas vesicatoria,1,0,0,0,0,0,0,0
Bacteriovorax stolpii,1,0,0,1,0,0,0,0
Halobacteriovorax sp. BALOs_7,2,1,0,0,0,0,0,0
Bdellovibrio bacteriovorus,1,4,0,1,0,0,0,0
Pseudobdellovibrio exovorus,1,0,0,0,0,0,0,0
Bdellovibrio sp. KM01,1,0,0,0,0,0,0,0
Bdellovibrio sp. NC01,0,1,0,0,0,0,0,0
Bdellovibrio sp. ZAP7,1,0,0,0,0,0,0,0
Silvanigrella aquatica,1,1,0,0,0,0,0,0
Mariprofundus ferrinatatus,0,0,2,0,1,3,1,1
Brachyspira hampsonii,0,2,0,0,0,0,0,0
Brachyspira hyodysenteriae,1,1,0,0,0,0,0,0
Brachyspira intermedia,0,0,1,0,0,0,0,0
Brachyspira pilosicoli,0,1,1,1,0,0,0,0
Leptospira borgpetersenii,1,1,0,0,0,0,0,0
Leptospira interrogans,0,0,4,0,1,0,4,1
Leptospira kmetyi,0,0,0,1,0,0,0,0
Leptospira tipperaryensis,0,1,0,0,0,0,0,0
Leptospira weilii,1,0,0,0,0,0,0,0
Borrelia miyamotoi,0,0,1,0,0,0,0,0
Borrelia sp. A-FGy1,0,0,0,1,0,0,0,0
Borrelia turcica,1,0,0,0,0,0,0,0
Borreliella afzelii,0,0,0,1,0,0,0,0
Borreliella burgdorferi,0,1,0,0,0,0,0,0
Oceanispirochaeta sp. K2,0,0,1,2,0,0,2,1
Salinispira pacifica,0,0,0,0,0,2,0,0
Sediminispirochaeta smaragdinae,1,0,0,1,0,2,1,0
Parasphaerochaeta coccoides,1,0,1,2,0,0,0,1
Sphaerochaeta globosa,1,0,0,0,0,0,0,0
Sphaerochaeta pleomorpha,0,0,3,2,0,0,1,1
Spirochaeta africana,0,0,0,3,2,0,0,2
Spirochaeta perfilievii,1,1,0,0,0,0,1,0
Leadbettera azotonutricia,0,0,0,1,2,0,0,0
Treponema brennaborense,2,0,6,1,2,0,0,1
Gracilinema caldarium,1,0,2,0,0,0,0,0
Treponema denticola,2,0,0,0,1,1,0,0
Treponema pedis,2,0,1,0,1,0,0,0
Treponema phagedenis,2,0,0,2,0,0,2,0
Treponema putidum,0,0,0,0,0,3,2,7
Treponema socranskii,0,0,1,0,0,0,1,0
Treponema sp. OMZ 838,1,0,0,0,0,0,0,0
Treponema succinifaciens,1,3,1,2,0,4,1,4
Aminobacterium colombiense,0,0,0,1,0,0,0,0
Cloacibacillus porcorum,1,1,1,0,0,0,0,0
Thermanaerovibrio acidaminovorans,0,1,0,0,0,0,0,0
Thermanaerovibrio velox,1,0,0,0,0,0,0,0
Thermovirga lienii,0,1,0,0,0,0,0,0
Haploplasma axanthum,0,0,1,1,0,0,0,0
Acholeplasma brassicae,0,1,0,0,0,0,0,0
Acholeplasma hippikon,1,1,1,0,0,0,0,0
Acholeplasma laidlawii,1,0,0,0,0,0,0,0
Acholeplasma oculi,0,0,0,0,0,0,1,0
Acholeplasma palmae,2,0,0,1,0,0,0,0
Williamsoniiplasma somnilux,1,0,0,0,0,0,0,0
Mesoplasma lactucae,0,0,0,1,0,0,0,0
Mesoplasma tabanidae,0,1,0,1,0,0,0,0
Spiroplasma cantharicola,0,1,0,0,0,0,0,0
Spiroplasma clarkii,1,0,0,0,0,0,0,0
Spiroplasma corruscae,0,0,0,1,0,0,0,1
Spiroplasma culicicola,1,0,0,0,0,0,0,0
Spiroplasma floricola,1,0,0,0,0,0,0,0
Spiroplasma helicoides,1,0,0,0,0,0,0,0
Spiroplasma phoeniceum,0,0,0,1,0,0,0,0
Mycoplasmopsis agalactiae,1,1,0,0,0,0,0,0
[Mycoplasma] anseris,1,0,0,0,0,0,0,0
Mycoplasma anserisalpingitidis,2,0,0,0,0,0,0,0
Mycoplasmopsis arginini,0,0,0,0,0,0,1,0
Mycoplasmopsis bovigenitalium,0,2,0,0,0,0,0,0
Mycoplasma bovirhinis,1,0,0,0,0,0,0,0
Mycoplasmopsis bovis,0,0,0,1,0,0,0,0
Mesomycoplasma bovoculi,0,1,0,0,0,0,0,0
Mycoplasmopsis canis,1,0,1,0,0,0,0,0
Mycoplasma edwardii,1,0,0,0,0,0,0,0
Mycoplasma gallinaceum,0,1,0,0,0,0,0,0
Mycoplasmopsis glycophila,1,0,0,0,0,0,0,0
Metamycoplasma hominis,0,0,0,1,0,0,0,0
Mesomycoplasma ovipneumoniae,0,0,1,0,0,0,0,0
Mycoplasma sp. Mirounga ES2806-NAS,1,0,0,0,0,0,0,0
Mycoplasma sp. OR1901,0,0,5,0,0,0,4,2
Mycoplasma tullyi,1,0,0,0,0,0,0,0
Ureaplasma urealyticum,0,1,0,0,0,0,0,0
Thermodesulfatator indicus,0,0,2,0,0,0,0,0
Mesotoga prima,0,0,0,1,0,0,0,0
Defluviitoga tunisiensis,0,1,0,0,0,0,1,0
Marinitoga piezophila,0,0,0,1,0,0,0,0
Fervidobacterium nodosum,0,0,1,0,0,0,0,0
Fervidobacterium pennivorans,0,0,0,1,0,1,0,0
Thermosipho africanus,0,0,1,0,0,0,0,0
Thermosipho melanesiensis,0,1,0,0,0,0,0,0
Ereboglobus luteus,0,2,0,0,0,0,0,0
Opitutus sp. GAS368,0,1,0,0,0,0,0,0
Opitutus terrae,3,1,0,0,0,0,0,0
Akkermansia glycaniphila,1,0,1,0,0,0,0,0
Akkermansia muciniphila,815,2137,818,1306,0,0,1,0
Roseimicrobium sp. ORNL1,1,2,0,1,0,0,0,0
Verrucomicrobium spinosum,1,0,0,0,0,0,0,0
bovine alphaherpesvirus 1,0,0,0,0,1,0,0,0
Homo sapiens,68,59,74,49,32,37,72,42
Trichoplusia ni ascovirus 2c,1,0,0,0,0,0,0,0
