Domain,Phylum,Class,Order,Family,Genus,Species,Name,ti,Healthy_stool_100_100,Healthy_stool_100_10,Healthy_stool_100_1,Healthy_stool_100_50,Healthy_stool_10_100,Healthy_stool_10_10,Healthy_stool_10_1,Healthy_stool_10_50
Archaea,d_Archaea,d_Archaea,d_Archaea,d_Archaea,d_Archaea,d_Archaea,d_Archaea,1365,1,0,1,0,0,0,0,0
Bacteria,d_Bacteria,d_Bacteria,d_Bacteria,d_Bacteria,d_Bacteria,d_Bacteria,d_Bacteria,1366,3568,3668,5240,3375,2480,2958,4438,2799
Archaea,Euryarchaeota,p_Euryarchaeota,p_Euryarchaeota,p_Euryarchaeota,p_Euryarchaeota,p_Euryarchaeota,p_Euryarchaeota,3617,0,1,0,0,1,0,0,1
Archaea,Thaumarchaeota,p_Thaumarchaeota,p_Thaumarchaeota,p_Thaumarchaeota,p_Thaumarchaeota,p_Thaumarchaeota,p_Thaumarchaeota,3622,0,0,1,0,0,0,0,0
Bacteria,Actinobacteria,p_Actinobacteria,p_Actinobacteria,p_Actinobacteria,p_Actinobacteria,p_Actinobacteria,p_Actinobacteria,3613,46,12,16,19,30,14,14,10
Bacteria,Bacteroidetes,p_Bacteroidetes,p_Bacteroidetes,p_Bacteroidetes,p_Bacteroidetes,p_Bacteroidetes,p_Bacteroidetes,3614,1089,1133,3150,1125,932,1701,2841,1509
Bacteria,Candidatus Saccharibacteria,p_Candidatus Saccharibacteria,p_Candidatus Saccharibacteria,p_Candidatus Saccharibacteria,p_Candidatus Saccharibacteria,p_Candidatus Saccharibacteria,p_Candidatus Saccharibacteria,3615,2,4,0,1,0,0,0,0
Bacteria,Chloroflexi,p_Chloroflexi,p_Chloroflexi,p_Chloroflexi,p_Chloroflexi,p_Chloroflexi,p_Chloroflexi,3616,1,0,0,0,0,0,0,0
Bacteria,Firmicutes,p_Firmicutes,p_Firmicutes,p_Firmicutes,p_Firmicutes,p_Firmicutes,p_Firmicutes,3618,1630,2143,924,1588,478,393,321,413
Bacteria,Planctomycetes,p_Planctomycetes,p_Planctomycetes,p_Planctomycetes,p_Planctomycetes,p_Planctomycetes,p_Planctomycetes,3619,17,15,4,8,22,10,5,6
Bacteria,Proteobacteria,p_Proteobacteria,p_Proteobacteria,p_Proteobacteria,p_Proteobacteria,p_Proteobacteria,p_Proteobacteria,3620,389,352,407,351,289,299,322,237
Bacteria,Tenericutes,p_Tenericutes,p_Tenericutes,p_Tenericutes,p_Tenericutes,p_Tenericutes,p_Tenericutes,3621,2,0,0,1,0,0,0,0
Bacteria,Verrucomicrobia,p_Verrucomicrobia,p_Verrucomicrobia,p_Verrucomicrobia,p_Verrucomicrobia,p_Verrucomicrobia,p_Verrucomicrobia,3623,0,1,0,0,0,0,0,0
Bacteria,d_Bacteria,d_Bacteria,d_Bacteria,d_Bacteria,d_Bacteria,bacterium 2013Arg42i,bacterium 2013Arg42i,528,2,2,1,0,0,0,0,0
Bacteria,d_Bacteria,d_Bacteria,d_Bacteria,d_Bacteria,d_Bacteria,bacterium BFN5,bacterium BFN5,529,9,4,5,6,0,0,0,0
Bacteria,d_Bacteria,d_Bacteria,d_Bacteria,d_Bacteria,d_Bacteria,Candidatus Dependentiae bacterium (ex Spumella elongata CCAP 955/1),Candidatus Dependentiae bacterium (ex Spumella elongata CCAP 955/1),877,0,0,0,1,0,0,0,0
Viruses,d_Viruses,d_Viruses,d_Viruses,d_Viruses,d_Viruses,Changjiang picorna-like virus 12,Changjiang picorna-like virus 12,1049,1,0,0,0,0,0,0,0
Archaea,Euryarchaeota,Halobacteria,c_Halobacteria,c_Halobacteria,c_Halobacteria,c_Halobacteria,c_Halobacteria,780,1,3,33,6,4,16,20,18
Archaea,Euryarchaeota,Methanomicrobia,c_Methanomicrobia,c_Methanomicrobia,c_Methanomicrobia,c_Methanomicrobia,c_Methanomicrobia,781,1,0,0,0,0,0,0,0
Archaea,Euryarchaeota,Thermoplasmata,c_Thermoplasmata,c_Thermoplasmata,c_Thermoplasmata,c_Thermoplasmata,c_Thermoplasmata,785,0,2,1,0,0,0,1,0
Bacteria,d_Bacteria,d_Bacteria,d_Bacteria,d_Bacteria,Thermobaculum,Thermobaculum terrenum,Thermobaculum terrenum,5116,0,2,0,0,0,0,0,0
Bacteria,d_Bacteria,d_Bacteria,d_Bacteria,d_Bacteria,Vampirococcus,Vampirococcus sp. LiM,Vampirococcus sp. LiM,5226,1,1,0,0,0,1,0,0
Bacteria,Actinobacteria,Actinobacteria,c_Actinobacteria,c_Actinobacteria,c_Actinobacteria,c_Actinobacteria,c_Actinobacteria,770,99,88,64,69,106,67,65,42
Bacteria,Actinobacteria,Coriobacteriia,c_Coriobacteriia,c_Coriobacteriia,c_Coriobacteriia,c_Coriobacteriia,c_Coriobacteriia,776,67,65,43,78,213,166,97,79
Bacteria,Actinobacteria,p_Actinobacteria,p_Actinobacteria,p_Actinobacteria,p_Actinobacteria,Actinobacteria bacterium IMCC19121,Actinobacteria bacterium IMCC19121,111,1,1,2,1,0,0,0,0
Bacteria,Actinobacteria,p_Actinobacteria,p_Actinobacteria,p_Actinobacteria,p_Actinobacteria,Actinobacteria bacterium IMCC25003,Actinobacteria bacterium IMCC25003,112,0,2,0,2,0,0,0,0
Bacteria,Actinobacteria,p_Actinobacteria,p_Actinobacteria,p_Actinobacteria,p_Actinobacteria,Actinobacteria bacterium IMCC26077,Actinobacteria bacterium IMCC26077,113,3,0,0,0,0,1,2,0
Bacteria,Actinobacteria,p_Actinobacteria,p_Actinobacteria,p_Actinobacteria,p_Actinobacteria,Actinobacteria bacterium IMCC26103,Actinobacteria bacterium IMCC26103,114,1,0,0,0,0,0,0,0
Bacteria,Armatimonadetes,p_Armatimonadetes,p_Armatimonadetes,p_Armatimonadetes,p_Armatimonadetes,Armatimonadetes bacterium Uphvl-Ar2,Armatimonadetes bacterium Uphvl-Ar2,381,0,1,2,1,1,1,0,1
Bacteria,Bacteroidetes,Bacteroidia,c_Bacteroidia,c_Bacteroidia,c_Bacteroidia,c_Bacteroidia,c_Bacteroidia,773,46,34,69,35,24,53,53,37
Bacteria,candidate division Zixibacteria,p_candidate division Zixibacteria,p_candidate division Zixibacteria,p_candidate division Zixibacteria,p_candidate division Zixibacteria,candidate division Zixibacteria bacterium,candidate division Zixibacteria bacterium,857,1,1,0,2,5,0,2,1
Bacteria,Candidatus Gracilibacteria,p_Candidatus Gracilibacteria,p_Candidatus Gracilibacteria,p_Candidatus Gracilibacteria,p_Candidatus Gracilibacteria,Candidatus Gracilibacteria bacterium HOT-871,Candidatus Gracilibacteria bacterium HOT-871,891,2,1,0,2,0,0,0,0
Bacteria,Candidatus Saccharibacteria,p_Candidatus Saccharibacteria,p_Candidatus Saccharibacteria,p_Candidatus Saccharibacteria,p_Candidatus Saccharibacteria,Candidatus Saccharibacteria bacterium oral taxon 488,Candidatus Saccharibacteria bacterium oral taxon 488,962,2,2,6,6,3,6,2,2
Bacteria,Candidatus Saccharibacteria,p_Candidatus Saccharibacteria,p_Candidatus Saccharibacteria,p_Candidatus Saccharibacteria,p_Candidatus Saccharibacteria,Candidatus Saccharibacteria bacterium YM_S32_TM7_50_20,Candidatus Saccharibacteria bacterium YM_S32_TM7_50_20,963,2,0,0,1,0,0,0,0
Bacteria,Cyanobacteria,p_Cyanobacteria,Nostocales,o_Nostocales,o_Nostocales,o_Nostocales,o_Nostocales,3546,6,10,39,9,4,15,23,14
Bacteria,Firmicutes,Bacilli,c_Bacilli,c_Bacilli,c_Bacilli,c_Bacilli,c_Bacilli,772,155,111,95,109,45,50,46,59
Bacteria,Firmicutes,Clostridia,c_Clostridia,c_Clostridia,c_Clostridia,c_Clostridia,c_Clostridia,775,42,69,29,39,18,17,11,25
Bacteria,Firmicutes,Negativicutes,c_Negativicutes,c_Negativicutes,c_Negativicutes,c_Negativicutes,c_Negativicutes,783,17,7,9,6,0,0,0,0
Bacteria,Firmicutes,Tissierellia,c_Tissierellia,c_Tissierellia,c_Tissierellia,c_Tissierellia,c_Tissierellia,786,2,1,0,0,0,0,0,0
Bacteria,Firmicutes,p_Firmicutes,p_Firmicutes,p_Firmicutes,p_Firmicutes,endosymbiont TC1 of Trimyema compressum,endosymbiont TC1 of Trimyema compressum,1559,3,1,2,3,0,0,0,0
Bacteria,Kiritimatiellaeota,p_Kiritimatiellaeota,p_Kiritimatiellaeota,p_Kiritimatiellaeota,p_Kiritimatiellaeota,Kiritimatiellaeota bacterium S-5007,Kiritimatiellaeota bacterium S-5007,2607,3,8,3,4,0,0,0,1
Bacteria,Planctomycetes,Planctomycetia,c_Planctomycetia,c_Planctomycetia,c_Planctomycetia,c_Planctomycetia,c_Planctomycetia,784,0,0,0,1,0,0,0,0
Bacteria,Planctomycetes,p_Planctomycetes,p_Planctomycetes,p_Planctomycetes,p_Planctomycetes,Planctomycetes bacterium,Planctomycetes bacterium,3893,2,1,1,0,3,1,1,1
Bacteria,Planctomycetes,p_Planctomycetes,p_Planctomycetes,p_Planctomycetes,p_Planctomycetes,Planctomycetes bacterium CA51,Planctomycetes bacterium CA51,3894,0,0,1,0,2,0,1,1
Bacteria,Planctomycetes,p_Planctomycetes,p_Planctomycetes,p_Planctomycetes,p_Planctomycetes,Planctomycetes bacterium EC9,Planctomycetes bacterium EC9,3895,0,0,1,1,0,0,0,0
Bacteria,Planctomycetes,p_Planctomycetes,p_Planctomycetes,p_Planctomycetes,p_Planctomycetes,Planctomycetes bacterium ElP,Planctomycetes bacterium ElP,3896,3,0,1,1,0,0,0,0
Bacteria,Planctomycetes,p_Planctomycetes,p_Planctomycetes,p_Planctomycetes,p_Planctomycetes,Planctomycetes bacterium Enr13,Planctomycetes bacterium Enr13,3897,0,0,1,1,1,3,1,0
Bacteria,Planctomycetes,p_Planctomycetes,p_Planctomycetes,p_Planctomycetes,p_Planctomycetes,Planctomycetes bacterium Enr17,Planctomycetes bacterium Enr17,3898,1,0,0,0,0,0,0,0
Bacteria,Planctomycetes,p_Planctomycetes,p_Planctomycetes,p_Planctomycetes,p_Planctomycetes,Planctomycetes bacterium ETA_A1,Planctomycetes bacterium ETA_A1,3899,1,0,1,3,0,0,0,0
Bacteria,Planctomycetes,p_Planctomycetes,p_Planctomycetes,p_Planctomycetes,p_Planctomycetes,Planctomycetes bacterium FF011L,Planctomycetes bacterium FF011L,3900,1,0,1,2,0,0,0,0
Bacteria,Planctomycetes,p_Planctomycetes,p_Planctomycetes,p_Planctomycetes,p_Planctomycetes,Planctomycetes bacterium HG15A2,Planctomycetes bacterium HG15A2,3901,1,1,1,1,0,0,0,0
Bacteria,Planctomycetes,p_Planctomycetes,p_Planctomycetes,p_Planctomycetes,p_Planctomycetes,Planctomycetes bacterium HG66A1,Planctomycetes bacterium HG66A1,3902,2,0,0,0,0,0,0,0
Bacteria,Planctomycetes,p_Planctomycetes,p_Planctomycetes,p_Planctomycetes,p_Planctomycetes,Planctomycetes bacterium K22_7,Planctomycetes bacterium K22_7,3904,7,2,3,2,0,1,1,2
Bacteria,Planctomycetes,p_Planctomycetes,p_Planctomycetes,p_Planctomycetes,p_Planctomycetes,Planctomycetes bacterium K23_9,Planctomycetes bacterium K23_9,3905,1,3,1,1,0,0,0,1
Bacteria,Planctomycetes,p_Planctomycetes,p_Planctomycetes,p_Planctomycetes,p_Planctomycetes,Planctomycetes bacterium KS4,Planctomycetes bacterium KS4,3906,3,3,7,6,1,4,6,6
Bacteria,Planctomycetes,p_Planctomycetes,p_Planctomycetes,p_Planctomycetes,p_Planctomycetes,Planctomycetes bacterium Mal35,Planctomycetes bacterium Mal35,3907,0,1,1,0,0,0,0,0
Bacteria,Planctomycetes,p_Planctomycetes,p_Planctomycetes,p_Planctomycetes,p_Planctomycetes,Planctomycetes bacterium Mal4,Planctomycetes bacterium Mal4,3908,1,0,0,0,0,0,0,0
Bacteria,Planctomycetes,p_Planctomycetes,p_Planctomycetes,p_Planctomycetes,p_Planctomycetes,Planctomycetes bacterium Mal48,Planctomycetes bacterium Mal48,3909,2,1,0,4,0,0,0,0
Bacteria,Planctomycetes,p_Planctomycetes,p_Planctomycetes,p_Planctomycetes,p_Planctomycetes,Planctomycetes bacterium MalM14,Planctomycetes bacterium MalM14,3910,1,0,1,0,0,0,0,0
Bacteria,Planctomycetes,p_Planctomycetes,p_Planctomycetes,p_Planctomycetes,p_Planctomycetes,Planctomycetes bacterium MalM25,Planctomycetes bacterium MalM25,3911,0,3,7,1,6,3,5,2
Bacteria,Planctomycetes,p_Planctomycetes,p_Planctomycetes,p_Planctomycetes,p_Planctomycetes,Planctomycetes bacterium Pan161,Planctomycetes bacterium Pan161,3912,4,1,0,2,0,0,0,0
Bacteria,Planctomycetes,p_Planctomycetes,p_Planctomycetes,p_Planctomycetes,p_Planctomycetes,Planctomycetes bacterium Pan181,Planctomycetes bacterium Pan181,3913,3,2,5,0,1,1,4,5
Bacteria,Planctomycetes,p_Planctomycetes,p_Planctomycetes,p_Planctomycetes,p_Planctomycetes,Planctomycetes bacterium Pan189,Planctomycetes bacterium Pan189,3914,1,0,0,0,0,0,0,0
Bacteria,Planctomycetes,p_Planctomycetes,p_Planctomycetes,p_Planctomycetes,p_Planctomycetes,Planctomycetes bacterium Pan216,Planctomycetes bacterium Pan216,3915,0,2,0,0,0,1,0,0
Bacteria,Planctomycetes,p_Planctomycetes,p_Planctomycetes,p_Planctomycetes,p_Planctomycetes,Planctomycetes bacterium Pan241w,Planctomycetes bacterium Pan241w,3916,2,8,39,6,5,12,38,19
Bacteria,Planctomycetes,p_Planctomycetes,p_Planctomycetes,p_Planctomycetes,p_Planctomycetes,Planctomycetes bacterium Pan258,Planctomycetes bacterium Pan258,3917,0,0,1,0,0,0,0,0
Bacteria,Planctomycetes,p_Planctomycetes,p_Planctomycetes,p_Planctomycetes,p_Planctomycetes,Planctomycetes bacterium Pan265,Planctomycetes bacterium Pan265,3918,1,0,9,2,5,4,5,1
Bacteria,Planctomycetes,p_Planctomycetes,p_Planctomycetes,p_Planctomycetes,p_Planctomycetes,Planctomycetes bacterium Pan44,Planctomycetes bacterium Pan44,3919,0,0,0,0,0,1,2,2
Bacteria,Planctomycetes,p_Planctomycetes,p_Planctomycetes,p_Planctomycetes,p_Planctomycetes,Planctomycetes bacterium Pla110,Planctomycetes bacterium Pla110,3920,6,2,1,1,0,0,0,0
Bacteria,Planctomycetes,p_Planctomycetes,p_Planctomycetes,p_Planctomycetes,p_Planctomycetes,Planctomycetes bacterium Pla163,Planctomycetes bacterium Pla163,3921,1,2,3,0,7,3,1,1
Bacteria,Planctomycetes,p_Planctomycetes,p_Planctomycetes,p_Planctomycetes,p_Planctomycetes,Planctomycetes bacterium Pla175,Planctomycetes bacterium Pla175,3922,0,2,0,3,0,0,1,0
Bacteria,Planctomycetes,p_Planctomycetes,p_Planctomycetes,p_Planctomycetes,p_Planctomycetes,Planctomycetes bacterium Pla85_3_4,Planctomycetes bacterium Pla85_3_4,3923,0,0,6,3,0,3,4,0
Bacteria,Planctomycetes,p_Planctomycetes,p_Planctomycetes,p_Planctomycetes,p_Planctomycetes,Planctomycetes bacterium Poly24,Planctomycetes bacterium Poly24,3924,4,1,1,0,0,0,0,0
Bacteria,Planctomycetes,p_Planctomycetes,p_Planctomycetes,p_Planctomycetes,p_Planctomycetes,Planctomycetes bacterium Poly30,Planctomycetes bacterium Poly30,3925,1,0,0,0,0,0,0,0
Bacteria,Planctomycetes,p_Planctomycetes,p_Planctomycetes,p_Planctomycetes,p_Planctomycetes,Planctomycetes bacterium Q31a,Planctomycetes bacterium Q31a,3926,2,0,1,1,0,1,0,0
Bacteria,Planctomycetes,p_Planctomycetes,p_Planctomycetes,p_Planctomycetes,p_Planctomycetes,Planctomycetes bacterium SRT547,Planctomycetes bacterium SRT547,3927,2,4,5,2,0,4,4,1
Bacteria,Planctomycetes,p_Planctomycetes,p_Planctomycetes,p_Planctomycetes,p_Planctomycetes,Planctomycetes bacterium SV_7m_r,Planctomycetes bacterium SV_7m_r,3928,2,1,1,1,0,0,0,0
Bacteria,Planctomycetes,p_Planctomycetes,p_Planctomycetes,p_Planctomycetes,p_Planctomycetes,Planctomycetes bacterium TBK1r,Planctomycetes bacterium TBK1r,3929,2,0,0,0,0,0,0,1
Bacteria,Planctomycetes,p_Planctomycetes,p_Planctomycetes,p_Planctomycetes,p_Planctomycetes,Planctomycetes bacterium V144,Planctomycetes bacterium V144,3930,0,0,1,0,1,0,0,0
Bacteria,Planctomycetes,p_Planctomycetes,p_Planctomycetes,p_Planctomycetes,p_Planctomycetes,Planctomycetes bacterium V22,Planctomycetes bacterium V22,3931,2,4,27,3,6,18,30,19
Bacteria,Planctomycetes,p_Planctomycetes,p_Planctomycetes,p_Planctomycetes,p_Planctomycetes,Planctomycetes bacterium V6,Planctomycetes bacterium V6,3932,2,0,0,1,0,0,0,0
Bacteria,Proteobacteria,Alphaproteobacteria,c_Alphaproteobacteria,c_Alphaproteobacteria,c_Alphaproteobacteria,c_Alphaproteobacteria,c_Alphaproteobacteria,771,56,72,72,92,90,73,69,43
Bacteria,Proteobacteria,Betaproteobacteria,c_Betaproteobacteria,c_Betaproteobacteria,c_Betaproteobacteria,c_Betaproteobacteria,c_Betaproteobacteria,774,62,23,13,30,20,20,20,13
Bacteria,Proteobacteria,Deltaproteobacteria,c_Deltaproteobacteria,c_Deltaproteobacteria,c_Deltaproteobacteria,c_Deltaproteobacteria,c_Deltaproteobacteria,777,5,4,1,2,1,0,1,1
Bacteria,Proteobacteria,Epsilonproteobacteria,c_Epsilonproteobacteria,c_Epsilonproteobacteria,c_Epsilonproteobacteria,c_Epsilonproteobacteria,c_Epsilonproteobacteria,778,0,0,3,0,0,1,0,0
Bacteria,Proteobacteria,Gammaproteobacteria,c_Gammaproteobacteria,c_Gammaproteobacteria,c_Gammaproteobacteria,c_Gammaproteobacteria,c_Gammaproteobacteria,779,478,309,353,337,149,176,259,173
Bacteria,Tenericutes,Mollicutes,c_Mollicutes,c_Mollicutes,c_Mollicutes,c_Mollicutes,c_Mollicutes,782,133,95,47,88,11,22,31,16
Bacteria,Tenericutes,p_Tenericutes,p_Tenericutes,p_Tenericutes,p_Tenericutes,Tenericutes bacterium MO-XQ,Tenericutes bacterium MO-XQ,5063,2,2,0,0,0,0,0,0
Bacteria,Tenericutes,p_Tenericutes,p_Tenericutes,p_Tenericutes,p_Tenericutes,Tenericutes bacterium MZ-XQ,Tenericutes bacterium MZ-XQ,5064,2,4,2,1,0,0,0,0
Bacteria,Verrucomicrobia,p_Verrucomicrobia,p_Verrucomicrobia,p_Verrucomicrobia,p_Verrucomicrobia,Verrucomicrobia bacterium IMCC26134,Verrucomicrobia bacterium IMCC26134,5242,1,0,1,0,0,0,1,0
Bacteria,Verrucomicrobia,p_Verrucomicrobia,p_Verrucomicrobia,p_Verrucomicrobia,p_Verrucomicrobia,Verrucomicrobia bacterium S94,Verrucomicrobia bacterium S94,5243,4,5,1,1,0,0,0,0
Viruses,d_Viruses,d_Viruses,d_Viruses,Bicaudaviridae,f_Bicaudaviridae,Sulfolobus monocaudavirus SMV1,Sulfolobus monocaudavirus SMV1,5001,0,0,0,1,0,0,0,0
Viruses,d_Viruses,d_Viruses,d_Viruses,d_Viruses,Pandoravirus,Pandoravirus neocaledonia,Pandoravirus neocaledonia,3712,0,0,0,0,0,1,0,0
Viruses,d_Viruses,d_Viruses,d_Viruses,d_Viruses,Pandoravirus,Pandoravirus salinus,Pandoravirus salinus,3713,0,0,0,1,0,0,0,0
Archaea,Candidatus Geothermarchaeota,p_Candidatus Geothermarchaeota,p_Candidatus Geothermarchaeota,p_Candidatus Geothermarchaeota,Conexivisphaera,Conexivisphaera calidus,Conexivisphaera calidus,1241,1,1,0,0,0,0,0,0
Archaea,Candidatus Lokiarchaeota,p_Candidatus Lokiarchaeota,p_Candidatus Lokiarchaeota,p_Candidatus Lokiarchaeota,Candidatus Prometheoarchaeum,Candidatus Prometheoarchaeum syntrophicum,Candidatus Prometheoarchaeum syntrophicum,949,5,2,0,3,0,0,0,0
Archaea,Euryarchaeota,Halobacteria,Haloferacales,o_Haloferacales,o_Haloferacales,o_Haloferacales,o_Haloferacales,3538,0,0,0,0,0,0,2,0
Archaea,Euryarchaeota,Nanohaloarchaea,c_Nanohaloarchaea,c_Nanohaloarchaea,c_Nanohaloarchaea,Nanohaloarchaea archaeon,Nanohaloarchaea archaeon,3352,0,0,0,0,0,0,0,1
Archaea,Euryarchaeota,Thermoplasmata,c_Thermoplasmata,c_Thermoplasmata,c_Thermoplasmata,methanogenic archaeon ISO4-H5,methanogenic archaeon ISO4-H5,3068,1,5,2,1,0,0,0,0
Archaea,Thaumarchaeota,p_Thaumarchaeota,p_Thaumarchaeota,p_Thaumarchaeota,Candidatus Nitrosopelagicus,Candidatus Nitrosopelagicus brevis,Candidatus Nitrosopelagicus brevis,922,1,0,1,0,0,0,1,0
Archaea,Thaumarchaeota,p_Thaumarchaeota,p_Thaumarchaeota,p_Thaumarchaeota,Candidatus Nitrosotalea,Candidatus Nitrosotalea devanaterra,Candidatus Nitrosotalea devanaterra,927,2,5,0,0,2,0,1,0
Archaea,Thaumarchaeota,p_Thaumarchaeota,p_Thaumarchaeota,p_Thaumarchaeota,Candidatus Nitrosotalea,Candidatus Nitrosotalea okcheonensis,Candidatus Nitrosotalea okcheonensis,928,1,0,0,0,0,0,0,0
Archaea,Thaumarchaeota,p_Thaumarchaeota,p_Thaumarchaeota,p_Thaumarchaeota,Candidatus Nitrosotenuis,Candidatus Nitrosotenuis aquarius,Candidatus Nitrosotenuis aquarius,929,0,0,0,1,0,0,0,0
Archaea,Thaumarchaeota,p_Thaumarchaeota,p_Thaumarchaeota,p_Thaumarchaeota,Candidatus Nitrosotenuis,Candidatus Nitrosotenuis cloacae,Candidatus Nitrosotenuis cloacae,930,0,0,0,0,0,0,0,1
Archaea,Thaumarchaeota,p_Thaumarchaeota,p_Thaumarchaeota,p_Thaumarchaeota,Candidatus Nitrosotenuis,Candidatus Nitrosotenuis sp. DW1,Candidatus Nitrosotenuis sp. DW1,931,0,1,0,1,0,0,0,0
Bacteria,Actinobacteria,Actinobacteria,Corynebacteriales,o_Corynebacteriales,o_Corynebacteriales,o_Corynebacteriales,o_Corynebacteriales,3529,18,19,56,8,9,27,66,18
Bacteria,Actinobacteria,Actinobacteria,Micrococcales,o_Micrococcales,o_Micrococcales,o_Micrococcales,o_Micrococcales,3542,10,3,2,5,5,3,0,1
Bacteria,Actinobacteria,Actinobacteria,Propionibacteriales,o_Propionibacteriales,o_Propionibacteriales,o_Propionibacteriales,o_Propionibacteriales,3548,1,0,0,1,0,1,1,0
Bacteria,Actinobacteria,Actinobacteria,Streptosporangiales,o_Streptosporangiales,o_Streptosporangiales,o_Streptosporangiales,o_Streptosporangiales,3555,1,2,0,2,0,0,0,0
Bacteria,Actinobacteria,Actinobacteria,c_Actinobacteria,c_Actinobacteria,c_Actinobacteria,Actinobacteria bacterium IMCC26256,Actinobacteria bacterium IMCC26256,115,5,3,0,1,0,0,0,0
Bacteria,Actinobacteria,Actinobacteria,c_Actinobacteria,c_Actinobacteria,c_Actinobacteria,Actinobacteria bacterium YIM 96077,Actinobacteria bacterium YIM 96077,116,2,4,19,5,2,10,27,26
Bacteria,Actinobacteria,Coriobacteriia,Coriobacteriales,o_Coriobacteriales,o_Coriobacteriales,o_Coriobacteriales,o_Coriobacteriales,3528,26,21,23,31,110,45,54,41
Bacteria,Aquificae,Aquificae,Aquificales,o_Aquificales,o_Aquificales,o_Aquificales,o_Aquificales,3519,0,0,0,1,0,0,0,0
Bacteria,Bacteroidetes,Bacteroidia,Bacteroidales,o_Bacteroidales,o_Bacteroidales,o_Bacteroidales,o_Bacteroidales,3521,13642,14425,11642,15046,20924,16748,13656,16896
Bacteria,Bacteroidetes,Bacteroidia,Marinilabiliales,o_Marinilabiliales,o_Marinilabiliales,o_Marinilabiliales,o_Marinilabiliales,3541,5,0,0,1,0,0,0,0
Bacteria,Bacteroidetes,Cytophagia,Cytophagales,o_Cytophagales,o_Cytophagales,o_Cytophagales,o_Cytophagales,3530,8,7,10,9,9,12,19,12
Bacteria,Bacteroidetes,Flavobacteriia,Flavobacteriales,o_Flavobacteriales,o_Flavobacteriales,o_Flavobacteriales,o_Flavobacteriales,3535,56,31,149,55,33,69,128,51
Bacteria,Bacteroidetes,p_Bacteroidetes,Bacteroidetes Order II. Incertae sedis,Rhodothermaceae,f_Rhodothermaceae,f_Rhodothermaceae,f_Rhodothermaceae,1771,4,3,3,0,3,0,1,2
Bacteria,Balneolaeota,p_Balneolaeota,p_Balneolaeota,p_Balneolaeota,Candidatus Cyclonatronum,Candidatus Cyclonatronum proteinivorum,Candidatus Cyclonatronum proteinivorum,874,5,3,1,8,4,6,1,7
Bacteria,Candidatus Bipolaricaulota,p_Candidatus Bipolaricaulota,p_Candidatus Bipolaricaulota,p_Candidatus Bipolaricaulota,Candidatus Bipolaricaulis,Candidatus Bipolaricaulis anaerobius,Candidatus Bipolaricaulis anaerobius,867,0,1,0,1,0,0,0,0
Bacteria,Candidatus Cloacimonetes,p_Candidatus Cloacimonetes,p_Candidatus Cloacimonetes,p_Candidatus Cloacimonetes,Candidatus Cloacimonas,Candidatus Cloacimonas acidaminovorans,Candidatus Cloacimonas acidaminovorans,872,4,6,29,11,5,16,17,12
Bacteria,Candidatus Saccharibacteria,p_Candidatus Saccharibacteria,p_Candidatus Saccharibacteria,p_Candidatus Saccharibacteria,Candidatus Saccharimonas,Candidatus Saccharimonas aalborgensis,Candidatus Saccharimonas aalborgensis,964,0,0,0,1,0,0,0,1
Bacteria,Cyanobacteria,p_Cyanobacteria,Nostocales,Aphanizomenonaceae,f_Aphanizomenonaceae,f_Aphanizomenonaceae,f_Aphanizomenonaceae,1682,1,0,0,0,0,0,0,0
Bacteria,Cyanobacteria,p_Cyanobacteria,Nostocales,Nostocaceae,f_Nostocaceae,f_Nostocaceae,f_Nostocaceae,1744,3,4,4,2,2,4,5,5
Bacteria,Cyanobacteria,p_Cyanobacteria,Nostocales,o_Nostocales,o_Nostocales,Nostocales cyanobacterium HT-58-2,Nostocales cyanobacterium HT-58-2,3506,1,1,0,5,1,1,0,4
Bacteria,Firmicutes,Bacilli,Bacillales,o_Bacillales,o_Bacillales,o_Bacillales,o_Bacillales,3520,124,150,61,105,34,25,21,37
Bacteria,Firmicutes,Bacilli,Lactobacillales,o_Lactobacillales,o_Lactobacillales,o_Lactobacillales,o_Lactobacillales,3539,164,105,47,91,6,3,8,6
Bacteria,Firmicutes,Clostridia,Clostridiales,o_Clostridiales,o_Clostridiales,o_Clostridiales,o_Clostridiales,3527,10896,4392,1853,4227,1023,998,644,1016
Bacteria,Firmicutes,Clostridia,Halanaerobiales,o_Halanaerobiales,o_Halanaerobiales,o_Halanaerobiales,o_Halanaerobiales,3537,0,1,0,0,0,0,0,0
Bacteria,Firmicutes,Clostridia,Thermoanaerobacterales,o_Thermoanaerobacterales,o_Thermoanaerobacterales,o_Thermoanaerobacterales,o_Thermoanaerobacterales,3556,0,0,0,0,1,0,0,0
Bacteria,Firmicutes,p_Firmicutes,p_Firmicutes,p_Firmicutes,Ndongobacter,Ndongobacter massiliensis,Ndongobacter massiliensis,3364,11,8,4,8,0,2,1,4
Bacteria,Fusobacteria,Fusobacteriia,Fusobacteriales,o_Fusobacteriales,o_Fusobacteriales,o_Fusobacteriales,o_Fusobacteriales,3536,2,3,1,2,0,0,0,0
Bacteria,Planctomycetes,Phycisphaerae,Sedimentisphaerales,o_Sedimentisphaerales,o_Sedimentisphaerales,o_Sedimentisphaerales,o_Sedimentisphaerales,3553,1,0,0,0,0,0,0,0
Bacteria,Planctomycetes,Phycisphaerae,c_Phycisphaerae,c_Phycisphaerae,c_Phycisphaerae,Phycisphaerae bacterium RAS2,Phycisphaerae bacterium RAS2,3878,2,0,1,1,0,0,0,0
Bacteria,Proteobacteria,Alphaproteobacteria,Rhizobiales,o_Rhizobiales,o_Rhizobiales,o_Rhizobiales,o_Rhizobiales,3550,11,18,12,26,16,18,21,9
Bacteria,Proteobacteria,Alphaproteobacteria,Rhodospirillales,o_Rhodospirillales,o_Rhodospirillales,o_Rhodospirillales,o_Rhodospirillales,3552,2,0,1,0,0,1,2,0
Bacteria,Proteobacteria,Alphaproteobacteria,Sphingomonadales,o_Sphingomonadales,o_Sphingomonadales,o_Sphingomonadales,o_Sphingomonadales,3554,5,6,2,2,0,3,2,1
Bacteria,Proteobacteria,Betaproteobacteria,Burkholderiales,o_Burkholderiales,o_Burkholderiales,o_Burkholderiales,o_Burkholderiales,3523,55,24,24,41,40,12,16,15
Bacteria,Proteobacteria,Betaproteobacteria,Neisseriales,o_Neisseriales,o_Neisseriales,o_Neisseriales,o_Neisseriales,3544,4,1,3,0,3,3,1,0
Bacteria,Proteobacteria,Betaproteobacteria,Nitrosomonadales,o_Nitrosomonadales,o_Nitrosomonadales,o_Nitrosomonadales,o_Nitrosomonadales,3545,1,7,24,9,11,11,31,10
Bacteria,Proteobacteria,Betaproteobacteria,Rhodocyclales,o_Rhodocyclales,o_Rhodocyclales,o_Rhodocyclales,o_Rhodocyclales,3551,6,1,1,3,7,3,0,0
Bacteria,Proteobacteria,Betaproteobacteria,c_Betaproteobacteria,c_Betaproteobacteria,c_Betaproteobacteria,beta proteobacterium CB,beta proteobacterium CB,582,0,3,0,0,0,0,0,0
Bacteria,Proteobacteria,Betaproteobacteria,c_Betaproteobacteria,c_Betaproteobacteria,c_Betaproteobacteria,Betaproteobacteria bacterium GR16-43,Betaproteobacteria bacterium GR16-43,583,1,1,1,0,1,1,0,0
Bacteria,Proteobacteria,Deltaproteobacteria,Bradymonadales,o_Bradymonadales,o_Bradymonadales,o_Bradymonadales,o_Bradymonadales,3522,4,3,2,3,6,7,8,1
Bacteria,Proteobacteria,Deltaproteobacteria,Desulfobacterales,o_Desulfobacterales,o_Desulfobacterales,o_Desulfobacterales,o_Desulfobacterales,3531,1,0,0,1,3,6,0,1
Bacteria,Proteobacteria,Deltaproteobacteria,Desulfovibrionales,o_Desulfovibrionales,o_Desulfovibrionales,o_Desulfovibrionales,o_Desulfovibrionales,3532,0,0,1,2,0,0,0,0
Bacteria,Proteobacteria,Deltaproteobacteria,Desulfuromonadales,o_Desulfuromonadales,o_Desulfuromonadales,o_Desulfuromonadales,o_Desulfuromonadales,3533,0,4,2,2,5,3,2,4
Bacteria,Proteobacteria,Deltaproteobacteria,Myxococcales,o_Myxococcales,o_Myxococcales,o_Myxococcales,o_Myxococcales,3543,2,0,1,3,1,0,1,0
Bacteria,Proteobacteria,Epsilonproteobacteria,Campylobacterales,o_Campylobacterales,o_Campylobacterales,o_Campylobacterales,o_Campylobacterales,3524,5,2,0,1,0,0,0,0
Bacteria,Proteobacteria,Gammaproteobacteria,Alteromonadales,o_Alteromonadales,o_Alteromonadales,o_Alteromonadales,o_Alteromonadales,3518,15,4,3,1,1,0,0,2
Bacteria,Proteobacteria,Gammaproteobacteria,Cellvibrionales,o_Cellvibrionales,o_Cellvibrionales,o_Cellvibrionales,o_Cellvibrionales,3525,1,0,0,4,5,1,1,6
Bacteria,Proteobacteria,Gammaproteobacteria,Chromatiales,o_Chromatiales,o_Chromatiales,o_Chromatiales,o_Chromatiales,3526,1,0,0,0,0,0,0,0
Bacteria,Proteobacteria,Gammaproteobacteria,Enterobacterales,o_Enterobacterales,o_Enterobacterales,o_Enterobacterales,o_Enterobacterales,3534,132,87,97,89,15,37,59,34
Bacteria,Proteobacteria,Gammaproteobacteria,Legionellales,o_Legionellales,o_Legionellales,o_Legionellales,o_Legionellales,3540,0,1,0,0,0,0,0,0
Bacteria,Proteobacteria,Gammaproteobacteria,Oceanospirillales,o_Oceanospirillales,o_Oceanospirillales,o_Oceanospirillales,o_Oceanospirillales,3547,2,2,2,1,7,4,4,2
Bacteria,Proteobacteria,Gammaproteobacteria,Pseudomonadales,o_Pseudomonadales,o_Pseudomonadales,o_Pseudomonadales,o_Pseudomonadales,3549,0,9,35,10,8,20,36,16
Bacteria,Proteobacteria,Gammaproteobacteria,Xanthomonadales,o_Xanthomonadales,o_Xanthomonadales,o_Xanthomonadales,o_Xanthomonadales,3558,5,2,1,0,0,1,0,0
Bacteria,Proteobacteria,Gammaproteobacteria,c_Gammaproteobacteria,c_Gammaproteobacteria,c_Gammaproteobacteria,Bathymodiolus septemdierum thioautotrophic gill symbiont,Bathymodiolus septemdierum thioautotrophic gill symbiont,567,2,1,8,1,1,0,2,5
Bacteria,Proteobacteria,Gammaproteobacteria,c_Gammaproteobacteria,c_Gammaproteobacteria,c_Gammaproteobacteria,Bathymodiolus thermophilus thioautotrophic gill symbiont,Bathymodiolus thermophilus thioautotrophic gill symbiont,568,5,2,1,0,0,1,0,0
Bacteria,Proteobacteria,Gammaproteobacteria,c_Gammaproteobacteria,c_Gammaproteobacteria,c_Gammaproteobacteria,Candidatus Baumannia cicadellinicola,Candidatus Baumannia cicadellinicola,866,3,5,0,6,0,0,0,0
Bacteria,Proteobacteria,Gammaproteobacteria,c_Gammaproteobacteria,c_Gammaproteobacteria,c_Gammaproteobacteria,endosymbiont of Euscepes postfasciatus,endosymbiont of Euscepes postfasciatus,1557,1,0,0,0,0,0,0,0
Bacteria,Proteobacteria,Gammaproteobacteria,c_Gammaproteobacteria,c_Gammaproteobacteria,c_Gammaproteobacteria,endosymbiont of unidentified scaly snail isolate Monju,endosymbiont of unidentified scaly snail isolate Monju,1558,2,0,0,0,0,0,1,0
Bacteria,Proteobacteria,Gammaproteobacteria,c_Gammaproteobacteria,c_Gammaproteobacteria,c_Gammaproteobacteria,gamma proteobacterium HdN1,gamma proteobacterium HdN1,2274,0,0,0,2,0,0,0,0
Bacteria,Proteobacteria,Gammaproteobacteria,c_Gammaproteobacteria,c_Gammaproteobacteria,c_Gammaproteobacteria,gamma proteobacterium SS-5,gamma proteobacterium SS-5,2275,6,0,1,4,0,1,1,0
Bacteria,Proteobacteria,Gammaproteobacteria,c_Gammaproteobacteria,c_Gammaproteobacteria,c_Gammaproteobacteria,Gammaproteobacteria bacterium DM2,Gammaproteobacteria bacterium DM2,2276,0,3,15,0,2,10,21,7
Bacteria,Proteobacteria,Gammaproteobacteria,c_Gammaproteobacteria,c_Gammaproteobacteria,c_Gammaproteobacteria,Gammaproteobacteria bacterium ESL0073,Gammaproteobacteria bacterium ESL0073,2277,2,1,1,2,0,0,0,0
Bacteria,Tenericutes,p_Tenericutes,p_Tenericutes,p_Tenericutes,Candidatus Izimaplasma,Candidatus Izimaplasma sp. HR1,Candidatus Izimaplasma sp. HR1,896,6,2,1,3,0,0,0,0
Bacteria,Thermotogae,Thermotogae,Thermotogales,o_Thermotogales,o_Thermotogales,o_Thermotogales,o_Thermotogales,3557,0,1,0,0,0,0,0,0
Viruses,d_Viruses,d_Viruses,d_Viruses,Baculoviridae,Betabaculovirus,Adoxophyes orana granulovirus,Adoxophyes orana granulovirus,147,1,0,0,0,0,0,0,0
Viruses,d_Viruses,d_Viruses,d_Viruses,Baculoviridae,Betabaculovirus,Spodoptera frugiperda granulovirus,Spodoptera frugiperda granulovirus,4706,0,0,0,1,0,0,0,0
Archaea,Euryarchaeota,Methanobacteria,Methanobacteriales,Methanobacteriaceae,f_Methanobacteriaceae,f_Methanobacteriaceae,f_Methanobacteriaceae,1728,0,1,0,0,0,0,0,0
Archaea,Euryarchaeota,Methanomicrobia,Methanomicrobiales,Methanomicrobiaceae,f_Methanomicrobiaceae,f_Methanomicrobiaceae,f_Methanomicrobiaceae,1729,1,0,0,0,0,0,0,0
Archaea,Euryarchaeota,Thermoplasmata,Thermoplasmatales,o_Thermoplasmatales,o_Thermoplasmatales,Thermoplasmatales archaeon BRNA1,Thermoplasmatales archaeon BRNA1,5149,0,0,3,3,1,0,0,5
Archaea,Thaumarchaeota,p_Thaumarchaeota,Nitrosopumilales,Nitrosopumilaceae,Nitrosopumilus,g_Nitrosopumilus,g_Nitrosopumilus,2150,0,0,0,1,0,1,2,2
Bacteria,Acidobacteria,Acidobacteriia,Acidobacteriales,Acidobacteriaceae,f_Acidobacteriaceae,f_Acidobacteriaceae,f_Acidobacteriaceae,1678,0,6,2,3,0,0,0,0
Bacteria,Acidobacteria,Blastocatellia,c_Blastocatellia,c_Blastocatellia,Chloracidobacterium,Chloracidobacterium thermophilum,Chloracidobacterium thermophilum,1072,0,0,0,3,0,0,0,0
Bacteria,Actinobacteria,Actinobacteria,Actinomycetales,Actinomycetaceae,f_Actinomycetaceae,f_Actinomycetaceae,f_Actinomycetaceae,1679,3,3,0,1,5,3,0,1
Bacteria,Actinobacteria,Actinobacteria,Bifidobacteriales,Bifidobacteriaceae,f_Bifidobacteriaceae,f_Bifidobacteriaceae,f_Bifidobacteriaceae,1687,3,3,2,3,6,4,3,1
Bacteria,Actinobacteria,Actinobacteria,Corynebacteriales,Corynebacteriaceae,f_Corynebacteriaceae,f_Corynebacteriaceae,f_Corynebacteriaceae,1704,1,1,3,3,0,0,0,0
Bacteria,Actinobacteria,Actinobacteria,Corynebacteriales,Mycobacteriaceae,f_Mycobacteriaceae,f_Mycobacteriaceae,f_Mycobacteriaceae,1738,9,13,30,15,23,22,31,14
Bacteria,Actinobacteria,Actinobacteria,Corynebacteriales,Nocardiaceae,f_Nocardiaceae,f_Nocardiaceae,f_Nocardiaceae,1742,0,4,0,0,0,0,0,0
Bacteria,Actinobacteria,Actinobacteria,Corynebacteriales,o_Corynebacteriales,Tomitella,g_Tomitella,g_Tomitella,2255,1,0,0,0,0,0,0,0
Bacteria,Actinobacteria,Actinobacteria,Micrococcales,Microbacteriaceae,f_Microbacteriaceae,f_Microbacteriaceae,f_Microbacteriaceae,1732,6,2,7,7,1,3,4,5
Bacteria,Actinobacteria,Actinobacteria,Micrococcales,Micrococcaceae,f_Micrococcaceae,f_Micrococcaceae,f_Micrococcaceae,1733,6,3,0,6,0,1,0,0
Bacteria,Actinobacteria,Actinobacteria,Micrococcales,Promicromonosporaceae,f_Promicromonosporaceae,f_Promicromonosporaceae,f_Promicromonosporaceae,1762,3,1,0,0,0,0,0,0
Bacteria,Actinobacteria,Actinobacteria,Micromonosporales,Micromonosporaceae,f_Micromonosporaceae,f_Micromonosporaceae,f_Micromonosporaceae,1734,5,1,0,1,1,0,0,1
Bacteria,Actinobacteria,Actinobacteria,Propionibacteriales,Nocardioidaceae,f_Nocardioidaceae,f_Nocardioidaceae,f_Nocardioidaceae,1743,0,0,0,1,0,0,0,0
Bacteria,Actinobacteria,Actinobacteria,Propionibacteriales,Propionibacteriaceae,f_Propionibacteriaceae,f_Propionibacteriaceae,f_Propionibacteriaceae,1763,1,0,0,0,0,0,0,0
Bacteria,Actinobacteria,Actinobacteria,Pseudonocardiales,Pseudonocardiaceae,f_Pseudonocardiaceae,f_Pseudonocardiaceae,f_Pseudonocardiaceae,1765,0,1,0,0,0,0,0,0
Bacteria,Actinobacteria,Actinobacteria,Streptomycetales,Streptomycetaceae,f_Streptomycetaceae,f_Streptomycetaceae,f_Streptomycetaceae,1780,2,2,1,5,0,0,0,0
Bacteria,Actinobacteria,Coriobacteriia,Coriobacteriales,Atopobiaceae,f_Atopobiaceae,f_Atopobiaceae,f_Atopobiaceae,1685,34,21,7,17,32,25,16,14
Bacteria,Actinobacteria,Coriobacteriia,Coriobacteriales,Coriobacteriaceae,f_Coriobacteriaceae,f_Coriobacteriaceae,f_Coriobacteriaceae,1703,1,4,1,1,8,8,4,2
Bacteria,Actinobacteria,Coriobacteriia,Eggerthellales,Eggerthellaceae,f_Eggerthellaceae,f_Eggerthellaceae,f_Eggerthellaceae,1709,249,77,34,115,23,11,10,8
Bacteria,Aquificae,Aquificae,Aquificales,Aquificaceae,f_Aquificaceae,f_Aquificaceae,f_Aquificaceae,1683,0,0,1,0,0,0,0,1
Bacteria,Bacteroidetes,Bacteroidia,Bacteroidales,Dysgonomonadaceae,f_Dysgonomonadaceae,f_Dysgonomonadaceae,f_Dysgonomonadaceae,1708,6,2,7,3,1,3,4,5
Bacteria,Bacteroidetes,Bacteroidia,Bacteroidales,Muribaculaceae,f_Muribaculaceae,f_Muribaculaceae,f_Muribaculaceae,1737,18,23,40,22,7,18,29,9
Bacteria,Bacteroidetes,Bacteroidia,Bacteroidales,Odoribacteraceae,f_Odoribacteraceae,f_Odoribacteraceae,f_Odoribacteraceae,1746,33,19,14,21,3,0,0,2
Bacteria,Bacteroidetes,Bacteroidia,Bacteroidales,Prevotellaceae,f_Prevotellaceae,f_Prevotellaceae,f_Prevotellaceae,1760,32,24,232,48,51,100,196,108
Bacteria,Bacteroidetes,Bacteroidia,Bacteroidales,Rikenellaceae,f_Rikenellaceae,f_Rikenellaceae,f_Rikenellaceae,1773,3,4,6,11,14,10,9,12
Bacteria,Bacteroidetes,Bacteroidia,Bacteroidales,Tannerellaceae,f_Tannerellaceae,f_Tannerellaceae,f_Tannerellaceae,1781,4,6,3,2,0,1,0,0
Bacteria,Bacteroidetes,Bacteroidia,Bacteroidales,o_Bacteroidales,Phocaeicola,g_Phocaeicola,g_Phocaeicola,2169,3553,5960,6133,9487,21684,18729,12618,20808
Bacteria,Bacteroidetes,Bacteroidia,Bacteroidales,o_Bacteroidales,o_Bacteroidales,Bacteroidales bacterium CF,Bacteroidales bacterium CF,530,15,27,94,16,42,67,101,61
Bacteria,Bacteroidetes,Bacteroidia,Marinilabiliales,Prolixibacteraceae,f_Prolixibacteraceae,f_Prolixibacteraceae,f_Prolixibacteraceae,1761,2,1,0,1,0,0,0,0
Bacteria,Bacteroidetes,Chitinophagia,Chitinophagales,Chitinophagaceae,f_Chitinophagaceae,f_Chitinophagaceae,f_Chitinophagaceae,1695,13,5,4,3,0,1,0,0
Bacteria,Bacteroidetes,Cytophagia,Cytophagales,Cyclobacteriaceae,f_Cyclobacteriaceae,f_Cyclobacteriaceae,f_Cyclobacteriaceae,1705,0,0,1,0,0,0,0,0
Bacteria,Bacteroidetes,Cytophagia,Cytophagales,Cytophagaceae,f_Cytophagaceae,f_Cytophagaceae,f_Cytophagaceae,1706,3,1,1,4,0,0,0,0
Bacteria,Bacteroidetes,Cytophagia,Cytophagales,Hymenobacteraceae,f_Hymenobacteraceae,f_Hymenobacteraceae,f_Hymenobacteraceae,1722,9,5,9,3,5,9,7,3
Bacteria,Bacteroidetes,Cytophagia,Cytophagales,o_Cytophagales,o_Cytophagales,Cytophagales bacterium TFI 002,Cytophagales bacterium TFI 002,1364,8,2,2,0,2,3,7,1
Bacteria,Bacteroidetes,Flavobacteriia,Flavobacteriales,Flavobacteriaceae,f_Flavobacteriaceae,f_Flavobacteriaceae,f_Flavobacteriaceae,1715,87,80,159,95,46,74,142,63
Bacteria,Bacteroidetes,Flavobacteriia,Flavobacteriales,Weeksellaceae,f_Weeksellaceae,f_Weeksellaceae,f_Weeksellaceae,1786,6,9,14,4,4,5,14,4
Bacteria,Bacteroidetes,Flavobacteriia,Flavobacteriales,o_Flavobacteriales,o_Flavobacteriales,Candidatus Uzinura diaspidicola,Candidatus Uzinura diaspidicola,974,1,0,0,0,0,0,0,0
Bacteria,Bacteroidetes,Sphingobacteriia,Sphingobacteriales,Sphingobacteriaceae,f_Sphingobacteriaceae,f_Sphingobacteriaceae,f_Sphingobacteriaceae,1775,18,15,10,13,3,5,2,4
Bacteria,Bacteroidetes,p_Bacteroidetes,Bacteroidetes Order II. Incertae sedis,Rhodothermaceae,f_Rhodothermaceae,Rhodothermaceae bacterium,Rhodothermaceae bacterium,4368,3,3,21,10,17,16,26,14
Bacteria,Bacteroidetes,p_Bacteroidetes,Bacteroidetes Order II. Incertae sedis,Rhodothermaceae,f_Rhodothermaceae,Rhodothermaceae bacterium RA,Rhodothermaceae bacterium RA,4369,0,0,1,1,4,2,3,2
Bacteria,Chlorobi,Chlorobia,Chlorobiales,Chlorobiaceae,f_Chlorobiaceae,f_Chlorobiaceae,f_Chlorobiaceae,1696,0,0,0,2,0,0,0,0
Bacteria,Chloroflexi,Dehalococcoidia,c_Dehalococcoidia,c_Dehalococcoidia,Dehalogenimonas,Dehalogenimonas formicexedens,Dehalogenimonas formicexedens,1379,1,0,1,4,0,0,0,0
Bacteria,Chloroflexi,Dehalococcoidia,c_Dehalococcoidia,c_Dehalococcoidia,Dehalogenimonas,Dehalogenimonas lykanthroporepellens,Dehalogenimonas lykanthroporepellens,1380,2,0,0,0,1,2,0,0
Bacteria,Cyanobacteria,p_Cyanobacteria,Nostocales,Aphanizomenonaceae,Dolichospermum,g_Dolichospermum,g_Dolichospermum,2027,2,0,1,0,0,0,0,0
Bacteria,Cyanobacteria,p_Cyanobacteria,Nostocales,Calotrichaceae,Calothrix,g_Calothrix,g_Calothrix,1982,5,1,4,0,0,0,0,0
Bacteria,Cyanobacteria,p_Cyanobacteria,Nostocales,Nostocaceae,Nostoc,g_Nostoc,g_Nostoc,2154,4,11,5,5,0,0,1,0
Bacteria,Cyanobacteria,p_Cyanobacteria,Nostocales,Scytonemataceae,Brasilonema,g_Brasilonema,g_Brasilonema,1971,0,1,2,1,0,0,0,0
Bacteria,Cyanobacteria,p_Cyanobacteria,Nostocales,Scytonemataceae,Scytonema,g_Scytonema,g_Scytonema,2209,2,1,1,0,0,0,0,0
Bacteria,Firmicutes,Bacilli,Bacillales,Bacillaceae,f_Bacillaceae,f_Bacillaceae,f_Bacillaceae,1686,52,63,33,48,43,18,17,64
Bacteria,Firmicutes,Bacilli,Bacillales,Paenibacillaceae,f_Paenibacillaceae,f_Paenibacillaceae,f_Paenibacillaceae,1750,13,20,9,10,2,2,1,0
Bacteria,Firmicutes,Bacilli,Bacillales,Planococcaceae,f_Planococcaceae,f_Planococcaceae,f_Planococcaceae,1759,4,10,4,4,0,0,0,0
Bacteria,Firmicutes,Bacilli,Bacillales,Staphylococcaceae,f_Staphylococcaceae,f_Staphylococcaceae,f_Staphylococcaceae,1777,4,3,0,0,0,0,0,0
Bacteria,Firmicutes,Bacilli,Bacillales,Thermoactinomycetaceae,f_Thermoactinomycetaceae,f_Thermoactinomycetaceae,f_Thermoactinomycetaceae,1782,2,1,0,0,0,0,0,0
Bacteria,Firmicutes,Bacilli,Bacillales,o_Bacillales,Exiguobacterium,g_Exiguobacterium,g_Exiguobacterium,2046,3,0,1,4,0,0,0,0
Bacteria,Firmicutes,Bacilli,Bacillales,o_Bacillales,Gemella,g_Gemella,g_Gemella,2055,6,7,5,7,8,5,8,8
Bacteria,Firmicutes,Bacilli,Lactobacillales,Carnobacteriaceae,f_Carnobacteriaceae,f_Carnobacteriaceae,f_Carnobacteriaceae,1693,0,1,0,0,0,0,0,0
Bacteria,Firmicutes,Bacilli,Lactobacillales,Enterococcaceae,f_Enterococcaceae,f_Enterococcaceae,f_Enterococcaceae,1711,13,2,0,14,2,9,3,4
Bacteria,Firmicutes,Bacilli,Lactobacillales,Lactobacillaceae,f_Lactobacillaceae,f_Lactobacillaceae,f_Lactobacillaceae,1726,1,1,0,1,0,0,0,0
Bacteria,Firmicutes,Bacilli,Lactobacillales,Streptococcaceae,f_Streptococcaceae,f_Streptococcaceae,f_Streptococcaceae,1779,7,4,9,10,2,1,1,1
Bacteria,Firmicutes,Clostridia,Clostridiales,Clostridiaceae,f_Clostridiaceae,f_Clostridiaceae,f_Clostridiaceae,1699,10,23,7,6,1,0,0,4
Bacteria,Firmicutes,Clostridia,Clostridiales,Clostridiales Family XIII. Incertae Sedis,f_Clostridiales Family XIII. Incertae Sedis,f_Clostridiales Family XIII. Incertae Sedis,f_Clostridiales Family XIII. Incertae Sedis,1700,0,0,0,2,0,0,0,0
Bacteria,Firmicutes,Clostridia,Clostridiales,Hungateiclostridiaceae,f_Hungateiclostridiaceae,f_Hungateiclostridiaceae,f_Hungateiclostridiaceae,1721,0,0,1,0,0,0,1,0
Bacteria,Firmicutes,Clostridia,Clostridiales,Lachnospiraceae,f_Lachnospiraceae,f_Lachnospiraceae,f_Lachnospiraceae,1725,15461,28125,24731,40139,99481,74429,49523,44879
Bacteria,Firmicutes,Clostridia,Clostridiales,Oscillospiraceae,f_Oscillospiraceae,f_Oscillospiraceae,f_Oscillospiraceae,1748,30,32,19,29,24,23,17,21
Bacteria,Firmicutes,Clostridia,Clostridiales,Peptococcaceae,f_Peptococcaceae,f_Peptococcaceae,f_Peptococcaceae,1753,5,1,1,1,0,0,0,0
Bacteria,Firmicutes,Clostridia,Clostridiales,Peptostreptococcaceae,f_Peptostreptococcaceae,f_Peptostreptococcaceae,f_Peptostreptococcaceae,1755,110,30,6,21,6,6,7,10
Bacteria,Firmicutes,Clostridia,Clostridiales,Ruminococcaceae,f_Ruminococcaceae,f_Ruminococcaceae,f_Ruminococcaceae,1774,61,56,34,55,30,43,22,42
Bacteria,Firmicutes,Clostridia,Clostridiales,o_Clostridiales,o_Clostridiales,Clostridiales bacterium,Clostridiales bacterium,1161,65,54,21,51,47,41,28,42
Bacteria,Firmicutes,Clostridia,Clostridiales,o_Clostridiales,o_Clostridiales,Clostridiales bacterium CCNA10,Clostridiales bacterium CCNA10,1162,319,287,127,272,82,117,83,175
Bacteria,Firmicutes,Clostridia,Halanaerobiales,Halanaerobiaceae,f_Halanaerobiaceae,f_Halanaerobiaceae,f_Halanaerobiaceae,1718,1,0,0,0,0,0,0,0
Bacteria,Firmicutes,Clostridia,Thermoanaerobacterales,Thermoanaerobacteraceae,f_Thermoanaerobacteraceae,f_Thermoanaerobacteraceae,f_Thermoanaerobacteraceae,1783,0,1,1,0,0,0,0,0
Bacteria,Firmicutes,Clostridia,Thermoanaerobacterales,o_Thermoanaerobacterales,o_Thermoanaerobacterales,Thermoanaerobacterales bacterium SK-G1,Thermoanaerobacterales bacterium SK-G1,5110,7,3,5,5,0,0,0,0
Bacteria,Firmicutes,Erysipelotrichia,Erysipelotrichales,Erysipelotrichaceae,f_Erysipelotrichaceae,f_Erysipelotrichaceae,f_Erysipelotrichaceae,1713,241,321,124,256,4,11,3,5
Bacteria,Firmicutes,Negativicutes,Acidaminococcales,Acidaminococcaceae,f_Acidaminococcaceae,f_Acidaminococcaceae,f_Acidaminococcaceae,1677,11,2,2,4,0,0,0,0
Bacteria,Firmicutes,Negativicutes,Veillonellales,Veillonellaceae,f_Veillonellaceae,f_Veillonellaceae,f_Veillonellaceae,1784,2,1,0,0,0,2,1,0
Bacteria,Firmicutes,Tissierellia,c_Tissierellia,c_Tissierellia,Ezakiella,Ezakiella massiliensis,Ezakiella massiliensis,1674,49,21,6,15,0,0,0,0
Bacteria,Firmicutes,Tissierellia,Tissierellales,Peptoniphilaceae,f_Peptoniphilaceae,f_Peptoniphilaceae,f_Peptoniphilaceae,1754,7,1,1,1,0,0,0,0
Bacteria,Lentisphaerae,Lentisphaeria,Victivallales,o_Victivallales,o_Victivallales,Victivallales bacterium CCUG 44730,Victivallales bacterium CCUG 44730,5303,0,15,13,13,19,16,27,22
Bacteria,Planctomycetes,Planctomycetia,Gemmatales,Gemmataceae,f_Gemmataceae,f_Gemmataceae,f_Gemmataceae,1716,1,4,1,1,7,2,4,5
Bacteria,Planctomycetes,Planctomycetia,Planctomycetales,o_Planctomycetales,o_Planctomycetales,Planctomycetales bacterium 10988,Planctomycetales bacterium 10988,3892,2,2,2,1,0,0,0,0
Bacteria,Proteobacteria,Alphaproteobacteria,c_Alphaproteobacteria,c_Alphaproteobacteria,Candidatus Puniceispirillum,Candidatus Puniceispirillum marinum,Candidatus Puniceispirillum marinum,954,0,3,1,0,0,0,0,0
Bacteria,Proteobacteria,Alphaproteobacteria,c_Alphaproteobacteria,c_Alphaproteobacteria,Micavibrio,Micavibrio aeruginosavorus,Micavibrio aeruginosavorus,3150,4,3,0,3,0,1,3,3
Bacteria,Proteobacteria,Alphaproteobacteria,c_Alphaproteobacteria,c_Alphaproteobacteria,Phreatobacter,Phreatobacter cathodiphilus,Phreatobacter cathodiphilus,3873,3,0,1,1,5,4,6,1
Bacteria,Proteobacteria,Alphaproteobacteria,c_Alphaproteobacteria,c_Alphaproteobacteria,Phreatobacter,Phreatobacter sp. NMCR1094,Phreatobacter sp. NMCR1094,3874,0,0,0,1,1,1,0,0
Bacteria,Proteobacteria,Alphaproteobacteria,c_Alphaproteobacteria,c_Alphaproteobacteria,Phreatobacter,Phreatobacter stygius,Phreatobacter stygius,3875,4,2,0,2,0,0,0,0
Bacteria,Proteobacteria,Alphaproteobacteria,c_Alphaproteobacteria,c_Alphaproteobacteria,Polymorphum,Polymorphum gilvum,Polymorphum gilvum,3970,0,3,0,0,0,0,0,0
Bacteria,Proteobacteria,Alphaproteobacteria,Caulobacterales,Caulobacteraceae,f_Caulobacteraceae,f_Caulobacteraceae,f_Caulobacteraceae,1694,3,0,0,1,0,0,0,0
Bacteria,Proteobacteria,Alphaproteobacteria,Rhizobiales,Bradyrhizobiaceae,f_Bradyrhizobiaceae,f_Bradyrhizobiaceae,f_Bradyrhizobiaceae,1689,9,1,0,2,0,0,0,0
Bacteria,Proteobacteria,Alphaproteobacteria,Rhizobiales,Brucellaceae,f_Brucellaceae,f_Brucellaceae,f_Brucellaceae,1690,0,0,0,1,0,0,0,0
Bacteria,Proteobacteria,Alphaproteobacteria,Rhizobiales,Hyphomicrobiaceae,f_Hyphomicrobiaceae,f_Hyphomicrobiaceae,f_Hyphomicrobiaceae,1723,0,0,0,1,0,0,0,0
Bacteria,Proteobacteria,Alphaproteobacteria,Rhizobiales,Methylobacteriaceae,f_Methylobacteriaceae,f_Methylobacteriaceae,f_Methylobacteriaceae,1730,1,2,0,1,0,0,0,0
Bacteria,Proteobacteria,Alphaproteobacteria,Rhizobiales,Phyllobacteriaceae,f_Phyllobacteriaceae,f_Phyllobacteriaceae,f_Phyllobacteriaceae,1757,1,1,0,1,0,0,0,0
Bacteria,Proteobacteria,Alphaproteobacteria,Rhizobiales,Rhizobiaceae,f_Rhizobiaceae,f_Rhizobiaceae,f_Rhizobiaceae,1766,16,4,7,16,3,1,2,0
Bacteria,Proteobacteria,Alphaproteobacteria,Rhizobiales,o_Rhizobiales,Methyloceanibacter,g_Methyloceanibacter,g_Methyloceanibacter,2126,0,2,0,0,0,0,0,0
Bacteria,Proteobacteria,Alphaproteobacteria,Rhodobacterales,Hyphomonadaceae,f_Hyphomonadaceae,f_Hyphomonadaceae,f_Hyphomonadaceae,1724,1,0,0,0,0,0,0,0
Bacteria,Proteobacteria,Alphaproteobacteria,Rhodobacterales,Rhodobacteraceae,f_Rhodobacteraceae,f_Rhodobacteraceae,f_Rhodobacteraceae,1768,10,21,17,23,11,6,15,5
Bacteria,Proteobacteria,Alphaproteobacteria,Rhodospirillales,Acetobacteraceae,f_Acetobacteraceae,f_Acetobacteraceae,f_Acetobacteraceae,1675,2,0,0,2,0,0,0,0
Bacteria,Proteobacteria,Alphaproteobacteria,Rhodospirillales,Rhodospirillaceae,f_Rhodospirillaceae,f_Rhodospirillaceae,f_Rhodospirillaceae,1770,2,3,0,2,0,0,0,0
Bacteria,Proteobacteria,Alphaproteobacteria,Rickettsiales,Rickettsiaceae,f_Rickettsiaceae,f_Rickettsiaceae,f_Rickettsiaceae,1772,0,0,0,1,0,0,0,0
Bacteria,Proteobacteria,Alphaproteobacteria,Rickettsiales,o_Rickettsiales,o_Rickettsiales,Rickettsiales bacterium Ac37b,Rickettsiales bacterium Ac37b,4382,0,1,1,0,0,0,1,0
Bacteria,Proteobacteria,Alphaproteobacteria,Rickettsiales,o_Rickettsiales,o_Rickettsiales,Rickettsiales endosymbiont of Stachyamoeba lipophora,Rickettsiales endosymbiont of Stachyamoeba lipophora,4383,1,1,1,0,0,0,0,0
Bacteria,Proteobacteria,Alphaproteobacteria,Sphingomonadales,Erythrobacteraceae,f_Erythrobacteraceae,f_Erythrobacteraceae,f_Erythrobacteraceae,1714,1,1,1,2,0,0,0,0
Bacteria,Proteobacteria,Alphaproteobacteria,Sphingomonadales,Sphingomonadaceae,f_Sphingomonadaceae,f_Sphingomonadaceae,f_Sphingomonadaceae,1776,6,4,0,2,1,3,1,1
Bacteria,Proteobacteria,Betaproteobacteria,c_Betaproteobacteria,c_Betaproteobacteria,Candidatus Accumulibacter,Candidatus Accumulibacter phosphatis,Candidatus Accumulibacter phosphatis,858,2,0,1,1,4,3,1,8
Bacteria,Proteobacteria,Betaproteobacteria,c_Betaproteobacteria,c_Betaproteobacteria,Candidatus Kinetoplastibacterium,Candidatus Kinetoplastibacterium blastocrithidii,Candidatus Kinetoplastibacterium blastocrithidii,897,0,0,1,0,0,0,0,0
Bacteria,Proteobacteria,Betaproteobacteria,c_Betaproteobacteria,c_Betaproteobacteria,Candidatus Kinetoplastibacterium,Candidatus Kinetoplastibacterium desouzaii,Candidatus Kinetoplastibacterium desouzaii,898,3,0,2,0,0,0,0,0
Bacteria,Proteobacteria,Betaproteobacteria,c_Betaproteobacteria,c_Betaproteobacteria,Candidatus Kinetoplastibacterium,Candidatus Kinetoplastibacterium galatii,Candidatus Kinetoplastibacterium galatii,899,1,0,0,0,0,0,0,0
Bacteria,Proteobacteria,Betaproteobacteria,c_Betaproteobacteria,c_Betaproteobacteria,Candidatus Kinetoplastibacterium,Candidatus Kinetoplastibacterium sorsogonicusi,Candidatus Kinetoplastibacterium sorsogonicusi,900,1,1,2,3,2,1,1,0
Bacteria,Proteobacteria,Betaproteobacteria,Burkholderiales,Alcaligenaceae,f_Alcaligenaceae,f_Alcaligenaceae,f_Alcaligenaceae,1680,5,3,0,4,0,1,0,0
Bacteria,Proteobacteria,Betaproteobacteria,Burkholderiales,Burkholderiaceae,f_Burkholderiaceae,f_Burkholderiaceae,f_Burkholderiaceae,1691,38,12,8,25,8,8,8,8
Bacteria,Proteobacteria,Betaproteobacteria,Burkholderiales,Comamonadaceae,f_Comamonadaceae,f_Comamonadaceae,f_Comamonadaceae,1702,24,9,7,14,9,7,13,11
Bacteria,Proteobacteria,Betaproteobacteria,Burkholderiales,Oxalobacteraceae,f_Oxalobacteraceae,f_Oxalobacteraceae,f_Oxalobacteraceae,1749,11,4,1,8,5,5,5,5
Bacteria,Proteobacteria,Betaproteobacteria,Burkholderiales,o_Burkholderiales,Thiomonas,g_Thiomonas,g_Thiomonas,2254,3,2,8,4,5,7,14,7
Bacteria,Proteobacteria,Betaproteobacteria,Burkholderiales,o_Burkholderiales,o_Burkholderiales,Burkholderiales bacterium GJ-E10,Burkholderiales bacterium GJ-E10,760,4,1,0,0,0,0,0,0
Bacteria,Proteobacteria,Betaproteobacteria,Burkholderiales,o_Burkholderiales,o_Burkholderiales,Burkholderiales bacterium JOSHI_001,Burkholderiales bacterium JOSHI_001,761,3,2,0,0,0,0,0,0
Bacteria,Proteobacteria,Betaproteobacteria,Burkholderiales,o_Burkholderiales,o_Burkholderiales,Burkholderiales bacterium YL45,Burkholderiales bacterium YL45,762,187,45,20,66,4,3,1,9
Bacteria,Proteobacteria,Betaproteobacteria,Neisseriales,Chromobacteriaceae,f_Chromobacteriaceae,f_Chromobacteriaceae,f_Chromobacteriaceae,1698,1,0,1,1,3,0,1,0
Bacteria,Proteobacteria,Betaproteobacteria,Neisseriales,Neisseriaceae,f_Neisseriaceae,f_Neisseriaceae,f_Neisseriaceae,1741,1,0,0,1,0,0,0,0
Bacteria,Proteobacteria,Betaproteobacteria,Nitrosomonadales,Sterolibacteriaceae,f_Sterolibacteriaceae,f_Sterolibacteriaceae,f_Sterolibacteriaceae,1778,0,0,0,1,0,0,0,0
Bacteria,Proteobacteria,Betaproteobacteria,Nitrosomonadales,o_Nitrosomonadales,o_Nitrosomonadales,Nitrosomonadales bacterium 0125_3,Nitrosomonadales bacterium 0125_3,3423,1,0,0,0,0,0,0,0
Bacteria,Proteobacteria,Betaproteobacteria,Nitrosomonadales,o_Nitrosomonadales,o_Nitrosomonadales,Nitrosomonadales bacterium skT11,Nitrosomonadales bacterium skT11,3424,2,2,10,2,4,10,9,7
Bacteria,Proteobacteria,Betaproteobacteria,Nitrosomonadales,o_Nitrosomonadales,o_Nitrosomonadales,Nitrosomonadales bacterium Swamp67,Nitrosomonadales bacterium Swamp67,3425,1,2,2,2,6,2,1,0
Bacteria,Proteobacteria,Betaproteobacteria,Rhodocyclales,Rhodocyclaceae,f_Rhodocyclaceae,f_Rhodocyclaceae,f_Rhodocyclaceae,1769,3,2,2,0,0,0,0,0
Bacteria,Proteobacteria,Deltaproteobacteria,Bradymonadales,o_Bradymonadales,o_Bradymonadales,Bradymonadales bacterium V1718,Bradymonadales bacterium V1718,668,0,1,0,0,0,0,0,1
Bacteria,Proteobacteria,Deltaproteobacteria,Desulfovibrionales,Desulfovibrionaceae,f_Desulfovibrionaceae,f_Desulfovibrionaceae,f_Desulfovibrionaceae,1707,1,0,0,0,0,0,0,0
Bacteria,Proteobacteria,Deltaproteobacteria,Myxococcales,Archangiaceae,f_Archangiaceae,f_Archangiaceae,f_Archangiaceae,1684,1,1,0,2,2,0,0,1
Bacteria,Proteobacteria,Deltaproteobacteria,Myxococcales,Myxococcaceae,f_Myxococcaceae,f_Myxococcaceae,f_Myxococcaceae,1740,1,1,1,2,0,0,0,0
Bacteria,Proteobacteria,Epsilonproteobacteria,c_Epsilonproteobacteria,c_Epsilonproteobacteria,Nitratiruptor,Nitratiruptor sp. SB155-2,Nitratiruptor sp. SB155-2,3414,1,1,0,2,0,1,0,0
Bacteria,Proteobacteria,Epsilonproteobacteria,c_Epsilonproteobacteria,c_Epsilonproteobacteria,Sulfurovum,Sulfurovum lithotrophicum,Sulfurovum lithotrophicum,5030,4,4,3,8,3,6,6,9
Bacteria,Proteobacteria,Epsilonproteobacteria,c_Epsilonproteobacteria,c_Epsilonproteobacteria,Sulfurovum,Sulfurovum sp. NBC37-1,Sulfurovum sp. NBC37-1,5031,4,0,0,2,0,0,0,0
Bacteria,Proteobacteria,Epsilonproteobacteria,Campylobacterales,Campylobacteraceae,f_Campylobacteraceae,f_Campylobacteraceae,f_Campylobacteraceae,1692,7,11,2,9,0,3,2,1
Bacteria,Proteobacteria,Epsilonproteobacteria,Campylobacterales,Helicobacteraceae,f_Helicobacteraceae,f_Helicobacteraceae,f_Helicobacteraceae,1720,0,1,0,0,0,0,0,0
Bacteria,Proteobacteria,Gammaproteobacteria,c_Gammaproteobacteria,c_Gammaproteobacteria,Candidatus Reidiella,Candidatus Reidiella endopervernicosa,Candidatus Reidiella endopervernicosa,956,3,0,3,1,0,0,3,0
Bacteria,Proteobacteria,Gammaproteobacteria,c_Gammaproteobacteria,c_Gammaproteobacteria,Candidatus Ruthia,Candidatus Ruthia endofausta,Candidatus Ruthia endofausta,960,3,0,0,0,0,0,0,0
Bacteria,Proteobacteria,Gammaproteobacteria,c_Gammaproteobacteria,c_Gammaproteobacteria,Candidatus Ruthia,Candidatus Ruthia magnifica,Candidatus Ruthia magnifica,961,1,6,1,2,0,0,0,0
Bacteria,Proteobacteria,Gammaproteobacteria,c_Gammaproteobacteria,c_Gammaproteobacteria,Candidatus Thioglobus,Candidatus Thioglobus singularis,Candidatus Thioglobus singularis,972,1,1,0,1,0,0,0,0
Bacteria,Proteobacteria,Gammaproteobacteria,c_Gammaproteobacteria,c_Gammaproteobacteria,Candidatus Thioglobus,Candidatus Thioglobus sp. NP1,Candidatus Thioglobus sp. NP1,973,6,3,0,0,0,0,0,0
Bacteria,Proteobacteria,Gammaproteobacteria,c_Gammaproteobacteria,c_Gammaproteobacteria,Candidatus Vesicomyosocius,Candidatus Vesicomyosocius okutanii,Candidatus Vesicomyosocius okutanii,975,1,0,0,0,0,0,0,0
Bacteria,Proteobacteria,Gammaproteobacteria,c_Gammaproteobacteria,c_Gammaproteobacteria,Gallaecimonas,Gallaecimonas mangrovi,Gallaecimonas mangrovi,2271,5,7,2,2,1,4,1,8
Bacteria,Proteobacteria,Gammaproteobacteria,c_Gammaproteobacteria,c_Gammaproteobacteria,Pseudohongiella,Pseudohongiella spirulinae,Pseudohongiella spirulinae,4079,2,7,2,2,4,2,2,3
Bacteria,Proteobacteria,Gammaproteobacteria,c_Gammaproteobacteria,c_Gammaproteobacteria,Sedimenticola,Sedimenticola thiotaurini,Sedimenticola thiotaurini,4503,3,0,2,1,0,1,0,0
Bacteria,Proteobacteria,Gammaproteobacteria,c_Gammaproteobacteria,c_Gammaproteobacteria,Thiolapillus,Thiolapillus brandeum,Thiolapillus brandeum,5169,3,2,0,0,0,1,1,0
Bacteria,Proteobacteria,Gammaproteobacteria,Alteromonadales,Alteromonadaceae,f_Alteromonadaceae,f_Alteromonadaceae,f_Alteromonadaceae,1681,1,1,0,0,0,0,0,0
Bacteria,Proteobacteria,Gammaproteobacteria,Alteromonadales,Colwelliaceae,f_Colwelliaceae,f_Colwelliaceae,f_Colwelliaceae,1701,1,0,0,0,0,0,0,0
Bacteria,Proteobacteria,Gammaproteobacteria,Chromatiales,Chromatiaceae,f_Chromatiaceae,f_Chromatiaceae,f_Chromatiaceae,1697,1,0,0,0,0,0,0,0
Bacteria,Proteobacteria,Gammaproteobacteria,Enterobacterales,Enterobacteriaceae,f_Enterobacteriaceae,f_Enterobacteriaceae,f_Enterobacteriaceae,1710,5175,10469,4013,6592,20,44,88,53
Bacteria,Proteobacteria,Gammaproteobacteria,Enterobacterales,Erwiniaceae,f_Erwiniaceae,f_Erwiniaceae,f_Erwiniaceae,1712,0,3,1,2,0,0,0,0
Bacteria,Proteobacteria,Gammaproteobacteria,Enterobacterales,Hafniaceae,f_Hafniaceae,f_Hafniaceae,f_Hafniaceae,1717,1,2,0,0,0,0,0,0
Bacteria,Proteobacteria,Gammaproteobacteria,Enterobacterales,Morganellaceae,f_Morganellaceae,f_Morganellaceae,f_Morganellaceae,1736,1,4,0,1,0,0,0,0
Bacteria,Proteobacteria,Gammaproteobacteria,Enterobacterales,Pectobacteriaceae,f_Pectobacteriaceae,f_Pectobacteriaceae,f_Pectobacteriaceae,1752,2,0,0,0,0,0,0,0
Bacteria,Proteobacteria,Gammaproteobacteria,Enterobacterales,Yersiniaceae,f_Yersiniaceae,f_Yersiniaceae,f_Yersiniaceae,1788,1,0,0,0,0,0,0,0
Bacteria,Proteobacteria,Gammaproteobacteria,Legionellales,Legionellaceae,f_Legionellaceae,f_Legionellaceae,f_Legionellaceae,1727,1,0,1,0,0,0,0,0
Bacteria,Proteobacteria,Gammaproteobacteria,Methylococcales,Methylococcaceae,f_Methylococcaceae,f_Methylococcaceae,f_Methylococcaceae,1731,1,0,0,0,0,0,0,0
Bacteria,Proteobacteria,Gammaproteobacteria,Oceanospirillales,Halomonadaceae,f_Halomonadaceae,f_Halomonadaceae,f_Halomonadaceae,1719,0,7,21,3,5,18,46,12
Bacteria,Proteobacteria,Gammaproteobacteria,Oceanospirillales,Oceanospirillaceae,f_Oceanospirillaceae,f_Oceanospirillaceae,f_Oceanospirillaceae,1745,0,0,0,1,0,0,0,0
Bacteria,Proteobacteria,Gammaproteobacteria,Oceanospirillales,o_Oceanospirillales,o_Oceanospirillales,Oceanospirillales bacterium S2-4-1H,Oceanospirillales bacterium S2-4-1H,3570,0,0,0,0,0,0,1,0
Bacteria,Proteobacteria,Gammaproteobacteria,Pasteurellales,Pasteurellaceae,f_Pasteurellaceae,f_Pasteurellaceae,f_Pasteurellaceae,1751,16,5,4,2,0,1,0,0
Bacteria,Proteobacteria,Gammaproteobacteria,Pseudomonadales,Moraxellaceae,f_Moraxellaceae,f_Moraxellaceae,f_Moraxellaceae,1735,0,4,1,2,0,0,0,0
Bacteria,Proteobacteria,Gammaproteobacteria,Pseudomonadales,Pseudomonadaceae,f_Pseudomonadaceae,f_Pseudomonadaceae,f_Pseudomonadaceae,1764,2,2,1,2,1,0,0,0
Bacteria,Proteobacteria,Gammaproteobacteria,Thiotrichales,Piscirickettsiaceae,f_Piscirickettsiaceae,f_Piscirickettsiaceae,f_Piscirickettsiaceae,1758,2,1,1,2,0,0,0,0
Bacteria,Proteobacteria,Gammaproteobacteria,Vibrionales,Vibrionaceae,f_Vibrionaceae,f_Vibrionaceae,f_Vibrionaceae,1785,8,3,9,8,7,4,18,7
Bacteria,Proteobacteria,Gammaproteobacteria,Xanthomonadales,Rhodanobacteraceae,f_Rhodanobacteraceae,f_Rhodanobacteraceae,f_Rhodanobacteraceae,1767,1,2,31,6,9,18,29,20
Bacteria,Proteobacteria,Gammaproteobacteria,Xanthomonadales,Xanthomonadaceae,f_Xanthomonadaceae,f_Xanthomonadaceae,f_Xanthomonadaceae,1787,4,2,0,2,4,3,0,2
Bacteria,Proteobacteria,Oligoflexia,Silvanigrellales,o_Silvanigrellales,o_Silvanigrellales,Silvanigrellales bacterium RF1110005,Silvanigrellales bacterium RF1110005,4579,3,3,3,2,1,0,0,0
Bacteria,Spirochaetes,Spirochaetia,Spirochaetales,Borreliaceae,f_Borreliaceae,f_Borreliaceae,f_Borreliaceae,1688,0,0,0,1,0,0,0,0
Bacteria,Tenericutes,Mollicutes,Acholeplasmatales,Acholeplasmataceae,f_Acholeplasmataceae,f_Acholeplasmataceae,f_Acholeplasmataceae,1676,28,23,13,22,1,3,2,3
Bacteria,Thermotogae,Thermotogae,Petrotogales,Petrotogaceae,f_Petrotogaceae,f_Petrotogaceae,f_Petrotogaceae,1756,0,1,0,1,0,0,0,0
Bacteria,Verrucomicrobia,Opitutae,Opitutales,Opitutaceae,f_Opitutaceae,f_Opitutaceae,f_Opitutaceae,1747,0,0,0,0,0,1,0,0
Viruses,Uroviricota,Caudoviricetes,Caudovirales,Myoviridae,f_Myoviridae,f_Myoviridae,f_Myoviridae,1739,1,0,0,0,0,0,0,0
Archaea,Crenarchaeota,Thermoprotei,Desulfurococcales,Desulfurococcaceae,Staphylothermus,g_Staphylothermus,g_Staphylothermus,2227,1,0,2,0,0,0,0,0
Archaea,Crenarchaeota,Thermoprotei,Sulfolobales,Sulfolobaceae,Acidianus,g_Acidianus,g_Acidianus,1913,4,0,0,1,0,0,0,0
Archaea,Crenarchaeota,Thermoprotei,Sulfolobales,Sulfolobaceae,Sulfolobus,g_Sulfolobus,g_Sulfolobus,2234,0,0,0,1,0,0,0,0
Archaea,Crenarchaeota,Thermoprotei,Sulfolobales,Sulfolobaceae,Sulfurisphaera,g_Sulfurisphaera,g_Sulfurisphaera,2236,0,0,0,1,0,0,0,0
Archaea,Euryarchaeota,Halobacteria,Halobacteriales,Haloarculaceae,Haloarcula,g_Haloarcula,g_Haloarcula,2066,0,0,1,0,0,0,0,0
Archaea,Euryarchaeota,Halobacteria,Halobacteriales,Halobacteriaceae,Halorussus,g_Halorussus,g_Halorussus,2069,0,0,0,1,0,0,0,0
Archaea,Euryarchaeota,Halobacteria,Haloferacales,Haloferacaceae,Haloplanus,g_Haloplanus,g_Haloplanus,2068,2,0,0,0,0,0,0,0
Archaea,Euryarchaeota,Halobacteria,Haloferacales,o_Haloferacales,Halalkaliarchaeum,Halalkaliarchaeum desulfuricum,Halalkaliarchaeum desulfuricum,2386,3,0,0,1,0,0,0,0
Archaea,Euryarchaeota,Halobacteria,Natrialbales,Natrialbaceae,f_Natrialbaceae,Natrialbaceae archaeon XQ-INN 246,Natrialbaceae archaeon XQ-INN 246,3355,0,0,0,1,0,0,0,0
Archaea,Euryarchaeota,Methanobacteria,Methanobacteriales,Methanobacteriaceae,Methanobacterium,g_Methanobacterium,g_Methanobacterium,2117,2,0,2,2,3,5,3,3
Archaea,Euryarchaeota,Methanobacteria,Methanobacteriales,Methanobacteriaceae,Methanobrevibacter,g_Methanobrevibacter,g_Methanobrevibacter,2118,7,5,2,5,0,0,0,0
Archaea,Euryarchaeota,Methanobacteria,Methanobacteriales,Methanobacteriaceae,Methanothermobacter,g_Methanothermobacter,g_Methanothermobacter,2123,0,0,1,0,0,0,0,0
Archaea,Euryarchaeota,Methanococci,Methanococcales,Methanococcaceae,Methanococcus,g_Methanococcus,g_Methanococcus,2119,0,1,0,0,0,0,0,0
Archaea,Euryarchaeota,Methanococci,Methanococcales,o_Methanococcales,Methanofervidicoccus,Methanofervidicoccus sp. A16,Methanofervidicoccus sp. A16,3066,0,0,0,1,0,0,0,0
Archaea,Euryarchaeota,Methanomicrobia,Methanosarcinales,Methanosarcinaceae,Methanohalophilus,g_Methanohalophilus,g_Methanohalophilus,2120,1,0,0,0,0,0,0,0
Archaea,Euryarchaeota,Methanomicrobia,Methanosarcinales,Methanosarcinaceae,Methanosarcina,g_Methanosarcina,g_Methanosarcina,2122,3,7,2,2,0,0,0,0
Archaea,Euryarchaeota,Methanopyri,Methanopyrales,Methanopyraceae,Methanopyrus,g_Methanopyrus,g_Methanopyrus,2121,0,0,0,0,1,0,0,0
Archaea,Euryarchaeota,Thermococci,Thermococcales,Thermococcaceae,Thermococcus,g_Thermococcus,g_Thermococcus,2250,0,2,30,3,2,14,16,9
Archaea,Euryarchaeota,Thermoplasmata,Methanomassiliicoccales,Methanomassiliicoccaceae,f_Methanomassiliicoccaceae,Methanomassiliicoccaceae archaeon DOK,Methanomassiliicoccaceae archaeon DOK,3075,0,0,0,1,0,0,0,0
Archaea,Thaumarchaeota,p_Thaumarchaeota,Nitrosopumilales,Nitrosopumilaceae,Candidatus Nitrosomarinus,Candidatus Nitrosomarinus catalina,Candidatus Nitrosomarinus catalina,921,3,0,0,0,0,0,0,0
Archaea,Thaumarchaeota,p_Thaumarchaeota,Nitrosopumilales,Nitrosopumilaceae,Nitrosarchaeum,Nitrosarchaeum sp. AC2,Nitrosarchaeum sp. AC2,3418,0,0,0,1,0,0,0,0
Archaea,Thaumarchaeota,p_Thaumarchaeota,Nitrosopumilales,Nitrosopumilaceae,Nitrosopumilus,Candidatus Nitrosopumilus koreensis,Candidatus Nitrosopumilus koreensis,923,1,1,0,0,0,0,0,0
Archaea,Thaumarchaeota,p_Thaumarchaeota,Nitrosopumilales,Nitrosopumilaceae,Nitrosopumilus,Candidatus Nitrosopumilus sediminis,Candidatus Nitrosopumilus sediminis,924,1,0,0,0,0,0,0,0
Archaea,Thaumarchaeota,p_Thaumarchaeota,Nitrosopumilales,Nitrosopumilaceae,Nitrosopumilus,Candidatus Nitrosopumilus sp. SW,Candidatus Nitrosopumilus sp. SW,925,0,1,0,0,0,0,0,0
Archaea,Thaumarchaeota,p_Thaumarchaeota,Nitrosopumilales,Nitrosopumilaceae,Nitrosopumilus,Nitrosopumilus adriaticus,Nitrosopumilus adriaticus,3432,0,2,0,1,0,0,0,0
Archaea,Thaumarchaeota,p_Thaumarchaeota,Nitrosopumilales,Nitrosopumilaceae,Nitrosopumilus,Nitrosopumilus maritimus,Nitrosopumilus maritimus,3433,2,0,0,0,0,0,0,0
Archaea,Thaumarchaeota,p_Thaumarchaeota,Nitrosopumilales,Nitrosopumilaceae,Nitrosopumilus,Nitrosopumilus oxyclinae,Nitrosopumilus oxyclinae,3434,1,1,0,2,3,2,0,1
Archaea,Thaumarchaeota,p_Thaumarchaeota,Nitrosopumilales,Nitrosopumilaceae,Nitrosopumilus,Nitrosopumilus piranensis,Nitrosopumilus piranensis,3435,1,1,0,3,0,0,0,0
Bacteria,d_Bacteria,Candidatus Babeliae,Candidatus Babeliales,Candidatus Babeliaceae,Candidatus Babela,Candidatus Babela massiliensis,Candidatus Babela massiliensis,865,0,0,1,1,0,0,0,0
Bacteria,Acidobacteria,Vicinamibacteria,c_Vicinamibacteria,Vicinamibacteraceae,Luteitalea,Luteitalea pratensis,Luteitalea pratensis,2901,1,0,0,0,0,1,3,1
Bacteria,Actinobacteria,Acidimicrobiia,Acidimicrobiales,Iamiaceae,f_Iamiaceae,Iamiaceae bacterium SCSIO 58843,Iamiaceae bacterium SCSIO 58843,2550,1,1,0,0,1,0,0,1
Bacteria,Actinobacteria,Actinobacteria,Actinomycetales,Actinomycetaceae,Actinomyces,g_Actinomyces,g_Actinomyces,1920,6,2,4,2,2,0,0,0
Bacteria,Actinobacteria,Actinobacteria,Bifidobacteriales,Bifidobacteriaceae,Bifidobacterium,g_Bifidobacterium,g_Bifidobacterium,1958,2055,2141,1089,1998,2105,1644,1009,936
Bacteria,Actinobacteria,Actinobacteria,Candidatus Nanopelagicales,Candidatus Nanopelagicaceae,Candidatus Nanopelagicus,g_Candidatus Nanopelagicus,g_Candidatus Nanopelagicus,1985,2,0,0,0,0,0,0,0
Bacteria,Actinobacteria,Actinobacteria,Candidatus Nanopelagicales,Candidatus Nanopelagicaceae,Candidatus Planktophila,g_Candidatus Planktophila,g_Candidatus Planktophila,1987,0,1,1,1,0,0,0,0
Bacteria,Actinobacteria,Actinobacteria,Corynebacteriales,Corynebacteriaceae,Corynebacterium,g_Corynebacterium,g_Corynebacterium,2006,19,10,14,11,17,10,15,15
Bacteria,Actinobacteria,Actinobacteria,Corynebacteriales,Corynebacteriaceae,f_Corynebacteriaceae,Corynebacteriaceae bacterium ARUP UnID 227,Corynebacteriaceae bacterium ARUP UnID 227,1248,4,1,0,0,0,0,0,0
Bacteria,Actinobacteria,Actinobacteria,Corynebacteriales,Dietziaceae,Dietzia,g_Dietzia,g_Dietzia,2025,1,0,1,1,0,0,0,0
Bacteria,Actinobacteria,Actinobacteria,Corynebacteriales,Gordoniaceae,Gordonia,g_Gordonia,g_Gordonia,2061,2,2,0,1,0,0,0,1
Bacteria,Actinobacteria,Actinobacteria,Corynebacteriales,Mycobacteriaceae,Mycobacterium,g_Mycobacterium,g_Mycobacterium,2141,6,2,3,6,3,0,0,1
Bacteria,Actinobacteria,Actinobacteria,Corynebacteriales,Mycobacteriaceae,Mycobacteroides,g_Mycobacteroides,g_Mycobacteroides,2142,1,0,0,0,0,0,0,0
Bacteria,Actinobacteria,Actinobacteria,Corynebacteriales,Mycobacteriaceae,Mycolicibacterium,g_Mycolicibacterium,g_Mycolicibacterium,2143,3,3,1,1,2,0,1,2
Bacteria,Actinobacteria,Actinobacteria,Corynebacteriales,Nocardiaceae,Nocardia,g_Nocardia,g_Nocardia,2151,0,1,1,2,2,1,1,0
Bacteria,Actinobacteria,Actinobacteria,Corynebacteriales,Nocardiaceae,Rhodococcus,g_Rhodococcus,g_Rhodococcus,2193,14,12,38,11,14,11,26,14
Bacteria,Actinobacteria,Actinobacteria,Corynebacteriales,o_Corynebacteriales,Lawsonella,Lawsonella clevelandensis,Lawsonella clevelandensis,2796,1,1,2,0,12,0,2,2
Bacteria,Actinobacteria,Actinobacteria,Corynebacteriales,o_Corynebacteriales,Tomitella,Tomitella sp. HY172,Tomitella sp. HY172,5186,0,0,0,0,1,0,1,1
Bacteria,Actinobacteria,Actinobacteria,Corynebacteriales,o_Corynebacteriales,Tomitella,Tomitella sp. HY188,Tomitella sp. HY188,5187,1,0,0,0,0,0,0,0
Bacteria,Actinobacteria,Actinobacteria,Micrococcales,Brevibacteriaceae,Brevibacterium,g_Brevibacterium,g_Brevibacterium,1974,0,4,0,3,0,1,1,1
Bacteria,Actinobacteria,Actinobacteria,Micrococcales,Cellulomonadaceae,Cellulomonas,g_Cellulomonas,g_Cellulomonas,1992,2,0,0,0,0,0,0,0
Bacteria,Actinobacteria,Actinobacteria,Micrococcales,Dermabacteraceae,Brachybacterium,g_Brachybacterium,g_Brachybacterium,1968,0,0,0,0,5,2,0,2
Bacteria,Actinobacteria,Actinobacteria,Micrococcales,Dermabacteraceae,Dermabacter,g_Dermabacter,g_Dermabacter,2018,2,0,0,1,0,0,0,0
Bacteria,Actinobacteria,Actinobacteria,Micrococcales,Intrasporangiaceae,Janibacter,g_Janibacter,g_Janibacter,2077,3,0,0,0,0,0,0,0
Bacteria,Actinobacteria,Actinobacteria,Micrococcales,Microbacteriaceae,Agromyces,g_Agromyces,g_Agromyces,1929,1,0,0,0,0,0,0,0
Bacteria,Actinobacteria,Actinobacteria,Micrococcales,Microbacteriaceae,Cryobacterium,g_Cryobacterium,g_Cryobacterium,2008,0,0,0,0,0,0,1,0
Bacteria,Actinobacteria,Actinobacteria,Micrococcales,Microbacteriaceae,Curtobacterium,g_Curtobacterium,g_Curtobacterium,2010,0,2,0,1,3,3,2,0
Bacteria,Actinobacteria,Actinobacteria,Micrococcales,Microbacteriaceae,Leifsonia,g_Leifsonia,g_Leifsonia,2095,0,2,3,5,9,6,2,6
Bacteria,Actinobacteria,Actinobacteria,Micrococcales,Microbacteriaceae,Microbacterium,g_Microbacterium,g_Microbacterium,2131,3,10,13,3,12,7,14,9
Bacteria,Actinobacteria,Actinobacteria,Micrococcales,Microbacteriaceae,Plantibacter,g_Plantibacter,g_Plantibacter,2172,1,1,2,1,0,0,0,0
Bacteria,Actinobacteria,Actinobacteria,Micrococcales,Microbacteriaceae,Rathayibacter,g_Rathayibacter,g_Rathayibacter,2191,3,3,28,6,5,11,38,14
Bacteria,Actinobacteria,Actinobacteria,Micrococcales,Micrococcaceae,Arthrobacter,g_Arthrobacter,g_Arthrobacter,1949,1,0,0,0,1,0,1,0
Bacteria,Actinobacteria,Actinobacteria,Micrococcales,Micrococcaceae,Glutamicibacter,g_Glutamicibacter,g_Glutamicibacter,2060,1,0,0,0,0,0,0,0
Bacteria,Actinobacteria,Actinobacteria,Micrococcales,Micrococcaceae,Kocuria,g_Kocuria,g_Kocuria,2082,1,6,36,2,8,17,21,23
Bacteria,Actinobacteria,Actinobacteria,Micrococcales,Micrococcaceae,Micrococcus,g_Micrococcus,g_Micrococcus,2133,1,1,0,1,3,0,0,1
Bacteria,Actinobacteria,Actinobacteria,Micrococcales,Micrococcaceae,Pseudarthrobacter,g_Pseudarthrobacter,g_Pseudarthrobacter,2181,1,1,2,3,5,0,4,2
Bacteria,Actinobacteria,Actinobacteria,Micrococcales,o_Micrococcales,Tropheryma,Tropheryma whipplei,Tropheryma whipplei,5202,1,1,1,1,0,0,0,0
Bacteria,Actinobacteria,Actinobacteria,Micromonosporales,Micromonosporaceae,Actinoplanes,g_Actinoplanes,g_Actinoplanes,1921,1,3,2,0,7,5,0,1
Bacteria,Actinobacteria,Actinobacteria,Micromonosporales,Micromonosporaceae,Micromonospora,g_Micromonospora,g_Micromonospora,2134,5,2,0,3,3,1,1,1
Bacteria,Actinobacteria,Actinobacteria,Micromonosporales,Micromonosporaceae,Plantactinospora,g_Plantactinospora,g_Plantactinospora,2171,0,0,2,2,4,4,0,2
Bacteria,Actinobacteria,Actinobacteria,Propionibacteriales,Nocardioidaceae,Aeromicrobium,g_Aeromicrobium,g_Aeromicrobium,1925,0,0,0,0,1,0,0,1
Bacteria,Actinobacteria,Actinobacteria,Propionibacteriales,Nocardioidaceae,Kribbella,g_Kribbella,g_Kribbella,2085,0,0,0,1,0,0,0,0
Bacteria,Actinobacteria,Actinobacteria,Propionibacteriales,Nocardioidaceae,Nocardioides,g_Nocardioides,g_Nocardioides,2152,0,3,1,0,0,0,0,0
Bacteria,Actinobacteria,Actinobacteria,Propionibacteriales,Propionibacteriaceae,Cutibacterium,g_Cutibacterium,g_Cutibacterium,2011,0,0,1,0,0,0,0,0
Bacteria,Actinobacteria,Actinobacteria,Propionibacteriales,Propionibacteriaceae,Tessaracoccus,g_Tessaracoccus,g_Tessaracoccus,2244,0,0,0,1,0,0,0,0
Bacteria,Actinobacteria,Actinobacteria,Pseudonocardiales,Pseudonocardiaceae,Actinoalloteichus,g_Actinoalloteichus,g_Actinoalloteichus,1918,1,0,2,0,6,1,3,0
Bacteria,Actinobacteria,Actinobacteria,Pseudonocardiales,Pseudonocardiaceae,Actinosynnema,g_Actinosynnema,g_Actinosynnema,1922,4,1,0,4,3,5,0,2
Bacteria,Actinobacteria,Actinobacteria,Pseudonocardiales,Pseudonocardiaceae,Pseudonocardia,g_Pseudonocardia,g_Pseudonocardia,2185,6,2,0,7,4,3,0,2
Bacteria,Actinobacteria,Actinobacteria,Pseudonocardiales,Pseudonocardiaceae,Saccharopolyspora,g_Saccharopolyspora,g_Saccharopolyspora,2206,1,0,0,1,0,0,0,0
Bacteria,Actinobacteria,Actinobacteria,Streptomycetales,Streptomycetaceae,Streptacidiphilus,g_Streptacidiphilus,g_Streptacidiphilus,2230,0,0,1,0,0,0,0,0
Bacteria,Actinobacteria,Actinobacteria,Streptomycetales,Streptomycetaceae,Streptomyces,g_Streptomyces,g_Streptomyces,2232,49,24,26,37,38,26,15,16
Bacteria,Actinobacteria,Coriobacteriia,Coriobacteriales,Atopobiaceae,Olsenella,g_Olsenella,g_Olsenella,2157,0,0,0,1,0,0,0,0
Bacteria,Actinobacteria,Coriobacteriia,Coriobacteriales,Coriobacteriaceae,f_Coriobacteriaceae,Coriobacteriaceae bacterium 68-1-3,Coriobacteriaceae bacterium 68-1-3,1246,37,6,2,8,2,1,1,1
Bacteria,Actinobacteria,Coriobacteriia,Eggerthellales,Eggerthellaceae,Adlercreutzia,g_Adlercreutzia,g_Adlercreutzia,1923,308,93,32,131,0,0,1,0
Bacteria,Actinobacteria,Coriobacteriia,Eggerthellales,Eggerthellaceae,Eggerthella,g_Eggerthella,g_Eggerthella,2034,13,3,0,5,0,0,0,0
Bacteria,Actinobacteria,Coriobacteriia,Eggerthellales,Eggerthellaceae,Gordonibacter,g_Gordonibacter,g_Gordonibacter,2062,109,19,9,29,9,5,5,7
Bacteria,Actinobacteria,Coriobacteriia,Eggerthellales,Eggerthellaceae,f_Eggerthellaceae,Eggerthellaceae bacterium zg-1050,Eggerthellaceae bacterium zg-1050,1535,31,2,2,7,6,4,4,2
Bacteria,Actinobacteria,Rubrobacteria,Rubrobacterales,Rubrobacteraceae,Rubrobacter,g_Rubrobacter,g_Rubrobacter,2201,1,0,0,0,0,0,0,0
Bacteria,Aquificae,Aquificae,Aquificales,Aquificaceae,Hydrogenobaculum,g_Hydrogenobaculum,g_Hydrogenobaculum,2073,1,1,0,0,0,0,0,0
Bacteria,Aquificae,Aquificae,Aquificales,o_Aquificales,Thermosulfidibacter,Thermosulfidibacter takaii,Thermosulfidibacter takaii,5153,0,1,1,0,0,0,0,0
Bacteria,Bacteroidetes,Bacteroidia,Bacteroidales,Bacteroidaceae,Bacteroides,g_Bacteroides,g_Bacteroides,1955,11480,16007,12574,18554,27606,27202,19209,34569
Bacteria,Bacteroidetes,Bacteroidia,Bacteroidales,Dysgonomonadaceae,Dysgonomonas,g_Dysgonomonas,g_Dysgonomonas,2030,42,28,49,28,7,21,48,22
Bacteria,Bacteroidetes,Bacteroidia,Bacteroidales,Muribaculaceae,Duncaniella,g_Duncaniella,g_Duncaniella,2029,77,78,286,63,90,144,311,119
Bacteria,Bacteroidetes,Bacteroidia,Bacteroidales,Muribaculaceae,Muribaculum,g_Muribaculum,g_Muribaculum,2138,0,3,5,2,1,2,3,2
Bacteria,Bacteroidetes,Bacteroidia,Bacteroidales,Muribaculaceae,f_Muribaculaceae,Muribaculaceae bacterium DSM 108610,Muribaculaceae bacterium DSM 108610,3260,136,156,741,179,269,446,817,445
Bacteria,Bacteroidetes,Bacteroidia,Bacteroidales,Porphyromonadaceae,Porphyromonas,g_Porphyromonas,g_Porphyromonas,2177,5,5,11,6,6,12,14,8
Bacteria,Bacteroidetes,Bacteroidia,Bacteroidales,Prevotellaceae,Prevotella,g_Prevotella,g_Prevotella,2178,1192,1007,7251,1650,1498,3645,7340,3489
Bacteria,Bacteroidetes,Bacteroidia,Bacteroidales,Rikenellaceae,Alistipes,g_Alistipes,g_Alistipes,1934,1021,713,629,1066,2234,1348,1025,888
Bacteria,Bacteroidetes,Bacteroidia,Bacteroidales,Tannerellaceae,Parabacteroides,g_Parabacteroides,g_Parabacteroides,2161,2371,3694,1615,2361,94,125,168,133
Bacteria,Bacteroidetes,Bacteroidia,Bacteroidales,Tannerellaceae,Tannerella,g_Tannerella,g_Tannerella,2240,7,8,3,2,0,0,0,1
Bacteria,Bacteroidetes,Bacteroidia,Bacteroidales,o_Bacteroidales,Candidatus Azobacteroides,Candidatus Azobacteroides pseudotrichonymphae,Candidatus Azobacteroides pseudotrichonymphae,864,22,19,9,17,0,4,3,1
Bacteria,Bacteroidetes,Bacteroidia,Bacteroidales,o_Bacteroidales,Phocaeicola,Phocaeicola dorei,Phocaeicola dorei,3862,17065,21137,22230,35363,146569,73438,49097,45000
Bacteria,Bacteroidetes,Bacteroidia,Bacteroidales,o_Bacteroidales,Phocaeicola,Phocaeicola salanitronis,Phocaeicola salanitronis,3863,1083,1108,1035,979,284,451,691,391
Bacteria,Bacteroidetes,Bacteroidia,Bacteroidales,o_Bacteroidales,Phocaeicola,Phocaeicola vulgatus,Phocaeicola vulgatus,3864,15563,40428,43001,69292,133101,146831,97880,188798
Bacteria,Bacteroidetes,Bacteroidia,Marinilabiliales,Prolixibacteraceae,Draconibacterium,g_Draconibacterium,g_Draconibacterium,2028,2,1,1,2,4,0,0,2
Bacteria,Bacteroidetes,Bacteroidia,Marinilabiliales,Prolixibacteraceae,f_Prolixibacteraceae,Prolixibacteraceae bacterium WC007,Prolixibacteraceae bacterium WC007,4012,26,23,15,16,4,13,14,15
Bacteria,Bacteroidetes,Chitinophagia,Chitinophagales,Chitinophagaceae,Chitinophaga,g_Chitinophaga,g_Chitinophaga,1995,11,8,20,10,13,7,15,3
Bacteria,Bacteroidetes,Chitinophagia,Chitinophagales,Chitinophagaceae,Niabella,g_Niabella,g_Niabella,2147,1,0,0,0,0,0,0,0
Bacteria,Bacteroidetes,Cytophagia,Cytophagales,Cyclobacteriaceae,Cyclobacterium,g_Cyclobacterium,g_Cyclobacterium,2012,0,1,0,0,0,0,1,1
Bacteria,Bacteroidetes,Cytophagia,Cytophagales,Cyclobacteriaceae,Echinicola,g_Echinicola,g_Echinicola,2031,2,0,2,3,0,0,2,0
Bacteria,Bacteroidetes,Cytophagia,Cytophagales,Cytophagaceae,Fibrella,g_Fibrella,g_Fibrella,2048,0,1,2,1,4,3,2,3
Bacteria,Bacteroidetes,Cytophagia,Cytophagales,Cytophagaceae,Runella,g_Runella,g_Runella,2205,0,0,1,0,1,1,1,1
Bacteria,Bacteroidetes,Cytophagia,Cytophagales,Cytophagaceae,Spirosoma,g_Spirosoma,g_Spirosoma,2224,3,2,2,2,1,0,3,0
Bacteria,Bacteroidetes,Cytophagia,Cytophagales,Flammeovirgaceae,Flammeovirga,g_Flammeovirga,g_Flammeovirga,2050,0,5,3,2,0,0,0,0
Bacteria,Bacteroidetes,Cytophagia,Cytophagales,Flammeovirgaceae,f_Flammeovirgaceae,Flammeovirgaceae bacterium 311,Flammeovirgaceae bacterium 311,1817,15,17,83,21,26,57,110,43
Bacteria,Bacteroidetes,Cytophagia,Cytophagales,Hymenobacteraceae,Hymenobacter,g_Hymenobacter,g_Hymenobacter,2075,23,23,74,25,50,53,96,49
Bacteria,Bacteroidetes,Cytophagia,Cytophagales,Hymenobacteraceae,Pontibacter,g_Pontibacter,g_Pontibacter,2176,1,0,2,1,1,0,0,0
Bacteria,Bacteroidetes,Cytophagia,Cytophagales,Hymenobacteraceae,Rufibacter,g_Rufibacter,g_Rufibacter,2203,0,0,0,1,0,0,0,0
Bacteria,Bacteroidetes,Flavobacteriia,Flavobacteriales,Blattabacteriaceae,Blattabacterium,g_Blattabacterium,g_Blattabacterium,1961,0,2,0,1,0,0,0,0
Bacteria,Bacteroidetes,Flavobacteriia,Flavobacteriales,Flavobacteriaceae,Capnocytophaga,g_Capnocytophaga,g_Capnocytophaga,1988,39,40,78,33,12,40,69,31
Bacteria,Bacteroidetes,Flavobacteriia,Flavobacteriales,Flavobacteriaceae,Cellulophaga,g_Cellulophaga,g_Cellulophaga,1993,3,3,1,0,0,0,0,0
Bacteria,Bacteroidetes,Flavobacteriia,Flavobacteriales,Flavobacteriaceae,Dokdonia,g_Dokdonia,g_Dokdonia,2026,2,0,6,4,0,2,2,2
Bacteria,Bacteroidetes,Flavobacteriia,Flavobacteriales,Flavobacteriaceae,Flavobacterium,g_Flavobacterium,g_Flavobacterium,2051,14,6,35,11,8,22,26,17
Bacteria,Bacteroidetes,Flavobacteriia,Flavobacteriales,Flavobacteriaceae,Formosa,g_Formosa,g_Formosa,2052,1,0,0,5,0,0,0,0
Bacteria,Bacteroidetes,Flavobacteriia,Flavobacteriales,Flavobacteriaceae,Gramella,g_Gramella,g_Gramella,2063,2,0,0,0,0,0,1,0
Bacteria,Bacteroidetes,Flavobacteriia,Flavobacteriales,Flavobacteriaceae,Maribacter,g_Maribacter,g_Maribacter,2107,3,9,60,17,10,15,66,24
Bacteria,Bacteroidetes,Flavobacteriia,Flavobacteriales,Flavobacteriaceae,Mesoflavibacter,g_Mesoflavibacter,g_Mesoflavibacter,2115,7,3,18,2,2,11,15,2
Bacteria,Bacteroidetes,Flavobacteriia,Flavobacteriales,Flavobacteriaceae,Muricauda,g_Muricauda,g_Muricauda,2139,1,1,2,1,0,0,0,0
Bacteria,Bacteroidetes,Flavobacteriia,Flavobacteriales,Flavobacteriaceae,Myroides,g_Myroides,g_Myroides,2144,5,5,4,2,1,2,1,1
Bacteria,Bacteroidetes,Flavobacteriia,Flavobacteriales,Flavobacteriaceae,Nonlabens,g_Nonlabens,g_Nonlabens,2153,3,0,1,0,0,2,1,0
Bacteria,Bacteroidetes,Flavobacteriia,Flavobacteriales,Flavobacteriaceae,Polaribacter,g_Polaribacter,g_Polaribacter,2173,3,2,3,5,12,0,1,2
Bacteria,Bacteroidetes,Flavobacteriia,Flavobacteriales,Flavobacteriaceae,Salegentibacter,g_Salegentibacter,g_Salegentibacter,2207,2,1,24,5,6,10,28,12
Bacteria,Bacteroidetes,Flavobacteriia,Flavobacteriales,Flavobacteriaceae,Tenacibaculum,g_Tenacibaculum,g_Tenacibaculum,2242,1,1,0,0,0,0,1,0
Bacteria,Bacteroidetes,Flavobacteriia,Flavobacteriales,Flavobacteriaceae,Winogradskyella,g_Winogradskyella,g_Winogradskyella,2265,7,5,11,4,5,3,20,12
Bacteria,Bacteroidetes,Flavobacteriia,Flavobacteriales,Flavobacteriaceae,f_Flavobacteriaceae,Flavobacteriaceae bacterium,Flavobacteriaceae bacterium,1826,6,6,2,3,0,0,0,1
Bacteria,Bacteroidetes,Flavobacteriia,Flavobacteriales,Flavobacteriaceae,f_Flavobacteriaceae,Flavobacteriaceae bacterium 10Alg115,Flavobacteriaceae bacterium 10Alg115,1827,7,13,11,10,5,10,13,11
Bacteria,Bacteroidetes,Flavobacteriia,Flavobacteriales,Flavobacteriaceae,f_Flavobacteriaceae,Flavobacteriaceae bacterium 3519-10,Flavobacteriaceae bacterium 3519-10,1828,8,4,3,6,5,9,6,1
Bacteria,Bacteroidetes,Flavobacteriia,Flavobacteriales,Flavobacteriaceae,f_Flavobacteriaceae,Flavobacteriaceae bacterium F202Z8,Flavobacteriaceae bacterium F202Z8,1829,6,6,6,3,0,0,2,2
Bacteria,Bacteroidetes,Flavobacteriia,Flavobacteriales,Flavobacteriaceae,f_Flavobacteriaceae,Flavobacteriaceae bacterium MAR_2010_188,Flavobacteriaceae bacterium MAR_2010_188,1830,6,4,45,8,8,17,46,13
Bacteria,Bacteroidetes,Flavobacteriia,Flavobacteriales,Flavobacteriaceae,f_Flavobacteriaceae,Flavobacteriaceae bacterium RR4-40,Flavobacteriaceae bacterium RR4-40,1831,1,8,18,7,4,7,26,13
Bacteria,Bacteroidetes,Flavobacteriia,Flavobacteriales,Flavobacteriaceae,f_Flavobacteriaceae,Flavobacteriaceae bacterium UJ101,Flavobacteriaceae bacterium UJ101,1832,4,2,0,3,0,0,0,0
Bacteria,Bacteroidetes,Flavobacteriia,Flavobacteriales,Weeksellaceae,Apibacter,g_Apibacter,g_Apibacter,1945,3,2,17,4,6,9,22,5
Bacteria,Bacteroidetes,Flavobacteriia,Flavobacteriales,Weeksellaceae,Chryseobacterium,g_Chryseobacterium,g_Chryseobacterium,1999,44,37,82,47,24,40,87,47
Bacteria,Bacteroidetes,Flavobacteriia,Flavobacteriales,Weeksellaceae,Elizabethkingia,g_Elizabethkingia,g_Elizabethkingia,2036,12,5,8,12,1,1,4,0
Bacteria,Bacteroidetes,Flavobacteriia,Flavobacteriales,Weeksellaceae,Empedobacter,g_Empedobacter,g_Empedobacter,2037,0,0,0,1,0,0,0,0
Bacteria,Bacteroidetes,Flavobacteriia,Flavobacteriales,o_Flavobacteriales,Candidatus Sulcia,Candidatus Sulcia muelleri,Candidatus Sulcia muelleri,968,1,0,1,0,0,0,1,0
Bacteria,Bacteroidetes,Flavobacteriia,Flavobacteriales,o_Flavobacteriales,Candidatus Walczuchella,Candidatus Walczuchella monophlebidarum,Candidatus Walczuchella monophlebidarum,976,1,0,0,3,0,0,0,0
Bacteria,Bacteroidetes,Sphingobacteriia,Sphingobacteriales,Sphingobacteriaceae,Mucilaginibacter,g_Mucilaginibacter,g_Mucilaginibacter,2137,3,7,21,14,29,21,27,14
Bacteria,Bacteroidetes,Sphingobacteriia,Sphingobacteriales,Sphingobacteriaceae,Pedobacter,g_Pedobacter,g_Pedobacter,2167,1,2,11,0,0,5,10,5
Bacteria,Bacteroidetes,Sphingobacteriia,Sphingobacteriales,Sphingobacteriaceae,Sphingobacterium,g_Sphingobacterium,g_Sphingobacterium,2219,18,16,38,12,7,26,38,17
Bacteria,Bacteroidetes,Sphingobacteriia,Sphingobacteriales,Sphingobacteriaceae,f_Sphingobacteriaceae,Sphingobacteriaceae bacterium GW460-11-11-14-LB5,Sphingobacteriaceae bacterium GW460-11-11-14-LB5,4611,10,5,13,7,5,6,18,6
Bacteria,Bacteroidetes,p_Bacteroidetes,Bacteroidetes Order II. Incertae sedis,Rhodothermaceae,Rhodothermus,Rhodothermus marinus,Rhodothermus marinus,4370,6,7,6,11,16,4,11,6
Bacteria,Bacteroidetes,p_Bacteroidetes,Bacteroidetes Order II. Incertae sedis,Rhodothermaceae,Salinibacter,Salinibacter ruber,Salinibacter ruber,4467,3,1,0,2,0,0,0,0
Bacteria,Chlamydiae,Chlamydiia,Chlamydiales,Chlamydiaceae,Chlamydia,g_Chlamydia,g_Chlamydia,1996,0,1,0,0,0,0,0,0
Bacteria,Chlorobi,Chlorobia,Chlorobiales,Chlorobiaceae,Chlorobaculum,g_Chlorobaculum,g_Chlorobaculum,1997,0,1,18,3,7,10,28,16
Bacteria,Chloroflexi,Anaerolineae,Anaerolineales,Anaerolineaceae,f_Anaerolineaceae,Anaerolineaceae bacterium oral taxon 439,Anaerolineaceae bacterium oral taxon 439,301,3,2,1,4,0,0,0,0
Bacteria,Chloroflexi,Chloroflexia,Chloroflexales,Roseiflexaceae,Roseiflexus,g_Roseiflexus,g_Roseiflexus,2197,0,0,0,0,2,2,0,2
Bacteria,Chloroflexi,Dehalococcoidia,Dehalococcoidales,Dehalococcoidaceae,Dehalococcoides,g_Dehalococcoides,g_Dehalococcoides,2015,3,6,27,4,9,12,25,16
Bacteria,Cyanobacteria,p_Cyanobacteria,Nostocales,Aphanizomenonaceae,Anabaenopsis,Anabaenopsis circularis,Anabaenopsis circularis,292,2,0,0,0,0,0,0,0
Bacteria,Cyanobacteria,p_Cyanobacteria,Nostocales,Aphanizomenonaceae,Dolichospermum,Dolichospermum compactum,Dolichospermum compactum,1504,2,1,0,1,0,0,0,0
Bacteria,Cyanobacteria,p_Cyanobacteria,Nostocales,Aphanizomenonaceae,Dolichospermum,Dolichospermum sp. UHCC 0315A,Dolichospermum sp. UHCC 0315A,1505,0,0,0,1,0,0,0,0
Bacteria,Cyanobacteria,p_Cyanobacteria,Nostocales,Aphanizomenonaceae,Nodularia,Nodularia spumigena,Nodularia spumigena,3477,1,6,3,1,0,0,0,0
Bacteria,Cyanobacteria,p_Cyanobacteria,Nostocales,Aphanizomenonaceae,Raphidiopsis,Raphidiopsis curvata,Raphidiopsis curvata,4280,5,0,0,3,0,0,0,1
Bacteria,Cyanobacteria,p_Cyanobacteria,Nostocales,Aphanizomenonaceae,Sphaerospermopsis,Sphaerospermopsis kisseleviana,Sphaerospermopsis kisseleviana,4609,3,3,2,2,2,0,0,0
Bacteria,Cyanobacteria,p_Cyanobacteria,Nostocales,Calotrichaceae,Calothrix,Calothrix brevissima,Calothrix brevissima,810,3,4,0,1,0,0,0,0
Bacteria,Cyanobacteria,p_Cyanobacteria,Nostocales,Calotrichaceae,Calothrix,Calothrix parasitica,Calothrix parasitica,811,2,4,1,2,0,0,1,0
Bacteria,Cyanobacteria,p_Cyanobacteria,Nostocales,Calotrichaceae,Calothrix,Calothrix parietina,Calothrix parietina,812,0,4,1,4,8,8,2,9
Bacteria,Cyanobacteria,p_Cyanobacteria,Nostocales,Calotrichaceae,Calothrix,Calothrix sp. 336/3,Calothrix sp. 336/3,813,1,1,1,0,0,0,0,0
Bacteria,Cyanobacteria,p_Cyanobacteria,Nostocales,Calotrichaceae,Calothrix,Calothrix sp. NIES-2098,Calothrix sp. NIES-2098,814,0,2,2,2,0,0,0,0
Bacteria,Cyanobacteria,p_Cyanobacteria,Nostocales,Calotrichaceae,Calothrix,Calothrix sp. NIES-2100,Calothrix sp. NIES-2100,815,0,1,0,0,0,1,0,0
Bacteria,Cyanobacteria,p_Cyanobacteria,Nostocales,Calotrichaceae,Calothrix,Calothrix sp. NIES-3974,Calothrix sp. NIES-3974,816,2,2,0,1,0,0,0,0
Bacteria,Cyanobacteria,p_Cyanobacteria,Nostocales,Calotrichaceae,Calothrix,Calothrix sp. PCC 7507,Calothrix sp. PCC 7507,817,1,0,0,0,1,1,1,1
Bacteria,Cyanobacteria,p_Cyanobacteria,Nostocales,Hapalosiphonaceae,Fischerella,Fischerella sp. NIES-3754,Fischerella sp. NIES-3754,1812,2,4,0,1,0,0,0,0
Bacteria,Cyanobacteria,p_Cyanobacteria,Nostocales,Hapalosiphonaceae,Fischerella,Fischerella sp. NIES-4106,Fischerella sp. NIES-4106,1813,1,1,0,4,0,0,0,0
Bacteria,Cyanobacteria,p_Cyanobacteria,Nostocales,Nostocaceae,Anabaena,Anabaena cylindrica,Anabaena cylindrica,290,2,0,0,1,0,0,0,1
Bacteria,Cyanobacteria,p_Cyanobacteria,Nostocales,Nostocaceae,Anabaena,Anabaena sp. WA102,Anabaena sp. WA102,291,1,0,0,0,0,0,0,0
Bacteria,Cyanobacteria,p_Cyanobacteria,Nostocales,Nostocaceae,Nostoc,Nostoc carneum,Nostoc carneum,3489,1,2,1,2,0,0,0,0
Bacteria,Cyanobacteria,p_Cyanobacteria,Nostocales,Nostocaceae,Nostoc,Nostoc edaphicum,Nostoc edaphicum,3490,0,1,1,0,0,0,0,0
Bacteria,Cyanobacteria,p_Cyanobacteria,Nostocales,Nostocaceae,Nostoc,Nostoc flagelliforme,Nostoc flagelliforme,3491,2,0,0,0,0,0,0,0
Bacteria,Cyanobacteria,p_Cyanobacteria,Nostocales,Nostocaceae,Nostoc,Nostoc linckia,Nostoc linckia,3492,3,6,1,2,0,0,0,0
Bacteria,Cyanobacteria,p_Cyanobacteria,Nostocales,Nostocaceae,Nostoc,Nostoc piscinale,Nostoc piscinale,3493,0,2,1,1,0,0,0,0
Bacteria,Cyanobacteria,p_Cyanobacteria,Nostocales,Nostocaceae,Nostoc,Nostoc sp. C052,Nostoc sp. C052,3494,1,0,2,1,0,0,0,0
Bacteria,Cyanobacteria,p_Cyanobacteria,Nostocales,Nostocaceae,Nostoc,Nostoc sp. CENA543,Nostoc sp. CENA543,3495,2,4,5,1,3,4,4,5
Bacteria,Cyanobacteria,p_Cyanobacteria,Nostocales,Nostocaceae,Nostoc,Nostoc sp. Lobaria pulmonaria (5183) cyanobiont,Nostoc sp. Lobaria pulmonaria (5183) cyanobiont,3496,0,1,0,0,0,0,0,0
Bacteria,Cyanobacteria,p_Cyanobacteria,Nostocales,Nostocaceae,Nostoc,Nostoc sp. NIES-2111,Nostoc sp. NIES-2111,3497,0,1,0,1,0,0,0,0
Bacteria,Cyanobacteria,p_Cyanobacteria,Nostocales,Nostocaceae,Nostoc,Nostoc sp. NIES-3756,Nostoc sp. NIES-3756,3498,2,1,0,0,0,0,0,0
Bacteria,Cyanobacteria,p_Cyanobacteria,Nostocales,Nostocaceae,Nostoc,Nostoc sp. NIES-4103,Nostoc sp. NIES-4103,3499,0,5,7,2,2,7,10,8
Bacteria,Cyanobacteria,p_Cyanobacteria,Nostocales,Nostocaceae,Nostoc,Nostoc sp. PCC 7107,Nostoc sp. PCC 7107,3500,1,3,0,1,0,0,0,0
Bacteria,Cyanobacteria,p_Cyanobacteria,Nostocales,Nostocaceae,Nostoc,Nostoc sp. PCC 7524,Nostoc sp. PCC 7524,3501,2,1,0,2,0,0,0,0
Bacteria,Cyanobacteria,p_Cyanobacteria,Nostocales,Nostocaceae,Nostoc,Nostoc sp. Peltigera membranacea cyanobiont N6,Nostoc sp. Peltigera membranacea cyanobiont N6,3502,5,3,1,0,1,0,0,0
Bacteria,Cyanobacteria,p_Cyanobacteria,Nostocales,Nostocaceae,Nostoc,Nostoc sp. TCL240-02,Nostoc sp. TCL240-02,3503,0,0,0,1,0,0,0,0
Bacteria,Cyanobacteria,p_Cyanobacteria,Nostocales,Nostocaceae,Nostoc,Nostoc sp. TCL26-01,Nostoc sp. TCL26-01,3504,0,1,0,0,0,0,0,0
Bacteria,Cyanobacteria,p_Cyanobacteria,Nostocales,Nostocaceae,Nostoc,Nostoc sphaeroides,Nostoc sphaeroides,3505,0,1,0,0,0,0,0,0
Bacteria,Cyanobacteria,p_Cyanobacteria,Nostocales,Nostocaceae,Trichormus,Trichormus azollae,Trichormus azollae,5201,0,1,0,0,0,0,0,0
Bacteria,Cyanobacteria,p_Cyanobacteria,Nostocales,Rivulariaceae,Microchaete,Microchaete diplosiphon,Microchaete diplosiphon,3191,4,2,0,0,0,0,0,0
Bacteria,Cyanobacteria,p_Cyanobacteria,Nostocales,Rivulariaceae,Rivularia,Rivularia sp. PCC 7116,Rivularia sp. PCC 7116,4385,4,7,1,0,3,4,9,3
Bacteria,Cyanobacteria,p_Cyanobacteria,Nostocales,Scytonemataceae,Scytonema,Scytonema sp. NIES-4073,Scytonema sp. NIES-4073,4497,1,2,0,0,0,0,0,0
Bacteria,Cyanobacteria,p_Cyanobacteria,Nostocales,Tolypothrichaceae,Tolypothrix,Tolypothrix sp. PCC 7910,Tolypothrix sp. PCC 7910,5185,5,0,1,0,0,1,1,0
Bacteria,Cyanobacteria,p_Cyanobacteria,Synechococcales,Synechococcaceae,Synechococcus,Synechococcus sp. LTW-R,Synechococcus sp. LTW-R,5037,2,0,0,1,3,3,4,2
Bacteria,Cyanobacteria,p_Cyanobacteria,Synechococcales,Synechococcaceae,Synechococcus,Synechococcus sp. NIES-970,Synechococcus sp. NIES-970,5038,3,1,1,0,0,0,0,0
Bacteria,Cyanobacteria,p_Cyanobacteria,Synechococcales,Synechococcaceae,Synechococcus,Synechococcus sp. PCC 7502,Synechococcus sp. PCC 7502,5039,2,0,0,0,0,0,0,0
Bacteria,Deinococcus-Thermus,Deinococci,Deinococcales,Deinococcaceae,Deinococcus,g_Deinococcus,g_Deinococcus,2016,0,2,0,5,0,0,0,0
Bacteria,Firmicutes,Bacilli,Bacillales,Alicyclobacillaceae,Kyrpidia,g_Kyrpidia,g_Kyrpidia,2087,0,1,0,1,3,1,0,0
Bacteria,Firmicutes,Bacilli,Bacillales,Alicyclobacillaceae,Tumebacillus,g_Tumebacillus,g_Tumebacillus,2257,3,1,0,0,0,0,0,0
Bacteria,Firmicutes,Bacilli,Bacillales,Bacillaceae,Anoxybacillus,g_Anoxybacillus,g_Anoxybacillus,1944,6,5,3,8,1,2,1,1
Bacteria,Firmicutes,Bacilli,Bacillales,Bacillaceae,Bacillus,g_Bacillus,g_Bacillus,1954,143,155,69,127,45,30,19,28
Bacteria,Firmicutes,Bacilli,Bacillales,Bacillaceae,Geobacillus,g_Geobacillus,g_Geobacillus,2057,4,13,4,10,7,7,1,2
Bacteria,Firmicutes,Bacilli,Bacillales,Bacillaceae,Lysinibacillus,g_Lysinibacillus,g_Lysinibacillus,2103,9,11,3,6,2,1,0,0
Bacteria,Firmicutes,Bacilli,Bacillales,Bacillaceae,Mesobacillus,g_Mesobacillus,g_Mesobacillus,2114,0,0,0,2,0,0,0,0
Bacteria,Firmicutes,Bacilli,Bacillales,Bacillaceae,Oceanobacillus,g_Oceanobacillus,g_Oceanobacillus,2155,0,0,0,2,0,0,0,0
Bacteria,Firmicutes,Bacilli,Bacillales,Bacillaceae,Parageobacillus,g_Parageobacillus,g_Parageobacillus,2164,0,1,0,0,0,0,0,0
Bacteria,Firmicutes,Bacilli,Bacillales,Bacillaceae,Peribacillus,g_Peribacillus,g_Peribacillus,2168,0,1,1,0,0,0,0,0
Bacteria,Firmicutes,Bacilli,Bacillales,Bacillaceae,Virgibacillus,g_Virgibacillus,g_Virgibacillus,2263,10,5,2,8,0,0,0,0
Bacteria,Firmicutes,Bacilli,Bacillales,Bacillaceae,f_Bacillaceae,Bacillaceae bacterium TKL69,Bacillaceae bacterium TKL69,444,0,1,1,4,0,0,0,0
Bacteria,Firmicutes,Bacilli,Bacillales,Listeriaceae,Listeria,g_Listeria,g_Listeria,2101,6,7,2,1,0,0,0,0
Bacteria,Firmicutes,Bacilli,Bacillales,Paenibacillaceae,Brevibacillus,g_Brevibacillus,g_Brevibacillus,1973,14,18,6,4,0,0,0,0
Bacteria,Firmicutes,Bacilli,Bacillales,Paenibacillaceae,Paenibacillus,g_Paenibacillus,g_Paenibacillus,2158,89,118,71,81,37,30,28,28
Bacteria,Firmicutes,Bacilli,Bacillales,Paenibacillaceae,f_Paenibacillaceae,Paenibacillaceae bacterium GAS479,Paenibacillaceae bacterium GAS479,3624,4,9,9,5,11,9,11,6
Bacteria,Firmicutes,Bacilli,Bacillales,Planococcaceae,Planococcus,g_Planococcus,g_Planococcus,2170,9,9,1,4,0,0,0,0
Bacteria,Firmicutes,Bacilli,Bacillales,Planococcaceae,Solibacillus,g_Solibacillus,g_Solibacillus,2218,0,1,0,0,0,0,0,0
Bacteria,Firmicutes,Bacilli,Bacillales,Planococcaceae,Sporosarcina,g_Sporosarcina,g_Sporosarcina,2225,9,4,3,6,1,2,0,1
Bacteria,Firmicutes,Bacilli,Bacillales,Sporolactobacillaceae,f_Sporolactobacillaceae,Bacillus selenitireducens,Bacillus selenitireducens,483,10,15,4,11,2,0,0,1
Bacteria,Firmicutes,Bacilli,Bacillales,Staphylococcaceae,Macrococcus,g_Macrococcus,g_Macrococcus,2104,3,2,1,3,0,0,0,1
Bacteria,Firmicutes,Bacilli,Bacillales,Staphylococcaceae,Staphylococcus,g_Staphylococcus,g_Staphylococcus,2226,44,23,14,27,3,3,5,12
Bacteria,Firmicutes,Bacilli,Bacillales,o_Bacillales,Exiguobacterium,Exiguobacterium acetylicum,Exiguobacterium acetylicum,1667,0,1,0,0,0,0,0,0
Bacteria,Firmicutes,Bacilli,Bacillales,o_Bacillales,Exiguobacterium,Exiguobacterium antarcticum,Exiguobacterium antarcticum,1668,2,2,2,3,0,0,0,0
Bacteria,Firmicutes,Bacilli,Bacillales,o_Bacillales,Exiguobacterium,Exiguobacterium mexicanum,Exiguobacterium mexicanum,1669,2,9,1,6,0,0,0,0
Bacteria,Firmicutes,Bacilli,Bacillales,o_Bacillales,Exiguobacterium,Exiguobacterium sibiricum,Exiguobacterium sibiricum,1670,8,3,6,4,0,0,1,1
Bacteria,Firmicutes,Bacilli,Bacillales,o_Bacillales,Exiguobacterium,Exiguobacterium sp. AT1b,Exiguobacterium sp. AT1b,1671,1,1,0,2,0,0,0,0
Bacteria,Firmicutes,Bacilli,Bacillales,o_Bacillales,Exiguobacterium,Exiguobacterium sp. N4-1P,Exiguobacterium sp. N4-1P,1672,1,2,0,5,0,0,0,0
Bacteria,Firmicutes,Bacilli,Bacillales,o_Bacillales,Exiguobacterium,Exiguobacterium sp. U13-1,Exiguobacterium sp. U13-1,1673,0,0,1,0,0,0,0,0
Bacteria,Firmicutes,Bacilli,Bacillales,o_Bacillales,Gemella,Gemella haemolysans,Gemella haemolysans,2279,6,9,6,7,3,1,0,0
Bacteria,Firmicutes,Bacilli,Bacillales,o_Bacillales,Gemella,Gemella morbillorum,Gemella morbillorum,2280,3,3,2,2,0,0,0,0
Bacteria,Firmicutes,Bacilli,Bacillales,o_Bacillales,Gemella,Gemella sanguinis,Gemella sanguinis,2281,5,1,1,2,0,0,0,0
Bacteria,Firmicutes,Bacilli,Bacillales,o_Bacillales,Gemella,Gemella sp. oral taxon 928,Gemella sp. oral taxon 928,2282,5,2,1,0,0,0,0,0
Bacteria,Firmicutes,Bacilli,Lactobacillales,Aerococcaceae,Aerococcus,g_Aerococcus,g_Aerococcus,1924,3,3,1,4,0,0,0,0
Bacteria,Firmicutes,Bacilli,Lactobacillales,Carnobacteriaceae,Carnobacterium,g_Carnobacterium,g_Carnobacterium,1989,3,1,0,0,0,0,0,0
Bacteria,Firmicutes,Bacilli,Lactobacillales,Carnobacteriaceae,Jeotgalibaca,g_Jeotgalibaca,g_Jeotgalibaca,2079,5,4,1,5,0,0,0,0
Bacteria,Firmicutes,Bacilli,Lactobacillales,Enterococcaceae,Enterococcus,g_Enterococcus,g_Enterococcus,2040,588,95,88,160,16,28,58,22
Bacteria,Firmicutes,Bacilli,Lactobacillales,Enterococcaceae,Tetragenococcus,g_Tetragenococcus,g_Tetragenococcus,2245,0,1,0,2,0,0,0,0
Bacteria,Firmicutes,Bacilli,Lactobacillales,Lactobacillaceae,Lactobacillus,g_Lactobacillus,g_Lactobacillus,2091,72,64,72,83,43,42,70,51
Bacteria,Firmicutes,Bacilli,Lactobacillales,Leuconostocaceae,Leuconostoc,g_Leuconostoc,g_Leuconostoc,2100,9,7,3,2,0,0,0,0
Bacteria,Firmicutes,Bacilli,Lactobacillales,Leuconostocaceae,Weissella,g_Weissella,g_Weissella,2264,0,1,1,0,0,0,0,0
Bacteria,Firmicutes,Bacilli,Lactobacillales,Streptococcaceae,Lactococcus,g_Lactococcus,g_Lactococcus,2092,2,2,1,5,1,0,1,1
Bacteria,Firmicutes,Bacilli,Lactobacillales,Streptococcaceae,Streptococcus,g_Streptococcus,g_Streptococcus,2231,2516,1432,595,1870,24,23,30,23
Bacteria,Firmicutes,Clostridia,Clostridiales,Clostridiaceae,Alkaliphilus,g_Alkaliphilus,g_Alkaliphilus,1935,1,0,1,1,0,0,0,0
Bacteria,Firmicutes,Clostridia,Clostridiales,Clostridiaceae,Candidatus Arthromitus,g_Candidatus Arthromitus,g_Candidatus Arthromitus,1984,4,3,3,2,0,0,0,0
Bacteria,Firmicutes,Clostridia,Clostridiales,Clostridiaceae,Clostridium,g_Clostridium,g_Clostridium,2001,177,154,59,124,20,17,9,16
Bacteria,Firmicutes,Clostridia,Clostridiales,Clostridiaceae,f_Clostridiaceae,Clostridiaceae bacterium 14S0207,Clostridiaceae bacterium 14S0207,1160,27,12,12,21,13,8,5,14
Bacteria,Firmicutes,Clostridia,Clostridiales,Clostridiales Family XIII. Incertae Sedis,Aminipila,g_Aminipila,g_Aminipila,1939,3,3,0,1,0,0,0,0
Bacteria,Firmicutes,Clostridia,Clostridiales,Clostridiales Family XIII. Incertae Sedis,Mogibacterium,g_Mogibacterium,g_Mogibacterium,2135,0,1,1,0,0,0,0,0
Bacteria,Firmicutes,Clostridia,Clostridiales,Clostridiales Family XIII. Incertae Sedis,f_Clostridiales Family XIII. Incertae Sedis,Eubacterium minutum,Eubacterium minutum,1662,10,10,5,15,11,9,8,8
Bacteria,Firmicutes,Clostridia,Clostridiales,Clostridiales Family XIII. Incertae Sedis,f_Clostridiales Family XIII. Incertae Sedis,Eubacterium sulci,Eubacterium sulci,1663,26,24,23,31,37,30,31,47
Bacteria,Firmicutes,Clostridia,Clostridiales,Clostridiales Family XVII. Incertae Sedis,Thermaerobacter,g_Thermaerobacter,g_Thermaerobacter,2247,2,1,1,0,1,2,0,0
Bacteria,Firmicutes,Clostridia,Clostridiales,Eubacteriaceae,Acetobacterium,g_Acetobacterium,g_Acetobacterium,1910,0,3,1,0,0,0,0,0
Bacteria,Firmicutes,Clostridia,Clostridiales,Eubacteriaceae,Eubacterium,g_Eubacterium,g_Eubacterium,2045,39,29,15,22,5,4,2,0
Bacteria,Firmicutes,Clostridia,Clostridiales,Hungateiclostridiaceae,Hungateiclostridium,g_Hungateiclostridium,g_Hungateiclostridium,2072,1,1,0,0,0,0,0,0
Bacteria,Firmicutes,Clostridia,Clostridiales,Lachnospiraceae,Anaerocolumna,g_Anaerocolumna,g_Anaerocolumna,1941,20,34,18,25,0,0,0,0
Bacteria,Firmicutes,Clostridia,Clostridiales,Lachnospiraceae,Anaerostipes,g_Anaerostipes,g_Anaerostipes,1943,18,42,26,21,1,4,4,2
Bacteria,Firmicutes,Clostridia,Clostridiales,Lachnospiraceae,Blautia,g_Blautia,g_Blautia,1962,434,612,256,432,37,33,35,53
Bacteria,Firmicutes,Clostridia,Clostridiales,Lachnospiraceae,Butyrivibrio,g_Butyrivibrio,g_Butyrivibrio,1979,26,38,20,20,5,4,4,5
Bacteria,Firmicutes,Clostridia,Clostridiales,Lachnospiraceae,Cellulosilyticum,g_Cellulosilyticum,g_Cellulosilyticum,1994,40,37,37,30,10,8,33,14
Bacteria,Firmicutes,Clostridia,Clostridiales,Lachnospiraceae,Enterocloster,g_Enterocloster,g_Enterocloster,2039,26,27,15,9,0,0,1,0
Bacteria,Firmicutes,Clostridia,Clostridiales,Lachnospiraceae,Lachnoclostridium,g_Lachnoclostridium,g_Lachnoclostridium,2089,54,68,33,57,0,0,0,0
Bacteria,Firmicutes,Clostridia,Clostridiales,Lachnospiraceae,Lacrimispora,g_Lacrimispora,g_Lacrimispora,2090,25,36,13,30,0,0,0,0
Bacteria,Firmicutes,Clostridia,Clostridiales,Lachnospiraceae,Roseburia,g_Roseburia,g_Roseburia,2196,433,603,200,396,8,5,7,10
Bacteria,Firmicutes,Clostridia,Clostridiales,Lachnospiraceae,f_Lachnospiraceae,Lachnospiraceae bacterium,Lachnospiraceae bacterium,2677,612,1243,540,834,15,20,11,19
Bacteria,Firmicutes,Clostridia,Clostridiales,Lachnospiraceae,f_Lachnospiraceae,Lachnospiraceae bacterium Choco86,Lachnospiraceae bacterium Choco86,2678,2295,3358,1296,2205,75,53,54,62
Bacteria,Firmicutes,Clostridia,Clostridiales,Lachnospiraceae,f_Lachnospiraceae,Lachnospiraceae bacterium GAM79,Lachnospiraceae bacterium GAM79,2679,1243,1756,699,1157,97,91,44,86
Bacteria,Firmicutes,Clostridia,Clostridiales,Lachnospiraceae,f_Lachnospiraceae,Lachnospiraceae bacterium KM106-2,Lachnospiraceae bacterium KM106-2,2680,350,453,165,322,8,3,7,10
Bacteria,Firmicutes,Clostridia,Clostridiales,Lachnospiraceae,f_Lachnospiraceae,Lachnospiraceae bacterium oral taxon 500,Lachnospiraceae bacterium oral taxon 500,2681,23,22,13,34,7,5,6,5
Bacteria,Firmicutes,Clostridia,Clostridiales,Peptococcaceae,Dehalobacter,g_Dehalobacter,g_Dehalobacter,2014,10,16,2,9,1,0,0,1
Bacteria,Firmicutes,Clostridia,Clostridiales,Peptococcaceae,Desulfosporosinus,g_Desulfosporosinus,g_Desulfosporosinus,2019,1,2,0,3,0,0,0,0
Bacteria,Firmicutes,Clostridia,Clostridiales,Peptococcaceae,Desulfotomaculum,g_Desulfotomaculum,g_Desulfotomaculum,2020,1,2,2,0,0,0,0,0
Bacteria,Firmicutes,Clostridia,Clostridiales,Peptococcaceae,f_Peptococcaceae,Peptococcaceae bacterium DCMF,Peptococcaceae bacterium DCMF,3842,8,9,2,10,1,2,4,1
Bacteria,Firmicutes,Clostridia,Clostridiales,Peptostreptococcaceae,Romboutsia,g_Romboutsia,g_Romboutsia,2195,44,11,2,8,0,0,0,0
Bacteria,Firmicutes,Clostridia,Clostridiales,Peptostreptococcaceae,f_Peptostreptococcaceae,Peptostreptococcaceae bacterium oral taxon 929,Peptostreptococcaceae bacterium oral taxon 929,3846,17,12,8,15,11,12,9,11
Bacteria,Firmicutes,Clostridia,Clostridiales,Ruminococcaceae,Ruminococcus,g_Ruminococcus,g_Ruminococcus,2204,3,2,1,4,14,13,5,20
Bacteria,Firmicutes,Clostridia,Clostridiales,Ruminococcaceae,f_Ruminococcaceae,Clostridium cellulosi,Clostridium cellulosi,1174,15,23,31,30,33,29,36,50
Bacteria,Firmicutes,Clostridia,Clostridiales,Ruminococcaceae,f_Ruminococcaceae,Ruminococcaceae bacterium CPB6,Ruminococcaceae bacterium CPB6,4433,3,4,6,6,0,2,1,4
Bacteria,Firmicutes,Clostridia,Clostridiales,Ruminococcaceae,f_Ruminococcaceae,Ruminococcaceae bacterium LAM 19011,Ruminococcaceae bacterium LAM 19011,4434,1,0,0,0,0,0,0,0
Bacteria,Firmicutes,Clostridia,Clostridiales,Ruminococcaceae,f_Ruminococcaceae,Ruminococcaceae bacterium LBM 19010,Ruminococcaceae bacterium LBM 19010,4435,0,1,0,0,9,0,1,1
Bacteria,Firmicutes,Clostridia,Clostridiales,o_Clostridiales,Flintibacter,Flintibacter sp. KGMB00164,Flintibacter sp. KGMB00164,1868,56,44,36,64,26,32,10,37
Bacteria,Firmicutes,Clostridia,Clostridiales,o_Clostridiales,Intestinimonas,Intestinimonas butyriciproducens,Intestinimonas butyriciproducens,2565,12,12,9,18,1,3,4,2
Bacteria,Firmicutes,Clostridia,Clostridiales,o_Clostridiales,Massilistercora,Massilistercora timonensis,Massilistercora timonensis,2994,565,801,351,486,37,82,64,82
Bacteria,Firmicutes,Clostridia,Halanaerobiales,o_Halanaerobiales,Anoxybacter,Anoxybacter fermentans,Anoxybacter fermentans,319,7,7,1,2,0,0,0,0
Bacteria,Firmicutes,Clostridia,Thermoanaerobacterales,Thermoanaerobacteraceae,Thermoanaerobacter,g_Thermoanaerobacter,g_Thermoanaerobacter,2248,14,13,37,18,2,15,37,15
Bacteria,Firmicutes,Clostridia,Thermoanaerobacterales,Thermoanaerobacterales Family III. Incertae Sedis,Caldicellulosiruptor,g_Caldicellulosiruptor,g_Caldicellulosiruptor,1981,16,17,9,13,14,2,7,13
Bacteria,Firmicutes,Clostridia,Thermoanaerobacterales,Thermoanaerobacterales Family III. Incertae Sedis,Thermoanaerobacterium,g_Thermoanaerobacterium,g_Thermoanaerobacterium,2249,2,2,2,2,0,0,0,0
Bacteria,Firmicutes,Erysipelotrichia,Erysipelotrichales,Erysipelotrichaceae,Erysipelothrix,g_Erysipelothrix,g_Erysipelothrix,2042,7,1,1,6,5,7,3,3
Bacteria,Firmicutes,Erysipelotrichia,Erysipelotrichales,Erysipelotrichaceae,Turicibacter,g_Turicibacter,g_Turicibacter,2258,1,0,0,0,0,0,0,0
Bacteria,Firmicutes,Erysipelotrichia,Erysipelotrichales,Erysipelotrichaceae,f_Erysipelotrichaceae,Erysipelotrichaceae bacterium GAM147,Erysipelotrichaceae bacterium GAM147,1639,91,74,33,54,8,9,3,2
Bacteria,Firmicutes,Negativicutes,Acidaminococcales,Acidaminococcaceae,Acidaminococcus,g_Acidaminococcus,g_Acidaminococcus,1912,6,3,1,3,0,0,0,0
Bacteria,Firmicutes,Negativicutes,Selenomonadales,Selenomonadaceae,Megamonas,g_Megamonas,g_Megamonas,2112,4,5,1,1,0,0,0,0
Bacteria,Firmicutes,Negativicutes,Selenomonadales,Selenomonadaceae,Selenomonas,g_Selenomonas,g_Selenomonas,2211,3,6,3,7,6,4,7,6
Bacteria,Firmicutes,Negativicutes,Veillonellales,Veillonellaceae,Dialister,g_Dialister,g_Dialister,2023,118,48,75,58,16,39,65,54
Bacteria,Firmicutes,Negativicutes,Veillonellales,Veillonellaceae,Megasphaera,g_Megasphaera,g_Megasphaera,2113,7,0,0,1,0,0,1,0
Bacteria,Firmicutes,Negativicutes,Veillonellales,Veillonellaceae,Veillonella,g_Veillonella,g_Veillonella,2261,74,12,1,12,0,0,0,0
Bacteria,Firmicutes,Tissierellia,Tissierellales,Peptoniphilaceae,Anaerococcus,g_Anaerococcus,g_Anaerococcus,1940,2,0,0,0,0,0,0,0
Bacteria,Firmicutes,Tissierellia,Tissierellales,Tissierellaceae,f_Tissierellaceae,Clostridium ultunense,Clostridium ultunense,1210,7,9,6,8,1,1,0,0
Bacteria,Fusobacteria,Fusobacteriia,Fusobacteriales,Fusobacteriaceae,Fusobacterium,g_Fusobacterium,g_Fusobacterium,2054,19,5,5,7,3,6,5,5
Bacteria,Fusobacteria,Fusobacteriia,Fusobacteriales,Leptotrichiaceae,Leptotrichia,g_Leptotrichia,g_Leptotrichia,2099,13,9,2,7,7,2,2,5
Bacteria,Gemmatimonadetes,Gemmatimonadetes,Gemmatimonadales,Gemmatimonadaceae,Gemmatimonas,g_Gemmatimonas,g_Gemmatimonas,2056,0,0,0,0,0,0,0,1
Bacteria,Nitrospirae,Nitrospira,Nitrospirales,Nitrospiraceae,Leptospirillum,g_Leptospirillum,g_Leptospirillum,2098,3,0,0,1,0,0,0,0
Bacteria,Planctomycetes,Phycisphaerae,Sedimentisphaerales,Sedimentisphaeraceae,Sedimentisphaera,g_Sedimentisphaera,g_Sedimentisphaera,2210,1,0,0,1,0,0,0,0
Bacteria,Planctomycetes,Planctomycetia,Gemmatales,Gemmataceae,f_Gemmataceae,Gemmataceae bacterium,Gemmataceae bacterium,2286,1,0,2,2,1,0,1,0
Bacteria,Planctomycetes,Planctomycetia,Pirellulales,Lacipirellulaceae,f_Lacipirellulaceae,Planctomycetes bacterium I41,Planctomycetes bacterium I41,3903,1,2,1,0,0,0,0,0
Bacteria,Proteobacteria,Acidithiobacillia,Acidithiobacillales,Acidithiobacillaceae,Acidithiobacillus,g_Acidithiobacillus,g_Acidithiobacillus,1915,1,0,1,0,0,0,0,0
Bacteria,Proteobacteria,Alphaproteobacteria,Caulobacterales,Caulobacteraceae,Brevundimonas,g_Brevundimonas,g_Brevundimonas,1975,3,6,37,5,6,13,26,15
Bacteria,Proteobacteria,Alphaproteobacteria,Caulobacterales,Caulobacteraceae,Caulobacter,g_Caulobacter,g_Caulobacter,1990,2,0,0,0,0,0,0,0
Bacteria,Proteobacteria,Alphaproteobacteria,Caulobacterales,Caulobacteraceae,f_Caulobacteraceae,Caulobacteraceae bacterium OTSz_A_272,Caulobacteraceae bacterium OTSz_A_272,1016,5,0,0,1,0,0,0,0
Bacteria,Proteobacteria,Alphaproteobacteria,Holosporales,Holosporaceae,f_Holosporaceae,endosymbiont of Acanthamoeba sp. UWC8,endosymbiont of Acanthamoeba sp. UWC8,1556,1,2,0,0,0,0,0,0
Bacteria,Proteobacteria,Alphaproteobacteria,Pelagibacterales,Pelagibacteraceae,f_Pelagibacteraceae,alpha proteobacterium HIMB5,alpha proteobacterium HIMB5,249,3,0,0,0,0,0,0,0
Bacteria,Proteobacteria,Alphaproteobacteria,Pelagibacterales,o_Pelagibacterales,Candidatus Fonsibacter,Candidatus Fonsibacter ubiquis,Candidatus Fonsibacter ubiquis,889,1,0,0,2,0,0,0,0
Bacteria,Proteobacteria,Alphaproteobacteria,Rhizobiales,Aurantimonadaceae,Martelella,g_Martelella,g_Martelella,2110,1,3,0,2,0,0,0,0
Bacteria,Proteobacteria,Alphaproteobacteria,Rhizobiales,Bartonellaceae,Bartonella,g_Bartonella,g_Bartonella,1956,5,4,4,6,1,0,3,1
Bacteria,Proteobacteria,Alphaproteobacteria,Rhizobiales,Beijerinckiaceae,f_Beijerinckiaceae,Beijerinckiaceae bacterium,Beijerinckiaceae bacterium,576,0,1,0,0,0,0,0,0
Bacteria,Proteobacteria,Alphaproteobacteria,Rhizobiales,Beijerinckiaceae,f_Beijerinckiaceae,Beijerinckiaceae bacterium RH AL1,Beijerinckiaceae bacterium RH AL1,577,3,0,0,0,0,0,0,0
Bacteria,Proteobacteria,Alphaproteobacteria,Rhizobiales,Bradyrhizobiaceae,Bosea,g_Bosea,g_Bosea,1967,1,1,1,4,5,3,4,2
Bacteria,Proteobacteria,Alphaproteobacteria,Rhizobiales,Bradyrhizobiaceae,Bradyrhizobium,g_Bradyrhizobium,g_Bradyrhizobium,1970,12,16,11,12,22,14,12,13
Bacteria,Proteobacteria,Alphaproteobacteria,Rhizobiales,Bradyrhizobiaceae,Tardiphaga,g_Tardiphaga,g_Tardiphaga,2241,1,0,0,0,0,0,0,0
Bacteria,Proteobacteria,Alphaproteobacteria,Rhizobiales,Bradyrhizobiaceae,f_Bradyrhizobiaceae,Bradyrhizobiaceae bacterium SG-6C,Bradyrhizobiaceae bacterium SG-6C,670,3,0,0,6,0,0,0,0
Bacteria,Proteobacteria,Alphaproteobacteria,Rhizobiales,Brucellaceae,Brucella,g_Brucella,g_Brucella,1976,5,0,5,1,1,2,2,1
Bacteria,Proteobacteria,Alphaproteobacteria,Rhizobiales,Brucellaceae,Ochrobactrum,g_Ochrobactrum,g_Ochrobactrum,2156,1,4,4,1,0,0,0,0
Bacteria,Proteobacteria,Alphaproteobacteria,Rhizobiales,Hyphomicrobiaceae,Blastochloris,g_Blastochloris,g_Blastochloris,1959,0,1,0,0,0,0,0,0
Bacteria,Proteobacteria,Alphaproteobacteria,Rhizobiales,Hyphomicrobiaceae,Devosia,g_Devosia,g_Devosia,2022,0,0,1,0,1,0,0,1
Bacteria,Proteobacteria,Alphaproteobacteria,Rhizobiales,Methylobacteriaceae,Methylobacterium,g_Methylobacterium,g_Methylobacterium,2125,3,0,2,1,0,3,0,1
Bacteria,Proteobacteria,Alphaproteobacteria,Rhizobiales,Methylobacteriaceae,Methylorubrum,g_Methylorubrum,g_Methylorubrum,2129,3,2,4,1,9,2,2,1
Bacteria,Proteobacteria,Alphaproteobacteria,Rhizobiales,Phyllobacteriaceae,Mesorhizobium,g_Mesorhizobium,g_Mesorhizobium,2116,13,9,4,9,3,3,0,5
Bacteria,Proteobacteria,Alphaproteobacteria,Rhizobiales,Rhizobiaceae,Agrobacterium,g_Agrobacterium,g_Agrobacterium,1928,5,9,38,15,6,24,30,16
Bacteria,Proteobacteria,Alphaproteobacteria,Rhizobiales,Rhizobiaceae,Rhizobium,g_Rhizobium,g_Rhizobium,2192,15,19,39,10,9,10,29,10
Bacteria,Proteobacteria,Alphaproteobacteria,Rhizobiales,Rhizobiaceae,Sinorhizobium,g_Sinorhizobium,g_Sinorhizobium,2216,1,0,1,1,0,0,0,0
Bacteria,Proteobacteria,Alphaproteobacteria,Rhizobiales,Rhodobiaceae,f_Rhodobiaceae,Rhodobiaceae bacterium,Rhodobiaceae bacterium,4336,1,5,27,5,7,17,27,17
Bacteria,Proteobacteria,Alphaproteobacteria,Rhizobiales,o_Rhizobiales,Candidatus Hodgkinia,Candidatus Hodgkinia cicadicola,Candidatus Hodgkinia cicadicola,895,0,0,1,0,0,0,0,0
Bacteria,Proteobacteria,Alphaproteobacteria,Rhizobiales,o_Rhizobiales,Hartmannibacter,Hartmannibacter diazotrophicus,Hartmannibacter diazotrophicus,2463,0,0,0,0,3,1,1,0
Bacteria,Proteobacteria,Alphaproteobacteria,Rhizobiales,o_Rhizobiales,Methyloceanibacter,Methyloceanibacter caenitepidi,Methyloceanibacter caenitepidi,3116,2,0,1,1,0,0,0,0
Bacteria,Proteobacteria,Alphaproteobacteria,Rhizobiales,o_Rhizobiales,Methyloceanibacter,Methyloceanibacter sp. wino2,Methyloceanibacter sp. wino2,3117,3,4,1,1,0,0,2,0
Bacteria,Proteobacteria,Alphaproteobacteria,Rhizobiales,o_Rhizobiales,Methyloligella,Methyloligella sp. GL2,Methyloligella sp. GL2,3127,4,3,1,1,1,0,0,0
Bacteria,Proteobacteria,Alphaproteobacteria,Rhizobiales,o_Rhizobiales,Nordella,Nordella sp. HKS 07,Nordella sp. HKS 07,3488,3,7,1,3,4,1,0,0
Bacteria,Proteobacteria,Alphaproteobacteria,Rhizobiales,o_Rhizobiales,Pseudorhodoplanes,Pseudorhodoplanes sinuspersici,Pseudorhodoplanes sinuspersici,4234,1,3,5,1,4,2,5,6
Bacteria,Proteobacteria,Alphaproteobacteria,Rhodobacterales,Rhodobacteraceae,Labrenzia,g_Labrenzia,g_Labrenzia,2088,4,4,1,4,5,4,3,2
Bacteria,Proteobacteria,Alphaproteobacteria,Rhodobacterales,Rhodobacteraceae,Leisingera,g_Leisingera,g_Leisingera,2096,1,2,0,1,0,0,0,0
Bacteria,Proteobacteria,Alphaproteobacteria,Rhodobacterales,Rhodobacteraceae,Paracoccus,g_Paracoccus,g_Paracoccus,2163,0,2,0,0,0,0,0,0
Bacteria,Proteobacteria,Alphaproteobacteria,Rhodobacterales,Rhodobacteraceae,Roseivivax,g_Roseivivax,g_Roseivivax,2198,1,1,0,0,0,1,1,0
Bacteria,Proteobacteria,Alphaproteobacteria,Rhodobacterales,Rhodobacteraceae,Roseovarius,g_Roseovarius,g_Roseovarius,2200,1,0,0,1,0,0,0,0
Bacteria,Proteobacteria,Alphaproteobacteria,Rhodobacterales,Rhodobacteraceae,Ruegeria,g_Ruegeria,g_Ruegeria,2202,0,0,1,0,0,0,0,0
Bacteria,Proteobacteria,Alphaproteobacteria,Rhodobacterales,Rhodobacteraceae,Stappia,g_Stappia,g_Stappia,2228,0,0,0,1,0,0,0,0
Bacteria,Proteobacteria,Alphaproteobacteria,Rhodobacterales,Rhodobacteraceae,Sulfitobacter,g_Sulfitobacter,g_Sulfitobacter,2233,0,1,0,1,0,0,2,0
Bacteria,Proteobacteria,Alphaproteobacteria,Rhodobacterales,Rhodobacteraceae,f_Rhodobacteraceae,Rhodobacteraceae bacterium,Rhodobacteraceae bacterium,4329,3,6,1,3,0,0,1,0
Bacteria,Proteobacteria,Alphaproteobacteria,Rhodobacterales,Rhodobacteraceae,f_Rhodobacteraceae,Rhodobacteraceae bacterium 9Alg 56,Rhodobacteraceae bacterium 9Alg 56,4330,1,0,0,1,8,6,0,4
Bacteria,Proteobacteria,Alphaproteobacteria,Rhodobacterales,Rhodobacteraceae,f_Rhodobacteraceae,Rhodobacteraceae bacterium BAR1,Rhodobacteraceae bacterium BAR1,4331,2,0,1,1,0,0,0,0
Bacteria,Proteobacteria,Alphaproteobacteria,Rhodobacterales,Rhodobacteraceae,f_Rhodobacteraceae,Rhodobacteraceae bacterium QY30,Rhodobacteraceae bacterium QY30,4332,1,2,1,2,0,0,0,0
Bacteria,Proteobacteria,Alphaproteobacteria,Rhodobacterales,Rhodobacteraceae,f_Rhodobacteraceae,Rhodobacteraceae bacterium RR4-56,Rhodobacteraceae bacterium RR4-56,4333,0,1,0,0,2,1,0,0
Bacteria,Proteobacteria,Alphaproteobacteria,Rhodobacterales,Rhodobacteraceae,f_Rhodobacteraceae,Rhodobacteraceae bacterium SC52,Rhodobacteraceae bacterium SC52,4334,1,3,0,1,0,0,0,0
Bacteria,Proteobacteria,Alphaproteobacteria,Rhodobacterales,Rhodobacteraceae,f_Rhodobacteraceae,Rhodobacteraceae bacterium SH-1,Rhodobacteraceae bacterium SH-1,4335,0,1,0,0,0,1,0,0
Bacteria,Proteobacteria,Alphaproteobacteria,Rhodospirillales,Acetobacteraceae,Acetobacter,g_Acetobacter,g_Acetobacter,1909,3,5,12,6,1,5,6,5
Bacteria,Proteobacteria,Alphaproteobacteria,Rhodospirillales,Acetobacteraceae,Acidiphilium,g_Acidiphilium,g_Acidiphilium,1914,0,0,0,1,0,0,2,0
Bacteria,Proteobacteria,Alphaproteobacteria,Rhodospirillales,Acetobacteraceae,Commensalibacter,g_Commensalibacter,g_Commensalibacter,2005,1,1,1,0,0,0,0,0
Bacteria,Proteobacteria,Alphaproteobacteria,Rhodospirillales,Acetobacteraceae,Gluconobacter,g_Gluconobacter,g_Gluconobacter,2059,1,2,25,10,1,13,26,16
Bacteria,Proteobacteria,Alphaproteobacteria,Rhodospirillales,Acetobacteraceae,Komagataeibacter,g_Komagataeibacter,g_Komagataeibacter,2083,1,1,5,2,2,1,9,5
Bacteria,Proteobacteria,Alphaproteobacteria,Rhodospirillales,Acetobacteraceae,Roseomonas,g_Roseomonas,g_Roseomonas,2199,1,2,1,3,0,0,0,0
Bacteria,Proteobacteria,Alphaproteobacteria,Rhodospirillales,Acetobacteraceae,f_Acetobacteraceae,Acetobacteraceae bacterium,Acetobacteraceae bacterium,12,5,6,27,11,13,22,16,18
Bacteria,Proteobacteria,Alphaproteobacteria,Rhodospirillales,Rhodospirillaceae,Azospirillum,g_Azospirillum,g_Azospirillum,1952,4,9,33,7,3,14,35,29
Bacteria,Proteobacteria,Alphaproteobacteria,Rhodospirillales,Rhodospirillaceae,Magnetospirillum,g_Magnetospirillum,g_Magnetospirillum,2105,1,0,0,0,0,0,0,0
Bacteria,Proteobacteria,Alphaproteobacteria,Rhodospirillales,Rhodospirillaceae,Thalassospira,g_Thalassospira,g_Thalassospira,2246,0,1,0,3,0,0,0,0
Bacteria,Proteobacteria,Alphaproteobacteria,Rickettsiales,Anaplasmataceae,Wolbachia,g_Wolbachia,g_Wolbachia,2266,5,3,1,2,0,0,0,0
Bacteria,Proteobacteria,Alphaproteobacteria,Rickettsiales,Rickettsiaceae,Rickettsia,g_Rickettsia,g_Rickettsia,2194,7,15,7,7,7,5,2,7
Bacteria,Proteobacteria,Alphaproteobacteria,Sphingomonadales,Erythrobacteraceae,Altererythrobacter,g_Altererythrobacter,g_Altererythrobacter,1937,0,0,1,1,0,0,0,0
Bacteria,Proteobacteria,Alphaproteobacteria,Sphingomonadales,Erythrobacteraceae,Erythrobacter,g_Erythrobacter,g_Erythrobacter,2043,0,0,1,0,0,0,0,0
Bacteria,Proteobacteria,Alphaproteobacteria,Sphingomonadales,Sphingomonadaceae,Blastomonas,g_Blastomonas,g_Blastomonas,1960,6,0,0,3,0,0,0,0
Bacteria,Proteobacteria,Alphaproteobacteria,Sphingomonadales,Sphingomonadaceae,Sphingobium,g_Sphingobium,g_Sphingobium,2220,8,4,5,6,6,17,3,6
Bacteria,Proteobacteria,Alphaproteobacteria,Sphingomonadales,Sphingomonadaceae,Sphingomonas,g_Sphingomonas,g_Sphingomonas,2221,1,2,0,3,2,2,0,0
Bacteria,Proteobacteria,Alphaproteobacteria,Sphingomonadales,Sphingomonadaceae,Sphingopyxis,g_Sphingopyxis,g_Sphingopyxis,2222,0,1,0,0,0,0,0,0
Bacteria,Proteobacteria,Alphaproteobacteria,Sphingomonadales,Sphingomonadaceae,Sphingorhabdus,g_Sphingorhabdus,g_Sphingorhabdus,2223,1,2,0,0,0,0,0,0
Bacteria,Proteobacteria,Betaproteobacteria,c_Betaproteobacteria,Casimicrobiaceae,Casimicrobium,Casimicrobium huifangae,Casimicrobium huifangae,1004,3,1,0,2,0,0,0,0
Bacteria,Proteobacteria,Betaproteobacteria,Burkholderiales,Alcaligenaceae,Achromobacter,g_Achromobacter,g_Achromobacter,1911,9,8,0,2,0,1,0,0
Bacteria,Proteobacteria,Betaproteobacteria,Burkholderiales,Alcaligenaceae,Alcaligenes,g_Alcaligenes,g_Alcaligenes,1931,6,1,0,3,2,1,1,0
Bacteria,Proteobacteria,Betaproteobacteria,Burkholderiales,Alcaligenaceae,Bordetella,g_Bordetella,g_Bordetella,1964,3,1,0,4,0,0,0,0
Bacteria,Proteobacteria,Betaproteobacteria,Burkholderiales,Alcaligenaceae,f_Alcaligenaceae,Alcaligenaceae bacterium SJ-26,Alcaligenaceae bacterium SJ-26,206,4,0,0,0,0,0,0,0
Bacteria,Proteobacteria,Betaproteobacteria,Burkholderiales,Burkholderiaceae,Burkholderia,g_Burkholderia,g_Burkholderia,1977,16,15,14,23,19,9,8,7
Bacteria,Proteobacteria,Betaproteobacteria,Burkholderiales,Burkholderiaceae,Caballeronia,g_Caballeronia,g_Caballeronia,1980,0,3,0,1,0,0,0,0
Bacteria,Proteobacteria,Betaproteobacteria,Burkholderiales,Burkholderiaceae,Cupriavidus,g_Cupriavidus,g_Cupriavidus,2009,236,43,25,81,6,2,2,3
Bacteria,Proteobacteria,Betaproteobacteria,Burkholderiales,Burkholderiaceae,Mycoavidus,g_Mycoavidus,g_Mycoavidus,2140,1,0,0,0,0,0,0,0
Bacteria,Proteobacteria,Betaproteobacteria,Burkholderiales,Burkholderiaceae,Pandoraea,g_Pandoraea,g_Pandoraea,2159,3,4,0,1,1,1,0,1
Bacteria,Proteobacteria,Betaproteobacteria,Burkholderiales,Burkholderiaceae,Paraburkholderia,g_Paraburkholderia,g_Paraburkholderia,2162,16,5,4,8,0,6,2,1
Bacteria,Proteobacteria,Betaproteobacteria,Burkholderiales,Burkholderiaceae,Polynucleobacter,g_Polynucleobacter,g_Polynucleobacter,2175,4,0,0,0,0,0,0,0
Bacteria,Proteobacteria,Betaproteobacteria,Burkholderiales,Burkholderiaceae,Ralstonia,g_Ralstonia,g_Ralstonia,2189,4,3,2,3,9,5,3,4
Bacteria,Proteobacteria,Betaproteobacteria,Burkholderiales,Comamonadaceae,Acidovorax,g_Acidovorax,g_Acidovorax,1916,6,2,1,5,0,0,0,0
Bacteria,Proteobacteria,Betaproteobacteria,Burkholderiales,Comamonadaceae,Comamonas,g_Comamonas,g_Comamonas,2004,3,1,7,2,0,2,2,0
Bacteria,Proteobacteria,Betaproteobacteria,Burkholderiales,Comamonadaceae,Delftia,g_Delftia,g_Delftia,2017,6,1,1,2,0,0,0,0
Bacteria,Proteobacteria,Betaproteobacteria,Burkholderiales,Comamonadaceae,Hydrogenophaga,g_Hydrogenophaga,g_Hydrogenophaga,2074,1,1,2,2,9,0,3,5
Bacteria,Proteobacteria,Betaproteobacteria,Burkholderiales,Comamonadaceae,Polaromonas,g_Polaromonas,g_Polaromonas,2174,2,0,2,1,0,0,0,0
Bacteria,Proteobacteria,Betaproteobacteria,Burkholderiales,Comamonadaceae,Variovorax,g_Variovorax,g_Variovorax,2260,0,3,0,2,0,0,0,0
Bacteria,Proteobacteria,Betaproteobacteria,Burkholderiales,Oxalobacteraceae,Herbaspirillum,g_Herbaspirillum,g_Herbaspirillum,2071,2,4,1,2,0,2,0,0
Bacteria,Proteobacteria,Betaproteobacteria,Burkholderiales,Oxalobacteraceae,Janthinobacterium,g_Janthinobacterium,g_Janthinobacterium,2078,5,0,1,1,0,1,1,0
Bacteria,Proteobacteria,Betaproteobacteria,Burkholderiales,Oxalobacteraceae,Massilia,g_Massilia,g_Massilia,2111,5,2,5,4,8,3,2,0
Bacteria,Proteobacteria,Betaproteobacteria,Burkholderiales,Oxalobacteraceae,Undibacterium,g_Undibacterium,g_Undibacterium,2259,2,1,0,0,0,0,0,0
Bacteria,Proteobacteria,Betaproteobacteria,Burkholderiales,Sutterellaceae,Sutterella,g_Sutterella,g_Sutterella,2238,1,1,1,2,0,0,0,0
Bacteria,Proteobacteria,Betaproteobacteria,Burkholderiales,o_Burkholderiales,Aquabacterium,Aquabacterium olei,Aquabacterium olei,327,1,1,0,0,0,0,0,0
Bacteria,Proteobacteria,Betaproteobacteria,Burkholderiales,o_Burkholderiales,Inhella,Inhella inkyongensis,Inhella inkyongensis,2563,0,2,1,0,0,0,0,0
Bacteria,Proteobacteria,Betaproteobacteria,Burkholderiales,o_Burkholderiales,Leptothrix,Leptothrix cholodnii,Leptothrix cholodnii,2847,2,1,2,4,5,3,0,1
Bacteria,Proteobacteria,Betaproteobacteria,Burkholderiales,o_Burkholderiales,Methylibium,Methylibium petroleiphilum,Methylibium petroleiphilum,3101,1,0,0,0,0,0,0,0
Bacteria,Proteobacteria,Betaproteobacteria,Burkholderiales,o_Burkholderiales,Methylibium,Methylibium sp. Pch-M,Methylibium sp. Pch-M,3102,6,2,27,9,3,13,22,8
Bacteria,Proteobacteria,Betaproteobacteria,Burkholderiales,o_Burkholderiales,Mitsuaria,Mitsuaria sp. 7,Mitsuaria sp. 7,3224,1,1,1,0,0,0,0,0
Bacteria,Proteobacteria,Betaproteobacteria,Burkholderiales,o_Burkholderiales,Paucibacter,Paucibacter sp. KCTC 42545,Paucibacter sp. KCTC 42545,3800,2,4,11,3,1,2,6,8
Bacteria,Proteobacteria,Betaproteobacteria,Burkholderiales,o_Burkholderiales,Rhizobacter,Rhizobacter gummiphilus,Rhizobacter gummiphilus,4292,2,2,2,3,9,5,2,7
Bacteria,Proteobacteria,Betaproteobacteria,Burkholderiales,o_Burkholderiales,Roseateles,Roseateles depolymerans,Roseateles depolymerans,4392,0,0,0,0,0,0,1,0
Bacteria,Proteobacteria,Betaproteobacteria,Burkholderiales,o_Burkholderiales,Rubrivivax,Rubrivivax gelatinosus,Rubrivivax gelatinosus,4420,0,1,1,3,0,1,3,0
Bacteria,Proteobacteria,Betaproteobacteria,Burkholderiales,o_Burkholderiales,Sphaerotilus,Sphaerotilus natans,Sphaerotilus natans,4610,0,1,1,0,1,0,0,0
Bacteria,Proteobacteria,Betaproteobacteria,Burkholderiales,o_Burkholderiales,Thiomonas,Thiomonas intermedia,Thiomonas intermedia,5179,2,0,0,1,0,0,0,0
Bacteria,Proteobacteria,Betaproteobacteria,Burkholderiales,o_Burkholderiales,Thiomonas,Thiomonas sp. X19,Thiomonas sp. X19,5180,1,2,0,1,0,1,0,0
Bacteria,Proteobacteria,Betaproteobacteria,Burkholderiales,o_Burkholderiales,Xylophilus,Xylophilus sp. KACC 21265,Xylophilus sp. KACC 21265,5373,1,0,0,0,0,1,0,0
Bacteria,Proteobacteria,Betaproteobacteria,Neisseriales,Chromobacteriaceae,Aquitalea,g_Aquitalea,g_Aquitalea,1946,3,0,0,0,0,0,0,0
Bacteria,Proteobacteria,Betaproteobacteria,Neisseriales,Chromobacteriaceae,Chromobacterium,g_Chromobacterium,g_Chromobacterium,1998,10,3,1,4,4,3,1,4
Bacteria,Proteobacteria,Betaproteobacteria,Neisseriales,Neisseriaceae,Eikenella,g_Eikenella,g_Eikenella,2035,1,0,0,0,0,0,0,0
Bacteria,Proteobacteria,Betaproteobacteria,Neisseriales,Neisseriaceae,Kingella,g_Kingella,g_Kingella,2080,0,1,0,0,0,0,0,0
Bacteria,Proteobacteria,Betaproteobacteria,Neisseriales,Neisseriaceae,Neisseria,g_Neisseria,g_Neisseria,2146,10,13,14,7,8,13,12,8
Bacteria,Proteobacteria,Betaproteobacteria,Neisseriales,Neisseriaceae,f_Neisseriaceae,Neisseriaceae bacterium DSM 100970,Neisseriaceae bacterium DSM 100970,3388,1,2,0,3,0,0,0,0
Bacteria,Proteobacteria,Betaproteobacteria,Nitrosomonadales,Methylophilaceae,Methylovorus,g_Methylovorus,g_Methylovorus,2130,1,4,0,10,9,4,7,5
Bacteria,Proteobacteria,Betaproteobacteria,Nitrosomonadales,Nitrosomonadaceae,Nitrosomonas,g_Nitrosomonas,g_Nitrosomonas,2149,0,3,1,4,0,0,0,1
Bacteria,Proteobacteria,Betaproteobacteria,Nitrosomonadales,Sterolibacteriaceae,f_Sterolibacteriaceae,Sterolibacteriaceae bacterium J5B,Sterolibacteriaceae bacterium J5B,4786,1,0,0,0,1,0,0,0
Bacteria,Proteobacteria,Betaproteobacteria,Nitrosomonadales,Sterolibacteriaceae,f_Sterolibacteriaceae,Sterolibacteriaceae bacterium M52,Sterolibacteriaceae bacterium M52,4787,6,0,1,0,7,3,0,3
Bacteria,Proteobacteria,Betaproteobacteria,Rhodocyclales,Rhodocyclaceae,Azospira,g_Azospira,g_Azospira,1951,0,4,1,0,0,0,0,0
Bacteria,Proteobacteria,Betaproteobacteria,Rhodocyclales,Zoogloeaceae,f_Zoogloeaceae,Zoogloeaceae bacteirum Par-f-2,Zoogloeaceae bacteirum Par-f-2,5396,0,0,0,0,1,1,1,1
Bacteria,Proteobacteria,Deltaproteobacteria,c_Deltaproteobacteria,Candidatus Desulfofervidaceae,Candidatus Desulfofervidus,Candidatus Desulfofervidus auxilii,Candidatus Desulfofervidus auxilii,878,6,1,2,2,0,0,1,0
Bacteria,Proteobacteria,Deltaproteobacteria,Desulfovibrionales,Desulfovibrionaceae,Desulfovibrio,g_Desulfovibrio,g_Desulfovibrio,2021,12,3,4,12,0,0,1,0
Bacteria,Proteobacteria,Deltaproteobacteria,Desulfovibrionales,Desulfovibrionaceae,Pseudodesulfovibrio,g_Pseudodesulfovibrio,g_Pseudodesulfovibrio,2183,0,0,1,1,4,2,2,6
Bacteria,Proteobacteria,Deltaproteobacteria,Desulfuromonadales,Geobacteraceae,Geobacter,g_Geobacter,g_Geobacter,2058,3,3,1,6,6,1,2,0
Bacteria,Proteobacteria,Deltaproteobacteria,Myxococcales,Anaeromyxobacteraceae,Anaeromyxobacter,g_Anaeromyxobacter,g_Anaeromyxobacter,1942,1,1,0,1,0,0,0,0
Bacteria,Proteobacteria,Deltaproteobacteria,Myxococcales,Myxococcaceae,Myxococcus,g_Myxococcus,g_Myxococcus,2145,1,0,1,0,0,0,0,0
Bacteria,Proteobacteria,Deltaproteobacteria,Myxococcales,o_Myxococcales,Minicystis,Minicystis rosea,Minicystis rosea,3221,1,8,5,4,10,7,11,5
Bacteria,Proteobacteria,Epsilonproteobacteria,Campylobacterales,Campylobacteraceae,Arcobacter,g_Arcobacter,g_Arcobacter,1947,4,4,10,1,0,1,7,2
Bacteria,Proteobacteria,Epsilonproteobacteria,Campylobacterales,Campylobacteraceae,Campylobacter,g_Campylobacter,g_Campylobacter,1983,32,28,11,15,0,3,4,4
Bacteria,Proteobacteria,Epsilonproteobacteria,Campylobacterales,Campylobacteraceae,Sulfurospirillum,g_Sulfurospirillum,g_Sulfurospirillum,2237,0,1,0,1,0,1,0,0
Bacteria,Proteobacteria,Epsilonproteobacteria,Campylobacterales,Campylobacteraceae,f_Campylobacteraceae,Arcobacter sp. LPB0137,Arcobacter sp. LPB0137,373,1,1,0,3,3,0,4,4
Bacteria,Proteobacteria,Epsilonproteobacteria,Campylobacterales,Helicobacteraceae,Helicobacter,g_Helicobacter,g_Helicobacter,2070,5,0,0,0,0,0,0,0
Bacteria,Proteobacteria,Epsilonproteobacteria,Campylobacterales,Helicobacteraceae,Sulfurimonas,g_Sulfurimonas,g_Sulfurimonas,2235,0,4,33,2,10,14,30,21
Bacteria,Proteobacteria,Epsilonproteobacteria,Campylobacterales,o_Campylobacterales,Nitratifractor,Nitratifractor salsuginis,Nitratifractor salsuginis,3411,6,7,0,4,0,0,0,0
Bacteria,Proteobacteria,Gammaproteobacteria,Aeromonadales,Aeromonadaceae,Aeromonas,g_Aeromonas,g_Aeromonas,1926,14,15,33,16,17,8,28,8
Bacteria,Proteobacteria,Gammaproteobacteria,Alteromonadales,Alteromonadaceae,Alteromonas,g_Alteromonas,g_Alteromonas,1938,11,7,0,3,1,0,0,0
Bacteria,Proteobacteria,Gammaproteobacteria,Alteromonadales,Alteromonadaceae,Marinobacter,g_Marinobacter,g_Marinobacter,2109,6,3,8,9,4,1,4,2
Bacteria,Proteobacteria,Gammaproteobacteria,Alteromonadales,Colwelliaceae,Colwellia,g_Colwellia,g_Colwellia,2003,2,0,0,1,0,0,0,0
Bacteria,Proteobacteria,Gammaproteobacteria,Alteromonadales,Idiomarinaceae,Idiomarina,g_Idiomarina,g_Idiomarina,2076,0,0,0,1,0,0,0,0
Bacteria,Proteobacteria,Gammaproteobacteria,Alteromonadales,Idiomarinaceae,f_Idiomarinaceae,Idiomarinaceae bacterium HL-53,Idiomarinaceae bacterium HL-53,2557,0,4,20,2,3,12,19,10
Bacteria,Proteobacteria,Gammaproteobacteria,Alteromonadales,Pseudoalteromonadaceae,Pseudoalteromonas,g_Pseudoalteromonas,g_Pseudoalteromonas,2182,13,7,7,9,1,5,3,1
Bacteria,Proteobacteria,Gammaproteobacteria,Alteromonadales,Shewanellaceae,Shewanella,g_Shewanella,g_Shewanella,2214,13,9,17,6,7,4,22,14
Bacteria,Proteobacteria,Gammaproteobacteria,Cellvibrionales,Halieaceae,f_Halieaceae,Halieaceae bacterium IMCC3088,Halieaceae bacterium IMCC3088,2395,1,1,0,0,0,0,0,0
Bacteria,Proteobacteria,Gammaproteobacteria,Cellvibrionales,Microbulbiferaceae,Microbulbifer,g_Microbulbifer,g_Microbulbifer,2132,0,0,0,1,0,0,0,0
Bacteria,Proteobacteria,Gammaproteobacteria,Chromatiales,Chromatiaceae,Nitrosococcus,g_Nitrosococcus,g_Nitrosococcus,2148,1,0,2,1,1,4,2,1
Bacteria,Proteobacteria,Gammaproteobacteria,Chromatiales,Chromatiaceae,f_Chromatiaceae,Chromatiaceae bacterium 2141T.STBD.0c.01a,Chromatiaceae bacterium 2141T.STBD.0c.01a,1086,0,2,2,1,0,0,2,0
Bacteria,Proteobacteria,Gammaproteobacteria,Chromatiales,Chromatiaceae,f_Chromatiaceae,Chromatiaceae bacterium No.7,Chromatiaceae bacterium No.7,1087,0,0,7,2,1,5,4,2
Bacteria,Proteobacteria,Gammaproteobacteria,Chromatiales,Ectothiorhodospiraceae,Ectothiorhodospira,g_Ectothiorhodospira,g_Ectothiorhodospira,2032,0,2,0,2,0,0,0,0
Bacteria,Proteobacteria,Gammaproteobacteria,Chromatiales,Ectothiorhodospiraceae,Thioalkalivibrio,g_Thioalkalivibrio,g_Thioalkalivibrio,2253,1,0,1,0,0,0,3,1
Bacteria,Proteobacteria,Gammaproteobacteria,Chromatiales,Ectothiorhodospiraceae,f_Ectothiorhodospiraceae,Ectothiorhodospiraceae bacterium 2226,Ectothiorhodospiraceae bacterium 2226,1525,4,1,0,0,3,2,0,1
Bacteria,Proteobacteria,Gammaproteobacteria,Chromatiales,Ectothiorhodospiraceae,f_Ectothiorhodospiraceae,Ectothiorhodospiraceae bacterium BW-2,Ectothiorhodospiraceae bacterium BW-2,1526,0,0,0,2,0,0,0,0
Bacteria,Proteobacteria,Gammaproteobacteria,Chromatiales,o_Chromatiales,Thiohalobacter,Thiohalobacter thiocyanaticus,Thiohalobacter thiocyanaticus,5168,3,0,1,1,0,0,0,0
Bacteria,Proteobacteria,Gammaproteobacteria,Enterobacterales,Enterobacteriaceae,Buttiauxella,g_Buttiauxella,g_Buttiauxella,1978,1,0,0,0,0,0,0,0
Bacteria,Proteobacteria,Gammaproteobacteria,Enterobacterales,Enterobacteriaceae,Citrobacter,g_Citrobacter,g_Citrobacter,2000,44,80,27,47,2,2,1,1
Bacteria,Proteobacteria,Gammaproteobacteria,Enterobacterales,Enterobacteriaceae,Cronobacter,g_Cronobacter,g_Cronobacter,2007,3,2,1,0,0,0,0,0
Bacteria,Proteobacteria,Gammaproteobacteria,Enterobacterales,Enterobacteriaceae,Enterobacter,g_Enterobacter,g_Enterobacter,2038,20,31,49,25,21,34,53,23
Bacteria,Proteobacteria,Gammaproteobacteria,Enterobacterales,Enterobacteriaceae,Escherichia,g_Escherichia,g_Escherichia,2044,691,1466,568,902,0,0,0,0
Bacteria,Proteobacteria,Gammaproteobacteria,Enterobacterales,Enterobacteriaceae,Klebsiella,g_Klebsiella,g_Klebsiella,2081,14324,3461,1342,4836,2,6,1,4
Bacteria,Proteobacteria,Gammaproteobacteria,Enterobacterales,Enterobacteriaceae,Kosakonia,g_Kosakonia,g_Kosakonia,2084,3,3,3,0,0,0,0,0
Bacteria,Proteobacteria,Gammaproteobacteria,Enterobacterales,Enterobacteriaceae,Leclercia,g_Leclercia,g_Leclercia,2093,4,4,3,4,0,0,1,1
Bacteria,Proteobacteria,Gammaproteobacteria,Enterobacterales,Enterobacteriaceae,Raoultella,g_Raoultella,g_Raoultella,2190,3,5,2,5,0,0,0,0
Bacteria,Proteobacteria,Gammaproteobacteria,Enterobacterales,Enterobacteriaceae,Salmonella,g_Salmonella,g_Salmonella,2208,8,0,3,3,10,4,2,8
Bacteria,Proteobacteria,Gammaproteobacteria,Enterobacterales,Enterobacteriaceae,Shigella,g_Shigella,g_Shigella,2215,10,22,7,10,0,0,0,0
Bacteria,Proteobacteria,Gammaproteobacteria,Enterobacterales,Enterobacteriaceae,f_Enterobacteriaceae,Enterobacteriaceae bacterium ENNIH1,Enterobacteriaceae bacterium ENNIH1,1587,3,1,0,0,0,0,0,0
Bacteria,Proteobacteria,Gammaproteobacteria,Enterobacterales,Enterobacteriaceae,f_Enterobacteriaceae,Enterobacteriaceae bacterium strain FGI 57,Enterobacteriaceae bacterium strain FGI 57,1588,3,3,0,1,0,0,0,0
Bacteria,Proteobacteria,Gammaproteobacteria,Enterobacterales,Enterobacteriaceae,f_Enterobacteriaceae,Enterobacteriaceae endosymbiont of Donacia cincticornis,Enterobacteriaceae endosymbiont of Donacia cincticornis,1589,0,1,0,0,0,0,0,0
Bacteria,Proteobacteria,Gammaproteobacteria,Enterobacterales,Enterobacteriaceae,f_Enterobacteriaceae,Enterobacteriaceae endosymbiont of Donacia crassipes,Enterobacteriaceae endosymbiont of Donacia crassipes,1590,0,1,0,1,0,0,0,0
Bacteria,Proteobacteria,Gammaproteobacteria,Enterobacterales,Enterobacteriaceae,f_Enterobacteriaceae,Enterobacteriaceae endosymbiont of Donacia piscatrix,Enterobacteriaceae endosymbiont of Donacia piscatrix,1591,1,1,0,0,0,0,0,0
Bacteria,Proteobacteria,Gammaproteobacteria,Enterobacterales,Enterobacteriaceae,f_Enterobacteriaceae,Enterobacteriaceae endosymbiont of Donacia provostii,Enterobacteriaceae endosymbiont of Donacia provostii,1592,2,0,1,0,0,0,0,0
Bacteria,Proteobacteria,Gammaproteobacteria,Enterobacterales,Enterobacteriaceae,f_Enterobacteriaceae,Enterobacteriaceae endosymbiont of Donacia proxima,Enterobacteriaceae endosymbiont of Donacia proxima,1593,0,0,0,1,0,0,0,0
Bacteria,Proteobacteria,Gammaproteobacteria,Enterobacterales,Enterobacteriaceae,f_Enterobacteriaceae,Enterobacteriaceae endosymbiont of Donacia semicuprea,Enterobacteriaceae endosymbiont of Donacia semicuprea,1594,1,0,0,1,0,0,0,0
Bacteria,Proteobacteria,Gammaproteobacteria,Enterobacterales,Enterobacteriaceae,f_Enterobacteriaceae,Enterobacteriaceae endosymbiont of Donacia thalassina,Enterobacteriaceae endosymbiont of Donacia thalassina,1595,2,2,0,0,0,0,0,0
Bacteria,Proteobacteria,Gammaproteobacteria,Enterobacterales,Enterobacteriaceae,f_Enterobacteriaceae,Enterobacteriaceae endosymbiont of Macroplea appendiculata,Enterobacteriaceae endosymbiont of Macroplea appendiculata,1596,0,3,0,0,0,0,0,0
Bacteria,Proteobacteria,Gammaproteobacteria,Enterobacterales,Enterobacteriaceae,f_Enterobacteriaceae,Enterobacteriaceae endosymbiont of Macroplea mutica,Enterobacteriaceae endosymbiont of Macroplea mutica,1597,1,0,0,0,0,0,0,0
Bacteria,Proteobacteria,Gammaproteobacteria,Enterobacterales,Enterobacteriaceae,f_Enterobacteriaceae,Enterobacteriaceae endosymbiont of Plateumaris braccata,Enterobacteriaceae endosymbiont of Plateumaris braccata,1598,2,1,0,0,0,0,0,0
Bacteria,Proteobacteria,Gammaproteobacteria,Enterobacterales,Enterobacteriaceae,f_Enterobacteriaceae,Enterobacteriaceae endosymbiont of Plateumaris rustica,Enterobacteriaceae endosymbiont of Plateumaris rustica,1599,0,3,0,0,0,0,0,0
Bacteria,Proteobacteria,Gammaproteobacteria,Enterobacterales,Enterobacteriaceae,f_Enterobacteriaceae,Enterobacteriaceae endosymbiont of Plateumaris sericea,Enterobacteriaceae endosymbiont of Plateumaris sericea,1600,1,0,0,0,0,0,0,0
Bacteria,Proteobacteria,Gammaproteobacteria,Enterobacterales,Enterobacteriaceae,f_Enterobacteriaceae,Plautia stali symbiont,Plautia stali symbiont,3953,4,0,22,1,5,4,17,8
Bacteria,Proteobacteria,Gammaproteobacteria,Enterobacterales,Enterobacteriaceae,f_Enterobacteriaceae,secondary endosymbiont of Ctenarytaina eucalypti,secondary endosymbiont of Ctenarytaina eucalypti,4500,0,2,1,1,0,0,0,1
Bacteria,Proteobacteria,Gammaproteobacteria,Enterobacterales,Enterobacteriaceae,f_Enterobacteriaceae,secondary endosymbiont of Heteropsylla cubana,secondary endosymbiont of Heteropsylla cubana,4501,2,0,0,0,0,0,0,0
Bacteria,Proteobacteria,Gammaproteobacteria,Enterobacterales,Enterobacteriaceae,f_Enterobacteriaceae,secondary endosymbiont of Trabutina mannipara,secondary endosymbiont of Trabutina mannipara,4502,1,0,0,0,0,0,0,0
Bacteria,Proteobacteria,Gammaproteobacteria,Enterobacterales,Erwiniaceae,Erwinia,g_Erwinia,g_Erwinia,2041,5,4,1,2,0,0,0,0
Bacteria,Proteobacteria,Gammaproteobacteria,Enterobacterales,Erwiniaceae,Pantoea,g_Pantoea,g_Pantoea,2160,3,4,3,4,0,0,0,0
Bacteria,Proteobacteria,Gammaproteobacteria,Enterobacterales,Erwiniaceae,f_Erwiniaceae,Erwiniaceae bacterium PD-1,Erwiniaceae bacterium PD-1,1631,3,1,0,3,0,0,0,0
Bacteria,Proteobacteria,Gammaproteobacteria,Enterobacterales,Hafniaceae,Edwardsiella,g_Edwardsiella,g_Edwardsiella,2033,10,2,3,2,4,0,0,1
Bacteria,Proteobacteria,Gammaproteobacteria,Enterobacterales,Hafniaceae,Hafnia,g_Hafnia,g_Hafnia,2065,2,1,3,0,7,6,1,8
Bacteria,Proteobacteria,Gammaproteobacteria,Enterobacterales,Morganellaceae,Arsenophonus,g_Arsenophonus,g_Arsenophonus,1948,2,0,0,1,0,0,0,0
Bacteria,Proteobacteria,Gammaproteobacteria,Enterobacterales,Morganellaceae,Proteus,g_Proteus,g_Proteus,2179,2,4,1,0,0,0,0,0
Bacteria,Proteobacteria,Gammaproteobacteria,Enterobacterales,Morganellaceae,Providencia,g_Providencia,g_Providencia,2180,5,8,10,7,1,2,6,2
Bacteria,Proteobacteria,Gammaproteobacteria,Enterobacterales,Morganellaceae,Xenorhabdus,g_Xenorhabdus,g_Xenorhabdus,2268,0,0,2,0,0,0,0,0
Bacteria,Proteobacteria,Gammaproteobacteria,Enterobacterales,Pectobacteriaceae,Brenneria,g_Brenneria,g_Brenneria,1972,4,5,6,2,3,1,0,0
Bacteria,Proteobacteria,Gammaproteobacteria,Enterobacterales,Pectobacteriaceae,Dickeya,g_Dickeya,g_Dickeya,2024,6,2,5,4,8,1,5,2
Bacteria,Proteobacteria,Gammaproteobacteria,Enterobacterales,Pectobacteriaceae,Pectobacterium,g_Pectobacterium,g_Pectobacterium,2166,6,6,8,5,0,0,1,0
Bacteria,Proteobacteria,Gammaproteobacteria,Enterobacterales,Pectobacteriaceae,Sodalis,g_Sodalis,g_Sodalis,2217,0,1,0,1,0,0,0,0
Bacteria,Proteobacteria,Gammaproteobacteria,Enterobacterales,Yersiniaceae,Rahnella,g_Rahnella,g_Rahnella,2188,5,0,1,2,0,0,0,0
Bacteria,Proteobacteria,Gammaproteobacteria,Enterobacterales,Yersiniaceae,Serratia,g_Serratia,g_Serratia,2213,23,17,5,7,0,0,0,0
Bacteria,Proteobacteria,Gammaproteobacteria,Enterobacterales,Yersiniaceae,Yersinia,g_Yersinia,g_Yersinia,2269,14,9,9,10,2,5,1,6
Bacteria,Proteobacteria,Gammaproteobacteria,Enterobacterales,o_Enterobacterales,Phytobacter,Phytobacter ursingii,Phytobacter ursingii,3880,1,0,0,1,1,3,2,3
Bacteria,Proteobacteria,Gammaproteobacteria,Enterobacterales,o_Enterobacterales,Plesiomonas,Plesiomonas shigelloides,Plesiomonas shigelloides,3954,1,2,0,2,0,0,0,0
Bacteria,Proteobacteria,Gammaproteobacteria,Legionellales,Legionellaceae,Legionella,g_Legionella,g_Legionella,2094,3,2,1,1,0,2,0,0
Bacteria,Proteobacteria,Gammaproteobacteria,Methylococcales,Methylococcaceae,Methylomicrobium,g_Methylomicrobium,g_Methylomicrobium,2127,1,3,1,0,0,0,0,0
Bacteria,Proteobacteria,Gammaproteobacteria,Methylococcales,Methylococcaceae,Methylomonas,g_Methylomonas,g_Methylomonas,2128,0,2,1,0,1,0,1,0
Bacteria,Proteobacteria,Gammaproteobacteria,Methylococcales,Methylothermaceae,f_Methylothermaceae,Methylomonas clara,Methylomonas clara,3130,0,1,0,1,0,0,0,0
Bacteria,Proteobacteria,Gammaproteobacteria,Oceanospirillales,Alcanivoracaceae,Alcanivorax,g_Alcanivorax,g_Alcanivorax,1932,2,0,1,0,0,0,0,0
Bacteria,Proteobacteria,Gammaproteobacteria,Oceanospirillales,Halomonadaceae,Cobetia,g_Cobetia,g_Cobetia,2002,1,0,0,0,0,0,0,0
Bacteria,Proteobacteria,Gammaproteobacteria,Oceanospirillales,Halomonadaceae,Halomonas,g_Halomonas,g_Halomonas,2067,13,12,7,9,9,13,15,6
Bacteria,Proteobacteria,Gammaproteobacteria,Oceanospirillales,Halomonadaceae,Kushneria,g_Kushneria,g_Kushneria,2086,0,0,0,1,1,0,0,0
Bacteria,Proteobacteria,Gammaproteobacteria,Pasteurellales,Pasteurellaceae,Actinobacillus,g_Actinobacillus,g_Actinobacillus,1919,5,1,1,4,0,0,0,0
Bacteria,Proteobacteria,Gammaproteobacteria,Pasteurellales,Pasteurellaceae,Aggregatibacter,g_Aggregatibacter,g_Aggregatibacter,1927,0,0,0,1,0,0,0,0
Bacteria,Proteobacteria,Gammaproteobacteria,Pasteurellales,Pasteurellaceae,Basfia,g_Basfia,g_Basfia,1957,1,0,0,2,0,0,0,0
Bacteria,Proteobacteria,Gammaproteobacteria,Pasteurellales,Pasteurellaceae,Haemophilus,g_Haemophilus,g_Haemophilus,2064,9,2,12,6,3,13,18,12
Bacteria,Proteobacteria,Gammaproteobacteria,Pasteurellales,Pasteurellaceae,Mannheimia,g_Mannheimia,g_Mannheimia,2106,4,0,0,2,0,2,0,1
Bacteria,Proteobacteria,Gammaproteobacteria,Pasteurellales,Pasteurellaceae,Pasteurella,g_Pasteurella,g_Pasteurella,2165,3,2,0,0,0,0,0,0
Bacteria,Proteobacteria,Gammaproteobacteria,Pasteurellales,Pasteurellaceae,f_Pasteurellaceae,Pasteurella aerogenes,Pasteurella aerogenes,3795,2,4,1,1,0,0,0,0
Bacteria,Proteobacteria,Gammaproteobacteria,Pasteurellales,Pasteurellaceae,f_Pasteurellaceae,Pasteurellaceae bacterium RH1A,Pasteurellaceae bacterium RH1A,3799,4,3,2,1,0,0,0,0
Bacteria,Proteobacteria,Gammaproteobacteria,Pseudomonadales,Moraxellaceae,Acinetobacter,g_Acinetobacter,g_Acinetobacter,1917,25,14,12,21,15,10,17,11
Bacteria,Proteobacteria,Gammaproteobacteria,Pseudomonadales,Moraxellaceae,Moraxella,g_Moraxella,g_Moraxella,2136,2,2,1,2,0,0,0,0
Bacteria,Proteobacteria,Gammaproteobacteria,Pseudomonadales,Moraxellaceae,Psychrobacter,g_Psychrobacter,g_Psychrobacter,2187,11,3,2,5,0,0,1,0
Bacteria,Proteobacteria,Gammaproteobacteria,Pseudomonadales,Moraxellaceae,f_Moraxellaceae,Moraxellaceae bacterium HYN0046,Moraxellaceae bacterium HYN0046,3241,2,0,0,0,0,0,0,0
Bacteria,Proteobacteria,Gammaproteobacteria,Pseudomonadales,Pseudomonadaceae,Azotobacter,g_Azotobacter,g_Azotobacter,1953,0,0,0,0,1,1,0,0
Bacteria,Proteobacteria,Gammaproteobacteria,Pseudomonadales,Pseudomonadaceae,Pseudomonas,g_Pseudomonas,g_Pseudomonas,2184,82,98,138,98,65,86,111,82
Bacteria,Proteobacteria,Gammaproteobacteria,Pseudomonadales,Pseudomonadaceae,f_Pseudomonadaceae,Pseudomonadaceae bacterium SI-3,Pseudomonadaceae bacterium SI-3,4084,0,0,0,0,0,0,1,0
Bacteria,Proteobacteria,Gammaproteobacteria,Thiotrichales,Francisellaceae,Allofrancisella,g_Allofrancisella,g_Allofrancisella,1936,1,0,0,1,0,0,0,0
Bacteria,Proteobacteria,Gammaproteobacteria,Thiotrichales,Francisellaceae,Francisella,g_Francisella,g_Francisella,2053,5,1,2,2,1,0,2,1
Bacteria,Proteobacteria,Gammaproteobacteria,Thiotrichales,Piscirickettsiaceae,Cycloclasticus,g_Cycloclasticus,g_Cycloclasticus,2013,2,0,2,2,0,0,0,0
Bacteria,Proteobacteria,Gammaproteobacteria,Vibrionales,Vibrionaceae,Vibrio,g_Vibrio,g_Vibrio,2262,21,18,61,20,11,21,43,20
Bacteria,Proteobacteria,Gammaproteobacteria,Xanthomonadales,Xanthomonadaceae,Luteimonas,g_Luteimonas,g_Luteimonas,2102,0,0,0,0,4,1,1,0
Bacteria,Proteobacteria,Gammaproteobacteria,Xanthomonadales,Xanthomonadaceae,Stenotrophomonas,g_Stenotrophomonas,g_Stenotrophomonas,2229,10,5,0,5,3,2,6,1
Bacteria,Proteobacteria,Gammaproteobacteria,Xanthomonadales,Xanthomonadaceae,Xanthomonas,g_Xanthomonas,g_Xanthomonas,2267,8,13,25,2,7,12,27,17
Bacteria,Spirochaetes,Spirochaetia,Brachyspirales,Brachyspiraceae,Brachyspira,g_Brachyspira,g_Brachyspira,1969,2,3,1,5,5,0,0,6
Bacteria,Spirochaetes,Spirochaetia,Leptospirales,Leptospiraceae,Leptospira,g_Leptospira,g_Leptospira,2097,4,1,0,3,0,0,0,0
Bacteria,Spirochaetes,Spirochaetia,Spirochaetales,Borreliaceae,Borrelia,g_Borrelia,g_Borrelia,1965,1,0,0,0,0,0,0,0
Bacteria,Spirochaetes,Spirochaetia,Spirochaetales,Borreliaceae,Borreliella,g_Borreliella,g_Borreliella,1966,3,3,1,1,0,0,0,0
Bacteria,Spirochaetes,Spirochaetia,Spirochaetales,Spirochaetaceae,Treponema,g_Treponema,g_Treponema,2256,2,6,2,5,19,17,2,12
Bacteria,Tenericutes,Mollicutes,Acholeplasmatales,Acholeplasmataceae,Candidatus Phytoplasma,g_Candidatus Phytoplasma,g_Candidatus Phytoplasma,1986,1,2,4,5,0,0,0,0
Bacteria,Thermotogae,Thermotogae,Petrotogales,Petrotogaceae,Marinitoga,g_Marinitoga,g_Marinitoga,2108,5,3,2,1,1,0,0,0
Bacteria,Thermotogae,Thermotogae,Thermotogales,Fervidobacteriaceae,Fervidobacterium,g_Fervidobacterium,g_Fervidobacterium,2047,2,5,0,0,1,5,8,12
Bacteria,Thermotogae,Thermotogae,Thermotogales,Fervidobacteriaceae,Thermosipho,g_Thermosipho,g_Thermosipho,2251,2,1,0,1,0,0,0,0
Bacteria,Thermotogae,Thermotogae,Thermotogales,Thermotogaceae,Pseudothermotoga,g_Pseudothermotoga,g_Pseudothermotoga,2186,2,3,1,1,0,0,0,0
Bacteria,Thermotogae,Thermotogae,Thermotogales,Thermotogaceae,Thermotoga,g_Thermotoga,g_Thermotoga,2252,2,13,37,8,10,15,37,14
Bacteria,Verrucomicrobia,Methylacidiphilae,Methylacidiphilales,Methylacidiphilaceae,Methylacidiphilum,g_Methylacidiphilum,g_Methylacidiphilum,2124,0,0,0,1,0,0,0,0
Bacteria,Verrucomicrobia,Opitutae,Opitutales,Opitutaceae,f_Opitutaceae,Opitutaceae bacterium TAV5,Opitutaceae bacterium TAV5,3595,4,1,3,3,6,2,3,8
Bacteria,Verrucomicrobia,Verrucomicrobiae,Verrucomicrobiales,Akkermansiaceae,Akkermansia,g_Akkermansia,g_Akkermansia,1930,2,4,1,4,0,0,0,0
Viruses,Uroviricota,Caudoviricetes,Caudovirales,Ackermannviridae,Taipeivirus,g_Taipeivirus,g_Taipeivirus,2239,0,1,0,0,0,0,0,0
Viruses,Uroviricota,Caudoviricetes,Caudovirales,Drexlerviridae,f_Drexlerviridae,Cronobacter virus Esp2949-1,Cronobacter virus Esp2949-1,1332,1,0,0,0,0,0,0,0
Viruses,Uroviricota,Caudoviricetes,Caudovirales,Herelleviridae,Sepunavirus,g_Sepunavirus,g_Sepunavirus,2212,0,1,0,0,0,0,0,0
Viruses,Uroviricota,Caudoviricetes,Caudovirales,Herelleviridae,f_Herelleviridae,Bacillus virus SIOphi,Bacillus virus SIOphi,521,0,1,0,1,0,0,0,0
Viruses,Uroviricota,Caudoviricetes,Caudovirales,Herelleviridae,f_Herelleviridae,Lactobacillus phage 521B,Lactobacillus phage 521B,2756,0,0,1,0,0,0,0,0
Viruses,Uroviricota,Caudoviricetes,Caudovirales,Myoviridae,Alcyoneusvirus,g_Alcyoneusvirus,g_Alcyoneusvirus,1933,2,0,0,1,0,0,0,0
Viruses,Uroviricota,Caudoviricetes,Caudovirales,Myoviridae,Firehammervirus,g_Firehammervirus,g_Firehammervirus,2049,0,1,0,0,0,0,0,0
Viruses,Uroviricota,Caudoviricetes,Caudovirales,Myoviridae,Tequatrovirus,g_Tequatrovirus,g_Tequatrovirus,2243,0,1,0,0,0,0,0,0
Viruses,Uroviricota,Caudoviricetes,Caudovirales,Myoviridae,f_Myoviridae,Aeromonas phage 4_L372XY,Aeromonas phage 4_L372XY,170,1,0,0,0,0,0,0,0
Viruses,Uroviricota,Caudoviricetes,Caudovirales,Myoviridae,f_Myoviridae,Aeromonas virus Aeh1,Aeromonas virus Aeh1,179,0,0,0,1,0,0,0,0
Viruses,Uroviricota,Caudoviricetes,Caudovirales,Myoviridae,f_Myoviridae,Bacillus virus G,Bacillus virus G,519,0,3,0,0,0,0,0,0
Viruses,Uroviricota,Caudoviricetes,Caudovirales,Myoviridae,f_Myoviridae,Edwardsiella virus pEt-SU,Edwardsiella virus pEt-SU,1532,0,0,3,0,0,0,0,0
Viruses,Uroviricota,Caudoviricetes,Caudovirales,Myoviridae,f_Myoviridae,Escherichia virus RB16,Escherichia virus RB16,1655,0,0,1,0,0,0,0,0
Viruses,Uroviricota,Caudoviricetes,Caudovirales,Myoviridae,f_Myoviridae,Escherichia virus RB43,Escherichia virus RB43,1656,0,0,1,0,0,0,0,0
Viruses,Uroviricota,Caudoviricetes,Caudovirales,Myoviridae,f_Myoviridae,Sphingomonas phage PAU,Sphingomonas phage PAU,4648,0,0,1,0,0,0,0,1
Viruses,Uroviricota,Caudoviricetes,Caudovirales,Myoviridae,f_Myoviridae,Streptococcus phage EJ-1,Streptococcus phage EJ-1,4827,0,1,0,0,0,0,0,0
Viruses,Uroviricota,Caudoviricetes,Caudovirales,Myoviridae,f_Myoviridae,Vibrio phage 11895-B1,Vibrio phage 11895-B1,5281,0,0,1,0,0,0,0,0
Viruses,Uroviricota,Caudoviricetes,Caudovirales,Podoviridae,f_Podoviridae,Arthrobacter phage Anjali,Arthrobacter phage Anjali,391,1,1,0,0,0,0,0,0
Viruses,Uroviricota,Caudoviricetes,Caudovirales,Podoviridae,f_Podoviridae,Bacteroides phage crAss001,Bacteroides phage crAss001,541,1,0,0,0,0,0,0,0
Viruses,Uroviricota,Caudoviricetes,Caudovirales,Siphoviridae,Austintatiousvirus,g_Austintatiousvirus,g_Austintatiousvirus,1950,0,3,0,1,2,4,0,0
Viruses,Uroviricota,Caudoviricetes,Caudovirales,Siphoviridae,Bongovirus,g_Bongovirus,g_Bongovirus,1963,0,1,0,0,0,0,0,0
Viruses,Uroviricota,Caudoviricetes,Caudovirales,Siphoviridae,Ceduovirus,g_Ceduovirus,g_Ceduovirus,1991,0,2,0,0,0,0,0,0
Viruses,Uroviricota,Caudoviricetes,Caudovirales,Siphoviridae,f_Siphoviridae,Bacteroides phage B40-8,Bacteroides phage B40-8,540,0,1,0,0,0,0,0,0
Viruses,Uroviricota,Caudoviricetes,Caudovirales,Siphoviridae,f_Siphoviridae,Cellulophaga phage phi10:1,Cellulophaga phage phi10:1,1036,0,0,0,0,0,1,0,0
Viruses,Uroviricota,Caudoviricetes,Caudovirales,Siphoviridae,f_Siphoviridae,Enterococcus phage EFRM31,Enterococcus phage EFRM31,1612,1,0,0,0,0,0,0,0
Viruses,Uroviricota,Caudoviricetes,Caudovirales,Siphoviridae,f_Siphoviridae,Lactobacillus phage LfeSau,Lactobacillus phage LfeSau,2757,0,0,1,0,0,0,0,0
Viruses,Uroviricota,Caudoviricetes,Caudovirales,Siphoviridae,f_Siphoviridae,Salmonella phage 64795_sal3,Salmonella phage 64795_sal3,4485,0,0,0,0,0,2,0,0
Viruses,Uroviricota,Caudoviricetes,Caudovirales,Siphoviridae,f_Siphoviridae,Synechococcus phage S-CBS3,Synechococcus phage S-CBS3,5036,1,0,0,0,0,0,0,0
Archaea,Crenarchaeota,Thermoprotei,Acidilobales,Acidilobaceae,Acidilobus,Acidilobus saccharovorans,Acidilobus saccharovorans,35,1,0,0,0,0,0,0,0
Archaea,Crenarchaeota,Thermoprotei,Acidilobales,Caldisphaeraceae,Caldisphaera,Caldisphaera lagunensis,Caldisphaera lagunensis,804,1,1,0,2,0,0,0,0
Archaea,Crenarchaeota,Thermoprotei,Desulfurococcales,Desulfurococcaceae,Aeropyrum,Aeropyrum camini,Aeropyrum camini,180,0,0,0,1,0,0,0,0
Archaea,Crenarchaeota,Thermoprotei,Desulfurococcales,Desulfurococcaceae,Staphylothermus,Staphylothermus hellenicus,Staphylothermus hellenicus,4764,0,1,0,0,0,0,0,0
Archaea,Crenarchaeota,Thermoprotei,Desulfurococcales,Desulfurococcaceae,Staphylothermus,Staphylothermus marinus,Staphylothermus marinus,4765,1,1,0,2,0,0,0,0
Archaea,Crenarchaeota,Thermoprotei,Fervidicoccales,Fervidicoccaceae,Fervidicoccus,Fervidicoccus fontis,Fervidicoccus fontis,1800,0,1,0,0,0,0,0,0
Archaea,Crenarchaeota,Thermoprotei,Sulfolobales,Sulfolobaceae,Acidianus,Acidianus ambivalens,Acidianus ambivalens,28,1,2,0,0,0,0,0,0
Archaea,Crenarchaeota,Thermoprotei,Sulfolobales,Sulfolobaceae,Acidianus,Acidianus brierleyi,Acidianus brierleyi,29,0,2,1,0,0,0,0,0
Archaea,Crenarchaeota,Thermoprotei,Sulfolobales,Sulfolobaceae,Acidianus,Acidianus hospitalis,Acidianus hospitalis,30,1,0,0,0,0,0,0,0
Archaea,Crenarchaeota,Thermoprotei,Sulfolobales,Sulfolobaceae,Acidianus,Acidianus manzaensis,Acidianus manzaensis,31,3,2,0,1,0,0,0,0
Archaea,Crenarchaeota,Thermoprotei,Sulfolobales,Sulfolobaceae,Metallosphaera,Metallosphaera tengchongensis,Metallosphaera tengchongensis,3037,0,0,0,1,0,0,0,0
Archaea,Crenarchaeota,Thermoprotei,Sulfolobales,Sulfolobaceae,Saccharolobus,Saccharolobus solfataricus,Saccharolobus solfataricus,4447,1,0,1,0,0,0,0,0
Archaea,Crenarchaeota,Thermoprotei,Sulfolobales,Sulfolobaceae,Stygiolobus,Stygiolobus azoricus,Stygiolobus azoricus,4988,1,1,2,0,0,0,0,0
Archaea,Crenarchaeota,Thermoprotei,Sulfolobales,Sulfolobaceae,Sulfodiicoccus,Sulfodiicoccus acidiphilus,Sulfodiicoccus acidiphilus,4999,1,1,0,0,0,0,0,0
Archaea,Crenarchaeota,Thermoprotei,Sulfolobales,Sulfolobaceae,Sulfolobus,Sulfolobus islandicus,Sulfolobus islandicus,5000,0,0,1,1,0,0,0,0
Archaea,Crenarchaeota,Thermoprotei,Sulfolobales,Sulfolobaceae,Sulfolobus,Sulfolobus sp. A20,Sulfolobus sp. A20,5002,3,0,0,3,0,0,0,0
Archaea,Crenarchaeota,Thermoprotei,Sulfolobales,Sulfolobaceae,Sulfolobus,Sulfolobus sp. E5-1-F,Sulfolobus sp. E5-1-F,5003,1,0,0,0,0,0,0,0
Archaea,Crenarchaeota,Thermoprotei,Sulfolobales,Sulfolobaceae,Sulfurisphaera,Sulfurisphaera tokodaii,Sulfurisphaera tokodaii,5020,0,3,1,0,0,0,0,0
Archaea,Crenarchaeota,Thermoprotei,Thermoproteales,Thermofilaceae,Thermofilum,Thermofilum adornatum,Thermofilum adornatum,5141,0,1,0,0,0,0,0,0
Archaea,Crenarchaeota,Thermoprotei,Thermoproteales,Thermofilaceae,Thermofilum,Thermofilum pendens,Thermofilum pendens,5142,0,0,0,1,0,0,0,0
Archaea,Crenarchaeota,Thermoprotei,Thermoproteales,Thermoproteaceae,Caldivirga,Caldivirga maquilingensis,Caldivirga maquilingensis,807,0,1,5,1,2,2,9,0
Archaea,Crenarchaeota,Thermoprotei,Thermoproteales,Thermoproteaceae,Pyrobaculum,Pyrobaculum ferrireducens,Pyrobaculum ferrireducens,4261,1,0,0,0,0,0,1,0
Archaea,Euryarchaeota,Archaeoglobi,Archaeoglobales,Archaeoglobaceae,Archaeoglobus,Archaeoglobus profundus,Archaeoglobus profundus,350,0,0,0,1,0,0,0,0
Archaea,Euryarchaeota,Archaeoglobi,Archaeoglobales,Archaeoglobaceae,Archaeoglobus,Archaeoglobus sulfaticallidus,Archaeoglobus sulfaticallidus,351,2,1,1,0,0,3,3,2
Archaea,Euryarchaeota,Archaeoglobi,Archaeoglobales,Archaeoglobaceae,Archaeoglobus,Archaeoglobus veneficus,Archaeoglobus veneficus,352,1,0,0,0,0,0,0,0
Archaea,Euryarchaeota,Archaeoglobi,Archaeoglobales,Archaeoglobaceae,Ferroglobus,Ferroglobus placidus,Ferroglobus placidus,1798,0,1,0,0,0,0,0,0
Archaea,Euryarchaeota,Archaeoglobi,Archaeoglobales,Archaeoglobaceae,Geoglobus,Geoglobus acetivorans,Geoglobus acetivorans,2314,1,2,1,2,0,0,0,0
Archaea,Euryarchaeota,Halobacteria,Halobacteriales,Haloarculaceae,Halapricum,Halapricum salinum,Halapricum salinum,2390,0,1,0,1,0,0,0,0
Archaea,Euryarchaeota,Halobacteria,Halobacteriales,Haloarculaceae,Haloarcula,Haloarcula marismortui,Haloarcula marismortui,2401,0,1,0,1,3,0,0,1
Archaea,Euryarchaeota,Halobacteria,Halobacteriales,Haloarculaceae,Haloarcula,Haloarcula sp. JP-L23,Haloarcula sp. JP-L23,2402,0,3,0,1,1,3,3,2
Archaea,Euryarchaeota,Halobacteria,Halobacteriales,Haloarculaceae,Halomicrobium,Halomicrobium mukohataei,Halomicrobium mukohataei,2419,0,1,0,1,0,0,0,0
Archaea,Euryarchaeota,Halobacteria,Halobacteriales,Haloarculaceae,Halomicrobium,Halomicrobium sp. LC1Hm,Halomicrobium sp. LC1Hm,2420,0,0,0,2,0,0,0,0
Archaea,Euryarchaeota,Halobacteria,Halobacteriales,Haloarculaceae,Halorhabdus,Halorhabdus tiamatea,Halorhabdus tiamatea,2450,1,0,0,0,0,0,0,0
Archaea,Euryarchaeota,Halobacteria,Halobacteriales,Haloarculaceae,Halosimplex,Halosimplex pelagicum,Halosimplex pelagicum,2454,1,0,1,1,2,2,1,0
Archaea,Euryarchaeota,Halobacteria,Halobacteriales,Haloarculaceae,Halosimplex,Halosimplex rubrum,Halosimplex rubrum,2455,1,0,0,0,0,0,0,0
Archaea,Euryarchaeota,Halobacteria,Halobacteriales,Haloarculaceae,Natronomonas,Natronomonas sp. YPL13,Natronomonas sp. YPL13,3360,1,0,0,0,2,0,0,1
Archaea,Euryarchaeota,Halobacteria,Halobacteriales,Halobacteriaceae,Halalkalicoccus,Halalkalicoccus jeotgali,Halalkalicoccus jeotgali,2387,0,0,3,2,0,0,0,0
Archaea,Euryarchaeota,Halobacteria,Halobacteriales,Halobacteriaceae,Halarchaeum,Halarchaeum sp. CBA1220,Halarchaeum sp. CBA1220,2391,0,0,0,0,1,0,0,0
Archaea,Euryarchaeota,Halobacteria,Halobacteriales,Halobacteriaceae,Halobacterium,Halobacterium sp. DL1,Halobacterium sp. DL1,2408,0,0,1,1,0,0,0,0
Archaea,Euryarchaeota,Halobacteria,Halobacteriales,Halobacteriaceae,Halodesulfurarchaeum,Halodesulfurarchaeum formicicum,Halodesulfurarchaeum formicicum,2414,0,1,0,0,1,0,1,0
Archaea,Euryarchaeota,Halobacteria,Halobacteriales,Halobacteriaceae,Halorussus,Halorussus sp. ZS-3,Halorussus sp. ZS-3,2453,2,1,0,0,0,0,0,0
Archaea,Euryarchaeota,Halobacteria,Haloferacales,Haloferacaceae,Halobellus,Halobellus limi,Halobellus limi,2410,0,1,0,0,0,0,0,0
Archaea,Euryarchaeota,Halobacteria,Haloferacales,Haloferacaceae,Haloferax,Haloferax mediterranei,Haloferax mediterranei,2415,0,1,0,0,0,0,0,0
Archaea,Euryarchaeota,Halobacteria,Haloferacales,Haloferacaceae,Haloferax,Haloferax volcanii,Haloferax volcanii,2416,0,1,37,8,7,21,46,21
Archaea,Euryarchaeota,Halobacteria,Haloferacales,Haloferacaceae,Halogeometricum,Halogeometricum borinquense,Halogeometricum borinquense,2417,0,1,0,0,0,0,0,0
Archaea,Euryarchaeota,Halobacteria,Haloferacales,Haloferacaceae,Haloprofundus,Haloprofundus sp. MHR1,Haloprofundus sp. MHR1,2448,0,0,0,1,0,0,0,0
Archaea,Euryarchaeota,Halobacteria,Haloferacales,Haloferacaceae,Haloquadratum,Haloquadratum walsbyi,Haloquadratum walsbyi,2449,2,2,1,0,0,0,0,0
Archaea,Euryarchaeota,Halobacteria,Haloferacales,Halorubraceae,Candidatus Halobonum,Halobonum sp. Gai3-2,Halobonum sp. Gai3-2,2411,0,0,0,1,2,0,0,0
Archaea,Euryarchaeota,Halobacteria,Haloferacales,Halorubraceae,Halolamina,Halolamina sp. CBA1230,Halolamina sp. CBA1230,2418,1,0,0,0,0,0,0,0
Archaea,Euryarchaeota,Halobacteria,Haloferacales,Halorubraceae,Halopenitus,Halopenitus persicus,Halopenitus persicus,2446,0,1,0,0,0,0,0,0
Archaea,Euryarchaeota,Halobacteria,Haloferacales,Halorubraceae,Halorubrum,Halorubrum trapanicum,Halorubrum trapanicum,2452,1,0,0,0,0,0,0,0
Archaea,Euryarchaeota,Halobacteria,Natrialbales,Natrialbaceae,Halopiger,Halopiger xanaduensis,Halopiger xanaduensis,2447,1,1,2,3,9,0,1,0
Archaea,Euryarchaeota,Halobacteria,Natrialbales,Natrialbaceae,Halostagnicola,Halostagnicola larsenii,Halostagnicola larsenii,2456,0,1,1,3,0,0,0,0
Archaea,Euryarchaeota,Halobacteria,Natrialbales,Natrialbaceae,Haloterrigena,Haloterrigena turkmenica,Haloterrigena turkmenica,2458,1,0,0,1,5,4,2,0
Archaea,Euryarchaeota,Halobacteria,Natrialbales,Natrialbaceae,Halovivax,Halovivax ruber,Halovivax ruber,2462,0,0,0,0,1,0,0,0
Archaea,Euryarchaeota,Halobacteria,Natrialbales,Natrialbaceae,Natrialba,Natrialba magadii,Natrialba magadii,3354,0,0,1,0,0,2,1,0
Archaea,Euryarchaeota,Halobacteria,Natrialbales,Natrialbaceae,Natrinema,Natrinema sp. YPL30,Natrinema sp. YPL30,3356,0,0,0,0,0,3,0,0
Archaea,Euryarchaeota,Halobacteria,Natrialbales,Natrialbaceae,Natrinema,Natrinema versiforme,Natrinema versiforme,3357,1,0,0,0,1,0,0,0
Archaea,Euryarchaeota,Halobacteria,Natrialbales,Natrialbaceae,Natronobacterium,Natronobacterium gregoryi,Natronobacterium gregoryi,3358,0,1,0,0,0,0,0,0
Archaea,Euryarchaeota,Halobacteria,Natrialbales,Natrialbaceae,Natronolimnobius,Natronolimnobius sulfurireducens,Natronolimnobius sulfurireducens,3359,1,0,0,0,0,0,0,0
Archaea,Euryarchaeota,Halobacteria,Natrialbales,Natrialbaceae,Natronorubrum,Natronorubrum aibiense,Natronorubrum aibiense,3361,0,2,0,1,0,0,0,0
Archaea,Euryarchaeota,Halobacteria,Natrialbales,Natrialbaceae,Salinarchaeum,Salinarchaeum sp. Harcht-Bsk1,Salinarchaeum sp. Harcht-Bsk1,4466,3,0,1,0,0,0,0,0
Archaea,Euryarchaeota,Methanobacteria,Methanobacteriales,Methanobacteriaceae,Methanobacterium,Methanobacterium congolense,Methanobacterium congolense,3038,0,1,1,0,0,0,0,0
Archaea,Euryarchaeota,Methanobacteria,Methanobacteriales,Methanobacteriaceae,Methanobacterium,Methanobacterium lacus,Methanobacterium lacus,3039,2,1,2,1,0,1,1,0
Archaea,Euryarchaeota,Methanobacteria,Methanobacteriales,Methanobacteriaceae,Methanobacterium,Methanobacterium paludis,Methanobacterium paludis,3040,3,5,0,0,0,0,0,0
Archaea,Euryarchaeota,Methanobacteria,Methanobacteriales,Methanobacteriaceae,Methanobacterium,Methanobacterium sp. MB1,Methanobacterium sp. MB1,3041,0,1,0,0,0,0,0,0
Archaea,Euryarchaeota,Methanobacteria,Methanobacteriales,Methanobacteriaceae,Methanobacterium,Methanobacterium sp. MZ-A1,Methanobacterium sp. MZ-A1,3042,0,1,0,0,0,0,0,0
Archaea,Euryarchaeota,Methanobacteria,Methanobacteriales,Methanobacteriaceae,Methanobacterium,Methanobacterium subterraneum,Methanobacterium subterraneum,3043,0,0,6,0,0,0,0,1
Archaea,Euryarchaeota,Methanobacteria,Methanobacteriales,Methanobacteriaceae,Methanobrevibacter,Methanobrevibacter millerae,Methanobrevibacter millerae,3044,1,3,1,0,1,0,0,0
Archaea,Euryarchaeota,Methanobacteria,Methanobacteriales,Methanobacteriaceae,Methanobrevibacter,Methanobrevibacter olleyae,Methanobrevibacter olleyae,3045,1,3,1,1,0,0,0,0
Archaea,Euryarchaeota,Methanobacteria,Methanobacteriales,Methanobacteriaceae,Methanobrevibacter,Methanobrevibacter ruminantium,Methanobrevibacter ruminantium,3046,1,2,1,3,0,1,0,2
Archaea,Euryarchaeota,Methanobacteria,Methanobacteriales,Methanobacteriaceae,Methanobrevibacter,Methanobrevibacter smithii,Methanobrevibacter smithii,3047,5221,6885,2632,4227,0,0,0,2
Archaea,Euryarchaeota,Methanobacteria,Methanobacteriales,Methanobacteriaceae,Methanobrevibacter,Methanobrevibacter sp. AbM4,Methanobrevibacter sp. AbM4,3048,1,0,0,4,0,0,0,0
Archaea,Euryarchaeota,Methanobacteria,Methanobacteriales,Methanobacteriaceae,Methanobrevibacter,Methanobrevibacter sp. YE315,Methanobrevibacter sp. YE315,3049,4,1,2,4,0,0,1,0
Archaea,Euryarchaeota,Methanobacteria,Methanobacteriales,Methanobacteriaceae,Methanosphaera,Methanosphaera sp. BMS,Methanosphaera sp. BMS,3092,1,0,0,0,3,1,0,1
Archaea,Euryarchaeota,Methanobacteria,Methanobacteriales,Methanobacteriaceae,Methanosphaera,Methanosphaera stadtmanae,Methanosphaera stadtmanae,3093,2,1,1,1,0,1,0,0
Archaea,Euryarchaeota,Methanococci,Methanococcales,Methanocaldococcaceae,Methanocaldococcus,Methanocaldococcus fervens,Methanocaldococcus fervens,3050,0,1,0,1,0,0,0,0
Archaea,Euryarchaeota,Methanococci,Methanococcales,Methanocaldococcaceae,Methanocaldococcus,Methanocaldococcus jannaschii,Methanocaldococcus jannaschii,3051,1,0,0,0,0,0,0,0
Archaea,Euryarchaeota,Methanococci,Methanococcales,Methanocaldococcaceae,Methanocaldococcus,Methanocaldococcus sp. FS406-22,Methanocaldococcus sp. FS406-22,3052,3,2,1,1,0,0,0,0
Archaea,Euryarchaeota,Methanococci,Methanococcales,Methanocaldococcaceae,Methanocaldococcus,Methanocaldococcus vulcanius,Methanocaldococcus vulcanius,3053,1,0,0,0,0,1,0,0
Archaea,Euryarchaeota,Methanococci,Methanococcales,Methanocaldococcaceae,Methanotorris,Methanotorris igneus,Methanotorris igneus,3098,1,0,0,0,0,0,0,0
Archaea,Euryarchaeota,Methanococci,Methanococcales,Methanococcaceae,Methanococcus,Methanococcus aeolicus,Methanococcus aeolicus,3059,1,2,0,1,0,0,0,0
Archaea,Euryarchaeota,Methanococci,Methanococcales,Methanococcaceae,Methanococcus,Methanococcus maripaludis,Methanococcus maripaludis,3060,1,2,2,4,1,0,0,1
Archaea,Euryarchaeota,Methanococci,Methanococcales,Methanococcaceae,Methanococcus,Methanococcus vannielii,Methanococcus vannielii,3061,0,3,1,0,4,0,3,3
Archaea,Euryarchaeota,Methanococci,Methanococcales,Methanococcaceae,Methanococcus,Methanococcus voltae,Methanococcus voltae,3062,0,0,3,1,0,5,2,0
Archaea,Euryarchaeota,Methanococci,Methanococcales,Methanococcaceae,Methanothermococcus,Methanothermococcus okinawensis,Methanothermococcus okinawensis,3096,2,0,0,0,0,0,0,0
Archaea,Euryarchaeota,Methanomicrobia,Methanocellales,Methanocellaceae,Methanocella,Methanocella arvoryzae,Methanocella arvoryzae,3054,1,1,0,1,0,0,0,0
Archaea,Euryarchaeota,Methanomicrobia,Methanocellales,Methanocellaceae,Methanocella,Methanocella conradii,Methanocella conradii,3055,1,0,1,0,0,0,0,0
Archaea,Euryarchaeota,Methanomicrobia,Methanocellales,Methanocellaceae,Methanocella,Methanocella paludicola,Methanocella paludicola,3056,0,2,0,0,0,0,0,0
Archaea,Euryarchaeota,Methanomicrobia,Methanomicrobiales,Methanocorpusculaceae,Methanocorpusculum,Methanocorpusculum labreanum,Methanocorpusculum labreanum,3063,1,8,20,8,5,16,25,19
Archaea,Euryarchaeota,Methanomicrobia,Methanomicrobiales,Methanomicrobiaceae,Methanoculleus,Methanoculleus bourgensis,Methanoculleus bourgensis,3064,2,0,0,0,1,2,1,2
Archaea,Euryarchaeota,Methanomicrobia,Methanomicrobiales,Methanomicrobiaceae,Methanoculleus,Methanoculleus marisnigri,Methanoculleus marisnigri,3065,2,6,1,4,1,0,0,1
Archaea,Euryarchaeota,Methanomicrobia,Methanomicrobiales,Methanomicrobiaceae,Methanofollis,Methanofollis liminatans,Methanofollis liminatans,3067,1,0,0,0,0,0,0,0
Archaea,Euryarchaeota,Methanomicrobia,Methanomicrobiales,Methanomicrobiaceae,Methanolacinia,Methanolacinia petrolearia,Methanolacinia petrolearia,3073,1,9,20,10,4,21,36,7
Archaea,Euryarchaeota,Methanomicrobia,Methanomicrobiales,Methanomicrobiaceae,Methanoplanus,Methanoplanus limicola,Methanoplanus limicola,3077,0,4,21,8,3,16,30,16
Archaea,Euryarchaeota,Methanomicrobia,Methanomicrobiales,Methanoregulaceae,Methanoregula,Methanoregula boonei,Methanoregula boonei,3078,1,3,30,1,3,9,30,15
Archaea,Euryarchaeota,Methanomicrobia,Methanomicrobiales,Methanoregulaceae,Methanosphaerula,Methanosphaerula palustris,Methanosphaerula palustris,3094,0,2,0,1,0,0,0,0
Archaea,Euryarchaeota,Methanomicrobia,Methanomicrobiales,Methanospirillaceae,Methanospirillum,Methanospirillum hungatei,Methanospirillum hungatei,3095,1,1,1,0,0,0,0,0
Archaea,Euryarchaeota,Methanomicrobia,Methanosarcinales,Methanosarcinaceae,Methanococcoides,Methanococcoides burtonii,Methanococcoides burtonii,3057,4,2,1,2,0,1,0,0
Archaea,Euryarchaeota,Methanomicrobia,Methanosarcinales,Methanosarcinaceae,Methanococcoides,Methanococcoides methylutens,Methanococcoides methylutens,3058,0,1,1,1,8,6,0,1
Archaea,Euryarchaeota,Methanomicrobia,Methanosarcinales,Methanosarcinaceae,Methanohalobium,Methanohalobium evestigatum,Methanohalobium evestigatum,3069,0,1,0,0,0,0,0,0
Archaea,Euryarchaeota,Methanomicrobia,Methanosarcinales,Methanosarcinaceae,Methanohalophilus,Methanohalophilus halophilus,Methanohalophilus halophilus,3070,1,3,0,3,0,0,0,0
Archaea,Euryarchaeota,Methanomicrobia,Methanosarcinales,Methanosarcinaceae,Methanohalophilus,Methanohalophilus mahii,Methanohalophilus mahii,3071,1,0,0,0,0,0,1,1
Archaea,Euryarchaeota,Methanomicrobia,Methanosarcinales,Methanosarcinaceae,Methanohalophilus,Methanohalophilus portucalensis,Methanohalophilus portucalensis,3072,4,1,0,0,0,0,0,0
Archaea,Euryarchaeota,Methanomicrobia,Methanosarcinales,Methanosarcinaceae,Methanolobus,Methanolobus zinderi,Methanolobus zinderi,3074,1,1,1,0,0,0,0,0
Archaea,Euryarchaeota,Methanomicrobia,Methanosarcinales,Methanosarcinaceae,Methanomethylovorans,Methanomethylovorans hollandica,Methanomethylovorans hollandica,3076,2,2,3,0,0,1,1,2
Archaea,Euryarchaeota,Methanomicrobia,Methanosarcinales,Methanosarcinaceae,Methanosalsum,Methanosalsum zhilinae,Methanosalsum zhilinae,3079,1,1,2,1,4,5,6,2
Archaea,Euryarchaeota,Methanomicrobia,Methanosarcinales,Methanosarcinaceae,Methanosarcina,Methanosarcina acetivorans,Methanosarcina acetivorans,3080,2,1,0,1,0,0,0,0
Archaea,Euryarchaeota,Methanomicrobia,Methanosarcinales,Methanosarcinaceae,Methanosarcina,Methanosarcina barkeri,Methanosarcina barkeri,3081,4,2,3,2,0,0,0,0
Archaea,Euryarchaeota,Methanomicrobia,Methanosarcinales,Methanosarcinaceae,Methanosarcina,Methanosarcina flavescens,Methanosarcina flavescens,3082,0,1,1,1,0,0,0,0
Archaea,Euryarchaeota,Methanomicrobia,Methanosarcinales,Methanosarcinaceae,Methanosarcina,Methanosarcina horonobensis,Methanosarcina horonobensis,3083,3,1,1,1,0,0,0,0
Archaea,Euryarchaeota,Methanomicrobia,Methanosarcinales,Methanosarcinaceae,Methanosarcina,Methanosarcina lacustris,Methanosarcina lacustris,3084,2,1,4,2,0,0,0,0
Archaea,Euryarchaeota,Methanomicrobia,Methanosarcinales,Methanosarcinaceae,Methanosarcina,Methanosarcina mazei,Methanosarcina mazei,3085,0,0,2,1,0,0,1,0
Archaea,Euryarchaeota,Methanomicrobia,Methanosarcinales,Methanosarcinaceae,Methanosarcina,Methanosarcina siciliae,Methanosarcina siciliae,3086,1,3,2,1,0,0,0,2
Archaea,Euryarchaeota,Methanomicrobia,Methanosarcinales,Methanosarcinaceae,Methanosarcina,Methanosarcina sp. Kolksee,Methanosarcina sp. Kolksee,3087,4,2,0,1,0,0,0,0
Archaea,Euryarchaeota,Methanomicrobia,Methanosarcinales,Methanosarcinaceae,Methanosarcina,Methanosarcina sp. MTP4,Methanosarcina sp. MTP4,3088,1,3,2,1,1,1,1,0
Archaea,Euryarchaeota,Methanomicrobia,Methanosarcinales,Methanosarcinaceae,Methanosarcina,Methanosarcina sp. WH1,Methanosarcina sp. WH1,3089,0,2,0,0,0,0,0,0
Archaea,Euryarchaeota,Methanomicrobia,Methanosarcinales,Methanosarcinaceae,Methanosarcina,Methanosarcina thermophila,Methanosarcina thermophila,3090,2,0,0,2,0,0,0,0
Archaea,Euryarchaeota,Methanomicrobia,Methanosarcinales,Methanosarcinaceae,Methanosarcina,Methanosarcina vacuolata,Methanosarcina vacuolata,3091,1,1,0,2,0,0,0,0
Archaea,Euryarchaeota,Methanomicrobia,Methanosarcinales,Methanotrichaceae,Methanothrix,Methanothrix soehngenii,Methanothrix soehngenii,3097,0,2,0,4,0,0,0,0
Archaea,Euryarchaeota,Thermococci,Thermococcales,Thermococcaceae,Palaeococcus,Palaeococcus pacificus,Palaeococcus pacificus,3697,1,0,0,0,0,0,0,0
Archaea,Euryarchaeota,Thermococci,Thermococcales,Thermococcaceae,Pyrococcus,Pyrococcus abyssi,Pyrococcus abyssi,4262,0,0,0,1,0,0,1,1
Archaea,Euryarchaeota,Thermococci,Thermococcales,Thermococcaceae,Pyrococcus,Pyrococcus horikoshii,Pyrococcus horikoshii,4263,0,0,0,1,0,0,0,0
Archaea,Euryarchaeota,Thermococci,Thermococcales,Thermococcaceae,Pyrococcus,Pyrococcus sp. NA2,Pyrococcus sp. NA2,4264,0,0,2,1,0,0,0,0
Archaea,Euryarchaeota,Thermococci,Thermococcales,Thermococcaceae,Pyrococcus,Pyrococcus yayanosii,Pyrococcus yayanosii,4265,0,1,0,0,0,0,0,0
Archaea,Euryarchaeota,Thermococci,Thermococcales,Thermococcaceae,Thermococcus,Thermococcus barophilus,Thermococcus barophilus,5120,2,1,1,6,3,3,2,4
Archaea,Euryarchaeota,Thermococci,Thermococcales,Thermococcaceae,Thermococcus,Thermococcus celer,Thermococcus celer,5121,0,0,1,0,0,0,0,0
Archaea,Euryarchaeota,Thermococci,Thermococcales,Thermococcaceae,Thermococcus,Thermococcus eurythermalis,Thermococcus eurythermalis,5122,0,0,0,1,5,0,0,1
Archaea,Euryarchaeota,Thermococci,Thermococcales,Thermococcaceae,Thermococcus,Thermococcus gammatolerans,Thermococcus gammatolerans,5123,0,0,2,2,0,3,3,1
Archaea,Euryarchaeota,Thermococci,Thermococcales,Thermococcaceae,Thermococcus,Thermococcus gorgonarius,Thermococcus gorgonarius,5124,0,2,0,0,0,0,1,1
Archaea,Euryarchaeota,Thermococci,Thermococcales,Thermococcaceae,Thermococcus,Thermococcus pacificus,Thermococcus pacificus,5125,2,0,0,0,0,0,0,0
Archaea,Euryarchaeota,Thermococci,Thermococcales,Thermococcaceae,Thermococcus,Thermococcus paralvinellae,Thermococcus paralvinellae,5126,1,0,0,2,0,0,0,0
Archaea,Euryarchaeota,Thermococci,Thermococcales,Thermococcaceae,Thermococcus,Thermococcus peptonophilus,Thermococcus peptonophilus,5127,1,0,0,0,0,0,0,0
Archaea,Euryarchaeota,Thermococci,Thermococcales,Thermococcaceae,Thermococcus,Thermococcus piezophilus,Thermococcus piezophilus,5128,0,1,0,0,0,0,0,0
Archaea,Euryarchaeota,Thermococci,Thermococcales,Thermococcaceae,Thermococcus,Thermococcus siculi,Thermococcus siculi,5129,0,0,0,1,0,0,0,0
Archaea,Euryarchaeota,Thermococci,Thermococcales,Thermococcaceae,Thermococcus,Thermococcus sp. 2319x1,Thermococcus sp. 2319x1,5130,0,0,1,1,0,0,0,0
Archaea,Euryarchaeota,Thermococci,Thermococcales,Thermococcaceae,Thermococcus,Thermococcus sp. 5-4,Thermococcus sp. 5-4,5131,1,0,0,4,1,4,1,0
Archaea,Euryarchaeota,Thermococci,Thermococcales,Thermococcaceae,Thermococcus,Thermococcus thioreducens,Thermococcus thioreducens,5132,2,0,0,0,0,0,0,0
Archaea,Euryarchaeota,Thermoplasmata,Methanomassiliicoccales,Candidatus Methanomethylophilaceae,Candidatus Methanomethylophilus,Candidatus Methanomethylophilus alvus,Candidatus Methanomethylophilus alvus,907,1,0,0,0,0,0,0,0
Archaea,Euryarchaeota,Thermoplasmata,Methanomassiliicoccales,Methanomassiliicoccaceae,Methanomassiliicoccus,Candidatus Methanomassiliicoccus intestinalis,Candidatus Methanomassiliicoccus intestinalis,906,0,3,3,1,0,0,0,0
Archaea,Euryarchaeota,Thermoplasmata,Thermoplasmatales,Picrophilaceae,Picrophilus,Picrophilus torridus,Picrophilus torridus,3883,0,0,0,1,0,0,0,0
Archaea,Euryarchaeota,Thermoplasmata,Thermoplasmatales,Thermoplasmataceae,Thermoplasma,Thermoplasma volcanium,Thermoplasma volcanium,5148,1,0,0,1,0,0,0,0
Archaea,Thaumarchaeota,Nitrososphaeria,Nitrososphaerales,Nitrososphaeraceae,Candidatus Nitrosocosmicus,Candidatus Nitrosocosmicus franklandus,Candidatus Nitrosocosmicus franklandus,919,1,1,0,0,0,0,0,0
Archaea,Thaumarchaeota,Nitrososphaeria,Nitrososphaerales,Nitrososphaeraceae,Nitrososphaera,Candidatus Nitrososphaera evergladensis,Candidatus Nitrososphaera evergladensis,926,0,1,2,0,0,0,0,0
Bacteria,Acidobacteria,Acidobacteriia,Acidobacteriales,Acidobacteriaceae,Acidisarcina,Acidisarcina polymorpha,Acidisarcina polymorpha,39,2,4,2,2,1,3,0,3
Bacteria,Acidobacteria,Acidobacteriia,Acidobacteriales,Acidobacteriaceae,Acidobacterium,Acidobacterium capsulatum,Acidobacterium capsulatum,44,5,5,2,4,1,1,2,1
Bacteria,Acidobacteria,Acidobacteriia,Acidobacteriales,Acidobacteriaceae,Candidatus Koribacter,Candidatus Koribacter versatilis,Candidatus Koribacter versatilis,901,0,1,0,2,2,1,0,1
Bacteria,Acidobacteria,Acidobacteriia,Acidobacteriales,Acidobacteriaceae,Edaphobacter,Edaphobacter sp. 12200R-103,Edaphobacter sp. 12200R-103,1527,1,1,0,3,0,0,1,0
Bacteria,Acidobacteria,Acidobacteriia,Acidobacteriales,Acidobacteriaceae,Granulicella,Granulicella mallensis,Granulicella mallensis,2362,5,4,0,1,0,0,0,0
Bacteria,Acidobacteria,Acidobacteriia,Acidobacteriales,Acidobacteriaceae,Granulicella,Granulicella sp. 5B5,Granulicella sp. 5B5,2363,1,1,0,1,2,1,0,0
Bacteria,Acidobacteria,Acidobacteriia,Acidobacteriales,Acidobacteriaceae,Granulicella,Granulicella sp. WH15,Granulicella sp. WH15,2364,3,0,0,0,1,1,0,0
Bacteria,Acidobacteria,Acidobacteriia,Acidobacteriales,Acidobacteriaceae,Granulicella,Granulicella tundricola,Granulicella tundricola,2365,3,1,0,0,0,0,0,0
Bacteria,Acidobacteria,Acidobacteriia,Acidobacteriales,Acidobacteriaceae,Terriglobus,Terriglobus albidus,Terriglobus albidus,5071,8,4,3,3,0,1,0,0
Bacteria,Acidobacteria,Acidobacteriia,Acidobacteriales,Acidobacteriaceae,Terriglobus,Terriglobus roseus,Terriglobus roseus,5072,2,4,1,1,1,0,0,0
Bacteria,Acidobacteria,Acidobacteriia,Acidobacteriales,Acidobacteriaceae,Terriglobus,Terriglobus saanensis,Terriglobus saanensis,5073,2,0,0,0,0,0,0,0
Bacteria,Acidobacteria,Acidobacteriia,Bryobacterales,Solibacteraceae,Candidatus Solibacter,Candidatus Solibacter usitatus,Candidatus Solibacter usitatus,967,12,7,7,1,0,0,0,0
Bacteria,Actinobacteria,Acidimicrobiia,Acidimicrobiales,Ilumatobacteraceae,Ilumatobacter,Ilumatobacter coccineus,Ilumatobacter coccineus,2559,0,0,2,2,0,0,0,0
Bacteria,Actinobacteria,Actinobacteria,Acidothermales,Acidothermaceae,Acidothermus,Acidothermus cellulolyticus,Acidothermus cellulolyticus,45,3,0,0,0,0,0,0,0
Bacteria,Actinobacteria,Actinobacteria,Actinomycetales,Actinomycetaceae,Actinobaculum,Actinobaculum sp. 313,Actinobaculum sp. 313,117,2,1,4,2,1,0,1,0
Bacteria,Actinobacteria,Actinobacteria,Actinomycetales,Actinomycetaceae,Actinomyces,Actinomyces howellii,Actinomyces howellii,123,1,1,0,0,0,2,0,0
Bacteria,Actinobacteria,Actinobacteria,Actinomycetales,Actinomycetaceae,Actinomyces,Actinomyces israelii,Actinomyces israelii,124,1,0,0,0,1,1,1,0
Bacteria,Actinobacteria,Actinobacteria,Actinomycetales,Actinomycetaceae,Actinomyces,Actinomyces naeslundii,Actinomyces naeslundii,125,0,0,0,1,0,0,0,0
Bacteria,Actinobacteria,Actinobacteria,Actinomycetales,Actinomycetaceae,Actinomyces,Actinomyces pacaensis,Actinomyces pacaensis,126,2,4,2,1,6,6,4,13
Bacteria,Actinobacteria,Actinobacteria,Actinomycetales,Actinomycetaceae,Actinomyces,Actinomyces qiguomingii,Actinomyces qiguomingii,127,1,0,0,1,3,0,0,2
Bacteria,Actinobacteria,Actinobacteria,Actinomycetales,Actinomycetaceae,Actinomyces,Actinomyces radicidentis,Actinomyces radicidentis,128,0,0,0,0,2,1,0,0
Bacteria,Actinobacteria,Actinobacteria,Actinomycetales,Actinomycetaceae,Actinomyces,Actinomyces sp. 2129,Actinomyces sp. 2129,129,0,0,0,3,0,0,1,0
Bacteria,Actinobacteria,Actinobacteria,Actinomycetales,Actinomycetaceae,Actinomyces,Actinomyces sp. 432,Actinomyces sp. 432,130,0,1,0,0,0,0,0,0
Bacteria,Actinobacteria,Actinobacteria,Actinomycetales,Actinomycetaceae,Actinomyces,Actinomyces sp. Chiba101,Actinomyces sp. Chiba101,131,0,0,0,0,0,0,1,1
Bacteria,Actinobacteria,Actinobacteria,Actinomycetales,Actinomycetaceae,Actinomyces,Actinomyces sp. dk561,Actinomyces sp. dk561,132,4,2,3,3,0,0,2,1
Bacteria,Actinobacteria,Actinobacteria,Actinomycetales,Actinomycetaceae,Actinomyces,Actinomyces sp. oral taxon 171,Actinomyces sp. oral taxon 171,133,1,5,2,0,0,0,0,0
Bacteria,Actinobacteria,Actinobacteria,Actinomycetales,Actinomycetaceae,Actinomyces,Actinomyces sp. oral taxon 414,Actinomyces sp. oral taxon 414,134,4,1,0,2,3,1,4,2
Bacteria,Actinobacteria,Actinobacteria,Actinomycetales,Actinomycetaceae,Actinomyces,Actinomyces sp. Z16,Actinomyces sp. Z16,135,1,1,0,0,0,0,1,0
Bacteria,Actinobacteria,Actinobacteria,Actinomycetales,Actinomycetaceae,Actinomyces,Actinomyces tangfeifanii,Actinomyces tangfeifanii,136,1,2,2,0,0,0,0,0
Bacteria,Actinobacteria,Actinobacteria,Actinomycetales,Actinomycetaceae,Actinotignum,Actinotignum schaalii,Actinotignum schaalii,142,2,0,1,1,0,0,0,0
Bacteria,Actinobacteria,Actinobacteria,Actinomycetales,Actinomycetaceae,Arcanobacterium,Arcanobacterium haemolyticum,Arcanobacterium haemolyticum,347,2,1,0,3,0,0,0,0
Bacteria,Actinobacteria,Actinobacteria,Actinomycetales,Actinomycetaceae,Arcanobacterium,Arcanobacterium phocae,Arcanobacterium phocae,348,2,1,3,1,0,3,1,1
Bacteria,Actinobacteria,Actinobacteria,Actinomycetales,Actinomycetaceae,Arcanobacterium,Arcanobacterium sp. 2701,Arcanobacterium sp. 2701,349,1,0,0,2,0,0,0,0
Bacteria,Actinobacteria,Actinobacteria,Actinomycetales,Actinomycetaceae,Flaviflexus,Flaviflexus salsibiostraticola,Flaviflexus salsibiostraticola,1818,2,3,0,0,1,6,1,3
Bacteria,Actinobacteria,Actinobacteria,Actinomycetales,Actinomycetaceae,Flaviflexus,Flaviflexus sp. dk850,Flaviflexus sp. dk850,1819,0,2,15,5,1,5,6,5
Bacteria,Actinobacteria,Actinobacteria,Actinomycetales,Actinomycetaceae,Flaviflexus,Flaviflexus sp. H23T48,Flaviflexus sp. H23T48,1820,0,2,0,0,0,0,0,0
Bacteria,Actinobacteria,Actinobacteria,Actinomycetales,Actinomycetaceae,Mobiluncus,Mobiluncus curtisii,Mobiluncus curtisii,3230,3,2,0,4,3,2,0,4
Bacteria,Actinobacteria,Actinobacteria,Actinomycetales,Actinomycetaceae,Pauljensenia,Pauljensenia hongkongensis,Pauljensenia hongkongensis,3801,2,2,1,1,1,1,0,0
Bacteria,Actinobacteria,Actinobacteria,Actinomycetales,Actinomycetaceae,Schaalia,Schaalia cardiffensis,Schaalia cardiffensis,4494,2,0,0,0,2,0,0,3
Bacteria,Actinobacteria,Actinobacteria,Actinomycetales,Actinomycetaceae,Schaalia,Schaalia odontolytica,Schaalia odontolytica,4495,2,6,33,7,5,16,16,17
Bacteria,Actinobacteria,Actinobacteria,Actinomycetales,Actinomycetaceae,Schaalia,Schaalia sp. JY-X169,Schaalia sp. JY-X169,4496,2,0,1,2,1,1,1,1
Bacteria,Actinobacteria,Actinobacteria,Actinomycetales,Actinomycetaceae,Trueperella,Trueperella bialowiezensis,Trueperella bialowiezensis,5204,2,1,0,0,0,0,0,0
Bacteria,Actinobacteria,Actinobacteria,Actinomycetales,Actinomycetaceae,Trueperella,Trueperella pyogenes,Trueperella pyogenes,5205,10,7,5,9,9,3,2,2
Bacteria,Actinobacteria,Actinobacteria,Bifidobacteriales,Bifidobacteriaceae,Bifidobacterium,Bifidobacterium actinocoloniiforme,Bifidobacterium actinocoloniiforme,585,1,0,0,1,0,0,1,0
Bacteria,Actinobacteria,Actinobacteria,Bifidobacteriales,Bifidobacteriaceae,Bifidobacterium,Bifidobacterium adolescentis,Bifidobacterium adolescentis,586,5705,10680,11705,18747,58292,40857,27223,24571
Bacteria,Actinobacteria,Actinobacteria,Bifidobacteriales,Bifidobacteriaceae,Bifidobacterium,Bifidobacterium angulatum,Bifidobacterium angulatum,587,5652,1374,551,1956,27,31,37,28
Bacteria,Actinobacteria,Actinobacteria,Bifidobacteriales,Bifidobacteriaceae,Bifidobacterium,Bifidobacterium animalis,Bifidobacterium animalis,588,5445,997,379,1433,1,2,0,2
Bacteria,Actinobacteria,Actinobacteria,Bifidobacteriales,Bifidobacteriaceae,Bifidobacterium,Bifidobacterium asteroides,Bifidobacterium asteroides,589,2,1,2,2,0,0,1,0
Bacteria,Actinobacteria,Actinobacteria,Bifidobacteriales,Bifidobacteriaceae,Bifidobacterium,Bifidobacterium bifidum,Bifidobacterium bifidum,590,6027,4240,1617,2605,18,8,6,4
Bacteria,Actinobacteria,Actinobacteria,Bifidobacteriales,Bifidobacteriaceae,Bifidobacterium,Bifidobacterium breve,Bifidobacterium breve,591,28,50,29,28,16,11,10,8
Bacteria,Actinobacteria,Actinobacteria,Bifidobacteriales,Bifidobacteriaceae,Bifidobacterium,Bifidobacterium catenulatum,Bifidobacterium catenulatum,592,5455,1738,663,2469,25,11,14,11
Bacteria,Actinobacteria,Actinobacteria,Bifidobacteriales,Bifidobacteriaceae,Bifidobacterium,Bifidobacterium choerinum,Bifidobacterium choerinum,593,2,1,0,1,0,0,0,0
Bacteria,Actinobacteria,Actinobacteria,Bifidobacteriales,Bifidobacteriaceae,Bifidobacterium,Bifidobacterium coryneforme,Bifidobacterium coryneforme,594,1,0,0,1,0,0,0,0
Bacteria,Actinobacteria,Actinobacteria,Bifidobacteriales,Bifidobacteriaceae,Bifidobacterium,Bifidobacterium dentium,Bifidobacterium dentium,595,9,15,3,14,5,3,2,1
Bacteria,Actinobacteria,Actinobacteria,Bifidobacteriales,Bifidobacteriaceae,Bifidobacterium,Bifidobacterium gallinarum,Bifidobacterium gallinarum,596,1,4,1,5,1,1,0,0
Bacteria,Actinobacteria,Actinobacteria,Bifidobacteriales,Bifidobacteriaceae,Bifidobacterium,Bifidobacterium indicum,Bifidobacterium indicum,597,1,0,0,0,0,0,0,0
Bacteria,Actinobacteria,Actinobacteria,Bifidobacteriales,Bifidobacteriaceae,Bifidobacterium,Bifidobacterium longum,Bifidobacterium longum,598,6433,19889,7641,12259,32,12,16,16
Bacteria,Actinobacteria,Actinobacteria,Bifidobacteriales,Bifidobacteriaceae,Bifidobacterium,Bifidobacterium pseudocatenulatum,Bifidobacterium pseudocatenulatum,599,5766,3508,1329,2151,14,5,2,2
Bacteria,Actinobacteria,Actinobacteria,Bifidobacteriales,Bifidobacteriaceae,Bifidobacterium,Bifidobacterium pseudolongum,Bifidobacterium pseudolongum,600,1,3,0,5,4,3,1,3
Bacteria,Actinobacteria,Actinobacteria,Bifidobacteriales,Bifidobacteriaceae,Bifidobacterium,Bifidobacterium scardovii,Bifidobacterium scardovii,601,3,3,1,6,0,1,0,1
Bacteria,Actinobacteria,Actinobacteria,Bifidobacteriales,Bifidobacteriaceae,Bifidobacterium,Bifidobacterium thermophilum,Bifidobacterium thermophilum,602,7,2,3,6,0,0,5,1
Bacteria,Actinobacteria,Actinobacteria,Bifidobacteriales,Bifidobacteriaceae,Gardnerella,Gardnerella vaginalis,Gardnerella vaginalis,2278,3,9,10,8,4,2,1,3
Bacteria,Actinobacteria,Actinobacteria,Bifidobacteriales,Bifidobacteriaceae,Parascardovia,Parascardovia denticolens,Parascardovia denticolens,3786,0,3,0,1,0,0,0,0
Bacteria,Actinobacteria,Actinobacteria,Bifidobacteriales,Bifidobacteriaceae,Scardovia,Scardovia inopinata,Scardovia inopinata,4493,0,1,1,1,0,0,0,0
Bacteria,Actinobacteria,Actinobacteria,Candidatus Nanopelagicales,Candidatus Nanopelagicaceae,Candidatus Nanopelagicus,Candidatus Nanopelagicus abundans,Candidatus Nanopelagicus abundans,915,0,1,0,0,0,0,0,0
Bacteria,Actinobacteria,Actinobacteria,Candidatus Nanopelagicales,Candidatus Nanopelagicaceae,Candidatus Nanopelagicus,Candidatus Nanopelagicus hibericus,Candidatus Nanopelagicus hibericus,916,0,1,0,0,0,0,0,0
Bacteria,Actinobacteria,Actinobacteria,Candidatus Nanopelagicales,Candidatus Nanopelagicaceae,Candidatus Nanopelagicus,Candidatus Nanopelagicus limnes,Candidatus Nanopelagicus limnes,917,0,1,1,1,0,0,0,0
Bacteria,Actinobacteria,Actinobacteria,Candidatus Nanopelagicales,Candidatus Nanopelagicaceae,Candidatus Planktophila,Candidatus Planktophila dulcis,Candidatus Planktophila dulcis,943,2,3,4,0,6,3,2,8
Bacteria,Actinobacteria,Actinobacteria,Candidatus Nanopelagicales,Candidatus Nanopelagicaceae,Candidatus Planktophila,Candidatus Planktophila lacus,Candidatus Planktophila lacus,944,2,0,2,0,0,0,0,0
Bacteria,Actinobacteria,Actinobacteria,Candidatus Nanopelagicales,Candidatus Nanopelagicaceae,Candidatus Planktophila,Candidatus Planktophila limnetica,Candidatus Planktophila limnetica,945,2,2,0,0,0,0,0,0
Bacteria,Actinobacteria,Actinobacteria,Candidatus Nanopelagicales,Candidatus Nanopelagicaceae,Candidatus Planktophila,Candidatus Planktophila sulfonica,Candidatus Planktophila sulfonica,946,0,1,1,0,0,0,1,1
Bacteria,Actinobacteria,Actinobacteria,Candidatus Nanopelagicales,Candidatus Nanopelagicaceae,Candidatus Planktophila,Candidatus Planktophila versatilis,Candidatus Planktophila versatilis,947,2,2,8,2,3,5,14,3
Bacteria,Actinobacteria,Actinobacteria,Catenulisporales,Catenulisporaceae,Catenulispora,Catenulispora acidiphila,Catenulispora acidiphila,1008,3,0,1,0,2,2,1,0
Bacteria,Actinobacteria,Actinobacteria,Corynebacteriales,Corynebacteriaceae,Corynebacterium,Corynebacterium ammoniagenes,Corynebacterium ammoniagenes,1249,1,3,13,7,5,4,12,3
Bacteria,Actinobacteria,Actinobacteria,Corynebacteriales,Corynebacteriaceae,Corynebacterium,Corynebacterium aquilae,Corynebacterium aquilae,1250,1,1,0,0,1,0,0,0
Bacteria,Actinobacteria,Actinobacteria,Corynebacteriales,Corynebacteriaceae,Corynebacterium,Corynebacterium argentoratense,Corynebacterium argentoratense,1251,2,0,0,0,0,0,0,0
Bacteria,Actinobacteria,Actinobacteria,Corynebacteriales,Corynebacteriaceae,Corynebacterium,Corynebacterium atypicum,Corynebacterium atypicum,1252,0,1,1,0,2,2,1,1
Bacteria,Actinobacteria,Actinobacteria,Corynebacteriales,Corynebacteriaceae,Corynebacterium,Corynebacterium callunae,Corynebacterium callunae,1253,3,1,0,0,0,0,0,0
Bacteria,Actinobacteria,Actinobacteria,Corynebacteriales,Corynebacteriaceae,Corynebacterium,Corynebacterium camporealensis,Corynebacterium camporealensis,1254,3,0,1,0,1,0,1,1
Bacteria,Actinobacteria,Actinobacteria,Corynebacteriales,Corynebacteriaceae,Corynebacterium,Corynebacterium casei,Corynebacterium casei,1255,2,1,2,2,0,0,0,0
Bacteria,Actinobacteria,Actinobacteria,Corynebacteriales,Corynebacteriaceae,Corynebacterium,Corynebacterium choanis,Corynebacterium choanis,1256,1,0,1,0,0,0,0,0
Bacteria,Actinobacteria,Actinobacteria,Corynebacteriales,Corynebacteriaceae,Corynebacterium,Corynebacterium crudilactis,Corynebacterium crudilactis,1257,2,2,1,0,0,0,0,0
Bacteria,Actinobacteria,Actinobacteria,Corynebacteriales,Corynebacteriaceae,Corynebacterium,Corynebacterium cystitidis,Corynebacterium cystitidis,1258,0,1,0,2,0,0,0,0
Bacteria,Actinobacteria,Actinobacteria,Corynebacteriales,Corynebacteriaceae,Corynebacterium,Corynebacterium deserti,Corynebacterium deserti,1259,1,0,0,0,1,0,0,0
Bacteria,Actinobacteria,Actinobacteria,Corynebacteriales,Corynebacteriaceae,Corynebacterium,Corynebacterium diphtheriae,Corynebacterium diphtheriae,1260,3,0,1,3,1,2,0,3
Bacteria,Actinobacteria,Actinobacteria,Corynebacteriales,Corynebacteriaceae,Corynebacterium,Corynebacterium doosanense,Corynebacterium doosanense,1261,2,3,0,0,0,0,0,0
Bacteria,Actinobacteria,Actinobacteria,Corynebacteriales,Corynebacteriaceae,Corynebacterium,Corynebacterium efficiens,Corynebacterium efficiens,1262,0,2,0,1,0,0,0,0
Bacteria,Actinobacteria,Actinobacteria,Corynebacteriales,Corynebacteriaceae,Corynebacterium,Corynebacterium endometrii,Corynebacterium endometrii,1263,3,5,27,9,15,13,36,23
Bacteria,Actinobacteria,Actinobacteria,Corynebacteriales,Corynebacteriaceae,Corynebacterium,Corynebacterium epidermidicanis,Corynebacterium epidermidicanis,1264,2,1,1,1,0,0,0,0
Bacteria,Actinobacteria,Actinobacteria,Corynebacteriales,Corynebacteriaceae,Corynebacterium,Corynebacterium flavescens,Corynebacterium flavescens,1265,0,5,17,2,1,3,8,4
Bacteria,Actinobacteria,Actinobacteria,Corynebacteriales,Corynebacteriaceae,Corynebacterium,Corynebacterium genitalium,Corynebacterium genitalium,1266,1,2,13,2,2,7,13,5
Bacteria,Actinobacteria,Actinobacteria,Corynebacteriales,Corynebacteriaceae,Corynebacterium,Corynebacterium geronticis,Corynebacterium geronticis,1267,0,0,0,2,0,0,0,0
Bacteria,Actinobacteria,Actinobacteria,Corynebacteriales,Corynebacteriaceae,Corynebacterium,Corynebacterium glaucum,Corynebacterium glaucum,1268,0,0,0,0,0,1,2,0
Bacteria,Actinobacteria,Actinobacteria,Corynebacteriales,Corynebacteriaceae,Corynebacterium,Corynebacterium glutamicum,Corynebacterium glutamicum,1269,0,0,0,2,1,0,0,0
Bacteria,Actinobacteria,Actinobacteria,Corynebacteriales,Corynebacteriaceae,Corynebacterium,Corynebacterium glyciniphilum,Corynebacterium glyciniphilum,1270,0,1,0,1,7,2,3,1
Bacteria,Actinobacteria,Actinobacteria,Corynebacteriales,Corynebacteriaceae,Corynebacterium,Corynebacterium halotolerans,Corynebacterium halotolerans,1271,1,1,2,1,2,1,0,1
Bacteria,Actinobacteria,Actinobacteria,Corynebacteriales,Corynebacteriaceae,Corynebacterium,Corynebacterium imitans,Corynebacterium imitans,1272,1,0,0,0,0,0,0,0
Bacteria,Actinobacteria,Actinobacteria,Corynebacteriales,Corynebacteriaceae,Corynebacterium,Corynebacterium jeikeium,Corynebacterium jeikeium,1273,3,3,5,4,4,8,4,5
Bacteria,Actinobacteria,Actinobacteria,Corynebacteriales,Corynebacteriaceae,Corynebacterium,Corynebacterium kroppenstedtii,Corynebacterium kroppenstedtii,1274,0,3,0,2,0,0,0,0
Bacteria,Actinobacteria,Actinobacteria,Corynebacteriales,Corynebacteriaceae,Corynebacterium,Corynebacterium kutscheri,Corynebacterium kutscheri,1275,0,4,5,2,0,0,0,0
Bacteria,Actinobacteria,Actinobacteria,Corynebacteriales,Corynebacteriaceae,Corynebacterium,Corynebacterium lactis,Corynebacterium lactis,1276,3,0,0,0,0,0,0,0
Bacteria,Actinobacteria,Actinobacteria,Corynebacteriales,Corynebacteriaceae,Corynebacterium,Corynebacterium marinum,Corynebacterium marinum,1277,0,2,0,0,0,0,0,0
Bacteria,Actinobacteria,Actinobacteria,Corynebacteriales,Corynebacteriaceae,Corynebacterium,Corynebacterium maris,Corynebacterium maris,1278,1,0,0,0,0,0,0,0
Bacteria,Actinobacteria,Actinobacteria,Corynebacteriales,Corynebacteriaceae,Corynebacterium,Corynebacterium matruchotii,Corynebacterium matruchotii,1279,3,0,1,0,0,0,0,0
Bacteria,Actinobacteria,Actinobacteria,Corynebacteriales,Corynebacteriaceae,Corynebacterium,Corynebacterium minutissimum,Corynebacterium minutissimum,1280,3,0,0,0,0,0,0,0
Bacteria,Actinobacteria,Actinobacteria,Corynebacteriales,Corynebacteriaceae,Corynebacterium,Corynebacterium mustelae,Corynebacterium mustelae,1281,1,1,0,0,0,1,0,0
Bacteria,Actinobacteria,Actinobacteria,Corynebacteriales,Corynebacteriaceae,Corynebacterium,Corynebacterium mycetoides,Corynebacterium mycetoides,1282,1,0,0,0,0,0,0,0
Bacteria,Actinobacteria,Actinobacteria,Corynebacteriales,Corynebacteriaceae,Corynebacterium,Corynebacterium nuruki,Corynebacterium nuruki,1283,0,0,2,0,1,2,1,0
Bacteria,Actinobacteria,Actinobacteria,Corynebacteriales,Corynebacteriaceae,Corynebacterium,Corynebacterium pelargi,Corynebacterium pelargi,1284,0,0,0,1,0,0,0,0
Bacteria,Actinobacteria,Actinobacteria,Corynebacteriales,Corynebacteriaceae,Corynebacterium,Corynebacterium phocae,Corynebacterium phocae,1285,2,1,1,3,0,0,0,0
Bacteria,Actinobacteria,Actinobacteria,Corynebacteriales,Corynebacteriaceae,Corynebacterium,Corynebacterium pseudotuberculosis,Corynebacterium pseudotuberculosis,1286,0,0,1,0,0,0,0,0
Bacteria,Actinobacteria,Actinobacteria,Corynebacteriales,Corynebacteriaceae,Corynebacterium,Corynebacterium resistens,Corynebacterium resistens,1287,1,1,0,0,0,0,0,0
Bacteria,Actinobacteria,Actinobacteria,Corynebacteriales,Corynebacteriaceae,Corynebacterium,Corynebacterium riegelii,Corynebacterium riegelii,1288,0,1,0,2,0,1,0,0
Bacteria,Actinobacteria,Actinobacteria,Corynebacteriales,Corynebacteriaceae,Corynebacterium,Corynebacterium rouxii,Corynebacterium rouxii,1289,2,2,1,3,0,0,0,0
Bacteria,Actinobacteria,Actinobacteria,Corynebacteriales,Corynebacteriaceae,Corynebacterium,Corynebacterium sanguinis,Corynebacterium sanguinis,1290,0,3,3,0,2,1,0,1
Bacteria,Actinobacteria,Actinobacteria,Corynebacteriales,Corynebacteriaceae,Corynebacterium,Corynebacterium segmentosum,Corynebacterium segmentosum,1291,0,0,2,4,12,6,4,5
Bacteria,Actinobacteria,Actinobacteria,Corynebacteriales,Corynebacteriaceae,Corynebacterium,Corynebacterium simulans,Corynebacterium simulans,1292,3,2,4,3,1,0,0,0
Bacteria,Actinobacteria,Actinobacteria,Corynebacteriales,Corynebacteriaceae,Corynebacterium,Corynebacterium singulare,Corynebacterium singulare,1293,1,0,0,1,0,0,0,0
Bacteria,Actinobacteria,Actinobacteria,Corynebacteriales,Corynebacteriaceae,Corynebacterium,Corynebacterium sp. 1959,Corynebacterium sp. 1959,1294,5,3,0,0,0,1,0,0
Bacteria,Actinobacteria,Actinobacteria,Corynebacteriales,Corynebacteriaceae,Corynebacterium,Corynebacterium sp. 2019,Corynebacterium sp. 2019,1295,1,0,0,0,0,0,0,0
Bacteria,Actinobacteria,Actinobacteria,Corynebacteriales,Corynebacteriaceae,Corynebacterium,Corynebacterium sp. 2183,Corynebacterium sp. 2183,1296,2,2,15,3,2,7,13,4
Bacteria,Actinobacteria,Actinobacteria,Corynebacteriales,Corynebacteriaceae,Corynebacterium,Corynebacterium sp. 2184,Corynebacterium sp. 2184,1297,1,0,1,1,0,0,1,2
Bacteria,Actinobacteria,Actinobacteria,Corynebacteriales,Corynebacteriaceae,Corynebacterium,Corynebacterium sp. ATCC 6931,Corynebacterium sp. ATCC 6931,1298,2,1,16,1,1,5,13,8
Bacteria,Actinobacteria,Actinobacteria,Corynebacteriales,Corynebacteriaceae,Corynebacterium,Corynebacterium sp. LMM-1652,Corynebacterium sp. LMM-1652,1299,2,5,4,6,0,0,0,0
Bacteria,Actinobacteria,Actinobacteria,Corynebacteriales,Corynebacteriaceae,Corynebacterium,Corynebacterium sp. Marseille-Q3630,Corynebacterium sp. Marseille-Q3630,1300,1,5,0,0,0,0,0,0
Bacteria,Actinobacteria,Actinobacteria,Corynebacteriales,Corynebacteriaceae,Corynebacterium,Corynebacterium sp. NML93-0612,Corynebacterium sp. NML93-0612,1301,0,1,0,0,0,0,0,0
Bacteria,Actinobacteria,Actinobacteria,Corynebacteriales,Corynebacteriaceae,Corynebacterium,Corynebacterium sp. NML98-0116,Corynebacterium sp. NML98-0116,1302,1,5,0,3,0,0,0,0
Bacteria,Actinobacteria,Actinobacteria,Corynebacteriales,Corynebacteriaceae,Corynebacterium,Corynebacterium sp. sy039,Corynebacterium sp. sy039,1303,4,3,18,0,4,5,15,8
Bacteria,Actinobacteria,Actinobacteria,Corynebacteriales,Corynebacteriaceae,Corynebacterium,Corynebacterium sphenisci,Corynebacterium sphenisci,1304,2,0,0,0,0,0,0,0
Bacteria,Actinobacteria,Actinobacteria,Corynebacteriales,Corynebacteriaceae,Corynebacterium,Corynebacterium stationis,Corynebacterium stationis,1305,2,0,0,1,0,0,0,0
Bacteria,Actinobacteria,Actinobacteria,Corynebacteriales,Corynebacteriaceae,Corynebacterium,Corynebacterium striatum,Corynebacterium striatum,1306,2,4,1,0,9,4,2,1
Bacteria,Actinobacteria,Actinobacteria,Corynebacteriales,Corynebacteriaceae,Corynebacterium,Corynebacterium suranareeae,Corynebacterium suranareeae,1307,1,0,0,0,0,0,0,0
Bacteria,Actinobacteria,Actinobacteria,Corynebacteriales,Corynebacteriaceae,Corynebacterium,Corynebacterium testudinoris,Corynebacterium testudinoris,1308,2,0,2,0,8,0,3,3
Bacteria,Actinobacteria,Actinobacteria,Corynebacteriales,Corynebacteriaceae,Corynebacterium,Corynebacterium timonense,Corynebacterium timonense,1309,1,0,0,0,0,0,0,0
Bacteria,Actinobacteria,Actinobacteria,Corynebacteriales,Corynebacteriaceae,Corynebacterium,Corynebacterium ulcerans,Corynebacterium ulcerans,1310,2,4,27,7,7,19,26,18
Bacteria,Actinobacteria,Actinobacteria,Corynebacteriales,Corynebacteriaceae,Corynebacterium,Corynebacterium urealyticum,Corynebacterium urealyticum,1311,2,1,0,0,0,0,0,0
Bacteria,Actinobacteria,Actinobacteria,Corynebacteriales,Corynebacteriaceae,Corynebacterium,Corynebacterium uterequi,Corynebacterium uterequi,1312,1,1,0,0,1,0,0,0
Bacteria,Actinobacteria,Actinobacteria,Corynebacteriales,Corynebacteriaceae,Corynebacterium,Corynebacterium variabile,Corynebacterium variabile,1313,0,0,0,1,0,1,0,0
Bacteria,Actinobacteria,Actinobacteria,Corynebacteriales,Corynebacteriaceae,Corynebacterium,Corynebacterium vitaeruminis,Corynebacterium vitaeruminis,1314,3,2,3,5,10,3,3,4
Bacteria,Actinobacteria,Actinobacteria,Corynebacteriales,Corynebacteriaceae,Corynebacterium,Corynebacterium xerosis,Corynebacterium xerosis,1315,0,2,2,0,0,0,0,0
Bacteria,Actinobacteria,Actinobacteria,Corynebacteriales,Dietziaceae,Dietzia,Dietzia psychralcaliphila,Dietzia psychralcaliphila,1495,0,0,0,1,1,0,1,0
Bacteria,Actinobacteria,Actinobacteria,Corynebacteriales,Dietziaceae,Dietzia,Dietzia timorensis,Dietzia timorensis,1496,2,1,0,1,0,0,0,0
Bacteria,Actinobacteria,Actinobacteria,Corynebacteriales,Gordoniaceae,Gordonia,Gordonia alkanivorans,Gordonia alkanivorans,2340,1,2,0,0,0,0,0,0
Bacteria,Actinobacteria,Actinobacteria,Corynebacteriales,Gordoniaceae,Gordonia,Gordonia bronchialis,Gordonia bronchialis,2341,1,0,0,1,0,0,1,0
Bacteria,Actinobacteria,Actinobacteria,Corynebacteriales,Gordoniaceae,Gordonia,Gordonia insulae,Gordonia insulae,2342,1,0,1,0,0,0,0,0
Bacteria,Actinobacteria,Actinobacteria,Corynebacteriales,Gordoniaceae,Gordonia,Gordonia iterans,Gordonia iterans,2343,0,0,0,2,0,0,0,0
Bacteria,Actinobacteria,Actinobacteria,Corynebacteriales,Gordoniaceae,Gordonia,Gordonia polyisoprenivorans,Gordonia polyisoprenivorans,2344,0,2,0,0,0,0,0,0
Bacteria,Actinobacteria,Actinobacteria,Corynebacteriales,Gordoniaceae,Gordonia,Gordonia rubripertincta,Gordonia rubripertincta,2345,1,0,0,0,0,0,0,0
Bacteria,Actinobacteria,Actinobacteria,Corynebacteriales,Gordoniaceae,Gordonia,Gordonia sp. 1D,Gordonia sp. 1D,2346,1,0,0,0,0,0,0,0
Bacteria,Actinobacteria,Actinobacteria,Corynebacteriales,Gordoniaceae,Gordonia,Gordonia sp. JH63,Gordonia sp. JH63,2347,0,1,0,0,0,0,0,0
Bacteria,Actinobacteria,Actinobacteria,Corynebacteriales,Gordoniaceae,Gordonia,Gordonia sp. KTR9,Gordonia sp. KTR9,2348,0,0,1,0,0,0,0,0
Bacteria,Actinobacteria,Actinobacteria,Corynebacteriales,Gordoniaceae,Gordonia,Gordonia sp. YC-JH1,Gordonia sp. YC-JH1,2349,1,0,0,0,0,0,0,0
Bacteria,Actinobacteria,Actinobacteria,Corynebacteriales,Gordoniaceae,Gordonia,Gordonia terrae,Gordonia terrae,2350,0,2,1,3,1,0,0,0
Bacteria,Actinobacteria,Actinobacteria,Corynebacteriales,Mycobacteriaceae,Hoyosella,Hoyosella subflava,Hoyosella subflava,2498,0,0,0,2,1,0,0,0
Bacteria,Actinobacteria,Actinobacteria,Corynebacteriales,Mycobacteriaceae,Mycobacterium,Mycobacterium avium,Mycobacterium avium,3268,0,0,1,0,0,0,0,0
Bacteria,Actinobacteria,Actinobacteria,Corynebacteriales,Mycobacteriaceae,Mycobacterium,Mycobacterium basiliense,Mycobacterium basiliense,3269,0,2,1,1,0,0,0,0
Bacteria,Actinobacteria,Actinobacteria,Corynebacteriales,Mycobacteriaceae,Mycobacterium,Mycobacterium branderi,Mycobacterium branderi,3270,1,0,0,0,0,0,0,0
Bacteria,Actinobacteria,Actinobacteria,Corynebacteriales,Mycobacteriaceae,Mycobacterium,Mycobacterium chimaera,Mycobacterium chimaera,3271,0,0,0,0,1,0,0,0
Bacteria,Actinobacteria,Actinobacteria,Corynebacteriales,Mycobacteriaceae,Mycobacterium,Mycobacterium colombiense,Mycobacterium colombiense,3272,0,1,0,0,0,0,0,0
Bacteria,Actinobacteria,Actinobacteria,Corynebacteriales,Mycobacteriaceae,Mycobacterium,Mycobacterium conspicuum,Mycobacterium conspicuum,3273,0,0,0,1,0,0,1,1
Bacteria,Actinobacteria,Actinobacteria,Corynebacteriales,Mycobacteriaceae,Mycobacterium,Mycobacterium cookii,Mycobacterium cookii,3274,0,0,1,0,0,1,0,0
Bacteria,Actinobacteria,Actinobacteria,Corynebacteriales,Mycobacteriaceae,Mycobacterium,Mycobacterium dioxanotrophicus,Mycobacterium dioxanotrophicus,3275,0,2,0,0,0,0,0,0
Bacteria,Actinobacteria,Actinobacteria,Corynebacteriales,Mycobacteriaceae,Mycobacterium,Mycobacterium gallinarum,Mycobacterium gallinarum,3276,0,0,1,1,2,1,1,0
Bacteria,Actinobacteria,Actinobacteria,Corynebacteriales,Mycobacteriaceae,Mycobacterium,Mycobacterium gordonae,Mycobacterium gordonae,3277,2,0,1,2,2,2,1,0
Bacteria,Actinobacteria,Actinobacteria,Corynebacteriales,Mycobacteriaceae,Mycobacterium,Mycobacterium grossiae,Mycobacterium grossiae,3278,0,0,4,0,0,3,0,1
Bacteria,Actinobacteria,Actinobacteria,Corynebacteriales,Mycobacteriaceae,Mycobacterium,Mycobacterium haemophilum,Mycobacterium haemophilum,3279,2,1,2,3,0,0,3,2
Bacteria,Actinobacteria,Actinobacteria,Corynebacteriales,Mycobacteriaceae,Mycobacterium,Mycobacterium heidelbergense,Mycobacterium heidelbergense,3280,0,0,0,1,0,0,0,0
Bacteria,Actinobacteria,Actinobacteria,Corynebacteriales,Mycobacteriaceae,Mycobacterium,Mycobacterium kansasii,Mycobacterium kansasii,3281,3,1,0,5,0,0,0,0
Bacteria,Actinobacteria,Actinobacteria,Corynebacteriales,Mycobacteriaceae,Mycobacterium,Mycobacterium lacus,Mycobacterium lacus,3282,0,0,0,0,4,0,1,0
Bacteria,Actinobacteria,Actinobacteria,Corynebacteriales,Mycobacteriaceae,Mycobacterium,Mycobacterium leprae,Mycobacterium leprae,3283,2,1,0,1,1,1,0,1
Bacteria,Actinobacteria,Actinobacteria,Corynebacteriales,Mycobacteriaceae,Mycobacterium,Mycobacterium mantenii,Mycobacterium mantenii,3284,0,0,6,0,1,1,2,3
Bacteria,Actinobacteria,Actinobacteria,Corynebacteriales,Mycobacteriaceae,Mycobacterium,Mycobacterium marinum,Mycobacterium marinum,3285,1,0,0,1,0,0,0,0
Bacteria,Actinobacteria,Actinobacteria,Corynebacteriales,Mycobacteriaceae,Mycobacterium,Mycobacterium noviomagense,Mycobacterium noviomagense,3286,0,0,0,1,0,0,0,0
Bacteria,Actinobacteria,Actinobacteria,Corynebacteriales,Mycobacteriaceae,Mycobacterium,Mycobacterium paragordonae,Mycobacterium paragordonae,3287,0,0,0,1,0,0,0,0
Bacteria,Actinobacteria,Actinobacteria,Corynebacteriales,Mycobacteriaceae,Mycobacterium,Mycobacterium paraseoulense,Mycobacterium paraseoulense,3288,0,0,1,0,1,1,2,2
Bacteria,Actinobacteria,Actinobacteria,Corynebacteriales,Mycobacteriaceae,Mycobacterium,Mycobacterium saskatchewanense,Mycobacterium saskatchewanense,3290,2,0,1,1,7,8,3,5
Bacteria,Actinobacteria,Actinobacteria,Corynebacteriales,Mycobacteriaceae,Mycobacterium,Mycobacterium shigaense,Mycobacterium shigaense,3291,5,2,1,5,0,0,0,0
Bacteria,Actinobacteria,Actinobacteria,Corynebacteriales,Mycobacteriaceae,Mycobacterium,Mycobacterium simiae,Mycobacterium simiae,3292,2,2,1,0,0,0,0,0
Bacteria,Actinobacteria,Actinobacteria,Corynebacteriales,Mycobacteriaceae,Mycobacterium,Mycobacterium sp. DL440,Mycobacterium sp. DL440,3293,0,1,0,0,0,0,0,0
Bacteria,Actinobacteria,Actinobacteria,Corynebacteriales,Mycobacteriaceae,Mycobacterium,Mycobacterium sp. DL592,Mycobacterium sp. DL592,3294,4,2,1,5,4,2,0,0
Bacteria,Actinobacteria,Actinobacteria,Corynebacteriales,Mycobacteriaceae,Mycobacterium,Mycobacterium sp. ELW1,Mycobacterium sp. ELW1,3295,0,1,0,0,0,0,0,0
Bacteria,Actinobacteria,Actinobacteria,Corynebacteriales,Mycobacteriaceae,Mycobacterium,Mycobacterium sp. EPa45,Mycobacterium sp. EPa45,3296,0,1,1,0,0,0,0,0
Bacteria,Actinobacteria,Actinobacteria,Corynebacteriales,Mycobacteriaceae,Mycobacterium,Mycobacterium sp. JS623,Mycobacterium sp. JS623,3297,1,1,2,0,0,0,4,1
Bacteria,Actinobacteria,Actinobacteria,Corynebacteriales,Mycobacteriaceae,Mycobacterium,Mycobacterium sp. MS1601,Mycobacterium sp. MS1601,3298,0,1,0,0,0,0,0,0
Bacteria,Actinobacteria,Actinobacteria,Corynebacteriales,Mycobacteriaceae,Mycobacterium,Mycobacterium sp. PYR15,Mycobacterium sp. PYR15,3299,0,2,0,2,2,0,1,2
Bacteria,Actinobacteria,Actinobacteria,Corynebacteriales,Mycobacteriaceae,Mycobacterium,Mycobacterium sp. YC-RL4,Mycobacterium sp. YC-RL4,3300,0,0,0,0,1,0,0,0
Bacteria,Actinobacteria,Actinobacteria,Corynebacteriales,Mycobacteriaceae,Mycobacterium,Mycobacterium stomatepiae,Mycobacterium stomatepiae,3301,0,0,0,1,0,0,0,0
Bacteria,Actinobacteria,Actinobacteria,Corynebacteriales,Mycobacteriaceae,Mycobacterium,Mycobacterium xenopi,Mycobacterium xenopi,3302,2,1,0,0,0,0,0,0
Bacteria,Actinobacteria,Actinobacteria,Corynebacteriales,Mycobacteriaceae,Mycobacteroides,Mycobacteroides abscessus,Mycobacteroides abscessus,3303,1,1,0,2,12,3,3,2
Bacteria,Actinobacteria,Actinobacteria,Corynebacteriales,Mycobacteriaceae,Mycobacteroides,Mycobacteroides immunogenum,Mycobacteroides immunogenum,3304,0,1,1,1,0,0,0,0
Bacteria,Actinobacteria,Actinobacteria,Corynebacteriales,Mycobacteriaceae,Mycobacteroides,Mycobacteroides saopaulense,Mycobacteroides saopaulense,3305,0,0,0,0,0,0,0,1
Bacteria,Actinobacteria,Actinobacteria,Corynebacteriales,Mycobacteriaceae,Mycolicibacter,Mycolicibacter hiberniae,Mycolicibacter hiberniae,3306,1,0,0,0,0,0,0,0
Bacteria,Actinobacteria,Actinobacteria,Corynebacteriales,Mycobacteriaceae,Mycolicibacter,Mycolicibacter sinensis,Mycolicibacter sinensis,3307,1,3,0,1,0,0,0,0
Bacteria,Actinobacteria,Actinobacteria,Corynebacteriales,Mycobacteriaceae,Mycolicibacter,Mycolicibacter terrae,Mycolicibacter terrae,3308,0,1,0,0,0,0,0,0
Bacteria,Actinobacteria,Actinobacteria,Corynebacteriales,Mycobacteriaceae,Mycolicibacterium,Mycolicibacterium aichiense,Mycolicibacterium aichiense,3309,2,0,0,0,0,0,0,0
Bacteria,Actinobacteria,Actinobacteria,Corynebacteriales,Mycobacteriaceae,Mycolicibacterium,Mycolicibacterium alvei,Mycolicibacterium alvei,3310,1,0,0,1,0,0,0,0
Bacteria,Actinobacteria,Actinobacteria,Corynebacteriales,Mycobacteriaceae,Mycolicibacterium,Mycolicibacterium arabiense,Mycolicibacterium arabiense,3311,2,1,0,1,0,0,0,1
Bacteria,Actinobacteria,Actinobacteria,Corynebacteriales,Mycobacteriaceae,Mycolicibacterium,Mycolicibacterium aurum,Mycolicibacterium aurum,3312,5,1,0,0,0,0,1,0
Bacteria,Actinobacteria,Actinobacteria,Corynebacteriales,Mycobacteriaceae,Mycolicibacterium,Mycolicibacterium boenickei,Mycolicibacterium boenickei,3313,0,1,0,0,0,0,0,1
Bacteria,Actinobacteria,Actinobacteria,Corynebacteriales,Mycobacteriaceae,Mycolicibacterium,Mycolicibacterium chitae,Mycolicibacterium chitae,3314,0,1,0,0,0,0,0,0
Bacteria,Actinobacteria,Actinobacteria,Corynebacteriales,Mycobacteriaceae,Mycolicibacterium,Mycolicibacterium confluentis,Mycolicibacterium confluentis,3315,1,2,11,0,3,9,9,6
Bacteria,Actinobacteria,Actinobacteria,Corynebacteriales,Mycobacteriaceae,Mycolicibacterium,Mycolicibacterium doricum,Mycolicibacterium doricum,3316,0,1,0,0,0,0,0,0
Bacteria,Actinobacteria,Actinobacteria,Corynebacteriales,Mycobacteriaceae,Mycolicibacterium,Mycolicibacterium fallax,Mycolicibacterium fallax,3317,1,1,1,1,8,2,1,5
Bacteria,Actinobacteria,Actinobacteria,Corynebacteriales,Mycobacteriaceae,Mycolicibacterium,Mycolicibacterium fortuitum,Mycolicibacterium fortuitum,3318,0,2,26,8,9,16,21,17
Bacteria,Actinobacteria,Actinobacteria,Corynebacteriales,Mycobacteriaceae,Mycolicibacterium,Mycolicibacterium frederiksbergense,Mycolicibacterium frederiksbergense,3319,0,2,1,0,2,0,1,0
Bacteria,Actinobacteria,Actinobacteria,Corynebacteriales,Mycobacteriaceae,Mycolicibacterium,Mycolicibacterium gadium,Mycolicibacterium gadium,3320,0,1,0,1,0,0,0,0
Bacteria,Actinobacteria,Actinobacteria,Corynebacteriales,Mycobacteriaceae,Mycolicibacterium,Mycolicibacterium gilvum,Mycolicibacterium gilvum,3321,1,0,2,2,2,2,1,1
Bacteria,Actinobacteria,Actinobacteria,Corynebacteriales,Mycobacteriaceae,Mycolicibacterium,Mycolicibacterium goodii,Mycolicibacterium goodii,3322,1,2,0,2,0,0,0,0
Bacteria,Actinobacteria,Actinobacteria,Corynebacteriales,Mycobacteriaceae,Mycolicibacterium,Mycolicibacterium hassiacum,Mycolicibacterium hassiacum,3323,0,0,0,0,0,1,0,0
Bacteria,Actinobacteria,Actinobacteria,Corynebacteriales,Mycobacteriaceae,Mycolicibacterium,Mycolicibacterium helvum,Mycolicibacterium helvum,3324,3,1,0,2,0,0,1,1
Bacteria,Actinobacteria,Actinobacteria,Corynebacteriales,Mycobacteriaceae,Mycolicibacterium,Mycolicibacterium litorale,Mycolicibacterium litorale,3325,0,0,0,1,0,0,0,0
Bacteria,Actinobacteria,Actinobacteria,Corynebacteriales,Mycobacteriaceae,Mycolicibacterium,Mycolicibacterium madagascariense,Mycolicibacterium madagascariense,3326,1,0,0,0,0,0,0,0
Bacteria,Actinobacteria,Actinobacteria,Corynebacteriales,Mycobacteriaceae,Mycolicibacterium,Mycolicibacterium mageritense,Mycolicibacterium mageritense,3327,4,6,0,3,2,0,0,0
Bacteria,Actinobacteria,Actinobacteria,Corynebacteriales,Mycobacteriaceae,Mycolicibacterium,Mycolicibacterium moriokaense,Mycolicibacterium moriokaense,3328,0,0,0,3,0,0,1,0
Bacteria,Actinobacteria,Actinobacteria,Corynebacteriales,Mycobacteriaceae,Mycolicibacterium,Mycolicibacterium parafortuitum,Mycolicibacterium parafortuitum,3329,0,1,0,1,0,0,0,0
Bacteria,Actinobacteria,Actinobacteria,Corynebacteriales,Mycobacteriaceae,Mycolicibacterium,Mycolicibacterium phlei,Mycolicibacterium phlei,3330,3,1,0,1,0,0,0,0
Bacteria,Actinobacteria,Actinobacteria,Corynebacteriales,Mycobacteriaceae,Mycolicibacterium,Mycolicibacterium poriferae,Mycolicibacterium poriferae,3331,0,0,0,0,0,0,1,0
Bacteria,Actinobacteria,Actinobacteria,Corynebacteriales,Mycobacteriaceae,Mycolicibacterium,Mycolicibacterium psychrotolerans,Mycolicibacterium psychrotolerans,3332,2,0,0,1,1,0,0,0
Bacteria,Actinobacteria,Actinobacteria,Corynebacteriales,Mycobacteriaceae,Mycolicibacterium,Mycolicibacterium pulveris,Mycolicibacterium pulveris,3333,0,1,0,1,2,2,1,0
Bacteria,Actinobacteria,Actinobacteria,Corynebacteriales,Mycobacteriaceae,Mycolicibacterium,Mycolicibacterium rhodesiae,Mycolicibacterium rhodesiae,3334,1,0,1,0,3,0,1,1
Bacteria,Actinobacteria,Actinobacteria,Corynebacteriales,Mycobacteriaceae,Mycolicibacterium,Mycolicibacterium rutilum,Mycolicibacterium rutilum,3335,0,0,0,0,3,0,1,0
Bacteria,Actinobacteria,Actinobacteria,Corynebacteriales,Mycobacteriaceae,Mycolicibacterium,Mycolicibacterium sediminis,Mycolicibacterium sediminis,3336,1,1,0,0,0,0,0,0
Bacteria,Actinobacteria,Actinobacteria,Corynebacteriales,Mycobacteriaceae,Mycolicibacterium,Mycolicibacterium smegmatis,Mycolicibacterium smegmatis,3337,1,0,0,0,0,0,0,0
Bacteria,Actinobacteria,Actinobacteria,Corynebacteriales,Mycobacteriaceae,Mycolicibacterium,Mycolicibacterium thermoresistibile,Mycolicibacterium thermoresistibile,3338,0,2,0,0,0,0,0,0
Bacteria,Actinobacteria,Actinobacteria,Corynebacteriales,Mycobacteriaceae,Mycolicibacterium,Mycolicibacterium tokaiense,Mycolicibacterium tokaiense,3339,0,0,0,1,0,0,0,0
Bacteria,Actinobacteria,Actinobacteria,Corynebacteriales,Mycobacteriaceae,Mycolicibacterium,Mycolicibacterium vaccae,Mycolicibacterium vaccae,3340,0,2,0,3,0,0,0,0
Bacteria,Actinobacteria,Actinobacteria,Corynebacteriales,Mycobacteriaceae,Mycolicibacterium,Mycolicibacterium vanbaalenii,Mycolicibacterium vanbaalenii,3341,3,0,0,1,0,1,1,0
Bacteria,Actinobacteria,Actinobacteria,Corynebacteriales,Nocardiaceae,Nocardia,Nocardia arthritidis,Nocardia arthritidis,3444,0,0,1,0,0,0,0,0
Bacteria,Actinobacteria,Actinobacteria,Corynebacteriales,Nocardiaceae,Nocardia,Nocardia asteroides,Nocardia asteroides,3445,1,0,1,0,2,3,0,0
Bacteria,Actinobacteria,Actinobacteria,Corynebacteriales,Nocardiaceae,Nocardia,Nocardia brasiliensis,Nocardia brasiliensis,3446,3,2,3,4,4,1,0,1
Bacteria,Actinobacteria,Actinobacteria,Corynebacteriales,Nocardiaceae,Nocardia,Nocardia cyriacigeorgica,Nocardia cyriacigeorgica,3447,3,1,2,0,1,0,0,0
Bacteria,Actinobacteria,Actinobacteria,Corynebacteriales,Nocardiaceae,Nocardia,Nocardia farcinica,Nocardia farcinica,3448,1,4,0,1,0,0,0,0
Bacteria,Actinobacteria,Actinobacteria,Corynebacteriales,Nocardiaceae,Nocardia,Nocardia mangyaensis,Nocardia mangyaensis,3449,4,4,1,0,0,1,1,1
Bacteria,Actinobacteria,Actinobacteria,Corynebacteriales,Nocardiaceae,Nocardia,Nocardia nova,Nocardia nova,3450,2,1,1,0,0,0,0,1
Bacteria,Actinobacteria,Actinobacteria,Corynebacteriales,Nocardiaceae,Nocardia,Nocardia otitidiscaviarum,Nocardia otitidiscaviarum,3451,4,0,2,0,2,1,4,1
Bacteria,Actinobacteria,Actinobacteria,Corynebacteriales,Nocardiaceae,Nocardia,Nocardia seriolae,Nocardia seriolae,3452,0,2,2,0,0,2,1,0
Bacteria,Actinobacteria,Actinobacteria,Corynebacteriales,Nocardiaceae,Nocardia,Nocardia sp. CFHS0054,Nocardia sp. CFHS0054,3453,2,2,1,1,2,2,1,1
Bacteria,Actinobacteria,Actinobacteria,Corynebacteriales,Nocardiaceae,Nocardia,Nocardia sp. CS682,Nocardia sp. CS682,3454,2,0,0,0,0,0,0,0
Bacteria,Actinobacteria,Actinobacteria,Corynebacteriales,Nocardiaceae,Nocardia,Nocardia sp. WCH-YHL-001,Nocardia sp. WCH-YHL-001,3455,1,1,0,2,5,1,1,1
Bacteria,Actinobacteria,Actinobacteria,Corynebacteriales,Nocardiaceae,Nocardia,Nocardia terpenica,Nocardia terpenica,3456,0,2,0,1,6,2,0,5
Bacteria,Actinobacteria,Actinobacteria,Corynebacteriales,Nocardiaceae,Rhodococcus,Rhodococcus coprophilus,Rhodococcus coprophilus,4337,5,2,9,0,3,4,9,3
Bacteria,Actinobacteria,Actinobacteria,Corynebacteriales,Nocardiaceae,Rhodococcus,Rhodococcus fascians,Rhodococcus fascians,4338,3,2,1,1,0,0,0,0
Bacteria,Actinobacteria,Actinobacteria,Corynebacteriales,Nocardiaceae,Rhodococcus,Rhodococcus hoagii,Rhodococcus hoagii,4339,1,0,0,0,0,0,0,0
Bacteria,Actinobacteria,Actinobacteria,Corynebacteriales,Nocardiaceae,Rhodococcus,Rhodococcus opacus,Rhodococcus opacus,4340,2,1,0,0,0,0,1,0
Bacteria,Actinobacteria,Actinobacteria,Corynebacteriales,Nocardiaceae,Rhodococcus,Rhodococcus pyridinivorans,Rhodococcus pyridinivorans,4341,0,1,0,0,0,0,0,0
Bacteria,Actinobacteria,Actinobacteria,Corynebacteriales,Nocardiaceae,Rhodococcus,Rhodococcus ruber,Rhodococcus ruber,4342,1,0,0,0,0,0,0,0
Bacteria,Actinobacteria,Actinobacteria,Corynebacteriales,Nocardiaceae,Rhodococcus,Rhodococcus sp. ABRD24,Rhodococcus sp. ABRD24,4343,0,2,0,0,0,0,0,0
Bacteria,Actinobacteria,Actinobacteria,Corynebacteriales,Nocardiaceae,Rhodococcus,Rhodococcus sp. MTM3W5.2,Rhodococcus sp. MTM3W5.2,4344,1,2,0,0,0,0,0,0
Bacteria,Actinobacteria,Actinobacteria,Corynebacteriales,Nocardiaceae,Rhodococcus,Rhodococcus sp. P1Y,Rhodococcus sp. P1Y,4345,1,1,1,0,0,0,0,0
Bacteria,Actinobacteria,Actinobacteria,Corynebacteriales,Nocardiaceae,Rhodococcus,Rhodococcus sp. PBTS 1,Rhodococcus sp. PBTS 1,4346,2,0,0,2,1,4,4,4
Bacteria,Actinobacteria,Actinobacteria,Corynebacteriales,Nocardiaceae,Rhodococcus,Rhodococcus sp. S2-17,Rhodococcus sp. S2-17,4347,1,0,0,0,0,0,0,0
Bacteria,Actinobacteria,Actinobacteria,Corynebacteriales,Nocardiaceae,Rhodococcus,Rhodococcus sp. W8901,Rhodococcus sp. W8901,4348,0,0,1,1,0,0,0,1
Bacteria,Actinobacteria,Actinobacteria,Corynebacteriales,Nocardiaceae,Rhodococcus,Rhodococcus sp. WAY2,Rhodococcus sp. WAY2,4349,2,0,0,1,0,0,1,0
Bacteria,Actinobacteria,Actinobacteria,Corynebacteriales,Nocardiaceae,Rhodococcus,Rhodococcus sp. WMMA185,Rhodococcus sp. WMMA185,4350,1,0,2,0,0,2,1,0
Bacteria,Actinobacteria,Actinobacteria,Corynebacteriales,Nocardiaceae,Rhodococcus,Rhodococcus sp. X156,Rhodococcus sp. X156,4351,1,2,0,0,0,0,0,0
Bacteria,Actinobacteria,Actinobacteria,Corynebacteriales,Nocardiaceae,Rhodococcus,Rhodococcus triatomae,Rhodococcus triatomae,4352,0,1,0,0,0,0,0,0
Bacteria,Actinobacteria,Actinobacteria,Corynebacteriales,Segniliparaceae,Segniliparus,Segniliparus rotundus,Segniliparus rotundus,4508,2,1,0,0,0,0,0,0
Bacteria,Actinobacteria,Actinobacteria,Corynebacteriales,Tsukamurellaceae,Tsukamurella,Tsukamurella paurometabola,Tsukamurella paurometabola,5206,1,0,1,1,0,0,1,0
Bacteria,Actinobacteria,Actinobacteria,Corynebacteriales,Tsukamurellaceae,Tsukamurella,Tsukamurella tyrosinosolvens,Tsukamurella tyrosinosolvens,5207,3,0,1,0,0,0,0,0
Bacteria,Actinobacteria,Actinobacteria,Frankiales,Frankiaceae,Frankia,Candidatus Frankia datiscae,Candidatus Frankia datiscae,890,2,1,0,0,2,1,0,0
Bacteria,Actinobacteria,Actinobacteria,Frankiales,Frankiaceae,Frankia,Frankia alni,Frankia alni,1887,0,1,1,2,2,5,1,1
Bacteria,Actinobacteria,Actinobacteria,Frankiales,Frankiaceae,Frankia,Frankia casuarinae,Frankia casuarinae,1888,1,1,0,0,0,0,0,0
Bacteria,Actinobacteria,Actinobacteria,Frankiales,Frankiaceae,Frankia,Frankia sp. EAN1pec,Frankia sp. EAN1pec,1889,0,3,1,1,6,4,5,2
Bacteria,Actinobacteria,Actinobacteria,Frankiales,Frankiaceae,Frankia,Frankia sp. QA3,Frankia sp. QA3,1890,1,2,0,1,0,0,0,0
Bacteria,Actinobacteria,Actinobacteria,Frankiales,Frankiaceae,Jatrophihabitans,Jatrophihabitans sp. GAS493,Jatrophihabitans sp. GAS493,2583,3,0,0,0,0,0,0,0
Bacteria,Actinobacteria,Actinobacteria,Geodermatophilales,Geodermatophilaceae,Blastococcus,Blastococcus saxobsidens,Blastococcus saxobsidens,606,1,0,2,0,0,1,0,1
Bacteria,Actinobacteria,Actinobacteria,Geodermatophilales,Geodermatophilaceae,Geodermatophilus,Geodermatophilus obscurus,Geodermatophilus obscurus,2313,2,1,0,0,4,3,0,6
Bacteria,Actinobacteria,Actinobacteria,Glycomycetales,Glycomycetaceae,Stackebrandtia,Stackebrandtia nassauensis,Stackebrandtia nassauensis,4717,1,1,0,1,1,0,0,0
Bacteria,Actinobacteria,Actinobacteria,Kineosporiales,Kineosporiaceae,Kineococcus,Kineococcus radiotolerans,Kineococcus radiotolerans,2603,0,0,1,0,0,0,0,0
Bacteria,Actinobacteria,Actinobacteria,Micrococcales,Beutenbergiaceae,Miniimonas,Miniimonas sp. S16,Miniimonas sp. S16,3222,1,0,0,1,2,2,0,1
Bacteria,Actinobacteria,Actinobacteria,Micrococcales,Bogoriellaceae,Georgenia,Georgenia sp. Z294,Georgenia sp. Z294,2315,1,0,0,0,1,0,0,0
Bacteria,Actinobacteria,Actinobacteria,Micrococcales,Bogoriellaceae,Georgenia,Georgenia sp. Z443,Georgenia sp. Z443,2316,0,0,0,0,0,0,0,1
Bacteria,Actinobacteria,Actinobacteria,Micrococcales,Brevibacteriaceae,Brevibacterium,Brevibacterium aurantiacum,Brevibacterium aurantiacum,705,1,3,0,1,0,0,0,0
Bacteria,Actinobacteria,Actinobacteria,Micrococcales,Brevibacteriaceae,Brevibacterium,Brevibacterium linens,Brevibacterium linens,707,0,2,4,5,11,3,6,4
Bacteria,Actinobacteria,Actinobacteria,Micrococcales,Brevibacteriaceae,Brevibacterium,Brevibacterium luteolum,Brevibacterium luteolum,708,6,1,33,9,5,14,32,9
Bacteria,Actinobacteria,Actinobacteria,Micrococcales,Brevibacteriaceae,Brevibacterium,Brevibacterium sandarakinum,Brevibacterium sandarakinum,709,1,2,0,0,0,0,1,0
Bacteria,Actinobacteria,Actinobacteria,Micrococcales,Brevibacteriaceae,Brevibacterium,Brevibacterium sp. CS2,Brevibacterium sp. CS2,710,1,4,0,1,1,0,0,0
Bacteria,Actinobacteria,Actinobacteria,Micrococcales,Brevibacteriaceae,Brevibacterium,Brevibacterium sp. Marine,Brevibacterium sp. Marine,711,1,0,0,0,0,0,0,0
Bacteria,Actinobacteria,Actinobacteria,Micrococcales,Brevibacteriaceae,Brevibacterium,Brevibacterium sp. o2,Brevibacterium sp. o2,712,2,2,0,1,0,0,0,0
Bacteria,Actinobacteria,Actinobacteria,Micrococcales,Brevibacteriaceae,Brevibacterium,Brevibacterium sp. WO024,Brevibacterium sp. WO024,713,0,0,0,1,0,0,1,0
Bacteria,Actinobacteria,Actinobacteria,Micrococcales,Brevibacteriaceae,Brevibacterium,Brevibacterium sp. YB235,Brevibacterium sp. YB235,714,1,1,0,0,6,2,1,1
Bacteria,Actinobacteria,Actinobacteria,Micrococcales,Cellulomonadaceae,Cellulomonas,Cellulomonas flavigena,Cellulomonas flavigena,1025,2,6,0,1,2,1,1,1
Bacteria,Actinobacteria,Actinobacteria,Micrococcales,Cellulomonadaceae,Cellulomonas,Cellulomonas gilvus,Cellulomonas gilvus,1026,1,0,0,2,0,0,0,0
Bacteria,Actinobacteria,Actinobacteria,Micrococcales,Cellulomonadaceae,Cellulomonas,Cellulomonas shaoxiangyii,Cellulomonas shaoxiangyii,1027,1,0,0,0,0,0,0,0
Bacteria,Actinobacteria,Actinobacteria,Micrococcales,Cellulomonadaceae,Cellulomonas,Cellulomonas sp. 40-2,Cellulomonas sp. 40-2,1028,2,0,0,2,0,0,0,0
Bacteria,Actinobacteria,Actinobacteria,Micrococcales,Cellulomonadaceae,Cellulomonas,Cellulomonas sp. H30R-01,Cellulomonas sp. H30R-01,1029,1,0,0,1,0,0,0,0
Bacteria,Actinobacteria,Actinobacteria,Micrococcales,Cellulomonadaceae,Cellulomonas,Cellulomonas sp. JZ18,Cellulomonas sp. JZ18,1030,2,0,3,1,0,4,0,1
Bacteria,Actinobacteria,Actinobacteria,Micrococcales,Cellulomonadaceae,Cellulomonas,Cellulomonas sp. PSBB021,Cellulomonas sp. PSBB021,1031,1,0,0,0,0,0,0,0
Bacteria,Actinobacteria,Actinobacteria,Micrococcales,Cellulomonadaceae,Cellulomonas,Cellulomonas sp. Y8,Cellulomonas sp. Y8,1032,0,0,0,1,1,1,0,0
Bacteria,Actinobacteria,Actinobacteria,Micrococcales,Cellulomonadaceae,Oerskovia,Oerskovia sp. KBS0722,Oerskovia sp. KBS0722,3583,0,1,0,0,0,0,0,0
Bacteria,Actinobacteria,Actinobacteria,Micrococcales,Cellulomonadaceae,Paraoerskovia,Paraoerskovia marina,Paraoerskovia marina,3781,0,0,1,0,0,0,0,0
Bacteria,Actinobacteria,Actinobacteria,Micrococcales,Cellulomonadaceae,Pseudactinotalea,Pseudactinotalea sp. HY158,Pseudactinotalea sp. HY158,4036,2,0,1,1,2,0,2,0
Bacteria,Actinobacteria,Actinobacteria,Micrococcales,Dermabacteraceae,Brachybacterium,Brachybacterium ginsengisoli,Brachybacterium ginsengisoli,660,1,0,0,1,0,0,0,0
Bacteria,Actinobacteria,Actinobacteria,Micrococcales,Dermabacteraceae,Brachybacterium,Brachybacterium saurashtrense,Brachybacterium saurashtrense,661,0,1,0,0,0,0,0,0
Bacteria,Actinobacteria,Actinobacteria,Micrococcales,Dermabacteraceae,Brachybacterium,Brachybacterium vulturis,Brachybacterium vulturis,662,0,1,0,0,0,0,0,0
Bacteria,Actinobacteria,Actinobacteria,Micrococcales,Dermabacteraceae,Dermabacter,Dermabacter jinjuensis,Dermabacter jinjuensis,1407,3,1,6,1,0,2,1,5
Bacteria,Actinobacteria,Actinobacteria,Micrococcales,Dermabacteraceae,Dermabacter,Dermabacter vaginalis,Dermabacter vaginalis,1408,0,1,0,0,0,0,0,0
Bacteria,Actinobacteria,Actinobacteria,Micrococcales,Dermacoccaceae,Luteipulveratus,Luteipulveratus mongoliensis,Luteipulveratus mongoliensis,2900,1,7,12,3,2,9,19,18
Bacteria,Actinobacteria,Actinobacteria,Micrococcales,Dermatophilaceae,Austwickia,Austwickia chelonae,Austwickia chelonae,420,0,1,0,0,0,0,0,0
Bacteria,Actinobacteria,Actinobacteria,Micrococcales,Dermatophilaceae,Mobilicoccus,Mobilicoccus sp. NJES-13,Mobilicoccus sp. NJES-13,3229,1,3,0,0,0,0,0,0
Bacteria,Actinobacteria,Actinobacteria,Micrococcales,Intrasporangiaceae,Arsenicicoccus,Arsenicicoccus sp. oral taxon 190,Arsenicicoccus sp. oral taxon 190,383,1,0,0,0,0,0,0,0
Bacteria,Actinobacteria,Actinobacteria,Micrococcales,Intrasporangiaceae,Janibacter,Janibacter indicus,Janibacter indicus,2570,0,1,1,1,4,2,4,1
Bacteria,Actinobacteria,Actinobacteria,Micrococcales,Intrasporangiaceae,Janibacter,Janibacter limosus,Janibacter limosus,2571,2,0,1,1,2,3,1,1
Bacteria,Actinobacteria,Actinobacteria,Micrococcales,Intrasporangiaceae,Janibacter,Janibacter melonis,Janibacter melonis,2572,1,0,0,0,1,1,0,0
Bacteria,Actinobacteria,Actinobacteria,Micrococcales,Intrasporangiaceae,Janibacter,Janibacter sp. YB324,Janibacter sp. YB324,2573,0,0,1,0,0,0,0,0
Bacteria,Actinobacteria,Actinobacteria,Micrococcales,Intrasporangiaceae,Ornithinimicrobium,Ornithinimicrobium sp. AMA3305,Ornithinimicrobium sp. AMA3305,3601,1,1,1,0,1,0,0,0
Bacteria,Actinobacteria,Actinobacteria,Micrococcales,Intrasporangiaceae,Ornithinimicrobium,Ornithinimicrobium sp. H23M54,Ornithinimicrobium sp. H23M54,3602,0,3,13,5,2,12,15,7
Bacteria,Actinobacteria,Actinobacteria,Micrococcales,Intrasporangiaceae,Ornithinimicrobium,Ornithinimicrobium sp. HY006,Ornithinimicrobium sp. HY006,3603,1,2,0,0,3,2,1,0
Bacteria,Actinobacteria,Actinobacteria,Micrococcales,Intrasporangiaceae,Phycicoccus,Phycicoccus dokdonensis,Phycicoccus dokdonensis,3876,0,0,0,0,1,0,2,0
Bacteria,Actinobacteria,Actinobacteria,Micrococcales,Intrasporangiaceae,Serinicoccus,Serinicoccus chungangensis,Serinicoccus chungangensis,4516,0,2,0,1,7,6,0,1
Bacteria,Actinobacteria,Actinobacteria,Micrococcales,Intrasporangiaceae,Serinicoccus,Serinicoccus hydrothermalis,Serinicoccus hydrothermalis,4517,1,0,1,0,1,0,0,0
Bacteria,Actinobacteria,Actinobacteria,Micrococcales,Intrasporangiaceae,Serinicoccus,Serinicoccus profundi,Serinicoccus profundi,4518,0,0,0,0,2,1,0,0
Bacteria,Actinobacteria,Actinobacteria,Micrococcales,Intrasporangiaceae,Tetrasphaera,Tetrasphaera sp. HKS02,Tetrasphaera sp. HKS02,5082,1,0,0,2,0,0,0,0
Bacteria,Actinobacteria,Actinobacteria,Micrococcales,Jonesiaceae,Jonesia,Jonesia denitrificans,Jonesia denitrificans,2592,0,1,0,0,0,0,0,0
Bacteria,Actinobacteria,Actinobacteria,Micrococcales,Microbacteriaceae,Agrococcus,Agrococcus jejuensis,Agrococcus jejuensis,196,4,1,0,3,1,0,0,0
Bacteria,Actinobacteria,Actinobacteria,Micrococcales,Microbacteriaceae,Agrococcus,Agrococcus sp. SGAir0287,Agrococcus sp. SGAir0287,197,1,0,0,0,0,0,0,0
Bacteria,Actinobacteria,Actinobacteria,Micrococcales,Microbacteriaceae,Agromyces,Agromyces aureus,Agromyces aureus,198,3,0,0,0,0,0,0,0
Bacteria,Actinobacteria,Actinobacteria,Micrococcales,Microbacteriaceae,Agromyces,Agromyces flavus,Agromyces flavus,199,2,5,2,2,6,5,4,3
Bacteria,Actinobacteria,Actinobacteria,Micrococcales,Microbacteriaceae,Agromyces,Agromyces protaetiae,Agromyces protaetiae,200,1,1,0,1,1,1,1,1
Bacteria,Actinobacteria,Actinobacteria,Micrococcales,Microbacteriaceae,Agromyces,Agromyces sp. HY052,Agromyces sp. HY052,201,0,1,0,0,1,0,0,0
Bacteria,Actinobacteria,Actinobacteria,Micrococcales,Microbacteriaceae,Agromyces,Agromyces sp. MF30-A,Agromyces sp. MF30-A,202,0,2,4,0,0,1,2,0
Bacteria,Actinobacteria,Actinobacteria,Micrococcales,Microbacteriaceae,Aurantimicrobium,Aurantimicrobium minutum,Aurantimicrobium minutum,412,0,1,2,0,0,0,0,0
Bacteria,Actinobacteria,Actinobacteria,Micrococcales,Microbacteriaceae,Aurantimicrobium,Aurantimicrobium sp. MWH-Mo1,Aurantimicrobium sp. MWH-Mo1,413,0,0,1,1,0,0,0,0
Bacteria,Actinobacteria,Actinobacteria,Micrococcales,Microbacteriaceae,Aurantimicrobium,Aurantimicrobium sp. MWH-Uga1,Aurantimicrobium sp. MWH-Uga1,414,0,1,0,0,0,0,0,0
Bacteria,Actinobacteria,Actinobacteria,Micrococcales,Microbacteriaceae,Candidatus Aquiluna,Candidatus Aquiluna sp. 15G-AUS-rot,Candidatus Aquiluna sp. 15G-AUS-rot,860,3,2,2,4,6,5,3,4
Bacteria,Actinobacteria,Actinobacteria,Micrococcales,Microbacteriaceae,Candidatus Aquiluna,Candidatus Aquiluna sp. UB-MaderosW2red,Candidatus Aquiluna sp. UB-MaderosW2red,861,2,1,5,3,1,5,6,2
Bacteria,Actinobacteria,Actinobacteria,Micrococcales,Microbacteriaceae,Cryobacterium,Cryobacterium arcticum,Cryobacterium arcticum,1333,1,1,0,0,0,0,0,0
Bacteria,Actinobacteria,Actinobacteria,Micrococcales,Microbacteriaceae,Cryobacterium,Cryobacterium soli,Cryobacterium soli,1334,2,4,0,0,0,0,0,1
Bacteria,Actinobacteria,Actinobacteria,Micrococcales,Microbacteriaceae,Cryobacterium,Cryobacterium sp. LW097,Cryobacterium sp. LW097,1335,0,1,0,0,0,0,0,0
Bacteria,Actinobacteria,Actinobacteria,Micrococcales,Microbacteriaceae,Curtobacterium,Curtobacterium pusillum,Curtobacterium pusillum,1351,0,0,1,1,8,3,4,3
Bacteria,Actinobacteria,Actinobacteria,Micrococcales,Microbacteriaceae,Curtobacterium,Curtobacterium sp. Csp2,Curtobacterium sp. Csp2,1352,0,1,1,0,3,1,2,3
Bacteria,Actinobacteria,Actinobacteria,Micrococcales,Microbacteriaceae,Curtobacterium,Curtobacterium sp. MR_MD2014,Curtobacterium sp. MR_MD2014,1353,0,0,0,1,0,0,0,0
Bacteria,Actinobacteria,Actinobacteria,Micrococcales,Microbacteriaceae,Diaminobutyricimonas,Diaminobutyricimonas sp. LJ205,Diaminobutyricimonas sp. LJ205,1479,0,0,0,1,1,2,0,0
Bacteria,Actinobacteria,Actinobacteria,Micrococcales,Microbacteriaceae,Frondihabitans,Frondihabitans sp. 762G35,Frondihabitans sp. 762G35,1896,3,1,0,1,0,0,0,0
Bacteria,Actinobacteria,Actinobacteria,Micrococcales,Microbacteriaceae,Frondihabitans,Frondihabitans sp. PAMC 28766,Frondihabitans sp. PAMC 28766,1897,0,0,0,1,0,0,0,0
Bacteria,Actinobacteria,Actinobacteria,Micrococcales,Microbacteriaceae,Glaciihabitans,Glaciihabitans sp. INWT7,Glaciihabitans sp. INWT7,2328,3,0,0,1,0,0,0,0
Bacteria,Actinobacteria,Actinobacteria,Micrococcales,Microbacteriaceae,Gryllotalpicola,Gryllotalpicola protaetiae,Gryllotalpicola protaetiae,2368,1,0,0,0,0,0,0,0
Bacteria,Actinobacteria,Actinobacteria,Micrococcales,Microbacteriaceae,Herbiconiux,Herbiconiux sp. SALV-R1,Herbiconiux sp. SALV-R1,2489,0,0,0,0,0,0,0,1
Bacteria,Actinobacteria,Actinobacteria,Micrococcales,Microbacteriaceae,Humibacter,Humibacter sp. BT305,Humibacter sp. BT305,2499,5,0,2,0,0,0,0,0
Bacteria,Actinobacteria,Actinobacteria,Micrococcales,Microbacteriaceae,Humibacter,Humibacter sp. WJ7-1,Humibacter sp. WJ7-1,2500,3,0,0,0,0,0,0,0
Bacteria,Actinobacteria,Actinobacteria,Micrococcales,Microbacteriaceae,Leifsonia,Leifsonia shinshuensis,Leifsonia shinshuensis,2821,0,1,0,0,1,0,0,0
Bacteria,Actinobacteria,Actinobacteria,Micrococcales,Microbacteriaceae,Leifsonia,Leifsonia sp. 21MFCrub1.1,Leifsonia sp. 21MFCrub1.1,2822,1,1,0,1,0,0,0,0
Bacteria,Actinobacteria,Actinobacteria,Micrococcales,Microbacteriaceae,Leifsonia,Leifsonia sp. PS1209,Leifsonia sp. PS1209,2823,0,1,2,3,0,2,1,1
Bacteria,Actinobacteria,Actinobacteria,Micrococcales,Microbacteriaceae,Leifsonia,Leifsonia xyli,Leifsonia xyli,2824,1,1,0,0,0,0,0,0
Bacteria,Actinobacteria,Actinobacteria,Micrococcales,Microbacteriaceae,Leucobacter,Leucobacter sp. DSM 101948,Leucobacter sp. DSM 101948,2858,1,0,0,0,0,0,0,0
Bacteria,Actinobacteria,Actinobacteria,Micrococcales,Microbacteriaceae,Leucobacter,Leucobacter sp. HDW9B,Leucobacter sp. HDW9B,2859,0,0,0,0,1,0,1,1
Bacteria,Actinobacteria,Actinobacteria,Micrococcales,Microbacteriaceae,Leucobacter,Leucobacter sp. HDW9C,Leucobacter sp. HDW9C,2860,1,3,0,0,0,0,0,0
Bacteria,Actinobacteria,Actinobacteria,Micrococcales,Microbacteriaceae,Leucobacter,Leucobacter triazinivorans,Leucobacter triazinivorans,2861,0,1,0,0,0,0,0,0
Bacteria,Actinobacteria,Actinobacteria,Micrococcales,Microbacteriaceae,Marisediminicola,Marisediminicola antarctica,Marisediminicola antarctica,2975,1,3,1,0,0,0,1,0
Bacteria,Actinobacteria,Actinobacteria,Micrococcales,Microbacteriaceae,Microbacterium,Microbacterium chocolatum,Microbacterium chocolatum,3151,0,0,2,0,0,2,6,0
Bacteria,Actinobacteria,Actinobacteria,Micrococcales,Microbacteriaceae,Microbacterium,Microbacterium endophyticum,Microbacterium endophyticum,3152,0,1,0,2,0,0,0,0
Bacteria,Actinobacteria,Actinobacteria,Micrococcales,Microbacteriaceae,Microbacterium,Microbacterium esteraromaticum,Microbacterium esteraromaticum,3153,1,1,0,0,0,0,0,0
Bacteria,Actinobacteria,Actinobacteria,Micrococcales,Microbacteriaceae,Microbacterium,Microbacterium foliorum,Microbacterium foliorum,3154,2,4,4,6,0,0,0,0
Bacteria,Actinobacteria,Actinobacteria,Micrococcales,Microbacteriaceae,Microbacterium,Microbacterium hominis,Microbacterium hominis,3155,1,0,1,1,0,0,0,0
Bacteria,Actinobacteria,Actinobacteria,Micrococcales,Microbacteriaceae,Microbacterium,Microbacterium lemovicicum,Microbacterium lemovicicum,3156,2,0,2,0,0,0,0,0
Bacteria,Actinobacteria,Actinobacteria,Micrococcales,Microbacteriaceae,Microbacterium,Microbacterium oleivorans,Microbacterium oleivorans,3157,0,1,2,4,4,3,6,2
Bacteria,Actinobacteria,Actinobacteria,Micrococcales,Microbacteriaceae,Microbacterium,Microbacterium oryzae,Microbacterium oryzae,3158,2,1,0,1,0,0,0,0
Bacteria,Actinobacteria,Actinobacteria,Micrococcales,Microbacteriaceae,Microbacterium,Microbacterium oxydans,Microbacterium oxydans,3159,0,0,0,0,0,1,0,0
Bacteria,Actinobacteria,Actinobacteria,Micrococcales,Microbacteriaceae,Microbacterium,Microbacterium protaetiae,Microbacterium protaetiae,3160,1,1,0,0,0,0,0,0
Bacteria,Actinobacteria,Actinobacteria,Micrococcales,Microbacteriaceae,Microbacterium,Microbacterium pygmaeum,Microbacterium pygmaeum,3161,1,1,0,2,0,0,0,0
Bacteria,Actinobacteria,Actinobacteria,Micrococcales,Microbacteriaceae,Microbacterium,Microbacterium sediminis,Microbacterium sediminis,3162,1,1,1,1,2,0,1,0
Bacteria,Actinobacteria,Actinobacteria,Micrococcales,Microbacteriaceae,Microbacterium,Microbacterium sp. 10M-3C3,Microbacterium sp. 10M-3C3,3163,0,1,0,0,0,0,0,0
Bacteria,Actinobacteria,Actinobacteria,Micrococcales,Microbacteriaceae,Microbacterium,Microbacterium sp. 1S1,Microbacterium sp. 1S1,3164,2,0,1,0,1,0,0,1
Bacteria,Actinobacteria,Actinobacteria,Micrococcales,Microbacteriaceae,Microbacterium,Microbacterium sp. 4R-513,Microbacterium sp. 4R-513,3165,1,1,0,0,0,0,0,0
Bacteria,Actinobacteria,Actinobacteria,Micrococcales,Microbacteriaceae,Microbacterium,Microbacterium sp. ABRD_28,Microbacterium sp. ABRD_28,3166,0,0,0,0,0,0,0,1
Bacteria,Actinobacteria,Actinobacteria,Micrococcales,Microbacteriaceae,Microbacterium,Microbacterium sp. BH-3-3-3,Microbacterium sp. BH-3-3-3,3167,0,1,0,2,0,0,0,0
Bacteria,Actinobacteria,Actinobacteria,Micrococcales,Microbacteriaceae,Microbacterium,Microbacterium sp. CBA3102,Microbacterium sp. CBA3102,3168,2,1,0,0,0,0,0,0
Bacteria,Actinobacteria,Actinobacteria,Micrococcales,Microbacteriaceae,Microbacterium,Microbacterium sp. CGR1,Microbacterium sp. CGR1,3169,1,0,0,0,0,0,0,0
Bacteria,Actinobacteria,Actinobacteria,Micrococcales,Microbacteriaceae,Microbacterium,Microbacterium sp. LKL04,Microbacterium sp. LKL04,3170,0,2,1,0,0,0,0,0
Bacteria,Actinobacteria,Actinobacteria,Micrococcales,Microbacteriaceae,Microbacterium,Microbacterium sp. No. 7,Microbacterium sp. No. 7,3171,0,0,0,1,0,0,0,0
Bacteria,Actinobacteria,Actinobacteria,Micrococcales,Microbacteriaceae,Microbacterium,Microbacterium sp. PAMC 28756,Microbacterium sp. PAMC 28756,3172,2,0,0,1,0,0,0,0
Bacteria,Actinobacteria,Actinobacteria,Micrococcales,Microbacteriaceae,Microbacterium,Microbacterium sp. PM5,Microbacterium sp. PM5,3173,3,1,1,1,0,0,0,0
Bacteria,Actinobacteria,Actinobacteria,Micrococcales,Microbacteriaceae,Microbacterium,Microbacterium sp. Se63.02b,Microbacterium sp. Se63.02b,3174,0,1,0,0,0,0,0,0
Bacteria,Actinobacteria,Actinobacteria,Micrococcales,Microbacteriaceae,Microbacterium,Microbacterium sp. SGAir0570,Microbacterium sp. SGAir0570,3175,1,0,0,0,0,0,0,0
Bacteria,Actinobacteria,Actinobacteria,Micrococcales,Microbacteriaceae,Microbacterium,Microbacterium sp. str. China,Microbacterium sp. str. China,3176,0,0,1,0,0,0,0,0
Bacteria,Actinobacteria,Actinobacteria,Micrococcales,Microbacteriaceae,Microbacterium,Microbacterium sp. TPU 3598,Microbacterium sp. TPU 3598,3177,2,0,0,1,0,0,0,0
Bacteria,Actinobacteria,Actinobacteria,Micrococcales,Microbacteriaceae,Microbacterium,Microbacterium sp. Y-01,Microbacterium sp. Y-01,3178,2,0,0,0,0,0,0,0
Bacteria,Actinobacteria,Actinobacteria,Micrococcales,Microbacteriaceae,Microbacterium,Microbacterium testaceum,Microbacterium testaceum,3179,0,2,0,0,0,0,0,0
Bacteria,Actinobacteria,Actinobacteria,Micrococcales,Microbacteriaceae,Microcella,Microcella alkaliphila,Microcella alkaliphila,3190,0,1,0,0,0,0,0,0
Bacteria,Actinobacteria,Actinobacteria,Micrococcales,Microbacteriaceae,Microterricola,Microterricola viridarii,Microterricola viridarii,3216,0,0,0,1,0,0,0,0
Bacteria,Actinobacteria,Actinobacteria,Micrococcales,Microbacteriaceae,Plantibacter,Plantibacter flavus,Plantibacter flavus,3951,0,1,0,0,0,0,0,0
Bacteria,Actinobacteria,Actinobacteria,Micrococcales,Microbacteriaceae,Plantibacter,Plantibacter sp. PA-3-X8,Plantibacter sp. PA-3-X8,3952,0,0,0,2,0,0,0,0
Bacteria,Actinobacteria,Actinobacteria,Micrococcales,Microbacteriaceae,Pontimonas,Pontimonas salivibrio,Pontimonas salivibrio,3987,0,0,0,1,0,2,0,0
Bacteria,Actinobacteria,Actinobacteria,Micrococcales,Microbacteriaceae,Rathayibacter,Rathayibacter iranicus,Rathayibacter iranicus,4281,0,1,1,0,0,0,0,0
Bacteria,Actinobacteria,Actinobacteria,Micrococcales,Microbacteriaceae,Rathayibacter,Rathayibacter sp. VKM Ac-2759,Rathayibacter sp. VKM Ac-2759,4282,0,0,1,0,2,2,2,0
Bacteria,Actinobacteria,Actinobacteria,Micrococcales,Microbacteriaceae,Rathayibacter,Rathayibacter sp. VKM Ac-2801,Rathayibacter sp. VKM Ac-2801,4283,1,2,0,0,0,0,0,0
Bacteria,Actinobacteria,Actinobacteria,Micrococcales,Microbacteriaceae,Rathayibacter,Rathayibacter sp. VKM Ac-2804,Rathayibacter sp. VKM Ac-2804,4284,0,0,0,0,0,0,0,1
Bacteria,Actinobacteria,Actinobacteria,Micrococcales,Microbacteriaceae,Rathayibacter,Rathayibacter sp. VKM Ac-2805,Rathayibacter sp. VKM Ac-2805,4285,0,1,1,0,4,1,0,2
Bacteria,Actinobacteria,Actinobacteria,Micrococcales,Microbacteriaceae,Rathayibacter,Rathayibacter toxicus,Rathayibacter toxicus,4286,0,0,0,1,0,0,0,0
Bacteria,Actinobacteria,Actinobacteria,Micrococcales,Microbacteriaceae,Rathayibacter,Rathayibacter tritici,Rathayibacter tritici,4287,1,2,0,1,0,0,0,0
Bacteria,Actinobacteria,Actinobacteria,Micrococcales,Microbacteriaceae,Rhodoluna,Rhodoluna lacicola,Rhodoluna lacicola,4360,2,0,0,0,3,2,2,5
Bacteria,Actinobacteria,Actinobacteria,Micrococcales,Microbacteriaceae,Rhodoluna,Rhodoluna limnophila,Rhodoluna limnophila,4361,1,0,0,0,0,0,0,0
Bacteria,Actinobacteria,Actinobacteria,Micrococcales,Microbacteriaceae,Salinibacterium,Salinibacterium sp. CGMCC 1.16371,Salinibacterium sp. CGMCC 1.16371,4468,1,0,0,0,0,0,0,0
Bacteria,Actinobacteria,Actinobacteria,Micrococcales,Microbacteriaceae,Salinibacterium,Salinibacterium sp. UTAS2018,Salinibacterium sp. UTAS2018,4469,1,0,0,1,0,0,0,0
Bacteria,Actinobacteria,Actinobacteria,Micrococcales,Micrococcaceae,Arthrobacter,Arthrobacter alpinus,Arthrobacter alpinus,387,0,0,1,1,0,0,0,0
Bacteria,Actinobacteria,Actinobacteria,Micrococcales,Micrococcaceae,Arthrobacter,Arthrobacter citreus,Arthrobacter citreus,388,7,6,63,14,8,25,56,25
Bacteria,Actinobacteria,Actinobacteria,Micrococcales,Micrococcaceae,Arthrobacter,Arthrobacter crystallopoietes,Arthrobacter crystallopoietes,389,3,3,1,3,4,2,2,1
Bacteria,Actinobacteria,Actinobacteria,Micrococcales,Micrococcaceae,Arthrobacter,Arthrobacter dokdonellae,Arthrobacter dokdonellae,390,1,1,1,0,0,0,0,0
Bacteria,Actinobacteria,Actinobacteria,Micrococcales,Micrococcaceae,Arthrobacter,Arthrobacter sp. 24S4-2,Arthrobacter sp. 24S4-2,392,2,1,0,0,1,2,0,0
Bacteria,Actinobacteria,Actinobacteria,Micrococcales,Micrococcaceae,Arthrobacter,Arthrobacter sp. AQ5-05,Arthrobacter sp. AQ5-05,393,1,0,0,0,0,0,0,0
Bacteria,Actinobacteria,Actinobacteria,Micrococcales,Micrococcaceae,Arthrobacter,Arthrobacter sp. ERGS1:01,Arthrobacter sp. ERGS1:01,394,1,0,1,2,0,0,0,0
Bacteria,Actinobacteria,Actinobacteria,Micrococcales,Micrococcaceae,Arthrobacter,Arthrobacter sp. FB24,Arthrobacter sp. FB24,395,4,1,1,1,0,0,3,0
Bacteria,Actinobacteria,Actinobacteria,Micrococcales,Micrococcaceae,Arthrobacter,Arthrobacter sp. KBS0702,Arthrobacter sp. KBS0702,396,0,1,0,0,0,0,0,0
Bacteria,Actinobacteria,Actinobacteria,Micrococcales,Micrococcaceae,Arthrobacter,Arthrobacter sp. NEB 688,Arthrobacter sp. NEB 688,397,3,0,0,0,0,0,0,0
Bacteria,Actinobacteria,Actinobacteria,Micrococcales,Micrococcaceae,Arthrobacter,Arthrobacter sp. PAMC 25486,Arthrobacter sp. PAMC 25486,398,3,0,1,0,0,0,0,0
Bacteria,Actinobacteria,Actinobacteria,Micrococcales,Micrococcaceae,Arthrobacter,Arthrobacter sp. PAMC25564,Arthrobacter sp. PAMC25564,399,1,0,1,0,0,0,0,0
Bacteria,Actinobacteria,Actinobacteria,Micrococcales,Micrococcaceae,Arthrobacter,Arthrobacter sp. PGP41,Arthrobacter sp. PGP41,400,0,1,0,1,0,0,0,0
Bacteria,Actinobacteria,Actinobacteria,Micrococcales,Micrococcaceae,Arthrobacter,Arthrobacter sp. QXT-31,Arthrobacter sp. QXT-31,401,1,2,0,0,0,0,0,0
Bacteria,Actinobacteria,Actinobacteria,Micrococcales,Micrococcaceae,Arthrobacter,Arthrobacter sp. U41,Arthrobacter sp. U41,402,2,0,0,1,0,0,0,0
Bacteria,Actinobacteria,Actinobacteria,Micrococcales,Micrococcaceae,Arthrobacter,Arthrobacter sp. UKPF54-2,Arthrobacter sp. UKPF54-2,403,0,1,0,0,0,0,0,0
Bacteria,Actinobacteria,Actinobacteria,Micrococcales,Micrococcaceae,Arthrobacter,Arthrobacter sp. YC-RL1,Arthrobacter sp. YC-RL1,404,4,5,1,2,0,0,0,0
Bacteria,Actinobacteria,Actinobacteria,Micrococcales,Micrococcaceae,Arthrobacter,Arthrobacter sp. YN,Arthrobacter sp. YN,405,2,1,2,6,9,3,0,4
Bacteria,Actinobacteria,Actinobacteria,Micrococcales,Micrococcaceae,Auritidibacter,Auritidibacter sp. NML130574,Auritidibacter sp. NML130574,419,2,3,0,2,1,3,3,2
Bacteria,Actinobacteria,Actinobacteria,Micrococcales,Micrococcaceae,Glutamicibacter,Glutamicibacter arilaitensis,Glutamicibacter arilaitensis,2335,4,1,2,0,0,0,0,0
Bacteria,Actinobacteria,Actinobacteria,Micrococcales,Micrococcaceae,Glutamicibacter,Glutamicibacter creatinolyticus,Glutamicibacter creatinolyticus,2336,0,0,3,0,0,0,0,2
Bacteria,Actinobacteria,Actinobacteria,Micrococcales,Micrococcaceae,Glutamicibacter,Glutamicibacter halophytocola,Glutamicibacter halophytocola,2337,2,1,0,0,0,0,0,0
Bacteria,Actinobacteria,Actinobacteria,Micrococcales,Micrococcaceae,Glutamicibacter,Glutamicibacter mishrai,Glutamicibacter mishrai,2338,0,0,0,1,0,0,0,0
Bacteria,Actinobacteria,Actinobacteria,Micrococcales,Micrococcaceae,Kocuria,Kocuria palustris,Kocuria palustris,2629,0,1,0,0,0,0,0,0
Bacteria,Actinobacteria,Actinobacteria,Micrococcales,Micrococcaceae,Kocuria,Kocuria rosea,Kocuria rosea,2630,0,0,0,1,0,0,0,0
Bacteria,Actinobacteria,Actinobacteria,Micrococcales,Micrococcaceae,Kocuria,Kocuria sp. KD4,Kocuria sp. KD4,2631,0,0,0,0,0,0,0,1
Bacteria,Actinobacteria,Actinobacteria,Micrococcales,Micrococcaceae,Kocuria,Kocuria sp. TGY1120_3,Kocuria sp. TGY1120_3,2632,0,0,0,2,1,0,0,0
Bacteria,Actinobacteria,Actinobacteria,Micrococcales,Micrococcaceae,Kocuria,Kocuria sp. TGY1127_2,Kocuria sp. TGY1127_2,2633,1,1,17,3,3,13,13,13
Bacteria,Actinobacteria,Actinobacteria,Micrococcales,Micrococcaceae,Kocuria,Kocuria turfanensis,Kocuria turfanensis,2634,0,2,0,0,0,0,0,0
Bacteria,Actinobacteria,Actinobacteria,Micrococcales,Micrococcaceae,Micrococcus,Micrococcus luteus,Micrococcus luteus,3192,1,1,0,0,0,0,0,0
Bacteria,Actinobacteria,Actinobacteria,Micrococcales,Micrococcaceae,Neomicrococcus,Neomicrococcus aestuarii,Neomicrococcus aestuarii,3395,0,2,1,1,0,0,0,0
Bacteria,Actinobacteria,Actinobacteria,Micrococcales,Micrococcaceae,Nesterenkonia,Nesterenkonia sp. NBAIMH1,Nesterenkonia sp. NBAIMH1,3404,2,1,1,1,12,3,3,5
Bacteria,Actinobacteria,Actinobacteria,Micrococcales,Micrococcaceae,Pseudarthrobacter,Pseudarthrobacter chlorophenolicus,Pseudarthrobacter chlorophenolicus,4037,2,2,1,3,3,1,2,3
Bacteria,Actinobacteria,Actinobacteria,Micrococcales,Micrococcaceae,Pseudarthrobacter,Pseudarthrobacter equi,Pseudarthrobacter equi,4038,1,4,0,1,14,6,1,3
Bacteria,Actinobacteria,Actinobacteria,Micrococcales,Micrococcaceae,Pseudarthrobacter,Pseudarthrobacter phenanthrenivorans,Pseudarthrobacter phenanthrenivorans,4039,2,0,0,0,0,0,0,0
Bacteria,Actinobacteria,Actinobacteria,Micrococcales,Micrococcaceae,Pseudarthrobacter,Pseudarthrobacter sp. NBSH8,Pseudarthrobacter sp. NBSH8,4040,1,1,0,2,0,0,0,0
Bacteria,Actinobacteria,Actinobacteria,Micrococcales,Micrococcaceae,Pseudarthrobacter,Pseudarthrobacter sp. YJ56,Pseudarthrobacter sp. YJ56,4041,0,1,2,1,0,0,1,0
Bacteria,Actinobacteria,Actinobacteria,Micrococcales,Micrococcaceae,Pseudarthrobacter,Pseudarthrobacter sulfonivorans,Pseudarthrobacter sulfonivorans,4042,0,0,0,1,0,0,0,0
Bacteria,Actinobacteria,Actinobacteria,Micrococcales,Micrococcaceae,Renibacterium,Renibacterium salmoninarum,Renibacterium salmoninarum,4289,0,0,0,1,0,0,0,0
Bacteria,Actinobacteria,Actinobacteria,Micrococcales,Micrococcaceae,Rothia,Rothia aeria,Rothia aeria,4414,3,1,0,0,0,0,0,0
Bacteria,Actinobacteria,Actinobacteria,Micrococcales,Micrococcaceae,Rothia,Rothia dentocariosa,Rothia dentocariosa,4415,0,1,8,1,6,4,8,4
Bacteria,Actinobacteria,Actinobacteria,Micrococcales,Micrococcaceae,Rothia,Rothia mucilaginosa,Rothia mucilaginosa,4416,5,3,1,7,2,1,2,3
Bacteria,Actinobacteria,Actinobacteria,Micrococcales,Micrococcaceae,Sinomonas,Sinomonas atrocyanea,Sinomonas atrocyanea,4587,1,1,0,0,0,0,0,0
Bacteria,Actinobacteria,Actinobacteria,Micrococcales,Promicromonosporaceae,Cellulosimicrobium,Cellulosimicrobium cellulans,Cellulosimicrobium cellulans,1040,1,0,0,0,0,0,0,0
Bacteria,Actinobacteria,Actinobacteria,Micrococcales,Promicromonosporaceae,Isoptericola,Isoptericola dokdonensis,Isoptericola dokdonensis,2567,1,0,0,0,0,0,0,0
Bacteria,Actinobacteria,Actinobacteria,Micrococcales,Promicromonosporaceae,Xylanimicrobium,Xylanimicrobium sp. FW10M-9,Xylanimicrobium sp. FW10M-9,5370,1,0,0,1,0,0,0,0
Bacteria,Actinobacteria,Actinobacteria,Micrococcales,Promicromonosporaceae,Xylanimonas,Xylanimonas allomyrinae,Xylanimonas allomyrinae,5371,2,2,3,2,0,0,0,0
Bacteria,Actinobacteria,Actinobacteria,Micrococcales,Ruaniaceae,Haloactinobacterium,Haloactinobacterium sp. HY164,Haloactinobacterium sp. HY164,2400,0,0,0,1,0,0,0,0
Bacteria,Actinobacteria,Actinobacteria,Micrococcales,Ruaniaceae,Ruania,Ruania sp. HY168,Ruania sp. HY168,4418,2,0,0,0,0,0,0,0
Bacteria,Actinobacteria,Actinobacteria,Micrococcales,Sanguibacteraceae,Sanguibacter,Sanguibacter sp. HDW7,Sanguibacter sp. HDW7,4490,2,0,0,0,0,0,0,0
Bacteria,Actinobacteria,Actinobacteria,Micromonosporales,Micromonosporaceae,Actinoplanes,Actinoplanes derwentensis,Actinoplanes derwentensis,137,0,2,1,1,0,0,3,3
Bacteria,Actinobacteria,Actinobacteria,Micromonosporales,Micromonosporaceae,Actinoplanes,Actinoplanes friuliensis,Actinoplanes friuliensis,138,0,0,0,4,0,1,0,0
Bacteria,Actinobacteria,Actinobacteria,Micromonosporales,Micromonosporaceae,Actinoplanes,Actinoplanes missouriensis,Actinoplanes missouriensis,139,1,0,1,4,0,0,0,0
Bacteria,Actinobacteria,Actinobacteria,Micromonosporales,Micromonosporaceae,Actinoplanes,Actinoplanes sp. N902-109,Actinoplanes sp. N902-109,140,1,1,2,0,0,0,0,0
Bacteria,Actinobacteria,Actinobacteria,Micromonosporales,Micromonosporaceae,Actinoplanes,Actinoplanes sp. OR16,Actinoplanes sp. OR16,141,0,4,2,0,3,1,3,0
Bacteria,Actinobacteria,Actinobacteria,Micromonosporales,Micromonosporaceae,Micromonospora,Micromonospora aurantiaca,Micromonospora aurantiaca,3195,3,0,1,0,0,0,0,0
Bacteria,Actinobacteria,Actinobacteria,Micromonosporales,Micromonosporaceae,Micromonospora,Micromonospora auratinigra,Micromonospora auratinigra,3196,0,0,2,0,0,0,0,0
Bacteria,Actinobacteria,Actinobacteria,Micromonosporales,Micromonosporaceae,Micromonospora,Micromonospora chokoriensis,Micromonospora chokoriensis,3197,0,1,0,1,0,0,0,0
Bacteria,Actinobacteria,Actinobacteria,Micromonosporales,Micromonosporaceae,Micromonospora,Micromonospora coriariae,Micromonospora coriariae,3198,3,0,2,0,2,0,0,0
Bacteria,Actinobacteria,Actinobacteria,Micromonosporales,Micromonosporaceae,Micromonospora,Micromonospora coxensis,Micromonospora coxensis,3199,0,2,0,0,2,1,0,0
Bacteria,Actinobacteria,Actinobacteria,Micromonosporales,Micromonosporaceae,Micromonospora,Micromonospora echinaurantiaca,Micromonospora echinaurantiaca,3200,2,0,4,1,0,0,1,1
Bacteria,Actinobacteria,Actinobacteria,Micromonosporales,Micromonosporaceae,Micromonospora,Micromonospora echinofusca,Micromonospora echinofusca,3201,0,0,0,0,0,1,0,0
Bacteria,Actinobacteria,Actinobacteria,Micromonosporales,Micromonosporaceae,Micromonospora,Micromonospora echinospora,Micromonospora echinospora,3202,0,1,1,2,1,2,2,1
Bacteria,Actinobacteria,Actinobacteria,Micromonosporales,Micromonosporaceae,Micromonospora,Micromonospora krabiensis,Micromonospora krabiensis,3203,1,0,0,0,0,0,0,0
Bacteria,Actinobacteria,Actinobacteria,Micromonosporales,Micromonosporaceae,Micromonospora,Micromonospora narathiwatensis,Micromonospora narathiwatensis,3204,1,1,0,3,0,1,1,0
Bacteria,Actinobacteria,Actinobacteria,Micromonosporales,Micromonosporaceae,Micromonospora,Micromonospora purpureochromogenes,Micromonospora purpureochromogenes,3205,2,0,2,4,5,2,1,1
Bacteria,Actinobacteria,Actinobacteria,Micromonosporales,Micromonosporaceae,Micromonospora,Micromonospora siamensis,Micromonospora siamensis,3206,7,0,0,0,1,0,0,0
Bacteria,Actinobacteria,Actinobacteria,Micromonosporales,Micromonosporaceae,Micromonospora,Micromonospora sp. 28ISP2-46,Micromonospora sp. 28ISP2-46,3207,1,0,3,0,0,1,2,3
Bacteria,Actinobacteria,Actinobacteria,Micromonosporales,Micromonosporaceae,Micromonospora,Micromonospora sp. HM134,Micromonospora sp. HM134,3208,0,0,1,0,0,0,0,0
Bacteria,Actinobacteria,Actinobacteria,Micromonosporales,Micromonosporaceae,Micromonospora,Micromonospora sp. L5,Micromonospora sp. L5,3209,1,0,0,0,0,0,0,0
Bacteria,Actinobacteria,Actinobacteria,Micromonosporales,Micromonosporaceae,Micromonospora,Micromonospora sp. WMMC415,Micromonospora sp. WMMC415,3210,2,0,1,0,1,0,0,0
Bacteria,Actinobacteria,Actinobacteria,Micromonosporales,Micromonosporaceae,Micromonospora,Micromonospora terminaliae,Micromonospora terminaliae,3211,2,0,0,0,0,0,0,0
Bacteria,Actinobacteria,Actinobacteria,Micromonosporales,Micromonosporaceae,Micromonospora,Micromonospora tulbaghiae,Micromonospora tulbaghiae,3212,1,0,0,0,0,0,0,0
Bacteria,Actinobacteria,Actinobacteria,Micromonosporales,Micromonosporaceae,Micromonospora,Micromonospora viridifaciens,Micromonospora viridifaciens,3213,1,0,0,0,0,0,1,0
Bacteria,Actinobacteria,Actinobacteria,Micromonosporales,Micromonosporaceae,Micromonospora,Micromonospora zamorensis,Micromonospora zamorensis,3214,2,1,0,1,1,3,3,1
Bacteria,Actinobacteria,Actinobacteria,Micromonosporales,Micromonosporaceae,Phytohabitans,Phytohabitans flavus,Phytohabitans flavus,3881,1,0,2,1,0,0,0,0
Bacteria,Actinobacteria,Actinobacteria,Micromonosporales,Micromonosporaceae,Phytohabitans,Phytohabitans suffuscus,Phytohabitans suffuscus,3882,0,1,0,0,2,0,0,0
Bacteria,Actinobacteria,Actinobacteria,Micromonosporales,Micromonosporaceae,Plantactinospora,Plantactinospora sp. KBS50,Plantactinospora sp. KBS50,3950,1,0,0,0,0,0,0,0
Bacteria,Actinobacteria,Actinobacteria,Micromonosporales,Micromonosporaceae,Salinispora,Salinispora tropica,Salinispora tropica,4478,0,0,1,1,0,0,0,0
Bacteria,Actinobacteria,Actinobacteria,Micromonosporales,Micromonosporaceae,Verrucosispora,Verrucosispora sp. NA02020,Verrucosispora sp. NA02020,5246,1,4,0,1,0,0,0,0
Bacteria,Actinobacteria,Actinobacteria,Nakamurellales,Nakamurellaceae,Nakamurella,Nakamurella multipartita,Nakamurella multipartita,3349,1,0,5,6,2,5,1,3
Bacteria,Actinobacteria,Actinobacteria,Nakamurellales,Nakamurellaceae,Nakamurella,Nakamurella panacisegetis,Nakamurella panacisegetis,3350,2,1,0,0,0,0,0,0
Bacteria,Actinobacteria,Actinobacteria,Nakamurellales,Nakamurellaceae,Nakamurella,Nakamurella sp. s14-144,Nakamurella sp. s14-144,3351,3,1,0,0,2,0,0,1
Bacteria,Actinobacteria,Actinobacteria,Propionibacteriales,Nocardioidaceae,Aeromicrobium,Aeromicrobium choanae,Aeromicrobium choanae,159,2,2,2,2,4,2,0,4
Bacteria,Actinobacteria,Actinobacteria,Propionibacteriales,Nocardioidaceae,Aeromicrobium,Aeromicrobium erythreum,Aeromicrobium erythreum,160,3,2,0,0,0,1,0,0
Bacteria,Actinobacteria,Actinobacteria,Propionibacteriales,Nocardioidaceae,Aeromicrobium,Aeromicrobium marinum,Aeromicrobium marinum,161,0,0,0,2,0,0,0,0
Bacteria,Actinobacteria,Actinobacteria,Propionibacteriales,Nocardioidaceae,Aeromicrobium,Aeromicrobium sp. 592,Aeromicrobium sp. 592,162,0,2,0,0,0,0,0,1
Bacteria,Actinobacteria,Actinobacteria,Propionibacteriales,Nocardioidaceae,Aeromicrobium,Aeromicrobium sp. A1-2,Aeromicrobium sp. A1-2,163,0,1,0,0,0,0,0,0
Bacteria,Actinobacteria,Actinobacteria,Propionibacteriales,Nocardioidaceae,Aeromicrobium,Aeromicrobium sp. MF47,Aeromicrobium sp. MF47,164,0,1,0,0,0,1,0,1
Bacteria,Actinobacteria,Actinobacteria,Propionibacteriales,Nocardioidaceae,Friedmanniella,Friedmanniella luteola,Friedmanniella luteola,1893,0,0,1,0,0,0,0,0
Bacteria,Actinobacteria,Actinobacteria,Propionibacteriales,Nocardioidaceae,Friedmanniella,Friedmanniella sagamiharensis,Friedmanniella sagamiharensis,1894,1,0,0,0,0,0,0,0
Bacteria,Actinobacteria,Actinobacteria,Propionibacteriales,Nocardioidaceae,Kribbella,Kribbella qitaiheensis,Kribbella qitaiheensis,2653,3,1,0,4,0,0,0,0
Bacteria,Actinobacteria,Actinobacteria,Propionibacteriales,Nocardioidaceae,Marmoricola,Marmoricola scoriae,Marmoricola scoriae,2979,0,1,3,1,5,4,0,4
Bacteria,Actinobacteria,Actinobacteria,Propionibacteriales,Nocardioidaceae,Micropruina,Micropruina glycogenica,Micropruina glycogenica,3215,4,2,1,3,5,2,2,2
Bacteria,Actinobacteria,Actinobacteria,Propionibacteriales,Nocardioidaceae,Nocardioides,Nocardioides baekrokdamisoli,Nocardioides baekrokdamisoli,3457,1,3,0,0,0,0,0,0
Bacteria,Actinobacteria,Actinobacteria,Propionibacteriales,Nocardioidaceae,Nocardioides,Nocardioides dokdonensis,Nocardioides dokdonensis,3458,1,0,0,1,1,2,0,1
Bacteria,Actinobacteria,Actinobacteria,Propionibacteriales,Nocardioidaceae,Nocardioides,Nocardioides euryhalodurans,Nocardioides euryhalodurans,3459,1,0,0,0,3,2,1,1
Bacteria,Actinobacteria,Actinobacteria,Propionibacteriales,Nocardioidaceae,Nocardioides,Nocardioides humi,Nocardioides humi,3460,0,0,1,0,0,0,0,0
Bacteria,Actinobacteria,Actinobacteria,Propionibacteriales,Nocardioidaceae,Nocardioides,Nocardioides marinisabuli,Nocardioides marinisabuli,3461,1,0,0,1,1,1,1,1
Bacteria,Actinobacteria,Actinobacteria,Propionibacteriales,Nocardioidaceae,Nocardioides,Nocardioides sp. 603,Nocardioides sp. 603,3462,0,0,0,1,0,0,0,0
Bacteria,Actinobacteria,Actinobacteria,Propionibacteriales,Nocardioidaceae,Nocardioides,Nocardioides sp. CF8,Nocardioides sp. CF8,3463,3,0,0,0,0,0,0,0
Bacteria,Actinobacteria,Actinobacteria,Propionibacteriales,Nocardioidaceae,Nocardioides,Nocardioides sp. dk884,Nocardioides sp. dk884,3464,1,0,1,0,0,0,1,1
Bacteria,Actinobacteria,Actinobacteria,Propionibacteriales,Nocardioidaceae,Nocardioides,Nocardioides sp. HDW12A,Nocardioides sp. HDW12A,3465,1,2,2,1,4,3,0,1
Bacteria,Actinobacteria,Actinobacteria,Propionibacteriales,Nocardioidaceae,Nocardioides,Nocardioides sp. HDW12B,Nocardioides sp. HDW12B,3466,1,0,0,1,0,0,1,0
Bacteria,Actinobacteria,Actinobacteria,Propionibacteriales,Nocardioidaceae,Nocardioides,Nocardioides sp. HY056,Nocardioides sp. HY056,3467,0,4,24,3,9,11,22,9
Bacteria,Actinobacteria,Actinobacteria,Propionibacteriales,Nocardioidaceae,Nocardioides,Nocardioides sp. KUDC 5002,Nocardioides sp. KUDC 5002,3468,3,0,5,3,15,7,8,5
Bacteria,Actinobacteria,Actinobacteria,Propionibacteriales,Nocardioidaceae,Nocardioides,Nocardioides sp. R-3366,Nocardioides sp. R-3366,3469,0,3,2,0,0,1,0,1
Bacteria,Actinobacteria,Actinobacteria,Propionibacteriales,Nocardioidaceae,Nocardioides,Nocardioides sp. S-1144,Nocardioides sp. S-1144,3470,0,7,0,2,2,6,3,3
Bacteria,Actinobacteria,Actinobacteria,Propionibacteriales,Nocardioidaceae,Nocardioides,Nocardioides sp. S-713,Nocardioides sp. S-713,3471,0,2,1,0,0,0,0,0
Bacteria,Actinobacteria,Actinobacteria,Propionibacteriales,Nocardioidaceae,Nocardioides,Nocardioides sp. SB3-45,Nocardioides sp. SB3-45,3472,0,0,1,0,0,0,0,0
Bacteria,Actinobacteria,Actinobacteria,Propionibacteriales,Nocardioidaceae,Nocardioides,Nocardioides ungokensis,Nocardioides ungokensis,3473,1,0,2,0,1,0,1,0
Bacteria,Actinobacteria,Actinobacteria,Propionibacteriales,Propionibacteriaceae,Acidipropionibacterium,Acidipropionibacterium acidipropionici,Acidipropionibacterium acidipropionici,36,1,0,0,1,0,0,0,0
Bacteria,Actinobacteria,Actinobacteria,Propionibacteriales,Propionibacteriaceae,Acidipropionibacterium,Acidipropionibacterium jensenii,Acidipropionibacterium jensenii,37,0,0,1,1,0,0,0,0
Bacteria,Actinobacteria,Actinobacteria,Propionibacteriales,Propionibacteriaceae,Acidipropionibacterium,Acidipropionibacterium virtanenii,Acidipropionibacterium virtanenii,38,2,4,0,0,1,4,1,1
Bacteria,Actinobacteria,Actinobacteria,Propionibacteriales,Propionibacteriaceae,Auraticoccus,Auraticoccus monumenti,Auraticoccus monumenti,415,3,0,2,1,1,0,2,1
Bacteria,Actinobacteria,Actinobacteria,Propionibacteriales,Propionibacteriaceae,Cutibacterium,Cutibacterium acnes,Cutibacterium acnes,1355,3,0,0,1,1,1,0,0
Bacteria,Actinobacteria,Actinobacteria,Propionibacteriales,Propionibacteriaceae,Cutibacterium,Cutibacterium avidum,Cutibacterium avidum,1356,2,0,1,3,0,2,5,0
Bacteria,Actinobacteria,Actinobacteria,Propionibacteriales,Propionibacteriaceae,Microlunatus,Microlunatus phosphovorus,Microlunatus phosphovorus,3193,0,2,0,0,0,0,0,0
Bacteria,Actinobacteria,Actinobacteria,Propionibacteriales,Propionibacteriaceae,Microlunatus,Microlunatus soli,Microlunatus soli,3194,0,1,0,1,0,0,0,0
Bacteria,Actinobacteria,Actinobacteria,Propionibacteriales,Propionibacteriaceae,Propionibacterium,Propionibacterium acidifaciens,Propionibacterium acidifaciens,4013,0,0,1,0,0,0,0,0
Bacteria,Actinobacteria,Actinobacteria,Propionibacteriales,Propionibacteriaceae,Propionibacterium,Propionibacterium australiense,Propionibacterium australiense,4014,0,1,0,1,0,0,0,0
Bacteria,Actinobacteria,Actinobacteria,Propionibacteriales,Propionibacteriaceae,Propionibacterium,Propionibacterium freudenreichii,Propionibacterium freudenreichii,4015,0,4,34,3,10,15,26,24
Bacteria,Actinobacteria,Actinobacteria,Propionibacteriales,Propionibacteriaceae,Propioniciclava,Propioniciclava sp. HDW11,Propioniciclava sp. HDW11,4016,0,0,0,1,0,2,0,0
Bacteria,Actinobacteria,Actinobacteria,Propionibacteriales,Propionibacteriaceae,Propionimicrobium,Propionimicrobium sp. Marseille-P3275,Propionimicrobium sp. Marseille-P3275,4017,2,2,0,1,3,1,2,1
Bacteria,Actinobacteria,Actinobacteria,Propionibacteriales,Propionibacteriaceae,Pseudopropionibacterium,Pseudopropionibacterium propionicum,Pseudopropionibacterium propionicum,4233,1,1,0,0,0,0,0,0
Bacteria,Actinobacteria,Actinobacteria,Propionibacteriales,Propionibacteriaceae,Raineyella,Raineyella sp. CBA3103,Raineyella sp. CBA3103,4270,0,1,0,1,1,0,0,0
Bacteria,Actinobacteria,Actinobacteria,Propionibacteriales,Propionibacteriaceae,Tessaracoccus,Tessaracoccus aquimaris,Tessaracoccus aquimaris,5074,2,0,0,1,0,0,0,0
Bacteria,Actinobacteria,Actinobacteria,Propionibacteriales,Propionibacteriaceae,Tessaracoccus,Tessaracoccus flavescens,Tessaracoccus flavescens,5075,2,2,3,1,0,0,0,0
Bacteria,Actinobacteria,Actinobacteria,Propionibacteriales,Propionibacteriaceae,Tessaracoccus,Tessaracoccus flavus,Tessaracoccus flavus,5076,0,1,0,0,0,0,0,0
Bacteria,Actinobacteria,Actinobacteria,Propionibacteriales,Propionibacteriaceae,Tessaracoccus,Tessaracoccus sp. T2.5-30,Tessaracoccus sp. T2.5-30,5077,0,0,0,3,0,0,0,1
Bacteria,Actinobacteria,Actinobacteria,Propionibacteriales,Propionibacteriaceae,Tessaracoccus,Tessaracoccus timonensis,Tessaracoccus timonensis,5078,1,0,0,0,0,0,0,0
Bacteria,Actinobacteria,Actinobacteria,Pseudonocardiales,Pseudonocardiaceae,Actinoalloteichus,Actinoalloteichus hymeniacidonis,Actinoalloteichus hymeniacidonis,103,0,1,0,0,0,0,0,0
Bacteria,Actinobacteria,Actinobacteria,Pseudonocardiales,Pseudonocardiaceae,Alloactinosynnema,Alloactinosynnema sp. L-07,Alloactinosynnema sp. L-07,242,0,0,1,0,0,0,0,0
Bacteria,Actinobacteria,Actinobacteria,Pseudonocardiales,Pseudonocardiaceae,Allokutzneria,Allokutzneria albata,Allokutzneria albata,246,1,0,0,1,0,0,0,0
Bacteria,Actinobacteria,Actinobacteria,Pseudonocardiales,Pseudonocardiaceae,Amycolatopsis,Amycolatopsis albispora,Amycolatopsis albispora,283,1,0,0,2,3,1,3,3
Bacteria,Actinobacteria,Actinobacteria,Pseudonocardiales,Pseudonocardiaceae,Amycolatopsis,Amycolatopsis keratiniphila,Amycolatopsis keratiniphila,284,1,1,0,0,0,0,0,0
Bacteria,Actinobacteria,Actinobacteria,Pseudonocardiales,Pseudonocardiaceae,Amycolatopsis,Amycolatopsis mediterranei,Amycolatopsis mediterranei,285,0,0,3,0,0,0,0,0
Bacteria,Actinobacteria,Actinobacteria,Pseudonocardiales,Pseudonocardiaceae,Amycolatopsis,Amycolatopsis methanolica,Amycolatopsis methanolica,286,1,0,1,2,4,1,5,0
Bacteria,Actinobacteria,Actinobacteria,Pseudonocardiales,Pseudonocardiaceae,Amycolatopsis,Amycolatopsis sp. BJA-103,Amycolatopsis sp. BJA-103,287,0,0,0,0,3,3,0,6
Bacteria,Actinobacteria,Actinobacteria,Pseudonocardiales,Pseudonocardiaceae,Amycolatopsis,Amycolatopsis sp. Hca4,Amycolatopsis sp. Hca4,288,1,0,0,1,0,0,0,1
Bacteria,Actinobacteria,Actinobacteria,Pseudonocardiales,Pseudonocardiaceae,Amycolatopsis,Amycolatopsis sp. YIM 10,Amycolatopsis sp. YIM 10,289,1,0,0,2,3,5,2,1
Bacteria,Actinobacteria,Actinobacteria,Pseudonocardiales,Pseudonocardiaceae,Kibdelosporangium,Kibdelosporangium phytohabitans,Kibdelosporangium phytohabitans,2601,1,1,0,2,2,4,0,0
Bacteria,Actinobacteria,Actinobacteria,Pseudonocardiales,Pseudonocardiaceae,Kutzneria,Kutzneria albida,Kutzneria albida,2662,1,0,0,1,2,0,0,1
Bacteria,Actinobacteria,Actinobacteria,Pseudonocardiales,Pseudonocardiaceae,Lentzea,Lentzea guizhouensis,Lentzea guizhouensis,2835,0,0,0,4,1,0,0,0
Bacteria,Actinobacteria,Actinobacteria,Pseudonocardiales,Pseudonocardiaceae,Prauserella,Prauserella marina,Prauserella marina,4000,1,1,0,0,0,0,0,0
Bacteria,Actinobacteria,Actinobacteria,Pseudonocardiales,Pseudonocardiaceae,Pseudonocardia,Pseudonocardia autotrophica,Pseudonocardia autotrophica,4226,0,1,0,0,0,1,0,0
Bacteria,Actinobacteria,Actinobacteria,Pseudonocardiales,Pseudonocardiaceae,Pseudonocardia,Pseudonocardia dioxanivorans,Pseudonocardia dioxanivorans,4227,3,1,0,0,0,0,0,0
Bacteria,Actinobacteria,Actinobacteria,Pseudonocardiales,Pseudonocardiaceae,Pseudonocardia,Pseudonocardia sp. AL041005-10,Pseudonocardia sp. AL041005-10,4228,0,0,0,0,2,1,0,1
Bacteria,Actinobacteria,Actinobacteria,Pseudonocardiales,Pseudonocardiaceae,Pseudonocardia,Pseudonocardia sp. Gen01,Pseudonocardia sp. Gen01,4229,5,0,0,1,1,1,0,0
Bacteria,Actinobacteria,Actinobacteria,Pseudonocardiales,Pseudonocardiaceae,Pseudonocardia,Pseudonocardia sp. HH130629-09,Pseudonocardia sp. HH130629-09,4230,0,0,0,1,1,0,0,0
Bacteria,Actinobacteria,Actinobacteria,Pseudonocardiales,Pseudonocardiaceae,Pseudonocardia,Pseudonocardia sp. HH130630-07,Pseudonocardia sp. HH130630-07,4231,1,0,0,0,0,0,0,0
Bacteria,Actinobacteria,Actinobacteria,Pseudonocardiales,Pseudonocardiaceae,Saccharomonospora,Saccharomonospora azurea,Saccharomonospora azurea,4448,0,0,0,2,1,0,0,0
Bacteria,Actinobacteria,Actinobacteria,Pseudonocardiales,Pseudonocardiaceae,Saccharomonospora,Saccharomonospora marina,Saccharomonospora marina,4449,6,0,0,0,0,1,0,0
Bacteria,Actinobacteria,Actinobacteria,Pseudonocardiales,Pseudonocardiaceae,Saccharomonospora,Saccharomonospora sp. 31sw,Saccharomonospora sp. 31sw,4450,1,1,0,1,1,0,1,0
Bacteria,Actinobacteria,Actinobacteria,Pseudonocardiales,Pseudonocardiaceae,Saccharomonospora,Saccharomonospora viridis,Saccharomonospora viridis,4451,1,1,0,0,0,0,0,0
Bacteria,Actinobacteria,Actinobacteria,Pseudonocardiales,Pseudonocardiaceae,Saccharopolyspora,Saccharopolyspora coralli,Saccharopolyspora coralli,4453,0,0,1,0,1,0,2,0
Bacteria,Actinobacteria,Actinobacteria,Pseudonocardiales,Pseudonocardiaceae,Saccharopolyspora,Saccharopolyspora erythraea,Saccharopolyspora erythraea,4454,3,1,1,0,0,0,0,0
Bacteria,Actinobacteria,Actinobacteria,Pseudonocardiales,Pseudonocardiaceae,Saccharopolyspora,Saccharopolyspora sp. ASAGF58,Saccharopolyspora sp. ASAGF58,4455,2,0,0,3,1,2,1,0
Bacteria,Actinobacteria,Actinobacteria,Pseudonocardiales,Pseudonocardiaceae,Saccharothrix,Saccharothrix espanaensis,Saccharothrix espanaensis,4457,1,0,0,0,0,0,0,0
Bacteria,Actinobacteria,Actinobacteria,Pseudonocardiales,Pseudonocardiaceae,Saccharothrix,Saccharothrix syringae,Saccharothrix syringae,4458,3,3,4,1,5,3,3,3
Bacteria,Actinobacteria,Actinobacteria,Streptomycetales,Streptomycetaceae,Kitasatospora,Kitasatospora albolonga,Kitasatospora albolonga,2608,1,0,1,0,0,0,0,0
Bacteria,Actinobacteria,Actinobacteria,Streptomycetales,Streptomycetaceae,Kitasatospora,Kitasatospora setae,Kitasatospora setae,2609,2,0,1,3,7,7,0,2
Bacteria,Actinobacteria,Actinobacteria,Streptomycetales,Streptomycetaceae,Kitasatospora,Kitasatospora sp. MMS16-BH015,Kitasatospora sp. MMS16-BH015,2610,2,0,1,1,3,1,3,1
Bacteria,Actinobacteria,Actinobacteria,Streptomycetales,Streptomycetaceae,Kitasatospora,Kitasatospora sp. NA04385,Kitasatospora sp. NA04385,2611,0,1,0,4,0,2,0,0
Bacteria,Actinobacteria,Actinobacteria,Streptomycetales,Streptomycetaceae,Streptacidiphilus,Streptacidiphilus bronchialis,Streptacidiphilus bronchialis,4790,1,2,0,3,0,0,0,0
Bacteria,Actinobacteria,Actinobacteria,Streptomycetales,Streptomycetaceae,Streptacidiphilus,Streptacidiphilus sp. P02-A3a,Streptacidiphilus sp. P02-A3a,4791,0,0,0,0,1,0,0,0
Bacteria,Actinobacteria,Actinobacteria,Streptomycetales,Streptomycetaceae,Streptacidiphilus,Streptacidiphilus sp. PB12-B1b,Streptacidiphilus sp. PB12-B1b,4792,0,1,1,1,0,0,0,0
Bacteria,Actinobacteria,Actinobacteria,Streptomycetales,Streptomycetaceae,Streptomyces,Streptomyces actuosus,Streptomyces actuosus,4868,1,0,0,0,0,0,0,0
Bacteria,Actinobacteria,Actinobacteria,Streptomycetales,Streptomycetaceae,Streptomyces,Streptomyces albulus,Streptomyces albulus,4869,1,1,1,1,0,0,0,0
Bacteria,Actinobacteria,Actinobacteria,Streptomycetales,Streptomycetaceae,Streptomyces,Streptomyces albus,Streptomyces albus,4870,2,0,0,4,0,0,0,1
Bacteria,Actinobacteria,Actinobacteria,Streptomycetales,Streptomycetaceae,Streptomyces,Streptomyces alfalfae,Streptomyces alfalfae,4871,0,1,0,0,0,0,0,0
Bacteria,Actinobacteria,Actinobacteria,Streptomycetales,Streptomycetaceae,Streptomyces,Streptomyces ambofaciens,Streptomyces ambofaciens,4872,1,2,1,2,0,0,0,0
Bacteria,Actinobacteria,Actinobacteria,Streptomycetales,Streptomycetaceae,Streptomyces,Streptomyces antibioticus,Streptomyces antibioticus,4873,0,0,0,1,0,0,0,0
Bacteria,Actinobacteria,Actinobacteria,Streptomycetales,Streptomycetaceae,Streptomyces,Streptomyces antimycoticus,Streptomyces antimycoticus,4874,0,0,0,0,0,0,0,1
Bacteria,Actinobacteria,Actinobacteria,Streptomycetales,Streptomycetaceae,Streptomyces,Streptomyces anulatus,Streptomyces anulatus,4875,0,0,0,0,1,0,0,0
Bacteria,Actinobacteria,Actinobacteria,Streptomycetales,Streptomycetaceae,Streptomyces,Streptomyces aquilus,Streptomyces aquilus,4876,0,1,0,0,2,1,2,0
Bacteria,Actinobacteria,Actinobacteria,Streptomycetales,Streptomycetaceae,Streptomyces,Streptomyces atratus,Streptomyces atratus,4877,0,0,0,0,0,0,1,0
Bacteria,Actinobacteria,Actinobacteria,Streptomycetales,Streptomycetaceae,Streptomyces,Streptomyces aureoverticillatus,Streptomyces aureoverticillatus,4878,0,0,1,0,0,0,0,0
Bacteria,Actinobacteria,Actinobacteria,Streptomycetales,Streptomycetaceae,Streptomyces,Streptomyces bingchenggensis,Streptomyces bingchenggensis,4879,2,1,0,1,0,1,0,0
Bacteria,Actinobacteria,Actinobacteria,Streptomycetales,Streptomycetaceae,Streptomyces,Streptomyces cacaoi,Streptomyces cacaoi,4880,1,1,1,0,0,0,0,0
Bacteria,Actinobacteria,Actinobacteria,Streptomycetales,Streptomycetaceae,Streptomyces,Streptomyces cattleya,Streptomyces cattleya,4881,1,0,0,1,1,2,1,0
Bacteria,Actinobacteria,Actinobacteria,Streptomycetales,Streptomycetaceae,Streptomyces,Streptomyces chartreusis,Streptomyces chartreusis,4882,2,0,0,1,0,0,0,0
Bacteria,Actinobacteria,Actinobacteria,Streptomycetales,Streptomycetaceae,Streptomyces,Streptomyces clavuligerus,Streptomyces clavuligerus,4883,0,2,0,3,1,0,0,0
Bacteria,Actinobacteria,Actinobacteria,Streptomycetales,Streptomycetaceae,Streptomyces,Streptomyces collinus,Streptomyces collinus,4884,0,0,0,0,0,1,0,0
Bacteria,Actinobacteria,Actinobacteria,Streptomycetales,Streptomycetaceae,Streptomyces,Streptomyces cyaneochromogenes,Streptomyces cyaneochromogenes,4885,2,0,0,0,0,0,0,1
Bacteria,Actinobacteria,Actinobacteria,Streptomycetales,Streptomycetaceae,Streptomyces,Streptomyces davaonensis,Streptomyces davaonensis,4886,1,0,2,0,1,0,0,0
Bacteria,Actinobacteria,Actinobacteria,Streptomycetales,Streptomycetaceae,Streptomyces,Streptomyces dengpaensis,Streptomyces dengpaensis,4887,3,5,26,2,9,15,20,9
Bacteria,Actinobacteria,Actinobacteria,Streptomycetales,Streptomycetaceae,Streptomyces,Streptomyces exfoliatus,Streptomyces exfoliatus,4888,1,1,1,0,2,0,0,1
Bacteria,Actinobacteria,Actinobacteria,Streptomycetales,Streptomycetaceae,Streptomyces,Streptomyces ficellus,Streptomyces ficellus,4889,0,1,3,0,1,0,1,0
Bacteria,Actinobacteria,Actinobacteria,Streptomycetales,Streptomycetaceae,Streptomyces,Streptomyces finlayi,Streptomyces finlayi,4890,1,2,1,2,2,4,5,3
Bacteria,Actinobacteria,Actinobacteria,Streptomycetales,Streptomycetaceae,Streptomyces,Streptomyces fradiae,Streptomyces fradiae,4891,0,0,1,0,0,0,0,0
Bacteria,Actinobacteria,Actinobacteria,Streptomycetales,Streptomycetaceae,Streptomyces,Streptomyces fulvissimus,Streptomyces fulvissimus,4892,0,0,1,1,2,1,0,0
Bacteria,Actinobacteria,Actinobacteria,Streptomycetales,Streptomycetaceae,Streptomyces,Streptomyces gilvosporeus,Streptomyces gilvosporeus,4893,1,0,0,3,4,4,3,0
Bacteria,Actinobacteria,Actinobacteria,Streptomycetales,Streptomycetaceae,Streptomyces,Streptomyces glaucescens,Streptomyces glaucescens,4894,2,3,0,0,1,1,1,0
Bacteria,Actinobacteria,Actinobacteria,Streptomycetales,Streptomycetaceae,Streptomyces,Streptomyces globisporus,Streptomyces globisporus,4895,3,1,0,2,6,2,4,1
Bacteria,Actinobacteria,Actinobacteria,Streptomycetales,Streptomycetaceae,Streptomyces,Streptomyces griseochromogenes,Streptomyces griseochromogenes,4896,0,0,0,1,0,0,0,0
Bacteria,Actinobacteria,Actinobacteria,Streptomycetales,Streptomycetaceae,Streptomyces,Streptomyces griseorubiginosus,Streptomyces griseorubiginosus,4897,2,1,0,0,2,4,0,2
Bacteria,Actinobacteria,Actinobacteria,Streptomycetales,Streptomycetaceae,Streptomyces,Streptomyces harbinensis,Streptomyces harbinensis,4898,1,0,1,0,1,0,0,0
Bacteria,Actinobacteria,Actinobacteria,Streptomycetales,Streptomycetaceae,Streptomyces,Streptomyces hawaiiensis,Streptomyces hawaiiensis,4899,0,0,0,2,4,2,2,1
Bacteria,Actinobacteria,Actinobacteria,Streptomycetales,Streptomycetaceae,Streptomyces,Streptomyces hundungensis,Streptomyces hundungensis,4900,1,1,0,0,0,0,0,0
Bacteria,Actinobacteria,Actinobacteria,Streptomycetales,Streptomycetaceae,Streptomyces,Streptomyces hygroscopicus,Streptomyces hygroscopicus,4901,2,1,0,0,0,0,0,0
Bacteria,Actinobacteria,Actinobacteria,Streptomycetales,Streptomycetaceae,Streptomyces,Streptomyces katrae,Streptomyces katrae,4902,0,0,0,1,0,0,0,0
Bacteria,Actinobacteria,Actinobacteria,Streptomycetales,Streptomycetaceae,Streptomyces,Streptomyces koyangensis,Streptomyces koyangensis,4903,1,1,1,0,1,0,0,0
Bacteria,Actinobacteria,Actinobacteria,Streptomycetales,Streptomycetaceae,Streptomyces,Streptomyces lavendulae,Streptomyces lavendulae,4904,1,5,1,2,22,9,6,4
Bacteria,Actinobacteria,Actinobacteria,Streptomycetales,Streptomycetaceae,Streptomyces,Streptomyces lincolnensis,Streptomyces lincolnensis,4905,1,1,0,0,0,0,0,0
Bacteria,Actinobacteria,Actinobacteria,Streptomycetales,Streptomycetaceae,Streptomyces,Streptomyces lunaelactis,Streptomyces lunaelactis,4906,2,0,0,1,2,1,0,2
Bacteria,Actinobacteria,Actinobacteria,Streptomycetales,Streptomycetaceae,Streptomyces,Streptomyces lydicus,Streptomyces lydicus,4907,1,0,0,1,0,0,1,0
Bacteria,Actinobacteria,Actinobacteria,Streptomycetales,Streptomycetaceae,Streptomyces,Streptomyces nigra,Streptomyces nigra,4908,1,0,0,0,0,0,0,0
Bacteria,Actinobacteria,Actinobacteria,Streptomycetales,Streptomycetaceae,Streptomyces,Streptomyces nitrosporeus,Streptomyces nitrosporeus,4909,3,0,0,0,0,0,0,0
Bacteria,Actinobacteria,Actinobacteria,Streptomycetales,Streptomycetaceae,Streptomyces,Streptomyces niveus,Streptomyces niveus,4910,1,0,0,0,0,0,0,0
Bacteria,Actinobacteria,Actinobacteria,Streptomycetales,Streptomycetaceae,Streptomyces,Streptomyces nodosus,Streptomyces nodosus,4911,0,1,1,0,0,1,1,0
Bacteria,Actinobacteria,Actinobacteria,Streptomycetales,Streptomycetaceae,Streptomyces,Streptomyces noursei,Streptomyces noursei,4912,0,0,0,0,1,0,0,0
Bacteria,Actinobacteria,Actinobacteria,Streptomycetales,Streptomycetaceae,Streptomyces,Streptomyces olivoreticuli,Streptomyces olivoreticuli,4913,1,1,1,0,1,2,2,2
Bacteria,Actinobacteria,Actinobacteria,Streptomycetales,Streptomycetaceae,Streptomyces,Streptomyces paludis,Streptomyces paludis,4914,0,0,1,0,2,0,1,1
Bacteria,Actinobacteria,Actinobacteria,Streptomycetales,Streptomycetaceae,Streptomyces,Streptomyces peucetius,Streptomyces peucetius,4915,0,0,2,3,7,1,3,1
Bacteria,Actinobacteria,Actinobacteria,Streptomycetales,Streptomycetaceae,Streptomyces,Streptomyces platensis,Streptomyces platensis,4916,0,0,0,1,0,0,0,0
Bacteria,Actinobacteria,Actinobacteria,Streptomycetales,Streptomycetaceae,Streptomyces,Streptomyces pluripotens,Streptomyces pluripotens,4917,1,0,0,0,0,0,0,0
Bacteria,Actinobacteria,Actinobacteria,Streptomycetales,Streptomycetaceae,Streptomyces,Streptomyces prasinus,Streptomyces prasinus,4918,0,0,0,2,0,0,0,0
Bacteria,Actinobacteria,Actinobacteria,Streptomycetales,Streptomycetaceae,Streptomyces,Streptomyces pratensis,Streptomyces pratensis,4919,0,0,0,0,0,0,1,0
Bacteria,Actinobacteria,Actinobacteria,Streptomycetales,Streptomycetaceae,Streptomyces,Streptomyces pristinaespiralis,Streptomyces pristinaespiralis,4920,0,1,0,0,0,0,0,0
Bacteria,Actinobacteria,Actinobacteria,Streptomycetales,Streptomycetaceae,Streptomyces,Streptomyces qaidamensis,Streptomyces qaidamensis,4921,0,0,0,1,0,0,0,0
Bacteria,Actinobacteria,Actinobacteria,Streptomycetales,Streptomycetaceae,Streptomyces,Streptomyces rectiverticillatus,Streptomyces rectiverticillatus,4922,0,0,0,1,0,0,0,0
Bacteria,Actinobacteria,Actinobacteria,Streptomycetales,Streptomycetaceae,Streptomyces,Streptomyces rimosus,Streptomyces rimosus,4923,0,1,1,1,0,0,0,0
Bacteria,Actinobacteria,Actinobacteria,Streptomycetales,Streptomycetaceae,Streptomyces,Streptomyces rochei,Streptomyces rochei,4924,0,0,1,1,0,0,1,1
Bacteria,Actinobacteria,Actinobacteria,Streptomycetales,Streptomycetaceae,Streptomyces,Streptomyces roseochromogenus,Streptomyces roseochromogenus,4925,0,0,0,1,0,0,0,0
Bacteria,Actinobacteria,Actinobacteria,Streptomycetales,Streptomycetaceae,Streptomyces,Streptomyces rutgersensis,Streptomyces rutgersensis,4926,0,1,1,2,9,3,5,0
Bacteria,Actinobacteria,Actinobacteria,Streptomycetales,Streptomycetaceae,Streptomyces,Streptomyces sampsonii,Streptomyces sampsonii,4927,1,0,0,0,0,0,0,0
Bacteria,Actinobacteria,Actinobacteria,Streptomycetales,Streptomycetaceae,Streptomyces,Streptomyces scabiei,Streptomyces scabiei,4928,1,1,0,1,1,1,2,5
Bacteria,Actinobacteria,Actinobacteria,Streptomycetales,Streptomycetaceae,Streptomyces,Streptomyces seoulensis,Streptomyces seoulensis,4929,2,0,3,1,1,3,1,0
Bacteria,Actinobacteria,Actinobacteria,Streptomycetales,Streptomycetaceae,Streptomyces,Streptomyces sp. 2323.1,Streptomyces sp. 2323.1,4930,0,0,0,1,3,0,0,0
Bacteria,Actinobacteria,Actinobacteria,Streptomycetales,Streptomycetaceae,Streptomyces,Streptomyces sp. 3214.6,Streptomyces sp. 3214.6,4931,2,0,0,0,1,0,0,0
Bacteria,Actinobacteria,Actinobacteria,Streptomycetales,Streptomycetaceae,Streptomyces,Streptomyces sp. 604F,Streptomyces sp. 604F,4932,0,0,0,1,0,0,0,0
Bacteria,Actinobacteria,Actinobacteria,Streptomycetales,Streptomycetaceae,Streptomyces,Streptomyces sp. 769,Streptomyces sp. 769,4933,4,1,0,0,1,2,1,0
Bacteria,Actinobacteria,Actinobacteria,Streptomycetales,Streptomycetaceae,Streptomyces,Streptomyces sp. ADI95-16,Streptomyces sp. ADI95-16,4934,2,0,3,1,1,1,1,0
Bacteria,Actinobacteria,Actinobacteria,Streptomycetales,Streptomycetaceae,Streptomyces,Streptomyces sp. C8S0,Streptomyces sp. C8S0,4935,1,0,0,0,1,1,0,0
Bacteria,Actinobacteria,Actinobacteria,Streptomycetales,Streptomycetaceae,Streptomyces,Streptomyces sp. CB09001,Streptomyces sp. CB09001,4936,1,0,0,0,0,0,0,0
Bacteria,Actinobacteria,Actinobacteria,Streptomycetales,Streptomycetaceae,Streptomyces,Streptomyces sp. CdTB01,Streptomyces sp. CdTB01,4937,1,2,2,3,10,2,2,3
Bacteria,Actinobacteria,Actinobacteria,Streptomycetales,Streptomycetaceae,Streptomyces,Streptomyces sp. CLI2509,Streptomyces sp. CLI2509,4938,0,0,0,1,0,0,0,0
Bacteria,Actinobacteria,Actinobacteria,Streptomycetales,Streptomycetaceae,Streptomyces,Streptomyces sp. CMB-StM0423,Streptomyces sp. CMB-StM0423,4939,1,1,0,0,1,0,0,0
Bacteria,Actinobacteria,Actinobacteria,Streptomycetales,Streptomycetaceae,Streptomyces,Streptomyces sp. CNQ-509,Streptomyces sp. CNQ-509,4940,2,1,1,0,0,0,0,0
Bacteria,Actinobacteria,Actinobacteria,Streptomycetales,Streptomycetaceae,Streptomyces,Streptomyces sp. endophyte_N2,Streptomyces sp. endophyte_N2,4941,1,0,0,0,0,0,0,0
Bacteria,Actinobacteria,Actinobacteria,Streptomycetales,Streptomycetaceae,Streptomyces,Streptomyces sp. fd1-xmd,Streptomyces sp. fd1-xmd,4942,0,1,0,0,0,0,0,0
Bacteria,Actinobacteria,Actinobacteria,Streptomycetales,Streptomycetaceae,Streptomyces,Streptomyces sp. Go-475,Streptomyces sp. Go-475,4943,0,1,0,0,0,0,0,0
Bacteria,Actinobacteria,Actinobacteria,Streptomycetales,Streptomycetaceae,Streptomyces,Streptomyces sp. GS7,Streptomyces sp. GS7,4944,1,0,0,1,0,0,0,0
Bacteria,Actinobacteria,Actinobacteria,Streptomycetales,Streptomycetaceae,Streptomyces,Streptomyces sp. GY16,Streptomyces sp. GY16,4945,1,1,1,0,0,0,1,0
Bacteria,Actinobacteria,Actinobacteria,Streptomycetales,Streptomycetaceae,Streptomyces,Streptomyces sp. JB150,Streptomyces sp. JB150,4946,3,0,0,0,1,0,0,0
Bacteria,Actinobacteria,Actinobacteria,Streptomycetales,Streptomycetaceae,Streptomyces,Streptomyces sp. M2,Streptomyces sp. M2,4947,1,0,1,1,0,0,1,0
Bacteria,Actinobacteria,Actinobacteria,Streptomycetales,Streptomycetaceae,Streptomyces,Streptomyces sp. Mg1,Streptomyces sp. Mg1,4948,0,0,0,0,1,0,0,0
Bacteria,Actinobacteria,Actinobacteria,Streptomycetales,Streptomycetaceae,Streptomyces,Streptomyces sp. NA02950,Streptomyces sp. NA02950,4949,1,0,0,0,0,0,0,0
Bacteria,Actinobacteria,Actinobacteria,Streptomycetales,Streptomycetaceae,Streptomyces,Streptomyces sp. NA04227,Streptomyces sp. NA04227,4950,2,0,1,3,7,3,1,1
Bacteria,Actinobacteria,Actinobacteria,Streptomycetales,Streptomycetaceae,Streptomyces,Streptomyces sp. NHF165,Streptomyces sp. NHF165,4951,1,0,0,2,0,0,0,0
Bacteria,Actinobacteria,Actinobacteria,Streptomycetales,Streptomycetaceae,Streptomyces,Streptomyces sp. P3,Streptomyces sp. P3,4952,0,0,0,0,1,0,0,0
Bacteria,Actinobacteria,Actinobacteria,Streptomycetales,Streptomycetaceae,Streptomyces,Streptomyces sp. PAMC 26508,Streptomyces sp. PAMC 26508,4953,1,0,0,0,0,0,0,0
Bacteria,Actinobacteria,Actinobacteria,Streptomycetales,Streptomycetaceae,Streptomyces,Streptomyces sp. QHH-9511,Streptomyces sp. QHH-9511,4954,4,1,0,1,0,0,0,0
Bacteria,Actinobacteria,Actinobacteria,Streptomycetales,Streptomycetaceae,Streptomyces,Streptomyces sp. QMT-28,Streptomyces sp. QMT-28,4955,0,4,4,1,0,0,0,0
Bacteria,Actinobacteria,Actinobacteria,Streptomycetales,Streptomycetaceae,Streptomyces,Streptomyces sp. RLB1-33,Streptomyces sp. RLB1-33,4956,0,0,1,2,1,2,0,0
Bacteria,Actinobacteria,Actinobacteria,Streptomycetales,Streptomycetaceae,Streptomyces,Streptomyces sp. RLB3-6,Streptomyces sp. RLB3-6,4957,0,0,0,1,0,0,0,0
Bacteria,Actinobacteria,Actinobacteria,Streptomycetales,Streptomycetaceae,Streptomyces,Streptomyces sp. RPA4-2,Streptomyces sp. RPA4-2,4958,0,0,6,0,1,2,3,0
Bacteria,Actinobacteria,Actinobacteria,Streptomycetales,Streptomycetaceae,Streptomyces,Streptomyces sp. RPA4-5,Streptomyces sp. RPA4-5,4959,1,0,0,0,0,0,0,0
Bacteria,Actinobacteria,Actinobacteria,Streptomycetales,Streptomycetaceae,Streptomyces,Streptomyces sp. RTd22,Streptomyces sp. RTd22,4960,2,2,0,2,0,0,0,0
Bacteria,Actinobacteria,Actinobacteria,Streptomycetales,Streptomycetaceae,Streptomyces,Streptomyces sp. S1D4-14,Streptomyces sp. S1D4-14,4961,0,2,0,0,0,0,0,0
Bacteria,Actinobacteria,Actinobacteria,Streptomycetales,Streptomycetaceae,Streptomyces,Streptomyces sp. S8,Streptomyces sp. S8,4962,0,0,0,0,0,1,0,0
Bacteria,Actinobacteria,Actinobacteria,Streptomycetales,Streptomycetaceae,Streptomyces,Streptomyces sp. SAT1,Streptomyces sp. SAT1,4963,0,2,0,2,4,2,0,0
Bacteria,Actinobacteria,Actinobacteria,Streptomycetales,Streptomycetaceae,Streptomyces,Streptomyces sp. Sge12,Streptomyces sp. Sge12,4964,1,0,0,0,0,0,0,0
Bacteria,Actinobacteria,Actinobacteria,Streptomycetales,Streptomycetaceae,Streptomyces,Streptomyces sp. SirexAA-E,Streptomyces sp. SirexAA-E,4965,2,0,0,1,0,0,0,0
Bacteria,Actinobacteria,Actinobacteria,Streptomycetales,Streptomycetaceae,Streptomyces,Streptomyces sp. SM18,Streptomyces sp. SM18,4966,2,1,0,0,3,1,0,0
Bacteria,Actinobacteria,Actinobacteria,Streptomycetales,Streptomycetaceae,Streptomyces,Streptomyces sp. SUK 48,Streptomyces sp. SUK 48,4967,1,0,0,0,0,1,0,0
Bacteria,Actinobacteria,Actinobacteria,Streptomycetales,Streptomycetaceae,Streptomyces,Streptomyces sp. T44,Streptomyces sp. T44,4968,1,1,0,0,0,0,0,0
Bacteria,Actinobacteria,Actinobacteria,Streptomycetales,Streptomycetaceae,Streptomyces,Streptomyces sp. TLI_053,Streptomyces sp. TLI_053,4969,1,1,0,0,0,0,0,0
Bacteria,Actinobacteria,Actinobacteria,Streptomycetales,Streptomycetaceae,Streptomyces,Streptomyces sp. TN58,Streptomyces sp. TN58,4970,0,1,0,0,0,1,0,0
Bacteria,Actinobacteria,Actinobacteria,Streptomycetales,Streptomycetaceae,Streptomyces,Streptomyces sp. Tue 6075,Streptomyces sp. Tue 6075,4971,0,0,1,0,0,1,0,0
Bacteria,Actinobacteria,Actinobacteria,Streptomycetales,Streptomycetaceae,Streptomyces,Streptomyces sp. WAC 01529,Streptomyces sp. WAC 01529,4972,0,0,2,1,0,0,0,1
Bacteria,Actinobacteria,Actinobacteria,Streptomycetales,Streptomycetaceae,Streptomyces,Streptomyces sp. Z022,Streptomyces sp. Z022,4973,0,0,0,0,1,0,0,0
Bacteria,Actinobacteria,Actinobacteria,Streptomycetales,Streptomycetaceae,Streptomyces,Streptomyces sp. Z423-1,Streptomyces sp. Z423-1,4974,1,0,0,0,1,0,0,0
Bacteria,Actinobacteria,Actinobacteria,Streptomycetales,Streptomycetaceae,Streptomyces,Streptomyces sp. ZFG47,Streptomyces sp. ZFG47,4975,1,0,0,0,0,0,0,0
Bacteria,Actinobacteria,Actinobacteria,Streptomycetales,Streptomycetaceae,Streptomyces,Streptomyces spectabilis,Streptomyces spectabilis,4976,0,0,3,1,0,0,0,0
Bacteria,Actinobacteria,Actinobacteria,Streptomycetales,Streptomycetaceae,Streptomyces,Streptomyces spongiicola,Streptomyces spongiicola,4977,0,0,2,0,4,1,1,0
Bacteria,Actinobacteria,Actinobacteria,Streptomycetales,Streptomycetaceae,Streptomyces,Streptomyces subrutilus,Streptomyces subrutilus,4978,0,0,0,0,3,2,1,0
Bacteria,Actinobacteria,Actinobacteria,Streptomycetales,Streptomycetaceae,Streptomyces,Streptomyces tendae,Streptomyces tendae,4979,1,0,1,0,0,0,0,0
Bacteria,Actinobacteria,Actinobacteria,Streptomycetales,Streptomycetaceae,Streptomyces,Streptomyces tirandamycinicus,Streptomyces tirandamycinicus,4980,2,1,2,1,1,1,0,0
Bacteria,Actinobacteria,Actinobacteria,Streptomycetales,Streptomycetaceae,Streptomyces,Streptomyces tsukubensis,Streptomyces tsukubensis,4981,0,0,0,2,0,0,0,0
Bacteria,Actinobacteria,Actinobacteria,Streptomycetales,Streptomycetaceae,Streptomyces,Streptomyces venezuelae,Streptomyces venezuelae,4982,3,0,1,1,0,0,1,0
Bacteria,Actinobacteria,Actinobacteria,Streptomycetales,Streptomycetaceae,Streptomyces,Streptomyces vietnamensis,Streptomyces vietnamensis,4983,2,2,0,0,0,0,0,0
Bacteria,Actinobacteria,Actinobacteria,Streptomycetales,Streptomycetaceae,Streptomyces,Streptomyces vinaceus,Streptomyces vinaceus,4984,0,1,0,1,0,0,0,0
Bacteria,Actinobacteria,Actinobacteria,Streptomycetales,Streptomycetaceae,Streptomyces,Streptomyces xiamenensis,Streptomyces xiamenensis,4985,1,0,0,0,0,0,0,0
Bacteria,Actinobacteria,Actinobacteria,Streptosporangiales,Nocardiopsaceae,Nocardiopsis,Nocardiopsis alba,Nocardiopsis alba,3474,1,0,0,0,0,0,0,0
Bacteria,Actinobacteria,Actinobacteria,Streptosporangiales,Nocardiopsaceae,Nocardiopsis,Nocardiopsis dassonvillei,Nocardiopsis dassonvillei,3475,4,3,5,4,8,6,3,2
Bacteria,Actinobacteria,Actinobacteria,Streptosporangiales,Nocardiopsaceae,Nocardiopsis,Nocardiopsis gilva,Nocardiopsis gilva,3476,5,0,0,0,0,0,0,0
Bacteria,Actinobacteria,Actinobacteria,Streptosporangiales,Nocardiopsaceae,Streptomonospora,Streptomonospora sp. M2,Streptomonospora sp. M2,4867,0,1,1,3,0,0,0,0
Bacteria,Actinobacteria,Actinobacteria,Streptosporangiales,Nocardiopsaceae,Thermobifida,Thermobifida fusca,Thermobifida fusca,5117,1,1,9,1,1,3,8,4
Bacteria,Actinobacteria,Actinobacteria,Streptosporangiales,Streptosporangiaceae,Nonomuraea,Nonomuraea sp. ATCC 55076,Nonomuraea sp. ATCC 55076,3486,3,1,0,0,0,0,0,0
Bacteria,Actinobacteria,Actinobacteria,Streptosporangiales,Streptosporangiaceae,Nonomuraea,Nonomuraea sp. WYY166,Nonomuraea sp. WYY166,3487,1,0,0,3,0,0,0,0
Bacteria,Actinobacteria,Actinobacteria,Streptosporangiales,Streptosporangiaceae,Streptosporangium,Streptosporangium roseum,Streptosporangium roseum,4986,1,1,0,1,0,0,0,0
Bacteria,Actinobacteria,Actinobacteria,Streptosporangiales,Streptosporangiaceae,Streptosporangium,Streptosporangium sp. caverna,Streptosporangium sp. caverna,4987,0,3,4,2,0,0,0,0
Bacteria,Actinobacteria,Actinobacteria,Streptosporangiales,Thermomonosporaceae,Actinomadura,Actinomadura amylolytica,Actinomadura amylolytica,118,2,1,1,1,0,0,0,0
Bacteria,Actinobacteria,Actinobacteria,Streptosporangiales,Thermomonosporaceae,Actinomadura,Actinomadura sp. NAK00032,Actinomadura sp. NAK00032,119,1,3,0,3,2,0,2,2
Bacteria,Actinobacteria,Actinobacteria,Streptosporangiales,Thermomonosporaceae,Actinomadura,Actinomadura sp. WMMA1423,Actinomadura sp. WMMA1423,120,1,0,0,0,0,0,0,0
Bacteria,Actinobacteria,Actinobacteria,Streptosporangiales,Thermomonosporaceae,Actinomadura,Actinomadura sp. WMMB 499,Actinomadura sp. WMMB 499,121,0,0,1,1,2,1,1,0
Bacteria,Actinobacteria,Actinobacteria,Streptosporangiales,Thermomonosporaceae,Actinomadura,Actinomadura verrucosospora,Actinomadura verrucosospora,122,0,1,0,1,0,0,0,0
Bacteria,Actinobacteria,Actinobacteria,Streptosporangiales,Thermomonosporaceae,Thermomonospora,Thermomonospora curvata,Thermomonospora curvata,5147,1,1,0,0,0,0,0,0
Bacteria,Actinobacteria,Coriobacteriia,Coriobacteriales,Atopobiaceae,Atopobium,Atopobium parvulum,Atopobium parvulum,411,18,11,6,6,3,3,2,1
Bacteria,Actinobacteria,Coriobacteriia,Coriobacteriales,Atopobiaceae,Libanicoccus,Libanicoccus massiliensis,Libanicoccus massiliensis,2870,26,24,66,44,112,81,77,53
Bacteria,Actinobacteria,Coriobacteriia,Coriobacteriales,Atopobiaceae,Olsenella,Olsenella sp. GAM18,Olsenella sp. GAM18,3591,36,30,20,43,93,57,42,30
Bacteria,Actinobacteria,Coriobacteriia,Coriobacteriales,Atopobiaceae,Olsenella,Olsenella sp. oral taxon 807,Olsenella sp. oral taxon 807,3592,3,9,1,4,2,3,1,2
Bacteria,Actinobacteria,Coriobacteriia,Coriobacteriales,Atopobiaceae,Olsenella,Olsenella uli,Olsenella uli,3593,8,2,3,7,3,1,2,1
Bacteria,Actinobacteria,Coriobacteriia,Coriobacteriales,Atopobiaceae,Olsenella,Olsenella umbonata,Olsenella umbonata,3594,59,16,6,18,6,5,4,1
Bacteria,Actinobacteria,Coriobacteriia,Coriobacteriales,Atopobiaceae,Parolsenella,Parolsenella catena,Parolsenella catena,3792,30,15,17,38,106,54,28,35
Bacteria,Actinobacteria,Coriobacteriia,Coriobacteriales,Coriobacteriaceae,Collinsella,Collinsella aerofaciens,Collinsella aerofaciens,1220,6028,10194,11061,17893,59799,38593,25702,23107
Bacteria,Actinobacteria,Coriobacteriia,Coriobacteriales,Coriobacteriaceae,Coriobacterium,Coriobacterium glomerans,Coriobacterium glomerans,1247,8,8,2,12,13,3,4,4
Bacteria,Actinobacteria,Coriobacteriia,Eggerthellales,Eggerthellaceae,Adlercreutzia,Adlercreutzia equolifaciens,Adlercreutzia equolifaciens,145,7645,2313,892,3317,40,24,12,11
Bacteria,Actinobacteria,Coriobacteriia,Eggerthellales,Eggerthellaceae,Adlercreutzia,Adlercreutzia sp. 8CFCBH1,Adlercreutzia sp. 8CFCBH1,146,32,7,8,11,0,0,0,0
Bacteria,Actinobacteria,Coriobacteriia,Eggerthellales,Eggerthellaceae,Arabia,Arabia massiliensis,Arabia massiliensis,342,56,9,5,24,3,5,5,5
Bacteria,Actinobacteria,Coriobacteriia,Eggerthellales,Eggerthellaceae,Cryptobacterium,Cryptobacterium curtum,Cryptobacterium curtum,1336,19,5,4,9,3,0,0,0
Bacteria,Actinobacteria,Coriobacteriia,Eggerthellales,Eggerthellaceae,Denitrobacterium,Denitrobacterium detoxificans,Denitrobacterium detoxificans,1405,58,27,16,36,22,11,15,6
Bacteria,Actinobacteria,Coriobacteriia,Eggerthellales,Eggerthellaceae,Eggerthella,Eggerthella lenta,Eggerthella lenta,1533,9709,1492,574,2127,22,13,9,8
Bacteria,Actinobacteria,Coriobacteriia,Eggerthellales,Eggerthellaceae,Eggerthella,Eggerthella sp. YY7918,Eggerthella sp. YY7918,1534,48,17,9,21,40,26,17,22
Bacteria,Actinobacteria,Coriobacteriia,Eggerthellales,Eggerthellaceae,Gordonibacter,Gordonibacter pamelaeae,Gordonibacter pamelaeae,2351,8980,1238,533,1799,337,191,162,145
Bacteria,Actinobacteria,Coriobacteriia,Eggerthellales,Eggerthellaceae,Gordonibacter,Gordonibacter urolithinfaciens,Gordonibacter urolithinfaciens,2352,638,97,38,139,61,43,25,28
Bacteria,Actinobacteria,Coriobacteriia,Eggerthellales,Eggerthellaceae,Phoenicibacter,Phoenicibacter congonensis,Phoenicibacter congonensis,3865,49,39,13,50,10,9,4,8
Bacteria,Actinobacteria,Coriobacteriia,Eggerthellales,Eggerthellaceae,Slackia,Slackia heliotrinireducens,Slackia heliotrinireducens,4594,101,49,26,64,60,46,26,26
Bacteria,Actinobacteria,Nitriliruptoria,Egibacterales,Egibacteraceae,Egibacter,Egibacter rhizosphaerae,Egibacter rhizosphaerae,1536,1,0,0,0,0,0,0,0
Bacteria,Actinobacteria,Nitriliruptoria,Egicoccales,Egicoccaceae,Egicoccus,Egicoccus halophilus,Egicoccus halophilus,1537,0,0,0,0,1,0,0,0
Bacteria,Actinobacteria,Nitriliruptoria,Euzebyales,Euzebyaceae,Euzebya,Euzebya sp. DY32-46,Euzebya sp. DY32-46,1664,0,1,0,0,0,0,0,0
Bacteria,Actinobacteria,Rubrobacteria,Rubrobacterales,Baekduiaceae,Baekduia,Baekduia soli,Baekduia soli,550,1,1,0,0,0,1,0,0
Bacteria,Actinobacteria,Rubrobacteria,Rubrobacterales,Rubrobacteraceae,Rubrobacter,Rubrobacter radiotolerans,Rubrobacter radiotolerans,4421,1,1,0,0,0,0,0,0
Bacteria,Actinobacteria,Rubrobacteria,Rubrobacterales,Rubrobacteraceae,Rubrobacter,Rubrobacter sp. SCSIO 52909,Rubrobacter sp. SCSIO 52909,4422,2,0,0,2,0,0,0,0
Bacteria,Actinobacteria,Rubrobacteria,Rubrobacterales,Rubrobacteraceae,Rubrobacter,Rubrobacter sp. SCSIO 52915,Rubrobacter sp. SCSIO 52915,4423,0,0,0,1,1,0,0,0
Bacteria,Actinobacteria,Rubrobacteria,Rubrobacterales,Rubrobacteraceae,Rubrobacter,Rubrobacter xylanophilus,Rubrobacter xylanophilus,4424,2,2,1,0,0,0,0,0
Bacteria,Actinobacteria,Thermoleophilia,Solirubrobacterales,Conexibacteraceae,Conexibacter,Conexibacter woesei,Conexibacter woesei,1240,0,1,0,0,2,0,4,0
Bacteria,Aquificae,Aquificae,Aquificales,Aquificaceae,Aquifex,Aquifex aeolicus,Aquifex aeolicus,331,3,3,0,1,0,0,0,1
Bacteria,Aquificae,Aquificae,Aquificales,Aquificaceae,Hydrogenobacter,Hydrogenobacter sp. T-8,Hydrogenobacter sp. T-8,2506,1,1,0,0,0,0,0,0
Bacteria,Aquificae,Aquificae,Aquificales,Aquificaceae,Hydrogenobacter,Hydrogenobacter thermophilus,Hydrogenobacter thermophilus,2507,0,1,0,3,0,0,0,0
Bacteria,Aquificae,Aquificae,Aquificales,Aquificaceae,Hydrogenobaculum,Hydrogenobaculum sp. Y04AAS1,Hydrogenobaculum sp. Y04AAS1,2508,0,0,0,1,0,0,0,0
Bacteria,Aquificae,Aquificae,Aquificales,Aquificaceae,Thermocrinis,Thermocrinis albus,Thermocrinis albus,5133,0,6,32,11,10,17,30,16
Bacteria,Aquificae,Aquificae,Aquificales,Aquificaceae,Thermocrinis,Thermocrinis minervae,Thermocrinis minervae,5134,0,2,1,0,0,0,0,0
Bacteria,Aquificae,Aquificae,Aquificales,Hydrogenothermaceae,Persephonella,Persephonella marina,Persephonella marina,3852,1,0,1,1,0,1,0,0
Bacteria,Aquificae,Aquificae,Aquificales,Hydrogenothermaceae,Sulfurihydrogenibium,Sulfurihydrogenibium azorense,Sulfurihydrogenibium azorense,5012,0,0,2,1,0,0,0,0
Bacteria,Aquificae,Aquificae,Aquificales,Hydrogenothermaceae,Sulfurihydrogenibium,Sulfurihydrogenibium sp. YO3AOP1,Sulfurihydrogenibium sp. YO3AOP1,5013,0,2,0,0,0,0,0,0
Bacteria,Aquificae,Aquificae,Desulfurobacteriales,Desulfurobacteriaceae,Desulfurobacterium,Desulfurobacterium thermolithotrophum,Desulfurobacterium thermolithotrophum,1467,5,0,0,3,1,0,1,0
Bacteria,Aquificae,Aquificae,Desulfurobacteriales,Desulfurobacteriaceae,Thermovibrio,Thermovibrio ammonificans,Thermovibrio ammonificans,5158,1,2,1,1,0,0,0,0
Bacteria,Armatimonadetes,Chthonomonadetes,Chthonomonadales,Chthonomonadaceae,Chthonomonas,Chthonomonas calidirosea,Chthonomonas calidirosea,1136,1,0,0,0,0,2,3,2
Bacteria,Armatimonadetes,Fimbriimonadia,Fimbriimonadales,Fimbriimonadaceae,Fimbriimonas,Fimbriimonas ginsengisoli,Fimbriimonas ginsengisoli,1810,1,2,0,1,0,0,0,0
Bacteria,Bacteroidetes,Bacteroidia,Bacteroidales,Bacteroidaceae,Bacteroides,Bacteroides caccae,Bacteroides caccae,531,14908,20523,8357,12880,115,272,473,280
Bacteria,Bacteroidetes,Bacteroidia,Bacteroidales,Bacteroidaceae,Bacteroides,Bacteroides caecimuris,Bacteroides caecimuris,532,2330,1567,825,1141,358,305,379,301
Bacteria,Bacteroidetes,Bacteroidia,Bacteroidales,Bacteroidaceae,Bacteroides,Bacteroides cellulosilyticus,Bacteroides cellulosilyticus,533,20882,15410,6314,9742,230,311,532,366
Bacteria,Bacteroidetes,Bacteroidia,Bacteroidales,Bacteroidaceae,Bacteroides,Bacteroides coprosuis,Bacteroides coprosuis,534,104,91,155,87,27,78,104,66
Bacteria,Bacteroidetes,Bacteroidia,Bacteroidales,Bacteroidaceae,Bacteroides,Bacteroides fragilis,Bacteroides fragilis,535,19660,16217,7595,11292,2868,2655,2534,2901
Bacteria,Bacteroidetes,Bacteroidia,Bacteroidales,Bacteroidaceae,Bacteroides,Bacteroides helcogenes,Bacteroides helcogenes,536,1550,1651,1030,1275,418,522,546,631
Bacteria,Bacteroidetes,Bacteroidia,Bacteroidales,Bacteroidaceae,Bacteroides,Bacteroides heparinolyticus,Bacteroides heparinolyticus,537,890,973,618,728,229,235,355,332
Bacteria,Bacteroidetes,Bacteroidia,Bacteroidales,Bacteroidaceae,Bacteroides,Bacteroides intestinalis,Bacteroides intestinalis,538,17418,6723,3173,8943,859,1117,1000,1207
Bacteria,Bacteroidetes,Bacteroidia,Bacteroidales,Bacteroidaceae,Bacteroides,Bacteroides ovatus,Bacteroides ovatus,539,23513,28720,11247,18331,634,609,546,776
Bacteria,Bacteroidetes,Bacteroidia,Bacteroidales,Bacteroidaceae,Bacteroides,Bacteroides sp. A1C1,Bacteroides sp. A1C1,542,1485,2608,2279,3765,6849,6890,4556,8779
Bacteria,Bacteroidetes,Bacteroidia,Bacteroidales,Bacteroidaceae,Bacteroides,Bacteroides sp. CACC 737,Bacteroides sp. CACC 737,543,1201,2147,2038,3105,6351,6106,4170,7881
Bacteria,Bacteroidetes,Bacteroidia,Bacteroidales,Bacteroidaceae,Bacteroides,Bacteroides sp. CBA7301,Bacteroides sp. CBA7301,544,1359,1061,733,836,174,301,466,290
Bacteria,Bacteroidetes,Bacteroidia,Bacteroidales,Bacteroidaceae,Bacteroides,Bacteroides sp. HF-5287,Bacteroides sp. HF-5287,545,11840,4157,2174,5240,799,718,771,620
Bacteria,Bacteroidetes,Bacteroidia,Bacteroidales,Bacteroidaceae,Bacteroides,Bacteroides thetaiotaomicron,Bacteroides thetaiotaomicron,546,31315,24805,12857,18208,1523,2348,3671,2036
Bacteria,Bacteroidetes,Bacteroidia,Bacteroidales,Bacteroidaceae,Bacteroides,Bacteroides uniformis,Bacteroides uniformis,547,8588,19874,20984,33542,72822,70697,46984,90499
Bacteria,Bacteroidetes,Bacteroidia,Bacteroidales,Bacteroidaceae,Bacteroides,Bacteroides xylanisolvens,Bacteroides xylanisolvens,548,10815,6965,2759,4465,284,330,302,446
Bacteria,Bacteroidetes,Bacteroidia,Bacteroidales,Bacteroidaceae,Bacteroides,Bacteroides zoogleoformans,Bacteroides zoogleoformans,549,709,717,691,565,201,276,393,320
Bacteria,Bacteroidetes,Bacteroidia,Bacteroidales,Barnesiellaceae,Barnesiella,Barnesiella viscericola,Barnesiella viscericola,551,726,971,707,674,438,384,454,320
Bacteria,Bacteroidetes,Bacteroidia,Bacteroidales,Dysgonomonadaceae,Dysgonomonas,Dysgonomonas sp. HDW5A,Dysgonomonas sp. HDW5A,1516,7,15,4,5,0,0,0,0
Bacteria,Bacteroidetes,Bacteroidia,Bacteroidales,Dysgonomonadaceae,Dysgonomonas,Dysgonomonas sp. HDW5B,Dysgonomonas sp. HDW5B,1517,13,22,45,25,7,20,41,15
Bacteria,Bacteroidetes,Bacteroidia,Bacteroidales,Dysgonomonadaceae,Fermentimonas,Fermentimonas caenicola,Fermentimonas caenicola,1794,34,30,67,22,19,32,55,32
Bacteria,Bacteroidetes,Bacteroidia,Bacteroidales,Dysgonomonadaceae,Petrimonas,Petrimonas mucosa,Petrimonas mucosa,3853,68,57,82,53,32,38,89,33
Bacteria,Bacteroidetes,Bacteroidia,Bacteroidales,Dysgonomonadaceae,Proteiniphilum,Proteiniphilum saccharofermentans,Proteiniphilum saccharofermentans,4022,72,64,101,56,39,74,84,67
Bacteria,Bacteroidetes,Bacteroidia,Bacteroidales,Muribaculaceae,Duncaniella,Duncaniella dubosii,Duncaniella dubosii,1511,70,83,223,76,51,93,207,86
Bacteria,Bacteroidetes,Bacteroidia,Bacteroidales,Muribaculaceae,Muribaculum,Muribaculum intestinale,Muribaculum intestinale,3261,64,76,259,76,59,125,222,113
Bacteria,Bacteroidetes,Bacteroidia,Bacteroidales,Muribaculaceae,Muribaculum,Muribaculum sp. TLL-A4,Muribaculum sp. TLL-A4,3262,64,90,187,86,67,105,205,90
Bacteria,Bacteroidetes,Bacteroidia,Bacteroidales,Odoribacteraceae,Butyricimonas,Butyricimonas faecalis,Butyricimonas faecalis,765,300,368,1175,383,684,773,1213,633
Bacteria,Bacteroidetes,Bacteroidia,Bacteroidales,Odoribacteraceae,Odoribacter,Odoribacter splanchnicus,Odoribacter splanchnicus,3578,12493,8318,3317,5214,176,185,179,194
Bacteria,Bacteroidetes,Bacteroidia,Bacteroidales,Paludibacteraceae,Paludibacter,Paludibacter propionicigenes,Paludibacter propionicigenes,3698,52,46,86,45,22,47,63,36
Bacteria,Bacteroidetes,Bacteroidia,Bacteroidales,Porphyromonadaceae,Porphyromonas,Porphyromonas asaccharolytica,Porphyromonas asaccharolytica,3993,91,50,112,65,40,41,126,74
Bacteria,Bacteroidetes,Bacteroidia,Bacteroidales,Porphyromonadaceae,Porphyromonas,Porphyromonas cangingivalis,Porphyromonas cangingivalis,3994,38,29,124,52,32,55,91,37
Bacteria,Bacteroidetes,Bacteroidia,Bacteroidales,Porphyromonadaceae,Porphyromonas,Porphyromonas crevioricanis,Porphyromonas crevioricanis,3995,45,41,77,46,25,41,71,33
Bacteria,Bacteroidetes,Bacteroidia,Bacteroidales,Porphyromonadaceae,Porphyromonas,Porphyromonas gingivalis,Porphyromonas gingivalis,3996,178,98,116,108,44,54,79,51
Bacteria,Bacteroidetes,Bacteroidia,Bacteroidales,Prevotellaceae,Alloprevotella,Alloprevotella sp. E39,Alloprevotella sp. E39,247,84,76,286,80,62,122,231,104
Bacteria,Bacteroidetes,Bacteroidia,Bacteroidales,Prevotellaceae,Paraprevotella,Paraprevotella xylaniphila,Paraprevotella xylaniphila,3783,11668,2814,2120,3945,1590,1357,1460,1113
Bacteria,Bacteroidetes,Bacteroidia,Bacteroidales,Prevotellaceae,Prevotella,Prevotella dentalis,Prevotella dentalis,4001,554,620,3630,773,809,1922,3686,1744
Bacteria,Bacteroidetes,Bacteroidia,Bacteroidales,Prevotellaceae,Prevotella,Prevotella denticola,Prevotella denticola,4002,596,389,2353,586,520,1172,2298,1079
Bacteria,Bacteroidetes,Bacteroidia,Bacteroidales,Prevotellaceae,Prevotella,Prevotella enoeca,Prevotella enoeca,4003,505,249,1211,358,274,696,1149,567
Bacteria,Bacteroidetes,Bacteroidia,Bacteroidales,Prevotellaceae,Prevotella,Prevotella fusca,Prevotella fusca,4004,547,423,2993,651,583,1469,2994,1440
Bacteria,Bacteroidetes,Bacteroidia,Bacteroidales,Prevotellaceae,Prevotella,Prevotella intermedia,Prevotella intermedia,4005,4556,1524,4366,2111,851,2055,4164,1978
Bacteria,Bacteroidetes,Bacteroidia,Bacteroidales,Prevotellaceae,Prevotella,Prevotella jejuni,Prevotella jejuni,4006,1007,328,1199,471,229,611,1237,570
Bacteria,Bacteroidetes,Bacteroidia,Bacteroidales,Prevotellaceae,Prevotella,Prevotella melaninogenica,Prevotella melaninogenica,4007,851,681,5027,1048,1077,2581,5043,2346
Bacteria,Bacteroidetes,Bacteroidia,Bacteroidales,Prevotellaceae,Prevotella,Prevotella oris,Prevotella oris,4008,369,563,4655,889,996,2329,4502,2144
Bacteria,Bacteroidetes,Bacteroidia,Bacteroidales,Prevotellaceae,Prevotella,Prevotella ruminicola,Prevotella ruminicola,4009,349,816,7326,1413,1510,3659,7564,3523
Bacteria,Bacteroidetes,Bacteroidia,Bacteroidales,Prevotellaceae,Prevotella,Prevotella scopos,Prevotella scopos,4010,428,240,1367,371,275,637,1281,620
Bacteria,Bacteroidetes,Bacteroidia,Bacteroidales,Prevotellaceae,Prevotella,Prevotella sp. oral taxon 299,Prevotella sp. oral taxon 299,4011,446,197,858,283,176,417,863,350
Bacteria,Bacteroidetes,Bacteroidia,Bacteroidales,Rikenellaceae,Alistipes,Alistipes communis,Alistipes communis,225,583,705,592,1126,3499,2051,1365,1311
Bacteria,Bacteroidetes,Bacteroidia,Bacteroidales,Rikenellaceae,Alistipes,Alistipes dispar,Alistipes dispar,226,341,463,453,738,2509,1554,984,822
Bacteria,Bacteroidetes,Bacteroidia,Bacteroidales,Rikenellaceae,Alistipes,Alistipes finegoldii,Alistipes finegoldii,227,9678,11247,4847,7627,3786,2272,1592,1392
Bacteria,Bacteroidetes,Bacteroidia,Bacteroidales,Rikenellaceae,Alistipes,Alistipes indistinctus,Alistipes indistinctus,228,167,149,115,156,324,230,169,150
Bacteria,Bacteroidetes,Bacteroidia,Bacteroidales,Rikenellaceae,Alistipes,Alistipes megaguti,Alistipes megaguti,229,242,327,474,497,1485,1058,708,660
Bacteria,Bacteroidetes,Bacteroidia,Bacteroidales,Rikenellaceae,Alistipes,Alistipes onderdonkii,Alistipes onderdonkii,230,728,799,593,1014,2482,1477,1037,868
Bacteria,Bacteroidetes,Bacteroidia,Bacteroidales,Rikenellaceae,Alistipes,Alistipes shahii,Alistipes shahii,231,10151,3836,1841,5480,2863,1818,1237,1092
Bacteria,Bacteroidetes,Bacteroidia,Bacteroidales,Rikenellaceae,Alistipes,Alistipes sp. dk3624,Alistipes sp. dk3624,232,97,114,94,177,391,301,179,162
Bacteria,Bacteroidetes,Bacteroidia,Bacteroidales,Rikenellaceae,Mucinivorans,Mucinivorans hirudinis,Mucinivorans hirudinis,3258,37,39,115,43,54,67,98,51
Bacteria,Bacteroidetes,Bacteroidia,Bacteroidales,Tannerellaceae,Parabacteroides,Parabacteroides distasonis,Parabacteroides distasonis,3728,14269,23608,9453,14923,929,1011,814,1110
Bacteria,Bacteroidetes,Bacteroidia,Bacteroidales,Tannerellaceae,Parabacteroides,Parabacteroides sp. CT06,Parabacteroides sp. CT06,3730,216,328,174,242,183,135,147,99
Bacteria,Bacteroidetes,Bacteroidia,Bacteroidales,Tannerellaceae,Tannerella,Tannerella forsythia,Tannerella forsythia,5047,130,89,46,60,14,20,37,23
Bacteria,Bacteroidetes,Bacteroidia,Bacteroidales,Tannerellaceae,Tannerella,Tannerella sp. oral taxon HOT-286,Tannerella sp. oral taxon HOT-286,5048,62,74,153,76,88,84,127,75
Bacteria,Bacteroidetes,Bacteroidia,Bacteroidales,Tenuifilaceae,Tenuifilum,Tenuifilum thalassicum,Tenuifilum thalassicum,5065,14,11,12,9,2,10,14,8
Bacteria,Bacteroidetes,Bacteroidia,Marinilabiliales,Marinifilaceae,Labilibaculum,Labilibaculum antarcticum,Labilibaculum antarcticum,2665,23,25,78,32,12,39,67,30
Bacteria,Bacteroidetes,Bacteroidia,Marinilabiliales,Marinilabiliaceae,Alkalitalea,Alkalitalea saponilacus,Alkalitalea saponilacus,241,13,16,18,12,3,5,18,9
Bacteria,Bacteroidetes,Bacteroidia,Marinilabiliales,Prolixibacteraceae,Draconibacterium,Draconibacterium orientale,Draconibacterium orientale,1507,19,17,54,14,7,17,35,15
Bacteria,Bacteroidetes,Bacteroidia,Marinilabiliales,Prolixibacteraceae,Draconibacterium,Draconibacterium sp. M1,Draconibacterium sp. M1,1508,12,20,41,10,10,8,28,14
Bacteria,Bacteroidetes,Bacteroidia,Marinilabiliales,Salinivirgaceae,Salinivirga,Salinivirga cyanobacteriivorans,Salinivirga cyanobacteriivorans,4481,11,9,26,9,7,9,21,12
Bacteria,Bacteroidetes,Chitinophagia,Chitinophagales,Chitinophagaceae,Arachidicoccus,Arachidicoccus ginsenosidivorans,Arachidicoccus ginsenosidivorans,343,6,10,12,11,8,5,11,9
Bacteria,Bacteroidetes,Chitinophagia,Chitinophagales,Chitinophagaceae,Arachidicoccus,Arachidicoccus sp. B3-10,Arachidicoccus sp. B3-10,344,5,8,14,7,8,13,25,13
Bacteria,Bacteroidetes,Chitinophagia,Chitinophagales,Chitinophagaceae,Arachidicoccus,Arachidicoccus sp. BS20,Arachidicoccus sp. BS20,345,9,5,6,7,5,3,0,3
Bacteria,Bacteroidetes,Chitinophagia,Chitinophagales,Chitinophagaceae,Arachidicoccus,Arachidicoccus sp. KIS59-12,Arachidicoccus sp. KIS59-12,346,12,8,21,13,12,4,25,9
Bacteria,Bacteroidetes,Chitinophagia,Chitinophagales,Chitinophagaceae,Chitinophaga,Chitinophaga caeni,Chitinophaga caeni,1058,13,9,28,1,5,23,31,12
Bacteria,Bacteroidetes,Chitinophagia,Chitinophagales,Chitinophagaceae,Chitinophaga,Chitinophaga pinensis,Chitinophaga pinensis,1059,16,32,140,35,48,82,130,71
Bacteria,Bacteroidetes,Chitinophagia,Chitinophagales,Chitinophagaceae,Chitinophaga,Chitinophaga sp. 1303,Chitinophaga sp. 1303,1060,1,0,1,0,2,0,0,1
Bacteria,Bacteroidetes,Chitinophagia,Chitinophagales,Chitinophagaceae,Chitinophaga,Chitinophaga sp. 1310,Chitinophaga sp. 1310,1061,0,0,0,0,0,1,0,0
Bacteria,Bacteroidetes,Chitinophagia,Chitinophagales,Chitinophagaceae,Chitinophaga,Chitinophaga sp. H33E-04,Chitinophaga sp. H33E-04,1062,13,12,36,19,18,22,36,14
Bacteria,Bacteroidetes,Chitinophagia,Chitinophagales,Chitinophagaceae,Chitinophaga,Chitinophaga sp. MD30,Chitinophaga sp. MD30,1063,10,8,9,8,7,12,14,6
Bacteria,Bacteroidetes,Chitinophagia,Chitinophagales,Chitinophagaceae,Chitinophaga,Chitinophaga sp. XS-30,Chitinophaga sp. XS-30,1064,11,13,41,9,10,21,28,13
Bacteria,Bacteroidetes,Chitinophagia,Chitinophagales,Chitinophagaceae,Filimonas,Filimonas lacunae,Filimonas lacunae,1809,17,6,9,10,3,5,11,2
Bacteria,Bacteroidetes,Chitinophagia,Chitinophagales,Chitinophagaceae,Flavihumibacter,Flavihumibacter sp. SB-02,Flavihumibacter sp. SB-02,1821,2,17,23,10,10,17,25,17
Bacteria,Bacteroidetes,Chitinophagia,Chitinophagales,Chitinophagaceae,Flavisolibacter,Flavisolibacter ginsenosidimutans,Flavisolibacter ginsenosidimutans,1822,5,4,20,5,13,11,47,21
Bacteria,Bacteroidetes,Chitinophagia,Chitinophagales,Chitinophagaceae,Flavisolibacter,Flavisolibacter sp. 17J28-1,Flavisolibacter sp. 17J28-1,1823,10,13,17,5,3,6,15,2
Bacteria,Bacteroidetes,Chitinophagia,Chitinophagales,Chitinophagaceae,Flavisolibacter,Flavisolibacter tropicus,Flavisolibacter tropicus,1824,8,9,20,14,7,22,25,13
Bacteria,Bacteroidetes,Chitinophagia,Chitinophagales,Chitinophagaceae,Lacibacter,Lacibacter sp. S13-6-6,Lacibacter sp. S13-6-6,2682,12,12,6,14,1,0,3,0
Bacteria,Bacteroidetes,Chitinophagia,Chitinophagales,Chitinophagaceae,Niabella,Niabella ginsenosidivorans,Niabella ginsenosidivorans,3405,5,6,6,3,4,5,3,8
Bacteria,Bacteroidetes,Chitinophagia,Chitinophagales,Chitinophagaceae,Niabella,Niabella soli,Niabella soli,3406,13,8,3,2,0,0,1,0
Bacteria,Bacteroidetes,Chitinophagia,Chitinophagales,Chitinophagaceae,Niastella,Niastella koreensis,Niastella koreensis,3407,16,13,28,15,8,15,28,13
Bacteria,Bacteroidetes,Chitinophagia,Chitinophagales,Chitinophagaceae,Panacibacter,Panacibacter ginsenosidivorans,Panacibacter ginsenosidivorans,3700,5,7,22,6,4,6,17,11
Bacteria,Bacteroidetes,Chitinophagia,Chitinophagales,Chitinophagaceae,Paraflavitalea,Paraflavitalea soli,Paraflavitalea soli,3771,16,9,7,16,8,3,9,7
Bacteria,Bacteroidetes,Chitinophagia,Chitinophagales,Chitinophagaceae,Pseudobacter,Pseudobacter ginsenosidimutans,Pseudobacter ginsenosidimutans,4068,9,11,52,16,7,26,54,21
Bacteria,Bacteroidetes,Cytophagia,Cytophagales,Amoebophilaceae,Candidatus Amoebophilus,Candidatus Amoebophilus asiaticus,Candidatus Amoebophilus asiaticus,859,2,0,13,1,4,6,8,4
Bacteria,Bacteroidetes,Cytophagia,Cytophagales,Amoebophilaceae,Candidatus Cardinium,Candidatus Cardinium hertigii,Candidatus Cardinium hertigii,871,2,2,0,1,0,0,0,0
Bacteria,Bacteroidetes,Cytophagia,Cytophagales,Amoebophilaceae,Candidatus Cardinium,Cardinium endosymbiont of Encarsia pergandiella,Cardinium endosymbiont of Encarsia pergandiella,996,2,0,0,0,0,0,0,0
Bacteria,Bacteroidetes,Cytophagia,Cytophagales,Amoebophilaceae,Candidatus Cardinium,Cardinium endosymbiont of Sogatella furcifera,Cardinium endosymbiont of Sogatella furcifera,997,0,4,50,7,8,13,33,25
Bacteria,Bacteroidetes,Cytophagia,Cytophagales,Bernardetiaceae,Bernardetia,Bernardetia litoralis,Bernardetia litoralis,581,3,7,3,3,0,1,7,4
Bacteria,Bacteroidetes,Cytophagia,Cytophagales,Cyclobacteriaceae,Algoriphagus,Algoriphagus machipongonensis,Algoriphagus machipongonensis,216,7,9,18,7,8,9,20,12
Bacteria,Bacteroidetes,Cytophagia,Cytophagales,Cyclobacteriaceae,Algoriphagus,Algoriphagus sanaruensis,Algoriphagus sanaruensis,217,10,3,2,4,1,4,3,8
Bacteria,Bacteroidetes,Cytophagia,Cytophagales,Cyclobacteriaceae,Aquiflexum,Aquiflexum balticum,Aquiflexum balticum,332,2,7,46,8,15,33,59,17
Bacteria,Bacteroidetes,Cytophagia,Cytophagales,Cyclobacteriaceae,Belliella,Belliella baltica,Belliella baltica,578,7,3,1,2,0,0,1,0
Bacteria,Bacteroidetes,Cytophagia,Cytophagales,Cyclobacteriaceae,Cyclobacterium,Cyclobacterium amurskyense,Cyclobacterium amurskyense,1357,6,4,1,0,0,1,0,1
Bacteria,Bacteroidetes,Cytophagia,Cytophagales,Cyclobacteriaceae,Cyclobacterium,Cyclobacterium marinum,Cyclobacterium marinum,1358,10,10,9,7,4,4,13,5
Bacteria,Bacteroidetes,Cytophagia,Cytophagales,Cyclobacteriaceae,Echinicola,Echinicola rosea,Echinicola rosea,1519,11,14,36,7,13,9,39,39
Bacteria,Bacteroidetes,Cytophagia,Cytophagales,Cyclobacteriaceae,Echinicola,Echinicola sp. LN3S3,Echinicola sp. LN3S3,1520,2,5,18,3,4,16,26,10
Bacteria,Bacteroidetes,Cytophagia,Cytophagales,Cyclobacteriaceae,Echinicola,Echinicola strongylocentroti,Echinicola strongylocentroti,1521,7,7,23,8,12,10,28,15
Bacteria,Bacteroidetes,Cytophagia,Cytophagales,Cyclobacteriaceae,Echinicola,Echinicola vietnamensis,Echinicola vietnamensis,1522,10,4,9,3,3,3,6,3
Bacteria,Bacteroidetes,Cytophagia,Cytophagales,Cytophagaceae,Allopseudarcicella,Allopseudarcicella aquatilis,Allopseudarcicella aquatilis,248,15,5,4,4,0,0,0,0
Bacteria,Bacteroidetes,Cytophagia,Cytophagales,Cytophagaceae,Arcticibacterium,Arcticibacterium luteifluviistationis,Arcticibacterium luteifluviistationis,378,5,10,11,3,1,2,10,6
Bacteria,Bacteroidetes,Cytophagia,Cytophagales,Cytophagaceae,Cytophaga,Cytophaga hutchinsonii,Cytophaga hutchinsonii,1363,9,4,9,5,0,4,2,1
Bacteria,Bacteroidetes,Cytophagia,Cytophagales,Cytophagaceae,Dyadobacter,Dyadobacter fermentans,Dyadobacter fermentans,1512,16,21,8,14,14,7,5,7
Bacteria,Bacteroidetes,Cytophagia,Cytophagales,Cytophagaceae,Fibrella,Fibrella aestuarina,Fibrella aestuarina,1803,8,10,32,4,12,13,26,16
Bacteria,Bacteroidetes,Cytophagia,Cytophagales,Cytophagaceae,Fibrella,Fibrella sp. ES10-3-2-2,Fibrella sp. ES10-3-2-2,1804,16,8,30,16,7,10,32,15
Bacteria,Bacteroidetes,Cytophagia,Cytophagales,Cytophagaceae,Leadbetterella,Leadbetterella byssophila,Leadbetterella byssophila,2798,10,6,20,6,1,5,11,8
Bacteria,Bacteroidetes,Cytophagia,Cytophagales,Cytophagaceae,Rhodocytophaga,Rhodocytophaga sp. 172606-1,Rhodocytophaga sp. 172606-1,4353,14,7,7,7,4,3,0,5
Bacteria,Bacteroidetes,Cytophagia,Cytophagales,Cytophagaceae,Runella,Runella slithyformis,Runella slithyformis,4442,11,8,11,3,1,9,5,10
Bacteria,Bacteroidetes,Cytophagia,Cytophagales,Cytophagaceae,Runella,Runella sp. HYN0085,Runella sp. HYN0085,4443,9,4,13,5,6,10,13,3
Bacteria,Bacteroidetes,Cytophagia,Cytophagales,Cytophagaceae,Runella,Runella sp. SP2,Runella sp. SP2,4444,9,4,4,8,0,0,0,0
Bacteria,Bacteroidetes,Cytophagia,Cytophagales,Cytophagaceae,Spirosoma,Spirosoma aerolatum,Spirosoma aerolatum,4694,3,3,2,1,0,4,4,2
Bacteria,Bacteroidetes,Cytophagia,Cytophagales,Cytophagaceae,Spirosoma,Spirosoma montaniterrae,Spirosoma montaniterrae,4695,4,5,20,4,4,23,34,17
Bacteria,Bacteroidetes,Cytophagia,Cytophagales,Cytophagaceae,Spirosoma,Spirosoma pollinicola,Spirosoma pollinicola,4696,5,3,39,15,2,12,27,10
Bacteria,Bacteroidetes,Cytophagia,Cytophagales,Cytophagaceae,Spirosoma,Spirosoma radiotolerans,Spirosoma radiotolerans,4697,8,5,7,5,5,6,3,5
Bacteria,Bacteroidetes,Cytophagia,Cytophagales,Cytophagaceae,Spirosoma,Spirosoma rigui,Spirosoma rigui,4698,7,7,2,4,7,7,0,4
Bacteria,Bacteroidetes,Cytophagia,Cytophagales,Cytophagaceae,Spirosoma,Spirosoma sp. BT328,Spirosoma sp. BT328,4699,10,6,1,3,11,4,0,0
Bacteria,Bacteroidetes,Cytophagia,Cytophagales,Cytophagaceae,Spirosoma,Spirosoma sp. CJU-R4,Spirosoma sp. CJU-R4,4700,12,0,5,3,19,13,13,4
Bacteria,Bacteroidetes,Cytophagia,Cytophagales,Cytophagaceae,Spirosoma,Spirosoma sp. I-24,Spirosoma sp. I-24,4701,5,3,10,5,1,2,4,6
Bacteria,Bacteroidetes,Cytophagia,Cytophagales,Cytophagaceae,Spirosoma,Spirosoma sp. KCTC 42546,Spirosoma sp. KCTC 42546,4702,10,15,20,9,6,15,34,20
Bacteria,Bacteroidetes,Cytophagia,Cytophagales,Cytophagaceae,Spirosoma,Spirosoma sp. KUDC1026,Spirosoma sp. KUDC1026,4703,4,9,32,6,4,15,39,9
Bacteria,Bacteroidetes,Cytophagia,Cytophagales,Cytophagaceae,Spirosoma,Spirosoma sp. PL0136,Spirosoma sp. PL0136,4704,8,3,3,2,0,1,0,0
Bacteria,Bacteroidetes,Cytophagia,Cytophagales,Cytophagaceae,Spirosoma,Spirosoma sp. TS118,Spirosoma sp. TS118,4705,6,20,33,11,17,30,43,35
Bacteria,Bacteroidetes,Cytophagia,Cytophagales,Flammeovirgaceae,Flammeovirga,Flammeovirga pectinis,Flammeovirga pectinis,1815,2,8,2,2,0,0,0,0
Bacteria,Bacteroidetes,Cytophagia,Cytophagales,Flammeovirgaceae,Flammeovirga,Flammeovirga sp. MY04,Flammeovirga sp. MY04,1816,18,12,3,4,2,2,1,1
Bacteria,Bacteroidetes,Cytophagia,Cytophagales,Fulvivirgaceae,Chryseolinea,Chryseolinea soli,Chryseolinea soli,1135,10,6,23,18,15,18,20,14
Bacteria,Bacteroidetes,Cytophagia,Cytophagales,Hymenobacteraceae,Adhaeribacter,Adhaeribacter sp. KUDC8001,Adhaeribacter sp. KUDC8001,143,11,5,11,6,3,2,12,4
Bacteria,Bacteroidetes,Cytophagia,Cytophagales,Hymenobacteraceae,Adhaeribacter,Adhaeribacter swui,Adhaeribacter swui,144,2,7,47,8,15,28,53,24
Bacteria,Bacteroidetes,Cytophagia,Cytophagales,Hymenobacteraceae,Hymenobacter,Hymenobacter jejuensis,Hymenobacter jejuensis,2522,16,8,23,9,23,12,25,19
Bacteria,Bacteroidetes,Cytophagia,Cytophagales,Hymenobacteraceae,Hymenobacter,Hymenobacter nivis,Hymenobacter nivis,2523,5,3,36,8,10,20,38,13
Bacteria,Bacteroidetes,Cytophagia,Cytophagales,Hymenobacteraceae,Hymenobacter,Hymenobacter oligotrophus,Hymenobacter oligotrophus,2524,6,1,16,3,11,17,36,16
Bacteria,Bacteroidetes,Cytophagia,Cytophagales,Hymenobacteraceae,Hymenobacter,Hymenobacter sedentarius,Hymenobacter sedentarius,2525,9,8,29,4,19,18,44,13
Bacteria,Bacteroidetes,Cytophagia,Cytophagales,Hymenobacteraceae,Hymenobacter,Hymenobacter sp. 17J36-26,Hymenobacter sp. 17J36-26,2526,8,3,5,3,3,3,7,0
Bacteria,Bacteroidetes,Cytophagia,Cytophagales,Hymenobacteraceae,Hymenobacter,Hymenobacter sp. APR13,Hymenobacter sp. APR13,2527,6,6,44,8,9,6,36,10
Bacteria,Bacteroidetes,Cytophagia,Cytophagales,Hymenobacteraceae,Hymenobacter,Hymenobacter sp. BRD128,Hymenobacter sp. BRD128,2528,5,3,9,2,1,4,4,3
Bacteria,Bacteroidetes,Cytophagia,Cytophagales,Hymenobacteraceae,Hymenobacter,Hymenobacter sp. BRD67,Hymenobacter sp. BRD67,2529,0,3,0,1,3,0,0,1
Bacteria,Bacteroidetes,Cytophagia,Cytophagales,Hymenobacteraceae,Hymenobacter,Hymenobacter sp. BRD72,Hymenobacter sp. BRD72,2530,2,8,17,4,12,11,22,9
Bacteria,Bacteroidetes,Cytophagia,Cytophagales,Hymenobacteraceae,Hymenobacter,Hymenobacter sp. BT18,Hymenobacter sp. BT18,2531,5,5,25,7,9,12,39,11
Bacteria,Bacteroidetes,Cytophagia,Cytophagales,Hymenobacteraceae,Hymenobacter,Hymenobacter sp. BT182,Hymenobacter sp. BT182,2532,5,5,2,8,5,7,3,4
Bacteria,Bacteroidetes,Cytophagia,Cytophagales,Hymenobacteraceae,Hymenobacter,Hymenobacter sp. DG01,Hymenobacter sp. DG01,2533,3,6,3,7,3,4,7,1
Bacteria,Bacteroidetes,Cytophagia,Cytophagales,Hymenobacteraceae,Hymenobacter,Hymenobacter sp. DG25A,Hymenobacter sp. DG25A,2534,4,4,0,1,4,3,2,1
Bacteria,Bacteroidetes,Cytophagia,Cytophagales,Hymenobacteraceae,Hymenobacter,Hymenobacter sp. DG25B,Hymenobacter sp. DG25B,2535,1,3,2,2,0,0,0,0
Bacteria,Bacteroidetes,Cytophagia,Cytophagales,Hymenobacteraceae,Hymenobacter,Hymenobacter sp. HDW8,Hymenobacter sp. HDW8,2536,1,7,0,2,0,0,0,0
Bacteria,Bacteroidetes,Cytophagia,Cytophagales,Hymenobacteraceae,Hymenobacter,Hymenobacter sp. NBH84,Hymenobacter sp. NBH84,2537,1,3,8,5,7,6,4,7
Bacteria,Bacteroidetes,Cytophagia,Cytophagales,Hymenobacteraceae,Hymenobacter,Hymenobacter sp. PAMC 26554,Hymenobacter sp. PAMC 26554,2538,7,7,42,10,15,18,42,16
Bacteria,Bacteroidetes,Cytophagia,Cytophagales,Hymenobacteraceae,Hymenobacter,Hymenobacter sp. PAMC 26628,Hymenobacter sp. PAMC 26628,2539,5,6,2,10,9,4,6,10
Bacteria,Bacteroidetes,Cytophagia,Cytophagales,Hymenobacteraceae,Hymenobacter,Hymenobacter sp. TS19,Hymenobacter sp. TS19,2540,10,5,45,15,5,19,47,9
Bacteria,Bacteroidetes,Cytophagia,Cytophagales,Hymenobacteraceae,Hymenobacter,Hymenobacter swuensis,Hymenobacter swuensis,2541,7,2,3,6,0,0,0,1
Bacteria,Bacteroidetes,Cytophagia,Cytophagales,Hymenobacteraceae,Nibribacter,Nibribacter sp. BT10,Nibribacter sp. BT10,3408,3,5,9,6,1,5,7,3
Bacteria,Bacteroidetes,Cytophagia,Cytophagales,Hymenobacteraceae,Pontibacter,Pontibacter actiniarum,Pontibacter actiniarum,3981,5,5,35,11,7,17,28,13
Bacteria,Bacteroidetes,Cytophagia,Cytophagales,Hymenobacteraceae,Pontibacter,Pontibacter akesuensis,Pontibacter akesuensis,3982,14,12,12,6,11,10,5,6
Bacteria,Bacteroidetes,Cytophagia,Cytophagales,Hymenobacteraceae,Pontibacter,Pontibacter korlensis,Pontibacter korlensis,3983,7,13,71,21,18,24,60,38
Bacteria,Bacteroidetes,Cytophagia,Cytophagales,Hymenobacteraceae,Pontibacter,Pontibacter pudoricolor,Pontibacter pudoricolor,3984,7,12,31,13,3,13,31,11
Bacteria,Bacteroidetes,Cytophagia,Cytophagales,Hymenobacteraceae,Pontibacter,Pontibacter russatus,Pontibacter russatus,3985,4,3,1,4,14,7,3,5
Bacteria,Bacteroidetes,Cytophagia,Cytophagales,Hymenobacteraceae,Pontibacter,Pontibacter sp. SGAir0037,Pontibacter sp. SGAir0037,3986,16,10,8,6,9,11,12,3
Bacteria,Bacteroidetes,Cytophagia,Cytophagales,Hymenobacteraceae,Rufibacter,Rufibacter sp. DG15C,Rufibacter sp. DG15C,4429,10,2,56,11,21,34,61,32
Bacteria,Bacteroidetes,Cytophagia,Cytophagales,Hymenobacteraceae,Rufibacter,Rufibacter sp. DG31D,Rufibacter sp. DG31D,4430,0,5,1,2,3,1,5,1
Bacteria,Bacteroidetes,Cytophagia,Cytophagales,Hymenobacteraceae,Rufibacter,Rufibacter tibetensis,Rufibacter tibetensis,4431,5,6,12,10,1,5,13,8
Bacteria,Bacteroidetes,Cytophagia,Cytophagales,Marivirgaceae,Marivirga,Marivirga tractuosa,Marivirga tractuosa,2977,4,2,2,0,0,0,0,0
Bacteria,Bacteroidetes,Cytophagia,Cytophagales,Roseivirgaceae,Roseivirga,Roseivirga pacifica,Roseivirga pacifica,4401,3,3,4,1,3,1,6,1
Bacteria,Bacteroidetes,Flavobacteriia,Flavobacteriales,Blattabacteriaceae,Blattabacterium,Blattabacterium clevelandi,Blattabacterium clevelandi,609,0,0,0,0,0,0,1,0
Bacteria,Bacteroidetes,Flavobacteriia,Flavobacteriales,Blattabacteriaceae,Blattabacterium,Blattabacterium cuenoti,Blattabacterium cuenoti,610,0,1,1,1,0,0,0,0
Bacteria,Bacteroidetes,Flavobacteriia,Flavobacteriales,Blattabacteriaceae,Blattabacterium,Blattabacterium sp. (Blatta orientalis),Blattabacterium sp. (Blatta orientalis),611,0,0,6,1,7,4,4,6
Bacteria,Bacteroidetes,Flavobacteriia,Flavobacteriales,Blattabacteriaceae,Blattabacterium,Blattabacterium sp. (Blattella germanica),Blattabacterium sp. (Blattella germanica),612,0,0,0,1,0,0,0,0
Bacteria,Bacteroidetes,Flavobacteriia,Flavobacteriales,Blattabacteriaceae,Blattabacterium,Blattabacterium sp. (Cryptocercus kyebangensis),Blattabacterium sp. (Cryptocercus kyebangensis),613,1,0,0,1,0,0,0,0
Bacteria,Bacteroidetes,Flavobacteriia,Flavobacteriales,Blattabacteriaceae,Blattabacterium,Blattabacterium sp. (Mastotermes darwiniensis),Blattabacterium sp. (Mastotermes darwiniensis),614,0,0,0,1,0,0,0,0
Bacteria,Bacteroidetes,Flavobacteriia,Flavobacteriales,Blattabacteriaceae,Blattabacterium,Blattabacterium sp. (Nauphoeta cinerea),Blattabacterium sp. (Nauphoeta cinerea),615,0,1,0,0,0,0,0,0
Bacteria,Bacteroidetes,Flavobacteriia,Flavobacteriales,Blattabacteriaceae,Blattabacterium,Blattabacterium sp. DPU,Blattabacterium sp. DPU,616,0,0,1,0,0,0,0,0
Bacteria,Bacteroidetes,Flavobacteriia,Flavobacteriales,Crocinitomicaceae,Fluviicola,Fluviicola taffensis,Fluviicola taffensis,1870,14,1,6,4,3,4,4,5
Bacteria,Bacteroidetes,Flavobacteriia,Flavobacteriales,Cryomorphaceae,Owenweeksia,Owenweeksia hongkongensis,Owenweeksia hongkongensis,3611,7,8,3,3,0,1,1,0
Bacteria,Bacteroidetes,Flavobacteriia,Flavobacteriales,Flavobacteriaceae,Aequorivita,Aequorivita sp. H23M31,Aequorivita sp. H23M31,150,6,11,31,9,13,14,33,5
Bacteria,Bacteroidetes,Flavobacteriia,Flavobacteriales,Flavobacteriaceae,Aequorivita,Aequorivita sublithincola,Aequorivita sublithincola,151,1,4,2,1,0,2,1,2
Bacteria,Bacteroidetes,Flavobacteriia,Flavobacteriales,Flavobacteriaceae,Algibacter,Algibacter alginicilyticus,Algibacter alginicilyticus,213,5,5,2,9,0,0,0,0
Bacteria,Bacteroidetes,Flavobacteriia,Flavobacteriales,Flavobacteriaceae,Algibacter,Algibacter sp. L1A34,Algibacter sp. L1A34,214,2,4,19,13,4,9,16,7
Bacteria,Bacteroidetes,Flavobacteriia,Flavobacteriales,Flavobacteriaceae,Algibacter,Algibacter sp. L3A6,Algibacter sp. L3A6,215,0,2,2,0,0,0,0,0
Bacteria,Bacteroidetes,Flavobacteriia,Flavobacteriales,Flavobacteriaceae,Antarcticibacterium,Antarcticibacterium flavum,Antarcticibacterium flavum,321,2,2,5,4,0,2,2,1
Bacteria,Bacteroidetes,Flavobacteriia,Flavobacteriales,Flavobacteriaceae,Antarcticibacterium,Antarcticibacterium sp. PAMC 28998,Antarcticibacterium sp. PAMC 28998,322,5,6,24,7,5,13,27,17
Bacteria,Bacteroidetes,Flavobacteriia,Flavobacteriales,Flavobacteriaceae,Aquimarina,Aquimarina sp. AD1,Aquimarina sp. AD1,333,6,12,23,8,7,15,37,21
Bacteria,Bacteroidetes,Flavobacteriia,Flavobacteriales,Flavobacteriaceae,Aquimarina,Aquimarina sp. AD10,Aquimarina sp. AD10,334,6,2,0,0,0,0,0,0
Bacteria,Bacteroidetes,Flavobacteriia,Flavobacteriales,Flavobacteriaceae,Aquimarina,Aquimarina sp. BL5,Aquimarina sp. BL5,335,4,2,0,2,0,0,0,0
Bacteria,Bacteroidetes,Flavobacteriia,Flavobacteriales,Flavobacteriaceae,Aquimarina,Aquimarina sp. TRL1,Aquimarina sp. TRL1,336,6,4,4,3,2,1,4,1
Bacteria,Bacteroidetes,Flavobacteriia,Flavobacteriales,Flavobacteriaceae,Arenibacter,Arenibacter algicola,Arenibacter algicola,379,10,3,4,13,11,7,6,11
Bacteria,Bacteroidetes,Flavobacteriia,Flavobacteriales,Flavobacteriaceae,Aureitalea,Aureitalea sp. RR4-38,Aureitalea sp. RR4-38,417,4,1,7,2,0,1,2,0
Bacteria,Bacteroidetes,Flavobacteriia,Flavobacteriales,Flavobacteriaceae,Capnocytophaga,Capnocytophaga canimorsus,Capnocytophaga canimorsus,977,28,10,42,23,5,21,42,17
Bacteria,Bacteroidetes,Flavobacteriia,Flavobacteriales,Flavobacteriaceae,Capnocytophaga,Capnocytophaga cynodegmi,Capnocytophaga cynodegmi,978,8,5,4,5,4,4,7,7
Bacteria,Bacteroidetes,Flavobacteriia,Flavobacteriales,Flavobacteriaceae,Capnocytophaga,Capnocytophaga endodontalis,Capnocytophaga endodontalis,979,7,2,2,2,0,0,1,0
Bacteria,Bacteroidetes,Flavobacteriia,Flavobacteriales,Flavobacteriaceae,Capnocytophaga,Capnocytophaga gingivalis,Capnocytophaga gingivalis,980,7,10,50,8,13,27,40,16
Bacteria,Bacteroidetes,Flavobacteriia,Flavobacteriales,Flavobacteriaceae,Capnocytophaga,Capnocytophaga haemolytica,Capnocytophaga haemolytica,981,14,11,41,8,10,28,44,20
Bacteria,Bacteroidetes,Flavobacteriia,Flavobacteriales,Flavobacteriaceae,Capnocytophaga,Capnocytophaga leadbetteri,Capnocytophaga leadbetteri,982,4,4,0,3,0,0,0,0
Bacteria,Bacteroidetes,Flavobacteriia,Flavobacteriales,Flavobacteriaceae,Capnocytophaga,Capnocytophaga ochracea,Capnocytophaga ochracea,983,1,3,5,2,0,0,1,0
Bacteria,Bacteroidetes,Flavobacteriia,Flavobacteriales,Flavobacteriaceae,Capnocytophaga,Capnocytophaga sp. FDAARGOS_737,Capnocytophaga sp. FDAARGOS_737,984,6,4,3,1,0,0,0,0
Bacteria,Bacteroidetes,Flavobacteriia,Flavobacteriales,Flavobacteriaceae,Capnocytophaga,Capnocytophaga sp. H2931,Capnocytophaga sp. H2931,985,1,2,1,7,2,2,1,2
Bacteria,Bacteroidetes,Flavobacteriia,Flavobacteriales,Flavobacteriaceae,Capnocytophaga,Capnocytophaga sp. H4358,Capnocytophaga sp. H4358,986,2,0,0,1,0,0,0,0
Bacteria,Bacteroidetes,Flavobacteriia,Flavobacteriales,Flavobacteriaceae,Capnocytophaga,Capnocytophaga sp. oral taxon 323,Capnocytophaga sp. oral taxon 323,987,1,0,0,2,0,0,0,0
Bacteria,Bacteroidetes,Flavobacteriia,Flavobacteriales,Flavobacteriaceae,Capnocytophaga,Capnocytophaga sp. oral taxon 864,Capnocytophaga sp. oral taxon 864,988,1,2,0,0,0,0,0,0
Bacteria,Bacteroidetes,Flavobacteriia,Flavobacteriales,Flavobacteriaceae,Capnocytophaga,Capnocytophaga sp. oral taxon 878,Capnocytophaga sp. oral taxon 878,989,30,8,10,3,0,0,0,0
Bacteria,Bacteroidetes,Flavobacteriia,Flavobacteriales,Flavobacteriaceae,Capnocytophaga,Capnocytophaga sp. oral taxon 902,Capnocytophaga sp. oral taxon 902,990,2,2,0,0,0,0,0,0
Bacteria,Bacteroidetes,Flavobacteriia,Flavobacteriales,Flavobacteriaceae,Capnocytophaga,Capnocytophaga sputigena,Capnocytophaga sputigena,991,15,12,9,9,3,5,9,4
Bacteria,Bacteroidetes,Flavobacteriia,Flavobacteriales,Flavobacteriaceae,Capnocytophaga,Capnocytophaga stomatis,Capnocytophaga stomatis,992,13,9,13,9,1,1,4,0
Bacteria,Bacteroidetes,Flavobacteriia,Flavobacteriales,Flavobacteriaceae,Cellulophaga,Cellulophaga algicola,Cellulophaga algicola,1033,3,1,2,3,0,0,0,1
Bacteria,Bacteroidetes,Flavobacteriia,Flavobacteriales,Flavobacteriaceae,Cellulophaga,Cellulophaga baltica,Cellulophaga baltica,1034,7,3,12,2,3,6,6,2
Bacteria,Bacteroidetes,Flavobacteriia,Flavobacteriales,Flavobacteriaceae,Cellulophaga,Cellulophaga lytica,Cellulophaga lytica,1035,7,5,1,1,0,0,0,1
Bacteria,Bacteroidetes,Flavobacteriia,Flavobacteriales,Flavobacteriaceae,Cellulophaga,Cellulophaga sp. L1A9,Cellulophaga sp. L1A9,1037,4,4,1,5,0,0,0,0
Bacteria,Bacteroidetes,Flavobacteriia,Flavobacteriales,Flavobacteriaceae,Changchengzhania,Changchengzhania lutea,Changchengzhania lutea,1048,7,0,0,4,0,0,0,0
Bacteria,Bacteroidetes,Flavobacteriia,Flavobacteriales,Flavobacteriaceae,Costertonia,Costertonia aggregata,Costertonia aggregata,1316,6,7,19,13,1,9,21,9
Bacteria,Bacteroidetes,Flavobacteriia,Flavobacteriales,Flavobacteriaceae,Croceibacter,Croceibacter atlanticus,Croceibacter atlanticus,1323,4,5,4,2,1,0,4,1
Bacteria,Bacteroidetes,Flavobacteriia,Flavobacteriales,Flavobacteriaceae,Dokdonia,Dokdonia donghaensis,Dokdonia donghaensis,1499,0,6,21,4,9,11,26,8
Bacteria,Bacteroidetes,Flavobacteriia,Flavobacteriales,Flavobacteriaceae,Dokdonia,Dokdonia sp. 4H-3-7-5,Dokdonia sp. 4H-3-7-5,1500,4,8,16,2,9,7,8,12
Bacteria,Bacteroidetes,Flavobacteriia,Flavobacteriales,Flavobacteriaceae,Dokdonia,Dokdonia sp. Dokd-P16,Dokdonia sp. Dokd-P16,1501,2,0,2,0,0,0,2,0
Bacteria,Bacteroidetes,Flavobacteriia,Flavobacteriales,Flavobacteriaceae,Dokdonia,Dokdonia sp. MED134,Dokdonia sp. MED134,1502,3,2,0,0,0,1,0,0
Bacteria,Bacteroidetes,Flavobacteriia,Flavobacteriales,Flavobacteriaceae,Dokdonia,Dokdonia sp. PRO95,Dokdonia sp. PRO95,1503,0,2,3,1,4,3,4,1
Bacteria,Bacteroidetes,Flavobacteriia,Flavobacteriales,Flavobacteriaceae,Euzebyella,Euzebyella marina,Euzebyella marina,1665,7,3,13,5,6,4,6,4
Bacteria,Bacteroidetes,Flavobacteriia,Flavobacteriales,Flavobacteriaceae,Flagellimonas,Flagellimonas maritima,Flagellimonas maritima,1814,2,1,4,2,0,2,1,0
Bacteria,Bacteroidetes,Flavobacteriia,Flavobacteriales,Flavobacteriaceae,Flavivirga,Flavivirga eckloniae,Flavivirga eckloniae,1825,7,1,1,7,0,0,1,0
Bacteria,Bacteroidetes,Flavobacteriia,Flavobacteriales,Flavobacteriaceae,Flavobacterium,Flavobacterium album,Flavobacterium album,1833,8,6,10,9,9,11,11,8
Bacteria,Bacteroidetes,Flavobacteriia,Flavobacteriales,Flavobacteriaceae,Flavobacterium,Flavobacterium alkalisoli,Flavobacterium alkalisoli,1834,5,5,3,3,4,7,8,8
Bacteria,Bacteroidetes,Flavobacteriia,Flavobacteriales,Flavobacteriaceae,Flavobacterium,Flavobacterium anhuiense,Flavobacterium anhuiense,1835,15,6,7,5,0,2,3,4
Bacteria,Bacteroidetes,Flavobacteriia,Flavobacteriales,Flavobacteriaceae,Flavobacterium,Flavobacterium arcticum,Flavobacterium arcticum,1836,5,3,50,15,10,27,51,21
Bacteria,Bacteroidetes,Flavobacteriia,Flavobacteriales,Flavobacteriaceae,Flavobacterium,Flavobacterium branchiophilum,Flavobacterium branchiophilum,1837,3,2,0,4,0,2,0,0
Bacteria,Bacteroidetes,Flavobacteriia,Flavobacteriales,Flavobacteriaceae,Flavobacterium,Flavobacterium columnare,Flavobacterium columnare,1838,13,10,44,5,7,16,33,16
Bacteria,Bacteroidetes,Flavobacteriia,Flavobacteriales,Flavobacteriaceae,Flavobacterium,Flavobacterium commune,Flavobacterium commune,1839,10,8,24,5,5,6,18,8
Bacteria,Bacteroidetes,Flavobacteriia,Flavobacteriales,Flavobacteriaceae,Flavobacterium,Flavobacterium crassostreae,Flavobacterium crassostreae,1840,6,4,1,2,0,0,0,0
Bacteria,Bacteroidetes,Flavobacteriia,Flavobacteriales,Flavobacteriaceae,Flavobacterium,Flavobacterium crocinum,Flavobacterium crocinum,1841,10,5,2,9,2,0,1,2
Bacteria,Bacteroidetes,Flavobacteriia,Flavobacteriales,Flavobacteriaceae,Flavobacterium,Flavobacterium faecale,Flavobacterium faecale,1842,9,2,10,3,1,3,3,0
Bacteria,Bacteroidetes,Flavobacteriia,Flavobacteriales,Flavobacteriaceae,Flavobacterium,Flavobacterium gilvum,Flavobacterium gilvum,1843,5,5,3,7,1,0,1,0
Bacteria,Bacteroidetes,Flavobacteriia,Flavobacteriales,Flavobacteriaceae,Flavobacterium,Flavobacterium haoranii,Flavobacterium haoranii,1844,9,2,3,6,1,1,0,1
Bacteria,Bacteroidetes,Flavobacteriia,Flavobacteriales,Flavobacteriaceae,Flavobacterium,Flavobacterium indicum,Flavobacterium indicum,1845,6,1,2,2,0,1,3,1
Bacteria,Bacteroidetes,Flavobacteriia,Flavobacteriales,Flavobacteriaceae,Flavobacterium,Flavobacterium johnsoniae,Flavobacterium johnsoniae,1846,13,10,52,10,7,25,47,15
Bacteria,Bacteroidetes,Flavobacteriia,Flavobacteriales,Flavobacteriaceae,Flavobacterium,Flavobacterium kingsejongi,Flavobacterium kingsejongi,1847,12,10,4,12,5,2,3,3
Bacteria,Bacteroidetes,Flavobacteriia,Flavobacteriales,Flavobacteriaceae,Flavobacterium,Flavobacterium magnum,Flavobacterium magnum,1848,8,12,46,18,7,16,37,18
Bacteria,Bacteroidetes,Flavobacteriia,Flavobacteriales,Flavobacteriaceae,Flavobacterium,Flavobacterium nackdongense,Flavobacterium nackdongense,1849,4,8,8,4,2,1,8,6
Bacteria,Bacteroidetes,Flavobacteriia,Flavobacteriales,Flavobacteriaceae,Flavobacterium,Flavobacterium nitrogenifigens,Flavobacterium nitrogenifigens,1850,6,2,8,2,1,0,2,3
Bacteria,Bacteroidetes,Flavobacteriia,Flavobacteriales,Flavobacteriaceae,Flavobacterium,Flavobacterium pallidum,Flavobacterium pallidum,1851,3,5,25,5,3,20,34,14
Bacteria,Bacteroidetes,Flavobacteriia,Flavobacteriales,Flavobacteriaceae,Flavobacterium,Flavobacterium psychrophilum,Flavobacterium psychrophilum,1852,6,1,1,2,0,0,0,0
Bacteria,Bacteroidetes,Flavobacteriia,Flavobacteriales,Flavobacteriaceae,Flavobacterium,Flavobacterium sangjuense,Flavobacterium sangjuense,1853,1,4,6,2,1,3,1,4
Bacteria,Bacteroidetes,Flavobacteriia,Flavobacteriales,Flavobacteriaceae,Flavobacterium,Flavobacterium sediminis,Flavobacterium sediminis,1854,9,5,19,13,5,6,12,7
Bacteria,Bacteroidetes,Flavobacteriia,Flavobacteriales,Flavobacteriaceae,Flavobacterium,Flavobacterium sp. 140616W15,Flavobacterium sp. 140616W15,1855,5,3,1,6,4,7,3,3
Bacteria,Bacteroidetes,Flavobacteriia,Flavobacteriales,Flavobacteriaceae,Flavobacterium,Flavobacterium sp. CJ74,Flavobacterium sp. CJ74,1856,4,3,39,8,12,12,34,29
Bacteria,Bacteroidetes,Flavobacteriia,Flavobacteriales,Flavobacteriaceae,Flavobacterium,Flavobacterium sp. HYN0086,Flavobacterium sp. HYN0086,1857,6,9,0,4,0,0,0,0
Bacteria,Bacteroidetes,Flavobacteriia,Flavobacteriales,Flavobacteriaceae,Flavobacterium,Flavobacterium sp. I3-2,Flavobacterium sp. I3-2,1858,5,3,21,14,0,5,21,11
Bacteria,Bacteroidetes,Flavobacteriia,Flavobacteriales,Flavobacteriaceae,Flavobacterium,Flavobacterium sp. KBS0721,Flavobacterium sp. KBS0721,1859,7,4,38,5,4,11,22,10
Bacteria,Bacteroidetes,Flavobacteriia,Flavobacteriales,Flavobacteriaceae,Flavobacterium,Flavobacterium sp. LPB0248,Flavobacterium sp. LPB0248,1860,4,3,33,7,11,18,41,22
Bacteria,Bacteroidetes,Flavobacteriia,Flavobacteriales,Flavobacteriaceae,Flavobacterium,Flavobacterium sp. M31R6,Flavobacterium sp. M31R6,1861,8,1,2,5,0,0,0,0
Bacteria,Bacteroidetes,Flavobacteriia,Flavobacteriales,Flavobacteriaceae,Flavobacterium,Flavobacterium sp. P2-65,Flavobacterium sp. P2-65,1862,9,5,22,9,8,12,15,15
Bacteria,Bacteroidetes,Flavobacteriia,Flavobacteriales,Flavobacteriaceae,Flavobacterium,Flavobacterium sp. Sr18,Flavobacterium sp. Sr18,1863,5,3,1,7,0,1,0,0
Bacteria,Bacteroidetes,Flavobacteriia,Flavobacteriales,Flavobacteriaceae,Flavobacterium,Flavobacterium sp. xlx-214,Flavobacterium sp. xlx-214,1864,3,1,2,2,0,0,0,0
Bacteria,Bacteroidetes,Flavobacteriia,Flavobacteriales,Flavobacteriaceae,Formosa,Formosa agariphila,Formosa agariphila,1871,6,2,3,3,0,0,0,0
Bacteria,Bacteroidetes,Flavobacteriia,Flavobacteriales,Flavobacteriaceae,Formosa,Formosa sediminum,Formosa sediminum,1872,5,3,0,2,0,0,0,0
Bacteria,Bacteroidetes,Flavobacteriia,Flavobacteriales,Flavobacteriaceae,Formosa,Formosa sp. Hel1_31_208,Formosa sp. Hel1_31_208,1873,5,2,5,0,0,0,3,2
Bacteria,Bacteroidetes,Flavobacteriia,Flavobacteriales,Flavobacteriaceae,Formosa,Formosa sp. Hel1_33_131,Formosa sp. Hel1_33_131,1874,2,4,1,3,0,0,0,0
Bacteria,Bacteroidetes,Flavobacteriia,Flavobacteriales,Flavobacteriaceae,Formosa,Formosa sp. Hel3_A1_48,Formosa sp. Hel3_A1_48,1875,5,2,2,0,0,0,0,0
Bacteria,Bacteroidetes,Flavobacteriia,Flavobacteriales,Flavobacteriaceae,Formosa,Formosa sp. L2A11,Formosa sp. L2A11,1876,7,3,3,2,0,2,2,1
Bacteria,Bacteroidetes,Flavobacteriia,Flavobacteriales,Flavobacteriaceae,Galbibacter,Galbibacter sp. BG1,Galbibacter sp. BG1,2270,8,2,1,2,0,0,0,0
Bacteria,Bacteroidetes,Flavobacteriia,Flavobacteriales,Flavobacteriaceae,Gillisia,Gillisia sp. Hel1_33_143,Gillisia sp. Hel1_33_143,2322,4,3,1,4,0,0,0,0
Bacteria,Bacteroidetes,Flavobacteriia,Flavobacteriales,Flavobacteriaceae,Gilvibacter,Gilvibacter sp. SZ-19,Gilvibacter sp. SZ-19,2323,2,2,3,1,5,3,0,1
Bacteria,Bacteroidetes,Flavobacteriia,Flavobacteriales,Flavobacteriaceae,Gramella,Gramella echinicola,Gramella echinicola,2355,6,3,1,3,3,5,4,5
Bacteria,Bacteroidetes,Flavobacteriia,Flavobacteriales,Flavobacteriaceae,Gramella,Gramella flava,Gramella flava,2356,3,4,13,5,2,2,14,7
Bacteria,Bacteroidetes,Flavobacteriia,Flavobacteriales,Flavobacteriaceae,Gramella,Gramella forsetii,Gramella forsetii,2357,8,3,5,3,1,5,4,5
Bacteria,Bacteroidetes,Flavobacteriia,Flavobacteriales,Flavobacteriaceae,Gramella,Gramella fulva,Gramella fulva,2358,7,3,9,4,1,6,6,0
Bacteria,Bacteroidetes,Flavobacteriia,Flavobacteriales,Flavobacteriaceae,Gramella,Gramella salexigens,Gramella salexigens,2359,3,7,42,14,4,15,30,22
Bacteria,Bacteroidetes,Flavobacteriia,Flavobacteriales,Flavobacteriaceae,Gramella,Gramella sp. MAR_2010_147,Gramella sp. MAR_2010_147,2360,9,5,3,3,1,0,0,0
Bacteria,Bacteroidetes,Flavobacteriia,Flavobacteriales,Flavobacteriaceae,Kordia,Kordia antarctica,Kordia antarctica,2642,2,3,2,4,0,3,2,1
Bacteria,Bacteroidetes,Flavobacteriia,Flavobacteriales,Flavobacteriaceae,Kordia,Kordia sp. SMS9,Kordia sp. SMS9,2643,7,8,65,13,13,30,65,36
Bacteria,Bacteroidetes,Flavobacteriia,Flavobacteriales,Flavobacteriaceae,Lacinutrix,Lacinutrix sp. 5H-3-7-4,Lacinutrix sp. 5H-3-7-4,2684,0,5,3,1,7,4,3,13
Bacteria,Bacteroidetes,Flavobacteriia,Flavobacteriales,Flavobacteriaceae,Lacinutrix,Lacinutrix sp. Bg11-31,Lacinutrix sp. Bg11-31,2685,3,4,4,1,1,3,7,4
Bacteria,Bacteroidetes,Flavobacteriia,Flavobacteriales,Flavobacteriaceae,Lacinutrix,Lacinutrix venerupis,Lacinutrix venerupis,2686,8,3,0,2,0,0,0,0
Bacteria,Bacteroidetes,Flavobacteriia,Flavobacteriales,Flavobacteriaceae,Leeuwenhoekiella,Leeuwenhoekiella sp. ZYFB001,Leeuwenhoekiella sp. ZYFB001,2803,5,0,21,11,4,4,7,2
Bacteria,Bacteroidetes,Flavobacteriia,Flavobacteriales,Flavobacteriaceae,Lutibacter,Lutibacter profundi,Lutibacter profundi,2903,4,9,1,6,0,0,0,0
Bacteria,Bacteroidetes,Flavobacteriia,Flavobacteriales,Flavobacteriaceae,Maribacter,Maribacter cobaltidurans,Maribacter cobaltidurans,2937,4,7,16,9,1,13,18,8
Bacteria,Bacteroidetes,Flavobacteriia,Flavobacteriales,Flavobacteriaceae,Maribacter,Maribacter dokdonensis,Maribacter dokdonensis,2938,2,0,0,1,0,0,0,0
Bacteria,Bacteroidetes,Flavobacteriia,Flavobacteriales,Flavobacteriaceae,Maribacter,Maribacter sp. 1_2014MBL_MicDiv,Maribacter sp. 1_2014MBL_MicDiv,2939,0,0,0,1,0,0,0,0
Bacteria,Bacteroidetes,Flavobacteriia,Flavobacteriales,Flavobacteriaceae,Maribacter,Maribacter sp. HTCC2170,Maribacter sp. HTCC2170,2940,5,5,2,4,0,0,0,0
Bacteria,Bacteroidetes,Flavobacteriia,Flavobacteriales,Flavobacteriaceae,Maribacter,Maribacter sp. MJ134,Maribacter sp. MJ134,2941,4,4,23,13,5,10,23,10
Bacteria,Bacteroidetes,Flavobacteriia,Flavobacteriales,Flavobacteriaceae,Maribacter,Maribacter sp. T28,Maribacter sp. T28,2942,8,4,1,1,1,0,0,0
Bacteria,Bacteroidetes,Flavobacteriia,Flavobacteriales,Flavobacteriaceae,Mariniflexile,Mariniflexile sp. TRM1-10,Mariniflexile sp. TRM1-10,2946,6,7,10,3,2,4,8,6
Bacteria,Bacteroidetes,Flavobacteriia,Flavobacteriales,Flavobacteriaceae,Muricauda,Muricauda lutaonensis,Muricauda lutaonensis,3263,2,7,0,2,1,0,0,0
Bacteria,Bacteroidetes,Flavobacteriia,Flavobacteriales,Flavobacteriaceae,Muricauda,Muricauda ruestringensis,Muricauda ruestringensis,3264,1,2,26,4,6,18,18,10
Bacteria,Bacteroidetes,Flavobacteriia,Flavobacteriales,Flavobacteriaceae,Muricauda,Muricauda sp. 501str8,Muricauda sp. 501str8,3265,1,2,3,3,1,3,1,3
Bacteria,Bacteroidetes,Flavobacteriia,Flavobacteriales,Flavobacteriaceae,Muriicola,Muriicola sp. MMS17-SY002,Muriicola sp. MMS17-SY002,3266,5,5,0,3,3,2,1,1
Bacteria,Bacteroidetes,Flavobacteriia,Flavobacteriales,Flavobacteriaceae,Myroides,Myroides odoratus,Myroides odoratus,3342,6,8,1,1,0,0,0,0
Bacteria,Bacteroidetes,Flavobacteriia,Flavobacteriales,Flavobacteriaceae,Myroides,Myroides phaeus,Myroides phaeus,3343,11,4,3,5,0,0,0,0
Bacteria,Bacteroidetes,Flavobacteriia,Flavobacteriales,Flavobacteriaceae,Myroides,Myroides profundi,Myroides profundi,3344,3,1,1,3,0,0,0,0
Bacteria,Bacteroidetes,Flavobacteriia,Flavobacteriales,Flavobacteriaceae,Myroides,Myroides sp. CJ210,Myroides sp. CJ210,3345,2,3,0,6,0,0,0,1
Bacteria,Bacteroidetes,Flavobacteriia,Flavobacteriales,Flavobacteriaceae,Nonlabens,Nonlabens dokdonensis,Nonlabens dokdonensis,3478,5,2,4,2,0,0,1,6
Bacteria,Bacteroidetes,Flavobacteriia,Flavobacteriales,Flavobacteriaceae,Nonlabens,Nonlabens marinus,Nonlabens marinus,3479,2,6,0,2,8,4,1,2
Bacteria,Bacteroidetes,Flavobacteriia,Flavobacteriales,Flavobacteriaceae,Nonlabens,Nonlabens sediminis,Nonlabens sediminis,3480,1,1,3,1,1,2,6,6
Bacteria,Bacteroidetes,Flavobacteriia,Flavobacteriales,Flavobacteriaceae,Nonlabens,Nonlabens sp. Ci31,Nonlabens sp. Ci31,3481,3,6,28,5,8,10,26,6
Bacteria,Bacteroidetes,Flavobacteriia,Flavobacteriales,Flavobacteriaceae,Nonlabens,Nonlabens sp. Hel1_33_55,Nonlabens sp. Hel1_33_55,3482,6,3,0,1,0,3,2,0
Bacteria,Bacteroidetes,Flavobacteriia,Flavobacteriales,Flavobacteriaceae,Nonlabens,Nonlabens sp. MB-3u-79,Nonlabens sp. MB-3u-79,3483,0,1,9,3,4,3,7,3
Bacteria,Bacteroidetes,Flavobacteriia,Flavobacteriales,Flavobacteriaceae,Nonlabens,Nonlabens sp. MJ115,Nonlabens sp. MJ115,3484,1,7,4,9,0,1,3,1
Bacteria,Bacteroidetes,Flavobacteriia,Flavobacteriales,Flavobacteriaceae,Nonlabens,Nonlabens spongiae,Nonlabens spongiae,3485,1,1,0,1,0,1,2,1
Bacteria,Bacteroidetes,Flavobacteriia,Flavobacteriales,Flavobacteriaceae,Oceanihabitans,Oceanihabitans sp. IOP_32,Oceanihabitans sp. IOP_32,3561,4,7,4,2,0,1,2,0
Bacteria,Bacteroidetes,Flavobacteriia,Flavobacteriales,Flavobacteriaceae,Olleya,Olleya aquimaris,Olleya aquimaris,3589,1,1,1,1,0,0,0,0
Bacteria,Bacteroidetes,Flavobacteriia,Flavobacteriales,Flavobacteriaceae,Olleya,Olleya sp. Bg11-27,Olleya sp. Bg11-27,3590,4,6,6,6,0,1,0,1
Bacteria,Bacteroidetes,Flavobacteriia,Flavobacteriales,Flavobacteriaceae,Polaribacter,Polaribacter reichenbachii,Polaribacter reichenbachii,3956,5,3,1,4,0,0,0,0
Bacteria,Bacteroidetes,Flavobacteriia,Flavobacteriales,Flavobacteriaceae,Polaribacter,Polaribacter sp. ALD11,Polaribacter sp. ALD11,3957,2,6,0,4,0,0,0,0
Bacteria,Bacteroidetes,Flavobacteriia,Flavobacteriales,Flavobacteriaceae,Polaribacter,Polaribacter sp. BM10,Polaribacter sp. BM10,3958,3,1,0,0,0,0,0,0
Bacteria,Bacteroidetes,Flavobacteriia,Flavobacteriales,Flavobacteriaceae,Polaribacter,Polaribacter sp. Hel1_33_78,Polaribacter sp. Hel1_33_78,3959,2,0,1,4,0,0,0,0
Bacteria,Bacteroidetes,Flavobacteriia,Flavobacteriales,Flavobacteriaceae,Polaribacter,Polaribacter sp. KT 15,Polaribacter sp. KT 15,3960,3,1,0,1,0,1,2,0
Bacteria,Bacteroidetes,Flavobacteriia,Flavobacteriales,Flavobacteriaceae,Polaribacter,Polaribacter sp. KT25b,Polaribacter sp. KT25b,3961,3,3,3,2,0,0,1,1
Bacteria,Bacteroidetes,Flavobacteriia,Flavobacteriales,Flavobacteriaceae,Polaribacter,Polaribacter sp. L3A8,Polaribacter sp. L3A8,3962,8,1,4,4,5,8,6,7
Bacteria,Bacteroidetes,Flavobacteriia,Flavobacteriales,Flavobacteriaceae,Polaribacter,Polaribacter sp. MED152,Polaribacter sp. MED152,3963,2,0,0,0,0,0,0,0
Bacteria,Bacteroidetes,Flavobacteriia,Flavobacteriales,Flavobacteriaceae,Polaribacter,Polaribacter sp. SA4-10,Polaribacter sp. SA4-10,3964,0,5,1,2,0,0,0,0
Bacteria,Bacteroidetes,Flavobacteriia,Flavobacteriales,Flavobacteriaceae,Polaribacter,Polaribacter sp. SA4-12,Polaribacter sp. SA4-12,3965,6,5,9,10,7,2,21,6
Bacteria,Bacteroidetes,Flavobacteriia,Flavobacteriales,Flavobacteriaceae,Polaribacter,Polaribacter vadi,Polaribacter vadi,3966,2,2,4,1,2,0,0,2
Bacteria,Bacteroidetes,Flavobacteriia,Flavobacteriales,Flavobacteriaceae,Psychroflexus,Psychroflexus torquis,Psychroflexus torquis,4253,8,3,4,2,0,0,4,2
Bacteria,Bacteroidetes,Flavobacteriia,Flavobacteriales,Flavobacteriaceae,Psychroserpens,Psychroserpens sp. NJDZ02,Psychroserpens sp. NJDZ02,4256,1,1,0,1,0,0,0,0
Bacteria,Bacteroidetes,Flavobacteriia,Flavobacteriales,Flavobacteriaceae,Robiginitalea,Robiginitalea biformata,Robiginitalea biformata,4386,2,6,31,9,9,20,37,19
Bacteria,Bacteroidetes,Flavobacteriia,Flavobacteriales,Flavobacteriaceae,Salegentibacter,Salegentibacter salegens,Salegentibacter salegens,4461,5,5,3,5,2,2,4,4
Bacteria,Bacteroidetes,Flavobacteriia,Flavobacteriales,Flavobacteriaceae,Salegentibacter,Salegentibacter sp. T436,Salegentibacter sp. T436,4462,7,7,1,5,0,0,0,0
Bacteria,Bacteroidetes,Flavobacteriia,Flavobacteriales,Flavobacteriaceae,Sediminicola,Sediminicola sp. YIK13,Sediminicola sp. YIK13,4506,11,10,24,9,4,13,20,13
Bacteria,Bacteroidetes,Flavobacteriia,Flavobacteriales,Flavobacteriaceae,Seonamhaeicola,Seonamhaeicola sp. S2-3,Seonamhaeicola sp. S2-3,4515,4,17,37,10,12,26,34,8
Bacteria,Bacteroidetes,Flavobacteriia,Flavobacteriales,Flavobacteriaceae,Siansivirga,Siansivirga zeaxanthinifaciens,Siansivirga zeaxanthinifaciens,4575,4,8,3,1,0,0,0,0
Bacteria,Bacteroidetes,Flavobacteriia,Flavobacteriales,Flavobacteriaceae,Tamlana,Tamlana sp. UJ94,Tamlana sp. UJ94,5046,4,5,37,7,5,14,42,15
Bacteria,Bacteroidetes,Flavobacteriia,Flavobacteriales,Flavobacteriaceae,Tenacibaculum,Tenacibaculum dicentrarchi,Tenacibaculum dicentrarchi,5056,2,0,1,3,0,0,0,0
Bacteria,Bacteroidetes,Flavobacteriia,Flavobacteriales,Flavobacteriaceae,Tenacibaculum,Tenacibaculum jejuense,Tenacibaculum jejuense,5057,8,1,18,5,6,7,18,4
Bacteria,Bacteroidetes,Flavobacteriia,Flavobacteriales,Flavobacteriaceae,Tenacibaculum,Tenacibaculum maritimum,Tenacibaculum maritimum,5058,10,2,0,4,0,0,0,0
Bacteria,Bacteroidetes,Flavobacteriia,Flavobacteriales,Flavobacteriaceae,Tenacibaculum,Tenacibaculum mesophilum,Tenacibaculum mesophilum,5059,2,0,0,1,0,0,0,0
Bacteria,Bacteroidetes,Flavobacteriia,Flavobacteriales,Flavobacteriaceae,Tenacibaculum,Tenacibaculum sp. DSM 106434,Tenacibaculum sp. DSM 106434,5060,1,0,0,0,0,0,0,0
Bacteria,Bacteroidetes,Flavobacteriia,Flavobacteriales,Flavobacteriaceae,Tenacibaculum,Tenacibaculum sp. SZ-18,Tenacibaculum sp. SZ-18,5061,4,4,3,0,0,4,7,1
Bacteria,Bacteroidetes,Flavobacteriia,Flavobacteriales,Flavobacteriaceae,Tenacibaculum,Tenacibaculum todarodis,Tenacibaculum todarodis,5062,2,2,0,2,0,0,1,0
Bacteria,Bacteroidetes,Flavobacteriia,Flavobacteriales,Flavobacteriaceae,Urechidicola,Urechidicola croceus,Urechidicola croceus,5218,4,4,2,3,0,2,0,0
Bacteria,Bacteroidetes,Flavobacteriia,Flavobacteriales,Flavobacteriaceae,Wenyingzhuangia,Wenyingzhuangia fucanilytica,Wenyingzhuangia fucanilytica,5330,8,5,44,6,8,20,37,20
Bacteria,Bacteroidetes,Flavobacteriia,Flavobacteriales,Flavobacteriaceae,Winogradskyella,Winogradskyella sediminis,Winogradskyella sediminis,5333,8,8,6,4,0,0,2,0
Bacteria,Bacteroidetes,Flavobacteriia,Flavobacteriales,Flavobacteriaceae,Winogradskyella,Winogradskyella sp. J14-2,Winogradskyella sp. J14-2,5334,6,0,1,5,0,0,0,0
Bacteria,Bacteroidetes,Flavobacteriia,Flavobacteriales,Flavobacteriaceae,Winogradskyella,Winogradskyella sp. PC-19,Winogradskyella sp. PC-19,5335,6,2,0,1,0,0,0,0
Bacteria,Bacteroidetes,Flavobacteriia,Flavobacteriales,Flavobacteriaceae,Winogradskyella,Winogradskyella sp. PG-2,Winogradskyella sp. PG-2,5336,7,3,1,2,0,0,1,0
Bacteria,Bacteroidetes,Flavobacteriia,Flavobacteriales,Flavobacteriaceae,Winogradskyella,Winogradskyella sp. SW133,Winogradskyella sp. SW133,5337,3,1,1,0,1,0,0,2
Bacteria,Bacteroidetes,Flavobacteriia,Flavobacteriales,Flavobacteriaceae,Winogradskyella,Winogradskyella sp. Z215,Winogradskyella sp. Z215,5338,4,1,1,1,0,0,0,0
Bacteria,Bacteroidetes,Flavobacteriia,Flavobacteriales,Flavobacteriaceae,Winogradskyella,Winogradskyella sp. Z354,Winogradskyella sp. Z354,5339,5,3,34,8,3,9,30,12
Bacteria,Bacteroidetes,Flavobacteriia,Flavobacteriales,Flavobacteriaceae,Zobellia,Zobellia galactanivorans,Zobellia galactanivorans,5395,3,7,4,4,3,0,4,2
Bacteria,Bacteroidetes,Flavobacteriia,Flavobacteriales,Flavobacteriaceae,Zunongwangia,Zunongwangia profunda,Zunongwangia profunda,5397,10,10,22,9,7,15,40,19
Bacteria,Bacteroidetes,Flavobacteriia,Flavobacteriales,Ichthyobacteriaceae,Ichthyobacterium,Ichthyobacterium seriolicida,Ichthyobacterium seriolicida,2551,4,2,2,1,0,0,0,0
Bacteria,Bacteroidetes,Flavobacteriia,Flavobacteriales,Weeksellaceae,Apibacter,Apibacter raozihei,Apibacter raozihei,324,8,3,0,2,0,0,0,0
Bacteria,Bacteroidetes,Flavobacteriia,Flavobacteriales,Weeksellaceae,Apibacter,Apibacter sp. B2966,Apibacter sp. B2966,325,2,0,0,3,0,0,0,0
Bacteria,Bacteroidetes,Flavobacteriia,Flavobacteriales,Weeksellaceae,Apibacter,Apibacter sp. B3706,Apibacter sp. B3706,326,2,1,1,4,1,0,0,0
Bacteria,Bacteroidetes,Flavobacteriia,Flavobacteriales,Weeksellaceae,Bergeyella,Bergeyella cardium,Bergeyella cardium,579,3,5,28,4,5,19,28,8
Bacteria,Bacteroidetes,Flavobacteriia,Flavobacteriales,Weeksellaceae,Chryseobacterium,Chryseobacterium antarcticum,Chryseobacterium antarcticum,1095,3,2,3,6,0,1,3,0
Bacteria,Bacteroidetes,Flavobacteriia,Flavobacteriales,Weeksellaceae,Chryseobacterium,Chryseobacterium arthrosphaerae,Chryseobacterium arthrosphaerae,1096,8,3,2,2,0,0,0,0
Bacteria,Bacteroidetes,Flavobacteriia,Flavobacteriales,Weeksellaceae,Chryseobacterium,Chryseobacterium aureum,Chryseobacterium aureum,1097,4,5,7,8,8,7,5,7
Bacteria,Bacteroidetes,Flavobacteriia,Flavobacteriales,Weeksellaceae,Chryseobacterium,Chryseobacterium balustinum,Chryseobacterium balustinum,1098,2,4,10,3,1,3,7,2
Bacteria,Bacteroidetes,Flavobacteriia,Flavobacteriales,Weeksellaceae,Chryseobacterium,Chryseobacterium bernardetii,Chryseobacterium bernardetii,1099,7,4,3,6,0,0,1,0
Bacteria,Bacteroidetes,Flavobacteriia,Flavobacteriales,Weeksellaceae,Chryseobacterium,Chryseobacterium camelliae,Chryseobacterium camelliae,1100,2,10,31,11,12,10,37,11
Bacteria,Bacteroidetes,Flavobacteriia,Flavobacteriales,Weeksellaceae,Chryseobacterium,Chryseobacterium carnipullorum,Chryseobacterium carnipullorum,1101,1,7,2,4,3,2,3,1
Bacteria,Bacteroidetes,Flavobacteriia,Flavobacteriales,Weeksellaceae,Chryseobacterium,Chryseobacterium carnis,Chryseobacterium carnis,1102,8,2,0,1,0,0,0,0
Bacteria,Bacteroidetes,Flavobacteriia,Flavobacteriales,Weeksellaceae,Chryseobacterium,Chryseobacterium gallinarum,Chryseobacterium gallinarum,1103,20,17,25,14,3,4,15,6
Bacteria,Bacteroidetes,Flavobacteriia,Flavobacteriales,Weeksellaceae,Chryseobacterium,Chryseobacterium glaciei,Chryseobacterium glaciei,1104,7,4,6,3,0,1,3,0
Bacteria,Bacteroidetes,Flavobacteriia,Flavobacteriales,Weeksellaceae,Chryseobacterium,Chryseobacterium gleum,Chryseobacterium gleum,1105,8,10,15,6,2,2,8,0
Bacteria,Bacteroidetes,Flavobacteriia,Flavobacteriales,Weeksellaceae,Chryseobacterium,Chryseobacterium haifense,Chryseobacterium haifense,1106,2,4,14,7,4,3,5,5
Bacteria,Bacteroidetes,Flavobacteriia,Flavobacteriales,Weeksellaceae,Chryseobacterium,Chryseobacterium indologenes,Chryseobacterium indologenes,1107,15,4,11,8,5,3,3,5
Bacteria,Bacteroidetes,Flavobacteriia,Flavobacteriales,Weeksellaceae,Chryseobacterium,Chryseobacterium indoltheticum,Chryseobacterium indoltheticum,1108,9,10,25,14,7,25,29,20
Bacteria,Bacteroidetes,Flavobacteriia,Flavobacteriales,Weeksellaceae,Chryseobacterium,Chryseobacterium jeonii,Chryseobacterium jeonii,1109,7,6,1,1,1,0,0,1
Bacteria,Bacteroidetes,Flavobacteriia,Flavobacteriales,Weeksellaceae,Chryseobacterium,Chryseobacterium joostei,Chryseobacterium joostei,1110,2,5,16,8,7,10,8,9
Bacteria,Bacteroidetes,Flavobacteriia,Flavobacteriales,Weeksellaceae,Chryseobacterium,Chryseobacterium lactis,Chryseobacterium lactis,1111,11,4,3,4,0,1,0,0
Bacteria,Bacteroidetes,Flavobacteriia,Flavobacteriales,Weeksellaceae,Chryseobacterium,Chryseobacterium nakagawai,Chryseobacterium nakagawai,1112,2,3,29,5,5,15,33,12
Bacteria,Bacteroidetes,Flavobacteriia,Flavobacteriales,Weeksellaceae,Chryseobacterium,Chryseobacterium piperi,Chryseobacterium piperi,1113,8,15,2,2,0,0,0,0
Bacteria,Bacteroidetes,Flavobacteriia,Flavobacteriales,Weeksellaceae,Chryseobacterium,Chryseobacterium shandongense,Chryseobacterium shandongense,1114,12,11,30,15,13,21,28,11
Bacteria,Bacteroidetes,Flavobacteriia,Flavobacteriales,Weeksellaceae,Chryseobacterium,Chryseobacterium sp.,Chryseobacterium sp.,1115,3,7,37,13,7,24,42,17
Bacteria,Bacteroidetes,Flavobacteriia,Flavobacteriales,Weeksellaceae,Chryseobacterium,Chryseobacterium sp. 3008163,Chryseobacterium sp. 3008163,1116,7,8,23,5,6,17,30,8
Bacteria,Bacteroidetes,Flavobacteriia,Flavobacteriales,Weeksellaceae,Chryseobacterium,Chryseobacterium sp. 6424,Chryseobacterium sp. 6424,1117,7,7,1,7,1,1,1,0
Bacteria,Bacteroidetes,Flavobacteriia,Flavobacteriales,Weeksellaceae,Chryseobacterium,Chryseobacterium sp. cx-624,Chryseobacterium sp. cx-624,1118,3,3,2,4,1,2,5,4
Bacteria,Bacteroidetes,Flavobacteriia,Flavobacteriales,Weeksellaceae,Chryseobacterium,Chryseobacterium sp. F5649,Chryseobacterium sp. F5649,1119,5,3,2,0,1,0,0,1
Bacteria,Bacteroidetes,Flavobacteriia,Flavobacteriales,Weeksellaceae,Chryseobacterium,Chryseobacterium sp. G0162,Chryseobacterium sp. G0162,1120,2,3,1,0,0,0,0,0
Bacteria,Bacteroidetes,Flavobacteriia,Flavobacteriales,Weeksellaceae,Chryseobacterium,Chryseobacterium sp. G0186,Chryseobacterium sp. G0186,1121,6,2,1,2,0,1,1,2
Bacteria,Bacteroidetes,Flavobacteriia,Flavobacteriales,Weeksellaceae,Chryseobacterium,Chryseobacterium sp. G0201,Chryseobacterium sp. G0201,1122,5,8,2,3,4,2,2,6
Bacteria,Bacteroidetes,Flavobacteriia,Flavobacteriales,Weeksellaceae,Chryseobacterium,Chryseobacterium sp. H3001,Chryseobacterium sp. H3001,1123,3,5,4,3,2,1,5,1
Bacteria,Bacteroidetes,Flavobacteriia,Flavobacteriales,Weeksellaceae,Chryseobacterium,Chryseobacterium sp. H6466,Chryseobacterium sp. H6466,1124,5,0,0,1,0,0,1,0
Bacteria,Bacteroidetes,Flavobacteriia,Flavobacteriales,Weeksellaceae,Chryseobacterium,Chryseobacterium sp. IHB B 17019,Chryseobacterium sp. IHB B 17019,1125,4,3,4,4,1,4,2,2
Bacteria,Bacteroidetes,Flavobacteriia,Flavobacteriales,Weeksellaceae,Chryseobacterium,Chryseobacterium sp. JV274,Chryseobacterium sp. JV274,1126,5,4,1,4,8,3,4,3
Bacteria,Bacteroidetes,Flavobacteriia,Flavobacteriales,Weeksellaceae,Chryseobacterium,Chryseobacterium sp. NBC 122,Chryseobacterium sp. NBC 122,1127,13,4,2,5,1,1,0,3
Bacteria,Bacteroidetes,Flavobacteriia,Flavobacteriales,Weeksellaceae,Chryseobacterium,Chryseobacterium sp. NEB161,Chryseobacterium sp. NEB161,1128,5,4,28,11,5,15,27,11
Bacteria,Bacteroidetes,Flavobacteriia,Flavobacteriales,Weeksellaceae,Chryseobacterium,Chryseobacterium sp. POL2,Chryseobacterium sp. POL2,1129,3,4,2,2,0,0,1,1
Bacteria,Bacteroidetes,Flavobacteriia,Flavobacteriales,Weeksellaceae,Chryseobacterium,Chryseobacterium sp. SNU WT5,Chryseobacterium sp. SNU WT5,1130,4,3,0,1,0,0,0,0
Bacteria,Bacteroidetes,Flavobacteriia,Flavobacteriales,Weeksellaceae,Chryseobacterium,Chryseobacterium sp. StRB126,Chryseobacterium sp. StRB126,1131,4,6,46,14,12,15,39,20
Bacteria,Bacteroidetes,Flavobacteriia,Flavobacteriales,Weeksellaceae,Chryseobacterium,Chryseobacterium sp. T16E-39,Chryseobacterium sp. T16E-39,1132,7,5,4,8,0,1,0,0
Bacteria,Bacteroidetes,Flavobacteriia,Flavobacteriales,Weeksellaceae,Chryseobacterium,Chryseobacterium taihuense,Chryseobacterium taihuense,1133,5,4,28,8,8,10,24,15
Bacteria,Bacteroidetes,Flavobacteriia,Flavobacteriales,Weeksellaceae,Chryseobacterium,Chryseobacterium taklimakanense,Chryseobacterium taklimakanense,1134,14,9,7,3,6,2,0,2
Bacteria,Bacteroidetes,Flavobacteriia,Flavobacteriales,Weeksellaceae,Cloacibacterium,Cloacibacterium normanense,Cloacibacterium normanense,1159,4,1,3,2,0,0,1,0
Bacteria,Bacteroidetes,Flavobacteriia,Flavobacteriales,Weeksellaceae,Elizabethkingia,Elizabethkingia anophelis,Elizabethkingia anophelis,1544,10,3,12,9,1,4,5,4
Bacteria,Bacteroidetes,Flavobacteriia,Flavobacteriales,Weeksellaceae,Elizabethkingia,Elizabethkingia bruuniana,Elizabethkingia bruuniana,1545,2,0,1,1,0,0,0,0
Bacteria,Bacteroidetes,Flavobacteriia,Flavobacteriales,Weeksellaceae,Elizabethkingia,Elizabethkingia meningoseptica,Elizabethkingia meningoseptica,1546,7,7,4,3,7,1,1,0
Bacteria,Bacteroidetes,Flavobacteriia,Flavobacteriales,Weeksellaceae,Elizabethkingia,Elizabethkingia miricola,Elizabethkingia miricola,1547,3,1,46,12,2,35,45,14
Bacteria,Bacteroidetes,Flavobacteriia,Flavobacteriales,Weeksellaceae,Elizabethkingia,Elizabethkingia sp. 2-6,Elizabethkingia sp. 2-6,1548,4,1,0,0,0,0,0,0
Bacteria,Bacteroidetes,Flavobacteriia,Flavobacteriales,Weeksellaceae,Elizabethkingia,Elizabethkingia sp. JS20170427COW,Elizabethkingia sp. JS20170427COW,1549,7,6,2,1,0,0,0,0
Bacteria,Bacteroidetes,Flavobacteriia,Flavobacteriales,Weeksellaceae,Elizabethkingia,Elizabethkingia ursingii,Elizabethkingia ursingii,1550,4,4,1,3,0,0,0,0
Bacteria,Bacteroidetes,Flavobacteriia,Flavobacteriales,Weeksellaceae,Empedobacter,Empedobacter brevis,Empedobacter brevis,1553,8,6,19,10,9,12,14,10
Bacteria,Bacteroidetes,Flavobacteriia,Flavobacteriales,Weeksellaceae,Empedobacter,Empedobacter falsenii,Empedobacter falsenii,1554,2,8,19,6,9,9,15,13
Bacteria,Bacteroidetes,Flavobacteriia,Flavobacteriales,Weeksellaceae,Ornithobacterium,Ornithobacterium rhinotracheale,Ornithobacterium rhinotracheale,3604,18,29,59,28,25,40,81,31
Bacteria,Bacteroidetes,Flavobacteriia,Flavobacteriales,Weeksellaceae,Riemerella,Riemerella anatipestifer,Riemerella anatipestifer,4384,7,8,26,6,3,13,26,10
Bacteria,Bacteroidetes,Flavobacteriia,Flavobacteriales,Weeksellaceae,Weeksella,Weeksella virosa,Weeksella virosa,5318,6,11,34,11,31,18,38,18
Bacteria,Bacteroidetes,Saprospiria,Saprospirales,Haliscomenobacteraceae,Haliscomenobacter,Haliscomenobacter hydrossis,Haliscomenobacter hydrossis,2399,4,5,2,3,1,1,2,1
Bacteria,Bacteroidetes,Saprospiria,Saprospirales,Saprospiraceae,Saprospira,Saprospira grandis,Saprospira grandis,4491,4,0,1,1,0,0,2,0
Bacteria,Bacteroidetes,Sphingobacteriia,Sphingobacteriales,Sphingobacteriaceae,Anseongella,Anseongella ginsenosidimutans,Anseongella ginsenosidimutans,320,10,7,16,8,10,15,20,5
Bacteria,Bacteroidetes,Sphingobacteriia,Sphingobacteriales,Sphingobacteriaceae,Mucilaginibacter,Mucilaginibacter ginsenosidivorans,Mucilaginibacter ginsenosidivorans,3246,1,5,28,6,7,8,21,11
Bacteria,Bacteroidetes,Sphingobacteriia,Sphingobacteriales,Sphingobacteriaceae,Mucilaginibacter,Mucilaginibacter ginsenosidivorax,Mucilaginibacter ginsenosidivorax,3247,12,11,19,5,7,4,8,7
Bacteria,Bacteroidetes,Sphingobacteriia,Sphingobacteriales,Sphingobacteriaceae,Mucilaginibacter,Mucilaginibacter gotjawali,Mucilaginibacter gotjawali,3248,5,8,0,7,0,0,2,0
Bacteria,Bacteroidetes,Sphingobacteriia,Sphingobacteriales,Sphingobacteriaceae,Mucilaginibacter,Mucilaginibacter mallensis,Mucilaginibacter mallensis,3249,8,9,39,14,4,23,26,16
Bacteria,Bacteroidetes,Sphingobacteriia,Sphingobacteriales,Sphingobacteriaceae,Mucilaginibacter,Mucilaginibacter paludis,Mucilaginibacter paludis,3250,9,6,16,9,14,13,18,10
Bacteria,Bacteroidetes,Sphingobacteriia,Sphingobacteriales,Sphingobacteriaceae,Mucilaginibacter,Mucilaginibacter rubeus,Mucilaginibacter rubeus,3251,4,10,55,11,7,17,44,20
Bacteria,Bacteroidetes,Sphingobacteriia,Sphingobacteriales,Sphingobacteriaceae,Mucilaginibacter,Mucilaginibacter sp. 14171R-50,Mucilaginibacter sp. 14171R-50,3252,3,7,9,8,0,7,7,7
Bacteria,Bacteroidetes,Sphingobacteriia,Sphingobacteriales,Sphingobacteriaceae,Mucilaginibacter,Mucilaginibacter sp. F39-2,Mucilaginibacter sp. F39-2,3253,10,12,26,9,1,11,11,6
Bacteria,Bacteroidetes,Sphingobacteriia,Sphingobacteriales,Sphingobacteriaceae,Mucilaginibacter,Mucilaginibacter sp. G2-14,Mucilaginibacter sp. G2-14,3254,11,7,32,12,5,9,28,7
Bacteria,Bacteroidetes,Sphingobacteriia,Sphingobacteriales,Sphingobacteriaceae,Mucilaginibacter,Mucilaginibacter sp. HYN0043,Mucilaginibacter sp. HYN0043,3255,11,9,57,15,13,18,50,22
Bacteria,Bacteroidetes,Sphingobacteriia,Sphingobacteriales,Sphingobacteriaceae,Mucilaginibacter,Mucilaginibacter sp. PAMC 26640,Mucilaginibacter sp. PAMC 26640,3256,0,6,15,7,2,4,16,6
Bacteria,Bacteroidetes,Sphingobacteriia,Sphingobacteriales,Sphingobacteriaceae,Mucilaginibacter,Mucilaginibacter xinganensis,Mucilaginibacter xinganensis,3257,5,2,4,5,1,3,7,4
Bacteria,Bacteroidetes,Sphingobacteriia,Sphingobacteriales,Sphingobacteriaceae,Olivibacter,Olivibacter sp. LS-1,Olivibacter sp. LS-1,3588,6,3,55,8,8,24,41,26
Bacteria,Bacteroidetes,Sphingobacteriia,Sphingobacteriales,Sphingobacteriaceae,Pedobacter,Pedobacter cryoconitis,Pedobacter cryoconitis,3817,14,20,11,7,0,0,0,0
Bacteria,Bacteroidetes,Sphingobacteriia,Sphingobacteriales,Sphingobacteriaceae,Pedobacter,Pedobacter ginsengisoli,Pedobacter ginsengisoli,3818,12,12,18,9,4,15,26,13
Bacteria,Bacteroidetes,Sphingobacteriia,Sphingobacteriales,Sphingobacteriaceae,Pedobacter,Pedobacter heparinus,Pedobacter heparinus,3819,7,10,27,15,9,9,24,17
Bacteria,Bacteroidetes,Sphingobacteriia,Sphingobacteriales,Sphingobacteriaceae,Pedobacter,Pedobacter sp. CJ43,Pedobacter sp. CJ43,3820,7,7,22,7,8,13,19,7
Bacteria,Bacteroidetes,Sphingobacteriia,Sphingobacteriales,Sphingobacteriaceae,Pedobacter,Pedobacter sp. eg,Pedobacter sp. eg,3821,14,12,38,9,9,15,22,13
Bacteria,Bacteroidetes,Sphingobacteriia,Sphingobacteriales,Sphingobacteriaceae,Pedobacter,Pedobacter sp. G11,Pedobacter sp. G11,3822,8,5,2,6,0,0,0,0
Bacteria,Bacteroidetes,Sphingobacteriia,Sphingobacteriales,Sphingobacteriaceae,Pedobacter,Pedobacter sp. HDW13,Pedobacter sp. HDW13,3823,8,13,4,5,1,1,2,4
Bacteria,Bacteroidetes,Sphingobacteriia,Sphingobacteriales,Sphingobacteriaceae,Pedobacter,Pedobacter sp. KBS0701,Pedobacter sp. KBS0701,3824,10,7,42,4,5,18,32,18
Bacteria,Bacteroidetes,Sphingobacteriia,Sphingobacteriales,Sphingobacteriaceae,Pedobacter,Pedobacter sp. PACM 27299,Pedobacter sp. PACM 27299,3825,8,11,63,21,19,31,62,25
Bacteria,Bacteroidetes,Sphingobacteriia,Sphingobacteriales,Sphingobacteriaceae,Pedobacter,Pedobacter steynii,Pedobacter steynii,3826,13,12,19,10,3,16,17,6
Bacteria,Bacteroidetes,Sphingobacteriia,Sphingobacteriales,Sphingobacteriaceae,Pedobacter,Pedobacter suwonensis,Pedobacter suwonensis,3827,4,11,14,6,13,15,26,8
Bacteria,Bacteroidetes,Sphingobacteriia,Sphingobacteriales,Sphingobacteriaceae,Pseudopedobacter,Pseudopedobacter saltans,Pseudopedobacter saltans,4232,21,10,5,8,3,7,8,2
Bacteria,Bacteroidetes,Sphingobacteriia,Sphingobacteriales,Sphingobacteriaceae,Solitalea,Solitalea canadensis,Solitalea canadensis,4603,13,18,69,21,13,31,52,21
Bacteria,Bacteroidetes,Sphingobacteriia,Sphingobacteriales,Sphingobacteriaceae,Sphingobacterium,Sphingobacterium daejeonense,Sphingobacterium daejeonense,4612,7,8,15,11,2,7,7,8
Bacteria,Bacteroidetes,Sphingobacteriia,Sphingobacteriales,Sphingobacteriaceae,Sphingobacterium,Sphingobacterium hotanense,Sphingobacterium hotanense,4613,15,8,7,12,6,7,4,8
Bacteria,Bacteroidetes,Sphingobacteriia,Sphingobacteriales,Sphingobacteriaceae,Sphingobacterium,Sphingobacterium lactis,Sphingobacterium lactis,4614,13,7,18,10,2,2,20,5
Bacteria,Bacteroidetes,Sphingobacteriia,Sphingobacteriales,Sphingobacteriaceae,Sphingobacterium,Sphingobacterium mizutaii,Sphingobacterium mizutaii,4615,10,6,5,8,5,6,5,4
Bacteria,Bacteroidetes,Sphingobacteriia,Sphingobacteriales,Sphingobacteriaceae,Sphingobacterium,Sphingobacterium multivorum,Sphingobacterium multivorum,4616,5,12,8,4,1,1,4,2
Bacteria,Bacteroidetes,Sphingobacteriia,Sphingobacteriales,Sphingobacteriaceae,Sphingobacterium,Sphingobacterium psychroaquaticum,Sphingobacterium psychroaquaticum,4617,10,10,2,7,2,4,1,4
Bacteria,Bacteroidetes,Sphingobacteriia,Sphingobacteriales,Sphingobacteriaceae,Sphingobacterium,Sphingobacterium sp. 21,Sphingobacterium sp. 21,4618,1,3,0,2,0,0,0,0
Bacteria,Bacteroidetes,Sphingobacteriia,Sphingobacteriales,Sphingobacteriaceae,Sphingobacterium,Sphingobacterium sp. B29,Sphingobacterium sp. B29,4619,2,3,10,4,4,10,19,9
Bacteria,Bacteroidetes,Sphingobacteriia,Sphingobacteriales,Sphingobacteriaceae,Sphingobacterium,Sphingobacterium sp. CZ-2,Sphingobacterium sp. CZ-2,4620,9,11,12,5,2,6,7,5
Bacteria,Bacteroidetes,Sphingobacteriia,Sphingobacteriales,Sphingobacteriaceae,Sphingobacterium,Sphingobacterium sp. dk4302,Sphingobacterium sp. dk4302,4621,7,1,5,2,0,0,1,0
Bacteria,Bacteroidetes,Sphingobacteriia,Sphingobacteriales,Sphingobacteriaceae,Sphingobacterium,Sphingobacterium sp. DR205,Sphingobacterium sp. DR205,4622,11,11,17,6,0,4,8,4
Bacteria,Bacteroidetes,Sphingobacteriia,Sphingobacteriales,Sphingobacteriaceae,Sphingobacterium,Sphingobacterium sp. G1-14,Sphingobacterium sp. G1-14,4623,0,0,3,0,0,2,3,2
Bacteria,Bacteroidetes,Sphingobacteriia,Sphingobacteriales,Sphingobacteriaceae,Sphingobacterium,Sphingobacterium sp. ML3W,Sphingobacterium sp. ML3W,4624,5,12,8,9,0,3,2,5
Bacteria,Bacteroidetes,Sphingobacteriia,Sphingobacteriales,Sphingobacteriaceae,Sphingobacterium,Sphingobacterium thalpophilum,Sphingobacterium thalpophilum,4625,14,8,67,21,15,26,60,38
Bacteria,Caldiserica,Caldisericia,Caldisericales,Caldisericaceae,Caldisericum,Caldisericum exile,Caldisericum exile,803,0,0,0,1,0,0,0,0
Bacteria,Calditrichaeota,Calditrichae,Calditrichales,Calditrichaceae,Caldithrix,Caldithrix abyssi,Caldithrix abyssi,806,6,4,12,7,5,8,20,12
Bacteria,Chlamydiae,Chlamydiia,Chlamydiales,Chlamydiaceae,Chlamydia,Chlamydia gallinacea,Chlamydia gallinacea,1065,0,1,0,0,0,0,0,0
Bacteria,Chlamydiae,Chlamydiia,Chlamydiales,Chlamydiaceae,Chlamydia,Chlamydia muridarum,Chlamydia muridarum,1066,1,0,0,0,0,0,0,0
Bacteria,Chlamydiae,Chlamydiia,Chlamydiales,Chlamydiaceae,Chlamydia,Chlamydia pneumoniae,Chlamydia pneumoniae,1067,1,0,1,0,0,0,0,0
Bacteria,Chlamydiae,Chlamydiia,Chlamydiales,Chlamydiaceae,Chlamydia,Chlamydia psittaci,Chlamydia psittaci,1068,1,0,0,0,0,0,0,0
Bacteria,Chlamydiae,Chlamydiia,Chlamydiales,Chlamydiaceae,Chlamydia,Chlamydia sp. 2742-308,Chlamydia sp. 2742-308,1069,0,0,0,0,1,0,0,0
Bacteria,Chlamydiae,Chlamydiia,Chlamydiales,Chlamydiaceae,Chlamydia,Chlamydia sp. S15-834C,Chlamydia sp. S15-834C,1070,0,5,2,0,0,0,0,0
Bacteria,Chlamydiae,Chlamydiia,Chlamydiales,Chlamydiaceae,Chlamydia,Chlamydia suis,Chlamydia suis,1071,0,2,0,2,0,0,0,0
Bacteria,Chlamydiae,Chlamydiia,Parachlamydiales,Parachlamydiaceae,Candidatus Protochlamydia,Candidatus Protochlamydia amoebophila,Candidatus Protochlamydia amoebophila,951,1,0,0,0,0,0,0,0
Bacteria,Chlamydiae,Chlamydiia,Parachlamydiales,Parachlamydiaceae,Candidatus Protochlamydia,Candidatus Protochlamydia naegleriophila,Candidatus Protochlamydia naegleriophila,952,1,1,1,2,0,0,0,0
Bacteria,Chlamydiae,Chlamydiia,Parachlamydiales,Parachlamydiaceae,Neochlamydia,Neochlamydia sp. S13,Neochlamydia sp. S13,3392,1,0,0,2,3,0,1,5
Bacteria,Chlamydiae,Chlamydiia,Parachlamydiales,Parachlamydiaceae,Parachlamydia,Parachlamydia acanthamoebae,Parachlamydia acanthamoebae,3755,1,0,1,0,0,0,0,0
Bacteria,Chlamydiae,Chlamydiia,Parachlamydiales,Simkaniaceae,Simkania,Simkania negevensis,Simkania negevensis,4582,0,3,25,3,2,5,34,10
Bacteria,Chlamydiae,Chlamydiia,Parachlamydiales,Waddliaceae,Waddlia,Waddlia chondrophila,Waddlia chondrophila,5317,1,1,0,1,0,0,0,1
Bacteria,Chlorobi,Chlorobia,Chlorobiales,Chlorobiaceae,Chlorobaculum,Chlorobaculum limnaeum,Chlorobaculum limnaeum,1073,4,5,1,1,0,3,1,1
Bacteria,Chlorobi,Chlorobia,Chlorobiales,Chlorobiaceae,Chlorobaculum,Chlorobaculum parvum,Chlorobaculum parvum,1074,2,3,46,9,6,12,21,13
Bacteria,Chlorobi,Chlorobia,Chlorobiales,Chlorobiaceae,Chlorobaculum,Chlorobaculum tepidum,Chlorobaculum tepidum,1075,1,1,4,2,8,4,8,2
Bacteria,Chlorobi,Chlorobia,Chlorobiales,Chlorobiaceae,Chlorobium,Chlorobium chlorochromatii,Chlorobium chlorochromatii,1076,2,2,1,1,1,0,4,1
Bacteria,Chlorobi,Chlorobia,Chlorobiales,Chlorobiaceae,Chlorobium,Chlorobium limicola,Chlorobium limicola,1077,2,8,5,3,0,2,5,3
Bacteria,Chlorobi,Chlorobia,Chlorobiales,Chlorobiaceae,Chlorobium,Chlorobium phaeobacteroides,Chlorobium phaeobacteroides,1078,10,7,35,6,3,36,39,10
Bacteria,Chlorobi,Chlorobia,Chlorobiales,Chlorobiaceae,Chlorobium,Chlorobium phaeovibrioides,Chlorobium phaeovibrioides,1079,3,6,3,6,1,2,1,6
Bacteria,Chlorobi,Chlorobia,Chlorobiales,Chlorobiaceae,Chloroherpeton,Chloroherpeton thalassium,Chloroherpeton thalassium,1082,3,2,0,1,5,2,4,9
Bacteria,Chlorobi,Chlorobia,Chlorobiales,Chlorobiaceae,Pelodictyon,Pelodictyon luteolum,Pelodictyon luteolum,3835,4,10,37,10,10,13,37,20
Bacteria,Chlorobi,Chlorobia,Chlorobiales,Chlorobiaceae,Pelodictyon,Pelodictyon phaeoclathratiforme,Pelodictyon phaeoclathratiforme,3836,7,6,8,5,4,4,4,6
Bacteria,Chlorobi,Chlorobia,Chlorobiales,Chlorobiaceae,Prosthecochloris,Prosthecochloris aestuarii,Prosthecochloris aestuarii,4018,6,1,6,3,7,2,0,3
Bacteria,Chlorobi,Chlorobia,Chlorobiales,Chlorobiaceae,Prosthecochloris,Prosthecochloris sp. CIB 2401,Prosthecochloris sp. CIB 2401,4019,1,4,11,4,8,5,8,4
Bacteria,Chlorobi,Chlorobia,Chlorobiales,Chlorobiaceae,Prosthecochloris,Prosthecochloris sp. GSB1,Prosthecochloris sp. GSB1,4020,4,0,1,3,0,0,1,0
Bacteria,Chlorobi,Chlorobia,Chlorobiales,Chlorobiaceae,Prosthecochloris,Prosthecochloris sp. HL-130-GSB,Prosthecochloris sp. HL-130-GSB,4021,6,5,2,1,1,4,3,5
Bacteria,Chloroflexi,Anaerolineae,Anaerolineales,Anaerolineaceae,Anaerolinea,Anaerolinea thermophila,Anaerolinea thermophila,300,0,1,0,0,0,0,0,0
Bacteria,Chloroflexi,Anaerolineae,Anaerolineales,Anaerolineaceae,Brevefilum,Brevefilum fermentans,Brevefilum fermentans,699,1,0,0,1,1,5,4,1
Bacteria,Chloroflexi,Anaerolineae,Anaerolineales,Anaerolineaceae,Pelolinea,Pelolinea submarina,Pelolinea submarina,3837,2,1,0,0,0,0,0,0
Bacteria,Chloroflexi,Ardenticatenia,Ardenticatenales,Ardenticatenaceae,Candidatus Promineofilum,Candidatus Promineofilum breve,Candidatus Promineofilum breve,950,0,0,0,0,6,1,2,0
Bacteria,Chloroflexi,Caldilineae,Caldilineales,Caldilineaceae,Caldilinea,Caldilinea aerophila,Caldilinea aerophila,801,3,5,2,1,0,0,0,0
Bacteria,Chloroflexi,Chloroflexia,Chloroflexales,Chloroflexaceae,Chloroflexus,Chloroflexus aggregans,Chloroflexus aggregans,1080,2,0,1,3,0,0,0,0
Bacteria,Chloroflexi,Chloroflexia,Chloroflexales,Chloroflexaceae,Chloroflexus,Chloroflexus aurantiacus,Chloroflexus aurantiacus,1081,1,3,0,0,0,0,1,0
Bacteria,Chloroflexi,Chloroflexia,Chloroflexales,Roseiflexaceae,Roseiflexus,Roseiflexus castenholzii,Roseiflexus castenholzii,4396,1,1,2,1,8,5,1,0
Bacteria,Chloroflexi,Chloroflexia,Chloroflexales,Roseiflexaceae,Roseiflexus,Roseiflexus sp. RS-1,Roseiflexus sp. RS-1,4397,2,1,0,3,2,0,0,2
Bacteria,Chloroflexi,Dehalococcoidia,Dehalococcoidales,Dehalococcoidaceae,Dehalococcoides,Dehalococcoides mccartyi,Dehalococcoides mccartyi,1378,8,6,3,7,0,1,2,0
Bacteria,Chloroflexi,Ktedonobacteria,Ktedonobacterales,Ktedonosporobacteraceae,Ktedonosporobacter,Ktedonosporobacter rubrisoli,Ktedonosporobacter rubrisoli,2656,4,6,4,4,3,3,7,1
Bacteria,Chloroflexi,Tepidiformia,Tepidiformales,Tepidiformaceae,Tepidiforma,Tepidiforma bonchosmolovskayae,Tepidiforma bonchosmolovskayae,5067,1,1,0,1,0,0,1,1
Bacteria,Chloroflexi,Thermomicrobia,Sphaerobacterales,Sphaerobacteraceae,Sphaerobacter,Sphaerobacter thermophilus,Sphaerobacter thermophilus,4605,3,1,0,2,0,0,0,0
Bacteria,Chloroflexi,Thermomicrobia,Thermomicrobiales,Thermomicrobiaceae,Thermomicrobium,Thermomicrobium roseum,Thermomicrobium roseum,5144,4,0,2,3,0,0,0,1
Bacteria,Chrysiogenetes,Chrysiogenetes,Chrysiogenales,Chrysiogenaceae,Desulfurispirillum,Desulfurispirillum indicum,Desulfurispirillum indicum,1465,1,0,12,4,3,4,16,6
Bacteria,Deferribacteres,Deferribacteres,Deferribacterales,Deferribacteraceae,Calditerrivibrio,Calditerrivibrio nitroreducens,Calditerrivibrio nitroreducens,805,1,6,4,6,0,2,2,0
Bacteria,Deferribacteres,Deferribacteres,Deferribacterales,Deferribacteraceae,Deferribacter,Deferribacter desulfuricans,Deferribacter desulfuricans,1371,7,3,1,0,0,0,0,0
Bacteria,Deferribacteres,Deferribacteres,Deferribacterales,Deferribacteraceae,Denitrovibrio,Denitrovibrio acetiphilus,Denitrovibrio acetiphilus,1406,3,1,0,5,4,1,0,1
Bacteria,Deferribacteres,Deferribacteres,Deferribacterales,Deferribacteraceae,Flexistipes,Flexistipes sinusarabici,Flexistipes sinusarabici,1867,0,1,1,0,0,0,0,0
Bacteria,Deferribacteres,Deferribacteres,Deferribacterales,Deferribacteraceae,Geovibrio,Geovibrio thiophilus,Geovibrio thiophilus,2319,3,2,2,1,1,1,0,2
Bacteria,Deinococcus-Thermus,Deinococci,Deinococcales,Deinococcaceae,Deinococcus,Deinococcus actinosclerus,Deinococcus actinosclerus,1381,2,1,0,0,1,0,0,0
Bacteria,Deinococcus-Thermus,Deinococci,Deinococcales,Deinococcaceae,Deinococcus,Deinococcus deserti,Deinococcus deserti,1382,0,0,1,1,0,0,0,0
Bacteria,Deinococcus-Thermus,Deinococci,Deinococcales,Deinococcaceae,Deinococcus,Deinococcus ficus,Deinococcus ficus,1383,0,2,1,0,0,0,0,0
Bacteria,Deinococcus-Thermus,Deinococci,Deinococcales,Deinococcaceae,Deinococcus,Deinococcus geothermalis,Deinococcus geothermalis,1384,0,0,4,0,0,0,2,2
Bacteria,Deinococcus-Thermus,Deinococci,Deinococcales,Deinococcaceae,Deinococcus,Deinococcus gobiensis,Deinococcus gobiensis,1385,1,3,0,2,1,0,0,0
Bacteria,Deinococcus-Thermus,Deinococci,Deinococcales,Deinococcaceae,Deinococcus,Deinococcus irradiatisoli,Deinococcus irradiatisoli,1386,1,0,0,0,0,0,0,0
Bacteria,Deinococcus-Thermus,Deinococci,Deinococcales,Deinococcaceae,Deinococcus,Deinococcus maricopensis,Deinococcus maricopensis,1387,1,0,0,1,0,0,0,0
Bacteria,Deinococcus-Thermus,Deinococci,Deinococcales,Deinococcaceae,Deinococcus,Deinococcus metallilatus,Deinococcus metallilatus,1388,1,0,1,3,1,3,2,3
Bacteria,Deinococcus-Thermus,Deinococci,Deinococcales,Deinococcaceae,Deinococcus,Deinococcus peraridilitoris,Deinococcus peraridilitoris,1389,0,0,0,2,2,0,0,0
Bacteria,Deinococcus-Thermus,Deinococci,Deinococcales,Deinococcaceae,Deinococcus,Deinococcus proteolyticus,Deinococcus proteolyticus,1390,0,0,1,1,0,0,2,2
Bacteria,Deinococcus-Thermus,Deinococci,Deinococcales,Deinococcaceae,Deinococcus,Deinococcus puniceus,Deinococcus puniceus,1391,0,0,0,0,0,1,0,0
Bacteria,Deinococcus-Thermus,Deinococci,Deinococcales,Deinococcaceae,Deinococcus,Deinococcus radiodurans,Deinococcus radiodurans,1392,0,0,3,0,0,0,0,0
Bacteria,Deinococcus-Thermus,Deinococci,Deinococcales,Deinococcaceae,Deinococcus,Deinococcus soli Cha et al. 2016,Deinococcus soli Cha et al. 2016,1393,1,0,0,1,0,0,0,0
Bacteria,Deinococcus-Thermus,Deinococci,Deinococcales,Deinococcaceae,Deinococcus,Deinococcus sp. AJ005,Deinococcus sp. AJ005,1394,1,0,1,1,0,1,0,0
Bacteria,Deinococcus-Thermus,Deinococci,Deinococcales,Deinococcaceae,Deinococcus,Deinococcus sp. D7000,Deinococcus sp. D7000,1395,3,1,0,0,0,0,0,0
Bacteria,Deinococcus-Thermus,Deinococci,Deinococcales,Deinococcaceae,Deinococcus,Deinococcus sp. NW-56,Deinococcus sp. NW-56,1396,0,2,2,1,0,0,0,0
Bacteria,Deinococcus-Thermus,Deinococci,Deinococcales,Deinococcaceae,Deinococcus,Deinococcus sp. S14-83,Deinococcus sp. S14-83,1397,0,1,0,0,0,0,0,0
Bacteria,Deinococcus-Thermus,Deinococci,Deinococcales,Deinococcaceae,Deinococcus,Deinococcus swuensis,Deinococcus swuensis,1398,0,0,1,0,2,0,0,0
Bacteria,Deinococcus-Thermus,Deinococci,Deinococcales,Deinococcaceae,Deinococcus,Deinococcus wulumuqiensis,Deinococcus wulumuqiensis,1399,8,3,2,2,1,0,0,0
Bacteria,Deinococcus-Thermus,Deinococci,Thermales,Thermaceae,Marinithermus,Marinithermus hydrothermalis,Marinithermus hydrothermalis,2948,0,0,0,1,0,0,0,0
Bacteria,Deinococcus-Thermus,Deinococci,Thermales,Thermaceae,Meiothermus,Meiothermus ruber,Meiothermus ruber,3000,0,1,0,0,0,1,1,1
Bacteria,Deinococcus-Thermus,Deinococci,Thermales,Thermaceae,Meiothermus,Meiothermus silvanus,Meiothermus silvanus,3001,1,0,0,0,0,0,0,0
Bacteria,Deinococcus-Thermus,Deinococci,Thermales,Thermaceae,Oceanithermus,Oceanithermus profundus,Oceanithermus profundus,3566,6,2,2,2,2,2,1,1
Bacteria,Deinococcus-Thermus,Deinococci,Thermales,Thermaceae,Thermus,Thermus caldilimi,Thermus caldilimi,5159,0,1,0,2,0,0,0,0
Bacteria,Deinococcus-Thermus,Deinococci,Thermales,Thermaceae,Thermus,Thermus oshimai,Thermus oshimai,5160,0,1,0,0,0,0,0,0
Bacteria,Deinococcus-Thermus,Deinococci,Thermales,Thermaceae,Thermus,Thermus scotoductus,Thermus scotoductus,5161,1,0,0,0,0,0,0,0
Bacteria,Deinococcus-Thermus,Deinococci,Trueperales,Trueperaceae,Truepera,Truepera radiovictrix,Truepera radiovictrix,5203,0,0,1,0,0,0,1,1
Bacteria,Dictyoglomi,Dictyoglomia,Dictyoglomales,Dictyoglomaceae,Dictyoglomus,Dictyoglomus thermophilum,Dictyoglomus thermophilum,1493,5,2,0,2,0,0,0,0
Bacteria,Dictyoglomi,Dictyoglomia,Dictyoglomales,Dictyoglomaceae,Dictyoglomus,Dictyoglomus turgidum,Dictyoglomus turgidum,1494,0,3,1,1,0,0,1,1
Bacteria,Elusimicrobia,Elusimicrobia,Elusimicrobiales,Elusimicrobiaceae,Elusimicrobium,Elusimicrobium minutum,Elusimicrobium minutum,1551,1,2,1,0,0,2,1,3
Bacteria,Elusimicrobia,Endomicrobia,Endomicrobiales,Endomicrobiaceae,Endomicrobium,Candidatus Endomicrobium trichonymphae,Candidatus Endomicrobium trichonymphae,883,0,0,3,1,2,2,2,1
Bacteria,Elusimicrobia,Endomicrobia,Endomicrobiales,Endomicrobiaceae,Endomicrobium,Endomicrobium proavitum,Endomicrobium proavitum,1555,0,1,1,1,0,0,0,0
Bacteria,Fibrobacteres,Fibrobacteria,Fibrobacterales,Fibrobacteraceae,Fibrobacter,Fibrobacter succinogenes,Fibrobacter succinogenes,1805,6,17,95,19,28,35,74,45
Bacteria,Firmicutes,Bacilli,Bacillales,Alicyclobacillaceae,Alicyclobacillus,Alicyclobacillus acidocaldarius,Alicyclobacillus acidocaldarius,219,13,10,1,1,3,4,2,2
Bacteria,Firmicutes,Bacilli,Bacillales,Alicyclobacillaceae,Kyrpidia,Kyrpidia spormannii,Kyrpidia spormannii,2663,0,0,1,0,0,0,0,0
Bacteria,Firmicutes,Bacilli,Bacillales,Alicyclobacillaceae,Kyrpidia,Kyrpidia tusciae,Kyrpidia tusciae,2664,0,1,1,0,0,0,0,0
Bacteria,Firmicutes,Bacilli,Bacillales,Alicyclobacillaceae,Tumebacillus,Tumebacillus algifaecis,Tumebacillus algifaecis,5208,1,4,1,5,0,0,0,0
Bacteria,Firmicutes,Bacilli,Bacillales,Alicyclobacillaceae,Tumebacillus,Tumebacillus avium,Tumebacillus avium,5209,11,8,1,8,21,5,6,6
Bacteria,Firmicutes,Bacilli,Bacillales,Bacillaceae,Aeribacillus,Aeribacillus pallidus,Aeribacillus pallidus,152,3,2,3,4,0,0,0,0
Bacteria,Firmicutes,Bacilli,Bacillales,Bacillaceae,Alkalihalobacillus,Alkalihalobacillus clausii,Alkalihalobacillus clausii,233,6,3,1,2,0,1,0,1
Bacteria,Firmicutes,Bacilli,Bacillales,Bacillaceae,Alkalihalobacillus,Alkalihalobacillus halodurans,Alkalihalobacillus halodurans,234,1,2,3,5,0,1,0,0
Bacteria,Firmicutes,Bacilli,Bacillales,Bacillaceae,Alkalihalobacillus,Alkalihalobacillus krulwichiae,Alkalihalobacillus krulwichiae,235,10,4,3,2,0,0,0,0
Bacteria,Firmicutes,Bacilli,Bacillales,Bacillaceae,Alkalihalobacillus,Alkalihalobacillus lehensis,Alkalihalobacillus lehensis,236,4,6,2,2,0,1,0,0
Bacteria,Firmicutes,Bacilli,Bacillales,Bacillaceae,Alkalihalobacillus,Alkalihalobacillus pseudofirmus,Alkalihalobacillus pseudofirmus,237,7,5,2,3,0,0,0,0
Bacteria,Firmicutes,Bacilli,Bacillales,Bacillaceae,Amphibacillus,Amphibacillus xylanus,Amphibacillus xylanus,282,4,2,1,2,0,0,0,0
Bacteria,Firmicutes,Bacilli,Bacillales,Bacillaceae,Anoxybacillus,Anoxybacillus amylolyticus,Anoxybacillus amylolyticus,315,3,3,4,1,0,4,0,0
Bacteria,Firmicutes,Bacilli,Bacillales,Bacillaceae,Anoxybacillus,Anoxybacillus flavithermus,Anoxybacillus flavithermus,316,1,5,1,2,0,0,0,0
Bacteria,Firmicutes,Bacilli,Bacillales,Bacillaceae,Anoxybacillus,Anoxybacillus gonensis,Anoxybacillus gonensis,317,0,0,0,1,0,0,0,0
Bacteria,Firmicutes,Bacilli,Bacillales,Bacillaceae,Anoxybacillus,Anoxybacillus sp. PDR2,Anoxybacillus sp. PDR2,318,1,1,0,4,1,1,0,2
Bacteria,Firmicutes,Bacilli,Bacillales,Bacillaceae,Bacillus,Bacillus albus,Bacillus albus,445,2,0,0,0,0,1,0,0
Bacteria,Firmicutes,Bacilli,Bacillales,Bacillaceae,Bacillus,Bacillus altitudinis,Bacillus altitudinis,446,4,2,2,1,1,0,0,0
Bacteria,Firmicutes,Bacilli,Bacillales,Bacillaceae,Bacillus,Bacillus amyloliquefaciens,Bacillus amyloliquefaciens,447,1,4,2,4,1,0,0,1
Bacteria,Firmicutes,Bacilli,Bacillales,Bacillaceae,Bacillus,Bacillus anthracis,Bacillus anthracis,448,1,0,1,1,0,0,0,0
Bacteria,Firmicutes,Bacilli,Bacillales,Bacillaceae,Bacillus,Bacillus atrophaeus,Bacillus atrophaeus,449,6,12,3,7,5,12,1,4
Bacteria,Firmicutes,Bacilli,Bacillales,Bacillaceae,Bacillus,Bacillus beveridgei,Bacillus beveridgei,450,1,4,4,1,0,0,0,0
Bacteria,Firmicutes,Bacilli,Bacillales,Bacillaceae,Bacillus,Bacillus cellulosilyticus,Bacillus cellulosilyticus,451,5,1,0,3,0,0,0,0
Bacteria,Firmicutes,Bacilli,Bacillales,Bacillaceae,Bacillus,Bacillus cereus,Bacillus cereus,452,42,22,9,33,0,0,2,0
Bacteria,Firmicutes,Bacilli,Bacillales,Bacillaceae,Bacillus,Bacillus ciccensis,Bacillus ciccensis,453,6,22,2,13,2,2,4,3
Bacteria,Firmicutes,Bacilli,Bacillales,Bacillaceae,Bacillus,Bacillus circulans,Bacillus circulans,454,10,16,10,11,10,2,8,2
Bacteria,Firmicutes,Bacilli,Bacillales,Bacillaceae,Bacillus,Bacillus coagulans,Bacillus coagulans,455,9,10,12,10,1,2,1,0
Bacteria,Firmicutes,Bacilli,Bacillales,Bacillaceae,Bacillus,Bacillus cohnii,Bacillus cohnii,456,4,2,0,0,0,0,0,0
Bacteria,Firmicutes,Bacilli,Bacillales,Bacillaceae,Bacillus,Bacillus cytotoxicus,Bacillus cytotoxicus,457,10,7,8,7,6,0,0,8
Bacteria,Firmicutes,Bacilli,Bacillales,Bacillaceae,Bacillus,Bacillus dafuensis,Bacillus dafuensis,458,4,6,2,7,0,0,0,0
Bacteria,Firmicutes,Bacilli,Bacillales,Bacillaceae,Bacillus,Bacillus filamentosus,Bacillus filamentosus,459,12,4,8,7,8,5,4,6
Bacteria,Firmicutes,Bacilli,Bacillales,Bacillaceae,Bacillus,Bacillus flexus,Bacillus flexus,460,3,2,0,4,0,0,1,0
Bacteria,Firmicutes,Bacilli,Bacillales,Bacillaceae,Bacillus,Bacillus freudenreichii,Bacillus freudenreichii,461,8,6,25,12,12,14,9,5
Bacteria,Firmicutes,Bacilli,Bacillales,Bacillaceae,Bacillus,Bacillus glycinifermentans,Bacillus glycinifermentans,462,6,7,4,5,13,3,3,3
Bacteria,Firmicutes,Bacilli,Bacillales,Bacillaceae,Bacillus,Bacillus gobiensis,Bacillus gobiensis,463,3,5,1,2,0,0,1,0
Bacteria,Firmicutes,Bacilli,Bacillales,Bacillaceae,Bacillus,Bacillus haynesii,Bacillus haynesii,464,1,4,1,3,0,0,0,0
Bacteria,Firmicutes,Bacilli,Bacillales,Bacillaceae,Bacillus,Bacillus horikoshii,Bacillus horikoshii,465,8,7,2,3,0,0,0,0
Bacteria,Firmicutes,Bacilli,Bacillales,Bacillaceae,Bacillus,Bacillus infantis,Bacillus infantis,466,7,9,2,5,0,0,0,0
Bacteria,Firmicutes,Bacilli,Bacillales,Bacillaceae,Bacillus,Bacillus lentus,Bacillus lentus,467,5,4,1,0,0,0,0,0
Bacteria,Firmicutes,Bacilli,Bacillales,Bacillaceae,Bacillus,Bacillus licheniformis,Bacillus licheniformis,468,1,0,0,0,0,0,0,0
Bacteria,Firmicutes,Bacilli,Bacillales,Bacillaceae,Bacillus,Bacillus luti,Bacillus luti,469,2,8,1,2,0,0,0,0
Bacteria,Firmicutes,Bacilli,Bacillales,Bacillaceae,Bacillus,Bacillus marisflavi,Bacillus marisflavi,470,12,9,3,8,4,4,4,1
Bacteria,Firmicutes,Bacilli,Bacillales,Bacillaceae,Bacillus,Bacillus megaterium,Bacillus megaterium,471,16,9,6,11,4,3,2,5
Bacteria,Firmicutes,Bacilli,Bacillales,Bacillaceae,Bacillus,Bacillus methanolicus,Bacillus methanolicus,472,4,3,2,7,1,1,0,0
Bacteria,Firmicutes,Bacilli,Bacillales,Bacillaceae,Bacillus,Bacillus miscanthi,Bacillus miscanthi,473,4,4,1,3,0,0,0,0
Bacteria,Firmicutes,Bacilli,Bacillales,Bacillaceae,Bacillus,Bacillus mobilis,Bacillus mobilis,474,1,0,0,1,0,0,0,0
Bacteria,Firmicutes,Bacilli,Bacillales,Bacillaceae,Bacillus,Bacillus mojavensis,Bacillus mojavensis,475,0,2,0,4,0,2,0,0
Bacteria,Firmicutes,Bacilli,Bacillales,Bacillaceae,Bacillus,Bacillus mycoides,Bacillus mycoides,476,4,7,5,5,0,1,0,2
Bacteria,Firmicutes,Bacilli,Bacillales,Bacillaceae,Bacillus,Bacillus paralicheniformis,Bacillus paralicheniformis,477,3,9,4,3,4,5,1,6
Bacteria,Firmicutes,Bacilli,Bacillales,Bacillaceae,Bacillus,Bacillus paranthracis,Bacillus paranthracis,478,1,1,1,2,4,3,1,4
Bacteria,Firmicutes,Bacilli,Bacillales,Bacillaceae,Bacillus,Bacillus pseudomycoides,Bacillus pseudomycoides,480,8,10,2,5,0,0,2,1
Bacteria,Firmicutes,Bacilli,Bacillales,Bacillaceae,Bacillus,Bacillus pumilus,Bacillus pumilus,481,8,15,11,11,4,8,6,9
Bacteria,Firmicutes,Bacilli,Bacillales,Bacillaceae,Bacillus,Bacillus safensis,Bacillus safensis,482,2,6,2,7,0,0,2,1
Bacteria,Firmicutes,Bacilli,Bacillales,Bacillaceae,Bacillus,Bacillus smithii,Bacillus smithii,484,5,4,1,2,3,1,0,1
Bacteria,Firmicutes,Bacilli,Bacillales,Bacillaceae,Bacillus,Bacillus sonorensis,Bacillus sonorensis,485,7,7,3,4,0,0,0,0
Bacteria,Firmicutes,Bacilli,Bacillales,Bacillaceae,Bacillus,Bacillus sp. 1NLA3E,Bacillus sp. 1NLA3E,486,9,3,8,7,2,9,8,2
Bacteria,Firmicutes,Bacilli,Bacillales,Bacillaceae,Bacillus,Bacillus sp. BD59S,Bacillus sp. BD59S,487,0,1,1,0,0,0,0,0
Bacteria,Firmicutes,Bacilli,Bacillales,Bacillaceae,Bacillus,Bacillus sp. BS98,Bacillus sp. BS98,488,1,0,0,0,0,0,0,0
Bacteria,Firmicutes,Bacilli,Bacillales,Bacillaceae,Bacillus,Bacillus sp. Cs-700,Bacillus sp. Cs-700,489,4,3,0,1,0,0,0,0
Bacteria,Firmicutes,Bacilli,Bacillales,Bacillaceae,Bacillus,Bacillus sp. DSL-17,Bacillus sp. DSL-17,490,9,19,7,6,0,1,1,1
Bacteria,Firmicutes,Bacilli,Bacillales,Bacillaceae,Bacillus,Bacillus sp. FJAT-18017,Bacillus sp. FJAT-18017,491,12,15,3,7,0,1,1,2
Bacteria,Firmicutes,Bacilli,Bacillales,Bacillaceae,Bacillus,Bacillus sp. FJAT-22090,Bacillus sp. FJAT-22090,492,4,13,7,8,0,0,2,0
Bacteria,Firmicutes,Bacilli,Bacillales,Bacillaceae,Bacillus,Bacillus sp. FJAT-42376,Bacillus sp. FJAT-42376,493,7,15,7,12,14,9,1,8
Bacteria,Firmicutes,Bacilli,Bacillales,Bacillaceae,Bacillus,Bacillus sp. FJAT-45348,Bacillus sp. FJAT-45348,494,2,3,2,3,8,2,0,2
Bacteria,Firmicutes,Bacilli,Bacillales,Bacillaceae,Bacillus,Bacillus sp. JAS24-2,Bacillus sp. JAS24-2,495,1,0,0,0,0,0,0,0
Bacteria,Firmicutes,Bacilli,Bacillales,Bacillaceae,Bacillus,Bacillus sp. KH172YL63,Bacillus sp. KH172YL63,496,3,7,3,5,1,0,0,0
Bacteria,Firmicutes,Bacilli,Bacillales,Bacillaceae,Bacillus,Bacillus sp. L13 (2020),Bacillus sp. L13 (2020),497,1,2,2,2,0,0,0,0
Bacteria,Firmicutes,Bacilli,Bacillales,Bacillaceae,Bacillus,Bacillus sp. M4U3P1,Bacillus sp. M4U3P1,498,3,3,0,2,0,0,1,0
Bacteria,Firmicutes,Bacilli,Bacillales,Bacillaceae,Bacillus,Bacillus sp. ms-22,Bacillus sp. ms-22,499,0,1,0,1,0,0,0,0
Bacteria,Firmicutes,Bacilli,Bacillales,Bacillaceae,Bacillus,Bacillus sp. N1-1,Bacillus sp. N1-1,500,4,2,2,3,0,0,0,0
Bacteria,Firmicutes,Bacilli,Bacillales,Bacillaceae,Bacillus,Bacillus sp. N3536,Bacillus sp. N3536,501,0,2,1,1,2,0,0,0
Bacteria,Firmicutes,Bacilli,Bacillales,Bacillaceae,Bacillus,Bacillus sp. NSP9.1,Bacillus sp. NSP9.1,502,13,10,3,4,2,5,1,4
Bacteria,Firmicutes,Bacilli,Bacillales,Bacillaceae,Bacillus,Bacillus sp. OxB-1,Bacillus sp. OxB-1,503,5,7,0,3,0,1,0,0
Bacteria,Firmicutes,Bacilli,Bacillales,Bacillaceae,Bacillus,Bacillus sp. PAMC26568,Bacillus sp. PAMC26568,504,7,9,7,7,1,2,2,2
Bacteria,Firmicutes,Bacilli,Bacillales,Bacillaceae,Bacillus,Bacillus sp. S3,Bacillus sp. S3,505,13,12,4,4,1,5,4,2
Bacteria,Firmicutes,Bacilli,Bacillales,Bacillaceae,Bacillus,Bacillus sp. SB49,Bacillus sp. SB49,506,10,11,4,10,5,3,1,6
Bacteria,Firmicutes,Bacilli,Bacillales,Bacillaceae,Bacillus,Bacillus sp. THAF10,Bacillus sp. THAF10,507,5,3,0,5,0,0,0,1
Bacteria,Firmicutes,Bacilli,Bacillales,Bacillaceae,Bacillus,Bacillus sp. WP8,Bacillus sp. WP8,508,0,0,2,1,0,0,0,0
Bacteria,Firmicutes,Bacilli,Bacillales,Bacillaceae,Bacillus,Bacillus sp. X1(2014),Bacillus sp. X1(2014),509,11,3,1,7,0,2,3,4
Bacteria,Firmicutes,Bacilli,Bacillales,Bacillaceae,Bacillus,Bacillus sp. Y1,Bacillus sp. Y1,510,10,2,5,9,0,0,1,0
Bacteria,Firmicutes,Bacilli,Bacillales,Bacillaceae,Bacillus,Bacillus subtilis,Bacillus subtilis,511,5,9,3,4,1,1,0,0
Bacteria,Firmicutes,Bacilli,Bacillales,Bacillaceae,Bacillus,Bacillus tequilensis,Bacillus tequilensis,512,3,5,3,3,0,0,0,0
Bacteria,Firmicutes,Bacilli,Bacillales,Bacillaceae,Bacillus,Bacillus thermoamylovorans,Bacillus thermoamylovorans,513,10,1,4,8,1,0,1,1
Bacteria,Firmicutes,Bacilli,Bacillales,Bacillaceae,Bacillus,Bacillus thuringiensis,Bacillus thuringiensis,514,17,14,5,9,7,3,3,4
Bacteria,Firmicutes,Bacilli,Bacillales,Bacillaceae,Bacillus,Bacillus tropicus,Bacillus tropicus,515,1,0,0,0,0,0,0,0
Bacteria,Firmicutes,Bacilli,Bacillales,Bacillaceae,Bacillus,Bacillus vallismortis,Bacillus vallismortis,516,5,9,2,6,7,13,5,11
Bacteria,Firmicutes,Bacilli,Bacillales,Bacillaceae,Bacillus,Bacillus velezensis,Bacillus velezensis,517,6,5,3,2,0,2,0,2
Bacteria,Firmicutes,Bacilli,Bacillales,Bacillaceae,Bacillus,Bacillus vietnamensis,Bacillus vietnamensis,518,2,4,6,4,1,2,1,2
Bacteria,Firmicutes,Bacilli,Bacillales,Bacillaceae,Bacillus,Bacillus weihaiensis,Bacillus weihaiensis,523,8,9,1,7,0,0,0,0
Bacteria,Firmicutes,Bacilli,Bacillales,Bacillaceae,Bacillus,Bacillus wiedmannii,Bacillus wiedmannii,524,0,1,3,2,0,0,0,0
Bacteria,Firmicutes,Bacilli,Bacillales,Bacillaceae,Bacillus,Bacillus xiamenensis,Bacillus xiamenensis,525,0,0,2,0,0,0,0,0
Bacteria,Firmicutes,Bacilli,Bacillales,Bacillaceae,Bacillus,Brevibacterium frigoritolerans,Brevibacterium frigoritolerans,706,3,2,5,2,0,1,2,0
Bacteria,Firmicutes,Bacilli,Bacillales,Bacillaceae,Cytobacillus,Cytobacillus kochii,Cytobacillus kochii,1361,7,2,5,3,0,2,9,7
Bacteria,Firmicutes,Bacilli,Bacillales,Bacillaceae,Cytobacillus,Cytobacillus oceanisediminis,Cytobacillus oceanisediminis,1362,15,20,5,15,0,0,1,1
Bacteria,Firmicutes,Bacilli,Bacillales,Bacillaceae,Fictibacillus,Fictibacillus arsenicus,Fictibacillus arsenicus,1806,5,9,2,2,3,0,1,0
Bacteria,Firmicutes,Bacilli,Bacillales,Bacillaceae,Fictibacillus,Fictibacillus phosphorivorans,Fictibacillus phosphorivorans,1807,8,5,1,10,7,3,4,8
Bacteria,Firmicutes,Bacilli,Bacillales,Bacillaceae,Geobacillus,Geobacillus genomosp. 3,Geobacillus genomosp. 3,2293,1,0,1,1,0,0,0,0
Bacteria,Firmicutes,Bacilli,Bacillales,Bacillaceae,Geobacillus,Geobacillus sp. E263,Geobacillus sp. E263,2294,0,0,1,0,0,0,0,0
Bacteria,Firmicutes,Bacilli,Bacillales,Bacillaceae,Geobacillus,Geobacillus sp. WCH70,Geobacillus sp. WCH70,2295,0,3,1,0,0,0,0,0
Bacteria,Firmicutes,Bacilli,Bacillales,Bacillaceae,Geobacillus,Geobacillus stearothermophilus,Geobacillus stearothermophilus,2296,1,0,1,1,0,0,0,0
Bacteria,Firmicutes,Bacilli,Bacillales,Bacillaceae,Geobacillus,Geobacillus subterraneus,Geobacillus subterraneus,2297,5,4,1,6,0,3,0,1
Bacteria,Firmicutes,Bacilli,Bacillales,Bacillaceae,Geobacillus,Geobacillus thermodenitrificans,Geobacillus thermodenitrificans,2298,4,3,1,3,0,0,0,0
Bacteria,Firmicutes,Bacilli,Bacillales,Bacillaceae,Geobacillus,Geobacillus thermoleovorans,Geobacillus thermoleovorans,2299,3,4,0,3,0,0,0,0
Bacteria,Firmicutes,Bacilli,Bacillales,Bacillaceae,Gracilibacillus,Gracilibacillus sp. SCU50,Gracilibacillus sp. SCU50,2354,4,6,0,4,0,0,0,0
Bacteria,Firmicutes,Bacilli,Bacillales,Bacillaceae,Halobacillus,Halobacillus halophilus,Halobacillus halophilus,2403,5,1,1,2,1,0,0,1
Bacteria,Firmicutes,Bacilli,Bacillales,Bacillaceae,Halobacillus,Halobacillus litoralis,Halobacillus litoralis,2404,4,6,12,8,3,9,25,12
Bacteria,Firmicutes,Bacilli,Bacillales,Bacillaceae,Halobacillus,Halobacillus mangrovi,Halobacillus mangrovi,2405,7,5,2,8,0,0,0,0
Bacteria,Firmicutes,Bacilli,Bacillales,Bacillaceae,Lentibacillus,Lentibacillus amyloliquefaciens,Lentibacillus amyloliquefaciens,2832,6,5,1,8,4,4,3,6
Bacteria,Firmicutes,Bacilli,Bacillales,Bacillaceae,Lentibacillus,Lentibacillus sp. CBA3610,Lentibacillus sp. CBA3610,2833,2,2,0,2,0,0,0,0
Bacteria,Firmicutes,Bacilli,Bacillales,Bacillaceae,Lysinibacillus,Lysinibacillus fusiformis,Lysinibacillus fusiformis,2904,2,1,0,1,5,2,6,2
Bacteria,Firmicutes,Bacilli,Bacillales,Bacillaceae,Lysinibacillus,Lysinibacillus sp. 2017,Lysinibacillus sp. 2017,2905,6,2,4,4,0,2,1,1
Bacteria,Firmicutes,Bacilli,Bacillales,Bacillaceae,Lysinibacillus,Lysinibacillus sp. SGAir0095,Lysinibacillus sp. SGAir0095,2906,3,13,2,4,5,0,7,12
Bacteria,Firmicutes,Bacilli,Bacillales,Bacillaceae,Lysinibacillus,Lysinibacillus sp. YS11,Lysinibacillus sp. YS11,2907,6,9,2,3,0,0,0,0
Bacteria,Firmicutes,Bacilli,Bacillales,Bacillaceae,Lysinibacillus,Lysinibacillus sphaericus,Lysinibacillus sphaericus,2908,3,6,4,3,0,0,0,0
Bacteria,Firmicutes,Bacilli,Bacillales,Bacillaceae,Lysinibacillus,Lysinibacillus timonensis,Lysinibacillus timonensis,2909,4,9,2,6,0,0,1,0
Bacteria,Firmicutes,Bacilli,Bacillales,Bacillaceae,Mesobacillus,Mesobacillus foraminis,Mesobacillus foraminis,3006,5,13,4,5,0,2,1,3
Bacteria,Firmicutes,Bacilli,Bacillales,Bacillaceae,Mesobacillus,Mesobacillus jeotgali,Mesobacillus jeotgali,3007,8,4,3,3,7,2,2,10
Bacteria,Firmicutes,Bacilli,Bacillales,Bacillaceae,Metabacillus,Metabacillus litoralis,Metabacillus litoralis,3035,6,7,2,9,3,3,6,6
Bacteria,Firmicutes,Bacilli,Bacillales,Bacillaceae,Metabacillus,Metabacillus sp. KUDC1714,Metabacillus sp. KUDC1714,3036,5,11,1,19,4,4,9,3
Bacteria,Firmicutes,Bacilli,Bacillales,Bacillaceae,Neobacillus,Neobacillus mesonae,Neobacillus mesonae,3390,16,12,9,4,0,0,2,0
Bacteria,Firmicutes,Bacilli,Bacillales,Bacillaceae,Neobacillus,Neobacillus thermocopriae,Neobacillus thermocopriae,3391,0,0,1,1,0,0,0,0
Bacteria,Firmicutes,Bacilli,Bacillales,Bacillaceae,Oceanobacillus,Oceanobacillus iheyensis,Oceanobacillus iheyensis,3567,7,10,5,7,6,8,2,3
Bacteria,Firmicutes,Bacilli,Bacillales,Bacillaceae,Oceanobacillus,Oceanobacillus kimchii,Oceanobacillus kimchii,3568,7,3,0,3,0,0,1,0
Bacteria,Firmicutes,Bacilli,Bacillales,Bacillaceae,Oceanobacillus,Oceanobacillus sp. 160,Oceanobacillus sp. 160,3569,9,6,2,3,0,0,0,0
Bacteria,Firmicutes,Bacilli,Bacillales,Bacillaceae,Parageobacillus,Parageobacillus genomosp. 1,Parageobacillus genomosp. 1,3772,2,0,0,4,0,1,0,0
Bacteria,Firmicutes,Bacilli,Bacillales,Bacillaceae,Parageobacillus,Parageobacillus thermoglucosidasius,Parageobacillus thermoglucosidasius,3773,5,8,5,2,0,0,0,0
Bacteria,Firmicutes,Bacilli,Bacillales,Bacillaceae,Parageobacillus,Parageobacillus toebii,Parageobacillus toebii,3774,1,0,1,1,0,0,0,0
Bacteria,Firmicutes,Bacilli,Bacillales,Bacillaceae,Paraliobacillus,Paraliobacillus sp. X-1125,Paraliobacillus sp. X-1125,3779,5,6,0,1,0,0,0,0
Bacteria,Firmicutes,Bacilli,Bacillales,Bacillaceae,Peribacillus,Peribacillus asahii,Peribacillus asahii,3847,6,2,3,2,2,1,12,3
Bacteria,Firmicutes,Bacilli,Bacillales,Bacillaceae,Peribacillus,Peribacillus butanolivorans,Peribacillus butanolivorans,3848,6,1,4,4,0,0,0,0
Bacteria,Firmicutes,Bacilli,Bacillales,Bacillaceae,Peribacillus,Peribacillus muralis,Peribacillus muralis,3849,4,9,2,5,1,0,0,1
Bacteria,Firmicutes,Bacilli,Bacillales,Bacillaceae,Peribacillus,Peribacillus simplex,Peribacillus simplex,3850,13,5,0,10,2,0,0,0
Bacteria,Firmicutes,Bacilli,Bacillales,Bacillaceae,Pontibacillus,Pontibacillus sp. HMF3514,Pontibacillus sp. HMF3514,3980,9,15,5,9,1,1,1,2
Bacteria,Firmicutes,Bacilli,Bacillales,Bacillaceae,Pradoshia,Pradoshia sp. D12,Pradoshia sp. D12,3997,10,14,4,8,1,0,0,0
Bacteria,Firmicutes,Bacilli,Bacillales,Bacillaceae,Psychrobacillus,Psychrobacillus glaciei,Psychrobacillus glaciei,4240,4,4,3,2,0,0,0,0
Bacteria,Firmicutes,Bacilli,Bacillales,Bacillaceae,Psychrobacillus,Psychrobacillus sp. AK 1817,Psychrobacillus sp. AK 1817,4241,1,0,0,0,0,0,0,0
Bacteria,Firmicutes,Bacilli,Bacillales,Bacillaceae,Salicibibacter,Salicibibacter halophilus,Salicibibacter halophilus,4463,1,0,1,2,3,3,1,0
Bacteria,Firmicutes,Bacilli,Bacillales,Bacillaceae,Salicibibacter,Salicibibacter kimchii,Salicibibacter kimchii,4464,5,4,1,0,0,0,0,0
Bacteria,Firmicutes,Bacilli,Bacillales,Bacillaceae,Salimicrobium,Salimicrobium jeotgali,Salimicrobium jeotgali,4465,3,15,32,14,5,10,26,13
Bacteria,Firmicutes,Bacilli,Bacillales,Bacillaceae,Terribacillus,Terribacillus goriensis,Terribacillus goriensis,5070,2,2,1,2,3,2,1,2
Bacteria,Firmicutes,Bacilli,Bacillales,Bacillaceae,Virgibacillus,Virgibacillus dokdonensis,Virgibacillus dokdonensis,5304,8,3,0,2,0,0,0,0
Bacteria,Firmicutes,Bacilli,Bacillales,Bacillaceae,Virgibacillus,Virgibacillus halodenitrificans,Virgibacillus halodenitrificans,5305,4,8,2,4,0,0,0,0
Bacteria,Firmicutes,Bacilli,Bacillales,Bacillaceae,Virgibacillus,Virgibacillus necropolis,Virgibacillus necropolis,5306,5,6,4,5,1,1,1,1
Bacteria,Firmicutes,Bacilli,Bacillales,Bacillaceae,Virgibacillus,Virgibacillus phasianinus,Virgibacillus phasianinus,5307,8,5,6,5,0,0,0,0
Bacteria,Firmicutes,Bacilli,Bacillales,Bacillaceae,Virgibacillus,Virgibacillus sp. 6R,Virgibacillus sp. 6R,5308,1,6,0,2,0,0,0,0
Bacteria,Firmicutes,Bacilli,Bacillales,Bacillaceae,Virgibacillus,Virgibacillus sp. Bac330,Virgibacillus sp. Bac330,5309,3,4,1,0,0,0,0,0
Bacteria,Firmicutes,Bacilli,Bacillales,Bacillaceae,Virgibacillus,Virgibacillus sp. Bac332,Virgibacillus sp. Bac332,5310,4,6,1,4,0,0,0,0
Bacteria,Firmicutes,Bacilli,Bacillales,Bacillaceae,Virgibacillus,Virgibacillus sp. MSP4-1,Virgibacillus sp. MSP4-1,5311,3,6,0,2,1,1,0,0
Bacteria,Firmicutes,Bacilli,Bacillales,Bacillaceae,Virgibacillus,Virgibacillus sp. SK37,Virgibacillus sp. SK37,5312,0,2,1,1,1,0,2,2
Bacteria,Firmicutes,Bacilli,Bacillales,Listeriaceae,Brochothrix,Brochothrix thermosphacta,Brochothrix thermosphacta,723,11,8,2,5,0,0,0,0
Bacteria,Firmicutes,Bacilli,Bacillales,Listeriaceae,Listeria,Listeria grayi,Listeria grayi,2880,6,5,1,2,1,0,0,0
Bacteria,Firmicutes,Bacilli,Bacillales,Listeriaceae,Listeria,Listeria innocua,Listeria innocua,2881,8,8,0,7,1,0,0,0
Bacteria,Firmicutes,Bacilli,Bacillales,Listeriaceae,Listeria,Listeria ivanovii,Listeria ivanovii,2882,2,6,0,4,0,0,0,0
Bacteria,Firmicutes,Bacilli,Bacillales,Listeriaceae,Listeria,Listeria monocytogenes,Listeria monocytogenes,2883,15,15,4,6,0,1,0,0
Bacteria,Firmicutes,Bacilli,Bacillales,Listeriaceae,Listeria,Listeria seeligeri,Listeria seeligeri,2884,2,2,1,0,0,0,0,0
Bacteria,Firmicutes,Bacilli,Bacillales,Listeriaceae,Listeria,Listeria sp. PSOL-1,Listeria sp. PSOL-1,2885,0,4,2,2,0,0,0,0
Bacteria,Firmicutes,Bacilli,Bacillales,Listeriaceae,Listeria,Listeria weihenstephanensis,Listeria weihenstephanensis,2886,6,4,4,4,1,2,0,4
Bacteria,Firmicutes,Bacilli,Bacillales,Listeriaceae,Listeria,Listeria welshimeri,Listeria welshimeri,2887,2,4,0,2,0,0,0,0
Bacteria,Firmicutes,Bacilli,Bacillales,Paenibacillaceae,Aneurinibacillus,Aneurinibacillus soli,Aneurinibacillus soli,313,4,3,4,5,0,0,0,0
Bacteria,Firmicutes,Bacilli,Bacillales,Paenibacillaceae,Aneurinibacillus,Aneurinibacillus sp. XH2,Aneurinibacillus sp. XH2,314,11,2,2,3,0,2,0,3
Bacteria,Firmicutes,Bacilli,Bacillales,Paenibacillaceae,Brevibacillus,Brevibacillus agri,Brevibacillus agri,700,6,3,0,3,5,0,0,2
Bacteria,Firmicutes,Bacilli,Bacillales,Paenibacillaceae,Brevibacillus,Brevibacillus brevis,Brevibacillus brevis,701,14,19,28,14,16,9,17,11
Bacteria,Firmicutes,Bacilli,Bacillales,Paenibacillaceae,Brevibacillus,Brevibacillus formosus,Brevibacillus formosus,702,2,4,1,2,0,0,0,0
Bacteria,Firmicutes,Bacilli,Bacillales,Paenibacillaceae,Brevibacillus,Brevibacillus laterosporus,Brevibacillus laterosporus,703,12,13,2,6,0,0,0,0
Bacteria,Firmicutes,Bacilli,Bacillales,Paenibacillaceae,Brevibacillus,Brevibacillus sp. SCSIO 07484,Brevibacillus sp. SCSIO 07484,704,3,1,5,2,2,3,1,0
Bacteria,Firmicutes,Bacilli,Bacillales,Paenibacillaceae,Cohnella,Cohnella abietis,Cohnella abietis,1213,4,2,2,2,2,1,1,2
Bacteria,Firmicutes,Bacilli,Bacillales,Paenibacillaceae,Cohnella,Cohnella candidum,Cohnella candidum,1214,0,2,1,3,1,0,0,0
Bacteria,Firmicutes,Bacilli,Bacillales,Paenibacillaceae,Cohnella,Cohnella sp. KS 22,Cohnella sp. KS 22,1215,3,8,1,6,0,0,0,0
Bacteria,Firmicutes,Bacilli,Bacillales,Paenibacillaceae,Cohnella,Cohnella sp. MFER-1,Cohnella sp. MFER-1,1216,1,2,2,4,2,5,2,2
Bacteria,Firmicutes,Bacilli,Bacillales,Paenibacillaceae,Paenibacillus,Paenibacillus albus,Paenibacillus albus,3625,5,7,0,2,0,0,0,0
Bacteria,Firmicutes,Bacilli,Bacillales,Paenibacillaceae,Paenibacillus,Paenibacillus alvei,Paenibacillus alvei,3626,6,11,5,6,0,0,0,0
Bacteria,Firmicutes,Bacilli,Bacillales,Paenibacillaceae,Paenibacillus,Paenibacillus antarcticus,Paenibacillus antarcticus,3627,6,3,17,7,6,9,18,2
Bacteria,Firmicutes,Bacilli,Bacillales,Paenibacillaceae,Paenibacillus,Paenibacillus baekrokdamisoli,Paenibacillus baekrokdamisoli,3628,8,5,4,6,3,3,3,10
Bacteria,Firmicutes,Bacilli,Bacillales,Paenibacillaceae,Paenibacillus,Paenibacillus barcinonensis,Paenibacillus barcinonensis,3629,9,13,34,17,9,10,28,5
Bacteria,Firmicutes,Bacilli,Bacillales,Paenibacillaceae,Paenibacillus,Paenibacillus beijingensis,Paenibacillus beijingensis,3630,3,7,1,6,6,7,2,7
Bacteria,Firmicutes,Bacilli,Bacillales,Paenibacillaceae,Paenibacillus,Paenibacillus borealis,Paenibacillus borealis,3631,5,6,36,12,7,10,28,21
Bacteria,Firmicutes,Bacilli,Bacillales,Paenibacillaceae,Paenibacillus,Paenibacillus bovis,Paenibacillus bovis,3632,5,9,5,6,3,6,0,4
Bacteria,Firmicutes,Bacilli,Bacillales,Paenibacillaceae,Paenibacillus,Paenibacillus brasilensis,Paenibacillus brasilensis,3633,5,5,2,8,0,0,0,0
Bacteria,Firmicutes,Bacilli,Bacillales,Paenibacillaceae,Paenibacillus,Paenibacillus cellulosilyticus,Paenibacillus cellulosilyticus,3634,5,7,2,2,0,0,0,0
Bacteria,Firmicutes,Bacilli,Bacillales,Paenibacillaceae,Paenibacillus,Paenibacillus cellulositrophicus,Paenibacillus cellulositrophicus,3635,5,9,5,8,1,3,0,2
Bacteria,Firmicutes,Bacilli,Bacillales,Paenibacillaceae,Paenibacillus,Paenibacillus chitinolyticus,Paenibacillus chitinolyticus,3636,0,9,3,4,3,2,1,3
Bacteria,Firmicutes,Bacilli,Bacillales,Paenibacillaceae,Paenibacillus,Paenibacillus crassostreae,Paenibacillus crassostreae,3637,7,2,5,3,1,1,0,1
Bacteria,Firmicutes,Bacilli,Bacillales,Paenibacillaceae,Paenibacillus,Paenibacillus donghaensis,Paenibacillus donghaensis,3638,7,11,9,7,1,1,2,1
Bacteria,Firmicutes,Bacilli,Bacillales,Paenibacillaceae,Paenibacillus,Paenibacillus durus,Paenibacillus durus,3639,6,18,7,15,2,1,1,1
Bacteria,Firmicutes,Bacilli,Bacillales,Paenibacillaceae,Paenibacillus,Paenibacillus glucanolyticus,Paenibacillus glucanolyticus,3640,2,1,4,2,1,2,3,2
Bacteria,Firmicutes,Bacilli,Bacillales,Paenibacillaceae,Paenibacillus,Paenibacillus graminis,Paenibacillus graminis,3641,9,12,30,14,4,11,31,17
Bacteria,Firmicutes,Bacilli,Bacillales,Paenibacillaceae,Paenibacillus,Paenibacillus guangzhouensis,Paenibacillus guangzhouensis,3642,18,16,7,16,6,5,2,12
Bacteria,Firmicutes,Bacilli,Bacillales,Paenibacillaceae,Paenibacillus,Paenibacillus ihbetae,Paenibacillus ihbetae,3643,7,10,30,10,12,19,13,22
Bacteria,Firmicutes,Bacilli,Bacillales,Paenibacillaceae,Paenibacillus,Paenibacillus jilunlii,Paenibacillus jilunlii,3644,3,3,2,2,1,2,3,1
Bacteria,Firmicutes,Bacilli,Bacillales,Paenibacillaceae,Paenibacillus,Paenibacillus kribbensis,Paenibacillus kribbensis,3645,6,4,1,5,2,2,2,0
Bacteria,Firmicutes,Bacilli,Bacillales,Paenibacillaceae,Paenibacillus,Paenibacillus larvae,Paenibacillus larvae,3646,12,12,7,12,1,0,0,0
Bacteria,Firmicutes,Bacilli,Bacillales,Paenibacillaceae,Paenibacillus,Paenibacillus lautus,Paenibacillus lautus,3647,6,13,5,6,0,0,0,0
Bacteria,Firmicutes,Bacilli,Bacillales,Paenibacillaceae,Paenibacillus,Paenibacillus lentus,Paenibacillus lentus,3648,3,24,5,13,2,1,0,3
Bacteria,Firmicutes,Bacilli,Bacillales,Paenibacillaceae,Paenibacillus,Paenibacillus lutimineralis,Paenibacillus lutimineralis,3649,3,3,2,9,0,1,0,0
Bacteria,Firmicutes,Bacilli,Bacillales,Paenibacillaceae,Paenibacillus,Paenibacillus mucilaginosus,Paenibacillus mucilaginosus,3650,4,14,2,8,5,3,2,4
Bacteria,Firmicutes,Bacilli,Bacillales,Paenibacillaceae,Paenibacillus,Paenibacillus naphthalenovorans,Paenibacillus naphthalenovorans,3651,5,8,22,4,22,12,20,18
Bacteria,Firmicutes,Bacilli,Bacillales,Paenibacillaceae,Paenibacillus,Paenibacillus odorifer,Paenibacillus odorifer,3652,7,8,8,9,2,1,2,3
Bacteria,Firmicutes,Bacilli,Bacillales,Paenibacillaceae,Paenibacillus,Paenibacillus peoriae,Paenibacillus peoriae,3653,1,1,0,0,0,0,0,0
Bacteria,Firmicutes,Bacilli,Bacillales,Paenibacillaceae,Paenibacillus,Paenibacillus physcomitrellae,Paenibacillus physcomitrellae,3654,9,12,11,5,0,0,0,0
Bacteria,Firmicutes,Bacilli,Bacillales,Paenibacillaceae,Paenibacillus,Paenibacillus polymyxa,Paenibacillus polymyxa,3655,15,17,46,24,9,14,41,16
Bacteria,Firmicutes,Bacilli,Bacillales,Paenibacillaceae,Paenibacillus,Paenibacillus protaetiae,Paenibacillus protaetiae,3656,5,5,7,4,1,2,5,1
Bacteria,Firmicutes,Bacilli,Bacillales,Paenibacillaceae,Paenibacillus,Paenibacillus psychroresistens,Paenibacillus psychroresistens,3657,5,3,4,4,5,2,5,6
Bacteria,Firmicutes,Bacilli,Bacillales,Paenibacillaceae,Paenibacillus,Paenibacillus riograndensis,Paenibacillus riograndensis,3658,12,5,51,14,15,18,28,32
Bacteria,Firmicutes,Bacilli,Bacillales,Paenibacillaceae,Paenibacillus,Paenibacillus sabinae,Paenibacillus sabinae,3659,3,6,3,6,0,1,0,2
Bacteria,Firmicutes,Bacilli,Bacillales,Paenibacillaceae,Paenibacillus,Paenibacillus sp. 12200R-189,Paenibacillus sp. 12200R-189,3660,2,5,1,5,1,0,0,0
Bacteria,Firmicutes,Bacilli,Bacillales,Paenibacillaceae,Paenibacillus,Paenibacillus sp. 14171R-81,Paenibacillus sp. 14171R-81,3661,10,5,3,4,0,3,2,0
Bacteria,Firmicutes,Bacilli,Bacillales,Paenibacillaceae,Paenibacillus,Paenibacillus sp. 32O-W,Paenibacillus sp. 32O-W,3662,7,10,7,10,0,2,0,0
Bacteria,Firmicutes,Bacilli,Bacillales,Paenibacillaceae,Paenibacillus,Paenibacillus sp. 37,Paenibacillus sp. 37,3663,6,6,5,6,1,4,4,4
Bacteria,Firmicutes,Bacilli,Bacillales,Paenibacillaceae,Paenibacillus,Paenibacillus sp. B01,Paenibacillus sp. B01,3664,9,7,5,14,1,0,0,0
Bacteria,Firmicutes,Bacilli,Bacillales,Paenibacillaceae,Paenibacillus,Paenibacillus sp. BIHB4019,Paenibacillus sp. BIHB4019,3665,7,7,5,8,0,0,0,0
Bacteria,Firmicutes,Bacilli,Bacillales,Paenibacillaceae,Paenibacillus,Paenibacillus sp. CAA11,Paenibacillus sp. CAA11,3666,8,10,6,3,0,1,0,0
Bacteria,Firmicutes,Bacilli,Bacillales,Paenibacillaceae,Paenibacillus,Paenibacillus sp. Cedars,Paenibacillus sp. Cedars,3667,0,2,1,5,0,0,0,0
Bacteria,Firmicutes,Bacilli,Bacillales,Paenibacillaceae,Paenibacillus,Paenibacillus sp. DCT19,Paenibacillus sp. DCT19,3668,4,14,4,8,0,1,0,1
Bacteria,Firmicutes,Bacilli,Bacillales,Paenibacillaceae,Paenibacillus,Paenibacillus sp. E222,Paenibacillus sp. E222,3669,4,10,5,7,0,0,0,0
Bacteria,Firmicutes,Bacilli,Bacillales,Paenibacillaceae,Paenibacillus,Paenibacillus sp. FSL H7-0357,Paenibacillus sp. FSL H7-0357,3670,10,4,1,1,12,2,3,3
Bacteria,Firmicutes,Bacilli,Bacillales,Paenibacillaceae,Paenibacillus,Paenibacillus sp. FSL H7-0737,Paenibacillus sp. FSL H7-0737,3671,7,4,4,5,0,0,0,0
Bacteria,Firmicutes,Bacilli,Bacillales,Paenibacillaceae,Paenibacillus,Paenibacillus sp. FSL P4-0081,Paenibacillus sp. FSL P4-0081,3672,6,9,4,7,0,0,0,0
Bacteria,Firmicutes,Bacilli,Bacillales,Paenibacillaceae,Paenibacillus,Paenibacillus sp. FSL R5-0345,Paenibacillus sp. FSL R5-0345,3673,8,6,6,4,0,0,0,0
Bacteria,Firmicutes,Bacilli,Bacillales,Paenibacillaceae,Paenibacillus,Paenibacillus sp. FSL R5-0912,Paenibacillus sp. FSL R5-0912,3674,5,6,2,4,0,0,0,0
Bacteria,Firmicutes,Bacilli,Bacillales,Paenibacillaceae,Paenibacillus,Paenibacillus sp. FSL R7-0273,Paenibacillus sp. FSL R7-0273,3675,8,4,3,10,6,4,2,5
Bacteria,Firmicutes,Bacilli,Bacillales,Paenibacillaceae,Paenibacillus,Paenibacillus sp. FSL R7-0331,Paenibacillus sp. FSL R7-0331,3676,8,10,11,6,0,0,0,0
Bacteria,Firmicutes,Bacilli,Bacillales,Paenibacillaceae,Paenibacillus,Paenibacillus sp. HB172198,Paenibacillus sp. HB172198,3677,8,6,3,7,5,5,1,5
Bacteria,Firmicutes,Bacilli,Bacillales,Paenibacillaceae,Paenibacillus,Paenibacillus sp. IHB B 3084,Paenibacillus sp. IHB B 3084,3678,2,4,5,2,0,3,3,2
Bacteria,Firmicutes,Bacilli,Bacillales,Paenibacillaceae,Paenibacillus,Paenibacillus sp. IHBB 10380,Paenibacillus sp. IHBB 10380,3679,8,7,0,6,0,1,0,0
Bacteria,Firmicutes,Bacilli,Bacillales,Paenibacillaceae,Paenibacillus,Paenibacillus sp. JDR-2,Paenibacillus sp. JDR-2,3680,5,14,3,6,0,1,1,2
Bacteria,Firmicutes,Bacilli,Bacillales,Paenibacillaceae,Paenibacillus,Paenibacillus sp. lzh-N1,Paenibacillus sp. lzh-N1,3681,0,1,0,0,0,0,0,0
Bacteria,Firmicutes,Bacilli,Bacillales,Paenibacillaceae,Paenibacillus,Paenibacillus sp. RUD330,Paenibacillus sp. RUD330,3682,5,8,4,1,0,0,0,0
Bacteria,Firmicutes,Bacilli,Bacillales,Paenibacillaceae,Paenibacillus,Paenibacillus sp. UniB2,Paenibacillus sp. UniB2,3683,3,0,1,1,3,0,2,0
Bacteria,Firmicutes,Bacilli,Bacillales,Paenibacillaceae,Paenibacillus,Paenibacillus sp. URB8-2,Paenibacillus sp. URB8-2,3684,5,9,4,3,0,0,0,0
Bacteria,Firmicutes,Bacilli,Bacillales,Paenibacillaceae,Paenibacillus,Paenibacillus sp. Y412MC10,Paenibacillus sp. Y412MC10,3685,1,6,2,3,2,0,2,1
Bacteria,Firmicutes,Bacilli,Bacillales,Paenibacillaceae,Paenibacillus,Paenibacillus stellifer,Paenibacillus stellifer,3686,6,8,4,4,0,0,2,0
Bacteria,Firmicutes,Bacilli,Bacillales,Paenibacillaceae,Paenibacillus,Paenibacillus swuensis,Paenibacillus swuensis,3687,2,1,0,0,4,0,1,1
Bacteria,Firmicutes,Bacilli,Bacillales,Paenibacillaceae,Paenibacillus,Paenibacillus terrae,Paenibacillus terrae,3688,0,1,0,1,0,0,0,0
Bacteria,Firmicutes,Bacilli,Bacillales,Paenibacillaceae,Paenibacillus,Paenibacillus thiaminolyticus,Paenibacillus thiaminolyticus,3689,8,11,3,3,0,0,1,0
Bacteria,Firmicutes,Bacilli,Bacillales,Paenibacillaceae,Paenibacillus,Paenibacillus xylanexedens,Paenibacillus xylanexedens,3690,6,4,2,0,0,0,0,0
Bacteria,Firmicutes,Bacilli,Bacillales,Paenibacillaceae,Paenibacillus,Paenibacillus xylanilyticus,Paenibacillus xylanilyticus,3691,5,16,19,12,7,20,23,12
Bacteria,Firmicutes,Bacilli,Bacillales,Paenibacillaceae,Paenibacillus,Paenibacillus yonginensis,Paenibacillus yonginensis,3692,7,9,1,4,5,5,2,4
Bacteria,Firmicutes,Bacilli,Bacillales,Paenibacillaceae,Saccharibacillus,Saccharibacillus brassicae,Saccharibacillus brassicae,4446,8,19,8,20,19,11,1,4
Bacteria,Firmicutes,Bacilli,Bacillales,Paenibacillaceae,Thermobacillus,Thermobacillus composti,Thermobacillus composti,5115,5,7,1,5,2,2,1,3
Bacteria,Firmicutes,Bacilli,Bacillales,Planococcaceae,Jeotgalibacillus,Jeotgalibacillus malaysiensis,Jeotgalibacillus malaysiensis,2590,9,9,6,10,13,9,7,14
Bacteria,Firmicutes,Bacilli,Bacillales,Planococcaceae,Kurthia,Kurthia sp. 11kri321,Kurthia sp. 11kri321,2657,5,5,0,6,1,1,0,1
Bacteria,Firmicutes,Bacilli,Bacillales,Planococcaceae,Kurthia,Kurthia zopfii,Kurthia zopfii,2658,9,2,1,4,0,0,0,0
Bacteria,Firmicutes,Bacilli,Bacillales,Planococcaceae,Paenisporosarcina,Paenisporosarcina antarctica,Paenisporosarcina antarctica,3694,6,8,2,8,1,0,0,1
Bacteria,Firmicutes,Bacilli,Bacillales,Planococcaceae,Paenisporosarcina,Paenisporosarcina sp. K2R23-3,Paenisporosarcina sp. K2R23-3,3695,1,3,5,2,0,0,0,0
Bacteria,Firmicutes,Bacilli,Bacillales,Planococcaceae,Planococcus,Planococcus antarcticus,Planococcus antarcticus,3936,7,7,1,3,0,0,0,0
Bacteria,Firmicutes,Bacilli,Bacillales,Planococcaceae,Planococcus,Planococcus dechangensis,Planococcus dechangensis,3937,1,0,2,1,0,1,0,0
Bacteria,Firmicutes,Bacilli,Bacillales,Planococcaceae,Planococcus,Planococcus donghaensis,Planococcus donghaensis,3938,0,1,1,0,0,0,0,0
Bacteria,Firmicutes,Bacilli,Bacillales,Planococcaceae,Planococcus,Planococcus faecalis,Planococcus faecalis,3939,1,0,0,1,0,0,1,0
Bacteria,Firmicutes,Bacilli,Bacillales,Planococcaceae,Planococcus,Planococcus halocryophilus,Planococcus halocryophilus,3940,2,6,2,5,1,0,1,2
Bacteria,Firmicutes,Bacilli,Bacillales,Planococcaceae,Planococcus,Planococcus kocurii,Planococcus kocurii,3941,1,0,0,2,0,0,0,0
Bacteria,Firmicutes,Bacilli,Bacillales,Planococcaceae,Planococcus,Planococcus maritimus,Planococcus maritimus,3942,2,2,1,2,0,0,0,0
Bacteria,Firmicutes,Bacilli,Bacillales,Planococcaceae,Planococcus,Planococcus plakortidis,Planococcus plakortidis,3943,0,1,0,1,0,0,0,0
Bacteria,Firmicutes,Bacilli,Bacillales,Planococcaceae,Planococcus,Planococcus rifietoensis,Planococcus rifietoensis,3944,0,5,2,0,0,0,0,0
Bacteria,Firmicutes,Bacilli,Bacillales,Planococcaceae,Planococcus,Planococcus sp. MB-3u-03,Planococcus sp. MB-3u-03,3945,3,4,2,3,5,3,1,2
Bacteria,Firmicutes,Bacilli,Bacillales,Planococcaceae,Planococcus,Planococcus sp. PAMC 21323,Planococcus sp. PAMC 21323,3946,3,4,20,4,1,4,15,7
Bacteria,Firmicutes,Bacilli,Bacillales,Planococcaceae,Planococcus,Planococcus sp. Y42,Planococcus sp. Y42,3947,8,4,35,14,7,16,30,21
Bacteria,Firmicutes,Bacilli,Bacillales,Planococcaceae,Planococcus,Planococcus versutus,Planococcus versutus,3948,5,6,3,4,3,2,1,0
Bacteria,Firmicutes,Bacilli,Bacillales,Planococcaceae,Planomicrobium,Planomicrobium glaciei,Planomicrobium glaciei,3949,5,11,3,3,7,5,3,5
Bacteria,Firmicutes,Bacilli,Bacillales,Planococcaceae,Rummeliibacillus,Rummeliibacillus stabekisii,Rummeliibacillus stabekisii,4441,6,0,1,3,0,2,0,0
Bacteria,Firmicutes,Bacilli,Bacillales,Planococcaceae,Solibacillus,Solibacillus silvestris,Solibacillus silvestris,4600,11,3,2,7,1,0,0,0
Bacteria,Firmicutes,Bacilli,Bacillales,Planococcaceae,Solibacillus,Solibacillus sp. R5-41,Solibacillus sp. R5-41,4601,3,1,1,2,0,0,0,0
Bacteria,Firmicutes,Bacilli,Bacillales,Planococcaceae,Sporosarcina,Sporosarcina pasteurii,Sporosarcina pasteurii,4710,3,4,0,0,0,0,0,0
Bacteria,Firmicutes,Bacilli,Bacillales,Planococcaceae,Sporosarcina,Sporosarcina psychrophila,Sporosarcina psychrophila,4711,4,6,1,3,0,0,0,0
Bacteria,Firmicutes,Bacilli,Bacillales,Planococcaceae,Sporosarcina,Sporosarcina sp. P33,Sporosarcina sp. P33,4712,1,0,0,0,0,0,0,0
Bacteria,Firmicutes,Bacilli,Bacillales,Planococcaceae,Sporosarcina,Sporosarcina sp. P37,Sporosarcina sp. P37,4713,1,1,0,1,0,0,0,0
Bacteria,Firmicutes,Bacilli,Bacillales,Planococcaceae,Sporosarcina,Sporosarcina sp. PTS2304,Sporosarcina sp. PTS2304,4714,7,5,2,2,9,0,3,6
Bacteria,Firmicutes,Bacilli,Bacillales,Planococcaceae,Sporosarcina,Sporosarcina ureae,Sporosarcina ureae,4715,15,22,9,8,7,2,2,6
Bacteria,Firmicutes,Bacilli,Bacillales,Planococcaceae,Sporosarcina,Sporosarcina ureilytica,Sporosarcina ureilytica,4716,5,5,1,1,0,0,0,0
Bacteria,Firmicutes,Bacilli,Bacillales,Planococcaceae,Ureibacillus,Ureibacillus thermosphaericus,Ureibacillus thermosphaericus,5219,6,7,1,7,0,0,0,0
Bacteria,Firmicutes,Bacilli,Bacillales,Sporolactobacillaceae,Sporolactobacillus,Sporolactobacillus terrae,Sporolactobacillus terrae,4708,2,6,4,8,14,1,5,6
Bacteria,Firmicutes,Bacilli,Bacillales,Staphylococcaceae,Auricoccus,Auricoccus indicus,Auricoccus indicus,418,3,4,3,2,0,0,0,0
Bacteria,Firmicutes,Bacilli,Bacillales,Staphylococcaceae,Jeotgalicoccus,Jeotgalicoccus saudimassiliensis,Jeotgalicoccus saudimassiliensis,2591,7,3,1,8,2,2,1,2
Bacteria,Firmicutes,Bacilli,Bacillales,Staphylococcaceae,Macrococcus,Macrococcus canis,Macrococcus canis,2920,9,5,4,8,3,0,1,2
Bacteria,Firmicutes,Bacilli,Bacillales,Staphylococcaceae,Macrococcus,Macrococcus caseolyticus,Macrococcus caseolyticus,2921,4,4,0,4,0,0,0,0
Bacteria,Firmicutes,Bacilli,Bacillales,Staphylococcaceae,Macrococcus,Macrococcus sp. IME1552,Macrococcus sp. IME1552,2922,4,8,1,3,0,0,0,1
Bacteria,Firmicutes,Bacilli,Bacillales,Staphylococcaceae,Salinicoccus,Salinicoccus halodurans,Salinicoccus halodurans,4470,2,3,4,5,14,10,11,9
Bacteria,Firmicutes,Bacilli,Bacillales,Staphylococcaceae,Staphylococcus,Staphylococcus agnetis,Staphylococcus agnetis,4718,7,3,0,6,0,0,0,0
Bacteria,Firmicutes,Bacilli,Bacillales,Staphylococcaceae,Staphylococcus,Staphylococcus arlettae,Staphylococcus arlettae,4719,2,2,2,3,0,0,0,0
Bacteria,Firmicutes,Bacilli,Bacillales,Staphylococcaceae,Staphylococcus,Staphylococcus aureus,Staphylococcus aureus,4720,11,9,2,7,0,0,0,0
Bacteria,Firmicutes,Bacilli,Bacillales,Staphylococcaceae,Staphylococcus,Staphylococcus auricularis,Staphylococcus auricularis,4721,4,4,1,3,0,0,0,0
Bacteria,Firmicutes,Bacilli,Bacillales,Staphylococcaceae,Staphylococcus,Staphylococcus capitis,Staphylococcus capitis,4722,6,4,0,6,0,1,0,1
Bacteria,Firmicutes,Bacilli,Bacillales,Staphylococcaceae,Staphylococcus,Staphylococcus caprae,Staphylococcus caprae,4723,5,5,1,3,0,0,0,1
Bacteria,Firmicutes,Bacilli,Bacillales,Staphylococcaceae,Staphylococcus,Staphylococcus carnosus,Staphylococcus carnosus,4724,2,9,1,2,7,5,8,10
Bacteria,Firmicutes,Bacilli,Bacillales,Staphylococcaceae,Staphylococcus,Staphylococcus chromogenes,Staphylococcus chromogenes,4725,2,2,0,0,0,0,0,0
Bacteria,Firmicutes,Bacilli,Bacillales,Staphylococcaceae,Staphylococcus,Staphylococcus cohnii,Staphylococcus cohnii,4726,4,8,3,2,1,0,0,1
Bacteria,Firmicutes,Bacilli,Bacillales,Staphylococcaceae,Staphylococcus,Staphylococcus condimenti,Staphylococcus condimenti,4727,5,2,1,5,0,0,0,0
Bacteria,Firmicutes,Bacilli,Bacillales,Staphylococcaceae,Staphylococcus,Staphylococcus delphini,Staphylococcus delphini,4728,2,3,2,3,2,0,0,0
Bacteria,Firmicutes,Bacilli,Bacillales,Staphylococcaceae,Staphylococcus,Staphylococcus epidermidis,Staphylococcus epidermidis,4729,17,4,0,6,1,0,2,1
Bacteria,Firmicutes,Bacilli,Bacillales,Staphylococcaceae,Staphylococcus,Staphylococcus equorum,Staphylococcus equorum,4730,3,0,1,0,0,0,0,0
Bacteria,Firmicutes,Bacilli,Bacillales,Staphylococcaceae,Staphylococcus,Staphylococcus felis,Staphylococcus felis,4731,2,2,2,2,0,0,1,1
Bacteria,Firmicutes,Bacilli,Bacillales,Staphylococcaceae,Staphylococcus,Staphylococcus fleurettii,Staphylococcus fleurettii,4732,2,0,0,1,0,0,0,0
Bacteria,Firmicutes,Bacilli,Bacillales,Staphylococcaceae,Staphylococcus,Staphylococcus haemolyticus,Staphylococcus haemolyticus,4733,5,3,2,5,0,0,0,0
Bacteria,Firmicutes,Bacilli,Bacillales,Staphylococcaceae,Staphylococcus,Staphylococcus hominis,Staphylococcus hominis,4734,4,13,4,3,0,0,0,0
Bacteria,Firmicutes,Bacilli,Bacillales,Staphylococcaceae,Staphylococcus,Staphylococcus hyicus,Staphylococcus hyicus,4735,0,3,3,7,0,0,0,0
Bacteria,Firmicutes,Bacilli,Bacillales,Staphylococcaceae,Staphylococcus,Staphylococcus kloosii,Staphylococcus kloosii,4736,1,1,2,1,0,0,0,0
Bacteria,Firmicutes,Bacilli,Bacillales,Staphylococcaceae,Staphylococcus,Staphylococcus lentus,Staphylococcus lentus,4737,4,2,0,3,0,0,0,0
Bacteria,Firmicutes,Bacilli,Bacillales,Staphylococcaceae,Staphylococcus,Staphylococcus lugdunensis,Staphylococcus lugdunensis,4738,2,1,3,7,0,0,0,1
Bacteria,Firmicutes,Bacilli,Bacillales,Staphylococcaceae,Staphylococcus,Staphylococcus lutrae,Staphylococcus lutrae,4739,1,0,0,0,1,0,0,0
Bacteria,Firmicutes,Bacilli,Bacillales,Staphylococcaceae,Staphylococcus,Staphylococcus muscae,Staphylococcus muscae,4740,2,2,1,3,0,1,1,0
Bacteria,Firmicutes,Bacilli,Bacillales,Staphylococcaceae,Staphylococcus,Staphylococcus nepalensis,Staphylococcus nepalensis,4741,7,4,2,2,0,1,0,0
Bacteria,Firmicutes,Bacilli,Bacillales,Staphylococcaceae,Staphylococcus,Staphylococcus pasteuri,Staphylococcus pasteuri,4742,4,5,0,0,0,0,0,0
Bacteria,Firmicutes,Bacilli,Bacillales,Staphylococcaceae,Staphylococcus,Staphylococcus pettenkoferi,Staphylococcus pettenkoferi,4743,8,4,0,4,0,0,0,0
Bacteria,Firmicutes,Bacilli,Bacillales,Staphylococcaceae,Staphylococcus,Staphylococcus piscifermentans,Staphylococcus piscifermentans,4744,2,4,2,3,3,4,0,2
Bacteria,Firmicutes,Bacilli,Bacillales,Staphylococcaceae,Staphylococcus,Staphylococcus pseudintermedius,Staphylococcus pseudintermedius,4745,2,5,1,1,0,0,0,0
Bacteria,Firmicutes,Bacilli,Bacillales,Staphylococcaceae,Staphylococcus,Staphylococcus saprophyticus,Staphylococcus saprophyticus,4746,8,4,3,5,3,1,3,0
Bacteria,Firmicutes,Bacilli,Bacillales,Staphylococcaceae,Staphylococcus,Staphylococcus schleiferi,Staphylococcus schleiferi,4747,0,3,1,2,0,0,0,2
Bacteria,Firmicutes,Bacilli,Bacillales,Staphylococcaceae,Staphylococcus,Staphylococcus schweitzeri,Staphylococcus schweitzeri,4748,1,2,0,0,0,0,0,0
Bacteria,Firmicutes,Bacilli,Bacillales,Staphylococcaceae,Staphylococcus,Staphylococcus sciuri,Staphylococcus sciuri,4749,6,8,0,1,0,0,0,0
Bacteria,Firmicutes,Bacilli,Bacillales,Staphylococcaceae,Staphylococcus,Staphylococcus simiae,Staphylococcus simiae,4750,11,5,1,8,0,0,0,0
Bacteria,Firmicutes,Bacilli,Bacillales,Staphylococcaceae,Staphylococcus,Staphylococcus simulans,Staphylococcus simulans,4751,8,3,3,1,0,0,0,1
Bacteria,Firmicutes,Bacilli,Bacillales,Staphylococcaceae,Staphylococcus,Staphylococcus sp. 17KM0847,Staphylococcus sp. 17KM0847,4752,2,5,3,0,3,2,0,5
Bacteria,Firmicutes,Bacilli,Bacillales,Staphylococcaceae,Staphylococcus,Staphylococcus sp. MI 10-1553,Staphylococcus sp. MI 10-1553,4753,2,0,0,0,0,0,0,0
Bacteria,Firmicutes,Bacilli,Bacillales,Staphylococcaceae,Staphylococcus,Staphylococcus sp. SDB 2975,Staphylococcus sp. SDB 2975,4754,0,0,2,0,0,0,0,0
Bacteria,Firmicutes,Bacilli,Bacillales,Staphylococcaceae,Staphylococcus,Staphylococcus stepanovicii,Staphylococcus stepanovicii,4755,4,3,0,1,0,0,0,0
Bacteria,Firmicutes,Bacilli,Bacillales,Staphylococcaceae,Staphylococcus,Staphylococcus succinus,Staphylococcus succinus,4756,0,2,0,3,0,0,0,0
Bacteria,Firmicutes,Bacilli,Bacillales,Staphylococcaceae,Staphylococcus,Staphylococcus vitulinus,Staphylococcus vitulinus,4760,4,4,2,6,0,0,0,0
Bacteria,Firmicutes,Bacilli,Bacillales,Staphylococcaceae,Staphylococcus,Staphylococcus warneri,Staphylococcus warneri,4761,2,1,0,0,0,0,0,0
Bacteria,Firmicutes,Bacilli,Bacillales,Staphylococcaceae,Staphylococcus,Staphylococcus xylosus,Staphylococcus xylosus,4762,5,6,1,2,0,0,0,0
Bacteria,Firmicutes,Bacilli,Bacillales,Thermoactinomycetaceae,Kroppenstedtia,Kroppenstedtia eburnea,Kroppenstedtia eburnea,2654,2,1,1,1,1,0,0,0
Bacteria,Firmicutes,Bacilli,Bacillales,Thermoactinomycetaceae,Kroppenstedtia,Kroppenstedtia pulmonis,Kroppenstedtia pulmonis,2655,1,0,1,3,0,0,0,1
Bacteria,Firmicutes,Bacilli,Bacillales,Thermoactinomycetaceae,Laceyella,Laceyella sacchari,Laceyella sacchari,2671,2,2,2,5,2,2,2,2
Bacteria,Firmicutes,Bacilli,Bacillales,Thermoactinomycetaceae,Novibacillus,Novibacillus thermophilus,Novibacillus thermophilus,3507,0,3,0,4,1,0,0,1
Bacteria,Firmicutes,Bacilli,Bacillales,Thermoactinomycetaceae,Staphylospora,Staphylospora marina,Staphylospora marina,4763,7,3,23,3,3,15,29,9
Bacteria,Firmicutes,Bacilli,Bacillales,Thermoactinomycetaceae,Thermoactinomyces,Thermoactinomyces vulgaris,Thermoactinomyces vulgaris,5104,3,4,2,4,0,0,0,0
Bacteria,Firmicutes,Bacilli,Lactobacillales,Aerococcaceae,Abiotrophia,Abiotrophia defectiva,Abiotrophia defectiva,1,9,4,4,1,0,0,1,0
Bacteria,Firmicutes,Bacilli,Lactobacillales,Aerococcaceae,Aerococcus,Aerococcus christensenii,Aerococcus christensenii,153,8,7,6,6,0,1,0,1
Bacteria,Firmicutes,Bacilli,Lactobacillales,Aerococcaceae,Aerococcus,Aerococcus sanguinicola,Aerococcus sanguinicola,154,7,1,2,3,2,3,0,3
Bacteria,Firmicutes,Bacilli,Lactobacillales,Aerococcaceae,Aerococcus,Aerococcus urinae,Aerococcus urinae,155,5,2,2,0,0,0,0,0
Bacteria,Firmicutes,Bacilli,Lactobacillales,Aerococcaceae,Aerococcus,Aerococcus urinaeequi,Aerococcus urinaeequi,156,4,1,0,4,0,0,0,1
Bacteria,Firmicutes,Bacilli,Lactobacillales,Aerococcaceae,Aerococcus,Aerococcus urinaehominis,Aerococcus urinaehominis,157,1,1,2,1,1,1,1,0
Bacteria,Firmicutes,Bacilli,Lactobacillales,Aerococcaceae,Aerococcus,Aerococcus viridans,Aerococcus viridans,158,0,1,1,2,0,0,0,0
Bacteria,Firmicutes,Bacilli,Lactobacillales,Aerococcaceae,Suicoccus,Suicoccus acidiformans,Suicoccus acidiformans,4990,6,2,3,2,0,0,1,1
Bacteria,Firmicutes,Bacilli,Lactobacillales,Carnobacteriaceae,Carnobacterium,Carnobacterium divergens,Carnobacterium divergens,999,4,8,1,2,0,0,1,0
Bacteria,Firmicutes,Bacilli,Lactobacillales,Carnobacteriaceae,Carnobacterium,Carnobacterium inhibens,Carnobacterium inhibens,1000,7,1,0,1,0,0,0,0
Bacteria,Firmicutes,Bacilli,Lactobacillales,Carnobacteriaceae,Carnobacterium,Carnobacterium maltaromaticum,Carnobacterium maltaromaticum,1001,10,7,4,7,1,0,0,1
Bacteria,Firmicutes,Bacilli,Lactobacillales,Carnobacteriaceae,Carnobacterium,Carnobacterium sp. 17-4,Carnobacterium sp. 17-4,1002,3,4,2,4,0,0,0,0
Bacteria,Firmicutes,Bacilli,Lactobacillales,Carnobacteriaceae,Carnobacterium,Carnobacterium sp. CP1,Carnobacterium sp. CP1,1003,5,6,0,6,0,0,0,0
Bacteria,Firmicutes,Bacilli,Lactobacillales,Carnobacteriaceae,Dolosigranulum,Dolosigranulum pigrum,Dolosigranulum pigrum,1506,4,1,0,2,0,0,2,1
Bacteria,Firmicutes,Bacilli,Lactobacillales,Carnobacteriaceae,Jeotgalibaca,Jeotgalibaca arthritidis,Jeotgalibaca arthritidis,2585,1,2,1,0,0,0,0,0
Bacteria,Firmicutes,Bacilli,Lactobacillales,Carnobacteriaceae,Jeotgalibaca,Jeotgalibaca ciconiae,Jeotgalibaca ciconiae,2586,7,8,4,2,0,0,0,0
Bacteria,Firmicutes,Bacilli,Lactobacillales,Carnobacteriaceae,Jeotgalibaca,Jeotgalibaca dankookensis,Jeotgalibaca dankookensis,2587,7,5,2,5,0,0,0,0
Bacteria,Firmicutes,Bacilli,Lactobacillales,Carnobacteriaceae,Jeotgalibaca,Jeotgalibaca porci,Jeotgalibaca porci,2588,7,5,1,2,0,0,0,0
Bacteria,Firmicutes,Bacilli,Lactobacillales,Carnobacteriaceae,Jeotgalibaca,Jeotgalibaca sp. PTS2502,Jeotgalibaca sp. PTS2502,2589,2,8,1,2,0,0,0,0
Bacteria,Firmicutes,Bacilli,Lactobacillales,Carnobacteriaceae,Marinilactibacillus,Marinilactibacillus sp. 15R,Marinilactibacillus sp. 15R,2947,2,10,3,3,0,0,0,0
Bacteria,Firmicutes,Bacilli,Lactobacillales,Enterococcaceae,Enterococcus,Enterococcus avium,Enterococcus avium,1603,15,15,29,18,8,10,20,10
Bacteria,Firmicutes,Bacilli,Lactobacillales,Enterococcaceae,Enterococcus,Enterococcus casseliflavus,Enterococcus casseliflavus,1604,4,2,0,0,6,3,3,21
Bacteria,Firmicutes,Bacilli,Lactobacillales,Enterococcaceae,Enterococcus,Enterococcus cecorum,Enterococcus cecorum,1605,19,15,2,16,0,0,0,0
Bacteria,Firmicutes,Bacilli,Lactobacillales,Enterococcaceae,Enterococcus,Enterococcus durans,Enterococcus durans,1606,7,9,3,3,0,0,0,0
Bacteria,Firmicutes,Bacilli,Lactobacillales,Enterococcaceae,Enterococcus,Enterococcus faecalis,Enterococcus faecalis,1607,18,8,6,11,1,0,0,0
Bacteria,Firmicutes,Bacilli,Lactobacillales,Enterococcaceae,Enterococcus,Enterococcus faecium,Enterococcus faecium,1608,7560,1186,443,1617,15,11,7,17
Bacteria,Firmicutes,Bacilli,Lactobacillales,Enterococcaceae,Enterococcus,Enterococcus gilvus,Enterococcus gilvus,1609,6,4,0,5,0,0,0,0
Bacteria,Firmicutes,Bacilli,Lactobacillales,Enterococcaceae,Enterococcus,Enterococcus hirae,Enterococcus hirae,1610,6,9,4,3,0,0,0,0
Bacteria,Firmicutes,Bacilli,Lactobacillales,Enterococcaceae,Enterococcus,Enterococcus mundtii,Enterococcus mundtii,1611,13,6,3,6,0,1,0,3
Bacteria,Firmicutes,Bacilli,Lactobacillales,Enterococcaceae,Enterococcus,Enterococcus saigonensis,Enterococcus saigonensis,1613,26,17,15,14,1,7,1,2
Bacteria,Firmicutes,Bacilli,Lactobacillales,Enterococcaceae,Enterococcus,Enterococcus sp. DA9,Enterococcus sp. DA9,1614,5,1,0,1,0,0,0,0
Bacteria,Firmicutes,Bacilli,Lactobacillales,Enterococcaceae,Enterococcus,Enterococcus sp. FDAARGOS_375,Enterococcus sp. FDAARGOS_375,1615,3,1,0,1,0,0,0,0
Bacteria,Firmicutes,Bacilli,Lactobacillales,Enterococcaceae,Enterococcus,Enterococcus sp. FDAARGOS_553,Enterococcus sp. FDAARGOS_553,1616,4,2,0,0,0,0,0,0
Bacteria,Firmicutes,Bacilli,Lactobacillales,Enterococcaceae,Enterococcus,Enterococcus sp. HSIEG1,Enterococcus sp. HSIEG1,1617,1,1,0,0,0,0,0,0
Bacteria,Firmicutes,Bacilli,Lactobacillales,Enterococcaceae,Enterococcus,Enterococcus sp. M190262,Enterococcus sp. M190262,1618,1,1,0,2,0,0,0,0
Bacteria,Firmicutes,Bacilli,Lactobacillales,Enterococcaceae,Enterococcus,Enterococcus thailandicus,Enterococcus thailandicus,1619,5,4,0,2,0,0,0,0
Bacteria,Firmicutes,Bacilli,Lactobacillales,Enterococcaceae,Enterococcus,Enterococcus wangshanyuanii,Enterococcus wangshanyuanii,1620,7,4,1,3,0,0,1,1
Bacteria,Firmicutes,Bacilli,Lactobacillales,Enterococcaceae,Melissococcus,Melissococcus plutonius,Melissococcus plutonius,3004,5,3,3,1,0,0,3,1
Bacteria,Firmicutes,Bacilli,Lactobacillales,Enterococcaceae,Tetragenococcus,Tetragenococcus halophilus,Tetragenococcus halophilus,5079,9,6,1,6,0,0,0,0
Bacteria,Firmicutes,Bacilli,Lactobacillales,Enterococcaceae,Tetragenococcus,Tetragenococcus koreensis,Tetragenococcus koreensis,5080,3,5,0,3,0,0,0,0
Bacteria,Firmicutes,Bacilli,Lactobacillales,Enterococcaceae,Tetragenococcus,Tetragenococcus osmophilus,Tetragenococcus osmophilus,5081,1,1,0,1,0,0,0,0
Bacteria,Firmicutes,Bacilli,Lactobacillales,Enterococcaceae,Vagococcus,Vagococcus penaei,Vagococcus penaei,5220,4,2,2,3,0,0,0,0
Bacteria,Firmicutes,Bacilli,Lactobacillales,Enterococcaceae,Vagococcus,Vagococcus sp. CF-49,Vagococcus sp. CF-49,5221,3,2,0,1,1,1,1,1
Bacteria,Firmicutes,Bacilli,Lactobacillales,Enterococcaceae,Vagococcus,Vagococcus sp. HDW17A,Vagococcus sp. HDW17A,5222,3,2,0,1,0,0,0,0
Bacteria,Firmicutes,Bacilli,Lactobacillales,Enterococcaceae,Vagococcus,Vagococcus sp. HDW17B,Vagococcus sp. HDW17B,5223,7,0,0,0,0,0,0,0
Bacteria,Firmicutes,Bacilli,Lactobacillales,Enterococcaceae,Vagococcus,Vagococcus sp. MN-17,Vagococcus sp. MN-17,5224,0,1,0,2,0,0,0,0
Bacteria,Firmicutes,Bacilli,Lactobacillales,Enterococcaceae,Vagococcus,Vagococcus teuberi,Vagococcus teuberi,5225,3,5,4,5,6,2,2,1
Bacteria,Firmicutes,Bacilli,Lactobacillales,Lactobacillaceae,Lactobacillus,Lactobacillus acetotolerans,Lactobacillus acetotolerans,2690,5,0,1,4,0,0,0,0
Bacteria,Firmicutes,Bacilli,Lactobacillales,Lactobacillaceae,Lactobacillus,Lactobacillus acidipiscis,Lactobacillus acidipiscis,2691,3,1,0,1,1,0,0,1
Bacteria,Firmicutes,Bacilli,Lactobacillales,Lactobacillaceae,Lactobacillus,Lactobacillus acidophilus,Lactobacillus acidophilus,2692,3,4,3,8,0,0,0,1
Bacteria,Firmicutes,Bacilli,Lactobacillales,Lactobacillaceae,Lactobacillus,Lactobacillus agilis,Lactobacillus agilis,2693,2,5,3,5,2,1,0,0
Bacteria,Firmicutes,Bacilli,Lactobacillales,Lactobacillaceae,Lactobacillus,Lactobacillus alimentarius,Lactobacillus alimentarius,2694,2,4,1,3,0,0,0,0
Bacteria,Firmicutes,Bacilli,Lactobacillales,Lactobacillaceae,Lactobacillus,Lactobacillus allii,Lactobacillus allii,2695,6,4,1,0,0,1,0,0
Bacteria,Firmicutes,Bacilli,Lactobacillales,Lactobacillaceae,Lactobacillus,Lactobacillus amylolyticus,Lactobacillus amylolyticus,2696,2,2,4,5,2,5,7,1
Bacteria,Firmicutes,Bacilli,Lactobacillales,Lactobacillaceae,Lactobacillus,Lactobacillus amylophilus,Lactobacillus amylophilus,2697,4,4,1,3,0,0,0,1
Bacteria,Firmicutes,Bacilli,Lactobacillales,Lactobacillaceae,Lactobacillus,Lactobacillus amylovorus,Lactobacillus amylovorus,2698,6,6,3,6,1,0,0,0
Bacteria,Firmicutes,Bacilli,Lactobacillales,Lactobacillaceae,Lactobacillus,Lactobacillus animalis,Lactobacillus animalis,2699,5,2,3,4,0,0,0,0
Bacteria,Firmicutes,Bacilli,Lactobacillales,Lactobacillaceae,Lactobacillus,Lactobacillus apis,Lactobacillus apis,2700,1,2,0,2,1,1,0,0
Bacteria,Firmicutes,Bacilli,Lactobacillales,Lactobacillaceae,Lactobacillus,Lactobacillus backii,Lactobacillus backii,2701,4,8,6,8,9,6,4,13
Bacteria,Firmicutes,Bacilli,Lactobacillales,Lactobacillaceae,Lactobacillus,Lactobacillus bifermentans,Lactobacillus bifermentans,2702,1,0,0,1,0,0,0,0
Bacteria,Firmicutes,Bacilli,Lactobacillales,Lactobacillaceae,Lactobacillus,Lactobacillus bombi,Lactobacillus bombi,2703,5,0,0,1,0,0,0,0
Bacteria,Firmicutes,Bacilli,Lactobacillales,Lactobacillaceae,Lactobacillus,Lactobacillus brevis,Lactobacillus brevis,2704,3,0,0,0,0,0,0,0
Bacteria,Firmicutes,Bacilli,Lactobacillales,Lactobacillaceae,Lactobacillus,Lactobacillus buchneri,Lactobacillus buchneri,2705,4,3,4,3,0,0,0,0
Bacteria,Firmicutes,Bacilli,Lactobacillales,Lactobacillaceae,Lactobacillus,Lactobacillus casei,Lactobacillus casei,2706,4,1,0,1,0,0,0,0
Bacteria,Firmicutes,Bacilli,Lactobacillales,Lactobacillaceae,Lactobacillus,Lactobacillus coryniformis,Lactobacillus coryniformis,2707,3,2,9,1,0,0,2,1
Bacteria,Firmicutes,Bacilli,Lactobacillales,Lactobacillaceae,Lactobacillus,Lactobacillus crispatus,Lactobacillus crispatus,2708,1,3,0,4,0,0,0,0
Bacteria,Firmicutes,Bacilli,Lactobacillales,Lactobacillaceae,Lactobacillus,Lactobacillus crustorum,Lactobacillus crustorum,2709,9,2,1,4,0,1,0,1
Bacteria,Firmicutes,Bacilli,Lactobacillales,Lactobacillaceae,Lactobacillus,Lactobacillus curieae,Lactobacillus curieae,2710,0,0,0,1,0,0,0,0
Bacteria,Firmicutes,Bacilli,Lactobacillales,Lactobacillaceae,Lactobacillus,Lactobacillus curvatus,Lactobacillus curvatus,2711,5,8,2,8,5,6,0,5
Bacteria,Firmicutes,Bacilli,Lactobacillales,Lactobacillaceae,Lactobacillus,Lactobacillus delbrueckii,Lactobacillus delbrueckii,2712,5,5,1,1,0,0,0,0
Bacteria,Firmicutes,Bacilli,Lactobacillales,Lactobacillaceae,Lactobacillus,Lactobacillus dextrinicus,Lactobacillus dextrinicus,2713,2,6,0,3,0,0,0,0
Bacteria,Firmicutes,Bacilli,Lactobacillales,Lactobacillaceae,Lactobacillus,Lactobacillus farciminis,Lactobacillus farciminis,2714,1,1,0,2,0,0,0,0
Bacteria,Firmicutes,Bacilli,Lactobacillales,Lactobacillaceae,Lactobacillus,Lactobacillus fermentum,Lactobacillus fermentum,2715,5,2,3,5,3,0,1,2
Bacteria,Firmicutes,Bacilli,Lactobacillales,Lactobacillaceae,Lactobacillus,Lactobacillus fructivorans,Lactobacillus fructivorans,2716,3,2,0,1,0,0,0,0
Bacteria,Firmicutes,Bacilli,Lactobacillales,Lactobacillaceae,Lactobacillus,Lactobacillus frumenti,Lactobacillus frumenti,2717,1,1,0,2,0,0,0,0
Bacteria,Firmicutes,Bacilli,Lactobacillales,Lactobacillaceae,Lactobacillus,Lactobacillus fuchuensis,Lactobacillus fuchuensis,2718,1,3,2,2,5,1,5,10
Bacteria,Firmicutes,Bacilli,Lactobacillales,Lactobacillaceae,Lactobacillus,Lactobacillus futsaii,Lactobacillus futsaii,2719,5,4,2,7,0,0,0,0
Bacteria,Firmicutes,Bacilli,Lactobacillales,Lactobacillaceae,Lactobacillus,Lactobacillus gasseri,Lactobacillus gasseri,2720,3,4,2,1,0,0,0,0
Bacteria,Firmicutes,Bacilli,Lactobacillales,Lactobacillaceae,Lactobacillus,Lactobacillus gastricus,Lactobacillus gastricus,2721,4,4,1,1,0,0,0,0
Bacteria,Firmicutes,Bacilli,Lactobacillales,Lactobacillaceae,Lactobacillus,Lactobacillus ginsenosidimutans,Lactobacillus ginsenosidimutans,2722,3,3,1,6,7,5,4,6
Bacteria,Firmicutes,Bacilli,Lactobacillales,Lactobacillaceae,Lactobacillus,Lactobacillus graminis,Lactobacillus graminis,2723,1,0,0,1,0,0,0,2
Bacteria,Firmicutes,Bacilli,Lactobacillales,Lactobacillaceae,Lactobacillus,Lactobacillus harbinensis,Lactobacillus harbinensis,2724,5,2,0,5,0,2,0,2
Bacteria,Firmicutes,Bacilli,Lactobacillales,Lactobacillaceae,Lactobacillus,Lactobacillus heilongjiangensis,Lactobacillus heilongjiangensis,2725,3,3,2,0,0,0,0,0
Bacteria,Firmicutes,Bacilli,Lactobacillales,Lactobacillaceae,Lactobacillus,Lactobacillus helsingborgensis,Lactobacillus helsingborgensis,2726,0,0,0,1,0,0,0,0
Bacteria,Firmicutes,Bacilli,Lactobacillales,Lactobacillaceae,Lactobacillus,Lactobacillus helveticus,Lactobacillus helveticus,2727,3,4,4,3,2,0,1,0
Bacteria,Firmicutes,Bacilli,Lactobacillales,Lactobacillaceae,Lactobacillus,Lactobacillus hilgardii,Lactobacillus hilgardii,2728,7,1,3,6,0,0,0,0
Bacteria,Firmicutes,Bacilli,Lactobacillales,Lactobacillaceae,Lactobacillus,Lactobacillus hokkaidonensis,Lactobacillus hokkaidonensis,2729,10,2,0,3,0,0,0,0
Bacteria,Firmicutes,Bacilli,Lactobacillales,Lactobacillaceae,Lactobacillus,Lactobacillus hordei,Lactobacillus hordei,2730,9,6,2,8,0,0,0,0
Bacteria,Firmicutes,Bacilli,Lactobacillales,Lactobacillaceae,Lactobacillus,Lactobacillus iners,Lactobacillus iners,2731,9,8,4,3,0,0,0,0
Bacteria,Firmicutes,Bacilli,Lactobacillales,Lactobacillaceae,Lactobacillus,Lactobacillus jensenii,Lactobacillus jensenii,2732,6,5,6,7,7,0,1,3
Bacteria,Firmicutes,Bacilli,Lactobacillales,Lactobacillaceae,Lactobacillus,Lactobacillus jinshani,Lactobacillus jinshani,2733,2,2,0,1,0,0,0,0
Bacteria,Firmicutes,Bacilli,Lactobacillales,Lactobacillaceae,Lactobacillus,Lactobacillus johnsonii,Lactobacillus johnsonii,2734,10,7,4,1,0,1,0,0
Bacteria,Firmicutes,Bacilli,Lactobacillales,Lactobacillaceae,Lactobacillus,Lactobacillus kefiranofaciens,Lactobacillus kefiranofaciens,2735,0,6,1,4,0,0,0,0
Bacteria,Firmicutes,Bacilli,Lactobacillales,Lactobacillaceae,Lactobacillus,Lactobacillus kefiri,Lactobacillus kefiri,2736,1,0,0,1,0,0,0,0
Bacteria,Firmicutes,Bacilli,Lactobacillales,Lactobacillaceae,Lactobacillus,Lactobacillus koreensis,Lactobacillus koreensis,2737,3,3,0,1,0,0,0,0
Bacteria,Firmicutes,Bacilli,Lactobacillales,Lactobacillaceae,Lactobacillus,Lactobacillus kullabergensis,Lactobacillus kullabergensis,2738,3,0,1,1,0,0,0,0
Bacteria,Firmicutes,Bacilli,Lactobacillales,Lactobacillaceae,Lactobacillus,Lactobacillus kunkeei,Lactobacillus kunkeei,2739,3,3,2,3,0,0,0,0
Bacteria,Firmicutes,Bacilli,Lactobacillales,Lactobacillaceae,Lactobacillus,Lactobacillus lindneri,Lactobacillus lindneri,2740,3,0,1,1,0,0,0,0
Bacteria,Firmicutes,Bacilli,Lactobacillales,Lactobacillaceae,Lactobacillus,Lactobacillus malefermentans,Lactobacillus malefermentans,2741,2,2,2,0,0,0,0,0
Bacteria,Firmicutes,Bacilli,Lactobacillales,Lactobacillaceae,Lactobacillus,Lactobacillus mali,Lactobacillus mali,2742,1,3,0,6,1,0,1,1
Bacteria,Firmicutes,Bacilli,Lactobacillales,Lactobacillaceae,Lactobacillus,Lactobacillus manihotivorans,Lactobacillus manihotivorans,2743,2,0,0,4,3,2,8,4
Bacteria,Firmicutes,Bacilli,Lactobacillales,Lactobacillaceae,Lactobacillus,Lactobacillus mucosae,Lactobacillus mucosae,2744,3,0,11,1,0,0,6,4
Bacteria,Firmicutes,Bacilli,Lactobacillales,Lactobacillaceae,Lactobacillus,Lactobacillus murinus,Lactobacillus murinus,2745,11,5,4,5,3,3,3,8
Bacteria,Firmicutes,Bacilli,Lactobacillales,Lactobacillaceae,Lactobacillus,Lactobacillus nagelii,Lactobacillus nagelii,2746,4,1,1,0,0,0,1,0
Bacteria,Firmicutes,Bacilli,Lactobacillales,Lactobacillaceae,Lactobacillus,Lactobacillus nenjiangensis,Lactobacillus nenjiangensis,2747,3,1,0,1,0,0,0,0
Bacteria,Firmicutes,Bacilli,Lactobacillales,Lactobacillaceae,Lactobacillus,Lactobacillus oligofermentans,Lactobacillus oligofermentans,2748,6,2,3,2,3,0,3,2
Bacteria,Firmicutes,Bacilli,Lactobacillales,Lactobacillaceae,Lactobacillus,Lactobacillus parabuchneri,Lactobacillus parabuchneri,2749,0,0,3,2,0,1,5,2
Bacteria,Firmicutes,Bacilli,Lactobacillales,Lactobacillaceae,Lactobacillus,Lactobacillus paracasei,Lactobacillus paracasei,2750,1,1,0,0,0,0,0,0
Bacteria,Firmicutes,Bacilli,Lactobacillales,Lactobacillaceae,Lactobacillus,Lactobacillus paracollinoides,Lactobacillus paracollinoides,2751,1,3,4,1,0,0,1,2
Bacteria,Firmicutes,Bacilli,Lactobacillales,Lactobacillaceae,Lactobacillus,Lactobacillus paragasseri,Lactobacillus paragasseri,2752,2,0,1,1,0,0,0,0
Bacteria,Firmicutes,Bacilli,Lactobacillales,Lactobacillaceae,Lactobacillus,Lactobacillus paralimentarius,Lactobacillus paralimentarius,2753,6,4,0,2,1,0,1,0
Bacteria,Firmicutes,Bacilli,Lactobacillales,Lactobacillaceae,Lactobacillus,Lactobacillus paraplantarum,Lactobacillus paraplantarum,2754,2,2,2,1,0,0,0,0
Bacteria,Firmicutes,Bacilli,Lactobacillales,Lactobacillaceae,Lactobacillus,Lactobacillus pentosus,Lactobacillus pentosus,2755,2,3,2,3,0,0,1,0
Bacteria,Firmicutes,Bacilli,Lactobacillales,Lactobacillaceae,Lactobacillus,Lactobacillus plantarum,Lactobacillus plantarum,2758,12,9,4,11,3,3,6,5
Bacteria,Firmicutes,Bacilli,Lactobacillales,Lactobacillaceae,Lactobacillus,Lactobacillus pontis,Lactobacillus pontis,2759,1,6,1,2,0,0,0,0
Bacteria,Firmicutes,Bacilli,Lactobacillales,Lactobacillaceae,Lactobacillus,Lactobacillus reuteri,Lactobacillus reuteri,2760,11,10,15,24,4,9,5,14
Bacteria,Firmicutes,Bacilli,Lactobacillales,Lactobacillaceae,Lactobacillus,Lactobacillus rhamnosus,Lactobacillus rhamnosus,2761,7,7,29,7,6,19,26,24
Bacteria,Firmicutes,Bacilli,Lactobacillales,Lactobacillaceae,Lactobacillus,Lactobacillus rossiae,Lactobacillus rossiae,2762,2,3,4,1,0,1,0,0
Bacteria,Firmicutes,Bacilli,Lactobacillales,Lactobacillaceae,Lactobacillus,Lactobacillus ruminis,Lactobacillus ruminis,2763,5857,1394,555,1946,5,12,33,17
Bacteria,Firmicutes,Bacilli,Lactobacillales,Lactobacillaceae,Lactobacillus,Lactobacillus sakei,Lactobacillus sakei,2764,4,3,2,4,0,0,0,0
Bacteria,Firmicutes,Bacilli,Lactobacillales,Lactobacillaceae,Lactobacillus,Lactobacillus salivarius,Lactobacillus salivarius,2765,8,5,5,4,0,0,0,3
Bacteria,Firmicutes,Bacilli,Lactobacillales,Lactobacillaceae,Lactobacillus,Lactobacillus sanfranciscensis,Lactobacillus sanfranciscensis,2766,3,1,1,0,0,0,0,0
Bacteria,Firmicutes,Bacilli,Lactobacillales,Lactobacillaceae,Lactobacillus,Lactobacillus sp. 1A,Lactobacillus sp. 1A,2767,0,3,0,1,0,0,0,0
Bacteria,Firmicutes,Bacilli,Lactobacillales,Lactobacillaceae,Lactobacillus,Lactobacillus sp. 1B,Lactobacillus sp. 1B,2768,0,0,0,1,0,0,0,0
Bacteria,Firmicutes,Bacilli,Lactobacillales,Lactobacillaceae,Lactobacillus,Lactobacillus sp. 1D,Lactobacillus sp. 1D,2769,2,0,0,1,0,0,0,0
Bacteria,Firmicutes,Bacilli,Lactobacillales,Lactobacillaceae,Lactobacillus,Lactobacillus sp. 2D,Lactobacillus sp. 2D,2770,1,1,0,0,0,0,0,0
Bacteria,Firmicutes,Bacilli,Lactobacillales,Lactobacillaceae,Lactobacillus,Lactobacillus sp. 3B(2020),Lactobacillus sp. 3B(2020),2771,2,1,0,0,0,0,0,0
Bacteria,Firmicutes,Bacilli,Lactobacillales,Lactobacillaceae,Lactobacillus,Lactobacillus sp. 3DG,Lactobacillus sp. 3DG,2772,1,0,1,0,0,0,0,0
Bacteria,Firmicutes,Bacilli,Lactobacillales,Lactobacillaceae,Lactobacillus,Lactobacillus sp. BHWM-4,Lactobacillus sp. BHWM-4,2773,2,2,1,3,8,0,2,7
Bacteria,Firmicutes,Bacilli,Lactobacillales,Lactobacillaceae,Lactobacillus,Lactobacillus sp. CBA3606,Lactobacillus sp. CBA3606,2774,2,4,0,1,0,0,0,1
Bacteria,Firmicutes,Bacilli,Lactobacillales,Lactobacillaceae,Lactobacillus,Lactobacillus sp. JM1,Lactobacillus sp. JM1,2775,1,0,0,0,0,0,0,0
Bacteria,Firmicutes,Bacilli,Lactobacillales,Lactobacillaceae,Lactobacillus,Lactobacillus sp. NFFJ11,Lactobacillus sp. NFFJ11,2776,5,8,1,3,0,0,0,0
Bacteria,Firmicutes,Bacilli,Lactobacillales,Lactobacillaceae,Lactobacillus,Lactobacillus sp. wkB8,Lactobacillus sp. wkB8,2777,1,1,1,1,0,0,0,0
Bacteria,Firmicutes,Bacilli,Lactobacillales,Lactobacillaceae,Lactobacillus,Lactobacillus suantsaii,Lactobacillus suantsaii,2778,1,4,2,1,1,1,1,0
Bacteria,Firmicutes,Bacilli,Lactobacillales,Lactobacillaceae,Lactobacillus,Lactobacillus terrae,Lactobacillus terrae,2779,7,0,2,1,0,0,0,0
Bacteria,Firmicutes,Bacilli,Lactobacillales,Lactobacillaceae,Lactobacillus,Lactobacillus vaginalis,Lactobacillus vaginalis,2780,0,7,5,6,8,11,7,7
Bacteria,Firmicutes,Bacilli,Lactobacillales,Lactobacillaceae,Lactobacillus,Lactobacillus zeae,Lactobacillus zeae,2782,5,0,0,2,0,0,0,0
Bacteria,Firmicutes,Bacilli,Lactobacillales,Lactobacillaceae,Lactobacillus,Lactobacillus zhachilii,Lactobacillus zhachilii,2783,4,2,1,0,5,1,2,3
Bacteria,Firmicutes,Bacilli,Lactobacillales,Lactobacillaceae,Lactobacillus,Lactobacillus zymae,Lactobacillus zymae,2784,1,4,0,0,0,0,0,0
Bacteria,Firmicutes,Bacilli,Lactobacillales,Lactobacillaceae,Pediococcus,Pediococcus acidilactici,Pediococcus acidilactici,3812,5,1,7,5,6,2,2,4
Bacteria,Firmicutes,Bacilli,Lactobacillales,Lactobacillaceae,Pediococcus,Pediococcus claussenii,Pediococcus claussenii,3813,2,1,0,0,0,0,0,0
Bacteria,Firmicutes,Bacilli,Lactobacillales,Lactobacillaceae,Pediococcus,Pediococcus damnosus,Pediococcus damnosus,3814,1,5,0,2,0,0,0,0
Bacteria,Firmicutes,Bacilli,Lactobacillales,Lactobacillaceae,Pediococcus,Pediococcus inopinatus,Pediococcus inopinatus,3815,5,9,4,2,0,0,0,0
Bacteria,Firmicutes,Bacilli,Lactobacillales,Lactobacillaceae,Pediococcus,Pediococcus pentosaceus,Pediococcus pentosaceus,3816,8,3,2,2,0,0,0,0
Bacteria,Firmicutes,Bacilli,Lactobacillales,Leuconostocaceae,Leuconostoc,Leuconostoc carnosum,Leuconostoc carnosum,2862,4,2,1,2,0,0,0,0
Bacteria,Firmicutes,Bacilli,Lactobacillales,Leuconostocaceae,Leuconostoc,Leuconostoc citreum,Leuconostoc citreum,2863,1,2,2,0,0,0,0,0
Bacteria,Firmicutes,Bacilli,Lactobacillales,Leuconostocaceae,Leuconostoc,Leuconostoc gelidum,Leuconostoc gelidum,2864,6,6,1,5,0,0,0,0
Bacteria,Firmicutes,Bacilli,Lactobacillales,Leuconostocaceae,Leuconostoc,Leuconostoc kimchii,Leuconostoc kimchii,2865,1,0,0,0,0,0,0,0
Bacteria,Firmicutes,Bacilli,Lactobacillales,Leuconostocaceae,Leuconostoc,Leuconostoc lactis,Leuconostoc lactis,2866,0,0,0,0,0,1,0,0
Bacteria,Firmicutes,Bacilli,Lactobacillales,Leuconostocaceae,Leuconostoc,Leuconostoc mesenteroides,Leuconostoc mesenteroides,2867,2,4,0,3,0,0,0,0
Bacteria,Firmicutes,Bacilli,Lactobacillales,Leuconostocaceae,Leuconostoc,Leuconostoc pseudomesenteroides,Leuconostoc pseudomesenteroides,2868,3,3,0,2,0,0,0,0
Bacteria,Firmicutes,Bacilli,Lactobacillales,Leuconostocaceae,Leuconostoc,Leuconostoc suionicum,Leuconostoc suionicum,2869,2,0,1,0,0,0,0,0
Bacteria,Firmicutes,Bacilli,Lactobacillales,Leuconostocaceae,Oenococcus,Oenococcus kitaharae,Oenococcus kitaharae,3579,2,1,0,5,0,0,0,0
Bacteria,Firmicutes,Bacilli,Lactobacillales,Leuconostocaceae,Oenococcus,Oenococcus oeni,Oenococcus oeni,3580,1,7,22,10,3,14,23,8
Bacteria,Firmicutes,Bacilli,Lactobacillales,Leuconostocaceae,Oenococcus,Oenococcus sicerae,Oenococcus sicerae,3581,2,0,0,2,0,0,0,0
Bacteria,Firmicutes,Bacilli,Lactobacillales,Leuconostocaceae,Oenococcus,Oenococcus sp. UCMA 16435,Oenococcus sp. UCMA 16435,3582,3,2,0,0,0,0,0,0
Bacteria,Firmicutes,Bacilli,Lactobacillales,Leuconostocaceae,Weissella,Weissella ceti,Weissella ceti,5319,2,1,1,4,0,0,1,1
Bacteria,Firmicutes,Bacilli,Lactobacillales,Leuconostocaceae,Weissella,Weissella cibaria,Weissella cibaria,5320,1,2,1,0,0,0,0,0
Bacteria,Firmicutes,Bacilli,Lactobacillales,Leuconostocaceae,Weissella,Weissella confusa,Weissella confusa,5321,2,7,3,1,0,0,0,0
Bacteria,Firmicutes,Bacilli,Lactobacillales,Leuconostocaceae,Weissella,Weissella cryptocerci,Weissella cryptocerci,5322,4,0,0,1,0,0,0,0
Bacteria,Firmicutes,Bacilli,Lactobacillales,Leuconostocaceae,Weissella,Weissella hellenica,Weissella hellenica,5323,5,0,0,1,0,0,0,0
Bacteria,Firmicutes,Bacilli,Lactobacillales,Leuconostocaceae,Weissella,Weissella jogaejeotgali,Weissella jogaejeotgali,5324,1,1,0,0,0,0,0,0
Bacteria,Firmicutes,Bacilli,Lactobacillales,Leuconostocaceae,Weissella,Weissella koreensis,Weissella koreensis,5325,3,4,0,2,0,0,0,0
Bacteria,Firmicutes,Bacilli,Lactobacillales,Leuconostocaceae,Weissella,Weissella paramesenteroides,Weissella paramesenteroides,5326,3,4,13,3,0,5,11,5
Bacteria,Firmicutes,Bacilli,Lactobacillales,Leuconostocaceae,Weissella,Weissella soli,Weissella soli,5327,1,3,1,0,0,0,0,0
Bacteria,Firmicutes,Bacilli,Lactobacillales,Leuconostocaceae,Weissella,Weissella sp. HDW19,Weissella sp. HDW19,5328,2,1,0,1,0,0,0,0
Bacteria,Firmicutes,Bacilli,Lactobacillales,Leuconostocaceae,Weissella,Weissella viridescens,Weissella viridescens,5329,3,0,0,0,0,0,0,0
Bacteria,Firmicutes,Bacilli,Lactobacillales,Streptococcaceae,Lactococcus,Lactococcus garvieae,Lactococcus garvieae,2785,5,2,2,0,0,0,0,2
Bacteria,Firmicutes,Bacilli,Lactobacillales,Streptococcaceae,Lactococcus,Lactococcus lactis,Lactococcus lactis,2786,86,50,15,54,1,0,0,0
Bacteria,Firmicutes,Bacilli,Lactobacillales,Streptococcaceae,Lactococcus,Lactococcus petauri,Lactococcus petauri,2787,2,0,1,0,0,0,0,0
Bacteria,Firmicutes,Bacilli,Lactobacillales,Streptococcaceae,Lactococcus,Lactococcus piscium,Lactococcus piscium,2789,9,4,37,8,3,15,24,21
Bacteria,Firmicutes,Bacilli,Lactobacillales,Streptococcaceae,Lactococcus,Lactococcus raffinolactis,Lactococcus raffinolactis,2790,8,4,2,1,0,0,0,0
Bacteria,Firmicutes,Bacilli,Lactobacillales,Streptococcaceae,Lactococcus,Lactococcus sp. 1JSPR-7,Lactococcus sp. 1JSPR-7,2791,1,4,1,3,0,0,0,0
Bacteria,Firmicutes,Bacilli,Lactobacillales,Streptococcaceae,Lactococcus,Lactococcus sp. KACC 19320,Lactococcus sp. KACC 19320,2792,0,0,3,0,2,0,0,1
Bacteria,Firmicutes,Bacilli,Lactobacillales,Streptococcaceae,Streptococcus,Streptococcus acidominimus,Streptococcus acidominimus,4794,4,1,0,3,0,1,0,0
Bacteria,Firmicutes,Bacilli,Lactobacillales,Streptococcaceae,Streptococcus,Streptococcus agalactiae,Streptococcus agalactiae,4795,85,56,23,42,0,0,0,0
Bacteria,Firmicutes,Bacilli,Lactobacillales,Streptococcaceae,Streptococcus,Streptococcus anginosus,Streptococcus anginosus,4796,3,8,3,5,0,0,0,0
Bacteria,Firmicutes,Bacilli,Lactobacillales,Streptococcaceae,Streptococcus,Streptococcus australis,Streptococcus australis,4797,3,4,2,3,0,0,0,0
Bacteria,Firmicutes,Bacilli,Lactobacillales,Streptococcaceae,Streptococcus,Streptococcus canis,Streptococcus canis,4798,17,9,3,6,0,0,0,0
Bacteria,Firmicutes,Bacilli,Lactobacillales,Streptococcaceae,Streptococcus,Streptococcus constellatus,Streptococcus constellatus,4799,3,0,0,0,0,0,0,0
Bacteria,Firmicutes,Bacilli,Lactobacillales,Streptococcaceae,Streptococcus,Streptococcus cristatus,Streptococcus cristatus,4800,9,11,18,7,3,9,23,10
Bacteria,Firmicutes,Bacilli,Lactobacillales,Streptococcaceae,Streptococcus,Streptococcus dysgalactiae,Streptococcus dysgalactiae,4801,13,6,2,8,3,3,2,2
Bacteria,Firmicutes,Bacilli,Lactobacillales,Streptococcaceae,Streptococcus,Streptococcus equi,Streptococcus equi,4802,10,6,1,6,0,0,0,1
Bacteria,Firmicutes,Bacilli,Lactobacillales,Streptococcaceae,Streptococcus,Streptococcus equinus,Streptococcus equinus,4803,14,27,14,11,3,3,5,8
Bacteria,Firmicutes,Bacilli,Lactobacillales,Streptococcaceae,Streptococcus,Streptococcus ferus,Streptococcus ferus,4804,5,2,3,6,5,3,3,4
Bacteria,Firmicutes,Bacilli,Lactobacillales,Streptococcaceae,Streptococcus,Streptococcus gallolyticus,Streptococcus gallolyticus,4805,3,5,1,3,0,0,0,0
Bacteria,Firmicutes,Bacilli,Lactobacillales,Streptococcaceae,Streptococcus,Streptococcus gordonii,Streptococcus gordonii,4806,8,5,31,6,10,15,28,11
Bacteria,Firmicutes,Bacilli,Lactobacillales,Streptococcaceae,Streptococcus,Streptococcus gwangjuense,Streptococcus gwangjuense,4807,2,3,0,0,0,0,0,0
Bacteria,Firmicutes,Bacilli,Lactobacillales,Streptococcaceae,Streptococcus,Streptococcus halotolerans,Streptococcus halotolerans,4808,8,6,2,5,0,0,0,0
Bacteria,Firmicutes,Bacilli,Lactobacillales,Streptococcaceae,Streptococcus,Streptococcus himalayensis,Streptococcus himalayensis,4809,4,0,2,2,1,0,0,0
Bacteria,Firmicutes,Bacilli,Lactobacillales,Streptococcaceae,Streptococcus,Streptococcus infantarius,Streptococcus infantarius,4810,3,3,2,1,1,0,0,1
Bacteria,Firmicutes,Bacilli,Lactobacillales,Streptococcaceae,Streptococcus,Streptococcus iniae,Streptococcus iniae,4811,0,0,1,1,0,0,0,0
Bacteria,Firmicutes,Bacilli,Lactobacillales,Streptococcaceae,Streptococcus,Streptococcus intermedius,Streptococcus intermedius,4812,9,10,1,9,0,0,0,0
Bacteria,Firmicutes,Bacilli,Lactobacillales,Streptococcaceae,Streptococcus,Streptococcus koreensis,Streptococcus koreensis,4813,2,3,0,2,0,0,0,0
Bacteria,Firmicutes,Bacilli,Lactobacillales,Streptococcaceae,Streptococcus,Streptococcus lutetiensis,Streptococcus lutetiensis,4814,20,20,7,18,0,0,0,0
Bacteria,Firmicutes,Bacilli,Lactobacillales,Streptococcaceae,Streptococcus,Streptococcus macedonicus,Streptococcus macedonicus,4815,1,1,0,1,0,0,0,0
Bacteria,Firmicutes,Bacilli,Lactobacillales,Streptococcaceae,Streptococcus,Streptococcus marmotae,Streptococcus marmotae,4816,3,3,1,0,0,1,0,0
Bacteria,Firmicutes,Bacilli,Lactobacillales,Streptococcaceae,Streptococcus,Streptococcus merionis,Streptococcus merionis,4817,5,5,1,0,0,0,1,2
Bacteria,Firmicutes,Bacilli,Lactobacillales,Streptococcaceae,Streptococcus,Streptococcus milleri,Streptococcus milleri,4818,0,2,2,0,0,0,0,0
Bacteria,Firmicutes,Bacilli,Lactobacillales,Streptococcaceae,Streptococcus,Streptococcus mitis,Streptococcus mitis,4819,5,2,2,3,0,0,0,1
Bacteria,Firmicutes,Bacilli,Lactobacillales,Streptococcaceae,Streptococcus,Streptococcus mutans,Streptococcus mutans,4820,4,4,2,5,1,0,1,0
Bacteria,Firmicutes,Bacilli,Lactobacillales,Streptococcaceae,Streptococcus,Streptococcus oralis,Streptococcus oralis,4821,10,8,4,6,0,1,6,0
Bacteria,Firmicutes,Bacilli,Lactobacillales,Streptococcaceae,Streptococcus,Streptococcus pantholopis,Streptococcus pantholopis,4822,3,4,1,0,4,3,2,3
Bacteria,Firmicutes,Bacilli,Lactobacillales,Streptococcaceae,Streptococcus,Streptococcus parasanguinis,Streptococcus parasanguinis,4823,5739,1004,388,1464,2,0,4,2
Bacteria,Firmicutes,Bacilli,Lactobacillales,Streptococcaceae,Streptococcus,Streptococcus parauberis,Streptococcus parauberis,4824,5,1,2,4,0,0,0,0
Bacteria,Firmicutes,Bacilli,Lactobacillales,Streptococcaceae,Streptococcus,Streptococcus pasteurianus,Streptococcus pasteurianus,4825,8,30,14,11,0,0,0,0
Bacteria,Firmicutes,Bacilli,Lactobacillales,Streptococcaceae,Streptococcus,Streptococcus periodonticum,Streptococcus periodonticum,4826,1,2,0,1,0,0,0,0
Bacteria,Firmicutes,Bacilli,Lactobacillales,Streptococcaceae,Streptococcus,Streptococcus pluranimalium,Streptococcus pluranimalium,4828,11,5,0,1,2,1,0,1
Bacteria,Firmicutes,Bacilli,Lactobacillales,Streptococcaceae,Streptococcus,Streptococcus pneumoniae,Streptococcus pneumoniae,4829,8,12,6,14,4,2,3,2
Bacteria,Firmicutes,Bacilli,Lactobacillales,Streptococcaceae,Streptococcus,Streptococcus porcinus,Streptococcus porcinus,4830,1,2,3,3,0,0,0,0
Bacteria,Firmicutes,Bacilli,Lactobacillales,Streptococcaceae,Streptococcus,Streptococcus pseudopneumoniae,Streptococcus pseudopneumoniae,4831,2,1,0,1,0,0,0,0
Bacteria,Firmicutes,Bacilli,Lactobacillales,Streptococcaceae,Streptococcus,Streptococcus pseudoporcinus,Streptococcus pseudoporcinus,4832,29,7,4,7,0,0,0,0
Bacteria,Firmicutes,Bacilli,Lactobacillales,Streptococcaceae,Streptococcus,Streptococcus pyogenes,Streptococcus pyogenes,4833,41,6,9,14,2,7,2,5
Bacteria,Firmicutes,Bacilli,Lactobacillales,Streptococcaceae,Streptococcus,Streptococcus ratti,Streptococcus ratti,4834,6,8,1,8,4,3,1,6
Bacteria,Firmicutes,Bacilli,Lactobacillales,Streptococcaceae,Streptococcus,Streptococcus respiraculi,Streptococcus respiraculi,4835,2,4,1,3,0,0,0,0
Bacteria,Firmicutes,Bacilli,Lactobacillales,Streptococcaceae,Streptococcus,Streptococcus ruminantium,Streptococcus ruminantium,4836,2,0,0,0,0,0,0,0
Bacteria,Firmicutes,Bacilli,Lactobacillales,Streptococcaceae,Streptococcus,Streptococcus salivarius,Streptococcus salivarius,4837,4366,2351,897,3383,2,0,0,2
Bacteria,Firmicutes,Bacilli,Lactobacillales,Streptococcaceae,Streptococcus,Streptococcus sanguinis,Streptococcus sanguinis,4838,16,7,2,9,0,0,1,0
Bacteria,Firmicutes,Bacilli,Lactobacillales,Streptococcaceae,Streptococcus,Streptococcus sobrinus,Streptococcus sobrinus,4839,6,2,1,1,0,0,0,0
Bacteria,Firmicutes,Bacilli,Lactobacillales,Streptococcaceae,Streptococcus,Streptococcus sp. 116-D4,Streptococcus sp. 116-D4,4840,0,3,29,2,3,17,31,14
Bacteria,Firmicutes,Bacilli,Lactobacillales,Streptococcaceae,Streptococcus,Streptococcus sp. 1643,Streptococcus sp. 1643,4841,0,1,1,0,0,0,0,0
Bacteria,Firmicutes,Bacilli,Lactobacillales,Streptococcaceae,Streptococcus,Streptococcus sp. A12,Streptococcus sp. A12,4842,4,1,0,0,0,0,0,0
Bacteria,Firmicutes,Bacilli,Lactobacillales,Streptococcaceae,Streptococcus,Streptococcus sp. CNU G2,Streptococcus sp. CNU G2,4843,1,1,0,0,0,0,0,0
Bacteria,Firmicutes,Bacilli,Lactobacillales,Streptococcaceae,Streptococcus,Streptococcus sp. CNU G3,Streptococcus sp. CNU G3,4844,1,2,0,3,0,0,0,0
Bacteria,Firmicutes,Bacilli,Lactobacillales,Streptococcaceae,Streptococcus,Streptococcus sp. DAT741,Streptococcus sp. DAT741,4845,2,2,1,0,0,0,0,0
Bacteria,Firmicutes,Bacilli,Lactobacillales,Streptococcaceae,Streptococcus,Streptococcus sp. FDAARGOS_192,Streptococcus sp. FDAARGOS_192,4846,8,1,1,6,0,0,0,0
Bacteria,Firmicutes,Bacilli,Lactobacillales,Streptococcaceae,Streptococcus,Streptococcus sp. FDAARGOS_521,Streptococcus sp. FDAARGOS_521,4847,3,0,0,0,0,0,0,0
Bacteria,Firmicutes,Bacilli,Lactobacillales,Streptococcaceae,Streptococcus,Streptococcus sp. HSISM1,Streptococcus sp. HSISM1,4848,8,2,0,3,0,0,0,0
Bacteria,Firmicutes,Bacilli,Lactobacillales,Streptococcaceae,Streptococcus,Streptococcus sp. HSISS1,Streptococcus sp. HSISS1,4849,12,7,5,8,0,0,0,0
Bacteria,Firmicutes,Bacilli,Lactobacillales,Streptococcaceae,Streptococcus,Streptococcus sp. HSISS2,Streptococcus sp. HSISS2,4850,16,9,1,15,0,0,0,0
Bacteria,Firmicutes,Bacilli,Lactobacillales,Streptococcaceae,Streptococcus,Streptococcus sp. HSISS3,Streptococcus sp. HSISS3,4851,7,4,4,7,0,0,0,0
Bacteria,Firmicutes,Bacilli,Lactobacillales,Streptococcaceae,Streptococcus,Streptococcus sp. I-G2,Streptococcus sp. I-G2,4852,1,0,2,0,0,0,0,0
Bacteria,Firmicutes,Bacilli,Lactobacillales,Streptococcaceae,Streptococcus,Streptococcus sp. I-P16,Streptococcus sp. I-P16,4853,1,0,1,0,0,0,0,0
Bacteria,Firmicutes,Bacilli,Lactobacillales,Streptococcaceae,Streptococcus,Streptococcus sp. LPB0220,Streptococcus sp. LPB0220,4854,7,0,0,3,0,0,0,0
Bacteria,Firmicutes,Bacilli,Lactobacillales,Streptococcaceae,Streptococcus,Streptococcus sp. NPS 308,Streptococcus sp. NPS 308,4855,0,1,0,2,0,0,0,0
Bacteria,Firmicutes,Bacilli,Lactobacillales,Streptococcaceae,Streptococcus,Streptococcus sp. oral taxon 061,Streptococcus sp. oral taxon 061,4856,2,6,2,2,0,0,0,0
Bacteria,Firmicutes,Bacilli,Lactobacillales,Streptococcaceae,Streptococcus,Streptococcus sp. oral taxon 064,Streptococcus sp. oral taxon 064,4857,0,1,0,0,0,0,0,0
Bacteria,Firmicutes,Bacilli,Lactobacillales,Streptococcaceae,Streptococcus,Streptococcus sp. oral taxon 431,Streptococcus sp. oral taxon 431,4858,3,0,2,4,0,0,1,1
Bacteria,Firmicutes,Bacilli,Lactobacillales,Streptococcaceae,Streptococcus,Streptococcus sp. Z15,Streptococcus sp. Z15,4859,6,3,13,4,5,8,4,7
Bacteria,Firmicutes,Bacilli,Lactobacillales,Streptococcaceae,Streptococcus,Streptococcus suis,Streptococcus suis,4860,52,46,13,44,12,5,3,8
Bacteria,Firmicutes,Bacilli,Lactobacillales,Streptococcaceae,Streptococcus,Streptococcus thermophilus,Streptococcus thermophilus,4861,4866,2570,976,3687,0,0,6,1
Bacteria,Firmicutes,Bacilli,Lactobacillales,Streptococcaceae,Streptococcus,Streptococcus troglodytae,Streptococcus troglodytae,4862,2,1,1,3,0,0,0,0
Bacteria,Firmicutes,Bacilli,Lactobacillales,Streptococcaceae,Streptococcus,Streptococcus uberis,Streptococcus uberis,4863,6,5,0,5,2,1,0,0
Bacteria,Firmicutes,Bacilli,Lactobacillales,Streptococcaceae,Streptococcus,Streptococcus urinalis,Streptococcus urinalis,4864,1,1,3,1,0,0,0,0
Bacteria,Firmicutes,Bacilli,Lactobacillales,Streptococcaceae,Streptococcus,Streptococcus vestibularis,Streptococcus vestibularis,4865,13,8,2,8,0,0,0,0
Bacteria,Firmicutes,Bacilli,Lactobacillales,Streptococcaceae,Streptococcus,Streptococcus viridans,Streptococcus viridans,4866,2,0,0,0,0,0,0,0
Bacteria,Firmicutes,Clostridia,Clostridiales,Christensenellaceae,Christensenella,Christensenella minuta,Christensenella minuta,1084,195,83,27,91,3,1,0,0
Bacteria,Firmicutes,Clostridia,Clostridiales,Christensenellaceae,Christensenella,Christensenella sp. Marseille-P3954,Christensenella sp. Marseille-P3954,1085,39,29,20,34,4,1,0,6
Bacteria,Firmicutes,Clostridia,Clostridiales,Clostridiaceae,Alkaliphilus,Alkaliphilus metalliredigens,Alkaliphilus metalliredigens,239,17,19,5,12,5,11,2,3
Bacteria,Firmicutes,Clostridia,Clostridiales,Clostridiaceae,Alkaliphilus,Alkaliphilus oremlandii,Alkaliphilus oremlandii,240,9,11,11,8,0,0,0,0
Bacteria,Firmicutes,Clostridia,Clostridiales,Clostridiaceae,Caloramator,Caloramator sp. E03,Caloramator sp. E03,808,26,5,2,8,0,0,0,0
Bacteria,Firmicutes,Clostridia,Clostridiales,Clostridiaceae,Caloranaerobacter,Caloranaerobacter azorensis,Caloranaerobacter azorensis,809,8,7,4,4,5,6,2,8
Bacteria,Firmicutes,Clostridia,Clostridiales,Clostridiaceae,Candidatus Arthromitus,Candidatus Arthromitus sp. SFB-mouse-NL,Candidatus Arthromitus sp. SFB-mouse-NL,862,1,3,25,2,3,15,28,9
Bacteria,Firmicutes,Clostridia,Clostridiales,Clostridiaceae,Candidatus Arthromitus,Candidatus Arthromitus sp. SFB-rat-Yit,Candidatus Arthromitus sp. SFB-rat-Yit,863,4,3,2,5,0,0,0,0
Bacteria,Firmicutes,Clostridia,Clostridiales,Clostridiaceae,Clostridium,Clostridium aceticum,Clostridium aceticum,1164,13,10,14,9,8,14,7,6
Bacteria,Firmicutes,Clostridia,Clostridiales,Clostridiaceae,Clostridium,Clostridium acetobutylicum,Clostridium acetobutylicum,1165,17,12,5,12,3,0,1,1
Bacteria,Firmicutes,Clostridia,Clostridiales,Clostridiaceae,Clostridium,Clostridium argentinense,Clostridium argentinense,1166,33,14,27,27,2,4,9,4
Bacteria,Firmicutes,Clostridia,Clostridiales,Clostridiaceae,Clostridium,Clostridium autoethanogenum,Clostridium autoethanogenum,1167,2,0,0,0,0,0,0,0
Bacteria,Firmicutes,Clostridia,Clostridiales,Clostridiaceae,Clostridium,Clostridium baratii,Clostridium baratii,1168,38,18,8,12,5,1,1,1
Bacteria,Firmicutes,Clostridia,Clostridiales,Clostridiaceae,Clostridium,Clostridium beijerinckii,Clostridium beijerinckii,1169,37,19,15,23,12,11,6,10
Bacteria,Firmicutes,Clostridia,Clostridiales,Clostridiaceae,Clostridium,Clostridium bornimense,Clostridium bornimense,1170,31,27,10,17,1,1,1,4
Bacteria,Firmicutes,Clostridia,Clostridiales,Clostridiaceae,Clostridium,Clostridium botulinum,Clostridium botulinum,1171,122,72,53,65,13,15,23,14
Bacteria,Firmicutes,Clostridia,Clostridiales,Clostridiaceae,Clostridium,Clostridium butyricum,Clostridium butyricum,1172,73,39,15,34,11,4,6,14
Bacteria,Firmicutes,Clostridia,Clostridiales,Clostridiaceae,Clostridium,Clostridium carboxidivorans,Clostridium carboxidivorans,1173,23,10,5,12,5,5,7,8
Bacteria,Firmicutes,Clostridia,Clostridiales,Clostridiaceae,Clostridium,Clostridium cellulovorans,Clostridium cellulovorans,1175,21,21,19,27,13,6,20,23
Bacteria,Firmicutes,Clostridia,Clostridiales,Clostridiaceae,Clostridium,Clostridium chauvoei,Clostridium chauvoei,1176,18,7,3,8,0,0,0,0
Bacteria,Firmicutes,Clostridia,Clostridiales,Clostridiaceae,Clostridium,Clostridium cochlearium,Clostridium cochlearium,1177,10,5,0,3,0,0,0,0
Bacteria,Firmicutes,Clostridia,Clostridiales,Clostridiaceae,Clostridium,Clostridium diolis,Clostridium diolis,1178,2,0,0,1,0,0,0,0
Bacteria,Firmicutes,Clostridia,Clostridiales,Clostridiaceae,Clostridium,Clostridium drakei,Clostridium drakei,1179,6,7,3,5,0,1,1,0
Bacteria,Firmicutes,Clostridia,Clostridiales,Clostridiaceae,Clostridium,Clostridium estertheticum,Clostridium estertheticum,1180,20,17,7,12,8,7,4,9
Bacteria,Firmicutes,Clostridia,Clostridiales,Clostridiaceae,Clostridium,Clostridium formicaceticum,Clostridium formicaceticum,1181,13,10,30,17,6,18,20,14
Bacteria,Firmicutes,Clostridia,Clostridiales,Clostridiaceae,Clostridium,Clostridium intestinale,Clostridium intestinale,1184,19,20,9,16,5,4,4,6
Bacteria,Firmicutes,Clostridia,Clostridiales,Clostridiaceae,Clostridium,Clostridium isatidis,Clostridium isatidis,1185,23,10,4,8,0,0,1,0
Bacteria,Firmicutes,Clostridia,Clostridiales,Clostridiaceae,Clostridium,Clostridium kluyveri,Clostridium kluyveri,1186,12,20,6,18,0,1,0,0
Bacteria,Firmicutes,Clostridia,Clostridiales,Clostridiaceae,Clostridium,Clostridium ljungdahlii,Clostridium ljungdahlii,1187,0,0,2,0,0,0,0,0
Bacteria,Firmicutes,Clostridia,Clostridiales,Clostridiaceae,Clostridium,Clostridium novyi,Clostridium novyi,1188,24,29,11,19,3,1,0,2
Bacteria,Firmicutes,Clostridia,Clostridiales,Clostridiaceae,Clostridium,Clostridium pasteurianum,Clostridium pasteurianum,1189,32,48,29,32,5,7,15,4
Bacteria,Firmicutes,Clostridia,Clostridiales,Clostridiaceae,Clostridium,Clostridium perfringens,Clostridium perfringens,1190,67,63,14,39,3,3,6,8
Bacteria,Firmicutes,Clostridia,Clostridiales,Clostridiaceae,Clostridium,Clostridium saccharobutylicum,Clostridium saccharobutylicum,1191,41,24,10,27,0,0,0,0
Bacteria,Firmicutes,Clostridia,Clostridiales,Clostridiaceae,Clostridium,Clostridium saccharoperbutylacetonicum,Clostridium saccharoperbutylacetonicum,1192,34,19,10,32,1,0,1,1
Bacteria,Firmicutes,Clostridia,Clostridiales,Clostridiaceae,Clostridium,Clostridium scatologenes,Clostridium scatologenes,1193,9,5,4,10,0,0,0,0
Bacteria,Firmicutes,Clostridia,Clostridiales,Clostridiaceae,Clostridium,Clostridium septicum,Clostridium septicum,1195,14,7,6,6,0,0,3,0
Bacteria,Firmicutes,Clostridia,Clostridiales,Clostridiaceae,Clostridium,Clostridium sp. AWRP,Clostridium sp. AWRP,1196,5,15,3,7,0,0,0,0
Bacteria,Firmicutes,Clostridia,Clostridiales,Clostridiaceae,Clostridium,Clostridium sp. BNL1100,Clostridium sp. BNL1100,1197,23,26,21,25,9,6,5,6
Bacteria,Firmicutes,Clostridia,Clostridiales,Clostridiaceae,Clostridium,Clostridium sp. CT4,Clostridium sp. CT4,1198,28,25,9,16,7,4,4,7
Bacteria,Firmicutes,Clostridia,Clostridiales,Clostridiaceae,Clostridium,Clostridium sp. DL-VIII,Clostridium sp. DL-VIII,1199,29,19,5,24,0,1,0,1
Bacteria,Firmicutes,Clostridia,Clostridiales,Clostridiaceae,Clostridium,Clostridium sp. JN-1,Clostridium sp. JN-1,1200,16,20,7,13,0,0,0,0
Bacteria,Firmicutes,Clostridia,Clostridiales,Clostridiaceae,Clostridium,Clostridium sp. JN-9,Clostridium sp. JN-9,1201,20,17,11,12,8,2,0,5
Bacteria,Firmicutes,Clostridia,Clostridiales,Clostridiaceae,Clostridium,Clostridium sp. JN500901,Clostridium sp. JN500901,1202,6,8,4,6,0,1,0,0
Bacteria,Firmicutes,Clostridia,Clostridiales,Clostridiaceae,Clostridium,Clostridium sp. MF28,Clostridium sp. MF28,1203,1,0,0,0,0,0,0,0
Bacteria,Firmicutes,Clostridia,Clostridiales,Clostridiaceae,Clostridium,Clostridium sp. SY8519,Clostridium sp. SY8519,1204,237,285,117,225,10,13,8,10
Bacteria,Firmicutes,Clostridia,Clostridiales,Clostridiaceae,Clostridium,Clostridium sp. SYSU GA15002T,Clostridium sp. SYSU GA15002T,1205,19,16,9,18,11,4,1,5
Bacteria,Firmicutes,Clostridia,Clostridiales,Clostridiaceae,Clostridium,Clostridium sporogenes,Clostridium sporogenes,1206,1,2,0,1,0,0,0,0
Bacteria,Firmicutes,Clostridia,Clostridiales,Clostridiaceae,Clostridium,Clostridium taeniosporum,Clostridium taeniosporum,1207,13,14,5,14,0,0,0,0
Bacteria,Firmicutes,Clostridia,Clostridiales,Clostridiaceae,Clostridium,Clostridium tetani,Clostridium tetani,1208,33,21,9,17,5,5,1,3
Bacteria,Firmicutes,Clostridia,Clostridiales,Clostridiaceae,Clostridium,Clostridium tyrobutyricum,Clostridium tyrobutyricum,1209,17,17,4,15,2,6,6,5
Bacteria,Firmicutes,Clostridia,Clostridiales,Clostridiaceae,Crassaminicella,Crassaminicella sp. SY095,Crassaminicella sp. SY095,1320,15,19,7,11,1,1,0,1
Bacteria,Firmicutes,Clostridia,Clostridiales,Clostridiaceae,Geosporobacter,Geosporobacter ferrireducens,Geosporobacter ferrireducens,2318,14,26,7,18,0,2,1,2
Bacteria,Firmicutes,Clostridia,Clostridiales,Clostridiaceae,Hathewaya,Hathewaya histolytica,Hathewaya histolytica,2464,14,15,8,8,7,5,1,5
Bacteria,Firmicutes,Clostridia,Clostridiales,Clostridiaceae,Hungatella,Hungatella hathewayi,Hungatella hathewayi,2504,108,171,63,105,13,2,6,16
Bacteria,Firmicutes,Clostridia,Clostridiales,Clostridiales Family XIII. Incertae Sedis,Aminipila,Aminipila butyrica,Aminipila butyrica,274,13,10,2,14,12,5,3,13
Bacteria,Firmicutes,Clostridia,Clostridiales,Clostridiales Family XIII. Incertae Sedis,Aminipila,Aminipila sp. CBA3637,Aminipila sp. CBA3637,275,26,37,16,17,3,4,2,2
Bacteria,Firmicutes,Clostridia,Clostridiales,Clostridiales Family XIII. Incertae Sedis,Aminipila,Aminipila sp. JN-18,Aminipila sp. JN-18,276,16,23,8,18,5,10,3,7
Bacteria,Firmicutes,Clostridia,Clostridiales,Clostridiales Family XIII. Incertae Sedis,Mogibacterium,Mogibacterium diversum,Mogibacterium diversum,3231,16,14,11,19,15,11,7,8
Bacteria,Firmicutes,Clostridia,Clostridiales,Clostridiales Family XIII. Incertae Sedis,Mogibacterium,Mogibacterium pumilum,Mogibacterium pumilum,3232,19,21,12,15,13,9,3,9
Bacteria,Firmicutes,Clostridia,Clostridiales,Clostridiales Family XVI. Incertae Sedis,Carboxydocella,Carboxydocella thermautotrophica,Carboxydocella thermautotrophica,994,6,2,3,1,5,1,1,2
Bacteria,Firmicutes,Clostridia,Clostridiales,Clostridiales Family XVII. Incertae Sedis,Thermaerobacter,Thermaerobacter marianensis,Thermaerobacter marianensis,5098,0,3,0,3,0,0,0,0
Bacteria,Firmicutes,Clostridia,Clostridiales,Clostridiales Family XVII. Incertae Sedis,Thermaerobacter,Thermaerobacter sp. FW80,Thermaerobacter sp. FW80,5099,3,3,0,2,1,0,1,0
Bacteria,Firmicutes,Clostridia,Clostridiales,Eubacteriaceae,Acetobacterium,Acetobacterium sp. KB-1,Acetobacterium sp. KB-1,13,8,10,14,5,8,5,22,10
Bacteria,Firmicutes,Clostridia,Clostridiales,Eubacteriaceae,Acetobacterium,Acetobacterium woodii,Acetobacterium woodii,14,6,11,5,5,1,1,0,1
Bacteria,Firmicutes,Clostridia,Clostridiales,Eubacteriaceae,Eubacterium,Eubacterium callanderi,Eubacterium callanderi,1658,28,22,6,15,0,0,0,0
Bacteria,Firmicutes,Clostridia,Clostridiales,Eubacteriaceae,Eubacterium,Eubacterium cellulosolvens,Eubacterium cellulosolvens,1659,158,259,92,182,27,22,16,27
Bacteria,Firmicutes,Clostridia,Clostridiales,Eubacteriaceae,Eubacterium,Eubacterium limosum,Eubacterium limosum,1660,140,261,103,140,5,0,1,5
Bacteria,Firmicutes,Clostridia,Clostridiales,Eubacteriaceae,Eubacterium,Eubacterium maltosivorans,Eubacterium maltosivorans,1661,73,57,33,64,38,54,32,96
Bacteria,Firmicutes,Clostridia,Clostridiales,Heliobacteriaceae,Heliobacterium,Heliobacterium modesticaldum,Heliobacterium modesticaldum,2480,5,2,3,6,2,0,1,1
Bacteria,Firmicutes,Clostridia,Clostridiales,Heliobacteriaceae,Heliorestis,Heliorestis convoluta,Heliorestis convoluta,2481,9,3,0,4,0,0,0,0
Bacteria,Firmicutes,Clostridia,Clostridiales,Hungateiclostridiaceae,Fastidiosipila,Fastidiosipila sanguinis,Fastidiosipila sanguinis,1793,14,10,7,5,9,5,2,5
Bacteria,Firmicutes,Clostridia,Clostridiales,Hungateiclostridiaceae,Hungateiclostridium,Hungateiclostridium clariflavum,Hungateiclostridium clariflavum,2501,17,17,13,17,0,2,2,3
Bacteria,Firmicutes,Clostridia,Clostridiales,Hungateiclostridiaceae,Hungateiclostridium,Hungateiclostridium saccincola,Hungateiclostridium saccincola,2502,12,11,8,6,7,7,2,13
Bacteria,Firmicutes,Clostridia,Clostridiales,Hungateiclostridiaceae,Hungateiclostridium,Hungateiclostridium thermocellum,Hungateiclostridium thermocellum,2503,22,21,20,17,5,11,8,7
Bacteria,Firmicutes,Clostridia,Clostridiales,Hungateiclostridiaceae,Mageeibacillus,Mageeibacillus indolicus,Mageeibacillus indolicus,2923,33,21,10,21,0,0,0,1
Bacteria,Firmicutes,Clostridia,Clostridiales,Hungateiclostridiaceae,Pseudoclostridium,Pseudoclostridium thermosuccinogenes,Pseudoclostridium thermosuccinogenes,4070,21,13,11,19,24,16,6,17
Bacteria,Firmicutes,Clostridia,Clostridiales,Hungateiclostridiaceae,Ruminiclostridium,Ruminiclostridium cellulolyticum,Ruminiclostridium cellulolyticum,4432,9,21,5,20,13,3,4,2
Bacteria,Firmicutes,Clostridia,Clostridiales,Hungateiclostridiaceae,Thermoclostridium,Thermoclostridium stercorarium,Thermoclostridium stercorarium,5119,12,16,11,16,13,19,5,17
Bacteria,Firmicutes,Clostridia,Clostridiales,Lachnospiraceae,Anaerobutyricum,Anaerobutyricum hallii,Anaerobutyricum hallii,293,6369,10302,4031,6757,209,246,153,249
Bacteria,Firmicutes,Clostridia,Clostridiales,Lachnospiraceae,Anaerocolumna,Anaerocolumna cellulosilytica,Anaerocolumna cellulosilytica,296,95,167,90,95,9,10,9,3
Bacteria,Firmicutes,Clostridia,Clostridiales,Lachnospiraceae,Anaerocolumna,Anaerocolumna sp. CBA3638,Anaerocolumna sp. CBA3638,297,148,202,68,127,11,16,11,10
Bacteria,Firmicutes,Clostridia,Clostridiales,Lachnospiraceae,Anaerocolumna,Anaerocolumna sp. CTTW,Anaerocolumna sp. CTTW,298,135,215,104,132,4,9,9,8
Bacteria,Firmicutes,Clostridia,Clostridiales,Lachnospiraceae,Anaerostipes,Anaerostipes caccae,Anaerostipes caccae,305,130,192,57,127,9,6,5,17
Bacteria,Firmicutes,Clostridia,Clostridiales,Lachnospiraceae,Anaerostipes,Anaerostipes hadrus,Anaerostipes hadrus,306,7700,17082,6627,10617,13,31,10,13
Bacteria,Firmicutes,Clostridia,Clostridiales,Lachnospiraceae,Anaerostipes,Anaerostipes rhamnosivorans,Anaerostipes rhamnosivorans,307,154,212,119,151,10,28,34,20
Bacteria,Firmicutes,Clostridia,Clostridiales,Lachnospiraceae,Anaerotignum,Anaerotignum propionicum,Anaerotignum propionicum,308,48,47,20,34,22,24,16,32
Bacteria,Firmicutes,Clostridia,Clostridiales,Lachnospiraceae,Blautia,Blautia producta,Blautia producta,617,589,1031,433,663,29,36,32,39
Bacteria,Firmicutes,Clostridia,Clostridiales,Lachnospiraceae,Blautia,Blautia sp. N6H1-15,Blautia sp. N6H1-15,618,800,954,388,807,18,28,32,29
Bacteria,Firmicutes,Clostridia,Clostridiales,Lachnospiraceae,Blautia,Blautia sp. SC05B48,Blautia sp. SC05B48,619,3561,4985,2003,3229,92,86,58,102
Bacteria,Firmicutes,Clostridia,Clostridiales,Lachnospiraceae,Blautia,Blautia sp. YL58,Blautia sp. YL58,620,2,0,4,0,0,0,0,0
Bacteria,Firmicutes,Clostridia,Clostridiales,Lachnospiraceae,Butyrivibrio,Butyrivibrio fibrisolvens,Butyrivibrio fibrisolvens,766,181,268,189,190,83,86,106,103
Bacteria,Firmicutes,Clostridia,Clostridiales,Lachnospiraceae,Butyrivibrio,Butyrivibrio hungatei,Butyrivibrio hungatei,767,155,213,161,187,74,76,107,78
Bacteria,Firmicutes,Clostridia,Clostridiales,Lachnospiraceae,Butyrivibrio,Butyrivibrio proteoclasticus,Butyrivibrio proteoclasticus,768,164,246,143,169,48,42,58,34
Bacteria,Firmicutes,Clostridia,Clostridiales,Lachnospiraceae,Cellulosilyticum,Cellulosilyticum lentocellum,Cellulosilyticum lentocellum,1038,0,4,3,3,0,0,0,1
Bacteria,Firmicutes,Clostridia,Clostridiales,Lachnospiraceae,Cellulosilyticum,Cellulosilyticum sp. WCF-2,Cellulosilyticum sp. WCF-2,1039,18,40,16,24,1,1,3,2
Bacteria,Firmicutes,Clostridia,Clostridiales,Lachnospiraceae,Enterocloster,Enterocloster bolteae,Enterocloster bolteae,1601,359,384,161,273,32,41,32,56
Bacteria,Firmicutes,Clostridia,Clostridiales,Lachnospiraceae,Enterocloster,Enterocloster clostridioformis,Enterocloster clostridioformis,1602,221,274,85,181,15,27,13,27
Bacteria,Firmicutes,Clostridia,Clostridiales,Lachnospiraceae,Herbinix,Herbinix luporum,Herbinix luporum,2490,80,94,29,40,0,2,2,3
Bacteria,Firmicutes,Clostridia,Clostridiales,Lachnospiraceae,Lachnoanaerobaculum,Lachnoanaerobaculum umeaense,Lachnoanaerobaculum umeaense,2672,124,168,65,123,36,18,12,17
Bacteria,Firmicutes,Clostridia,Clostridiales,Lachnospiraceae,Lachnoclostridium,Clostridium hylemonae,Clostridium hylemonae,1182,345,495,165,316,0,1,0,1
Bacteria,Firmicutes,Clostridia,Clostridiales,Lachnospiraceae,Lachnoclostridium,Clostridium scindens,Clostridium scindens,1194,679,1044,367,692,10,8,8,11
Bacteria,Firmicutes,Clostridia,Clostridiales,Lachnospiraceae,Lachnoclostridium,Lachnoclostridium phocaeense,Lachnoclostridium phocaeense,2673,415,800,346,526,39,61,51,53
Bacteria,Firmicutes,Clostridia,Clostridiales,Lachnospiraceae,Lachnoclostridium,Lachnoclostridium phytofermentans,Lachnoclostridium phytofermentans,2674,146,189,73,115,23,12,6,17
Bacteria,Firmicutes,Clostridia,Clostridiales,Lachnospiraceae,Lachnoclostridium,Lachnoclostridium sp. YL32,Lachnoclostridium sp. YL32,2675,172,220,88,177,17,41,17,48
Bacteria,Firmicutes,Clostridia,Clostridiales,Lachnospiraceae,Lachnospira,Lachnospira eligens,Lachnospira eligens,2676,8938,16034,6172,9924,56,76,47,88
Bacteria,Firmicutes,Clostridia,Clostridiales,Lachnospiraceae,Lacrimispora,Lacrimispora saccharolytica,Lacrimispora saccharolytica,2688,128,242,77,134,18,18,12,16
Bacteria,Firmicutes,Clostridia,Clostridiales,Lachnospiraceae,Lacrimispora,Lacrimispora sphenoides,Lacrimispora sphenoides,2689,120,185,137,131,38,29,34,28
Bacteria,Firmicutes,Clostridia,Clostridiales,Lachnospiraceae,Mediterraneibacter,Ruminococcus gnavus,Ruminococcus gnavus,4439,10896,7116,2829,8676,57,21,22,36
Bacteria,Firmicutes,Clostridia,Clostridiales,Lachnospiraceae,Pseudobutyrivibrio,Pseudobutyrivibrio xylanivorans,Pseudobutyrivibrio xylanivorans,4069,252,285,193,211,45,52,71,74
Bacteria,Firmicutes,Clostridia,Clostridiales,Lachnospiraceae,Roseburia,Roseburia hominis,Roseburia hominis,4393,11478,8317,3236,9652,269,242,167,335
Bacteria,Firmicutes,Clostridia,Clostridiales,Lachnospiraceae,Roseburia,Roseburia intestinalis,Roseburia intestinalis,4394,15547,17801,6770,10999,64,82,70,102
Bacteria,Firmicutes,Clostridia,Clostridiales,Oscillospiraceae,Dysosmobacter,Dysosmobacter welbionis,Dysosmobacter welbionis,1518,317,346,156,215,22,31,21,38
Bacteria,Firmicutes,Clostridia,Clostridiales,Oscillospiraceae,Oscillibacter,Oscillibacter sp. PEA192,Oscillibacter sp. PEA192,3606,26,34,31,43,59,75,32,106
Bacteria,Firmicutes,Clostridia,Clostridiales,Oscillospiraceae,Oscillibacter,Oscillibacter valericigenes,Oscillibacter valericigenes,3607,36,30,9,22,8,2,5,5
Bacteria,Firmicutes,Clostridia,Clostridiales,Peptococcaceae,Candidatus Desulforudis,Candidatus Desulforudis audaxviator,Candidatus Desulforudis audaxviator,879,3,1,1,1,0,2,0,0
Bacteria,Firmicutes,Clostridia,Clostridiales,Peptococcaceae,Dehalobacter,Dehalobacter restrictus,Dehalobacter restrictus,1374,7,17,1,6,6,7,3,1
Bacteria,Firmicutes,Clostridia,Clostridiales,Peptococcaceae,Dehalobacter,Dehalobacter sp. CF,Dehalobacter sp. CF,1375,0,0,0,1,0,0,0,0
Bacteria,Firmicutes,Clostridia,Clostridiales,Peptococcaceae,Dehalobacter,Dehalobacter sp. DCA,Dehalobacter sp. DCA,1376,1,1,1,0,0,0,0,0
Bacteria,Firmicutes,Clostridia,Clostridiales,Peptococcaceae,Dehalobacterium,Dehalobacterium formicoaceticum,Dehalobacterium formicoaceticum,1377,4,8,1,6,9,8,6,6
Bacteria,Firmicutes,Clostridia,Clostridiales,Peptococcaceae,Desulfallas,Desulfallas gibsoniae,Desulfallas gibsoniae,1409,8,11,5,18,6,3,8,6
Bacteria,Firmicutes,Clostridia,Clostridiales,Peptococcaceae,Desulfitobacterium,Desulfitobacterium dehalogenans,Desulfitobacterium dehalogenans,1412,8,9,4,7,0,3,1,3
Bacteria,Firmicutes,Clostridia,Clostridiales,Peptococcaceae,Desulfitobacterium,Desulfitobacterium dichloroeliminans,Desulfitobacterium dichloroeliminans,1413,1,7,3,2,1,0,0,1
Bacteria,Firmicutes,Clostridia,Clostridiales,Peptococcaceae,Desulfitobacterium,Desulfitobacterium hafniense,Desulfitobacterium hafniense,1414,9,12,7,6,0,7,6,2
Bacteria,Firmicutes,Clostridia,Clostridiales,Peptococcaceae,Desulfitobacterium,Desulfitobacterium metallireducens,Desulfitobacterium metallireducens,1415,14,13,5,12,1,2,0,1
Bacteria,Firmicutes,Clostridia,Clostridiales,Peptococcaceae,Desulfofarcimen,Desulfofarcimen acetoxidans,Desulfofarcimen acetoxidans,1427,6,4,3,6,0,0,0,0
Bacteria,Firmicutes,Clostridia,Clostridiales,Peptococcaceae,Desulfosporosinus,Desulfosporosinus acidiphilus,Desulfosporosinus acidiphilus,1438,8,7,27,14,1,9,23,6
Bacteria,Firmicutes,Clostridia,Clostridiales,Peptococcaceae,Desulfosporosinus,Desulfosporosinus meridiei,Desulfosporosinus meridiei,1439,5,18,4,10,0,1,0,0
Bacteria,Firmicutes,Clostridia,Clostridiales,Peptococcaceae,Desulfosporosinus,Desulfosporosinus orientis,Desulfosporosinus orientis,1440,11,8,3,4,0,0,0,0
Bacteria,Firmicutes,Clostridia,Clostridiales,Peptococcaceae,Desulfosporosinus,Desulfosporosinus youngiae,Desulfosporosinus youngiae,1441,10,12,3,5,6,4,5,3
Bacteria,Firmicutes,Clostridia,Clostridiales,Peptococcaceae,Desulfotomaculum,Desulfotomaculum ferrireducens,Desulfotomaculum ferrireducens,1443,2,3,2,5,8,1,1,6
Bacteria,Firmicutes,Clostridia,Clostridiales,Peptococcaceae,Desulfotomaculum,Desulfotomaculum nigrificans,Desulfotomaculum nigrificans,1444,3,5,1,11,11,3,2,3
Bacteria,Firmicutes,Clostridia,Clostridiales,Peptococcaceae,Desulfotomaculum,Desulfotomaculum reducens,Desulfotomaculum reducens,1445,2,5,3,1,1,1,0,0
Bacteria,Firmicutes,Clostridia,Clostridiales,Peptococcaceae,Desulfotomaculum,Desulfotomaculum ruminis,Desulfotomaculum ruminis,1446,5,7,1,5,0,0,0,0
Bacteria,Firmicutes,Clostridia,Clostridiales,Peptococcaceae,Syntrophobotulus,Syntrophobotulus glycolicus,Syntrophobotulus glycolicus,5041,6,13,7,9,0,1,0,0
Bacteria,Firmicutes,Clostridia,Clostridiales,Peptococcaceae,Thermincola,Thermincola potens,Thermincola potens,5103,8,8,1,1,0,1,1,1
Bacteria,Firmicutes,Clostridia,Clostridiales,Peptostreptococcaceae,Acetoanaerobium,Acetoanaerobium sticklandii,Acetoanaerobium sticklandii,2,12,12,10,12,10,8,4,17
Bacteria,Firmicutes,Clostridia,Clostridiales,Peptostreptococcaceae,Clostridioides,Clostridioides difficile,Clostridioides difficile,1163,837,942,412,740,123,158,105,192
Bacteria,Firmicutes,Clostridia,Clostridiales,Peptostreptococcaceae,Filifactor,Filifactor alocis,Filifactor alocis,1808,10,12,10,14,0,0,0,0
Bacteria,Firmicutes,Clostridia,Clostridiales,Peptostreptococcaceae,Paeniclostridium,Paeniclostridium sordellii,Paeniclostridium sordellii,3693,74,28,6,28,0,0,0,0
Bacteria,Firmicutes,Clostridia,Clostridiales,Peptostreptococcaceae,Paraclostridium,Paraclostridium bifermentans,Paraclostridium bifermentans,3756,70,26,7,17,0,0,0,0
Bacteria,Firmicutes,Clostridia,Clostridiales,Peptostreptococcaceae,Peptacetobacter,Peptacetobacter hiranonis,Peptacetobacter hiranonis,3840,112,50,29,60,17,13,7,16
Bacteria,Firmicutes,Clostridia,Clostridiales,Peptostreptococcaceae,Peptoclostridium,Peptoclostridium acidaminophilum,Peptoclostridium acidaminophilum,3841,16,15,9,11,17,9,2,7
Bacteria,Firmicutes,Clostridia,Clostridiales,Peptostreptococcaceae,Romboutsia,Romboutsia hominis,Romboutsia hominis,4389,156,33,16,54,0,0,0,0
Bacteria,Firmicutes,Clostridia,Clostridiales,Peptostreptococcaceae,Romboutsia,Romboutsia ilealis,Romboutsia ilealis,4390,188,45,12,53,0,0,0,0
Bacteria,Firmicutes,Clostridia,Clostridiales,Peptostreptococcaceae,Romboutsia,Romboutsia sp. CE17,Romboutsia sp. CE17,4391,203,51,22,73,0,0,1,0
Bacteria,Firmicutes,Clostridia,Clostridiales,Ruminococcaceae,Caproiciproducens,Caproiciproducens sp. NJN-50,Caproiciproducens sp. NJN-50,993,19,31,16,15,6,13,2,7
Bacteria,Firmicutes,Clostridia,Clostridiales,Ruminococcaceae,Ethanoligenens,Ethanoligenens harbinense,Ethanoligenens harbinense,1657,25,17,37,21,32,31,33,49
Bacteria,Firmicutes,Clostridia,Clostridiales,Ruminococcaceae,Faecalibacterium,Faecalibacterium prausnitzii,Faecalibacterium prausnitzii,1789,10947,33003,34753,56301,88258,118597,78860,152213
Bacteria,Firmicutes,Clostridia,Clostridiales,Ruminococcaceae,Flavonifractor,Flavonifractor plautii,Flavonifractor plautii,1866,11301,3393,1303,4790,68,83,58,127
Bacteria,Firmicutes,Clostridia,Clostridiales,Ruminococcaceae,Ruminococcus,Ruminococcus albus,Ruminococcus albus,4436,35,84,125,67,94,94,141,136
Bacteria,Firmicutes,Clostridia,Clostridiales,Ruminococcaceae,Ruminococcus,Ruminococcus bicirculans,Ruminococcus bicirculans,4437,169,183,121,211,343,248,159,288
Bacteria,Firmicutes,Clostridia,Clostridiales,Ruminococcaceae,Ruminococcus,Ruminococcus champanellensis,Ruminococcus champanellensis,4438,46,50,35,35,30,33,33,28
Bacteria,Firmicutes,Clostridia,Clostridiales,Ruminococcaceae,Ruminococcus,Ruminococcus sp. JE7A12,Ruminococcus sp. JE7A12,4440,101,164,144,214,556,414,257,570
Bacteria,Firmicutes,Clostridia,Clostridiales,Ruminococcaceae,Ruthenibacterium,Ruthenibacterium lactatiformans,Ruthenibacterium lactatiformans,4445,11025,4449,1708,6316,29,35,12,26
Bacteria,Firmicutes,Clostridia,Clostridiales,Symbiobacteriaceae,Symbiobacterium,Symbiobacterium thermophilum,Symbiobacterium thermophilum,5035,1,1,1,1,4,2,7,6
Bacteria,Firmicutes,Clostridia,Clostridiales,Syntrophomonadaceae,Candidatus Syntrophocurvum,Candidatus Syntrophocurvum alkaliphilum,Candidatus Syntrophocurvum alkaliphilum,970,3,2,1,4,0,0,1,0
Bacteria,Firmicutes,Clostridia,Clostridiales,Syntrophomonadaceae,Syntrophomonas,Syntrophomonas wolfei,Syntrophomonas wolfei,5042,6,6,3,4,0,0,0,0
Bacteria,Firmicutes,Clostridia,Clostridiales,Syntrophomonadaceae,Syntrophothermus,Syntrophothermus lipocalidus,Syntrophothermus lipocalidus,5043,6,1,2,4,0,1,0,2
Bacteria,Firmicutes,Clostridia,Clostridiales,Vallitaleaceae,Petrocella,Petrocella atlantisensis,Petrocella atlantisensis,3854,19,24,7,11,1,1,2,3
Bacteria,Firmicutes,Clostridia,Halanaerobiales,Halanaerobiaceae,Halanaerobium,Halanaerobium hydrogeniformans,Halanaerobium hydrogeniformans,2388,4,0,2,1,0,0,0,0
Bacteria,Firmicutes,Clostridia,Halanaerobiales,Halanaerobiaceae,Halanaerobium,Halanaerobium praevalens,Halanaerobium praevalens,2389,10,14,2,14,0,0,0,0
Bacteria,Firmicutes,Clostridia,Halanaerobiales,Halanaerobiaceae,Halocella,Halocella sp. SP3-1,Halocella sp. SP3-1,2412,8,6,3,10,8,2,6,5
Bacteria,Firmicutes,Clostridia,Halanaerobiales,Halanaerobiaceae,Halothermothrix,Halothermothrix orenii,Halothermothrix orenii,2459,4,5,4,6,0,1,1,2
Bacteria,Firmicutes,Clostridia,Halanaerobiales,Halobacteroidaceae,Acetohalobium,Acetohalobium arabaticum,Acetohalobium arabaticum,15,6,6,1,0,0,0,0,0
Bacteria,Firmicutes,Clostridia,Halanaerobiales,Halobacteroidaceae,Halobacteroides,Halobacteroides halobius,Halobacteroides halobius,2409,2,2,0,2,0,0,0,0
Bacteria,Firmicutes,Clostridia,Natranaerobiales,Natranaerobiaceae,Natranaerobius,Natranaerobius thermophilus,Natranaerobius thermophilus,3353,4,2,1,7,0,1,0,0
Bacteria,Firmicutes,Clostridia,Thermoanaerobacterales,Thermoanaerobacteraceae,Ammonifex,Ammonifex degensii,Ammonifex degensii,281,1,0,1,2,1,0,0,1
Bacteria,Firmicutes,Clostridia,Thermoanaerobacterales,Thermoanaerobacteraceae,Caldanaerobacter,Caldanaerobacter subterraneus,Caldanaerobacter subterraneus,791,4,7,1,1,3,4,3,1
Bacteria,Firmicutes,Clostridia,Thermoanaerobacterales,Thermoanaerobacteraceae,Carboxydothermus,Carboxydothermus hydrogenoformans,Carboxydothermus hydrogenoformans,995,3,3,1,4,0,0,1,0
Bacteria,Firmicutes,Clostridia,Thermoanaerobacterales,Thermoanaerobacteraceae,Moorella,Moorella glycerini,Moorella glycerini,3234,0,0,4,0,1,1,0,1
Bacteria,Firmicutes,Clostridia,Thermoanaerobacterales,Thermoanaerobacteraceae,Moorella,Moorella thermoacetica,Moorella thermoacetica,3235,4,4,1,0,1,0,0,0
Bacteria,Firmicutes,Clostridia,Thermoanaerobacterales,Thermoanaerobacteraceae,Tepidanaerobacter,Tepidanaerobacter acetatoxydans,Tepidanaerobacter acetatoxydans,5066,9,14,7,10,1,0,1,0
Bacteria,Firmicutes,Clostridia,Thermoanaerobacterales,Thermoanaerobacteraceae,Thermacetogenium,Thermacetogenium phaeum,Thermacetogenium phaeum,5097,2,3,1,7,0,0,0,1
Bacteria,Firmicutes,Clostridia,Thermoanaerobacterales,Thermoanaerobacteraceae,Thermanaeromonas,Thermanaeromonas toyohensis,Thermanaeromonas toyohensis,5100,0,3,2,3,0,0,0,0
Bacteria,Firmicutes,Clostridia,Thermoanaerobacterales,Thermoanaerobacteraceae,Thermoanaerobacter,Thermoanaerobacter ethanolicus,Thermoanaerobacter ethanolicus,5105,1,0,0,0,0,0,0,0
Bacteria,Firmicutes,Clostridia,Thermoanaerobacterales,Thermoanaerobacteraceae,Thermoanaerobacter,Thermoanaerobacter italicus,Thermoanaerobacter italicus,5106,3,0,0,0,0,0,0,0
Bacteria,Firmicutes,Clostridia,Thermoanaerobacterales,Thermoanaerobacteraceae,Thermoanaerobacter,Thermoanaerobacter kivui,Thermoanaerobacter kivui,5107,4,1,1,3,0,1,0,0
Bacteria,Firmicutes,Clostridia,Thermoanaerobacterales,Thermoanaerobacteraceae,Thermoanaerobacter,Thermoanaerobacter mathranii,Thermoanaerobacter mathranii,5108,1,0,2,0,0,0,0,0
Bacteria,Firmicutes,Clostridia,Thermoanaerobacterales,Thermoanaerobacteraceae,Thermoanaerobacter,Thermoanaerobacter wiegelii,Thermoanaerobacter wiegelii,5109,0,0,0,3,0,0,0,0
Bacteria,Firmicutes,Clostridia,Thermoanaerobacterales,Thermoanaerobacterales Family III. Incertae Sedis,Caldicellulosiruptor,Caldicellulosiruptor bescii,Caldicellulosiruptor bescii,792,2,2,0,0,6,13,1,4
Bacteria,Firmicutes,Clostridia,Thermoanaerobacterales,Thermoanaerobacterales Family III. Incertae Sedis,Caldicellulosiruptor,Caldicellulosiruptor changbaiensis,Caldicellulosiruptor changbaiensis,793,4,5,4,4,5,1,3,6
Bacteria,Firmicutes,Clostridia,Thermoanaerobacterales,Thermoanaerobacterales Family III. Incertae Sedis,Caldicellulosiruptor,Caldicellulosiruptor hydrothermalis,Caldicellulosiruptor hydrothermalis,794,2,3,0,2,2,0,0,2
Bacteria,Firmicutes,Clostridia,Thermoanaerobacterales,Thermoanaerobacterales Family III. Incertae Sedis,Caldicellulosiruptor,Caldicellulosiruptor kristjanssonii,Caldicellulosiruptor kristjanssonii,795,0,0,1,1,0,0,0,0
Bacteria,Firmicutes,Clostridia,Thermoanaerobacterales,Thermoanaerobacterales Family III. Incertae Sedis,Caldicellulosiruptor,Caldicellulosiruptor kronotskyensis,Caldicellulosiruptor kronotskyensis,796,5,2,2,3,0,0,0,0
Bacteria,Firmicutes,Clostridia,Thermoanaerobacterales,Thermoanaerobacterales Family III. Incertae Sedis,Caldicellulosiruptor,Caldicellulosiruptor lactoaceticus,Caldicellulosiruptor lactoaceticus,797,1,2,0,0,1,0,0,0
Bacteria,Firmicutes,Clostridia,Thermoanaerobacterales,Thermoanaerobacterales Family III. Incertae Sedis,Caldicellulosiruptor,Caldicellulosiruptor obsidiansis,Caldicellulosiruptor obsidiansis,798,6,8,1,3,0,0,0,0
Bacteria,Firmicutes,Clostridia,Thermoanaerobacterales,Thermoanaerobacterales Family III. Incertae Sedis,Caldicellulosiruptor,Caldicellulosiruptor owensensis,Caldicellulosiruptor owensensis,799,0,4,3,4,3,5,2,3
Bacteria,Firmicutes,Clostridia,Thermoanaerobacterales,Thermoanaerobacterales Family III. Incertae Sedis,Caldicellulosiruptor,Caldicellulosiruptor saccharolyticus,Caldicellulosiruptor saccharolyticus,800,3,5,2,2,0,0,0,0
Bacteria,Firmicutes,Clostridia,Thermoanaerobacterales,Thermoanaerobacterales Family III. Incertae Sedis,Thermoanaerobacterium,Thermoanaerobacterium aotearoense,Thermoanaerobacterium aotearoense,5111,5,2,2,2,0,0,2,0
Bacteria,Firmicutes,Clostridia,Thermoanaerobacterales,Thermoanaerobacterales Family III. Incertae Sedis,Thermoanaerobacterium,Thermoanaerobacterium sp. RBIITD,Thermoanaerobacterium sp. RBIITD,5112,11,2,4,4,3,0,0,1
Bacteria,Firmicutes,Clostridia,Thermoanaerobacterales,Thermoanaerobacterales Family III. Incertae Sedis,Thermoanaerobacterium,Thermoanaerobacterium thermosaccharolyticum,Thermoanaerobacterium thermosaccharolyticum,5113,10,14,12,12,20,10,7,15
Bacteria,Firmicutes,Clostridia,Thermoanaerobacterales,Thermoanaerobacterales Family III. Incertae Sedis,Thermoanaerobacterium,Thermoanaerobacterium xylanolyticum,Thermoanaerobacterium xylanolyticum,5114,7,10,4,7,0,1,0,0
Bacteria,Firmicutes,Clostridia,Thermoanaerobacterales,Thermoanaerobacterales Family III. Incertae Sedis,Thermosediminibacter,Thermosediminibacter oceani,Thermosediminibacter oceani,5150,0,4,1,3,0,0,0,0
Bacteria,Firmicutes,Clostridia,Thermoanaerobacterales,Thermoanaerobacterales Family IV. Incertae Sedis,Mahella,Mahella australiensis,Mahella australiensis,2930,3,10,40,10,6,17,31,11
Bacteria,Firmicutes,Clostridia,Thermoanaerobacterales,Thermodesulfobiaceae,Thermodesulfobium,Thermodesulfobium acidiphilum,Thermodesulfobium acidiphilum,5138,1,0,0,1,0,0,0,0
Bacteria,Firmicutes,Clostridia,Thermoanaerobacterales,Thermodesulfobiaceae,Thermodesulfobium,Thermodesulfobium narugense,Thermodesulfobium narugense,5139,0,1,1,1,0,0,0,0
Bacteria,Firmicutes,Erysipelotrichia,Erysipelotrichales,Erysipelotrichaceae,Amedibacterium,Amedibacterium intestinale,Amedibacterium intestinale,273,157,148,64,115,4,3,2,5
Bacteria,Firmicutes,Erysipelotrichia,Erysipelotrichales,Erysipelotrichaceae,Erysipelatoclostridium,Clostridium innocuum,Clostridium innocuum,1183,251,344,117,224,5,11,5,7
Bacteria,Firmicutes,Erysipelotrichia,Erysipelotrichales,Erysipelotrichaceae,Erysipelatoclostridium,Erysipelatoclostridium ramosum,Erysipelatoclostridium ramosum,1632,72,41,40,34,9,15,30,7
Bacteria,Firmicutes,Erysipelotrichia,Erysipelotrichales,Erysipelotrichaceae,Erysipelothrix,Erysipelothrix larvae,Erysipelothrix larvae,1633,13,9,4,2,0,0,0,0
Bacteria,Firmicutes,Erysipelotrichia,Erysipelotrichales,Erysipelotrichaceae,Erysipelothrix,Erysipelothrix piscisicarius,Erysipelothrix piscisicarius,1634,15,8,2,6,0,0,1,1
Bacteria,Firmicutes,Erysipelotrichia,Erysipelotrichales,Erysipelotrichaceae,Erysipelothrix,Erysipelothrix rhusiopathiae,Erysipelothrix rhusiopathiae,1635,10,17,3,12,0,0,0,0
Bacteria,Firmicutes,Erysipelotrichia,Erysipelotrichales,Erysipelotrichaceae,Erysipelothrix,Erysipelothrix sp. HDW6A,Erysipelothrix sp. HDW6A,1636,11,4,1,4,2,2,1,2
Bacteria,Firmicutes,Erysipelotrichia,Erysipelotrichales,Erysipelotrichaceae,Erysipelothrix,Erysipelothrix sp. HDW6B,Erysipelothrix sp. HDW6B,1637,7,5,5,6,1,6,4,5
Bacteria,Firmicutes,Erysipelotrichia,Erysipelotrichales,Erysipelotrichaceae,Erysipelothrix,Erysipelothrix sp. HDW6C,Erysipelothrix sp. HDW6C,1638,5,6,2,4,0,0,0,0
Bacteria,Firmicutes,Erysipelotrichia,Erysipelotrichales,Erysipelotrichaceae,Faecalibaculum,Faecalibaculum rodentium,Faecalibaculum rodentium,1791,34,23,7,16,1,0,1,1
Bacteria,Firmicutes,Erysipelotrichia,Erysipelotrichales,Erysipelotrichaceae,Faecalitalea,Faecalitalea cylindroides,Faecalitalea cylindroides,1792,621,775,277,506,13,10,15,10
Bacteria,Firmicutes,Erysipelotrichia,Erysipelotrichales,Erysipelotrichaceae,Intestinibaculum,Intestinibaculum porci,Intestinibaculum porci,2564,176,140,40,123,5,3,2,3
Bacteria,Firmicutes,Erysipelotrichia,Erysipelotrichales,Erysipelotrichaceae,Longibaculum,Longibaculum sp. KGMB06250,Longibaculum sp. KGMB06250,2891,244,334,131,223,54,59,49,78
Bacteria,Firmicutes,Erysipelotrichia,Erysipelotrichales,Erysipelotrichaceae,Turicibacter,Turicibacter sanguinis,Turicibacter sanguinis,5210,9,6,2,4,0,0,0,0
Bacteria,Firmicutes,Erysipelotrichia,Erysipelotrichales,Erysipelotrichaceae,Turicibacter,Turicibacter sp. H121,Turicibacter sp. H121,5211,8,21,7,8,0,0,0,0
Bacteria,Firmicutes,Limnochordia,Limnochordales,Limnochordaceae,Limnochorda,Limnochorda pilosa,Limnochorda pilosa,2876,4,2,2,0,5,5,0,2
Bacteria,Firmicutes,Negativicutes,Acidaminococcales,Acidaminococcaceae,Acidaminococcus,Acidaminococcus fermentans,Acidaminococcus fermentans,26,22,16,8,13,0,0,0,0
Bacteria,Firmicutes,Negativicutes,Acidaminococcales,Acidaminococcaceae,Acidaminococcus,Acidaminococcus intestini,Acidaminococcus intestini,27,6398,1283,480,1843,0,0,0,0
Bacteria,Firmicutes,Negativicutes,Acidaminococcales,Acidaminococcaceae,Phascolarctobacterium,Phascolarctobacterium faecium,Phascolarctobacterium faecium,3860,7082,1950,751,2691,22,14,7,13
Bacteria,Firmicutes,Negativicutes,Selenomonadales,Selenomonadaceae,Megamonas,Megamonas funiformis,Megamonas funiformis,2995,20,16,6,9,1,0,1,2
Bacteria,Firmicutes,Negativicutes,Selenomonadales,Selenomonadaceae,Megamonas,Megamonas hypermegale,Megamonas hypermegale,2996,22,15,6,8,1,1,0,0
Bacteria,Firmicutes,Negativicutes,Selenomonadales,Selenomonadaceae,Pectinatus,Pectinatus frisingensis,Pectinatus frisingensis,3802,9,8,6,9,0,1,0,0
Bacteria,Firmicutes,Negativicutes,Selenomonadales,Selenomonadaceae,Selenomonas,Selenomonas ruminantium,Selenomonas ruminantium,4509,33,21,42,30,21,16,28,8
Bacteria,Firmicutes,Negativicutes,Selenomonadales,Selenomonadaceae,Selenomonas,Selenomonas sp. oral taxon 126,Selenomonas sp. oral taxon 126,4510,7,7,9,5,3,4,8,3
Bacteria,Firmicutes,Negativicutes,Selenomonadales,Selenomonadaceae,Selenomonas,Selenomonas sp. oral taxon 136,Selenomonas sp. oral taxon 136,4511,2,1,2,1,0,0,0,0
Bacteria,Firmicutes,Negativicutes,Selenomonadales,Selenomonadaceae,Selenomonas,Selenomonas sp. oral taxon 478,Selenomonas sp. oral taxon 478,4512,6,8,1,1,0,0,0,0
Bacteria,Firmicutes,Negativicutes,Selenomonadales,Selenomonadaceae,Selenomonas,Selenomonas sp. oral taxon 920,Selenomonas sp. oral taxon 920,4513,8,7,5,6,4,2,1,4
Bacteria,Firmicutes,Negativicutes,Selenomonadales,Selenomonadaceae,Selenomonas,Selenomonas sputigena,Selenomonas sputigena,4514,12,9,5,6,2,4,0,0
Bacteria,Firmicutes,Negativicutes,Selenomonadales,Sporomusaceae,Methylomusa,Methylomusa anaerophila,Methylomusa anaerophila,3136,6,3,4,1,3,0,1,1
Bacteria,Firmicutes,Negativicutes,Selenomonadales,Sporomusaceae,Pelosinus,Pelosinus fermentans,Pelosinus fermentans,3838,6,4,1,8,0,0,1,0
Bacteria,Firmicutes,Negativicutes,Selenomonadales,Sporomusaceae,Pelosinus,Pelosinus sp. UFO1,Pelosinus sp. UFO1,3839,9,9,8,6,0,2,3,1
Bacteria,Firmicutes,Negativicutes,Selenomonadales,Sporomusaceae,Sporomusa,Sporomusa termitida,Sporomusa termitida,4709,19,11,3,8,1,2,5,5
Bacteria,Firmicutes,Negativicutes,Veillonellales,Veillonellaceae,Dialister,Dialister hominis,Dialister hominis,1476,2,2,1,3,0,0,0,0
Bacteria,Firmicutes,Negativicutes,Veillonellales,Veillonellaceae,Dialister,Dialister massiliensis,Dialister massiliensis,1477,3,0,0,1,0,0,0,0
Bacteria,Firmicutes,Negativicutes,Veillonellales,Veillonellaceae,Dialister,Dialister pneumosintes,Dialister pneumosintes,1478,45,17,9,16,0,1,0,1
Bacteria,Firmicutes,Negativicutes,Veillonellales,Veillonellaceae,Megasphaera,Megasphaera elsdenii,Megasphaera elsdenii,2997,7175,1011,405,1343,4,4,22,15
Bacteria,Firmicutes,Negativicutes,Veillonellales,Veillonellaceae,Megasphaera,Megasphaera stantonii,Megasphaera stantonii,2998,22,25,18,18,14,13,15,21
Bacteria,Firmicutes,Negativicutes,Veillonellales,Veillonellaceae,Veillonella,Veillonella atypica,Veillonella atypica,5237,10,4,4,2,1,0,0,1
Bacteria,Firmicutes,Negativicutes,Veillonellales,Veillonellaceae,Veillonella,Veillonella dispar,Veillonella dispar,5238,6,0,1,1,0,0,0,0
Bacteria,Firmicutes,Negativicutes,Veillonellales,Veillonellaceae,Veillonella,Veillonella parvula,Veillonella parvula,5239,5968,779,301,1131,3,6,2,5
Bacteria,Firmicutes,Negativicutes,Veillonellales,Veillonellaceae,Veillonella,Veillonella rodentium,Veillonella rodentium,5240,14,6,5,14,8,6,5,6
Bacteria,Firmicutes,Negativicutes,Veillonellales,Veillonellaceae,Veillonella,Veillonella sp. T1-7,Veillonella sp. T1-7,5241,8,3,2,5,0,1,3,1
Bacteria,Firmicutes,Tissierellia,Tissierellales,Gottschalkiaceae,Gottschalkia,Gottschalkia acidurici,Gottschalkia acidurici,2353,9,9,4,10,4,5,1,3
Bacteria,Firmicutes,Tissierellia,Tissierellales,Peptoniphilaceae,Anaerococcus,Anaerococcus mediterraneensis,Anaerococcus mediterraneensis,294,16,5,5,3,1,0,2,1
Bacteria,Firmicutes,Tissierellia,Tissierellales,Peptoniphilaceae,Anaerococcus,Anaerococcus prevotii,Anaerococcus prevotii,295,13,14,4,11,7,4,0,3
Bacteria,Firmicutes,Tissierellia,Tissierellales,Peptoniphilaceae,Finegoldia,Finegoldia magna,Finegoldia magna,1811,4911,1040,396,1482,3,1,6,3
Bacteria,Firmicutes,Tissierellia,Tissierellales,Peptoniphilaceae,Murdochiella,Murdochiella vaginalis,Murdochiella vaginalis,3259,7,1,5,9,3,5,2,6
Bacteria,Firmicutes,Tissierellia,Tissierellales,Peptoniphilaceae,Parvimonas,Parvimonas micra,Parvimonas micra,3794,9,5,3,6,0,1,1,1
Bacteria,Firmicutes,Tissierellia,Tissierellales,Peptoniphilaceae,Peptoniphilus,Peptoniphilus harei,Peptoniphilus harei,3843,29,14,5,20,7,8,8,12
Bacteria,Firmicutes,Tissierellia,Tissierellales,Peptoniphilaceae,Peptoniphilus,Peptoniphilus ivorii,Peptoniphilus ivorii,3844,8,15,19,9,5,16,32,21
Bacteria,Firmicutes,Tissierellia,Tissierellales,Peptoniphilaceae,Peptoniphilus,Peptoniphilus sp. ING2-D1G,Peptoniphilus sp. ING2-D1G,3845,14,25,34,16,13,20,34,14
Bacteria,Firmicutes,Tissierellia,Tissierellales,Tissierellaceae,Gudongella,Gudongella oleilytica,Gudongella oleilytica,2369,10,6,4,8,0,2,0,0
Bacteria,Firmicutes,Tissierellia,Tissierellales,Tissierellaceae,Tissierella,Tissierellia sp. JN-28,Tissierellia sp. JN-28,5182,10,8,4,15,10,3,1,10
Bacteria,Fusobacteria,Fusobacteriia,Fusobacteriales,Fusobacteriaceae,Fusobacterium,Fusobacterium gonidiaformans,Fusobacterium gonidiaformans,1899,4,11,3,4,0,0,0,0
Bacteria,Fusobacteria,Fusobacteriia,Fusobacteriales,Fusobacteriaceae,Fusobacterium,Fusobacterium hwasookii,Fusobacterium hwasookii,1900,8,2,3,5,0,0,0,0
Bacteria,Fusobacteria,Fusobacteriia,Fusobacteriales,Fusobacteriaceae,Fusobacterium,Fusobacterium mortiferum,Fusobacterium mortiferum,1901,9,9,4,6,0,0,2,0
Bacteria,Fusobacteria,Fusobacteriia,Fusobacteriales,Fusobacteriaceae,Fusobacterium,Fusobacterium necrophorum,Fusobacterium necrophorum,1902,8,20,5,6,2,2,2,4
Bacteria,Fusobacteria,Fusobacteriia,Fusobacteriales,Fusobacteriaceae,Fusobacterium,Fusobacterium nucleatum,Fusobacterium nucleatum,1903,36,12,6,9,0,3,2,2
Bacteria,Fusobacteria,Fusobacteriia,Fusobacteriales,Fusobacteriaceae,Fusobacterium,Fusobacterium periodonticum,Fusobacterium periodonticum,1904,0,1,0,2,0,0,0,0
Bacteria,Fusobacteria,Fusobacteriia,Fusobacteriales,Fusobacteriaceae,Fusobacterium,Fusobacterium pseudoperiodonticum,Fusobacterium pseudoperiodonticum,1905,4,6,2,2,0,0,0,0
Bacteria,Fusobacteria,Fusobacteriia,Fusobacteriales,Fusobacteriaceae,Fusobacterium,Fusobacterium sp. oral taxon 203,Fusobacterium sp. oral taxon 203,1906,0,2,0,2,0,0,0,0
Bacteria,Fusobacteria,Fusobacteriia,Fusobacteriales,Fusobacteriaceae,Fusobacterium,Fusobacterium ulcerans,Fusobacterium ulcerans,1907,13,11,7,8,0,0,0,0
Bacteria,Fusobacteria,Fusobacteriia,Fusobacteriales,Fusobacteriaceae,Fusobacterium,Fusobacterium varium,Fusobacterium varium,1908,18,12,7,10,0,2,4,3
Bacteria,Fusobacteria,Fusobacteriia,Fusobacteriales,Fusobacteriaceae,Ilyobacter,Ilyobacter polytropus,Ilyobacter polytropus,2560,4,6,4,6,0,1,0,1
Bacteria,Fusobacteria,Fusobacteriia,Fusobacteriales,Leptotrichiaceae,Leptotrichia,Leptotrichia buccalis,Leptotrichia buccalis,2848,2,6,1,3,0,0,0,0
Bacteria,Fusobacteria,Fusobacteriia,Fusobacteriales,Leptotrichiaceae,Leptotrichia,Leptotrichia hofstadii,Leptotrichia hofstadii,2849,2,1,0,1,0,0,0,0
Bacteria,Fusobacteria,Fusobacteriia,Fusobacteriales,Leptotrichiaceae,Leptotrichia,Leptotrichia hongkongensis,Leptotrichia hongkongensis,2850,3,2,0,1,0,0,0,0
Bacteria,Fusobacteria,Fusobacteriia,Fusobacteriales,Leptotrichiaceae,Leptotrichia,Leptotrichia shahii,Leptotrichia shahii,2851,1,5,2,3,0,0,0,0
Bacteria,Fusobacteria,Fusobacteriia,Fusobacteriales,Leptotrichiaceae,Leptotrichia,Leptotrichia sp. oral taxon 212,Leptotrichia sp. oral taxon 212,2852,16,7,27,15,3,12,29,14
Bacteria,Fusobacteria,Fusobacteriia,Fusobacteriales,Leptotrichiaceae,Leptotrichia,Leptotrichia sp. oral taxon 498,Leptotrichia sp. oral taxon 498,2853,1,4,0,2,1,0,0,0
Bacteria,Fusobacteria,Fusobacteriia,Fusobacteriales,Leptotrichiaceae,Leptotrichia,Leptotrichia sp. oral taxon 847,Leptotrichia sp. oral taxon 847,2854,8,4,24,3,1,15,25,12
Bacteria,Fusobacteria,Fusobacteriia,Fusobacteriales,Leptotrichiaceae,Leptotrichia,Leptotrichia trevisanii,Leptotrichia trevisanii,2855,6,7,1,3,0,0,0,0
Bacteria,Fusobacteria,Fusobacteriia,Fusobacteriales,Leptotrichiaceae,Leptotrichia,Leptotrichia wadei,Leptotrichia wadei,2856,5,8,6,2,0,4,8,5
Bacteria,Fusobacteria,Fusobacteriia,Fusobacteriales,Leptotrichiaceae,Pseudoleptotrichia,Pseudoleptotrichia goodfellowii,Pseudoleptotrichia goodfellowii,4082,11,5,2,2,0,0,0,0
Bacteria,Fusobacteria,Fusobacteriia,Fusobacteriales,Leptotrichiaceae,Sebaldella,Sebaldella termitidis,Sebaldella termitidis,4499,16,20,8,13,4,8,7,3
Bacteria,Fusobacteria,Fusobacteriia,Fusobacteriales,Leptotrichiaceae,Sneathia,Sneathia amnii,Sneathia amnii,4595,3,2,2,0,1,0,0,1
Bacteria,Fusobacteria,Fusobacteriia,Fusobacteriales,Leptotrichiaceae,Streptobacillus,Streptobacillus moniliformis,Streptobacillus moniliformis,4793,4,4,1,4,0,0,0,0
Bacteria,Gemmatimonadetes,Gemmatimonadetes,Gemmatimonadales,Gemmatimonadaceae,Gemmatimonas,Gemmatimonas aurantiaca,Gemmatimonas aurantiaca,2287,0,3,0,1,0,0,2,0
Bacteria,Gemmatimonadetes,Gemmatimonadetes,Gemmatimonadales,Gemmatimonadaceae,Gemmatimonas,Gemmatimonas phototrophica,Gemmatimonas phototrophica,2288,2,1,0,0,0,0,1,0
Bacteria,Gemmatimonadetes,Gemmatimonadetes,Gemmatimonadales,Gemmatimonadaceae,Gemmatimonas,Gemmatimonas sp. TET16,Gemmatimonas sp. TET16,2289,3,1,3,1,7,0,0,1
Bacteria,Gemmatimonadetes,Gemmatimonadetes,Gemmatimonadales,Gemmatimonadaceae,Gemmatirosa,Gemmatirosa kalamazoonesis,Gemmatirosa kalamazoonesis,2290,3,1,1,0,0,0,0,0
Bacteria,Ignavibacteriae,Ignavibacteria,Ignavibacteriales,Ignavibacteriaceae,Ignavibacterium,Ignavibacterium album,Ignavibacterium album,2558,6,5,6,5,1,2,3,6
Bacteria,Ignavibacteriae,Ignavibacteria,Ignavibacteriales,Melioribacteraceae,Melioribacter,Melioribacter roseus,Melioribacter roseus,3003,6,1,1,1,4,2,1,0
Bacteria,Kiritimatiellaeota,Kiritimatiellae,Kiritimatiellales,Kiritimatiellaceae,Kiritimatiella,Kiritimatiella glycovorans,Kiritimatiella glycovorans,2606,0,1,0,0,0,0,0,0
Bacteria,Nitrospirae,Nitrospira,Nitrospirales,Nitrospiraceae,Leptospirillum,Leptospirillum ferriphilum,Leptospirillum ferriphilum,2844,0,0,1,1,1,0,0,0
Bacteria,Nitrospirae,Nitrospira,Nitrospirales,Nitrospiraceae,Leptospirillum,Leptospirillum ferrooxidans,Leptospirillum ferrooxidans,2845,0,2,3,0,0,0,1,0
Bacteria,Nitrospirae,Nitrospira,Nitrospirales,Nitrospiraceae,Leptospirillum,Leptospirillum sp. Group II CF-1,Leptospirillum sp. Group II CF-1,2846,2,0,0,0,0,0,0,0
Bacteria,Nitrospirae,Nitrospira,Nitrospirales,Nitrospiraceae,Nitrospira,Candidatus Nitrospira inopinata,Candidatus Nitrospira inopinata,932,0,2,0,1,0,0,0,0
Bacteria,Nitrospirae,Nitrospira,Nitrospirales,Nitrospiraceae,Nitrospira,Nitrospira defluvii,Nitrospira defluvii,3438,1,0,0,0,0,0,0,0
Bacteria,Nitrospirae,Nitrospira,Nitrospirales,Nitrospiraceae,Nitrospira,Nitrospira japonica,Nitrospira japonica,3439,0,1,0,0,0,0,0,0
Bacteria,Nitrospirae,Nitrospira,Nitrospirales,Nitrospiraceae,Nitrospira,Nitrospira moscoviensis,Nitrospira moscoviensis,3440,1,0,0,2,0,1,1,1
Bacteria,Nitrospirae,Nitrospira,Nitrospirales,Nitrospiraceae,Nitrospira,Nitrospira sp. KM1,Nitrospira sp. KM1,3441,2,1,0,0,0,0,1,1
Bacteria,Nitrospirae,Nitrospira,Nitrospirales,Nitrospiraceae,Thermodesulfovibrio,Thermodesulfovibrio yellowstonii,Thermodesulfovibrio yellowstonii,5140,7,1,5,4,0,3,0,0
Bacteria,Planctomycetes,Candidatus Brocadiae,Candidatus Brocadiales,Candidatus Brocadiaceae,Candidatus Kuenenia,Candidatus Kuenenia stuttgartiensis,Candidatus Kuenenia stuttgartiensis,902,5,2,8,2,1,4,4,1
Bacteria,Planctomycetes,Phycisphaerae,Phycisphaerales,Phycisphaeraceae,Phycisphaera,Phycisphaera mikurensis,Phycisphaera mikurensis,3877,2,0,0,1,0,0,1,0
Bacteria,Planctomycetes,Phycisphaerae,Sedimentisphaerales,Anaerohalosphaeraceae,Anaerohalosphaera,Anaerohalosphaera lusitana,Anaerohalosphaera lusitana,299,0,3,0,2,1,2,2,3
Bacteria,Planctomycetes,Phycisphaerae,Sedimentisphaerales,Sedimentisphaeraceae,Limihaloglobus,Limihaloglobus sulfuriphilus,Limihaloglobus sulfuriphilus,2873,4,0,5,1,1,3,6,1
Bacteria,Planctomycetes,Phycisphaerae,Sedimentisphaerales,Sedimentisphaeraceae,Sedimentisphaera,Sedimentisphaera cyanobacteriorum,Sedimentisphaera cyanobacteriorum,4504,4,0,0,2,0,0,0,0
Bacteria,Planctomycetes,Phycisphaerae,Sedimentisphaerales,Sedimentisphaeraceae,Sedimentisphaera,Sedimentisphaera salicampi,Sedimentisphaera salicampi,4505,3,1,0,0,0,0,0,0
Bacteria,Planctomycetes,Planctomycetia,Gemmatales,Gemmataceae,Gemmata,Gemmata massiliana,Gemmata massiliana,2283,0,0,1,0,1,1,2,0
Bacteria,Planctomycetes,Planctomycetia,Gemmatales,Gemmataceae,Gemmata,Gemmata obscuriglobus,Gemmata obscuriglobus,2284,2,1,0,0,0,0,0,0
Bacteria,Planctomycetes,Planctomycetia,Gemmatales,Gemmataceae,Gemmata,Gemmata sp. SH-PL17,Gemmata sp. SH-PL17,2285,0,1,20,2,1,9,12,5
Bacteria,Planctomycetes,Planctomycetia,Gemmatales,Gemmataceae,Limnoglobus,Limnoglobus roseus,Limnoglobus roseus,2877,1,1,0,1,1,0,0,0
Bacteria,Planctomycetes,Planctomycetia,Gemmatales,Gemmataceae,Tuwongella,Tuwongella immobilis,Tuwongella immobilis,5214,2,3,7,0,0,0,0,0
Bacteria,Planctomycetes,Planctomycetia,Isosphaerales,Isosphaeraceae,Aquisphaera,Aquisphaera giovannonii,Aquisphaera giovannonii,337,2,3,1,1,9,5,2,4
Bacteria,Planctomycetes,Planctomycetia,Isosphaerales,Isosphaeraceae,Isosphaera,Isosphaera pallida,Isosphaera pallida,2568,4,4,27,6,3,15,25,11
Bacteria,Planctomycetes,Planctomycetia,Isosphaerales,Isosphaeraceae,Paludisphaera,Paludisphaera borealis,Paludisphaera borealis,3699,1,2,0,0,0,0,0,1
Bacteria,Planctomycetes,Planctomycetia,Isosphaerales,Isosphaeraceae,Singulisphaera,Singulisphaera acidiphila,Singulisphaera acidiphila,4585,1,0,0,0,0,0,1,1
Bacteria,Planctomycetes,Planctomycetia,Pirellulales,Lacipirellulaceae,Bythopirellula,Bythopirellula goksoyri,Bythopirellula goksoyri,769,1,3,0,1,0,0,0,0
Bacteria,Planctomycetes,Planctomycetia,Pirellulales,Lacipirellulaceae,Lacipirellula,Lacipirellula parvula,Lacipirellula parvula,2687,2,0,0,1,0,0,0,1
Bacteria,Planctomycetes,Planctomycetia,Pirellulales,Pirellulaceae,Mariniblastus,Mariniblastus fucicola,Mariniblastus fucicola,2945,1,4,0,2,3,1,0,0
Bacteria,Planctomycetes,Planctomycetia,Pirellulales,Pirellulaceae,Pirellula,Pirellula sp. SH-Sr6A,Pirellula sp. SH-Sr6A,3886,1,1,1,0,0,0,0,0
Bacteria,Planctomycetes,Planctomycetia,Pirellulales,Pirellulaceae,Pirellula,Pirellula staleyi,Pirellula staleyi,3887,0,1,3,2,6,2,3,0
Bacteria,Planctomycetes,Planctomycetia,Pirellulales,Pirellulaceae,Rhodopirellula,Rhodopirellula baltica,Rhodopirellula baltica,4363,1,0,1,0,2,1,0,0
Bacteria,Planctomycetes,Planctomycetia,Pirellulales,Pirellulaceae,Roseimaritima,Roseimaritima ulvae,Roseimaritima ulvae,4398,3,4,4,2,0,0,0,0
Bacteria,Planctomycetes,Planctomycetia,Pirellulales,Thermoguttaceae,Thermogutta,Thermogutta terrifontis,Thermogutta terrifontis,5143,0,1,2,0,1,0,0,0
Bacteria,Planctomycetes,Planctomycetia,Planctomycetales,Planctomycetaceae,Alienimonas,Alienimonas californiensis,Alienimonas californiensis,220,3,0,1,2,2,0,0,1
Bacteria,Planctomycetes,Planctomycetia,Planctomycetales,Planctomycetaceae,Bremerella,Bremerella volcania,Bremerella volcania,695,0,1,1,2,2,2,3,10
Bacteria,Planctomycetes,Planctomycetia,Planctomycetales,Planctomycetaceae,Crateriforma,Crateriforma conspicua,Crateriforma conspicua,1321,2,13,31,2,4,9,22,12
Bacteria,Planctomycetes,Planctomycetia,Planctomycetales,Planctomycetaceae,Fuerstia,Fuerstia marisgermanicae,Fuerstia marisgermanicae,1898,4,4,0,0,0,1,0,1
Bacteria,Planctomycetes,Planctomycetia,Planctomycetales,Planctomycetaceae,Gimesia,Gimesia maris,Gimesia maris,2324,1,0,1,1,0,0,0,0
Bacteria,Planctomycetes,Planctomycetia,Planctomycetales,Planctomycetaceae,Gimesia,Gimesia sp. E7,Gimesia sp. E7,2325,4,1,1,0,0,0,0,0
Bacteria,Planctomycetes,Planctomycetia,Planctomycetales,Planctomycetaceae,Planctomyces,Planctomyces sp. SH-PL14,Planctomyces sp. SH-PL14,3890,2,0,0,4,2,1,2,1
Bacteria,Planctomycetes,Planctomycetia,Planctomycetales,Planctomycetaceae,Planctomyces,Planctomyces sp. SH-PL62,Planctomyces sp. SH-PL62,3891,1,5,0,4,8,2,4,0
Bacteria,Planctomycetes,Planctomycetia,Planctomycetales,Planctomycetaceae,Planctopirus,Planctopirus ephydatiae,Planctopirus ephydatiae,3933,0,0,4,0,0,0,0,0
Bacteria,Planctomycetes,Planctomycetia,Planctomycetales,Planctomycetaceae,Planctopirus,Planctopirus limnophila,Planctopirus limnophila,3934,0,1,0,1,0,0,0,0
Bacteria,Planctomycetes,Planctomycetia,Planctomycetales,Planctomycetaceae,Rubinisphaera,Rubinisphaera brasiliensis,Rubinisphaera brasiliensis,4419,3,5,3,2,5,2,2,1
Bacteria,Proteobacteria,Acidithiobacillia,Acidithiobacillales,Acidithiobacillaceae,Acidithiobacillus,Acidithiobacillus caldus,Acidithiobacillus caldus,40,0,0,1,1,3,3,0,1
Bacteria,Proteobacteria,Acidithiobacillia,Acidithiobacillales,Acidithiobacillaceae,Acidithiobacillus,Acidithiobacillus ferridurans,Acidithiobacillus ferridurans,41,0,0,1,0,0,0,0,0
Bacteria,Proteobacteria,Acidithiobacillia,Acidithiobacillales,Acidithiobacillaceae,Acidithiobacillus,Acidithiobacillus ferrivorans,Acidithiobacillus ferrivorans,42,1,0,1,0,2,2,0,1
Bacteria,Proteobacteria,Acidithiobacillia,Acidithiobacillales,Acidithiobacillaceae,Acidithiobacillus,Acidithiobacillus thiooxidans,Acidithiobacillus thiooxidans,43,1,4,6,0,1,3,7,3
Bacteria,Proteobacteria,Alphaproteobacteria,Caulobacterales,Caulobacteraceae,Asticcacaulis,Asticcacaulis excentricus,Asticcacaulis excentricus,408,0,2,3,4,4,4,1,2
Bacteria,Proteobacteria,Alphaproteobacteria,Caulobacterales,Caulobacteraceae,Brevundimonas,Brevundimonas diminuta,Brevundimonas diminuta,716,2,1,0,0,0,0,0,0
Bacteria,Proteobacteria,Alphaproteobacteria,Caulobacterales,Caulobacteraceae,Brevundimonas,Brevundimonas mediterranea,Brevundimonas mediterranea,717,1,0,2,1,0,0,0,0
Bacteria,Proteobacteria,Alphaproteobacteria,Caulobacterales,Caulobacteraceae,Brevundimonas,Brevundimonas naejangsanensis,Brevundimonas naejangsanensis,718,1,0,0,1,0,0,0,0
Bacteria,Proteobacteria,Alphaproteobacteria,Caulobacterales,Caulobacteraceae,Brevundimonas,Brevundimonas sp. GW460-12-10-14-LB2,Brevundimonas sp. GW460-12-10-14-LB2,719,0,0,3,1,2,2,1,3
Bacteria,Proteobacteria,Alphaproteobacteria,Caulobacterales,Caulobacteraceae,Brevundimonas,Brevundimonas sp. LM2,Brevundimonas sp. LM2,720,0,3,1,1,5,2,1,3
Bacteria,Proteobacteria,Alphaproteobacteria,Caulobacterales,Caulobacteraceae,Brevundimonas,Brevundimonas sp. M20,Brevundimonas sp. M20,721,1,0,0,1,2,0,0,1
Bacteria,Proteobacteria,Alphaproteobacteria,Caulobacterales,Caulobacteraceae,Brevundimonas,Brevundimonas sp. MF30-B,Brevundimonas sp. MF30-B,722,0,0,1,0,0,0,0,0
Bacteria,Proteobacteria,Alphaproteobacteria,Caulobacterales,Caulobacteraceae,Caulobacter,Caulobacter flavus,Caulobacter flavus,1009,2,1,1,0,6,2,1,0
Bacteria,Proteobacteria,Alphaproteobacteria,Caulobacterales,Caulobacteraceae,Caulobacter,Caulobacter henricii,Caulobacter henricii,1010,0,0,5,1,1,2,6,4
Bacteria,Proteobacteria,Alphaproteobacteria,Caulobacterales,Caulobacteraceae,Caulobacter,Caulobacter rhizosphaerae,Caulobacter rhizosphaerae,1011,2,2,7,0,1,2,8,1
Bacteria,Proteobacteria,Alphaproteobacteria,Caulobacterales,Caulobacteraceae,Caulobacter,Caulobacter segnis,Caulobacter segnis,1012,0,0,0,0,1,1,0,1
Bacteria,Proteobacteria,Alphaproteobacteria,Caulobacterales,Caulobacteraceae,Caulobacter,Caulobacter sp. Ji-3-8,Caulobacter sp. Ji-3-8,1013,3,1,0,0,1,0,0,0
Bacteria,Proteobacteria,Alphaproteobacteria,Caulobacterales,Caulobacteraceae,Caulobacter,Caulobacter sp. K31,Caulobacter sp. K31,1014,1,0,0,0,0,0,0,0
Bacteria,Proteobacteria,Alphaproteobacteria,Caulobacterales,Caulobacteraceae,Caulobacter,Caulobacter vibrioides,Caulobacter vibrioides,1015,5,1,0,5,5,2,0,0
Bacteria,Proteobacteria,Alphaproteobacteria,Caulobacterales,Caulobacteraceae,Phenylobacterium,Phenylobacterium sp. HYN0004,Phenylobacterium sp. HYN0004,3861,2,0,1,3,0,0,0,0
Bacteria,Proteobacteria,Alphaproteobacteria,Emcibacterales,Emcibacteraceae,Emcibacter,Emcibacter sp. MEBiC09520,Emcibacter sp. MEBiC09520,1552,2,2,2,5,8,2,0,4
Bacteria,Proteobacteria,Alphaproteobacteria,Holosporales,Candidatus Paracaedibacteraceae,Candidatus Paracaedibacter,Candidatus Paracaedibacter acanthamoebae,Candidatus Paracaedibacter acanthamoebae,934,0,1,1,1,0,0,0,0
Bacteria,Proteobacteria,Alphaproteobacteria,Holosporales,Holosporaceae,Candidatus Cytomitobacter,Candidatus Cytomitobacter indipagum,Candidatus Cytomitobacter indipagum,875,0,0,0,1,0,0,0,0
Bacteria,Proteobacteria,Alphaproteobacteria,Holosporales,Holosporaceae,Candidatus Cytomitobacter,Candidatus Cytomitobacter primus,Candidatus Cytomitobacter primus,876,1,0,0,0,0,0,0,0
Bacteria,Proteobacteria,Alphaproteobacteria,Holosporales,Holosporaceae,Candidatus Nesciobacter,Candidatus Nesciobacter abundans,Candidatus Nesciobacter abundans,918,2,4,0,0,0,0,0,0
Bacteria,Proteobacteria,Alphaproteobacteria,Magnetococcales,Magnetococcaceae,Magnetococcus,Magnetococcus marinus,Magnetococcus marinus,2924,1,1,0,1,0,0,0,0
Bacteria,Proteobacteria,Alphaproteobacteria,Pelagibacterales,Pelagibacteraceae,Candidatus Pelagibacter,Candidatus Pelagibacter giovannonii,Candidatus Pelagibacter giovannonii,935,2,0,1,0,0,0,0,0
Bacteria,Proteobacteria,Alphaproteobacteria,Pelagibacterales,Pelagibacteraceae,Candidatus Pelagibacter,Candidatus Pelagibacter sp. FZCC0015,Candidatus Pelagibacter sp. FZCC0015,936,0,0,0,1,0,0,0,0
Bacteria,Proteobacteria,Alphaproteobacteria,Pelagibacterales,Pelagibacteraceae,Candidatus Pelagibacter,Candidatus Pelagibacter sp. HIMB1321,Candidatus Pelagibacter sp. HIMB1321,937,1,1,0,1,0,0,0,0
Bacteria,Proteobacteria,Alphaproteobacteria,Pelagibacterales,Pelagibacteraceae,Candidatus Pelagibacter,Candidatus Pelagibacter sp. IMCC9063,Candidatus Pelagibacter sp. IMCC9063,938,3,0,0,2,0,0,0,0
Bacteria,Proteobacteria,Alphaproteobacteria,Pelagibacterales,Pelagibacteraceae,Candidatus Pelagibacter,Candidatus Pelagibacter sp. RS39,Candidatus Pelagibacter sp. RS39,939,1,0,2,1,0,0,0,0
Bacteria,Proteobacteria,Alphaproteobacteria,Pelagibacterales,Pelagibacteraceae,Candidatus Pelagibacter,Candidatus Pelagibacter sp. RS40,Candidatus Pelagibacter sp. RS40,940,1,0,1,1,0,0,0,0
Bacteria,Proteobacteria,Alphaproteobacteria,Rhizobiales,Aurantimonadaceae,Aureimonas,Aureimonas sp. AU20,Aureimonas sp. AU20,416,3,1,0,1,0,0,0,0
Bacteria,Proteobacteria,Alphaproteobacteria,Rhizobiales,Aurantimonadaceae,Martelella,Martelella endophytica,Martelella endophytica,2980,2,0,1,1,0,2,0,1
Bacteria,Proteobacteria,Alphaproteobacteria,Rhizobiales,Aurantimonadaceae,Martelella,Martelella mediterranea,Martelella mediterranea,2981,0,2,0,3,1,0,3,0
Bacteria,Proteobacteria,Alphaproteobacteria,Rhizobiales,Aurantimonadaceae,Martelella,Martelella sp. AD-3,Martelella sp. AD-3,2982,0,3,0,0,0,0,0,0
Bacteria,Proteobacteria,Alphaproteobacteria,Rhizobiales,Bartonellaceae,Bartonella,Bartonella alsatica,Bartonella alsatica,552,0,0,1,0,0,0,0,0
Bacteria,Proteobacteria,Alphaproteobacteria,Rhizobiales,Bartonellaceae,Bartonella,Bartonella apis,Bartonella apis,553,2,8,5,3,0,0,0,2
Bacteria,Proteobacteria,Alphaproteobacteria,Rhizobiales,Bartonellaceae,Bartonella,Bartonella australis,Bartonella australis,554,0,0,1,1,0,0,0,0
Bacteria,Proteobacteria,Alphaproteobacteria,Rhizobiales,Bartonellaceae,Bartonella,Bartonella birtlesii,Bartonella birtlesii,555,2,3,1,1,0,0,0,0
Bacteria,Proteobacteria,Alphaproteobacteria,Rhizobiales,Bartonellaceae,Bartonella,Bartonella clarridgeiae,Bartonella clarridgeiae,556,0,1,0,0,0,0,0,0
Bacteria,Proteobacteria,Alphaproteobacteria,Rhizobiales,Bartonellaceae,Bartonella,Bartonella grahamii,Bartonella grahamii,557,0,1,0,0,2,2,0,2
Bacteria,Proteobacteria,Alphaproteobacteria,Rhizobiales,Bartonellaceae,Bartonella,Bartonella henselae,Bartonella henselae,558,0,0,0,1,0,0,0,0
Bacteria,Proteobacteria,Alphaproteobacteria,Rhizobiales,Bartonellaceae,Bartonella,Bartonella kosoyi,Bartonella kosoyi,559,0,1,0,2,0,0,0,0
Bacteria,Proteobacteria,Alphaproteobacteria,Rhizobiales,Bartonellaceae,Bartonella,Bartonella krasnovii,Bartonella krasnovii,560,1,1,0,1,0,0,0,0
Bacteria,Proteobacteria,Alphaproteobacteria,Rhizobiales,Bartonellaceae,Bartonella,Bartonella quintana,Bartonella quintana,561,2,2,1,2,0,0,1,0
Bacteria,Proteobacteria,Alphaproteobacteria,Rhizobiales,Bartonellaceae,Bartonella,Bartonella schoenbuchensis,Bartonella schoenbuchensis,562,1,1,0,2,0,0,0,0
Bacteria,Proteobacteria,Alphaproteobacteria,Rhizobiales,Bartonellaceae,Bartonella,Bartonella sp. HY038,Bartonella sp. HY038,563,2,0,1,3,0,0,1,1
Bacteria,Proteobacteria,Alphaproteobacteria,Rhizobiales,Bartonellaceae,Bartonella,Bartonella sp. WD16.2,Bartonella sp. WD16.2,564,1,1,0,0,0,0,0,0
Bacteria,Proteobacteria,Alphaproteobacteria,Rhizobiales,Bartonellaceae,Bartonella,Bartonella vinsonii,Bartonella vinsonii,565,1,0,0,2,0,0,0,0
Bacteria,Proteobacteria,Alphaproteobacteria,Rhizobiales,Beijerinckiaceae,Beijerinckia,Beijerinckia indica,Beijerinckia indica,575,0,3,0,2,0,0,0,0
Bacteria,Proteobacteria,Alphaproteobacteria,Rhizobiales,Beijerinckiaceae,Methylocella,Methylocella silvestris,Methylocella silvestris,3118,2,1,0,5,4,1,4,0
Bacteria,Proteobacteria,Alphaproteobacteria,Rhizobiales,Beijerinckiaceae,Methylocella,Methylocella tundrae,Methylocella tundrae,3119,1,0,1,0,0,0,0,0
Bacteria,Proteobacteria,Alphaproteobacteria,Rhizobiales,Beijerinckiaceae,Methylovirgula,Methylovirgula ligni,Methylovirgula ligni,3147,0,2,16,1,2,3,16,8
Bacteria,Proteobacteria,Alphaproteobacteria,Rhizobiales,Bradyrhizobiaceae,Afipia,Afipia sp. GAS231,Afipia sp. GAS231,181,2,2,0,1,0,0,1,0
Bacteria,Proteobacteria,Alphaproteobacteria,Rhizobiales,Bradyrhizobiaceae,Bosea,Bosea sp. ANAM02,Bosea sp. ANAM02,652,0,0,1,1,2,2,1,0
Bacteria,Proteobacteria,Alphaproteobacteria,Rhizobiales,Bradyrhizobiaceae,Bosea,Bosea sp. AS-1,Bosea sp. AS-1,653,2,0,0,0,0,0,0,0
Bacteria,Proteobacteria,Alphaproteobacteria,Rhizobiales,Bradyrhizobiaceae,Bosea,Bosea sp. F3-2,Bosea sp. F3-2,654,1,3,0,3,1,0,0,0
Bacteria,Proteobacteria,Alphaproteobacteria,Rhizobiales,Bradyrhizobiaceae,Bosea,Bosea sp. PAMC 26642,Bosea sp. PAMC 26642,655,1,1,0,1,1,1,0,0
Bacteria,Proteobacteria,Alphaproteobacteria,Rhizobiales,Bradyrhizobiaceae,Bosea,Bosea sp. RAC05,Bosea sp. RAC05,656,1,4,1,2,0,0,0,0
Bacteria,Proteobacteria,Alphaproteobacteria,Rhizobiales,Bradyrhizobiaceae,Bosea,Bosea sp. Tri-49,Bosea sp. Tri-49,657,2,0,0,0,0,0,0,0
Bacteria,Proteobacteria,Alphaproteobacteria,Rhizobiales,Bradyrhizobiaceae,Bosea,Bosea vaviloviae,Bosea vaviloviae,658,1,1,0,0,0,0,0,0
Bacteria,Proteobacteria,Alphaproteobacteria,Rhizobiales,Bradyrhizobiaceae,Bradyrhizobium,Bradyrhizobium amphicarpaeae,Bradyrhizobium amphicarpaeae,671,0,0,0,0,1,0,0,0
Bacteria,Proteobacteria,Alphaproteobacteria,Rhizobiales,Bradyrhizobiaceae,Bradyrhizobium,Bradyrhizobium canariense,Bradyrhizobium canariense,672,0,0,0,1,0,0,1,0
Bacteria,Proteobacteria,Alphaproteobacteria,Rhizobiales,Bradyrhizobiaceae,Bradyrhizobium,Bradyrhizobium cosmicum,Bradyrhizobium cosmicum,673,0,2,3,1,0,3,0,0
Bacteria,Proteobacteria,Alphaproteobacteria,Rhizobiales,Bradyrhizobiaceae,Bradyrhizobium,Bradyrhizobium diazoefficiens,Bradyrhizobium diazoefficiens,674,1,8,38,7,6,24,28,15
Bacteria,Proteobacteria,Alphaproteobacteria,Rhizobiales,Bradyrhizobiaceae,Bradyrhizobium,Bradyrhizobium elkanii,Bradyrhizobium elkanii,675,4,2,0,1,4,5,1,0
Bacteria,Proteobacteria,Alphaproteobacteria,Rhizobiales,Bradyrhizobiaceae,Bradyrhizobium,Bradyrhizobium erythrophlei,Bradyrhizobium erythrophlei,676,3,2,5,4,2,0,0,1
Bacteria,Proteobacteria,Alphaproteobacteria,Rhizobiales,Bradyrhizobiaceae,Bradyrhizobium,Bradyrhizobium guangdongense,Bradyrhizobium guangdongense,677,2,0,0,0,2,1,0,0
Bacteria,Proteobacteria,Alphaproteobacteria,Rhizobiales,Bradyrhizobiaceae,Bradyrhizobium,Bradyrhizobium guangxiense,Bradyrhizobium guangxiense,678,0,3,0,1,3,1,1,1
Bacteria,Proteobacteria,Alphaproteobacteria,Rhizobiales,Bradyrhizobiaceae,Bradyrhizobium,Bradyrhizobium guangzhouense,Bradyrhizobium guangzhouense,679,1,1,0,0,1,0,0,0
Bacteria,Proteobacteria,Alphaproteobacteria,Rhizobiales,Bradyrhizobiaceae,Bradyrhizobium,Bradyrhizobium icense,Bradyrhizobium icense,680,0,1,0,1,0,0,0,0
Bacteria,Proteobacteria,Alphaproteobacteria,Rhizobiales,Bradyrhizobiaceae,Bradyrhizobium,Bradyrhizobium japonicum,Bradyrhizobium japonicum,681,3,0,0,0,0,0,0,0
Bacteria,Proteobacteria,Alphaproteobacteria,Rhizobiales,Bradyrhizobiaceae,Bradyrhizobium,Bradyrhizobium lablabi,Bradyrhizobium lablabi,682,0,0,0,0,0,0,0,1
Bacteria,Proteobacteria,Alphaproteobacteria,Rhizobiales,Bradyrhizobiaceae,Bradyrhizobium,Bradyrhizobium oligotrophicum,Bradyrhizobium oligotrophicum,683,0,0,0,1,0,0,0,0
Bacteria,Proteobacteria,Alphaproteobacteria,Rhizobiales,Bradyrhizobiaceae,Bradyrhizobium,Bradyrhizobium paxllaeri,Bradyrhizobium paxllaeri,684,2,0,1,0,0,0,0,0
Bacteria,Proteobacteria,Alphaproteobacteria,Rhizobiales,Bradyrhizobiaceae,Bradyrhizobium,Bradyrhizobium sp. 1(2017),Bradyrhizobium sp. 1(2017),685,0,0,1,0,0,0,0,0
Bacteria,Proteobacteria,Alphaproteobacteria,Rhizobiales,Bradyrhizobiaceae,Bradyrhizobium,Bradyrhizobium sp. 6(2017),Bradyrhizobium sp. 6(2017),686,2,0,0,0,0,0,0,0
Bacteria,Proteobacteria,Alphaproteobacteria,Rhizobiales,Bradyrhizobiaceae,Bradyrhizobium,Bradyrhizobium sp. BTAi1,Bradyrhizobium sp. BTAi1,687,0,1,0,0,0,0,0,0
Bacteria,Proteobacteria,Alphaproteobacteria,Rhizobiales,Bradyrhizobiaceae,Bradyrhizobium,Bradyrhizobium sp. CCBAU 051011,Bradyrhizobium sp. CCBAU 051011,688,2,0,0,0,3,0,0,0
Bacteria,Proteobacteria,Alphaproteobacteria,Rhizobiales,Bradyrhizobiaceae,Bradyrhizobium,Bradyrhizobium sp. CCGE-LA001,Bradyrhizobium sp. CCGE-LA001,689,0,1,0,0,0,0,0,0
Bacteria,Proteobacteria,Alphaproteobacteria,Rhizobiales,Bradyrhizobiaceae,Bradyrhizobium,Bradyrhizobium sp. ORS 278,Bradyrhizobium sp. ORS 278,690,6,3,0,2,0,0,0,1
Bacteria,Proteobacteria,Alphaproteobacteria,Rhizobiales,Bradyrhizobiaceae,Bradyrhizobium,Bradyrhizobium sp. ORS 285,Bradyrhizobium sp. ORS 285,691,0,3,0,0,5,2,0,0
Bacteria,Proteobacteria,Alphaproteobacteria,Rhizobiales,Bradyrhizobiaceae,Bradyrhizobium,Bradyrhizobium sp. TM102,Bradyrhizobium sp. TM102,692,0,0,3,1,3,2,1,0
Bacteria,Proteobacteria,Alphaproteobacteria,Rhizobiales,Bradyrhizobiaceae,Bradyrhizobium,Bradyrhizobium symbiodeficiens,Bradyrhizobium symbiodeficiens,693,0,1,0,0,0,0,0,0
Bacteria,Proteobacteria,Alphaproteobacteria,Rhizobiales,Bradyrhizobiaceae,Bradyrhizobium,Bradyrhizobium vignae,Bradyrhizobium vignae,694,0,1,0,0,0,0,0,0
Bacteria,Proteobacteria,Alphaproteobacteria,Rhizobiales,Bradyrhizobiaceae,Nitrobacter,Nitrobacter hamburgensis,Nitrobacter hamburgensis,3416,0,3,0,0,0,0,0,0
Bacteria,Proteobacteria,Alphaproteobacteria,Rhizobiales,Bradyrhizobiaceae,Nitrobacter,Nitrobacter winogradskyi,Nitrobacter winogradskyi,3417,0,1,1,1,0,0,0,0
Bacteria,Proteobacteria,Alphaproteobacteria,Rhizobiales,Bradyrhizobiaceae,Oligotropha,Oligotropha carboxidovorans,Oligotropha carboxidovorans,3587,0,1,0,0,2,3,2,1
Bacteria,Proteobacteria,Alphaproteobacteria,Rhizobiales,Bradyrhizobiaceae,Rhodopseudomonas,Rhodopseudomonas palustris,Rhodopseudomonas palustris,4365,10,8,2,7,9,4,2,7
Bacteria,Proteobacteria,Alphaproteobacteria,Rhizobiales,Bradyrhizobiaceae,Tardiphaga,Tardiphaga robiniae,Tardiphaga robiniae,5050,1,1,1,0,0,0,0,0
Bacteria,Proteobacteria,Alphaproteobacteria,Rhizobiales,Bradyrhizobiaceae,Variibacter,Variibacter gotjawalensis,Variibacter gotjawalensis,5227,2,3,0,1,0,0,0,1
Bacteria,Proteobacteria,Alphaproteobacteria,Rhizobiales,Brucellaceae,Brucella,Brucella inopinata,Brucella inopinata,724,2,0,0,2,0,0,1,0
Bacteria,Proteobacteria,Alphaproteobacteria,Rhizobiales,Brucellaceae,Brucella,Brucella sp. 09RB8471,Brucella sp. 09RB8471,725,1,0,0,1,0,0,0,0
Bacteria,Proteobacteria,Alphaproteobacteria,Rhizobiales,Brucellaceae,Brucella,Brucella sp. BO3,Brucella sp. BO3,726,0,1,0,1,0,0,0,0
Bacteria,Proteobacteria,Alphaproteobacteria,Rhizobiales,Brucellaceae,Ochrobactrum,Ochrobactrum anthropi,Ochrobactrum anthropi,3571,3,1,1,3,0,0,0,0
Bacteria,Proteobacteria,Alphaproteobacteria,Rhizobiales,Brucellaceae,Ochrobactrum,Ochrobactrum pituitosum,Ochrobactrum pituitosum,3572,2,1,0,1,0,0,0,0
Bacteria,Proteobacteria,Alphaproteobacteria,Rhizobiales,Brucellaceae,Ochrobactrum,Ochrobactrum quorumnocens,Ochrobactrum quorumnocens,3573,0,0,1,0,0,0,0,0
Bacteria,Proteobacteria,Alphaproteobacteria,Rhizobiales,Chelatococcaceae,Chelatococcus,Chelatococcus daeguensis,Chelatococcus daeguensis,1052,0,1,0,0,0,0,0,0
Bacteria,Proteobacteria,Alphaproteobacteria,Rhizobiales,Chelatococcaceae,Chelatococcus,Chelatococcus sp. CO-6,Chelatococcus sp. CO-6,1053,1,0,0,3,4,3,0,0
Bacteria,Proteobacteria,Alphaproteobacteria,Rhizobiales,Cohaesibacteraceae,Breoghania,Breoghania sp. L-A4,Breoghania sp. L-A4,698,2,3,0,1,1,0,0,0
Bacteria,Proteobacteria,Alphaproteobacteria,Rhizobiales,Cohaesibacteraceae,Cohaesibacter,Cohaesibacter sp. ES.047,Cohaesibacter sp. ES.047,1212,0,2,0,1,0,0,0,0
Bacteria,Proteobacteria,Alphaproteobacteria,Rhizobiales,Hyphomicrobiaceae,Blastochloris,Blastochloris tepida,Blastochloris tepida,604,0,1,0,0,0,0,0,0
Bacteria,Proteobacteria,Alphaproteobacteria,Rhizobiales,Hyphomicrobiaceae,Blastochloris,Blastochloris viridis,Blastochloris viridis,605,3,0,6,1,4,2,5,1
Bacteria,Proteobacteria,Alphaproteobacteria,Rhizobiales,Hyphomicrobiaceae,Devosia,Devosia ginsengisoli,Devosia ginsengisoli,1470,1,1,1,1,0,1,0,2
Bacteria,Proteobacteria,Alphaproteobacteria,Rhizobiales,Hyphomicrobiaceae,Devosia,Devosia sp. 1566,Devosia sp. 1566,1471,0,0,0,3,0,1,1,0
Bacteria,Proteobacteria,Alphaproteobacteria,Rhizobiales,Hyphomicrobiaceae,Devosia,Devosia sp. A16,Devosia sp. A16,1472,0,1,1,0,1,0,1,1
Bacteria,Proteobacteria,Alphaproteobacteria,Rhizobiales,Hyphomicrobiaceae,Devosia,Devosia sp. D6-9,Devosia sp. D6-9,1473,1,0,0,1,1,0,1,3
Bacteria,Proteobacteria,Alphaproteobacteria,Rhizobiales,Hyphomicrobiaceae,Devosia,Devosia sp. I507,Devosia sp. I507,1474,1,1,1,1,0,0,0,0
Bacteria,Proteobacteria,Alphaproteobacteria,Rhizobiales,Hyphomicrobiaceae,Devosia,Devosia sp. MC521,Devosia sp. MC521,1475,0,2,2,0,0,0,0,0
Bacteria,Proteobacteria,Alphaproteobacteria,Rhizobiales,Hyphomicrobiaceae,Filomicrobium,Candidatus Filomicrobium marinum,Candidatus Filomicrobium marinum,887,1,0,0,0,0,0,1,0
Bacteria,Proteobacteria,Alphaproteobacteria,Rhizobiales,Hyphomicrobiaceae,Hyphomicrobium,Hyphomicrobium denitrificans,Hyphomicrobium denitrificans,2544,1,3,0,0,0,0,0,0
Bacteria,Proteobacteria,Alphaproteobacteria,Rhizobiales,Hyphomicrobiaceae,Hyphomicrobium,Hyphomicrobium nitrativorans,Hyphomicrobium nitrativorans,2545,2,2,1,2,6,7,1,4
Bacteria,Proteobacteria,Alphaproteobacteria,Rhizobiales,Hyphomicrobiaceae,Hyphomicrobium,Hyphomicrobium sp. MC1,Hyphomicrobium sp. MC1,2546,0,2,0,2,0,0,0,0
Bacteria,Proteobacteria,Alphaproteobacteria,Rhizobiales,Hyphomicrobiaceae,Maritalea,Maritalea myrionectae,Maritalea myrionectae,2976,0,2,1,0,0,0,0,0
Bacteria,Proteobacteria,Alphaproteobacteria,Rhizobiales,Hyphomicrobiaceae,Pelagibacterium,Pelagibacterium halotolerans,Pelagibacterium halotolerans,3829,0,0,0,1,0,0,0,0
Bacteria,Proteobacteria,Alphaproteobacteria,Rhizobiales,Hyphomicrobiaceae,Rhodomicrobium,Rhodomicrobium vannielii,Rhodomicrobium vannielii,4362,1,0,0,3,5,0,2,0
Bacteria,Proteobacteria,Alphaproteobacteria,Rhizobiales,Hyphomicrobiaceae,Rhodoplanes,Rhodoplanes sp. Z2-YC6860,Rhodoplanes sp. Z2-YC6860,4364,1,0,0,0,0,0,0,0
Bacteria,Proteobacteria,Alphaproteobacteria,Rhizobiales,Lichenihabitantaceae,Lichenihabitans,Lichenihabitans psoromatis,Lichenihabitans psoromatis,2872,0,2,0,3,0,0,0,1
Bacteria,Proteobacteria,Alphaproteobacteria,Rhizobiales,Methylobacteriaceae,Methylobacterium,Methylobacterium brachiatum,Methylobacterium brachiatum,3104,0,1,0,0,0,0,0,1
Bacteria,Proteobacteria,Alphaproteobacteria,Rhizobiales,Methylobacteriaceae,Methylobacterium,Methylobacterium currus,Methylobacterium currus,3105,0,0,0,3,0,0,0,0
Bacteria,Proteobacteria,Alphaproteobacteria,Rhizobiales,Methylobacteriaceae,Methylobacterium,Methylobacterium durans,Methylobacterium durans,3106,0,2,0,0,1,0,0,0
Bacteria,Proteobacteria,Alphaproteobacteria,Rhizobiales,Methylobacteriaceae,Methylobacterium,Methylobacterium mesophilicum,Methylobacterium mesophilicum,3107,2,0,0,0,0,0,0,0
Bacteria,Proteobacteria,Alphaproteobacteria,Rhizobiales,Methylobacteriaceae,Methylobacterium,Methylobacterium nodulans,Methylobacterium nodulans,3108,0,0,0,0,3,4,2,4
Bacteria,Proteobacteria,Alphaproteobacteria,Rhizobiales,Methylobacteriaceae,Methylobacterium,Methylobacterium sp. 17Sr1-1,Methylobacterium sp. 17Sr1-1,3109,1,0,1,0,0,0,0,0
Bacteria,Proteobacteria,Alphaproteobacteria,Rhizobiales,Methylobacteriaceae,Methylobacterium,Methylobacterium sp. 4-46,Methylobacterium sp. 4-46,3110,0,1,0,0,1,0,0,0
Bacteria,Proteobacteria,Alphaproteobacteria,Rhizobiales,Methylobacteriaceae,Methylobacterium,Methylobacterium sp. AMS5,Methylobacterium sp. AMS5,3111,0,1,0,0,0,0,0,0
Bacteria,Proteobacteria,Alphaproteobacteria,Rhizobiales,Methylobacteriaceae,Methylobacterium,Methylobacterium sp. DM1,Methylobacterium sp. DM1,3112,0,3,1,4,1,1,0,1
Bacteria,Proteobacteria,Alphaproteobacteria,Rhizobiales,Methylobacteriaceae,Methylobacterium,Methylobacterium sp. WL1,Methylobacterium sp. WL1,3113,2,2,1,1,0,0,0,0
Bacteria,Proteobacteria,Alphaproteobacteria,Rhizobiales,Methylobacteriaceae,Methylobacterium,Methylobacterium sp. XJLW,Methylobacterium sp. XJLW,3114,1,0,0,0,0,0,0,0
Bacteria,Proteobacteria,Alphaproteobacteria,Rhizobiales,Methylobacteriaceae,Methylorubrum,Methylorubrum extorquens,Methylorubrum extorquens,3141,3,3,0,0,0,0,0,0
Bacteria,Proteobacteria,Alphaproteobacteria,Rhizobiales,Methylobacteriaceae,Methylorubrum,Methylorubrum populi,Methylorubrum populi,3142,0,0,0,1,0,0,0,1
Bacteria,Proteobacteria,Alphaproteobacteria,Rhizobiales,Methylobacteriaceae,Microvirga,Microvirga ossetica,Microvirga ossetica,3217,2,0,1,0,0,0,0,0
Bacteria,Proteobacteria,Alphaproteobacteria,Rhizobiales,Methylobacteriaceae,Microvirga,Microvirga sp. 17 mud 1-3,Microvirga sp. 17 mud 1-3,3218,0,0,0,0,0,0,0,2
Bacteria,Proteobacteria,Alphaproteobacteria,Rhizobiales,Methylobacteriaceae,Microvirga,Microvirga sp. HR1,Microvirga sp. HR1,3219,1,2,0,1,0,0,0,0
Bacteria,Proteobacteria,Alphaproteobacteria,Rhizobiales,Methylocystaceae,Methylocystis,Methylocystis bryophila,Methylocystis bryophila,3122,1,1,0,0,0,0,0,0
Bacteria,Proteobacteria,Alphaproteobacteria,Rhizobiales,Methylocystaceae,Methylocystis,Methylocystis heyeri,Methylocystis heyeri,3123,0,2,1,2,7,3,2,2
Bacteria,Proteobacteria,Alphaproteobacteria,Rhizobiales,Methylocystaceae,Methylocystis,Methylocystis parvus,Methylocystis parvus,3124,1,0,0,0,7,5,0,0
Bacteria,Proteobacteria,Alphaproteobacteria,Rhizobiales,Methylocystaceae,Methylocystis,Methylocystis rosea,Methylocystis rosea,3125,0,1,0,0,0,0,0,0
Bacteria,Proteobacteria,Alphaproteobacteria,Rhizobiales,Methylocystaceae,Methylocystis,Methylocystis sp. SC2,Methylocystis sp. SC2,3126,1,0,0,0,0,0,0,0
Bacteria,Proteobacteria,Alphaproteobacteria,Rhizobiales,Methylocystaceae,Methylosinus,Methylosinus trichosporium,Methylosinus trichosporium,3143,1,3,1,1,1,1,0,0
Bacteria,Proteobacteria,Alphaproteobacteria,Rhizobiales,Methylocystaceae,Terasakiella,Terasakiella sp. SH-1,Terasakiella sp. SH-1,5068,5,1,0,0,0,0,0,0
Bacteria,Proteobacteria,Alphaproteobacteria,Rhizobiales,Phyllobacteriaceae,Aminobacter,Aminobacter aminovorans,Aminobacter aminovorans,277,2,0,1,1,6,4,2,2
Bacteria,Proteobacteria,Alphaproteobacteria,Rhizobiales,Phyllobacteriaceae,Aminobacter,Aminobacter sp. MSH1,Aminobacter sp. MSH1,278,0,0,0,1,0,0,0,0
Bacteria,Proteobacteria,Alphaproteobacteria,Rhizobiales,Phyllobacteriaceae,Chelativorans,Chelativorans sp. BNC1,Chelativorans sp. BNC1,1051,2,2,0,5,5,4,4,3
Bacteria,Proteobacteria,Alphaproteobacteria,Rhizobiales,Phyllobacteriaceae,Hoeflea,Hoeflea sp. IMCC20628,Hoeflea sp. IMCC20628,2496,6,2,2,1,0,0,0,0
Bacteria,Proteobacteria,Alphaproteobacteria,Rhizobiales,Phyllobacteriaceae,Lentilitoribacter,Lentilitoribacter sp. Alg239-R112,Lentilitoribacter sp. Alg239-R112,2834,3,2,0,1,0,0,0,0
Bacteria,Proteobacteria,Alphaproteobacteria,Rhizobiales,Phyllobacteriaceae,Mesorhizobium,Mesorhizobium amorphae,Mesorhizobium amorphae,3008,3,0,0,0,1,1,0,1
Bacteria,Proteobacteria,Alphaproteobacteria,Rhizobiales,Phyllobacteriaceae,Mesorhizobium,Mesorhizobium australicum,Mesorhizobium australicum,3009,0,0,1,0,0,0,2,0
Bacteria,Proteobacteria,Alphaproteobacteria,Rhizobiales,Phyllobacteriaceae,Mesorhizobium,Mesorhizobium ciceri,Mesorhizobium ciceri,3010,1,3,13,0,0,2,8,0
Bacteria,Proteobacteria,Alphaproteobacteria,Rhizobiales,Phyllobacteriaceae,Mesorhizobium,Mesorhizobium erdmanii,Mesorhizobium erdmanii,3011,3,0,0,0,0,1,0,0
Bacteria,Proteobacteria,Alphaproteobacteria,Rhizobiales,Phyllobacteriaceae,Mesorhizobium,Mesorhizobium huakuii,Mesorhizobium huakuii,3012,0,0,0,2,1,1,0,0
Bacteria,Proteobacteria,Alphaproteobacteria,Rhizobiales,Phyllobacteriaceae,Mesorhizobium,Mesorhizobium japonicum,Mesorhizobium japonicum,3013,1,1,0,0,0,0,0,0
Bacteria,Proteobacteria,Alphaproteobacteria,Rhizobiales,Phyllobacteriaceae,Mesorhizobium,Mesorhizobium loti,Mesorhizobium loti,3014,4,1,4,10,3,3,3,1
Bacteria,Proteobacteria,Alphaproteobacteria,Rhizobiales,Phyllobacteriaceae,Mesorhizobium,Mesorhizobium oceanicum,Mesorhizobium oceanicum,3015,0,1,1,1,0,0,0,0
Bacteria,Proteobacteria,Alphaproteobacteria,Rhizobiales,Phyllobacteriaceae,Mesorhizobium,Mesorhizobium opportunistum,Mesorhizobium opportunistum,3016,0,1,0,0,0,0,0,0
Bacteria,Proteobacteria,Alphaproteobacteria,Rhizobiales,Phyllobacteriaceae,Mesorhizobium,Mesorhizobium sp. 8,Mesorhizobium sp. 8,3017,0,1,3,5,3,1,3,4
Bacteria,Proteobacteria,Alphaproteobacteria,Rhizobiales,Phyllobacteriaceae,Mesorhizobium,Mesorhizobium sp. AA22,Mesorhizobium sp. AA22,3018,2,0,0,2,0,0,0,0
Bacteria,Proteobacteria,Alphaproteobacteria,Rhizobiales,Phyllobacteriaceae,Mesorhizobium,Mesorhizobium sp. DCY119,Mesorhizobium sp. DCY119,3019,4,1,0,3,0,0,0,0
Bacteria,Proteobacteria,Alphaproteobacteria,Rhizobiales,Phyllobacteriaceae,Mesorhizobium,Mesorhizobium sp. M1B.F.Ca.ET.045.04.1.1,Mesorhizobium sp. M1B.F.Ca.ET.045.04.1.1,3020,0,3,0,1,0,0,0,0
Bacteria,Proteobacteria,Alphaproteobacteria,Rhizobiales,Phyllobacteriaceae,Mesorhizobium,Mesorhizobium sp. M1D.F.Ca.ET.043.01.1.1,Mesorhizobium sp. M1D.F.Ca.ET.043.01.1.1,3021,1,0,1,0,0,0,0,0
Bacteria,Proteobacteria,Alphaproteobacteria,Rhizobiales,Phyllobacteriaceae,Mesorhizobium,Mesorhizobium sp. M1E.F.Ca.ET.045.02.1.1,Mesorhizobium sp. M1E.F.Ca.ET.045.02.1.1,3022,2,1,3,1,2,0,1,0
Bacteria,Proteobacteria,Alphaproteobacteria,Rhizobiales,Phyllobacteriaceae,Mesorhizobium,Mesorhizobium sp. M4B.F.Ca.ET.058.02.1.1,Mesorhizobium sp. M4B.F.Ca.ET.058.02.1.1,3023,1,0,0,1,0,0,0,0
Bacteria,Proteobacteria,Alphaproteobacteria,Rhizobiales,Phyllobacteriaceae,Mesorhizobium,Mesorhizobium sp. M6A.T.Cr.TU.016.01.1.1,Mesorhizobium sp. M6A.T.Cr.TU.016.01.1.1,3024,3,2,0,0,0,0,0,0
Bacteria,Proteobacteria,Alphaproteobacteria,Rhizobiales,Phyllobacteriaceae,Mesorhizobium,Mesorhizobium sp. M7A.F.Ce.TU.012.03.2.1,Mesorhizobium sp. M7A.F.Ce.TU.012.03.2.1,3025,1,0,0,1,0,0,0,0
Bacteria,Proteobacteria,Alphaproteobacteria,Rhizobiales,Phyllobacteriaceae,Mesorhizobium,Mesorhizobium sp. M9A.F.Ca.ET.002.03.1.2,Mesorhizobium sp. M9A.F.Ca.ET.002.03.1.2,3026,0,4,1,0,0,0,0,0
Bacteria,Proteobacteria,Alphaproteobacteria,Rhizobiales,Phyllobacteriaceae,Mesorhizobium,Mesorhizobium sp. NZP2077,Mesorhizobium sp. NZP2077,3027,3,0,0,1,0,0,0,0
Bacteria,Proteobacteria,Alphaproteobacteria,Rhizobiales,Phyllobacteriaceae,Mesorhizobium,Mesorhizobium sp. NZP2234,Mesorhizobium sp. NZP2234,3028,1,1,1,0,0,0,0,0
Bacteria,Proteobacteria,Alphaproteobacteria,Rhizobiales,Phyllobacteriaceae,Mesorhizobium,Mesorhizobium sp. NZP2298,Mesorhizobium sp. NZP2298,3029,0,1,0,1,0,0,0,0
Bacteria,Proteobacteria,Alphaproteobacteria,Rhizobiales,Phyllobacteriaceae,Mesorhizobium,Mesorhizobium sp. Pch-S,Mesorhizobium sp. Pch-S,3030,1,1,1,1,4,0,1,0
Bacteria,Proteobacteria,Alphaproteobacteria,Rhizobiales,Phyllobacteriaceae,Mesorhizobium,Mesorhizobium sp. WSM1497,Mesorhizobium sp. WSM1497,3031,0,1,0,0,0,0,0,0
Bacteria,Proteobacteria,Alphaproteobacteria,Rhizobiales,Phyllobacteriaceae,Mesorhizobium,Mesorhizobium terrae,Mesorhizobium terrae,3032,1,1,1,0,0,0,0,0
Bacteria,Proteobacteria,Alphaproteobacteria,Rhizobiales,Phyllobacteriaceae,Nitratireductor,Nitratireductor sp. OM-1,Nitratireductor sp. OM-1,3412,2,1,0,2,0,0,0,0
Bacteria,Proteobacteria,Alphaproteobacteria,Rhizobiales,Phyllobacteriaceae,Nitratireductor,Nitratireductor sp. SY7,Nitratireductor sp. SY7,3413,1,0,0,0,0,0,0,0
Bacteria,Proteobacteria,Alphaproteobacteria,Rhizobiales,Phyllobacteriaceae,Oricola,Oricola sp. MEBiC13590,Oricola sp. MEBiC13590,3599,0,1,0,1,3,0,2,2
Bacteria,Proteobacteria,Alphaproteobacteria,Rhizobiales,Phyllobacteriaceae,Phyllobacterium,Phyllobacterium zundukense,Phyllobacterium zundukense,3879,3,1,2,0,0,0,0,0
Bacteria,Proteobacteria,Alphaproteobacteria,Rhizobiales,Phyllobacteriaceae,Roseitalea,Roseitalea porphyridii,Roseitalea porphyridii,4400,1,1,0,0,0,0,0,0
Bacteria,Proteobacteria,Alphaproteobacteria,Rhizobiales,Phyllobacteriaceae,Salaquimonas,Salaquimonas pukyongi,Salaquimonas pukyongi,4460,1,1,1,0,0,0,0,0
Bacteria,Proteobacteria,Alphaproteobacteria,Rhizobiales,Rhizobiaceae,Agrobacterium,Agrobacterium fabrum,Agrobacterium fabrum,187,1,1,0,1,3,0,0,2
Bacteria,Proteobacteria,Alphaproteobacteria,Rhizobiales,Rhizobiaceae,Agrobacterium,Agrobacterium larrymoorei,Agrobacterium larrymoorei,188,2,2,0,0,0,1,0,1
Bacteria,Proteobacteria,Alphaproteobacteria,Rhizobiales,Rhizobiaceae,Agrobacterium,Agrobacterium rhizogenes,Agrobacterium rhizogenes,189,0,0,1,0,0,0,0,0
Bacteria,Proteobacteria,Alphaproteobacteria,Rhizobiales,Rhizobiaceae,Agrobacterium,Agrobacterium sp. CGMCC 11546,Agrobacterium sp. CGMCC 11546,190,0,0,1,0,0,0,0,0
Bacteria,Proteobacteria,Alphaproteobacteria,Rhizobiales,Rhizobiaceae,Agrobacterium,Agrobacterium sp. MA01,Agrobacterium sp. MA01,191,1,0,0,0,0,0,0,0
Bacteria,Proteobacteria,Alphaproteobacteria,Rhizobiales,Rhizobiaceae,Agrobacterium,Agrobacterium sp. RAC06,Agrobacterium sp. RAC06,192,1,2,11,2,2,2,8,4
Bacteria,Proteobacteria,Alphaproteobacteria,Rhizobiales,Rhizobiaceae,Agrobacterium,Agrobacterium sp. T29,Agrobacterium sp. T29,193,1,0,0,3,0,0,0,0
Bacteria,Proteobacteria,Alphaproteobacteria,Rhizobiales,Rhizobiaceae,Agrobacterium,Agrobacterium tumefaciens,Agrobacterium tumefaciens,194,4,5,9,9,16,4,5,8
Bacteria,Proteobacteria,Alphaproteobacteria,Rhizobiales,Rhizobiaceae,Agrobacterium,Agrobacterium vitis,Agrobacterium vitis,195,4,2,2,3,1,2,0,0
Bacteria,Proteobacteria,Alphaproteobacteria,Rhizobiales,Rhizobiaceae,Ciceribacter,Ciceribacter thiooxidans,Ciceribacter thiooxidans,1137,0,0,0,1,0,0,0,0
Bacteria,Proteobacteria,Alphaproteobacteria,Rhizobiales,Rhizobiaceae,Ensifer,Ensifer adhaerens,Ensifer adhaerens,1561,1,0,1,1,0,1,0,2
Bacteria,Proteobacteria,Alphaproteobacteria,Rhizobiales,Rhizobiaceae,Ensifer,Ensifer alkalisoli,Ensifer alkalisoli,1562,2,1,2,0,0,0,0,0
Bacteria,Proteobacteria,Alphaproteobacteria,Rhizobiales,Rhizobiaceae,Ensifer,Ensifer mexicanus,Ensifer mexicanus,1563,2,1,7,4,4,4,2,0
Bacteria,Proteobacteria,Alphaproteobacteria,Rhizobiales,Rhizobiaceae,Ensifer,Ensifer sojae,Ensifer sojae,1564,2,2,3,3,2,4,2,5
Bacteria,Proteobacteria,Alphaproteobacteria,Rhizobiales,Rhizobiaceae,Georhizobium,Georhizobium profundi,Georhizobium profundi,2317,0,1,0,1,0,0,0,0
Bacteria,Proteobacteria,Alphaproteobacteria,Rhizobiales,Rhizobiaceae,Liberibacter,Candidatus Liberibacter africanus,Candidatus Liberibacter africanus,903,1,1,1,1,0,0,0,1
Bacteria,Proteobacteria,Alphaproteobacteria,Rhizobiales,Rhizobiaceae,Liberibacter,Candidatus Liberibacter americanus,Candidatus Liberibacter americanus,904,3,0,0,1,0,0,0,0
Bacteria,Proteobacteria,Alphaproteobacteria,Rhizobiales,Rhizobiaceae,Liberibacter,Candidatus Liberibacter asiaticus,Candidatus Liberibacter asiaticus,905,2,3,0,1,0,0,0,0
Bacteria,Proteobacteria,Alphaproteobacteria,Rhizobiales,Rhizobiaceae,Liberibacter,Liberibacter crescens,Liberibacter crescens,2871,2,0,0,0,0,0,0,0
Bacteria,Proteobacteria,Alphaproteobacteria,Rhizobiales,Rhizobiaceae,Neorhizobium,Neorhizobium galegae,Neorhizobium galegae,3396,3,1,5,6,8,6,4,5
Bacteria,Proteobacteria,Alphaproteobacteria,Rhizobiales,Rhizobiaceae,Neorhizobium,Neorhizobium sp. NCHU2750,Neorhizobium sp. NCHU2750,3397,0,2,5,1,0,0,1,1
Bacteria,Proteobacteria,Alphaproteobacteria,Rhizobiales,Rhizobiaceae,Neorhizobium,Neorhizobium sp. SOG26,Neorhizobium sp. SOG26,3398,4,2,1,2,0,0,0,0
Bacteria,Proteobacteria,Alphaproteobacteria,Rhizobiales,Rhizobiaceae,Rhizobium,Rhizobium daejeonense,Rhizobium daejeonense,4293,1,0,0,0,0,0,0,0
Bacteria,Proteobacteria,Alphaproteobacteria,Rhizobiales,Rhizobiaceae,Rhizobium,Rhizobium etli,Rhizobium etli,4294,4,3,0,1,0,0,0,0
Bacteria,Proteobacteria,Alphaproteobacteria,Rhizobiales,Rhizobiaceae,Rhizobium,Rhizobium favelukesii,Rhizobium favelukesii,4295,4,5,2,1,3,0,0,0
Bacteria,Proteobacteria,Alphaproteobacteria,Rhizobiales,Rhizobiaceae,Rhizobium,Rhizobium flavum,Rhizobium flavum,4296,0,0,0,0,1,1,1,0
Bacteria,Proteobacteria,Alphaproteobacteria,Rhizobiales,Rhizobiaceae,Rhizobium,Rhizobium gallicum,Rhizobium gallicum,4297,3,2,0,1,0,0,0,0
Bacteria,Proteobacteria,Alphaproteobacteria,Rhizobiales,Rhizobiaceae,Rhizobium,Rhizobium grahamii,Rhizobium grahamii,4298,0,3,1,1,0,0,0,0
Bacteria,Proteobacteria,Alphaproteobacteria,Rhizobiales,Rhizobiaceae,Rhizobium,Rhizobium jaguaris,Rhizobium jaguaris,4299,1,3,0,5,4,3,0,1
Bacteria,Proteobacteria,Alphaproteobacteria,Rhizobiales,Rhizobiaceae,Rhizobium,Rhizobium leguminosarum,Rhizobium leguminosarum,4300,9,6,9,12,6,7,3,5
Bacteria,Proteobacteria,Alphaproteobacteria,Rhizobiales,Rhizobiaceae,Rhizobium,Rhizobium lusitanum,Rhizobium lusitanum,4301,4,5,0,1,0,0,0,0
Bacteria,Proteobacteria,Alphaproteobacteria,Rhizobiales,Rhizobiaceae,Rhizobium,Rhizobium oryzihabitans,Rhizobium oryzihabitans,4302,1,0,1,0,0,0,0,0
Bacteria,Proteobacteria,Alphaproteobacteria,Rhizobiales,Rhizobiaceae,Rhizobium,Rhizobium phaseoli,Rhizobium phaseoli,4303,1,0,0,0,0,0,1,0
Bacteria,Proteobacteria,Alphaproteobacteria,Rhizobiales,Rhizobiaceae,Rhizobium,Rhizobium pseudoryzae,Rhizobium pseudoryzae,4304,1,1,0,0,0,0,0,0
Bacteria,Proteobacteria,Alphaproteobacteria,Rhizobiales,Rhizobiaceae,Rhizobium,Rhizobium pusense,Rhizobium pusense,4305,0,0,1,0,0,0,0,0
Bacteria,Proteobacteria,Alphaproteobacteria,Rhizobiales,Rhizobiaceae,Rhizobium,Rhizobium rhizoryzae,Rhizobium rhizoryzae,4306,1,0,0,1,0,0,0,0
Bacteria,Proteobacteria,Alphaproteobacteria,Rhizobiales,Rhizobiaceae,Rhizobium,Rhizobium sp. 11515TR,Rhizobium sp. 11515TR,4307,0,2,1,0,17,7,5,2
Bacteria,Proteobacteria,Alphaproteobacteria,Rhizobiales,Rhizobiaceae,Rhizobium,Rhizobium sp. ADMK78,Rhizobium sp. ADMK78,4308,0,1,0,2,0,1,0,0
Bacteria,Proteobacteria,Alphaproteobacteria,Rhizobiales,Rhizobiaceae,Rhizobium,Rhizobium sp. CIAT894,Rhizobium sp. CIAT894,4309,1,0,1,0,1,3,0,0
Bacteria,Proteobacteria,Alphaproteobacteria,Rhizobiales,Rhizobiaceae,Rhizobium,Rhizobium sp. IE4771,Rhizobium sp. IE4771,4310,1,0,0,0,0,0,0,0
Bacteria,Proteobacteria,Alphaproteobacteria,Rhizobiales,Rhizobiaceae,Rhizobium,Rhizobium sp. JKLM13E,Rhizobium sp. JKLM13E,4311,0,0,0,1,0,0,0,0
Bacteria,Proteobacteria,Alphaproteobacteria,Rhizobiales,Rhizobiaceae,Rhizobium,Rhizobium sp. JKLM19E,Rhizobium sp. JKLM19E,4312,0,0,3,3,0,0,0,0
Bacteria,Proteobacteria,Alphaproteobacteria,Rhizobiales,Rhizobiaceae,Rhizobium,Rhizobium sp. Khangiran2,Rhizobium sp. Khangiran2,4313,3,0,3,2,5,0,1,2
Bacteria,Proteobacteria,Alphaproteobacteria,Rhizobiales,Rhizobiaceae,Rhizobium,Rhizobium sp. Kim5,Rhizobium sp. Kim5,4314,0,0,0,1,0,0,0,0
Bacteria,Proteobacteria,Alphaproteobacteria,Rhizobiales,Rhizobiaceae,Rhizobium,Rhizobium sp. NIBRBAC000502774,Rhizobium sp. NIBRBAC000502774,4315,1,1,5,1,0,0,0,0
Bacteria,Proteobacteria,Alphaproteobacteria,Rhizobiales,Rhizobiaceae,Rhizobium,Rhizobium sp. NXC14,Rhizobium sp. NXC14,4316,1,0,0,1,0,0,0,0
Bacteria,Proteobacteria,Alphaproteobacteria,Rhizobiales,Rhizobiaceae,Rhizobium,Rhizobium sp. NXC24,Rhizobium sp. NXC24,4317,0,2,0,0,0,0,0,0
Bacteria,Proteobacteria,Alphaproteobacteria,Rhizobiales,Rhizobiaceae,Rhizobium,Rhizobium sp. WL3,Rhizobium sp. WL3,4318,2,7,2,3,0,0,0,0
Bacteria,Proteobacteria,Alphaproteobacteria,Rhizobiales,Rhizobiaceae,Rhizobium,Rhizobium sp. Y9,Rhizobium sp. Y9,4319,1,3,0,0,0,0,0,0
Bacteria,Proteobacteria,Alphaproteobacteria,Rhizobiales,Rhizobiaceae,Rhizobium,Rhizobium tropici,Rhizobium tropici,4320,0,1,0,1,0,0,0,0
Bacteria,Proteobacteria,Alphaproteobacteria,Rhizobiales,Rhizobiaceae,Shinella,Shinella sp. HZN7,Shinella sp. HZN7,4574,0,3,1,2,4,4,1,3
Bacteria,Proteobacteria,Alphaproteobacteria,Rhizobiales,Rhizobiaceae,Sinorhizobium,Sinorhizobium americanum,Sinorhizobium americanum,4588,5,0,0,0,1,0,0,0
Bacteria,Proteobacteria,Alphaproteobacteria,Rhizobiales,Rhizobiaceae,Sinorhizobium,Sinorhizobium fredii,Sinorhizobium fredii,4589,3,4,0,1,3,2,2,3
Bacteria,Proteobacteria,Alphaproteobacteria,Rhizobiales,Rhizobiaceae,Sinorhizobium,Sinorhizobium medicae,Sinorhizobium medicae,4590,0,0,2,0,1,2,0,2
Bacteria,Proteobacteria,Alphaproteobacteria,Rhizobiales,Rhizobiaceae,Sinorhizobium,Sinorhizobium meliloti,Sinorhizobium meliloti,4591,2,1,2,4,5,3,3,4
Bacteria,Proteobacteria,Alphaproteobacteria,Rhizobiales,Rhizobiaceae,Sinorhizobium,Sinorhizobium sp. RAC02,Sinorhizobium sp. RAC02,4592,1,1,0,2,4,2,2,1
Bacteria,Proteobacteria,Alphaproteobacteria,Rhizobiales,Rhodobiaceae,Candidatus Phaeomarinobacter,Candidatus Phaeomarinobacter ectocarpi,Candidatus Phaeomarinobacter ectocarpi,941,0,0,1,0,0,0,0,0
Bacteria,Proteobacteria,Alphaproteobacteria,Rhizobiales,Rhodobiaceae,Parvibaculum,Parvibaculum lavamentivorans,Parvibaculum lavamentivorans,3793,0,0,1,0,0,0,0,0
Bacteria,Proteobacteria,Alphaproteobacteria,Rhizobiales,Rhodobiaceae,Pyruvatibacter,Pyruvatibacter mobilis,Pyruvatibacter mobilis,4266,2,0,0,2,0,0,0,0
Bacteria,Proteobacteria,Alphaproteobacteria,Rhizobiales,Xanthobacteraceae,Ancylobacter,Ancylobacter pratisalsi,Ancylobacter pratisalsi,311,2,7,0,3,0,0,0,0
Bacteria,Proteobacteria,Alphaproteobacteria,Rhizobiales,Xanthobacteraceae,Ancylobacter,Ancylobacter sp. TS-1,Ancylobacter sp. TS-1,312,0,0,1,0,0,0,1,2
Bacteria,Proteobacteria,Alphaproteobacteria,Rhizobiales,Xanthobacteraceae,Azorhizobium,Azorhizobium caulinodans,Azorhizobium caulinodans,431,1,1,0,0,0,0,0,0
Bacteria,Proteobacteria,Alphaproteobacteria,Rhizobiales,Xanthobacteraceae,Labrys,Labrys neptuniae,Labrys neptuniae,2670,0,0,1,0,0,0,0,0
Bacteria,Proteobacteria,Alphaproteobacteria,Rhizobiales,Xanthobacteraceae,Pseudolabrys,Pseudolabrys sp. FHR47,Pseudolabrys sp. FHR47,4080,0,0,0,1,3,6,0,3
Bacteria,Proteobacteria,Alphaproteobacteria,Rhizobiales,Xanthobacteraceae,Pseudolabrys,Pseudolabrys taiwanensis,Pseudolabrys taiwanensis,4081,3,1,1,0,1,0,0,0
Bacteria,Proteobacteria,Alphaproteobacteria,Rhizobiales,Xanthobacteraceae,Starkeya,Starkeya novella,Starkeya novella,4768,0,0,1,4,0,0,0,0
Bacteria,Proteobacteria,Alphaproteobacteria,Rhizobiales,Xanthobacteraceae,Starkeya,Starkeya sp. ORNL1,Starkeya sp. ORNL1,4769,0,2,23,2,3,5,32,8
Bacteria,Proteobacteria,Alphaproteobacteria,Rhizobiales,Xanthobacteraceae,Xanthobacter,Xanthobacter autotrophicus,Xanthobacter autotrophicus,5347,3,3,0,1,0,0,0,0
Bacteria,Proteobacteria,Alphaproteobacteria,Rhodobacterales,Hyphomonadaceae,Glycocaulis,Glycocaulis alkaliphilus,Glycocaulis alkaliphilus,2339,1,2,1,1,0,0,0,0
Bacteria,Proteobacteria,Alphaproteobacteria,Rhodobacterales,Hyphomonadaceae,Hirschia,Hirschia baltica,Hirschia baltica,2494,5,6,2,5,0,0,0,0
Bacteria,Proteobacteria,Alphaproteobacteria,Rhodobacterales,Hyphomonadaceae,Hyphomonas,Hyphomonas neptunium,Hyphomonas neptunium,2547,1,4,0,0,0,0,0,0
Bacteria,Proteobacteria,Alphaproteobacteria,Rhodobacterales,Hyphomonadaceae,Hyphomonas,Hyphomonas sp. CACIAM 19H1,Hyphomonas sp. CACIAM 19H1,2548,1,6,1,1,0,0,0,0
Bacteria,Proteobacteria,Alphaproteobacteria,Rhodobacterales,Hyphomonadaceae,Hyphomonas,Hyphomonas sp. Mor2,Hyphomonas sp. Mor2,2549,1,5,0,0,0,0,0,0
Bacteria,Proteobacteria,Alphaproteobacteria,Rhodobacterales,Hyphomonadaceae,Maricaulis,Maricaulis maris,Maricaulis maris,2944,1,3,0,2,8,4,5,0
Bacteria,Proteobacteria,Alphaproteobacteria,Rhodobacterales,Rhodobacteraceae,Antarctobacter,Antarctobacter heliothermus,Antarctobacter heliothermus,323,3,0,0,0,0,0,0,0
Bacteria,Proteobacteria,Alphaproteobacteria,Rhodobacterales,Rhodobacteraceae,Brevirhabdus,Brevirhabdus pacifica,Brevirhabdus pacifica,715,0,0,1,0,3,1,2,2
Bacteria,Proteobacteria,Alphaproteobacteria,Rhodobacterales,Rhodobacteraceae,Celeribacter,Celeribacter baekdonensis,Celeribacter baekdonensis,1020,0,0,3,0,2,1,7,1
Bacteria,Proteobacteria,Alphaproteobacteria,Rhodobacterales,Rhodobacteraceae,Celeribacter,Celeribacter ethanolicus,Celeribacter ethanolicus,1021,2,3,0,0,1,0,0,2
Bacteria,Proteobacteria,Alphaproteobacteria,Rhodobacterales,Rhodobacteraceae,Celeribacter,Celeribacter indicus,Celeribacter indicus,1022,0,1,0,0,0,0,0,0
Bacteria,Proteobacteria,Alphaproteobacteria,Rhodobacterales,Rhodobacteraceae,Celeribacter,Celeribacter manganoxidans,Celeribacter manganoxidans,1023,2,0,0,0,0,0,0,0
Bacteria,Proteobacteria,Alphaproteobacteria,Rhodobacterales,Rhodobacteraceae,Celeribacter,Celeribacter marinus,Celeribacter marinus,1024,2,0,0,2,1,0,1,0
Bacteria,Proteobacteria,Alphaproteobacteria,Rhodobacterales,Rhodobacteraceae,Defluviimonas,Defluviimonas alba,Defluviimonas alba,1372,1,0,0,1,0,0,0,0
Bacteria,Proteobacteria,Alphaproteobacteria,Rhodobacterales,Rhodobacteraceae,Dinoroseobacter,Dinoroseobacter shibae,Dinoroseobacter shibae,1497,1,0,0,0,0,0,0,0
Bacteria,Proteobacteria,Alphaproteobacteria,Rhodobacterales,Rhodobacteraceae,Epibacterium,Epibacterium mobile,Epibacterium mobile,1622,6,1,0,1,0,0,1,0
Bacteria,Proteobacteria,Alphaproteobacteria,Rhodobacterales,Rhodobacteraceae,Gemmobacter,Gemmobacter sp. HYN0069,Gemmobacter sp. HYN0069,2291,2,0,1,0,1,0,5,5
Bacteria,Proteobacteria,Alphaproteobacteria,Rhodobacterales,Rhodobacteraceae,Haematobacter,Haematobacter massiliensis,Haematobacter massiliensis,2372,3,2,0,0,0,0,0,0
Bacteria,Proteobacteria,Alphaproteobacteria,Rhodobacterales,Rhodobacteraceae,Halocynthiibacter,Halocynthiibacter arcticus,Halocynthiibacter arcticus,2413,1,3,0,6,0,0,0,0
Bacteria,Proteobacteria,Alphaproteobacteria,Rhodobacterales,Rhodobacteraceae,Jannaschia,Jannaschia sp. CCS1,Jannaschia sp. CCS1,2574,6,0,2,3,5,1,2,1
Bacteria,Proteobacteria,Alphaproteobacteria,Rhodobacterales,Rhodobacteraceae,Ketogulonicigenium,Ketogulonicigenium vulgare,Ketogulonicigenium vulgare,2600,1,0,0,5,7,6,6,5
Bacteria,Proteobacteria,Alphaproteobacteria,Rhodobacterales,Rhodobacteraceae,Labrenzia,Labrenzia sp. PHM005,Labrenzia sp. PHM005,2667,2,1,0,2,6,3,0,1
Bacteria,Proteobacteria,Alphaproteobacteria,Rhodobacterales,Rhodobacteraceae,Labrenzia,Labrenzia sp. THAF82,Labrenzia sp. THAF82,2668,6,0,2,1,0,2,1,1
Bacteria,Proteobacteria,Alphaproteobacteria,Rhodobacterales,Rhodobacteraceae,Labrenzia,Labrenzia sp. VG12,Labrenzia sp. VG12,2669,0,3,0,5,8,6,3,10
Bacteria,Proteobacteria,Alphaproteobacteria,Rhodobacterales,Rhodobacteraceae,Leisingera,Leisingera aquaemixtae,Leisingera aquaemixtae,2825,0,4,1,2,0,0,0,0
Bacteria,Proteobacteria,Alphaproteobacteria,Rhodobacterales,Rhodobacteraceae,Leisingera,Leisingera methylohalidivorans,Leisingera methylohalidivorans,2826,1,2,0,3,0,0,0,0
Bacteria,Proteobacteria,Alphaproteobacteria,Rhodobacterales,Rhodobacteraceae,Leisingera,Leisingera sp. NJS204,Leisingera sp. NJS204,2827,1,0,0,0,0,0,0,0
Bacteria,Proteobacteria,Alphaproteobacteria,Rhodobacterales,Rhodobacteraceae,Litoreibacter,Litoreibacter sp. LN3S51,Litoreibacter sp. LN3S51,2888,1,0,0,0,0,1,0,0
Bacteria,Proteobacteria,Alphaproteobacteria,Rhodobacterales,Rhodobacteraceae,Mameliella,Mameliella alba,Mameliella alba,2931,2,0,0,1,0,0,0,2
Bacteria,Proteobacteria,Alphaproteobacteria,Rhodobacterales,Rhodobacteraceae,Maribius,Maribius sp. THAF1,Maribius sp. THAF1,2943,0,4,31,9,7,16,18,15
Bacteria,Proteobacteria,Alphaproteobacteria,Rhodobacterales,Rhodobacteraceae,Marinovum,Marinovum algicola,Marinovum algicola,2972,0,1,0,3,0,0,0,0
Bacteria,Proteobacteria,Alphaproteobacteria,Rhodobacterales,Rhodobacteraceae,Marivivens,Marivivens sp. JLT3646,Marivivens sp. JLT3646,2978,0,0,0,2,0,0,0,0
Bacteria,Proteobacteria,Alphaproteobacteria,Rhodobacterales,Rhodobacteraceae,Monaibacterium,Monaibacterium sp. ALG8,Monaibacterium sp. ALG8,3233,0,4,1,0,0,0,0,1
Bacteria,Proteobacteria,Alphaproteobacteria,Rhodobacterales,Rhodobacteraceae,Octadecabacter,Octadecabacter antarcticus,Octadecabacter antarcticus,3574,0,1,0,0,0,0,1,0
Bacteria,Proteobacteria,Alphaproteobacteria,Rhodobacterales,Rhodobacteraceae,Octadecabacter,Octadecabacter arcticus,Octadecabacter arcticus,3575,0,2,0,0,0,0,0,0
Bacteria,Proteobacteria,Alphaproteobacteria,Rhodobacterales,Rhodobacteraceae,Octadecabacter,Octadecabacter sp. SW4,Octadecabacter sp. SW4,3576,1,0,0,0,0,0,0,0
Bacteria,Proteobacteria,Alphaproteobacteria,Rhodobacterales,Rhodobacteraceae,Octadecabacter,Octadecabacter temperatus,Octadecabacter temperatus,3577,2,0,11,4,2,7,17,3
Bacteria,Proteobacteria,Alphaproteobacteria,Rhodobacterales,Rhodobacteraceae,Pannonibacter,Pannonibacter phragmitetus,Pannonibacter phragmitetus,3714,0,7,0,4,0,1,0,0
Bacteria,Proteobacteria,Alphaproteobacteria,Rhodobacterales,Rhodobacteraceae,Paracoccus,Paracoccus aminophilus,Paracoccus aminophilus,3757,5,2,0,2,2,0,3,1
Bacteria,Proteobacteria,Alphaproteobacteria,Rhodobacterales,Rhodobacteraceae,Paracoccus,Paracoccus aminovorans,Paracoccus aminovorans,3758,0,0,1,0,0,0,0,0
Bacteria,Proteobacteria,Alphaproteobacteria,Rhodobacterales,Rhodobacteraceae,Paracoccus,Paracoccus contaminans,Paracoccus contaminans,3759,3,2,2,0,1,1,0,0
Bacteria,Proteobacteria,Alphaproteobacteria,Rhodobacterales,Rhodobacteraceae,Paracoccus,Paracoccus denitrificans,Paracoccus denitrificans,3760,3,0,1,0,0,0,0,0
Bacteria,Proteobacteria,Alphaproteobacteria,Rhodobacterales,Rhodobacteraceae,Paracoccus,Paracoccus jeotgali,Paracoccus jeotgali,3761,2,0,0,0,0,0,0,0
Bacteria,Proteobacteria,Alphaproteobacteria,Rhodobacterales,Rhodobacteraceae,Paracoccus,Paracoccus kondratievae,Paracoccus kondratievae,3762,0,2,0,0,0,1,0,0
Bacteria,Proteobacteria,Alphaproteobacteria,Rhodobacterales,Rhodobacteraceae,Paracoccus,Paracoccus liaowanqingii,Paracoccus liaowanqingii,3763,0,2,4,0,1,4,7,5
Bacteria,Proteobacteria,Alphaproteobacteria,Rhodobacterales,Rhodobacteraceae,Paracoccus,Paracoccus pantotrophus,Paracoccus pantotrophus,3764,0,0,0,0,1,0,0,0
Bacteria,Proteobacteria,Alphaproteobacteria,Rhodobacterales,Rhodobacteraceae,Paracoccus,Paracoccus sp. AK26,Paracoccus sp. AK26,3765,1,1,1,0,0,0,1,0
Bacteria,Proteobacteria,Alphaproteobacteria,Rhodobacterales,Rhodobacteraceae,Paracoccus,Paracoccus sp. Arc7-R13,Paracoccus sp. Arc7-R13,3766,1,0,1,0,0,0,0,0
Bacteria,Proteobacteria,Alphaproteobacteria,Rhodobacterales,Rhodobacteraceae,Paracoccus,Paracoccus sp. BM15,Paracoccus sp. BM15,3767,1,0,1,0,1,0,0,0
Bacteria,Proteobacteria,Alphaproteobacteria,Rhodobacterales,Rhodobacteraceae,Paracoccus,Paracoccus sp. SC2-6,Paracoccus sp. SC2-6,3768,1,2,2,4,7,0,1,4
Bacteria,Proteobacteria,Alphaproteobacteria,Rhodobacterales,Rhodobacteraceae,Paracoccus,Paracoccus yeei,Paracoccus yeei,3769,2,1,0,0,0,0,0,0
Bacteria,Proteobacteria,Alphaproteobacteria,Rhodobacterales,Rhodobacteraceae,Paracoccus,Paracoccus zhejiangensis,Paracoccus zhejiangensis,3770,3,0,0,0,0,0,0,0
Bacteria,Proteobacteria,Alphaproteobacteria,Rhodobacterales,Rhodobacteraceae,Paraoceanicella,Paraoceanicella profunda,Paraoceanicella profunda,3780,1,0,0,1,1,0,1,2
Bacteria,Proteobacteria,Alphaproteobacteria,Rhodobacterales,Rhodobacteraceae,Parasedimentitalea,Parasedimentitalea marina,Parasedimentitalea marina,3787,2,0,0,3,0,1,0,0
Bacteria,Proteobacteria,Alphaproteobacteria,Rhodobacterales,Rhodobacteraceae,Pelagibaca,Pelagibaca abyssi,Pelagibaca abyssi,3828,1,1,0,0,0,0,0,0
Bacteria,Proteobacteria,Alphaproteobacteria,Rhodobacterales,Rhodobacteraceae,Phaeobacter,Phaeobacter gallaeciensis,Phaeobacter gallaeciensis,3856,1,4,0,1,1,0,1,1
Bacteria,Proteobacteria,Alphaproteobacteria,Rhodobacterales,Rhodobacteraceae,Phaeobacter,Phaeobacter inhibens,Phaeobacter inhibens,3857,3,3,2,1,1,0,0,1
Bacteria,Proteobacteria,Alphaproteobacteria,Rhodobacterales,Rhodobacteraceae,Phaeobacter,Phaeobacter piscinae,Phaeobacter piscinae,3858,2,0,0,0,1,0,0,0
Bacteria,Proteobacteria,Alphaproteobacteria,Rhodobacterales,Rhodobacteraceae,Phaeobacter,Phaeobacter porticola,Phaeobacter porticola,3859,0,1,0,1,0,0,0,0
Bacteria,Proteobacteria,Alphaproteobacteria,Rhodobacterales,Rhodobacteraceae,Planktomarina,Planktomarina temperata,Planktomarina temperata,3935,3,0,0,0,0,0,0,0
Bacteria,Proteobacteria,Alphaproteobacteria,Rhodobacterales,Rhodobacteraceae,Pseudohalocynthiibacter,Pseudohalocynthiibacter aestuariivivens,Pseudohalocynthiibacter aestuariivivens,4078,2,2,1,0,9,9,3,5
Bacteria,Proteobacteria,Alphaproteobacteria,Rhodobacterales,Rhodobacteraceae,Pseudovibrio,Pseudovibrio sp. FO-BEG1,Pseudovibrio sp. FO-BEG1,4237,6,7,4,3,6,9,10,0
Bacteria,Proteobacteria,Alphaproteobacteria,Rhodobacterales,Rhodobacteraceae,Rhodobaca,Rhodobaca barguzinensis,Rhodobaca barguzinensis,4323,2,0,1,1,0,0,0,0
Bacteria,Proteobacteria,Alphaproteobacteria,Rhodobacterales,Rhodobacteraceae,Rhodobacter,Rhodobacter blasticus,Rhodobacter blasticus,4324,1,3,1,0,0,0,0,0
Bacteria,Proteobacteria,Alphaproteobacteria,Rhodobacterales,Rhodobacteraceae,Rhodobacter,Rhodobacter capsulatus,Rhodobacter capsulatus,4325,0,2,0,0,0,0,0,0
Bacteria,Proteobacteria,Alphaproteobacteria,Rhodobacterales,Rhodobacteraceae,Rhodobacter,Rhodobacter sp. CZR27,Rhodobacter sp. CZR27,4326,1,0,0,1,0,0,0,0
Bacteria,Proteobacteria,Alphaproteobacteria,Rhodobacterales,Rhodobacteraceae,Rhodobacter,Rhodobacter sp. LPB0142,Rhodobacter sp. LPB0142,4327,2,7,2,4,0,0,0,0
Bacteria,Proteobacteria,Alphaproteobacteria,Rhodobacterales,Rhodobacteraceae,Rhodobacter,Rhodobacter sphaeroides,Rhodobacter sphaeroides,4328,4,0,6,5,8,0,1,4
Bacteria,Proteobacteria,Alphaproteobacteria,Rhodobacterales,Rhodobacteraceae,Rhodovulum,Rhodovulum sp. MB263,Rhodovulum sp. MB263,4371,0,0,0,1,0,2,0,1
Bacteria,Proteobacteria,Alphaproteobacteria,Rhodobacterales,Rhodobacteraceae,Rhodovulum,Rhodovulum sp. P5,Rhodovulum sp. P5,4372,3,0,1,1,8,0,0,1
Bacteria,Proteobacteria,Alphaproteobacteria,Rhodobacterales,Rhodobacteraceae,Rhodovulum,Rhodovulum sulfidophilum,Rhodovulum sulfidophilum,4373,5,2,1,0,0,0,0,0
Bacteria,Proteobacteria,Alphaproteobacteria,Rhodobacterales,Rhodobacteraceae,Roseibacterium,Roseibacterium elongatum,Roseibacterium elongatum,4395,0,0,1,0,0,0,0,0
Bacteria,Proteobacteria,Alphaproteobacteria,Rhodobacterales,Rhodobacteraceae,Roseivivax,Roseivivax sp. THAF30,Roseivivax sp. THAF30,4402,1,0,0,0,2,1,1,0
Bacteria,Proteobacteria,Alphaproteobacteria,Rhodobacterales,Rhodobacteraceae,Roseobacter,Roseobacter denitrificans,Roseobacter denitrificans,4403,1,0,0,1,0,0,0,0
Bacteria,Proteobacteria,Alphaproteobacteria,Rhodobacterales,Rhodobacteraceae,Roseobacter,Roseobacter litoralis,Roseobacter litoralis,4404,1,0,0,0,0,0,0,0
Bacteria,Proteobacteria,Alphaproteobacteria,Rhodobacterales,Rhodobacteraceae,Roseobacter,Roseobacter ponti,Roseobacter ponti,4405,2,1,0,2,0,0,0,0
Bacteria,Proteobacteria,Alphaproteobacteria,Rhodobacterales,Rhodobacteraceae,Roseovarius,Roseovarius indicus,Roseovarius indicus,4408,2,2,0,2,0,0,0,0
Bacteria,Proteobacteria,Alphaproteobacteria,Rhodobacterales,Rhodobacteraceae,Roseovarius,Roseovarius mucosus,Roseovarius mucosus,4409,0,0,0,0,0,1,0,0
Bacteria,Proteobacteria,Alphaproteobacteria,Rhodobacterales,Rhodobacteraceae,Roseovarius,Roseovarius sp. MME-070,Roseovarius sp. MME-070,4410,1,0,0,0,0,0,0,0
Bacteria,Proteobacteria,Alphaproteobacteria,Rhodobacterales,Rhodobacteraceae,Roseovarius,Roseovarius sp. THAF8,Roseovarius sp. THAF8,4411,0,1,0,0,0,0,0,0
Bacteria,Proteobacteria,Alphaproteobacteria,Rhodobacterales,Rhodobacteraceae,Roseovarius,Roseovarius sp. THAF9,Roseovarius sp. THAF9,4412,1,0,0,1,0,0,0,1
Bacteria,Proteobacteria,Alphaproteobacteria,Rhodobacterales,Rhodobacteraceae,Ruegeria,Ruegeria pomeroyi,Ruegeria pomeroyi,4425,1,2,0,1,0,1,0,0
Bacteria,Proteobacteria,Alphaproteobacteria,Rhodobacterales,Rhodobacteraceae,Ruegeria,Ruegeria sp. AD91A,Ruegeria sp. AD91A,4426,2,0,0,0,0,0,0,0
Bacteria,Proteobacteria,Alphaproteobacteria,Rhodobacterales,Rhodobacteraceae,Ruegeria,Ruegeria sp. THAF33,Ruegeria sp. THAF33,4427,1,2,27,4,2,22,33,9
Bacteria,Proteobacteria,Alphaproteobacteria,Rhodobacterales,Rhodobacteraceae,Ruegeria,Ruegeria sp. TM1040,Ruegeria sp. TM1040,4428,4,1,0,5,0,0,0,0
Bacteria,Proteobacteria,Alphaproteobacteria,Rhodobacterales,Rhodobacteraceae,Sagittula,Sagittula sp. P11,Sagittula sp. P11,4459,0,0,0,0,3,3,0,0
Bacteria,Proteobacteria,Alphaproteobacteria,Rhodobacterales,Rhodobacteraceae,Salipiger,Salipiger profundus,Salipiger profundus,4482,1,0,0,0,0,0,0,0
Bacteria,Proteobacteria,Alphaproteobacteria,Rhodobacterales,Rhodobacteraceae,Silicimonas,Silicimonas algicola,Silicimonas algicola,4577,0,1,0,0,0,1,1,0
Bacteria,Proteobacteria,Alphaproteobacteria,Rhodobacterales,Rhodobacteraceae,Stappia,Stappia indica,Stappia indica,4766,0,1,0,0,0,0,0,0
Bacteria,Proteobacteria,Alphaproteobacteria,Rhodobacterales,Rhodobacteraceae,Stappia,Stappia sp. ES.058,Stappia sp. ES.058,4767,0,2,0,0,0,0,0,0
Bacteria,Proteobacteria,Alphaproteobacteria,Rhodobacterales,Rhodobacteraceae,Sulfitobacter,Sulfitobacter pseudonitzschiae,Sulfitobacter pseudonitzschiae,4991,3,0,1,0,0,0,0,0
Bacteria,Proteobacteria,Alphaproteobacteria,Rhodobacterales,Rhodobacteraceae,Sulfitobacter,Sulfitobacter sp. AM1-D1,Sulfitobacter sp. AM1-D1,4992,1,0,2,0,3,5,0,0
Bacteria,Proteobacteria,Alphaproteobacteria,Rhodobacterales,Rhodobacteraceae,Sulfitobacter,Sulfitobacter sp. BSw21498,Sulfitobacter sp. BSw21498,4993,3,10,3,0,0,0,0,0
Bacteria,Proteobacteria,Alphaproteobacteria,Rhodobacterales,Rhodobacteraceae,Sulfitobacter,Sulfitobacter sp. D7,Sulfitobacter sp. D7,4994,2,1,0,1,0,0,0,0
Bacteria,Proteobacteria,Alphaproteobacteria,Rhodobacterales,Rhodobacteraceae,Sulfitobacter,Sulfitobacter sp. JL08,Sulfitobacter sp. JL08,4995,0,0,1,1,0,0,0,0
Bacteria,Proteobacteria,Alphaproteobacteria,Rhodobacterales,Rhodobacteraceae,Sulfitobacter,Sulfitobacter sp. SK011,Sulfitobacter sp. SK011,4996,1,1,0,0,0,0,0,0
Bacteria,Proteobacteria,Alphaproteobacteria,Rhodobacterales,Rhodobacteraceae,Sulfitobacter,Sulfitobacter sp. SK012,Sulfitobacter sp. SK012,4997,2,2,0,0,0,0,0,0
Bacteria,Proteobacteria,Alphaproteobacteria,Rhodobacterales,Rhodobacteraceae,Sulfitobacter,Sulfitobacter sp. THAF37,Sulfitobacter sp. THAF37,4998,3,0,0,0,0,0,0,0
Bacteria,Proteobacteria,Alphaproteobacteria,Rhodobacterales,Rhodobacteraceae,Tabrizicola,Tabrizicola piscis,Tabrizicola piscis,5045,1,1,28,5,6,3,32,14
Bacteria,Proteobacteria,Alphaproteobacteria,Rhodobacterales,Rhodobacteraceae,Thalassobius,Thalassobius gelatinovorus,Thalassobius gelatinovorus,5083,1,0,1,1,0,0,0,0
Bacteria,Proteobacteria,Alphaproteobacteria,Rhodobacterales,Rhodobacteraceae,Thalassococcus,Thalassococcus sp. S3,Thalassococcus sp. S3,5084,0,3,1,2,2,2,2,0
Bacteria,Proteobacteria,Alphaproteobacteria,Rhodobacterales,Rhodobacteraceae,Thioclava,Thioclava nitratireducens,Thioclava nitratireducens,5165,0,0,0,4,6,4,2,1
Bacteria,Proteobacteria,Alphaproteobacteria,Rhodobacterales,Rhodobacteraceae,Yangia,Yangia pacifica,Yangia pacifica,5374,1,1,1,0,5,0,2,4
Bacteria,Proteobacteria,Alphaproteobacteria,Rhodobacterales,Rhodobacteraceae,Yangia,Yangia sp. CCB-MM3,Yangia sp. CCB-MM3,5375,2,2,0,0,0,0,0,0
Bacteria,Proteobacteria,Alphaproteobacteria,Rhodobacterales,Rhodobacteraceae,Yoonia,Yoonia vestfoldensis,Yoonia vestfoldensis,5392,0,1,36,7,6,4,34,12
Bacteria,Proteobacteria,Alphaproteobacteria,Rhodospirillales,Acetobacteraceae,Acetobacter,Acetobacter aceti,Acetobacter aceti,3,2,0,2,3,0,0,1,0
Bacteria,Proteobacteria,Alphaproteobacteria,Rhodospirillales,Acetobacteraceae,Acetobacter,Acetobacter ascendens,Acetobacter ascendens,4,1,3,2,2,1,0,1,2
Bacteria,Proteobacteria,Alphaproteobacteria,Rhodospirillales,Acetobacteraceae,Acetobacter,Acetobacter ghanensis,Acetobacter ghanensis,5,0,1,1,0,0,0,0,0
Bacteria,Proteobacteria,Alphaproteobacteria,Rhodospirillales,Acetobacteraceae,Acetobacter,Acetobacter orientalis,Acetobacter orientalis,6,5,0,2,3,0,0,0,0
Bacteria,Proteobacteria,Alphaproteobacteria,Rhodospirillales,Acetobacteraceae,Acetobacter,Acetobacter oryzoeni,Acetobacter oryzoeni,7,0,0,1,0,0,0,0,0
Bacteria,Proteobacteria,Alphaproteobacteria,Rhodospirillales,Acetobacteraceae,Acetobacter,Acetobacter pasteurianus,Acetobacter pasteurianus,8,3,3,1,5,0,0,0,0
Bacteria,Proteobacteria,Alphaproteobacteria,Rhodospirillales,Acetobacteraceae,Acetobacter,Acetobacter persici,Acetobacter persici,9,9,3,0,2,0,0,0,0
Bacteria,Proteobacteria,Alphaproteobacteria,Rhodospirillales,Acetobacteraceae,Acetobacter,Acetobacter sp. KACC 21233,Acetobacter sp. KACC 21233,10,0,1,0,0,0,0,0,0
Bacteria,Proteobacteria,Alphaproteobacteria,Rhodospirillales,Acetobacteraceae,Acetobacter,Acetobacter tropicalis,Acetobacter tropicalis,11,2,2,0,2,0,0,0,0
Bacteria,Proteobacteria,Alphaproteobacteria,Rhodospirillales,Acetobacteraceae,Acidibrevibacterium,Acidibrevibacterium fodinaquatile,Acidibrevibacterium fodinaquatile,32,0,0,0,1,0,0,1,0
Bacteria,Proteobacteria,Alphaproteobacteria,Rhodospirillales,Acetobacteraceae,Asaia,Asaia bogorensis,Asaia bogorensis,406,0,1,0,4,6,2,2,1
Bacteria,Proteobacteria,Alphaproteobacteria,Rhodospirillales,Acetobacteraceae,Bombella,Bombella sp. KACC 21507,Bombella sp. KACC 21507,623,2,1,2,0,0,0,0,1
Bacteria,Proteobacteria,Alphaproteobacteria,Rhodospirillales,Acetobacteraceae,Commensalibacter,Commensalibacter sp. AMU001,Commensalibacter sp. AMU001,1237,0,6,0,1,0,0,0,0
Bacteria,Proteobacteria,Alphaproteobacteria,Rhodospirillales,Acetobacteraceae,Commensalibacter,Commensalibacter sp. ESL0284,Commensalibacter sp. ESL0284,1238,2,0,0,1,0,0,0,0
Bacteria,Proteobacteria,Alphaproteobacteria,Rhodospirillales,Acetobacteraceae,Gluconacetobacter,Gluconacetobacter diazotrophicus,Gluconacetobacter diazotrophicus,2331,1,0,1,2,0,0,0,0
Bacteria,Proteobacteria,Alphaproteobacteria,Rhodospirillales,Acetobacteraceae,Gluconobacter,Gluconobacter albidus,Gluconobacter albidus,2332,2,3,1,1,0,0,0,0
Bacteria,Proteobacteria,Alphaproteobacteria,Rhodospirillales,Acetobacteraceae,Gluconobacter,Gluconobacter oxydans,Gluconobacter oxydans,2333,2,0,2,3,0,0,0,0
Bacteria,Proteobacteria,Alphaproteobacteria,Rhodospirillales,Acetobacteraceae,Gluconobacter,Gluconobacter thailandicus,Gluconobacter thailandicus,2334,2,0,0,0,1,0,0,0
Bacteria,Proteobacteria,Alphaproteobacteria,Rhodospirillales,Acetobacteraceae,Granulibacter,Granulibacter bethesdensis,Granulibacter bethesdensis,2361,6,5,4,1,0,0,0,0
Bacteria,Proteobacteria,Alphaproteobacteria,Rhodospirillales,Acetobacteraceae,Komagataeibacter,Komagataeibacter europaeus,Komagataeibacter europaeus,2635,1,0,0,0,0,0,0,0
Bacteria,Proteobacteria,Alphaproteobacteria,Rhodospirillales,Acetobacteraceae,Komagataeibacter,Komagataeibacter hansenii,Komagataeibacter hansenii,2636,1,0,0,2,0,0,0,0
Bacteria,Proteobacteria,Alphaproteobacteria,Rhodospirillales,Acetobacteraceae,Komagataeibacter,Komagataeibacter medellinensis,Komagataeibacter medellinensis,2637,2,0,1,0,0,0,0,0
Bacteria,Proteobacteria,Alphaproteobacteria,Rhodospirillales,Acetobacteraceae,Komagataeibacter,Komagataeibacter nataicola,Komagataeibacter nataicola,2638,0,2,5,0,0,0,1,1
Bacteria,Proteobacteria,Alphaproteobacteria,Rhodospirillales,Acetobacteraceae,Komagataeibacter,Komagataeibacter oboediens,Komagataeibacter oboediens,2639,2,1,13,2,2,6,9,6
Bacteria,Proteobacteria,Alphaproteobacteria,Rhodospirillales,Acetobacteraceae,Komagataeibacter,Komagataeibacter saccharivorans,Komagataeibacter saccharivorans,2640,1,1,0,1,0,0,0,0
Bacteria,Proteobacteria,Alphaproteobacteria,Rhodospirillales,Acetobacteraceae,Komagataeibacter,Komagataeibacter xylinus,Komagataeibacter xylinus,2641,0,3,3,0,0,0,0,0
Bacteria,Proteobacteria,Alphaproteobacteria,Rhodospirillales,Acetobacteraceae,Kozakia,Kozakia baliensis,Kozakia baliensis,2652,0,2,0,1,0,1,0,0
Bacteria,Proteobacteria,Alphaproteobacteria,Rhodospirillales,Acetobacteraceae,Neoasaia,Neoasaia chiangmaiensis,Neoasaia chiangmaiensis,3389,0,0,0,2,0,0,0,0
Bacteria,Proteobacteria,Alphaproteobacteria,Rhodospirillales,Acetobacteraceae,Neokomagataea,Neokomagataea sp. Ha5,Neokomagataea sp. Ha5,3393,3,0,0,0,0,0,0,0
Bacteria,Proteobacteria,Alphaproteobacteria,Rhodospirillales,Acetobacteraceae,Neokomagataea,Neokomagataea tanensis,Neokomagataea tanensis,3394,2,13,21,7,5,10,29,11
Bacteria,Proteobacteria,Alphaproteobacteria,Rhodospirillales,Acetobacteraceae,Parasaccharibacter,Parasaccharibacter apium,Parasaccharibacter apium,3785,0,0,0,0,0,0,1,0
Bacteria,Proteobacteria,Alphaproteobacteria,Rhodospirillales,Acetobacteraceae,Roseomonas,Roseomonas gilardii,Roseomonas gilardii,4406,0,1,0,0,1,0,2,0
Bacteria,Proteobacteria,Alphaproteobacteria,Rhodospirillales,Acetobacteraceae,Roseomonas,Roseomonas sp. FDAARGOS_362,Roseomonas sp. FDAARGOS_362,4407,1,1,0,1,2,0,1,0
Bacteria,Proteobacteria,Alphaproteobacteria,Rhodospirillales,Acetobacteraceae,Stella,Stella humosa,Stella humosa,4770,1,1,0,0,0,0,0,0
Bacteria,Proteobacteria,Alphaproteobacteria,Rhodospirillales,Acetobacteraceae,Swingsia,Swingsia samuiensis,Swingsia samuiensis,5034,2,1,10,2,2,0,10,4
Bacteria,Proteobacteria,Alphaproteobacteria,Rhodospirillales,Rhodospirillaceae,Azospirillum,Azospirillum brasilense,Azospirillum brasilense,433,2,3,1,1,5,0,2,1
Bacteria,Proteobacteria,Alphaproteobacteria,Rhodospirillales,Rhodospirillaceae,Azospirillum,Azospirillum humicireducens,Azospirillum humicireducens,434,0,1,0,0,0,0,0,0
Bacteria,Proteobacteria,Alphaproteobacteria,Rhodospirillales,Rhodospirillaceae,Azospirillum,Azospirillum lipoferum,Azospirillum lipoferum,435,4,1,0,0,0,0,0,0
Bacteria,Proteobacteria,Alphaproteobacteria,Rhodospirillales,Rhodospirillaceae,Azospirillum,Azospirillum ramasamyi,Azospirillum ramasamyi,436,2,2,14,3,1,7,15,4
Bacteria,Proteobacteria,Alphaproteobacteria,Rhodospirillales,Rhodospirillaceae,Azospirillum,Azospirillum sp. TSA2s,Azospirillum sp. TSA2s,437,0,1,0,1,0,0,0,0
Bacteria,Proteobacteria,Alphaproteobacteria,Rhodospirillales,Rhodospirillaceae,Azospirillum,Azospirillum sp. TSH100,Azospirillum sp. TSH100,438,4,0,2,3,4,0,0,3
Bacteria,Proteobacteria,Alphaproteobacteria,Rhodospirillales,Rhodospirillaceae,Azospirillum,Azospirillum thermophilum,Azospirillum thermophilum,439,1,0,0,2,1,0,0,0
Bacteria,Proteobacteria,Alphaproteobacteria,Rhodospirillales,Rhodospirillaceae,Azospirillum,Azospirillum thiophilum,Azospirillum thiophilum,440,2,0,0,1,0,0,0,0
Bacteria,Proteobacteria,Alphaproteobacteria,Rhodospirillales,Rhodospirillaceae,Candidatus Endolissoclinum,Candidatus Endolissoclinum faulkneri,Candidatus Endolissoclinum faulkneri,882,2,0,1,0,0,0,1,0
Bacteria,Proteobacteria,Alphaproteobacteria,Rhodospirillales,Rhodospirillaceae,Ferrovibrio,Ferrovibrio terrae,Ferrovibrio terrae,1799,0,1,1,0,0,0,0,0
Bacteria,Proteobacteria,Alphaproteobacteria,Rhodospirillales,Rhodospirillaceae,Haematospirillum,Haematospirillum jordaniae,Haematospirillum jordaniae,2373,2,0,0,0,0,0,0,1
Bacteria,Proteobacteria,Alphaproteobacteria,Rhodospirillales,Rhodospirillaceae,Hypericibacter,Hypericibacter adhaerens,Hypericibacter adhaerens,2542,0,0,0,1,0,0,0,0
Bacteria,Proteobacteria,Alphaproteobacteria,Rhodospirillales,Rhodospirillaceae,Hypericibacter,Hypericibacter terrae,Hypericibacter terrae,2543,0,2,0,0,0,0,0,1
Bacteria,Proteobacteria,Alphaproteobacteria,Rhodospirillales,Rhodospirillaceae,Indioceanicola,Indioceanicola profundi,Indioceanicola profundi,2562,0,0,2,1,1,0,0,1
Bacteria,Proteobacteria,Alphaproteobacteria,Rhodospirillales,Rhodospirillaceae,Magnetospira,Magnetospira sp. QH-2,Magnetospira sp. QH-2,2925,4,0,0,0,0,0,0,0
Bacteria,Proteobacteria,Alphaproteobacteria,Rhodospirillales,Rhodospirillaceae,Magnetospirillum,Magnetospirillum gryphiswaldense,Magnetospirillum gryphiswaldense,2926,1,0,0,1,3,2,0,0
Bacteria,Proteobacteria,Alphaproteobacteria,Rhodospirillales,Rhodospirillaceae,Magnetospirillum,Magnetospirillum magneticum,Magnetospirillum magneticum,2927,2,0,3,4,8,2,1,1
Bacteria,Proteobacteria,Alphaproteobacteria,Rhodospirillales,Rhodospirillaceae,Magnetospirillum,Magnetospirillum sp. ME-1,Magnetospirillum sp. ME-1,2928,1,1,0,0,0,0,0,0
Bacteria,Proteobacteria,Alphaproteobacteria,Rhodospirillales,Rhodospirillaceae,Magnetospirillum,Magnetospirillum sp. XM-1,Magnetospirillum sp. XM-1,2929,0,2,0,0,0,0,0,0
Bacteria,Proteobacteria,Alphaproteobacteria,Rhodospirillales,Rhodospirillaceae,Nitrospirillum,Nitrospirillum amazonense,Nitrospirillum amazonense,3442,1,1,0,1,0,0,0,0
Bacteria,Proteobacteria,Alphaproteobacteria,Rhodospirillales,Rhodospirillaceae,Niveispirillum,Niveispirillum cyanobacteriorum,Niveispirillum cyanobacteriorum,3443,1,2,1,3,0,0,0,0
Bacteria,Proteobacteria,Alphaproteobacteria,Rhodospirillales,Rhodospirillaceae,Pararhodospirillum,Pararhodospirillum photometricum,Pararhodospirillum photometricum,3784,2,0,0,1,0,0,0,0
Bacteria,Proteobacteria,Alphaproteobacteria,Rhodospirillales,Rhodospirillaceae,Rhodospirillum,Rhodospirillum centenum,Rhodospirillum centenum,4366,2,1,0,2,0,0,1,0
Bacteria,Proteobacteria,Alphaproteobacteria,Rhodospirillales,Rhodospirillaceae,Rhodospirillum,Rhodospirillum rubrum,Rhodospirillum rubrum,4367,1,0,0,0,0,0,0,0
Bacteria,Proteobacteria,Alphaproteobacteria,Rhodospirillales,Rhodospirillaceae,Skermanella,Skermanella pratensis,Skermanella pratensis,4593,0,1,0,2,3,0,0,0
Bacteria,Proteobacteria,Alphaproteobacteria,Rhodospirillales,Rhodospirillaceae,Thalassospira,Thalassospira indica,Thalassospira indica,5086,1,0,2,2,0,0,0,0
Bacteria,Proteobacteria,Alphaproteobacteria,Rhodospirillales,Rhodospirillaceae,Thalassospira,Thalassospira marina,Thalassospira marina,5087,3,3,0,3,0,0,0,0
Bacteria,Proteobacteria,Alphaproteobacteria,Rhodospirillales,Rhodospirillaceae,Thalassospira,Thalassospira xiamenensis,Thalassospira xiamenensis,5088,1,1,3,1,0,1,3,2
Bacteria,Proteobacteria,Alphaproteobacteria,Rhodospirillales,Rhodospirillaceae,Tistrella,Tistrella mobilis,Tistrella mobilis,5183,1,1,1,0,0,0,1,0
Bacteria,Proteobacteria,Alphaproteobacteria,Rickettsiales,Anaplasmataceae,Anaplasma,Anaplasma ovis,Anaplasma ovis,309,2,0,1,1,0,1,0,0
Bacteria,Proteobacteria,Alphaproteobacteria,Rickettsiales,Anaplasmataceae,Anaplasma,Anaplasma phagocytophilum,Anaplasma phagocytophilum,310,1,0,0,0,0,0,0,0
Bacteria,Proteobacteria,Alphaproteobacteria,Rickettsiales,Anaplasmataceae,Ehrlichia,Ehrlichia canis,Ehrlichia canis,1538,2,0,0,0,0,0,0,0
Bacteria,Proteobacteria,Alphaproteobacteria,Rickettsiales,Anaplasmataceae,Ehrlichia,Ehrlichia chaffeensis,Ehrlichia chaffeensis,1539,0,1,1,1,0,0,0,0
Bacteria,Proteobacteria,Alphaproteobacteria,Rickettsiales,Anaplasmataceae,Ehrlichia,Ehrlichia ruminantium,Ehrlichia ruminantium,1540,2,1,1,1,0,0,0,0
Bacteria,Proteobacteria,Alphaproteobacteria,Rickettsiales,Anaplasmataceae,Ehrlichia,Ehrlichia sp. HF,Ehrlichia sp. HF,1541,0,2,0,0,0,0,0,0
Bacteria,Proteobacteria,Alphaproteobacteria,Rickettsiales,Anaplasmataceae,Neorickettsia,Neorickettsia findlayensis,Neorickettsia findlayensis,3399,0,2,0,1,0,0,0,0
Bacteria,Proteobacteria,Alphaproteobacteria,Rickettsiales,Anaplasmataceae,Neorickettsia,Neorickettsia risticii,Neorickettsia risticii,3400,0,1,0,0,0,0,0,0
Bacteria,Proteobacteria,Alphaproteobacteria,Rickettsiales,Anaplasmataceae,Neorickettsia,Neorickettsia sennetsu,Neorickettsia sennetsu,3401,5,1,0,0,0,0,0,0
Bacteria,Proteobacteria,Alphaproteobacteria,Rickettsiales,Anaplasmataceae,Wolbachia,Wolbachia endosymbiont of Ctenocephalides felis wCfeT,Wolbachia endosymbiont of Ctenocephalides felis wCfeT,5341,0,0,1,0,0,0,0,0
Bacteria,Proteobacteria,Alphaproteobacteria,Rickettsiales,Anaplasmataceae,Wolbachia,Wolbachia endosymbiont of Dirofilaria (Dirofilaria) immitis,Wolbachia endosymbiont of Dirofilaria (Dirofilaria) immitis,5342,1,0,0,0,0,0,0,0
Bacteria,Proteobacteria,Alphaproteobacteria,Rickettsiales,Anaplasmataceae,Wolbachia,Wolbachia endosymbiont of Folsomia candida,Wolbachia endosymbiont of Folsomia candida,5343,1,0,0,1,0,0,0,0
Bacteria,Proteobacteria,Alphaproteobacteria,Rickettsiales,Anaplasmataceae,Wolbachia,Wolbachia endosymbiont of Onchocerca ochengi,Wolbachia endosymbiont of Onchocerca ochengi,5344,0,0,1,0,0,0,0,0
Bacteria,Proteobacteria,Alphaproteobacteria,Rickettsiales,Anaplasmataceae,Wolbachia,Wolbachia pipientis,Wolbachia pipientis,5345,2,4,0,0,0,0,0,0
Bacteria,Proteobacteria,Alphaproteobacteria,Rickettsiales,Candidatus Midichloriaceae,Candidatus Fokinia,Candidatus Fokinia solitaria,Candidatus Fokinia solitaria,888,0,0,1,2,0,0,0,0
Bacteria,Proteobacteria,Alphaproteobacteria,Rickettsiales,Candidatus Midichloriaceae,Candidatus Midichloria,Candidatus Midichloria mitochondrii,Candidatus Midichloria mitochondrii,912,1,0,0,1,0,0,0,0
Bacteria,Proteobacteria,Alphaproteobacteria,Rickettsiales,Rickettsiaceae,Candidatus Phycorickettsia,Candidatus Phycorickettsia trachydisci,Candidatus Phycorickettsia trachydisci,942,1,0,0,3,0,1,1,0
Bacteria,Proteobacteria,Alphaproteobacteria,Rickettsiales,Rickettsiaceae,Candidatus Sneabacter,Candidatus Sneabacter namystus,Candidatus Sneabacter namystus,965,0,1,1,1,0,0,0,0
Bacteria,Proteobacteria,Alphaproteobacteria,Rickettsiales,Rickettsiaceae,Orientia,Orientia tsutsugamushi,Orientia tsutsugamushi,3600,1,0,0,0,0,0,1,0
Bacteria,Proteobacteria,Alphaproteobacteria,Rickettsiales,Rickettsiaceae,Rickettsia,Rickettsia akari,Rickettsia akari,4374,1,0,0,0,0,0,0,0
Bacteria,Proteobacteria,Alphaproteobacteria,Rickettsiales,Rickettsiaceae,Rickettsia,Rickettsia amblyommatis,Rickettsia amblyommatis,4375,0,1,0,0,0,0,0,0
Bacteria,Proteobacteria,Alphaproteobacteria,Rickettsiales,Rickettsiaceae,Rickettsia,Rickettsia bellii,Rickettsia bellii,4376,1,1,0,2,0,0,0,0
Bacteria,Proteobacteria,Alphaproteobacteria,Rickettsiales,Rickettsiaceae,Rickettsia,Rickettsia canadensis,Rickettsia canadensis,4377,0,0,28,3,10,21,22,15
Bacteria,Proteobacteria,Alphaproteobacteria,Rickettsiales,Rickettsiaceae,Rickettsia,Rickettsia endosymbiont of Bemisia tabaci,Rickettsia endosymbiont of Bemisia tabaci,4378,1,0,1,1,0,0,0,0
Bacteria,Proteobacteria,Alphaproteobacteria,Rickettsiales,Rickettsiaceae,Rickettsia,Rickettsia monacensis,Rickettsia monacensis,4379,1,2,0,2,0,0,0,0
Bacteria,Proteobacteria,Alphaproteobacteria,Rickettsiales,Rickettsiaceae,Rickettsia,Rickettsia prowazekii,Rickettsia prowazekii,4380,0,0,0,0,0,0,0,1
Bacteria,Proteobacteria,Alphaproteobacteria,Rickettsiales,Rickettsiaceae,Rickettsia,Rickettsia typhi,Rickettsia typhi,4381,1,0,0,1,0,0,0,0
Bacteria,Proteobacteria,Alphaproteobacteria,Sphingomonadales,Erythrobacteraceae,Altererythrobacter,Altererythrobacter atlanticus,Altererythrobacter atlanticus,250,0,1,1,1,0,1,1,0
Bacteria,Proteobacteria,Alphaproteobacteria,Sphingomonadales,Erythrobacteraceae,Altererythrobacter,Altererythrobacter dongtanensis,Altererythrobacter dongtanensis,251,0,1,0,2,0,0,0,0
Bacteria,Proteobacteria,Alphaproteobacteria,Sphingomonadales,Erythrobacteraceae,Altererythrobacter,Altererythrobacter epoxidivorans,Altererythrobacter epoxidivorans,252,1,1,0,2,0,0,0,0
Bacteria,Proteobacteria,Alphaproteobacteria,Sphingomonadales,Erythrobacteraceae,Altererythrobacter,Altererythrobacter ishigakiensis,Altererythrobacter ishigakiensis,253,4,4,0,3,0,0,0,0
Bacteria,Proteobacteria,Alphaproteobacteria,Sphingomonadales,Erythrobacteraceae,Altererythrobacter,Altererythrobacter mangrovi,Altererythrobacter mangrovi,254,1,0,0,0,0,0,0,0
Bacteria,Proteobacteria,Alphaproteobacteria,Sphingomonadales,Erythrobacteraceae,Altererythrobacter,Altererythrobacter marensis,Altererythrobacter marensis,255,0,0,1,0,6,0,0,3
Bacteria,Proteobacteria,Alphaproteobacteria,Sphingomonadales,Erythrobacteraceae,Altererythrobacter,Altererythrobacter namhicola,Altererythrobacter namhicola,256,0,0,1,0,0,0,0,0
Bacteria,Proteobacteria,Alphaproteobacteria,Sphingomonadales,Erythrobacteraceae,Altererythrobacter,Altererythrobacter sp. B11,Altererythrobacter sp. B11,257,1,1,0,1,0,0,0,0
Bacteria,Proteobacteria,Alphaproteobacteria,Sphingomonadales,Erythrobacteraceae,Altererythrobacter,Altererythrobacter sp. BO-6,Altererythrobacter sp. BO-6,258,1,1,1,2,0,0,0,0
Bacteria,Proteobacteria,Alphaproteobacteria,Sphingomonadales,Erythrobacteraceae,Altererythrobacter,Altererythrobacter sp. NS1,Altererythrobacter sp. NS1,259,1,0,1,2,9,2,1,5
Bacteria,Proteobacteria,Alphaproteobacteria,Sphingomonadales,Erythrobacteraceae,Altererythrobacter,Altererythrobacter sp. TH136,Altererythrobacter sp. TH136,260,1,0,0,0,1,0,1,0
Bacteria,Proteobacteria,Alphaproteobacteria,Sphingomonadales,Erythrobacteraceae,Altererythrobacter,Altererythrobacter sp. ZODW24,Altererythrobacter sp. ZODW24,261,2,0,1,2,0,0,0,0
Bacteria,Proteobacteria,Alphaproteobacteria,Sphingomonadales,Erythrobacteraceae,Croceicoccus,Croceicoccus naphthovorans,Croceicoccus naphthovorans,1324,1,3,2,0,0,0,0,0
Bacteria,Proteobacteria,Alphaproteobacteria,Sphingomonadales,Erythrobacteraceae,Erythrobacter,Erythrobacter aureus,Erythrobacter aureus,1640,0,0,1,0,0,0,0,0
Bacteria,Proteobacteria,Alphaproteobacteria,Sphingomonadales,Erythrobacteraceae,Erythrobacter,Erythrobacter flavus,Erythrobacter flavus,1641,1,0,0,0,0,0,0,1
Bacteria,Proteobacteria,Alphaproteobacteria,Sphingomonadales,Erythrobacteraceae,Erythrobacter,Erythrobacter gangjinensis,Erythrobacter gangjinensis,1642,2,0,0,2,0,0,0,0
Bacteria,Proteobacteria,Alphaproteobacteria,Sphingomonadales,Erythrobacteraceae,Erythrobacter,Erythrobacter litoralis,Erythrobacter litoralis,1643,3,1,1,4,4,6,1,1
Bacteria,Proteobacteria,Alphaproteobacteria,Sphingomonadales,Erythrobacteraceae,Erythrobacter,Erythrobacter seohaensis,Erythrobacter seohaensis,1644,2,0,1,1,0,0,0,0
Bacteria,Proteobacteria,Alphaproteobacteria,Sphingomonadales,Erythrobacteraceae,Erythrobacter,Erythrobacter sp. HKB08,Erythrobacter sp. HKB08,1645,0,2,1,0,1,0,0,2
Bacteria,Proteobacteria,Alphaproteobacteria,Sphingomonadales,Erythrobacteraceae,Erythrobacter,Erythrobacter sp. HL-111,Erythrobacter sp. HL-111,1646,0,1,0,0,0,0,0,0
Bacteria,Proteobacteria,Alphaproteobacteria,Sphingomonadales,Erythrobacteraceae,Erythrobacter,Erythrobacter sp. KY5,Erythrobacter sp. KY5,1647,5,5,0,0,1,0,0,0
Bacteria,Proteobacteria,Alphaproteobacteria,Sphingomonadales,Erythrobacteraceae,Erythrobacter,Erythrobacter sp. THAF29,Erythrobacter sp. THAF29,1648,4,3,0,2,18,7,3,9
Bacteria,Proteobacteria,Alphaproteobacteria,Sphingomonadales,Erythrobacteraceae,Porphyrobacter,Porphyrobacter neustonensis,Porphyrobacter neustonensis,3988,0,2,43,7,8,10,22,10
Bacteria,Proteobacteria,Alphaproteobacteria,Sphingomonadales,Erythrobacteraceae,Porphyrobacter,Porphyrobacter sp. CACIAM 03H1,Porphyrobacter sp. CACIAM 03H1,3989,0,1,0,1,2,2,1,2
Bacteria,Proteobacteria,Alphaproteobacteria,Sphingomonadales,Erythrobacteraceae,Porphyrobacter,Porphyrobacter sp. HT-58-2,Porphyrobacter sp. HT-58-2,3990,0,1,1,0,0,0,0,0
Bacteria,Proteobacteria,Alphaproteobacteria,Sphingomonadales,Erythrobacteraceae,Porphyrobacter,Porphyrobacter sp. LM 6,Porphyrobacter sp. LM 6,3991,0,0,0,1,0,0,0,0
Bacteria,Proteobacteria,Alphaproteobacteria,Sphingomonadales,Erythrobacteraceae,Porphyrobacter,Porphyrobacter sp. YT40,Porphyrobacter sp. YT40,3992,0,0,0,1,0,1,1,0
Bacteria,Proteobacteria,Alphaproteobacteria,Sphingomonadales,Erythrobacteraceae,Qipengyuania,Qipengyuania sediminis,Qipengyuania sediminis,4267,0,0,0,0,1,1,0,1
Bacteria,Proteobacteria,Alphaproteobacteria,Sphingomonadales,Sphingomonadaceae,Blastomonas,Blastomonas fulva,Blastomonas fulva,607,0,1,0,0,0,0,0,0
Bacteria,Proteobacteria,Alphaproteobacteria,Sphingomonadales,Sphingomonadaceae,Blastomonas,Blastomonas sp. RAC04,Blastomonas sp. RAC04,608,1,1,0,0,0,0,0,0
Bacteria,Proteobacteria,Alphaproteobacteria,Sphingomonadales,Sphingomonadaceae,Novosphingobium,Novosphingobium aromaticivorans,Novosphingobium aromaticivorans,3509,1,2,2,0,4,2,6,1
Bacteria,Proteobacteria,Alphaproteobacteria,Sphingomonadales,Sphingomonadaceae,Novosphingobium,Novosphingobium ginsenosidimutans,Novosphingobium ginsenosidimutans,3510,0,0,1,0,0,0,0,0
Bacteria,Proteobacteria,Alphaproteobacteria,Sphingomonadales,Sphingomonadaceae,Novosphingobium,Novosphingobium pentaromativorans,Novosphingobium pentaromativorans,3511,2,0,0,3,4,3,0,0
Bacteria,Proteobacteria,Alphaproteobacteria,Sphingomonadales,Sphingomonadaceae,Novosphingobium,Novosphingobium resinovorum,Novosphingobium resinovorum,3512,1,0,1,1,0,0,0,0
Bacteria,Proteobacteria,Alphaproteobacteria,Sphingomonadales,Sphingomonadaceae,Novosphingobium,Novosphingobium sp. ABRDHK2,Novosphingobium sp. ABRDHK2,3513,3,2,1,2,0,0,1,0
Bacteria,Proteobacteria,Alphaproteobacteria,Sphingomonadales,Sphingomonadaceae,Novosphingobium,Novosphingobium sp. Gsoil 351,Novosphingobium sp. Gsoil 351,3514,3,0,0,0,0,0,0,0
Bacteria,Proteobacteria,Alphaproteobacteria,Sphingomonadales,Sphingomonadaceae,Novosphingobium,Novosphingobium sp. P6W,Novosphingobium sp. P6W,3515,1,0,0,0,0,0,0,0
Bacteria,Proteobacteria,Alphaproteobacteria,Sphingomonadales,Sphingomonadaceae,Novosphingobium,Novosphingobium sp. THN1,Novosphingobium sp. THN1,3516,2,4,0,4,0,0,0,0
Bacteria,Proteobacteria,Alphaproteobacteria,Sphingomonadales,Sphingomonadaceae,Novosphingobium,Novosphingobium tardaugens,Novosphingobium tardaugens,3517,6,2,1,3,0,1,0,1
Bacteria,Proteobacteria,Alphaproteobacteria,Sphingomonadales,Sphingomonadaceae,Parasphingopyxis,Parasphingopyxis algicola,Parasphingopyxis algicola,3790,2,2,1,3,10,6,2,2
Bacteria,Proteobacteria,Alphaproteobacteria,Sphingomonadales,Sphingomonadaceae,Parasphingopyxis,Parasphingopyxis sp. CP4,Parasphingopyxis sp. CP4,3791,0,1,0,0,1,0,0,0
Bacteria,Proteobacteria,Alphaproteobacteria,Sphingomonadales,Sphingomonadaceae,Rhizorhabdus,Rhizorhabdus dicambivorans,Rhizorhabdus dicambivorans,4321,3,2,0,0,0,0,1,0
Bacteria,Proteobacteria,Alphaproteobacteria,Sphingomonadales,Sphingomonadaceae,Sandaracinobacter,Sandaracinobacter sp. M6,Sandaracinobacter sp. M6,4488,1,1,0,1,0,0,0,0
Bacteria,Proteobacteria,Alphaproteobacteria,Sphingomonadales,Sphingomonadaceae,Sphingobium,Sphingobium amiense,Sphingobium amiense,4626,0,0,0,1,1,0,0,1
Bacteria,Proteobacteria,Alphaproteobacteria,Sphingomonadales,Sphingomonadaceae,Sphingobium,Sphingobium cloacae,Sphingobium cloacae,4627,1,3,1,3,0,0,0,0
Bacteria,Proteobacteria,Alphaproteobacteria,Sphingomonadales,Sphingomonadaceae,Sphingobium,Sphingobium herbicidovorans,Sphingobium herbicidovorans,4628,1,0,0,1,0,0,1,0
Bacteria,Proteobacteria,Alphaproteobacteria,Sphingomonadales,Sphingomonadaceae,Sphingobium,Sphingobium hydrophobicum,Sphingobium hydrophobicum,4629,0,0,0,1,1,0,0,0
Bacteria,Proteobacteria,Alphaproteobacteria,Sphingomonadales,Sphingomonadaceae,Sphingobium,Sphingobium indicum,Sphingobium indicum,4630,1,0,0,1,0,0,0,0
Bacteria,Proteobacteria,Alphaproteobacteria,Sphingomonadales,Sphingomonadaceae,Sphingobium,Sphingobium sp. CAP-1,Sphingobium sp. CAP-1,4631,2,0,1,1,0,0,0,0
Bacteria,Proteobacteria,Alphaproteobacteria,Sphingomonadales,Sphingomonadaceae,Sphingobium,Sphingobium sp. EP60837,Sphingobium sp. EP60837,4632,0,2,2,3,0,2,0,2
Bacteria,Proteobacteria,Alphaproteobacteria,Sphingomonadales,Sphingomonadaceae,Sphingobium,Sphingobium sp. MI1205,Sphingobium sp. MI1205,4633,1,1,0,0,2,1,1,0
Bacteria,Proteobacteria,Alphaproteobacteria,Sphingomonadales,Sphingomonadaceae,Sphingobium,Sphingobium sp. PAMC28499,Sphingobium sp. PAMC28499,4634,0,0,0,0,0,1,0,0
Bacteria,Proteobacteria,Alphaproteobacteria,Sphingomonadales,Sphingomonadaceae,Sphingobium,Sphingobium sp. RAC03,Sphingobium sp. RAC03,4635,1,0,3,1,0,0,1,2
Bacteria,Proteobacteria,Alphaproteobacteria,Sphingomonadales,Sphingomonadaceae,Sphingobium,Sphingobium sp. SCG-1,Sphingobium sp. SCG-1,4636,0,1,2,1,1,1,1,3
Bacteria,Proteobacteria,Alphaproteobacteria,Sphingomonadales,Sphingomonadaceae,Sphingobium,Sphingobium sp. SYK-6,Sphingobium sp. SYK-6,4637,3,1,0,0,0,0,0,0
Bacteria,Proteobacteria,Alphaproteobacteria,Sphingomonadales,Sphingomonadaceae,Sphingobium,Sphingobium sp. YG1,Sphingobium sp. YG1,4638,0,2,1,0,0,2,1,0
Bacteria,Proteobacteria,Alphaproteobacteria,Sphingomonadales,Sphingomonadaceae,Sphingobium,Sphingobium yanoikuyae,Sphingobium yanoikuyae,4639,1,3,0,5,2,1,1,2
Bacteria,Proteobacteria,Alphaproteobacteria,Sphingomonadales,Sphingomonadaceae,Sphingomonas,Sphingomonas alpina,Sphingomonas alpina,4640,1,0,0,0,3,3,0,0
Bacteria,Proteobacteria,Alphaproteobacteria,Sphingomonadales,Sphingomonadaceae,Sphingomonas,Sphingomonas ginsengisoli An et al. 2013,Sphingomonas ginsengisoli An et al. 2013,4641,0,1,0,1,0,0,0,0
Bacteria,Proteobacteria,Alphaproteobacteria,Sphingomonadales,Sphingomonadaceae,Sphingomonas,Sphingomonas hengshuiensis,Sphingomonas hengshuiensis,4642,2,0,1,0,0,0,0,0
Bacteria,Proteobacteria,Alphaproteobacteria,Sphingomonadales,Sphingomonadaceae,Sphingomonas,Sphingomonas insulae,Sphingomonas insulae,4643,0,3,0,1,0,0,0,0
Bacteria,Proteobacteria,Alphaproteobacteria,Sphingomonadales,Sphingomonadaceae,Sphingomonas,Sphingomonas koreensis,Sphingomonas koreensis,4644,1,1,1,5,4,1,1,1
Bacteria,Proteobacteria,Alphaproteobacteria,Sphingomonadales,Sphingomonadaceae,Sphingomonas,Sphingomonas melonis,Sphingomonas melonis,4645,0,3,0,0,0,0,0,0
Bacteria,Proteobacteria,Alphaproteobacteria,Sphingomonadales,Sphingomonadaceae,Sphingomonas,Sphingomonas panacis,Sphingomonas panacis,4646,0,0,0,0,1,0,0,0
Bacteria,Proteobacteria,Alphaproteobacteria,Sphingomonadales,Sphingomonadaceae,Sphingomonas,Sphingomonas paucimobilis,Sphingomonas paucimobilis,4647,0,4,0,2,3,1,3,1
Bacteria,Proteobacteria,Alphaproteobacteria,Sphingomonadales,Sphingomonadaceae,Sphingomonas,Sphingomonas sanxanigenens,Sphingomonas sanxanigenens,4649,2,1,1,1,5,6,5,3
Bacteria,Proteobacteria,Alphaproteobacteria,Sphingomonadales,Sphingomonadaceae,Sphingomonas,Sphingomonas sp. AAP5,Sphingomonas sp. AAP5,4650,1,3,0,4,8,1,2,1
Bacteria,Proteobacteria,Alphaproteobacteria,Sphingomonadales,Sphingomonadaceae,Sphingomonas,Sphingomonas sp. AE3,Sphingomonas sp. AE3,4651,1,0,0,0,0,0,0,0
Bacteria,Proteobacteria,Alphaproteobacteria,Sphingomonadales,Sphingomonadaceae,Sphingomonas,Sphingomonas sp. AP4-R1,Sphingomonas sp. AP4-R1,4652,1,1,0,0,0,0,0,0
Bacteria,Proteobacteria,Alphaproteobacteria,Sphingomonadales,Sphingomonadaceae,Sphingomonas,Sphingomonas sp. C33,Sphingomonas sp. C33,4653,1,0,0,0,0,0,0,0
Bacteria,Proteobacteria,Alphaproteobacteria,Sphingomonadales,Sphingomonadaceae,Sphingomonas,Sphingomonas sp. C8-2,Sphingomonas sp. C8-2,4654,1,0,0,1,3,1,0,1
Bacteria,Proteobacteria,Alphaproteobacteria,Sphingomonadales,Sphingomonadaceae,Sphingomonas,Sphingomonas sp. CL5.1,Sphingomonas sp. CL5.1,4655,2,0,0,0,0,0,0,0
Bacteria,Proteobacteria,Alphaproteobacteria,Sphingomonadales,Sphingomonadaceae,Sphingomonas,Sphingomonas sp. Cra20,Sphingomonas sp. Cra20,4656,1,2,0,0,0,0,0,0
Bacteria,Proteobacteria,Alphaproteobacteria,Sphingomonadales,Sphingomonadaceae,Sphingomonas,Sphingomonas sp. CSW-10,Sphingomonas sp. CSW-10,4657,0,1,0,0,0,0,0,0
Bacteria,Proteobacteria,Alphaproteobacteria,Sphingomonadales,Sphingomonadaceae,Sphingomonas,Sphingomonas sp. HDW15C,Sphingomonas sp. HDW15C,4658,0,2,1,3,0,0,0,0
Bacteria,Proteobacteria,Alphaproteobacteria,Sphingomonadales,Sphingomonadaceae,Sphingomonas,Sphingomonas sp. HMP6,Sphingomonas sp. HMP6,4659,0,0,29,4,3,7,17,17
Bacteria,Proteobacteria,Alphaproteobacteria,Sphingomonadales,Sphingomonadaceae,Sphingomonas,Sphingomonas sp. HMP9,Sphingomonas sp. HMP9,4660,0,0,0,0,1,0,0,0
Bacteria,Proteobacteria,Alphaproteobacteria,Sphingomonadales,Sphingomonadaceae,Sphingomonas,Sphingomonas sp. IC081,Sphingomonas sp. IC081,4661,0,1,0,1,2,1,2,0
Bacteria,Proteobacteria,Alphaproteobacteria,Sphingomonadales,Sphingomonadaceae,Sphingomonas,Sphingomonas sp. KC8,Sphingomonas sp. KC8,4662,1,3,2,1,0,0,0,0
Bacteria,Proteobacteria,Alphaproteobacteria,Sphingomonadales,Sphingomonadaceae,Sphingomonas,Sphingomonas sp. LK11,Sphingomonas sp. LK11,4663,1,5,2,1,6,3,8,0
Bacteria,Proteobacteria,Alphaproteobacteria,Sphingomonadales,Sphingomonadaceae,Sphingomonas,Sphingomonas sp. LM7,Sphingomonas sp. LM7,4664,1,0,1,0,2,0,0,1
Bacteria,Proteobacteria,Alphaproteobacteria,Sphingomonadales,Sphingomonadaceae,Sphingomonas,Sphingomonas sp. LMO-1,Sphingomonas sp. LMO-1,4665,0,0,0,1,1,0,1,0
Bacteria,Proteobacteria,Alphaproteobacteria,Sphingomonadales,Sphingomonadaceae,Sphingomonas,Sphingomonas sp. MM-1,Sphingomonas sp. MM-1,4666,0,0,7,1,1,4,5,3
Bacteria,Proteobacteria,Alphaproteobacteria,Sphingomonadales,Sphingomonadaceae,Sphingomonas,Sphingomonas sp. NBWT7,Sphingomonas sp. NBWT7,4667,4,1,0,0,0,0,0,0
Bacteria,Proteobacteria,Alphaproteobacteria,Sphingomonadales,Sphingomonadaceae,Sphingomonas,Sphingomonas sp. NIC1,Sphingomonas sp. NIC1,4668,0,1,0,0,0,0,0,0
Bacteria,Proteobacteria,Alphaproteobacteria,Sphingomonadales,Sphingomonadaceae,Sphingomonas,Sphingomonas sp. PAMC26645,Sphingomonas sp. PAMC26645,4669,0,1,6,2,2,2,5,1
Bacteria,Proteobacteria,Alphaproteobacteria,Sphingomonadales,Sphingomonadaceae,Sphingomonas,Sphingomonas sp. XS-10,Sphingomonas sp. XS-10,4670,2,2,1,0,5,2,2,2
Bacteria,Proteobacteria,Alphaproteobacteria,Sphingomonadales,Sphingomonadaceae,Sphingomonas,Sphingomonas sp. YZ-8,Sphingomonas sp. YZ-8,4671,1,0,0,0,1,0,0,0
Bacteria,Proteobacteria,Alphaproteobacteria,Sphingomonadales,Sphingomonadaceae,Sphingomonas,Sphingomonas taxi,Sphingomonas taxi,4672,0,3,5,0,0,2,0,0
Bacteria,Proteobacteria,Alphaproteobacteria,Sphingomonadales,Sphingomonadaceae,Sphingopyxis,Sphingopyxis fribergensis,Sphingopyxis fribergensis,4673,0,1,0,0,0,0,0,0
Bacteria,Proteobacteria,Alphaproteobacteria,Sphingomonadales,Sphingomonadaceae,Sphingopyxis,Sphingopyxis granuli,Sphingopyxis granuli,4674,0,1,0,0,0,1,1,0
Bacteria,Proteobacteria,Alphaproteobacteria,Sphingomonadales,Sphingomonadaceae,Sphingopyxis,Sphingopyxis macrogoltabida,Sphingopyxis macrogoltabida,4675,2,1,1,4,1,0,3,0
Bacteria,Proteobacteria,Alphaproteobacteria,Sphingomonadales,Sphingomonadaceae,Sphingopyxis,Sphingopyxis sp. 113P3,Sphingopyxis sp. 113P3,4676,0,2,1,1,2,0,1,1
Bacteria,Proteobacteria,Alphaproteobacteria,Sphingomonadales,Sphingomonadaceae,Sphingopyxis,Sphingopyxis sp. FD7,Sphingopyxis sp. FD7,4677,0,0,2,0,2,3,0,1
Bacteria,Proteobacteria,Alphaproteobacteria,Sphingomonadales,Sphingomonadaceae,Sphingopyxis,Sphingopyxis sp. LPB0140,Sphingopyxis sp. LPB0140,4678,1,0,0,0,0,0,0,0
Bacteria,Proteobacteria,Alphaproteobacteria,Sphingomonadales,Sphingomonadaceae,Sphingopyxis,Sphingopyxis sp. PAMC25046,Sphingopyxis sp. PAMC25046,4679,1,0,0,2,0,0,0,0
Bacteria,Proteobacteria,Alphaproteobacteria,Sphingomonadales,Sphingomonadaceae,Sphingorhabdus,Sphingorhabdus lacus,Sphingorhabdus lacus,4680,5,2,2,2,3,2,3,2
Bacteria,Proteobacteria,Alphaproteobacteria,Sphingomonadales,Sphingomonadaceae,Sphingorhabdus,Sphingorhabdus sp. JK6,Sphingorhabdus sp. JK6,4681,4,0,3,0,2,0,2,1
Bacteria,Proteobacteria,Alphaproteobacteria,Sphingomonadales,Sphingomonadaceae,Sphingorhabdus,Sphingorhabdus sp. M41,Sphingorhabdus sp. M41,4682,3,0,0,2,6,6,2,1
Bacteria,Proteobacteria,Alphaproteobacteria,Sphingomonadales,Sphingomonadaceae,Sphingorhabdus,Sphingorhabdus sp. SMR4y,Sphingorhabdus sp. SMR4y,4683,1,0,0,0,1,1,1,3
Bacteria,Proteobacteria,Alphaproteobacteria,Sphingomonadales,Sphingomonadaceae,Sphingorhabdus,Sphingorhabdus sp. YGSMI21,Sphingorhabdus sp. YGSMI21,4684,3,0,0,0,0,0,0,0
Bacteria,Proteobacteria,Alphaproteobacteria,Sphingomonadales,Sphingomonadaceae,Sphingosinicella,Sphingosinicella microcystinivorans,Sphingosinicella microcystinivorans,4685,0,2,0,0,0,0,0,0
Bacteria,Proteobacteria,Alphaproteobacteria,Sphingomonadales,Sphingomonadaceae,Sphingosinicella,Sphingosinicella sp. BN140058,Sphingosinicella sp. BN140058,4686,1,0,0,0,1,1,1,0
Bacteria,Proteobacteria,Alphaproteobacteria,Sphingomonadales,Sphingomonadaceae,Tardibacter,Tardibacter chloracetimidivorans,Tardibacter chloracetimidivorans,5049,1,0,0,1,0,0,0,0
Bacteria,Proteobacteria,Alphaproteobacteria,Sphingomonadales,Sphingomonadaceae,Zymomonas,Zymomonas mobilis,Zymomonas mobilis,5399,8,4,3,5,8,3,7,9
Bacteria,Proteobacteria,Betaproteobacteria,Burkholderiales,Alcaligenaceae,Achromobacter,Achromobacter denitrificans,Achromobacter denitrificans,17,0,1,0,6,6,8,3,0
Bacteria,Proteobacteria,Betaproteobacteria,Burkholderiales,Alcaligenaceae,Achromobacter,Achromobacter insolitus,Achromobacter insolitus,18,2,2,0,1,0,0,0,0
Bacteria,Proteobacteria,Betaproteobacteria,Burkholderiales,Alcaligenaceae,Achromobacter,Achromobacter pestifer,Achromobacter pestifer,19,0,0,0,0,1,1,2,0
Bacteria,Proteobacteria,Betaproteobacteria,Burkholderiales,Alcaligenaceae,Achromobacter,Achromobacter ruhlandii,Achromobacter ruhlandii,20,0,1,0,0,0,0,0,0
Bacteria,Proteobacteria,Betaproteobacteria,Burkholderiales,Alcaligenaceae,Achromobacter,Achromobacter sp. AONIH1,Achromobacter sp. AONIH1,21,0,0,0,1,0,1,0,0
Bacteria,Proteobacteria,Betaproteobacteria,Burkholderiales,Alcaligenaceae,Achromobacter,Achromobacter sp. B7,Achromobacter sp. B7,22,0,1,0,1,0,0,0,0
Bacteria,Proteobacteria,Betaproteobacteria,Burkholderiales,Alcaligenaceae,Achromobacter,Achromobacter sp. MFA1 R4,Achromobacter sp. MFA1 R4,23,1,1,1,0,3,0,0,0
Bacteria,Proteobacteria,Betaproteobacteria,Burkholderiales,Alcaligenaceae,Achromobacter,Achromobacter spanius,Achromobacter spanius,24,4,2,0,0,0,0,0,0
Bacteria,Proteobacteria,Betaproteobacteria,Burkholderiales,Alcaligenaceae,Achromobacter,Achromobacter xylosoxidans,Achromobacter xylosoxidans,25,8,6,3,9,3,0,2,1
Bacteria,Proteobacteria,Betaproteobacteria,Burkholderiales,Alcaligenaceae,Advenella,Advenella kashmirensis,Advenella kashmirensis,148,0,0,0,1,1,0,0,0
Bacteria,Proteobacteria,Betaproteobacteria,Burkholderiales,Alcaligenaceae,Advenella,Advenella mimigardefordensis,Advenella mimigardefordensis,149,1,0,0,2,0,2,0,1
Bacteria,Proteobacteria,Betaproteobacteria,Burkholderiales,Alcaligenaceae,Alcaligenes,Alcaligenes aquatilis,Alcaligenes aquatilis,207,0,0,0,2,0,0,0,0
Bacteria,Proteobacteria,Betaproteobacteria,Burkholderiales,Alcaligenaceae,Alcaligenes,Alcaligenes faecalis,Alcaligenes faecalis,208,11,6,6,8,0,0,0,0
Bacteria,Proteobacteria,Betaproteobacteria,Burkholderiales,Alcaligenaceae,Basilea,Basilea psittacipulmonis,Basilea psittacipulmonis,566,2,2,0,2,0,0,0,0
Bacteria,Proteobacteria,Betaproteobacteria,Burkholderiales,Alcaligenaceae,Bordetella,Bordetella avium,Bordetella avium,624,3,2,0,2,4,3,1,1
Bacteria,Proteobacteria,Betaproteobacteria,Burkholderiales,Alcaligenaceae,Bordetella,Bordetella bronchialis,Bordetella bronchialis,625,0,3,0,0,0,0,1,1
Bacteria,Proteobacteria,Betaproteobacteria,Burkholderiales,Alcaligenaceae,Bordetella,Bordetella bronchiseptica,Bordetella bronchiseptica,626,0,0,0,2,0,0,0,0
Bacteria,Proteobacteria,Betaproteobacteria,Burkholderiales,Alcaligenaceae,Bordetella,Bordetella flabilis,Bordetella flabilis,627,0,2,0,2,0,0,0,0
Bacteria,Proteobacteria,Betaproteobacteria,Burkholderiales,Alcaligenaceae,Bordetella,Bordetella genomosp. 13,Bordetella genomosp. 13,628,0,1,1,0,1,0,0,0
Bacteria,Proteobacteria,Betaproteobacteria,Burkholderiales,Alcaligenaceae,Bordetella,Bordetella genomosp. 8,Bordetella genomosp. 8,629,0,0,0,2,0,0,0,0
Bacteria,Proteobacteria,Betaproteobacteria,Burkholderiales,Alcaligenaceae,Bordetella,Bordetella genomosp. 9,Bordetella genomosp. 9,630,4,1,3,1,0,0,0,0
Bacteria,Proteobacteria,Betaproteobacteria,Burkholderiales,Alcaligenaceae,Bordetella,Bordetella hinzii,Bordetella hinzii,631,2,2,0,4,0,1,0,0
Bacteria,Proteobacteria,Betaproteobacteria,Burkholderiales,Alcaligenaceae,Bordetella,Bordetella holmesii,Bordetella holmesii,632,1,8,2,2,0,0,0,0
Bacteria,Proteobacteria,Betaproteobacteria,Burkholderiales,Alcaligenaceae,Bordetella,Bordetella petrii,Bordetella petrii,633,5,1,0,0,2,1,1,0
Bacteria,Proteobacteria,Betaproteobacteria,Burkholderiales,Alcaligenaceae,Bordetella,Bordetella pseudohinzii,Bordetella pseudohinzii,634,3,0,0,0,0,0,0,0
Bacteria,Proteobacteria,Betaproteobacteria,Burkholderiales,Alcaligenaceae,Bordetella,Bordetella sp. H567,Bordetella sp. H567,635,2,0,0,0,1,0,0,0
Bacteria,Proteobacteria,Betaproteobacteria,Burkholderiales,Alcaligenaceae,Bordetella,Bordetella sp. HZ20,Bordetella sp. HZ20,636,1,0,5,3,1,6,9,2
Bacteria,Proteobacteria,Betaproteobacteria,Burkholderiales,Alcaligenaceae,Bordetella,Bordetella sp. N,Bordetella sp. N,637,1,0,0,0,0,0,0,0
Bacteria,Proteobacteria,Betaproteobacteria,Burkholderiales,Alcaligenaceae,Bordetella,Bordetella trematum,Bordetella trematum,638,0,8,30,8,3,18,26,17
Bacteria,Proteobacteria,Betaproteobacteria,Burkholderiales,Alcaligenaceae,Castellaniella,Castellaniella defragrans,Castellaniella defragrans,1005,3,3,0,8,6,3,5,8
Bacteria,Proteobacteria,Betaproteobacteria,Burkholderiales,Alcaligenaceae,Kerstersia,Kerstersia gyiorum,Kerstersia gyiorum,2598,4,0,1,0,0,0,0,0
Bacteria,Proteobacteria,Betaproteobacteria,Burkholderiales,Alcaligenaceae,Oligella,Oligella urethralis,Oligella urethralis,3586,0,1,0,0,0,0,0,0
Bacteria,Proteobacteria,Betaproteobacteria,Burkholderiales,Alcaligenaceae,Orrella,Orrella dioscoreae,Orrella dioscoreae,3605,1,2,0,0,0,0,0,0
Bacteria,Proteobacteria,Betaproteobacteria,Burkholderiales,Alcaligenaceae,Pelistega,Pelistega sp. NLN63,Pelistega sp. NLN63,3830,1,1,1,1,0,0,0,0
Bacteria,Proteobacteria,Betaproteobacteria,Burkholderiales,Alcaligenaceae,Pigmentiphaga,Pigmentiphaga aceris,Pigmentiphaga aceris,3884,0,2,1,1,1,0,0,0
Bacteria,Proteobacteria,Betaproteobacteria,Burkholderiales,Alcaligenaceae,Pigmentiphaga,Pigmentiphaga sp. H8,Pigmentiphaga sp. H8,3885,0,1,1,0,2,0,0,0
Bacteria,Proteobacteria,Betaproteobacteria,Burkholderiales,Alcaligenaceae,Pusillimonas,Pusillimonas sp. DMV24BSW_D,Pusillimonas sp. DMV24BSW_D,4258,2,0,1,3,0,0,0,0
Bacteria,Proteobacteria,Betaproteobacteria,Burkholderiales,Alcaligenaceae,Pusillimonas,Pusillimonas sp. T7-7,Pusillimonas sp. T7-7,4259,1,1,0,3,0,0,0,0
Bacteria,Proteobacteria,Betaproteobacteria,Burkholderiales,Alcaligenaceae,Pusillimonas,Pusillimonas sp. ye3,Pusillimonas sp. ye3,4260,5,4,21,4,10,15,22,10
Bacteria,Proteobacteria,Betaproteobacteria,Burkholderiales,Alcaligenaceae,Taylorella,Taylorella asinigenitalis,Taylorella asinigenitalis,5054,0,1,0,1,0,0,0,0
Bacteria,Proteobacteria,Betaproteobacteria,Burkholderiales,Alcaligenaceae,Taylorella,Taylorella equigenitalis,Taylorella equigenitalis,5055,6,2,16,4,2,13,8,9
Bacteria,Proteobacteria,Betaproteobacteria,Burkholderiales,Burkholderiaceae,Burkholderia,Burkholderia cenocepacia,Burkholderia cenocepacia,728,1,2,2,1,1,0,0,0
Bacteria,Proteobacteria,Betaproteobacteria,Burkholderiales,Burkholderiaceae,Burkholderia,Burkholderia cepacia,Burkholderia cepacia,729,3,3,2,0,0,1,1,0
Bacteria,Proteobacteria,Betaproteobacteria,Burkholderiales,Burkholderiaceae,Burkholderia,Burkholderia contaminans,Burkholderia contaminans,730,0,1,0,0,0,0,0,0
Bacteria,Proteobacteria,Betaproteobacteria,Burkholderiales,Burkholderiaceae,Burkholderia,Burkholderia diffusa,Burkholderia diffusa,731,0,0,0,1,0,0,0,0
Bacteria,Proteobacteria,Betaproteobacteria,Burkholderiales,Burkholderiaceae,Burkholderia,Burkholderia dolosa,Burkholderia dolosa,732,0,2,0,0,0,0,0,0
Bacteria,Proteobacteria,Betaproteobacteria,Burkholderiales,Burkholderiaceae,Burkholderia,Burkholderia gladioli,Burkholderia gladioli,733,5,4,0,1,0,0,0,0
Bacteria,Proteobacteria,Betaproteobacteria,Burkholderiales,Burkholderiaceae,Burkholderia,Burkholderia glumae,Burkholderia glumae,734,1,3,1,2,3,1,0,0
Bacteria,Proteobacteria,Betaproteobacteria,Burkholderiales,Burkholderiaceae,Burkholderia,Burkholderia insecticola,Burkholderia insecticola,735,4,1,0,4,0,1,0,0
Bacteria,Proteobacteria,Betaproteobacteria,Burkholderiales,Burkholderiaceae,Burkholderia,Burkholderia lata,Burkholderia lata,736,0,3,2,1,1,5,2,1
Bacteria,Proteobacteria,Betaproteobacteria,Burkholderiales,Burkholderiaceae,Burkholderia,Burkholderia multivorans,Burkholderia multivorans,737,2,3,0,3,0,0,0,0
Bacteria,Proteobacteria,Betaproteobacteria,Burkholderiales,Burkholderiaceae,Burkholderia,Burkholderia oklahomensis,Burkholderia oklahomensis,738,2,1,0,0,0,0,0,0
Bacteria,Proteobacteria,Betaproteobacteria,Burkholderiales,Burkholderiaceae,Burkholderia,Burkholderia plantarii,Burkholderia plantarii,739,2,1,0,1,8,7,5,0
Bacteria,Proteobacteria,Betaproteobacteria,Burkholderiales,Burkholderiaceae,Burkholderia,Burkholderia pseudomallei,Burkholderia pseudomallei,740,4,1,0,3,0,0,0,0
Bacteria,Proteobacteria,Betaproteobacteria,Burkholderiales,Burkholderiaceae,Burkholderia,Burkholderia seminalis,Burkholderia seminalis,741,0,4,0,2,6,3,4,9
Bacteria,Proteobacteria,Betaproteobacteria,Burkholderiales,Burkholderiaceae,Burkholderia,Burkholderia sp. BDU6,Burkholderia sp. BDU6,742,1,0,0,0,0,0,0,0
Bacteria,Proteobacteria,Betaproteobacteria,Burkholderiales,Burkholderiaceae,Burkholderia,Burkholderia sp. BDU8,Burkholderia sp. BDU8,743,1,0,0,0,0,0,0,0
Bacteria,Proteobacteria,Betaproteobacteria,Burkholderiales,Burkholderiaceae,Burkholderia,Burkholderia sp. CCGE1003,Burkholderia sp. CCGE1003,744,2,1,0,0,1,0,0,0
Bacteria,Proteobacteria,Betaproteobacteria,Burkholderiales,Burkholderiaceae,Burkholderia,Burkholderia sp. DHOD12,Burkholderia sp. DHOD12,745,1,1,0,1,1,1,1,0
Bacteria,Proteobacteria,Betaproteobacteria,Burkholderiales,Burkholderiaceae,Burkholderia,Burkholderia sp. IDO3,Burkholderia sp. IDO3,746,0,0,0,2,0,0,0,0
Bacteria,Proteobacteria,Betaproteobacteria,Burkholderiales,Burkholderiaceae,Burkholderia,Burkholderia sp. LA-2-3-30-S1-D2,Burkholderia sp. LA-2-3-30-S1-D2,747,0,0,0,0,0,0,1,0
Bacteria,Proteobacteria,Betaproteobacteria,Burkholderiales,Burkholderiaceae,Burkholderia,Burkholderia sp. MSMB0856,Burkholderia sp. MSMB0856,748,0,2,0,0,1,0,2,1
Bacteria,Proteobacteria,Betaproteobacteria,Burkholderiales,Burkholderiaceae,Burkholderia,Burkholderia sp. MSMB1588,Burkholderia sp. MSMB1588,749,0,0,0,1,0,0,0,0
Bacteria,Proteobacteria,Betaproteobacteria,Burkholderiales,Burkholderiaceae,Burkholderia,Burkholderia sp. NRF60-BP8,Burkholderia sp. NRF60-BP8,750,2,0,0,2,4,2,1,0
Bacteria,Proteobacteria,Betaproteobacteria,Burkholderiales,Burkholderiaceae,Burkholderia,Burkholderia sp. PAMC 26561,Burkholderia sp. PAMC 26561,751,1,0,0,0,0,0,0,0
Bacteria,Proteobacteria,Betaproteobacteria,Burkholderiales,Burkholderiaceae,Burkholderia,Burkholderia sp. PAMC 28687,Burkholderia sp. PAMC 28687,752,2,0,0,0,0,0,0,0
Bacteria,Proteobacteria,Betaproteobacteria,Burkholderiales,Burkholderiaceae,Burkholderia,Burkholderia sp. RPE67,Burkholderia sp. RPE67,753,4,0,1,2,5,4,3,2
Bacteria,Proteobacteria,Betaproteobacteria,Burkholderiales,Burkholderiaceae,Burkholderia,Burkholderia sp. THE68,Burkholderia sp. THE68,754,2,0,0,0,0,0,0,0
Bacteria,Proteobacteria,Betaproteobacteria,Burkholderiales,Burkholderiaceae,Burkholderia,Burkholderia stabilis,Burkholderia stabilis,755,1,2,0,0,0,0,0,1
Bacteria,Proteobacteria,Betaproteobacteria,Burkholderiales,Burkholderiaceae,Burkholderia,Burkholderia stagnalis,Burkholderia stagnalis,756,0,1,0,0,0,0,0,0
Bacteria,Proteobacteria,Betaproteobacteria,Burkholderiales,Burkholderiaceae,Burkholderia,Burkholderia territorii,Burkholderia territorii,757,0,1,0,2,5,3,0,3
Bacteria,Proteobacteria,Betaproteobacteria,Burkholderiales,Burkholderiaceae,Burkholderia,Burkholderia ubonensis,Burkholderia ubonensis,758,1,2,0,0,0,0,0,0
Bacteria,Proteobacteria,Betaproteobacteria,Burkholderiales,Burkholderiaceae,Burkholderia,Burkholderia vietnamiensis,Burkholderia vietnamiensis,759,0,2,1,4,1,2,0,0
Bacteria,Proteobacteria,Betaproteobacteria,Burkholderiales,Burkholderiaceae,Burkholderia,Pseudomonas mesoacidophila,Pseudomonas mesoacidophila,4123,0,0,1,2,0,0,0,0
Bacteria,Proteobacteria,Betaproteobacteria,Burkholderiales,Burkholderiaceae,Caballeronia,Caballeronia sp. SBC1,Caballeronia sp. SBC1,787,1,0,0,0,0,0,0,0
Bacteria,Proteobacteria,Betaproteobacteria,Burkholderiales,Burkholderiaceae,Caballeronia,Caballeronia sp. SBC2,Caballeronia sp. SBC2,788,0,1,0,0,0,0,0,0
Bacteria,Proteobacteria,Betaproteobacteria,Burkholderiales,Burkholderiaceae,Chitinimonas,Chitinimonas arctica,Chitinimonas arctica,1056,1,0,0,3,0,0,0,0
Bacteria,Proteobacteria,Betaproteobacteria,Burkholderiales,Burkholderiaceae,Cupriavidus,Cupriavidus basilensis,Cupriavidus basilensis,1337,53,11,1,12,0,0,0,0
Bacteria,Proteobacteria,Betaproteobacteria,Burkholderiales,Burkholderiaceae,Cupriavidus,Cupriavidus campinensis,Cupriavidus campinensis,1338,32,7,2,20,0,0,0,0
Bacteria,Proteobacteria,Betaproteobacteria,Burkholderiales,Burkholderiaceae,Cupriavidus,Cupriavidus gilardii,Cupriavidus gilardii,1339,4,1,0,1,1,1,1,2
Bacteria,Proteobacteria,Betaproteobacteria,Burkholderiales,Burkholderiaceae,Cupriavidus,Cupriavidus malaysiensis,Cupriavidus malaysiensis,1340,0,0,0,1,0,0,0,0
Bacteria,Proteobacteria,Betaproteobacteria,Burkholderiales,Burkholderiaceae,Cupriavidus,Cupriavidus metallidurans,Cupriavidus metallidurans,1341,18694,3826,1442,5466,0,0,0,0
Bacteria,Proteobacteria,Betaproteobacteria,Burkholderiales,Burkholderiaceae,Cupriavidus,Cupriavidus nantongensis,Cupriavidus nantongensis,1342,5,4,0,0,0,0,0,0
Bacteria,Proteobacteria,Betaproteobacteria,Burkholderiales,Burkholderiaceae,Cupriavidus,Cupriavidus necator,Cupriavidus necator,1343,26,9,3,6,0,0,0,0
Bacteria,Proteobacteria,Betaproteobacteria,Burkholderiales,Burkholderiaceae,Cupriavidus,Cupriavidus neocaledonicus,Cupriavidus neocaledonicus,1344,3,0,0,0,0,0,0,0
Bacteria,Proteobacteria,Betaproteobacteria,Burkholderiales,Burkholderiaceae,Cupriavidus,Cupriavidus oxalaticus,Cupriavidus oxalaticus,1345,9,3,4,12,0,2,4,0
Bacteria,Proteobacteria,Betaproteobacteria,Burkholderiales,Burkholderiaceae,Cupriavidus,Cupriavidus pauculus,Cupriavidus pauculus,1346,57,8,3,8,0,0,0,0
Bacteria,Proteobacteria,Betaproteobacteria,Burkholderiales,Burkholderiaceae,Cupriavidus,Cupriavidus pinatubonensis,Cupriavidus pinatubonensis,1347,9,1,1,3,0,0,0,1
Bacteria,Proteobacteria,Betaproteobacteria,Burkholderiales,Burkholderiaceae,Cupriavidus,Cupriavidus sp. USMAA2-4,Cupriavidus sp. USMAA2-4,1348,64,16,8,14,0,0,0,0
Bacteria,Proteobacteria,Betaproteobacteria,Burkholderiales,Burkholderiaceae,Cupriavidus,Cupriavidus sp. USMAHM13,Cupriavidus sp. USMAHM13,1349,1,0,0,0,0,0,0,0
Bacteria,Proteobacteria,Betaproteobacteria,Burkholderiales,Burkholderiaceae,Cupriavidus,Cupriavidus taiwanensis,Cupriavidus taiwanensis,1350,38,11,12,14,3,6,4,7
Bacteria,Proteobacteria,Betaproteobacteria,Burkholderiales,Burkholderiaceae,Ephemeroptericola,Ephemeroptericola cinctiostellae,Ephemeroptericola cinctiostellae,1621,2,1,0,1,0,0,0,0
Bacteria,Proteobacteria,Betaproteobacteria,Burkholderiales,Burkholderiaceae,Lautropia,Lautropia mirabilis,Lautropia mirabilis,2795,3,1,4,1,1,3,5,1
Bacteria,Proteobacteria,Betaproteobacteria,Burkholderiales,Burkholderiaceae,Limnobacter,Limnobacter sp. SAORIC-580,Limnobacter sp. SAORIC-580,2874,3,1,2,5,0,0,0,0
Bacteria,Proteobacteria,Betaproteobacteria,Burkholderiales,Burkholderiaceae,Mycetohabitans,Paraburkholderia rhizoxinica,Paraburkholderia rhizoxinica,3742,3,3,0,1,1,1,2,1
Bacteria,Proteobacteria,Betaproteobacteria,Burkholderiales,Burkholderiaceae,Mycoavidus,Mycoavidus cysteinexigens,Mycoavidus cysteinexigens,3267,2,1,1,0,1,0,0,0
Bacteria,Proteobacteria,Betaproteobacteria,Burkholderiales,Burkholderiaceae,Pandoraea,Pandoraea apista,Pandoraea apista,3701,0,2,1,3,0,0,0,0
Bacteria,Proteobacteria,Betaproteobacteria,Burkholderiales,Burkholderiaceae,Pandoraea,Pandoraea faecigallinarum,Pandoraea faecigallinarum,3702,3,0,0,0,0,0,0,0
Bacteria,Proteobacteria,Betaproteobacteria,Burkholderiales,Burkholderiaceae,Pandoraea,Pandoraea fibrosis,Pandoraea fibrosis,3703,0,0,0,3,0,0,0,0
Bacteria,Proteobacteria,Betaproteobacteria,Burkholderiales,Burkholderiaceae,Pandoraea,Pandoraea norimbergensis,Pandoraea norimbergensis,3704,1,1,0,0,0,0,0,0
Bacteria,Proteobacteria,Betaproteobacteria,Burkholderiales,Burkholderiaceae,Pandoraea,Pandoraea oxalativorans,Pandoraea oxalativorans,3705,2,0,0,2,3,0,0,0
Bacteria,Proteobacteria,Betaproteobacteria,Burkholderiales,Burkholderiaceae,Pandoraea,Pandoraea pnomenusa,Pandoraea pnomenusa,3706,6,2,4,10,0,1,1,0
Bacteria,Proteobacteria,Betaproteobacteria,Burkholderiales,Burkholderiaceae,Pandoraea,Pandoraea pulmonicola,Pandoraea pulmonicola,3707,1,1,0,1,1,0,0,0
Bacteria,Proteobacteria,Betaproteobacteria,Burkholderiales,Burkholderiaceae,Pandoraea,Pandoraea sp. XY-2,Pandoraea sp. XY-2,3708,0,1,0,2,8,3,3,3
Bacteria,Proteobacteria,Betaproteobacteria,Burkholderiales,Burkholderiaceae,Pandoraea,Pandoraea sputorum,Pandoraea sputorum,3709,3,0,0,0,0,0,0,1
Bacteria,Proteobacteria,Betaproteobacteria,Burkholderiales,Burkholderiaceae,Pandoraea,Pandoraea thiooxydans,Pandoraea thiooxydans,3710,3,0,0,4,1,0,0,2
Bacteria,Proteobacteria,Betaproteobacteria,Burkholderiales,Burkholderiaceae,Pandoraea,Pandoraea vervacti,Pandoraea vervacti,3711,1,0,1,2,0,0,1,0
Bacteria,Proteobacteria,Betaproteobacteria,Burkholderiales,Burkholderiaceae,Paraburkholderia,Paraburkholderia aromaticivorans,Paraburkholderia aromaticivorans,3731,0,0,1,1,4,3,2,1
Bacteria,Proteobacteria,Betaproteobacteria,Burkholderiales,Burkholderiaceae,Paraburkholderia,Paraburkholderia caffeinilytica,Paraburkholderia caffeinilytica,3732,2,2,0,0,0,0,0,0
Bacteria,Proteobacteria,Betaproteobacteria,Burkholderiales,Burkholderiaceae,Paraburkholderia,Paraburkholderia caledonica,Paraburkholderia caledonica,3733,1,0,0,1,0,0,0,0
Bacteria,Proteobacteria,Betaproteobacteria,Burkholderiales,Burkholderiaceae,Paraburkholderia,Paraburkholderia caribensis,Paraburkholderia caribensis,3734,8,4,1,4,0,0,0,1
Bacteria,Proteobacteria,Betaproteobacteria,Burkholderiales,Burkholderiaceae,Paraburkholderia,Paraburkholderia dokdonella,Paraburkholderia dokdonella,3735,2,1,1,0,0,2,1,1
Bacteria,Proteobacteria,Betaproteobacteria,Burkholderiales,Burkholderiaceae,Paraburkholderia,Paraburkholderia fungorum,Paraburkholderia fungorum,3736,0,1,0,0,0,0,0,0
Bacteria,Proteobacteria,Betaproteobacteria,Burkholderiales,Burkholderiaceae,Paraburkholderia,Paraburkholderia hospita,Paraburkholderia hospita,3737,3,2,0,0,0,0,0,0
Bacteria,Proteobacteria,Betaproteobacteria,Burkholderiales,Burkholderiaceae,Paraburkholderia,Paraburkholderia megapolitana,Paraburkholderia megapolitana,3738,0,0,0,0,0,0,0,1
Bacteria,Proteobacteria,Betaproteobacteria,Burkholderiales,Burkholderiaceae,Paraburkholderia,Paraburkholderia phenoliruptrix,Paraburkholderia phenoliruptrix,3739,1,1,0,1,0,0,0,0
Bacteria,Proteobacteria,Betaproteobacteria,Burkholderiales,Burkholderiaceae,Paraburkholderia,Paraburkholderia phymatum,Paraburkholderia phymatum,3740,1,2,3,1,4,1,2,1
Bacteria,Proteobacteria,Betaproteobacteria,Burkholderiales,Burkholderiaceae,Paraburkholderia,Paraburkholderia phytofirmans,Paraburkholderia phytofirmans,3741,3,0,0,3,6,7,4,5
Bacteria,Proteobacteria,Betaproteobacteria,Burkholderiales,Burkholderiaceae,Paraburkholderia,Paraburkholderia sp. 7MH5,Paraburkholderia sp. 7MH5,3743,0,0,1,1,0,0,0,0
Bacteria,Proteobacteria,Betaproteobacteria,Burkholderiales,Burkholderiaceae,Paraburkholderia,Paraburkholderia sp. 7Q-K02,Paraburkholderia sp. 7Q-K02,3744,1,3,0,0,0,0,0,0
Bacteria,Proteobacteria,Betaproteobacteria,Burkholderiales,Burkholderiaceae,Paraburkholderia,Paraburkholderia sp. CCGE1002,Paraburkholderia sp. CCGE1002,3745,2,0,0,0,0,0,0,0
Bacteria,Proteobacteria,Betaproteobacteria,Burkholderiales,Burkholderiaceae,Paraburkholderia,Paraburkholderia sp. DHF22,Paraburkholderia sp. DHF22,3746,1,0,1,2,0,0,0,0
Bacteria,Proteobacteria,Betaproteobacteria,Burkholderiales,Burkholderiaceae,Paraburkholderia,Paraburkholderia sp. Msb3,Paraburkholderia sp. Msb3,3747,4,0,0,1,0,2,0,1
Bacteria,Proteobacteria,Betaproteobacteria,Burkholderiales,Burkholderiaceae,Paraburkholderia,Paraburkholderia sp. PGU16,Paraburkholderia sp. PGU16,3748,1,3,0,0,0,0,0,0
Bacteria,Proteobacteria,Betaproteobacteria,Burkholderiales,Burkholderiaceae,Paraburkholderia,Paraburkholderia sp. PGU19,Paraburkholderia sp. PGU19,3749,2,0,0,1,0,0,0,0
Bacteria,Proteobacteria,Betaproteobacteria,Burkholderiales,Burkholderiaceae,Paraburkholderia,Paraburkholderia sp. SOS3,Paraburkholderia sp. SOS3,3750,0,1,0,2,1,0,1,1
Bacteria,Proteobacteria,Betaproteobacteria,Burkholderiales,Burkholderiaceae,Paraburkholderia,Paraburkholderia sprentiae,Paraburkholderia sprentiae,3751,0,1,0,6,2,1,0,0
Bacteria,Proteobacteria,Betaproteobacteria,Burkholderiales,Burkholderiaceae,Paraburkholderia,Paraburkholderia terrae,Paraburkholderia terrae,3752,0,1,2,0,0,0,0,1
Bacteria,Proteobacteria,Betaproteobacteria,Burkholderiales,Burkholderiaceae,Paraburkholderia,Paraburkholderia tropica,Paraburkholderia tropica,3753,2,1,0,1,0,0,0,0
Bacteria,Proteobacteria,Betaproteobacteria,Burkholderiales,Burkholderiaceae,Paraburkholderia,Paraburkholderia xenovorans,Paraburkholderia xenovorans,3754,6,5,1,5,0,0,0,2
Bacteria,Proteobacteria,Betaproteobacteria,Burkholderiales,Burkholderiaceae,Polynucleobacter,Polynucleobacter acidiphobus,Polynucleobacter acidiphobus,3971,1,1,0,0,0,0,0,0
Bacteria,Proteobacteria,Betaproteobacteria,Burkholderiales,Burkholderiaceae,Polynucleobacter,Polynucleobacter asymbioticus,Polynucleobacter asymbioticus,3972,3,1,1,5,5,3,1,8
Bacteria,Proteobacteria,Betaproteobacteria,Burkholderiales,Burkholderiaceae,Polynucleobacter,Polynucleobacter difficilis,Polynucleobacter difficilis,3973,2,2,0,1,1,0,1,1
Bacteria,Proteobacteria,Betaproteobacteria,Burkholderiales,Burkholderiaceae,Polynucleobacter,Polynucleobacter duraquae,Polynucleobacter duraquae,3974,0,2,1,1,0,0,0,0
Bacteria,Proteobacteria,Betaproteobacteria,Burkholderiales,Burkholderiaceae,Polynucleobacter,Polynucleobacter necessarius,Polynucleobacter necessarius,3975,9,2,1,1,1,0,0,2
Bacteria,Proteobacteria,Betaproteobacteria,Burkholderiales,Burkholderiaceae,Polynucleobacter,Polynucleobacter paneuropaeus,Polynucleobacter paneuropaeus,3976,4,6,13,2,7,7,9,9
Bacteria,Proteobacteria,Betaproteobacteria,Burkholderiales,Burkholderiaceae,Polynucleobacter,Polynucleobacter sp. LimPoW16,Polynucleobacter sp. LimPoW16,3977,0,3,0,6,0,0,0,0
Bacteria,Proteobacteria,Betaproteobacteria,Burkholderiales,Burkholderiaceae,Polynucleobacter,Polynucleobacter sp. MWH-UH21B,Polynucleobacter sp. MWH-UH21B,3978,5,4,0,1,0,0,0,0
Bacteria,Proteobacteria,Betaproteobacteria,Burkholderiales,Burkholderiaceae,Polynucleobacter,Polynucleobacter wuianus,Polynucleobacter wuianus,3979,1,0,0,1,0,0,0,0
Bacteria,Proteobacteria,Betaproteobacteria,Burkholderiales,Burkholderiaceae,Ralstonia,blood disease bacterium A2-HR MARDI,blood disease bacterium A2-HR MARDI,622,2,0,0,0,0,0,0,0
Bacteria,Proteobacteria,Betaproteobacteria,Burkholderiales,Burkholderiaceae,Ralstonia,Ralstonia insidiosa,Ralstonia insidiosa,4271,6,1,1,1,0,1,0,0
Bacteria,Proteobacteria,Betaproteobacteria,Burkholderiales,Burkholderiaceae,Ralstonia,Ralstonia mannitolilytica,Ralstonia mannitolilytica,4272,0,1,0,0,0,0,0,0
Bacteria,Proteobacteria,Betaproteobacteria,Burkholderiales,Burkholderiaceae,Ralstonia,Ralstonia pickettii,Ralstonia pickettii,4273,1,1,1,0,0,0,0,0
Bacteria,Proteobacteria,Betaproteobacteria,Burkholderiales,Burkholderiaceae,Ralstonia,Ralstonia solanacearum,Ralstonia solanacearum,4274,7,4,1,0,0,0,0,0
Bacteria,Proteobacteria,Betaproteobacteria,Burkholderiales,Comamonadaceae,Acidovorax,Acidovorax avenae,Acidovorax avenae,46,3,2,2,3,8,0,3,3
Bacteria,Proteobacteria,Betaproteobacteria,Burkholderiales,Comamonadaceae,Acidovorax,Acidovorax carolinensis,Acidovorax carolinensis,47,4,0,0,4,2,0,0,0
Bacteria,Proteobacteria,Betaproteobacteria,Burkholderiales,Comamonadaceae,Acidovorax,Acidovorax citrulli,Acidovorax citrulli,48,0,0,0,1,0,0,1,0
Bacteria,Proteobacteria,Betaproteobacteria,Burkholderiales,Comamonadaceae,Acidovorax,Acidovorax ebreus,Acidovorax ebreus,49,3,2,0,0,0,0,0,0
Bacteria,Proteobacteria,Betaproteobacteria,Burkholderiales,Comamonadaceae,Acidovorax,Acidovorax sp. 16-35-5,Acidovorax sp. 16-35-5,50,1,0,0,1,0,0,0,0
Bacteria,Proteobacteria,Betaproteobacteria,Burkholderiales,Comamonadaceae,Acidovorax,Acidovorax sp. 1608163,Acidovorax sp. 1608163,51,2,3,0,1,0,0,0,0
Bacteria,Proteobacteria,Betaproteobacteria,Burkholderiales,Comamonadaceae,Acidovorax,Acidovorax sp. HDW3,Acidovorax sp. HDW3,52,1,0,3,3,4,2,2,1
Bacteria,Proteobacteria,Betaproteobacteria,Burkholderiales,Comamonadaceae,Acidovorax,Acidovorax sp. JMULE5,Acidovorax sp. JMULE5,53,0,0,0,0,0,1,0,3
Bacteria,Proteobacteria,Betaproteobacteria,Burkholderiales,Comamonadaceae,Acidovorax,Acidovorax sp. KKS102,Acidovorax sp. KKS102,54,3,1,0,0,0,0,0,0
Bacteria,Proteobacteria,Betaproteobacteria,Burkholderiales,Comamonadaceae,Acidovorax,Acidovorax sp. RAC01,Acidovorax sp. RAC01,55,0,3,8,4,2,2,11,5
Bacteria,Proteobacteria,Betaproteobacteria,Burkholderiales,Comamonadaceae,Acidovorax,Acidovorax sp. T1,Acidovorax sp. T1,56,1,1,0,1,0,0,0,0
Bacteria,Proteobacteria,Betaproteobacteria,Burkholderiales,Comamonadaceae,Alicycliphilus,Alicycliphilus denitrificans,Alicycliphilus denitrificans,218,5,0,5,1,0,1,1,0
Bacteria,Proteobacteria,Betaproteobacteria,Burkholderiales,Comamonadaceae,Candidatus Symbiobacter,Candidatus Symbiobacter mobilis,Candidatus Symbiobacter mobilis,969,0,1,0,0,0,1,0,1
Bacteria,Proteobacteria,Betaproteobacteria,Burkholderiales,Comamonadaceae,Comamonas,Comamonas aquatica,Comamonas aquatica,1229,1,1,0,0,0,0,0,0
Bacteria,Proteobacteria,Betaproteobacteria,Burkholderiales,Comamonadaceae,Comamonas,Comamonas kerstersii,Comamonas kerstersii,1230,2,0,0,1,0,0,1,0
Bacteria,Proteobacteria,Betaproteobacteria,Burkholderiales,Comamonadaceae,Comamonas,Comamonas koreensis,Comamonas koreensis,1231,2,1,0,2,1,0,0,0
Bacteria,Proteobacteria,Betaproteobacteria,Burkholderiales,Comamonadaceae,Comamonas,Comamonas piscis,Comamonas piscis,1232,2,1,25,3,4,11,33,14
Bacteria,Proteobacteria,Betaproteobacteria,Burkholderiales,Comamonadaceae,Comamonas,Comamonas serinivorans,Comamonas serinivorans,1233,0,0,0,1,0,0,0,0
Bacteria,Proteobacteria,Betaproteobacteria,Burkholderiales,Comamonadaceae,Comamonas,Comamonas sp. NLF-7-7,Comamonas sp. NLF-7-7,1234,6,3,1,3,2,2,2,3
Bacteria,Proteobacteria,Betaproteobacteria,Burkholderiales,Comamonadaceae,Comamonas,Comamonas testosteroni,Comamonas testosteroni,1235,6,2,2,4,1,2,2,1
Bacteria,Proteobacteria,Betaproteobacteria,Burkholderiales,Comamonadaceae,Comamonas,Comamonas thiooxydans,Comamonas thiooxydans,1236,0,0,0,2,0,0,0,0
Bacteria,Proteobacteria,Betaproteobacteria,Burkholderiales,Comamonadaceae,Curvibacter,Curvibacter sp. AEP1-3,Curvibacter sp. AEP1-3,1354,1,0,0,0,1,1,0,1
Bacteria,Proteobacteria,Betaproteobacteria,Burkholderiales,Comamonadaceae,Delftia,Delftia acidovorans,Delftia acidovorans,1400,0,2,0,3,0,0,0,0
Bacteria,Proteobacteria,Betaproteobacteria,Burkholderiales,Comamonadaceae,Delftia,Delftia tsuruhatensis,Delftia tsuruhatensis,1401,2,1,1,0,0,0,0,0
Bacteria,Proteobacteria,Betaproteobacteria,Burkholderiales,Comamonadaceae,Diaphorobacter,Diaphorobacter polyhydroxybutyrativorans,Diaphorobacter polyhydroxybutyrativorans,1480,2,2,0,0,0,0,0,0
Bacteria,Proteobacteria,Betaproteobacteria,Burkholderiales,Comamonadaceae,Diaphorobacter,Diaphorobacter sp. HDW4A,Diaphorobacter sp. HDW4A,1481,2,0,2,3,1,1,2,0
Bacteria,Proteobacteria,Betaproteobacteria,Burkholderiales,Comamonadaceae,Diaphorobacter,Diaphorobacter sp. HDW4B,Diaphorobacter sp. HDW4B,1482,2,1,2,4,0,0,1,0
Bacteria,Proteobacteria,Betaproteobacteria,Burkholderiales,Comamonadaceae,Diaphorobacter,Diaphorobacter sp. JS3050,Diaphorobacter sp. JS3050,1483,2,0,0,0,0,0,0,0
Bacteria,Proteobacteria,Betaproteobacteria,Burkholderiales,Comamonadaceae,Hydrogenophaga,Hydrogenophaga pseudoflava,Hydrogenophaga pseudoflava,2509,0,0,1,0,0,0,0,0
Bacteria,Proteobacteria,Betaproteobacteria,Burkholderiales,Comamonadaceae,Hydrogenophaga,Hydrogenophaga sp. BA0156,Hydrogenophaga sp. BA0156,2510,3,1,0,0,0,0,0,0
Bacteria,Proteobacteria,Betaproteobacteria,Burkholderiales,Comamonadaceae,Hydrogenophaga,Hydrogenophaga sp. BPS33,Hydrogenophaga sp. BPS33,2511,0,2,1,0,3,0,0,0
Bacteria,Proteobacteria,Betaproteobacteria,Burkholderiales,Comamonadaceae,Hydrogenophaga,Hydrogenophaga sp. NH-16,Hydrogenophaga sp. NH-16,2512,0,2,2,2,3,4,0,2
Bacteria,Proteobacteria,Betaproteobacteria,Burkholderiales,Comamonadaceae,Hydrogenophaga,Hydrogenophaga sp. PAMC20947,Hydrogenophaga sp. PAMC20947,2513,1,0,0,1,0,0,0,0
Bacteria,Proteobacteria,Betaproteobacteria,Burkholderiales,Comamonadaceae,Hydrogenophaga,Hydrogenophaga sp. PBC,Hydrogenophaga sp. PBC,2514,4,0,2,2,0,0,0,0
Bacteria,Proteobacteria,Betaproteobacteria,Burkholderiales,Comamonadaceae,Hydrogenophaga,Hydrogenophaga sp. PBL-H3,Hydrogenophaga sp. PBL-H3,2515,0,0,0,3,0,0,0,0
Bacteria,Proteobacteria,Betaproteobacteria,Burkholderiales,Comamonadaceae,Hydrogenophaga,Hydrogenophaga sp. RAC07,Hydrogenophaga sp. RAC07,2516,0,1,2,2,6,0,4,0
Bacteria,Proteobacteria,Betaproteobacteria,Burkholderiales,Comamonadaceae,Hylemonella,Hylemonella gracilis,Hylemonella gracilis,2521,0,0,1,3,0,0,0,0
Bacteria,Proteobacteria,Betaproteobacteria,Burkholderiales,Comamonadaceae,Limnohabitans,Limnohabitans sp. 103DPR2,Limnohabitans sp. 103DPR2,2878,0,0,0,1,5,3,2,6
Bacteria,Proteobacteria,Betaproteobacteria,Burkholderiales,Comamonadaceae,Limnohabitans,Limnohabitans sp. 63ED37-2,Limnohabitans sp. 63ED37-2,2879,2,2,0,0,0,0,0,0
Bacteria,Proteobacteria,Betaproteobacteria,Burkholderiales,Comamonadaceae,Melaminivora,Melaminivora sp. SC2-9,Melaminivora sp. SC2-9,3002,5,3,0,0,5,0,1,0
Bacteria,Proteobacteria,Betaproteobacteria,Burkholderiales,Comamonadaceae,Ottowia,Ottowia oryzae,Ottowia oryzae,3609,1,2,0,2,2,0,0,1
Bacteria,Proteobacteria,Betaproteobacteria,Burkholderiales,Comamonadaceae,Ottowia,Ottowia sp. oral taxon 894,Ottowia sp. oral taxon 894,3610,0,0,0,1,0,0,0,0
Bacteria,Proteobacteria,Betaproteobacteria,Burkholderiales,Comamonadaceae,Polaromonas,Polaromonas naphthalenivorans,Polaromonas naphthalenivorans,3967,2,1,0,0,0,0,0,0
Bacteria,Proteobacteria,Betaproteobacteria,Burkholderiales,Comamonadaceae,Polaromonas,Polaromonas sp. JS666,Polaromonas sp. JS666,3968,1,2,0,0,0,0,0,0
Bacteria,Proteobacteria,Betaproteobacteria,Burkholderiales,Comamonadaceae,Polaromonas,Polaromonas vacuolata,Polaromonas vacuolata,3969,1,1,0,2,1,1,0,0
Bacteria,Proteobacteria,Betaproteobacteria,Burkholderiales,Comamonadaceae,Pulveribacter,Pulveribacter suum,Pulveribacter suum,4257,0,0,1,1,0,0,0,0
Bacteria,Proteobacteria,Betaproteobacteria,Burkholderiales,Comamonadaceae,Ramlibacter,Ramlibacter tataouinensis,Ramlibacter tataouinensis,4275,1,1,1,0,0,0,0,0
Bacteria,Proteobacteria,Betaproteobacteria,Burkholderiales,Comamonadaceae,Rhodoferax,Rhodoferax antarcticus,Rhodoferax antarcticus,4354,1,2,1,1,0,0,0,0
Bacteria,Proteobacteria,Betaproteobacteria,Burkholderiales,Comamonadaceae,Rhodoferax,Rhodoferax ferrireducens,Rhodoferax ferrireducens,4355,3,1,2,3,1,0,0,0
Bacteria,Proteobacteria,Betaproteobacteria,Burkholderiales,Comamonadaceae,Rhodoferax,Rhodoferax koreense,Rhodoferax koreense,4356,1,0,0,0,0,1,0,0
Bacteria,Proteobacteria,Betaproteobacteria,Burkholderiales,Comamonadaceae,Rhodoferax,Rhodoferax saidenbachensis,Rhodoferax saidenbachensis,4357,1,1,0,0,0,0,0,0
Bacteria,Proteobacteria,Betaproteobacteria,Burkholderiales,Comamonadaceae,Rhodoferax,Rhodoferax sediminis,Rhodoferax sediminis,4358,1,3,2,2,0,0,0,0
Bacteria,Proteobacteria,Betaproteobacteria,Burkholderiales,Comamonadaceae,Rhodoferax,Rhodoferax sp. BAB1,Rhodoferax sp. BAB1,4359,2,0,0,1,0,0,0,0
Bacteria,Proteobacteria,Betaproteobacteria,Burkholderiales,Comamonadaceae,Serpentinomonas,Serpentinomonas mccroryi,Serpentinomonas mccroryi,4519,1,1,0,0,0,0,0,0
Bacteria,Proteobacteria,Betaproteobacteria,Burkholderiales,Comamonadaceae,Serpentinomonas,Serpentinomonas raichei,Serpentinomonas raichei,4520,4,1,1,0,0,1,1,1
Bacteria,Proteobacteria,Betaproteobacteria,Burkholderiales,Comamonadaceae,Simplicispira,Simplicispira suum,Simplicispira suum,4584,3,0,1,1,0,0,0,0
Bacteria,Proteobacteria,Betaproteobacteria,Burkholderiales,Comamonadaceae,Variovorax,Variovorax paradoxus,Variovorax paradoxus,5228,10,3,1,2,0,1,1,0
Bacteria,Proteobacteria,Betaproteobacteria,Burkholderiales,Comamonadaceae,Variovorax,Variovorax sp. HW608,Variovorax sp. HW608,5229,0,1,0,0,0,0,0,0
Bacteria,Proteobacteria,Betaproteobacteria,Burkholderiales,Comamonadaceae,Variovorax,Variovorax sp. PAMC 28711,Variovorax sp. PAMC 28711,5230,5,1,2,1,0,0,0,0
Bacteria,Proteobacteria,Betaproteobacteria,Burkholderiales,Comamonadaceae,Variovorax,Variovorax sp. PBL-E5,Variovorax sp. PBL-E5,5231,2,0,0,0,0,0,0,0
Bacteria,Proteobacteria,Betaproteobacteria,Burkholderiales,Comamonadaceae,Variovorax,Variovorax sp. PBL-H6,Variovorax sp. PBL-H6,5232,1,0,0,1,0,0,1,0
Bacteria,Proteobacteria,Betaproteobacteria,Burkholderiales,Comamonadaceae,Variovorax,Variovorax sp. PBS-H4,Variovorax sp. PBS-H4,5233,0,0,5,1,2,3,4,6
Bacteria,Proteobacteria,Betaproteobacteria,Burkholderiales,Comamonadaceae,Variovorax,Variovorax sp. PMC12,Variovorax sp. PMC12,5234,3,0,0,0,0,0,0,0
Bacteria,Proteobacteria,Betaproteobacteria,Burkholderiales,Comamonadaceae,Variovorax,Variovorax sp. RA8,Variovorax sp. RA8,5235,0,1,0,0,2,0,1,0
Bacteria,Proteobacteria,Betaproteobacteria,Burkholderiales,Comamonadaceae,Variovorax,Variovorax sp. WDL1,Variovorax sp. WDL1,5236,1,1,0,2,0,0,0,0
Bacteria,Proteobacteria,Betaproteobacteria,Burkholderiales,Oxalobacteraceae,Collimonas,Collimonas arenae,Collimonas arenae,1217,3,0,1,2,0,0,0,0
Bacteria,Proteobacteria,Betaproteobacteria,Burkholderiales,Oxalobacteraceae,Collimonas,Collimonas fungivorans,Collimonas fungivorans,1218,4,2,1,3,0,0,0,0
Bacteria,Proteobacteria,Betaproteobacteria,Burkholderiales,Oxalobacteraceae,Collimonas,Collimonas pratensis,Collimonas pratensis,1219,1,1,2,7,2,0,3,3
Bacteria,Proteobacteria,Betaproteobacteria,Burkholderiales,Oxalobacteraceae,Duganella,Duganella sp. AF9R3,Duganella sp. AF9R3,1509,1,1,1,4,5,1,2,3
Bacteria,Proteobacteria,Betaproteobacteria,Burkholderiales,Oxalobacteraceae,Duganella,Duganella sp. GN2-R2,Duganella sp. GN2-R2,1510,2,3,0,2,0,0,0,0
Bacteria,Proteobacteria,Betaproteobacteria,Burkholderiales,Oxalobacteraceae,Herbaspirillum,Herbaspirillum frisingense,Herbaspirillum frisingense,2482,0,1,0,1,0,0,0,0
Bacteria,Proteobacteria,Betaproteobacteria,Burkholderiales,Oxalobacteraceae,Herbaspirillum,Herbaspirillum hiltneri,Herbaspirillum hiltneri,2483,2,0,1,3,1,0,0,0
Bacteria,Proteobacteria,Betaproteobacteria,Burkholderiales,Oxalobacteraceae,Herbaspirillum,Herbaspirillum huttiense,Herbaspirillum huttiense,2484,2,4,3,0,0,0,0,0
Bacteria,Proteobacteria,Betaproteobacteria,Burkholderiales,Oxalobacteraceae,Herbaspirillum,Herbaspirillum robiniae,Herbaspirillum robiniae,2485,1,0,0,0,0,0,0,0
Bacteria,Proteobacteria,Betaproteobacteria,Burkholderiales,Oxalobacteraceae,Herbaspirillum,Herbaspirillum rubrisubalbicans,Herbaspirillum rubrisubalbicans,2486,0,11,23,11,6,20,40,13
Bacteria,Proteobacteria,Betaproteobacteria,Burkholderiales,Oxalobacteraceae,Herbaspirillum,Herbaspirillum seropedicae,Herbaspirillum seropedicae,2487,2,0,0,2,2,2,1,4
Bacteria,Proteobacteria,Betaproteobacteria,Burkholderiales,Oxalobacteraceae,Herbaspirillum,Herbaspirillum sp. meg3,Herbaspirillum sp. meg3,2488,0,0,0,1,0,0,0,0
Bacteria,Proteobacteria,Betaproteobacteria,Burkholderiales,Oxalobacteraceae,Herminiimonas,Herminiimonas arsenicoxydans,Herminiimonas arsenicoxydans,2491,1,0,0,1,0,0,0,0
Bacteria,Proteobacteria,Betaproteobacteria,Burkholderiales,Oxalobacteraceae,Herminiimonas,Herminiimonas arsenitoxidans,Herminiimonas arsenitoxidans,2492,1,1,1,2,0,0,0,1
Bacteria,Proteobacteria,Betaproteobacteria,Burkholderiales,Oxalobacteraceae,Janthinobacterium,Janthinobacterium agaricidamnosum,Janthinobacterium agaricidamnosum,2575,0,8,31,10,3,18,29,16
Bacteria,Proteobacteria,Betaproteobacteria,Burkholderiales,Oxalobacteraceae,Janthinobacterium,Janthinobacterium lividum,Janthinobacterium lividum,2576,1,0,2,0,7,4,3,0
Bacteria,Proteobacteria,Betaproteobacteria,Burkholderiales,Oxalobacteraceae,Janthinobacterium,Janthinobacterium sp. 1_2014MBL_MicDiv,Janthinobacterium sp. 1_2014MBL_MicDiv,2577,2,2,2,2,0,0,0,0
Bacteria,Proteobacteria,Betaproteobacteria,Burkholderiales,Oxalobacteraceae,Janthinobacterium,Janthinobacterium sp. 17J80-10,Janthinobacterium sp. 17J80-10,2578,0,2,1,2,0,0,0,0
Bacteria,Proteobacteria,Betaproteobacteria,Burkholderiales,Oxalobacteraceae,Janthinobacterium,Janthinobacterium sp. B9-8,Janthinobacterium sp. B9-8,2579,2,2,0,2,0,1,2,0
Bacteria,Proteobacteria,Betaproteobacteria,Burkholderiales,Oxalobacteraceae,Janthinobacterium,Janthinobacterium sp. LM6,Janthinobacterium sp. LM6,2580,0,1,13,6,3,4,18,8
Bacteria,Proteobacteria,Betaproteobacteria,Burkholderiales,Oxalobacteraceae,Janthinobacterium,Janthinobacterium sp. Marseille,Janthinobacterium sp. Marseille,2581,5,2,1,3,0,0,0,0
Bacteria,Proteobacteria,Betaproteobacteria,Burkholderiales,Oxalobacteraceae,Janthinobacterium,Janthinobacterium sp. SNU WT3,Janthinobacterium sp. SNU WT3,2582,1,0,0,1,1,0,0,3
Bacteria,Proteobacteria,Betaproteobacteria,Burkholderiales,Oxalobacteraceae,Massilia,Massilia albidiflava,Massilia albidiflava,2983,4,1,0,1,0,0,0,0
Bacteria,Proteobacteria,Betaproteobacteria,Burkholderiales,Oxalobacteraceae,Massilia,Massilia armeniaca,Massilia armeniaca,2984,4,0,0,0,0,1,1,0
Bacteria,Proteobacteria,Betaproteobacteria,Burkholderiales,Oxalobacteraceae,Massilia,Massilia lutea,Massilia lutea,2985,3,1,1,1,2,2,0,1
Bacteria,Proteobacteria,Betaproteobacteria,Burkholderiales,Oxalobacteraceae,Massilia,Massilia oculi,Massilia oculi,2986,2,1,3,1,8,9,3,1
Bacteria,Proteobacteria,Betaproteobacteria,Burkholderiales,Oxalobacteraceae,Massilia,Massilia plicata,Massilia plicata,2987,1,2,0,2,0,0,0,0
Bacteria,Proteobacteria,Betaproteobacteria,Burkholderiales,Oxalobacteraceae,Massilia,Massilia putida,Massilia putida,2988,2,0,0,0,0,0,0,0
Bacteria,Proteobacteria,Betaproteobacteria,Burkholderiales,Oxalobacteraceae,Massilia,Massilia sp. NR 4-1,Massilia sp. NR 4-1,2989,4,1,0,0,0,0,0,0
Bacteria,Proteobacteria,Betaproteobacteria,Burkholderiales,Oxalobacteraceae,Massilia,Massilia sp. WG5,Massilia sp. WG5,2990,2,1,0,2,0,1,1,0
Bacteria,Proteobacteria,Betaproteobacteria,Burkholderiales,Oxalobacteraceae,Massilia,Massilia sp. YMA4,Massilia sp. YMA4,2991,0,1,0,0,0,0,0,0
Bacteria,Proteobacteria,Betaproteobacteria,Burkholderiales,Oxalobacteraceae,Massilia,Massilia umbonata,Massilia umbonata,2992,1,1,2,1,1,2,0,0
Bacteria,Proteobacteria,Betaproteobacteria,Burkholderiales,Oxalobacteraceae,Massilia,Massilia violaceinigra,Massilia violaceinigra,2993,2,0,0,1,0,1,0,0
Bacteria,Proteobacteria,Betaproteobacteria,Burkholderiales,Oxalobacteraceae,Noviherbaspirillum,Noviherbaspirillum sp. UKPF54,Noviherbaspirillum sp. UKPF54,3508,1,1,0,1,1,0,1,0
Bacteria,Proteobacteria,Betaproteobacteria,Burkholderiales,Oxalobacteraceae,Oxalobacter,Oxalobacter formigenes,Oxalobacter formigenes,3612,4,3,3,3,1,1,0,0
Bacteria,Proteobacteria,Betaproteobacteria,Burkholderiales,Oxalobacteraceae,Undibacterium,Undibacterium parvum,Undibacterium parvum,5216,3,7,5,1,0,0,0,0
Bacteria,Proteobacteria,Betaproteobacteria,Burkholderiales,Oxalobacteraceae,Undibacterium,Undibacterium sp. YM2,Undibacterium sp. YM2,5217,4,0,0,2,0,0,0,0
Bacteria,Proteobacteria,Betaproteobacteria,Burkholderiales,Sutterellaceae,Sutterella,Sutterella faecalis,Sutterella faecalis,5032,7,7,1,7,0,0,0,0
Bacteria,Proteobacteria,Betaproteobacteria,Burkholderiales,Sutterellaceae,Sutterella,Sutterella megalosphaeroides,Sutterella megalosphaeroides,5033,13,11,3,3,7,0,0,1
Bacteria,Proteobacteria,Betaproteobacteria,Neisseriales,Chromobacteriaceae,Aquaspirillum,Aquaspirillum sp. LM1,Aquaspirillum sp. LM1,328,3,1,1,0,0,0,1,0
Bacteria,Proteobacteria,Betaproteobacteria,Neisseriales,Chromobacteriaceae,Aquitalea,Aquitalea denitrificans,Aquitalea denitrificans,338,5,0,0,4,0,0,0,0
Bacteria,Proteobacteria,Betaproteobacteria,Neisseriales,Chromobacteriaceae,Aquitalea,Aquitalea magnusonii,Aquitalea magnusonii,339,3,2,0,1,0,0,0,0
Bacteria,Proteobacteria,Betaproteobacteria,Neisseriales,Chromobacteriaceae,Aquitalea,Aquitalea sp. THG-DN7.12,Aquitalea sp. THG-DN7.12,340,1,0,0,0,0,1,1,1
Bacteria,Proteobacteria,Betaproteobacteria,Neisseriales,Chromobacteriaceae,Aquitalea,Aquitalea sp. USM4,Aquitalea sp. USM4,341,2,0,1,0,4,1,1,1
Bacteria,Proteobacteria,Betaproteobacteria,Neisseriales,Chromobacteriaceae,Chitinibacter,Chitinibacter fontanus,Chitinibacter fontanus,1054,1,0,0,6,3,1,1,0
Bacteria,Proteobacteria,Betaproteobacteria,Neisseriales,Chromobacteriaceae,Chitinibacter,Chitinibacter sp. 2T18,Chitinibacter sp. 2T18,1055,2,5,0,6,0,0,0,0
Bacteria,Proteobacteria,Betaproteobacteria,Neisseriales,Chromobacteriaceae,Chromobacterium,Chromobacterium haemolyticum,Chromobacterium haemolyticum,1088,0,2,0,0,0,0,0,0
Bacteria,Proteobacteria,Betaproteobacteria,Neisseriales,Chromobacteriaceae,Chromobacterium,Chromobacterium sp. 257-1,Chromobacterium sp. 257-1,1089,1,2,0,0,0,0,0,0
Bacteria,Proteobacteria,Betaproteobacteria,Neisseriales,Chromobacteriaceae,Chromobacterium,Chromobacterium sp. ATCC 53434,Chromobacterium sp. ATCC 53434,1090,3,1,1,0,0,0,0,0
Bacteria,Proteobacteria,Betaproteobacteria,Neisseriales,Chromobacteriaceae,Chromobacterium,Chromobacterium sp. IIBBL 274-1,Chromobacterium sp. IIBBL 274-1,1091,0,0,0,1,0,0,0,0
Bacteria,Proteobacteria,Betaproteobacteria,Neisseriales,Chromobacteriaceae,Chromobacterium,Chromobacterium vaccinii,Chromobacterium vaccinii,1092,1,1,1,2,0,0,0,0
Bacteria,Proteobacteria,Betaproteobacteria,Neisseriales,Chromobacteriaceae,Chromobacterium,Chromobacterium violaceum,Chromobacterium violaceum,1093,2,1,1,2,0,0,0,0
Bacteria,Proteobacteria,Betaproteobacteria,Neisseriales,Chromobacteriaceae,Deefgea,Deefgea sp. D17,Deefgea sp. D17,1370,1,2,0,0,0,0,0,0
Bacteria,Proteobacteria,Betaproteobacteria,Neisseriales,Chromobacteriaceae,Iodobacter,Iodobacter sp. H11R3,Iodobacter sp. H11R3,2566,4,1,1,1,0,0,0,0
Bacteria,Proteobacteria,Betaproteobacteria,Neisseriales,Chromobacteriaceae,Jeongeupia,Jeongeupia sp. USM3,Jeongeupia sp. USM3,2584,1,2,0,3,0,0,0,0
Bacteria,Proteobacteria,Betaproteobacteria,Neisseriales,Chromobacteriaceae,Laribacter,Laribacter hongkongensis,Laribacter hongkongensis,2793,4,0,0,0,1,1,0,0
Bacteria,Proteobacteria,Betaproteobacteria,Neisseriales,Chromobacteriaceae,Microvirgula,Microvirgula aerodenitrificans,Microvirgula aerodenitrificans,3220,1,7,0,4,1,3,1,1
Bacteria,Proteobacteria,Betaproteobacteria,Neisseriales,Chromobacteriaceae,Pseudogulbenkiania,Pseudogulbenkiania sp. NH8B,Pseudogulbenkiania sp. NH8B,4077,3,1,24,12,10,17,30,15
Bacteria,Proteobacteria,Betaproteobacteria,Neisseriales,Chromobacteriaceae,Vogesella,Vogesella sp. LIG4,Vogesella sp. LIG4,5315,1,1,0,2,0,1,1,1
Bacteria,Proteobacteria,Betaproteobacteria,Neisseriales,Neisseriaceae,Alysiella,Alysiella filiformis,Alysiella filiformis,272,0,1,2,2,0,2,1,0
Bacteria,Proteobacteria,Betaproteobacteria,Neisseriales,Neisseriaceae,Chitinolyticbacter,Chitinolyticbacter meiyuanensis,Chitinolyticbacter meiyuanensis,1057,0,1,1,1,0,0,0,0
Bacteria,Proteobacteria,Betaproteobacteria,Neisseriales,Neisseriaceae,Conchiformibius,Conchiformibius steedae,Conchiformibius steedae,1239,2,0,1,2,2,1,0,1
Bacteria,Proteobacteria,Betaproteobacteria,Neisseriales,Neisseriaceae,Crenobacter,Crenobacter cavernae,Crenobacter cavernae,1322,2,0,0,0,0,0,0,0
Bacteria,Proteobacteria,Betaproteobacteria,Neisseriales,Neisseriaceae,Eikenella,Eikenella corrodens,Eikenella corrodens,1542,2,1,1,2,0,0,0,0
Bacteria,Proteobacteria,Betaproteobacteria,Neisseriales,Neisseriaceae,Eikenella,Eikenella exigua,Eikenella exigua,1543,0,2,0,0,0,0,0,0
Bacteria,Proteobacteria,Betaproteobacteria,Neisseriales,Neisseriaceae,Kingella,Kingella kingae,Kingella kingae,2604,4,3,1,4,0,0,0,0
Bacteria,Proteobacteria,Betaproteobacteria,Neisseriales,Neisseriaceae,Kingella,Kingella oralis,Kingella oralis,2605,3,0,0,0,1,0,0,1
Bacteria,Proteobacteria,Betaproteobacteria,Neisseriales,Neisseriaceae,Neisseria,Neisseria animalis,Neisseria animalis,3365,7,4,1,4,3,1,1,2
Bacteria,Proteobacteria,Betaproteobacteria,Neisseriales,Neisseriaceae,Neisseria,Neisseria animaloris,Neisseria animaloris,3366,2,3,1,1,1,1,0,0
Bacteria,Proteobacteria,Betaproteobacteria,Neisseriales,Neisseriaceae,Neisseria,Neisseria brasiliensis,Neisseria brasiliensis,3367,1,1,1,0,0,0,0,0
Bacteria,Proteobacteria,Betaproteobacteria,Neisseriales,Neisseriaceae,Neisseria,Neisseria canis,Neisseria canis,3368,3,2,1,0,5,2,3,0
Bacteria,Proteobacteria,Betaproteobacteria,Neisseriales,Neisseriaceae,Neisseria,Neisseria chenwenguii,Neisseria chenwenguii,3369,0,0,0,2,1,2,0,3
Bacteria,Proteobacteria,Betaproteobacteria,Neisseriales,Neisseriaceae,Neisseria,Neisseria dentiae,Neisseria dentiae,3370,2,0,1,4,1,0,0,1
Bacteria,Proteobacteria,Betaproteobacteria,Neisseriales,Neisseriaceae,Neisseria,Neisseria elongata,Neisseria elongata,3371,3,2,0,0,0,0,0,0
Bacteria,Proteobacteria,Betaproteobacteria,Neisseriales,Neisseriaceae,Neisseria,Neisseria flavescens,Neisseria flavescens,3372,2,0,0,0,0,0,1,1
Bacteria,Proteobacteria,Betaproteobacteria,Neisseriales,Neisseriaceae,Neisseria,Neisseria gonorrhoeae,Neisseria gonorrhoeae,3373,0,0,0,1,0,0,0,0
Bacteria,Proteobacteria,Betaproteobacteria,Neisseriales,Neisseriaceae,Neisseria,Neisseria lactamica,Neisseria lactamica,3374,0,1,0,0,0,0,0,0
Bacteria,Proteobacteria,Betaproteobacteria,Neisseriales,Neisseriaceae,Neisseria,Neisseria meningitidis,Neisseria meningitidis,3375,5,2,0,3,0,0,0,0
Bacteria,Proteobacteria,Betaproteobacteria,Neisseriales,Neisseriaceae,Neisseria,Neisseria mucosa,Neisseria mucosa,3376,0,1,3,1,0,0,1,0
Bacteria,Proteobacteria,Betaproteobacteria,Neisseriales,Neisseriaceae,Neisseria,Neisseria polysaccharea,Neisseria polysaccharea,3377,25,4,0,5,0,0,0,1
Bacteria,Proteobacteria,Betaproteobacteria,Neisseriales,Neisseriaceae,Neisseria,Neisseria shayeganii,Neisseria shayeganii,3378,10,6,16,5,1,7,13,9
Bacteria,Proteobacteria,Betaproteobacteria,Neisseriales,Neisseriaceae,Neisseria,Neisseria sicca,Neisseria sicca,3379,0,2,0,3,0,0,0,0
Bacteria,Proteobacteria,Betaproteobacteria,Neisseriales,Neisseriaceae,Neisseria,Neisseria sp. 10022,Neisseria sp. 10022,3380,1,1,0,3,0,0,0,0
Bacteria,Proteobacteria,Betaproteobacteria,Neisseriales,Neisseriaceae,Neisseria,Neisseria sp. KEM232,Neisseria sp. KEM232,3381,2,4,2,1,0,0,0,0
Bacteria,Proteobacteria,Betaproteobacteria,Neisseriales,Neisseriaceae,Neisseria,Neisseria sp. oral taxon 014,Neisseria sp. oral taxon 014,3382,3,2,1,2,0,0,0,0
Bacteria,Proteobacteria,Betaproteobacteria,Neisseriales,Neisseriaceae,Neisseria,Neisseria subflava,Neisseria subflava,3383,0,0,0,0,1,0,0,0
Bacteria,Proteobacteria,Betaproteobacteria,Neisseriales,Neisseriaceae,Neisseria,Neisseria wadsworthii,Neisseria wadsworthii,3384,4,2,2,1,5,2,6,10
Bacteria,Proteobacteria,Betaproteobacteria,Neisseriales,Neisseriaceae,Neisseria,Neisseria weaveri,Neisseria weaveri,3385,3,7,6,5,1,0,6,0
Bacteria,Proteobacteria,Betaproteobacteria,Neisseriales,Neisseriaceae,Neisseria,Neisseria zalophi,Neisseria zalophi,3386,2,1,5,4,3,6,8,2
Bacteria,Proteobacteria,Betaproteobacteria,Neisseriales,Neisseriaceae,Neisseria,Neisseria zoodegmatis,Neisseria zoodegmatis,3387,2,2,1,0,0,0,0,0
Bacteria,Proteobacteria,Betaproteobacteria,Neisseriales,Neisseriaceae,Simonsiella,Simonsiella muelleri,Simonsiella muelleri,4583,0,1,4,3,0,2,3,2
Bacteria,Proteobacteria,Betaproteobacteria,Neisseriales,Neisseriaceae,Snodgrassella,Snodgrassella alvi,Snodgrassella alvi,4596,2,2,2,0,0,0,0,0
Bacteria,Proteobacteria,Betaproteobacteria,Neisseriales,Neisseriaceae,Vitreoscilla,Vitreoscilla filiformis,Vitreoscilla filiformis,5313,0,0,5,0,2,0,4,2
Bacteria,Proteobacteria,Betaproteobacteria,Neisseriales,Neisseriaceae,Vitreoscilla,Vitreoscilla sp. C1,Vitreoscilla sp. C1,5314,0,2,1,0,0,0,0,0
Bacteria,Proteobacteria,Betaproteobacteria,Nitrosomonadales,Gallionellaceae,Candidatus Nitrotoga,Candidatus Nitrotoga sp. AM1P,Candidatus Nitrotoga sp. AM1P,933,1,1,2,3,7,2,4,1
Bacteria,Proteobacteria,Betaproteobacteria,Nitrosomonadales,Gallionellaceae,Ferriphaselus,Ferriphaselus amnicola,Ferriphaselus amnicola,1797,2,2,3,0,1,0,0,2
Bacteria,Proteobacteria,Betaproteobacteria,Nitrosomonadales,Gallionellaceae,Gallionella,Gallionella capsiferriformans,Gallionella capsiferriformans,2273,1,3,1,4,4,1,2,1
Bacteria,Proteobacteria,Betaproteobacteria,Nitrosomonadales,Gallionellaceae,Sideroxydans,Sideroxydans lithotrophicus,Sideroxydans lithotrophicus,4576,0,0,1,0,0,0,1,0
Bacteria,Proteobacteria,Betaproteobacteria,Nitrosomonadales,Gallionellaceae,Sulfuricella,Sulfuricella denitrificans,Sulfuricella denitrificans,5005,2,4,0,0,8,3,3,3
Bacteria,Proteobacteria,Betaproteobacteria,Nitrosomonadales,Gallionellaceae,Sulfuriferula,Sulfuriferula nivalis,Sulfuriferula nivalis,5007,1,3,1,1,0,0,0,0
Bacteria,Proteobacteria,Betaproteobacteria,Nitrosomonadales,Gallionellaceae,Sulfuriferula,Sulfuriferula plumbiphila,Sulfuriferula plumbiphila,5008,0,1,2,5,5,5,2,2
Bacteria,Proteobacteria,Betaproteobacteria,Nitrosomonadales,Gallionellaceae,Sulfuriferula,Sulfuriferula sp. AH1,Sulfuriferula sp. AH1,5009,0,1,0,4,0,0,0,0
Bacteria,Proteobacteria,Betaproteobacteria,Nitrosomonadales,Methylophilaceae,Candidatus Methylopumilus,Candidatus Methylopumilus planktonicus,Candidatus Methylopumilus planktonicus,908,2,0,0,0,0,0,0,0
Bacteria,Proteobacteria,Betaproteobacteria,Nitrosomonadales,Methylophilaceae,Candidatus Methylopumilus,Candidatus Methylopumilus turicensis,Candidatus Methylopumilus turicensis,909,1,1,1,0,0,0,0,0
Bacteria,Proteobacteria,Betaproteobacteria,Nitrosomonadales,Methylophilaceae,Candidatus Methylopumilus,Candidatus Methylopumilus universalis,Candidatus Methylopumilus universalis,910,3,4,3,0,0,0,0,1
Bacteria,Proteobacteria,Betaproteobacteria,Nitrosomonadales,Methylophilaceae,Methylobacillus,Methylobacillus flagellatus,Methylobacillus flagellatus,3103,4,1,1,1,0,1,0,0
Bacteria,Proteobacteria,Betaproteobacteria,Nitrosomonadales,Methylophilaceae,Methylophilus,Methylophilus medardicus,Methylophilus medardicus,3139,0,2,0,1,0,0,0,0
Bacteria,Proteobacteria,Betaproteobacteria,Nitrosomonadales,Methylophilaceae,Methylophilus,Methylophilus sp. TWE2,Methylophilus sp. TWE2,3140,1,0,0,0,0,0,0,0
Bacteria,Proteobacteria,Betaproteobacteria,Nitrosomonadales,Methylophilaceae,Methylotenera,Methylotenera mobilis,Methylotenera mobilis,3144,6,2,1,0,0,0,0,0
Bacteria,Proteobacteria,Betaproteobacteria,Nitrosomonadales,Methylophilaceae,Methylotenera,Methylotenera versatilis,Methylotenera versatilis,3145,0,2,0,1,0,0,0,0
Bacteria,Proteobacteria,Betaproteobacteria,Nitrosomonadales,Methylophilaceae,Methylovorus,Methylovorus glucosotrophus,Methylovorus glucosotrophus,3148,1,1,1,0,0,0,0,0
Bacteria,Proteobacteria,Betaproteobacteria,Nitrosomonadales,Nitrosomonadaceae,Nitrosomonas,Nitrosomonas communis,Nitrosomonas communis,3426,4,0,0,0,0,0,0,0
Bacteria,Proteobacteria,Betaproteobacteria,Nitrosomonadales,Nitrosomonadaceae,Nitrosomonas,Nitrosomonas europaea,Nitrosomonas europaea,3427,1,3,0,7,2,2,0,0
Bacteria,Proteobacteria,Betaproteobacteria,Nitrosomonadales,Nitrosomonadaceae,Nitrosomonas,Nitrosomonas eutropha,Nitrosomonas eutropha,3428,0,7,39,18,11,30,55,25
Bacteria,Proteobacteria,Betaproteobacteria,Nitrosomonadales,Nitrosomonadaceae,Nitrosomonas,Nitrosomonas sp. Is79A3,Nitrosomonas sp. Is79A3,3429,0,4,0,3,0,0,0,1
Bacteria,Proteobacteria,Betaproteobacteria,Nitrosomonadales,Nitrosomonadaceae,Nitrosomonas,Nitrosomonas stercoris,Nitrosomonas stercoris,3430,1,3,1,4,9,5,2,11
Bacteria,Proteobacteria,Betaproteobacteria,Nitrosomonadales,Nitrosomonadaceae,Nitrosomonas,Nitrosomonas ureae,Nitrosomonas ureae,3431,0,1,0,1,2,1,1,0
Bacteria,Proteobacteria,Betaproteobacteria,Nitrosomonadales,Nitrosomonadaceae,Nitrosospira,Nitrosospira lacus,Nitrosospira lacus,3436,3,4,1,4,0,0,0,0
Bacteria,Proteobacteria,Betaproteobacteria,Nitrosomonadales,Nitrosomonadaceae,Nitrosospira,Nitrosospira multiformis,Nitrosospira multiformis,3437,0,2,0,1,0,0,0,0
Bacteria,Proteobacteria,Betaproteobacteria,Nitrosomonadales,Sterolibacteriaceae,Denitratisoma,Denitratisoma oestradiolicum,Denitratisoma oestradiolicum,1403,1,0,2,1,0,1,0,0
Bacteria,Proteobacteria,Betaproteobacteria,Nitrosomonadales,Sterolibacteriaceae,Denitratisoma,Denitratisoma sp. DHT3,Denitratisoma sp. DHT3,1404,1,3,3,2,4,2,2,2
Bacteria,Proteobacteria,Betaproteobacteria,Nitrosomonadales,Sterolibacteriaceae,Methyloversatilis,Methyloversatilis sp. RAC08,Methyloversatilis sp. RAC08,3146,2,0,0,1,1,0,0,0
Bacteria,Proteobacteria,Betaproteobacteria,Nitrosomonadales,Sterolibacteriaceae,Sterolibacterium,Sterolibacterium denitrificans,Sterolibacterium denitrificans,4788,3,6,2,2,4,5,3,0
Bacteria,Proteobacteria,Betaproteobacteria,Nitrosomonadales,Sterolibacteriaceae,Sulfuritalea,Sulfuritalea hydrogenivorans,Sulfuritalea hydrogenivorans,5021,2,0,0,0,0,4,2,2
Bacteria,Proteobacteria,Betaproteobacteria,Nitrosomonadales,Thiobacillaceae,Sulfuritortus,Sulfuritortus calidifontis,Sulfuritortus calidifontis,5022,0,1,0,0,0,0,0,0
Bacteria,Proteobacteria,Betaproteobacteria,Nitrosomonadales,Thiobacillaceae,Thiobacillus,Thiobacillus denitrificans,Thiobacillus denitrificans,5164,2,2,0,0,5,0,1,1
Bacteria,Proteobacteria,Betaproteobacteria,Rhodocyclales,Azonexaceae,Dechloromonas,Dechloromonas aromatica,Dechloromonas aromatica,1367,3,2,0,1,1,1,1,1
Bacteria,Proteobacteria,Betaproteobacteria,Rhodocyclales,Azonexaceae,Dechloromonas,Dechloromonas sp. HYN0024,Dechloromonas sp. HYN0024,1368,1,2,1,3,0,0,0,0
Bacteria,Proteobacteria,Betaproteobacteria,Rhodocyclales,Rhodocyclaceae,Aromatoleum,Aromatoleum aromaticum,Aromatoleum aromaticum,382,2,2,0,0,0,0,0,0
Bacteria,Proteobacteria,Betaproteobacteria,Rhodocyclales,Rhodocyclaceae,Azospira,Azospira sp. I09,Azospira sp. I09,432,1,1,0,0,0,0,0,0
Bacteria,Proteobacteria,Betaproteobacteria,Rhodocyclales,Rhodocyclaceae,Azospira,Dechlorosoma suillum,Dechlorosoma suillum,1369,0,0,0,0,0,0,1,0
Bacteria,Proteobacteria,Betaproteobacteria,Rhodocyclales,Zoogloeaceae,Azoarcus,Azoarcus communis,Azoarcus communis,424,9,8,42,13,24,12,42,25
Bacteria,Proteobacteria,Betaproteobacteria,Rhodocyclales,Zoogloeaceae,Azoarcus,Azoarcus olearius,Azoarcus olearius,425,4,1,0,0,0,0,0,0
Bacteria,Proteobacteria,Betaproteobacteria,Rhodocyclales,Zoogloeaceae,Azoarcus,Azoarcus sp. CIB,Azoarcus sp. CIB,426,1,0,0,0,0,0,0,0
Bacteria,Proteobacteria,Betaproteobacteria,Rhodocyclales,Zoogloeaceae,Azoarcus,Azoarcus sp. DD4,Azoarcus sp. DD4,427,0,0,1,0,2,0,0,1
Bacteria,Proteobacteria,Betaproteobacteria,Rhodocyclales,Zoogloeaceae,Azoarcus,Azoarcus sp. KH32C,Azoarcus sp. KH32C,428,2,5,1,4,15,10,5,8
Bacteria,Proteobacteria,Betaproteobacteria,Rhodocyclales,Zoogloeaceae,Azoarcus,Azoarcus sp. M9-3-2,Azoarcus sp. M9-3-2,429,0,1,0,4,9,5,2,1
Bacteria,Proteobacteria,Betaproteobacteria,Rhodocyclales,Zoogloeaceae,Azoarcus,Azoarcus sp. SY39,Azoarcus sp. SY39,430,2,2,0,3,0,0,0,0
Bacteria,Proteobacteria,Betaproteobacteria,Rhodocyclales,Zoogloeaceae,Thauera,Thauera aromatica,Thauera aromatica,5092,1,0,0,0,0,0,0,0
Bacteria,Proteobacteria,Betaproteobacteria,Rhodocyclales,Zoogloeaceae,Thauera,Thauera chlorobenzoica,Thauera chlorobenzoica,5093,1,3,0,2,0,0,0,0
Bacteria,Proteobacteria,Betaproteobacteria,Rhodocyclales,Zoogloeaceae,Thauera,Thauera humireducens,Thauera humireducens,5094,0,1,1,5,7,2,1,3
Bacteria,Proteobacteria,Betaproteobacteria,Rhodocyclales,Zoogloeaceae,Thauera,Thauera sp. K11,Thauera sp. K11,5095,3,1,1,1,0,0,0,0
Bacteria,Proteobacteria,Betaproteobacteria,Rhodocyclales,Zoogloeaceae,Thauera,Thauera sp. MZ1T,Thauera sp. MZ1T,5096,2,1,0,1,0,0,0,0
Bacteria,Proteobacteria,Deltaproteobacteria,Bradymonadales,Bradymonadaceae,Bradymonas,Bradymonas sediminis,Bradymonas sediminis,669,7,1,2,2,2,3,3,1
Bacteria,Proteobacteria,Deltaproteobacteria,Desulfarculales,Desulfarculaceae,Desulfarculus,Desulfarculus baarsii,Desulfarculus baarsii,1410,2,3,0,0,0,0,1,0
Bacteria,Proteobacteria,Deltaproteobacteria,Desulfobacterales,Desulfobacteraceae,Desulfatibacillum,Desulfatibacillum aliphaticivorans,Desulfatibacillum aliphaticivorans,1411,2,1,13,2,3,7,12,6
Bacteria,Proteobacteria,Deltaproteobacteria,Desulfobacterales,Desulfobacteraceae,Desulfobacter,Desulfobacter hydrogenophilus,Desulfobacter hydrogenophilus,1417,8,1,1,8,0,0,1,0
Bacteria,Proteobacteria,Deltaproteobacteria,Desulfobacterales,Desulfobacteraceae,Desulfobacter,Desulfobacter postgatei,Desulfobacter postgatei,1418,3,8,8,3,5,7,7,1
Bacteria,Proteobacteria,Deltaproteobacteria,Desulfobacterales,Desulfobacteraceae,Desulfobacterium,Desulfobacterium autotrophicum,Desulfobacterium autotrophicum,1419,5,2,0,4,6,0,2,4
Bacteria,Proteobacteria,Deltaproteobacteria,Desulfobacterales,Desulfobacteraceae,Desulfobacula,Desulfobacula toluolica,Desulfobacula toluolica,1420,7,2,1,3,0,2,0,2
Bacteria,Proteobacteria,Deltaproteobacteria,Desulfobacterales,Desulfobacteraceae,Desulfococcus,Desulfococcus multivorans,Desulfococcus multivorans,1424,7,5,3,3,0,0,0,0
Bacteria,Proteobacteria,Deltaproteobacteria,Desulfobacterales,Desulfobacteraceae,Desulfococcus,Desulfococcus oleovorans,Desulfococcus oleovorans,1425,3,6,5,6,1,4,4,1
Bacteria,Proteobacteria,Deltaproteobacteria,Desulfobacterales,Desulfobacteraceae,Desulfosarcina,Desulfosarcina alkanivorans,Desulfosarcina alkanivorans,1435,1,1,2,4,0,0,1,0
Bacteria,Proteobacteria,Deltaproteobacteria,Desulfobacterales,Desulfobacteraceae,Desulfosarcina,Desulfosarcina ovata,Desulfosarcina ovata,1436,5,4,2,5,1,0,0,0
Bacteria,Proteobacteria,Deltaproteobacteria,Desulfobacterales,Desulfobacteraceae,Desulfosarcina,Desulfosarcina widdelii,Desulfosarcina widdelii,1437,4,3,2,1,0,0,0,0
Bacteria,Proteobacteria,Deltaproteobacteria,Desulfobacterales,Desulfobulbaceae,Desulfobulbus,Desulfobulbus oralis,Desulfobulbus oralis,1421,3,6,34,9,5,12,28,17
Bacteria,Proteobacteria,Deltaproteobacteria,Desulfobacterales,Desulfobulbaceae,Desulfobulbus,Desulfobulbus propionicus,Desulfobulbus propionicus,1422,5,4,48,8,14,24,50,23
Bacteria,Proteobacteria,Deltaproteobacteria,Desulfobacterales,Desulfobulbaceae,Desulfocapsa,Desulfocapsa sulfexigens,Desulfocapsa sulfexigens,1423,3,2,0,4,0,0,1,0
Bacteria,Proteobacteria,Deltaproteobacteria,Desulfobacterales,Desulfobulbaceae,Desulfopila,Desulfopila sp. IMCC35004,Desulfopila sp. IMCC35004,1433,6,1,1,3,0,1,0,0
Bacteria,Proteobacteria,Deltaproteobacteria,Desulfobacterales,Desulfobulbaceae,Desulfopila,Desulfopila sp. IMCC35005,Desulfopila sp. IMCC35005,1434,4,5,1,3,0,0,0,0
Bacteria,Proteobacteria,Deltaproteobacteria,Desulfobacterales,Desulfobulbaceae,Desulfotalea,Desulfotalea psychrophila,Desulfotalea psychrophila,1442,1,1,6,2,0,1,4,0
Bacteria,Proteobacteria,Deltaproteobacteria,Desulfobacterales,Desulfobulbaceae,Desulfurivibrio,Desulfurivibrio alkaliphilus,Desulfurivibrio alkaliphilus,1466,3,3,1,2,3,5,7,2
Bacteria,Proteobacteria,Deltaproteobacteria,Desulfovibrionales,Desulfohalobiaceae,Desulfohalobium,Desulfohalobium retbaense,Desulfohalobium retbaense,1429,1,1,3,3,0,0,0,0
Bacteria,Proteobacteria,Deltaproteobacteria,Desulfovibrionales,Desulfomicrobiaceae,Desulfomicrobium,Desulfomicrobium baculatum,Desulfomicrobium baculatum,1430,1,2,2,2,0,0,0,0
Bacteria,Proteobacteria,Deltaproteobacteria,Desulfovibrionales,Desulfomicrobiaceae,Desulfomicrobium,Desulfomicrobium orale,Desulfomicrobium orale,1431,1,2,2,2,1,0,0,0
Bacteria,Proteobacteria,Deltaproteobacteria,Desulfovibrionales,Desulfovibrionaceae,Desulfocurvibacter,Desulfocurvibacter africanus,Desulfocurvibacter africanus,1426,0,2,1,2,4,5,0,1
Bacteria,Proteobacteria,Deltaproteobacteria,Desulfovibrionales,Desulfovibrionaceae,Desulfovibrio,Candidatus Desulfovibrio trichonymphae,Candidatus Desulfovibrio trichonymphae,880,2,7,14,5,2,7,21,5
Bacteria,Proteobacteria,Deltaproteobacteria,Desulfovibrionales,Desulfovibrionaceae,Desulfovibrio,Desulfovibrio alaskensis,Desulfovibrio alaskensis,1447,4,5,1,0,0,0,0,0
Bacteria,Proteobacteria,Deltaproteobacteria,Desulfovibrionales,Desulfovibrionaceae,Desulfovibrio,Desulfovibrio carbinolicus,Desulfovibrio carbinolicus,1448,0,1,0,0,0,2,4,2
Bacteria,Proteobacteria,Deltaproteobacteria,Desulfovibrionales,Desulfovibrionaceae,Desulfovibrio,Desulfovibrio carbinoliphilus,Desulfovibrio carbinoliphilus,1449,0,2,2,0,0,0,0,0
Bacteria,Proteobacteria,Deltaproteobacteria,Desulfovibrionales,Desulfovibrionaceae,Desulfovibrio,Desulfovibrio desulfuricans,Desulfovibrio desulfuricans,1450,7,5,5,11,7,3,2,5
Bacteria,Proteobacteria,Deltaproteobacteria,Desulfovibrionales,Desulfovibrionaceae,Desulfovibrio,Desulfovibrio fairfieldensis,Desulfovibrio fairfieldensis,1451,34,8,2,5,1,0,0,0
Bacteria,Proteobacteria,Deltaproteobacteria,Desulfovibrionales,Desulfovibrionaceae,Desulfovibrio,Desulfovibrio ferrophilus,Desulfovibrio ferrophilus,1452,3,2,0,1,0,0,0,0
Bacteria,Proteobacteria,Deltaproteobacteria,Desulfovibrionales,Desulfovibrionaceae,Desulfovibrio,Desulfovibrio gigas,Desulfovibrio gigas,1453,1,5,1,0,0,0,0,0
Bacteria,Proteobacteria,Deltaproteobacteria,Desulfovibrionales,Desulfovibrionaceae,Desulfovibrio,Desulfovibrio hydrothermalis,Desulfovibrio hydrothermalis,1454,1,2,13,5,8,14,22,12
Bacteria,Proteobacteria,Deltaproteobacteria,Desulfovibrionales,Desulfovibrionaceae,Desulfovibrio,Desulfovibrio magneticus,Desulfovibrio magneticus,1455,5,1,0,0,0,0,0,0
Bacteria,Proteobacteria,Deltaproteobacteria,Desulfovibrionales,Desulfovibrionaceae,Desulfovibrio,Desulfovibrio marinus,Desulfovibrio marinus,1456,1,4,5,4,1,1,3,1
Bacteria,Proteobacteria,Deltaproteobacteria,Desulfovibrionales,Desulfovibrionaceae,Desulfovibrio,Desulfovibrio piger,Desulfovibrio piger,1457,6737,1366,518,1953,0,0,0,1
Bacteria,Proteobacteria,Deltaproteobacteria,Desulfovibrionales,Desulfovibrionaceae,Desulfovibrio,Desulfovibrio salexigens,Desulfovibrio salexigens,1458,5,10,23,12,0,10,25,10
Bacteria,Proteobacteria,Deltaproteobacteria,Desulfovibrionales,Desulfovibrionaceae,Desulfovibrio,Desulfovibrio sp. 86,Desulfovibrio sp. 86,1459,5,1,2,5,0,0,0,0
Bacteria,Proteobacteria,Deltaproteobacteria,Desulfovibrionales,Desulfovibrionaceae,Desulfovibrio,Desulfovibrio sp. G11,Desulfovibrio sp. G11,1460,0,0,1,0,0,0,0,0
Bacteria,Proteobacteria,Deltaproteobacteria,Desulfovibrionales,Desulfovibrionaceae,Desulfovibrio,Desulfovibrio sp. IOR2,Desulfovibrio sp. IOR2,1461,0,1,0,4,3,1,0,0
Bacteria,Proteobacteria,Deltaproteobacteria,Desulfovibrionales,Desulfovibrionaceae,Desulfovibrio,Desulfovibrio sulfodismutans,Desulfovibrio sulfodismutans,1462,2,1,2,0,0,0,0,1
Bacteria,Proteobacteria,Deltaproteobacteria,Desulfovibrionales,Desulfovibrionaceae,Desulfovibrio,Desulfovibrio vulgaris,Desulfovibrio vulgaris,1463,7,2,0,0,1,0,1,1
Bacteria,Proteobacteria,Deltaproteobacteria,Desulfovibrionales,Desulfovibrionaceae,Lawsonia,Lawsonia intracellularis,Lawsonia intracellularis,2797,2,0,0,0,0,0,0,1
Bacteria,Proteobacteria,Deltaproteobacteria,Desulfovibrionales,Desulfovibrionaceae,Pseudodesulfovibrio,Pseudodesulfovibrio aespoeensis,Pseudodesulfovibrio aespoeensis,4071,5,2,3,2,0,3,4,1
Bacteria,Proteobacteria,Deltaproteobacteria,Desulfovibrionales,Desulfovibrionaceae,Pseudodesulfovibrio,Pseudodesulfovibrio indicus,Pseudodesulfovibrio indicus,4072,5,0,0,7,1,2,0,2
Bacteria,Proteobacteria,Deltaproteobacteria,Desulfovibrionales,Desulfovibrionaceae,Pseudodesulfovibrio,Pseudodesulfovibrio piezophilus,Pseudodesulfovibrio piezophilus,4073,7,0,3,5,3,2,0,2
Bacteria,Proteobacteria,Deltaproteobacteria,Desulfovibrionales,Desulfovibrionaceae,Pseudodesulfovibrio,Pseudodesulfovibrio profundus,Pseudodesulfovibrio profundus,4074,2,0,0,2,0,0,0,0
Bacteria,Proteobacteria,Deltaproteobacteria,Desulfovibrionales,Desulfovibrionaceae,Pseudodesulfovibrio,Pseudodesulfovibrio sp. SRB007,Pseudodesulfovibrio sp. SRB007,4075,0,0,1,0,0,0,0,0
Bacteria,Proteobacteria,Deltaproteobacteria,Desulfovibrionales,Desulfovibrionaceae,Pseudodesulfovibrio,Pseudodesulfovibrio sp. zrk46,Pseudodesulfovibrio sp. zrk46,4076,10,5,2,0,1,0,0,1
Bacteria,Proteobacteria,Deltaproteobacteria,Desulfurellales,Desulfurellaceae,Desulfurella,Desulfurella acetivorans,Desulfurella acetivorans,1464,1,0,0,0,0,0,0,0
Bacteria,Proteobacteria,Deltaproteobacteria,Desulfurellales,Desulfurellaceae,Hippea,Hippea maritima,Hippea maritima,2493,0,3,1,3,0,0,0,0
Bacteria,Proteobacteria,Deltaproteobacteria,Desulfuromonadales,Desulfuromonadaceae,Desulfuromonas,Desulfuromonas soudanensis,Desulfuromonas soudanensis,1468,1,1,0,1,1,0,1,0
Bacteria,Proteobacteria,Deltaproteobacteria,Desulfuromonadales,Desulfuromonadaceae,Desulfuromonas,Desulfuromonas sp. DDH964,Desulfuromonas sp. DDH964,1469,0,0,0,1,0,1,0,0
Bacteria,Proteobacteria,Deltaproteobacteria,Desulfuromonadales,Desulfuromonadaceae,Pelobacter,Pelobacter acetylenicus,Pelobacter acetylenicus,3831,7,8,0,6,10,10,3,1
Bacteria,Proteobacteria,Deltaproteobacteria,Desulfuromonadales,Desulfuromonadaceae,Pelobacter,Pelobacter carbinolicus,Pelobacter carbinolicus,3832,0,4,3,1,1,0,0,1
Bacteria,Proteobacteria,Deltaproteobacteria,Desulfuromonadales,Desulfuromonadaceae,Pelobacter,Pelobacter propionicus,Pelobacter propionicus,3833,4,5,3,2,0,0,0,0
Bacteria,Proteobacteria,Deltaproteobacteria,Desulfuromonadales,Desulfuromonadaceae,Pelobacter,Pelobacter sp. SFB93,Pelobacter sp. SFB93,3834,2,3,0,0,0,1,0,0
Bacteria,Proteobacteria,Deltaproteobacteria,Desulfuromonadales,Geobacteraceae,Geoalkalibacter,Geoalkalibacter subterraneus,Geoalkalibacter subterraneus,2292,2,7,3,5,11,6,8,2
Bacteria,Proteobacteria,Deltaproteobacteria,Desulfuromonadales,Geobacteraceae,Geobacter,Geobacter anodireducens,Geobacter anodireducens,2300,2,3,0,1,1,0,0,0
Bacteria,Proteobacteria,Deltaproteobacteria,Desulfuromonadales,Geobacteraceae,Geobacter,Geobacter bemidjiensis,Geobacter bemidjiensis,2301,2,1,1,0,0,1,0,0
Bacteria,Proteobacteria,Deltaproteobacteria,Desulfuromonadales,Geobacteraceae,Geobacter,Geobacter bremensis,Geobacter bremensis,2302,4,3,1,2,5,4,2,5
Bacteria,Proteobacteria,Deltaproteobacteria,Desulfuromonadales,Geobacteraceae,Geobacter,Geobacter daltonii,Geobacter daltonii,2303,2,5,12,2,10,10,17,13
Bacteria,Proteobacteria,Deltaproteobacteria,Desulfuromonadales,Geobacteraceae,Geobacter,Geobacter lovleyi,Geobacter lovleyi,2304,4,2,0,2,0,0,0,0
Bacteria,Proteobacteria,Deltaproteobacteria,Desulfuromonadales,Geobacteraceae,Geobacter,Geobacter metallireducens,Geobacter metallireducens,2305,3,1,0,0,0,1,0,0
Bacteria,Proteobacteria,Deltaproteobacteria,Desulfuromonadales,Geobacteraceae,Geobacter,Geobacter pickeringii,Geobacter pickeringii,2306,0,0,0,1,0,0,0,0
Bacteria,Proteobacteria,Deltaproteobacteria,Desulfuromonadales,Geobacteraceae,Geobacter,Geobacter sp. DSM 9736,Geobacter sp. DSM 9736,2307,5,4,12,3,2,1,9,7
Bacteria,Proteobacteria,Deltaproteobacteria,Desulfuromonadales,Geobacteraceae,Geobacter,Geobacter sp. FeAm09,Geobacter sp. FeAm09,2308,4,4,0,6,0,0,0,0
Bacteria,Proteobacteria,Deltaproteobacteria,Desulfuromonadales,Geobacteraceae,Geobacter,Geobacter sp. M18,Geobacter sp. M18,2309,3,5,29,14,17,23,40,14
Bacteria,Proteobacteria,Deltaproteobacteria,Desulfuromonadales,Geobacteraceae,Geobacter,Geobacter sp. M21,Geobacter sp. M21,2310,2,2,0,0,0,0,0,0
Bacteria,Proteobacteria,Deltaproteobacteria,Desulfuromonadales,Geobacteraceae,Geobacter,Geobacter sulfurreducens,Geobacter sulfurreducens,2311,4,0,9,8,10,15,13,8
Bacteria,Proteobacteria,Deltaproteobacteria,Desulfuromonadales,Geobacteraceae,Geobacter,Geobacter uraniireducens,Geobacter uraniireducens,2312,5,9,3,6,7,7,7,13
Bacteria,Proteobacteria,Deltaproteobacteria,Myxococcales,Anaeromyxobacteraceae,Anaeromyxobacter,Anaeromyxobacter dehalogenans,Anaeromyxobacter dehalogenans,302,0,1,1,4,2,1,2,1
Bacteria,Proteobacteria,Deltaproteobacteria,Myxococcales,Anaeromyxobacteraceae,Anaeromyxobacter,Anaeromyxobacter sp. Fw109-5,Anaeromyxobacter sp. Fw109-5,303,5,6,1,2,0,0,0,1
Bacteria,Proteobacteria,Deltaproteobacteria,Myxococcales,Anaeromyxobacteraceae,Anaeromyxobacter,Anaeromyxobacter sp. K,Anaeromyxobacter sp. K,304,0,0,0,0,2,1,1,1
Bacteria,Proteobacteria,Deltaproteobacteria,Myxococcales,Archangiaceae,Archangium,Archangium gephyra,Archangium gephyra,353,5,1,1,0,3,3,3,2
Bacteria,Proteobacteria,Deltaproteobacteria,Myxococcales,Archangiaceae,Cystobacter,Cystobacter fuscus,Cystobacter fuscus,1360,2,5,4,1,3,3,3,3
Bacteria,Proteobacteria,Deltaproteobacteria,Myxococcales,Archangiaceae,Melittangium,Melittangium boletus,Melittangium boletus,3005,0,0,0,1,2,4,2,7
Bacteria,Proteobacteria,Deltaproteobacteria,Myxococcales,Archangiaceae,Stigmatella,Stigmatella aurantiaca,Stigmatella aurantiaca,4789,3,2,2,2,0,0,0,0
Bacteria,Proteobacteria,Deltaproteobacteria,Myxococcales,Kofleriaceae,Haliangium,Haliangium ochraceum,Haliangium ochraceum,2394,3,0,0,0,0,0,0,1
Bacteria,Proteobacteria,Deltaproteobacteria,Myxococcales,Labilitrichaceae,Labilithrix,Labilithrix luteola,Labilithrix luteola,2666,1,0,0,2,5,2,0,2
Bacteria,Proteobacteria,Deltaproteobacteria,Myxococcales,Myxococcaceae,Corallococcus,Corallococcus coralloides,Corallococcus coralloides,1244,3,2,2,0,0,0,0,0
Bacteria,Proteobacteria,Deltaproteobacteria,Myxococcales,Myxococcaceae,Corallococcus,Corallococcus macrosporus,Corallococcus macrosporus,1245,1,2,0,0,3,2,1,4
Bacteria,Proteobacteria,Deltaproteobacteria,Myxococcales,Myxococcaceae,Myxococcus,Myxococcus hansupus,Myxococcus hansupus,3346,1,1,2,0,2,6,2,1
Bacteria,Proteobacteria,Deltaproteobacteria,Myxococcales,Myxococcaceae,Myxococcus,Myxococcus stipitatus,Myxococcus stipitatus,3347,1,2,0,0,0,0,0,2
Bacteria,Proteobacteria,Deltaproteobacteria,Myxococcales,Myxococcaceae,Myxococcus,Myxococcus xanthus,Myxococcus xanthus,3348,2,5,2,1,1,3,1,4
Bacteria,Proteobacteria,Deltaproteobacteria,Myxococcales,Polyangiaceae,Chondromyces,Chondromyces crocatus,Chondromyces crocatus,1083,0,0,0,1,0,0,0,0
Bacteria,Proteobacteria,Deltaproteobacteria,Myxococcales,Polyangiaceae,Pajaroellobacter,Pajaroellobacter abortibovis,Pajaroellobacter abortibovis,3696,0,1,0,1,0,0,0,0
Bacteria,Proteobacteria,Deltaproteobacteria,Myxococcales,Polyangiaceae,Sorangium,Sorangium cellulosum,Sorangium cellulosum,4604,4,9,10,8,11,6,7,10
Bacteria,Proteobacteria,Deltaproteobacteria,Myxococcales,Sandaracinaceae,Sandaracinus,Sandaracinus amylolyticus,Sandaracinus amylolyticus,4489,1,1,2,2,5,3,1,2
Bacteria,Proteobacteria,Deltaproteobacteria,Myxococcales,Vulgatibacteraceae,Vulgatibacter,Vulgatibacter incomptus,Vulgatibacter incomptus,5316,2,1,0,0,0,0,0,0
Bacteria,Proteobacteria,Deltaproteobacteria,Syntrophobacterales,Syntrophaceae,Desulfobacca,Desulfobacca acetoxidans,Desulfobacca acetoxidans,1416,1,1,0,1,0,0,0,0
Bacteria,Proteobacteria,Deltaproteobacteria,Syntrophobacterales,Syntrophaceae,Desulfomonile,Desulfomonile tiedjei,Desulfomonile tiedjei,1432,2,2,1,1,0,0,0,0
Bacteria,Proteobacteria,Deltaproteobacteria,Syntrophobacterales,Syntrophaceae,Syntrophus,Syntrophus aciditrophicus,Syntrophus aciditrophicus,5044,2,2,2,4,3,2,5,1
Bacteria,Proteobacteria,Deltaproteobacteria,Syntrophobacterales,Syntrophobacteraceae,Desulfoglaeba,Desulfoglaeba alkanexedens,Desulfoglaeba alkanexedens,1428,0,0,0,0,1,1,0,0
Bacteria,Proteobacteria,Deltaproteobacteria,Syntrophobacterales,Syntrophobacteraceae,Syntrophobacter,Syntrophobacter fumaroxidans,Syntrophobacter fumaroxidans,5040,5,2,2,2,0,0,1,0
Bacteria,Proteobacteria,Epsilonproteobacteria,Campylobacterales,Campylobacteraceae,Aliiarcobacter,Aliiarcobacter faecis,Aliiarcobacter faecis,221,2,3,0,1,0,0,0,0
Bacteria,Proteobacteria,Epsilonproteobacteria,Campylobacterales,Campylobacteraceae,Aliiarcobacter,Arcobacter porcinus,Arcobacter porcinus,371,2,0,0,1,0,0,0,0
Bacteria,Proteobacteria,Epsilonproteobacteria,Campylobacterales,Campylobacteraceae,Arcobacter,Arcobacter anaerophilus,Arcobacter anaerophilus,354,1,3,0,3,2,1,1,3
Bacteria,Proteobacteria,Epsilonproteobacteria,Campylobacterales,Campylobacteraceae,Arcobacter,Arcobacter aquimarinus,Arcobacter aquimarinus,355,3,0,0,2,0,0,0,0
Bacteria,Proteobacteria,Epsilonproteobacteria,Campylobacterales,Campylobacteraceae,Arcobacter,Arcobacter butzleri,Arcobacter butzleri,356,1,1,0,1,0,0,0,0
Bacteria,Proteobacteria,Epsilonproteobacteria,Campylobacterales,Campylobacteraceae,Arcobacter,Arcobacter canalis,Arcobacter canalis,357,0,0,0,1,0,0,0,0
Bacteria,Proteobacteria,Epsilonproteobacteria,Campylobacterales,Campylobacteraceae,Arcobacter,Arcobacter cibarius,Arcobacter cibarius,358,5,1,1,0,0,0,0,0
Bacteria,Proteobacteria,Epsilonproteobacteria,Campylobacterales,Campylobacteraceae,Arcobacter,Arcobacter cloacae,Arcobacter cloacae,359,1,2,0,3,0,0,0,0
Bacteria,Proteobacteria,Epsilonproteobacteria,Campylobacterales,Campylobacteraceae,Arcobacter,Arcobacter cryaerophilus,Arcobacter cryaerophilus,360,5,13,41,10,8,10,47,9
Bacteria,Proteobacteria,Epsilonproteobacteria,Campylobacterales,Campylobacteraceae,Arcobacter,Arcobacter ellisii,Arcobacter ellisii,361,3,0,0,1,0,0,0,0
Bacteria,Proteobacteria,Epsilonproteobacteria,Campylobacterales,Campylobacteraceae,Arcobacter,Arcobacter halophilus,Arcobacter halophilus,362,1,1,1,0,0,0,0,0
Bacteria,Proteobacteria,Epsilonproteobacteria,Campylobacterales,Campylobacteraceae,Arcobacter,Arcobacter lanthieri,Arcobacter lanthieri,363,6,3,0,1,0,0,0,0
Bacteria,Proteobacteria,Epsilonproteobacteria,Campylobacterales,Campylobacteraceae,Arcobacter,Arcobacter lekithochrous,Arcobacter lekithochrous,364,3,3,3,0,0,0,0,0
Bacteria,Proteobacteria,Epsilonproteobacteria,Campylobacterales,Campylobacteraceae,Arcobacter,Arcobacter marinus,Arcobacter marinus,365,2,2,2,0,1,1,2,1
Bacteria,Proteobacteria,Epsilonproteobacteria,Campylobacterales,Campylobacteraceae,Arcobacter,Arcobacter molluscorum,Arcobacter molluscorum,366,3,2,1,0,0,0,0,0
Bacteria,Proteobacteria,Epsilonproteobacteria,Campylobacterales,Campylobacteraceae,Arcobacter,Arcobacter mytili,Arcobacter mytili,367,3,0,0,0,0,0,0,0
Bacteria,Proteobacteria,Epsilonproteobacteria,Campylobacterales,Campylobacteraceae,Arcobacter,Arcobacter nitrofigilis,Arcobacter nitrofigilis,368,2,0,0,3,0,0,0,0
Bacteria,Proteobacteria,Epsilonproteobacteria,Campylobacterales,Campylobacteraceae,Arcobacter,Arcobacter pacificus,Arcobacter pacificus,369,1,3,0,1,0,0,0,0
Bacteria,Proteobacteria,Epsilonproteobacteria,Campylobacterales,Campylobacteraceae,Arcobacter,Arcobacter peruensis,Arcobacter peruensis,370,1,0,0,1,1,0,0,0
Bacteria,Proteobacteria,Epsilonproteobacteria,Campylobacterales,Campylobacteraceae,Arcobacter,Arcobacter skirrowii,Arcobacter skirrowii,372,1,1,0,1,0,0,0,0
Bacteria,Proteobacteria,Epsilonproteobacteria,Campylobacterales,Campylobacteraceae,Arcobacter,Arcobacter suis,Arcobacter suis,374,1,0,0,0,0,0,0,0
Bacteria,Proteobacteria,Epsilonproteobacteria,Campylobacterales,Campylobacteraceae,Arcobacter,Arcobacter thereius,Arcobacter thereius,375,3,0,3,3,7,3,2,1
Bacteria,Proteobacteria,Epsilonproteobacteria,Campylobacterales,Campylobacteraceae,Arcobacter,Arcobacter trophiarum,Arcobacter trophiarum,376,2,1,0,0,0,0,0,0
Bacteria,Proteobacteria,Epsilonproteobacteria,Campylobacterales,Campylobacteraceae,Arcobacter,Arcobacter venerupis,Arcobacter venerupis,377,2,6,3,1,3,1,3,2
Bacteria,Proteobacteria,Epsilonproteobacteria,Campylobacterales,Campylobacteraceae,Campylobacter,Campylobacter armoricus,Campylobacter armoricus,819,1,1,3,0,0,0,0,1
Bacteria,Proteobacteria,Epsilonproteobacteria,Campylobacterales,Campylobacteraceae,Campylobacter,Campylobacter avium,Campylobacter avium,820,4,0,0,0,0,0,0,0
Bacteria,Proteobacteria,Epsilonproteobacteria,Campylobacterales,Campylobacteraceae,Campylobacter,Campylobacter blaseri,Campylobacter blaseri,821,1,2,1,0,0,0,1,0
Bacteria,Proteobacteria,Epsilonproteobacteria,Campylobacterales,Campylobacteraceae,Campylobacter,Campylobacter canadensis,Campylobacter canadensis,822,0,1,0,1,0,0,0,0
Bacteria,Proteobacteria,Epsilonproteobacteria,Campylobacterales,Campylobacteraceae,Campylobacter,Campylobacter coli,Campylobacter coli,823,4,16,2,10,0,0,0,0
Bacteria,Proteobacteria,Epsilonproteobacteria,Campylobacterales,Campylobacteraceae,Campylobacter,Campylobacter concisus,Campylobacter concisus,824,0,2,2,1,0,1,0,0
Bacteria,Proteobacteria,Epsilonproteobacteria,Campylobacterales,Campylobacteraceae,Campylobacter,Campylobacter corcagiensis,Campylobacter corcagiensis,825,2,0,1,1,1,0,0,0
Bacteria,Proteobacteria,Epsilonproteobacteria,Campylobacterales,Campylobacteraceae,Campylobacter,Campylobacter cuniculorum,Campylobacter cuniculorum,826,2,1,1,1,0,0,0,0
Bacteria,Proteobacteria,Epsilonproteobacteria,Campylobacterales,Campylobacteraceae,Campylobacter,Campylobacter curvus,Campylobacter curvus,827,5,0,1,3,0,0,0,0
Bacteria,Proteobacteria,Epsilonproteobacteria,Campylobacterales,Campylobacteraceae,Campylobacter,Campylobacter fetus,Campylobacter fetus,828,4,8,1,2,5,2,3,1
Bacteria,Proteobacteria,Epsilonproteobacteria,Campylobacterales,Campylobacteraceae,Campylobacter,Campylobacter geochelonis,Campylobacter geochelonis,829,0,1,0,1,0,0,0,0
Bacteria,Proteobacteria,Epsilonproteobacteria,Campylobacterales,Campylobacteraceae,Campylobacter,Campylobacter helveticus,Campylobacter helveticus,830,0,0,0,3,0,0,0,0
Bacteria,Proteobacteria,Epsilonproteobacteria,Campylobacterales,Campylobacteraceae,Campylobacter,Campylobacter hepaticus,Campylobacter hepaticus,831,0,2,0,0,0,0,0,0
Bacteria,Proteobacteria,Epsilonproteobacteria,Campylobacterales,Campylobacteraceae,Campylobacter,Campylobacter hominis,Campylobacter hominis,832,1,0,0,1,0,0,0,0
Bacteria,Proteobacteria,Epsilonproteobacteria,Campylobacterales,Campylobacteraceae,Campylobacter,Campylobacter hyointestinalis,Campylobacter hyointestinalis,833,3,3,0,0,0,0,0,0
Bacteria,Proteobacteria,Epsilonproteobacteria,Campylobacterales,Campylobacteraceae,Campylobacter,Campylobacter iguaniorum,Campylobacter iguaniorum,834,2,0,0,0,0,0,0,0
Bacteria,Proteobacteria,Epsilonproteobacteria,Campylobacterales,Campylobacteraceae,Campylobacter,Campylobacter insulaenigrae,Campylobacter insulaenigrae,835,1,0,1,3,0,0,0,0
Bacteria,Proteobacteria,Epsilonproteobacteria,Campylobacterales,Campylobacteraceae,Campylobacter,Campylobacter jejuni,Campylobacter jejuni,836,12,6,0,5,0,0,0,0
Bacteria,Proteobacteria,Epsilonproteobacteria,Campylobacterales,Campylobacteraceae,Campylobacter,Campylobacter lari,Campylobacter lari,837,3,0,0,0,0,0,0,0
Bacteria,Proteobacteria,Epsilonproteobacteria,Campylobacterales,Campylobacteraceae,Campylobacter,Campylobacter mucosalis,Campylobacter mucosalis,838,0,1,0,1,0,0,0,0
Bacteria,Proteobacteria,Epsilonproteobacteria,Campylobacterales,Campylobacteraceae,Campylobacter,Campylobacter ornithocola,Campylobacter ornithocola,839,1,0,0,0,0,0,0,0
Bacteria,Proteobacteria,Epsilonproteobacteria,Campylobacterales,Campylobacteraceae,Campylobacter,Campylobacter peloridis,Campylobacter peloridis,840,4,0,0,0,0,0,0,0
Bacteria,Proteobacteria,Epsilonproteobacteria,Campylobacterales,Campylobacteraceae,Campylobacter,Campylobacter pinnipediorum,Campylobacter pinnipediorum,841,3,1,0,0,0,0,0,0
Bacteria,Proteobacteria,Epsilonproteobacteria,Campylobacterales,Campylobacteraceae,Campylobacter,Campylobacter rectus,Campylobacter rectus,842,0,1,0,0,1,0,0,0
Bacteria,Proteobacteria,Epsilonproteobacteria,Campylobacterales,Campylobacteraceae,Campylobacter,Campylobacter showae,Campylobacter showae,843,2,5,3,5,0,5,4,4
Bacteria,Proteobacteria,Epsilonproteobacteria,Campylobacterales,Campylobacteraceae,Campylobacter,Campylobacter sp. CCUG 57310,Campylobacter sp. CCUG 57310,844,0,2,0,1,1,0,0,0
Bacteria,Proteobacteria,Epsilonproteobacteria,Campylobacterales,Campylobacteraceae,Campylobacter,Campylobacter sp. CGEMS,Campylobacter sp. CGEMS,845,1,0,0,0,0,0,0,0
Bacteria,Proteobacteria,Epsilonproteobacteria,Campylobacterales,Campylobacteraceae,Campylobacter,Campylobacter sp. NCTC 13003,Campylobacter sp. NCTC 13003,846,0,1,1,1,1,3,0,0
Bacteria,Proteobacteria,Epsilonproteobacteria,Campylobacterales,Campylobacteraceae,Campylobacter,Campylobacter sp. RM12175,Campylobacter sp. RM12175,847,0,0,0,1,0,0,0,0
Bacteria,Proteobacteria,Epsilonproteobacteria,Campylobacterales,Campylobacteraceae,Campylobacter,Campylobacter sp. RM16192,Campylobacter sp. RM16192,848,2,6,2,4,10,6,1,1
Bacteria,Proteobacteria,Epsilonproteobacteria,Campylobacterales,Campylobacteraceae,Campylobacter,Campylobacter sp. RM16704,Campylobacter sp. RM16704,849,1,0,2,0,0,0,0,0
Bacteria,Proteobacteria,Epsilonproteobacteria,Campylobacterales,Campylobacteraceae,Campylobacter,Campylobacter sp. RM6914,Campylobacter sp. RM6914,850,1,3,0,4,4,1,1,6
Bacteria,Proteobacteria,Epsilonproteobacteria,Campylobacterales,Campylobacteraceae,Campylobacter,Campylobacter sp. RM8964,Campylobacter sp. RM8964,851,0,0,1,0,0,0,0,0
Bacteria,Proteobacteria,Epsilonproteobacteria,Campylobacterales,Campylobacteraceae,Campylobacter,Campylobacter sputorum,Campylobacter sputorum,852,3,1,0,3,0,0,0,0
Bacteria,Proteobacteria,Epsilonproteobacteria,Campylobacterales,Campylobacteraceae,Campylobacter,Campylobacter subantarcticus,Campylobacter subantarcticus,853,1,2,0,1,0,0,0,0
Bacteria,Proteobacteria,Epsilonproteobacteria,Campylobacterales,Campylobacteraceae,Campylobacter,Campylobacter upsaliensis,Campylobacter upsaliensis,854,1,2,1,1,0,0,0,0
Bacteria,Proteobacteria,Epsilonproteobacteria,Campylobacterales,Campylobacteraceae,Campylobacter,Campylobacter ureolyticus,Campylobacter ureolyticus,855,6,1,0,1,3,2,4,2
Bacteria,Proteobacteria,Epsilonproteobacteria,Campylobacterales,Campylobacteraceae,Campylobacter,Campylobacter volucris,Campylobacter volucris,856,0,1,0,0,0,0,0,0
Bacteria,Proteobacteria,Epsilonproteobacteria,Campylobacterales,Campylobacteraceae,Halarcobacter,Halarcobacter bivalviorum,Halarcobacter bivalviorum,2392,1,0,1,0,0,1,0,0
Bacteria,Proteobacteria,Epsilonproteobacteria,Campylobacterales,Campylobacteraceae,Halarcobacter,Halarcobacter ebronensis,Halarcobacter ebronensis,2393,4,0,1,1,0,0,0,0
Bacteria,Proteobacteria,Epsilonproteobacteria,Campylobacterales,Campylobacteraceae,Pseudoarcobacter,Pseudoarcobacter acticola,Pseudoarcobacter acticola,4067,1,4,1,4,0,0,0,0
Bacteria,Proteobacteria,Epsilonproteobacteria,Campylobacterales,Campylobacteraceae,Sulfurospirillum,Sulfurospirillum barnesii,Sulfurospirillum barnesii,5024,0,3,1,3,0,0,0,0
Bacteria,Proteobacteria,Epsilonproteobacteria,Campylobacterales,Campylobacteraceae,Sulfurospirillum,Sulfurospirillum cavolei,Sulfurospirillum cavolei,5025,4,1,2,0,0,0,0,0
Bacteria,Proteobacteria,Epsilonproteobacteria,Campylobacterales,Campylobacteraceae,Sulfurospirillum,Sulfurospirillum deleyianum,Sulfurospirillum deleyianum,5026,0,1,2,2,0,0,0,0
Bacteria,Proteobacteria,Epsilonproteobacteria,Campylobacterales,Campylobacteraceae,Sulfurospirillum,Sulfurospirillum halorespirans,Sulfurospirillum halorespirans,5027,1,5,0,3,0,0,3,2
Bacteria,Proteobacteria,Epsilonproteobacteria,Campylobacterales,Campylobacteraceae,Sulfurospirillum,Sulfurospirillum multivorans,Sulfurospirillum multivorans,5028,0,1,1,0,0,3,3,1
Bacteria,Proteobacteria,Epsilonproteobacteria,Campylobacterales,Campylobacteraceae,Sulfurospirillum,Sulfurospirillum sp. UCH001,Sulfurospirillum sp. UCH001,5029,2,0,0,4,0,0,0,0
Bacteria,Proteobacteria,Epsilonproteobacteria,Campylobacterales,Helicobacteraceae,Helicobacter,Helicobacter apodemus,Helicobacter apodemus,2465,0,0,0,0,0,0,1,0
Bacteria,Proteobacteria,Epsilonproteobacteria,Campylobacterales,Helicobacteraceae,Helicobacter,Helicobacter bilis,Helicobacter bilis,2466,3,4,0,1,0,0,0,0
Bacteria,Proteobacteria,Epsilonproteobacteria,Campylobacterales,Helicobacteraceae,Helicobacter,Helicobacter bizzozeronii,Helicobacter bizzozeronii,2467,1,0,0,0,0,0,0,0
Bacteria,Proteobacteria,Epsilonproteobacteria,Campylobacterales,Helicobacteraceae,Helicobacter,Helicobacter canadensis,Helicobacter canadensis,2468,0,4,0,0,0,0,0,0
Bacteria,Proteobacteria,Epsilonproteobacteria,Campylobacterales,Helicobacteraceae,Helicobacter,Helicobacter canis,Helicobacter canis,2469,2,3,0,0,0,0,0,0
Bacteria,Proteobacteria,Epsilonproteobacteria,Campylobacterales,Helicobacteraceae,Helicobacter,Helicobacter cetorum,Helicobacter cetorum,2470,1,0,0,0,0,0,0,0
Bacteria,Proteobacteria,Epsilonproteobacteria,Campylobacterales,Helicobacteraceae,Helicobacter,Helicobacter cholecystus,Helicobacter cholecystus,2471,3,3,0,0,0,0,0,0
Bacteria,Proteobacteria,Epsilonproteobacteria,Campylobacterales,Helicobacteraceae,Helicobacter,Helicobacter cinaedi,Helicobacter cinaedi,2472,1,2,1,1,0,0,0,0
Bacteria,Proteobacteria,Epsilonproteobacteria,Campylobacterales,Helicobacteraceae,Helicobacter,Helicobacter felis,Helicobacter felis,2473,0,1,0,1,0,0,0,0
Bacteria,Proteobacteria,Epsilonproteobacteria,Campylobacterales,Helicobacteraceae,Helicobacter,Helicobacter hepaticus,Helicobacter hepaticus,2474,3,0,0,0,0,0,0,0
Bacteria,Proteobacteria,Epsilonproteobacteria,Campylobacterales,Helicobacteraceae,Helicobacter,Helicobacter himalayensis,Helicobacter himalayensis,2475,0,3,1,4,2,1,1,2
Bacteria,Proteobacteria,Epsilonproteobacteria,Campylobacterales,Helicobacteraceae,Helicobacter,Helicobacter mustelae,Helicobacter mustelae,2476,4,0,1,0,0,0,0,0
Bacteria,Proteobacteria,Epsilonproteobacteria,Campylobacterales,Helicobacteraceae,Helicobacter,Helicobacter pullorum,Helicobacter pullorum,2477,2,3,0,0,0,0,0,0
Bacteria,Proteobacteria,Epsilonproteobacteria,Campylobacterales,Helicobacteraceae,Helicobacter,Helicobacter pylori,Helicobacter pylori,2478,5,7,6,3,3,10,3,4
Bacteria,Proteobacteria,Epsilonproteobacteria,Campylobacterales,Helicobacteraceae,Helicobacter,Helicobacter sp. MIT 01-6242,Helicobacter sp. MIT 01-6242,2479,1,0,0,0,0,0,0,0
Bacteria,Proteobacteria,Epsilonproteobacteria,Campylobacterales,Helicobacteraceae,Sulfuricurvum,Sulfuricurvum kujiense,Sulfuricurvum kujiense,5006,0,3,1,1,2,4,3,0
Bacteria,Proteobacteria,Epsilonproteobacteria,Campylobacterales,Helicobacteraceae,Sulfurimonas,Sulfurimonas autotrophica,Sulfurimonas autotrophica,5014,0,0,0,1,0,0,0,0
Bacteria,Proteobacteria,Epsilonproteobacteria,Campylobacterales,Helicobacteraceae,Sulfurimonas,Sulfurimonas denitrificans,Sulfurimonas denitrificans,5015,1,0,0,2,0,0,0,0
Bacteria,Proteobacteria,Epsilonproteobacteria,Campylobacterales,Helicobacteraceae,Sulfurimonas,Sulfurimonas gotlandica,Sulfurimonas gotlandica,5016,5,7,9,2,2,2,5,4
Bacteria,Proteobacteria,Epsilonproteobacteria,Campylobacterales,Helicobacteraceae,Sulfurimonas,Sulfurimonas sp. 1-1N,Sulfurimonas sp. 1-1N,5017,2,2,24,5,11,13,34,14
Bacteria,Proteobacteria,Epsilonproteobacteria,Campylobacterales,Helicobacteraceae,Sulfurimonas,Sulfurimonas sp. GYSZ_1,Sulfurimonas sp. GYSZ_1,5018,1,3,2,0,0,1,0,0
Bacteria,Proteobacteria,Epsilonproteobacteria,Campylobacterales,Helicobacteraceae,Sulfurimonas,Sulfurimonas sp. NW10,Sulfurimonas sp. NW10,5019,2,1,3,1,0,0,0,0
Bacteria,Proteobacteria,Epsilonproteobacteria,Campylobacterales,Helicobacteraceae,Wolinella,Wolinella succinogenes,Wolinella succinogenes,5346,3,0,0,0,1,0,0,0
Bacteria,Proteobacteria,Epsilonproteobacteria,Nautiliales,Nautiliaceae,Caminibacter,Caminibacter mediatlanticus,Caminibacter mediatlanticus,818,5,1,20,4,6,3,14,10
Bacteria,Proteobacteria,Epsilonproteobacteria,Nautiliales,Nautiliaceae,Cetia,Cetia pacifica,Cetia pacifica,1047,1,0,0,2,0,0,1,1
Bacteria,Proteobacteria,Epsilonproteobacteria,Nautiliales,Nautiliaceae,Nautilia,Nautilia profundicola,Nautilia profundicola,3362,0,3,0,2,1,0,0,0
Bacteria,Proteobacteria,Epsilonproteobacteria,Nautiliales,Nautiliaceae,Nautilia,Nautilia sp. PV-1,Nautilia sp. PV-1,3363,4,3,1,6,2,2,1,4
Bacteria,Proteobacteria,Gammaproteobacteria,Acidiferrobacterales,Acidiferrobacteraceae,Sulfuricaulis,Sulfuricaulis limicola,Sulfuricaulis limicola,5004,1,1,0,0,1,0,0,0
Bacteria,Proteobacteria,Gammaproteobacteria,Acidiferrobacterales,Acidiferrobacteraceae,Sulfurifustis,Sulfurifustis variabilis,Sulfurifustis variabilis,5011,2,0,0,0,3,3,0,0
Bacteria,Proteobacteria,Gammaproteobacteria,Aeromonadales,Aeromonadaceae,Aeromonas,Aeromonas caviae,Aeromonas caviae,165,2,3,0,1,5,1,1,1
Bacteria,Proteobacteria,Gammaproteobacteria,Aeromonadales,Aeromonadaceae,Aeromonas,Aeromonas dhakensis,Aeromonas dhakensis,166,1,2,0,2,0,0,0,0
Bacteria,Proteobacteria,Gammaproteobacteria,Aeromonadales,Aeromonadaceae,Aeromonas,Aeromonas encheleia,Aeromonas encheleia,167,2,0,0,0,0,0,0,0
Bacteria,Proteobacteria,Gammaproteobacteria,Aeromonadales,Aeromonadaceae,Aeromonas,Aeromonas hydrophila,Aeromonas hydrophila,168,3,5,0,3,0,0,0,0
Bacteria,Proteobacteria,Gammaproteobacteria,Aeromonadales,Aeromonadaceae,Aeromonas,Aeromonas media,Aeromonas media,169,4,2,7,7,4,0,0,4
Bacteria,Proteobacteria,Gammaproteobacteria,Aeromonadales,Aeromonadaceae,Aeromonas,Aeromonas salmonicida,Aeromonas salmonicida,171,1,1,3,3,5,5,5,3
Bacteria,Proteobacteria,Gammaproteobacteria,Aeromonadales,Aeromonadaceae,Aeromonas,Aeromonas schubertii,Aeromonas schubertii,172,6,4,0,2,0,0,0,0
Bacteria,Proteobacteria,Gammaproteobacteria,Aeromonadales,Aeromonadaceae,Aeromonas,Aeromonas sp. 1805,Aeromonas sp. 1805,173,1,0,0,0,0,0,0,0
Bacteria,Proteobacteria,Gammaproteobacteria,Aeromonadales,Aeromonadaceae,Aeromonas,Aeromonas sp. ASNIH2,Aeromonas sp. ASNIH2,174,0,1,0,0,0,0,0,0
Bacteria,Proteobacteria,Gammaproteobacteria,Aeromonadales,Aeromonadaceae,Aeromonas,Aeromonas sp. ASNIH4,Aeromonas sp. ASNIH4,175,1,0,0,0,0,0,0,0
Bacteria,Proteobacteria,Gammaproteobacteria,Aeromonadales,Aeromonadaceae,Aeromonas,Aeromonas sp. CA23,Aeromonas sp. CA23,176,2,0,0,0,1,0,0,0
Bacteria,Proteobacteria,Gammaproteobacteria,Aeromonadales,Aeromonadaceae,Aeromonas,Aeromonas sp. CU5,Aeromonas sp. CU5,177,2,0,0,0,0,0,0,0
Bacteria,Proteobacteria,Gammaproteobacteria,Aeromonadales,Aeromonadaceae,Aeromonas,Aeromonas veronii,Aeromonas veronii,178,9,11,6,11,18,15,5,5
Bacteria,Proteobacteria,Gammaproteobacteria,Aeromonadales,Aeromonadaceae,Oceanimonas,Oceanimonas sp. GK1,Oceanimonas sp. GK1,3562,3,0,11,1,0,7,13,0
Bacteria,Proteobacteria,Gammaproteobacteria,Aeromonadales,Aeromonadaceae,Oceanisphaera,Oceanisphaera avium,Oceanisphaera avium,3563,6,8,61,11,6,28,47,32
Bacteria,Proteobacteria,Gammaproteobacteria,Aeromonadales,Aeromonadaceae,Oceanisphaera,Oceanisphaera profunda,Oceanisphaera profunda,3564,0,0,2,0,1,0,3,0
Bacteria,Proteobacteria,Gammaproteobacteria,Aeromonadales,Aeromonadaceae,Tolumonas,Tolumonas auensis,Tolumonas auensis,5184,5,2,3,3,0,0,0,0
Bacteria,Proteobacteria,Gammaproteobacteria,Aeromonadales,Aeromonadaceae,Zobellella,Zobellella denitrificans,Zobellella denitrificans,5394,2,7,23,5,9,14,19,8
Bacteria,Proteobacteria,Gammaproteobacteria,Aeromonadales,Succinivibrionaceae,Succinivibrio,Succinivibrio dextrinosolvens,Succinivibrio dextrinosolvens,4989,6,15,36,19,13,13,43,23
Bacteria,Proteobacteria,Gammaproteobacteria,Alteromonadales,Alteromonadaceae,Agarivorans,Agarivorans gilvus,Agarivorans gilvus,183,0,1,1,1,0,0,0,0
Bacteria,Proteobacteria,Gammaproteobacteria,Alteromonadales,Alteromonadaceae,Alteromonas,Alteromonas australica,Alteromonas australica,262,2,4,0,5,0,0,0,0
Bacteria,Proteobacteria,Gammaproteobacteria,Alteromonadales,Alteromonadaceae,Alteromonas,Alteromonas macleodii,Alteromonas macleodii,263,4,1,1,8,0,0,0,0
Bacteria,Proteobacteria,Gammaproteobacteria,Alteromonadales,Alteromonadaceae,Alteromonas,Alteromonas mediterranea,Alteromonas mediterranea,264,2,0,1,0,4,4,1,6
Bacteria,Proteobacteria,Gammaproteobacteria,Alteromonadales,Alteromonadaceae,Alteromonas,Alteromonas naphthalenivorans,Alteromonas naphthalenivorans,265,0,5,22,4,4,12,17,9
Bacteria,Proteobacteria,Gammaproteobacteria,Alteromonadales,Alteromonadaceae,Alteromonas,Alteromonas pelagimontana,Alteromonas pelagimontana,266,1,2,1,0,0,0,0,0
Bacteria,Proteobacteria,Gammaproteobacteria,Alteromonadales,Alteromonadaceae,Alteromonas,Alteromonas sp. 76-1,Alteromonas sp. 76-1,267,0,0,0,0,0,1,1,3
Bacteria,Proteobacteria,Gammaproteobacteria,Alteromonadales,Alteromonadaceae,Alteromonas,Alteromonas sp. BL110,Alteromonas sp. BL110,268,0,0,0,0,0,0,0,1
Bacteria,Proteobacteria,Gammaproteobacteria,Alteromonadales,Alteromonadaceae,Alteromonas,Alteromonas sp. Mac1,Alteromonas sp. Mac1,269,1,1,0,0,0,0,0,0
Bacteria,Proteobacteria,Gammaproteobacteria,Alteromonadales,Alteromonadaceae,Alteromonas,Alteromonas sp. RKMC-009,Alteromonas sp. RKMC-009,270,3,1,9,0,2,6,10,3
Bacteria,Proteobacteria,Gammaproteobacteria,Alteromonadales,Alteromonadaceae,Alteromonas,Alteromonas sp. RW2A1,Alteromonas sp. RW2A1,271,1,0,0,0,0,0,0,0
Bacteria,Proteobacteria,Gammaproteobacteria,Alteromonadales,Alteromonadaceae,Catenovulum,Catenovulum sediminis,Catenovulum sediminis,1006,2,2,0,2,0,0,0,0
Bacteria,Proteobacteria,Gammaproteobacteria,Alteromonadales,Alteromonadaceae,Catenovulum,Catenovulum sp. CCB-QB4,Catenovulum sp. CCB-QB4,1007,2,1,0,1,0,0,0,0
Bacteria,Proteobacteria,Gammaproteobacteria,Alteromonadales,Alteromonadaceae,Glaciecola,Glaciecola nitratireducens,Glaciecola nitratireducens,2326,5,0,1,4,4,5,0,1
Bacteria,Proteobacteria,Gammaproteobacteria,Alteromonadales,Alteromonadaceae,Glaciecola,Glaciecola sp. THG-3.7,Glaciecola sp. THG-3.7,2327,18,19,104,20,26,67,101,50
Bacteria,Proteobacteria,Gammaproteobacteria,Alteromonadales,Alteromonadaceae,Hydrocarboniclastica,Hydrocarboniclastica marina,Hydrocarboniclastica marina,2505,0,0,0,1,0,0,0,0
Bacteria,Proteobacteria,Gammaproteobacteria,Alteromonadales,Alteromonadaceae,Lacimicrobium,Lacimicrobium alkaliphilum,Lacimicrobium alkaliphilum,2683,4,2,2,6,0,0,0,0
Bacteria,Proteobacteria,Gammaproteobacteria,Alteromonadales,Alteromonadaceae,Marinobacter,Marinobacter adhaerens,Marinobacter adhaerens,2951,0,0,1,0,0,0,0,0
Bacteria,Proteobacteria,Gammaproteobacteria,Alteromonadales,Alteromonadaceae,Marinobacter,Marinobacter fonticola,Marinobacter fonticola,2952,1,0,0,0,0,0,0,0
Bacteria,Proteobacteria,Gammaproteobacteria,Alteromonadales,Alteromonadaceae,Marinobacter,Marinobacter hydrocarbonoclasticus,Marinobacter hydrocarbonoclasticus,2953,1,1,3,2,0,5,3,4
Bacteria,Proteobacteria,Gammaproteobacteria,Alteromonadales,Alteromonadaceae,Marinobacter,Marinobacter psychrophilus,Marinobacter psychrophilus,2954,1,0,0,0,0,0,0,0
Bacteria,Proteobacteria,Gammaproteobacteria,Alteromonadales,Alteromonadaceae,Marinobacter,Marinobacter salarius,Marinobacter salarius,2955,8,3,1,2,0,1,2,0
Bacteria,Proteobacteria,Gammaproteobacteria,Alteromonadales,Alteromonadaceae,Marinobacter,Marinobacter salinus,Marinobacter salinus,2956,3,3,33,8,9,13,26,17
Bacteria,Proteobacteria,Gammaproteobacteria,Alteromonadales,Alteromonadaceae,Marinobacter,Marinobacter similis,Marinobacter similis,2957,1,0,1,0,7,2,4,0
Bacteria,Proteobacteria,Gammaproteobacteria,Alteromonadales,Alteromonadaceae,Marinobacter,Marinobacter sp. Arc7-DN-1,Marinobacter sp. Arc7-DN-1,2958,1,1,0,0,0,0,0,0
Bacteria,Proteobacteria,Gammaproteobacteria,Alteromonadales,Alteromonadaceae,Marinobacter,Marinobacter sp. BSs20148,Marinobacter sp. BSs20148,2959,0,1,0,0,0,0,0,0
Bacteria,Proteobacteria,Gammaproteobacteria,Alteromonadales,Alteromonadaceae,Marinobacter,Marinobacter sp. es.042,Marinobacter sp. es.042,2960,0,2,0,1,0,0,0,0
Bacteria,Proteobacteria,Gammaproteobacteria,Alteromonadales,Alteromonadaceae,Marinobacter,Marinobacter sp. JH2,Marinobacter sp. JH2,2961,2,2,1,1,0,0,0,0
Bacteria,Proteobacteria,Gammaproteobacteria,Alteromonadales,Alteromonadaceae,Marinobacter,Marinobacter sp. LQ44,Marinobacter sp. LQ44,2962,0,0,1,0,0,0,0,0
Bacteria,Proteobacteria,Gammaproteobacteria,Alteromonadales,Alteromonadaceae,Marinobacter,Marinobacter sp. LV10R510-11A,Marinobacter sp. LV10R510-11A,2963,3,0,0,3,0,0,0,0
Bacteria,Proteobacteria,Gammaproteobacteria,Alteromonadales,Alteromonadaceae,Marinobacter,Marinobacter sp. NP-4(2019),Marinobacter sp. NP-4(2019),2964,1,4,15,1,4,9,9,9
Bacteria,Proteobacteria,Gammaproteobacteria,Alteromonadales,Alteromonadaceae,Paraglaciecola,Paraglaciecola mesophila,Paraglaciecola mesophila,3775,1,3,5,6,4,3,14,5
Bacteria,Proteobacteria,Gammaproteobacteria,Alteromonadales,Alteromonadaceae,Paraglaciecola,Paraglaciecola psychrophila,Paraglaciecola psychrophila,3776,2,5,5,3,1,0,2,0
Bacteria,Proteobacteria,Gammaproteobacteria,Alteromonadales,Alteromonadaceae,Paraglaciecola,Paraglaciecola sp. L1A13,Paraglaciecola sp. L1A13,3777,0,0,2,0,0,1,0,0
Bacteria,Proteobacteria,Gammaproteobacteria,Alteromonadales,Alteromonadaceae,Paraglaciecola,Paraglaciecola sp. L3A3,Paraglaciecola sp. L3A3,3778,3,1,0,2,0,0,0,1
Bacteria,Proteobacteria,Gammaproteobacteria,Alteromonadales,Alteromonadaceae,Salinimonas,Salinimonas lutimaris,Salinimonas lutimaris,4472,3,1,1,0,0,0,1,0
Bacteria,Proteobacteria,Gammaproteobacteria,Alteromonadales,Alteromonadaceae,Salinimonas,Salinimonas sediminis,Salinimonas sediminis,4473,1,0,0,1,0,0,0,0
Bacteria,Proteobacteria,Gammaproteobacteria,Alteromonadales,Alteromonadaceae,Salinimonas,Salinimonas sp. KX18D6,Salinimonas sp. KX18D6,4474,2,0,1,0,0,0,0,0
Bacteria,Proteobacteria,Gammaproteobacteria,Alteromonadales,Alteromonadaceae,Saliniradius,Saliniradius amylolyticus,Saliniradius amylolyticus,4475,1,0,0,1,0,0,0,0
Bacteria,Proteobacteria,Gammaproteobacteria,Alteromonadales,Colwelliaceae,Colwellia,Colwellia beringensis,Colwellia beringensis,1221,3,1,4,0,0,2,5,0
Bacteria,Proteobacteria,Gammaproteobacteria,Alteromonadales,Colwelliaceae,Colwellia,Colwellia psychrerythraea,Colwellia psychrerythraea,1222,4,4,5,2,6,7,4,6
Bacteria,Proteobacteria,Gammaproteobacteria,Alteromonadales,Colwelliaceae,Colwellia,Colwellia sp. 20A7,Colwellia sp. 20A7,1223,1,0,0,3,0,0,1,1
Bacteria,Proteobacteria,Gammaproteobacteria,Alteromonadales,Colwelliaceae,Colwellia,Colwellia sp. Arc7-635,Colwellia sp. Arc7-635,1224,2,2,0,0,0,0,0,0
Bacteria,Proteobacteria,Gammaproteobacteria,Alteromonadales,Colwelliaceae,Colwellia,Colwellia sp. Arc7-D,Colwellia sp. Arc7-D,1225,0,2,1,1,0,0,0,0
Bacteria,Proteobacteria,Gammaproteobacteria,Alteromonadales,Colwelliaceae,Colwellia,Colwellia sp. MT41,Colwellia sp. MT41,1226,2,1,1,2,1,1,3,3
Bacteria,Proteobacteria,Gammaproteobacteria,Alteromonadales,Colwelliaceae,Colwellia,Colwellia sp. PAMC 20917,Colwellia sp. PAMC 20917,1227,2,0,1,2,0,0,0,0
Bacteria,Proteobacteria,Gammaproteobacteria,Alteromonadales,Colwelliaceae,Colwellia,Colwellia sp. PAMC 21821,Colwellia sp. PAMC 21821,1228,2,2,1,1,0,0,0,0
Bacteria,Proteobacteria,Gammaproteobacteria,Alteromonadales,Colwelliaceae,Litorilituus,Litorilituus sediminis,Litorilituus sediminis,2890,1,1,0,0,0,0,0,0
Bacteria,Proteobacteria,Gammaproteobacteria,Alteromonadales,Colwelliaceae,Thalassotalea,Thalassotalea crassostreae,Thalassotalea crassostreae,5089,2,5,3,2,0,2,0,4
Bacteria,Proteobacteria,Gammaproteobacteria,Alteromonadales,Colwelliaceae,Thalassotalea,Thalassotalea sp. HSM 43,Thalassotalea sp. HSM 43,5090,0,0,0,0,1,0,0,0
Bacteria,Proteobacteria,Gammaproteobacteria,Alteromonadales,Colwelliaceae,Thalassotalea,Thalassotalea sp. PS06,Thalassotalea sp. PS06,5091,2,0,0,0,0,0,0,0
Bacteria,Proteobacteria,Gammaproteobacteria,Alteromonadales,Ferrimonadaceae,Ferrimonas,Ferrimonas balearica,Ferrimonas balearica,1795,2,5,1,0,1,0,0,0
Bacteria,Proteobacteria,Gammaproteobacteria,Alteromonadales,Ferrimonadaceae,Ferrimonas,Ferrimonas sp. S7,Ferrimonas sp. S7,1796,4,4,5,7,0,0,0,0
Bacteria,Proteobacteria,Gammaproteobacteria,Alteromonadales,Idiomarinaceae,Idiomarina,Idiomarina andamanensis,Idiomarina andamanensis,2552,3,1,4,0,0,4,1,2
Bacteria,Proteobacteria,Gammaproteobacteria,Alteromonadales,Idiomarinaceae,Idiomarina,Idiomarina loihiensis,Idiomarina loihiensis,2553,1,0,0,0,0,0,0,0
Bacteria,Proteobacteria,Gammaproteobacteria,Alteromonadales,Idiomarinaceae,Idiomarina,Idiomarina piscisalsi,Idiomarina piscisalsi,2554,1,2,0,0,0,0,0,0
Bacteria,Proteobacteria,Gammaproteobacteria,Alteromonadales,Idiomarinaceae,Idiomarina,Idiomarina sp. OT37-5b,Idiomarina sp. OT37-5b,2555,3,1,0,4,0,0,0,0
Bacteria,Proteobacteria,Gammaproteobacteria,Alteromonadales,Idiomarinaceae,Idiomarina,Idiomarina sp. X4,Idiomarina sp. X4,2556,1,0,0,0,0,2,1,0
Bacteria,Proteobacteria,Gammaproteobacteria,Alteromonadales,Moritellaceae,Moritella,Moritella marina,Moritella marina,3243,1,1,0,2,0,0,0,0
Bacteria,Proteobacteria,Gammaproteobacteria,Alteromonadales,Moritellaceae,Moritella,Moritella viscosa,Moritella viscosa,3244,2,0,0,1,0,0,0,0
Bacteria,Proteobacteria,Gammaproteobacteria,Alteromonadales,Moritellaceae,Moritella,Moritella yayanosii,Moritella yayanosii,3245,1,2,2,0,0,1,0,2
Bacteria,Proteobacteria,Gammaproteobacteria,Alteromonadales,Pseudoalteromonadaceae,Pseudoalteromonas,Pseudoalteromonas agarivorans,Pseudoalteromonas agarivorans,4044,1,2,0,0,0,0,0,0
Bacteria,Proteobacteria,Gammaproteobacteria,Alteromonadales,Pseudoalteromonadaceae,Pseudoalteromonas,Pseudoalteromonas aliena,Pseudoalteromonas aliena,4045,3,1,1,2,1,1,0,0
Bacteria,Proteobacteria,Gammaproteobacteria,Alteromonadales,Pseudoalteromonadaceae,Pseudoalteromonas,Pseudoalteromonas arctica,Pseudoalteromonas arctica,4046,1,0,0,1,0,0,0,0
Bacteria,Proteobacteria,Gammaproteobacteria,Alteromonadales,Pseudoalteromonadaceae,Pseudoalteromonas,Pseudoalteromonas atlantica,Pseudoalteromonas atlantica,4047,3,5,6,3,0,0,0,0
Bacteria,Proteobacteria,Gammaproteobacteria,Alteromonadales,Pseudoalteromonadaceae,Pseudoalteromonas,Pseudoalteromonas carrageenovora,Pseudoalteromonas carrageenovora,4048,1,0,0,0,0,0,0,1
Bacteria,Proteobacteria,Gammaproteobacteria,Alteromonadales,Pseudoalteromonadaceae,Pseudoalteromonas,Pseudoalteromonas espejiana,Pseudoalteromonas espejiana,4049,5,1,0,0,0,0,0,0
Bacteria,Proteobacteria,Gammaproteobacteria,Alteromonadales,Pseudoalteromonadaceae,Pseudoalteromonas,Pseudoalteromonas luteoviolacea,Pseudoalteromonas luteoviolacea,4050,2,9,2,5,0,1,5,0
Bacteria,Proteobacteria,Gammaproteobacteria,Alteromonadales,Pseudoalteromonadaceae,Pseudoalteromonas,Pseudoalteromonas marina,Pseudoalteromonas marina,4051,0,0,6,2,2,1,13,6
Bacteria,Proteobacteria,Gammaproteobacteria,Alteromonadales,Pseudoalteromonadaceae,Pseudoalteromonas,Pseudoalteromonas phenolica,Pseudoalteromonas phenolica,4052,1,4,1,0,0,0,0,0
Bacteria,Proteobacteria,Gammaproteobacteria,Alteromonadales,Pseudoalteromonadaceae,Pseudoalteromonas,Pseudoalteromonas piratica,Pseudoalteromonas piratica,4053,1,8,0,4,0,0,0,0
Bacteria,Proteobacteria,Gammaproteobacteria,Alteromonadales,Pseudoalteromonadaceae,Pseudoalteromonas,Pseudoalteromonas piscicida,Pseudoalteromonas piscicida,4054,1,1,0,0,0,0,0,0
Bacteria,Proteobacteria,Gammaproteobacteria,Alteromonadales,Pseudoalteromonadaceae,Pseudoalteromonas,Pseudoalteromonas rubra,Pseudoalteromonas rubra,4055,2,1,1,3,0,0,0,0
Bacteria,Proteobacteria,Gammaproteobacteria,Alteromonadales,Pseudoalteromonadaceae,Pseudoalteromonas,Pseudoalteromonas ruthenica,Pseudoalteromonas ruthenica,4056,0,0,2,0,0,0,1,0
Bacteria,Proteobacteria,Gammaproteobacteria,Alteromonadales,Pseudoalteromonadaceae,Pseudoalteromonas,Pseudoalteromonas shioyasakiensis,Pseudoalteromonas shioyasakiensis,4057,3,0,0,0,0,0,0,0
Bacteria,Proteobacteria,Gammaproteobacteria,Alteromonadales,Pseudoalteromonadaceae,Pseudoalteromonas,Pseudoalteromonas sp. 1_2015MBL_MicDiv,Pseudoalteromonas sp. 1_2015MBL_MicDiv,4058,3,0,0,0,0,0,0,0
Bacteria,Proteobacteria,Gammaproteobacteria,Alteromonadales,Pseudoalteromonadaceae,Pseudoalteromonas,Pseudoalteromonas sp. A25,Pseudoalteromonas sp. A25,4059,0,2,0,0,0,0,0,0
Bacteria,Proteobacteria,Gammaproteobacteria,Alteromonadales,Pseudoalteromonadaceae,Pseudoalteromonas,Pseudoalteromonas sp. DL-6,Pseudoalteromonas sp. DL-6,4060,0,0,0,2,0,0,0,0
Bacteria,Proteobacteria,Gammaproteobacteria,Alteromonadales,Pseudoalteromonadaceae,Pseudoalteromonas,Pseudoalteromonas sp. JSTW,Pseudoalteromonas sp. JSTW,4061,0,0,0,1,0,0,0,0
Bacteria,Proteobacteria,Gammaproteobacteria,Alteromonadales,Pseudoalteromonadaceae,Pseudoalteromonas,Pseudoalteromonas sp. NC201,Pseudoalteromonas sp. NC201,4062,1,0,0,0,0,0,0,0
Bacteria,Proteobacteria,Gammaproteobacteria,Alteromonadales,Pseudoalteromonadaceae,Pseudoalteromonas,Pseudoalteromonas sp. R3,Pseudoalteromonas sp. R3,4063,3,5,3,2,0,0,0,0
Bacteria,Proteobacteria,Gammaproteobacteria,Alteromonadales,Pseudoalteromonadaceae,Pseudoalteromonas,Pseudoalteromonas spongiae,Pseudoalteromonas spongiae,4064,2,2,1,2,0,0,0,0
Bacteria,Proteobacteria,Gammaproteobacteria,Alteromonadales,Pseudoalteromonadaceae,Pseudoalteromonas,Pseudoalteromonas translucida,Pseudoalteromonas translucida,4065,0,3,0,2,0,0,0,0
Bacteria,Proteobacteria,Gammaproteobacteria,Alteromonadales,Pseudoalteromonadaceae,Pseudoalteromonas,Pseudoalteromonas tunicata,Pseudoalteromonas tunicata,4066,2,0,0,1,0,0,0,0
Bacteria,Proteobacteria,Gammaproteobacteria,Alteromonadales,Psychromonadaceae,Psychromonas,Psychromonas ingrahamii,Psychromonas ingrahamii,4254,3,5,3,4,1,0,0,0
Bacteria,Proteobacteria,Gammaproteobacteria,Alteromonadales,Psychromonadaceae,Psychromonas,Psychromonas sp. CNPT3,Psychromonas sp. CNPT3,4255,2,0,2,1,1,1,1,3
Bacteria,Proteobacteria,Gammaproteobacteria,Alteromonadales,Shewanellaceae,Parashewanella,Parashewanella spongiae,Parashewanella spongiae,3788,3,0,1,1,0,0,0,0
Bacteria,Proteobacteria,Gammaproteobacteria,Alteromonadales,Shewanellaceae,Parashewanella,Parashewanella tropica,Parashewanella tropica,3789,2,0,0,1,1,1,0,0
Bacteria,Proteobacteria,Gammaproteobacteria,Alteromonadales,Shewanellaceae,Shewanella,Shewanella aestuarii,Shewanella aestuarii,4534,4,5,3,0,0,0,0,0
Bacteria,Proteobacteria,Gammaproteobacteria,Alteromonadales,Shewanellaceae,Shewanella,Shewanella algae,Shewanella algae,4535,4,0,1,0,0,0,0,0
Bacteria,Proteobacteria,Gammaproteobacteria,Alteromonadales,Shewanellaceae,Shewanella,Shewanella amazonensis,Shewanella amazonensis,4536,3,2,1,1,0,1,0,0
Bacteria,Proteobacteria,Gammaproteobacteria,Alteromonadales,Shewanellaceae,Shewanella,Shewanella baltica,Shewanella baltica,4537,5,3,25,7,3,15,30,13
Bacteria,Proteobacteria,Gammaproteobacteria,Alteromonadales,Shewanellaceae,Shewanella,Shewanella benthica,Shewanella benthica,4538,1,0,0,1,0,0,0,0
Bacteria,Proteobacteria,Gammaproteobacteria,Alteromonadales,Shewanellaceae,Shewanella,Shewanella bicestrii,Shewanella bicestrii,4539,0,1,0,0,0,0,0,1
Bacteria,Proteobacteria,Gammaproteobacteria,Alteromonadales,Shewanellaceae,Shewanella,Shewanella chilikensis,Shewanella chilikensis,4540,1,1,0,0,0,0,0,0
Bacteria,Proteobacteria,Gammaproteobacteria,Alteromonadales,Shewanellaceae,Shewanella,Shewanella decolorationis,Shewanella decolorationis,4541,1,0,0,0,0,0,0,0
Bacteria,Proteobacteria,Gammaproteobacteria,Alteromonadales,Shewanellaceae,Shewanella,Shewanella denitrificans,Shewanella denitrificans,4542,3,6,20,7,7,10,26,19
Bacteria,Proteobacteria,Gammaproteobacteria,Alteromonadales,Shewanellaceae,Shewanella,Shewanella donghaensis,Shewanella donghaensis,4543,0,1,1,1,1,0,0,0
Bacteria,Proteobacteria,Gammaproteobacteria,Alteromonadales,Shewanellaceae,Shewanella,Shewanella frigidimarina,Shewanella frigidimarina,4544,4,5,1,1,0,0,0,0
Bacteria,Proteobacteria,Gammaproteobacteria,Alteromonadales,Shewanellaceae,Shewanella,Shewanella halifaxensis,Shewanella halifaxensis,4545,0,1,14,3,2,12,17,11
Bacteria,Proteobacteria,Gammaproteobacteria,Alteromonadales,Shewanellaceae,Shewanella,Shewanella japonica,Shewanella japonica,4546,0,2,1,0,0,0,0,0
Bacteria,Proteobacteria,Gammaproteobacteria,Alteromonadales,Shewanellaceae,Shewanella,Shewanella khirikhana,Shewanella khirikhana,4547,3,2,0,0,0,0,0,0
Bacteria,Proteobacteria,Gammaproteobacteria,Alteromonadales,Shewanellaceae,Shewanella,Shewanella livingstonensis,Shewanella livingstonensis,4548,0,2,1,4,3,1,1,2
Bacteria,Proteobacteria,Gammaproteobacteria,Alteromonadales,Shewanellaceae,Shewanella,Shewanella loihica,Shewanella loihica,4549,2,0,0,1,0,0,0,0
Bacteria,Proteobacteria,Gammaproteobacteria,Alteromonadales,Shewanellaceae,Shewanella,Shewanella marisflavi,Shewanella marisflavi,4550,0,1,7,3,3,5,8,5
Bacteria,Proteobacteria,Gammaproteobacteria,Alteromonadales,Shewanellaceae,Shewanella,Shewanella maritima,Shewanella maritima,4551,1,4,0,0,1,0,0,0
Bacteria,Proteobacteria,Gammaproteobacteria,Alteromonadales,Shewanellaceae,Shewanella,Shewanella oneidensis,Shewanella oneidensis,4552,1,2,7,4,2,0,7,5
Bacteria,Proteobacteria,Gammaproteobacteria,Alteromonadales,Shewanellaceae,Shewanella,Shewanella pealeana,Shewanella pealeana,4553,0,1,1,2,0,0,0,0
Bacteria,Proteobacteria,Gammaproteobacteria,Alteromonadales,Shewanellaceae,Shewanella,Shewanella piezotolerans,Shewanella piezotolerans,4554,3,6,2,2,2,0,1,1
Bacteria,Proteobacteria,Gammaproteobacteria,Alteromonadales,Shewanellaceae,Shewanella,Shewanella polaris,Shewanella polaris,4555,3,0,0,1,5,1,1,0
Bacteria,Proteobacteria,Gammaproteobacteria,Alteromonadales,Shewanellaceae,Shewanella,Shewanella psychrophila,Shewanella psychrophila,4556,3,0,0,1,0,0,0,0
Bacteria,Proteobacteria,Gammaproteobacteria,Alteromonadales,Shewanellaceae,Shewanella,Shewanella putrefaciens,Shewanella putrefaciens,4557,1,1,0,0,0,0,0,0
Bacteria,Proteobacteria,Gammaproteobacteria,Alteromonadales,Shewanellaceae,Shewanella,Shewanella sediminis,Shewanella sediminis,4558,1,0,0,0,0,0,0,0
Bacteria,Proteobacteria,Gammaproteobacteria,Alteromonadales,Shewanellaceae,Shewanella,Shewanella sp. Arc9-LZ,Shewanella sp. Arc9-LZ,4559,0,0,0,2,0,0,0,0
Bacteria,Proteobacteria,Gammaproteobacteria,Alteromonadales,Shewanellaceae,Shewanella,Shewanella sp. FDAARGOS_354,Shewanella sp. FDAARGOS_354,4560,2,0,2,1,0,0,0,0
Bacteria,Proteobacteria,Gammaproteobacteria,Alteromonadales,Shewanellaceae,Shewanella,Shewanella sp. MEBiC00475,Shewanella sp. MEBiC00475,4561,0,2,0,0,0,0,0,0
Bacteria,Proteobacteria,Gammaproteobacteria,Alteromonadales,Shewanellaceae,Shewanella,Shewanella sp. Pdp11,Shewanella sp. Pdp11,4562,5,1,1,1,0,0,0,0
Bacteria,Proteobacteria,Gammaproteobacteria,Alteromonadales,Shewanellaceae,Shewanella,Shewanella sp. Scap07,Shewanella sp. Scap07,4563,2,1,1,2,0,0,0,0
Bacteria,Proteobacteria,Gammaproteobacteria,Alteromonadales,Shewanellaceae,Shewanella,Shewanella sp. SNU WT4,Shewanella sp. SNU WT4,4564,1,3,4,0,1,0,0,1
Bacteria,Proteobacteria,Gammaproteobacteria,Alteromonadales,Shewanellaceae,Shewanella,Shewanella sp. WE21,Shewanella sp. WE21,4565,1,5,1,0,0,0,0,0
Bacteria,Proteobacteria,Gammaproteobacteria,Alteromonadales,Shewanellaceae,Shewanella,Shewanella sp. YLB-06,Shewanella sp. YLB-06,4566,1,1,0,0,0,0,0,0
Bacteria,Proteobacteria,Gammaproteobacteria,Alteromonadales,Shewanellaceae,Shewanella,Shewanella violacea,Shewanella violacea,4567,3,0,3,4,5,0,0,3
Bacteria,Proteobacteria,Gammaproteobacteria,Alteromonadales,Shewanellaceae,Shewanella,Shewanella woodyi,Shewanella woodyi,4568,0,1,2,0,0,0,0,0
Bacteria,Proteobacteria,Gammaproteobacteria,Cardiobacteriales,Cardiobacteriaceae,Cardiobacterium,Cardiobacterium hominis,Cardiobacterium hominis,998,2,1,0,2,0,0,0,0
Bacteria,Proteobacteria,Gammaproteobacteria,Cardiobacteriales,Cardiobacteriaceae,Dichelobacter,Dichelobacter nodosus,Dichelobacter nodosus,1484,2,1,1,4,3,1,2,1
Bacteria,Proteobacteria,Gammaproteobacteria,Cellvibrionales,Cellvibrionaceae,Agarilytica,Agarilytica rhodophyticola,Agarilytica rhodophyticola,182,8,1,5,2,3,1,1,3
Bacteria,Proteobacteria,Gammaproteobacteria,Cellvibrionales,Cellvibrionaceae,Cellvibrio,Cellvibrio japonicus,Cellvibrio japonicus,1041,2,1,1,0,0,0,0,0
Bacteria,Proteobacteria,Gammaproteobacteria,Cellvibrionales,Cellvibrionaceae,Cellvibrio,Cellvibrio sp. KY-GH-1,Cellvibrio sp. KY-GH-1,1042,4,3,2,1,1,1,1,0
Bacteria,Proteobacteria,Gammaproteobacteria,Cellvibrionales,Cellvibrionaceae,Cellvibrio,Cellvibrio sp. KY-YJ-3,Cellvibrio sp. KY-YJ-3,1043,0,0,0,1,0,0,0,0
Bacteria,Proteobacteria,Gammaproteobacteria,Cellvibrionales,Cellvibrionaceae,Cellvibrio,Cellvibrio sp. PSBB006,Cellvibrio sp. PSBB006,1044,0,0,0,1,0,0,0,0
Bacteria,Proteobacteria,Gammaproteobacteria,Cellvibrionales,Cellvibrionaceae,Cellvibrio,Cellvibrio sp. PSBB023,Cellvibrio sp. PSBB023,1045,1,2,0,0,1,0,1,0
Bacteria,Proteobacteria,Gammaproteobacteria,Cellvibrionales,Cellvibrionaceae,Saccharophagus,Saccharophagus degradans,Saccharophagus degradans,4452,3,2,0,1,0,0,0,0
Bacteria,Proteobacteria,Gammaproteobacteria,Cellvibrionales,Cellvibrionaceae,Simiduia,Simiduia agarivorans,Simiduia agarivorans,4581,1,1,0,1,0,1,0,0
Bacteria,Proteobacteria,Gammaproteobacteria,Cellvibrionales,Cellvibrionaceae,Teredinibacter,Teredinibacter turnerae,Teredinibacter turnerae,5069,3,0,0,0,0,1,0,0
Bacteria,Proteobacteria,Gammaproteobacteria,Cellvibrionales,Halieaceae,Congregibacter,Congregibacter litoralis,Congregibacter litoralis,1242,0,0,0,1,0,0,0,0
Bacteria,Proteobacteria,Gammaproteobacteria,Cellvibrionales,Halieaceae,Halioglobus,Halioglobus japonicus,Halioglobus japonicus,2396,1,3,0,1,1,2,0,1
Bacteria,Proteobacteria,Gammaproteobacteria,Cellvibrionales,Halieaceae,Halioglobus,Halioglobus maricola,Halioglobus maricola,2397,4,2,1,0,0,0,0,0
Bacteria,Proteobacteria,Gammaproteobacteria,Cellvibrionales,Halieaceae,Halioglobus,Halioglobus pacificus,Halioglobus pacificus,2398,0,1,1,2,2,0,0,0
Bacteria,Proteobacteria,Gammaproteobacteria,Cellvibrionales,Halieaceae,Kineobactrum,Kineobactrum sp. M2,Kineobactrum sp. M2,2602,0,0,2,1,1,1,0,1
Bacteria,Proteobacteria,Gammaproteobacteria,Cellvibrionales,Microbulbiferaceae,Microbulbifer,Microbulbifer agarilyticus,Microbulbifer agarilyticus,3180,0,4,4,8,1,0,2,1
Bacteria,Proteobacteria,Gammaproteobacteria,Cellvibrionales,Microbulbiferaceae,Microbulbifer,Microbulbifer aggregans,Microbulbifer aggregans,3181,0,2,0,2,0,0,0,0
Bacteria,Proteobacteria,Gammaproteobacteria,Cellvibrionales,Microbulbiferaceae,Microbulbifer,Microbulbifer hydrolyticus,Microbulbifer hydrolyticus,3182,3,0,0,2,4,2,4,6
Bacteria,Proteobacteria,Gammaproteobacteria,Cellvibrionales,Microbulbiferaceae,Microbulbifer,Microbulbifer sp. A4B17,Microbulbifer sp. A4B17,3183,1,2,0,1,0,0,0,0
Bacteria,Proteobacteria,Gammaproteobacteria,Cellvibrionales,Microbulbiferaceae,Microbulbifer,Microbulbifer sp. ALW1,Microbulbifer sp. ALW1,3184,4,1,3,3,0,0,0,0
Bacteria,Proteobacteria,Gammaproteobacteria,Cellvibrionales,Microbulbiferaceae,Microbulbifer,Microbulbifer sp. GL-2,Microbulbifer sp. GL-2,3185,1,1,2,3,3,7,3,4
Bacteria,Proteobacteria,Gammaproteobacteria,Cellvibrionales,Microbulbiferaceae,Microbulbifer,Microbulbifer sp. SH-1,Microbulbifer sp. SH-1,3186,5,3,3,0,1,0,3,2
Bacteria,Proteobacteria,Gammaproteobacteria,Cellvibrionales,Microbulbiferaceae,Microbulbifer,Microbulbifer sp. THAF38,Microbulbifer sp. THAF38,3187,1,4,2,2,2,1,1,1
Bacteria,Proteobacteria,Gammaproteobacteria,Cellvibrionales,Microbulbiferaceae,Microbulbifer,Microbulbifer sp. YPW1,Microbulbifer sp. YPW1,3188,1,1,2,0,1,0,1,0
Bacteria,Proteobacteria,Gammaproteobacteria,Cellvibrionales,Microbulbiferaceae,Microbulbifer,Microbulbifer thermotolerans,Microbulbifer thermotolerans,3189,2,2,3,2,1,1,0,0
Bacteria,Proteobacteria,Gammaproteobacteria,Cellvibrionales,Spongiibacteraceae,Oceanicoccus,Oceanicoccus sagamiensis,Oceanicoccus sagamiensis,3560,1,1,0,1,0,0,0,0
Bacteria,Proteobacteria,Gammaproteobacteria,Cellvibrionales,Spongiibacteraceae,Spongiibacter,Spongiibacter sp. IMCC21906,Spongiibacter sp. IMCC21906,4707,0,1,0,0,0,0,0,0
Bacteria,Proteobacteria,Gammaproteobacteria,Cellvibrionales,Spongiibacteraceae,Zhongshania,Zhongshania aliphaticivorans,Zhongshania aliphaticivorans,5393,1,4,12,3,9,8,11,10
Bacteria,Proteobacteria,Gammaproteobacteria,Chromatiales,Chromatiaceae,Allochromatium,Allochromatium vinosum,Allochromatium vinosum,243,2,4,4,2,10,1,2,7
Bacteria,Proteobacteria,Gammaproteobacteria,Chromatiales,Chromatiaceae,Candidatus Nitrosoglobus,Candidatus Nitrosoglobus terrae,Candidatus Nitrosoglobus terrae,920,2,0,0,1,0,0,0,0
Bacteria,Proteobacteria,Gammaproteobacteria,Chromatiales,Chromatiaceae,Nitrosococcus,Nitrosococcus halophilus,Nitrosococcus halophilus,3419,4,3,9,2,0,4,15,3
Bacteria,Proteobacteria,Gammaproteobacteria,Chromatiales,Chromatiaceae,Nitrosococcus,Nitrosococcus oceani,Nitrosococcus oceani,3420,3,0,1,0,0,0,0,0
Bacteria,Proteobacteria,Gammaproteobacteria,Chromatiales,Chromatiaceae,Nitrosococcus,Nitrosococcus wardiae,Nitrosococcus wardiae,3421,0,3,29,6,1,15,33,15
Bacteria,Proteobacteria,Gammaproteobacteria,Chromatiales,Chromatiaceae,Nitrosococcus,Nitrosococcus watsonii,Nitrosococcus watsonii,3422,3,1,0,0,0,0,0,0
Bacteria,Proteobacteria,Gammaproteobacteria,Chromatiales,Chromatiaceae,Rheinheimera,Rheinheimera sp. D18,Rheinheimera sp. D18,4290,0,1,1,3,0,0,0,0
Bacteria,Proteobacteria,Gammaproteobacteria,Chromatiales,Chromatiaceae,Rheinheimera,Rheinheimera sp. LHK132,Rheinheimera sp. LHK132,4291,1,4,1,4,0,0,0,0
Bacteria,Proteobacteria,Gammaproteobacteria,Chromatiales,Chromatiaceae,Thermochromatium,Thermochromatium tepidum,Thermochromatium tepidum,5118,1,1,0,0,0,0,0,0
Bacteria,Proteobacteria,Gammaproteobacteria,Chromatiales,Chromatiaceae,Thiocystis,Thiocystis violascens,Thiocystis violascens,5166,4,0,0,0,0,0,0,0
Bacteria,Proteobacteria,Gammaproteobacteria,Chromatiales,Chromatiaceae,Thiodictyon,Candidatus Thiodictyon syntrophicum,Candidatus Thiodictyon syntrophicum,971,0,1,0,0,0,0,0,0
Bacteria,Proteobacteria,Gammaproteobacteria,Chromatiales,Chromatiaceae,Thioflavicoccus,Thioflavicoccus mobilis,Thioflavicoccus mobilis,5167,5,1,3,2,1,1,0,0
Bacteria,Proteobacteria,Gammaproteobacteria,Chromatiales,Ectothiorhodospiraceae,Acidihalobacter,Acidihalobacter ferrooxidans,Acidihalobacter ferrooxidans,33,0,0,1,2,0,0,0,0
Bacteria,Proteobacteria,Gammaproteobacteria,Chromatiales,Ectothiorhodospiraceae,Acidihalobacter,Acidihalobacter prosperus,Acidihalobacter prosperus,34,2,4,30,21,9,17,38,19
Bacteria,Proteobacteria,Gammaproteobacteria,Chromatiales,Ectothiorhodospiraceae,Alkalilimnicola,Alkalilimnicola ehrlichii,Alkalilimnicola ehrlichii,238,6,1,4,2,1,0,3,1
Bacteria,Proteobacteria,Gammaproteobacteria,Chromatiales,Ectothiorhodospiraceae,Ectothiorhodospira,Ectothiorhodospira haloalkaliphila,Ectothiorhodospira haloalkaliphila,1523,1,0,2,1,1,3,2,1
Bacteria,Proteobacteria,Gammaproteobacteria,Chromatiales,Ectothiorhodospiraceae,Ectothiorhodospira,Ectothiorhodospira sp. BSL-9,Ectothiorhodospira sp. BSL-9,1524,0,0,0,1,0,0,0,0
Bacteria,Proteobacteria,Gammaproteobacteria,Chromatiales,Ectothiorhodospiraceae,Halorhodospira,Halorhodospira halochloris,Halorhodospira halochloris,2451,0,3,0,0,0,0,0,0
Bacteria,Proteobacteria,Gammaproteobacteria,Chromatiales,Ectothiorhodospiraceae,Spiribacter,Spiribacter curvatus,Spiribacter curvatus,4687,0,0,0,1,0,0,0,0
Bacteria,Proteobacteria,Gammaproteobacteria,Chromatiales,Ectothiorhodospiraceae,Spiribacter,Spiribacter roseus,Spiribacter roseus,4688,3,2,0,0,0,0,0,0
Bacteria,Proteobacteria,Gammaproteobacteria,Chromatiales,Ectothiorhodospiraceae,Spiribacter,Spiribacter salinus,Spiribacter salinus,4689,0,1,2,0,0,0,0,0
Bacteria,Proteobacteria,Gammaproteobacteria,Chromatiales,Ectothiorhodospiraceae,Spiribacter,Spiribacter sp. 2438,Spiribacter sp. 2438,4690,0,0,1,4,0,0,0,0
Bacteria,Proteobacteria,Gammaproteobacteria,Chromatiales,Ectothiorhodospiraceae,Thioalkalivibrio,Thioalkalivibrio nitratireducens,Thioalkalivibrio nitratireducens,5162,2,0,17,0,11,12,25,9
Bacteria,Proteobacteria,Gammaproteobacteria,Chromatiales,Ectothiorhodospiraceae,Thioalkalivibrio,Thioalkalivibrio sulfidiphilus,Thioalkalivibrio sulfidiphilus,5163,1,0,0,0,0,0,0,0
Bacteria,Proteobacteria,Gammaproteobacteria,Chromatiales,Granulosicoccaceae,Granulosicoccus,Granulosicoccus antarcticus,Granulosicoccus antarcticus,2366,7,5,1,2,0,0,0,0
Bacteria,Proteobacteria,Gammaproteobacteria,Chromatiales,Granulosicoccaceae,Sulfuriflexus,Sulfuriflexus mobilis,Sulfuriflexus mobilis,5010,1,3,0,1,0,0,0,0
Bacteria,Proteobacteria,Gammaproteobacteria,Chromatiales,Halothiobacillaceae,Halothiobacillus,Halothiobacillus neapolitanus,Halothiobacillus neapolitanus,2460,2,0,1,0,0,0,0,0
Bacteria,Proteobacteria,Gammaproteobacteria,Chromatiales,Halothiobacillaceae,Halothiobacillus,Halothiobacillus sp. LS2,Halothiobacillus sp. LS2,2461,3,2,0,4,3,2,4,1
Bacteria,Proteobacteria,Gammaproteobacteria,Chromatiales,Thioalkalibacteraceae,Guyparkeria,Guyparkeria halophila,Guyparkeria halophila,2370,2,1,0,1,3,1,0,0
Bacteria,Proteobacteria,Gammaproteobacteria,Chromatiales,Thioalkalispiraceae,Sulfurivermis,Sulfurivermis fontis,Sulfurivermis fontis,5023,1,1,1,2,1,0,0,0
Bacteria,Proteobacteria,Gammaproteobacteria,Chromatiales,Wenzhouxiangellaceae,Wenzhouxiangella,Wenzhouxiangella marina,Wenzhouxiangella marina,5331,0,1,0,1,0,0,1,0
Bacteria,Proteobacteria,Gammaproteobacteria,Chromatiales,Woeseiaceae,Woeseia,Woeseia oceani,Woeseia oceani,5340,1,1,0,0,0,1,0,0
Bacteria,Proteobacteria,Gammaproteobacteria,Enterobacterales,Budviciaceae,Leminorella,Leminorella richardii,Leminorella richardii,2831,2,0,0,2,0,0,0,0
Bacteria,Proteobacteria,Gammaproteobacteria,Enterobacterales,Budviciaceae,Pragia,Pragia fontium,Pragia fontium,3998,2,1,0,0,0,0,0,0
Bacteria,Proteobacteria,Gammaproteobacteria,Enterobacterales,Budviciaceae,Pragia,Pragia sp. CF-458,Pragia sp. CF-458,3999,2,0,1,2,0,0,0,0
Bacteria,Proteobacteria,Gammaproteobacteria,Enterobacterales,Enterobacteriaceae,Atlantibacter,Atlantibacter hermannii,Atlantibacter hermannii,410,3,3,5,1,0,0,1,0
Bacteria,Proteobacteria,Gammaproteobacteria,Enterobacterales,Enterobacteriaceae,Buttiauxella,Buttiauxella agrestis,Buttiauxella agrestis,763,3,5,1,4,0,0,0,0
Bacteria,Proteobacteria,Gammaproteobacteria,Enterobacterales,Enterobacteriaceae,Buttiauxella,Buttiauxella sp. 3AFRM03,Buttiauxella sp. 3AFRM03,764,6,1,1,7,0,1,4,1
Bacteria,Proteobacteria,Gammaproteobacteria,Enterobacterales,Enterobacteriaceae,Candidatus Blochmannia,Blochmannia endosymbiont of Camponotus (Colobopsis) obliquus,Blochmannia endosymbiont of Camponotus (Colobopsis) obliquus,621,0,1,0,0,0,0,0,0
Bacteria,Proteobacteria,Gammaproteobacteria,Enterobacterales,Enterobacteriaceae,Candidatus Blochmannia,Candidatus Blochmannia floridanus,Candidatus Blochmannia floridanus,868,1,0,0,0,0,0,0,0
Bacteria,Proteobacteria,Gammaproteobacteria,Enterobacterales,Enterobacteriaceae,Candidatus Blochmannia,Candidatus Blochmannia pennsylvanicus,Candidatus Blochmannia pennsylvanicus,869,0,0,1,0,0,0,0,0
Bacteria,Proteobacteria,Gammaproteobacteria,Enterobacterales,Enterobacteriaceae,Candidatus Blochmannia,Candidatus Blochmannia vafer,Candidatus Blochmannia vafer,870,0,0,1,0,1,1,1,1
Bacteria,Proteobacteria,Gammaproteobacteria,Enterobacterales,Enterobacteriaceae,Candidatus Doolittlea,Candidatus Doolittlea endobia,Candidatus Doolittlea endobia,881,0,2,0,0,0,0,0,0
Bacteria,Proteobacteria,Gammaproteobacteria,Enterobacterales,Enterobacteriaceae,Candidatus Gullanella,Candidatus Gullanella endobia,Candidatus Gullanella endobia,892,1,0,0,1,0,1,0,1
Bacteria,Proteobacteria,Gammaproteobacteria,Enterobacterales,Enterobacteriaceae,Candidatus Hamiltonella,Candidatus Hamiltonella defensa,Candidatus Hamiltonella defensa,893,4,1,6,4,7,10,7,5
Bacteria,Proteobacteria,Gammaproteobacteria,Enterobacterales,Enterobacteriaceae,Candidatus Hoaglandella,Candidatus Hoaglandella endobia,Candidatus Hoaglandella endobia,894,0,0,1,0,0,0,0,0
Bacteria,Proteobacteria,Gammaproteobacteria,Enterobacterales,Enterobacteriaceae,Candidatus Mikella,Candidatus Mikella endobia,Candidatus Mikella endobia,913,0,0,0,1,0,0,0,0
Bacteria,Proteobacteria,Gammaproteobacteria,Enterobacterales,Enterobacteriaceae,Candidatus Moranella,Candidatus Moranella endobia,Candidatus Moranella endobia,914,0,1,0,0,1,0,0,0
Bacteria,Proteobacteria,Gammaproteobacteria,Enterobacterales,Enterobacteriaceae,Candidatus Purcelliella,Candidatus Purcelliella pentastirinorum,Candidatus Purcelliella pentastirinorum,955,0,0,2,0,0,0,0,0
Bacteria,Proteobacteria,Gammaproteobacteria,Enterobacterales,Enterobacteriaceae,Candidatus Riesia,Candidatus Riesia pediculicola,Candidatus Riesia pediculicola,958,0,1,1,0,0,0,0,0
Bacteria,Proteobacteria,Gammaproteobacteria,Enterobacterales,Enterobacteriaceae,Candidatus Riesia,Candidatus Riesia pediculischaeffi,Candidatus Riesia pediculischaeffi,959,0,1,0,0,0,0,0,0
Bacteria,Proteobacteria,Gammaproteobacteria,Enterobacterales,Enterobacteriaceae,Cedecea,Cedecea lapagei,Cedecea lapagei,1017,1,0,3,3,0,0,0,0
Bacteria,Proteobacteria,Gammaproteobacteria,Enterobacterales,Enterobacteriaceae,Cedecea,Cedecea neteri,Cedecea neteri,1018,1,4,9,5,0,2,5,3
Bacteria,Proteobacteria,Gammaproteobacteria,Enterobacterales,Enterobacteriaceae,Cedecea,Cedecea sp. FDAARGOS_727,Cedecea sp. FDAARGOS_727,1019,2,7,0,2,1,3,2,0
Bacteria,Proteobacteria,Gammaproteobacteria,Enterobacterales,Enterobacteriaceae,Citrobacter,Citrobacter amalonaticus,Citrobacter amalonaticus,1138,0,5,2,1,0,0,0,0
Bacteria,Proteobacteria,Gammaproteobacteria,Enterobacterales,Enterobacteriaceae,Citrobacter,Citrobacter farmeri,Citrobacter farmeri,1139,3,2,1,0,0,0,0,0
Bacteria,Proteobacteria,Gammaproteobacteria,Enterobacterales,Enterobacteriaceae,Citrobacter,Citrobacter freundii,Citrobacter freundii,1140,8,16,6,9,1,0,0,0
Bacteria,Proteobacteria,Gammaproteobacteria,Enterobacterales,Enterobacteriaceae,Citrobacter,Citrobacter freundii complex sp. CFNIH2,Citrobacter freundii complex sp. CFNIH2,1141,0,0,1,1,0,0,0,0
Bacteria,Proteobacteria,Gammaproteobacteria,Enterobacterales,Enterobacteriaceae,Citrobacter,Citrobacter koseri,Citrobacter koseri,1142,1,3,0,1,0,0,0,0
Bacteria,Proteobacteria,Gammaproteobacteria,Enterobacterales,Enterobacteriaceae,Citrobacter,Citrobacter portucalensis,Citrobacter portucalensis,1143,2,7,3,9,0,0,0,0
Bacteria,Proteobacteria,Gammaproteobacteria,Enterobacterales,Enterobacteriaceae,Citrobacter,Citrobacter rodentium,Citrobacter rodentium,1144,5,4,1,5,0,0,0,0
Bacteria,Proteobacteria,Gammaproteobacteria,Enterobacterales,Enterobacteriaceae,Citrobacter,Citrobacter sp. CFNIH10,Citrobacter sp. CFNIH10,1145,0,0,0,0,0,0,0,1
Bacteria,Proteobacteria,Gammaproteobacteria,Enterobacterales,Enterobacteriaceae,Citrobacter,Citrobacter sp. CRE-46,Citrobacter sp. CRE-46,1146,0,1,0,0,0,0,0,0
Bacteria,Proteobacteria,Gammaproteobacteria,Enterobacterales,Enterobacteriaceae,Citrobacter,Citrobacter sp. FDAARGOS_156,Citrobacter sp. FDAARGOS_156,1147,1,0,0,0,0,0,0,0
Bacteria,Proteobacteria,Gammaproteobacteria,Enterobacterales,Enterobacteriaceae,Citrobacter,Citrobacter sp. LY-1,Citrobacter sp. LY-1,1148,1,1,0,2,0,0,0,0
Bacteria,Proteobacteria,Gammaproteobacteria,Enterobacterales,Enterobacteriaceae,Citrobacter,Citrobacter sp. NMI7904_11,Citrobacter sp. NMI7904_11,1149,0,6,2,1,0,2,1,1
Bacteria,Proteobacteria,Gammaproteobacteria,Enterobacterales,Enterobacteriaceae,Citrobacter,Citrobacter sp. RHB25-C09,Citrobacter sp. RHB25-C09,1150,4,4,1,4,0,1,0,1
Bacteria,Proteobacteria,Gammaproteobacteria,Enterobacterales,Enterobacteriaceae,Citrobacter,Citrobacter sp. RHB36-C18,Citrobacter sp. RHB36-C18,1151,0,1,0,0,0,0,0,0
Bacteria,Proteobacteria,Gammaproteobacteria,Enterobacterales,Enterobacteriaceae,Citrobacter,Citrobacter sp. RHBSTW-00107,Citrobacter sp. RHBSTW-00107,1152,0,2,0,0,0,0,0,0
Bacteria,Proteobacteria,Gammaproteobacteria,Enterobacterales,Enterobacteriaceae,Citrobacter,Citrobacter sp. RHBSTW-00570,Citrobacter sp. RHBSTW-00570,1153,0,1,0,0,0,0,0,0
Bacteria,Proteobacteria,Gammaproteobacteria,Enterobacterales,Enterobacteriaceae,Citrobacter,Citrobacter sp. RHBSTW-01013,Citrobacter sp. RHBSTW-01013,1154,0,1,0,1,0,0,0,0
Bacteria,Proteobacteria,Gammaproteobacteria,Enterobacterales,Enterobacteriaceae,Citrobacter,Citrobacter sp. SNU WT2,Citrobacter sp. SNU WT2,1155,3,4,0,1,0,0,0,0
Bacteria,Proteobacteria,Gammaproteobacteria,Enterobacterales,Enterobacteriaceae,Citrobacter,Citrobacter werkmanii,Citrobacter werkmanii,1156,2,3,1,0,0,0,0,0
Bacteria,Proteobacteria,Gammaproteobacteria,Enterobacterales,Enterobacteriaceae,Cronobacter,Cronobacter condimenti,Cronobacter condimenti,1325,7,4,1,4,0,0,0,0
Bacteria,Proteobacteria,Gammaproteobacteria,Enterobacterales,Enterobacteriaceae,Cronobacter,Cronobacter dublinensis,Cronobacter dublinensis,1326,0,0,1,2,0,0,0,0
Bacteria,Proteobacteria,Gammaproteobacteria,Enterobacterales,Enterobacteriaceae,Cronobacter,Cronobacter malonaticus,Cronobacter malonaticus,1327,4,2,0,1,0,0,0,0
Bacteria,Proteobacteria,Gammaproteobacteria,Enterobacterales,Enterobacteriaceae,Cronobacter,Cronobacter muytjensii,Cronobacter muytjensii,1328,0,0,0,3,0,0,0,0
Bacteria,Proteobacteria,Gammaproteobacteria,Enterobacterales,Enterobacteriaceae,Cronobacter,Cronobacter sakazakii,Cronobacter sakazakii,1329,4,2,1,1,0,1,0,2
Bacteria,Proteobacteria,Gammaproteobacteria,Enterobacterales,Enterobacteriaceae,Cronobacter,Cronobacter turicensis,Cronobacter turicensis,1330,2,2,0,1,0,0,0,0
Bacteria,Proteobacteria,Gammaproteobacteria,Enterobacterales,Enterobacteriaceae,Cronobacter,Cronobacter universalis,Cronobacter universalis,1331,2,0,2,1,0,0,0,0
Bacteria,Proteobacteria,Gammaproteobacteria,Enterobacterales,Enterobacteriaceae,Enterobacter,Enterobacter asburiae,Enterobacter asburiae,1565,3,9,4,5,2,4,2,0
Bacteria,Proteobacteria,Gammaproteobacteria,Enterobacterales,Enterobacteriaceae,Enterobacter,Enterobacter bugandensis,Enterobacter bugandensis,1566,2,2,1,0,4,1,2,1
Bacteria,Proteobacteria,Gammaproteobacteria,Enterobacterales,Enterobacteriaceae,Enterobacter,Enterobacter cancerogenus,Enterobacter cancerogenus,1567,1,7,1,4,1,1,1,0
Bacteria,Proteobacteria,Gammaproteobacteria,Enterobacterales,Enterobacteriaceae,Enterobacter,Enterobacter chengduensis,Enterobacter chengduensis,1568,0,3,0,0,0,0,0,0
Bacteria,Proteobacteria,Gammaproteobacteria,Enterobacterales,Enterobacteriaceae,Enterobacter,Enterobacter cloacae,Enterobacter cloacae,1569,14,22,9,15,6,5,0,3
Bacteria,Proteobacteria,Gammaproteobacteria,Enterobacterales,Enterobacteriaceae,Enterobacter,Enterobacter cloacae complex sp.,Enterobacter cloacae complex sp.,1570,2,0,5,1,1,1,3,1
Bacteria,Proteobacteria,Gammaproteobacteria,Enterobacterales,Enterobacteriaceae,Enterobacter,Enterobacter hormaechei,Enterobacter hormaechei,1571,5,2,4,5,0,1,0,0
Bacteria,Proteobacteria,Gammaproteobacteria,Enterobacterales,Enterobacteriaceae,Enterobacter,Enterobacter kobei,Enterobacter kobei,1572,1,2,0,0,0,0,0,0
Bacteria,Proteobacteria,Gammaproteobacteria,Enterobacterales,Enterobacteriaceae,Enterobacter,Enterobacter ludwigii,Enterobacter ludwigii,1574,1,4,0,0,0,0,0,0
Bacteria,Proteobacteria,Gammaproteobacteria,Enterobacterales,Enterobacteriaceae,Enterobacter,Enterobacter oligotrophica,Enterobacter oligotrophica,1575,2,3,1,0,0,0,0,0
Bacteria,Proteobacteria,Gammaproteobacteria,Enterobacterales,Enterobacteriaceae,Enterobacter,Enterobacter roggenkampii,Enterobacter roggenkampii,1576,2,3,2,2,0,0,0,0
Bacteria,Proteobacteria,Gammaproteobacteria,Enterobacterales,Enterobacteriaceae,Enterobacter,Enterobacter sichuanensis,Enterobacter sichuanensis,1577,0,0,0,1,0,0,0,0
Bacteria,Proteobacteria,Gammaproteobacteria,Enterobacterales,Enterobacteriaceae,Enterobacter,Enterobacter soli,Enterobacter soli,1578,1,1,0,0,0,0,0,0
Bacteria,Proteobacteria,Gammaproteobacteria,Enterobacterales,Enterobacteriaceae,Enterobacter,Enterobacter sp. 638,Enterobacter sp. 638,1579,2,6,2,3,0,0,0,0
Bacteria,Proteobacteria,Gammaproteobacteria,Enterobacterales,Enterobacteriaceae,Enterobacter,Enterobacter sp. E76,Enterobacter sp. E76,1580,9,7,0,4,11,3,8,8
Bacteria,Proteobacteria,Gammaproteobacteria,Enterobacterales,Enterobacteriaceae,Enterobacter,Enterobacter sp. R4-368,Enterobacter sp. R4-368,1581,0,1,0,0,0,0,0,0
Bacteria,Proteobacteria,Gammaproteobacteria,Enterobacterales,Enterobacteriaceae,Enterobacter,Enterobacter sp. RHB15-C17,Enterobacter sp. RHB15-C17,1582,1,4,1,2,3,2,1,0
Bacteria,Proteobacteria,Gammaproteobacteria,Enterobacterales,Enterobacteriaceae,Enterobacter,Enterobacter sp. RHBSTW-00175,Enterobacter sp. RHBSTW-00175,1583,1,5,1,2,0,0,0,0
Bacteria,Proteobacteria,Gammaproteobacteria,Enterobacterales,Enterobacteriaceae,Enterobacter,Enterobacter sp. RHBSTW-00975,Enterobacter sp. RHBSTW-00975,1584,0,1,0,1,0,0,0,0
Bacteria,Proteobacteria,Gammaproteobacteria,Enterobacterales,Enterobacteriaceae,Enterobacter,Enterobacter sp. RHBSTW-00994,Enterobacter sp. RHBSTW-00994,1585,3,5,0,6,0,0,0,0
Bacteria,Proteobacteria,Gammaproteobacteria,Enterobacterales,Enterobacteriaceae,Enterobacter,Enterobacter sp. SA187,Enterobacter sp. SA187,1586,3,9,2,0,0,0,0,0
Bacteria,Proteobacteria,Gammaproteobacteria,Enterobacterales,Enterobacteriaceae,Escherichia,Escherichia albertii,Escherichia albertii,1649,28,45,34,30,2,3,6,3
Bacteria,Proteobacteria,Gammaproteobacteria,Enterobacterales,Enterobacteriaceae,Escherichia,Escherichia coli,Escherichia coli,1650,10272,23912,9214,14673,2,2,3,4
Bacteria,Proteobacteria,Gammaproteobacteria,Enterobacterales,Enterobacteriaceae,Escherichia,Escherichia fergusonii,Escherichia fergusonii,1651,27,58,22,32,0,0,0,0
Bacteria,Proteobacteria,Gammaproteobacteria,Enterobacterales,Enterobacteriaceae,Escherichia,Escherichia marmotae,Escherichia marmotae,1652,21,42,11,28,0,0,0,0
Bacteria,Proteobacteria,Gammaproteobacteria,Enterobacterales,Enterobacteriaceae,Escherichia,Escherichia sp. E4742,Escherichia sp. E4742,1653,12,33,14,22,1,1,4,0
Bacteria,Proteobacteria,Gammaproteobacteria,Enterobacterales,Enterobacteriaceae,Escherichia,Escherichia sp. SCLE84,Escherichia sp. SCLE84,1654,2,0,0,0,0,0,0,0
Bacteria,Proteobacteria,Gammaproteobacteria,Enterobacterales,Enterobacteriaceae,Gibbsiella,Gibbsiella quercinecans,Gibbsiella quercinecans,2320,1,2,1,1,1,0,0,0
Bacteria,Proteobacteria,Gammaproteobacteria,Enterobacterales,Enterobacteriaceae,Izhakiella,Izhakiella sp. KSNA2,Izhakiella sp. KSNA2,2569,6,3,4,10,1,1,0,1
Bacteria,Proteobacteria,Gammaproteobacteria,Enterobacterales,Enterobacteriaceae,Klebsiella,Klebsiella aerogenes,Klebsiella aerogenes,2612,61,18,6,19,0,1,0,0
Bacteria,Proteobacteria,Gammaproteobacteria,Enterobacterales,Enterobacteriaceae,Klebsiella,Klebsiella grimontii,Klebsiella grimontii,2613,4,0,0,1,0,0,0,0
Bacteria,Proteobacteria,Gammaproteobacteria,Enterobacterales,Enterobacteriaceae,Klebsiella,Klebsiella huaxiensis,Klebsiella huaxiensis,2614,10,8,0,5,0,0,0,0
Bacteria,Proteobacteria,Gammaproteobacteria,Enterobacterales,Enterobacteriaceae,Klebsiella,Klebsiella michiganensis,Klebsiella michiganensis,2615,14,6,2,11,1,0,0,1
Bacteria,Proteobacteria,Gammaproteobacteria,Enterobacterales,Enterobacteriaceae,Klebsiella,Klebsiella oxytoca,Klebsiella oxytoca,2616,35,14,6,12,8,11,4,4
Bacteria,Proteobacteria,Gammaproteobacteria,Enterobacterales,Enterobacteriaceae,Klebsiella,Klebsiella pneumoniae,Klebsiella pneumoniae,2617,10067,3922,1487,5804,0,0,0,0
Bacteria,Proteobacteria,Gammaproteobacteria,Enterobacterales,Enterobacteriaceae,Klebsiella,Klebsiella quasipneumoniae,Klebsiella quasipneumoniae,2618,73,31,34,34,9,17,27,18
Bacteria,Proteobacteria,Gammaproteobacteria,Enterobacterales,Enterobacteriaceae,Klebsiella,Klebsiella quasivariicola,Klebsiella quasivariicola,2619,7,0,0,4,0,0,0,0
Bacteria,Proteobacteria,Gammaproteobacteria,Enterobacterales,Enterobacteriaceae,Klebsiella,Klebsiella sp. FDAARGOS_511,Klebsiella sp. FDAARGOS_511,2620,5,1,0,0,0,0,0,0
Bacteria,Proteobacteria,Gammaproteobacteria,Enterobacterales,Enterobacteriaceae,Klebsiella,Klebsiella sp. LY,Klebsiella sp. LY,2621,1,1,0,0,0,0,0,0
Bacteria,Proteobacteria,Gammaproteobacteria,Enterobacterales,Enterobacteriaceae,Klebsiella,Klebsiella sp. M5al,Klebsiella sp. M5al,2622,1,0,1,0,0,0,0,0
Bacteria,Proteobacteria,Gammaproteobacteria,Enterobacterales,Enterobacteriaceae,Klebsiella,Klebsiella sp. P1CD1,Klebsiella sp. P1CD1,2623,3,0,0,2,0,0,0,0
Bacteria,Proteobacteria,Gammaproteobacteria,Enterobacterales,Enterobacteriaceae,Klebsiella,Klebsiella sp. PO552,Klebsiella sp. PO552,2624,8,1,1,3,0,0,0,0
Bacteria,Proteobacteria,Gammaproteobacteria,Enterobacterales,Enterobacteriaceae,Klebsiella,Klebsiella variicola,Klebsiella variicola,2625,6156,874,326,1203,0,5,2,1
Bacteria,Proteobacteria,Gammaproteobacteria,Enterobacterales,Enterobacteriaceae,Kluyvera,Kluyvera intermedia,Kluyvera intermedia,2627,6,13,24,5,7,7,27,12
Bacteria,Proteobacteria,Gammaproteobacteria,Enterobacterales,Enterobacteriaceae,Kluyvera,Kluyvera sp. PO2S7,Kluyvera sp. PO2S7,2628,1,2,2,1,0,0,0,0
Bacteria,Proteobacteria,Gammaproteobacteria,Enterobacterales,Enterobacteriaceae,Kosakonia,Kosakonia arachidis,Kosakonia arachidis,2644,4,0,0,0,0,0,0,0
Bacteria,Proteobacteria,Gammaproteobacteria,Enterobacterales,Enterobacteriaceae,Kosakonia,Kosakonia cowanii,Kosakonia cowanii,2645,2,2,3,0,7,3,3,3
Bacteria,Proteobacteria,Gammaproteobacteria,Enterobacterales,Enterobacteriaceae,Kosakonia,Kosakonia oryzae,Kosakonia oryzae,2646,0,0,0,2,0,0,0,0
Bacteria,Proteobacteria,Gammaproteobacteria,Enterobacterales,Enterobacteriaceae,Kosakonia,Kosakonia radicincitans,Kosakonia radicincitans,2647,0,1,1,1,0,1,0,0
Bacteria,Proteobacteria,Gammaproteobacteria,Enterobacterales,Enterobacteriaceae,Kosakonia,Kosakonia sacchari,Kosakonia sacchari,2648,3,2,3,3,0,0,0,0
Bacteria,Proteobacteria,Gammaproteobacteria,Enterobacterales,Enterobacteriaceae,Kosakonia,Kosakonia sp. CCTCC M2018092,Kosakonia sp. CCTCC M2018092,2649,0,4,0,2,0,0,0,0
Bacteria,Proteobacteria,Gammaproteobacteria,Enterobacterales,Enterobacteriaceae,Leclercia,Leclercia adecarboxylata,Leclercia adecarboxylata,2799,2,2,2,2,1,1,0,0
Bacteria,Proteobacteria,Gammaproteobacteria,Enterobacterales,Enterobacteriaceae,Leclercia,Leclercia sp. 29361,Leclercia sp. 29361,2800,6,3,0,1,1,0,0,1
Bacteria,Proteobacteria,Gammaproteobacteria,Enterobacterales,Enterobacteriaceae,Leclercia,Leclercia sp. W17,Leclercia sp. W17,2801,4,2,1,1,0,0,2,2
Bacteria,Proteobacteria,Gammaproteobacteria,Enterobacterales,Enterobacteriaceae,Leclercia,Leclercia sp. W6,Leclercia sp. W6,2802,0,0,0,1,0,0,0,0
Bacteria,Proteobacteria,Gammaproteobacteria,Enterobacterales,Enterobacteriaceae,Lelliottia,Lelliottia amnigena,Lelliottia amnigena,2828,2,4,1,2,1,0,0,0
Bacteria,Proteobacteria,Gammaproteobacteria,Enterobacterales,Enterobacteriaceae,Lelliottia,Lelliottia jeotgali,Lelliottia jeotgali,2829,3,3,1,0,3,1,1,4
Bacteria,Proteobacteria,Gammaproteobacteria,Enterobacterales,Enterobacteriaceae,Lelliottia,Lelliottia sp. WB101,Lelliottia sp. WB101,2830,1,0,1,1,0,0,0,0
Bacteria,Proteobacteria,Gammaproteobacteria,Enterobacterales,Enterobacteriaceae,Limnobaculum,Limnobaculum parvum,Limnobaculum parvum,2875,0,2,3,1,3,0,1,0
Bacteria,Proteobacteria,Gammaproteobacteria,Enterobacterales,Enterobacteriaceae,Pluralibacter,Enterobacter lignolyticus,Enterobacter lignolyticus,1573,3,6,1,2,2,4,0,2
Bacteria,Proteobacteria,Gammaproteobacteria,Enterobacterales,Enterobacteriaceae,Pluralibacter,Pluralibacter gergoviae,Pluralibacter gergoviae,3955,1,2,16,7,4,5,8,1
Bacteria,Proteobacteria,Gammaproteobacteria,Enterobacterales,Enterobacteriaceae,Pseudescherichia,Pseudescherichia vulneris,Pseudescherichia vulneris,4043,6,0,0,1,0,0,0,0
Bacteria,Proteobacteria,Gammaproteobacteria,Enterobacterales,Enterobacteriaceae,Raoultella,Raoultella electrica,Raoultella electrica,4276,4,1,0,1,0,0,0,0
Bacteria,Proteobacteria,Gammaproteobacteria,Enterobacterales,Enterobacteriaceae,Raoultella,Raoultella ornithinolytica,Raoultella ornithinolytica,4277,4,2,0,2,0,0,0,0
Bacteria,Proteobacteria,Gammaproteobacteria,Enterobacterales,Enterobacteriaceae,Raoultella,Raoultella planticola,Raoultella planticola,4278,7,4,0,8,0,0,0,0
Bacteria,Proteobacteria,Gammaproteobacteria,Enterobacterales,Enterobacteriaceae,Raoultella,Raoultella terrigena,Raoultella terrigena,4279,1,5,1,0,0,0,0,0
Bacteria,Proteobacteria,Gammaproteobacteria,Enterobacterales,Enterobacteriaceae,Salmonella,Salmonella bongori,Salmonella bongori,4483,3,7,1,3,0,0,0,0
Bacteria,Proteobacteria,Gammaproteobacteria,Enterobacterales,Enterobacteriaceae,Salmonella,Salmonella enterica,Salmonella enterica,4484,34,44,17,28,14,4,4,7
Bacteria,Proteobacteria,Gammaproteobacteria,Enterobacterales,Enterobacteriaceae,Scandinavium,Scandinavium goeteborgense,Scandinavium goeteborgense,4492,0,2,2,0,0,0,0,0
Bacteria,Proteobacteria,Gammaproteobacteria,Enterobacterales,Enterobacteriaceae,Shigella,Shigella boydii,Shigella boydii,4569,14,37,9,12,0,0,0,0
Bacteria,Proteobacteria,Gammaproteobacteria,Enterobacterales,Enterobacteriaceae,Shigella,Shigella dysenteriae,Shigella dysenteriae,4570,25,46,16,44,0,0,0,0
Bacteria,Proteobacteria,Gammaproteobacteria,Enterobacterales,Enterobacteriaceae,Shigella,Shigella flexneri,Shigella flexneri,4571,18,29,5,15,0,0,0,0
Bacteria,Proteobacteria,Gammaproteobacteria,Enterobacterales,Enterobacteriaceae,Shigella,Shigella sonnei,Shigella sonnei,4572,3,1,0,0,0,0,0,0
Bacteria,Proteobacteria,Gammaproteobacteria,Enterobacterales,Enterobacteriaceae,Shimwellia,Shimwellia blattae,Shimwellia blattae,4573,2,1,0,1,0,0,0,0
Bacteria,Proteobacteria,Gammaproteobacteria,Enterobacterales,Enterobacteriaceae,Yokenella,Yokenella regensburgei,Yokenella regensburgei,5391,6,4,0,11,0,0,0,0
Bacteria,Proteobacteria,Gammaproteobacteria,Enterobacterales,Erwiniaceae,Buchnera,Buchnera aphidicola,Buchnera aphidicola,727,29,11,33,9,6,5,30,8
Bacteria,Proteobacteria,Gammaproteobacteria,Enterobacterales,Erwiniaceae,Erwinia,Candidatus Erwinia haradaeae,Candidatus Erwinia haradaeae,885,3,5,1,3,0,0,0,0
Bacteria,Proteobacteria,Gammaproteobacteria,Enterobacterales,Erwiniaceae,Erwinia,Erwinia amylovora,Erwinia amylovora,1624,0,1,0,1,0,1,0,0
Bacteria,Proteobacteria,Gammaproteobacteria,Enterobacterales,Erwiniaceae,Erwinia,Erwinia billingiae,Erwinia billingiae,1625,0,0,0,1,0,0,0,1
Bacteria,Proteobacteria,Gammaproteobacteria,Enterobacterales,Erwiniaceae,Erwinia,Erwinia gerundensis,Erwinia gerundensis,1626,4,4,28,1,3,9,33,22
Bacteria,Proteobacteria,Gammaproteobacteria,Enterobacterales,Erwiniaceae,Erwinia,Erwinia persicina,Erwinia persicina,1627,1,0,0,1,0,0,0,0
Bacteria,Proteobacteria,Gammaproteobacteria,Enterobacterales,Erwiniaceae,Erwinia,Erwinia pyrifoliae,Erwinia pyrifoliae,1628,1,0,0,1,0,0,0,0
Bacteria,Proteobacteria,Gammaproteobacteria,Enterobacterales,Erwiniaceae,Erwinia,Erwinia sp. J780,Erwinia sp. J780,1629,3,5,1,2,0,0,0,0
Bacteria,Proteobacteria,Gammaproteobacteria,Enterobacterales,Erwiniaceae,Erwinia,Erwinia tasmaniensis,Erwinia tasmaniensis,1630,3,2,3,3,0,0,0,0
Bacteria,Proteobacteria,Gammaproteobacteria,Enterobacterales,Erwiniaceae,Mixta,Mixta calida,Mixta calida,3225,2,1,0,1,0,1,0,1
Bacteria,Proteobacteria,Gammaproteobacteria,Enterobacterales,Erwiniaceae,Mixta,Mixta gaviniae,Mixta gaviniae,3226,1,1,3,2,0,0,0,0
Bacteria,Proteobacteria,Gammaproteobacteria,Enterobacterales,Erwiniaceae,Mixta,Mixta intestinalis,Mixta intestinalis,3227,1,3,2,0,0,0,0,0
Bacteria,Proteobacteria,Gammaproteobacteria,Enterobacterales,Erwiniaceae,Mixta,Mixta theicola,Mixta theicola,3228,3,0,0,2,0,0,0,0
Bacteria,Proteobacteria,Gammaproteobacteria,Enterobacterales,Erwiniaceae,Pantoea,Pantoea agglomerans,Pantoea agglomerans,3715,1,3,1,0,0,0,0,0
Bacteria,Proteobacteria,Gammaproteobacteria,Enterobacterales,Erwiniaceae,Pantoea,Pantoea alhagi,Pantoea alhagi,3716,1,0,1,2,0,0,0,0
Bacteria,Proteobacteria,Gammaproteobacteria,Enterobacterales,Erwiniaceae,Pantoea,Pantoea ananatis,Pantoea ananatis,3717,0,2,0,0,0,0,0,1
Bacteria,Proteobacteria,Gammaproteobacteria,Enterobacterales,Erwiniaceae,Pantoea,Pantoea dispersa,Pantoea dispersa,3718,1,1,0,1,0,0,0,0
Bacteria,Proteobacteria,Gammaproteobacteria,Enterobacterales,Erwiniaceae,Pantoea,Pantoea rwandensis,Pantoea rwandensis,3719,1,0,0,0,0,0,0,0
Bacteria,Proteobacteria,Gammaproteobacteria,Enterobacterales,Erwiniaceae,Pantoea,Pantoea sp. 201603H,Pantoea sp. 201603H,3720,3,0,0,1,0,1,0,1
Bacteria,Proteobacteria,Gammaproteobacteria,Enterobacterales,Erwiniaceae,Pantoea,Pantoea sp. At-9b,Pantoea sp. At-9b,3721,0,1,0,0,0,0,2,0
Bacteria,Proteobacteria,Gammaproteobacteria,Enterobacterales,Erwiniaceae,Pantoea,Pantoea sp. CCBC3-3-1,Pantoea sp. CCBC3-3-1,3722,0,3,7,3,0,2,4,4
Bacteria,Proteobacteria,Gammaproteobacteria,Enterobacterales,Erwiniaceae,Pantoea,Pantoea sp. PSNIH1,Pantoea sp. PSNIH1,3723,3,1,1,0,0,0,0,0
Bacteria,Proteobacteria,Gammaproteobacteria,Enterobacterales,Erwiniaceae,Pantoea,Pantoea sp. SO10,Pantoea sp. SO10,3724,1,3,0,0,0,0,0,0
Bacteria,Proteobacteria,Gammaproteobacteria,Enterobacterales,Erwiniaceae,Pantoea,Pantoea stewartii,Pantoea stewartii,3725,2,1,2,0,0,0,0,0
Bacteria,Proteobacteria,Gammaproteobacteria,Enterobacterales,Erwiniaceae,Pantoea,Pantoea vagans,Pantoea vagans,3726,1,2,1,4,0,1,0,0
Bacteria,Proteobacteria,Gammaproteobacteria,Enterobacterales,Erwiniaceae,Tatumella,Tatumella citrea,Tatumella citrea,5052,0,3,2,1,0,0,0,1
Bacteria,Proteobacteria,Gammaproteobacteria,Enterobacterales,Erwiniaceae,Tatumella,Tatumella ptyseos,Tatumella ptyseos,5053,7,1,0,0,0,0,0,0
Bacteria,Proteobacteria,Gammaproteobacteria,Enterobacterales,Erwiniaceae,Wigglesworthia,Wigglesworthia glossinidia,Wigglesworthia glossinidia,5332,0,1,0,0,0,0,0,0
Bacteria,Proteobacteria,Gammaproteobacteria,Enterobacterales,Hafniaceae,Edwardsiella,Edwardsiella hoshinae,Edwardsiella hoshinae,1528,1,6,1,3,0,0,0,0
Bacteria,Proteobacteria,Gammaproteobacteria,Enterobacterales,Hafniaceae,Edwardsiella,Edwardsiella ictaluri,Edwardsiella ictaluri,1529,0,2,0,0,0,0,0,0
Bacteria,Proteobacteria,Gammaproteobacteria,Enterobacterales,Hafniaceae,Edwardsiella,Edwardsiella piscicida,Edwardsiella piscicida,1530,0,1,2,2,0,0,0,0
Bacteria,Proteobacteria,Gammaproteobacteria,Enterobacterales,Hafniaceae,Edwardsiella,Edwardsiella tarda,Edwardsiella tarda,1531,2,2,3,0,2,0,0,0
Bacteria,Proteobacteria,Gammaproteobacteria,Enterobacterales,Hafniaceae,Hafnia,Hafnia alvei,Hafnia alvei,2382,1,1,1,1,0,0,0,0
Bacteria,Proteobacteria,Gammaproteobacteria,Enterobacterales,Hafniaceae,Hafnia,Hafnia paralvei,Hafnia paralvei,2383,5,5,0,1,0,0,1,0
Bacteria,Proteobacteria,Gammaproteobacteria,Enterobacterales,Morganellaceae,Arsenophonus,Arsenophonus endosymbiont of Aleurodicus dispersus,Arsenophonus endosymbiont of Aleurodicus dispersus,384,3,1,0,0,0,0,0,0
Bacteria,Proteobacteria,Gammaproteobacteria,Enterobacterales,Morganellaceae,Arsenophonus,Arsenophonus endosymbiont of Aphis craccivora,Arsenophonus endosymbiont of Aphis craccivora,385,0,1,0,0,0,0,0,0
Bacteria,Proteobacteria,Gammaproteobacteria,Enterobacterales,Morganellaceae,Arsenophonus,Arsenophonus nasoniae,Arsenophonus nasoniae,386,1,1,3,3,0,0,1,2
Bacteria,Proteobacteria,Gammaproteobacteria,Enterobacterales,Morganellaceae,Morganella,Morganella morganii,Morganella morganii,3242,11,9,3,9,3,3,1,2
Bacteria,Proteobacteria,Gammaproteobacteria,Enterobacterales,Morganellaceae,Photorhabdus,Photorhabdus asymbiotica,Photorhabdus asymbiotica,3870,1,0,0,0,0,0,0,0
Bacteria,Proteobacteria,Gammaproteobacteria,Enterobacterales,Morganellaceae,Photorhabdus,Photorhabdus laumondii,Photorhabdus laumondii,3871,4,2,4,2,5,2,1,2
Bacteria,Proteobacteria,Gammaproteobacteria,Enterobacterales,Morganellaceae,Photorhabdus,Photorhabdus thracensis,Photorhabdus thracensis,3872,5,10,1,0,0,0,0,0
Bacteria,Proteobacteria,Gammaproteobacteria,Enterobacterales,Morganellaceae,Proteus,Proteus cibarius,Proteus cibarius,4023,2,0,0,3,0,0,0,0
Bacteria,Proteobacteria,Gammaproteobacteria,Enterobacterales,Morganellaceae,Proteus,Proteus hauseri,Proteus hauseri,4024,2,2,3,2,1,1,0,0
Bacteria,Proteobacteria,Gammaproteobacteria,Enterobacterales,Morganellaceae,Proteus,Proteus mirabilis,Proteus mirabilis,4025,5,5,3,1,0,0,1,2
Bacteria,Proteobacteria,Gammaproteobacteria,Enterobacterales,Morganellaceae,Proteus,Proteus sp. CD3,Proteus sp. CD3,4026,1,1,1,1,0,0,0,0
Bacteria,Proteobacteria,Gammaproteobacteria,Enterobacterales,Morganellaceae,Proteus,Proteus sp. ZN5,Proteus sp. ZN5,4027,0,2,20,3,4,7,11,6
Bacteria,Proteobacteria,Gammaproteobacteria,Enterobacterales,Morganellaceae,Proteus,Proteus vulgaris,Proteus vulgaris,4028,5,4,0,2,0,0,0,0
Bacteria,Proteobacteria,Gammaproteobacteria,Enterobacterales,Morganellaceae,Providencia,Providencia heimbachae,Providencia heimbachae,4029,2,1,1,1,0,0,0,0
Bacteria,Proteobacteria,Gammaproteobacteria,Enterobacterales,Morganellaceae,Providencia,Providencia rettgeri,Providencia rettgeri,4030,2,4,2,4,0,0,1,0
Bacteria,Proteobacteria,Gammaproteobacteria,Enterobacterales,Morganellaceae,Providencia,Providencia rustigianii,Providencia rustigianii,4031,0,3,17,6,3,8,17,11
Bacteria,Proteobacteria,Gammaproteobacteria,Enterobacterales,Morganellaceae,Providencia,Providencia sneebia,Providencia sneebia,4032,6,4,0,1,0,0,0,0
Bacteria,Proteobacteria,Gammaproteobacteria,Enterobacterales,Morganellaceae,Providencia,Providencia stuartii,Providencia stuartii,4033,6,2,5,3,3,3,0,5
Bacteria,Proteobacteria,Gammaproteobacteria,Enterobacterales,Morganellaceae,Providencia,Providencia vermicola,Providencia vermicola,4034,1,1,0,0,0,0,0,0
Bacteria,Proteobacteria,Gammaproteobacteria,Enterobacterales,Morganellaceae,Xenorhabdus,Xenorhabdus bovienii,Xenorhabdus bovienii,5365,1,6,1,4,16,11,6,13
Bacteria,Proteobacteria,Gammaproteobacteria,Enterobacterales,Morganellaceae,Xenorhabdus,Xenorhabdus doucetiae,Xenorhabdus doucetiae,5366,0,0,0,1,0,0,0,0
Bacteria,Proteobacteria,Gammaproteobacteria,Enterobacterales,Morganellaceae,Xenorhabdus,Xenorhabdus hominickii,Xenorhabdus hominickii,5367,5,0,3,3,0,3,3,1
Bacteria,Proteobacteria,Gammaproteobacteria,Enterobacterales,Morganellaceae,Xenorhabdus,Xenorhabdus nematophila,Xenorhabdus nematophila,5368,2,5,4,0,0,0,0,0
Bacteria,Proteobacteria,Gammaproteobacteria,Enterobacterales,Morganellaceae,Xenorhabdus,Xenorhabdus poinarii,Xenorhabdus poinarii,5369,4,2,0,2,0,0,0,0
Bacteria,Proteobacteria,Gammaproteobacteria,Enterobacterales,Pectobacteriaceae,Brenneria,Brenneria goodwinii,Brenneria goodwinii,696,1,1,0,0,1,1,0,0
Bacteria,Proteobacteria,Gammaproteobacteria,Enterobacterales,Pectobacteriaceae,Brenneria,Brenneria rubrifaciens,Brenneria rubrifaciens,697,2,1,0,0,0,0,0,0
Bacteria,Proteobacteria,Gammaproteobacteria,Enterobacterales,Pectobacteriaceae,Dickeya,Dickeya chrysanthemi,Dickeya chrysanthemi,1485,4,3,1,2,0,0,0,0
Bacteria,Proteobacteria,Gammaproteobacteria,Enterobacterales,Pectobacteriaceae,Dickeya,Dickeya dadantii,Dickeya dadantii,1486,4,0,0,0,0,0,0,0
Bacteria,Proteobacteria,Gammaproteobacteria,Enterobacterales,Pectobacteriaceae,Dickeya,Dickeya dianthicola,Dickeya dianthicola,1487,0,2,2,0,5,0,2,3
Bacteria,Proteobacteria,Gammaproteobacteria,Enterobacterales,Pectobacteriaceae,Dickeya,Dickeya paradisiaca,Dickeya paradisiaca,1488,4,6,2,8,3,1,1,4
Bacteria,Proteobacteria,Gammaproteobacteria,Enterobacterales,Pectobacteriaceae,Dickeya,Dickeya poaceiphila,Dickeya poaceiphila,1489,1,2,3,1,0,0,0,0
Bacteria,Proteobacteria,Gammaproteobacteria,Enterobacterales,Pectobacteriaceae,Dickeya,Dickeya solani,Dickeya solani,1490,1,2,0,3,6,4,1,0
Bacteria,Proteobacteria,Gammaproteobacteria,Enterobacterales,Pectobacteriaceae,Dickeya,Dickeya sp. Secpp 1600,Dickeya sp. Secpp 1600,1491,0,0,0,2,0,0,0,0
Bacteria,Proteobacteria,Gammaproteobacteria,Enterobacterales,Pectobacteriaceae,Dickeya,Dickeya zeae,Dickeya zeae,1492,10,7,24,12,8,20,30,23
Bacteria,Proteobacteria,Gammaproteobacteria,Enterobacterales,Pectobacteriaceae,Lonsdalea,Lonsdalea britannica,Lonsdalea britannica,2892,4,0,1,4,0,0,0,0
Bacteria,Proteobacteria,Gammaproteobacteria,Enterobacterales,Pectobacteriaceae,Pectobacterium,Pectobacterium atrosepticum,Pectobacterium atrosepticum,3803,3,2,2,3,0,0,0,0
Bacteria,Proteobacteria,Gammaproteobacteria,Enterobacterales,Pectobacteriaceae,Pectobacterium,Pectobacterium brasiliense,Pectobacterium brasiliense,3804,1,3,0,2,0,0,0,0
Bacteria,Proteobacteria,Gammaproteobacteria,Enterobacterales,Pectobacteriaceae,Pectobacterium,Pectobacterium carotovorum,Pectobacterium carotovorum,3805,6,1,2,3,0,0,2,0
Bacteria,Proteobacteria,Gammaproteobacteria,Enterobacterales,Pectobacteriaceae,Pectobacterium,Pectobacterium odoriferum,Pectobacterium odoriferum,3806,0,1,0,2,0,0,0,0
Bacteria,Proteobacteria,Gammaproteobacteria,Enterobacterales,Pectobacteriaceae,Pectobacterium,Pectobacterium parmentieri,Pectobacterium parmentieri,3807,3,7,32,7,6,12,32,13
Bacteria,Proteobacteria,Gammaproteobacteria,Enterobacterales,Pectobacteriaceae,Pectobacterium,Pectobacterium polaris,Pectobacterium polaris,3808,2,10,41,4,3,8,20,7
Bacteria,Proteobacteria,Gammaproteobacteria,Enterobacterales,Pectobacteriaceae,Pectobacterium,Pectobacterium punjabense,Pectobacterium punjabense,3809,0,1,1,1,0,0,0,0
Bacteria,Proteobacteria,Gammaproteobacteria,Enterobacterales,Pectobacteriaceae,Pectobacterium,Pectobacterium versatile,Pectobacterium versatile,3810,1,2,0,4,0,0,0,0
Bacteria,Proteobacteria,Gammaproteobacteria,Enterobacterales,Pectobacteriaceae,Pectobacterium,Pectobacterium wasabiae,Pectobacterium wasabiae,3811,0,1,14,4,3,7,15,5
Bacteria,Proteobacteria,Gammaproteobacteria,Enterobacterales,Pectobacteriaceae,Sodalis,Candidatus Sodalis pierantonius,Candidatus Sodalis pierantonius,966,0,0,0,1,0,0,0,0
Bacteria,Proteobacteria,Gammaproteobacteria,Enterobacterales,Pectobacteriaceae,Sodalis,Sodalis endosymbiont of Henestaris halophilus,Sodalis endosymbiont of Henestaris halophilus,4597,1,0,0,0,0,0,0,0
Bacteria,Proteobacteria,Gammaproteobacteria,Enterobacterales,Pectobacteriaceae,Sodalis,Sodalis glossinidius,Sodalis glossinidius,4598,2,1,1,1,0,0,0,0
Bacteria,Proteobacteria,Gammaproteobacteria,Enterobacterales,Pectobacteriaceae,Sodalis,Sodalis praecaptivus,Sodalis praecaptivus,4599,4,1,0,0,2,0,0,1
Bacteria,Proteobacteria,Gammaproteobacteria,Enterobacterales,Yersiniaceae,Chania,Chania multitudinisentens,Chania multitudinisentens,1050,3,3,5,2,2,4,2,1
Bacteria,Proteobacteria,Gammaproteobacteria,Enterobacterales,Yersiniaceae,Ewingella,Ewingella americana,Ewingella americana,1666,4,1,2,3,0,0,1,2
Bacteria,Proteobacteria,Gammaproteobacteria,Enterobacterales,Yersiniaceae,Nissabacter,Nissabacter sp. SGAir0207,Nissabacter sp. SGAir0207,3410,3,1,2,1,4,3,0,1
Bacteria,Proteobacteria,Gammaproteobacteria,Enterobacterales,Yersiniaceae,Rahnella,Rahnella aquatilis,Rahnella aquatilis,4268,3,0,0,0,0,0,0,0
Bacteria,Proteobacteria,Gammaproteobacteria,Enterobacterales,Yersiniaceae,Rahnella,Rahnella sp. ERMR1:05,Rahnella sp. ERMR1:05,4269,1,3,0,1,0,0,0,0
Bacteria,Proteobacteria,Gammaproteobacteria,Enterobacterales,Yersiniaceae,Rouxiella,Rouxiella badensis,Rouxiella badensis,4417,1,2,1,1,0,0,0,3
Bacteria,Proteobacteria,Gammaproteobacteria,Enterobacterales,Yersiniaceae,Serratia,Serratia fonticola,Serratia fonticola,4521,3,3,2,2,0,0,0,0
Bacteria,Proteobacteria,Gammaproteobacteria,Enterobacterales,Yersiniaceae,Serratia,Serratia liquefaciens,Serratia liquefaciens,4522,0,0,1,2,0,0,0,0
Bacteria,Proteobacteria,Gammaproteobacteria,Enterobacterales,Yersiniaceae,Serratia,Serratia marcescens,Serratia marcescens,4523,12,9,0,3,4,1,1,1
Bacteria,Proteobacteria,Gammaproteobacteria,Enterobacterales,Yersiniaceae,Serratia,Serratia odorifera,Serratia odorifera,4524,0,1,1,0,0,0,0,0
Bacteria,Proteobacteria,Gammaproteobacteria,Enterobacterales,Yersiniaceae,Serratia,Serratia plymuthica,Serratia plymuthica,4525,3,4,1,3,1,1,1,0
Bacteria,Proteobacteria,Gammaproteobacteria,Enterobacterales,Yersiniaceae,Serratia,Serratia proteamaculans,Serratia proteamaculans,4526,1,0,0,1,0,0,0,1
Bacteria,Proteobacteria,Gammaproteobacteria,Enterobacterales,Yersiniaceae,Serratia,Serratia quinivorans,Serratia quinivorans,4527,1,2,0,0,0,0,0,0
Bacteria,Proteobacteria,Gammaproteobacteria,Enterobacterales,Yersiniaceae,Serratia,Serratia rubidaea,Serratia rubidaea,4528,1,0,1,1,2,0,0,0
Bacteria,Proteobacteria,Gammaproteobacteria,Enterobacterales,Yersiniaceae,Serratia,Serratia sp. 3ACOL1,Serratia sp. 3ACOL1,4529,1,0,0,1,0,0,0,0
Bacteria,Proteobacteria,Gammaproteobacteria,Enterobacterales,Yersiniaceae,Serratia,Serratia sp. ATCC 39006,Serratia sp. ATCC 39006,4530,3,1,9,2,0,1,2,4
Bacteria,Proteobacteria,Gammaproteobacteria,Enterobacterales,Yersiniaceae,Serratia,Serratia sp. FDAARGOS_506,Serratia sp. FDAARGOS_506,4531,0,0,2,0,0,0,0,0
Bacteria,Proteobacteria,Gammaproteobacteria,Enterobacterales,Yersiniaceae,Serratia,Serratia sp. KUDC3025,Serratia sp. KUDC3025,4532,1,1,0,3,0,0,0,0
Bacteria,Proteobacteria,Gammaproteobacteria,Enterobacterales,Yersiniaceae,Serratia,Serratia symbiotica,Serratia symbiotica,4533,3,4,1,4,0,0,0,0
Bacteria,Proteobacteria,Gammaproteobacteria,Enterobacterales,Yersiniaceae,Yersinia,Yersinia aldovae,Yersinia aldovae,5377,1,2,0,1,0,0,0,0
Bacteria,Proteobacteria,Gammaproteobacteria,Enterobacterales,Yersiniaceae,Yersinia,Yersinia aleksiciae,Yersinia aleksiciae,5378,1,2,21,3,1,17,26,15
Bacteria,Proteobacteria,Gammaproteobacteria,Enterobacterales,Yersiniaceae,Yersinia,Yersinia canariae,Yersinia canariae,5379,0,0,0,1,0,0,0,0
Bacteria,Proteobacteria,Gammaproteobacteria,Enterobacterales,Yersiniaceae,Yersinia,Yersinia enterocolitica,Yersinia enterocolitica,5380,3,2,2,7,6,1,1,3
Bacteria,Proteobacteria,Gammaproteobacteria,Enterobacterales,Yersiniaceae,Yersinia,Yersinia entomophaga,Yersinia entomophaga,5381,1,1,0,0,0,2,0,0
Bacteria,Proteobacteria,Gammaproteobacteria,Enterobacterales,Yersiniaceae,Yersinia,Yersinia frederiksenii,Yersinia frederiksenii,5382,7,3,3,1,0,0,0,0
Bacteria,Proteobacteria,Gammaproteobacteria,Enterobacterales,Yersiniaceae,Yersinia,Yersinia kristensenii,Yersinia kristensenii,5383,1,0,0,0,0,0,0,0
Bacteria,Proteobacteria,Gammaproteobacteria,Enterobacterales,Yersiniaceae,Yersinia,Yersinia mollaretii,Yersinia mollaretii,5384,2,0,1,0,0,0,1,0
Bacteria,Proteobacteria,Gammaproteobacteria,Enterobacterales,Yersiniaceae,Yersinia,Yersinia pestis,Yersinia pestis,5385,0,1,0,0,0,0,0,0
Bacteria,Proteobacteria,Gammaproteobacteria,Enterobacterales,Yersiniaceae,Yersinia,Yersinia pseudotuberculosis,Yersinia pseudotuberculosis,5386,0,0,1,0,0,0,0,0
Bacteria,Proteobacteria,Gammaproteobacteria,Enterobacterales,Yersiniaceae,Yersinia,Yersinia rohdei,Yersinia rohdei,5387,0,2,0,2,0,0,0,0
Bacteria,Proteobacteria,Gammaproteobacteria,Enterobacterales,Yersiniaceae,Yersinia,Yersinia ruckeri,Yersinia ruckeri,5388,0,1,2,1,0,0,0,0
Bacteria,Proteobacteria,Gammaproteobacteria,Enterobacterales,Yersiniaceae,Yersinia,Yersinia similis,Yersinia similis,5389,0,0,1,2,0,0,1,1
Bacteria,Proteobacteria,Gammaproteobacteria,Immundisolibacterales,Immundisolibacteraceae,Immundisolibacter,Immundisolibacter cernigliae,Immundisolibacter cernigliae,2561,0,2,0,1,0,0,0,0
Bacteria,Proteobacteria,Gammaproteobacteria,Legionellales,Coxiellaceae,Aquicella,Aquicella lusitana,Aquicella lusitana,329,1,1,3,1,0,0,0,0
Bacteria,Proteobacteria,Gammaproteobacteria,Legionellales,Coxiellaceae,Aquicella,Aquicella siphonis,Aquicella siphonis,330,0,2,20,8,2,6,12,12
Bacteria,Proteobacteria,Gammaproteobacteria,Legionellales,Coxiellaceae,Coxiella,Candidatus Coxiella mudrowiae,Candidatus Coxiella mudrowiae,873,1,0,0,0,0,0,0,0
Bacteria,Proteobacteria,Gammaproteobacteria,Legionellales,Coxiellaceae,Coxiella,Coxiella burnetii,Coxiella burnetii,1318,0,1,1,1,0,0,0,0
Bacteria,Proteobacteria,Gammaproteobacteria,Legionellales,Coxiellaceae,Coxiella,Coxiella endosymbiont of Amblyomma sculptum,Coxiella endosymbiont of Amblyomma sculptum,1319,0,2,2,0,0,0,0,0
Bacteria,Proteobacteria,Gammaproteobacteria,Legionellales,Coxiellaceae,Rickettsiella,Candidatus Rickettsiella viridis,Candidatus Rickettsiella viridis,957,4,0,0,0,0,0,0,0
Bacteria,Proteobacteria,Gammaproteobacteria,Legionellales,Legionellaceae,Fluoribacter,Fluoribacter dumoffii,Fluoribacter dumoffii,1869,0,1,0,1,0,0,1,0
Bacteria,Proteobacteria,Gammaproteobacteria,Legionellales,Legionellaceae,Legionella,Legionella adelaidensis,Legionella adelaidensis,2804,1,1,1,1,0,0,0,0
Bacteria,Proteobacteria,Gammaproteobacteria,Legionellales,Legionellaceae,Legionella,Legionella anisa,Legionella anisa,2805,1,1,0,1,0,0,0,0
Bacteria,Proteobacteria,Gammaproteobacteria,Legionellales,Legionellaceae,Legionella,Legionella cherrii,Legionella cherrii,2806,0,1,0,3,0,0,0,0
Bacteria,Proteobacteria,Gammaproteobacteria,Legionellales,Legionellaceae,Legionella,Legionella clemsonensis,Legionella clemsonensis,2807,1,0,0,0,0,0,0,0
Bacteria,Proteobacteria,Gammaproteobacteria,Legionellales,Legionellaceae,Legionella,Legionella geestiana,Legionella geestiana,2808,1,0,3,0,0,0,2,2
Bacteria,Proteobacteria,Gammaproteobacteria,Legionellales,Legionellaceae,Legionella,Legionella hackeliae,Legionella hackeliae,2809,0,3,1,1,0,0,0,0
Bacteria,Proteobacteria,Gammaproteobacteria,Legionellales,Legionellaceae,Legionella,Legionella israelensis,Legionella israelensis,2810,2,1,0,2,3,1,0,0
Bacteria,Proteobacteria,Gammaproteobacteria,Legionellales,Legionellaceae,Legionella,Legionella jordanis,Legionella jordanis,2811,3,0,2,1,2,0,2,0
Bacteria,Proteobacteria,Gammaproteobacteria,Legionellales,Legionellaceae,Legionella,Legionella lansingensis,Legionella lansingensis,2812,2,0,0,0,0,0,0,0
Bacteria,Proteobacteria,Gammaproteobacteria,Legionellales,Legionellaceae,Legionella,Legionella longbeachae,Legionella longbeachae,2813,3,4,3,4,4,5,2,10
Bacteria,Proteobacteria,Gammaproteobacteria,Legionellales,Legionellaceae,Legionella,Legionella oakridgensis,Legionella oakridgensis,2814,7,2,1,2,0,1,0,0
Bacteria,Proteobacteria,Gammaproteobacteria,Legionellales,Legionellaceae,Legionella,Legionella pneumophila,Legionella pneumophila,2815,4,7,1,5,1,5,1,0
Bacteria,Proteobacteria,Gammaproteobacteria,Legionellales,Legionellaceae,Legionella,Legionella sainthelensi,Legionella sainthelensi,2816,5,2,1,3,0,0,0,0
Bacteria,Proteobacteria,Gammaproteobacteria,Legionellales,Legionellaceae,Legionella,Legionella sp. PC1000,Legionella sp. PC1000,2817,0,0,3,0,0,0,0,0
Bacteria,Proteobacteria,Gammaproteobacteria,Legionellales,Legionellaceae,Legionella,Legionella sp. TUM19329,Legionella sp. TUM19329,2818,0,0,4,0,0,0,0,0
Bacteria,Proteobacteria,Gammaproteobacteria,Legionellales,Legionellaceae,Legionella,Legionella spiritensis,Legionella spiritensis,2819,1,8,2,4,10,8,2,2
Bacteria,Proteobacteria,Gammaproteobacteria,Legionellales,Legionellaceae,Legionella,Legionella waltersii,Legionella waltersii,2820,0,5,1,1,0,0,0,0
Bacteria,Proteobacteria,Gammaproteobacteria,Legionellales,Legionellaceae,Tatlockia,Tatlockia micdadei,Tatlockia micdadei,5051,2,1,0,2,0,0,0,0
Bacteria,Proteobacteria,Gammaproteobacteria,Methylococcales,Methylococcaceae,Candidatus Methylospira,Candidatus Methylospira mobilis,Candidatus Methylospira mobilis,911,4,1,0,0,0,0,0,0
Bacteria,Proteobacteria,Gammaproteobacteria,Methylococcales,Methylococcaceae,Methylocaldum,Methylocaldum marinum,Methylocaldum marinum,3115,4,5,3,2,0,0,0,0
Bacteria,Proteobacteria,Gammaproteobacteria,Methylococcales,Methylococcaceae,Methylococcus,Methylococcus capsulatus,Methylococcus capsulatus,3120,3,4,1,3,0,0,0,0
Bacteria,Proteobacteria,Gammaproteobacteria,Methylococcales,Methylococcaceae,Methylococcus,Methylococcus sp. IM1,Methylococcus sp. IM1,3121,4,0,0,0,0,0,0,0
Bacteria,Proteobacteria,Gammaproteobacteria,Methylococcales,Methylococcaceae,Methylomicrobium,Methylomicrobium album,Methylomicrobium album,3128,2,0,0,1,0,0,0,0
Bacteria,Proteobacteria,Gammaproteobacteria,Methylococcales,Methylococcaceae,Methylomicrobium,Methylomicrobium sp. wino1,Methylomicrobium sp. wino1,3129,1,2,0,2,1,0,0,0
Bacteria,Proteobacteria,Gammaproteobacteria,Methylococcales,Methylococcaceae,Methylomonas,Methylomonas denitrificans,Methylomonas denitrificans,3131,7,5,3,5,0,0,0,1
Bacteria,Proteobacteria,Gammaproteobacteria,Methylococcales,Methylococcaceae,Methylomonas,Methylomonas methanica,Methylomonas methanica,3132,1,5,0,2,0,0,0,0
Bacteria,Proteobacteria,Gammaproteobacteria,Methylococcales,Methylococcaceae,Methylomonas,Methylomonas sp. DH-1,Methylomonas sp. DH-1,3133,0,0,2,0,0,0,0,0
Bacteria,Proteobacteria,Gammaproteobacteria,Methylococcales,Methylococcaceae,Methylomonas,Methylomonas sp. GJ1,Methylomonas sp. GJ1,3134,2,4,1,2,2,0,0,0
Bacteria,Proteobacteria,Gammaproteobacteria,Methylococcales,Methylococcaceae,Methylomonas,Methylomonas sp. LW13,Methylomonas sp. LW13,3135,3,3,23,5,7,21,34,5
Bacteria,Proteobacteria,Gammaproteobacteria,Methylococcales,Methylococcaceae,Methylovulum,Methylovulum psychrotolerans,Methylovulum psychrotolerans,3149,1,1,1,0,0,0,0,0
Bacteria,Proteobacteria,Gammaproteobacteria,Nevskiales,Sinobacteraceae,Sinimarinibacterium,Sinimarinibacterium sp. NLF-5-8,Sinimarinibacterium sp. NLF-5-8,4586,2,3,14,2,0,9,8,7
Bacteria,Proteobacteria,Gammaproteobacteria,Nevskiales,Sinobacteraceae,Solimonas,Solimonas sp. K1W22B-7,Solimonas sp. K1W22B-7,4602,4,0,2,2,0,0,0,0
Bacteria,Proteobacteria,Gammaproteobacteria,Nevskiales,Steroidobacteraceae,Steroidobacter,Steroidobacter denitrificans,Steroidobacter denitrificans,4785,1,0,1,0,0,0,0,0
Bacteria,Proteobacteria,Gammaproteobacteria,Oceanospirillales,Alcanivoracaceae,Alcanivorax,Alcanivorax dieselolei,Alcanivorax dieselolei,209,0,1,0,0,1,0,0,0
Bacteria,Proteobacteria,Gammaproteobacteria,Oceanospirillales,Alcanivoracaceae,Alcanivorax,Alcanivorax pacificus,Alcanivorax pacificus,210,4,2,2,5,3,3,0,1
Bacteria,Proteobacteria,Gammaproteobacteria,Oceanospirillales,Alcanivoracaceae,Alcanivorax,Alcanivorax sp. N3-2A,Alcanivorax sp. N3-2A,211,3,0,0,1,9,3,2,3
Bacteria,Proteobacteria,Gammaproteobacteria,Oceanospirillales,Alcanivoracaceae,Alcanivorax,Alcanivorax xenomutans,Alcanivorax xenomutans,212,1,0,0,0,0,0,0,1
Bacteria,Proteobacteria,Gammaproteobacteria,Oceanospirillales,Alcanivoracaceae,Ketobacter,Ketobacter alkanivorans,Ketobacter alkanivorans,2599,1,6,0,1,0,0,0,0
Bacteria,Proteobacteria,Gammaproteobacteria,Oceanospirillales,Endozoicomonadaceae,Endozoicomonas,Endozoicomonas montiporae,Endozoicomonas montiporae,1560,7,3,3,0,0,0,0,1
Bacteria,Proteobacteria,Gammaproteobacteria,Oceanospirillales,Hahellaceae,Hahella,Hahella chejuensis,Hahella chejuensis,2384,3,0,0,2,0,0,0,0
Bacteria,Proteobacteria,Gammaproteobacteria,Oceanospirillales,Hahellaceae,Hahella,Hahella sp. KA22,Hahella sp. KA22,2385,1,3,0,2,0,0,0,0
Bacteria,Proteobacteria,Gammaproteobacteria,Oceanospirillales,Halomonadaceae,Candidatus Evansia,Candidatus Evansia muelleri,Candidatus Evansia muelleri,886,0,1,0,1,0,0,0,0
Bacteria,Proteobacteria,Gammaproteobacteria,Oceanospirillales,Halomonadaceae,Candidatus Portiera,Candidatus Portiera aleyrodidarum,Candidatus Portiera aleyrodidarum,948,0,1,0,0,0,0,0,0
Bacteria,Proteobacteria,Gammaproteobacteria,Oceanospirillales,Halomonadaceae,Chromohalobacter,Chromohalobacter salexigens,Chromohalobacter salexigens,1094,0,0,1,1,0,0,0,0
Bacteria,Proteobacteria,Gammaproteobacteria,Oceanospirillales,Halomonadaceae,Cobetia,Cobetia sp. L2A1,Cobetia sp. L2A1,1211,0,0,6,1,5,3,5,3
Bacteria,Proteobacteria,Gammaproteobacteria,Oceanospirillales,Halomonadaceae,Halomonas,Halomonas aestuarii,Halomonas aestuarii,2421,0,2,0,1,2,2,0,0
Bacteria,Proteobacteria,Gammaproteobacteria,Oceanospirillales,Halomonadaceae,Halomonas,Halomonas beimenensis,Halomonas beimenensis,2422,1,3,21,5,12,18,28,12
Bacteria,Proteobacteria,Gammaproteobacteria,Oceanospirillales,Halomonadaceae,Halomonas,Halomonas chromatireducens,Halomonas chromatireducens,2423,0,0,0,1,0,0,0,0
Bacteria,Proteobacteria,Gammaproteobacteria,Oceanospirillales,Halomonadaceae,Halomonas,Halomonas elongata,Halomonas elongata,2424,0,1,19,5,5,9,30,19
Bacteria,Proteobacteria,Gammaproteobacteria,Oceanospirillales,Halomonadaceae,Halomonas,Halomonas huangheensis,Halomonas huangheensis,2425,3,6,1,0,0,0,0,0
Bacteria,Proteobacteria,Gammaproteobacteria,Oceanospirillales,Halomonadaceae,Halomonas,Halomonas hydrothermalis,Halomonas hydrothermalis,2426,1,3,0,3,1,0,0,0
Bacteria,Proteobacteria,Gammaproteobacteria,Oceanospirillales,Halomonadaceae,Halomonas,Halomonas meridiana,Halomonas meridiana,2427,1,2,6,6,0,1,5,3
Bacteria,Proteobacteria,Gammaproteobacteria,Oceanospirillales,Halomonadaceae,Halomonas,Halomonas socia,Halomonas socia,2428,0,0,0,2,0,0,0,0
Bacteria,Proteobacteria,Gammaproteobacteria,Oceanospirillales,Halomonadaceae,Halomonas,Halomonas sp. 1513,Halomonas sp. 1513,2429,2,1,0,1,0,0,0,0
Bacteria,Proteobacteria,Gammaproteobacteria,Oceanospirillales,Halomonadaceae,Halomonas,Halomonas sp. A3H3,Halomonas sp. A3H3,2430,1,0,24,5,7,14,25,14
Bacteria,Proteobacteria,Gammaproteobacteria,Oceanospirillales,Halomonadaceae,Halomonas,Halomonas sp. AM6,Halomonas sp. AM6,2431,0,5,6,4,0,0,0,0
Bacteria,Proteobacteria,Gammaproteobacteria,Oceanospirillales,Halomonadaceae,Halomonas,Halomonas sp. BC-M4-5,Halomonas sp. BC-M4-5,2432,3,0,0,3,8,5,4,1
Bacteria,Proteobacteria,Gammaproteobacteria,Oceanospirillales,Halomonadaceae,Halomonas,Halomonas sp. GFAJ-1,Halomonas sp. GFAJ-1,2433,1,1,0,1,0,0,0,0
Bacteria,Proteobacteria,Gammaproteobacteria,Oceanospirillales,Halomonadaceae,Halomonas,Halomonas sp. GT,Halomonas sp. GT,2434,2,3,0,5,1,2,3,1
Bacteria,Proteobacteria,Gammaproteobacteria,Oceanospirillales,Halomonadaceae,Halomonas,Halomonas sp. HG01,Halomonas sp. HG01,2435,0,0,1,1,10,7,0,0
Bacteria,Proteobacteria,Gammaproteobacteria,Oceanospirillales,Halomonadaceae,Halomonas,Halomonas sp. HL-93,Halomonas sp. HL-93,2436,0,0,1,0,0,0,0,0
Bacteria,Proteobacteria,Gammaproteobacteria,Oceanospirillales,Halomonadaceae,Halomonas,Halomonas sp. JS92-SW72,Halomonas sp. JS92-SW72,2437,0,0,0,0,0,0,0,1
Bacteria,Proteobacteria,Gammaproteobacteria,Oceanospirillales,Halomonadaceae,Halomonas,Halomonas sp. KO116,Halomonas sp. KO116,2438,3,6,17,3,5,16,21,11
Bacteria,Proteobacteria,Gammaproteobacteria,Oceanospirillales,Halomonadaceae,Halomonas,Halomonas sp. N3-2A,Halomonas sp. N3-2A,2439,0,0,4,0,3,0,3,1
Bacteria,Proteobacteria,Gammaproteobacteria,Oceanospirillales,Halomonadaceae,Halomonas,Halomonas sp. NBT06E8,Halomonas sp. NBT06E8,2440,2,4,51,7,4,30,52,24
Bacteria,Proteobacteria,Gammaproteobacteria,Oceanospirillales,Halomonadaceae,Halomonas,Halomonas sp. PGE1,Halomonas sp. PGE1,2441,0,1,1,0,0,0,0,0
Bacteria,Proteobacteria,Gammaproteobacteria,Oceanospirillales,Halomonadaceae,Halomonas,Halomonas sp. THAF5a,Halomonas sp. THAF5a,2442,1,0,0,0,1,0,1,0
Bacteria,Proteobacteria,Gammaproteobacteria,Oceanospirillales,Halomonadaceae,Halomonas,Halomonas sp. Y2R2,Halomonas sp. Y2R2,2443,4,2,1,0,3,3,0,0
Bacteria,Proteobacteria,Gammaproteobacteria,Oceanospirillales,Halomonadaceae,Halomonas,Halomonas subglaciescola,Halomonas subglaciescola,2444,0,1,0,1,5,1,3,1
Bacteria,Proteobacteria,Gammaproteobacteria,Oceanospirillales,Halomonadaceae,Halomonas,Halomonas titanicae,Halomonas titanicae,2445,0,4,28,3,5,15,30,14
Bacteria,Proteobacteria,Gammaproteobacteria,Oceanospirillales,Halomonadaceae,Halotalea,Halotalea alkalilenta,Halotalea alkalilenta,2457,0,2,0,1,4,2,2,0
Bacteria,Proteobacteria,Gammaproteobacteria,Oceanospirillales,Halomonadaceae,Kushneria,Kushneria konosiri,Kushneria konosiri,2659,0,0,0,1,0,0,0,0
Bacteria,Proteobacteria,Gammaproteobacteria,Oceanospirillales,Halomonadaceae,Kushneria,Kushneria marisflavi,Kushneria marisflavi,2660,1,0,4,1,0,1,0,0
Bacteria,Proteobacteria,Gammaproteobacteria,Oceanospirillales,Halomonadaceae,Kushneria,Kushneria sp. YCWA18,Kushneria sp. YCWA18,2661,0,2,2,3,0,1,0,1
Bacteria,Proteobacteria,Gammaproteobacteria,Oceanospirillales,Halomonadaceae,Pistricoccus,Pistricoccus aurantiacus,Pistricoccus aurantiacus,3889,1,0,1,1,0,0,0,0
Bacteria,Proteobacteria,Gammaproteobacteria,Oceanospirillales,Halomonadaceae,Salinicola,Salinicola tamaricis,Salinicola tamaricis,4471,1,0,0,0,0,0,0,0
Bacteria,Proteobacteria,Gammaproteobacteria,Oceanospirillales,Halomonadaceae,Zymobacter,Zymobacter palmae,Zymobacter palmae,5398,0,2,1,1,0,0,0,0
Bacteria,Proteobacteria,Gammaproteobacteria,Oceanospirillales,Kangiellaceae,Kangiella,Kangiella geojedonensis,Kangiella geojedonensis,2594,1,1,0,1,0,0,0,0
Bacteria,Proteobacteria,Gammaproteobacteria,Oceanospirillales,Kangiellaceae,Kangiella,Kangiella koreensis,Kangiella koreensis,2595,1,2,0,0,3,2,3,3
Bacteria,Proteobacteria,Gammaproteobacteria,Oceanospirillales,Kangiellaceae,Kangiella,Kangiella profundi,Kangiella profundi,2596,4,6,3,3,3,3,5,5
Bacteria,Proteobacteria,Gammaproteobacteria,Oceanospirillales,Kangiellaceae,Kangiella,Kangiella sediminilitoris,Kangiella sediminilitoris,2597,4,0,2,0,0,1,1,0
Bacteria,Proteobacteria,Gammaproteobacteria,Oceanospirillales,Litoricolaceae,Litoricola,Litoricola lipolytica,Litoricola lipolytica,2889,1,1,0,0,0,0,0,0
Bacteria,Proteobacteria,Gammaproteobacteria,Oceanospirillales,Oceanospirillaceae,Bacterioplanes,Bacterioplanes sanyensis,Bacterioplanes sanyensis,526,0,0,0,0,1,0,0,0
Bacteria,Proteobacteria,Gammaproteobacteria,Oceanospirillales,Oceanospirillaceae,Bermanella,Bermanella marisrubri,Bermanella marisrubri,580,1,1,4,4,1,1,6,0
Bacteria,Proteobacteria,Gammaproteobacteria,Oceanospirillales,Oceanospirillaceae,Marinobacterium,Marinobacterium aestuarii,Marinobacterium aestuarii,2965,6,1,3,4,2,1,4,1
Bacteria,Proteobacteria,Gammaproteobacteria,Oceanospirillales,Oceanospirillaceae,Marinobacterium,Marinobacterium sp. LSUCC0821,Marinobacterium sp. LSUCC0821,2966,1,2,0,0,0,1,0,0
Bacteria,Proteobacteria,Gammaproteobacteria,Oceanospirillales,Oceanospirillaceae,Marinomonas,Marinomonas mediterranea,Marinomonas mediterranea,2967,1,3,0,0,0,0,0,0
Bacteria,Proteobacteria,Gammaproteobacteria,Oceanospirillales,Oceanospirillaceae,Marinomonas,Marinomonas posidonica,Marinomonas posidonica,2968,3,3,3,1,0,0,0,0
Bacteria,Proteobacteria,Gammaproteobacteria,Oceanospirillales,Oceanospirillaceae,Marinomonas,Marinomonas primoryensis,Marinomonas primoryensis,2969,1,0,0,1,0,0,0,0
Bacteria,Proteobacteria,Gammaproteobacteria,Oceanospirillales,Oceanospirillaceae,Marinomonas,Marinomonas sp. FW-1,Marinomonas sp. FW-1,2970,0,1,0,0,0,0,1,0
Bacteria,Proteobacteria,Gammaproteobacteria,Oceanospirillales,Oceanospirillaceae,Marinomonas,Marinomonas sp. MWYL1,Marinomonas sp. MWYL1,2971,0,3,1,1,4,6,1,6
Bacteria,Proteobacteria,Gammaproteobacteria,Oceanospirillales,Oceanospirillaceae,Neptunomonas,Neptunomonas concharum,Neptunomonas concharum,3402,2,3,0,0,0,0,0,0
Bacteria,Proteobacteria,Gammaproteobacteria,Oceanospirillales,Oceanospirillaceae,Neptunomonas,Neptunomonas phycophila,Neptunomonas phycophila,3403,4,3,1,2,0,0,0,0
Bacteria,Proteobacteria,Gammaproteobacteria,Oceanospirillales,Oceanospirillaceae,Nitrincola,Nitrincola sp. KXZD1103,Nitrincola sp. KXZD1103,3415,1,0,1,0,0,0,0,0
Bacteria,Proteobacteria,Gammaproteobacteria,Oceanospirillales,Oceanospirillaceae,Oleispira,Oleispira antarctica,Oleispira antarctica,3585,1,7,1,5,0,3,4,3
Bacteria,Proteobacteria,Gammaproteobacteria,Oceanospirillales,Oceanospirillaceae,Thalassolituus,Thalassolituus oleivorans,Thalassolituus oleivorans,5085,2,2,8,4,1,9,17,12
Bacteria,Proteobacteria,Gammaproteobacteria,Oceanospirillales,Oleiphilaceae,Oleiphilus,Oleiphilus messinensis,Oleiphilus messinensis,3584,0,0,1,3,3,3,0,0
Bacteria,Proteobacteria,Gammaproteobacteria,Oceanospirillales,Saccharospirillaceae,Gynuella,Gynuella sunshinyii,Gynuella sunshinyii,2371,5,5,0,1,3,5,1,4
Bacteria,Proteobacteria,Gammaproteobacteria,Oceanospirillales,Saccharospirillaceae,Reinekea,Reinekea forsetii,Reinekea forsetii,4288,1,0,1,1,0,0,0,1
Bacteria,Proteobacteria,Gammaproteobacteria,Oceanospirillales,Saccharospirillaceae,Saccharospirillum,Saccharospirillum mangrovi,Saccharospirillum mangrovi,4456,1,1,0,2,0,2,0,1
Bacteria,Proteobacteria,Gammaproteobacteria,Orbales,Orbaceae,Frischella,Frischella perrara,Frischella perrara,1895,2,3,3,1,1,2,1,4
Bacteria,Proteobacteria,Gammaproteobacteria,Orbales,Orbaceae,Gilliamella,Gilliamella apicola,Gilliamella apicola,2321,8,6,2,4,0,0,0,0
Bacteria,Proteobacteria,Gammaproteobacteria,Orbales,Orbaceae,Orbus,Orbus sp. IPMB12,Orbus sp. IPMB12,3598,0,3,0,1,0,0,0,0
Bacteria,Proteobacteria,Gammaproteobacteria,Pasteurellales,Pasteurellaceae,Actinobacillus,Actinobacillus delphinicola,Actinobacillus delphinicola,104,3,1,2,4,0,3,0,1
Bacteria,Proteobacteria,Gammaproteobacteria,Pasteurellales,Pasteurellaceae,Actinobacillus,Actinobacillus equuli,Actinobacillus equuli,105,1,1,0,1,0,0,0,0
Bacteria,Proteobacteria,Gammaproteobacteria,Pasteurellales,Pasteurellaceae,Actinobacillus,Actinobacillus indolicus,Actinobacillus indolicus,106,4,0,0,2,0,0,0,0
Bacteria,Proteobacteria,Gammaproteobacteria,Pasteurellales,Pasteurellaceae,Actinobacillus,Actinobacillus pleuropneumoniae,Actinobacillus pleuropneumoniae,107,6,3,0,5,0,1,0,0
Bacteria,Proteobacteria,Gammaproteobacteria,Pasteurellales,Pasteurellaceae,Actinobacillus,Actinobacillus porcitonsillarum,Actinobacillus porcitonsillarum,108,0,1,1,3,4,4,6,5
Bacteria,Proteobacteria,Gammaproteobacteria,Pasteurellales,Pasteurellaceae,Actinobacillus,Actinobacillus succinogenes,Actinobacillus succinogenes,109,2,3,1,2,0,0,0,0
Bacteria,Proteobacteria,Gammaproteobacteria,Pasteurellales,Pasteurellaceae,Actinobacillus,Actinobacillus suis,Actinobacillus suis,110,1,9,3,2,0,0,0,0
Bacteria,Proteobacteria,Gammaproteobacteria,Pasteurellales,Pasteurellaceae,Aggregatibacter,Aggregatibacter actinomycetemcomitans,Aggregatibacter actinomycetemcomitans,184,2,1,1,1,0,1,0,0
Bacteria,Proteobacteria,Gammaproteobacteria,Pasteurellales,Pasteurellaceae,Aggregatibacter,Aggregatibacter aphrophilus,Aggregatibacter aphrophilus,185,5,1,0,2,0,0,0,0
Bacteria,Proteobacteria,Gammaproteobacteria,Pasteurellales,Pasteurellaceae,Aggregatibacter,Aggregatibacter segnis,Aggregatibacter segnis,186,1,0,0,1,0,0,0,0
Bacteria,Proteobacteria,Gammaproteobacteria,Pasteurellales,Pasteurellaceae,Avibacterium,Avibacterium paragallinarum,Avibacterium paragallinarum,422,2,3,21,8,7,22,28,6
Bacteria,Proteobacteria,Gammaproteobacteria,Pasteurellales,Pasteurellaceae,Avibacterium,Avibacterium volantium,Avibacterium volantium,423,0,5,2,3,6,1,2,3
Bacteria,Proteobacteria,Gammaproteobacteria,Pasteurellales,Pasteurellaceae,Bibersteinia,Bibersteinia trehalosi,Bibersteinia trehalosi,584,1,6,15,3,2,6,19,14
Bacteria,Proteobacteria,Gammaproteobacteria,Pasteurellales,Pasteurellaceae,Bisgaardia,Bisgaardia hudsonensis,Bisgaardia hudsonensis,603,3,0,3,1,0,0,1,0
Bacteria,Proteobacteria,Gammaproteobacteria,Pasteurellales,Pasteurellaceae,Frederiksenia,Frederiksenia canicola,Frederiksenia canicola,1892,6,0,0,1,0,0,0,0
Bacteria,Proteobacteria,Gammaproteobacteria,Pasteurellales,Pasteurellaceae,Gallibacterium,Gallibacterium anatis,Gallibacterium anatis,2272,2,2,2,1,0,0,0,0
Bacteria,Proteobacteria,Gammaproteobacteria,Pasteurellales,Pasteurellaceae,Glaesserella,Glaesserella parasuis,Glaesserella parasuis,2329,5,2,2,0,0,0,0,0
Bacteria,Proteobacteria,Gammaproteobacteria,Pasteurellales,Pasteurellaceae,Glaesserella,Glaesserella sp. 15-184,Glaesserella sp. 15-184,2330,1,1,0,2,0,0,0,0
Bacteria,Proteobacteria,Gammaproteobacteria,Pasteurellales,Pasteurellaceae,Haemophilus,Haemophilus aegyptius,Haemophilus aegyptius,2374,1,0,1,0,0,0,0,0
Bacteria,Proteobacteria,Gammaproteobacteria,Pasteurellales,Pasteurellaceae,Haemophilus,Haemophilus ducreyi,Haemophilus ducreyi,2375,1,0,0,0,0,0,0,0
Bacteria,Proteobacteria,Gammaproteobacteria,Pasteurellales,Pasteurellaceae,Haemophilus,Haemophilus haemolyticus,Haemophilus haemolyticus,2376,1,2,0,1,0,0,0,0
Bacteria,Proteobacteria,Gammaproteobacteria,Pasteurellales,Pasteurellaceae,Haemophilus,Haemophilus influenzae,Haemophilus influenzae,2377,2,4,1,0,0,0,0,0
Bacteria,Proteobacteria,Gammaproteobacteria,Pasteurellales,Pasteurellaceae,Haemophilus,Haemophilus parahaemolyticus,Haemophilus parahaemolyticus,2378,1,0,7,2,1,1,2,0
Bacteria,Proteobacteria,Gammaproteobacteria,Pasteurellales,Pasteurellaceae,Haemophilus,Haemophilus parainfluenzae,Haemophilus parainfluenzae,2379,4,4,4,0,0,0,0,0
Bacteria,Proteobacteria,Gammaproteobacteria,Pasteurellales,Pasteurellaceae,Haemophilus,Haemophilus pittmaniae,Haemophilus pittmaniae,2380,2,2,0,1,0,0,0,0
Bacteria,Proteobacteria,Gammaproteobacteria,Pasteurellales,Pasteurellaceae,Haemophilus,Haemophilus sp. oral taxon 036,Haemophilus sp. oral taxon 036,2381,1,1,0,0,0,0,0,0
Bacteria,Proteobacteria,Gammaproteobacteria,Pasteurellales,Pasteurellaceae,Histophilus,Histophilus somni,Histophilus somni,2495,6,9,32,4,13,15,26,9
Bacteria,Proteobacteria,Gammaproteobacteria,Pasteurellales,Pasteurellaceae,Mannheimia,Mannheimia granulomatis,Mannheimia granulomatis,2932,5,7,3,7,3,7,3,1
Bacteria,Proteobacteria,Gammaproteobacteria,Pasteurellales,Pasteurellaceae,Mannheimia,Mannheimia haemolytica,Mannheimia haemolytica,2933,8,4,0,1,3,1,2,1
Bacteria,Proteobacteria,Gammaproteobacteria,Pasteurellales,Pasteurellaceae,Mannheimia,Mannheimia sp. BNO311,Mannheimia sp. BNO311,2934,0,0,0,1,0,0,0,0
Bacteria,Proteobacteria,Gammaproteobacteria,Pasteurellales,Pasteurellaceae,Mannheimia,Mannheimia sp. USDA-ARS-USMARC-1261,Mannheimia sp. USDA-ARS-USMARC-1261,2935,1,7,0,2,0,0,0,0
Bacteria,Proteobacteria,Gammaproteobacteria,Pasteurellales,Pasteurellaceae,Mannheimia,Mannheimia varigena,Mannheimia varigena,2936,0,2,0,2,0,1,0,0
Bacteria,Proteobacteria,Gammaproteobacteria,Pasteurellales,Pasteurellaceae,Otariodibacter,Otariodibacter oris,Otariodibacter oris,3608,0,0,0,1,0,0,0,0
Bacteria,Proteobacteria,Gammaproteobacteria,Pasteurellales,Pasteurellaceae,Pasteurella,Pasteurella dagmatis,Pasteurella dagmatis,3796,0,1,0,0,0,0,0,0
Bacteria,Proteobacteria,Gammaproteobacteria,Pasteurellales,Pasteurellaceae,Pasteurella,Pasteurella multocida,Pasteurella multocida,3797,5,8,8,7,8,16,12,7
Bacteria,Proteobacteria,Gammaproteobacteria,Pasteurellales,Pasteurellaceae,Pasteurella,Pasteurella skyensis,Pasteurella skyensis,3798,3,0,6,0,0,0,2,3
Bacteria,Proteobacteria,Gammaproteobacteria,Pasteurellales,Pasteurellaceae,Rodentibacter,Rodentibacter heylii,Rodentibacter heylii,4387,0,0,0,1,0,0,0,0
Bacteria,Proteobacteria,Gammaproteobacteria,Pasteurellales,Pasteurellaceae,Rodentibacter,Rodentibacter pneumotropicus,Rodentibacter pneumotropicus,4388,1,2,0,2,0,0,0,0
Bacteria,Proteobacteria,Gammaproteobacteria,Pasteurellales,Pasteurellaceae,Vespertiliibacter,Vespertiliibacter pulmonis,Vespertiliibacter pulmonis,5247,2,0,1,1,1,1,0,0
Bacteria,Proteobacteria,Gammaproteobacteria,Pseudomonadales,Moraxellaceae,Acinetobacter,Acinetobacter baumannii,Acinetobacter baumannii,57,4,8,11,6,1,9,13,12
Bacteria,Proteobacteria,Gammaproteobacteria,Pseudomonadales,Moraxellaceae,Acinetobacter,Acinetobacter baylyi,Acinetobacter baylyi,58,4,1,0,0,0,0,0,0
Bacteria,Proteobacteria,Gammaproteobacteria,Pseudomonadales,Moraxellaceae,Acinetobacter,Acinetobacter calcoaceticus,Acinetobacter calcoaceticus,59,0,1,0,1,0,0,0,0
Bacteria,Proteobacteria,Gammaproteobacteria,Pseudomonadales,Moraxellaceae,Acinetobacter,Acinetobacter chinensis,Acinetobacter chinensis,60,1,0,0,0,0,0,0,0
Bacteria,Proteobacteria,Gammaproteobacteria,Pseudomonadales,Moraxellaceae,Acinetobacter,Acinetobacter cumulans,Acinetobacter cumulans,61,4,0,0,2,4,0,7,2
Bacteria,Proteobacteria,Gammaproteobacteria,Pseudomonadales,Moraxellaceae,Acinetobacter,Acinetobacter defluvii,Acinetobacter defluvii,62,2,0,0,0,0,0,0,0
Bacteria,Proteobacteria,Gammaproteobacteria,Pseudomonadales,Moraxellaceae,Acinetobacter,Acinetobacter dispersus,Acinetobacter dispersus,63,7,0,1,1,0,0,0,0
Bacteria,Proteobacteria,Gammaproteobacteria,Pseudomonadales,Moraxellaceae,Acinetobacter,Acinetobacter equi,Acinetobacter equi,64,4,1,1,1,0,0,0,0
Bacteria,Proteobacteria,Gammaproteobacteria,Pseudomonadales,Moraxellaceae,Acinetobacter,Acinetobacter guillouiae,Acinetobacter guillouiae,65,3,0,0,2,0,0,0,0
Bacteria,Proteobacteria,Gammaproteobacteria,Pseudomonadales,Moraxellaceae,Acinetobacter,Acinetobacter haemolyticus,Acinetobacter haemolyticus,66,5,10,1,4,4,3,5,4
Bacteria,Proteobacteria,Gammaproteobacteria,Pseudomonadales,Moraxellaceae,Acinetobacter,Acinetobacter indicus,Acinetobacter indicus,67,1,1,8,5,2,5,21,11
Bacteria,Proteobacteria,Gammaproteobacteria,Pseudomonadales,Moraxellaceae,Acinetobacter,Acinetobacter johnsonii,Acinetobacter johnsonii,68,4,0,0,0,0,0,0,0
Bacteria,Proteobacteria,Gammaproteobacteria,Pseudomonadales,Moraxellaceae,Acinetobacter,Acinetobacter junii,Acinetobacter junii,69,3,0,1,0,0,0,0,0
Bacteria,Proteobacteria,Gammaproteobacteria,Pseudomonadales,Moraxellaceae,Acinetobacter,Acinetobacter lactucae,Acinetobacter lactucae,70,0,0,2,1,0,0,0,0
Bacteria,Proteobacteria,Gammaproteobacteria,Pseudomonadales,Moraxellaceae,Acinetobacter,Acinetobacter larvae,Acinetobacter larvae,71,0,2,1,1,2,1,1,1
Bacteria,Proteobacteria,Gammaproteobacteria,Pseudomonadales,Moraxellaceae,Acinetobacter,Acinetobacter lwoffii,Acinetobacter lwoffii,72,2,2,12,3,2,7,9,1
Bacteria,Proteobacteria,Gammaproteobacteria,Pseudomonadales,Moraxellaceae,Acinetobacter,Acinetobacter nosocomialis,Acinetobacter nosocomialis,73,0,0,3,2,3,4,3,11
Bacteria,Proteobacteria,Gammaproteobacteria,Pseudomonadales,Moraxellaceae,Acinetobacter,Acinetobacter oleivorans,Acinetobacter oleivorans,74,1,1,0,1,0,0,0,0
Bacteria,Proteobacteria,Gammaproteobacteria,Pseudomonadales,Moraxellaceae,Acinetobacter,Acinetobacter pittii,Acinetobacter pittii,75,3,2,6,4,13,12,4,4
Bacteria,Proteobacteria,Gammaproteobacteria,Pseudomonadales,Moraxellaceae,Acinetobacter,Acinetobacter radioresistens,Acinetobacter radioresistens,76,4,5,15,5,5,4,19,9
Bacteria,Proteobacteria,Gammaproteobacteria,Pseudomonadales,Moraxellaceae,Acinetobacter,Acinetobacter schindleri,Acinetobacter schindleri,77,9,1,1,4,1,0,0,0
Bacteria,Proteobacteria,Gammaproteobacteria,Pseudomonadales,Moraxellaceae,Acinetobacter,Acinetobacter soli,Acinetobacter soli,78,1,0,0,0,0,0,0,0
Bacteria,Proteobacteria,Gammaproteobacteria,Pseudomonadales,Moraxellaceae,Acinetobacter,Acinetobacter sp. 10FS3-1,Acinetobacter sp. 10FS3-1,79,0,0,0,3,0,0,0,0
Bacteria,Proteobacteria,Gammaproteobacteria,Pseudomonadales,Moraxellaceae,Acinetobacter,Acinetobacter sp. 185,Acinetobacter sp. 185,80,0,1,0,0,0,0,0,0
Bacteria,Proteobacteria,Gammaproteobacteria,Pseudomonadales,Moraxellaceae,Acinetobacter,Acinetobacter sp. 323-1,Acinetobacter sp. 323-1,81,0,6,5,2,0,0,0,0
Bacteria,Proteobacteria,Gammaproteobacteria,Pseudomonadales,Moraxellaceae,Acinetobacter,Acinetobacter sp. ACNIH1,Acinetobacter sp. ACNIH1,82,0,1,0,1,0,0,0,0
Bacteria,Proteobacteria,Gammaproteobacteria,Pseudomonadales,Moraxellaceae,Acinetobacter,Acinetobacter sp. ACNIH2,Acinetobacter sp. ACNIH2,83,1,4,1,1,1,1,0,4
Bacteria,Proteobacteria,Gammaproteobacteria,Pseudomonadales,Moraxellaceae,Acinetobacter,Acinetobacter sp. C16S1,Acinetobacter sp. C16S1,84,1,0,0,1,0,0,0,0
Bacteria,Proteobacteria,Gammaproteobacteria,Pseudomonadales,Moraxellaceae,Acinetobacter,Acinetobacter sp. dk386,Acinetobacter sp. dk386,85,0,0,1,1,0,0,0,0
Bacteria,Proteobacteria,Gammaproteobacteria,Pseudomonadales,Moraxellaceae,Acinetobacter,Acinetobacter sp. FDAARGOS_724,Acinetobacter sp. FDAARGOS_724,86,0,1,0,1,0,0,0,0
Bacteria,Proteobacteria,Gammaproteobacteria,Pseudomonadales,Moraxellaceae,Acinetobacter,Acinetobacter sp. LoGeW2-3,Acinetobacter sp. LoGeW2-3,87,1,0,0,0,0,0,0,0
Bacteria,Proteobacteria,Gammaproteobacteria,Pseudomonadales,Moraxellaceae,Acinetobacter,Acinetobacter sp. Marseille-Q1620,Acinetobacter sp. Marseille-Q1620,88,1,1,0,2,0,0,0,0
Bacteria,Proteobacteria,Gammaproteobacteria,Pseudomonadales,Moraxellaceae,Acinetobacter,Acinetobacter sp. NCu2D-2,Acinetobacter sp. NCu2D-2,89,4,4,3,6,7,7,2,3
Bacteria,Proteobacteria,Gammaproteobacteria,Pseudomonadales,Moraxellaceae,Acinetobacter,Acinetobacter sp. NEB 394,Acinetobacter sp. NEB 394,90,1,1,0,0,0,0,0,0
Bacteria,Proteobacteria,Gammaproteobacteria,Pseudomonadales,Moraxellaceae,Acinetobacter,Acinetobacter sp. NEB149,Acinetobacter sp. NEB149,91,1,0,0,0,0,0,0,0
Bacteria,Proteobacteria,Gammaproteobacteria,Pseudomonadales,Moraxellaceae,Acinetobacter,Acinetobacter sp. TGL-Y2,Acinetobacter sp. TGL-Y2,92,1,2,1,3,0,0,0,0
Bacteria,Proteobacteria,Gammaproteobacteria,Pseudomonadales,Moraxellaceae,Acinetobacter,Acinetobacter sp. TTH0-4,Acinetobacter sp. TTH0-4,93,4,1,1,2,0,0,0,0
Bacteria,Proteobacteria,Gammaproteobacteria,Pseudomonadales,Moraxellaceae,Acinetobacter,Acinetobacter sp. WCHA45,Acinetobacter sp. WCHA45,94,2,2,0,3,0,0,0,0
Bacteria,Proteobacteria,Gammaproteobacteria,Pseudomonadales,Moraxellaceae,Acinetobacter,Acinetobacter sp. WCHA55,Acinetobacter sp. WCHA55,95,0,1,1,0,0,0,0,0
Bacteria,Proteobacteria,Gammaproteobacteria,Pseudomonadales,Moraxellaceae,Acinetobacter,Acinetobacter sp. WCHAc010034,Acinetobacter sp. WCHAc010034,96,1,0,1,2,0,0,0,0
Bacteria,Proteobacteria,Gammaproteobacteria,Pseudomonadales,Moraxellaceae,Acinetobacter,Acinetobacter sp. WCHAc010052,Acinetobacter sp. WCHAc010052,97,1,3,0,1,0,0,0,0
Bacteria,Proteobacteria,Gammaproteobacteria,Pseudomonadales,Moraxellaceae,Acinetobacter,Acinetobacter tandoii,Acinetobacter tandoii,98,2,2,0,1,0,0,0,0
Bacteria,Proteobacteria,Gammaproteobacteria,Pseudomonadales,Moraxellaceae,Acinetobacter,Acinetobacter towneri,Acinetobacter towneri,99,1,2,1,2,0,0,0,0
Bacteria,Proteobacteria,Gammaproteobacteria,Pseudomonadales,Moraxellaceae,Acinetobacter,Acinetobacter ursingii,Acinetobacter ursingii,100,0,2,0,2,0,2,0,0
Bacteria,Proteobacteria,Gammaproteobacteria,Pseudomonadales,Moraxellaceae,Acinetobacter,Acinetobacter venetianus,Acinetobacter venetianus,101,1,2,36,13,9,18,34,13
Bacteria,Proteobacteria,Gammaproteobacteria,Pseudomonadales,Moraxellaceae,Acinetobacter,Acinetobacter wuhouensis,Acinetobacter wuhouensis,102,2,0,1,0,0,1,0,0
Bacteria,Proteobacteria,Gammaproteobacteria,Pseudomonadales,Moraxellaceae,Moraxella,Moraxella bovis,Moraxella bovis,3236,0,3,2,1,0,0,0,0
Bacteria,Proteobacteria,Gammaproteobacteria,Pseudomonadales,Moraxellaceae,Moraxella,Moraxella bovoculi,Moraxella bovoculi,3237,0,0,0,1,0,0,0,0
Bacteria,Proteobacteria,Gammaproteobacteria,Pseudomonadales,Moraxellaceae,Moraxella,Moraxella catarrhalis,Moraxella catarrhalis,3238,2,0,1,3,0,0,0,0
Bacteria,Proteobacteria,Gammaproteobacteria,Pseudomonadales,Moraxellaceae,Moraxella,Moraxella cuniculi,Moraxella cuniculi,3239,2,1,23,3,1,10,18,9
Bacteria,Proteobacteria,Gammaproteobacteria,Pseudomonadales,Moraxellaceae,Moraxella,Moraxella osloensis,Moraxella osloensis,3240,5,1,2,0,0,1,2,0
Bacteria,Proteobacteria,Gammaproteobacteria,Pseudomonadales,Moraxellaceae,Psychrobacter,Psychrobacter arcticus,Psychrobacter arcticus,4242,2,0,0,2,0,0,0,0
Bacteria,Proteobacteria,Gammaproteobacteria,Pseudomonadales,Moraxellaceae,Psychrobacter,Psychrobacter cryohalolentis,Psychrobacter cryohalolentis,4243,0,0,0,0,0,1,0,0
Bacteria,Proteobacteria,Gammaproteobacteria,Pseudomonadales,Moraxellaceae,Psychrobacter,Psychrobacter sp. AntiMn-1,Psychrobacter sp. AntiMn-1,4244,0,0,10,0,1,9,7,4
Bacteria,Proteobacteria,Gammaproteobacteria,Pseudomonadales,Moraxellaceae,Psychrobacter,Psychrobacter sp. DAB_AL43B,Psychrobacter sp. DAB_AL43B,4245,3,1,4,1,1,2,2,1
Bacteria,Proteobacteria,Gammaproteobacteria,Pseudomonadales,Moraxellaceae,Psychrobacter,Psychrobacter sp. G,Psychrobacter sp. G,4246,0,0,0,0,0,1,0,1
Bacteria,Proteobacteria,Gammaproteobacteria,Pseudomonadales,Moraxellaceae,Psychrobacter,Psychrobacter sp. P11F6,Psychrobacter sp. P11F6,4247,0,1,2,0,1,0,1,0
Bacteria,Proteobacteria,Gammaproteobacteria,Pseudomonadales,Moraxellaceae,Psychrobacter,Psychrobacter sp. P11G3,Psychrobacter sp. P11G3,4248,0,0,3,0,1,1,4,2
Bacteria,Proteobacteria,Gammaproteobacteria,Pseudomonadales,Moraxellaceae,Psychrobacter,Psychrobacter sp. P11G5,Psychrobacter sp. P11G5,4249,1,2,0,0,7,4,2,8
Bacteria,Proteobacteria,Gammaproteobacteria,Pseudomonadales,Moraxellaceae,Psychrobacter,Psychrobacter sp. P2G3,Psychrobacter sp. P2G3,4250,1,2,0,0,0,0,0,0
Bacteria,Proteobacteria,Gammaproteobacteria,Pseudomonadales,Moraxellaceae,Psychrobacter,Psychrobacter sp. PRwf-1,Psychrobacter sp. PRwf-1,4251,1,0,0,1,0,0,0,0
Bacteria,Proteobacteria,Gammaproteobacteria,Pseudomonadales,Moraxellaceae,Psychrobacter,Psychrobacter urativorans,Psychrobacter urativorans,4252,0,1,0,0,0,0,0,0
Bacteria,Proteobacteria,Gammaproteobacteria,Pseudomonadales,Pseudomonadaceae,Azotobacter,Azotobacter chroococcum,Azotobacter chroococcum,441,0,2,3,1,0,1,3,0
Bacteria,Proteobacteria,Gammaproteobacteria,Pseudomonadales,Pseudomonadaceae,Azotobacter,Azotobacter salinestris,Azotobacter salinestris,442,0,1,0,1,0,0,0,0
Bacteria,Proteobacteria,Gammaproteobacteria,Pseudomonadales,Pseudomonadaceae,Azotobacter,Azotobacter vinelandii,Azotobacter vinelandii,443,0,3,27,4,4,14,32,15
Bacteria,Proteobacteria,Gammaproteobacteria,Pseudomonadales,Pseudomonadaceae,Oblitimonas,Oblitimonas alkaliphila,Oblitimonas alkaliphila,3559,0,3,3,2,0,1,0,0
Bacteria,Proteobacteria,Gammaproteobacteria,Pseudomonadales,Pseudomonadaceae,Permianibacter,Permianibacter aggregans,Permianibacter aggregans,3851,0,0,0,2,0,0,0,0
Bacteria,Proteobacteria,Gammaproteobacteria,Pseudomonadales,Pseudomonadaceae,Pseudomonas,Candidatus Pseudomonas adelgestsugas,Candidatus Pseudomonas adelgestsugas,953,2,0,0,0,0,0,0,0
Bacteria,Proteobacteria,Gammaproteobacteria,Pseudomonadales,Pseudomonadaceae,Pseudomonas,Pseudomonas aeruginosa,Pseudomonas aeruginosa,4085,10,0,2,4,0,0,0,0
Bacteria,Proteobacteria,Gammaproteobacteria,Pseudomonadales,Pseudomonadaceae,Pseudomonas,Pseudomonas agarici,Pseudomonas agarici,4086,2,1,0,0,0,0,0,0
Bacteria,Proteobacteria,Gammaproteobacteria,Pseudomonadales,Pseudomonadaceae,Pseudomonas,Pseudomonas alcaligenes,Pseudomonas alcaligenes,4087,0,0,0,1,0,0,0,0
Bacteria,Proteobacteria,Gammaproteobacteria,Pseudomonadales,Pseudomonadaceae,Pseudomonas,Pseudomonas alkylphenolica,Pseudomonas alkylphenolica,4088,1,0,1,2,0,0,1,0
Bacteria,Proteobacteria,Gammaproteobacteria,Pseudomonadales,Pseudomonadaceae,Pseudomonas,Pseudomonas antarctica,Pseudomonas antarctica,4089,0,1,3,0,0,0,0,0
Bacteria,Proteobacteria,Gammaproteobacteria,Pseudomonadales,Pseudomonadaceae,Pseudomonas,Pseudomonas arsenicoxydans,Pseudomonas arsenicoxydans,4090,0,0,2,1,1,0,1,1
Bacteria,Proteobacteria,Gammaproteobacteria,Pseudomonadales,Pseudomonadaceae,Pseudomonas,Pseudomonas asturiensis,Pseudomonas asturiensis,4091,2,4,4,1,7,2,2,3
Bacteria,Proteobacteria,Gammaproteobacteria,Pseudomonadales,Pseudomonadaceae,Pseudomonas,Pseudomonas azotoformans,Pseudomonas azotoformans,4092,1,3,2,1,0,0,0,0
Bacteria,Proteobacteria,Gammaproteobacteria,Pseudomonadales,Pseudomonadaceae,Pseudomonas,Pseudomonas balearica,Pseudomonas balearica,4093,1,2,0,0,0,0,0,0
Bacteria,Proteobacteria,Gammaproteobacteria,Pseudomonadales,Pseudomonadaceae,Pseudomonas,Pseudomonas brassicacearum,Pseudomonas brassicacearum,4094,0,1,0,2,0,0,0,0
Bacteria,Proteobacteria,Gammaproteobacteria,Pseudomonadales,Pseudomonadaceae,Pseudomonas,Pseudomonas brenneri,Pseudomonas brenneri,4095,6,0,0,5,5,7,0,1
Bacteria,Proteobacteria,Gammaproteobacteria,Pseudomonadales,Pseudomonadaceae,Pseudomonas,Pseudomonas cedrina,Pseudomonas cedrina,4096,0,1,0,0,0,0,0,0
Bacteria,Proteobacteria,Gammaproteobacteria,Pseudomonadales,Pseudomonadaceae,Pseudomonas,Pseudomonas cerasi,Pseudomonas cerasi,4097,0,1,0,0,0,0,0,0
Bacteria,Proteobacteria,Gammaproteobacteria,Pseudomonadales,Pseudomonadaceae,Pseudomonas,Pseudomonas chlororaphis,Pseudomonas chlororaphis,4098,7,7,5,1,3,2,1,3
Bacteria,Proteobacteria,Gammaproteobacteria,Pseudomonadales,Pseudomonadaceae,Pseudomonas,Pseudomonas cichorii,Pseudomonas cichorii,4099,2,0,1,0,0,1,0,0
Bacteria,Proteobacteria,Gammaproteobacteria,Pseudomonadales,Pseudomonadaceae,Pseudomonas,Pseudomonas citronellolis,Pseudomonas citronellolis,4100,1,2,0,1,0,1,3,1
Bacteria,Proteobacteria,Gammaproteobacteria,Pseudomonadales,Pseudomonadaceae,Pseudomonas,Pseudomonas coronafaciens,Pseudomonas coronafaciens,4101,1,0,0,0,0,0,0,0
Bacteria,Proteobacteria,Gammaproteobacteria,Pseudomonadales,Pseudomonadaceae,Pseudomonas,Pseudomonas corrugata,Pseudomonas corrugata,4102,0,1,0,0,1,0,0,0
Bacteria,Proteobacteria,Gammaproteobacteria,Pseudomonadales,Pseudomonadaceae,Pseudomonas,Pseudomonas cremoricolorata,Pseudomonas cremoricolorata,4103,0,0,2,1,0,0,0,0
Bacteria,Proteobacteria,Gammaproteobacteria,Pseudomonadales,Pseudomonadaceae,Pseudomonas,Pseudomonas denitrificans (nom. rej.),Pseudomonas denitrificans (nom. rej.),4104,1,0,1,0,0,0,1,0
Bacteria,Proteobacteria,Gammaproteobacteria,Pseudomonadales,Pseudomonadaceae,Pseudomonas,Pseudomonas entomophila,Pseudomonas entomophila,4105,0,2,36,5,6,5,15,16
Bacteria,Proteobacteria,Gammaproteobacteria,Pseudomonadales,Pseudomonadaceae,Pseudomonas,Pseudomonas extremaustralis,Pseudomonas extremaustralis,4106,2,0,0,0,1,0,0,0
Bacteria,Proteobacteria,Gammaproteobacteria,Pseudomonadales,Pseudomonadaceae,Pseudomonas,Pseudomonas fluorescens,Pseudomonas fluorescens,4107,18,12,14,8,6,8,16,11
Bacteria,Proteobacteria,Gammaproteobacteria,Pseudomonadales,Pseudomonadaceae,Pseudomonas,Pseudomonas frederiksbergensis,Pseudomonas frederiksbergensis,4108,1,3,3,2,0,0,2,0
Bacteria,Proteobacteria,Gammaproteobacteria,Pseudomonadales,Pseudomonadaceae,Pseudomonas,Pseudomonas furukawaii,Pseudomonas furukawaii,4109,5,0,0,3,3,3,4,1
Bacteria,Proteobacteria,Gammaproteobacteria,Pseudomonadales,Pseudomonadaceae,Pseudomonas,Pseudomonas graminis,Pseudomonas graminis,4110,1,2,1,2,1,3,2,9
Bacteria,Proteobacteria,Gammaproteobacteria,Pseudomonadales,Pseudomonadaceae,Pseudomonas,Pseudomonas granadensis,Pseudomonas granadensis,4111,3,0,0,2,6,4,3,1
Bacteria,Proteobacteria,Gammaproteobacteria,Pseudomonadales,Pseudomonadaceae,Pseudomonas,Pseudomonas guangdongensis,Pseudomonas guangdongensis,4112,1,0,0,0,0,0,0,0
Bacteria,Proteobacteria,Gammaproteobacteria,Pseudomonadales,Pseudomonadaceae,Pseudomonas,Pseudomonas knackmussii,Pseudomonas knackmussii,4113,4,0,0,2,0,0,0,0
Bacteria,Proteobacteria,Gammaproteobacteria,Pseudomonadales,Pseudomonadaceae,Pseudomonas,Pseudomonas koreensis,Pseudomonas koreensis,4114,0,1,1,1,0,0,0,0
Bacteria,Proteobacteria,Gammaproteobacteria,Pseudomonadales,Pseudomonadaceae,Pseudomonas,Pseudomonas kribbensis,Pseudomonas kribbensis,4115,0,0,30,2,4,7,23,10
Bacteria,Proteobacteria,Gammaproteobacteria,Pseudomonadales,Pseudomonadaceae,Pseudomonas,Pseudomonas lactis,Pseudomonas lactis,4116,1,0,0,0,0,0,0,0
Bacteria,Proteobacteria,Gammaproteobacteria,Pseudomonadales,Pseudomonadaceae,Pseudomonas,Pseudomonas litoralis,Pseudomonas litoralis,4117,4,3,0,2,0,0,0,0
Bacteria,Proteobacteria,Gammaproteobacteria,Pseudomonadales,Pseudomonadaceae,Pseudomonas,Pseudomonas luteola,Pseudomonas luteola,4118,0,1,0,1,0,0,0,0
Bacteria,Proteobacteria,Gammaproteobacteria,Pseudomonadales,Pseudomonadaceae,Pseudomonas,Pseudomonas mandelii,Pseudomonas mandelii,4119,0,1,0,0,0,0,0,0
Bacteria,Proteobacteria,Gammaproteobacteria,Pseudomonadales,Pseudomonadaceae,Pseudomonas,Pseudomonas marincola,Pseudomonas marincola,4120,0,0,0,2,6,2,2,1
Bacteria,Proteobacteria,Gammaproteobacteria,Pseudomonadales,Pseudomonadaceae,Pseudomonas,Pseudomonas mediterranea,Pseudomonas mediterranea,4121,0,4,3,0,0,0,0,0
Bacteria,Proteobacteria,Gammaproteobacteria,Pseudomonadales,Pseudomonadaceae,Pseudomonas,Pseudomonas mendocina,Pseudomonas mendocina,4122,5,2,5,4,0,1,2,2
Bacteria,Proteobacteria,Gammaproteobacteria,Pseudomonadales,Pseudomonadaceae,Pseudomonas,Pseudomonas migulae,Pseudomonas migulae,4124,1,0,0,0,0,0,0,0
Bacteria,Proteobacteria,Gammaproteobacteria,Pseudomonadales,Pseudomonadaceae,Pseudomonas,Pseudomonas monteilii,Pseudomonas monteilii,4125,0,3,1,4,1,2,0,1
Bacteria,Proteobacteria,Gammaproteobacteria,Pseudomonadales,Pseudomonadaceae,Pseudomonas,Pseudomonas moraviensis,Pseudomonas moraviensis,4126,3,2,0,0,0,0,0,0
Bacteria,Proteobacteria,Gammaproteobacteria,Pseudomonadales,Pseudomonadaceae,Pseudomonas,Pseudomonas mucidolens,Pseudomonas mucidolens,4127,1,0,0,1,2,0,0,1
Bacteria,Proteobacteria,Gammaproteobacteria,Pseudomonadales,Pseudomonadaceae,Pseudomonas,Pseudomonas multiresinivorans,Pseudomonas multiresinivorans,4128,4,0,0,0,0,0,0,0
Bacteria,Proteobacteria,Gammaproteobacteria,Pseudomonadales,Pseudomonadaceae,Pseudomonas,Pseudomonas oleovorans,Pseudomonas oleovorans,4129,0,0,0,1,0,0,0,0
Bacteria,Proteobacteria,Gammaproteobacteria,Pseudomonadales,Pseudomonadaceae,Pseudomonas,Pseudomonas orientalis,Pseudomonas orientalis,4130,3,0,0,0,0,0,0,0
Bacteria,Proteobacteria,Gammaproteobacteria,Pseudomonadales,Pseudomonadaceae,Pseudomonas,Pseudomonas oryzae,Pseudomonas oryzae,4131,2,1,0,0,0,0,0,0
Bacteria,Proteobacteria,Gammaproteobacteria,Pseudomonadales,Pseudomonadaceae,Pseudomonas,Pseudomonas oryzihabitans,Pseudomonas oryzihabitans,4132,2,1,0,1,0,0,0,1
Bacteria,Proteobacteria,Gammaproteobacteria,Pseudomonadales,Pseudomonadaceae,Pseudomonas,Pseudomonas otitidis,Pseudomonas otitidis,4133,2,0,0,2,0,0,0,0
Bacteria,Proteobacteria,Gammaproteobacteria,Pseudomonadales,Pseudomonadaceae,Pseudomonas,Pseudomonas palleroniana,Pseudomonas palleroniana,4134,3,3,0,1,0,1,0,1
Bacteria,Proteobacteria,Gammaproteobacteria,Pseudomonadales,Pseudomonadaceae,Pseudomonas,Pseudomonas parafulva,Pseudomonas parafulva,4135,0,1,0,0,0,0,0,0
Bacteria,Proteobacteria,Gammaproteobacteria,Pseudomonadales,Pseudomonadaceae,Pseudomonas,Pseudomonas pelagia,Pseudomonas pelagia,4136,0,3,0,0,0,1,0,1
Bacteria,Proteobacteria,Gammaproteobacteria,Pseudomonadales,Pseudomonadaceae,Pseudomonas,Pseudomonas pohangensis,Pseudomonas pohangensis,4137,1,2,1,6,0,0,0,0
Bacteria,Proteobacteria,Gammaproteobacteria,Pseudomonadales,Pseudomonadaceae,Pseudomonas,Pseudomonas prosekii,Pseudomonas prosekii,4138,0,0,0,1,0,0,0,0
Bacteria,Proteobacteria,Gammaproteobacteria,Pseudomonadales,Pseudomonadaceae,Pseudomonas,Pseudomonas protegens,Pseudomonas protegens,4139,2,2,0,1,0,0,0,0
Bacteria,Proteobacteria,Gammaproteobacteria,Pseudomonadales,Pseudomonadaceae,Pseudomonas,Pseudomonas psychrophila,Pseudomonas psychrophila,4140,0,0,0,1,4,1,0,0
Bacteria,Proteobacteria,Gammaproteobacteria,Pseudomonadales,Pseudomonadaceae,Pseudomonas,Pseudomonas psychrotolerans,Pseudomonas psychrotolerans,4141,1,1,5,1,0,0,0,0
Bacteria,Proteobacteria,Gammaproteobacteria,Pseudomonadales,Pseudomonadaceae,Pseudomonas,Pseudomonas putida,Pseudomonas putida,4142,12,15,10,10,16,4,8,4
Bacteria,Proteobacteria,Gammaproteobacteria,Pseudomonadales,Pseudomonadaceae,Pseudomonas,Pseudomonas reinekei,Pseudomonas reinekei,4143,1,1,1,0,0,1,0,0
Bacteria,Proteobacteria,Gammaproteobacteria,Pseudomonadales,Pseudomonadaceae,Pseudomonas,Pseudomonas resinovorans,Pseudomonas resinovorans,4144,0,2,1,1,3,3,1,1
Bacteria,Proteobacteria,Gammaproteobacteria,Pseudomonadales,Pseudomonadaceae,Pseudomonas,Pseudomonas rhodesiae,Pseudomonas rhodesiae,4145,1,0,0,0,0,0,0,0
Bacteria,Proteobacteria,Gammaproteobacteria,Pseudomonadales,Pseudomonadaceae,Pseudomonas,Pseudomonas sabulinigri,Pseudomonas sabulinigri,4146,1,4,1,2,0,0,0,0
Bacteria,Proteobacteria,Gammaproteobacteria,Pseudomonadales,Pseudomonadaceae,Pseudomonas,Pseudomonas salegens,Pseudomonas salegens,4147,1,3,2,1,0,0,0,1
Bacteria,Proteobacteria,Gammaproteobacteria,Pseudomonadales,Pseudomonadaceae,Pseudomonas,Pseudomonas saudiphocaensis,Pseudomonas saudiphocaensis,4148,0,0,0,1,0,0,0,0
Bacteria,Proteobacteria,Gammaproteobacteria,Pseudomonadales,Pseudomonadaceae,Pseudomonas,Pseudomonas sihuiensis,Pseudomonas sihuiensis,4149,0,0,2,0,1,1,2,0
Bacteria,Proteobacteria,Gammaproteobacteria,Pseudomonadales,Pseudomonadaceae,Pseudomonas,Pseudomonas silesiensis,Pseudomonas silesiensis,4150,1,2,2,0,0,0,0,0
Bacteria,Proteobacteria,Gammaproteobacteria,Pseudomonadales,Pseudomonadaceae,Pseudomonas,Pseudomonas soli,Pseudomonas soli,4151,0,0,0,1,0,0,0,0
Bacteria,Proteobacteria,Gammaproteobacteria,Pseudomonadales,Pseudomonadaceae,Pseudomonas,Pseudomonas sp. 31-12,Pseudomonas sp. 31-12,4152,0,2,0,0,0,0,0,0
Bacteria,Proteobacteria,Gammaproteobacteria,Pseudomonadales,Pseudomonadaceae,Pseudomonas,Pseudomonas sp. 7SR1,Pseudomonas sp. 7SR1,4153,2,0,0,3,0,0,0,0
Bacteria,Proteobacteria,Gammaproteobacteria,Pseudomonadales,Pseudomonadaceae,Pseudomonas,Pseudomonas sp. A214,Pseudomonas sp. A214,4154,1,0,1,1,0,0,0,0
Bacteria,Proteobacteria,Gammaproteobacteria,Pseudomonadales,Pseudomonadaceae,Pseudomonas,Pseudomonas sp. ABC1,Pseudomonas sp. ABC1,4155,0,0,0,1,0,0,0,0
Bacteria,Proteobacteria,Gammaproteobacteria,Pseudomonadales,Pseudomonadaceae,Pseudomonas,Pseudomonas sp. ACM7,Pseudomonas sp. ACM7,4156,1,0,0,0,0,0,0,0
Bacteria,Proteobacteria,Gammaproteobacteria,Pseudomonadales,Pseudomonadaceae,Pseudomonas,Pseudomonas sp. ADAK13,Pseudomonas sp. ADAK13,4157,2,2,0,0,0,0,0,0
Bacteria,Proteobacteria,Gammaproteobacteria,Pseudomonadales,Pseudomonadaceae,Pseudomonas,Pseudomonas sp. ADAK18,Pseudomonas sp. ADAK18,4158,0,0,0,1,0,0,0,0
Bacteria,Proteobacteria,Gammaproteobacteria,Pseudomonadales,Pseudomonadaceae,Pseudomonas,Pseudomonas sp. ATCC 13867,Pseudomonas sp. ATCC 13867,4159,3,1,0,1,0,0,1,0
Bacteria,Proteobacteria,Gammaproteobacteria,Pseudomonadales,Pseudomonadaceae,Pseudomonas,Pseudomonas sp. B10,Pseudomonas sp. B10,4160,1,0,4,4,0,2,2,3
Bacteria,Proteobacteria,Gammaproteobacteria,Pseudomonadales,Pseudomonadaceae,Pseudomonas,Pseudomonas sp. C27(2019),Pseudomonas sp. C27(2019),4161,2,3,1,2,7,1,5,2
Bacteria,Proteobacteria,Gammaproteobacteria,Pseudomonadales,Pseudomonadaceae,Pseudomonas,Pseudomonas sp. CC6-YY-74,Pseudomonas sp. CC6-YY-74,4162,3,1,18,4,2,14,32,15
Bacteria,Proteobacteria,Gammaproteobacteria,Pseudomonadales,Pseudomonadaceae,Pseudomonas,Pseudomonas sp. CCOS 191,Pseudomonas sp. CCOS 191,4163,1,0,0,0,1,0,6,1
Bacteria,Proteobacteria,Gammaproteobacteria,Pseudomonadales,Pseudomonadaceae,Pseudomonas,Pseudomonas sp. CMR12a,Pseudomonas sp. CMR12a,4164,0,1,0,1,4,3,0,0
Bacteria,Proteobacteria,Gammaproteobacteria,Pseudomonadales,Pseudomonadaceae,Pseudomonas,Pseudomonas sp. CMR5c,Pseudomonas sp. CMR5c,4165,0,1,0,0,0,0,0,0
Bacteria,Proteobacteria,Gammaproteobacteria,Pseudomonadales,Pseudomonadaceae,Pseudomonas,Pseudomonas sp. DG56-2,Pseudomonas sp. DG56-2,4166,2,0,0,2,0,0,0,0
Bacteria,Proteobacteria,Gammaproteobacteria,Pseudomonadales,Pseudomonadaceae,Pseudomonas,Pseudomonas sp. DR 5-09,Pseudomonas sp. DR 5-09,4167,0,0,1,0,0,0,0,0
Bacteria,Proteobacteria,Gammaproteobacteria,Pseudomonadales,Pseudomonadaceae,Pseudomonas,Pseudomonas sp. DY-1,Pseudomonas sp. DY-1,4168,1,2,6,4,7,10,12,7
Bacteria,Proteobacteria,Gammaproteobacteria,Pseudomonadales,Pseudomonadaceae,Pseudomonas,Pseudomonas sp. gcc21,Pseudomonas sp. gcc21,4169,0,0,0,1,0,0,0,0
Bacteria,Proteobacteria,Gammaproteobacteria,Pseudomonadales,Pseudomonadaceae,Pseudomonas,Pseudomonas sp. HLS-6,Pseudomonas sp. HLS-6,4170,0,1,26,5,3,14,25,2
Bacteria,Proteobacteria,Gammaproteobacteria,Pseudomonadales,Pseudomonadaceae,Pseudomonas,Pseudomonas sp. K2W31S-8,Pseudomonas sp. K2W31S-8,4171,1,0,0,0,0,0,0,0
Bacteria,Proteobacteria,Gammaproteobacteria,Pseudomonadales,Pseudomonadaceae,Pseudomonas,Pseudomonas sp. Leaf58,Pseudomonas sp. Leaf58,4172,1,1,1,2,2,2,3,1
Bacteria,Proteobacteria,Gammaproteobacteria,Pseudomonadales,Pseudomonadaceae,Pseudomonas,Pseudomonas sp. LG1D9,Pseudomonas sp. LG1D9,4173,0,0,1,1,0,0,0,0
Bacteria,Proteobacteria,Gammaproteobacteria,Pseudomonadales,Pseudomonadaceae,Pseudomonas,Pseudomonas sp. LG1E9,Pseudomonas sp. LG1E9,4174,0,2,0,0,0,0,0,0
Bacteria,Proteobacteria,Gammaproteobacteria,Pseudomonadales,Pseudomonadaceae,Pseudomonas,Pseudomonas sp. LPH1,Pseudomonas sp. LPH1,4175,1,0,0,0,0,0,0,0
Bacteria,Proteobacteria,Gammaproteobacteria,Pseudomonadales,Pseudomonadaceae,Pseudomonas,Pseudomonas sp. LTGT-11-2Z,Pseudomonas sp. LTGT-11-2Z,4176,0,0,1,0,0,0,0,0
Bacteria,Proteobacteria,Gammaproteobacteria,Pseudomonadales,Pseudomonadaceae,Pseudomonas,Pseudomonas sp. M30-35,Pseudomonas sp. M30-35,4177,1,1,3,1,0,0,1,0
Bacteria,Proteobacteria,Gammaproteobacteria,Pseudomonadales,Pseudomonadaceae,Pseudomonas,Pseudomonas sp. MSPm1,Pseudomonas sp. MSPm1,4178,0,1,0,0,1,2,0,3
Bacteria,Proteobacteria,Gammaproteobacteria,Pseudomonadales,Pseudomonadaceae,Pseudomonas,Pseudomonas sp. NIBRBAC000502773,Pseudomonas sp. NIBRBAC000502773,4179,0,0,27,7,4,15,22,20
Bacteria,Proteobacteria,Gammaproteobacteria,Pseudomonadales,Pseudomonadaceae,Pseudomonas,Pseudomonas sp. NP-1,Pseudomonas sp. NP-1,4180,0,0,3,0,1,1,3,0
Bacteria,Proteobacteria,Gammaproteobacteria,Pseudomonadales,Pseudomonadaceae,Pseudomonas,Pseudomonas sp. NS1(2017),Pseudomonas sp. NS1(2017),4181,1,0,0,0,0,0,0,0
Bacteria,Proteobacteria,Gammaproteobacteria,Pseudomonadales,Pseudomonadaceae,Pseudomonas,Pseudomonas sp. OIL-1,Pseudomonas sp. OIL-1,4182,4,4,1,2,0,0,0,0
Bacteria,Proteobacteria,Gammaproteobacteria,Pseudomonadales,Pseudomonadaceae,Pseudomonas,Pseudomonas sp. PE08,Pseudomonas sp. PE08,4183,1,1,1,1,0,0,0,0
Bacteria,Proteobacteria,Gammaproteobacteria,Pseudomonadales,Pseudomonadaceae,Pseudomonas,Pseudomonas sp. PONIH3,Pseudomonas sp. PONIH3,4184,1,0,0,2,0,0,0,0
Bacteria,Proteobacteria,Gammaproteobacteria,Pseudomonadales,Pseudomonadaceae,Pseudomonas,Pseudomonas sp. R2-60-08W,Pseudomonas sp. R2-60-08W,4185,0,0,0,2,0,0,0,0
Bacteria,Proteobacteria,Gammaproteobacteria,Pseudomonadales,Pseudomonadaceae,Pseudomonas,Pseudomonas sp. R2A2,Pseudomonas sp. R2A2,4186,0,1,0,0,0,0,0,0
Bacteria,Proteobacteria,Gammaproteobacteria,Pseudomonadales,Pseudomonadaceae,Pseudomonas,Pseudomonas sp. R3-18-08,Pseudomonas sp. R3-18-08,4187,0,0,0,1,0,0,0,0
Bacteria,Proteobacteria,Gammaproteobacteria,Pseudomonadales,Pseudomonadaceae,Pseudomonas,Pseudomonas sp. R32,Pseudomonas sp. R32,4188,0,0,1,1,0,0,0,0
Bacteria,Proteobacteria,Gammaproteobacteria,Pseudomonadales,Pseudomonadaceae,Pseudomonas,Pseudomonas sp. R4-35-07,Pseudomonas sp. R4-35-07,4189,0,1,0,1,1,0,0,0
Bacteria,Proteobacteria,Gammaproteobacteria,Pseudomonadales,Pseudomonadaceae,Pseudomonas,Pseudomonas sp. R5-89-07,Pseudomonas sp. R5-89-07,4190,2,1,2,1,7,4,1,5
Bacteria,Proteobacteria,Gammaproteobacteria,Pseudomonadales,Pseudomonadaceae,Pseudomonas,Pseudomonas sp. R76,Pseudomonas sp. R76,4191,1,0,4,1,3,0,0,1
Bacteria,Proteobacteria,Gammaproteobacteria,Pseudomonadales,Pseudomonadaceae,Pseudomonas,Pseudomonas sp. R84,Pseudomonas sp. R84,4192,0,0,1,1,0,0,0,0
Bacteria,Proteobacteria,Gammaproteobacteria,Pseudomonadales,Pseudomonadaceae,Pseudomonas,Pseudomonas sp. S-6-2,Pseudomonas sp. S-6-2,4193,1,0,0,0,0,0,0,0
Bacteria,Proteobacteria,Gammaproteobacteria,Pseudomonadales,Pseudomonadaceae,Pseudomonas,Pseudomonas sp. S1-A32-2,Pseudomonas sp. S1-A32-2,4194,5,1,29,4,9,8,27,13
Bacteria,Proteobacteria,Gammaproteobacteria,Pseudomonadales,Pseudomonadaceae,Pseudomonas,Pseudomonas sp. s211(2017),Pseudomonas sp. s211(2017),4195,0,0,0,1,0,0,0,0
Bacteria,Proteobacteria,Gammaproteobacteria,Pseudomonadales,Pseudomonadaceae,Pseudomonas,Pseudomonas sp. S34,Pseudomonas sp. S34,4196,1,0,0,0,0,0,0,0
Bacteria,Proteobacteria,Gammaproteobacteria,Pseudomonadales,Pseudomonadaceae,Pseudomonas,Pseudomonas sp. S35,Pseudomonas sp. S35,4197,0,3,1,0,0,0,0,0
Bacteria,Proteobacteria,Gammaproteobacteria,Pseudomonadales,Pseudomonadaceae,Pseudomonas,Pseudomonas sp. SK,Pseudomonas sp. SK,4198,2,2,0,3,6,1,1,1
Bacteria,Proteobacteria,Gammaproteobacteria,Pseudomonadales,Pseudomonadaceae,Pseudomonas,Pseudomonas sp. SNU WT1,Pseudomonas sp. SNU WT1,4199,0,0,0,0,1,2,2,1
Bacteria,Proteobacteria,Gammaproteobacteria,Pseudomonadales,Pseudomonadaceae,Pseudomonas,Pseudomonas sp. St29,Pseudomonas sp. St29,4200,1,0,0,0,0,0,0,0
Bacteria,Proteobacteria,Gammaproteobacteria,Pseudomonadales,Pseudomonadaceae,Pseudomonas,Pseudomonas sp. StFLB209,Pseudomonas sp. StFLB209,4201,6,0,0,2,0,0,0,0
Bacteria,Proteobacteria,Gammaproteobacteria,Pseudomonadales,Pseudomonadaceae,Pseudomonas,Pseudomonas sp. SWI44,Pseudomonas sp. SWI44,4202,1,0,0,0,0,0,0,0
Bacteria,Proteobacteria,Gammaproteobacteria,Pseudomonadales,Pseudomonadaceae,Pseudomonas,Pseudomonas sp. TCU-HL1,Pseudomonas sp. TCU-HL1,4203,2,0,0,0,0,0,0,0
Bacteria,Proteobacteria,Gammaproteobacteria,Pseudomonadales,Pseudomonadaceae,Pseudomonas,Pseudomonas sp. THAF7b,Pseudomonas sp. THAF7b,4204,0,0,1,0,0,0,0,0
Bacteria,Proteobacteria,Gammaproteobacteria,Pseudomonadales,Pseudomonadaceae,Pseudomonas,Pseudomonas sp. TKP,Pseudomonas sp. TKP,4205,0,1,0,0,0,0,0,0
Bacteria,Proteobacteria,Gammaproteobacteria,Pseudomonadales,Pseudomonadaceae,Pseudomonas,Pseudomonas sp. TMW 2.1634,Pseudomonas sp. TMW 2.1634,4206,0,0,0,0,0,0,0,1
Bacteria,Proteobacteria,Gammaproteobacteria,Pseudomonadales,Pseudomonadaceae,Pseudomonas,Pseudomonas sp. TUM18999,Pseudomonas sp. TUM18999,4207,5,0,0,0,1,1,3,1
Bacteria,Proteobacteria,Gammaproteobacteria,Pseudomonadales,Pseudomonadaceae,Pseudomonas,Pseudomonas sp. URMO17WK12:I11,Pseudomonas sp. URMO17WK12:I11,4208,0,1,0,2,0,0,0,0
Bacteria,Proteobacteria,Gammaproteobacteria,Pseudomonadales,Pseudomonadaceae,Pseudomonas,Pseudomonas sp. UW4,Pseudomonas sp. UW4,4209,2,4,1,1,0,0,0,0
Bacteria,Proteobacteria,Gammaproteobacteria,Pseudomonadales,Pseudomonadaceae,Pseudomonas,Pseudomonas sp. XWY-1,Pseudomonas sp. XWY-1,4210,0,0,1,0,0,0,0,0
Bacteria,Proteobacteria,Gammaproteobacteria,Pseudomonadales,Pseudomonadaceae,Pseudomonas,Pseudomonas sp. Z003-0.4C(8344-21),Pseudomonas sp. Z003-0.4C(8344-21),4211,0,0,1,0,0,0,0,0
Bacteria,Proteobacteria,Gammaproteobacteria,Pseudomonadales,Pseudomonadaceae,Pseudomonas,Pseudomonas stutzeri,Pseudomonas stutzeri,4212,11,11,8,16,15,6,11,8
Bacteria,Proteobacteria,Gammaproteobacteria,Pseudomonadales,Pseudomonadaceae,Pseudomonas,Pseudomonas synxantha,Pseudomonas synxantha,4213,0,1,0,0,0,0,0,0
Bacteria,Proteobacteria,Gammaproteobacteria,Pseudomonadales,Pseudomonadaceae,Pseudomonas,Pseudomonas syringae,Pseudomonas syringae,4214,3,4,36,2,4,14,29,15
Bacteria,Proteobacteria,Gammaproteobacteria,Pseudomonadales,Pseudomonadaceae,Pseudomonas,Pseudomonas syringae group genomosp. 3,Pseudomonas syringae group genomosp. 3,4215,0,0,1,0,0,0,0,0
Bacteria,Proteobacteria,Gammaproteobacteria,Pseudomonadales,Pseudomonadaceae,Pseudomonas,Pseudomonas taetrolens,Pseudomonas taetrolens,4216,1,1,0,0,0,0,0,0
Bacteria,Proteobacteria,Gammaproteobacteria,Pseudomonadales,Pseudomonadaceae,Pseudomonas,Pseudomonas thivervalensis,Pseudomonas thivervalensis,4217,2,1,0,0,0,0,0,0
Bacteria,Proteobacteria,Gammaproteobacteria,Pseudomonadales,Pseudomonadaceae,Pseudomonas,Pseudomonas trivialis,Pseudomonas trivialis,4218,3,2,0,0,0,0,0,0
Bacteria,Proteobacteria,Gammaproteobacteria,Pseudomonadales,Pseudomonadaceae,Pseudomonas,Pseudomonas umsongensis,Pseudomonas umsongensis,4219,0,0,0,1,0,0,0,0
Bacteria,Proteobacteria,Gammaproteobacteria,Pseudomonadales,Pseudomonadaceae,Pseudomonas,Pseudomonas vancouverensis,Pseudomonas vancouverensis,4220,2,2,1,0,0,0,0,0
Bacteria,Proteobacteria,Gammaproteobacteria,Pseudomonadales,Pseudomonadaceae,Pseudomonas,Pseudomonas versuta,Pseudomonas versuta,4221,0,0,2,2,1,3,1,1
Bacteria,Proteobacteria,Gammaproteobacteria,Pseudomonadales,Pseudomonadaceae,Pseudomonas,Pseudomonas xanthomarina,Pseudomonas xanthomarina,4223,4,0,1,1,4,0,3,1
Bacteria,Proteobacteria,Gammaproteobacteria,Pseudomonadales,Pseudomonadaceae,Pseudomonas,Pseudomonas xinjiangensis,Pseudomonas xinjiangensis,4224,1,1,1,3,0,0,0,1
Bacteria,Proteobacteria,Gammaproteobacteria,Pseudomonadales,Pseudomonadaceae,Pseudomonas,Pseudomonas yamanorum,Pseudomonas yamanorum,4225,1,0,0,1,0,0,1,0
Bacteria,Proteobacteria,Gammaproteobacteria,Salinisphaerales,Salinisphaeraceae,Salinisphaera,Salinisphaera sp. LB1,Salinisphaera sp. LB1,4476,1,1,0,0,0,0,0,0
Bacteria,Proteobacteria,Gammaproteobacteria,Thiotrichales,Francisellaceae,Allofrancisella,Allofrancisella frigidaquae,Allofrancisella frigidaquae,244,1,0,0,0,0,0,0,0
Bacteria,Proteobacteria,Gammaproteobacteria,Thiotrichales,Francisellaceae,Allofrancisella,Allofrancisella inopinata,Allofrancisella inopinata,245,1,0,0,0,0,0,0,0
Bacteria,Proteobacteria,Gammaproteobacteria,Thiotrichales,Francisellaceae,Francisella,Francisella frigiditurris,Francisella frigiditurris,1877,0,1,0,1,0,0,0,0
Bacteria,Proteobacteria,Gammaproteobacteria,Thiotrichales,Francisellaceae,Francisella,Francisella hispaniensis,Francisella hispaniensis,1878,3,2,1,1,0,0,0,0
Bacteria,Proteobacteria,Gammaproteobacteria,Thiotrichales,Francisellaceae,Francisella,Francisella marina,Francisella marina,1879,0,1,0,1,0,0,0,0
Bacteria,Proteobacteria,Gammaproteobacteria,Thiotrichales,Francisellaceae,Francisella,Francisella orientalis,Francisella orientalis,1880,0,1,0,1,0,0,0,0
Bacteria,Proteobacteria,Gammaproteobacteria,Thiotrichales,Francisellaceae,Francisella,Francisella persica,Francisella persica,1881,0,0,1,0,0,0,0,1
Bacteria,Proteobacteria,Gammaproteobacteria,Thiotrichales,Francisellaceae,Francisella,Francisella philomiragia,Francisella philomiragia,1882,5,2,0,2,0,0,0,0
Bacteria,Proteobacteria,Gammaproteobacteria,Thiotrichales,Francisellaceae,Francisella,Francisella sp. FSC1006,Francisella sp. FSC1006,1883,3,5,25,2,6,7,32,14
Bacteria,Proteobacteria,Gammaproteobacteria,Thiotrichales,Francisellaceae,Francisella,Francisella sp. Scap27,Francisella sp. Scap27,1884,1,0,1,0,0,1,0,1
Bacteria,Proteobacteria,Gammaproteobacteria,Thiotrichales,Francisellaceae,Francisella,Francisella tularensis,Francisella tularensis,1885,1,2,2,0,0,0,0,0
Bacteria,Proteobacteria,Gammaproteobacteria,Thiotrichales,Francisellaceae,Francisella,Francisella uliginis,Francisella uliginis,1886,5,2,1,2,0,0,0,0
Bacteria,Proteobacteria,Gammaproteobacteria,Thiotrichales,Piscirickettsiaceae,Cycloclasticus,Cycloclasticus zancles,Cycloclasticus zancles,1359,2,0,0,1,0,0,0,0
Bacteria,Proteobacteria,Gammaproteobacteria,Thiotrichales,Piscirickettsiaceae,Hydrogenovibrio,Hydrogenovibrio crunogenus,Hydrogenovibrio crunogenus,2518,1,2,3,3,0,1,1,0
Bacteria,Proteobacteria,Gammaproteobacteria,Thiotrichales,Piscirickettsiaceae,Hydrogenovibrio,Hydrogenovibrio marinus,Hydrogenovibrio marinus,2519,1,1,11,4,1,9,10,6
Bacteria,Proteobacteria,Gammaproteobacteria,Thiotrichales,Piscirickettsiaceae,Hydrogenovibrio,Hydrogenovibrio thermophilus,Hydrogenovibrio thermophilus,2520,1,3,29,4,9,12,34,18
Bacteria,Proteobacteria,Gammaproteobacteria,Thiotrichales,Piscirickettsiaceae,Methylophaga,Methylophaga frappieri,Methylophaga frappieri,3137,2,1,1,3,0,0,0,0
Bacteria,Proteobacteria,Gammaproteobacteria,Thiotrichales,Piscirickettsiaceae,Methylophaga,Methylophaga nitratireducenticrescens,Methylophaga nitratireducenticrescens,3138,0,2,1,2,5,3,0,3
Bacteria,Proteobacteria,Gammaproteobacteria,Thiotrichales,Piscirickettsiaceae,Piscirickettsia,Piscirickettsia salmonis,Piscirickettsia salmonis,3888,5,5,0,3,2,3,0,0
Bacteria,Proteobacteria,Gammaproteobacteria,Thiotrichales,Piscirickettsiaceae,Thiomicrorhabdus,Thiomicrorhabdus aquaedulcis,Thiomicrorhabdus aquaedulcis,5170,1,0,0,0,0,0,0,0
Bacteria,Proteobacteria,Gammaproteobacteria,Thiotrichales,Piscirickettsiaceae,Thiomicrorhabdus,Thiomicrorhabdus indica,Thiomicrorhabdus indica,5171,1,1,0,2,0,0,0,0
Bacteria,Proteobacteria,Gammaproteobacteria,Thiotrichales,Piscirickettsiaceae,Thiomicrorhabdus,Thiomicrorhabdus sp. aks77,Thiomicrorhabdus sp. aks77,5172,4,1,1,0,0,0,0,0
Bacteria,Proteobacteria,Gammaproteobacteria,Thiotrichales,Piscirickettsiaceae,Thiomicrorhabdus,Thiomicrorhabdus sp. AkT22,Thiomicrorhabdus sp. AkT22,5173,0,5,1,0,0,0,0,0
Bacteria,Proteobacteria,Gammaproteobacteria,Thiotrichales,Piscirickettsiaceae,Thiomicrorhabdus,Thiomicrorhabdus sp. G1,Thiomicrorhabdus sp. G1,5174,2,2,1,0,0,0,1,2
Bacteria,Proteobacteria,Gammaproteobacteria,Thiotrichales,Piscirickettsiaceae,Thiomicrorhabdus,Thiomicrorhabdus sp. G2,Thiomicrorhabdus sp. G2,5175,5,1,3,1,0,0,0,0
Bacteria,Proteobacteria,Gammaproteobacteria,Thiotrichales,Piscirickettsiaceae,Thiomicrospira,Thiomicrospira aerophila,Thiomicrospira aerophila,5176,0,1,0,0,0,0,0,0
Bacteria,Proteobacteria,Gammaproteobacteria,Thiotrichales,Piscirickettsiaceae,Thiomicrospira,Thiomicrospira cyclica,Thiomicrospira cyclica,5177,0,1,0,1,0,0,0,0
Bacteria,Proteobacteria,Gammaproteobacteria,Thiotrichales,Piscirickettsiaceae,Thiomicrospira,Thiomicrospira sp. S5,Thiomicrospira sp. S5,5178,1,0,0,0,0,0,0,0
Bacteria,Proteobacteria,Gammaproteobacteria,Thiotrichales,Thiotrichaceae,Beggiatoa,Beggiatoa leptomitoformis,Beggiatoa leptomitoformis,574,2,1,6,2,0,6,15,5
Bacteria,Proteobacteria,Gammaproteobacteria,Thiotrichales,Thiotrichaceae,Thioploca,Thioploca ingrica,Thioploca ingrica,5181,1,1,0,0,0,0,0,0
Bacteria,Proteobacteria,Gammaproteobacteria,Vibrionales,Vibrionaceae,Aliivibrio,Aliivibrio fischeri,Aliivibrio fischeri,222,6,4,0,5,0,0,0,0
Bacteria,Proteobacteria,Gammaproteobacteria,Vibrionales,Vibrionaceae,Aliivibrio,Aliivibrio salmonicida,Aliivibrio salmonicida,223,2,1,0,0,0,0,0,0
Bacteria,Proteobacteria,Gammaproteobacteria,Vibrionales,Vibrionaceae,Aliivibrio,Aliivibrio wodanis,Aliivibrio wodanis,224,5,1,0,1,0,0,0,0
Bacteria,Proteobacteria,Gammaproteobacteria,Vibrionales,Vibrionaceae,Enterovibrio,Candidatus Enterovibrio luxaltus,Candidatus Enterovibrio luxaltus,884,0,2,0,0,0,0,0,0
Bacteria,Proteobacteria,Gammaproteobacteria,Vibrionales,Vibrionaceae,Grimontia,Grimontia hollisae,Grimontia hollisae,2367,4,3,3,2,0,0,0,0
Bacteria,Proteobacteria,Gammaproteobacteria,Vibrionales,Vibrionaceae,Paraphotobacterium,Paraphotobacterium marinum,Paraphotobacterium marinum,3782,3,0,0,0,1,0,1,0
Bacteria,Proteobacteria,Gammaproteobacteria,Vibrionales,Vibrionaceae,Photobacterium,Photobacterium damselae,Photobacterium damselae,3866,2,1,44,15,5,10,30,14
Bacteria,Proteobacteria,Gammaproteobacteria,Vibrionales,Vibrionaceae,Photobacterium,Photobacterium gaetbulicola,Photobacterium gaetbulicola,3867,3,0,3,1,5,3,11,2
Bacteria,Proteobacteria,Gammaproteobacteria,Vibrionales,Vibrionaceae,Photobacterium,Photobacterium profundum,Photobacterium profundum,3869,1,1,0,1,1,0,2,0
Bacteria,Proteobacteria,Gammaproteobacteria,Vibrionales,Vibrionaceae,Salinivibrio,Salinivibrio costicola,Salinivibrio costicola,4479,1,0,0,0,0,0,0,0
Bacteria,Proteobacteria,Gammaproteobacteria,Vibrionales,Vibrionaceae,Salinivibrio,Salinivibrio kushneri,Salinivibrio kushneri,4480,0,1,2,0,0,1,2,0
Bacteria,Proteobacteria,Gammaproteobacteria,Vibrionales,Vibrionaceae,Vibrio,Vibrio alfacsensis,Vibrio alfacsensis,5248,2,2,9,1,0,3,8,4
Bacteria,Proteobacteria,Gammaproteobacteria,Vibrionales,Vibrionaceae,Vibrio,Vibrio alginolyticus,Vibrio alginolyticus,5249,9,4,6,4,6,6,6,8
Bacteria,Proteobacteria,Gammaproteobacteria,Vibrionales,Vibrionaceae,Vibrio,Vibrio anguillarum,Vibrio anguillarum,5250,0,3,2,0,3,0,0,0
Bacteria,Proteobacteria,Gammaproteobacteria,Vibrionales,Vibrionaceae,Vibrio,Vibrio aphrogenes,Vibrio aphrogenes,5251,1,0,0,1,0,0,0,0
Bacteria,Proteobacteria,Gammaproteobacteria,Vibrionales,Vibrionaceae,Vibrio,Vibrio astriarenae,Vibrio astriarenae,5252,1,2,0,1,0,2,2,0
Bacteria,Proteobacteria,Gammaproteobacteria,Vibrionales,Vibrionaceae,Vibrio,Vibrio atlanticus,Vibrio atlanticus,5253,1,1,0,0,0,0,0,0
Bacteria,Proteobacteria,Gammaproteobacteria,Vibrionales,Vibrionaceae,Vibrio,Vibrio azureus,Vibrio azureus,5254,2,7,7,4,6,4,3,3
Bacteria,Proteobacteria,Gammaproteobacteria,Vibrionales,Vibrionaceae,Vibrio,Vibrio breoganii,Vibrio breoganii,5255,3,0,1,1,0,0,1,0
Bacteria,Proteobacteria,Gammaproteobacteria,Vibrionales,Vibrionaceae,Vibrio,Vibrio campbellii,Vibrio campbellii,5256,6,1,4,2,0,0,1,0
Bacteria,Proteobacteria,Gammaproteobacteria,Vibrionales,Vibrionaceae,Vibrio,Vibrio casei,Vibrio casei,5257,2,6,29,6,3,9,29,23
Bacteria,Proteobacteria,Gammaproteobacteria,Vibrionales,Vibrionaceae,Vibrio,Vibrio chagasii,Vibrio chagasii,5258,1,6,3,3,0,0,0,1
Bacteria,Proteobacteria,Gammaproteobacteria,Vibrionales,Vibrionaceae,Vibrio,Vibrio cholerae,Vibrio cholerae,5259,3,5,5,2,0,3,0,1
Bacteria,Proteobacteria,Gammaproteobacteria,Vibrionales,Vibrionaceae,Vibrio,Vibrio cidicii,Vibrio cidicii,5260,0,0,1,1,0,0,0,0
Bacteria,Proteobacteria,Gammaproteobacteria,Vibrionales,Vibrionaceae,Vibrio,Vibrio cincinnatiensis,Vibrio cincinnatiensis,5261,2,4,0,1,0,0,0,0
Bacteria,Proteobacteria,Gammaproteobacteria,Vibrionales,Vibrionaceae,Vibrio,Vibrio coralliilyticus,Vibrio coralliilyticus,5262,1,3,0,3,2,3,2,2
Bacteria,Proteobacteria,Gammaproteobacteria,Vibrionales,Vibrionaceae,Vibrio,Vibrio cyclitrophicus,Vibrio cyclitrophicus,5263,0,0,1,3,0,0,0,0
Bacteria,Proteobacteria,Gammaproteobacteria,Vibrionales,Vibrionaceae,Vibrio,Vibrio diabolicus,Vibrio diabolicus,5264,0,1,0,1,0,0,0,0
Bacteria,Proteobacteria,Gammaproteobacteria,Vibrionales,Vibrionaceae,Vibrio,Vibrio europaeus,Vibrio europaeus,5265,1,0,0,0,0,0,0,0
Bacteria,Proteobacteria,Gammaproteobacteria,Vibrionales,Vibrionaceae,Vibrio,Vibrio fluvialis,Vibrio fluvialis,5266,6,4,4,4,0,0,0,0
Bacteria,Proteobacteria,Gammaproteobacteria,Vibrionales,Vibrionaceae,Vibrio,Vibrio furnissii,Vibrio furnissii,5267,5,1,0,0,0,0,0,0
Bacteria,Proteobacteria,Gammaproteobacteria,Vibrionales,Vibrionaceae,Vibrio,Vibrio gazogenes,Vibrio gazogenes,5268,2,2,3,5,0,0,0,1
Bacteria,Proteobacteria,Gammaproteobacteria,Vibrionales,Vibrionaceae,Vibrio,Vibrio harveyi,Vibrio harveyi,5269,2,1,1,2,0,0,0,2
Bacteria,Proteobacteria,Gammaproteobacteria,Vibrionales,Vibrionaceae,Vibrio,Vibrio hyugaensis,Vibrio hyugaensis,5270,0,3,2,2,1,2,2,3
Bacteria,Proteobacteria,Gammaproteobacteria,Vibrionales,Vibrionaceae,Vibrio,Vibrio jasicida,Vibrio jasicida,5271,2,0,0,1,0,0,0,0
Bacteria,Proteobacteria,Gammaproteobacteria,Vibrionales,Vibrionaceae,Vibrio,Vibrio mediterranei,Vibrio mediterranei,5272,4,10,0,4,0,1,1,0
Bacteria,Proteobacteria,Gammaproteobacteria,Vibrionales,Vibrionaceae,Vibrio,Vibrio metoecus,Vibrio metoecus,5273,1,0,0,1,0,0,0,0
Bacteria,Proteobacteria,Gammaproteobacteria,Vibrionales,Vibrionaceae,Vibrio,Vibrio mimicus,Vibrio mimicus,5274,1,3,5,2,8,6,3,7
Bacteria,Proteobacteria,Gammaproteobacteria,Vibrionales,Vibrionaceae,Vibrio,Vibrio natriegens,Vibrio natriegens,5275,2,1,0,0,0,0,0,0
Bacteria,Proteobacteria,Gammaproteobacteria,Vibrionales,Vibrionaceae,Vibrio,Vibrio navarrensis,Vibrio navarrensis,5276,2,6,2,1,0,0,0,0
Bacteria,Proteobacteria,Gammaproteobacteria,Vibrionales,Vibrionaceae,Vibrio,Vibrio nigripulchritudo,Vibrio nigripulchritudo,5277,3,3,0,1,2,0,0,1
Bacteria,Proteobacteria,Gammaproteobacteria,Vibrionales,Vibrionaceae,Vibrio,Vibrio owensii,Vibrio owensii,5278,4,1,1,1,2,0,2,0
Bacteria,Proteobacteria,Gammaproteobacteria,Vibrionales,Vibrionaceae,Vibrio,Vibrio panuliri,Vibrio panuliri,5279,0,5,0,0,0,0,0,0
Bacteria,Proteobacteria,Gammaproteobacteria,Vibrionales,Vibrionaceae,Vibrio,Vibrio parahaemolyticus,Vibrio parahaemolyticus,5280,5,6,2,3,0,0,0,0
Bacteria,Proteobacteria,Gammaproteobacteria,Vibrionales,Vibrionaceae,Vibrio,Vibrio ponticus,Vibrio ponticus,5282,1,3,1,3,0,0,0,0
Bacteria,Proteobacteria,Gammaproteobacteria,Vibrionales,Vibrionaceae,Vibrio,Vibrio rotiferianus,Vibrio rotiferianus,5283,1,1,2,0,0,0,0,0
Bacteria,Proteobacteria,Gammaproteobacteria,Vibrionales,Vibrionaceae,Vibrio,Vibrio rumoiensis,Vibrio rumoiensis,5284,1,4,0,1,1,0,0,0
Bacteria,Proteobacteria,Gammaproteobacteria,Vibrionales,Vibrionaceae,Vibrio,Vibrio scophthalmi,Vibrio scophthalmi,5285,1,4,1,2,0,0,0,0
Bacteria,Proteobacteria,Gammaproteobacteria,Vibrionales,Vibrionaceae,Vibrio,Vibrio sp. 2521-89,Vibrio sp. 2521-89,5286,4,1,0,0,0,0,0,0
Bacteria,Proteobacteria,Gammaproteobacteria,Vibrionales,Vibrionaceae,Vibrio,Vibrio sp. EJY3,Vibrio sp. EJY3,5287,0,1,0,1,0,0,0,0
Bacteria,Proteobacteria,Gammaproteobacteria,Vibrionales,Vibrionaceae,Vibrio,Vibrio sp. HBUAS61001,Vibrio sp. HBUAS61001,5288,4,3,1,1,2,0,0,0
Bacteria,Proteobacteria,Gammaproteobacteria,Vibrionales,Vibrionaceae,Vibrio,Vibrio sp. HDW18,Vibrio sp. HDW18,5289,3,0,1,0,0,0,0,0
Bacteria,Proteobacteria,Gammaproteobacteria,Vibrionales,Vibrionaceae,Vibrio,Vibrio sp. Scap24,Vibrio sp. Scap24,5290,1,3,2,0,1,0,0,0
Bacteria,Proteobacteria,Gammaproteobacteria,Vibrionales,Vibrionaceae,Vibrio,Vibrio sp. SM1977,Vibrio sp. SM1977,5291,2,2,0,1,0,1,0,0
Bacteria,Proteobacteria,Gammaproteobacteria,Vibrionales,Vibrionaceae,Vibrio,Vibrio sp. THAF100,Vibrio sp. THAF100,5292,1,3,37,8,17,28,28,24
Bacteria,Proteobacteria,Gammaproteobacteria,Vibrionales,Vibrionaceae,Vibrio,Vibrio sp. THAF190c,Vibrio sp. THAF190c,5293,0,2,2,1,0,1,1,1
Bacteria,Proteobacteria,Gammaproteobacteria,Vibrionales,Vibrionaceae,Vibrio,Vibrio sp. ZWAL4003,Vibrio sp. ZWAL4003,5294,2,2,0,0,0,0,0,0
Bacteria,Proteobacteria,Gammaproteobacteria,Vibrionales,Vibrionaceae,Vibrio,Vibrio spartinae,Vibrio spartinae,5295,1,1,2,0,0,0,0,0
Bacteria,Proteobacteria,Gammaproteobacteria,Vibrionales,Vibrionaceae,Vibrio,Vibrio splendidus,Vibrio splendidus,5296,0,1,0,2,0,0,0,0
Bacteria,Proteobacteria,Gammaproteobacteria,Vibrionales,Vibrionaceae,Vibrio,Vibrio taketomensis,Vibrio taketomensis,5297,4,3,1,1,0,0,0,1
Bacteria,Proteobacteria,Gammaproteobacteria,Vibrionales,Vibrionaceae,Vibrio,Vibrio tapetis,Vibrio tapetis,5298,2,2,0,1,0,0,0,0
Bacteria,Proteobacteria,Gammaproteobacteria,Vibrionales,Vibrionaceae,Vibrio,Vibrio tritonius,Vibrio tritonius,5299,4,7,21,6,4,15,31,17
Bacteria,Proteobacteria,Gammaproteobacteria,Vibrionales,Vibrionaceae,Vibrio,Vibrio tubiashii,Vibrio tubiashii,5300,4,1,0,0,0,0,1,2
Bacteria,Proteobacteria,Gammaproteobacteria,Vibrionales,Vibrionaceae,Vibrio,Vibrio vulnificus,Vibrio vulnificus,5302,1,7,0,5,0,1,0,0
Bacteria,Proteobacteria,Gammaproteobacteria,Xanthomonadales,Rhodanobacteraceae,Ahniella,Ahniella affigens,Ahniella affigens,203,0,1,0,0,1,1,0,0
Bacteria,Proteobacteria,Gammaproteobacteria,Xanthomonadales,Rhodanobacteraceae,Dokdonella,Dokdonella koreensis,Dokdonella koreensis,1498,2,1,0,0,0,0,0,0
Bacteria,Proteobacteria,Gammaproteobacteria,Xanthomonadales,Rhodanobacteraceae,Dyella,Dyella japonica,Dyella japonica,1513,6,0,2,1,0,0,0,1
Bacteria,Proteobacteria,Gammaproteobacteria,Xanthomonadales,Rhodanobacteraceae,Dyella,Dyella sp. M7H15-1,Dyella sp. M7H15-1,1514,1,1,2,1,0,1,1,5
Bacteria,Proteobacteria,Gammaproteobacteria,Xanthomonadales,Rhodanobacteraceae,Dyella,Dyella thiooxydans,Dyella thiooxydans,1515,2,1,0,7,0,0,0,0
Bacteria,Proteobacteria,Gammaproteobacteria,Xanthomonadales,Rhodanobacteraceae,Frateuria,Frateuria aurantia,Frateuria aurantia,1891,0,3,27,4,5,13,19,15
Bacteria,Proteobacteria,Gammaproteobacteria,Xanthomonadales,Rhodanobacteraceae,Luteibacter,Luteibacter pinisoli,Luteibacter pinisoli,2893,0,1,0,0,0,0,0,0
Bacteria,Proteobacteria,Gammaproteobacteria,Xanthomonadales,Rhodanobacteraceae,Luteibacter,Luteibacter rhizovicinus,Luteibacter rhizovicinus,2894,1,0,1,3,0,0,1,0
Bacteria,Proteobacteria,Gammaproteobacteria,Xanthomonadales,Rhodanobacteraceae,Rhodanobacter,Rhodanobacter denitrificans,Rhodanobacter denitrificans,4322,0,0,27,5,5,10,33,8
Bacteria,Proteobacteria,Gammaproteobacteria,Xanthomonadales,Xanthomonadaceae,Arenimonas,Arenimonas daejeonensis,Arenimonas daejeonensis,380,2,0,1,1,1,0,1,0
Bacteria,Proteobacteria,Gammaproteobacteria,Xanthomonadales,Xanthomonadaceae,Luteimonas,Luteimonas chenhongjianii,Luteimonas chenhongjianii,2895,1,5,0,1,3,0,0,0
Bacteria,Proteobacteria,Gammaproteobacteria,Xanthomonadales,Xanthomonadaceae,Luteimonas,Luteimonas granuli,Luteimonas granuli,2896,3,0,0,0,0,0,0,0
Bacteria,Proteobacteria,Gammaproteobacteria,Xanthomonadales,Xanthomonadaceae,Luteimonas,Luteimonas sp. JM171,Luteimonas sp. JM171,2897,2,0,0,0,0,0,0,0
Bacteria,Proteobacteria,Gammaproteobacteria,Xanthomonadales,Xanthomonadaceae,Luteimonas,Luteimonas sp. YGD11-2,Luteimonas sp. YGD11-2,2898,3,0,0,1,0,0,0,0
Bacteria,Proteobacteria,Gammaproteobacteria,Xanthomonadales,Xanthomonadaceae,Luteimonas,Luteimonas yindakuii,Luteimonas yindakuii,2899,4,0,0,0,0,0,0,0
Bacteria,Proteobacteria,Gammaproteobacteria,Xanthomonadales,Xanthomonadaceae,Lysobacter,Lysobacter alkalisoli,Lysobacter alkalisoli,2910,2,7,34,3,11,13,19,17
Bacteria,Proteobacteria,Gammaproteobacteria,Xanthomonadales,Xanthomonadaceae,Lysobacter,Lysobacter antibioticus,Lysobacter antibioticus,2911,3,0,0,0,0,1,0,0
Bacteria,Proteobacteria,Gammaproteobacteria,Xanthomonadales,Xanthomonadaceae,Lysobacter,Lysobacter capsici,Lysobacter capsici,2912,4,3,2,1,0,0,0,0
Bacteria,Proteobacteria,Gammaproteobacteria,Xanthomonadales,Xanthomonadaceae,Lysobacter,Lysobacter enzymogenes,Lysobacter enzymogenes,2913,3,1,2,3,1,1,1,2
Bacteria,Proteobacteria,Gammaproteobacteria,Xanthomonadales,Xanthomonadaceae,Lysobacter,Lysobacter gummosus,Lysobacter gummosus,2914,1,0,0,1,2,1,1,0
Bacteria,Proteobacteria,Gammaproteobacteria,Xanthomonadales,Xanthomonadaceae,Lysobacter,Lysobacter lycopersici,Lysobacter lycopersici,2915,0,2,0,0,0,0,0,0
Bacteria,Proteobacteria,Gammaproteobacteria,Xanthomonadales,Xanthomonadaceae,Lysobacter,Lysobacter oculi,Lysobacter oculi,2916,2,1,0,1,1,0,0,0
Bacteria,Proteobacteria,Gammaproteobacteria,Xanthomonadales,Xanthomonadaceae,Lysobacter,Lysobacter soli,Lysobacter soli,2917,4,1,2,2,0,0,0,0
Bacteria,Proteobacteria,Gammaproteobacteria,Xanthomonadales,Xanthomonadaceae,Lysobacter,Lysobacter sp. HDW10,Lysobacter sp. HDW10,2918,2,0,1,2,0,1,0,0
Bacteria,Proteobacteria,Gammaproteobacteria,Xanthomonadales,Xanthomonadaceae,Lysobacter,Lysobacter sp. TY2-98,Lysobacter sp. TY2-98,2919,1,1,0,1,0,0,0,0
Bacteria,Proteobacteria,Gammaproteobacteria,Xanthomonadales,Xanthomonadaceae,Pseudolysobacter,Pseudolysobacter antarcticus,Pseudolysobacter antarcticus,4083,0,2,0,2,0,0,0,0
Bacteria,Proteobacteria,Gammaproteobacteria,Xanthomonadales,Xanthomonadaceae,Pseudoxanthomonas,Pseudoxanthomonas spadix,Pseudoxanthomonas spadix,4238,3,0,0,2,0,0,0,0
Bacteria,Proteobacteria,Gammaproteobacteria,Xanthomonadales,Xanthomonadaceae,Pseudoxanthomonas,Pseudoxanthomonas suwonensis,Pseudoxanthomonas suwonensis,4239,2,4,0,2,2,1,1,1
Bacteria,Proteobacteria,Gammaproteobacteria,Xanthomonadales,Xanthomonadaceae,Stenotrophomonas,Stenotrophomonas acidaminiphila,Stenotrophomonas acidaminiphila,4771,3,0,1,0,0,0,0,0
Bacteria,Proteobacteria,Gammaproteobacteria,Xanthomonadales,Xanthomonadaceae,Stenotrophomonas,Stenotrophomonas maltophilia,Stenotrophomonas maltophilia,4772,29,14,41,16,21,21,67,21
Bacteria,Proteobacteria,Gammaproteobacteria,Xanthomonadales,Xanthomonadaceae,Stenotrophomonas,Stenotrophomonas rhizophila,Stenotrophomonas rhizophila,4773,0,2,0,0,2,0,0,0
Bacteria,Proteobacteria,Gammaproteobacteria,Xanthomonadales,Xanthomonadaceae,Stenotrophomonas,Stenotrophomonas sp. 364,Stenotrophomonas sp. 364,4774,3,1,2,0,0,0,0,0
Bacteria,Proteobacteria,Gammaproteobacteria,Xanthomonadales,Xanthomonadaceae,Stenotrophomonas,Stenotrophomonas sp. ASS1,Stenotrophomonas sp. ASS1,4775,0,1,0,0,0,0,0,0
Bacteria,Proteobacteria,Gammaproteobacteria,Xanthomonadales,Xanthomonadaceae,Stenotrophomonas,Stenotrophomonas sp. ESTM1D_MKCIP4_1,Stenotrophomonas sp. ESTM1D_MKCIP4_1,4776,0,1,0,0,0,0,0,0
Bacteria,Proteobacteria,Gammaproteobacteria,Xanthomonadales,Xanthomonadaceae,Stenotrophomonas,Stenotrophomonas sp. LM091,Stenotrophomonas sp. LM091,4777,1,2,0,0,0,0,0,0
Bacteria,Proteobacteria,Gammaproteobacteria,Xanthomonadales,Xanthomonadaceae,Stenotrophomonas,Stenotrophomonas sp. MYb57,Stenotrophomonas sp. MYb57,4778,3,0,1,0,0,0,0,0
Bacteria,Proteobacteria,Gammaproteobacteria,Xanthomonadales,Xanthomonadaceae,Stenotrophomonas,Stenotrophomonas sp. NA06056,Stenotrophomonas sp. NA06056,4779,0,1,1,1,1,1,1,1
Bacteria,Proteobacteria,Gammaproteobacteria,Xanthomonadales,Xanthomonadaceae,Stenotrophomonas,Stenotrophomonas sp. WZN-1,Stenotrophomonas sp. WZN-1,4780,1,0,0,0,0,0,0,0
Bacteria,Proteobacteria,Gammaproteobacteria,Xanthomonadales,Xanthomonadaceae,Stenotrophomonas,Stenotrophomonas sp. YAU14D1_LEIMI4_1,Stenotrophomonas sp. YAU14D1_LEIMI4_1,4781,0,1,0,0,0,0,0,0
Bacteria,Proteobacteria,Gammaproteobacteria,Xanthomonadales,Xanthomonadaceae,Stenotrophomonas,Stenotrophomonas sp. ZAC14A_NAIMI4_1,Stenotrophomonas sp. ZAC14A_NAIMI4_1,4782,0,1,0,1,0,0,0,0
Bacteria,Proteobacteria,Gammaproteobacteria,Xanthomonadales,Xanthomonadaceae,Stenotrophomonas,Stenotrophomonas sp. ZAC14D2_NAIMI4_6,Stenotrophomonas sp. ZAC14D2_NAIMI4_6,4783,1,0,0,0,0,0,0,0
Bacteria,Proteobacteria,Gammaproteobacteria,Xanthomonadales,Xanthomonadaceae,Stenotrophomonas,Stenotrophomonas sp. ZAC14D2_NAIMI4_7,Stenotrophomonas sp. ZAC14D2_NAIMI4_7,4784,0,0,0,0,0,1,0,1
Bacteria,Proteobacteria,Gammaproteobacteria,Xanthomonadales,Xanthomonadaceae,Thermomonas,Thermomonas sp. HDW16,Thermomonas sp. HDW16,5145,1,0,2,1,0,2,3,0
Bacteria,Proteobacteria,Gammaproteobacteria,Xanthomonadales,Xanthomonadaceae,Thermomonas,Thermomonas sp. SY21,Thermomonas sp. SY21,5146,0,0,1,1,0,0,0,0
Bacteria,Proteobacteria,Gammaproteobacteria,Xanthomonadales,Xanthomonadaceae,Xanthomonas,Xanthomonas arboricola,Xanthomonas arboricola,5348,0,1,1,0,0,0,0,0
Bacteria,Proteobacteria,Gammaproteobacteria,Xanthomonadales,Xanthomonadaceae,Xanthomonas,Xanthomonas campestris,Xanthomonas campestris,5349,1,0,2,0,4,0,1,0
Bacteria,Proteobacteria,Gammaproteobacteria,Xanthomonadales,Xanthomonadaceae,Xanthomonas,Xanthomonas cassavae,Xanthomonas cassavae,5350,1,0,0,3,0,0,1,1
Bacteria,Proteobacteria,Gammaproteobacteria,Xanthomonadales,Xanthomonadaceae,Xanthomonas,Xanthomonas citri,Xanthomonas citri,5351,1,2,3,2,0,4,2,2
Bacteria,Proteobacteria,Gammaproteobacteria,Xanthomonadales,Xanthomonadaceae,Xanthomonas,Xanthomonas cucurbitae,Xanthomonas cucurbitae,5352,2,0,0,0,0,0,0,0
Bacteria,Proteobacteria,Gammaproteobacteria,Xanthomonadales,Xanthomonadaceae,Xanthomonas,Xanthomonas euvesicatoria,Xanthomonas euvesicatoria,5353,0,0,0,1,0,0,0,0
Bacteria,Proteobacteria,Gammaproteobacteria,Xanthomonadales,Xanthomonadaceae,Xanthomonas,Xanthomonas fragariae,Xanthomonas fragariae,5354,1,0,0,0,0,0,0,0
Bacteria,Proteobacteria,Gammaproteobacteria,Xanthomonadales,Xanthomonadaceae,Xanthomonas,Xanthomonas hortorum,Xanthomonas hortorum,5355,0,4,41,5,4,11,24,14
Bacteria,Proteobacteria,Gammaproteobacteria,Xanthomonadales,Xanthomonadaceae,Xanthomonas,Xanthomonas hyacinthi,Xanthomonas hyacinthi,5356,1,0,0,0,0,0,0,0
Bacteria,Proteobacteria,Gammaproteobacteria,Xanthomonadales,Xanthomonadaceae,Xanthomonas,Xanthomonas oryzae,Xanthomonas oryzae,5357,3,0,0,0,0,0,0,0
Bacteria,Proteobacteria,Gammaproteobacteria,Xanthomonadales,Xanthomonadaceae,Xanthomonas,Xanthomonas perforans,Xanthomonas perforans,5358,0,1,2,3,4,3,1,1
Bacteria,Proteobacteria,Gammaproteobacteria,Xanthomonadales,Xanthomonadaceae,Xanthomonas,Xanthomonas phaseoli,Xanthomonas phaseoli,5359,0,1,0,1,2,0,0,0
Bacteria,Proteobacteria,Gammaproteobacteria,Xanthomonadales,Xanthomonadaceae,Xanthomonas,Xanthomonas sacchari,Xanthomonas sacchari,5360,0,1,0,1,1,0,0,0
Bacteria,Proteobacteria,Gammaproteobacteria,Xanthomonadales,Xanthomonadaceae,Xanthomonas,Xanthomonas sp. CPBF 424,Xanthomonas sp. CPBF 424,5361,0,0,0,1,0,0,0,0
Bacteria,Proteobacteria,Gammaproteobacteria,Xanthomonadales,Xanthomonadaceae,Xanthomonas,Xanthomonas translucens,Xanthomonas translucens,5362,0,2,0,2,2,0,1,0
Bacteria,Proteobacteria,Gammaproteobacteria,Xanthomonadales,Xanthomonadaceae,Xanthomonas,Xanthomonas vasicola,Xanthomonas vasicola,5363,3,1,0,0,0,0,0,0
Bacteria,Proteobacteria,Gammaproteobacteria,Xanthomonadales,Xanthomonadaceae,Xanthomonas,Xanthomonas vesicatoria,Xanthomonas vesicatoria,5364,3,1,0,1,0,0,0,0
Bacteria,Proteobacteria,Gammaproteobacteria,Xanthomonadales,Xanthomonadaceae,Xylella,Xylella taiwanensis,Xylella taiwanensis,5372,1,0,0,0,0,0,0,0
Bacteria,Proteobacteria,Hydrogenophilalia,Hydrogenophilales,Hydrogenophilaceae,Hydrogenophilus,Hydrogenophilus thermoluteolus,Hydrogenophilus thermoluteolus,2517,0,1,0,3,0,0,0,0
Bacteria,Proteobacteria,Oligoflexia,Bacteriovoracales,Bacteriovoracaceae,Bacteriovorax,Bacteriovorax stolpii,Bacteriovorax stolpii,527,2,0,3,2,0,0,0,0
Bacteria,Proteobacteria,Oligoflexia,Bacteriovoracales,Halobacteriovoraceae,Halobacteriovorax,Halobacteriovorax marinus,Halobacteriovorax marinus,2406,4,4,2,3,0,1,0,1
Bacteria,Proteobacteria,Oligoflexia,Bacteriovoracales,Halobacteriovoraceae,Halobacteriovorax,Halobacteriovorax sp. BALOs_7,Halobacteriovorax sp. BALOs_7,2407,6,2,1,0,0,0,0,0
Bacteria,Proteobacteria,Oligoflexia,Bdellovibrionales,Bdellovibrionaceae,Bdellovibrio,Bdellovibrio bacteriovorus,Bdellovibrio bacteriovorus,569,5,9,1,4,0,0,1,0
Bacteria,Proteobacteria,Oligoflexia,Bdellovibrionales,Bdellovibrionaceae,Bdellovibrio,Bdellovibrio exovorus,Bdellovibrio exovorus,570,1,5,1,2,2,0,0,0
Bacteria,Proteobacteria,Oligoflexia,Bdellovibrionales,Bdellovibrionaceae,Bdellovibrio,Bdellovibrio sp. KM01,Bdellovibrio sp. KM01,571,1,1,1,2,0,0,0,0
Bacteria,Proteobacteria,Oligoflexia,Bdellovibrionales,Bdellovibrionaceae,Bdellovibrio,Bdellovibrio sp. NC01,Bdellovibrio sp. NC01,572,1,0,0,0,0,0,0,0
Bacteria,Proteobacteria,Oligoflexia,Bdellovibrionales,Bdellovibrionaceae,Bdellovibrio,Bdellovibrio sp. ZAP7,Bdellovibrio sp. ZAP7,573,5,0,2,2,0,1,2,0
Bacteria,Proteobacteria,Oligoflexia,Silvanigrellales,Silvanigrellaceae,Silvanigrella,Silvanigrella aquatica,Silvanigrella aquatica,4578,2,1,0,0,0,0,0,0
Bacteria,Proteobacteria,Zetaproteobacteria,Mariprofundales,Mariprofundaceae,Mariprofundus,Mariprofundus aestuarium,Mariprofundus aestuarium,2973,3,0,1,0,0,0,0,0
Bacteria,Proteobacteria,Zetaproteobacteria,Mariprofundales,Mariprofundaceae,Mariprofundus,Mariprofundus ferrinatatus,Mariprofundus ferrinatatus,2974,5,3,4,3,9,7,6,9
Bacteria,Spirochaetes,Spirochaetia,Brachyspirales,Brachyspiraceae,Brachyspira,Brachyspira hampsonii,Brachyspira hampsonii,663,7,11,4,4,0,0,0,0
Bacteria,Spirochaetes,Spirochaetia,Brachyspirales,Brachyspiraceae,Brachyspira,Brachyspira hyodysenteriae,Brachyspira hyodysenteriae,664,9,8,2,4,0,0,0,0
Bacteria,Spirochaetes,Spirochaetia,Brachyspirales,Brachyspiraceae,Brachyspira,Brachyspira intermedia,Brachyspira intermedia,665,0,4,0,2,0,0,0,0
Bacteria,Spirochaetes,Spirochaetia,Brachyspirales,Brachyspiraceae,Brachyspira,Brachyspira murdochii,Brachyspira murdochii,666,8,9,0,2,0,0,0,0
Bacteria,Spirochaetes,Spirochaetia,Brachyspirales,Brachyspiraceae,Brachyspira,Brachyspira pilosicoli,Brachyspira pilosicoli,667,5,6,6,3,1,0,5,3
Bacteria,Spirochaetes,Spirochaetia,Leptospirales,Leptospiraceae,Leptospira,Leptospira biflexa,Leptospira biflexa,2836,0,1,0,0,0,0,1,0
Bacteria,Spirochaetes,Spirochaetia,Leptospirales,Leptospiraceae,Leptospira,Leptospira borgpetersenii,Leptospira borgpetersenii,2837,2,2,0,0,0,0,0,0
Bacteria,Spirochaetes,Spirochaetia,Leptospirales,Leptospiraceae,Leptospira,Leptospira interrogans,Leptospira interrogans,2838,3,5,30,10,8,14,22,16
Bacteria,Spirochaetes,Spirochaetia,Leptospirales,Leptospiraceae,Leptospira,Leptospira kmetyi,Leptospira kmetyi,2839,0,1,0,2,0,0,0,0
Bacteria,Spirochaetes,Spirochaetia,Leptospirales,Leptospiraceae,Leptospira,Leptospira mayottensis,Leptospira mayottensis,2840,0,0,1,0,0,0,0,0
Bacteria,Spirochaetes,Spirochaetia,Leptospirales,Leptospiraceae,Leptospira,Leptospira santarosai,Leptospira santarosai,2841,0,3,0,3,3,0,0,0
Bacteria,Spirochaetes,Spirochaetia,Leptospirales,Leptospiraceae,Leptospira,Leptospira tipperaryensis,Leptospira tipperaryensis,2842,1,2,0,1,0,0,0,0
Bacteria,Spirochaetes,Spirochaetia,Leptospirales,Leptospiraceae,Leptospira,Leptospira weilii,Leptospira weilii,2843,1,1,0,2,0,0,0,0
Bacteria,Spirochaetes,Spirochaetia,Leptospirales,Leptospiraceae,Turneriella,Turneriella parva,Turneriella parva,5213,1,0,0,0,0,0,1,0
Bacteria,Spirochaetes,Spirochaetia,Spirochaetales,Borreliaceae,Borrelia,Borrelia coriaceae,Borrelia coriaceae,639,1,1,0,1,0,0,0,0
Bacteria,Spirochaetes,Spirochaetia,Spirochaetales,Borreliaceae,Borrelia,Borrelia duttonii,Borrelia duttonii,640,1,0,0,0,0,0,0,0
Bacteria,Spirochaetes,Spirochaetia,Spirochaetales,Borreliaceae,Borrelia,Borrelia hermsii,Borrelia hermsii,641,1,0,0,0,0,0,0,0
Bacteria,Spirochaetes,Spirochaetia,Spirochaetales,Borreliaceae,Borrelia,Borrelia miyamotoi,Borrelia miyamotoi,643,1,3,2,1,0,0,0,0
Bacteria,Spirochaetes,Spirochaetia,Spirochaetales,Borreliaceae,Borrelia,Borrelia sp. A-FGy1,Borrelia sp. A-FGy1,644,0,1,0,2,0,0,0,0
Bacteria,Spirochaetes,Spirochaetia,Spirochaetales,Borreliaceae,Borrelia,Borrelia turcica,Borrelia turcica,646,2,1,0,1,0,0,0,0
Bacteria,Spirochaetes,Spirochaetia,Spirochaetales,Borreliaceae,Borrelia,Borrelia turicatae,Borrelia turicatae,647,0,0,1,1,0,0,0,0
Bacteria,Spirochaetes,Spirochaetia,Spirochaetales,Borreliaceae,Borreliella,Borrelia mayonii,Borrelia mayonii,642,1,2,1,1,0,0,0,0
Bacteria,Spirochaetes,Spirochaetia,Spirochaetales,Borreliaceae,Borreliella,Borrelia sp. CA690,Borrelia sp. CA690,645,2,0,0,0,0,0,0,0
Bacteria,Spirochaetes,Spirochaetia,Spirochaetales,Borreliaceae,Borreliella,Borreliella afzelii,Borreliella afzelii,648,1,0,1,1,0,0,0,0
Bacteria,Spirochaetes,Spirochaetia,Spirochaetales,Borreliaceae,Borreliella,Borreliella burgdorferi,Borreliella burgdorferi,649,0,1,0,1,0,0,0,0
Bacteria,Spirochaetes,Spirochaetia,Spirochaetales,Borreliaceae,Borreliella,Borreliella garinii,Borreliella garinii,650,1,1,0,0,0,0,0,0
Bacteria,Spirochaetes,Spirochaetia,Spirochaetales,Borreliaceae,Borreliella,Borreliella valaisiana,Borreliella valaisiana,651,1,0,0,0,1,0,0,0
Bacteria,Spirochaetes,Spirochaetia,Spirochaetales,Spirochaetaceae,Oceanispirochaeta,Oceanispirochaeta sp. K2,Oceanispirochaeta sp. K2,3565,4,13,20,10,4,14,25,11
Bacteria,Spirochaetes,Spirochaetia,Spirochaetales,Spirochaetaceae,Salinispira,Salinispira pacifica,Salinispira pacifica,4477,3,3,2,2,1,5,3,1
Bacteria,Spirochaetes,Spirochaetia,Spirochaetales,Spirochaetaceae,Sediminispirochaeta,Sediminispirochaeta smaragdinae,Sediminispirochaeta smaragdinae,4507,7,4,13,9,2,10,15,9
Bacteria,Spirochaetes,Spirochaetia,Spirochaetales,Spirochaetaceae,Sphaerochaeta,Sphaerochaeta coccoides,Sphaerochaeta coccoides,4606,4,1,2,3,0,0,1,2
Bacteria,Spirochaetes,Spirochaetia,Spirochaetales,Spirochaetaceae,Sphaerochaeta,Sphaerochaeta globosa,Sphaerochaeta globosa,4607,2,2,0,1,0,0,0,1
Bacteria,Spirochaetes,Spirochaetia,Spirochaetales,Spirochaetaceae,Sphaerochaeta,Sphaerochaeta pleomorpha,Sphaerochaeta pleomorpha,4608,4,4,8,4,4,6,3,6
Bacteria,Spirochaetes,Spirochaetia,Spirochaetales,Spirochaetaceae,Spirochaeta,Spirochaeta africana,Spirochaeta africana,4691,1,4,4,9,15,10,10,10
Bacteria,Spirochaetes,Spirochaetia,Spirochaetales,Spirochaetaceae,Spirochaeta,Spirochaeta perfilievii,Spirochaeta perfilievii,4692,6,6,0,2,2,0,2,1
Bacteria,Spirochaetes,Spirochaetia,Spirochaetales,Spirochaetaceae,Spirochaeta,Spirochaeta thermophila,Spirochaeta thermophila,4693,2,1,0,1,0,0,0,0
Bacteria,Spirochaetes,Spirochaetia,Spirochaetales,Spirochaetaceae,Treponema,Treponema azotonutricium,Treponema azotonutricium,5188,5,0,3,2,6,2,0,0
Bacteria,Spirochaetes,Spirochaetia,Spirochaetales,Spirochaetaceae,Treponema,Treponema brennaborense,Treponema brennaborense,5189,9,5,27,11,4,9,29,13
Bacteria,Spirochaetes,Spirochaetia,Spirochaetales,Spirochaetaceae,Treponema,Treponema caldarium,Treponema caldarium,5190,2,2,7,2,0,1,1,1
Bacteria,Spirochaetes,Spirochaetia,Spirochaetales,Spirochaetaceae,Treponema,Treponema denticola,Treponema denticola,5191,9,7,9,2,4,5,6,2
Bacteria,Spirochaetes,Spirochaetia,Spirochaetales,Spirochaetaceae,Treponema,Treponema pedis,Treponema pedis,5192,6,3,5,3,5,4,1,2
Bacteria,Spirochaetes,Spirochaetia,Spirochaetales,Spirochaetaceae,Treponema,Treponema phagedenis,Treponema phagedenis,5193,9,4,4,4,1,8,6,5
Bacteria,Spirochaetes,Spirochaetia,Spirochaetales,Spirochaetaceae,Treponema,Treponema primitia,Treponema primitia,5194,1,5,0,5,0,1,0,0
Bacteria,Spirochaetes,Spirochaetia,Spirochaetales,Spirochaetaceae,Treponema,Treponema putidum,Treponema putidum,5195,0,3,17,0,2,14,18,23
Bacteria,Spirochaetes,Spirochaetia,Spirochaetales,Spirochaetaceae,Treponema,Treponema socranskii,Treponema socranskii,5196,4,2,3,2,1,2,0,4
Bacteria,Spirochaetes,Spirochaetia,Spirochaetales,Spirochaetaceae,Treponema,Treponema sp. OMZ 804,Treponema sp. OMZ 804,5197,2,0,0,2,1,0,1,0
Bacteria,Spirochaetes,Spirochaetia,Spirochaetales,Spirochaetaceae,Treponema,Treponema sp. OMZ 838,Treponema sp. OMZ 838,5198,5,2,2,3,2,2,4,7
Bacteria,Spirochaetes,Spirochaetia,Spirochaetales,Spirochaetaceae,Treponema,Treponema succinifaciens,Treponema succinifaciens,5199,18,17,6,13,14,11,8,15
Bacteria,Synergistetes,Synergistia,Synergistales,Synergistaceae,Acetomicrobium,Acetomicrobium mobile,Acetomicrobium mobile,16,0,7,1,1,0,0,0,0
Bacteria,Synergistetes,Synergistia,Synergistales,Synergistaceae,Aminobacterium,Aminobacterium colombiense,Aminobacterium colombiense,279,0,0,1,0,1,0,0,0
Bacteria,Synergistetes,Synergistia,Synergistales,Synergistaceae,Aminomonas,Aminomonas paucivorans,Aminomonas paucivorans,280,4,1,0,0,4,2,0,4
Bacteria,Synergistetes,Synergistia,Synergistales,Synergistaceae,Cloacibacillus,Cloacibacillus porcorum,Cloacibacillus porcorum,1158,5,5,2,7,0,0,0,0
Bacteria,Synergistetes,Synergistia,Synergistales,Synergistaceae,Jonquetella,Jonquetella anthropi,Jonquetella anthropi,2593,1,1,0,1,0,0,0,0
Bacteria,Synergistetes,Synergistia,Synergistales,Synergistaceae,Thermanaerovibrio,Thermanaerovibrio acidaminovorans,Thermanaerovibrio acidaminovorans,5101,1,3,1,1,0,0,0,0
Bacteria,Synergistetes,Synergistia,Synergistales,Synergistaceae,Thermanaerovibrio,Thermanaerovibrio velox,Thermanaerovibrio velox,5102,2,0,0,0,0,0,1,0
Bacteria,Thermodesulfobacteria,Thermodesulfobacteria,Thermodesulfobacteriales,Thermodesulfobacteriaceae,Caldimicrobium,Caldimicrobium thiodismutans,Caldimicrobium thiodismutans,802,0,1,0,0,0,0,0,0
Bacteria,Thermodesulfobacteria,Thermodesulfobacteria,Thermodesulfobacteriales,Thermodesulfobacteriaceae,Thermodesulfatator,Thermodesulfatator indicus,Thermodesulfatator indicus,5135,2,1,2,2,1,0,0,0
Bacteria,Thermodesulfobacteria,Thermodesulfobacteria,Thermodesulfobacteriales,Thermodesulfobacteriaceae,Thermodesulfobacterium,Thermodesulfobacterium commune,Thermodesulfobacterium commune,5136,3,2,0,0,0,0,0,0
Bacteria,Thermodesulfobacteria,Thermodesulfobacteria,Thermodesulfobacteriales,Thermodesulfobacteriaceae,Thermodesulfobacterium,Thermodesulfobacterium geofontis,Thermodesulfobacterium geofontis,5137,1,1,0,1,0,0,0,2
Bacteria,Thermodesulfobacteria,Thermodesulfobacteria,Thermodesulfobacteriales,Thermodesulfobacteriaceae,Thermosulfurimonas,Thermosulfurimonas marina,Thermosulfurimonas marina,5154,0,2,0,1,0,0,0,0
Bacteria,Thermodesulfobacteria,Thermodesulfobacteria,Thermodesulfobacteriales,Thermodesulfobacteriaceae,Thermosulfuriphilus,Thermosulfuriphilus ammonigenes,Thermosulfuriphilus ammonigenes,5155,1,0,1,0,0,0,0,0
Bacteria,Thermotogae,Thermotogae,Kosmotogales,Kosmotogaceae,Kosmotoga,Kosmotoga olearia,Kosmotoga olearia,2650,1,3,1,1,0,0,0,0
Bacteria,Thermotogae,Thermotogae,Kosmotogales,Kosmotogaceae,Kosmotoga,Kosmotoga pacifica,Kosmotoga pacifica,2651,1,3,0,0,0,0,0,0
Bacteria,Thermotogae,Thermotogae,Kosmotogales,Kosmotogaceae,Mesotoga,Mesotoga infera,Mesotoga infera,3033,1,2,0,0,0,0,0,0
Bacteria,Thermotogae,Thermotogae,Kosmotogales,Kosmotogaceae,Mesotoga,Mesotoga prima,Mesotoga prima,3034,1,4,1,3,0,0,0,0
Bacteria,Thermotogae,Thermotogae,Mesoaciditogales,Mesoaciditogaceae,Athalassotoga,Athalassotoga saccharophila,Athalassotoga saccharophila,409,4,3,0,2,0,0,0,0
Bacteria,Thermotogae,Thermotogae,Petrotogales,Petrotogaceae,Defluviitoga,Defluviitoga tunisiensis,Defluviitoga tunisiensis,1373,0,2,2,1,0,0,0,0
Bacteria,Thermotogae,Thermotogae,Petrotogales,Petrotogaceae,Marinitoga,Marinitoga piezophila,Marinitoga piezophila,2949,1,4,0,3,0,0,0,0
Bacteria,Thermotogae,Thermotogae,Petrotogales,Petrotogaceae,Marinitoga,Marinitoga sp. 1137,Marinitoga sp. 1137,2950,1,1,0,1,0,0,0,0
Bacteria,Thermotogae,Thermotogae,Petrotogales,Petrotogaceae,Petrotoga,Petrotoga mobilis,Petrotoga mobilis,3855,0,3,0,0,0,0,0,0
Bacteria,Thermotogae,Thermotogae,Thermotogales,Fervidobacteriaceae,Fervidobacterium,Fervidobacterium nodosum,Fervidobacterium nodosum,1801,3,0,1,2,1,1,0,1
Bacteria,Thermotogae,Thermotogae,Thermotogales,Fervidobacteriaceae,Fervidobacterium,Fervidobacterium pennivorans,Fervidobacterium pennivorans,1802,8,2,2,1,0,0,0,0
Bacteria,Thermotogae,Thermotogae,Thermotogales,Fervidobacteriaceae,Thermosipho,Thermosipho africanus,Thermosipho africanus,5151,1,1,2,0,0,0,0,0
Bacteria,Thermotogae,Thermotogae,Thermotogales,Fervidobacteriaceae,Thermosipho,Thermosipho melanesiensis,Thermosipho melanesiensis,5152,3,3,0,1,0,0,0,0
Bacteria,Thermotogae,Thermotogae,Thermotogales,Thermotogaceae,Pseudothermotoga,Pseudothermotoga hypogea,Pseudothermotoga hypogea,4235,2,0,1,1,0,1,0,0
Bacteria,Thermotogae,Thermotogae,Thermotogales,Thermotogaceae,Pseudothermotoga,Pseudothermotoga thermarum,Pseudothermotoga thermarum,4236,0,2,0,0,0,1,0,0
Bacteria,Thermotogae,Thermotogae,Thermotogales,Thermotogaceae,Thermotoga,Thermotoga caldifontis,Thermotoga caldifontis,5156,1,2,0,2,3,0,1,0
Bacteria,Thermotogae,Thermotogae,Thermotogales,Thermotogaceae,Thermotoga,Thermotoga profunda,Thermotoga profunda,5157,0,1,0,1,0,1,0,2
Bacteria,Verrucomicrobia,Methylacidiphilae,Methylacidiphilales,Methylacidiphilaceae,Methylacidiphilum,Methylacidiphilum infernorum,Methylacidiphilum infernorum,3099,1,0,1,1,0,2,2,0
Bacteria,Verrucomicrobia,Methylacidiphilae,Methylacidiphilales,Methylacidiphilaceae,Methylacidiphilum,Methylacidiphilum kamchatkense,Methylacidiphilum kamchatkense,3100,0,1,0,0,0,0,0,0
Bacteria,Verrucomicrobia,Opitutae,Opitutales,Opitutaceae,Ereboglobus,Ereboglobus luteus,Ereboglobus luteus,1623,7,3,0,1,0,0,0,0
Bacteria,Verrucomicrobia,Opitutae,Opitutales,Opitutaceae,Nibricoccus,Nibricoccus aquaticus,Nibricoccus aquaticus,3409,2,1,0,1,0,0,1,0
Bacteria,Verrucomicrobia,Opitutae,Opitutales,Opitutaceae,Opitutus,Opitutus sp. GAS368,Opitutus sp. GAS368,3596,0,2,0,1,0,0,0,0
Bacteria,Verrucomicrobia,Opitutae,Opitutales,Opitutaceae,Opitutus,Opitutus terrae,Opitutus terrae,3597,7,5,2,3,1,0,0,0
Bacteria,Verrucomicrobia,Opitutae,Puniceicoccales,Puniceicoccaceae,Coraliomargarita,Coraliomargarita akajimensis,Coraliomargarita akajimensis,1243,0,3,0,1,0,0,0,0
Bacteria,Verrucomicrobia,Verrucomicrobiae,Verrucomicrobiales,Akkermansiaceae,Akkermansia,Akkermansia glycaniphila,Akkermansia glycaniphila,204,1,5,1,0,1,0,0,0
Bacteria,Verrucomicrobia,Verrucomicrobiae,Verrucomicrobiales,Akkermansiaceae,Akkermansia,Akkermansia muciniphila,Akkermansia muciniphila,205,8174,21289,8155,13082,3,7,14,6
Bacteria,Verrucomicrobia,Verrucomicrobiae,Verrucomicrobiales,Verrucomicrobiaceae,Luteolibacter,Luteolibacter sp. G-1-1-1,Luteolibacter sp. G-1-1-1,2902,4,4,1,2,1,1,3,0
Bacteria,Verrucomicrobia,Verrucomicrobiae,Verrucomicrobiales,Verrucomicrobiaceae,Roseimicrobium,Roseimicrobium sp. ORNL1,Roseimicrobium sp. ORNL1,4399,2,3,1,1,0,1,0,0
Bacteria,Verrucomicrobia,Verrucomicrobiae,Verrucomicrobiales,Verrucomicrobiaceae,Verrucomicrobium,Verrucomicrobium sp. GAS474,Verrucomicrobium sp. GAS474,5244,1,0,0,0,0,0,0,0
Bacteria,Verrucomicrobia,Verrucomicrobiae,Verrucomicrobiales,Verrucomicrobiaceae,Verrucomicrobium,Verrucomicrobium spinosum,Verrucomicrobium spinosum,5245,1,0,0,0,0,1,0,0
Viruses,Nucleocytoviricota,Megaviricetes,Pimascovirales,Marseilleviridae,f_Marseilleviridae,Lausannevirus,Lausannevirus,2794,1,0,0,0,0,0,0,0
Viruses,Kitrinoviricota,Alsuviricetes,Martellivirales,Closteroviridae,f_Closteroviridae,Mint vein banding-associated virus,Mint vein banding-associated virus,3223,0,1,0,0,0,0,0,0
Viruses,Phixviricota,Malgrandaviricetes,Petitvirales,Microviridae,f_Microviridae,Parabacteroides phage YZ-2015b,Parabacteroides phage YZ-2015b,3729,3,2,2,2,0,0,0,0
Viruses,Peploviricota,Herviviricetes,Herpesvirales,Herpesviridae,Cytomegalovirus,Cercopithecine betaherpesvirus 5,Cercopithecine betaherpesvirus 5,1046,1,0,0,0,0,0,0,0
Viruses,Peploviricota,Herviviricetes,Herpesvirales,Herpesviridae,Simplexvirus,Papiine alphaherpesvirus 2,Papiine alphaherpesvirus 2,3727,1,0,0,0,0,0,0,0
Viruses,Peploviricota,Herviviricetes,Herpesvirales,Herpesviridae,Varicellovirus,Bovine alphaherpesvirus 1,Bovine alphaherpesvirus 1,659,0,1,0,1,4,1,3,2
Viruses,Uroviricota,Caudoviricetes,Caudovirales,Autographiviridae,Piedvirus,Delftia virus IMEDE1,Delftia virus IMEDE1,1402,1,0,0,0,0,0,0,0
Viruses,Uroviricota,Caudoviricetes,Caudovirales,Demerecviridae,Cetovirus,Vibrio virus Ceto,Vibrio virus Ceto,5301,0,1,0,0,0,0,0,0
Viruses,Uroviricota,Caudoviricetes,Caudovirales,Demerecviridae,Tequintavirus,Salmonella virus NR01,Salmonella virus NR01,4486,0,2,0,1,0,0,0,0
Viruses,Uroviricota,Caudoviricetes,Caudovirales,Herelleviridae,Kayvirus,Staphylococcus virus MCE2014,Staphylococcus virus MCE2014,4757,2,0,0,1,0,0,0,0
Viruses,Uroviricota,Caudoviricetes,Caudovirales,Herelleviridae,Kayvirus,Staphylococcus virus SA12,Staphylococcus virus SA12,4759,1,0,0,0,0,0,0,0
Viruses,Uroviricota,Caudoviricetes,Caudovirales,Herelleviridae,Okubovirus,Bacillus virus SPO1,Bacillus virus SPO1,522,0,1,0,0,0,0,0,0
Viruses,Uroviricota,Caudoviricetes,Caudovirales,Herelleviridae,Wphvirus,Bacillus phage Zuko,Bacillus phage Zuko,479,0,0,0,1,0,0,0,0
Viruses,Uroviricota,Caudoviricetes,Caudovirales,Myoviridae,Aphroditevirus,Photobacterium phage PDCC-1,Photobacterium phage PDCC-1,3868,0,1,0,0,0,0,0,0
Viruses,Uroviricota,Caudoviricetes,Caudovirales,Myoviridae,Eponavirus,Faecalibacterium virus Epona,Faecalibacterium virus Epona,1790,1,2,0,2,4,1,1,0
Viruses,Uroviricota,Caudoviricetes,Caudovirales,Myoviridae,Ficleduovirus,Flavobacterium virus FCV1,Flavobacterium virus FCV1,1865,0,1,0,0,0,0,0,0
Viruses,Uroviricota,Caudoviricetes,Caudovirales,Myoviridae,Jedunavirus,Klebsiella virus KpV52,Klebsiella virus KpV52,2626,0,1,1,1,0,0,0,0
Viruses,Uroviricota,Caudoviricetes,Caudovirales,Myoviridae,Seoulvirus,Salmonella virus SPN3US,Salmonella virus SPN3US,4487,0,0,0,1,0,0,0,0
Viruses,Uroviricota,Caudoviricetes,Caudovirales,Myoviridae,Shalavirus,Bacillus virus Shbh1,Bacillus virus Shbh1,520,0,1,0,1,0,0,0,0
Viruses,Uroviricota,Caudoviricetes,Caudovirales,Siphoviridae,Cimpunavirus,Clavibacter virus CMP1,Clavibacter virus CMP1,1157,0,1,0,0,0,0,0,0
Viruses,Uroviricota,Caudoviricetes,Caudovirales,Siphoviridae,Fibralongavirus,Staphylococcus virus QT1,Staphylococcus virus QT1,4758,0,2,0,0,0,0,0,0
Viruses,Uroviricota,Caudoviricetes,Caudovirales,Siphoviridae,Fromanvirus,Mycobacterium phage BellusTerra,Mycobacterium phage BellusTerra,3289,0,1,0,0,0,0,0,0
Viruses,Uroviricota,Caudoviricetes,Caudovirales,Siphoviridae,Lenusvirus,Lactobacillus virus Nyseid,Lactobacillus virus Nyseid,2781,0,0,0,1,0,0,0,0
Viruses,Uroviricota,Caudoviricetes,Caudovirales,Siphoviridae,Samunavirus,Pseudomonas virus SM1,Pseudomonas virus SM1,4222,1,0,0,0,0,0,0,0
Viruses,Uroviricota,Caudoviricetes,Caudovirales,Siphoviridae,Skunavirus,Lactococcus phage 56301,Lactococcus phage 56301,2788,1,0,0,0,0,0,0,0
Eukaryota,Chordata,Mammalia,Primates,Hominidae,Homo,Homo sapiens,Homo sapiens,2497,579,576,872,504,282,443,759,403
Viruses,Nucleocytoviricota,Megaviricetes,Algavirales,Phycodnaviridae,Prasinovirus,Yellowstone lake phycodnavirus 2,Yellowstone lake phycodnavirus 2,5376,0,3,0,1,0,0,0,0
Viruses,Nucleocytoviricota,Megaviricetes,Imitervirales,Mimiviridae,Cafeteriavirus,Cafeteria roenbergensis virus,Cafeteria roenbergensis virus,789,1,0,0,0,0,0,0,0
Viruses,Nucleocytoviricota,Megaviricetes,Imitervirales,Mimiviridae,Mimivirus,Megavirus chiliensis,Megavirus chiliensis,2999,0,1,0,0,0,0,0,0
Viruses,Nucleocytoviricota,Megaviricetes,Pimascovirales,Ascoviridae,Ascovirus,Trichoplusia ni ascovirus 2c,Trichoplusia ni ascovirus 2c,5200,1,1,0,0,0,0,0,0
Viruses,Nucleocytoviricota,Pokkesviricetes,Chitovirales,Poxviridae,Avipoxvirus,Turkeypox virus,Turkeypox virus,5212,0,1,0,0,0,0,0,0
Viruses,Nucleocytoviricota,Pokkesviricetes,Chitovirales,Poxviridae,Centapoxvirus,Yokapox virus,Yokapox virus,5390,1,0,0,1,0,0,0,0
Viruses,Nucleocytoviricota,Pokkesviricetes,Chitovirales,Poxviridae,Oryzopoxvirus,Cotia virus,Cotia virus,1317,1,1,0,0,0,0,0,0
Viruses,Preplasmiviricota,Maveriviricetes,Priklausovirales,Lavidaviridae,Mavirus,Cafeteriavirus-dependent mavirus,Cafeteriavirus-dependent mavirus,790,1,0,0,0,0,0,0,0
Viruses,Preplasmiviricota,Tectiliviricetes,Rowavirales,Adenoviridae,Mastadenovirus,Sea lion mastadenovirus A,Sea lion mastadenovirus A,4498,0,0,1,0,0,0,0,0
Viruses,Preplasmiviricota,Tectiliviricetes,Rowavirales,Adenoviridae,Mastadenovirus,Simian mastadenovirus F,Simian mastadenovirus F,4580,1,0,1,0,0,0,0,0
Viruses,Duplornaviricota,Resentoviricetes,Reovirales,Reoviridae,Rotavirus,Rotavirus D,Rotavirus D,4413,1,0,0,0,0,0,0,0
Viruses,Kitrinoviricota,Alsuviricetes,Martellivirales,Closteroviridae,Crinivirus,Lettuce infectious yellows virus,Lettuce infectious yellows virus,2857,0,0,0,1,0,0,0,0
Viruses,Pisuviricota,Pisoniviricetes,Nidovirales,Coronaviridae,Betacoronavirus,Tylonycteris bat coronavirus HKU4,Tylonycteris bat coronavirus HKU4,5215,0,0,0,1,0,0,0,0
Viruses,Pisuviricota,Pisoniviricetes,Picornavirales,Iflaviridae,Iflavirus,Psammotettix alienus iflavirus 1,Psammotettix alienus iflavirus 1,4035,0,1,0,0,0,0,0,0
Viruses,Pisuviricota,Stelpaviricetes,Stellavirales,Astroviridae,Avastrovirus,Avastrovirus 3,Avastrovirus 3,421,0,0,0,1,0,0,0,0
Bacteria,Tenericutes,Mollicutes,Acholeplasmatales,Acholeplasmataceae,Candidatus Phytoplasma,Aster yellows witches-broom phytoplasma	0	0	1	0	0	0	0	0
d__Bacteria,Aster yellows witches-broom phytoplasma	0	0	1	0	0	0	0	0
d__Bacteria,407,2,0,0,0,0,0,0,0
