species,Healthy_stool_10_1,Healthy_stool_10_10,Healthy_stool_10_100,Healthy_stool_10_50,Healthy_stool_100_1,Healthy_stool_100_10,Healthy_stool_100_100,Healthy_stool_100_50
'Deinococcus soli' Cha et al. 2014,494,550,475,577,311,274,282,332
Salisediminibacterium selenitireducens,472,458,401,486,509,542,390,463
[Brevibacterium] flavum,617,450,367,581,531,238,175,288
Ruminiclostridium cellulolyticum,695,873,1009,1102,736,1286,1195,1116
[Clostridium] cellulosi,2526,3513,3134,4285,1549,1525,891,2028
Acetivibrio clariflavus,743,782,773,920,800,1022,886,949
Anaerotignum propionicum,893,1228,1199,1535,919,1735,1297,1543
Lacrimispora saccharolytica,1495,1817,1424,2193,5406,12868,8867,8776
Thermoclostridium stercorarium,488,667,580,784,427,786,680,724
Klebsiella aerogenes,504,577,521,596,649,1053,2236,1318
Lachnospira eligens,4717,6577,5977,7520,70967,180222,103133,114094
Agathobacter rectalis,519843,781002,1024523,492442,254456,281940,147344,410484
[Eubacterium] sulci,438,451,535,543,575,922,727,741
[Haemophilus] ducreyi,167,127,86,164,174,98,148,132
Glaesserella parasuis,382,264,225,292,453,340,300,350
[Mannheimia] succiniciproducens,107,116,150,150,74,194,191,174
[Polyangium] brachysporum,309,381,419,393,207,225,308,317
Abalone herpesvirus Victoria/AUS/2009,NA,NA,NA,NA,1,2,4,3
Abalone shriveling syndrome-associated virus,NA,NA,NA,NA,3,4,5,2
Acanthamoeba polyphaga mimivirus,2,1,NA,NA,10,36,27,17
Acanthamoeba polyphaga moumouvirus,55,38,42,49,61,31,30,24
Acanthocystis turfacea Chlorella virus 1,4,6,3,7,8,2,6,2
Acaryochloridaceae,NA,NA,NA,NA,1,NA,NA,NA
Acaryochloris,NA,NA,NA,NA,NA,NA,NA,1
Acaryochloris marina,269,215,136,216,261,153,151,159
Acetoanaerobium sticklandii,104,129,150,162,306,703,826,557
Acetobacter,NA,4,1,4,NA,NA,NA,3
Acetobacter pasteurianus,697,580,464,652,752,387,340,430
Acetobacter senegalensis,363,333,227,325,314,176,146,201
Acetobacter sp. SLV-7,184,249,215,230,169,146,124,157
Acetobacteraceae,15,21,9,11,9,5,10,8
Acetobacterium woodii,261,203,181,186,475,732,600,570
Acetohalobium arabaticum,38,36,52,52,192,403,366,295
Acholeplasma brassicae,54,57,75,94,93,205,180,147
Acholeplasma laidlawii,299,198,126,196,356,232,267,229
Acholeplasma oculi,270,178,115,192,339,253,261,243
Acholeplasma palmae,133,165,140,206,153,257,331,286
Achromobacter,23,25,20,33,14,12,15,12
Achromobacter denitrificans,534,676,738,710,343,346,506,519
Achromobacter phage JWAlpha,NA,NA,NA,NA,1,8,1,1
Achromobacter phage JWX,NA,NA,NA,NA,NA,NA,1,NA
Achromobacter phage phiAxp-3,NA,NA,NA,NA,1,NA,NA,NA
Achromobacter xylosoxidans,1893,2221,2268,2343,1280,968,1522,1586
Acidaminococcaceae,1,NA,NA,1,NA,NA,NA,NA
Acidaminococcales,NA,NA,NA,NA,NA,1,NA,NA
Acidaminococcus,3,1,1,1,NA,2,NA,NA
Acidaminococcus fermentans,1020,1381,1162,1664,811,1284,1685,1393
Acidaminococcus intestini,497,681,592,872,5470,13708,65342,19248
Deltalipothrixvirus pozzuoliense,2,6,2,2,2,NA,NA,2
Acidianus filamentous virus 8,NA,NA,NA,NA,2,7,1,3
Acidianus hospitalis,72,55,32,52,77,32,41,33
Acidianus rod-shaped virus 2,NA,NA,NA,NA,1,2,1,1
Acidianus spindle-shaped virus 1,NA,NA,NA,NA,NA,1,4,3
Bicaudavirus pozzuoliense,NA,NA,NA,NA,NA,NA,3,NA
Acidihalobacter,NA,NA,NA,NA,NA,NA,1,1
Acidihalobacter prosperus,310,266,227,275,211,164,165,190
Acidilobus saccharovorans,54,68,62,85,24,27,13,38
Acidimicrobiaceae,NA,NA,1,1,1,NA,NA,1
Acidimicrobiales,NA,NA,NA,NA,NA,NA,1,NA
Acidimicrobium ferrooxidans,82,109,147,72,40,50,67,90
Acidiphilium,NA,1,1,1,2,3,3,5
Acidiphilium cryptum,208,209,249,188,154,152,167,186
Acidiphilium multivorum,218,238,308,241,162,173,186,212
Acidipropionibacterium,4,5,2,11,1,2,1,6
Acidipropionibacterium acidipropionici,583,724,770,700,331,299,323,439
Acidithiobacillaceae,NA,NA,NA,NA,NA,1,2,NA
Acidithiobacillales,NA,NA,NA,NA,NA,NA,NA,1
Acidithiobacillus,9,6,8,19,2,1,NA,3
Acidithiobacillus caldus,242,233,171,239,234,136,144,164
Acidithiobacillus ferrivorans,292,275,253,304,195,148,176,212
Acidithiobacillus ferrooxidans,292,376,356,362,153,147,131,199
Acidobacteriaceae,6,1,1,3,2,5,7,5
Terriglobales,NA,1,NA,1,NA,NA,3,2
Acidobacterium,1,3,6,1,1,NA,NA,1
Acidobacterium capsulatum,445,487,505,512,301,249,238,328
Acidothermaceae,1,1,1,1,NA,1,NA,NA
Acidothermus,4,5,2,2,2,2,1,1
Acidothermus cellulolyticus,138,201,194,189,98,75,94,120
Acidovorax,5,10,9,11,4,13,7,9
Paracidovorax avenae,714,835,761,791,548,338,349,502
Paracidovorax citrulli,437,644,680,690,265,265,388,431
[Acidovorax] ebreus,504,682,719,660,370,402,594,539
Acidovorax sp. JS42,573,752,696,732,402,373,588,547
Acidovorax sp. KKS102,795,904,757,990,636,400,467,572
Acidovorax sp. RAC01,649,786,701,811,534,339,393,513
Candidatus Aciduliprofundum boonei,8,12,18,18,20,39,38,35
Aciduliprofundum sp. MAR08-339,5,7,7,10,6,10,21,17
Acinetobacter,2,2,2,3,2,6,10,NA
Acinetobacter baumannii,548,485,402,540,635,613,822,661
Acinetobacter equi,179,152,142,177,193,199,219,204
Acinetobacter johnsonii,204,140,108,174,173,177,189,159
Acinetobacter nosocomialis,15,21,9,16,62,141,178,112
Acinetobacter oleivorans,60,111,65,118,77,151,174,141
Acinetobacter phage Ac42,NA,NA,NA,NA,NA,1,1,1
Acinetobacter phage Acj61,82,38,14,41,66,6,4,13
Acinetobacter phage Acj9,NA,NA,NA,NA,NA,3,1,NA
Acinetobacter phage Bphi-B1251,NA,1,NA,NA,NA,NA,NA,NA
Acinetobacter phage phiAB1,NA,NA,NA,NA,1,NA,1,1
Acinetobacter phage Presley,NA,NA,NA,NA,NA,1,2,1
Acinetobacter phage vB_AbaM_Acibel004,NA,NA,NA,NA,NA,1,3,1
Acinetobacter phage vB_AbaM_IME200,NA,NA,NA,1,NA,NA,NA,NA
Acinetobacter phage YMC13/03/R2096,1,NA,1,1,4,1,1,NA
Acinetobacter phage ZZ1,NA,NA,NA,NA,1,NA,6,5
Acinetobacter pittii,151,166,172,187,191,355,387,323
Acinetobacter sp. ADP1,176,173,183,203,136,185,150,165
Acinetobacter sp. BRTC-1,106,77,71,86,102,106,140,109
Acinetobacter sp. NCu2D-2,58,57,65,59,91,132,138,100
Acinetobacter sp. TGL-Y2,352,180,138,217,374,172,108,161
Acinetobacter sp. TTH0-4,198,92,67,113,213,137,130,114
Acinetobacter virus 133,1,1,NA,1,NA,1,3,NA
Actinoalloteichus,3,4,2,2,4,3,3,3
Actinoalloteichus hymeniacidonis,297,361,355,324,224,159,183,215
Actinobacillus,NA,NA,NA,3,NA,4,6,2
Actinobacillus equuli,492,284,125,292,527,220,210,241
Actinobacillus pleuropneumoniae,679,408,241,446,649,301,258,284
Actinobacillus succinogenes,85,102,111,108,117,156,158,142
Actinobacillus suis,132,137,128,175,138,191,188,169
Actinomycetota,1,2,1,NA,NA,1,6,3
Actinobacteria bacterium IMCC26256,230,167,144,199,204,112,74,113
Actinomyces,12,18,21,25,7,4,2,10
Actinomyces meyeri,302,289,290,248,232,148,159,179
Actinomyces oris,271,466,418,484,177,181,226,279
Actinomyces radicidentis,369,556,650,474,210,260,306,318
Actinomyces sp. oral taxon 414,440,656,655,662,252,296,340,428
Actinomyces sp. VUL4_3,208,262,192,227,152,95,113,117
Actinomycetaceae,8,9,6,6,2,4,3,2
Actinomycetales,2,NA,2,NA,NA,NA,NA,NA
Actinoplanes,4,10,4,7,5,5,10,10
Actinoplanes friuliensis,541,665,712,621,394,359,389,485
Actinoplanes missouriensis,535,664,849,585,362,315,300,408
Actinoplanes phage phiAsp2,NA,NA,NA,NA,NA,1,NA,NA
Actinoplanes sp. N902-109,711,852,870,830,520,361,432,586
Actinoplanes sp. SE50/110,586,707,626,676,384,288,353,443
Actinosynnema,2,3,NA,2,NA,1,NA,1
Actinosynnema mirum,626,886,878,879,367,351,419,533
Actinotignum,NA,NA,1,NA,NA,NA,1,NA
Actinotignum schaalii,219,308,288,336,116,145,154,201
Acute bee paralysis virus,NA,NA,NA,NA,2,1,1,3
Adlercreutzia,2,5,3,2,5,5,4,1
Adlercreutzia equolifaciens,3279,4604,5695,4036,11048,26327,86022,38210
Adoxophyes honmai entomopoxvirus 'L',61,46,13,28,66,13,7,17
Adoxophyes honmai nucleopolyhedrovirus,1,NA,1,2,NA,NA,2,1
Adoxophyes orana granulovirus,NA,1,NA,NA,NA,1,1,NA
Adoxophyes orana nucleopolyhedrovirus,NA,NA,NA,NA,NA,2,2,NA
Advenella,NA,NA,NA,NA,NA,1,NA,NA
Advenella kashmirensis,240,378,338,367,174,213,185,236
Advenella mimigardefordensis,149,200,192,186,125,152,169,173
Aequorivita sublithincola,284,182,125,194,350,239,249,255
Aerococcus,NA,1,1,NA,NA,NA,NA,NA
Aerococcus christensenii,300,256,184,290,386,380,491,391
Aerococcus sanguinicola,110,90,106,124,108,123,179,124
Aerococcus urinae,83,121,82,137,126,239,419,238
Aerococcus urinaeequi,327,193,167,245,363,253,293,254
Aerococcus urinaehominis,160,81,45,86,186,198,190,151
Aerococcus viridans,33,34,44,38,110,214,414,185
Aeromicrobium,50,41,13,21,39,6,5,11
Aeromicrobium erythreum,428,441,506,358,327,211,253,332
Aeromonadaceae,7,2,1,3,7,5,5,3
Aeromonadales,NA,NA,NA,1,NA,NA,NA,NA
Aeromonas,74,58,18,50,79,46,21,33
Aeromonas hydrophila,2767,3523,3099,3855,1776,1595,1459,2185
Aeromonas media,531,575,511,704,370,304,337,426
Aeromonas phage Aes012,1,NA,NA,NA,3,3,4,2
Aeromonas phage Aes508,1,NA,1,NA,3,3,5,2
Aeromonas phage CC2,NA,NA,NA,NA,NA,7,3,1
Aeromonas phage phiAS4,NA,NA,NA,NA,3,NA,2,1
Aeromonas phage phiAS5,8,NA,1,1,6,3,5,9
Aeromonas phage phiAS7,NA,NA,NA,NA,NA,NA,NA,1
Aeromonas phage PX29,12,5,6,3,13,3,2,11
Aeromonas phage vB_AsaM-56,NA,NA,NA,NA,NA,NA,1,NA
Aeromonas salmonicida,642,757,578,817,465,329,297,458
Aeromonas schubertii,612,863,737,916,439,334,307,527
Aeromonas veronii,1317,1463,1299,1674,1129,1205,1811,1595
Tulanevirus bteighttwo,1,NA,NA,NA,3,3,5,2
Aeromonas virus 31,NA,6,8,7,1,2,5,4
Biquartavirus 44RR2,NA,6,7,7,2,2,5,4
Ishigurovirus osborne,NA,NA,NA,NA,3,NA,2,2
Cinqassovirus aeh1,NA,NA,NA,NA,NA,5,4,3
African swine fever virus,NA,NA,NA,NA,NA,1,9,3
Agarivorans,1,NA,1,NA,NA,NA,NA,NA
Agarivorans gilvus,334,211,160,263,240,134,94,175
Aggregatibacter,NA,NA,NA,NA,1,4,1,NA
Aggregatibacter actinomycetemcomitans,99,94,109,111,132,242,227,193
Aggregatibacter aphrophilus,259,218,163,273,239,240,207,239
Agrobacterium,29,64,56,59,16,15,9,20
Agrobacterium fabrum,656,829,673,894,483,404,348,573
Agrobacterium tumefaciens,543,760,658,840,367,364,295,530
Agrobacterium sp. RAC06,585,520,387,551,419,266,251,325
Agrobacterium tumefaciens,1660,1905,1651,1996,1316,1001,850,1278
Agrobacterium vitis,421,527,484,592,270,319,303,424
Agromyces,2,5,3,1,2,1,NA,2
Agromyces sp. AR33,401,584,688,539,210,222,263,330
Agropyron mosaic virus,NA,1,NA,NA,NA,NA,NA,NA
Agrotis ipsilon multiple nucleopolyhedrovirus,1,NA,NA,NA,1,4,4,1
Agrotis segetum granulovirus,NA,NA,1,NA,1,1,NA,NA
Agrotis segetum nucleopolyhedrovirus,1,NA,NA,1,1,NA,3,2
Agrotis segetum nucleopolyhedrovirus B,1,NA,NA,NA,NA,NA,NA,1
Akkermansia,NA,3,1,1,NA,NA,NA,NA
Akkermansia glycaniphila,394,522,538,498,275,376,345,433
Akkermansia muciniphila,1074,870,894,832,74642,193217,74458,118953
Akkermansiaceae,4,3,NA,4,3,4,NA,1
Alcaligenaceae,13,14,18,15,4,9,7,10
Alcaligenes,6,4,2,2,1,5,2,2
Alcaligenes faecalis,373,326,243,404,339,211,233,250
Alcanivoracaceae,9,10,5,6,3,5,3,5
Alcanivorax,10,17,11,16,1,8,10,5
Alcanivorax borkumensis,70,52,48,68,57,98,117,82
Alloalcanivorax dieselolei,441,475,441,483,374,258,251,329
Isoalcanivorax pacificus,360,411,432,442,282,249,256,322
Alcanivorax sp. NBRC 101098,72,52,48,67,55,96,111,76
Alcelaphine gammaherpesvirus 1,NA,NA,NA,NA,NA,1,2,1
Alcelaphine herpesvirus 2,NA,NA,NA,NA,1,NA,1,NA
Algerian watermelon mosaic virus,NA,1,NA,1,NA,NA,NA,NA
Algibacter alginolytica,440,328,188,312,434,318,326,293
Algoriphagus sp. M8-2,558,467,366,462,568,305,298,384
Alicycliphilus,58,19,15,27,48,9,1,14
Alicycliphilus denitrificans,898,1051,977,1040,750,509,899,745
Alicyclobacillaceae,1,NA,NA,NA,NA,NA,1,1
Alicyclobacillus,NA,NA,1,NA,NA,NA,NA,NA
Alicyclobacillus acidocaldarius,502,662,771,668,350,419,403,494
Aliivibrio,1,NA,NA,NA,NA,NA,NA,NA
Aliivibrio fischeri,243,170,93,168,311,292,246,218
Aliivibrio salmonicida,240,128,71,131,252,189,183,143
Aliivibrio wodanis,117,143,100,161,150,241,203,194
Alistipes,8,8,2,NA,5,4,1,3
Alistipes finegoldii,52424,68781,101591,47459,78371,151531,149594,122474
Alkalilimnicola,2,4,2,6,2,1,2,NA
Alkalilimnicola ehrlichii,543,667,513,728,390,235,225,358
Alkaliphilus metalliredigens,234,246,277,305,408,646,725,572
Alkaliphilus oremlandii,196,240,307,329,341,632,577,538
Allium virus X,11,18,11,19,11,NA,1,6
Allochromatium,14,8,NA,6,10,5,NA,4
Allochromatium vinosum,414,554,561,588,286,295,345,378
Allofrancisella guangzhouensis,156,92,43,90,183,88,75,81
alpha proteobacterium HIMB5,24,40,40,51,22,73,100,66
alpha proteobacterium HIMB59,4,6,2,3,33,81,87,45
Alphaproteobacteria,2,5,4,2,NA,1,1,4
Altererythrobacter,100,79,51,98,79,33,6,44
Altererythrobacter atlanticus,380,434,381,481,242,200,203,302
Altererythrobacter dongtanensis,280,307,358,275,227,138,134,184
Altererythrobacter epoxidivorans,193,233,275,246,159,126,109,146
Altererythrobacter ishigakiensis,153,141,101,119,203,122,107,92
Altererythrobacter marensis,151,183,241,185,126,143,147,169
Altererythrobacter namhicola,255,294,303,275,180,172,182,223
Alteromonadaceae,9,13,5,7,3,3,3,7
Alteromonadales,NA,NA,NA,NA,NA,2,2,1
Alteromonas,1,NA,1,NA,4,14,5,8
Alteromonas stellipolaris,193,166,137,174,191,163,136,163
Alteromonas australica,52,47,39,60,85,138,136,98
Alteromonas macleodii,477,311,200,346,564,332,346,296
Alteromonas mediterranea,492,352,264,395,454,215,201,224
Alteromonas naphthalenivorans,129,79,77,91,125,89,112,91
Alteromonas phage vB_AmaP_AD45-P1,NA,NA,NA,NA,NA,NA,NA,2
Alteromonas sp. Mac1,268,193,163,201,235,152,138,157
Alteromonas stellipolaris,377,241,165,267,332,173,188,189
Amapar mammarenavirus,NA,NA,NA,NA,NA,1,NA,1
Aminobacter,13,10,2,8,11,6,2,8
Aminobacter aminovorans,734,865,846,936,463,348,344,598
Aminobacterium,NA,NA,NA,1,NA,NA,NA,NA
Aminobacterium colombiense,209,244,251,279,150,159,122,196
Ammonifex degensii,324,498,418,627,182,191,153,269
Amphibacillus xylanus,312,354,378,307,447,576,578,507
Amsacta moorei entomopoxvirus,NA,NA,NA,NA,NA,5,11,1
Amycolatopsis,58,44,12,30,44,9,8,12
Amycolatopsis japonica,314,358,411,329,223,255,245,294
Amycolatopsis mediterranei,640,748,750,720,474,397,413,545
Amycolatopsis methanolica,413,602,582,592,216,280,350,351
Amycolatopsis orientalis,569,798,945,697,376,482,547,633
Anabaena,NA,NA,NA,NA,NA,NA,NA,2
Anabaena cylindrica,77,110,123,138,109,191,184,172
Anabaena sp. 90,249,252,221,328,173,186,159,205
Anabaena sp. wa102,157,154,150,171,150,140,155,150
Acetomicrobium mobile,87,122,117,135,41,92,78,95
Anaerococcus prevotii,535,665,473,723,560,720,1273,823
Anaerolinea,NA,NA,NA,1,NA,NA,NA,NA
Anaerolinea thermophila,362,410,352,440,257,220,169,257
Anaerolineaceae,NA,NA,1,NA,NA,NA,NA,1
Anaerolineaceae bacterium oral taxon 439,143,208,197,223,122,249,238,233
Anaeromyxobacter,7,10,12,12,5,4,6,15
Anaeromyxobacter dehalogenans,965,1197,1307,1228,612,613,761,830
Anaeromyxobacter sp. Fw109-5,460,520,572,535,346,325,355,441
Anaeromyxobacter sp. K,418,557,705,574,225,325,469,434
Anaeromyxobacteraceae,6,9,1,7,2,NA,4,NA
Anaplasma centrale,109,86,57,76,126,38,36,39
Anaplasma marginale,105,96,73,121,112,38,21,42
Anaplasma phagocytophilum,47,80,47,60,42,52,42,67
Anaplasmataceae,1,NA,NA,NA,NA,1,NA,NA
Anatid herpesvirus 1,NA,NA,NA,NA,NA,1,1,NA
Aneurinibacillus,NA,NA,NA,NA,NA,2,NA,NA
Aneurinibacillus sp. XH2,665,434,292,494,717,381,400,409
Anguillid herpesvirus 1,NA,NA,NA,NA,NA,3,1,1
Anomala cuprea entomopoxvirus,NA,3,1,NA,1,14,24,7
Anopheles minimus irodovirus,NA,NA,NA,1,NA,2,5,1
Anoxybacillus,NA,NA,NA,NA,NA,1,NA,NA
Anoxybacillus amylolyticus,175,115,115,137,243,350,246,250
Anoxybacillus flavithermus,14,34,35,31,85,229,208,169
Anoxybacillus gonensis,112,84,62,78,180,278,269,231
Anoxybacillus sp. B2M1,92,116,133,150,168,379,289,300
Anoxybacillus sp. B7M1,106,131,177,166,176,442,321,318
Aotine herpesvirus 1,NA,1,NA,1,NA,NA,4,NA
Apocheima cinerarium nucleopolyhedrovirus,NA,NA,NA,NA,NA,NA,1,1
Capillovirus mali,NA,NA,1,NA,NA,NA,NA,NA
Aquifex aeolicus,112,65,31,73,150,72,66,83
Arabis mosaic virus,NA,NA,NA,NA,2,4,NA,1
Arachidicoccus sp. BS20,604,465,266,448,661,436,459,498
Arcanobacterium,NA,1,NA,2,3,NA,NA,NA
Arcanobacterium haemolyticum,249,223,161,232,232,143,114,157
Archaeal BJ1 virus,NA,NA,NA,NA,NA,NA,1,1
Archaeoglobus fulgidus,61,22,15,32,47,34,28,33
Archaeoglobus profundus,34,33,51,50,19,53,39,45
Archaeoglobus sulfaticallidus,84,29,15,46,107,56,50,58
Archaeoglobus veneficus,80,83,50,83,79,52,34,68
Archangium,1,3,2,4,NA,NA,NA,3
Archangium gephyra,857,1064,989,1176,595,479,569,715
Arcobacter,NA,NA,NA,NA,NA,1,NA,1
Aliarcobacter butzleri,33,46,66,69,138,314,325,251
Arcobacter nitrofigilis,133,95,42,92,190,224,228,185
Arcobacter sp. L,38,52,52,65,125,230,229,212
Armadillidium vulgare iridescent virus,127,78,33,60,114,15,7,17
Aromatoleum aromaticum,365,322,260,293,324,170,213,233
Arsenicicoccus,1,NA,NA,NA,2,1,1,2
Arsenicicoccus sp. oral taxon 190,200,291,368,321,109,159,230,252
Arsenophonus symbiont of Lipoptena fortisetosa,2,2,2,1,14,42,45,21
Arthrobacter,10,26,20,17,8,6,16,11
Arthrobacter alpinus,659,720,664,752,494,295,281,437
Arthrobacter phage BarretLemon,NA,NA,NA,NA,NA,4,1,1
Arthrobacter phage Kitkat,NA,NA,NA,NA,NA,1,NA,NA
Arthrobacter phage Mudcat,NA,NA,NA,NA,NA,1,1,NA
Arthrobacter phage vB_ArS-ArV2,4,5,15,7,2,NA,NA,2
Arthrobacter sp. A3,429,391,287,494,429,235,184,288
Arthrobacter sp. ATCC 21022,229,311,342,331,144,189,206,208
Arthrobacter sp. ERGS1:01,417,560,611,667,223,277,267,373
Arthrobacter sp. FB24,393,542,508,600,198,195,183,368
Arthrobacter sp. IHBB 11108,271,271,243,338,242,156,133,205
Arthrobacter sp. LS16,574,665,572,753,336,249,232,381
Arthrobacter sp. PAMC 25486,429,492,457,418,340,216,206,276
Arthrobacter sp. Rue61a,347,377,399,425,212,148,142,256
Arthrobacter sp. U41,505,513,451,601,363,237,226,362
Arthrobacter sp. YC-RL1,570,721,636,809,345,260,257,465
Arthrobacter sp. ZXY-2,507,501,470,503,399,234,248,283
Asaia,NA,1,2,NA,NA,NA,NA,NA
Asaia bogorensis,363,397,256,426,284,171,157,220
Asparagus virus 1,NA,NA,NA,1,NA,NA,NA,NA
Aster yellows witches'-broom phytoplasma,1,5,1,1,16,66,57,52
Asticcacaulis,1,5,6,4,2,2,1,2
Asticcacaulis excentricus,453,612,450,682,356,244,202,304
Ateline herpesvirus 3,NA,NA,NA,NA,NA,1,NA,NA
Atopobiaceae,3,1,NA,1,1,NA,NA,NA
Lancefieldella parvula,806,1082,1433,799,508,485,421,661
Aurantimonadaceae,5,6,4,2,NA,NA,1,1
Aurantimonas phage AmM-1,NA,NA,NA,NA,NA,NA,4,NA
Aureimonas,9,7,10,8,9,NA,NA,3
Aureimonas sp. AU20,355,453,512,398,266,229,282,326
Aureococcus anophagefferens virus,1,NA,NA,1,1,2,3,3
Autographa californica nucleopolyhedrovirus,NA,NA,NA,NA,NA,NA,1,NA
Avian paramyxovirus 5,NA,NA,NA,NA,NA,1,NA,NA
Azoarcus,72,47,36,75,56,20,12,28
Azoarcus olearius,331,443,516,511,227,241,301,330
Azoarcus sp. BH72,389,482,551,571,300,247,316,356
Azoarcus sp. CIB,367,453,482,415,241,216,355,335
Azoarcus sp. KH32C,450,430,425,378,350,185,288,302
Azorhizobium,1,2,NA,1,NA,2,1,2
Azorhizobium caulinodans,734,754,709,770,477,341,383,520
Azospira,9,10,4,11,1,5,NA,6
Azospira oryzae,541,693,684,838,344,340,408,507
Azospirillum,17,44,23,38,19,21,9,26
Azospirillum brasilense,1109,1586,1439,1625,680,720,797,993
Azospirillum humicireducens,628,678,480,631,630,235,257,345
Azospirillum lipoferum,1389,1702,1722,1764,992,761,903,1133
Azospirillum thiophilum,542,725,715,821,339,430,535,557
Azotobacter,NA,NA,1,NA,NA,NA,3,1
Azotobacter chroococcum,631,779,708,878,464,401,353,542
Azotobacter vinelandii,694,789,628,862,517,347,345,525
Bacillaceae,4,1,6,1,NA,3,NA,5
Bacillales,1,NA,NA,NA,NA,1,1,1
Bacillus <firmicutes>,7,1,5,10,7,13,13,18
Bacillus amyloliquefaciens,682,792,733,910,769,1029,850,963
Bacillus anthracis,161,158,136,177,290,431,449,373
Bacillus atrophaeus,331,365,313,415,329,390,352,378
Bacillus beveridgei,254,200,203,267,306,326,303,291
Bacillus bombysepticus,166,125,131,163,325,542,492,433
Evansella cellulosilytica,191,133,112,159,262,354,361,300
Bacillus cereus,1100,931,901,1098,1678,2510,2371,2050
Shouchella clausii,46,43,35,48,86,185,197,127
Heyndrickxia coagulans,551,645,616,780,648,791,704,798
Bacillus cytotoxicus,288,239,230,295,403,506,441,453
Priestia endophytica,111,166,184,189,228,509,480,404
Bacillus gibsonii,179,210,237,246,235,449,361,352
Bacillus glycinifermentans,44,102,109,113,130,302,284,253
Halalkalibacterium halodurans,180,114,119,132,269,267,229,238
Bacillus infantis,215,271,193,268,339,514,476,428
Shouchella lehensis,66,51,53,70,174,308,323,242
Bacillus licheniformis,146,181,201,168,255,420,359,299
Priestia megaterium,375,380,331,385,702,1018,1007,783
Bacillus methanolicus,238,235,201,293,325,449,425,403
Bacillus muralis,134,125,88,139,203,365,343,297
Bacillus mycoides,363,312,270,340,615,967,938,860
Cytobacillus oceanisediminis,321,273,270,301,483,614,551,539
Bacillus paralicheniformis,194,243,294,332,261,456,394,341
Bacillus phage 0305phi8-36,1,3,NA,1,NA,2,1,3
Bacillus phage AR9,1,2,1,NA,2,6,5,8
Bacillus phage Aurora,NA,NA,NA,NA,1,3,1,NA
Bacillus phage AvesoBmore,1,NA,NA,NA,NA,1,2,3
Bacillus phage B4,24,7,5,11,18,4,2,2
Bacillus phage Bastille,NA,NA,NA,NA,NA,3,1,2
Bacillus phage BCJA1c,NA,NA,NA,NA,1,8,1,3
Bacillus phage Bcp1,NA,1,NA,3,1,1,1,1
Bacillus phage BCP8-2,20,28,16,24,15,7,5,9
Bacillus phage Belinda,NA,NA,NA,NA,NA,2,1,3
Bacillus phage BigBertha,NA,NA,NA,NA,NA,1,NA,NA
Bacillus phage BM5,NA,NA,1,NA,NA,NA,NA,3
Bacillus phage Bobb,NA,NA,NA,NA,NA,1,NA,1
Bacillus phage BPS13,NA,NA,NA,NA,NA,1,1,NA
Bacillus phage CampHawk,NA,NA,NA,NA,NA,3,2,NA
Bacillus phage CP-51,1,NA,NA,NA,NA,2,2,1
Bacillus phage Deep Blue,13,26,16,21,6,7,5,7
Bacillus phage DIGNKC,NA,NA,NA,NA,1,2,1,3
Bacillus phage DirtyBetty,NA,NA,NA,NA,NA,2,1,3
Bacillus phage Eldridge,NA,NA,NA,NA,4,2,1,2
Bacillus phage Evoli,NA,NA,NA,NA,NA,5,3,NA
Bacillus phage Eyuki,NA,NA,NA,NA,NA,2,1,3
Bacillus phage Fah,NA,NA,NA,NA,4,9,5,3
Bacillus phage Gamma,NA,NA,NA,NA,4,9,5,3
Bacillus phage Grass,NA,NA,NA,NA,1,2,2,4
Bacillus phage Hakuna,NA,NA,NA,NA,NA,2,1,3
Bacillus phage JBP901,21,28,16,25,16,7,8,9
Bacillus phage JL,2,1,10,6,7,5,3,7
Bacillus phage Kida,NA,NA,NA,NA,NA,2,1,3
Bacillus phage Megatron,NA,NA,NA,NA,NA,2,1,3
Bacillus phage Nemo,NA,NA,NA,NA,1,2,1,4
Bacillus phage Nigalana,NA,NA,NA,NA,NA,2,1,3
Bacillus phage NotTheCreek,NA,NA,NA,NA,NA,2,1,3
Bacillus phage Palmer,NA,NA,NA,NA,NA,1,4,NA
Bacillus phage phi105,NA,NA,NA,NA,1,3,3,1
Bacillus phage phiAGATE,NA,1,NA,NA,2,9,2,4
Bacillus phage phiNIT1,1,NA,NA,NA,1,2,3,4
Bacillus phage phIS3501,NA,NA,1,NA,NA,NA,NA,NA
Bacillus phage Phrodo,1,NA,NA,NA,NA,1,NA,NA
Bacillus phage PM1,NA,NA,NA,NA,NA,NA,1,3
Bacillus phage Riley,1,NA,NA,NA,NA,2,2,3
Bacillus phage SageFayge,NA,NA,NA,NA,NA,2,1,3
Bacillus phage SalinJah,NA,NA,NA,NA,1,NA,NA,NA
Bacillus phage Shanette,2,1,10,6,4,1,3,5
Bacillus phage Shbh1,NA,NA,NA,NA,1,2,NA,NA
Bacillus phage Slash,NA,NA,NA,NA,2,4,5,8
Bacillus phage SP-10,NA,NA,NA,NA,NA,1,1,NA
Bacillus phage SP-15,NA,NA,NA,NA,1,5,1,2
Bacillus phage SPG24,1,NA,NA,NA,1,2,2,4
Bacillus phage Spock,NA,NA,NA,NA,2,2,1,2
Bacillus phage SPP1,36,17,7,15,33,5,2,5
Bacillus phage Staley,NA,NA,NA,NA,2,4,4,6
Bacillus phage Stitch,NA,NA,NA,NA,NA,3,4,3
Bacillus phage TP21-L,NA,NA,NA,NA,1,5,4,5
Bacillus phage Troll,1,NA,NA,NA,NA,NA,NA,NA
Bacillus phage TsarBomba,NA,1,NA,NA,1,2,1,4
Bacillus phage vB_BanS-Tsamsa,NA,4,5,3,5,9,7,5
Bacillus phage vB_BceM-Bc431v3,13,26,15,21,6,5,4,6
Bacillus phage vB_BhaS-171,1,NA,2,1,1,1,NA,1
Bacillus phage vB_BtS_BMBtp3,NA,NA,NA,NA,1,NA,1,1
Bacillus phage W.Ph.,NA,NA,NA,NA,1,8,9,4
Bacillus phage Waukesha92,8,9,6,20,3,2,2,7
Bacillus phage Zuko,NA,NA,NA,NA,NA,3,3,5
Alkalihalophilus pseudofirmus,163,139,108,158,295,403,372,293
Bacillus pumilus,631,627,599,711,1012,1307,1187,1143
Peribacillus simplex,350,276,202,294,476,462,381,391
Bacillus smithii,80,63,58,73,235,373,356,267
Bacillus sp.,292,278,274,299,354,514,381,403
Bacillus sp. 1NLA3E,192,171,179,210,298,421,383,340
Bacillus sp. ABP14,114,132,157,190,249,493,433,385
Bacillus sp. BH072,128,165,165,156,195,361,313,334
Bacillus sp. FJAT-14266,241,223,190,240,317,381,389,289
Priestia megaterium,58,80,89,99,184,438,386,324
Bacillus sp. JS,285,218,196,235,393,406,357,353
Bacillus sp. LM 4-2,177,212,235,248,243,449,356,359
Bacillus sp. OxB-1,194,160,149,176,263,376,254,267
Bacillus sp. Pc3,155,187,177,237,223,373,309,310
Bacillus sp. SDLI1,288,283,239,328,342,399,336,357
Bacillus sp. WP8,192,212,212,260,292,374,283,338
Bacillus sp. X1(2014),159,183,175,205,255,461,417,368
Bacillus sp. YP1,200,233,287,269,275,493,405,406
Bacillus subtilis,1257,1446,1408,1636,1656,2441,2003,2061
Bacillus thuringiensis,1166,1007,940,1186,1950,3025,3052,2502
Bacillus toyonensis,125,107,107,128,274,396,448,324
Bacillus velezensis,479,476,409,506,650,865,740,797
Cecivirus cv250,NA,NA,NA,NA,2,1,3,3
Beecentumtrevirus B103,NA,NA,NA,NA,1,NA,NA,NA
Andromedavirus blastoid,NA,NA,NA,1,NA,NA,NA,NA
Lwoffvirus BMBtp2,NA,NA,NA,NA,1,1,1,2
Andromedavirus finn,4,1,6,7,1,3,NA,2
Donellivirus gee,84,69,49,61,93,40,20,26
Gaunavirus GA1,NA,NA,NA,NA,1,NA,NA,NA
Cecivirus IEBH,NA,NA,NA,NA,2,1,2,3
Andromedavirus riggi,NA,NA,NA,NA,NA,5,1,3
Spbetavirus SPbeta,NA,1,NA,NA,NA,NA,1,NA
Okubovirus SPO1,NA,NA,NA,NA,NA,3,3,NA
Wbetavirus wbeta,NA,NA,NA,NA,4,9,5,3
Bacillus mycoides,121,139,152,173,270,512,596,445
Bacillus xiamenensis,113,132,128,122,240,415,323,283
Bacteriophage APSE-2,NA,NA,NA,NA,NA,1,NA,NA
Bacteriophage Lily,NA,1,NA,NA,NA,3,NA,1
bacterium L21-Spi-D4,938,581,371,545,952,395,425,458
Bacteroidaceae,1,NA,NA,NA,NA,NA,1,NA
Bacteroidales,NA,1,NA,NA,NA,1,1,NA
Bacteroidales bacterium CF,1412,1006,862,1004,1358,625,606,768
Bacteroides,22,10,3,20,20,18,9,23
Bacteroides cellulosilyticus,64952,76112,78547,88560,124570,241629,349388,201184
Phocaeicola dorei,472019,692184,1303117,467812,224703,209708,166782,341543
Bacteroides fragilis,63988,80389,100590,79472,120987,243900,279887,184756
Bacteroides helcogenes,61199,78644,76938,97990,43412,45900,35968,54345
Bacteroides ovatus,33055,33244,29833,38534,171970,397254,365518,267361
Bacteroides phage B124-14,NA,1,NA,NA,2,4,NA,1
Bacteroides phage B40-8,NA,NA,NA,NA,NA,NA,NA,1
Phocaeicola salanitronis,25076,22829,23706,22147,31157,37701,37165,32805
Bacteroides caecimuris,47720,51256,60922,51331,83665,149482,181172,118848
Bacteroides thetaiotaomicron,65572,80869,99507,82065,162556,345892,401009,268531
Phocaeicola vulgatus,1201145,1789039,1706161,2242138,547785,523901,229964,866661
Ball python nidovirus,30,10,2,12,32,4,NA,3
Banana streak UA virus,NA,NA,NA,NA,1,NA,2,NA
Banana streak virus,NA,NA,NA,NA,NA,NA,1,1
Bandicoot papillomatosis carcinomatosis virus type 2,NA,NA,NA,NA,NA,1,NA,NA
Banna virus strain JKT-6423,NA,NA,NA,1,NA,NA,NA,NA
Barnesiella,1,1,NA,NA,1,2,NA,1
Barnesiella viscericola,26080,23541,29055,18803,37910,52997,50420,42305
Bartonella ancashensis,148,106,41,70,158,78,77,75
Bartonella australis,12,10,8,12,38,46,45,39
Bartonella bacilliformis,65,104,77,119,60,104,108,105
Bartonella clarridgeiae,44,40,10,26,69,87,77,62
Bartonella grahamii,22,27,41,42,39,76,95,71
Bartonella henselae,8,13,7,14,60,100,111,80
Bartonella quintana,6,8,15,17,46,71,88,61
Bartonella tribocorum,50,46,64,61,60,100,103,90
Bartonella vinsonii,31,35,55,62,51,84,77,62
Basfia,NA,NA,NA,NA,NA,2,1,NA
Basilea psittacipulmonis,146,102,114,136,160,155,143,132
Bat adenovirus 2,NA,NA,NA,NA,NA,NA,1,NA
Bat mastadenovirus WIV10,NA,NA,NA,NA,2,7,3,1
Bat mastadenovirus WIV11,NA,NA,NA,NA,2,7,2,1
Bat mastadenovirus WIV13,NA,NA,NA,NA,NA,1,NA,NA
Bat mastadenovirus WIV9,NA,NA,NA,NA,2,7,2,1
Bat polyomavirus 6c,NA,NA,NA,NA,1,5,3,2
Bathycoccus sp. RCC1105 virus BpV1,1,NA,NA,NA,NA,3,5,1
Bathymodiolus septemdierum thioautotrophic gill symbiont,125,95,73,115,162,104,85,85
Bdellovibrio bacteriovorus,660,498,380,547,698,490,473,474
Pseudobdellovibrio exovorus,276,190,114,157,287,184,161,151
Bdellovibrionales,1,NA,NA,NA,NA,NA,NA,NA
Beet chlorosis virus,NA,NA,NA,NA,1,NA,NA,NA
Beet mosaic virus,NA,NA,NA,NA,NA,NA,NA,1
Beggiatoa leptomitiformis,303,165,97,155,334,133,152,130
Beijerinckia,1,NA,NA,NA,1,NA,NA,1
Beijerinckia indica,253,220,176,227,211,161,152,186
Beijerinckiaceae,NA,1,NA,1,1,2,1,4
Bell pepper mottle virus,NA,NA,NA,NA,NA,NA,1,NA
Belliella baltica,691,400,237,434,788,342,367,360
beta proteobacterium CB,114,92,55,117,131,85,102,87
Betaproteobacteria,NA,NA,NA,1,NA,NA,NA,NA
Beutenbergia,51,41,8,28,42,8,5,12
Beutenbergia cavernae,312,303,360,261,246,140,195,212
Bibersteinia,6,4,2,2,NA,4,4,2
Bibersteinia trehalosi,107,96,68,80,165,314,311,215
Bifidobacteriaceae,12,10,11,11,7,5,5,6
Bifidobacteriales,2,NA,2,NA,NA,NA,NA,NA
Bifidobacterium,254,292,186,279,210,107,124,158
Bifidobacterium actinocoloniiforme,289,395,425,298,217,187,170,228
Bifidobacterium adolescentis,281917,423468,601015,254896,122088,112025,61128,195727
Bifidobacterium angulatum,2807,3689,4595,2800,6831,14820,57858,21469
Bifidobacterium animalis,2005,2435,2071,2774,5167,11060,55835,15870
Bifidobacterium asteroides,569,716,657,676,359,307,251,375
Bifidobacterium bifidum,1025,1366,1744,1203,17825,45708,62809,28757
Bifidobacterium breve,2468,3536,4001,3272,3885,8403,4644,6376
Bifidobacterium catenulatum,4337,6277,8541,4138,9908,22021,62248,30868
Bifidobacterium coryneforme,147,227,227,222,118,224,225,238
Bifidobacterium dentium,835,1124,1003,1233,542,542,480,789
Bifidobacterium indicum,292,317,358,313,266,248,239,267
Bifidobacterium catenulatum subsp. kashiwanohense,5408,7906,10154,5923,3932,6220,8442,7289
Bifidobacterium longum,5567,8236,8820,8033,83934,214739,73337,135224
Bifidobacterium pseudocatenulatum,3817,5570,6602,4775,17416,42538,69162,28576
Bifidobacterium pseudolongum,701,912,1083,855,394,419,434,610
Bifidobacterium scardovii,961,1350,1608,1229,564,707,610,911
Bifidobacterium thermophilum,1850,2823,2242,3324,1192,1370,1726,1962
Black grass varicosavirus-like virus,NA,NA,NA,NA,NA,NA,7,1
Black medic leafroll alphasatellite 1,NA,NA,NA,NA,NA,NA,2,NA
Blackberry Virus F,NA,NA,NA,NA,NA,4,NA,1
Blastochloris,NA,2,2,1,NA,1,2,4
Blastochloris viridis,468,413,377,440,348,235,243,319
Blastococcus,4,3,2,1,2,2,1,2
Blastococcus saxobsidens,257,405,433,380,144,212,197,268
Blastomonas,1,2,NA,2,NA,1,NA,NA
Blastomonas sp. RAC04,475,557,444,542,376,243,178,312
Blattabacteriaceae,NA,NA,NA,NA,NA,1,NA,NA
Blattabacterium,NA,NA,NA,NA,NA,3,2,NA
Blattabacterium punctulatus,85,39,31,55,90,51,67,48
Blattabacterium sp. (Blaberus giganteus),132,72,37,54,152,62,80,68
Blattabacterium sp. (Blatta orientalis),88,105,101,163,52,87,66,95
Blattabacterium sp. (Blattella germanica),214,145,123,207,192,104,103,155
Blattabacterium sp. (Mastotermes darwiniensis),82,97,83,165,56,73,88,91
Blattabacterium sp. (Nauphoeta cinerea),83,91,90,155,50,89,77,106
Blattabacterium cuenoti,127,115,99,189,103,87,91,107
Blattabacterium sp. (Periplaneta americana),97,114,91,190,64,85,76,105
Blautia,NA,NA,NA,NA,NA,3,NA,NA
Blautia sp. YL58,1946,2419,1908,2911,8117,19198,13651,13481
Blochmannia endosymbiont of Camponotus (Colobopsis) obliquus,207,116,74,118,247,48,40,48
Blochmannia endosymbiont of Polyrhachis (Hedomyrma) turneri,NA,NA,NA,2,17,49,36,22
Bombyx mori nucleopolyhedrovirus,NA,NA,NA,NA,1,3,NA,2
Bordetella,61,58,40,82,42,27,29,44
Bordetella avium,312,408,349,386,233,188,226,251
Bordetella bronchialis,419,660,691,665,271,291,415,406
Bordetella bronchiseptica,879,1166,1148,1181,484,567,722,870
Bordetella flabilis,432,464,531,543,330,222,275,339
Bordetella hinzii,569,707,629,625,446,342,438,439
Bordetella holmesii,302,293,266,285,217,153,162,211
Bordetella parapertussis,673,861,829,781,409,409,456,590
Bordetella pertussis,525,679,693,633,309,338,374,490
Bordetella petrii,495,527,496,556,426,282,368,376
Bordetella pseudohinzii,354,448,452,417,247,236,421,366
Bordetella sp. H567,425,591,564,701,269,318,369,418
Bordetella trematum,734,648,538,614,656,265,389,388
Rauchvirus BPP1,NA,NA,NA,NA,NA,1,3,NA
Borrelia duttonii,133,113,81,105,190,118,82,112
Borrelia hermsii,42,32,26,51,58,96,86,57
Borrelia miyamotoi,8,4,12,10,28,58,54,40
Borrelia parkeri,6,15,11,12,34,83,60,49
Borrelia recurrentis,130,113,81,102,189,126,82,120
Borrelia turicatae,126,81,24,61,142,65,59,56
Borreliella,NA,NA,NA,NA,1,NA,1,NA
Borreliella afzelii,60,43,22,35,78,38,64,42
Borreliella bavariensis,61,35,17,33,78,44,58,52
Borreliella bissettii,7,5,3,13,22,41,79,47
Borreliella burgdorferi,167,103,37,85,173,67,78,67
Borreliella garinii,55,32,13,26,80,39,55,41
Borreliella valaisiana,11,7,6,10,15,34,42,35
Bosea <a-proteobacteria>,NA,1,3,1,2,3,6,5
Bosea sp. PAMC 26642,384,488,461,412,287,213,252,333
Bosea sp. RAC05,543,646,656,510,439,250,348,387
Bosea vaviloviae,488,604,632,599,359,277,306,385
Botrytis cinerea endornavirus 1,NA,NA,NA,NA,NA,1,2,1
Botrytis cinerea mitovirus 1,NA,NA,NA,NA,NA,1,NA,NA
Bovine coronavirus,NA,NA,NA,NA,NA,1,1,NA
bovine alphaherpesvirus 1,NA,2,NA,NA,NA,NA,2,NA
Bovine alphaherpesvirus 5,NA,NA,NA,NA,NA,1,4,1
Bovine gammaherpesvirus 6,NA,1,NA,NA,NA,NA,2,NA
Bovine immunodeficiency virus,NA,NA,1,NA,NA,NA,NA,NA
Bovine papular stomatitis virus,44,68,57,100,20,20,5,35
bovine respiratory syncytial virus,NA,NA,NA,NA,NA,NA,1,NA
Bovine viral diarrhea virus 1,NA,NA,NA,NA,NA,NA,1,NA
Brachybacterium,92,68,16,46,73,13,9,12
Brachybacterium faecium,365,582,567,609,188,227,292,341
Brachyspira hyodysenteriae,363,421,334,449,400,426,407,407
Brachyspira intermedia,417,474,393,539,407,458,384,444
Brachyspira murdochii,147,219,179,225,190,321,330,321
Brachyspira pilosicoli,613,674,587,793,732,874,853,814
Nitrobacteraceae,108,63,54,79,81,17,8,38
Bradyrhizobium,48,42,55,40,42,38,24,38
Bradyrhizobium diazoefficiens,949,908,903,812,739,429,450,578
Bradyrhizobium icense,342,363,364,371,292,211,276,297
Bradyrhizobium japonicum,565,617,781,582,415,320,335,406
Bradyrhizobium oligotrophicum,272,430,428,456,210,311,283,338
Bradyrhizobium sp.,390,467,534,445,333,269,287,290
Bradyrhizobium sp. BTAi1,332,427,496,411,218,235,280,339
Bradyrhizobium sp. CCGE-LA001,428,579,681,565,266,312,331,369
Bradyrhizobium sp. ORS 278,369,538,662,525,236,302,335,358
Bradyrhizobium sp. S23321,407,596,641,549,237,322,326,380
Brazilian marseillevirus,NA,NA,NA,NA,2,4,5,5
Brevibacillus,NA,NA,NA,NA,NA,NA,NA,1
Brevibacillus brevis,247,261,270,287,371,564,502,434
Brevibacillus laterosporus,207,179,127,183,347,494,428,390
Brevibacillus phage Jenst,NA,NA,NA,NA,2,1,NA,2
Brevibacillus phage Sundance,NA,NA,NA,NA,1,2,1,2
Brevibacterium,5,12,14,6,5,1,1,5
Brevibacterium linens,434,551,589,535,339,329,296,392
Brevundimonas,4,11,9,12,2,4,NA,6
Brevundimonas naejangsanensis,384,432,433,446,275,208,190,284
Brevundimonas sp. DS20,199,302,283,367,122,170,212,187
Brevundimonas sp. GW460-12-10-14-LB2,284,386,354,510,150,200,214,271
Brevundimonas subvibrioides,303,398,405,445,156,172,196,284
Brochothrix phage A9,NA,NA,NA,NA,NA,3,1,1
Brochothrix phage BL3,NA,NA,NA,NA,NA,1,3,NA
Brochothrix phage NF5,NA,NA,NA,NA,NA,1,1,NA
Brucella,3,2,5,3,6,15,8,8
Brucella abortus,251,288,269,288,160,198,230,255
Brucella canis,362,343,313,339,280,195,187,269
Brucella ceti,385,354,323,363,290,223,205,288
Brucella melitensis,281,296,291,315,185,218,252,249
Brucella microti,245,260,246,270,161,199,227,224
Brucella ovis,237,251,234,260,156,193,229,211
Brucella phage Pr,NA,NA,NA,NA,NA,2,4,1
Brucella phage Tb,NA,NA,NA,NA,NA,2,4,1
Brucella pinnipedialis,391,370,343,376,289,224,202,293
Brucella sp. 141012304,314,351,360,373,226,244,204,295
Brucella sp. 2002734562,227,254,239,253,155,196,224,231
Brucella suis,251,272,274,295,188,218,241,231
Brucella vulpis,260,301,321,296,196,180,211,220
Brucellaceae,NA,NA,3,1,NA,NA,NA,NA
BtMr-AlphaCoV/SAX2011,NA,NA,NA,NA,NA,NA,NA,1
Buchnera aphidicola,127,113,90,141,208,292,369,244
Burke virus,3,2,NA,1,1,NA,NA,1
Burkholderia,126,186,179,190,106,97,146,170
Burkholderia ambifaria,414,414,518,374,344,313,443,358
Burkholderia cenocepacia,1187,1533,1694,1479,808,939,1304,1218
Burkholderia cepacia,1094,1378,1639,1363,737,919,1303,1192
Burkholderia contaminans,246,371,407,329,166,209,304,319
Burkholderia diffusa,353,291,277,269,318,142,253,219
Burkholderia dolosa,202,257,370,222,140,173,261,212
Burkholderia gladioli,619,838,865,893,484,397,533,534
Burkholderia glumae,704,931,916,910,564,476,683,639
Burkholderia lata,810,691,583,603,713,349,505,484
Burkholderia latens,267,356,393,339,175,197,313,249
Burkholderia mallei,151,188,272,153,122,150,295,199
Burkholderia metallica,209,324,451,267,157,179,293,280
Burkholderia multivorans,914,1072,1064,954,680,481,682,679
Burkholderia oklahomensis,373,346,441,314,298,203,312,239
Burkholderia phage BcepB1A,NA,NA,NA,NA,1,NA,1,NA
Burkholderia phage BcepGomr,NA,NA,NA,NA,NA,1,NA,NA
Burkholderia phage BcepNazgul,9,11,7,19,4,6,NA,7
Burkholderia phage KL3,NA,NA,NA,NA,NA,NA,2,1
Burkholderia phage KS10,NA,NA,NA,NA,NA,NA,1,NA
Burkholderia phage KS5,NA,NA,NA,NA,NA,NA,NA,1
Burkholderia phage KS9,NA,NA,NA,NA,1,4,1,4
Burkholderia plantarii,458,618,599,600,413,302,399,431
Burkholderia pseudomallei,436,635,804,488,368,402,641,556
Burkholderia pseudomultivorans,329,432,527,433,205,236,293,337
Burkholderia pyrrocinia,204,300,420,276,145,195,334,275
Burkholderia seminalis,262,306,412,273,170,167,299,247
Burkholderia sp. 2002721687,545,521,577,451,470,182,296,325
Burkholderia humptydooensis,524,483,565,391,429,177,273,317
Burkholderia sp. Bp7605,313,448,565,380,171,212,241,290
Burkholderia sp. CCGE1001,422,463,455,404,314,193,271,301
Burkholderia sp. CCGE1002,237,345,394,336,146,218,246,265
Burkholderia sp. CCGE1003,390,403,448,393,315,255,335,322
Burkholderia sp. HB1,343,359,343,307,286,239,289,265
Burkholderia sp. KJ006,418,520,608,435,274,213,283,350
Burkholderia sp. OLGA172,378,455,421,453,255,262,302,340
Burkholderia sp. PAMC 26561,239,311,308,236,216,180,238,218
Burkholderia sp. PAMC 28687,151,230,267,194,141,186,242,188
Burkholderia sp. RPE64,526,498,497,552,402,248,313,304
Burkholderia sp. RPE67,390,524,609,495,240,307,390,419
Burkholderia sp. YI23,345,452,542,441,226,304,453,396
Burkholderia stabilis,224,250,317,233,167,199,315,251
Burkholderia stagnalis,165,230,277,164,121,204,319,250
Burkholderia territorii,311,334,320,328,225,164,324,236
Burkholderia thailandensis,538,730,953,559,399,393,612,560
Burkholderia ubonensis,656,833,974,825,464,536,777,722
Burkholderia vietnamiensis,526,694,835,582,362,339,462,496
Naesvirus bcep1,NA,NA,NA,NA,NA,NA,1,NA
Lessievirus bcep22,NA,NA,2,2,NA,1,NA,NA
Naesvirus bcep43,NA,NA,NA,NA,NA,2,1,2
Naesvirus bcep781,NA,NA,NA,NA,NA,2,1,2
Ryyoungvirus bcepC6B,NA,1,NA,NA,NA,1,1,1
Bcepfunavirus bcepF1,NA,NA,NA,NA,NA,NA,1,NA
Lessievirus bcepil02,NA,2,5,2,NA,1,1,1
Lessievirus bcepmigl,NA,2,2,NA,1,1,4,1
Naesvirus bcepNY3,NA,NA,NA,NA,1,1,NA,NA
Lessievirus DC1,12,14,16,5,6,2,4,6
Tigrvirus phi52237,43,17,9,29,56,1,1,11
Burkholderia virus phiE122,43,17,9,28,56,1,1,11
Stanholtvirus E125,1,2,NA,2,NA,1,NA,1
Tigrvirus E202,1,NA,NA,NA,NA,NA,NA,NA
Burkholderiaceae,36,41,51,57,30,26,18,26
Burkholderiales,45,38,20,32,25,9,20,26
Burkholderiales bacterium GJ-E10,164,228,216,222,92,121,146,154
Burkholderiales bacterium YL45,313,278,172,279,559,793,2222,989
Butyrivibrio,NA,NA,NA,NA,NA,2,NA,1
Butyrivibrio hungatei,1609,1441,1331,1633,3687,6856,5128,4812
Butyrivibrio proteoclasticus,1815,1567,1529,1819,3961,7259,5211,5089
Buzura suppressaria nucleopolyhedrovirus,NA,NA,NA,NA,NA,1,1,NA
Bixzunavirus,1,NA,NA,NA,NA,1,2,1
Cacao swollen shoot virus,NA,NA,NA,1,NA,NA,NA,NA
Cactus mild mottle virus,NA,NA,NA,NA,1,2,1,NA
Cafeteria roenbergensis virus BV-PW1,15,17,27,22,33,27,15,19
Caldanaerobacter,1,NA,NA,NA,NA,NA,NA,NA
Caldanaerobacter subterraneus,74,99,68,123,163,350,292,285
Caldicellulosiruptor,31,78,50,80,18,19,7,37
Caldicellulosiruptor bescii,121,188,182,177,205,333,335,260
Caldicellulosiruptor hydrothermalis,189,237,212,241,274,444,380,355
Caldicellulosiruptor acetigenus,318,383,355,441,392,463,345,360
Caldicellulosiruptor kronotskyensis,159,194,161,153,268,383,393,303
Caldicellulosiruptor acetigenus,214,311,330,347,278,418,362,310
Caldicellulosiruptor obsidiansis,184,232,254,232,260,351,404,322
Caldicellulosiruptor owensensis,204,251,290,307,305,374,366,333
Caldicellulosiruptor saccharolyticus,261,249,193,232,349,383,309,316
Caldilinea,1,1,1,NA,1,1,2,NA
Caldilinea aerophila,415,464,404,501,318,281,257,320
Caldilineaceae,NA,NA,NA,NA,NA,NA,1,1
Caldimicrobium thiodismutans,28,23,8,18,56,78,75,54
Caldisericum exile,67,93,119,142,59,97,92,102
Caldisphaera lagunensis,96,56,52,66,130,70,72,56
Calditerrivibrio,1,NA,NA,NA,NA,NA,NA,NA
Calditerrivibrio nitroreducens,1196,614,326,651,1267,271,214,346
Caldivirga maquilingensis,84,69,61,76,64,20,9,21
California sea lion adenovirus 1,70,28,8,37,72,10,2,11
Calothrix,NA,NA,NA,NA,NA,NA,NA,1
Calothrix parietina,67,98,92,110,83,167,174,131
Calothrix sp. 336/3,251,140,128,170,254,153,163,141
Calothrix sp. PCC 7507,70,60,48,64,104,160,134,124
Calyptogena okutanii thioautotrophic gill symbiont,5,6,1,2,38,46,91,35
Camelpox virus,NA,NA,NA,NA,NA,2,1,1
Campylobacter,7,8,10,9,2,2,1,2
Campylobacter coli,262,282,352,319,1088,2342,1862,1711
Campylobacter concisus,280,201,162,264,294,238,179,182
Campylobacter curvus,352,214,146,233,361,106,104,125
Campylobacter fetus,51,43,45,62,109,179,186,147
Campylobacter gracilis,40,54,69,41,54,85,116,95
Campylobacter hominis,62,75,83,91,105,150,266,164
Campylobacter hyointestinalis,43,30,54,47,88,138,156,117
Campylobacter iguaniorum,33,38,49,48,35,84,108,70
Campylobacter insulaenigrae,116,81,65,125,130,157,130,134
Campylobacter jejuni,103,118,138,134,724,1706,1347,1165
Campylobacter lari,217,144,109,150,271,315,324,295
Campylobacter peloridis,62,45,31,50,77,117,126,104
Campylobacter phage CP30A,NA,NA,NA,NA,2,8,5,7
Campylobacter sp. RM16704,166,79,57,91,173,84,90,74
Campylobacter subantarcticus,202,124,76,132,212,161,135,131
Campylobacter ureolyticus,109,75,66,89,173,144,246,163
Firehammervirus CP21,1,NA,NA,NA,3,6,5,4
Firehammervirus CP220,NA,NA,NA,NA,4,8,9,11
Firehammervirus CPt10,NA,NA,NA,NA,2,5,5,3
Fletchervirus CPX,51,19,8,27,43,7,2,9
Fletchervirus NCTC12673,70,32,14,47,73,17,7,18
Campylobacter volucris,20,22,26,28,79,181,148,118
Campylobacteraceae,1,NA,NA,NA,NA,NA,2,NA
Campylobacterales,NA,NA,NA,1,NA,NA,NA,NA
Canarypox virus,NA,NA,NA,NA,1,5,1,NA
Candidatus Accumulibacter,NA,1,4,3,1,NA,NA,NA
Candidatus Accumulibacter phosphatis,340,433,396,457,271,226,282,327
Candidatus Amoebophilus asiaticus,228,144,78,140,210,94,116,107
Candidatus Arthromitus sp. SFB-mouse,142,185,137,203,199,264,292,249
Candidatus Arthromitus sp. SFB-mouse-NL,204,226,150,224,300,272,284,257
Candidatus Arthromitus sp. SFB-rat-Yit,287,322,233,326,346,288,281,275
Candidatus Atelocyanobacterium,NA,NA,NA,NA,NA,NA,1,NA
Candidatus Atelocyanobacterium thalassae,9,16,22,20,36,99,79,73
Candidatus Azobacteroides pseudotrichonymphae,268,199,157,199,337,390,379,332
Candidatus Babela massiliensis,224,133,108,189,175,82,66,104
Candidatus Palibaumannia cicadellinicola,134,65,47,70,157,114,145,111
Candidatus Blochmanniella chromaiodes,5,7,3,6,14,21,39,23
Candidatus Blochmannia floridanus,14,12,14,23,12,30,40,32
Candidatus Blochmanniella pennsylvanica,3,6,2,4,14,29,43,27
Candidatus Blochmanniella vafra,5,6,3,7,27,51,50,38
Candidatus Carsonella ruddii,1,5,4,2,4,11,8,10
Candidatus Cloacimonas acidaminovorans,642,416,195,377,694,234,183,249
Candidatus Desulforudis audaxviator,207,271,314,277,154,222,213,237
Candidatus Doolittlea endobia,81,57,37,56,83,24,37,42
Candidatus Endolissoclinum faulkneri,37,8,8,18,51,79,84,68
Candidatus Evansia muelleri,14,38,12,26,10,18,40,23
Candidatus Filomicrobium marinum,285,248,180,287,292,139,99,127
Candidatus Gullanella endobia,15,10,14,14,15,60,53,48
Candidatus Hoaglandella endobia,91,74,45,68,111,48,51,57
Candidatus Ishikawella capsulata,10,6,16,15,21,47,76,43
Candidatus Izimaplasma sp. HR1,87,70,86,87,133,272,314,247
Candidatus Kinetoplastidibacterium crithidiae,6,16,14,11,41,62,72,54
Candidatus Kinetoplastidibacterium desouzai,12,11,13,18,40,47,55,44
Candidatus Kinetoplastidibacterium galati,7,4,11,17,18,42,68,31
Candidatus Kinetoplastidibacterium stringomonadis,17,9,11,14,22,48,50,30
Candidatus Korarchaeum cryptofilum,NA,4,1,1,3,14,18,7
Candidatus Korobacter,1,2,1,3,NA,NA,NA,2
Candidatus Korobacter versatilis,675,583,464,623,529,258,235,318
Candidatus Liberibacter africanus,69,27,16,32,67,42,89,42
Candidatus Liberibacter americanus,58,41,23,30,79,60,84,48
Candidatus Liberibacter asiaticus,16,8,10,22,32,58,83,49
Candidatus Liberibacter solanacearum,124,60,27,55,141,60,94,58
Candidatus Methanomassiliicoccus intestinalis,75,124,121,132,95,152,109,143
Methanomethylophilus,NA,1,NA,1,NA,1,NA,1
Methanomethylophilus alvi,46,62,76,75,40,76,74,84
Candidatus Methanoplasma,NA,NA,NA,NA,NA,NA,1,NA
Candidatus Methanoplasma termitum,18,23,33,30,21,51,31,68
Candidatus Methylopumilus planktonicus,31,28,20,20,66,97,106,72
Candidatus Methylopumilus turicensis,115,82,58,79,135,92,102,84
Candidatus Midichloria,1,NA,NA,NA,NA,NA,NA,NA
Candidatus Midichloria mitochondrii,15,13,25,22,15,21,57,38
Candidatus Mikella endobia,16,32,31,31,10,25,34,31
Candidatus Moranella endobia,18,10,12,20,22,23,36,29
Candidatus Nitrosopelagicus brevis,39,41,23,40,33,47,52,44
Candidatus Nitrosopumilus adriaticus,117,54,36,62,104,63,69,63
Candidatus Nitrosopumilus sp. AR2,13,11,7,2,33,60,51,48
Candidatus Nitrosotenuis cloacae,NA,2,7,NA,5,29,29,17
Candidatus Nitrospira inopinata,220,278,230,276,208,114,113,162
Candidatus Pantoea carbekii,6,3,4,1,14,43,70,37
Candidatus Paracaedibacter acanthamoebae,64,64,60,93,43,88,84,81
Candidatus Paracaedibacteraceae,NA,NA,NA,NA,NA,1,1,NA
Candidatus Pelagibacter sp. IMCC9063,27,32,37,44,46,72,101,58
Candidatus Pelagibacter communis,21,29,25,24,66,102,96,76
Candidatus Phytoplasma australiense,35,57,26,63,28,68,67,67
Candidatus Phytoplasma mali,2,1,1,3,19,44,66,26
Candidatus Portiera aleyrodidarum,1,4,5,4,4,16,25,6
Candidatus Profftella armatura,5,3,1,1,13,13,23,16
Candidatus Puniceispirillum,NA,NA,NA,NA,NA,1,NA,NA
Candidatus Puniceispirillum marinum,81,59,76,60,107,109,101,84
Candidatus Rhodoluna planktonica,52,73,82,67,56,60,80,68
Candidatus Riesia pediculicola,4,7,5,5,12,35,35,19
Candidatus Ruthturnera calyptogenae,90,50,55,72,84,63,88,81
Candidatus Sodalis pierantonii,412,270,214,288,428,157,151,195
Candidatus Solibacter,1,1,1,NA,2,NA,NA,NA
Candidatus Solibacter usitatus,505,501,451,511,404,312,329,329
Candidatus Symbiobacter mobilis,116,207,207,190,83,164,115,149
Candidatus Tachikawaea gelatinosa,26,12,2,11,39,59,55,37
Candidatus Thioglobus autotrophicus,23,29,35,54,30,72,77,60
Candidatus Pseudothioglobus singularis,221,118,76,107,275,210,155,154
Candidatus Xiphinematobacter sp. Idaho Grape,231,110,48,120,196,42,38,59
Canid herpesvirus 1,NA,1,NA,2,NA,3,4,2
Canine adenovirus 1,NA,NA,NA,NA,NA,NA,2,NA
Canine adenovirus 2,NA,NA,NA,NA,NA,NA,1,NA
Canine mastadenovirus A,NA,NA,NA,NA,NA,NA,2,NA
Capnocytophaga,1,1,2,NA,2,2,1,NA
Capnocytophaga canimorsus,922,525,291,563,906,367,445,410
Capnocytophaga haemolytica,1188,916,666,922,1199,497,434,630
Capnocytophaga ochracea,1000,712,499,694,1124,504,493,536
Capnocytophaga sp. oral taxon 323,884,626,430,641,1005,445,432,507
Caprine arthritis encephalitis virus,NA,NA,NA,NA,NA,NA,NA,1
Caprine kobuvirus,NA,NA,NA,NA,NA,NA,1,NA
Carboxydothermus hydrogenoformans,303,232,168,263,308,244,182,247
Cardinium endosymbiont of Encarsia pergandiella,143,105,63,106,169,78,73,83
Carnobacterium,NA,NA,NA,NA,NA,NA,1,1
Carnobacterium inhibens,45,54,57,64,133,370,367,290
Carnobacterium maltaromaticum,161,104,80,149,254,372,400,297
Carnobacterium sp. 17-4,61,81,74,98,217,402,388,308
Carnobacterium sp. CP1,237,154,97,139,305,347,310,281
CAS virus,NA,NA,NA,NA,NA,1,1,NA
Cassava brown streak virus,NA,NA,NA,NA,NA,3,NA,1
Cassava Ivorian bacilliform virus,NA,NA,NA,NA,NA,NA,NA,1
Cassava vein mosaic virus,NA,1,NA,NA,NA,NA,NA,NA
Castellaniella,NA,7,5,12,1,3,3,3
Castellaniella defragrans,474,592,597,624,348,285,378,419
Casuarina virus,NA,NA,NA,NA,NA,3,1,1
Catenulispora,8,14,5,17,4,4,5,11
Catenulispora acidiphila,582,888,791,977,310,340,424,554
Catenulisporaceae,8,12,6,7,1,4,5,4
Catopsilia pomona nucleopolyhedrovirus,NA,NA,NA,NA,NA,1,5,NA
Caulobacter,62,24,17,31,57,15,8,15
Caulobacter henricii,449,423,394,461,311,188,209,249
Caulobacter phage CcrColossus,NA,NA,NA,NA,1,NA,1,NA
Caulobacter phage Cr30,NA,NA,1,NA,2,4,3,2
Caulobacter segnis,320,441,486,506,209,266,286,315
Caulobacter sp. K31,589,874,815,972,377,367,363,576
Caulobacter vibrioides,497,597,599,611,346,294,279,399
Caulobacter virus Karma,5,9,13,9,8,4,6,6
Caulobacter virus Magneto,1,4,6,2,5,1,1,3
Shapirovirus cbk,1,4,6,2,4,1,6,3
Poindextervirus rogue,4,8,2,1,NA,3,6,3
Shapirovirus swift,1,1,3,1,3,NA,6,3
Caulobacteraceae,17,14,12,17,13,4,6,7
Caulobacteraceae bacterium OTSz_A_272,168,201,159,184,159,99,140,141
Caulobacterales,NA,1,1,1,NA,NA,2,2
Caviid betaherpesvirus 2,NA,1,NA,NA,NA,NA,NA,NA
Cedecea,NA,NA,NA,1,NA,2,NA,1
Cedecea neteri,2162,1979,1729,2203,1922,1284,1145,1421
Celeribacter,2,NA,1,1,NA,1,NA,1
Celeribacter indicus,390,462,425,468,263,242,250,327
Celeribacter marinus,83,116,88,112,79,124,91,125
Celeribacter phage P12053L,NA,NA,NA,NA,NA,1,1,NA
Celery mosaic virus,NA,NA,NA,NA,3,7,1,NA
Cellulomonadaceae,1,NA,1,NA,1,NA,1,1
Cellulomonas,98,69,32,45,81,10,13,17
Cellulomonas fimi,400,563,530,545,258,185,278,341
Cellulomonas flavigena,337,486,503,394,235,199,230,266
Cellulomonas gilvus,238,300,319,274,161,132,188,202
Cellulophaga,NA,NA,NA,NA,1,1,NA,NA
Cellulophaga algicola,125,92,83,101,208,271,334,227
Cellulophaga baltica,360,259,165,290,440,390,440,382
Cellulophaga lytica,180,109,80,103,221,215,307,207
Cellulophaga phage phi10:1,NA,NA,NA,NA,NA,NA,1,1
Cellulophaga phage phi13:2,NA,NA,NA,NA,1,3,NA,1
Cellulophaga phage phi14:2,NA,NA,NA,NA,1,NA,1,2
Cellulophaga phage phi17:2,NA,NA,NA,NA,NA,3,3,2
Cellulophaga phage phi18:3,NA,NA,NA,NA,1,2,1,1
Cellulophaga phage phi19:1,NA,NA,NA,NA,NA,NA,1,NA
Cellulophaga phage phi19:3,NA,NA,NA,NA,1,2,NA,1
Cellulophaga phage phi4:1,NA,NA,NA,NA,NA,3,3,2
Cellulophaga phage phi46:1,7,2,1,1,4,1,NA,NA
Cellulophaga phage phi46:3,NA,NA,NA,NA,1,2,2,1
Cellulophaga phage phiSM,NA,NA,NA,NA,1,NA,3,2
Cellulophaga phage phiST,NA,NA,NA,NA,5,10,4,1
Cellulosilyticum lentocellum,793,944,802,1052,1403,2542,2118,2056
Cellvibrio japonicus,423,315,219,334,440,190,184,230
Cellvibrionaceae,NA,NA,1,NA,NA,1,3,2
Cellvibrionales,NA,NA,1,NA,NA,1,1,NA
Cercopithecine herpesvirus 2,NA,NA,NA,NA,NA,NA,3,2
Cercopithecine betaherpesvirus 5,NA,NA,NA,NA,1,NA,2,2
Cercopithecine alphaherpesvirus 9,NA,NA,NA,NA,2,2,2,3
Chania,1,NA,NA,NA,NA,NA,NA,NA
Chania multitudinisentens,208,256,203,287,192,170,175,188
Cheoctovirus,1,2,2,NA,NA,1,1,1
Chelativorans,3,3,4,2,4,3,2,1
Chelativorans sp. BNC1,199,278,213,272,212,193,149,199
Chelatococcus,2,4,9,2,2,NA,4,2
Chelatococcus sp. CO-6,539,665,657,688,391,296,377,447
Chelonid alphaherpesvirus 5,NA,NA,NA,NA,NA,1,NA,NA
Chilli ringspot virus,NA,3,1,NA,NA,NA,NA,1
Chilli veinal mottle virus,NA,NA,NA,NA,NA,2,NA,1
Chimpanzee alpha-1 herpesvirus,NA,NA,NA,NA,NA,1,1,NA
Chimpanzee smacovirus,NA,NA,NA,NA,NA,NA,1,NA
Chitinophaga,NA,NA,NA,NA,NA,NA,NA,1
Chitinophaga pinensis,1894,1204,896,1271,1971,982,808,1021
Chitinophagaceae,NA,NA,NA,NA,NA,NA,1,1
Chlamydia,1,1,1,NA,NA,1,NA,1
Chlamydia abortus,33,44,36,70,23,52,38,46
Chlamydia avium,41,59,60,102,31,40,34,45
Chlamydia caviae,20,27,25,44,19,23,33,29
Chlamydia felis,136,103,70,137,129,54,43,54
Chlamydia gallinacea,50,55,49,100,39,56,44,58
Chlamydia muridarum,53,57,37,99,38,41,46,51
Chlamydia pecorum,27,29,29,53,27,56,41,33
Chlamydia phage 1,NA,NA,NA,NA,NA,1,NA,NA
Chlamydia pneumoniae,50,52,36,96,41,29,30,30
Chlamydia psittaci,55,70,72,103,41,86,79,80
Chlamydia trachomatis,42,49,34,92,32,56,38,39
Chloracidobacterium,1,1,1,NA,NA,NA,NA,NA
Chloracidobacterium thermophilum,192,282,255,308,136,174,137,218
Chlorobaculum,3,9,8,13,3,4,3,3
Chlorobaculum limnaeum,562,726,781,716,379,364,329,481
Chlorobaculum parvum,415,466,402,454,395,333,306,407
Chlorobaculum tepidum,450,583,529,505,304,286,253,382
Chlorobiaceae,2,NA,1,2,1,4,4,4
Chlorobiales,NA,NA,NA,1,NA,NA,3,2
Chlorobium,NA,NA,NA,NA,NA,1,2,1
Chlorobium chlorochromatii,217,148,102,118,266,159,165,152
Chlorobium limicola,484,336,293,359,513,271,228,276
Chlorobium phaeobacteroides,545,376,252,362,597,407,380,358
Chlorobium phaeovibrioides,292,245,192,292,286,238,208,239
Chloroflexaceae,1,NA,NA,1,NA,NA,NA,NA
Chloroflexus,1,NA,NA,1,NA,NA,NA,NA
Chloroflexus aggregans,143,167,165,124,164,113,139,143
Chloroflexus aurantiacus,126,163,161,159,112,139,139,153
Chloroflexus sp. Y-400-fl,126,163,161,159,112,139,141,153
Chloroherpeton,NA,NA,NA,NA,NA,1,NA,NA
Chloroherpeton thalassium,126,142,161,199,132,182,193,193
Chondromyces,7,10,3,9,7,1,NA,1
Chondromyces crocatus,520,524,560,477,404,298,329,381
Choristoneura biennis entomopoxvirus,2,1,4,2,6,1,7,3
Choristoneura fumiferana DEF multiple nucleopolyhedrovirus,7,1,NA,1,2,NA,4,1
Choristoneura occidentalis granulovirus,NA,NA,NA,NA,2,3,1,2
Choristoneura rosaceana alphabaculovirus,NA,NA,NA,NA,NA,NA,2,NA
Choristoneura rosaceana entomopoxvirus 'L',5,2,3,2,4,3,NA,2
Chromatiaceae,17,11,3,10,13,5,3,3
Chromatiales,4,6,6,3,NA,1,7,7
Chromobacteriaceae,22,13,7,14,18,6,5,10
Chromobacterium,92,46,37,58,70,15,7,28
Chromobacterium vaccinii,506,696,615,765,381,360,462,495
Chromobacterium violaceum,689,963,815,1043,432,392,505,589
Chromohalobacter,6,6,1,2,3,2,NA,3
Chromohalobacter israelensis,502,512,514,478,377,223,195,301
Chroococcaceae,NA,NA,NA,NA,1,NA,NA,1
Chroococcales,NA,NA,NA,NA,NA,NA,1,NA
Chroococcidiopsidaceae,NA,NA,NA,NA,NA,NA,1,1
Chroococcidiopsis thermalis,91,92,94,83,107,121,116,122
Chryseobacterium,17,32,22,25,6,9,2,14
Chryseobacterium gallinarum,19178,10569,4534,9536,19263,2562,1382,3942
Chryseobacterium sp. IHB B 10212,1049,701,473,680,1057,474,496,560
Chryseobacterium sp. IHB B 17019,1020,725,475,769,1011,528,535,581
Chryseobacterium sp. StRB126,1394,752,397,769,1518,591,534,611
Chrysiogenales,NA,NA,NA,NA,NA,NA,NA,1
Chrysochromulina ericina virus,6,9,25,18,10,23,22,20
Chrysodeixis chalcites nucleopolyhedrovirus,NA,NA,NA,NA,NA,3,NA,3
Circoviridae 8 LDMD-2013,16,11,5,17,5,2,1,6
Citrobacter,8,10,4,9,5,4,5,7
Citrobacter amalonaticus,1161,1042,890,1103,1117,777,735,860
Citrobacter freundii,1167,1034,757,1201,1404,1694,2644,1983
Citrobacter koseri,308,433,364,458,233,298,286,376
Citrobacter phage IME-CF2,NA,NA,NA,NA,1,NA,NA,NA
Citrobacter phage Moon,NA,NA,NA,NA,2,5,4,3
Citrobacter phage SH3,NA,1,NA,NA,NA,NA,NA,NA
Citrobacter phage Stevie,NA,NA,NA,NA,NA,2,3,1
Citrobacter rodentium,503,494,356,518,449,393,303,425
Citrobacter sp. FDAARGOS_156,501,405,304,434,514,328,290,339
Citromicrobium,NA,NA,1,1,5,6,1,6
Citromicrobium sp. JL477,402,410,449,334,309,191,197,244
Citrus psorosis virus,NA,NA,NA,NA,NA,NA,1,NA
Kostyavirus,7,8,2,10,4,NA,6,8
Clanis bilineata nucleopolyhedrovirus,NA,1,NA,NA,NA,NA,NA,NA
Clavibacter,92,58,12,34,71,9,6,9
Clavibacter michiganensis,657,816,908,697,423,390,613,584
Clavibacter phage CMP1,NA,NA,NA,NA,NA,1,NA,1
Cloacibacillus,NA,NA,1,NA,NA,NA,NA,NA
Cloacibacillus porcorum,547,802,852,882,481,763,726,765
Eubacteriales,6,1,3,3,1,1,1,5
Clostridiales Family XVII. Incertae Sedis,4,7,5,9,4,1,1,3
Clostridioides difficile,287,410,421,464,5798,15209,15554,11206
Clostridium,1,5,7,8,6,10,5,6
Clostridium aceticum,207,242,284,274,371,613,670,520
Clostridium acetobutylicum,361,421,362,524,482,762,849,696
Clostridium autoethanogenum,388,365,377,416,597,747,861,735
Clostridium baratii,458,342,227,417,804,1005,1110,763
Clostridium beijerinckii,584,510,431,556,1045,1696,1668,1312
Clostridium bornimense,251,367,433,438,456,996,1117,862
Clostridium botulinum,1308,1260,1153,1475,2284,3530,3929,3084
Clostridium butyricum,399,345,292,367,936,1474,1589,1210
Clostridium carboxidivorans,354,450,398,531,673,1116,1177,959
Clostridium cellulovorans,424,368,312,467,1166,2369,1780,1711
Clostridium formicaceticum,340,213,222,273,578,746,811,642
Clostridium kluyveri,623,901,976,1043,608,1103,1126,1051
Clostridium ljungdahlii,159,251,326,330,357,768,883,693
Clostridium novyi,250,349,333,457,441,891,906,782
Clostridium pasteurianum,789,839,689,915,1529,2819,3034,2294
Clostridium perfringens,222,225,236,263,678,1481,1626,1066
Clostridium phage c-st,NA,NA,NA,NA,2,3,2,6
Clostridium phage CDMH1,NA,NA,NA,NA,1,8,6,4
Clostridium phage phi3626,NA,NA,NA,NA,NA,1,1,1
Clostridium phage phi8074-B1,NA,NA,NA,NA,NA,2,2,2
Clostridium phage phiCD146,NA,NA,NA,NA,NA,NA,NA,1
Clostridium phage phiCD211,NA,NA,NA,NA,NA,2,2,2
Clostridium phage phiCD38-2,NA,NA,NA,NA,NA,NA,NA,1
Clostridium phage phiCD481-1,NA,NA,NA,NA,NA,NA,2,1
Clostridium phage phiCD505,NA,NA,NA,NA,NA,NA,NA,1
Clostridium phage phiCD506,NA,NA,NA,NA,NA,NA,3,1
Clostridium phage phiCD6356,NA,NA,NA,NA,NA,3,1,NA
Clostridium phage phiCDHM13,NA,NA,NA,NA,NA,NA,2,1
Clostridium phage phiCP13O,11,19,24,23,4,3,5,9
Clostridium phage phiCP26F,11,19,24,23,4,3,5,9
Clostridium phage phiCP34O,2,11,9,5,2,1,3,1
Clostridium phage phiCP39-O,9,8,15,18,2,2,5,8
Clostridium phage phiCP7R,NA,NA,NA,NA,4,4,5,3
Clostridium phage phiCPV4,NA,NA,NA,NA,3,3,4,3
Clostridium phage phiCT19406C,1,NA,NA,1,NA,NA,1,NA
Clostridium phage phiCT9441A,NA,NA,NA,NA,NA,NA,1,1
Clostridium phage phiCTP1,NA,NA,NA,NA,1,NA,1,3
Clostridium phage phiMMP01,NA,NA,NA,NA,1,NA,5,3
Clostridium phage phiMMP02,1,2,2,4,2,NA,1,2
Clostridium phage phiMMP03,NA,NA,NA,NA,1,2,6,3
Clostridium phage phiMMP04,1,NA,NA,NA,NA,1,3,NA
Clostridium phage PhiS63,NA,NA,NA,NA,1,2,1,1
Clostridium phage phiSM101,21,27,42,33,3,18,14,11
Clostridium phage phiZP2,NA,NA,NA,NA,4,12,5,5
Clostridium saccharobutylicum,324,251,170,284,757,1218,1326,957
Clostridium saccharoperbutylacetonicum,534,416,398,461,935,1346,1382,1038
Clostridium scatologenes,353,447,360,538,632,1110,1178,926
Clostridium sp. BNL1100,653,756,724,996,673,1307,1185,1154
Clostridium sp. SY8519,3672,5006,3785,6434,5289,10215,7724,8425
Clostridium sporogenes,136,246,264,312,330,696,781,580
Clostridium taeniosporum,119,173,183,194,394,784,1031,714
Clostridium tetani,216,208,190,269,681,1476,1324,1074
Clostridium tyrobutyricum,277,272,203,328,530,986,857,679
Yongloolinvirus C2,NA,NA,NA,NA,1,2,6,3
Lubbockvirus CD119,1,2,2,4,2,4,5,2
Colneyvirus CD27,NA,NA,NA,NA,2,7,4,7
Cnaphalocrocis medinalis granulovirus,NA,NA,NA,NA,1,NA,1,NA
Cod iridovirus,NA,NA,NA,NA,2,2,4,NA
Collimonas,15,19,13,13,4,10,8,11
Collimonas arenae,546,600,635,677,433,448,474,516
Collimonas fungivorans,627,725,670,771,529,423,500,513
Collimonas pratensis,570,738,612,857,394,377,415,508
Colwellia,NA,NA,NA,NA,NA,NA,3,1
Colwellia phage 9A,NA,NA,NA,NA,NA,NA,4,1
Colwellia psychrerythraea,148,169,163,233,134,207,199,201
Colwellia sp. MT41,71,118,92,143,76,138,125,143
Colwellia sp. PAMC 20917,154,152,87,159,179,179,179,161
Comamonadaceae,63,61,38,54,42,26,14,32
Comamonadaceae bacterium A1,272,459,451,490,141,181,204,304
Comamonadaceae bacterium B1,360,469,433,535,224,191,217,287
Comamonas,1,6,6,2,2,2,1,4
Comamonas testosteroni,1166,1268,1155,1442,831,672,892,921
Common-moorhen coronavirus HKU21,NA,NA,NA,NA,NA,NA,2,NA
Condylorrhiza vestigialis MNPV,11,21,5,18,1,4,1,11
Conexibacter,1,3,2,NA,2,2,5,4
Conexibacter woesei,362,567,689,442,242,286,347,422
Conexibacteraceae,1,1,1,1,NA,1,1,5
Actibacterium,2,2,4,3,2,NA,NA,1
Confluentimicrobium sp. EMB200-NS6,303,382,385,406,285,232,260,298
Coprothermobacter,NA,NA,NA,NA,NA,NA,NA,1
Coprothermobacter proteolyticus,330,524,397,703,148,181,76,279
Coraliomargarita,NA,NA,NA,1,NA,2,3,NA
Coraliomargarita akajimensis,168,176,243,174,115,135,153,155
Corallococcus,1,NA,1,3,NA,NA,NA,2
Corallococcus coralloides,872,1092,1240,1236,530,513,565,742
Corey virus,NA,NA,NA,NA,1,2,3,4
Coriobacteriaceae,1,NA,1,1,1,1,2,4
Coriobacteriaceae bacterium 68-1-3,2498,3776,4121,3571,1374,1739,3345,2616
Coriobacteriales,NA,5,2,1,NA,1,1,4
Coriobacterium glomerans,5352,7784,11547,5232,2451,2256,1480,3623
Corynebacteriaceae,5,4,2,5,5,4,6,NA
Mycobacteriales,8,9,6,7,2,7,5,9
Corynebacterium,80,74,57,71,68,37,37,46
Corynebacterium argentoratense,127,202,208,218,73,164,90,152
Corynebacterium atypicum,175,215,214,259,91,132,138,139
Corynebacterium aurimucosum,498,755,772,948,250,313,202,402
Corynebacterium callunae,688,617,552,598,520,232,203,323
Corynebacterium camporealensis,122,191,203,189,82,153,143,162
Corynebacterium casei,256,225,153,208,201,106,119,141
Corynebacterium deserti,463,299,213,358,411,131,143,189
Corynebacterium diphtheriae,1799,2275,1684,2808,1237,1074,1188,1502
Corynebacterium doosanense,379,559,699,530,198,198,171,311
Corynebacterium efficiens,394,547,461,607,292,275,161,343
Corynebacterium epidermidicanis,209,191,217,162,165,103,92,139
Corynebacterium falsenii,376,519,475,707,301,250,198,322
Corynebacterium glutamicum,714,527,431,645,638,308,241,370
Corynebacterium glyciniphilum,318,335,290,370,237,154,143,232
Corynebacterium halotolerans,346,455,448,463,238,213,257,258
Corynebacterium humireducens,273,382,415,453,131,175,210,250
Corynebacterium imitans,248,271,291,278,135,149,168,176
Corynebacterium jeikeium,288,380,416,412,185,201,142,240
Corynebacterium kroppenstedtii,259,251,205,271,174,113,97,141
Corynebacterium kutscheri,97,92,66,98,100,80,76,82
Corynebacterium lactis,226,305,274,315,142,163,183,214
Corynebacterium marinum,307,478,499,460,143,207,244,285
Corynebacterium maris,466,420,350,444,363,196,185,240
Corynebacterium mustelae,267,232,195,251,226,102,107,156
Corynebacterium phage BFK20,NA,NA,NA,NA,NA,NA,1,NA
Corynebacterium pseudotuberculosis,318,223,129,210,309,180,150,199
Corynebacterium resistens,84,110,108,133,73,109,96,133
Corynebacterium simulans,465,614,556,679,319,236,198,330
Corynebacterium singulare,323,268,269,294,294,170,139,189
Corynebacterium sp. ATCC 6931,419,412,397,403,367,194,140,248
Corynebacterium sp. JZ16,974,505,222,465,989,199,135,278
Corynebacterium sp. NML98-0116,1552,2122,1600,2488,1095,924,1048,1303
Corynebacterium stationis,372,217,157,262,274,159,105,159
Corynebacterium terpenotabidum,311,367,399,334,238,172,142,237
Corynebacterium testudinoris,428,390,376,401,367,167,116,221
Corynebacterium ulcerans,300,297,209,231,331,211,157,211
Corynebacterium urealyticum,249,267,319,272,167,161,193,209
Corynebacterium ureicelerivorans,140,210,274,202,96,116,113,189
Corynebacterium uterequi,257,401,373,469,141,181,176,254
Corynebacterium variabile,243,349,355,335,165,187,190,248
Corynebacterium vitaeruminis,521,752,738,705,323,321,313,465
Cotesia congregata bracovirus,NA,1,1,NA,12,6,10,6
Cotia virus SPAn232,11,8,12,15,8,17,15,14
Cowpea aphid-borne mosaic virus,NA,NA,NA,NA,2,NA,NA,2
Cowpox virus,NA,NA,NA,NA,NA,1,1,1
Coxiella burnetii,127,78,40,75,167,95,81,74
Coxiella endosymbiont of Amblyomma americanum,2,NA,1,1,12,47,33,28
Coxiella-like endosymbiont,43,47,54,47,29,49,41,42
Cricetid herpesvirus 2,NA,NA,NA,NA,NA,NA,1,NA
Crinalium epipsammum,62,76,127,88,96,176,192,155
Croceibacter atlanticus,281,211,109,185,335,189,232,204
Croceicoccus,3,8,7,15,4,3,NA,4
Croceicoccus naphthovorans,238,329,388,292,178,182,205,236
Crohivirus,NA,NA,NA,NA,NA,NA,NA,1
Cronobacter,23,29,31,31,14,15,9,16
Cronobacter condimenti,565,527,404,528,433,269,309,382
Cronobacter dublinensis,371,426,436,408,297,319,305,362
Cronobacter malonaticus,261,361,372,457,178,270,241,314
Cronobacter muytjensii,411,520,448,534,253,302,290,350
Cronobacter phage CR5,NA,NA,NA,2,1,1,1,NA
Cronobacter phage CR9,NA,NA,1,NA,NA,1,1,NA
Cronobacter phage Dev2,NA,1,NA,NA,NA,NA,NA,NA
Cronobacter phage ENT39118,NA,NA,NA,NA,1,5,1,NA
Cronobacter phage phiES15,15,1,2,5,7,2,NA,4
Cronobacter phage S13,1,NA,NA,NA,1,5,2,2
Cronobacter phage vB_CsaM_GAP161,NA,2,NA,1,NA,1,NA,NA
Cronobacter phage vB_CsaM_GAP31,NA,NA,NA,NA,1,2,1,1
Cronobacter phage vB_CsaM_GAP32,NA,1,NA,NA,NA,1,1,1
Cronobacter sakazakii,388,472,457,541,319,417,416,437
Cronobacter turicensis,652,621,527,634,528,286,299,395
Cronobacter universalis,485,561,511,655,322,315,306,423
Cryobacterium,1,3,6,1,1,NA,NA,2
Cryobacterium arcticum,374,436,379,392,250,198,229,244
Cryomorphaceae,NA,NA,NA,NA,NA,1,NA,NA
Cryptobacterium,5,8,12,4,4,NA,2,4
Cryptobacterium curtum,457,646,924,499,262,327,540,524
Cryptophlebia leucotreta granulovirus,NA,NA,1,1,NA,NA,NA,NA
Culex nigripalpus nucleopolyhedrovirus,NA,NA,NA,NA,NA,1,NA,NA
Cupriavidus,102,83,79,79,86,44,58,62
Cupriavidus basilensis,526,668,652,690,798,1716,7401,2534
Cupriavidus gilardii,610,633,581,562,554,373,938,566
Cupriavidus metallidurans,449,626,657,627,14257,36817,180017,53167
Cupriavidus necator,869,1139,1146,1382,575,700,1244,1000
Cupriavidus pinatubonensis,422,680,641,633,282,346,702,513
Cupriavidus sp. USMAA1020,838,1177,1219,1169,448,477,737,766
Cupriavidus sp. USMAA2-4,815,1162,1119,1202,569,763,2146,1165
Cupriavidus sp. USMAHM13,848,1089,1078,1154,478,444,759,705
Curtobacterium,13,7,1,7,8,2,1,2
Curtobacterium sp. BH-2-1-1,246,392,510,306,123,166,175,236
Curtobacterium sp. MR_MD2014,266,392,460,360,137,131,180,210
Cutibacterium,1,NA,NA,NA,NA,4,5,1
Cutibacterium avidum,695,701,591,693,543,290,231,429
Geminocystaceae,NA,NA,NA,NA,NA,1,1,1
Cyanobacterium,NA,NA,NA,NA,NA,NA,1,1
Cyanobacterium aponinum,264,228,181,240,310,317,345,260
cyanobacterium endosymbiont of Epithemia turgida,209,136,117,163,202,127,107,132
Cyanobium,7,6,4,12,1,3,NA,2
Cyanobium gracile,481,717,642,917,259,301,284,446
Cyanophage KBS-P-1A,NA,NA,NA,NA,1,1,NA,NA
Cyanophage KBS-S-2A,NA,NA,NA,NA,NA,NA,2,NA
Cyanophage NATL2A-133,NA,NA,NA,NA,1,4,1,2
Cyanophage P-RSM1,NA,NA,NA,1,1,NA,NA,1
Cyanophage P-RSM6,NA,NA,NA,NA,1,7,3,4
Cyanophage P-SSP2,NA,NA,NA,NA,NA,2,NA,1
Cyanophage P-TIM40,NA,NA,NA,NA,NA,1,NA,NA
Cyanophage PSS2,4,2,1,NA,NA,1,2,1
Cyanophage S-RIM32,NA,NA,NA,NA,NA,NA,5,1
Cyanophage S-RIM50,NA,NA,NA,NA,1,7,2,6
Cyanophage S-TIM5,NA,NA,NA,NA,NA,2,2,1
Cyanophage Syn30,41,15,5,7,22,7,2,7
Cyanothece,NA,NA,1,NA,NA,NA,3,2
Cyanothece sp. ATCC 51142,53,31,46,37,116,137,141,96
Cyanothece sp. PCC 7424,340,249,145,274,414,237,175,219
Cyanothece sp. PCC 7425,205,131,85,90,178,154,114,121
Cyanothece sp. PCC 7822,106,102,83,94,127,179,156,142
Cyanothece sp. PCC 8801,232,150,129,172,286,123,144,127
Cyanothece sp. PCC 8802,188,115,110,148,215,111,115,123
Cyclobacterium,NA,NA,NA,NA,NA,NA,NA,1
Cyclobacterium amurskyense,986,635,414,675,1043,371,374,447
Cyclobacterium marinum,432,304,266,369,486,330,371,336
Cycloclasticus,NA,NA,NA,NA,NA,1,NA,NA
Cycloclasticus sp. P1,86,61,39,57,147,75,96,94
Cycloclasticus zancles,164,112,82,111,171,92,111,134
Cydia pomonella granulovirus,NA,NA,NA,NA,NA,1,2,2
Cyprinid herpesvirus 1,NA,NA,NA,NA,NA,1,1,1
Cyprinid herpesvirus 2,NA,1,NA,NA,NA,NA,2,NA
Cyprinid herpesvirus 3,NA,NA,2,1,2,2,2,3
Archangiaceae,NA,2,1,NA,2,1,2,2
Cytophaga hutchinsonii,957,599,395,583,1074,570,496,594
Cytophagaceae,12,8,2,6,10,2,NA,3
Cytophagales,4,2,1,2,1,2,1,NA
Dactylococcopsis,NA,NA,NA,NA,NA,NA,1,NA
Dactylococcopsis salina,13,18,23,26,63,98,102,97
Dechloromonas,4,8,5,4,2,2,3,5
Dechloromonas aromatica (nom. nud.),291,305,313,309,283,255,272,284
Deerpox virus W-848-83,NA,NA,NA,NA,NA,NA,2,1
Deferribacter,NA,NA,NA,1,NA,NA,NA,NA
Deferribacter desulfuricans,329,237,201,218,424,278,252,251
Deferribacteraceae,1,NA,NA,NA,1,NA,NA,NA
Albidovulum,4,6,3,3,1,1,3,2
Defluviimonas alba,526,626,551,755,345,262,257,388
Defluviitoga tunisiensis,86,42,34,55,122,168,202,124
Deftia phage phiW-14,NA,NA,NA,NA,NA,2,2,1
Dehalobacter,NA,1,NA,NA,NA,NA,1,NA
Dehalobacter restrictus,317,287,180,334,429,542,501,457
Dehalobacter sp. CF,321,294,277,330,403,575,534,471
Dehalobacter sp. DCA,302,265,246,293,387,550,527,455
Dehalococcoidaceae,NA,NA,NA,NA,NA,NA,NA,1
Dehalococcoides mccartyi,330,270,193,281,381,318,365,319
Dehalococcoides sp. UCH007,300,183,139,199,263,100,92,122
Dehalogenimonas lykanthroporepellens,235,279,223,309,229,168,129,200
Deinococcaceae,8,12,3,8,8,3,9,5
Deinococcales,2,6,4,4,NA,1,2,6
Deinococcus,20,31,33,25,17,10,9,20
Deinococcus actinosclerus,557,616,548,663,340,293,281,392
Deinococcus deserti,410,481,426,481,349,214,194,286
Deinococcus geothermalis,285,411,419,469,178,202,198,272
Deinococcus gobiensis,665,861,820,873,372,348,383,502
Deinococcus maricopensis,543,793,811,790,310,275,239,453
Deinococcus peraridilitoris,211,326,336,316,189,158,133,228
Deinococcus proteolyticus,469,646,570,728,273,281,272,427
Deinococcus puniceus,424,580,526,684,244,242,214,392
Deinococcus radiodurans,333,456,421,460,199,214,254,312
Deinococcus radiopugnans,646,878,832,1009,381,399,320,564
Delftia,2,5,10,1,4,3,11,10
Delftia acidovorans,990,1196,1005,1324,665,525,666,790
Delftia phage RG-2014,NA,NA,NA,NA,NA,2,1,NA
Delftia sp. Cs1-4,835,1107,1029,1150,555,466,533,681
Delftia tsuruhatensis,778,980,931,1084,532,488,633,681
Deltapapillomavirus 1,NA,NA,NA,NA,NA,NA,1,2
Denitrobacterium,NA,NA,NA,NA,NA,NA,2,1
Denitrobacterium detoxificans,2904,4199,4679,3910,1766,1848,2811,2768
Denitrovibrio acetiphilus,98,97,109,126,135,196,234,141
Dermabacter,NA,1,1,2,NA,NA,NA,1
Dermabacter vaginalis,189,248,257,208,114,116,115,146
Dermabacteraceae,NA,NA,NA,NA,NA,NA,NA,1
Dermacoccaceae,4,3,NA,6,2,3,1,1
Dermacoccus,1,3,1,2,NA,1,2,2
Dermacoccus nishinomiyaensis,255,338,375,335,172,140,167,214
Dermocarpellaceae,NA,NA,NA,NA,1,NA,1,1
Desulfarculaceae,2,3,NA,2,NA,NA,1,NA
Desulfarculus,1,3,6,1,1,1,NA,2
Desulfarculus baarsii,664,1012,1058,1034,328,387,484,599
Desulfatibacillum,NA,2,NA,1,3,5,NA,5
Desulfatibacillum alkenivorans,386,522,538,559,231,279,278,353
Desulfitobacterium,3,4,3,9,1,NA,1,NA
Desulfitobacterium dehalogenans,297,426,416,558,322,549,548,524
Desulfitobacterium dichloroeliminans,351,553,472,670,300,486,514,504
Desulfitobacterium hafniense,849,890,754,1045,754,727,746,730
Desulfitobacterium metallireducens,235,321,323,410,248,365,378,405
Desulfobacca,NA,NA,NA,NA,NA,NA,1,NA
Desulfobacca acetoxidans,182,264,275,365,156,179,145,219
Desulfobacteraceae,1,1,2,2,1,NA,1,5
Desulfobacterales,NA,5,2,1,NA,1,1,5
Desulforapulum autotrophicum,359,295,277,330,381,272,260,295
Desulfobacula toluolica,74,114,128,116,160,329,294,252
Desulfobulbaceae,8,10,7,7,3,3,NA,3
Desulfobulbus,NA,NA,1,1,NA,NA,NA,NA
Desulfobulbus propionicus,687,754,596,802,514,437,362,519
Desulfocapsa sulfexigens,307,304,267,369,340,286,279,280
Desulfococcus,3,1,2,1,NA,7,4,6
Desulfococcus multivorans,301,385,422,445,192,203,329,311
Desulfosudis oleivorans,284,392,348,377,194,273,319,317
Desulfohalobiaceae,1,NA,1,NA,NA,NA,NA,NA
Desulfohalobium,NA,7,NA,2,1,1,NA,2
Desulfohalobium retbaense,260,286,282,345,199,188,205,248
Desulfomicrobiaceae,2,1,NA,2,1,1,1,NA
Desulfomicrobium,NA,NA,2,NA,NA,NA,NA,2
Desulfomicrobium baculatum,654,775,697,787,492,387,663,553
Desulfomicrobium orale,387,483,491,516,229,261,439,423
Desulfomonile,NA,NA,NA,NA,3,5,1,5
Desulfomonile tiedjei,288,182,118,165,317,177,193,163
Desulfosporosinus,NA,1,NA,1,NA,1,NA,1
Desulfosporosinus acidiphilus,192,175,140,219,273,396,390,364
Desulfosporosinus meridiei,154,156,153,182,245,450,416,371
Desulfosporosinus orientis,236,300,288,374,320,481,489,478
Desulfotalea psychrophila,274,205,161,240,307,178,178,162
Desulfotomaculum,4,5,5,3,1,2,4,3
Desulfofarcimen acetoxidans,162,244,222,310,227,518,479,442
Desulfoscipio gibsoniae,923,789,600,973,860,537,478,637
Desulfofundulus kuznetsovii,443,696,669,849,271,336,257,440
Desulfotomaculum nigrificans,355,372,229,357,393,269,308,291
Desulforamulus reducens,371,383,287,470,360,365,350,370
Desulforamulus ruminis,438,633,511,748,338,468,393,562
Desulfovibrio,18,32,19,27,14,15,21,21
Pseudodesulfovibrio aespoeensis,618,753,599,868,421,375,854,627
Desulfocurvibacter africanus,651,825,823,940,434,430,824,632
Oleidesulfovibrio alaskensis,504,672,586,772,438,458,756,578
Desulfovibrio desulfuricans,911,1125,1068,1273,819,1238,3733,1687
Desulfovibrio fairfieldensis,414,514,489,616,761,1640,6545,2184
Solidesulfovibrio magneticus,749,1005,1013,1254,499,606,1231,892
Maridesulfovibrio salexigens,542,441,390,542,490,390,304,403
Desulfovibrio sp. J2,737,979,1064,1009,459,555,1091,794
Nitratidesulfovibrio vulgaris,1332,1890,1849,2083,1200,1584,4223,2180
Desulfovibrionaceae,8,13,2,11,5,7,8,8
Desulfovibrionales,NA,1,NA,1,NA,2,2,NA
Desulfurella,1,1,NA,NA,NA,NA,NA,NA
Desulfurella acetivorans,98,59,48,61,129,99,155,93
Desulfurispirillum,NA,4,1,5,2,5,2,2
Desulfurispirillum indicum,712,670,500,761,613,276,240,338
Desulfurivibrio,NA,1,1,NA,NA,1,NA,2
Desulfurivibrio alkaliphilus,443,656,656,722,263,301,256,413
Desulfurobacteriales,NA,5,2,1,NA,1,1,4
Desulfurobacterium thermolithotrophum,257,254,186,288,252,183,173,212
Desulfurococcus amylolyticus,NA,1,4,4,1,5,3,8
Desulfurococcus amylolyticus,5,8,14,8,6,7,11,15
Desulfurococcus mucosus,9,17,19,24,12,15,7,18
Desulfuromonadaceae,3,3,2,1,1,4,1,1
Desulfuromonadales,4,5,5,1,NA,2,2,7
Desulfuromonas,22,18,10,19,10,7,1,5
Desulfuromonas soudanensis,428,646,657,688,234,271,311,431
Desulfuromonas sp. DDH964,550,639,723,650,404,358,390,404
Devosia,13,14,19,11,13,4,4,9
Devosia sp. A16,464,571,526,570,399,272,236,374
Devosia sp. H5989,561,842,842,831,308,353,320,538
Diadromus pulchellus ascovirus 4a,NA,NA,NA,NA,1,4,NA,3
Dialister pneumosintes,87,106,114,132,217,471,986,485
Diaphorina citri densovirus,NA,NA,NA,NA,NA,NA,NA,1
Diaphorina citri flavi-like virus,NA,1,NA,NA,1,NA,NA,NA
Diatraea saccharalis granulovirus,81,32,10,44,89,10,NA,15
Dichelobacter,NA,NA,NA,NA,NA,2,2,NA
Dichelobacter nodosus,40,42,61,76,37,108,95,93
Dickeya,3,7,5,3,3,7,5,2
Dickeya dadantii,284,371,384,385,254,329,309,305
Dickeya phage RC-2014,NA,NA,NA,NA,1,4,NA,1
Dickeya solani,274,437,447,468,215,299,328,315
Limestonevirus limestone,NA,NA,NA,NA,1,4,NA,1
Dickeya zeae,718,631,517,653,642,382,346,467
Dictyoglomus thermophilum,177,104,94,123,234,148,210,158
Dictyoglomus turgidum,15,28,14,17,83,154,160,139
Dinoroseobacter phage DFL12phi1,NA,NA,NA,NA,1,NA,1,NA
Dinoroseobacter shibae,313,393,379,394,264,184,212,266
Dokdonella,9,7,8,20,3,2,2,7
Dokdonella koreensis,498,676,672,677,355,271,319,419
Dokdonia,1,1,1,NA,NA,1,NA,NA
Dokdonia donghaensis,479,279,145,285,537,168,187,204
Dokdonia sp. 4H-3-7-5,386,242,150,202,455,243,293,284
Dokdonia sp. MED134,278,135,68,134,343,161,184,183
Draconibacterium,NA,NA,NA,NA,1,NA,2,1
Draconibacterium orientale,2014,1586,1261,1585,2023,1223,1129,1241
Dragonfly larvae associated circular virus-2,NA,3,NA,NA,1,NA,NA,NA
Dragonfly orbiculatusvirus,NA,NA,NA,NA,NA,NA,1,NA
Drosophila subobscura Nora virus,NA,NA,NA,NA,NA,NA,1,NA
Dunaliella viridis virus SI2,14,7,6,9,NA,4,2,5
Dyadobacter,NA,NA,NA,NA,NA,1,NA,1
Dyadobacter fermentans,1324,974,908,973,1197,662,651,757
Dyella,6,14,6,12,10,6,3,11
Dyella japonica,617,798,733,847,431,311,303,473
Dyella jiangningensis,682,614,576,634,523,263,309,372
Dyella thiooxydans,461,622,650,669,225,290,339,423
East Asian Passiflora virus,NA,NA,NA,NA,2,2,NA,3
Echinicola,NA,NA,NA,NA,NA,NA,NA,2
Echinicola vietnamensis,1026,704,531,721,1104,513,502,607
Ectothiorhodospira,1,1,NA,NA,NA,1,NA,1
Ectothiorhodospira sp. BSL-9,573,712,628,925,345,296,237,473
Ectothiorhodospiraceae,18,25,6,19,7,11,7,12
Ectromelia virus,NA,NA,NA,NA,1,3,5,2
Ectropis obliqua nucleopolyhedrovirus,NA,NA,NA,NA,NA,NA,2,1
Edwardsiella <enterobacteria>,1,6,6,12,13,26,19,13
Edwardsiella anguillarum,292,412,403,420,205,251,328,357
Edwardsiella hoshinae,318,335,327,344,314,266,189,278
Edwardsiella ictaluri,319,383,383,398,255,223,224,271
Edwardsiella phage KF-1,NA,NA,NA,NA,NA,1,2,NA
Edwardsiella phage PEi20,NA,NA,NA,NA,1,1,1,1
Edwardsiella piscicida,210,310,285,297,135,205,246,274
Edwardsiella sp. EA181011,317,452,459,423,216,261,265,352
Edwardsiella tarda,824,828,707,819,702,467,486,570
Eggerthella,2,6,3,5,NA,1,2,6
Eggerthella lenta,3191,4504,6056,3572,8672,19907,123486,28607
Eggerthella sp. YY7918,1379,1880,2397,1682,1299,2147,6422,2852
Eggerthellaceae,8,10,6,8,1,3,4,4
Eggerthellales,2,1,3,1,NA,NA,NA,1
Ehrlichia canis,17,28,15,23,33,56,81,51
Ehrlichia chaffeensis,122,53,24,62,140,56,54,48
Ehrlichia muris,170,82,47,79,158,59,53,70
Ehrlichia ruminantium,43,41,27,40,63,86,90,92
Ehrlichia sp. HF,19,11,17,22,22,72,54,49
Elephant endotheliotropic herpesvirus 4,NA,1,5,1,1,NA,1,2
Elephant endotheliotropic herpesvirus 5,NA,NA,NA,NA,1,1,NA,2
Elephantid betaherpesvirus 1,NA,1,NA,NA,NA,1,NA,1
Elizabethkingia,1,1,NA,NA,NA,NA,NA,NA
Elizabethkingia anophelis,814,766,663,781,794,728,711,745
Elizabethkingia miricola,832,675,573,698,815,546,538,561
Elusimicrobium minutum,254,198,105,208,238,99,109,133
Emiliania huxleyi virus 86,1,NA,2,NA,1,2,5,4
Emticicia,1,NA,NA,NA,NA,NA,NA,1
Emticicia oligotrophica,1360,829,460,787,1452,467,521,592
Endomicrobium proavitum,97,152,132,147,146,222,187,188
endosymbiont of Acanthamoeba sp. UWC8,234,135,79,148,253,129,113,139
endosymbiont of Llaveia axin axin,14,15,11,25,13,40,52,36
endosymbiont of unidentified scaly snail isolate Monju,445,545,550,586,261,247,287,366
Ensifer,NA,2,NA,1,2,2,NA,5
Ensifer adhaerens,642,732,721,733,418,369,335,549
Enterobacter,33,45,42,52,34,47,54,48
Enterobacter asburiae,1344,1268,1043,1315,1171,785,817,945
Enterobacter cloacae,1972,2039,1857,2215,1951,2157,3050,2604
Enterobacter hormaechei subsp. hoffmannii,353,377,329,464,260,310,357,328
Enterobacter roggenkampii,330,483,429,549,189,315,291,374
Enterobacter roggenkampii,625,603,506,710,469,389,378,438
Enterobacter hormaechei,990,975,865,993,851,651,707,780
Enterobacter kobei,282,261,236,304,231,204,268,255
[Enterobacter] lignolyticus,403,483,475,521,286,305,365,384
Enterobacter ludwigii,547,442,364,468,504,297,255,325
Enterobacter phage Arya,4,NA,NA,NA,4,1,NA,NA
Enterobacter phage CC31,6,15,22,9,4,2,8,8
Enterobacter phage E-2,NA,NA,NA,NA,2,1,2,1
Enterobacter phage EcP1,NA,NA,NA,NA,NA,NA,1,NA
Enterobacter phage PG7,1,NA,NA,NA,NA,1,7,NA
Enterobacter phage phiEap-2,3,4,5,7,1,1,2,4
Enterobacter sp. 638,419,364,272,329,388,304,287,319
Enterobacter sp. E20,478,490,389,544,340,273,340,368
Enterobacter sp. FY-07,213,240,208,297,210,253,208,270
Enterobacter sp. HK169,465,488,385,534,350,265,317,352
Enterobacter sp. ODB01,243,245,227,263,224,195,236,241
Enterobacter sp. R4-368,392,354,279,395,333,292,373,333
Enterobacter xiangfangensis,318,367,367,384,234,235,251,279
Enterobacterales,11,14,9,9,3,5,4,7
Enterobacteria phage 285P,NA,NA,NA,NA,3,5,2,5
Enterobacteria phage 933W,1,NA,NA,NA,145,363,165,253
Enterobacteria phage 933W sensu lato,NA,NA,NA,NA,NA,1,NA,NA
Enterobacteria phage BP-4795,1,NA,NA,NA,67,153,75,106
Enterobacteria phage Bp4,NA,NA,NA,NA,1,2,3,1
Enterobacteria phage Bp7,NA,NA,NA,NA,NA,2,2,NA
Enterobacteria phage CAjan,NA,NA,NA,NA,NA,NA,1,NA
Enterobacteria phage cdtI,NA,NA,NA,NA,6,20,7,10
Enterobacteria phage fiAA91-ss,NA,NA,NA,NA,1,2,1,1
Enterobacteria phage GEC-3S,NA,NA,NA,NA,NA,1,NA,NA
Enterobacteria phage HK106,NA,NA,NA,NA,1,1,2,1
Enterobacteria phage HK140,NA,NA,NA,NA,NA,1,1,NA
Enterobacteria phage HK225,1,NA,NA,NA,NA,NA,NA,NA
Enterobacteria phage HK446,NA,NA,NA,NA,NA,NA,1,NA
Enterobacteria phage HK544,NA,NA,NA,NA,4,1,2,1
Enterobacteria phage HK629,NA,NA,NA,NA,3,10,1,6
Enterobacteria phage HK630,NA,NA,NA,NA,3,11,4,5
Enterobacteria phage HK633,NA,NA,NA,NA,NA,NA,1,NA
Enterobacteria phage IME08,1,NA,NA,NA,1,3,6,1
Enterobacteria phage IME10,1,NA,NA,NA,1,5,5,2
Enterobacteria phage JenP1,NA,NA,NA,NA,1,NA,NA,1
Enterobacteria phage JS10,60,31,15,12,51,6,3,7
Enterobacteria phage JS98,NA,NA,NA,NA,NA,1,1,NA
Enterobacteria phage JSE,NA,NA,NA,NA,NA,3,1,2
Enterobacteria phage K1F,NA,NA,2,NA,1,1,NA,NA
Enterobacteria phage mEp043 c-1,NA,NA,NA,NA,1,NA,NA,NA
Enterobacteria phage mEp235,NA,NA,NA,NA,NA,1,2,1
Enterobacteria phage mEp460,NA,NA,NA,NA,7,15,3,14
Enterobacteria phage mEpX1,NA,NA,NA,NA,1,2,2,5
Enterobacteria phage mEpX2,NA,NA,NA,NA,NA,1,1,NA
Enterobacteria phage Min27,NA,NA,NA,NA,129,297,143,228
Enterobacteria phage NJ01,NA,NA,NA,NA,NA,NA,3,NA
Enterobacteria phage P88,NA,NA,NA,NA,1,1,NA,3
Enterobacteria phage Phi1,NA,NA,NA,NA,NA,1,NA,NA
Enterobacteria phage phi92,NA,NA,NA,NA,1,3,2,1
Enterobacteria phage phiEcoM-GJ1,NA,NA,NA,NA,NA,3,NA,1
Enterobacteria phage phiK,NA,NA,NA,NA,NA,5,2,2
Enterobacteria phage phiP27,1,NA,NA,NA,NA,NA,NA,NA
Escherichia phage phiX174,NA,NA,NA,NA,5,14,67,19
Enterobacteria phage QL01,NA,NA,NA,NA,NA,3,5,NA
Tequatrovirus RB14,1,2,3,NA,NA,1,3,4
Pseudotevenvirus RB16,NA,NA,NA,1,1,NA,1,NA
Tequatrovirus RB32,1,2,3,NA,NA,1,1,NA
Enterobacteria phage RB43,NA,NA,NA,NA,1,NA,1,NA
Enterobacteria phage RB49,NA,NA,NA,NA,NA,NA,NA,1
Enterobacteria phage RB51,1,2,3,NA,1,NA,NA,NA
Enterobacteria phage RB69,1,1,NA,NA,5,13,7,6
Enterobacteria phage Sf101,1,NA,NA,NA,NA,1,NA,NA
Enterobacteria phage SfI,NA,NA,NA,NA,4,5,3,4
Enterobacteria phage St-1,NA,NA,NA,NA,NA,5,2,2
Enterobacteria phage ST104,NA,NA,1,NA,2,1,4,NA
Enterobacteria phage T3,NA,NA,NA,1,NA,NA,NA,NA
Enterobacteria phage T4,1,2,3,NA,NA,2,NA,2
Enterobacteria phage UAB_Phi20,NA,NA,1,NA,2,1,4,NA
Enterobacteria phage vB_EcoM_VR5,NA,NA,NA,NA,NA,1,4,1
Enterobacteria phage vB_EcoP_ACG-C91,NA,NA,NA,NA,NA,2,NA,NA
Enterobacteria phage vB_EcoS_NBD2,NA,NA,NA,NA,1,3,2,1
Enterobacteria phage vB_KleM-RaK2,NA,NA,NA,NA,NA,2,4,3
Enterobacteria phage VT2-Sakai,NA,NA,NA,NA,154,407,174,297
Enterobacteria phage VT2phi_272,NA,NA,NA,NA,113,256,120,203
Enterobacteria phage YYZ-2008,NA,NA,NA,NA,118,265,115,159
Enterobacteriaceae,15,25,15,40,19,34,19,18
Enterobacteriaceae bacterium strain FGI 57,564,457,438,495,481,310,339,328
Enterobacterial phage mEp213,NA,NA,NA,NA,1,2,2,1
Enterobacterial phage mEp234,NA,NA,NA,NA,1,1,2,1
Enterobacteriaphage UAB_Phi87,1,NA,NA,NA,NA,1,NA,NA
Enterococcaceae,1,NA,NA,NA,NA,NA,NA,1
Enterococcus,NA,1,NA,NA,1,3,3,NA
Enterococcus casseliflavus,176,117,89,125,245,365,603,315
Enterococcus durans,83,54,55,60,250,486,1172,447
Enterococcus faecalis,935,954,1153,856,1385,2082,3043,2018
Enterococcus faecium,1544,2170,2178,2694,5676,13752,79405,18935
Enterococcus gallinarum,133,114,95,124,216,377,605,358
Enterococcus hirae,234,159,91,179,432,554,1414,548
Enterococcus mundtii,283,150,105,145,429,396,774,394
Enterococcus phage BC611,NA,NA,NA,NA,NA,1,1,1
Enterococcus phage Ec-ZZ2,7,15,11,23,4,3,1,6
Enterococcus phage ECP3,NA,NA,NA,NA,1,6,11,2
Enterococcus phage EfaCPT1,1,NA,1,1,NA,4,3,2
Enterococcus phage EFC-1,NA,NA,NA,NA,NA,1,2,1
Enterococcus phage EFDG1,NA,1,1,NA,NA,1,NA,NA
Enterococcus phage EFLK1,NA,NA,NA,NA,1,5,3,1
Enterococcus phage IME_EF3,NA,NA,NA,NA,NA,2,NA,NA
Enterococcus phage IME-EF4,7,15,11,23,4,3,1,5
Enterococcus phage IME-EFm1,NA,NA,NA,NA,1,3,13,7
Enterococcus phage phiEF24C,NA,NA,NA,NA,NA,3,8,5
Enterococcus phage phiFL1A,NA,NA,NA,NA,1,6,5,6
Enterococcus phage phiFL2A,NA,NA,NA,NA,1,6,6,6
Enterococcus phage phiFL3A,NA,NA,NA,NA,1,6,4,5
Enterococcus phage SANTOR1,NA,NA,NA,NA,NA,NA,NA,1
Enterococcus phage vB_EfaS_IME196,1,NA,1,1,NA,NA,NA,2
Enterococcus phage vB_EfaS_IME197,NA,NA,NA,NA,NA,2,1,NA
Enterococcus phage vB_EfaS_IME198,NA,NA,NA,NA,NA,2,3,2
Enterococcus phage VD13,NA,NA,NA,NA,NA,1,3,2
Epinotia aporema granulovirus,NA,NA,NA,NA,NA,NA,2,2
Epiphyas postvittana nucleopolyhedrovirus,NA,NA,NA,NA,NA,NA,1,NA
Epizootic hemorrhagic disease virus (serotype 1 / strain New Jersey),NA,NA,NA,NA,NA,1,1,1
Equid herpesvirus 3,NA,1,NA,NA,NA,NA,1,1
Equid alphaherpesvirus 4,NA,NA,NA,NA,NA,NA,1,1
Equid herpesvirus 5,NA,NA,NA,NA,1,2,1,1
Equine rhinitis B virus 1,1,NA,NA,NA,NA,NA,NA,NA
Erinnyis ello granulovirus,NA,NA,NA,NA,2,1,2,1
Erwinia,20,21,5,20,18,10,10,11
Erwinia amylovora,222,222,144,260,243,192,121,175
Erwinia billingiae,701,612,486,711,669,394,274,415
Erwinia gerundensis,518,463,444,421,524,265,199,303
Erwinia phage Ea35-70,49,39,20,46,67,6,1,17
Erwinia phage phiEa104,NA,NA,NA,NA,1,1,NA,NA
Erwinia phage phiEa21-4,NA,NA,NA,NA,1,1,NA,NA
Erwinia phage PhiEaH1,NA,NA,NA,NA,NA,NA,1,NA
Erwinia phage phiEaH2,NA,1,NA,NA,6,9,3,5
Erwinia phage vB_EamM_Asesino,NA,NA,NA,NA,2,5,1,5
Erwinia phage vB_EamM_Caitlin,NA,NA,NA,NA,NA,1,5,NA
Erwinia phage vB_EamM_ChrisDB,NA,NA,NA,NA,1,3,1,NA
Erwinia phage vB_EamM_EarlPhillipIV,NA,NA,NA,NA,NA,3,3,4
Erwinia phage vB_EamM_Huxley,NA,NA,NA,NA,1,3,NA,4
Erwinia phage vB_EamM_Kwan,9,13,8,6,3,7,14,10
Erwinia phage vB_EamP_Frozen,NA,NA,NA,NA,NA,1,NA,NA
Erwinia phage vB_EamP-L1,NA,NA,NA,NA,NA,NA,1,1
Erwinia pyrifoliae,151,161,142,174,169,208,198,200
Erwinia sp. Ejp617,123,127,125,138,172,235,195,212
Erwinia tasmaniensis,273,320,242,340,208,236,199,249
Erwiniaceae,7,10,5,14,8,7,NA,8
Erysipelothrix,NA,NA,NA,NA,NA,NA,NA,1
Erysipelothrix rhusiopathiae,87,121,131,149,238,495,837,548
Erysipelothrix sp. LV19,109,72,40,49,231,409,508,342
Erysipelotrichaceae bacterium I46,880,1018,884,1193,4029,9309,6069,6810
Erythrobacter,9,11,3,12,5,3,1,4
Erythrobacter atlanticus,115,170,134,157,91,102,91,118
Erythrobacter litoralis,603,587,497,540,499,318,336,391
Erythrobacteraceae,15,14,9,16,15,4,4,5
Escherichia,NA,NA,2,NA,1,NA,1,NA
Escherichia albertii,140,193,170,230,328,679,415,524
Escherichia coli,1662,1410,1056,1673,139321,361429,160491,223551
Escherichia fergusonii,620,522,436,595,810,935,578,688
Escherichia phage 121Q,NA,NA,NA,NA,2,NA,3,4
Escherichia phage 172-1,NA,NA,NA,NA,NA,NA,3,NA
Escherichia phage 4MG,NA,NA,NA,NA,NA,1,2,4
Escherichia phage APCEc01,NA,NA,NA,NA,1,7,3,2
Escherichia phage Av-05,1,NA,NA,NA,NA,NA,2,NA
Escherichia phage Cba120,NA,NA,NA,NA,NA,1,NA,NA
Escherichia phage ECBP2,NA,NA,NA,NA,NA,NA,3,NA
Escherichia phage ECML-117,NA,NA,NA,NA,NA,NA,2,1
Escherichia phage ECML-134,1,2,3,NA,NA,NA,1,1
Escherichia phage ECML-4,NA,NA,NA,NA,NA,1,NA,NA
Escherichia phage Eps7,NA,NA,NA,NA,3,6,6,5
Escherichia phage FFH2,NA,NA,NA,NA,NA,2,4,NA
Escherichia phage FV3,NA,NA,NA,NA,NA,NA,4,1
Escherichia phage HK578,NA,NA,NA,NA,1,NA,NA,NA
Escherichia phage HX01,NA,1,NA,NA,2,2,3,2
Escherichia phage HY01,1,2,3,NA,NA,2,1,1
Escherichia phage HY03,NA,1,1,NA,1,2,NA,1
Escherichia phage ime09,NA,NA,NA,NA,NA,1,1,NA
Escherichia phage JES2013,NA,NA,NA,NA,NA,NA,4,NA
Escherichia phage JH2,NA,NA,NA,NA,1,NA,NA,1
Escherichia phage KBNP1711,NA,NA,NA,NA,NA,NA,3,1
Escherichia phage Lw1,NA,NA,NA,1,NA,NA,NA,NA
Escherichia phage P13374,NA,NA,NA,NA,33,103,48,68
Escherichia phage P483,NA,NA,NA,NA,2,2,2,2
Escherichia phage PA2,NA,NA,NA,NA,112,245,117,201
Escherichia phage PBECO 4,NA,NA,NA,NA,1,1,1,1
Escherichia phage PE3-1,NA,1,NA,NA,NA,NA,NA,NA
Escherichia phage phAPEC8,8,8,10,9,8,5,5,1
Escherichia phage PhaxI,NA,NA,NA,NA,NA,2,1,1
Escherichia phage phi191,NA,NA,NA,NA,25,86,40,58
Escherichia phage phiKT,NA,NA,NA,NA,1,1,NA,NA
Escherichia phage phiV10,NA,NA,NA,2,NA,1,1,NA
Escherichia phage Pollock,NA,NA,NA,NA,1,NA,1,NA
Escherichia phage pro147,NA,NA,NA,NA,1,NA,NA,NA
Escherichia phage pro483,NA,NA,NA,NA,2,4,1,1
Escherichia phage Rtp,NA,NA,NA,NA,NA,NA,1,NA
Escherichia phage slur02,1,2,3,NA,1,NA,NA,NA
Escherichia phage slur05,NA,3,1,1,3,NA,NA,NA
Escherichia phage slur07,NA,NA,NA,NA,NA,1,2,2
Escherichia phage slur08,1,2,3,NA,NA,NA,NA,NA
Escherichia phage slur16,NA,NA,NA,NA,NA,4,4,NA
Escherichia phage SUSP1,2,3,NA,4,1,1,2,1
Escherichia phage SUSP2,3,3,NA,4,NA,1,1,3
Escherichia phage TL-2011b,NA,NA,NA,2,NA,2,2,2
Escherichia phage TL-2011c,NA,NA,NA,NA,53,135,58,98
Escherichia phage Tls,NA,NA,NA,NA,NA,1,3,1
Escherichia phage UFV-AREG1,1,2,3,NA,NA,NA,NA,2
Escherichia phage V5,NA,NA,NA,NA,NA,NA,3,NA
Escherichia phage vB_EcoM_112,1,2,3,NA,NA,1,2,1
Escherichia phage vB_EcoM_ACG-C40,NA,NA,NA,NA,NA,1,2,4
Escherichia phage vB_EcoM_ECO1230-10,NA,NA,NA,NA,1,NA,NA,NA
Escherichia phage vB_EcoM_JS09,NA,1,NA,NA,3,15,7,6
Escherichia phage vB_EcoM_PhAPEC2,NA,NA,NA,NA,6,15,7,6
Escherichia phage vB_EcoM_VR20,NA,NA,NA,1,NA,NA,NA,NA
Escherichia phage vB_EcoM_VR25,3,2,2,NA,1,2,5,4
Escherichia phage vB_EcoM_VR26,2,2,3,6,1,5,4,3
Escherichia phage vB_EcoM_VR7,3,2,2,NA,NA,NA,NA,1
Escherichia phage vB_EcoM-ep3,NA,NA,NA,NA,NA,NA,NA,1
Escherichia phage vB_EcoM-UFV13,NA,NA,NA,NA,1,NA,NA,NA
Escherichia phage wV7,NA,NA,NA,NA,NA,NA,1,1
Escherichia phage YD-2008.s,NA,NA,NA,NA,NA,NA,2,NA
Escherichia Stx1 converting phage,NA,NA,NA,NA,151,374,163,267
Shamshuipovirus HK022,NA,NA,NA,NA,1,NA,1,1
Byrnievirus HK97,NA,NA,NA,NA,1,1,1,NA
Mosigvirus HX01,NA,NA,NA,NA,NA,NA,NA,1
Vectrevirus K1E,NA,NA,NA,NA,1,1,1,1
Lambdavirus lambda,NA,NA,NA,NA,6,17,5,6
Peduovirus P2,NA,NA,NA,NA,1,2,1,1
Ethanoligenens,5,11,7,6,4,3,3,4
Ethanoligenens harbinense,4129,5982,4694,7536,2105,2470,1698,3488
Eubacterium limosum,1919,2582,2254,3244,3483,7182,4775,5450
Euphorbia ringspot virus,NA,NA,NA,NA,1,NA,NA,NA
Exiguobacterium,1,NA,1,1,NA,NA,1,NA
Exiguobacterium antarcticum,65,106,122,107,119,248,234,204
Exiguobacterium artemiae,109,94,71,81,197,331,274,265
Exiguobacterium sp. AT1b,83,105,104,103,191,383,287,324
Exiguobacterium sp. MH3,68,102,107,124,123,263,228,204
Exiguobacterium sp. U13-1,61,72,89,78,120,231,199,174
Faecalibaculum,NA,NA,NA,1,NA,NA,1,NA
Faecalibaculum rodentium,1134,1570,1314,1856,828,1109,1037,1316
Fako virus,NA,NA,NA,NA,1,NA,2,NA
Falconid herpesvirus 1,NA,NA,NA,NA,NA,2,3,NA
Feldmannia species virus,1,1,1,3,NA,NA,1,NA
Felid herpesvirus 1,NA,NA,NA,NA,1,4,2,1
Feline infectious peritonitis virus,NA,NA,NA,NA,NA,NA,1,NA
Felis catus gammaherpesvirus 1,4,4,3,2,3,3,2,2
Fermentimonas,NA,2,2,NA,1,2,NA,2
Fermentimonas caenicola,3799,2226,1297,2250,3908,1424,1238,1568
Ferret papillomavirus,NA,NA,NA,NA,NA,2,1,1
Ferrimonadaceae,3,6,1,4,NA,NA,NA,NA
Ferrimonas,NA,4,1,6,NA,NA,NA,4
Ferrimonas balearica,583,569,562,687,405,306,264,360
Ferroglobus placidus,112,55,38,71,114,34,42,33
Ferroplasma acidarmanus,59,27,9,27,78,34,43,26
Fervidobacteriaceae,1,NA,NA,NA,NA,NA,NA,NA
Fervidobacterium,NA,NA,1,NA,NA,NA,NA,NA
Fervidobacterium islandicum,123,88,59,84,152,108,85,86
Fervidobacterium nodosum,41,49,53,66,66,102,118,80
Fervidobacterium pennivorans,207,164,161,167,255,170,193,157
Fibrobacter,NA,NA,NA,NA,NA,1,NA,1
Fibrobacter succinogenes,1770,1265,847,1359,1732,620,420,675
Fibrobacteraceae,1,NA,NA,NA,NA,NA,NA,NA
Fictibacillus arsenicus,294,288,275,321,307,533,428,425
Fictibacillus phosphorivorans,80,145,120,148,179,396,362,333
Fiji disease virus,NA,NA,NA,NA,3,4,2,NA
Filifactor alocis,69,103,101,102,301,702,922,559
Filomicrobium,NA,NA,3,NA,NA,1,NA,NA
Fimbriimonas ginsengisoli,280,283,262,285,202,157,148,179
Finegoldia magna,247,334,352,419,3512,8838,39457,12286
Fischerella,NA,NA,NA,NA,NA,NA,NA,1
Fischerella sp. NIES-3754,137,110,115,127,146,170,173,168
Flammeovirga sp. MY04,992,625,442,684,1034,625,663,644
Flammeovirgaceae bacterium 311,1607,1180,893,1294,1531,605,498,761
Flavisolibacter,NA,NA,NA,NA,NA,NA,NA,2
Flavisolibacter sp. LCS9,1128,604,394,714,1147,476,441,540
Flavobacteriaceae,1,NA,1,NA,1,3,2,3
Flavobacteriaceae bacterium 3519-10,643,556,500,544,644,360,352,423
Flavobacterium,NA,NA,1,NA,1,1,NA,NA
Flavobacterium branchiophilum,425,272,175,297,466,255,314,259
Flavobacterium columnare,1376,812,630,828,1353,670,672,748
Flavobacterium gilvum,538,398,322,391,633,547,586,503
Flavobacterium indicum,277,191,137,187,341,303,285,258
Flavobacterium johnsoniae,2235,1504,1159,1539,2258,1265,1293,1360
Flavobacterium phage 6H,NA,NA,NA,NA,NA,11,6,4
Flavobacterium phage FCL-2,NA,NA,NA,NA,NA,1,NA,NA
Flavobacterium psychrophilum,1183,687,386,701,1285,564,599,630
Flavobacterium sp. LPB0076,679,325,164,343,678,214,200,260
Flavobacterium sp. PK15,656,493,343,422,604,412,412,454
Flavonifractor,2,NA,1,2,NA,NA,3,NA
Flavonifractor plautii,11256,16900,13294,20753,15958,32333,93710,47202
Bernardetia litoralis,324,240,173,257,389,336,392,336
Flexistipes sinusarabici,136,142,134,152,180,219,203,187
Fluviicola,NA,NA,NA,NA,1,1,NA,NA
Fluviicola taffensis,1083,661,369,631,1115,396,418,457
Formosa sp. Hel1_33_131,326,247,182,249,365,230,219,207
Formosa sp. Hel3_A1_48,212,109,46,107,261,136,155,137
Fowl aviadenovirus 5,1,NA,NA,NA,NA,NA,NA,NA
Fowl aviadenovirus A,NA,NA,NA,NA,NA,NA,4,NA
Fowl aviadenovirus E,NA,NA,NA,NA,1,5,1,NA
Fowlpox virus,NA,NA,NA,NA,1,1,6,3
Francisella noatunensis,58,53,44,57,77,122,97,86
Francisella persica,94,74,78,90,70,58,86,81
Francisella philomiragia,412,254,161,285,485,362,385,331
Francisella sp. FSC1006,437,254,114,244,477,157,126,144
Francisella sp. TX077308,157,81,59,119,185,123,129,113
Francisella tularensis,401,354,303,374,412,373,463,397
Frankia,12,12,12,14,8,7,6,9
Frankia alni,323,509,526,391,189,211,303,292
Frankia casuarinae,215,301,294,321,125,138,153,201
Frankia inefficax,481,548,518,551,370,267,284,373
Frankia sp. EAN1pec,324,418,485,456,204,252,309,315
Frankia symbiont of Datisca glomerata,188,267,303,268,99,146,185,172
Frankiaceae,4,2,3,4,1,3,2,3
Frateuria,9,5,10,17,3,5,3,3
Frateuria aurantia,336,435,307,457,205,217,218,265
French bean severe leaf curl virus,NA,NA,NA,NA,1,2,2,NA
Frischella,NA,NA,NA,NA,NA,1,NA,NA
Frischella perrara,30,56,48,68,60,124,171,111
Frondihabitans,NA,NA,NA,NA,NA,NA,1,NA
Frondihabitans sp. PAMC 28766,218,244,233,244,193,143,188,190
Fruit bat alphaherpesvirus 1,NA,1,NA,1,NA,NA,1,1
Fusarium poae fusarivirus 1,NA,1,NA,NA,NA,NA,NA,NA
Fusobacteriaceae,NA,NA,NA,NA,1,NA,NA,NA
Fusobacterium hwasookii,258,196,175,227,366,495,636,518
Fusobacterium nucleatum,534,408,357,433,966,1393,1728,1238
Gallibacterium,NA,NA,NA,NA,NA,1,NA,NA
Gallibacterium anatis,317,182,90,161,357,218,197,196
Gallid alphaherpesvirus 1,NA,NA,NA,NA,NA,NA,NA,1
Gallid alphaherpesvirus 2,NA,NA,NA,NA,NA,3,2,NA
Gallionella,NA,NA,NA,NA,NA,NA,1,NA
Gallionella capsiferriformans,392,342,274,342,363,252,186,215
Gallionellaceae,3,2,NA,1,2,1,NA,NA
Nitrosomonadales,NA,NA,NA,NA,NA,NA,NA,1
gamma proteobacterium HdN1,217,309,209,415,147,138,166,197
Gammaproteobacteria,NA,NA,NA,NA,NA,NA,NA,2
Gammaproteobacteria bacterium TR3.2,402,526,488,549,272,236,261,324
Gardnerella,5,8,12,4,4,NA,1,4
Gardnerella vaginalis,542,404,281,424,600,345,317,347
Garlic virus C,NA,NA,NA,NA,NA,NA,NA,1
Geitlerinema,NA,NA,NA,NA,NA,NA,NA,1
Geitlerinema sp. PCC 7407,356,354,361,382,266,205,168,238
Gemella sp. oral taxon 928,146,123,84,170,247,477,459,397
Geminocystis,NA,NA,1,NA,NA,NA,1,NA
Geminocystis sp. NIES-3708,228,164,111,182,214,166,184,164
Geminocystis sp. NIES-3709,185,140,97,154,190,223,222,186
Gemmatimonadaceae,1,NA,NA,1,NA,NA,NA,NA
Gemmatimonas,4,1,1,2,5,1,NA,2
Gemmatimonas aurantiaca,663,637,523,567,559,287,248,385
Gentian Kobu-sho-associated virus,NA,NA,NA,NA,1,4,1,2
Geoalkalibacter,NA,NA,NA,1,NA,NA,NA,1
Geoalkalibacter subterraneus,641,839,780,897,465,428,354,556
Geobacillus,NA,NA,NA,1,1,3,4,9
Geobacillus kaustophilus,128,138,116,92,173,202,240,217
Geobacillus phage GBK2,NA,NA,NA,NA,NA,NA,1,NA
Geobacillus sp. 12AMOR1,139,131,139,144,185,186,206,186
Geobacillus sp. C56-T3,208,220,196,202,256,255,227,242
Geobacillus sp. GHH01,167,203,196,163,187,203,227,234
Geobacillus sp. JF8,180,123,145,108,191,185,202,160
Geobacillus sp. JS12,199,245,249,191,218,266,230,272
Geobacillus sp. LC300,143,138,147,150,172,195,225,216
Geobacillus sp. WCH70,129,124,118,139,176,328,256,203
Geobacillus sp. Y4.1MC1,107,87,88,79,215,362,325,239
Geobacillus sp. Y412MC52,201,201,159,134,268,225,253,253
Geobacillus sp. Y412MC61,206,201,158,145,261,220,236,242
Geobacillus stearothermophilus,139,170,153,102,201,206,210,222
Geobacillus subterraneus,310,278,240,303,380,266,233,250
Geobacillus thermodenitrificans,164,137,162,151,196,182,189,181
Geobacillus thermoleovorans,223,220,187,180,260,239,286,260
Geobacillus virus E2,NA,NA,NA,NA,1,1,NA,1
Geobacillus virus E3,NA,NA,NA,NA,2,1,10,4
Geobacter,83,37,38,58,70,14,4,22
Geobacter anodireducens,536,610,678,764,318,364,327,430
Citrifermentans bemidjiense,563,723,734,833,374,439,487,533
Geotalea daltonii,330,480,506,582,220,335,273,396
Trichlorobacter lovleyi,541,602,499,747,452,410,376,485
Geobacter metallireducens,452,609,511,694,313,297,276,394
Geobacter pickeringii,636,609,571,690,518,319,314,413
Geobacter sp. M18,583,936,1011,990,408,491,551,638
Geobacter sp. M21,1058,983,818,1054,962,506,514,626
Geobacter sulfurreducens,400,501,589,602,267,340,321,414
Geotalea uraniireducens,609,673,566,860,412,350,288,471
Geobacteraceae,18,23,13,18,11,10,5,6
Geodermatophilaceae,47,28,10,22,38,8,6,9
Geodermatophilus,49,36,7,17,38,5,4,7
Geodermatophilus obscurus,291,496,498,451,187,200,271,311
Geoglobus acetivorans,234,147,58,135,195,53,34,65
Geoglobus ahangari,25,42,43,29,38,32,31,32
Geosporobacter ferrireducens,457,614,546,799,668,1218,937,961
Gilliamella apicola,273,246,228,297,240,263,238,253
Brumicola nitratireducens,122,84,41,78,131,122,117,104
Glaciecola sp. 4H-3-7+YE-5,111,93,79,95,111,114,105,108
Gloeobacter,6,9,2,6,3,4,1,3
Gloeobacter kilaueensis,375,372,423,397,277,188,208,284
Gloeobacter violaceus,320,459,442,528,206,214,197,319
Gloeobacteraceae,NA,NA,NA,NA,1,2,2,2
Gloeobacterales,1,NA,1,NA,NA,NA,1,NA
Gloeocapsa,NA,NA,NA,NA,NA,NA,NA,1
Gloeocapsa sp. PCC 7428,144,86,56,100,143,134,134,114
Glossina pallidipes salivary gland hypertrophy virus,7,13,13,11,5,8,1,8
Gluconacetobacter,3,3,2,3,3,1,NA,2
Gluconacetobacter diazotrophicus,285,434,463,447,174,178,242,284
Gluconobacter,4,4,2,4,NA,1,4,4
Gluconobacter oxydans,1110,900,650,880,1092,442,389,592
Glutamicibacter,2,2,NA,1,3,2,1,1
Glutamicibacter arilaitensis,637,687,594,798,480,375,323,518
Glycomycetaceae,9,3,10,4,2,2,3,7
Glypta fumiferanae ichnovirus,NA,NA,NA,NA,NA,1,1,NA
Goatpox virus Pellor,NA,NA,NA,NA,2,12,8,9
Golden mussel marseillevirus,NA,NA,NA,NA,4,7,7,6
Gordonia <eudicots>,18,20,23,14,18,6,12,13
Gordonia bronchialis,274,402,427,363,226,159,164,227
Gordonia phage Bantam,NA,NA,NA,1,NA,NA,1,1
Gordonia phage BetterKatz,NA,1,NA,NA,NA,NA,NA,NA
Gordonia phage Blueberry,NA,NA,1,2,NA,NA,1,2
Gordonia phage Bowser,NA,NA,NA,NA,NA,NA,3,2
Gordonia phage BritBrat,NA,NA,NA,1,NA,NA,NA,NA
Gordonia phage CaptainKirk2,NA,NA,NA,NA,NA,NA,NA,1
Gordonia phage Cucurbita,NA,NA,NA,NA,NA,1,NA,NA
Gordonia phage Demosthenes,NA,NA,NA,NA,NA,NA,1,NA
Gordonia phage Emalyn,1,8,12,4,2,3,NA,2
Gordonia phage Eyre,NA,1,NA,NA,NA,NA,NA,NA
Gordonia phage GMA1,NA,NA,NA,NA,NA,NA,1,NA
Gordonia phage GMA3,NA,1,NA,NA,NA,NA,NA,NA
Gordonia phage GMA6,NA,NA,NA,NA,NA,2,NA,NA
Gordonia phage GRU3,NA,NA,NA,1,NA,NA,NA,NA
Gordonia phage GTE2,1,NA,NA,NA,NA,NA,NA,NA
Gordonia phage GTE6,NA,NA,NA,NA,NA,NA,1,NA
Gordonia phage GTE7,NA,NA,NA,NA,NA,NA,NA,1
Gordonia phage GTE8,NA,NA,NA,NA,NA,NA,NA,1
Gordonia phage Guacamole,NA,NA,NA,NA,NA,NA,NA,1
Gordonia phage JSwag,NA,NA,NA,NA,NA,1,NA,NA
Gordonia phage KatherineG,NA,NA,NA,NA,NA,1,1,NA
Gordonia phage Kvothe,NA,NA,NA,NA,NA,NA,1,NA
Gordonia phage McGonagall,NA,NA,NA,NA,1,NA,NA,NA
Gordonia phage Monty,NA,NA,NA,NA,1,2,NA,NA
Gordonia phage Obliviate,NA,NA,NA,NA,NA,NA,1,NA
Gordonia phage OneUp,NA,NA,NA,NA,1,NA,NA,NA
Gordonia phage Orchid,1,NA,1,NA,NA,1,8,1
Gordonia phage Phinally,NA,NA,NA,1,NA,NA,3,3
Gordonia phage Remus,NA,NA,NA,NA,NA,1,1,NA
Gordonia phage Rosalind,NA,NA,NA,NA,NA,1,1,NA
Gordonia phage Smoothie,4,12,11,8,7,NA,1,7
Gordonia phage Soups,NA,NA,NA,NA,NA,1,1,NA
Gordonia phage Splinter,NA,NA,NA,NA,1,NA,3,1
Gordonia phage Terrapin,NA,NA,NA,NA,NA,NA,NA,1
Gordonia phage Twister6,NA,NA,NA,NA,NA,1,NA,NA
Gordonia phage Utz,NA,NA,NA,NA,NA,NA,1,NA
Gordonia phage Vendetta,NA,NA,NA,NA,1,NA,3,1
Gordonia phage Vivi2,8,5,6,4,1,2,2,4
Gordonia phage Wizard,NA,NA,NA,1,NA,NA,NA,NA
Gordonia phage Woes,NA,NA,NA,NA,1,NA,1,2
Gordonia polyisoprenivorans,579,618,572,567,510,242,181,340
Gordonia sp. KTR9,563,527,491,447,546,181,205,236
Gordonia sp. QH-11,250,313,397,289,183,195,224,236
Gordonia terrae,375,418,468,372,291,201,206,254
Gordoniaceae,8,14,7,10,1,2,NA,3
Gottschalkia acidurici,369,269,182,271,516,579,639,488
Christiangramia forsetii,1062,620,326,609,1103,458,382,455
Granulibacter,11,8,11,10,11,NA,NA,5
Granulibacter bethesdensis,640,648,534,831,599,351,272,383
Granulicella,41,23,5,18,34,6,3,5
Granulicella mallensis,527,460,446,520,476,260,220,317
Granulicella tundricola,230,281,241,302,170,182,171,218
Grapevine berry inner necrosis virus,1,3,1,3,4,1,NA,NA
Grapevine leafroll-associated virus 13,NA,NA,1,2,NA,NA,NA,1
Grapevine leafroll-associated virus 4,NA,NA,NA,NA,1,1,NA,3
Grapevine Pinot gris virus,NA,NA,1,NA,NA,NA,NA,NA
Grimontia,NA,NA,NA,1,NA,NA,1,NA
Grimontia hollisae,289,247,186,261,301,278,219,274
Gryllus bimaculatus nudivirus,NA,NA,NA,NA,1,1,7,3
Gynuella,NA,NA,NA,NA,NA,5,2,2
Gynuella sunshinyii,210,223,247,281,181,245,193,219
Gyrovirus 4,NA,NA,NA,NA,2,NA,2,NA
Haematospirillum,NA,NA,NA,NA,NA,2,NA,NA
Haematospirillum jordaniae,96,112,110,115,95,119,105,119
Haemophilus,NA,NA,NA,NA,NA,2,4,1
Haemophilus influenzae,417,234,189,273,445,424,409,368
Haemophilus parainfluenzae,61,65,77,92,82,124,122,108
Haemophilus phage Aaphi23,NA,NA,NA,NA,NA,NA,NA,1
Haemophilus phage HP1,NA,NA,NA,NA,11,6,6,6
Haemophilus phage HP2,2,NA,2,2,11,6,6,6
Haemophilus phage SuMu,NA,NA,1,NA,NA,NA,NA,NA
Hafnia,1,1,NA,3,3,2,2,3
Hafnia alvei,378,334,267,375,460,438,458,428
Hafniaceae,NA,NA,1,NA,NA,6,3,2
Hahella chejuensis,192,222,206,262,234,169,209,205
Halalkalicoccus jeotgali,46,81,98,39,26,34,74,54
Halanaeroarchaeum sulfurireducens,14,15,37,17,10,21,41,20
Halanaerobium hydrogeniformans,126,119,111,140,219,404,344,308
Halanaerobium praevalens,121,174,143,212,177,328,385,263
Haliangium,NA,NA,NA,NA,1,2,2,1
Haliangium ochraceum,665,952,1096,969,412,438,491,636
Haliscomenobacter,NA,NA,1,NA,NA,NA,NA,NA
Haliscomenobacter hydrossis,1596,1182,1020,1390,1474,668,523,729
haloarchaeon HTSR1,5,21,8,7,9,15,32,30
Haloarcula californiae icosahedral virus 1,NA,NA,NA,NA,NA,NA,2,NA
Haloarcula hispanica,26,60,58,40,25,45,62,45
Haloarcula hispanica icosahedral virus 2,1,NA,3,1,1,NA,NA,1
Haloarcula hispanica pleomorphic virus 2,NA,NA,NA,NA,1,NA,4,NA
Haloarcula marismortui,32,61,75,57,40,51,81,83
Haloarcula sp. CBA1115,38,74,83,57,30,51,58,59
Halobacillus,NA,2,2,NA,NA,NA,NA,1
Halobacillus halophilus,111,112,127,131,163,314,272,261
Halobacteriaceae,NA,3,1,5,NA,1,NA,2
Halobacteriales,1,NA,NA,NA,NA,NA,NA,2
Halobacteriovorax,NA,NA,NA,NA,NA,2,NA,NA
Halobacteriovorax marinus,37,58,59,66,80,158,141,130
Halobacterium hubeiense,121,192,212,209,61,82,105,130
Halobacterium salinarum,47,78,93,57,21,48,55,64
Halobacterium sp. DL1,140,246,200,212,54,72,85,121
Halobacteroides halobius,121,94,73,87,188,246,314,231
Halocynthia phage JM-2012,NA,1,2,1,2,3,1,2
Halocynthiibacter,1,NA,NA,NA,NA,NA,NA,NA
Halocynthiibacter arcticus,45,44,39,54,48,85,75,73
Haloferacaceae,NA,NA,NA,NA,NA,NA,NA,1
Haloferax,NA,NA,NA,1,NA,NA,1,1
Haloferax gibbonsii,209,228,227,212,139,100,114,121
Haloferax mediterranei,123,108,109,107,134,88,66,85
Haloferax volcanii,155,167,185,134,120,85,93,109
Halogeometricum,NA,NA,NA,1,NA,NA,NA,NA
Halogeometricum borinquense,182,160,119,136,125,43,54,78
Halomicrobium,NA,NA,NA,1,NA,NA,NA,NA
Halomicrobium mukohataei,75,106,149,136,56,72,91,86
Halomonadaceae,9,14,7,9,6,8,6,6
Halomonas,4,7,4,9,3,4,7,5
Halomonas campaniensis,119,111,109,129,125,111,105,127
Halomonas chromatireducens,448,582,542,601,366,276,232,387
Halomonas elongata,594,579,524,638,482,273,281,364
Halomonas huangheensis,170,198,164,218,198,205,198,208
Halomonas phage phiHAP-1,NA,NA,NA,NA,NA,NA,1,1
Halomonas sp. KO116,445,348,319,397,412,210,188,258
halophilic archaeon DL31,38,28,40,35,43,34,52,40
Halopiger,NA,NA,NA,NA,1,1,1,1
Halopiger xanaduensis,113,152,287,121,76,89,114,115
Haloquadratum walsbyi,75,41,31,42,86,48,63,57
Halorhabdus tiamatea,56,87,102,58,37,52,44,61
Halorhabdus utahensis,90,142,120,137,45,64,71,84
Halorhodospira,3,NA,1,2,NA,2,1,2
Halorhodospira halophila,243,393,396,458,160,196,219,266
Halorubrum lacusprofundi,48,80,96,33,29,60,59,58
Halorubrum phage HF2,NA,NA,NA,1,NA,NA,2,NA
Halostagnicola larsenii,62,98,149,76,43,52,60,75
Halotalea,1,1,2,NA,NA,NA,1,2
Halotalea alkalilenta,361,454,502,368,277,216,207,273
Haloterrigena turkmenica,91,86,163,62,40,79,89,104
Halothece,NA,NA,NA,NA,NA,NA,1,1
Halothece sp. PCC 7418,88,94,94,128,95,90,83,111
Halothermothrix orenii,149,153,97,169,265,314,285,278
Halothiobacillaceae,NA,NA,1,NA,NA,NA,NA,NA
Halothiobacillus,2,1,NA,NA,NA,NA,3,2
Halothiobacillus neapolitanus,497,303,190,345,456,163,118,201
Halothiobacillus sp. LS2,219,244,224,261,184,161,174,203
Halovirus HCTV-1,NA,NA,NA,NA,1,3,1,1
Halovirus HCTV-2,1,NA,NA,NA,NA,2,4,1
Halovirus HCTV-5,NA,NA,NA,NA,1,1,NA,1
Haloferacalesvirus HF1,NA,NA,NA,1,NA,NA,2,NA
Halovirus HGTV-1,5,4,11,3,2,1,NA,3
Halovirus HHTV-1,9,17,22,8,2,3,2,9
Halovirus HRTV-4,NA,NA,NA,NA,NA,NA,3,NA
Halovirus HVTV-1,NA,NA,NA,NA,NA,NA,1,NA
Halyomorpha halys virus,NA,NA,NA,NA,1,2,NA,NA
Sendosyvirus APSE1,NA,1,NA,NA,NA,3,1,2
Hapalosiphonaceae,NA,NA,NA,NA,NA,NA,1,NA
Hardenbergia mosaic virus,NA,NA,NA,NA,NA,NA,1,NA
Helicobacter acinonychis,39,43,58,66,35,54,54,51
Helicobacter cetorum,45,38,51,42,82,75,100,87
Helicobacter cinaedi,43,44,55,45,48,86,75,66
Helicobacter felis,22,32,34,26,33,37,39,41
Helicobacter hepaticus,119,60,66,88,111,103,111,115
Helicobacter himalayensis,40,40,57,34,44,85,65,83
Helicobacter mustelae,65,41,37,36,64,66,72,58
Helicobacter phage 1961P,1,NA,NA,NA,1,2,NA,1
Helicobacter phage KHP40,NA,NA,NA,NA,1,2,NA,1
Helicobacter pylori,463,383,343,390,556,479,564,442
Helicobacter sp. MIT 01-6242,368,182,88,178,299,99,70,96
Helicobacter typhlonius,31,42,51,44,46,72,81,74
Helicoverpa armigera granulovirus,1,NA,NA,NA,NA,NA,2,2
Helicoverpa armigera stunt virus,NA,NA,NA,NA,NA,1,NA,NA
Helicoverpa zea nudivirus 2,NA,1,2,2,1,1,NA,1
Heliobacteriaceae,NA,NA,NA,NA,NA,1,1,NA
Heliobacterium,NA,NA,1,NA,NA,2,1,1
Heliomicrobium modesticaldum,562,917,810,961,426,601,592,700
Heliothis virescens ascovirus 3e,NA,NA,NA,NA,1,3,2,NA
Hemileuca sp. nucleopolyhedrovirus,NA,NA,NA,NA,5,7,5,3
Herbaspirillum,6,4,16,16,8,9,7,9
Herbaspirillum hiltneri,751,758,597,768,632,314,351,456
Herbaspirillum rubrisubalbicans,698,741,647,788,487,365,387,452
Herbaspirillum seropedicae,736,979,829,1024,507,417,473,603
Herminiimonas arsenicoxydans,108,166,165,203,111,185,202,180
Himetobi P virus,NA,NA,NA,NA,NA,1,NA,NA
Hippea maritima,89,62,74,70,105,114,89,99
Hippeastrum mosaic virus,NA,NA,NA,NA,1,NA,NA,NA
Hirschia baltica,274,236,224,245,242,156,95,184
His 1 virus,NA,NA,NA,NA,1,1,2,2
Histophilus,NA,NA,NA,NA,NA,1,1,NA
Histophilus somni,462,252,156,282,462,227,234,249
Hoeflea,NA,2,1,1,1,1,NA,NA
Hoeflea sp. IMCC20628,193,278,286,296,143,215,190,238
Holosporaceae,NA,NA,NA,NA,NA,NA,NA,1
Homo sapiens,61531,41140,28394,41935,68532,45223,43423,42713
Honeysuckle yellow vein virus,81,31,14,22,87,5,2,11
Horseradish latent virus,60,29,11,20,81,10,2,8
Hoyosella,49,36,7,17,38,4,2,5
Hoyosella subflava,355,256,179,232,313,105,112,146
Huangpi Tick Virus 2,NA,NA,NA,NA,NA,4,1,1
Human alphaherpesvirus 3,NA,NA,NA,NA,1,NA,1,2
Human coronavirus HKU1,NA,NA,NA,NA,NA,NA,1,NA
Human alphaherpesvirus 2,NA,NA,NA,NA,1,NA,5,2
Human betaherpesvirus 5,NA,NA,NA,NA,NA,NA,1,NA
Human betaherpesvirus 7,NA,NA,NA,NA,2,6,3,2
Human gammaherpesvirus 8,NA,NA,NA,NA,NA,1,1,NA
Human mastadenovirus D,NA,NA,NA,NA,NA,1,NA,NA
human metapneumovirus,NA,NA,NA,NA,NA,NA,1,NA
human papillomavirus 128,1,1,3,2,NA,2,NA,2
Human rotavirus B,NA,NA,NA,NA,NA,1,NA,NA
Hydrogenobacter thermophilus,57,40,29,29,64,54,54,41
Hydrogenobaculum,1,NA,NA,NA,NA,NA,NA,NA
Hydrogenobaculum sp. 3684,185,270,221,360,104,183,86,180
Hydrogenobaculum sp. HO,185,270,221,360,104,183,86,180
Hydrogenobaculum sp. SHO,185,270,221,360,104,183,86,180
Hydrogenobaculum sp. SN,185,270,221,360,104,183,86,180
Hydrogenobaculum sp. Y04AAS1,188,269,221,355,92,154,77,172
Hydrogenophaga,NA,5,1,6,2,4,4,3
Hydrogenophaga sp. LPB0072,614,550,461,540,497,228,276,298
Hydrogenophaga sp. PBC,583,815,886,865,368,404,572,624
Hydrogenophaga sp. RAC07,478,663,686,734,283,333,394,451
Hydrogenophilaceae,18,12,3,9,11,2,4,5
Hydrogenophilales,NA,NA,NA,NA,NA,NA,4,2
Hyellaceae,NA,NA,NA,NA,NA,NA,1,NA
Hymenobacter,19,14,7,11,10,5,6,8
Hymenobacter sp. APR13,1449,1490,1482,1518,1121,751,680,991
Hymenobacter sp. DG25A,1043,1108,1015,1216,752,502,501,722
Hymenobacter sp. DG25B,1409,1359,1273,1414,1249,635,577,862
Hymenobacter sp. DG5B,1515,1517,1339,1604,1211,675,682,944
Hymenobacter sp. PAMC 26554,1702,1583,1421,1655,1342,720,642,914
Hymenobacter sp. PAMC 26628,1677,1660,1607,1644,1338,752,702,1057
Hymenobacter swuensis,1144,1198,1085,1186,887,580,621,806
Hymenobacteraceae,18,15,3,13,11,3,7,4
Hyperthermus butylicus,12,18,16,26,7,8,7,10
Hyphomicrobiaceae,14,21,11,20,9,6,4,10
Hyphomicrobium,5,10,15,16,2,8,1,6
Hyphomicrobium denitrificans,550,480,538,518,522,272,334,389
Hyphomicrobium nitrativorans,294,435,357,565,144,174,184,258
Hyphomicrobium sp. MC1,269,375,309,389,167,175,191,225
Hyphomonadaceae,NA,NA,NA,NA,NA,NA,3,NA
Hyphomonas,3,4,1,12,3,3,4,3
Hyphomonas neptunium,243,279,303,315,203,175,150,222
Hyphomonas sp. Mor2,245,217,142,239,235,148,98,162
Hyposoter fugitivus ichnovirus,NA,NA,NA,NA,NA,1,2,NA
Idiomarina,NA,NA,NA,NA,3,5,NA,5
Idiomarina loihiensis,82,85,90,120,78,169,94,145
Idiomarinaceae phage Phi1M2-2,NA,NA,NA,NA,NA,NA,2,NA
Ignavibacterium album,208,144,133,130,297,270,289,242
Ignicoccus hospitalis,4,3,5,7,6,24,11,7
Ilumatobacter,1,2,1,2,NA,2,2,2
Ilumatobacter coccineus,709,631,537,606,585,224,241,344
Ilyobacter polytropus,387,231,168,276,491,572,521,492
Inachis io cypovirus 2,NA,NA,NA,NA,NA,NA,NA,1
Indian cassava mosaic virus,NA,NA,NA,2,NA,NA,NA,1
Indian citrus ringspot virus,NA,NA,NA,NA,NA,1,NA,NA
Infectious salmon anemia virus,NA,NA,NA,NA,3,1,3,1
Infectious spleen and kidney necrosis virus,NA,1,NA,NA,NA,NA,NA,NA
Influenza C virus (C/Ann Arbor/1/50),NA,NA,NA,NA,NA,NA,3,NA
Intestinimonas,2,NA,1,1,1,NA,1,NA
Intestinimonas butyriciproducens,7673,11230,9129,14085,5613,8840,7606,9611
Intrasporangiaceae,1,NA,1,1,NA,3,4,3
Intrasporangium,NA,1,NA,NA,2,3,2,4
Intrasporangium calvum,148,285,308,212,104,135,169,176
Invertebrate iridescent virus 22,1,NA,NA,1,6,10,2,4
Invertebrate iridescent virus 3,1,NA,NA,NA,NA,NA,NA,NA
Invertebrate iridescent virus 30,1,4,2,4,2,8,6,3
Invertebrate iridescent virus 6,2,3,1,1,NA,4,6,3
Invertebrate iridescent virus 22,2,2,NA,2,7,5,2,4
Invertebrate iridovirus 25,NA,NA,NA,NA,NA,2,2,1
Ipomoea yellow vein virus,NA,NA,NA,NA,NA,1,NA,NA
Isoptericola,60,53,30,29,43,11,11,18
Isoptericola dokdonensis,526,562,577,505,403,236,264,341
Isoptericola variabilis,283,383,461,271,193,152,230,238
Isosphaera,NA,NA,NA,NA,NA,NA,1,NA
Isosphaera pallida,207,289,237,273,152,129,125,168
Isosphaeraceae,NA,NA,1,NA,1,NA,3,1
Ixeridium yellow mottle virus 1,NA,NA,NA,1,NA,NA,NA,NA
Jannaschia,NA,1,NA,2,3,NA,NA,NA
Jannaschia sp. CCS1,210,262,231,267,153,138,117,180
Janthinobacterium,3,6,3,13,2,7,11,5
Janthinobacterium agaricidamnosum,256,356,455,396,175,261,321,343
Janthinobacterium sp. 1_2014MBL_MicDiv,499,562,599,631,372,333,430,484
Janthinobacterium sp. B9-8,124,196,149,185,147,196,197,199
Janthinobacterium sp. Marseille,84,166,142,149,86,166,198,164
Japanese encephalitis virus,4,8,13,8,4,NA,2,4
Jeongeupia,13,7,2,7,8,6,3,3
Jeongeupia sp. USM3,388,543,537,590,263,260,340,397
Jeotgalibacillus,1,NA,1,1,NA,NA,1,NA
Jeotgalibacillus malaysiensis,137,214,233,245,246,583,484,438
Jonesia,5,8,12,4,4,NA,2,5
Jonesia denitrificans,345,375,246,473,211,148,90,206
Jurona virus,NA,NA,NA,NA,NA,1,NA,NA
Kangiella,NA,NA,NA,NA,4,12,3,7
Kangiella geojedonensis,65,74,43,81,79,102,91,82
Kangiella koreensis,31,28,55,50,45,102,98,93
Kangiella sediminilitoris,110,122,131,144,83,70,88,105
Ketogulonicigenium,1,NA,NA,NA,NA,1,NA,1
Ketogulonicigenium vulgare,264,349,343,387,181,210,186,257
Kibdelosporangium,NA,NA,NA,NA,2,3,6,6
Kibdelosporangium phytohabitans,267,437,485,421,202,254,336,360
Kilifi Virus,NA,NA,NA,NA,NA,NA,NA,1
Kineococcus,5,4,8,3,1,3,3,2
Kineococcus radiotolerans,313,455,523,427,161,164,247,304
Kineosporiaceae,NA,NA,NA,NA,NA,NA,NA,1
Candidatus Kinetoplastidibacterium blastocrithidiae,14,6,2,8,28,31,52,37
Kingella <b-proteobacteria>,1,NA,NA,NA,NA,2,8,NA
Kingella kingae,202,148,108,147,184,116,134,106
Kitasatospora,52,32,11,37,39,7,1,10
Kitasatospora setae,477,648,682,725,299,338,400,432
Klebsiella,27,29,24,43,26,53,66,56
Klebsiella michiganensis,689,910,832,931,592,715,1049,824
Klebsiella oxytoca,1156,1538,1393,1654,1174,1587,2417,2059
Klebsiella phage 0507-KN2-1,NA,NA,1,NA,NA,NA,NA,NA
Klebsiella phage 1513,NA,NA,NA,NA,NA,NA,1,NA
Klebsiella phage JD001,NA,NA,NA,NA,NA,2,1,NA
Klebsiella phage JD18,NA,NA,1,NA,1,NA,NA,NA
Klebsiella phage K64-1,NA,NA,NA,NA,1,3,2,2
Klebsiella phage KP15,NA,NA,NA,NA,NA,1,NA,1
Klebsiella phage KP27,NA,NA,NA,NA,NA,2,NA,2
Klebsiella phage NTUH-K2044-K1-1,1,NA,NA,NA,NA,NA,NA,NA
Klebsiella phage phiKO2,1,NA,NA,NA,NA,2,NA,2
Klebsiella phage PKO111,NA,NA,1,NA,2,NA,NA,NA
Klebsiella phage vB_KpnM_KB57,1,2,NA,2,6,2,NA,8
Klebsiella phage vB_KpnM_KpV477,NA,NA,NA,NA,1,NA,NA,NA
Klebsiella phage vB_KpnP_KpV71,NA,NA,NA,NA,NA,1,1,NA
Klebsiella pneumoniae,2271,2157,1888,2463,31049,77906,256581,111814
Klebsiella quasipneumoniae,625,603,516,686,618,746,2841,1025
[Enterobacter] lignolyticus,371,353,359,419,261,216,306,306
Klebsiella sp. LTGPAF-6F,453,632,586,631,364,347,472,492
Klebsiella variicola,1203,1297,1146,1466,7359,17389,122514,24929
Kluyvera,NA,NA,NA,NA,1,1,1,1
Kluyvera intermedia,342,341,322,414,333,335,336,356
Kocuria,12,12,15,15,4,4,4,9
Kocuria flava,255,346,381,336,210,161,246,219
Kocuria palustris,316,483,442,550,147,192,183,270
Kocuria rhizophila,411,472,470,579,311,184,215,295
Kofleriaceae,15,10,3,8,11,2,NA,3
Komagataeibacter,14,13,3,7,15,3,2,5
Komagataeibacter medellinensis,288,356,341,416,157,156,138,239
Komagataeibacter xylinus,311,289,277,314,214,156,192,227
Kosakonia,NA,NA,NA,NA,2,1,NA,1
Kosakonia oryzae,236,271,313,313,195,243,301,276
Kosakonia sacchari,323,332,306,382,295,321,332,300
Kosmotoga,1,NA,NA,NA,NA,NA,NA,NA
Kosmotoga olearia,150,102,56,97,201,106,74,112
Kosmotoga pacifica,54,71,81,70,57,144,122,88
Kozakia,1,3,2,4,NA,1,2,3
Kozakia baliensis,85,132,154,122,85,150,164,135
Kribbella,1,NA,NA,NA,2,5,6,10
Kribbella flavida,279,490,485,434,189,242,275,341
Kurthia sp. 11kri321,233,161,172,167,266,374,379,290
Kutzneria,2,6,3,5,2,NA,4,3
Kutzneria albida,623,809,792,899,334,349,403,565
Kyrpidia,NA,NA,NA,NA,NA,2,NA,NA
Kyrpidia tusciae,229,285,280,304,191,249,189,223
Kytococcus,2,5,2,6,4,3,3,1
Kytococcus sedentarius,281,405,482,331,194,181,245,273
Labrenzia,NA,NA,NA,NA,NA,1,1,1
Labrenzia sp. CP4,333,394,408,474,244,263,230,315
Lachnoclostridium,2,NA,NA,4,1,1,1,3
Lachnoclostridium phytofermentans,474,426,418,488,2997,6826,5405,4776
Lachnoclostridium sp. YL32,3154,4098,3515,5158,7944,17391,12630,13021
Lacimicrobium,6,6,3,4,NA,8,3,5
Lacimicrobium alkaliphilum,540,475,332,521,456,284,231,325
Lacinutrix,NA,NA,NA,NA,NA,1,NA,NA
Lacinutrix sp. 5H-3-7-4,89,79,81,83,170,202,236,180
Lactobacillaceae,1,5,NA,NA,NA,NA,NA,NA
Lactobacillus,31,40,15,47,19,26,10,22
Lactobacillus acetotolerans,29,14,7,15,69,166,178,135
Lactobacillus acidophilus,2867,3733,2817,4689,2241,2426,3048,3325
Lactobacillus amylovorus,1326,1746,1272,2162,966,874,997,1202
Lactobacillus backii,208,176,128,238,247,179,188,178
Levilactobacillus brevis,322,235,171,262,332,212,182,256
Lentilactobacillus buchneri,272,158,149,201,314,246,210,198
Lacticaseibacillus casei,454,381,317,428,619,483,438,458
Latilactobacillus curvatus,79,114,117,114,98,148,186,161
Lactobacillus delbrueckii,260,292,229,328,263,300,260,251
Limosilactobacillus fermentum,298,360,299,466,265,209,193,251
Lactobacillus gallinarum,193,115,81,122,226,206,250,199
Lactobacillus gasseri,40,45,50,61,102,232,259,199
Lactobacillus ginsenosidimutans,159,180,194,203,176,220,248,227
Lactobacillus heilongjiangensis,81,47,36,50,146,258,246,216
Lactobacillus helveticus,504,340,232,348,573,457,468,427
Paucilactobacillus hokkaidonensis,152,106,86,111,196,149,168,163
Lactobacillus johnsonii,1140,1594,1166,2022,853,1050,1233,1351
Lactobacillus kefiranofaciens,111,70,58,77,177,226,207,167
Levilactobacillus koreensis,57,51,91,57,106,157,91,117
Apilactobacillus kunkeei,100,77,69,92,120,142,172,133
Fructilactobacillus lindneri,37,49,67,76,56,126,119,121
Limosilactobacillus mucosae,1438,2007,1514,2453,987,1146,1316,1452
Lacticaseibacillus paracasei,240,214,199,262,269,271,259,247
Secundilactobacillus paracollinoides,663,608,436,767,603,360,268,395
Lactiplantibacillus paraplantarum,173,149,125,198,180,118,98,123
Lactobacillus phage CL1,NA,NA,NA,NA,NA,1,5,NA
Lactobacillus phage CL2,NA,NA,NA,NA,NA,4,5,NA
Lactobacillus phage iA2,NA,NA,NA,NA,4,8,3,4
Lactobacillus phage KC5a,NA,NA,NA,NA,NA,NA,NA,1
Lactobacillus phage Lb338-1,NA,NA,NA,NA,NA,1,NA,NA
Lactobacillus phage LBR48,NA,NA,NA,NA,1,NA,NA,NA
Lactobacillus phage Ld17,1,NA,NA,NA,NA,NA,NA,NA
Lactobacillus phage Ld25A,1,NA,NA,NA,NA,NA,NA,NA
Lactobacillus phage LfeInf,NA,NA,NA,NA,NA,2,1,2
Lactobacillus phage LL-H,2,NA,NA,NA,NA,NA,NA,NA
Lactobacillus phage LP65,NA,NA,NA,NA,NA,NA,1,NA
Lactobacillus phage phiadh,NA,NA,NA,NA,NA,1,1,NA
Lactobacillus phage phiAQ113,NA,NA,NA,NA,NA,1,NA,NA
Lactobacillus phage phiJB,NA,NA,NA,NA,NA,NA,NA,2
Lactobacillus phage phiLdb,NA,NA,NA,NA,NA,NA,NA,1
Lactobacillus phage phiPYB5,NA,NA,NA,NA,NA,1,NA,2
Lactobacillus phage PLE2,NA,NA,NA,NA,NA,NA,1,NA
Lactiplantibacillus plantarum,281,254,206,292,383,317,335,301
Lactobacillus prophage Lj965,NA,NA,NA,NA,1,4,2,2
Limosilactobacillus reuteri,1364,1686,1285,2102,1086,1015,1170,1367
Lacticaseibacillus rhamnosus,525,367,282,449,579,349,348,407
Ligilactobacillus ruminis,356,253,207,307,5860,14310,59065,19964
Latilactobacillus sakei,95,155,139,162,120,184,132,161
Ligilactobacillus salivarius,529,523,438,630,585,668,650,690
Fructilactobacillus sanfranciscensis,107,72,72,82,132,96,127,110
Lactobacillus sp. wkB8,180,86,58,103,206,154,177,141
Lactococcus garvieae,104,111,134,154,112,218,247,203
Lactococcus lactis,374,351,346,444,614,1172,1457,1187
Lactococcus phage 1358,NA,NA,NA,NA,NA,NA,1,1
Lactococcus phage 28201,NA,NA,NA,NA,NA,1,2,2
Lactococcus phage 63301,NA,NA,NA,NA,NA,NA,1,NA
Lactococcus phage 949,NA,NA,NA,NA,NA,NA,3,NA
Lactococcus phage 98201,NA,NA,NA,NA,NA,1,NA,2
Lactococcus Phage ASCC191,NA,NA,NA,NA,NA,1,NA,NA
Lactococcus phage bIBB29,NA,NA,NA,NA,NA,1,NA,NA
Lactococcus phage bIL286,NA,NA,NA,NA,NA,2,NA,NA
Lactococcus phage bIL309,11,2,1,3,4,1,NA,1
Lactococcus phage bIL67,NA,NA,NA,NA,2,5,1,2
Lactococcus phage BK5-T,NA,NA,NA,NA,NA,NA,2,NA
Lactococcus phage CB13,NA,NA,NA,NA,NA,2,2,1
Lactococcus phage CB14,NA,NA,NA,NA,NA,3,1,1
Lactococcus phage GE1,NA,NA,NA,NA,NA,2,NA,2
Lactococcus phage jj50,NA,NA,NA,NA,NA,2,1,1
Lactococcus phage jm2,NA,NA,NA,NA,NA,1,NA,NA
Lactococcus phage P008,NA,NA,NA,NA,NA,2,1,1
Lactococcus phage P078,NA,NA,NA,NA,NA,NA,1,NA
Lactococcus phage P087,NA,NA,NA,NA,NA,2,1,1
Lactococcus phage P092,NA,NA,NA,NA,NA,NA,1,NA
Lactococcus phage P118,NA,NA,NA,NA,NA,NA,2,NA
Lactococcus phage P162,NA,NA,NA,NA,NA,NA,1,NA
Lactococcus phage P335 sensu lato,NA,NA,NA,NA,NA,1,1,1
Lactococcus phage phi7,1,NA,NA,NA,NA,NA,1,NA
Lactococcus phage phiL47,NA,NA,NA,NA,1,5,2,1
Lactococcus phage PLgT-1,NA,NA,NA,NA,1,NA,NA,NA
Lactococcus phage r1t,NA,NA,NA,NA,1,NA,3,NA
Lactococcus phage SL4,NA,NA,NA,NA,NA,3,1,1
Lactococcus phage WRP3,NA,NA,NA,NA,1,1,4,2
Pseudolactococcus piscium,94,86,122,103,160,286,283,230
Lake Sarah-associated circular virus-18,4,2,2,1,1,1,NA,NA
Lake Sarah-associated circular virus-26,NA,NA,NA,NA,NA,NA,1,NA
Lake Sarah-associated circular virus-49,NA,NA,NA,NA,NA,1,NA,NA
Laodelphax striatellus picorna-like virus 2,NA,NA,NA,NA,NA,NA,1,NA
Laribacter,NA,1,NA,NA,2,3,2,2
Laribacter hongkongensis,549,503,394,482,429,237,292,329
Lausannevirus,NA,NA,NA,NA,1,6,8,3
Lawsonella,1,NA,NA,1,NA,1,NA,NA
Lawsonella clevelandensis,110,149,194,144,74,94,97,94
Lawsonia intracellularis,43,45,54,68,48,110,99,101
Leadbetterella,NA,NA,NA,NA,NA,NA,NA,1
Leadbetterella byssophila,785,547,370,548,811,476,433,464
Leclercia,NA,NA,NA,NA,1,NA,NA,NA
Leclercia adecarboxylata,353,402,361,367,331,300,281,307
Legionella,NA,NA,NA,NA,NA,1,1,NA
Legionella fallonii,149,105,63,108,220,140,121,116
Legionella hackeliae,68,84,89,105,78,136,141,124
Legionella longbeachae,30,45,45,54,57,130,113,102
Legionella oakridgensis,80,75,97,93,58,100,100,74
Legionella pneumophila,955,558,282,553,1056,428,379,463
Leifsonia,8,14,13,13,4,1,2,8
Leifsonia xyli,532,716,946,575,348,337,462,515
Leisingera,NA,NA,1,NA,1,2,NA,NA
Leisingera methylohalidivorans,268,344,323,426,226,271,202,261
Lelliottia amnigena,385,442,423,525,271,287,245,350
Lelliottia phage phD2B,NA,NA,1,NA,NA,NA,NA,NA
Lentibacillus,NA,NA,NA,NA,NA,NA,1,NA
Lentibacillus amyloliquefaciens,408,280,187,284,483,352,312,296
Lentzea,NA,NA,NA,NA,2,1,2,3
Lentzea sp. DHS C013,313,371,398,372,216,204,313,310
Leporid herpesvirus 4,NA,NA,NA,NA,NA,1,2,1
Leptolyngbya,NA,NA,1,NA,NA,NA,1,1
Leptolyngbya sp. NIES-3755,179,129,85,147,226,172,132,182
Leptolyngbya sp. O-77,538,548,462,648,385,223,173,327
Leptolyngbya sp. PCC 7376,371,213,171,226,366,141,136,174
Leptolyngbyaceae,1,NA,NA,NA,NA,NA,1,1
Leptospira,NA,NA,NA,NA,NA,NA,NA,1
Leptospira alstonii,250,172,112,170,338,214,146,188
Leptospira biflexa,293,177,91,144,333,178,133,155
Leptospira borgpetersenii,37,70,91,86,86,147,184,142
Leptospira interrogans,144,155,141,173,258,318,299,253
Leptospira santarosai,38,86,69,98,76,154,142,135
Leptospiraceae,NA,NA,NA,NA,NA,NA,NA,1
Leptospirillum ferriphilum,169,122,110,130,193,123,75,125
Leptospirillum ferrooxidans,41,50,53,76,68,94,101,85
Leptospirillum sp. Group II 'CF-1',120,100,90,103,127,125,73,118
Leptothrix <b-proteobacteria>,15,15,2,11,12,8,1,6
Leptothrix cholodnii,622,869,1008,810,431,389,453,542
Leptotrichia buccalis,160,160,153,162,223,376,357,304
Leptotrichia sp. oral taxon 212,230,157,129,162,310,497,401,342
Leptotrichia sp. oral taxon 847,142,108,89,98,218,324,301,260
Leucania separata nucleopolyhedrovirus,NA,NA,NA,NA,NA,NA,3,2
Leuconostoc,31,49,18,51,13,19,4,20
Leuconostoc carnosum,245,266,213,367,198,272,204,265
Leuconostoc citreum,224,277,253,376,120,212,195,205
Leuconostoc gelidum,333,269,205,347,295,307,241,270
Leuconostoc kimchii,372,347,243,446,310,245,186,229
Leuconostoc lactis,243,291,243,390,176,202,174,225
Leuconostoc mesenteroides,251,317,269,406,175,239,248,258
Leuconostoc phage Ln-9,NA,NA,NA,NA,NA,NA,1,NA
Leuconostoc phage P793,5,15,24,20,7,4,3,6
Leuconostoc phage phiLN34,1,NA,NA,NA,3,3,3,3
Leuconostoc phage phiLNTR2,1,NA,NA,NA,3,3,3,3
Leuconostoc phage phiLNTR3,1,NA,NA,NA,3,3,3,3
Leuconostoc sp. C2,421,369,261,484,417,273,171,255
Lactobacillaceae,NA,NA,NA,NA,NA,NA,1,NA
Liberibacter crescens,12,15,24,28,44,73,90,83
Liberibacter phage SC1,NA,NA,NA,NA,2,4,NA,1
Liberibacter phage SC2,NA,NA,NA,NA,2,4,NA,1
Limnochorda,NA,2,NA,1,2,2,NA,1
Limnochorda pilosa,668,809,786,918,417,361,295,499
Limnochordaceae,NA,1,NA,1,NA,NA,NA,NA
Limnohabitans,NA,1,1,NA,NA,NA,6,2
Limnohabitans sp. 103DPR2,190,139,67,168,236,108,143,137
Limnohabitans sp. 63ED37-2,408,481,441,531,286,222,193,317
Lisianthus enation leaf curl virus,NA,NA,NA,NA,NA,1,NA,NA
Listeria,NA,NA,NA,NA,NA,NA,NA,1
Listeria innocua,144,116,80,105,213,272,356,260
Listeria ivanovii,123,111,106,122,297,491,438,333
Listeria monocytogenes,321,249,191,256,501,662,729,634
Listeria phage 2389,NA,NA,NA,NA,4,4,3,4
Listeria phage A500,NA,NA,NA,NA,NA,NA,1,NA
Listeria phage B025,NA,NA,NA,NA,NA,1,2,2
Listeria phage B054,NA,NA,NA,NA,1,NA,4,NA
Listeria phage List-36,1,NA,NA,NA,2,5,6,1
Listeria phage LMSP-25,NA,NA,NA,NA,1,1,4,NA
Listeria phage LMTA-148,NA,NA,NA,NA,1,1,NA,NA
Listeria phage LP-026,NA,NA,4,NA,1,2,3,2
Listeria phage LP-030-2,NA,NA,NA,NA,7,7,3,5
Listeria phage LP-037,NA,NA,4,NA,1,2,3,2
Listeria phage LP-048,NA,NA,NA,NA,1,1,4,NA
Listeria phage LP-083-2,NA,NA,NA,NA,1,1,4,NA
Listeria phage LP-101,NA,NA,NA,NA,4,7,2,7
Listeria phage LP-110,NA,NA,4,NA,1,2,3,1
Listeria phage LP-114,NA,NA,4,NA,1,5,4,4
Listeria phage LP-125,NA,NA,NA,NA,2,1,5,1
Listeria phage P70,NA,NA,4,NA,1,2,4,2
Listeria phage vB_LmoM_AG20,NA,NA,NA,NA,1,1,4,NA
Listeria phage vB_LmoS_188,NA,NA,NA,NA,NA,2,1,1
Listeria seeligeri,51,78,72,78,151,327,264,217
Pecentumvirus A511,NA,NA,NA,NA,2,2,NA,NA
Listeria welshimeri,69,93,94,95,168,331,321,274
Lumpy skin disease virus NI-2490,NA,NA,NA,NA,NA,5,9,4
Luteipulveratus,1,2,1,NA,2,2,3,2
Luteipulveratus mongoliensis,370,482,469,490,230,233,201,278
Lutibacter,1,NA,2,NA,NA,1,NA,NA
Lutibacter sp. LP1,149,92,48,88,264,243,295,207
Lutibacter sp. LPB0138,394,262,154,294,436,265,368,315
Lymantria xylina nucleopolyhedrovirus,1,NA,NA,NA,1,NA,2,2
Lymphocystis disease virus - isolate China,75,31,18,33,61,12,9,13
Lymphocystis disease virus 1,NA,NA,NA,NA,NA,NA,NA,1
Lysinibacillus fusiformis,242,149,96,131,315,377,341,326
Lysinibacillus sphaericus,87,68,56,58,210,389,373,301
Lysinibacillus varians,251,172,128,172,383,404,406,337
Lysobacter,13,12,9,11,7,3,2,5
Lysobacter antibioticus,438,514,567,536,331,293,336,377
Lysobacter capsici,352,458,514,503,248,244,258,369
Lysobacter gummosus,336,430,413,422,264,242,293,332
Macacine alphaherpesvirus 1,NA,NA,1,NA,NA,NA,NA,NA
Macacine herpesvirus 3,2,5,2,3,2,2,NA,2
Macacine gammaherpesvirus 5,NA,NA,NA,1,4,7,7,4
Macrococcus,NA,NA,NA,NA,NA,NA,1,NA
Macrococcoides caseolyticum,43,64,75,68,150,361,372,292
Macropodid herpesvirus 1,NA,1,NA,NA,1,NA,NA,NA
Mageeibacillus,NA,3,3,NA,NA,NA,NA,NA
Mageeibacillus indolicus,540,736,641,981,490,938,880,931
Magnetococcales,NA,NA,NA,NA,NA,NA,NA,1
Magnetococcus,NA,NA,NA,NA,NA,1,NA,1
Magnetococcus marinus,288,358,332,413,210,170,129,250
Magnetospira,NA,NA,NA,NA,NA,2,NA,1
Magnetospira sp. QH-2,319,344,317,343,203,184,236,243
Magnetospirillum,1,3,3,3,2,2,2,9
Magnetospirillum gryphiswaldense,351,455,435,460,306,243,260,340
Paramagnetospirillum magneticum,658,877,905,916,449,381,408,547
Magnetospirillum sp. XM-1,474,717,780,717,291,334,372,464
Mahella,NA,NA,NA,NA,NA,NA,1,NA
Mahella australiensis,264,289,263,371,277,306,255,325
Maize bushy stunt phytoplasma,19,31,29,17,31,97,74,71
Mamestra brassicae multiple nucleopolyhedrovirus,6,14,5,12,4,3,1,6
Mamestra configurata nucleopolyhedrovirus A,NA,NA,NA,NA,NA,NA,2,2
Mamestra configurata nucleopolyhedrovirus B,6,14,5,12,4,3,1,6
Mannheimia,NA,NA,NA,NA,NA,6,7,NA
Mannheimia haemolytica,319,210,151,228,335,216,235,232
Mannheimia phage vB_MhM_3927AP2,NA,NA,NA,NA,NA,2,4,2
Mannheimia phage vB_MhM_587AP1,NA,NA,NA,NA,2,NA,1,NA
Mannheimia phage vB_MhS_587AP2,NA,NA,NA,NA,NA,NA,1,NA
Mannheimia sp. USDA-ARS-USMARC-1261,121,136,105,152,161,153,175,177
Mannheimia varigena,153,155,151,175,177,292,251,254
Maribacter,NA,NA,NA,NA,NA,1,NA,NA
Maribacter sp. 1_2014MBL_MicDiv,915,523,243,495,1031,302,278,354
Maribacter sp. HTCC2170,531,255,139,270,540,251,304,269
Maricaulis,NA,NA,NA,1,NA,NA,2,NA
Maricaulis maris,549,516,395,468,420,204,182,278
Marichromatium,2,7,3,2,5,3,3,3
Marichromatium purpuratum,705,769,673,763,575,308,322,459
Marinithermus,1,1,NA,NA,1,NA,NA,NA
Marinithermus hydrothermalis,427,519,459,474,246,171,164,297
Marinitoga piezophila,63,62,49,47,173,282,299,188
Marinobacter,34,35,12,30,37,7,5,18
Marinobacter adhaerens,382,327,316,349,348,197,183,228
Marinobacter nauticus,921,845,595,959,805,401,322,560
Marinobacter psychrophilus,172,231,249,201,112,123,123,168
Marinobacter salarius,122,170,159,175,135,230,224,193
Marinobacter similis,414,345,308,315,352,205,189,198
Marinobacter sp. BSs20148,167,239,299,234,118,123,119,174
Marinobacter sp. CP1,320,318,324,335,286,172,165,224
Marinobacter sp. Hb8,296,204,183,219,342,191,166,181
Marinobacter sp. LQ44,173,247,274,249,145,200,219,241
Marinobacterium,NA,NA,NA,NA,NA,2,NA,1
Marinobacterium sp. ST58-10,669,698,598,737,501,320,323,446
Marinomonas,NA,NA,1,NA,NA,NA,2,1
Marinomonas mediterranea,99,118,114,132,98,160,153,157
Marinomonas posidonica,619,407,188,344,655,188,117,190
Marinomonas sp. MWYL1,123,102,67,110,165,114,137,134
Marinovum,1,4,4,4,3,4,1,3
Marinovum algicola,290,426,439,425,224,242,238,348
Marivirga,NA,NA,NA,NA,NA,NA,NA,1
Marivirga tractuosa,558,306,177,291,611,282,281,302
Marseillevirus marseillevirus,NA,NA,NA,NA,NA,6,4,5
Martelella,11,12,19,21,6,4,3,7
Martelella endophytica,713,696,637,748,500,332,333,453
Martelella sp. AD-3,604,794,775,859,422,390,285,508
Maruca vitrata nucleopolyhedrovirus,NA,NA,NA,NA,NA,1,1,2
Massilia,79,35,30,49,68,17,7,22
Massilia sp. NR 4-1,567,816,746,915,395,394,422,490
Massilia sp. WG5,375,535,560,627,278,369,463,429
Megasphaera,NA,NA,NA,NA,NA,1,NA,NA
Megasphaera elsdenii,1216,1208,974,1401,5432,12301,63753,14250
Meiothermus,1,1,NA,NA,NA,NA,2,NA
Meiothermus ruber,346,502,473,491,219,192,202,296
Allomeiothermus silvanus,212,315,334,287,146,161,180,215
Melanoplus sanguinipes entomopoxvirus,1,NA,1,NA,3,11,4,4
Marseillevirus sp. 'Melbournevirus' <Marseillevirus sp. 'Melbournevirus'>,NA,1,NA,NA,NA,10,4,8
Melioribacter roseus,378,289,298,339,357,261,245,300
Melissococcus plutonius,250,149,65,114,300,266,317,255
Melon yellow spot virus,NA,NA,NA,NA,NA,1,NA,NA
Merismopediaceae,NA,NA,NA,NA,1,NA,1,NA
Mesoplasma florum,25,40,32,48,68,179,176,138
Mesorhizobium,9,32,25,31,8,13,14,24
Mesorhizobium amorphae,298,403,476,419,193,287,320,347
Mesorhizobium australicum,365,399,399,449,350,210,230,262
Mesorhizobium ciceri,611,727,707,744,408,396,349,515
Mesorhizobium loti,571,740,836,721,402,477,538,629
Mesorhizobium opportunistum,337,485,507,486,200,240,287,374
Mesorhizobium phage vB_MloP_Lo5R7ANS,1,3,4,3,NA,2,NA,3
Mesotoga,2,NA,1,1,NA,NA,1,NA
Mesotoga prima,39,38,66,52,50,122,119,80
Metallosphaera cuprina,30,27,27,41,25,28,22,30
Metallosphaera sedula,5,9,11,19,8,7,21,18
Methanobacterium formicicum,102,64,31,74,142,114,83,87
Methanobacterium lacus,18,17,6,15,33,102,97,61
Methanobacterium paludis,15,19,15,19,28,75,59,43
Methanobacterium sp. MB1,1,7,8,7,17,55,47,26
Methanobrevibacter millerae,77,69,62,81,136,169,175,155
Methanobrevibacter olleyae,7,8,8,7,57,135,116,104
Methanobrevibacter ruminantium,142,135,143,155,184,165,136,141
Methanobrevibacter smithii,118,67,48,76,26544,69116,52298,42504
Methanobrevibacter sp. AbM4,185,180,156,192,196,209,136,161
Methanobrevibacter sp. YE315,41,29,23,28,95,118,129,92
Methanocaldococcus bathoardescens,69,33,22,31,89,64,55,60
Methanocaldococcus fervens,19,40,43,40,40,46,49,50
Methanocaldococcus infernus,46,38,34,48,49,49,37,42
Methanocaldococcus jannaschii,23,16,18,12,42,53,60,48
Methanocaldococcus sp. FS406-22,4,NA,2,NA,30,48,38,30
Methanocaldococcus vulcanius,1,NA,NA,NA,18,48,59,25
Methanocella,1,4,4,6,NA,4,2,1
Methanocella arvoryzae,179,144,142,149,152,85,119,119
Methanocella conradii,45,97,90,74,24,35,44,72
Methanocellaceae,NA,NA,NA,NA,NA,NA,NA,1
Methanocellales,NA,NA,NA,NA,NA,NA,NA,1
Methanococcoides burtonii,80,78,72,97,99,108,102,101
Methanococcoides methylutens,10,14,20,23,56,132,73,78
Methanococcus aeolicus,4,7,8,6,23,61,85,48
Methanococcus maripaludis,221,148,86,118,284,261,387,247
Methanococcus vannielii,2,8,13,14,25,86,71,62
Methanococcus voltae,129,120,96,145,149,123,95,124
Methanocorpusculum labreanum,135,116,113,121,164,158,111,134
Methanoculleus,NA,NA,NA,1,NA,NA,NA,NA
Methanoculleus bourgensis,118,108,110,98,85,67,51,80
Methanoculleus marisnigri,98,101,102,94,88,65,67,74
Methanoculleus sp. MAB1,109,109,116,102,83,65,58,73
methanogenic archaeon ISO4-H5,229,147,100,137,228,104,98,109
Methanohalobium evestigatum,74,39,29,43,91,165,109,108
Methanohalophilus mahii,35,43,80,47,42,82,69,67
Methanolacinia petrolearia,391,240,114,225,355,125,60,143
Methanolobus psychrophilus,145,91,60,106,138,92,67,88
Methanomethylovorans hollandica,363,222,124,238,396,113,81,134
Methanoregula boonei,29,27,39,36,32,75,58,53
Methanoregula formicica,410,260,181,232,397,146,139,205
Methanoregulaceae,NA,NA,NA,NA,NA,1,1,NA
Methanothrix soehngenii,85,73,49,77,77,64,68,76
Methanothrix harundinacea,94,108,78,117,63,63,54,56
Methanosalsum zhilinae,71,43,21,35,96,101,103,91
Methanosarcina,NA,NA,NA,NA,NA,1,NA,NA
Methanosarcina acetivorans,57,70,59,95,94,139,152,135
Methanosarcina barkeri,159,146,147,158,243,367,366,312
Methanosarcina horonobensis,253,185,138,191,262,220,150,165
Methanosarcina lacustris,72,90,98,97,54,81,71,83
Methanosarcina mazei,241,195,134,208,285,197,199,197
Methanosarcina siciliae,91,122,105,148,100,161,144,157
Methanosarcina sp. Kolksee,120,116,78,110,133,133,130,124
Methanosarcina sp. MTP4,135,126,71,139,136,101,112,93
Methanosarcina sp. WH1,83,68,63,101,78,125,135,124
Methanosarcina sp. WWM596,71,60,45,76,90,116,128,113
Methanosarcina thermophila,90,42,38,51,138,95,89,90
Methanosarcina vacuolata,84,91,75,93,102,126,130,107
Methanosarcinales,NA,NA,NA,NA,NA,NA,NA,1
Methanosphaera stadtmanae,57,44,34,50,81,119,105,74
Methanosphaerula palustris,217,162,119,155,215,97,63,104
Methanospirillum hungatei,346,171,59,192,362,115,106,149
Methanothermobacter marburgensis,19,28,34,27,16,24,29,26
Methanothermobacter sp. CaT2,18,24,23,11,37,33,38,37
Methanothermobacter thermautotrophicus,12,18,17,11,27,23,26,27
Methanothermococcus okinawensis,NA,4,3,3,48,83,74,66
Methanothermus fervidus,6,16,24,9,21,36,46,24
Methanotorris igneus,15,25,31,42,45,76,50,69
Candidatus Methylacidiphilum fumarolicum,62,71,66,82,68,79,91,72
Candidatus Methylacidiphilum infernorum,15,11,11,7,52,81,71,41
Methylibium,4,11,4,10,1,2,1,7
Methylibium petroleiphilum,541,655,664,666,378,351,386,410
Methylobacillus flagellatus,302,312,289,336,195,175,166,247
Methylobacteriaceae,9,9,6,13,6,2,12,4
Methylobacterium,30,49,43,59,22,20,16,29
Methylobacterium aquaticum,546,756,751,798,301,316,344,446
Methylorubrum extorquens,532,765,846,743,347,372,461,557
Methylobacterium nodulans,327,415,426,400,193,224,289,306
Methylorubrum populi,315,425,488,421,267,237,280,322
Methylobacterium radiotolerans,635,748,773,667,568,325,320,467
Methylobacterium sp. 4-46,489,623,600,598,410,273,297,357
Methylobacterium sp. AMS5,384,558,606,632,222,254,305,393
Methylobacterium sp. C1,480,500,486,457,448,237,274,324
Methyloceanibacter,1,5,4,8,2,2,NA,3
Methyloceanibacter caenitepidi,300,431,424,519,164,172,141,267
Methylocella silvestris,174,205,223,115,125,161,173,173
Methylococcaceae,1,NA,NA,NA,NA,4,6,4
Methylococcales,NA,1,NA,NA,NA,NA,NA,NA
Methylococcus,3,6,2,2,1,1,4,2
Methylococcus capsulatus,240,340,316,371,131,177,209,234
Methylocystis,11,9,13,21,4,3,1,7
Methylocystis sp. SC2,207,254,329,225,126,122,159,184
Methylotuvimicrobium alcaliphilum,206,216,200,211,201,174,153,197
Methylomonas,2,5,2,15,3,3,2,2
Methylomonas denitrificans,236,254,266,253,221,205,236,247
Methylomonas methanica,155,206,216,209,127,195,189,188
Methylomonas sp. DH-1,521,617,634,760,370,313,273,465
Methylophaga,6,4,2,2,NA,3,NA,2
Methylophaga frappieri,105,61,56,100,125,90,113,84
Methylophaga nitratireducenticrescens,391,210,175,204,350,167,196,168
Methylophilaceae,NA,NA,NA,1,NA,2,2,NA
Methylophilus sp. TWE2,88,77,66,79,126,133,127,92
Methylotenera,NA,NA,NA,NA,NA,NA,7,2
Methylotenera mobilis,87,79,50,85,130,121,149,84
Methylotenera versatilis,74,43,44,67,105,124,151,97
Methyloversatilis,13,7,NA,7,8,2,NA,2
Methyloversatilis sp. RAC08,420,493,477,462,313,234,287,306
Methylovorus,6,4,2,2,NA,6,5,9
Methylovorus glucosotrophus,149,220,191,210,133,161,186,179
Methylovorus sp. MP688,213,248,213,259,184,153,178,189
Micavibrio,NA,1,1,3,1,NA,NA,NA
Micavibrio aeruginosavorus,202,207,180,260,149,210,231,222
Microbacteriaceae,20,17,19,20,16,12,11,9
Microbacterium,5,12,4,15,9,5,5,13
Microbacterium chocolatum,84,120,125,124,72,95,111,112
Microbacterium phage vB_MoxS-ISF9,1,1,NA,NA,1,NA,NA,1
Microbacterium sp. BH3-3-3,184,272,337,224,122,154,213,184
Microbacterium sp. CGR1,122,167,177,136,92,129,150,141
Microbacterium sp. No. 7,211,315,457,273,123,172,253,212
Microbacterium sp. PAMC 28756,279,407,509,380,145,230,219,302
Microbacterium sp. XT11,272,347,396,350,174,193,181,248
Microbacterium testaceum,319,428,457,398,238,183,207,255
Microbulbifer,23,20,14,25,10,4,NA,9
Microbulbifer sp. CCB-MM1,443,531,413,510,346,250,237,317
Microbulbifer thermotolerans,315,434,349,492,233,231,176,265
Microbulbiferaceae,14,17,10,10,3,5,2,7
Micrococcaceae,15,21,20,28,8,6,14,7
Micrococcales,19,25,19,17,3,9,8,16
Micrococcus,3,3,NA,8,NA,2,2,4
Micrococcus luteus,314,482,401,460,185,153,170,263
Microcoleaceae,NA,NA,NA,NA,NA,NA,NA,1
Microcoleus sp. PCC 7113,224,188,141,207,231,216,163,197
Microcystaceae,NA,NA,NA,NA,NA,NA,NA,1
Microcystis <cyanobacteria>,NA,NA,NA,NA,NA,NA,NA,1
Microcystis aeruginosa,202,199,201,239,165,185,205,213
Microcystis aeruginosa phage Ma-LMM01,NA,NA,NA,NA,1,NA,NA,NA
Microcystis panniformis,176,162,148,185,158,154,158,181
Microcystis phage MaMV-DC,NA,NA,NA,NA,1,NA,NA,NA
Microlunatus,3,1,1,1,3,5,4,7
Microlunatus phosphovorus,383,437,428,401,314,220,214,286
Micromonas pusilla virus 12T,NA,NA,NA,NA,5,7,2,4
Micromonas sp. RCC1109 virus MpV1,4,2,6,4,2,5,NA,4
Micromonospora,40,21,6,18,38,6,4,6
Micromonospora aurantiaca (nom. illeg.),693,844,725,945,434,326,350,494
Micromonospora sp. L5,493,734,666,824,265,303,339,435
Micromonosporaceae,66,48,18,28,40,12,10,12
Micromonosporales,NA,NA,NA,1,NA,NA,NA,NA
Micromys minutus papillomavirus 1,NA,NA,NA,NA,1,1,NA,NA
Bracoviriform demolitoris,NA,NA,NA,NA,1,2,2,NA
Microterricola,2,3,2,1,4,1,3,NA
Microterricola viridarii,338,442,505,401,284,188,181,289
Mink coronavirus strain WD1127,NA,NA,NA,NA,NA,2,1,NA
Roseateles,9,8,9,13,12,7,11,4
Mitsuaria sp. 7,556,688,707,646,406,346,377,428
Mobiluncus curtisii,57,94,111,141,624,1562,891,1059
Modestobacter,56,44,12,26,43,4,4,9
Modestobacter marinus,327,544,589,475,181,221,283,313
Modoc virus,NA,NA,NA,NA,NA,1,2,1
Mojiang virus,NA,2,6,5,3,NA,1,4
Mollivirus sibericum,8,3,2,NA,10,1,3,1
Molluscum contagiosum virus subtype 1,6,12,9,5,4,3,4,10
Monkeypox virus Zaire-96-I-16,14,1,4,3,6,3,3,4
Moorena producens,207,160,159,184,229,176,208,186
Neomoorella,NA,1,1,NA,1,NA,1,1
Neomoorella thermoacetica,268,377,412,469,166,239,254,297
Moraxella,NA,NA,NA,NA,NA,NA,1,NA
Moraxella catarrhalis,176,145,118,175,160,147,116,158
Faucicola osloensis,125,99,84,117,132,98,89,71
Moraxella ovis,100,78,122,105,107,150,110,114
Morganella <basidiomycete fungi>,1,NA,NA,NA,NA,3,5,NA
Morganella morganii,154,179,212,186,172,255,242,221
Morganella phage vB_MmoM_MP1,NA,NA,NA,NA,1,NA,1,1
Morganellaceae,6,4,2,2,NA,2,NA,2
Moritella viscosa,88,66,74,84,121,124,188,129
Mouse astrovirus M-52/USA/2008,NA,NA,NA,NA,NA,1,NA,NA
Moussa virus,1,NA,NA,NA,NA,NA,NA,NA
Mucilaginibacter sp. PAMC 26640,704,547,422,534,671,466,427,450
Mucinivorans,NA,NA,1,NA,NA,NA,1,NA
Mucinivorans hirudinis,1791,1541,1613,1488,1566,907,923,1137
Mulberry mosaic dwarf associated virus,NA,NA,NA,NA,NA,1,NA,1
Muricauda lutaonensis,423,311,302,327,423,293,275,304
Flagellimonas ruestringensis,506,410,339,396,511,285,336,358
Murid betaherpesvirus 2,22,44,40,40,9,17,7,15
Murid gammaherpesvirus 4,NA,NA,NA,NA,NA,1,2,1
Murid betaherpesvirus 8,1,NA,NA,NA,NA,NA,NA,NA
Murray Valley encephalitis virus,NA,NA,NA,NA,NA,1,2,2
Mycobacteriaceae,4,6,5,6,2,3,9,5
Mycobacterium,148,150,78,132,120,55,80,80
Mycobacteroides abscessus,459,590,520,664,317,268,295,360
Mycobacterium tuberculosis variant africanum,93,117,134,116,55,76,107,83
Mycobacterium avium,469,602,732,597,264,320,399,449
Mycobacterium tuberculosis variant bovis,93,117,134,117,56,90,134,95
Mycobacterium canetti,84,106,118,107,59,85,113,80
Mycobacteroides chelonae,203,257,287,286,118,144,118,176
Mycobacterium chimaera,201,296,302,317,109,134,174,184
Mycolicibacterium chubuense,220,344,413,363,123,179,203,212
Mycolicibacterium fortuitum,211,326,340,343,150,177,190,236
Mycolicibacterium gilvum,338,460,523,433,232,261,268,327
Mycobacterium goodii,353,506,486,506,193,190,238,318
Mycobacterium haemophilum,393,344,313,384,350,120,137,215
Mycobacterium immunogenum,170,275,305,293,101,121,124,166
Mycobacterium intracellulare subsp. intracellulare,158,250,276,266,97,131,163,157
Mycobacterium intracellulare,220,322,350,373,128,205,206,221
Mycobacterium kansasii,232,321,309,381,130,192,143,223
Mycobacterium leprae,132,145,159,110,101,57,62,100
Mycobacterium liflandii,189,265,257,264,136,165,175,216
Mycobacterium marinum,222,343,309,367,147,203,203,259
Mycolicibacterium neoaurum,308,519,492,485,185,203,199,294
Mycobacterium phage 20ES,28,40,60,19,14,13,5,20
Mycobacterium phage 39HC,NA,NA,NA,1,NA,NA,1,NA
Mycobacterium phage Acadian,NA,NA,NA,NA,NA,NA,1,NA
Mycobacterium phage Adler,NA,NA,NA,NA,NA,1,1,NA
Mycobacterium phage Adzzy,NA,1,NA,1,NA,NA,2,NA
Mycobacterium phage Aeneas,NA,NA,NA,NA,NA,NA,1,1
Mycobacterium phage Akoma,NA,NA,1,1,NA,NA,NA,NA
Mycobacterium phage Alice,NA,2,1,1,1,1,2,1
Mycobacterium phage Alsfro,NA,NA,NA,NA,NA,NA,1,1
Mycobacterium phage Anubis,NA,NA,NA,NA,NA,1,1,2
Mycobacterium phage Apizium,2,NA,2,1,NA,NA,1,2
Mycobacterium phage ArcherS7,1,1,NA,NA,1,1,1,NA
Mycobacterium phage Archie,7,4,20,9,1,3,1,7
Mycobacterium phage Ardmore,NA,2,1,NA,NA,NA,NA,NA
Mycobacterium phage Ariel,4,5,5,2,1,NA,1,5
Mycobacterium phage Astraea,NA,1,NA,NA,1,1,1,NA
Mycobacterium phage Avani,NA,NA,NA,1,NA,NA,NA,NA
Mycobacterium phage Bactobuster,1,NA,NA,NA,NA,NA,NA,NA
Mycobacterium phage Badfish,2,NA,2,1,NA,NA,3,2
Mycobacterium phage Bane1,10,12,14,1,2,5,4,1
Mycobacterium phage Barnyard,144,71,42,67,121,14,2,16
Mycobacterium phage BellusTerra,23,7,3,16,27,5,1,1
Mycobacterium phage Bernal13,62,26,12,29,58,9,2,10
Mycobacterium phage Bethlehem,5,5,14,13,NA,1,1,3
Mycobacterium phage BigNuz,NA,NA,NA,NA,NA,1,NA,NA
Mycobacterium phage Bipolar,NA,NA,NA,NA,NA,1,3,2
Mycobacterium phage Blue7,2,1,3,1,NA,NA,NA,1
Mycobacterium phage Bobi,1,4,3,NA,NA,2,3,2
Mycobacterium phage Boomer,NA,1,NA,NA,NA,NA,NA,NA
Mycobacterium phage Breeniome,2,1,NA,NA,1,2,5,4
Mycobacterium phage Brocalys,NA,1,NA,NA,NA,NA,NA,NA
Mycobacterium phage bron,1,NA,2,NA,NA,NA,NA,NA
Mycobacterium phage BrownCNA,3,3,3,3,NA,2,1,1
Mycobacterium phage Bruin,7,8,2,10,4,1,6,8
Mycobacterium phage Brusacoram,NA,NA,NA,NA,1,NA,2,NA
Mycobacterium phage BTCU-1,3,12,7,14,1,5,NA,6
Mycobacterium phage BuzzLyseyear,1,3,3,NA,NA,1,NA,NA
Mycobacterium phage Bxz1,1,2,NA,NA,1,1,3,3
Mycobacterium phage Cabrinians,NA,1,NA,NA,NA,NA,NA,NA
Mycobacterium phage Cali,1,1,NA,NA,1,NA,NA,NA
Mycobacterium phage Cambiare,NA,NA,NA,NA,NA,NA,1,NA
Mycobacterium phage CaptainTrips,4,8,9,2,NA,3,1,NA
Mycobacterium phage Catdawg,5,15,3,19,3,8,5,4
Mycobacterium phage Catera,1,1,NA,NA,1,1,1,NA
Mycobacterium phage Cerasum,1,1,NA,NA,NA,NA,NA,NA
Mycobacterium phage Che9d,NA,NA,NA,1,NA,NA,NA,NA
Mycobacterium phage Cheetobro,NA,NA,NA,NA,1,1,1,NA
Mycobacterium phage Chy4,NA,NA,NA,NA,2,NA,2,3
Mycobacterium phage Chy5,NA,NA,NA,NA,2,NA,2,3
Mycobacterium phage Colbert,2,NA,2,1,NA,NA,NA,1
Mycobacterium phage Contagion,7,8,2,10,4,1,6,8
Mycobacterium phage Cooper,8,7,13,8,4,7,4,7
Mycobacterium phage Corndog,5,15,3,19,3,8,4,3
Mycobacterium phage Courthouse,NA,NA,NA,1,NA,NA,NA,NA
Mycobacterium phage CRB1,NA,NA,NA,NA,NA,NA,1,NA
Mycobacterium phage D29,NA,NA,NA,NA,2,NA,2,3
Mycobacterium phage Daenerys,1,2,2,NA,NA,1,NA,NA
Mycobacterium phage Dandelion,NA,1,NA,NA,1,NA,NA,NA
Mycobacterium phage Dante,1,2,2,NA,NA,1,1,1
Mycobacterium phage DD5,5,5,14,13,NA,1,1,3
Mycobacterium phage DeadP,3,7,7,2,NA,2,1,NA
Mycobacterium phage Doom,NA,NA,NA,NA,NA,NA,3,NA
Mycobacterium phage Dori,NA,NA,NA,NA,3,1,NA,1
Mycobacterium phage DrDrey,7,8,2,10,4,NA,6,8
Mycobacterium phage DS6A,5,6,12,1,3,6,11,4
Mycobacterium phage Dumbo,7,8,2,10,4,NA,6,8
Mycobacterium phage Dylan,6,17,4,20,3,10,4,5
Mycobacterium phage Enkosi,NA,1,NA,1,2,2,NA,1
Mycobacterium phage Eremos,2,NA,2,1,NA,NA,1,2
Mycobacterium phage ET08,NA,2,NA,NA,1,NA,NA,NA
Mycobacterium phage Euphoria,5,5,14,13,NA,1,1,3
Mycobacterium phage fionn,NA,NA,NA,NA,1,1,1,NA
Mycobacterium phage Firecracker,NA,NA,NA,NA,NA,2,1,NA
Mycobacterium phage First,28,40,60,19,14,14,5,20
Mycobacterium phage FlagStaff,1,NA,1,1,NA,1,NA,NA
Mycobacterium phage Florinda,NA,NA,NA,1,NA,NA,1,1
Mycobacterium phage Fredward,NA,1,NA,NA,1,2,5,NA
Mycobacterium phage Fruitloop,NA,1,NA,NA,NA,NA,NA,NA
Mycobacterium phage Gizmo,NA,1,NA,NA,1,NA,NA,NA
Mycobacterium phage Goku,7,8,2,10,4,NA,6,8
Mycobacterium phage Gumball,NA,1,1,NA,NA,NA,NA,2
Mycobacterium phage GUmbie,NA,1,1,NA,NA,NA,NA,NA
Mycobacterium phage Hades,NA,1,NA,NA,NA,NA,1,1
Mycobacterium phage Hamulus,1,3,3,NA,NA,1,NA,NA
Mycobacterium phage Hosp,NA,NA,NA,1,NA,NA,1,NA
Mycobacterium phage HufflyPuff,7,8,2,10,4,NA,6,8
Mycobacterium phage HyRo,NA,1,1,NA,1,1,2,1
Mycobacterium phage Iracema64,26,9,3,18,29,12,1,6
Mycobacterium phage Jabbawokkie,NA,NA,NA,NA,NA,NA,1,1
Mycobacterium phage JacAttac,NA,NA,NA,1,NA,NA,1,1
Mycobacterium phage JAMaL,NA,NA,NA,NA,NA,1,1,NA
Mycobacterium phage Job42,1,2,2,NA,NA,1,NA,NA
Mycobacterium phage Jolie1,1,2,1,2,NA,NA,3,NA
Mycobacterium phage Jolie2,NA,NA,NA,NA,NA,NA,1,NA
Mycobacterium phage Kampy,23,7,3,16,27,5,1,1
Mycobacterium phage KayaCho,NA,NA,NA,NA,NA,NA,1,NA
Mycobacterium phage Kikipoo,NA,NA,NA,NA,NA,NA,1,2
Mycobacterium phage Kimberlium,1,2,2,NA,NA,1,NA,NA
Mycobacterium phage Kugel,1,NA,NA,NA,NA,NA,NA,NA
Mycobacterium phage L5,NA,1,1,1,NA,NA,NA,NA
Mycobacterium phage Larenn,1,1,NA,NA,NA,1,1,2
Mycobacterium phage Liefie,NA,1,1,NA,NA,NA,NA,NA
Mycobacterium phage Lilac,7,8,2,10,4,NA,6,8
Mycobacterium phage LinStu,1,1,NA,NA,1,NA,NA,NA
Mycobacterium phage LittleCherry,1,NA,NA,NA,NA,NA,NA,NA
Mycobacterium phage Lockley,5,5,14,13,NA,1,1,3
Mycobacterium phage Lolly9,NA,NA,NA,1,NA,NA,NA,NA
Mycobacterium phage Loser,11,3,17,4,3,4,2,6
Mycobacterium phage Manad,2,NA,2,1,NA,NA,NA,1
Mycobacterium phage MarQuardt,NA,NA,NA,NA,NA,1,1,2
Mycobacterium phage MiaZeal,4,5,5,1,1,NA,1,5
Mycobacterium phage MichelleMyBell,NA,NA,NA,1,NA,NA,NA,NA
Mycobacterium phage Mindy,7,8,2,10,4,NA,6,8
Mycobacterium phage MoMoMixon,NA,1,NA,NA,1,NA,NA,NA
Mycobacterium phage MOOREtheMARYer,NA,NA,1,NA,NA,1,2,1
Mycobacterium phage MosMoris,NA,NA,NA,NA,NA,1,3,6
Mycobacterium phage Mulciber,2,NA,1,NA,NA,NA,NA,1
Mycobacterium phage Murphy,7,8,2,10,4,NA,6,8
Mycobacterium phage Myrna,1,NA,5,NA,4,3,2,2
Mycobacterium phage Nala,7,8,2,10,4,NA,6,8
Mycobacterium phage Nappy,NA,1,NA,NA,1,NA,NA,NA
Mycobacterium phage NelitzaMV,6,8,2,10,4,NA,6,8
Mycobacterium phage Newman,NA,NA,NA,1,NA,NA,1,2
Mycobacterium phage Nigel,6,2,4,7,1,1,2,2
Mycobacterium phage Nyxis,23,7,3,16,27,5,1,1
Mycobacterium phage Obama12,NA,NA,NA,NA,2,7,NA,4
Mycobacterium phage Oline,2,NA,2,1,NA,NA,NA,1
Mycobacterium phage Omega,1,4,4,NA,NA,1,NA,NA
Mycobacterium phage Omnicron,NA,NA,NA,1,NA,NA,NA,NA
Mycobacterium phage Orion,NA,NA,NA,1,NA,NA,1,2
Mycobacterium phage OSmaximus,NA,NA,NA,1,NA,NA,3,2
Mycobacterium phage Ovechkin,1,2,2,NA,NA,1,1,1
Mycobacterium phage Panchino,1,1,2,NA,NA,1,1,1
Mycobacterium phage Papyrus,3,4,1,1,2,1,1,NA
Mycobacterium phage Patience,NA,NA,1,NA,NA,1,NA,NA
Mycobacterium phage PBI1,NA,1,1,NA,NA,NA,NA,2
Mycobacterium phage Peaches,23,7,3,16,27,5,1,1
Mycobacterium phage Phaedrus,NA,NA,NA,1,NA,1,NA,NA
Mycobacterium phage PhatBacter,7,8,2,10,4,NA,6,8
Mycobacterium phage Phaux,7,8,2,10,4,NA,6,8
Mycobacterium phage Phayonce,NA,NA,1,NA,1,NA,1,NA
Mycobacterium phage Phelemich,NA,NA,NA,NA,NA,NA,1,NA
Mycobacterium phage Phipps,2,NA,2,1,NA,NA,1,2
Mycobacterium phage Phlei,6,9,6,4,3,3,NA,2
Mycobacterium phage Phlyer,NA,NA,1,NA,NA,1,NA,NA
Mycobacterium phage Phrux,7,8,2,10,4,NA,6,8
Mycobacterium phage Piro94,NA,NA,NA,NA,NA,NA,NA,1
Mycobacterium phage Pleione,NA,2,NA,NA,1,NA,NA,NA
Mycobacterium phage PLot,NA,1,1,NA,NA,NA,1,2
Mycobacterium phage Pops,NA,NA,NA,NA,NA,NA,1,2
Mycobacterium phage PopTart,3,6,6,2,NA,2,1,NA
Mycobacterium phage Quico,NA,NA,NA,1,NA,NA,1,1
Mycobacterium phage Quink,7,8,2,10,4,NA,6,8
Mycobacterium phage Qyrzula,NA,NA,NA,NA,1,NA,NA,NA
Mycobacterium phage Ramsey,NA,1,NA,NA,NA,NA,NA,NA
Mycobacterium phage Redi,NA,1,NA,NA,1,NA,NA,NA
Mycobacterium phage Redno2,4,5,5,1,1,NA,4,6
Mycobacterium phage RhynO,NA,NA,NA,1,NA,NA,NA,NA
Mycobacterium phage Rizal,1,1,NA,NA,1,1,1,NA
Mycobacterium phage Rosebush,2,NA,2,NA,1,NA,NA,NA
Mycobacterium phage Saal,NA,NA,NA,1,NA,1,NA,NA
Mycobacterium phage ScottMcG,NA,1,1,NA,1,1,1,NA
Mycobacterium phage Seagreen,1,2,2,NA,NA,1,1,1
Mycobacterium phage Severus,NA,NA,NA,1,NA,NA,NA,NA
Mycobacterium phage SG4,NA,1,1,NA,NA,1,2,1
Mycobacterium phage ShedlockHolmes,2,8,9,7,3,1,1,2
Mycobacterium phage ShiVal,2,NA,2,1,NA,NA,NA,1
Mycobacterium phage SiSi,NA,NA,NA,NA,NA,NA,1,1
Mycobacterium phage Smeadley,NA,NA,NA,NA,NA,1,5,NA
Mycobacterium phage Sneeze,NA,1,1,NA,NA,NA,NA,NA
Mycobacterium phage Snenia,NA,NA,NA,1,NA,NA,NA,NA
Mycobacterium phage Soto,NA,NA,NA,1,NA,NA,2,1
Mycobacterium phage Sparkdehlily,NA,NA,NA,1,NA,1,1,1
Mycobacterium phage Sparky,NA,NA,NA,NA,NA,1,2,1
Mycobacterium phage Spud,NA,2,1,NA,1,1,1,NA
Mycobacterium phage Squirty,3,5,6,2,NA,2,2,1
Mycobacterium phage Stinger,NA,NA,NA,NA,NA,1,1,1
Mycobacterium phage Suffolk,2,NA,2,1,NA,NA,2,1
Mycobacterium phage SweetiePie,NA,NA,NA,2,1,1,NA,NA
Mycobacterium phage Swish,NA,NA,NA,1,NA,NA,1,1
Mycobacterium phage SWU1,NA,1,1,1,NA,NA,NA,NA
Mycobacterium phage Taj,3,7,7,2,NA,2,1,NA
Mycobacterium phage TheloniousMonk,NA,2,NA,3,NA,1,NA,1
Mycobacterium phage Thibault,19,10,2,16,23,1,2,NA
Mycobacterium phage TM4,NA,1,8,NA,NA,2,3,1
Mycobacterium phage Tonenili,6,4,2,1,NA,2,2,3
Mycobacterium phage Trike,NA,NA,NA,1,NA,NA,NA,NA
Mycobacterium phage Troll4,NA,1,1,NA,NA,NA,NA,2
Mycobacterium phage Tweety,NA,1,NA,NA,NA,NA,NA,NA
Mycobacterium phage UncleHowie,NA,NA,NA,1,NA,NA,1,2
Mycobacterium phage UnionJack,NA,NA,NA,NA,1,NA,NA,NA
Mycobacterium phage Validus,NA,NA,1,NA,NA,2,NA,1
Mycobacterium phage Velveteen,NA,1,NA,NA,NA,NA,NA,NA
Mycobacterium phage Vincenzo,NA,1,NA,NA,NA,NA,1,NA
Mycobacterium phage Vista,NA,NA,NA,1,NA,NA,1,2
Mycobacterium phage VohminGhazi,NA,1,NA,NA,NA,NA,NA,NA
Mycobacterium phage Vortex,2,NA,2,1,NA,NA,1,2
Mycobacterium phage Wanda,1,3,3,NA,NA,1,NA,NA
Mycobacterium phage Wee,3,7,7,2,NA,2,1,NA
Mycobacterium phage Whirlwind,NA,NA,NA,NA,NA,1,NA,NA
Mycobacterium phage Wile,3,12,7,14,1,5,NA,6
Mycobacterium phage WIVsmall,NA,NA,NA,NA,NA,1,NA,1
Mycobacterium phage Xeno,4,6,8,5,NA,2,1,1
Mycobacterium phage XFactor,1,2,2,NA,NA,1,1,1
Mycobacterium phage Zaka,NA,1,NA,NA,NA,NA,NA,NA
Mycobacterium phage ZoeJ,1,NA,2,NA,NA,1,NA,NA
Mycolicibacterium phlei,444,660,590,723,276,256,227,424
Mycolicibacterium rhodesiae,330,351,362,324,250,208,284,300
Mycobacterium sinense,157,291,294,248,111,138,199,198
Mycolicibacterium smegmatis,373,522,499,506,241,211,232,316
Mycobacterium sp. djl-10,461,578,490,510,312,221,303,378
Mycobacterium sp. EPa45,228,317,378,277,131,166,184,183
Mycobacterium sp. JLS,198,293,376,280,106,134,174,220
Mycobacterium sp. JS623,363,453,460,520,194,233,225,263
Mycobacterium sp. KMS,200,318,381,305,106,141,162,220
Mycobacterium sp. MCS,199,312,377,299,106,139,161,213
Mycobacterium sp. MOTT36Y,240,352,374,390,118,169,185,199
Mycolicibacterium neoaurum,308,519,492,485,185,203,199,294
Mycobacterium sp. QIA-37,231,285,349,369,118,152,138,190
Mycobacterium sp. VKM Ac-1817D,228,352,361,359,180,207,203,252
Mycobacterium sp. YC-RL4,206,322,381,336,128,180,197,249
Mycobacterium tuberculosis,94,119,135,118,56,77,115,86
Mycolicibacterium vaccae,819,828,715,820,660,298,249,446
Mycolicibacterium vanbaalenii,341,454,441,556,200,192,190,274
Mycobacterium intracellulare subsp. yongonense,160,270,292,299,98,146,171,178
Mycoplasma,2,3,4,7,1,NA,1,2
Mycoplasmopsis agalactiae,186,97,69,99,222,108,114,102
Mycoplasmopsis arginini,11,11,6,9,31,43,74,40
Metamycoplasma arthritidis,27,18,13,18,29,35,59,48
Mycoplasmopsis bovis,37,36,38,47,70,62,90,47
Mesomycoplasma bovoculi,6,28,37,14,19,33,36,44
Mycoplasmopsis californica,2,2,4,12,31,77,95,53
Mycoplasma canadense,1,NA,2,NA,9,54,57,34
Mycoplasmopsis canis,41,34,54,65,59,115,100,72
Mycoplasma capricolum,27,44,34,46,32,82,124,76
Mycoplasma crocodyli,34,48,48,65,40,84,66,71
Mycoplasmopsis cynos,46,52,40,76,66,93,90,81
Mycoplasma dispar,41,51,31,58,50,39,44,52
Mycoplasmopsis fermentans,2,NA,NA,3,41,95,110,74
Mesomycoplasma flocculare,NA,1,NA,2,18,24,37,30
Mycoplasmoides gallisepticum,159,110,76,112,164,114,106,104
Mycoplasmoides genitalium,22,24,15,41,33,38,59,36
Mycoplasma haemocanis,2,2,3,2,19,52,68,43
Mycoplasma haemofelis,161,122,72,106,146,28,22,49
Metamycoplasma hominis,52,45,67,68,75,147,167,111
Mesomycoplasma hyopneumoniae,133,90,27,107,164,93,56,64
Mesomycoplasma hyorhinis,19,14,11,13,37,49,62,46
Mycoplasma leachii,35,58,53,57,26,69,94,69
[Mycoplasma] mobile,68,86,38,91,86,103,102,85
Mycoplasma mycoides,67,83,95,101,76,104,164,128
Mycoplasma ovis,1,NA,1,2,8,17,29,11
Mycoplasma parvum,9,6,13,17,23,27,22,17
Malacoplasma penetrans,6,9,11,13,40,77,104,76
Mycoplasmoides pneumoniae,2,1,1,4,8,11,22,14
Mycoplasmopsis pulmonis,127,91,28,65,184,58,62,65
Mycoplasma putrefaciens,10,15,18,12,21,50,68,45
Mycoplasma suis,6,13,11,14,23,36,39,32
Mycoplasmopsis synoviae,104,50,25,69,142,67,60,55
Delislevirus P1,NA,NA,NA,NA,NA,1,NA,NA
Mycoplasma wenyonii,124,58,28,61,129,27,17,25
Mycoplasma yeatsii,66,44,23,44,85,91,91,78
Mycoreovirus 1,1,NA,NA,NA,NA,1,NA,1
Myotis gammaherpesvirus 8,NA,1,NA,NA,NA,NA,1,NA
Myroides,NA,NA,1,NA,1,4,6,2
Myroides odoratimimus,635,382,283,346,824,733,990,679
Myroides profundi,710,397,239,366,733,345,370,369
Myroides sp. A21,674,393,263,337,715,337,359,345
Myroides sp. ZB35,616,344,223,336,655,365,382,382
Mythimna separata entomopoxvirus 'L',NA,1,NA,NA,NA,1,3,2
Myxococcaceae,1,2,1,3,3,3,8,3
Myxococcales,10,14,9,6,NA,5,7,12
Myxococcus,12,20,13,25,4,4,3,4
Myxococcus fulvus,1880,1830,1805,1913,1367,762,914,1183
Myxococcus hansupus,537,681,822,795,384,391,543,549
Myxococcus phage Mx8,NA,NA,NA,NA,NA,NA,1,NA
Myxococcus stipitatus,585,615,644,577,445,270,475,417
Myxococcus xanthus,696,761,724,815,525,330,441,545
Myxoma virus,NA,NA,NA,NA,NA,2,NA,1
Nakamurella,NA,2,NA,1,1,2,3,NA
Nakamurella multipartita,426,550,527,615,268,242,251,345
Nakamurellaceae,9,10,7,6,1,3,1,3
Nakamurellales,NA,NA,NA,NA,NA,NA,NA,1
Natranaerobius,NA,NA,NA,NA,NA,NA,NA,1
Natranaerobius thermophilus,68,76,73,79,153,291,252,218
Natrialba magadii,193,153,134,129,144,55,55,93
Natrialbaceae,NA,NA,NA,1,NA,1,NA,NA
Natrinema,NA,3,1,5,NA,1,NA,1
Natrinema pellirubrum,72,107,141,77,38,55,73,82
Natrinema sp. J7-2,93,105,126,84,43,62,57,75
Natronobacterium gregoryi,70,79,119,76,50,30,26,44
Natronococcus occultus,122,87,115,73,93,77,74,90
Natronomonas,NA,NA,NA,1,NA,NA,NA,NA
Natronomonas moolapensis,31,57,56,41,22,35,42,37
Natronomonas pharaonis,39,65,80,57,34,37,51,76
Nautilia,1,NA,NA,NA,NA,NA,NA,NA
Nautilia profundicola,209,199,228,240,240,209,205,222
Neisseria,7,8,7,11,2,3,4,6
Neisseria elongata,112,151,165,158,91,162,231,167
Neisseria gonorrhoeae,202,239,250,312,116,198,226,210
Neisseria lactamica,114,165,164,183,98,189,201,178
Neisseria meningitidis,872,946,938,1157,717,615,579,693
Neisseria weaveri,385,376,274,444,361,229,225,263
Neisseriaceae,NA,NA,NA,NA,NA,NA,1,2
Neisseriales,1,NA,NA,1,NA,NA,NA,2
Neodiprion lecontei nucleopolyhedrovirus,1,NA,3,NA,1,NA,1,1
Neorhizobium,1,NA,1,NA,NA,NA,NA,3
Neorhizobium galegae,513,785,753,782,341,413,447,548
Neorickettsia helminthoeca,NA,2,4,2,19,31,32,26
Neorickettsia risticii,68,39,31,41,85,60,27,52
Ehrlichia sennetsu,78,33,24,36,82,33,26,37
Niabella ginsenosidivorans,980,662,560,692,943,539,443,522
Niabella soli,559,476,350,469,633,491,507,473
Niastella koreensis,1308,876,657,958,1319,688,628,694
Nilaparvata lugens reovirus,NA,NA,NA,NA,1,NA,NA,NA
Nile crocodilepox virus,NA,NA,NA,NA,1,3,1,3
Nipah virus,NA,NA,NA,NA,2,7,4,3
Nitratifractor,1,2,1,2,NA,1,NA,1
Nitratifractor salsuginis,238,295,301,292,202,212,234,287
Nitratiruptor sp. SB155-2,231,229,198,195,202,149,137,176
Nitrobacter,9,7,7,7,12,6,3,9
Nitrobacter hamburgensis,168,219,199,250,113,113,174,162
Nitrobacter winogradskyi,194,246,231,250,125,114,131,173
Nitrosococcus halophilus,152,132,121,154,150,85,92,105
Nitrosococcus oceani,92,82,90,68,86,84,79,80
Nitrosococcus watsonii,63,84,104,93,88,83,62,69
Nitrosomonadaceae,NA,NA,NA,NA,NA,1,1,NA
Nitrosomonas,NA,NA,NA,NA,NA,2,NA,NA
Nitrosomonas communis,188,139,91,119,198,128,125,150
Nitrosomonas europaea,104,107,122,113,90,147,126,149
Nitrosomonas eutropha,121,91,74,89,150,110,115,118
Nitrosomonas sp. AL212,70,72,49,70,92,119,121,121
Nitrosomonas sp. Is79A3,55,75,76,83,64,85,111,100
Nitrosomonas ureae,164,134,65,127,182,130,122,145
Nitrosospira,5,4,6,4,1,2,NA,2
Nitrosospira briensis,236,230,166,233,215,131,143,145
Nitrosospira multiformis,90,108,123,110,89,106,141,115
Nitrospira <Nitrospira>,NA,1,NA,NA,3,11,2,7
Nitrospira defluvii,204,234,204,249,229,166,111,175
Nitrospira moscoviensis,687,556,424,626,590,227,212,333
Nitrospiraceae,NA,NA,1,NA,NA,NA,NA,2
Nitrospirales,1,1,NA,NA,NA,NA,NA,NA
Nocardia,19,23,22,19,15,7,17,11
Nocardia brasiliensis,417,548,508,617,260,265,294,369
Nocardia cyriacigeorgica,529,641,596,611,307,213,247,386
Nocardia farcinica,429,543,608,535,208,263,311,380
Nocardia nova,302,433,415,452,192,233,265,354
Nocardia seriolae,482,663,619,630,337,310,333,397
Nocardiaceae,15,14,17,17,3,7,6,9
Nocardioidaceae,22,19,23,22,2,9,7,14
Nocardioides,93,62,16,36,76,8,3,12
Nocardioides dokdonensis,287,432,551,398,150,193,238,294
Nocardioides sp. JS614,267,443,407,412,186,193,238,281
Nocardiopsidaceae,2,2,1,4,1,1,3,2
Nocardiopsis,9,17,21,16,9,5,2,8
Nocardiopsis alba,415,524,566,508,272,238,243,339
Nocardiopsis dassonvillei,410,641,649,657,230,294,391,432
Nonlabens,NA,NA,2,NA,NA,1,NA,NA
Nonlabens dokdonensis,459,339,215,371,519,272,273,293
Nonlabens sp. MIC269,492,286,158,285,551,229,258,264
Nora virus,NA,NA,NA,NA,NA,NA,1,NA
Northern cereal mosaic virus,NA,NA,1,NA,NA,NA,NA,NA
Norway rat hepacivirus 1,NA,NA,1,NA,NA,NA,NA,NA
Nostoc,NA,NA,NA,1,NA,1,1,1
Nostoc punctiforme,266,214,152,264,271,160,161,179
Nostoc sp. NIES-3756,142,153,105,165,129,141,154,150
Nostoc sp. PCC 7107,47,32,38,47,87,131,145,116
Nostoc sp. PCC 7120,306,202,160,190,337,183,152,183
Nostoc sp. PCC 7524,95,74,75,72,108,147,135,105
Nostocaceae,NA,NA,NA,NA,NA,NA,1,NA
Nostocales,NA,NA,NA,NA,NA,NA,NA,1
Novosphingobium,3,7,6,5,1,5,6,3
Novosphingobium aromaticivorans,268,384,426,313,186,188,232,274
Novosphingobium pentaromativorans,287,455,499,426,165,179,252,303
Novosphingobium resinovorum,360,435,407,364,258,230,310,279
Novosphingobium sp. PP1Y,271,408,487,364,184,180,198,242
Obesumbacterium,1,1,NA,3,3,1,2,3
Obesumbacterium proteus,288,239,142,221,278,184,193,226
Oblitimonas alkaliphila,239,177,127,178,280,165,148,199
Oceanimonas,3,1,3,6,3,12,2,9
Oceanimonas sp. GK1,422,608,468,724,259,277,308,434
Oceanithermus,1,1,NA,NA,NA,2,NA,NA
Oceanithermus profundus,479,663,709,693,284,331,310,445
Oceanobacillus,NA,2,2,NA,NA,NA,NA,NA
Oceanobacillus iheyensis,59,72,88,84,134,262,273,216
Oceanospirillaceae,NA,1,NA,2,NA,NA,2,3
Oceanospirillales,2,1,NA,1,NA,1,4,2
Ochrobactrum,1,4,3,3,4,1,3,2
Brucella anthropi,398,413,394,359,358,316,283,345
Ochrobactrum pseudogrignonense,643,511,377,508,616,277,224,316
Octadecabacter,21,34,9,40,14,15,3,16
Octadecabacter antarcticus,213,174,166,193,158,141,131,133
Octadecabacter arcticus,215,236,130,222,185,116,92,136
Octadecabacter temperatus,71,105,103,109,82,107,112,100
Odoribacter,NA,NA,NA,NA,1,2,NA,1
Odoribacter splanchnicus,11791,14672,18774,13232,43186,98834,140998,67031
Oenococcus,1,2,NA,1,NA,NA,NA,NA
Oenococcus oeni,345,359,252,447,292,243,133,247
Oenococcus phage phi9805,NA,NA,NA,NA,NA,NA,3,1
Oenococcus phage phiS11,NA,NA,NA,NA,1,2,1,3
Oenococcus phage phiS13,NA,NA,NA,NA,NA,NA,3,1
Okra mottle virus,20,11,9,16,25,4,1,11
Oleispira antarctica,364,245,155,209,415,187,182,177
Afipia,NA,NA,NA,1,NA,NA,NA,NA
Afipia carboxidovorans,180,244,254,265,150,219,198,232
Olsenella,NA,8,1,2,1,2,1,4
Olsenella sp. oral taxon 807,2635,3490,4627,2748,1414,1163,951,1808
Olsenella uli,4778,6790,9596,4986,2299,2126,1670,3513
Onion yellows phytoplasma,13,25,27,10,35,86,79,72
Opitutaceae,2,NA,1,NA,NA,1,3,1
Opitutaceae bacterium IG16b,744,685,530,677,651,280,314,426
Opitutaceae bacterium TAV5,840,815,759,780,765,414,387,511
Opitutales,NA,1,NA,NA,NA,NA,1,1
Opitutus,1,NA,NA,NA,NA,NA,2,1
Opitutus terrae,339,450,517,538,181,283,296,363
Orbaceae,1,NA,NA,NA,NA,NA,NA,1
Orf virus,NA,NA,NA,NA,NA,1,10,2
Orientia tsutsugamushi,35,46,30,52,46,77,85,62
Ornithobacterium rhinotracheale,2183,2243,2821,2107,4180,7537,10197,6402
Oryctes rhinoceros nudivirus,NA,NA,1,NA,NA,NA,NA,NA
Oscillatoria,NA,NA,1,NA,NA,NA,NA,NA
Oscillatoria acuminata,108,145,127,187,97,171,174,150
Phormidium nigroviride,68,120,115,145,79,162,192,137
Oscillatoriaceae,NA,NA,NA,NA,NA,NA,1,1
Oscillatoriales,NA,NA,NA,NA,1,NA,1,1
Oscillibacter,43,21,5,18,33,3,2,4
Oscillibacter valericigenes,4426,6167,5040,7897,2811,2685,2008,3879
Oscillospiraceae,NA,NA,1,NA,NA,1,NA,NA
Oscivirus A1,NA,NA,NA,NA,NA,1,NA,NA
Ostreid herpesvirus 1,1,NA,NA,1,2,NA,2,2
Ostreococcus lucimarinus virus 1,NA,1,NA,1,NA,NA,4,NA
Ostreococcus lucimarinus virus 2,NA,NA,NA,NA,4,1,9,2
Ostreococcus lucimarinus virus 7,NA,NA,1,NA,5,5,1,2
Ostreococcus lucimarinus virus OlV5,NA,NA,NA,NA,3,NA,2,NA
Ostreococcus mediterraneus virus 1,NA,NA,NA,NA,1,NA,4,1
Ostreococcus tauri virus 1,NA,NA,NA,NA,2,1,4,NA
Ostreococcus tauri virus 2,NA,NA,NA,NA,5,2,7,1
Ostreococcus tauri virus OtV5,NA,NA,NA,NA,1,NA,4,1
Ottowia,NA,NA,NA,1,NA,NA,1,NA
Ottowia sp. oral taxon 894,239,414,445,367,166,216,255,303
Ovine atadenovirus D,NA,NA,NA,NA,NA,1,1,1
Ovine herpesvirus 2,NA,NA,1,NA,NA,NA,NA,NA
Owenweeksia,NA,NA,NA,NA,NA,2,1,2
Owenweeksia hongkongensis,647,497,398,530,648,397,390,411
Oxalobacteraceae,13,10,9,8,4,11,7,8
Paenarthrobacter,NA,NA,NA,1,NA,1,1,NA
Paenarthrobacter aurescens,371,382,404,439,235,168,188,289
Paenibacillaceae,5,7,3,9,NA,1,1,3
Paenibacillus,64,47,26,51,52,25,21,25
Paenibacillus beijingensis,420,663,693,667,387,621,496,587
Paenibacillus borealis,882,752,639,835,1006,1020,732,914
Paenibacillus bovis,422,538,437,579,534,873,667,711
Paenibacillus durus,679,864,866,911,714,945,774,841
Paenibacillus graminis,1187,871,579,846,1222,740,581,709
Paenibacillus larvae,140,120,139,160,240,456,364,328
Paenibacillus mucilaginosus,680,686,619,751,678,745,680,774
Paenibacillus naphthalenovorans,509,500,516,614,427,394,339,446
Paenibacillus odorifer,263,267,255,262,447,615,493,422
Paenibacillus peoriae,531,520,380,600,623,524,440,507
Paenibacillus phage Fern,NA,NA,NA,NA,NA,NA,4,5
Paenibacillus phage Harrison,NA,NA,NA,NA,NA,1,4,4
Paenibacillus phage phiIBB_Pl23,NA,NA,NA,NA,NA,NA,4,4
Paenibacillus phage Tripp,11,17,30,11,5,6,5,15
Paenibacillus phage Vegas,NA,NA,NA,NA,NA,1,1,NA
Paenibacillus phage Xenia,NA,NA,NA,NA,NA,4,NA,4
Paenibacillus polymyxa,1435,1287,949,1348,1725,1532,1190,1365
Paenibacillus riograndensis,1735,1279,836,1241,1729,959,687,956
Paenibacillus sabinae,671,797,651,807,628,622,408,636
Paenibacillus sp. 32O-W,265,299,296,338,256,357,418,422
Paenibacillus sp. FSL H7-0357,435,568,572,611,492,770,641,699
Paenibacillus sp. FSL H7-0737,102,85,73,84,290,513,440,393
Paenibacillus sp. FSL P4-0081,670,694,603,844,806,987,713,912
Paenibacillus sp. FSL R5-0345,322,258,240,268,479,516,435,403
Paenibacillus sp. FSL R5-0912,1140,881,719,958,1250,960,676,916
Paenibacillus sp. FSL R7-0273,599,655,561,740,607,909,703,773
Paenibacillus sp. FSL R7-0331,609,599,511,718,623,960,689,808
Paenibacillus sp. IHBB 10380,53,45,56,49,157,327,282,279
Paenibacillus sp. JDR-2,525,457,469,512,502,640,512,537
Paenibacillus sp. LPB0068,102,130,133,140,179,430,398,318
Paenibacillus sp. Y412MC10,322,352,335,375,413,630,465,554
Paenibacillus stellifer,703,759,667,844,673,786,579,696
Paenibacillus swuensis,162,136,118,161,268,392,333,291
Paenibacillus terrae,435,472,331,539,491,523,451,502
Paenibacillus yonginensis,681,547,463,574,726,724,605,675
Palaeococcus pacificus,9,22,19,22,18,39,42,37
Paludibacter,NA,NA,NA,NA,1,2,NA,1
Paludibacter propionicigenes,3504,2199,1330,2181,3921,1726,1704,1848
Pandoraea,27,32,23,40,12,27,25,33
Pandoraea apista,333,324,357,336,286,220,294,292
Pandoraea faecigallinarum,392,377,412,367,327,256,273,298
Pandoraea norimbergensis,289,451,468,425,183,270,264,325
Pandoraea oxalativorans,511,525,457,536,450,291,322,381
Pandoraea pnomenusa,345,488,540,506,305,263,489,379
Pandoraea pulmonicola,534,653,627,619,384,305,321,383
Pandoraea sputorum,376,426,409,429,262,241,292,332
Pandoraea thiooxydans,297,372,431,365,168,201,221,268
Pandoraea vervacti,296,309,318,383,215,217,272,311
Pandoravirus dulcis,39,62,62,63,35,39,35,58
Pandoravirus salinus,41,45,47,31,28,25,17,33
Panine herpesvirus 2,1,5,2,4,3,1,NA,4
Pannonibacter,3,9,9,11,4,3,1,6
Pannonibacter phragmitetus,461,619,555,704,342,325,345,430
Pantoea,27,37,17,37,34,23,22,20
Pantoea agglomerans,881,733,623,793,813,527,425,522
Pantoea ananatis,261,298,263,353,287,271,246,248
Pantoea phage LIMElight,NA,NA,NA,NA,NA,1,NA,NA
Pantoea rwandensis,291,325,242,351,277,231,215,247
Pantoea sp. At-9b,407,386,364,448,429,340,288,351
Pantoea sp. PSNIH1,686,578,411,599,564,336,264,400
Pantoea sp. PSNIH2,536,494,409,555,676,870,1594,1164
Pantoea vagans,700,568,472,594,662,333,259,351
Papiine herpesvirus 2,NA,NA,NA,NA,1,NA,3,2
Parabacteroides,1,2,NA,NA,1,3,NA,1
Parabacteroides distasonis,12554,11695,11669,12112,103978,250262,149337,157986
Parabacteroides phage YZ-2015b,NA,NA,NA,NA,17,37,30,33
Parabacteroides sp. YL27,5746,4597,4242,4526,5316,3222,3342,3531
Paraburkholderia,79,44,47,61,64,23,21,34
Paraburkholderia caribensis,488,689,682,597,403,391,491,495
Paraburkholderia fungorum,314,449,551,371,249,255,337,350
Paraburkholderia phenoliruptrix,458,501,541,479,367,254,309,368
Paraburkholderia phymatum,342,485,477,427,307,299,338,336
Paraburkholderia phytofirmans,229,320,329,294,160,279,333,281
Mycetohabitans rhizoxinica,363,222,226,243,355,122,124,166
Paraburkholderia sprentiae,340,380,464,349,258,239,335,290
Paraburkholderia xenovorans,271,440,473,413,214,289,375,347
Parachlamydia acanthamoebae,32,38,43,34,64,96,86,91
Paracoccus <a-proteobacteria>,5,8,7,8,5,5,3,4
Paracoccus aminophilus,228,278,356,345,174,246,185,263
Paracoccus denitrificans,559,775,665,838,348,369,340,495
Paracoccus phage vB_PmaS_IMEP1,NA,NA,NA,NA,1,1,1,5
Parageobacillus,NA,NA,NA,NA,NA,NA,NA,1
Parageobacillus thermoglucosidans,151,134,130,144,242,358,350,274
Paraglaciecola psychrophila,151,108,79,109,137,134,160,119
Parainfluenza virus 5,NA,NA,NA,NA,1,NA,NA,NA
Paramecium bursaria Chlorella virus 1,1,NA,NA,NA,1,1,4,NA
Paramecium bursaria Chlorella virus AR158,NA,NA,NA,NA,2,10,6,4
Paramecium bursaria Chlorella virus FR483,NA,NA,1,NA,2,1,2,2
Paramecium bursaria Chlorella virus NY2A,NA,NA,NA,NA,1,7,4,2
Parapoxvirus red deer/HL953,NA,NA,NA,NA,NA,1,5,3
Pararhodospirillum,NA,NA,2,2,NA,2,1,3
Pararhodospirillum photometricum,535,449,404,509,456,150,183,254
Parascardovia,NA,NA,NA,NA,NA,NA,1,NA
Parascardovia denticolens,314,338,336,386,267,186,144,235
Parramatta River virus,NA,2,1,2,NA,NA,NA,NA
Parsnip yellow fleck virus,NA,NA,NA,NA,1,2,1,2
Parvibaculum,NA,NA,2,NA,NA,NA,NA,NA
Parvibaculum lavamentivorans,121,202,216,243,104,168,162,180
Parvimonas micra,35,40,89,88,224,544,582,397
Parvularcula,NA,NA,1,NA,NA,NA,NA,NA
Parvularcula bermudensis,403,238,176,211,379,75,47,124
Parvularculaceae,NA,1,NA,1,NA,NA,NA,3
Paspalum dilatatum striate mosaic virus,NA,NA,NA,NA,2,2,1,2
Pasteurella,NA,NA,NA,NA,NA,3,4,NA
Pasteurella multocida,201,141,83,147,254,316,353,273
Pasteurellaceae,2,NA,NA,NA,NA,NA,4,1
Roseateles,NA,3,2,4,3,2,5,1
Paucibacter sp. KCTC 42545,439,542,501,604,325,243,283,373
Pea early-browning virus,NA,NA,NA,NA,NA,1,1,1
Pectobacteriaceae,4,10,6,11,5,2,NA,2
Pectobacterium,10,13,13,22,4,11,2,3
Pectobacterium atrosepticum,282,320,263,353,252,232,221,280
Pectobacterium bacteriophage PM2,NA,NA,NA,NA,5,6,2,5
Pectobacterium carotovorum,563,579,499,689,530,513,456,545
Pectobacterium parmentieri,257,209,164,252,247,227,233,247
Pectobacterium phage phiTE,6,NA,2,3,4,1,NA,1
Pectobacterium parmentieri,245,192,132,226,244,202,191,222
Pectobacterium wasabiae,401,277,175,333,416,221,202,231
Pediococcus,NA,NA,NA,NA,NA,NA,1,NA
Pediococcus acidilactici,73,96,106,112,79,134,131,121
Pediococcus claussenii,204,114,75,159,294,186,157,210
Pediococcus damnosus,50,26,29,46,148,230,218,195
Pediococcus pentosaceus,223,131,69,132,340,280,303,244
Pedobacter,1,NA,NA,NA,NA,NA,1,1
Pedobacter cryoconitis,1423,980,639,877,1608,832,743,854
Pedobacter heparinus,1313,805,532,865,1378,597,547,686
Pedobacter sp. PACM 27299,1457,913,583,971,1503,601,620,707
Pedobacter steynii,1023,615,386,654,1077,640,576,633
Pelagibacter phage HTVC008M,1,NA,NA,NA,1,7,4,4
Pelagibacter phage HTVC011P,NA,NA,NA,NA,NA,1,NA,1
Pelagibacter phage HTVC019P,NA,NA,NA,NA,NA,3,NA,1
Pelagibacterium,1,4,8,1,2,NA,4,1
Pelagibacterium halotolerans,558,761,630,854,317,244,200,448
Pelobacter,NA,NA,NA,NA,1,NA,3,1
Syntrophotalea carbinolica,671,592,481,613,606,333,315,441
Pelobacter propionicus,625,709,669,734,451,442,440,525
Pelodictyon,2,1,NA,NA,1,NA,NA,2
Pelodictyon luteolum,781,596,588,656,693,323,283,447
Pelodictyon phaeoclathratiforme,860,525,340,537,810,298,219,335
Pelosinus fermentans,327,284,139,281,514,755,744,609
Pelosinus sp. UFO1,183,205,176,241,294,518,592,472
Pelotomaculum thermopropionicum,311,530,413,633,263,334,255,376
Penaeus monodon nudivirus,2,NA,NA,NA,2,5,4,6
Penguinpox virus,NA,NA,NA,1,3,4,8,4
Peptoclostridium acidaminophilum,532,491,407,539,707,752,728,631
Peptococcaceae,NA,NA,NA,NA,1,2,NA,1
Peptoniphilaceae,NA,NA,NA,NA,1,NA,NA,NA
Peptoniphilus sp. 1-1,223,189,138,152,348,468,467,361
Peridroma alphabaculovirus,1,NA,NA,NA,NA,NA,2,2
Perigonia lusca single nucleopolyhedrovirus,NA,NA,1,NA,NA,2,NA,1
Periplaneta fuliginosa densovirus,NA,NA,NA,NA,1,4,5,4
Persea americana endornavirus,NA,NA,NA,NA,NA,1,NA,NA
Persephonella marina,236,175,154,134,270,165,167,147
Persicivirga phage P12024L,NA,NA,NA,NA,1,4,2,2
Persicobacter,NA,NA,NA,NA,NA,NA,1,2
Persicobacter sp. JZB09,1246,899,600,858,1398,751,683,794
Peruvian horse sickness virus,NA,NA,NA,NA,1,4,3,3
Petrimonas,NA,2,2,NA,1,NA,NA,2
Petrimonas mucosa,4887,3580,2533,3642,4892,2095,2156,2562
Petrotoga mobilis,201,136,96,180,235,127,138,135
Phaeobacter,2,2,NA,1,NA,5,1,3
Phaeobacter gallaeciensis,474,600,558,651,386,424,314,461
Phaeobacter inhibens,201,293,256,391,187,281,227,284
Phaeocystis globosa virus,11,14,12,19,7,10,16,11
Phage vB_EcoP_SU10,NA,NA,NA,NA,1,NA,NA,NA
Phenylobacterium,59,22,21,33,51,9,NA,16
Phenylobacterium zucineum,503,651,624,683,255,256,314,399
Phifelvirus,NA,NA,NA,1,NA,NA,NA,NA
Phocine morbillivirus,NA,1,NA,4,NA,1,NA,2
Photobacterium,NA,NA,NA,NA,NA,3,1,NA
Photobacterium gaetbulicola,242,244,191,262,236,315,240,288
Photobacterium profundum,395,235,139,221,369,201,177,214
Photorhabdus,NA,NA,NA,NA,NA,1,2,1
Photorhabdus asymbiotica,560,404,269,367,558,179,193,234
Photorhabdus luminescens,364,289,258,314,321,235,244,250
Photorhabdus temperata,353,230,191,245,387,206,186,183
Phthorimaea operculella granulovirus,NA,1,2,NA,NA,NA,NA,NA
Phycisphaera,NA,NA,NA,1,NA,1,1,NA
Phycisphaera mikurensis,390,469,435,472,313,178,250,322
Phycisphaeraceae,NA,2,NA,NA,1,2,2,1
Phycisphaerales,NA,1,NA,NA,NA,NA,2,1
Phyllobacteriaceae,34,30,11,27,27,10,8,11
Picrophilus oshimae,3,6,12,10,23,36,43,41
Pieris rapae granulovirus,NA,NA,NA,NA,NA,2,1,1
Pigeon adenovirus 1,NA,1,NA,NA,NA,NA,NA,NA
Pigeonpox virus,NA,4,6,4,5,5,9,8
Pimelobacter,1,3,4,2,1,3,1,4
Pimelobacter simplex,348,462,660,435,188,228,293,338
Pirellula,NA,1,NA,2,3,NA,NA,NA
Pirellula staleyi,93,146,154,171,85,109,118,128
Piscirickettsia,NA,NA,NA,NA,NA,1,5,NA
Piscirickettsia salmonis,149,160,169,187,145,144,159,155
Pithovirus sibericum,1,6,8,4,5,10,5,4
Planctomyces,3,1,1,3,NA,1,1,NA
Planctomyces sp. SH-PL62,652,646,683,668,507,253,362,431
Planctomycetaceae,NA,1,NA,1,NA,NA,1,3
Planctomycetales,NA,NA,1,NA,NA,NA,NA,3
Planctopirus limnophila,206,207,177,274,163,148,162,186
Planktomarina temperata,258,191,98,189,231,132,91,136
Planococcus <firmicutes>,NA,1,NA,NA,NA,2,1,NA
Planococcus antarcticus,38,62,74,52,124,254,279,182
Planococcus halocryophilus,35,49,66,72,102,256,240,193
Planococcus kocurii,124,113,74,99,233,243,211,179
Planococcus maritimus,68,114,141,127,127,303,242,231
Planococcus plakortidis,61,101,100,99,128,305,265,263
Planococcus rifietoensis,105,129,134,185,163,333,284,285
Planococcus sp. PAMC 21323,52,106,91,118,91,236,210,175
Plautia stali symbiont,527,428,334,389,509,291,214,289
Plesiomonas,6,4,2,2,1,2,NA,2
Plesiomonas shigelloides,244,219,170,172,239,180,199,169
Pleurocapsa,NA,NA,NA,NA,NA,NA,1,1
Pleurocapsa minor,92,144,115,154,96,104,139,127
Pluralibacter,NA,NA,NA,NA,1,NA,NA,NA
Pluralibacter gergoviae,719,878,744,935,447,432,395,593
Plutella xylostella granulovirus,NA,NA,NA,NA,NA,1,NA,NA
Polaribacter,NA,NA,2,NA,NA,1,NA,NA
Polaribacter phage P12002L,NA,NA,NA,NA,1,3,NA,1
Polaribacter phage P12002S,NA,NA,NA,NA,1,3,NA,1
Polaribacter sp. MED152,406,274,198,254,387,240,284,230
Polaribacter vadi,446,277,212,324,488,357,390,347
Polaromonas,NA,NA,NA,NA,NA,NA,1,1
Polaromonas naphthalenivorans,549,675,674,810,312,315,369,481
Polaromonas sp. JS666,367,515,516,528,277,244,320,368
Polyangiaceae,1,1,NA,1,2,NA,2,4
Polymorphum,5,6,6,5,5,3,1,4
Polymorphum gilvum,167,293,324,254,124,193,248,241
Polynucleobacter asymbioticus,58,71,108,99,49,100,95,105
Polynucleobacter duraquae,223,123,75,121,238,99,114,95
Polynucleobacter necessarius,115,72,44,67,104,83,82,69
Pontibacter,NA,NA,NA,NA,NA,1,NA,NA
Pontibacter akesuensis,1728,1220,1016,1046,1638,693,644,850
Pontibacter korlensis,2261,1433,786,1382,2300,677,605,819
Porcine epidemic diarrhea virus,NA,NA,NA,NA,1,NA,2,NA
Porcine partetravirus,NA,NA,NA,NA,NA,1,2,1
Porphyrobacter,22,37,10,42,14,15,2,16
Porphyrobacter neustonensis,177,257,251,277,135,191,175,190
Porphyrobacter sp. LM 6,205,326,324,333,129,190,177,212
Porphyromonadaceae,4,NA,1,NA,2,NA,2,1
Porphyromonas,2,3,1,1,NA,3,1,1
Porphyromonas asaccharolytica,3312,2142,1323,1986,3619,1566,1973,1767
Porphyromonas gingivalis,3795,2930,2793,2953,3942,2744,3956,2960
Pragia,1,NA,NA,NA,NA,1,2,1
Pragia fontium,453,329,229,311,438,200,172,254
Prevotella,35,19,4,26,31,12,7,17
Prevotella dentalis,58269,33039,17227,32393,56057,10213,10114,15307
Prevotella denticola,60086,31561,14670,29993,60427,10686,14322,15762
Hoylesella enoeca,33778,18111,8172,16761,34546,7308,15411,10965
Prevotella fusca,94941,48944,20606,45988,94573,13923,16188,21682
Prevotella intermedia,39073,20269,9244,19232,39386,8137,17418,11841
Prevotella melaninogenica,106281,54329,22940,50942,107166,16691,20767,25367
Xylanibacter ruminicola,98765,50367,22094,48500,97885,12701,6572,19577
Prevotella sp. oral taxon 299,19003,10237,4527,9301,19874,4830,10638,6995
Prevotellaceae,15,12,4,9,12,1,NA,3
Prochlorococcus,NA,1,NA,NA,NA,NA,NA,NA
Prochlorococcus marinus,620,525,427,574,729,668,702,598
Prochlorococcus phage MED4-213,NA,NA,NA,NA,NA,NA,1,NA
Prochlorococcus phage P-HM1,2,4,1,1,2,1,1,1
Prochlorococcus phage P-HM2,NA,NA,NA,NA,NA,NA,1,1
Prochlorococcus phage P-RSM4,NA,NA,NA,NA,2,1,NA,NA
Prochlorococcus phage P-SSM2,NA,NA,NA,NA,3,8,6,6
Prochlorococcus phage P-SSM3,71,49,24,45,82,8,2,15
Prochlorococcus phage P-SSM4,NA,1,NA,NA,1,1,NA,1
Prochlorococcus phage P-SSM7,NA,NA,NA,NA,1,NA,1,NA
Prochlorococcus phage P-SSP3,NA,NA,NA,NA,NA,2,1,3
Prochlorococcus phage P-TIM68,NA,NA,NA,NA,NA,NA,1,1
Prochlorococcus phage Syn1,NA,NA,NA,NA,2,2,4,NA
Prochlorococcus phage Syn33,NA,NA,NA,NA,2,2,NA,1
Prochlorococcus sp. MIT 0604,146,84,46,91,163,100,107,88
Prochlorococcus sp. MIT 0801,23,24,24,33,48,99,104,58
Promicromonosporaceae,2,2,1,1,2,4,2,1
Propionibacteriaceae,NA,4,2,1,2,NA,3,3
Propionibacteriales,3,6,4,2,NA,1,1,5
Propionibacterium,9,10,13,9,6,5,3,8
Cutibacterium acnes,437,339,322,370,338,226,203,251
Propionibacterium freudenreichii,452,555,621,519,260,225,234,338
Propionibacterium phage Kubed,NA,NA,NA,NA,NA,1,NA,1
Propionibacterium phage Pacnes 2012-15,NA,NA,NA,NA,NA,1,NA,NA
Propionibacterium phage PFR1,4,9,12,3,1,2,NA,6
Propionibacterium phage PFR2,4,9,12,3,1,2,NA,6
Propionibacterium phage PHL010M04,NA,NA,NA,NA,NA,NA,1,1
Propionibacterium phage PHL055,NA,NA,NA,NA,NA,NA,1,1
Propionibacterium phage PHL071N05,NA,NA,NA,NA,NA,1,1,2
Propionibacterium phage PHL082,NA,NA,NA,NA,NA,1,NA,1
Propionibacterium phage PHL113M01,NA,NA,NA,NA,NA,NA,1,1
Propionibacterium phage PHL114L00,NA,NA,NA,NA,NA,NA,NA,1
Propionibacterium phage PHL152,NA,NA,NA,NA,NA,1,1,2
Propionibacterium phage PHL179,NA,NA,NA,NA,NA,1,1,2
Propionibacterium phage SKKY,NA,NA,NA,NA,NA,1,NA,1
Cutibacterium modestum,82,106,106,99,61,95,97,115
Prosthecochloris aestuarii,44,76,85,89,120,192,208,159
Prosthecochloris sp. CIB 2401,912,519,380,549,794,267,187,292
Proteus <enterobacteria>,NA,NA,NA,NA,1,3,4,1
Proteus mirabilis,239,149,103,163,301,295,341,275
Proteus phage PM 85,6,13,14,18,3,3,4,7
Proteus phage PM 93,NA,NA,NA,1,NA,NA,NA,NA
Proteus phage vB_PmiM_Pm5461,NA,NA,2,NA,3,3,4,1
Proteus vulgaris,238,148,103,163,287,241,240,215
Protochlamydia naegleriophila,103,74,69,110,125,93,81,66
Providencia,NA,NA,NA,NA,NA,1,7,1
Providencia stuartii,231,175,117,213,221,238,278,248
Pseudaletia unipuncta granulovirus,1,1,1,1,NA,NA,2,3
Pseudanabaena sp. PCC 7367,133,157,155,165,129,102,102,128
Pseudarthrobacter,3,7,11,9,1,2,2,8
Pseudarthrobacter chlorophenolicus,374,514,552,564,222,293,264,348
Pseudarthrobacter phenanthrenivorans,297,409,456,427,157,187,219,286
Pseudarthrobacter sulfonivorans,366,499,552,563,217,277,235,322
Pseudoalteromonas,5,8,9,2,1,2,NA,5
Pseudoalteromonas atlantica,154,127,82,119,176,147,157,131
Pseudoalteromonas haloplanktis,197,215,184,226,203,132,139,191
Pseudoalteromonas issachenkonii,260,215,143,247,259,165,159,220
Pseudoalteromonas luteoviolacea,24,53,50,71,84,141,182,140
Pseudoalteromonas phage H101,NA,NA,NA,NA,NA,2,NA,NA
Pseudoalteromonas phenolica,167,165,126,207,155,155,171,181
Pseudoalteromonas rubra,248,181,184,177,255,214,184,176
Pseudoalteromonas sp. Bsw20308,280,228,185,268,235,198,159,197
Pseudoalteromonas sp. OCN003,426,251,193,264,425,201,171,205
Pseudoalteromonas sp. SM9913,142,139,110,176,145,145,156,190
Pseudoalteromonas translucida,150,154,148,184,163,165,172,167
Pseudocowpox virus,4,9,12,4,1,1,15,5
Pseudogulbenkiania,5,9,9,10,5,1,3,2
Pseudogulbenkiania sp. NH8B,772,723,638,763,626,336,374,453
Pseudohongiella spirulinae,210,234,216,275,190,201,165,204
Pseudomonadaceae,61,56,26,55,36,25,25,27
Pseudomonadales,1,1,1,2,NA,NA,4,2
Pseudomonas,293,265,219,287,264,147,136,172
Pseudomonas aeruginosa,1884,2117,1896,2164,1592,1141,1535,1467
Aquipseudomonas alcaligenes,756,826,803,819,536,324,300,461
Pseudomonas alkylphenolia,428,431,380,531,354,225,253,323
Pseudomonas antarctica,708,620,540,655,600,252,249,359
Pseudomonas azotoformans,521,546,463,598,502,306,285,377
Stutzerimonas balearica,263,365,394,428,172,192,256,274
Pseudomonas brassicacearum,1061,1131,1080,1133,912,547,565,696
Pseudomonas cerasi,788,604,491,595,715,305,276,393
Pseudomonas chlororaphis,2025,2168,1931,2264,1565,1011,1045,1339
Pseudomonas cichorii,415,366,339,423,390,248,226,298
Pseudomonas citronellolis,1351,1653,1420,1651,973,588,597,954
Pseudomonas corrugata,616,548,467,631,522,240,220,336
Pseudomonas cremoricolorata,581,588,420,584,467,227,225,313
Pseudomonas denitrificans,444,577,578,583,349,303,365,450
Pseudomonas entomophila,635,586,473,638,509,281,270,364
Pseudomonas fluorescens,4368,4578,4239,4784,3610,2548,2361,3124
Pseudomonas fragi,389,345,230,366,351,216,158,231
Pseudomonas fulva,844,812,654,917,652,320,312,416
Pseudomonas knackmussii,496,635,706,713,405,329,379,440
Pseudomonas koreensis,639,673,661,681,494,360,400,488
Pseudomonas mandelii,576,548,493,598,444,276,234,338
Ectopseudomonas mendocina,1310,1498,1379,1450,1001,683,646,992
Pseudomonas monteilii,1050,1041,972,1014,853,460,473,629
Pseudomonas mosselii,779,740,642,836,633,342,311,436
Pseudomonas oryzihabitans,564,699,604,705,404,248,258,397
Pseudomonas parafulva,699,747,574,747,531,314,230,393
Pseudomonas phage 73,13,10,8,11,NA,NA,NA,NA
Pseudomonas phage Bf7,NA,NA,NA,NA,NA,1,2,NA
Pseudomonas phage D3,NA,NA,NA,NA,NA,NA,3,1
Pseudomonas phage D3112,NA,NA,NA,NA,NA,NA,1,1
Pseudomonas phage DL60,NA,NA,NA,NA,NA,2,3,NA
Pseudomonas phage DL62,16,25,14,20,8,2,4,9
Pseudomonas phage DMS3,7,5,3,7,2,3,1,5
Pseudomonas phage EL,1,2,3,NA,1,NA,2,NA
Pseudomonas phage F116,NA,NA,NA,NA,NA,1,NA,NA
Pseudomonas phage H70,NA,NA,NA,1,NA,NA,NA,1
Pseudomonas phage JBD24,NA,NA,NA,1,NA,NA,1,NA
Pseudomonas phage JBD30,NA,NA,NA,1,NA,NA,2,3
Pseudomonas phage JBD44,NA,NA,NA,NA,NA,1,1,2
Pseudomonas phage JBD5,7,15,22,7,1,2,1,8
Pseudomonas phage JBD69,NA,NA,NA,1,NA,NA,NA,NA
Pseudomonas phage JBD93,NA,NA,NA,NA,NA,NA,2,3
Pseudomonas phage JD024,NA,NA,NA,NA,NA,NA,1,4
Pseudomonas phage JG004,NA,NA,NA,NA,NA,3,1,NA
Pseudomonas phage K5,NA,NA,NA,NA,NA,NA,1,NA
Pseudomonas phage K8,NA,NA,NA,NA,NA,NA,1,NA
Pseudomonas phage KPP21,NA,NA,NA,NA,1,4,1,NA
Pseudomonas phage KPP25,NA,NA,NA,NA,NA,2,1,NA
Pseudomonas phage LIT1,NA,NA,NA,NA,NA,1,NA,NA
Pseudomonas phage LKA1,1,2,3,NA,NA,1,2,2
Pseudomonas phage LPB1,NA,NA,NA,1,NA,NA,1,1
Pseudomonas phage Lu11,1,1,1,1,2,12,3,6
Pseudomonas phage LUZ19,16,26,14,21,8,2,4,11
Pseudomonas phage LUZ7,NA,NA,NA,NA,1,4,1,NA
Pseudomonas phage M6,10,6,8,10,3,1,3,5
Pseudomonas phage MP1412,NA,NA,NA,NA,NA,1,1,1
Pseudomonas phage MP22,NA,NA,NA,1,NA,NA,1,NA
Pseudomonas phage MP29,7,15,22,7,1,2,2,8
Pseudomonas phage MP38,NA,NA,NA,1,NA,NA,1,3
Pseudomonas phage MP42,NA,NA,NA,1,NA,NA,1,3
Pseudomonas phage MP48,NA,NA,NA,NA,NA,NA,NA,1
Pseudomonas phage MPK6,16,25,14,20,8,2,4,9
Pseudomonas phage MPK7,16,25,14,20,8,2,4,9
Pseudomonas phage OBP,3,1,3,2,1,NA,1,1
Pseudomonas phage PA1phi,7,15,22,7,1,2,1,8
Pseudomonas phage Pa2,NA,1,NA,NA,1,1,NA,NA
Pseudomonas phage PaBG,3,9,10,1,4,2,2,9
Pseudomonas phage PAE1,10,6,8,10,3,1,3,5
Pseudomonas phage PAJU2,NA,NA,NA,NA,3,NA,6,2
Pseudomonas phage PAK_P1,NA,1,NA,NA,NA,NA,NA,NA
Pseudomonas phage PAK_P2,NA,NA,1,NA,NA,3,NA,NA
Pseudomonas phage PAK_P3,1,7,13,4,1,5,NA,1
Pseudomonas phage PAK_P4,NA,NA,NA,NA,NA,3,NA,NA
Pseudomonas phage PaMx11,NA,NA,NA,NA,NA,1,NA,NA
Pseudomonas phage PaoP5,NA,1,NA,NA,NA,3,1,1
Pseudomonas phage PaP1,NA,NA,NA,NA,NA,3,1,NA
Pseudomonas phage PaP3,NA,NA,NA,NA,NA,NA,1,1
Pseudomonas phage PB1,NA,NA,NA,NA,NA,NA,1,NA
Pseudomonas phage phi3,3,NA,NA,NA,1,NA,6,NA
Pseudomonas phage PhiCHU,NA,NA,NA,NA,NA,NA,1,NA
Pseudomonas phage phikF77,16,25,14,20,8,2,4,9
Pseudomonas phage phiKMV,16,25,14,20,8,2,4,9
Pseudomonas phage phiKZ,24,28,28,29,16,16,8,22
Pseudomonas phage phiMK,NA,1,NA,NA,1,2,2,NA
Pseudomonas phage PhiPA3,NA,NA,NA,NA,4,6,2,9
Pseudomonas phage phiPSA1,NA,NA,NA,NA,NA,1,NA,NA
Pseudomonas phage phiPsa374,NA,NA,NA,NA,NA,NA,NA,4
Pseudomonas phage phiPto-bp6g,NA,NA,NA,NA,NA,NA,1,NA
Pseudomonas phage PMG1,NA,NA,1,NA,NA,NA,NA,NA
Pseudomonas phage PPpW-3,NA,NA,NA,NA,NA,NA,3,1
Pseudomonas phage PS-1,NA,NA,NA,1,NA,NA,NA,NA
Pseudomonas phage PT2,16,25,14,20,8,2,4,9
Pseudomonas phage SN,NA,NA,1,NA,NA,NA,NA,NA
Pseudomonas phage tf,1,NA,NA,NA,NA,NA,NA,NA
Pseudomonas phage vB_Pae_PS44,NA,NA,1,NA,NA,NA,NA,NA
Pseudomonas phage vB_Pae-Kakheti25,13,10,8,11,NA,1,2,NA
Pseudomonas phage vB_Pae-TbilisiM32,16,25,14,20,8,2,4,9
Pseudomonas phage vB_PaeM_C2-10_Ab1,NA,NA,NA,NA,NA,3,NA,NA
Pseudomonas phage vB_PaeM_MAG1,NA,1,NA,NA,NA,NA,NA,NA
Pseudomonas phage vB_PaeP_MAG4,NA,NA,NA,NA,NA,1,NA,NA
Pseudomonas phage vB_PaeP_p2-10_Or1,NA,NA,NA,NA,NA,NA,1,1
Pseudomonas phage vB_PaeP_PAO1_Ab05,NA,NA,NA,NA,NA,NA,2,NA
Pseudomonas phage vB_PaeP_PPA-ABTNL,16,26,14,21,8,2,5,11
Pseudomonas phage vB_PaeP_Tr60_Ab31,NA,NA,NA,NA,NA,NA,1,1
Pseudomonas phage vB_PaeS_PAO1_Ab30,NA,NA,NA,1,NA,NA,1,NA
Pseudomonas phage vB_PaeS_PM105,7,5,3,7,2,3,NA,2
Pseudomonas phage vB_PsyM_KIL1,NA,NA,NA,NA,NA,3,1,1
Pseudomonas phage YMC11/02/R656,NA,NA,NA,NA,NA,NA,2,NA
Pseudomonas phage YMC11/07/P54_PAE_BP,NA,NA,NA,NA,NA,NA,2,NA
Pseudomonas phage YuA,10,6,8,10,3,1,3,5
Pseudomonas plecoglossicida,642,588,502,541,549,308,278,355
Pseudomonas poae,608,550,447,522,514,272,229,300
Pseudomonas protegens,812,831,591,863,644,372,350,474
Ectopseudomonas oleovorans,365,488,474,451,263,278,226,326
Pseudomonas putida,3509,3945,3774,4274,2656,2025,2082,2670
Metapseudomonas resinovorans,658,852,737,951,481,360,367,544
Pseudomonas rhizosphaerae,460,419,321,386,430,216,201,270
Pseudomonas savastanoi,612,588,496,650,438,268,205,377
Pseudomonas sp. A3(2016),524,572,516,511,405,283,246,325
Pseudomonas sp. CCOS 191,506,580,529,607,392,265,293,358
Pseudomonas sp. DR 5-09,347,474,537,462,242,224,264,311
Pseudomonas sp. FGI182,611,669,597,686,455,295,280,375
Pseudomonas sp. GR 6-02,672,616,556,630,557,241,271,339
Pseudomonas sp. JY-Q,631,548,396,603,528,273,204,314
Pseudomonas sp. L10.10,281,283,313,295,190,200,211,210
Pseudomonas sp. MRSN12121,408,446,464,407,267,240,298,332
Pseudomonas sp. MS586,804,602,497,588,655,243,264,349
Pseudomonas sp. Os17,739,845,656,956,527,334,305,439
Pseudomonas sp. St29,733,859,682,959,529,323,299,445
Pseudomonas sp. StFLB209,444,471,418,586,355,322,239,355
Pseudomonas sp. TCU-HL1,552,690,722,657,400,359,333,428
Pseudomonas sp. TKP,441,481,430,486,340,251,239,349
Pseudomonas sp. URMO17WK12:I11,1144,1076,926,1177,839,451,422,644
Pseudomonas sp. UW4,471,427,371,375,424,196,234,242
Pseudomonas sp. VLB120,680,658,453,719,574,304,261,388
Stutzerimonas stutzeri,2408,2708,2568,2752,1912,1451,1527,1891
Pseudomonas syringae,2219,1985,1609,1908,1935,1054,965,1269
Pseudomonas syringae group genomosp. 3,338,362,316,364,341,264,208,278
Pseudomonas trivialis,463,402,312,437,446,188,211,281
Pseudonocardia,65,50,19,39,53,31,13,31
Pseudonocardia dioxanivorans,357,496,619,450,193,240,328,388
Pseudonocardia sp. AL041005-10,509,599,580,522,376,276,319,366
Pseudonocardia sp. EC080610-09,353,437,504,408,238,229,269,323
Pseudonocardia sp. EC080619-01,338,416,481,392,233,231,267,319
Pseudonocardia sp. EC080625-04,232,341,426,324,108,198,245,280
Pseudonocardia sp. HH130629-09,261,428,549,435,193,222,263,256
Pseudonocardia sp. HH130630-07,339,492,536,470,224,224,212,252
Pseudonocardiaceae,68,42,26,35,44,20,15,23
Pseudonocardiales,NA,NA,NA,1,NA,NA,NA,1
Pseudopedobacter,NA,NA,NA,NA,NA,2,NA,NA
Pseudopedobacter saltans,993,682,477,754,1113,672,679,675
Pseudoplusia includens SNPV IE,NA,NA,NA,NA,NA,1,1,1
Arachnia,NA,NA,NA,NA,1,NA,1,2
Arachnia propionica,294,418,423,454,214,190,170,242
Pseudothermotoga,3,1,2,NA,NA,NA,1,NA
Pseudothermotoga elfii,53,64,69,52,75,127,147,111
Pseudothermotoga hypogea,39,50,58,61,38,58,61,69
Pseudothermotoga lettingae,55,66,69,53,76,133,142,118
Pseudothermotoga thermarum,10,11,12,7,43,115,104,79
Pseudoxanthomonas,27,25,18,38,16,6,2,12
Pseudoxanthomonas spadix,470,644,588,717,302,277,290,380
Pseudoxanthomonas suwonensis,1073,1020,899,1069,878,519,549,646
Psittacid alphaherpesvirus 1,NA,1,1,NA,1,NA,NA,2
Psychrobacter,1,1,NA,1,NA,NA,3,2
Psychrobacter alimentarius,216,114,76,112,234,135,118,148
Psychrobacter arcticus,200,162,110,140,228,159,118,179
Psychrobacter cryohalolentis,234,149,57,127,283,127,94,141
Psychrobacter sp. AntiMn-1,186,88,56,117,214,119,118,122
Psychrobacter sp. G,212,158,81,139,245,93,91,129
Psychrobacter sp. P11G5,56,76,113,99,55,98,104,95
Psychrobacter sp. P2G3,42,61,77,67,45,80,86,78
Psychrobacter sp. PRwf-1,232,150,103,160,230,92,105,107
Psychrobacter urativorans,52,49,56,47,57,82,81,100
Psychroflexus torquis,231,205,130,158,289,189,254,229
Psychromonas ingrahamii,158,135,81,176,179,296,235,256
Psychromonas sp. CNPT3,125,187,163,259,105,174,142,168
Pteropox virus,NA,NA,NA,NA,NA,1,3,1
Puniceicoccaceae,NA,NA,NA,1,NA,NA,NA,NA
Puniceispirillum phage HMO-2011,NA,NA,NA,NA,1,NA,NA,3
Punta Toro virus,1,2,NA,1,1,NA,NA,2
Pusillibacter <Pusillibacter>,NA,NA,NA,NA,NA,1,NA,NA
Pusillimonas sp. T7-7,217,380,330,425,140,230,221,277
Pyrobaculum islandicum,NA,NA,NA,NA,2,6,15,14
Pyrococcus abyssi,3,8,2,4,7,17,15,8
Pyrococcus furiosus,112,63,42,65,114,52,43,76
Pyrococcus horikoshii,14,16,13,22,32,18,37,26
Pyrococcus sp. NA2,4,6,2,2,9,21,35,16
Pyrococcus sp. NCB100,12,22,16,14,10,17,18,17
Pyrococcus sp. ST04,1,NA,NA,NA,9,22,30,23
Pyrococcus yayanosii,32,35,12,22,45,28,33,26
Pyrodictium delaneyi,52,91,87,83,35,36,23,53
Pyrolobus fumarii,14,5,10,13,8,22,7,17
Rabbit coronavirus HKU14,16,27,17,30,9,6,NA,18
Rabbit fibroma virus,NA,NA,NA,NA,NA,1,1,1
Raccoonpox virus,NA,NA,NA,NA,NA,NA,NA,1
Rahnella,7,2,NA,5,9,6,1,2
Rahnella aquatilis,225,255,301,285,234,332,250,297
Rahnella sp. Y9602,195,225,274,245,211,313,227,274
Ralstonia,21,39,32,32,18,26,24,25
Ralstonia insidiosa,725,821,791,810,568,468,686,553
Ralstonia mannitolilytica,574,746,710,740,447,411,568,543
Ralstonia phage RS138,9,22,11,15,2,4,2,1
Ralstonia phage RS603,NA,1,3,1,NA,NA,1,NA
Ralstonia phage RSB2,NA,NA,NA,NA,NA,2,2,NA
Ralstonia phage RSB3,NA,NA,NA,NA,NA,1,1,NA
Ralstonia phage RSF1,NA,NA,NA,NA,NA,NA,4,NA
Ralstonia phage RSJ2,NA,NA,NA,NA,NA,1,NA,NA
Ralstonia phage RSJ5,NA,NA,NA,NA,NA,1,NA,NA
Ralstonia phage RSL1,NA,2,3,5,1,NA,3,NA
Ralstonia phage RSM1,NA,1,3,1,NA,NA,1,NA
Ralstonia phage RSP15,NA,NA,NA,NA,2,4,7,1
Ralstonia pickettii,1109,1371,1389,1354,888,840,1633,1139
Ralstonia solanacearum,1263,1623,1425,1735,953,876,1214,1169
Ramlibacter,68,29,30,51,54,9,1,18
Ramlibacter tataouinensis,1184,1543,1510,1696,734,633,710,994
Rangifer tarandus papillomavirus 2,NA,NA,NA,NA,NA,NA,NA,1
Ranid herpesvirus 2,NA,NA,NA,NA,NA,3,1,1
Raoultella,1,NA,NA,NA,NA,NA,2,2
Raoultella ornithinolytica,971,1048,865,1034,864,756,902,856
Raptor adenovirus 1,NA,NA,NA,NA,NA,NA,1,NA
Raspberry leaf blotch virus,NA,NA,NA,NA,NA,2,2,3
Rathayibacter,NA,NA,NA,NA,NA,NA,1,1
Rathayibacter toxicus,128,228,184,263,114,63,83,163
Rathayibacter tritici,316,291,242,278,261,135,124,178
Red clover mottle virus,NA,NA,NA,NA,NA,NA,1,NA
Renibacterium,NA,NA,NA,NA,NA,NA,NA,1
Renibacterium salmoninarum,83,121,90,156,71,122,86,120
Rhizobiaceae,19,24,25,25,11,9,13,19
Hyphomicrobiales,7,7,5,6,2,6,9,7
Rhizobium,47,78,84,70,45,53,44,65
Rhizobium etli,1300,1527,1503,1548,961,819,874,1114
Rhizobium gallicum,516,427,405,424,446,288,254,337
Rhizobium leguminosarum,2041,2035,1817,2000,1726,1072,1016,1361
Rhizobium phage RHE,NA,NA,NA,NA,1,NA,3,1
Rhizobium phage RR1-A,NA,NA,NA,NA,1,3,NA,4
Rhizobium phage vB_RleM_P10VF,NA,NA,NA,NA,NA,3,4,1
Rhizobium phage vB_RleM_PPF1,NA,NA,NA,NA,1,2,NA,7
Rhizobium phage vB_RleS_L338C,NA,NA,NA,NA,NA,1,NA,1
Rhizobium phaseoli,732,801,840,849,534,439,472,592
Rhizobium sp. IRBG74,772,984,811,999,579,384,307,586
Rhizobium sp. N113,537,656,619,683,346,271,301,442
Rhizobium sp. N1314,535,646,624,708,351,259,293,438
Rhizobium sp. N1341,537,656,619,683,346,271,302,443
Rhizobium sp. N324,263,359,404,354,211,262,302,388
Rhizobium sp. N621,537,656,619,683,346,268,302,444
Rhizobium sp. N6212,537,656,619,683,346,268,302,444
Rhizobium sp. N731,535,646,624,708,351,259,293,438
Rhizobium sp. N741,537,657,619,683,346,270,303,445
Rhizobium sp. N871,537,656,619,685,346,268,302,444
Rhizobium sp. NT-26,254,385,357,386,178,209,198,277
Rhizobium sp. S41,706,860,779,864,500,386,317,556
Rhizobium tropici,284,360,364,362,304,222,237,308
Rhizoctonia fumigata mycovirus,6,3,1,2,8,1,NA,NA
Rhizoctonia solani flexivirus 1,NA,NA,NA,NA,NA,1,NA,NA
Rhodanobacter,NA,2,NA,NA,1,2,NA,NA
Rhodanobacter denitrificans,682,714,600,793,515,337,273,435
Rhodanobacteraceae,16,15,19,22,7,15,10,14
Rhodobacter,10,9,13,20,5,8,3,7
Rhodobacter capsulatus,334,374,368,425,267,208,215,277
Rhodobacter phage RC1,NA,NA,NA,1,3,4,1,3
Rhodobacter phage RcapNL,NA,NA,NA,NA,NA,NA,1,NA
Rhodobacter sp. LPB0142,478,539,654,555,270,187,227,298
Cereibacter sphaeroides,1100,1214,1099,1170,827,594,618,810
Paracoccaceae,41,38,33,27,25,20,15,21
Rhodobacterales,NA,1,1,1,NA,1,2,1
Rhodococcus <high G+C Gram-positive bacteria>,29,28,35,43,24,20,26,29
Rhodococcus aetherivorans,495,578,585,555,334,262,221,318
Prescottella equi,287,502,522,422,159,184,197,322
Rhodococcus erythropolis,280,392,404,355,225,235,199,276
Rhodococcoides fascians,303,313,273,281,242,150,166,206
Rhodococcus jostii,243,358,405,336,158,232,244,277
Rhodococcus opacus,501,706,871,705,302,409,516,566
Rhodococcus phage E3,NA,1,NA,NA,NA,NA,NA,NA
Rhodococcus phage REQ1,NA,1,NA,1,NA,NA,NA,1
Rhodococcus phage REQ2,NA,NA,NA,NA,NA,NA,3,1
Rhodococcus phage REQ3,3,9,11,5,2,2,NA,2
Rhodococcus phage ReqiDocB7,NA,NA,NA,NA,NA,NA,NA,1
Rhodococcus phage RGL3,7,6,17,NA,NA,1,NA,4
Rhodococcus pyridinivorans,218,325,358,304,154,158,160,232
Rhodococcus sp. 008,243,274,344,253,175,157,157,215
Rhodococcus sp. B7740,329,366,276,344,298,167,170,196
Rhodococcus sp. p52,238,335,374,336,159,162,170,230
Rhodococcus sp. PBTS 1,235,397,438,375,157,190,217,275
Rhodococcoides fascians,345,422,444,392,217,150,201,242
Rhodococcus sp. WB1,370,482,525,431,255,225,250,323
Rhodococcus sp. WMMA185,139,135,118,121,138,84,96,98
Rhodocyclaceae,35,24,18,22,25,9,18,17
Rhodocyclales,1,6,3,2,NA,1,3,5
Rhodoferax,NA,3,3,NA,1,NA,2,NA
Rhodoferax ferrireducens,459,456,433,443,332,213,224,308
Rhodoluna,21,12,5,5,24,5,2,5
Rhodoluna lacicola,341,206,115,178,384,83,45,95
Rhodomicrobium,1,1,NA,1,NA,NA,NA,1
Rhodomicrobium vannielii,332,317,374,315,197,189,198,226
Rhodopirellula,NA,NA,NA,NA,NA,NA,NA,1
Rhodopirellula baltica,228,181,188,208,201,140,132,157
Rhodoplanes,9,6,12,17,4,5,6,6
Rhodoplanes sp. Z2-YC6860,426,453,476,428,311,282,295,353
Rhodopseudomonas,6,12,7,6,8,12,13,13
Rhodopseudomonas palustris,1467,1906,2201,1782,981,1061,1297,1501
Rhodospirillaceae,52,37,15,33,39,14,16,16
Rhodospirillales,1,1,1,1,NA,1,1,2
Rhodospirillum,71,34,30,54,56,11,2,20
Rhodospirillum centenum,566,846,834,973,331,331,375,601
Rhodospirillum rubrum,297,442,474,410,185,221,248,309
Rhodothermaceae,NA,1,NA,1,NA,NA,NA,4
Rhodothermus,4,5,5,2,NA,2,3,1
Rhodothermus marinus,831,1220,1213,1139,498,556,561,768
Rhodothermus phage RM378,NA,NA,NA,NA,3,2,4,1
Rhodovulum,9,5,8,17,3,2,NA,3
Rhodovulum phage RS1,NA,NA,NA,NA,NA,1,NA,NA
Rhodovulum sulfidophilum,610,733,766,760,384,328,388,474
Rice black streaked dwarf virus,NA,NA,NA,NA,1,5,4,NA
Rice tungro bacilliform virus,NA,NA,NA,NA,1,3,NA,1
Rickettsia,2,NA,4,2,NA,5,2,7
Rickettsia africae,31,45,55,53,32,51,59,59
Rickettsia akari,62,53,36,38,90,65,65,53
Rickettsia amblyommatis,8,13,18,18,19,57,69,45
Rickettsia australis,33,40,44,46,47,74,75,61
Rickettsia bellii,17,38,36,56,39,74,70,77
Rickettsia canadensis,18,34,21,27,29,44,60,58
Rickettsia conorii,22,35,45,45,33,44,62,52
Rickettsia felis,49,74,84,78,43,79,70,81
Rickettsia conorii subsp. heilongjiangensis,46,53,74,69,34,61,56,52
Rickettsia japonica,40,52,71,67,38,62,51,63
Rickettsia massiliae,12,19,24,26,20,46,58,43
Rickettsia monacensis,22,30,48,46,35,68,83,47
Rickettsia montanensis,34,56,58,70,23,51,52,56
Rickettsia parkeri,28,45,54,52,27,45,48,50
Rickettsia philipii,28,45,53,50,25,45,53,51
Rickettsia prowazekii,12,17,17,17,29,44,65,40
Rickettsia rhipicephali,14,18,24,23,25,55,73,52
Rickettsia rickettsii,30,46,54,52,32,50,56,50
Rickettsia slovaca,36,44,49,46,23,42,68,58
Rickettsia typhi,44,60,83,79,42,57,80,69
Rickettsiaceae,NA,NA,NA,NA,NA,1,NA,NA
Rickettsiales bacterium Ac37b,169,174,109,204,177,121,115,183
Riemerella anatipestifer,718,444,326,492,712,448,555,521
Riemerella phage RAP44,1,NA,NA,NA,NA,1,1,4
Rikenellaceae,NA,NA,1,NA,NA,NA,NA,NA
Rivularia sp. PCC 7116,396,324,232,319,453,234,218,264
Rivulariaceae,NA,NA,NA,NA,1,NA,1,NA
Robiginitalea biformata,1276,912,680,940,1239,347,319,533
Rodent Torque teno virus 2,NA,NA,NA,NA,NA,1,NA,NA
Roseateles,76,29,28,44,64,13,5,20
Roseateles depolymerans,769,928,777,972,544,406,373,549
Roseburia,NA,NA,NA,NA,NA,1,NA,2
Roseburia hominis,27771,41165,32297,51505,76763,179425,181759,173622
Roseicyclus,NA,NA,2,NA,NA,NA,NA,NA
Roseicyclus elongatus,229,309,341,274,133,194,182,224
Roseiflexaceae,NA,NA,NA,NA,2,NA,2,NA
Roseiflexus,NA,NA,NA,NA,NA,2,NA,1
Roseiflexus castenholzii,276,374,377,399,237,223,188,270
Roseiflexus sp. RS-1,373,392,285,439,330,198,138,244
Roseobacter,4,10,7,22,2,4,1,2
Roseobacter denitrificans,105,103,116,128,110,166,159,167
Roseobacter litoralis,297,327,286,319,216,175,134,196
Roseobacter phage RDJL Phi 1,3,NA,NA,2,1,2,2,1
Rotavirus A,NA,NA,NA,NA,NA,NA,NA,1
Rotavirus D chicken/05V0049/DEU/2005,NA,NA,NA,NA,1,4,1,2
Rotavirus I,NA,NA,NA,NA,NA,NA,NA,2
Rothia <eudicots>,20,11,4,5,24,5,1,4
Rothia dentocariosa,202,242,216,247,134,147,118,200
Rothia mucilaginosa,421,412,426,501,338,236,190,326
Rubinisphaera,NA,NA,1,NA,NA,NA,NA,NA
Rubinisphaera brasiliensis,132,186,180,228,103,149,174,181
Rubrivivax,5,12,3,7,5,8,5,7
Rubrivivax gelatinosus,1014,1054,985,1025,763,444,539,666
Rubrobacter,3,3,1,3,1,2,1,1
Rubrobacter radiotolerans,92,168,174,161,73,117,153,147
Rubrobacter xylanophilus,400,542,520,616,199,224,236,365
Rubrobacteraceae,4,9,2,6,1,NA,1,5
Rubrobacterales,NA,1,NA,NA,NA,NA,1,NA
Rubus yellow net virus,NA,NA,NA,NA,NA,NA,1,NA
Ruegeria,61,26,22,38,48,14,4,16
Tritonibacter mobilis,284,371,411,402,197,257,199,278
Ruegeria phage DSS3-P1,NA,NA,NA,NA,1,NA,NA,NA
Ruegeria pomeroyi,425,610,545,583,334,296,274,405
Ruegeria sp. TM1040,252,222,218,306,214,208,172,203
Rufibacter,NA,NA,NA,NA,1,1,NA,2
Rufibacter sp. DG15C,1423,986,721,1033,1325,507,417,664
Rufibacter sp. DG31D,924,688,485,680,900,426,428,538
Rufibacter tibetensis,1929,1151,808,1257,1970,610,492,719
Ruminiclostridium,3,5,3,6,1,5,2,7
Ruminiclostridium sp. KB18,8718,12609,10067,16028,4785,6116,3720,8129
Acetivibrio thermocellus,553,654,631,822,574,906,768,819
Oscillospiraceae,NA,NA,NA,2,1,1,5,2
Ruminococcus,1,NA,NA,NA,1,NA,NA,1
Ruminococcus albus,4726,6139,5276,7616,3103,3031,2000,3858
Ruminococcus bicirculans (ex Liu et al. 2021) <Ruminococcus bicirculans (ex Liu et al. 2021)>,5136,7182,7393,9311,4438,6672,5728,6995
Rummeliibacillus,NA,NA,NA,NA,NA,NA,NA,1
Rummeliibacillus stabekisii,328,340,306,404,360,403,328,334
Runella slithyformis,680,759,681,809,651,491,435,575
Saccharomonospora,2,NA,1,2,6,1,1,NA
Saccharomonospora viridis,118,213,207,186,65,119,133,131
Saccharophagus degradans,252,213,174,261,234,126,109,170
Saccharopolyspora,4,1,6,5,4,3,3,3
Saccharopolyspora erythraea,461,606,595,525,342,315,407,421
Saccharothrix,NA,1,NA,1,1,3,4,7
Saccharothrix espanaensis,446,689,713,699,214,269,377,462
Saffold virus,NA,NA,NA,NA,1,1,NA,1
Saimiriine herpesvirus 1,NA,NA,2,2,NA,NA,1,4
Saimiriine gammaherpesvirus 2,NA,NA,NA,NA,NA,NA,3,NA
Salicola phage CGphi29,NA,NA,NA,NA,NA,NA,1,1
Salimicrobium,NA,2,2,NA,NA,2,NA,1
Salimicrobium jeotgali,140,116,83,124,260,326,241,270
Salinarchaeum sp. Harcht-Bsk1,125,115,161,95,99,59,75,93
Salinibacter ruber,359,367,386,396,282,168,205,253
Salinicoccus,NA,NA,NA,NA,NA,NA,NA,1
Salinicoccus halodurans,129,147,147,166,214,325,279,290
Salinispira pacifica,328,377,410,437,237,292,248,355
Salinispora,2,3,1,5,7,2,2,3
Salinispora arenicola,211,293,295,365,121,172,167,202
Salinispora tropica,179,252,253,259,151,174,198,189
Salinivibrio phage CW02,NA,NA,NA,NA,NA,1,NA,1
Salisaeta icosahedral phage 1,4,3,NA,1,NA,NA,NA,2
Salmon gill poxvirus,1,1,NA,NA,1,3,4,2
Salmonella,NA,NA,1,1,2,1,1,1
Salmonella bongori,188,226,231,284,193,202,227,241
Salmonella enterica,850,1037,962,1217,1165,2210,3371,2542
Salmonella phage 118970_sal4,NA,NA,1,NA,2,1,4,NA
Salmonella phage 19,NA,1,NA,1,2,1,1,NA
Salmonella phage 21,NA,NA,NA,NA,1,NA,1,1
Salmonella phage 36,NA,NA,NA,NA,NA,2,3,1
Salmonella phage 7-11,NA,NA,NA,NA,NA,1,1,NA
Salmonella phage epsilon34,NA,NA,NA,NA,NA,NA,NA,1
Salmonella phage f18SE,NA,NA,NA,NA,2,NA,1,1
Salmonella phage FSL SP-058,9,21,23,22,8,8,3,10
Salmonella phage FSL SP-076,9,21,23,22,8,7,3,10
Salmonella phage FSLSP088,70,50,22,28,77,6,NA,6
Salmonella phage HB-2014,NA,NA,NA,NA,2,2,4,NA
Salmonella phage HK620,NA,NA,NA,NA,NA,NA,1,NA
Salmonella phage Jersey,NA,NA,NA,NA,2,1,NA,1
Salmonella phage PhiSH19,NA,NA,NA,NA,NA,2,1,1
Salmonella phage phSE-2,NA,NA,NA,NA,NA,1,NA,NA
Salmonella phage PVP-SE1,1,4,4,1,4,3,1,5
Salmonella phage RE-2010,NA,NA,NA,NA,NA,1,NA,NA
Salmonella phage SE1 (in:Nonagvirus) <Salmonella phage SE1 (in:Nonagvirus)>,NA,NA,1,NA,NA,NA,NA,NA
Salmonella phage SFP10,NA,NA,NA,NA,NA,2,1,1
Salmonella phage SJ46,NA,NA,NA,NA,7,16,50,32
Salmonella phage SKML-39,NA,NA,NA,NA,1,NA,1,NA
Salmonella phage SPN1S,NA,NA,NA,NA,NA,2,1,NA
Salmonella phage SPN3US,1,NA,1,NA,NA,NA,NA,NA
Salmonella phage SPN9CC,NA,NA,1,NA,2,1,4,NA
Salmonella phage SSE121,9,3,7,9,1,NA,NA,1
Salmonella phage SSU5,NA,NA,NA,NA,2,2,NA,1
Salmonella phage ST160,NA,NA,1,NA,NA,NA,NA,NA
Salmonella phage ST64B,1,NA,1,2,NA,NA,NA,NA
Salmonella phage ST64T,NA,NA,1,NA,NA,NA,4,NA
Salmonella phage STML-198,NA,NA,NA,NA,3,2,1,3
Salmonella phage STP4-a,NA,NA,NA,NA,3,1,1,3
Salmonella phage vB_SalM_PM10,NA,NA,NA,NA,NA,3,1,1
Salmonella phage vB_SalM_SJ2,NA,NA,NA,NA,NA,1,NA,NA
Salmonella phage vB_SemP_Emek,NA,NA,NA,NA,2,1,4,NA
Salmonella phage vB_SenMS16,NA,NA,NA,NA,3,1,1,3
Salmonella phage vB_SnwM_CGG4-1,NA,1,1,1,3,9,1,5
Salmonella phage vB_SosS_Oslo,NA,NA,NA,NA,NA,NA,1,NA
Salmonella phage Vi II-E1,NA,NA,5,NA,NA,NA,1,NA
Salmonella phage ViI,NA,NA,NA,NA,NA,1,NA,NA
Lederbergvirus P22,NA,NA,1,NA,2,1,4,NA
Sandaracinaceae,1,1,NA,1,1,NA,NA,NA
Sandaracinus,NA,7,NA,2,2,3,NA,1
Sandaracinus amylolyticus,471,558,544,499,355,270,382,368
Sanguibacter,95,61,15,44,76,9,3,17
Sanguibacter keddieii,369,554,623,553,233,230,250,330
Sanxia water strider virus 6,NA,NA,NA,NA,NA,3,3,1
Saprospira grandis,305,245,172,251,304,199,201,221
Saprospiraceae,NA,NA,NA,NA,NA,1,1,NA
Sathuperi virus,1,NA,NA,NA,NA,NA,NA,NA
Sauropus yellowing virus,NA,NA,NA,NA,NA,NA,1,NA
Scale drop disease virus,NA,NA,NA,NA,1,1,2,NA
Scardovia inopinata,173,225,208,275,118,201,171,231
Sclerophthora macrospora virus A,NA,NA,NA,NA,NA,1,NA,1
Sebaldella termitidis,331,391,350,518,440,620,532,557
secondary endosymbiont of Ctenarytaina eucalypti,11,12,15,26,25,61,62,69
secondary endosymbiont of Heteropsylla cubana,50,50,27,43,51,36,46,40
Sedimenticola,NA,1,NA,1,NA,1,2,NA
Sedimenticola thiotaurini,343,374,361,390,248,208,204,238
Sediminicola sp. YIK13,400,230,175,274,444,252,237,259
Sediminispirochaeta smaragdinae,420,306,263,336,403,325,249,317
Segniliparaceae,1,1,1,2,1,1,1,NA
Segniliparus,NA,2,NA,2,2,1,2,2
Segniliparus rotundus,87,130,167,142,68,70,108,110
Selenomonadaceae,7,1,10,4,NA,NA,NA,5
Selenomonadales,NA,NA,NA,1,NA,NA,NA,NA
Selenomonas,6,8,5,9,6,3,2,3
Selenomonas ruminantium,1569,1641,1371,1932,1398,1708,1523,1672
Selenomonas sp. oral taxon 136,746,944,843,1167,557,766,640,743
Selenomonas sp. oral taxon 478,737,945,884,1189,590,774,659,805
Selenomonas sp. oral taxon 920,559,712,615,843,490,566,434,587
Selenomonas sputigena,637,998,951,1081,481,666,692,826
Serinicoccus,2,5,4,5,3,2,3,4
Serinicoccus sp. JLT9,301,454,408,411,225,156,251,278
Serratia <beetles>,34,52,46,54,22,27,26,30
Serratia fonticola,707,519,453,498,695,381,348,426
Serratia liquefaciens,309,346,328,432,281,271,271,361
Serratia marcescens,1955,2457,2400,2582,1401,1374,1499,1800
Serratia phage Eta,NA,NA,NA,NA,NA,NA,1,NA
Serratia phage PS2,NA,NA,NA,1,1,NA,NA,NA
Serratia plymuthica,775,698,580,729,675,675,834,713
Serratia proteamaculans,343,316,299,327,340,287,272,249
Serratia rubidaea,427,594,648,643,323,353,347,478
Serratia sp. AS12,299,291,249,300,236,321,332,301
Serratia sp. AS13,299,291,249,300,236,321,332,301
Serratia sp. FS14,579,733,641,782,405,367,352,498
Serratia sp. SCBI,354,575,580,612,265,378,311,426
Serratia sp. YD25,364,484,431,503,267,289,299,338
Sewage-associated circular DNA virus-31,NA,NA,NA,1,NA,NA,NA,NA
Shallot yellow stripe virus,NA,NA,NA,NA,NA,NA,NA,1
Shamonda virus,9,4,2,3,11,2,NA,1
Sheeppox virus,NA,NA,NA,NA,NA,2,6,3
Shewanella,14,15,7,26,7,10,6,9
Shewanella amazonensis,703,435,350,485,596,270,292,314
Shewanella baltica,555,392,321,449,582,392,369,395
Shewanella denitrificans,152,138,121,136,174,114,110,102
Shewanella frigidimarina,170,118,72,116,252,141,164,153
Shewanella halifaxensis,261,245,220,216,274,151,158,161
Shewanella loihica,717,470,341,443,645,253,223,290
Shewanella oneidensis,206,205,127,215,187,140,121,140
Shewanella pealeana,576,337,196,349,578,183,128,226
Shewanella phage Spp001,NA,NA,NA,NA,NA,3,1,1
Shewanella piezotolerans,184,136,88,127,212,129,153,140
Shewanella putrefaciens,257,159,106,210,262,135,143,139
Shewanella sediminis,389,229,132,255,449,201,143,193
Shewanella sp. ANA-3,151,182,196,277,134,182,186,197
Shewanella sp. MR-4,260,194,196,257,267,157,153,174
Shewanella sp. MR-7,222,163,114,157,284,138,143,142
Shewanella sp. phage 1/4,2,3,11,3,NA,NA,2,3
Shewanella sp. phage 1/40,2,3,11,3,NA,NA,2,3
Shewanella sp. W3-18-1,261,167,130,218,284,126,123,125
Shewanella violacea,273,185,124,201,266,128,136,134
Shewanella woodyi,204,127,77,134,222,144,116,115
Shigella,14,23,10,33,15,19,9,11
Shigella boydii,451,398,317,460,4791,11653,5185,7328
Shigella dysenteriae,489,478,407,606,6768,17083,7417,10390
Shigella flexneri,367,328,291,423,4483,11144,5166,6996
Shigella phage 75/02 Stx,NA,NA,NA,NA,26,71,29,46
Shigella phage Ag3,NA,NA,1,NA,NA,1,1,NA
Shigella phage EP23,30,23,3,15,36,3,3,6
Shigella phage POCJ13,NA,NA,NA,NA,20,32,11,18
Shigella phage pSb-1,NA,NA,NA,NA,NA,1,1,1
Shigella phage pSs-1,NA,NA,NA,NA,NA,NA,NA,1
Shigella phage Sf6,NA,NA,NA,NA,5,4,2,2
Shigella phage SfII,1,NA,1,1,NA,2,NA,NA
Shigella phage SfIV,NA,NA,NA,NA,1,NA,NA,NA
Shigella phage SHBML-50-1,NA,NA,NA,NA,NA,2,NA,2
Shigella phage Shf125875,NA,NA,NA,NA,7,14,9,6
Shigella phage Shfl2,1,2,3,NA,NA,NA,NA,NA
Shigella phage SHFML-11,NA,NA,NA,NA,4,1,3,4
Shigella phage SHFML-26,1,2,3,NA,NA,1,4,2
Shigella phage SHSML-52-1,NA,NA,1,NA,2,9,4,4
Shigella phage SP18,NA,NA,NA,1,NA,1,1,1
Shigella phage Ss-VASD,NA,NA,NA,NA,21,48,19,28
Shigella sonnei,409,340,305,456,5144,12717,5635,7876
Shigella sp. PAMC 28760,435,412,338,491,6239,16034,7069,9840
Shimwellia,NA,NA,2,NA,NA,NA,NA,NA
Shimwellia blattae,468,628,577,709,305,359,267,445
Shinella sp. HZN7,580,805,895,699,332,403,403,532
Short-finned eel ranavirus,NA,NA,NA,NA,NA,NA,2,NA
Shuangao Bedbug Virus 2,NA,NA,NA,NA,NA,NA,3,NA
Siansivirga zeaxanthinifaciens,201,133,82,137,300,224,303,233
Sida yellow vein Madurai virus,NA,NA,NA,1,NA,NA,NA,NA
Sideroxydans,4,8,2,13,2,1,1,5
Sideroxydans lithotrophicus,477,557,453,636,335,289,261,367
Simian adenovirus 8,NA,NA,NA,NA,NA,2,1,1
Simiduia,3,6,3,3,NA,2,1,4
Simiduia agarivorans,299,234,187,256,278,130,123,166
Simkania negevensis,108,74,63,66,132,70,59,72
Singapore grouper iridovirus,NA,NA,NA,NA,NA,4,4,1
Singulisphaera,NA,2,NA,1,NA,NA,NA,NA
Singulisphaera acidiphila,287,279,227,287,257,205,213,247
Nevskiaceae,NA,NA,NA,NA,NA,1,2,NA
Sinomonas,NA,2,3,3,NA,NA,1,2
Sinomonas atrocyanea,237,349,428,310,126,175,228,259
Sinorhizobium,5,12,5,16,3,4,NA,9
Sinorhizobium fredii,502,714,708,746,331,275,278,448
Sinorhizobium medicae,541,756,690,817,311,327,288,480
Sinorhizobium meliloti,657,917,832,908,373,428,371,628
Sinorhizobium phage PBC5,NA,NA,NA,NA,NA,1,NA,NA
Sinorhizobium phage phiLM21,6,8,12,10,2,2,2,2
Sinorhizobium phage phiM19,NA,NA,NA,NA,NA,NA,2,1
Sinorhizobium phage phiM9,NA,NA,NA,NA,1,3,3,NA
Sinorhizobium phage phiN3,NA,NA,NA,NA,NA,NA,2,1
Sinorhizobium sp. RAC02,528,573,610,552,456,339,301,394
Caudoviricetes,NA,NA,1,1,3,2,2,2
Skunkpox virus,NA,NA,NA,NA,NA,1,NA,NA
Slackia,5,8,13,5,4,NA,4,4
Slackia heliotrinireducens,3216,4644,5626,3974,1755,1910,2905,2887
Snake adenovirus 1,NA,NA,NA,NA,NA,1,NA,NA
Sneathia,NA,1,1,NA,NA,NA,NA,NA
Sneathia vaginalis,72,107,97,119,107,169,251,175
Snodgrassella,1,NA,NA,NA,NA,NA,NA,NA
Snodgrassella alvi,328,180,121,243,361,252,226,233
Sodalis,3,8,5,7,NA,2,3,4
Sodalis glossinidius,224,214,188,258,189,191,132,210
Sodalis phage SO1,NA,NA,NA,NA,1,NA,NA,NA
Sodalis praecaptivus,349,346,368,328,250,206,181,236
Sokoluk virus,NA,NA,NA,NA,1,NA,1,NA
Solanum mosaic Bolivia virus,NA,NA,NA,NA,NA,1,1,NA
Solenopsis invicta densovirus,1,1,NA,NA,NA,1,NA,NA
Solibacillus silvestris,434,261,173,273,570,614,591,493
Solibacteraceae,NA,NA,NA,NA,1,NA,2,NA
Bryobacterales,NA,NA,NA,NA,NA,NA,1,NA
Solirubrobacterales,NA,1,NA,NA,NA,NA,NA,NA
Solitalea canadensis,1447,877,550,932,1579,624,671,694
Sorangium,41,22,4,16,33,4,2,4
Sorangium cellulosum,717,1001,1255,868,481,600,767,775
Sorghum mosaic virus,NA,NA,NA,NA,NA,3,1,2
Sparus aurata papillomavirus 1,24,10,9,6,21,1,NA,5
Sphaerobacter,NA,2,1,NA,1,1,NA,1
Sphaerobacter thermophilus,513,415,372,401,421,231,206,273
Sphaerobacteraceae,NA,1,NA,NA,1,1,1,1
Sphaerobacterales,NA,NA,NA,1,NA,NA,1,NA
Sphaerochaeta,NA,1,1,NA,3,7,1,5
Parasphaerochaeta coccoides,376,335,314,349,352,230,218,280
Sphaerochaeta globosa,397,392,276,397,458,356,351,360
Sphaerochaeta pleomorpha,191,146,104,166,244,276,250,233
Sphingobacteriaceae,NA,NA,NA,NA,NA,1,NA,1
Sphingobacterium,NA,NA,NA,NA,NA,2,2,NA
Sphingobacterium sp. 21,1099,678,510,670,1157,585,548,569
Sphingobacterium sp. ML3W,1094,654,372,632,1195,524,547,536
Sphingobium,3,7,5,5,1,9,2,4
Sphingobium baderi,389,386,284,448,321,187,184,264
Sphingobium chlorophenolicum,494,467,439,441,446,213,211,268
Sphingobium indicum,217,347,405,326,130,173,220,224
Sphingobium sp. EP60837,170,262,238,235,98,122,143,191
Sphingobium sp. MI1205,199,319,389,287,165,149,163,198
Sphingobium sp. RAC03,357,378,311,384,255,168,176,237
Sphingobium sp. SYK-6,243,356,424,362,145,180,197,258
Sphingobium sp. TKS,281,406,406,357,193,183,259,283
Sphingobium sp. YBL2,283,413,426,368,147,190,283,308
Sphingomonadaceae,98,58,47,76,80,24,14,37
Sphingomonadales,1,4,1,1,NA,NA,1,NA
Sphingomonas,105,90,30,70,127,27,12,23
Sphingomonas hengshuiensis,245,360,409,382,163,195,212,277
Sphingomonas melonis,253,326,385,341,169,179,221,238
Sphingomonas panacis,215,293,305,265,153,182,183,199
Sphingomonas phage PAU,NA,NA,NA,NA,2,3,6,6
Sphingomonas sanxanigenens,446,585,555,532,309,249,261,340
Sphingomonas sp. MM-1,371,468,375,480,276,198,209,300
Sphingomonas sp. NIC1,231,320,370,287,129,154,194,204
Sphingomonas taxi,380,362,371,348,299,190,198,264
Rhizorhabdus wittichii,275,412,416,384,171,208,245,294
Sphingopyxis,7,4,4,5,6,12,8,3
Sphingopyxis alaskensis,141,193,224,163,126,137,155,162
Sphingopyxis fribergensis,215,239,325,220,163,165,155,217
Sphingopyxis granuli,309,443,408,401,238,207,216,284
Sphingopyxis macrogoltabida,355,441,428,356,284,254,317,317
Sphingopyxis sp. 113P3,826,640,467,600,766,228,159,324
Sphingopyxis terrae,222,226,274,250,145,119,138,174
Sphingorhabdus,1,NA,NA,NA,NA,2,1,NA
Sphingorhabdus sp. M41,201,226,254,216,131,143,138,152
Spiribacter,1,2,4,4,1,1,NA,4
Spiribacter salinus,80,128,138,101,38,68,62,79
Spiribacter sp. UAH-SP71,286,275,202,225,218,105,129,167
Spirochaeta,NA,2,2,NA,NA,NA,NA,NA
Spirochaeta africana,514,462,310,513,447,215,197,297
Spirochaeta thermophila,332,448,453,501,219,244,215,283
Spirochaetaceae,1,1,NA,1,NA,2,NA,4
Spirochaetales,NA,NA,NA,NA,NA,1,NA,NA
Spiroplasma,13,8,14,16,4,6,1,5
Spiroplasma apis,8,9,4,6,58,86,77,67
Spiroplasma mirum,330,448,315,558,217,169,134,244
Spiroplasma cantharicola,80,62,33,59,130,117,128,100
Spiroplasma chrysopicola,347,436,307,532,250,154,152,239
Spiroplasma culicicola,13,16,8,20,65,104,140,88
Spiroplasma diminutum,74,60,21,52,127,104,120,81
Spiroplasma eriocheiris,336,448,310,554,239,181,172,283
Spiroplasma helicoides,262,131,56,141,262,102,125,120
Spiroplasma kunkelii,248,404,291,513,158,195,194,268
Spiroplasma mirum,330,448,315,558,215,163,129,241
Spiroplasma phage 4,NA,NA,NA,NA,NA,NA,1,NA
Spiroplasma sabaudiense,5,8,13,8,38,69,97,63
Spiroplasma sp. TU-14,259,386,277,492,188,162,154,259
Spiroplasma syrphidicola,233,373,290,480,155,153,132,229
Spiroplasma taiwanense,90,75,55,91,129,111,108,116
Spirosoma,NA,NA,NA,NA,NA,1,NA,NA
Spirosoma radiotolerans,942,689,509,693,991,406,400,440
Spodoptera exigua iflavirus 1,NA,NA,NA,NA,NA,1,NA,NA
Spodoptera exigua iflavirus 2,NA,NA,NA,NA,NA,NA,2,NA
Spodoptera exigua multiple nucleopolyhedrovirus,78,49,15,31,90,9,3,18
Spodoptera frugiperda ascovirus 1a,NA,NA,NA,NA,1,1,NA,1
Spodoptera frugiperda multiple nucleopolyhedrovirus,12,15,18,12,1,17,NA,9
Spodoptera litura granulovirus,NA,NA,NA,NA,NA,NA,1,NA
Spodoptera litura nucleopolyhedrovirus,1,5,1,4,2,4,5,7
Spodoptera litura nucleopolyhedrovirus II,58,26,8,31,48,2,1,11
Spongiibacter sp. IMCC21906,334,207,117,217,331,80,79,114
Spongiibacteraceae,NA,NA,NA,NA,NA,1,NA,NA
Sporomusaceae,1,NA,NA,NA,NA,NA,NA,NA
Sporosarcina psychrophila,80,94,81,104,164,354,315,255
Squirrelpox virus,NA,3,NA,1,1,NA,6,4
Stackebrandtia,14,7,2,10,9,2,2,2
Stackebrandtia nassauensis,319,419,513,424,156,238,244,287
Stanieria,NA,NA,NA,NA,NA,NA,1,NA
Stanieria cyanosphaera,223,94,48,97,262,167,185,153
Staphylococcaceae,NA,NA,NA,NA,NA,1,NA,NA
Staphylococcus,8,18,28,13,16,16,15,12
Staphylococcus agnetis,53,46,32,48,128,210,243,167
Staphylococcus argenteus,166,133,112,147,203,233,290,221
Staphylococcus aureus,443,356,240,336,646,800,976,735
Staphylococcus capitis,166,156,120,146,232,234,281,267
Staphylococcus carnosus,47,71,67,98,135,280,304,274
Staphylococcus condimenti,49,62,65,109,126,294,321,256
Staphylococcus epidermidis,60,62,62,60,148,374,429,328
Staphylococcus equorum,116,73,76,73,207,316,383,276
Staphylococcus haemolyticus,398,271,100,260,444,311,328,321
Staphylococcus hyicus,27,33,52,58,82,217,219,176
Staphylococcus lugdunensis,33,32,31,26,98,230,251,158
Staphylococcus pasteuri,252,133,79,132,302,253,266,238
Dubowvirus dv11,NA,NA,NA,NA,NA,1,1,4
Staphylococcus phage 13,NA,NA,NA,NA,NA,1,1,2
Staphylococcus phage 187,NA,NA,NA,NA,1,1,1,1
Staphylococcus phage 23MRA,NA,2,2,NA,NA,NA,1,NA
Staphylococcus phage 29,NA,NA,NA,NA,NA,1,2,4
Staphylococcus phage 3A,NA,NA,1,NA,1,NA,NA,1
Staphylococcus phage 3MRA,NA,NA,NA,NA,1,6,1,4
Staphylococcus phage 42E,NA,NA,NA,NA,NA,2,1,4
Staphylococcus phage 44AHJD,NA,1,NA,NA,NA,1,2,1
Staphylococcus phage 47,NA,NA,NA,NA,NA,1,NA,1
Staphylococcus phage 52A,NA,NA,NA,NA,NA,NA,1,NA
Staphylococcus phage 53,NA,NA,NA,NA,NA,2,1,NA
Staphylococcus phage 66,NA,NA,NA,NA,2,5,3,8
Staphylococcus phage 6ec,NA,NA,NA,NA,NA,NA,1,1
Staphylococcus phage 77,NA,NA,NA,NA,1,1,4,NA
Staphylococcus phage 80,NA,NA,NA,NA,NA,NA,1,NA
Staphylococcus phage 80alpha,NA,NA,NA,NA,NA,2,1,NA
Staphylococcus phage 812,NA,NA,NA,NA,3,10,5,4
Staphylococcus phage 85,NA,NA,NA,NA,NA,2,1,NA
Staphylococcus phage 96,NA,NA,NA,NA,NA,1,1,4
Staphylococcus phage B236,NA,NA,NA,NA,NA,1,1,4
Staphylococcus phage BP39,NA,1,NA,NA,NA,2,3,NA
Staphylococcus phage CNPH82,NA,NA,NA,NA,1,NA,NA,1
Staphylococcus phage CNPx,NA,NA,NA,NA,1,NA,1,NA
Staphylococcus phage DW2,NA,NA,NA,NA,NA,1,1,NA
Staphylococcus phage GH15,NA,NA,NA,NA,2,7,11,3
Staphylococcus phage GRCS,NA,1,NA,NA,NA,NA,NA,NA
Staphylococcus phage IME-SA4,NA,NA,NA,NA,NA,1,NA,1
Staphylococcus phage Ipla35,NA,NA,NA,NA,1,1,NA,NA
Staphylococcus phage Ipla5,NA,NA,NA,NA,2,NA,1,3
Staphylococcus phage Ipla88,NA,NA,NA,NA,NA,2,1,NA
Staphylococcus phage JD007,NA,NA,NA,NA,NA,6,5,4
Staphylococcus phage JS01,NA,NA,NA,NA,NA,1,1,2
Staphylococcus phage MCE-2014,NA,NA,NA,NA,3,7,16,5
Staphylococcus phage P108,NA,NA,NA,NA,2,6,13,3
Staphylococcus phage P68,NA,1,NA,NA,NA,1,2,1
Staphylococcus phage P954,NA,NA,NA,NA,1,NA,2,NA
Staphylococcus phage PH15,3,4,NA,2,3,2,5,1
Staphylococcus phage Phi12,NA,NA,NA,NA,NA,1,NA,1
Staphylococcus phage phi2958PVL,NA,NA,1,NA,NA,1,NA,1
Staphylococcus phage phi5967PVL,NA,NA,1,NA,1,NA,2,NA
Staphylococcus phage phi7401PVL,NA,NA,1,NA,NA,1,NA,1
Staphylococcus phage phiBU01,NA,2,2,NA,NA,NA,1,NA
Staphylococcus phage phiETA2,NA,NA,NA,NA,NA,2,1,NA
Staphylococcus phage phiIPLA-C1C,NA,NA,NA,NA,4,6,9,10
Staphylococcus phage phiIPLA-RODI,NA,NA,NA,NA,2,9,11,4
Staphylococcus phage phiMR11,NA,NA,NA,NA,NA,1,1,4
Staphylococcus phage phiMR25,NA,NA,NA,NA,NA,2,1,NA
Staphylococcus phage phiNM,NA,NA,NA,NA,NA,2,1,NA
Staphylococcus phage phinm2,NA,NA,NA,NA,NA,2,1,NA
Staphylococcus phage phiNM3,NA,NA,NA,NA,1,1,4,NA
Staphylococcus phage phiPVL-CN125,NA,NA,1,NA,NA,1,1,2
Staphylococcus phage phiRS7,NA,NA,NA,NA,NA,NA,1,2
Staphylococcus phage phiSA012,NA,NA,NA,NA,1,2,5,NA
Staphylococcus phage phiSa119,NA,NA,1,NA,1,2,2,1
Staphylococcus phage PVL,NA,NA,1,NA,NA,1,1,2
Staphylococcus phage Pvl108,NA,NA,1,NA,NA,1,1,2
Staphylococcus phage S24-1,NA,1,NA,NA,NA,NA,NA,NA
Staphylococcus phage S25-3,NA,NA,NA,NA,1,3,8,NA
Staphylococcus phage S25-4,NA,NA,NA,NA,NA,2,6,NA
Staphylococcus phage SA1,NA,NA,NA,NA,1,NA,NA,NA
Staphylococcus phage SA12,NA,NA,NA,NA,NA,2,1,NA
Staphylococcus phage SA97,NA,NA,NA,NA,NA,2,1,NA
Staphylococcus phage SAP-2,NA,1,NA,NA,NA,2,3,NA
Staphylococcus phage Sap26,NA,NA,NA,NA,NA,2,1,NA
Staphylococcus phage Sb-1,NA,NA,NA,NA,NA,5,7,3
Staphylococcus phage SLPW,NA,1,NA,NA,NA,NA,NA,NA
Staphylococcus phage Slt,NA,NA,1,NA,NA,1,NA,NA
Staphylococcus phage SMSAP5,NA,NA,NA,NA,NA,NA,NA,1
Staphylococcus phage SpaA1,NA,NA,NA,NA,1,NA,1,1
Staphylococcus phage SPbeta-like,NA,NA,NA,NA,1,2,27,16
Staphylococcus phage Stau2,NA,NA,NA,NA,NA,3,1,NA
Staphylococcus phage StauST398-2,NA,NA,NA,NA,1,1,NA,NA
Staphylococcus phage StauST398-3,NA,NA,NA,NA,NA,1,1,4
Staphylococcus phage StauST398-4,NA,NA,NA,NA,1,1,4,NA
Staphylococcus phage StauST398-5,NA,NA,NA,NA,NA,1,2,1
Staphylococcus phage StB20,NA,4,1,NA,NA,1,1,1
Staphylococcus phage StB20-like,NA,NA,NA,NA,1,2,2,NA
Staphylococcus phage StB27,NA,NA,NA,NA,NA,1,4,NA
Staphylococcus phage Team1,NA,NA,NA,NA,3,10,7,4
Staphylococcus phage tp310-1,NA,NA,1,NA,NA,1,1,2
Staphylococcus phage tp310-2,NA,NA,NA,NA,NA,1,NA,NA
Staphylococcus phage tp310-3,NA,NA,NA,NA,NA,1,1,2
Staphylococcus phage Twort,1,NA,NA,NA,1,2,5,2
Staphylococcus phage vB_SauM_Remus,NA,NA,NA,NA,3,9,2,3
Staphylococcus phage vB_SauM_Romulus,1,NA,NA,NA,3,9,2,3
Staphylococcus phage vB_SauS_phi2,NA,NA,NA,NA,NA,2,NA,1
Staphylococcus phage vB_SepS_SEP9,NA,NA,NA,NA,1,6,3,2
Staphylococcus phage X2,NA,NA,NA,NA,1,1,1,1
Staphylococcus phage YMC/09/04/R1988,NA,NA,NA,NA,NA,1,NA,1
Staphylococcus prophage phiPV83,NA,NA,NA,NA,1,1,2,2
Staphylococcus pseudintermedius,106,171,164,216,190,431,454,407
Staphylococcus saprophyticus,149,97,57,88,235,218,260,181
Staphylococcus schleiferi,107,178,185,238,167,320,391,368
Staphylococcus simulans,346,183,132,243,496,350,385,314
Staphylococcus sp. AntiMn-1,152,95,89,96,191,272,303,240
Kayvirus G1,NA,NA,NA,NA,3,10,7,4
Kayvirus kay,NA,NA,NA,NA,3,10,5,4
Silviavirus SA11,1,NA,NA,NA,NA,6,2,2
Staphylococcus warneri,322,207,150,203,416,385,450,388
Staphylococcus xylosus,97,97,99,128,179,379,411,308
Staphylothermus hellenicus,3,8,8,10,17,23,28,25
Staphylothermus marinus,NA,1,NA,1,14,35,34,23
Starkeya,NA,3,3,2,NA,4,4,3
Ancylobacter novellus,305,413,401,436,224,209,249,280
Stenotrophomonas,24,34,25,19,22,17,19,21
Stenotrophomonas acidaminiphila,364,594,608,566,262,258,352,356
Stenotrophomonas maltophilia,1844,2082,1889,2196,1417,1077,994,1304
Stenotrophomonas nitritireducens,487,539,425,570,354,303,261,355
Stenotrophomonas phage IME13,NA,1,NA,NA,3,3,5,2
Stenotrophomonas phage Smp131,4,2,5,4,NA,1,NA,3
Stenotrophomonas phage vB_SmaS-DLP,13,10,8,11,NA,NA,NA,NA
Stenotrophomonas rhizophila,346,567,534,552,277,292,292,400
Stenotrophomonas sp. KCTC 12332,399,462,416,456,309,321,299,345
Stenotrophomonas sp. LM091,338,498,450,435,236,262,334,331
Steroidobacter,NA,NA,NA,NA,NA,4,3,1
Steroidobacter denitrificans,452,411,421,400,389,210,196,270
Stigmatella,1,1,1,2,NA,NA,1,NA
Stigmatella aurantiaca,650,847,850,886,424,371,418,558
Strawberry necrotic shock virus,NA,1,1,3,NA,1,NA,1
Streptobacillus moniliformis,124,91,81,95,201,243,312,240
Streptococcaceae,NA,NA,NA,NA,NA,1,NA,NA
Streptococcus,1,NA,2,2,3,12,12,10
Streptococcus agalactiae,254,243,216,277,1165,2534,3708,2354
Streptococcus anginosus,3459,4810,3565,5823,2457,3296,2579,3810
Streptococcus constellatus,389,553,411,726,394,654,778,654
Streptococcus cristatus,174,143,149,176,236,402,345,306
Streptococcus dysgalactiae,228,171,116,156,294,344,475,340
Streptococcus equi,173,210,236,217,222,488,474,389
Streptococcus gallolyticus,880,760,539,886,1134,1489,1290,1334
Streptococcus gordonii,542,390,249,366,685,524,580,506
Streptococcus halotolerans,117,79,66,78,145,223,246,188
Streptococcus himalayensis,180,96,52,99,236,244,271,197
Streptococcus infantarius,474,401,399,428,1375,2660,2080,2051
Streptococcus iniae,232,99,56,109,340,274,275,235
Streptococcus intermedius,200,162,113,136,340,435,439,408
Streptococcus lutetiensis,192,204,233,247,1061,2404,1797,1714
Streptococcus macedonicus,55,52,81,74,202,469,516,417
Streptococcus marmotae,318,250,263,263,340,280,240,271
Streptococcus mitis,512,439,447,418,960,1466,1477,1214
Streptococcus mutans,354,307,229,326,410,456,353,388
Streptococcus oralis,138,82,70,109,228,269,348,248
Streptococcus pantholopis,278,377,330,445,187,291,230,281
Streptococcus parasanguinis,258,155,89,151,4443,11054,61226,15720
Streptococcus parauberis,153,127,96,141,234,286,342,248
Streptococcus pasteurianus,385,403,285,403,994,2064,1374,1564
Streptococcus phage 20617,3,1,6,8,24,62,100,84
Streptococcus phage 2972,NA,NA,NA,NA,1,1,5,8
Streptococcus phage 5093,NA,NA,NA,NA,NA,1,NA,1
Streptococcus phage 7201,NA,NA,NA,NA,NA,1,2,3
Streptococcus phage A25,NA,NA,NA,NA,NA,NA,1,NA
Streptococcus phage Alq132,NA,NA,NA,NA,NA,2,2,3
Streptococcus phage C1,NA,NA,NA,NA,1,1,1,NA
Streptococcus phage Cp1,107,59,20,47,105,7,4,22
Streptococcus phage DT1,NA,NA,NA,NA,2,8,11,8
Streptococcus phage EJ-1,NA,NA,NA,NA,NA,2,1,NA
Streptococcus phage K13,NA,NA,NA,NA,NA,3,2,3
Streptococcus phage MM1,NA,NA,NA,NA,NA,4,2,4
Streptococcus phage O1205,NA,NA,NA,NA,3,6,3,4
Streptococcus phage phi3396,NA,NA,1,NA,1,NA,NA,NA
Streptococcus phage phiARI0923,NA,NA,1,NA,NA,NA,NA,NA
Streptococcus phage phiBHN167,NA,NA,NA,NA,NA,1,1,1
Streptococcus phage Sfi11,NA,NA,NA,NA,NA,2,2,3
Streptococcus phage Sfi19,NA,NA,NA,NA,NA,2,4,6
Streptococcus phage Sfi21,NA,NA,NA,NA,NA,3,3,4
Streptococcus phage SM1,NA,NA,NA,NA,NA,NA,1,NA
Streptococcus phage SPQS1,NA,NA,NA,NA,NA,2,5,3
Streptococcus phage SpSL1,NA,NA,NA,NA,NA,2,7,1
Streptococcus phage Str-PAP-1,NA,NA,NA,NA,4,3,1,NA
Streptococcus phage TP-778L,1,2,1,2,NA,1,NA,1
Streptococcus phage YMC-2011,NA,NA,NA,NA,2,2,5,2
Streptococcus pneumoniae,547,340,238,323,703,840,1057,785
Streptococcus pseudopneumoniae,323,301,321,343,315,308,392,323
Streptococcus pyogenes,363,339,297,401,1063,2293,2246,1719
Streptococcus salivarius,259,292,271,336,13688,35362,63947,50527
Streptococcus sanguinis,203,183,110,180,286,349,306,314
Streptococcus sp. A12,174,149,104,182,238,303,439,313
Streptococcus sp. I-G2,182,88,47,102,249,259,434,291
Streptococcus sp. I-P16,196,113,71,132,250,282,409,290
Streptococcus sp. oral taxon 431,72,65,51,62,134,239,299,214
Streptococcus suis,1831,2489,1891,3077,3295,6786,6211,5549
Streptococcus thermophilus,397,411,398,473,10539,26887,51231,38566
Streptococcus uberis,29,32,37,43,128,325,303,221
Streptococcus virus 9871,NA,NA,NA,NA,NA,NA,2,1
Streptococcus virus 9872,NA,NA,NA,NA,NA,NA,2,1
Streptococcus virus 9874,NA,NA,NA,NA,NA,NA,2,1
Streptomyces,265,297,264,259,200,114,118,169
Streptomyces noursei,342,512,519,459,248,254,318,384
Streptomyces albus,987,1621,1806,1552,578,737,721,976
Streptomyces ambofaciens,299,443,558,372,167,238,308,348
Streptomyces avermitilis,352,424,452,441,271,236,270,344
Streptomyces bingchenggensis,413,590,743,527,260,294,386,418
Streptantibioticus cattleyicolor,512,683,865,729,276,322,334,444
Streptomyces clavuligerus,314,437,463,444,186,217,235,308
Streptomyces coelicolor,361,531,578,648,200,282,327,360
Streptomyces collinus,424,589,717,523,235,257,345,389
Streptomyces cyaneogriseus,394,574,521,598,227,263,297,357
Streptomyces microflavus,242,362,409,362,133,224,260,289
Streptomyces glaucescens,509,754,748,880,241,294,316,450
Streptomyces globisporus,331,496,464,541,179,255,271,359
Streptomyces griseochromogenes,423,590,651,566,275,296,370,385
Streptomyces griseus,204,312,373,337,148,226,295,275
Streptomyces hygroscopicus,545,699,682,600,324,284,388,440
Streptomyces leeuwenhoekii,365,531,558,634,211,285,277,361
Streptomyces lincolnensis,330,520,553,474,204,303,345,336
Streptomyces lividans,329,508,580,535,187,282,305,380
Streptomyces lydicus,816,1178,956,1210,564,499,530,716
Streptomyces noursei,398,641,640,683,238,287,344,373
Streptomyces pactum,464,712,769,684,286,327,291,419
Streptomyces parvulus,322,539,601,464,197,239,280,354
Streptomyces phage Caliburn,NA,NA,NA,NA,NA,NA,2,1
Streptomyces phage Jay2Jay,NA,NA,NA,NA,NA,1,NA,NA
Streptomyces phage Lannister,5,8,8,1,4,2,2,NA
Streptomyces phage phiBT1,NA,NA,1,NA,NA,NA,1,NA
Streptomyces phage phiHau3,NA,NA,NA,1,NA,NA,NA,NA
Streptomyces phage phiSAJS1,NA,1,NA,NA,NA,NA,NA,NA
Streptomyces phage phiSASD1,1,NA,1,1,NA,NA,NA,NA
Streptomyces phage R4,NA,1,NA,NA,NA,NA,1,NA
Streptomyces phage SF3,NA,NA,NA,NA,NA,NA,1,3
Streptomyces phage SV1,2,1,5,1,1,1,2,2
Streptomyces phage TP1604,NA,NA,NA,NA,1,3,NA,2
Streptomyces phage VWB,9,9,23,7,5,5,1,8
Streptomyces phage YDN12,NA,NA,1,NA,1,2,NA,1
Streptomyces phage Zemlya,NA,NA,1,NA,NA,NA,NA,NA
Streptomyces pratensis,288,409,371,365,219,203,215,279
Streptomyces pristinaespiralis,373,622,703,638,210,264,350,407
Streptomyces puniciscabiei,312,538,579,560,209,287,338,391
Streptomyces reticuli,486,719,751,754,281,284,388,453
Streptomyces rubrolavendulae,270,438,453,385,174,227,307,309
Streptomyces sampsonii,399,667,667,729,230,322,308,437
Streptomyces scabiei,283,426,427,425,197,262,389,338
Streptomyces sp. 4F,379,598,588,588,211,314,329,376
Streptomyces sp. 769,525,791,818,816,274,358,360,478
Streptomyces sp. CCM_MD2014,566,682,681,651,455,326,360,488
Streptomyces sp. CdTB01,547,700,756,677,414,412,398,509
Streptomyces sp. CFMR 7,274,392,416,392,198,228,284,283
Streptomyces sp. CNQ-509,282,404,457,326,183,213,331,322
Streptomyces sp. Mg1,462,585,732,554,259,275,356,392
Streptomyces sp. PAMC 26508,342,410,398,442,214,233,201,283
Streptomyces sp. RTd22,792,940,958,1000,535,387,397,536
Streptomyces sp. S10(2016),313,488,547,538,197,296,346,337
Streptomyces sp. SAT1,297,466,496,454,183,254,307,321
Streptomyces sp. SirexAA-E,504,585,494,559,364,215,222,356
Streptomyces venezuelae,266,421,489,381,161,235,263,314
Streptomyces vietnamensis,500,617,687,660,259,288,308,425
Streptomyces violaceusniger,833,1001,915,987,672,375,309,550
Streptomyces xiamenensis,277,451,528,448,180,214,272,299
Streptomycetaceae,26,21,23,19,11,12,18,16
Kitasatosporales,NA,NA,NA,NA,NA,NA,NA,1
Streptosporangiaceae,6,4,2,5,4,1,NA,1
Streptosporangiales,NA,5,2,2,NA,1,1,4
Streptosporangium,22,22,9,30,9,12,8,16
Streptosporangium roseum,446,734,691,754,272,377,431,495
Stx2 converting phage II,NA,NA,NA,NA,197,498,218,374
Stx2 converting phage vB_EcoP_24B,NA,NA,NA,NA,87,218,94,171
Stx2-converting phage 1717,NA,NA,NA,NA,131,289,139,191
Stx2-converting phage 86,NA,NA,NA,NA,28,80,47,61
Stygiolobus rod-shaped virus,NA,NA,NA,NA,1,NA,NA,NA
Sucra jujuba nucleopolyhedrovirus,NA,NA,NA,NA,1,2,3,NA
Suid alphaherpesvirus 1,NA,NA,NA,1,NA,2,3,NA
Sulfitobacter phage EE36phi1,NA,NA,NA,NA,2,1,NA,NA
Sulfitobacter phage phiCB2047-B,NA,NA,NA,NA,NA,NA,NA,1
Sulfolobales Mexican fusellovirus 1,NA,NA,NA,NA,1,NA,NA,1
Sulfolobus acidocaldarius,67,54,27,58,84,59,54,55
Saccharolobus islandicus,52,57,61,64,73,96,111,89
Sulfolobus islandicus filamentous virus,NA,NA,NA,NA,2,4,5,1
Sulfolobus islandicus rod-shaped virus 2,2,NA,NA,1,NA,NA,NA,NA
Sulfolobus monocaudavirus SMV2,NA,NA,NA,NA,NA,1,2,NA
Sulfolobus monocaudavirus SMV3,NA,NA,NA,NA,NA,1,1,NA
Sulfolobus monocaudavirus SMV4,NA,NA,NA,NA,1,NA,NA,1
Saccharolobus solfataricus,46,29,33,36,53,49,55,29
Sulfolobus sp. A20,6,4,7,8,20,28,63,28
Sulfurisphaera tokodaii,15,19,24,22,45,49,66,41
Sulfolobus turreted icosahedral virus 1,NA,NA,NA,NA,NA,1,2,1
Sulfolobus virus STSV1,NA,NA,NA,NA,NA,2,4,1
Sulfolobus virus STSV2,NA,NA,NA,NA,NA,NA,2,1
Sulfuricella,1,1,NA,NA,NA,NA,1,1
Sulfuricella denitrificans,258,346,357,439,191,206,204,245
Nitrosomonadales,NA,NA,NA,NA,NA,NA,NA,1
Sulfuricurvum,NA,NA,NA,NA,NA,1,NA,1
Sulfuricurvum kujiense,119,84,95,78,161,133,156,121
Sulfurihydrogenibium,1,NA,NA,NA,NA,NA,NA,1
Sulfurihydrogenibium azorense,64,78,117,59,86,120,111,104
Sulfurihydrogenibium sp. YO3AOP1,189,147,111,108,220,129,117,120
Sulfurimonas autotrophica,55,103,94,104,76,170,156,160
Sulfurimonas denitrificans,176,160,109,161,188,134,124,142
Sulfuritalea,1,3,3,NA,NA,NA,1,5
Sulfuritalea hydrogenivorans,594,601,478,658,416,279,282,357
Sulfurospirillum barnesii,63,65,54,64,92,140,96,106
Sulfurospirillum cavolei,82,99,75,102,111,140,101,125
Sulfurospirillum deleyianum,40,32,43,39,52,106,100,70
Sulfurospirillum halorespirans,159,112,74,110,223,130,131,111
Sulfurospirillum multivorans,473,236,90,232,506,160,152,177
Sulfurospirillum sp. UCH001,122,75,76,75,165,132,181,132
Sulfurovum,NA,NA,NA,NA,1,1,NA,1
Sulfurovum lithotrophicum,425,302,235,291,417,222,189,238
Sulfurovum sp. NBC37-1,272,216,179,211,347,291,206,238
Swine enteric coronavirus,4,NA,NA,2,2,NA,NA,1
Swinepox virus,NA,NA,1,NA,NA,1,4,2
Symbiobacteriaceae,NA,1,NA,NA,1,NA,NA,2
Symbiobacterium,4,6,4,5,NA,NA,2,5
Symbiobacterium thermophilum,915,1382,1353,1451,439,593,557,823
Synechococcaceae,1,5,1,5,NA,1,8,6
Synechococcales,1,NA,NA,1,NA,NA,1,NA
Synechococcus,9,15,9,7,2,5,8,13
Synechococcus elongatus,214,214,189,243,171,140,147,164
Synechococcus phage ACG-2014b,NA,NA,NA,NA,1,1,4,2
Synechococcus phage ACG-2014c,NA,NA,NA,NA,NA,NA,NA,2
Synechococcus phage ACG-2014d,NA,NA,NA,NA,NA,1,2,1
Synechococcus phage ACG-2014e,NA,1,NA,NA,1,3,3,1
Synechococcus phage ACG-2014f,8,8,19,7,6,4,3,6
Synechococcus phage ACG-2014g,NA,NA,NA,NA,NA,2,6,6
Synechococcus phage ACG-2014h,NA,NA,NA,NA,1,6,3,4
Synechococcus phage ACG-2014i,4,4,NA,4,2,2,6,1
Synechococcus phage ACG-2014j,12,16,24,12,5,6,9,12
Synechococcus phage metaG-MbCM1,NA,NA,NA,NA,NA,1,1,NA
Synechococcus phage P60,NA,NA,NA,NA,3,4,1,2
Synechococcus phage S-CAM1,NA,NA,NA,NA,1,4,2,1
Synechococcus phage S-CAM8,NA,NA,NA,NA,NA,2,NA,NA
Synechococcus phage S-CBP2,NA,NA,NA,NA,NA,NA,1,NA
Synechococcus phage S-CBP3,NA,NA,NA,NA,NA,1,NA,NA
Synechococcus phage S-CBS2,1,NA,NA,NA,NA,NA,3,1
Synechococcus phage S-CBS4,NA,NA,NA,NA,NA,NA,1,NA
Synechococcus phage S-CRM01,61,36,12,27,55,13,2,2
Synechococcus phage S-IOM18,NA,NA,NA,NA,NA,NA,3,NA
Synechococcus phage S-MbCM100,NA,NA,NA,NA,NA,1,NA,NA
Synechococcus phage S-PM2,1,1,NA,NA,2,2,6,NA
Synechococcus phage S-RIM8,NA,NA,NA,NA,NA,1,1,NA
Synechococcus phage S-RIM8 A.HR1,NA,NA,NA,NA,NA,4,2,2
Synechococcus phage S-RIP2,NA,NA,NA,NA,1,3,NA,NA
Synechococcus phage S-RSM4,1,1,1,NA,4,8,3,5
Synechococcus phage S-ShM2,1,NA,NA,NA,NA,2,1,1
Synechococcus phage S-SKS1,NA,NA,NA,NA,NA,NA,2,1
Synechococcus phage S-SM1,NA,NA,NA,NA,NA,NA,NA,1
Synechococcus phage S-SM2,NA,NA,NA,1,2,3,3,1
Synechococcus phage S-SSM4,1,NA,NA,NA,2,5,4,1
Synechococcus phage S-SSM7,7,9,12,8,1,1,NA,4
Synechococcus phage Syn19,NA,NA,NA,NA,NA,1,3,1
Synechococcus phage Syn5,NA,NA,NA,NA,NA,NA,1,NA
Synechococcus phage syn9,NA,1,NA,2,2,2,2,NA
Synechococcus sp. CC9311,48,60,74,77,67,46,60,89
Synechococcus sp. CC9605,158,175,186,191,138,87,92,129
Synechococcus sp. CC9902,412,263,138,269,417,105,67,128
Synechococcus sp. JA-2-3B'a(2-13),629,642,538,766,436,236,130,348
Synechococcus sp. JA-3-3Ab,829,763,669,790,632,274,177,401
Synechococcus sp. KORDI-100,75,92,92,83,81,93,73,88
Synechococcus sp. KORDI-49,267,253,216,234,225,162,153,188
Synechococcus sp. KORDI-52,223,209,208,243,205,130,88,141
Synechococcus sp. PCC 6312,78,102,116,104,66,81,63,79
Synechococcus sp. PCC 7002,56,79,109,67,42,86,72,63
Synechococcus sp. PCC 7003,38,60,43,39,33,55,82,57
Synechococcus sp. PCC 7117,39,55,57,31,39,78,80,67
Synechococcus sp. PCC 73109,28,48,51,28,43,78,80,67
Synechococcus sp. PCC 7502,22,42,58,45,48,124,93,84
Synechococcus sp. PCC 8807,37,68,57,41,40,101,84,69
Synechococcus sp. RCC307,237,321,296,424,160,155,123,181
Synechococcus sp. UTEX 2973,192,245,217,289,156,144,143,191
Synechococcus sp. WH 7803,238,287,213,322,166,119,121,171
Synechococcus sp. WH 8102,280,251,209,291,207,127,123,175
Synechococcus sp. WH 8103,173,210,227,281,92,125,115,177
Synechococcus sp. WH 8109,185,239,244,197,133,100,95,135
Synechocystis,NA,NA,1,NA,NA,NA,1,1
Synechocystis sp. PCC 6714,70,62,36,69,65,64,71,76
Synechocystis sp. PCC 6803,166,198,149,190,169,101,93,117
Synergistaceae,3,1,NA,NA,NA,NA,NA,1
Synergistales,2,NA,2,NA,NA,NA,NA,NA
synthetic construct,170,257,219,235,1030,2409,2102,2099
Syntrophaceae,NA,NA,NA,NA,1,NA,NA,1
Syntrophobacter,NA,NA,NA,NA,NA,1,NA,1
Syntrophobacter fumaroxidans,266,321,302,316,224,185,172,258
Syntrophobacteraceae,1,NA,NA,1,NA,NA,NA,NA
Syntrophobacterales,NA,NA,NA,NA,NA,NA,3,3
Syntrophobotulus,NA,NA,NA,NA,NA,1,1,NA
Syntrophobotulus glycolicus,293,480,363,582,310,516,417,512
Syntrophomonas wolfei,113,106,83,114,168,231,236,191
Syntrophothermus lipocalidus,264,356,342,491,185,189,139,234
Syntrophus <bacteria>,NA,NA,NA,NA,1,3,2,1
Syntrophus aciditrophicus,206,151,130,167,228,183,186,196
Tequatrovirus,NA,NA,NA,NA,NA,NA,NA,1
Tai Forest ebolavirus,NA,NA,NA,NA,NA,1,1,1
Tamus red mosaic virus,NA,NA,NA,NA,1,2,NA,NA
Tannerella,1,4,3,NA,1,4,NA,NA
Tannerella forsythia,5857,5996,5600,6758,6159,6681,8922,6885
Tannerella serpentiformis,5769,4612,4249,4474,5444,2656,2582,3201
Taterapox virus,NA,NA,NA,NA,NA,1,1,NA
Tatlockia micdadei,49,53,46,59,86,100,91,83
Taylorella asinigenitalis,51,49,43,47,80,106,123,79
Taylorella equigenitalis,18,23,24,32,32,84,99,56
Temperate phage phiNIH1.1,NA,NA,NA,NA,NA,3,5,3
Tenacibaculum dicentrarchi,540,286,194,298,546,261,275,287
Tepidanaerobacter acetatoxydans,122,123,115,160,199,370,357,277
Teredinibacter,6,4,2,2,NA,2,NA,2
Teredinibacter turnerae,210,235,176,241,189,158,150,187
Terribacillus,NA,2,2,NA,NA,NA,NA,NA
Terribacillus aidingensis,146,165,224,217,232,465,374,405
Terriglobus,NA,NA,NA,NA,NA,1,1,NA
Terriglobus roseus,1840,1123,678,1069,1674,383,264,497
Terriglobus saanensis,337,319,353,327,300,174,165,217
Tetragenococcus,NA,NA,NA,NA,NA,1,NA,NA
Tetragenococcus halophilus,253,183,115,188,295,331,395,302
Tetraselmis viridis virus S1,NA,NA,NA,NA,NA,1,1,NA
Tetraselmis viridis virus S20,NA,NA,NA,NA,NA,NA,NA,1
Thalassolituus,NA,NA,NA,NA,NA,1,NA,NA
Thalassolituus oleivorans,225,180,151,180,249,189,187,177
Thalassomonas phage BA3,NA,NA,NA,NA,NA,1,NA,NA
Thalassospira,NA,NA,NA,NA,NA,1,NA,1
Thalassospira xiamenensis,297,318,286,320,289,216,191,263
Thalassotalea,1,NA,NA,NA,NA,NA,NA,NA
Thalassotalea sp. LPB0090,124,121,90,146,123,184,169,176
Thauera,63,34,26,42,51,18,11,32
Thauera humireducens,503,648,657,632,320,280,363,402
Thauera aminoaromatica,634,950,925,944,341,340,425,552
Thermaceae,5,3,5,4,NA,3,2,7
Thermacetogenium phaeum,88,169,143,159,100,195,205,222
Thermaerobacter marianensis,602,829,696,884,314,302,301,425
Thermales,2,5,5,1,NA,2,3,5
Thermanaerovibrio acidaminovorans,177,200,170,181,123,82,86,115
Thermincola potens,376,428,397,517,367,469,387,450
Thermoanaerobacter,1,4,8,1,4,4,1,8
Thermoanaerobacter brockii,345,185,80,237,448,326,286,301
Thermoanaerobacter italicus,329,184,180,246,401,336,297,319
Thermoanaerobacter kivui,597,329,195,340,747,381,316,404
Thermoanaerobacter mathranii,121,98,145,154,179,289,264,237
Thermoanaerobacter pseudethanolicus,345,185,80,237,448,326,286,301
Thermoanaerobacter sp. X513,289,158,82,156,410,385,354,295
Thermoanaerobacter sp. X514,379,217,125,273,496,378,322,327
Thermoanaerobacter wiegelii,292,157,111,179,430,428,358,336
Thermoanaerobacterales Family IV. Incertae Sedis,NA,NA,NA,NA,1,NA,NA,NA
Thermoanaerobacterium,NA,NA,NA,NA,NA,2,NA,1
Thermoanaerobacterium thermosaccharolyticum,199,258,293,328,348,688,654,570
Thermoanaerobacterium xylanolyticum,102,136,119,152,169,407,394,311
Thermobacillus,1,2,1,2,NA,NA,NA,1
Thermobacillus composti,679,633,694,640,583,543,533,590
Thermobaculum terrenum,128,116,88,95,167,96,108,91
Thermobifida,NA,NA,1,NA,1,2,NA,NA
Thermobifida fusca,340,438,461,431,224,148,151,241
Thermobispora,NA,NA,1,1,NA,4,5,5
Thermobispora bispora,229,358,459,321,131,179,210,217
Thermococcus barophilus,69,88,121,122,63,98,68,84
Thermococcus chitonophagus,8,3,2,7,15,15,21,6
Thermococcus cleftensis,39,61,75,46,31,46,27,36
Thermococcus eurythermalis,7,9,5,9,15,45,34,35
Thermococcus gammatolerans,26,48,41,52,36,49,31,31
Thermococcus guaymasensis,4,8,7,9,14,32,28,22
Thermococcus kodakarensis,62,63,51,66,75,49,48,46
Thermococcus litoralis,51,25,15,24,61,81,76,68
Thermococcus nautili,89,67,50,120,71,46,42,49
Thermococcus onnurineus,61,37,29,28,62,42,23,43
Thermococcus paralvinellae,14,30,32,22,36,55,52,48
Thermococcus peptonophilus,10,10,24,20,14,24,31,34
Thermococcus piezophilus,106,85,59,108,123,57,32,68
Thermococcus prieurii virus 1,3,5,8,4,NA,NA,2,3
Thermococcus sibiricus,154,78,43,108,133,55,41,46
Thermococcus sp. 2319x1,6,9,7,11,20,33,62,38
Thermococcus sp. 4557,20,30,25,20,27,44,26,39
Thermococcus sp. AM4,110,60,35,64,112,52,34,63
Thermocrinis,NA,NA,NA,1,NA,NA,NA,NA
Thermocrinis albus,85,35,19,50,107,42,32,30
Thermocrinis ruber,70,67,101,60,41,57,58,54
Thermodesulfatator indicus,48,85,77,103,50,91,93,90
Thermodesulfobacterium commune,68,86,95,106,50,106,96,80
Thermodesulfobacterium geofontis,83,83,107,123,81,116,105,97
Thermodesulfobium narugense,38,43,49,55,80,114,103,101
Thermodesulfovibrio,1,1,NA,NA,NA,NA,NA,NA
Thermodesulfovibrio yellowstonii,160,141,131,150,184,206,196,208
Thermofilum carboxyditrophus,68,91,100,96,28,33,21,48
Thermofilum pendens,17,25,18,43,11,13,15,17
Thermofilum sp. 1807-2,41,12,9,14,56,12,12,17
Thermofilum adornatum,67,91,100,97,28,41,22,52
Thermogladius calderae,15,32,26,25,12,20,25,15
Thermomicrobiaceae,NA,NA,1,NA,1,1,NA,NA
Thermomicrobium roseum,149,168,160,214,94,104,60,109
Thermomonospora,4,7,3,7,NA,3,1,3
Thermomonospora curvata,669,918,899,1146,328,391,349,578
Thermomonosporaceae,3,1,NA,1,4,2,4,1
Thermoplasma,NA,NA,NA,NA,NA,1,NA,NA
Thermoplasma acidophilum,7,9,17,7,18,19,19,13
Thermoplasma volcanium,1,NA,1,2,8,12,19,12
Thermoplasmatales archaeon BRNA1,141,158,114,184,122,94,81,114
Thermoproteus tenax,11,16,14,30,4,9,9,15
Thermoproteus uzoniensis,24,44,35,49,15,30,28,32
Thermosediminibacter,NA,NA,NA,NA,NA,1,NA,NA
Thermosediminibacter oceani,79,122,177,120,110,172,224,196
Thermosipho africanus,174,97,76,106,218,193,229,172
Thermosipho melanesiensis,20,16,28,27,59,193,174,125
Thermosphaera aggregans,4,6,17,6,4,8,15,8
Thermosulfidibacter,NA,NA,NA,NA,NA,1,NA,1
Thermosulfidibacter takaii,19,29,32,29,56,101,102,57
Thermosynechococcus vestitus,153,117,94,129,149,87,73,85
Thermotoga,1,NA,NA,NA,NA,NA,NA,NA
Thermotoga caldifontis,90,109,85,100,94,76,77,88
Thermotoga maritima,50,52,38,46,84,105,90,103
Thermotoga petrophila,148,156,153,180,132,111,96,143
Thermotoga neapolitana,291,159,88,153,273,145,94,123
Thermotoga petrophila,177,156,118,143,136,147,104,136
Thermotoga profunda,15,23,44,24,47,96,92,74
Thermotoga sp. 2812B,78,59,58,76,84,123,98,97
Thermotoga sp. Cell2,82,110,109,138,78,148,94,131
Thermotoga sp. RQ2,39,43,53,44,64,124,96,98
Thermotoga sp. RQ7,284,153,84,148,271,144,88,113
Thermotogales,NA,1,NA,NA,NA,NA,NA,NA
Thermovibrio,2,1,NA,NA,NA,NA,NA,NA
Thermovibrio ammonificans,134,166,159,175,107,85,73,91
Thermovirga,NA,NA,NA,NA,3,5,NA,5
Thermovirga lienii,73,99,103,77,125,215,140,167
Thermus,1,NA,3,1,1,NA,2,1
Thermus aquaticus,308,430,398,495,139,171,129,230
Thermus oshimai,310,376,285,386,206,132,118,230
Thermus parvatiensis,193,253,220,253,77,88,97,139
Thermus phage phi OH2,NA,3,2,NA,1,1,NA,NA
Thermus phage phiYS40,NA,NA,NA,NA,2,5,12,5
Thermus phage TMA,NA,NA,NA,NA,NA,2,5,5
Thermus scotoductus,340,442,318,450,212,143,100,235
Thermus sp. CCB_US3_UF1,244,372,330,426,108,125,140,202
Thermus thermophilus,330,473,410,523,164,189,198,258
Thiomicrospira aerophila,67,71,75,89,94,80,90,70
Thiomicrospira cyclica,22,33,44,38,28,51,72,53
Thioalkalivibrio,11,14,8,16,13,9,11,7
Thioalkalivibrio nitratireducens,241,322,305,291,199,179,188,242
Thioalkalivibrio paradoxus,201,320,396,286,136,138,177,214
Thioalkalivibrio sp. K90mix,287,377,395,428,176,181,195,256
Thioalkalivibrio sulfidiphilus,727,688,610,733,562,309,346,417
Thioalkalivibrio versutus,431,506,437,640,341,226,188,277
Thiobacillus,2,15,8,13,6,6,NA,5
Thiobacillus denitrificans,118,207,221,178,83,117,212,176
Thiocystis,2,NA,NA,1,NA,2,1,1
Thiocystis violascens,518,525,452,582,401,262,257,347
Thioflavicoccus,NA,1,1,NA,NA,1,NA,NA
Thioflavicoccus mobilis,358,462,563,456,230,200,214,275
Thiolapillus,NA,NA,NA,NA,NA,NA,1,NA
Thiolapillus brandeum,117,162,139,194,133,140,145,150
Hydrogenovibrio crunogenus,80,101,79,98,75,86,92,107
Thiomonas,1,3,1,4,NA,NA,2,3
Thiomonas intermedia,267,410,401,429,165,216,252,306
Thioploca,NA,NA,NA,NA,NA,NA,NA,1
Thioploca ingrica,12,14,29,12,83,204,161,131
Thiotrichaceae,NA,NA,NA,NA,1,1,1,NA
Thysanoplusia orichalcea nucleopolyhedrovirus,NA,1,NA,NA,1,NA,NA,NA
Tipula oleracea nudivirus,NA,NA,NA,NA,NA,2,5,2
Tistrella,1,1,2,1,NA,NA,2,2
Tistrella mobilis,386,474,552,473,322,260,293,368
Titi monkey adenovirus ECC-2011,NA,NA,NA,NA,NA,NA,3,NA
Tobacco mosaic virus,NA,NA,NA,NA,NA,NA,1,NA
Tobacco vein clearing virus,NA,NA,NA,NA,NA,NA,NA,1
Tokyovirus A1,64,25,12,47,65,9,3,11
Tolumonas,NA,NA,NA,NA,1,9,3,3
Tolumonas auensis,305,261,177,290,358,368,346,334
Tomato black ring virus,NA,NA,NA,NA,1,1,NA,NA
Tomato chlorotic leaf distortion virus-[Venezuela:Zulia:2004],NA,NA,NA,1,NA,NA,NA,NA
Tomato leaf curl Cotabato virus,NA,NA,NA,NA,NA,1,NA,NA
Tomato leaf curl Sri Lanka virus,NA,NA,NA,NA,NA,1,NA,NA
Tomato mosaic virus,NA,NA,NA,NA,NA,NA,1,NA
Tomato mottle mosaic virus,NA,NA,NA,NA,2,2,2,1
Tomato yellow leaf curl Axarquia virus,NA,NA,NA,NA,NA,1,NA,NA
Tomato yellow leaf curl Shuangbai virus - [Y4536],NA,NA,NA,NA,NA,1,NA,NA
Tomato yellow leaf curl virus,NA,NA,NA,NA,NA,1,NA,NA
Torque teno virus 28,NA,NA,NA,NA,1,NA,NA,NA
Tospovirus kiwifruit/YXW/2014,NA,NA,NA,NA,NA,NA,2,1
Treponema,1,1,NA,NA,1,NA,2,NA
Leadbettera azotonutricia,222,280,284,313,185,245,198,240
Treponema brennaborense,330,389,440,459,343,443,374,413
Gracilinema caldarium,359,310,280,376,375,262,223,252
Treponema denticola,162,217,249,212,194,307,271,293
Treponema pallidum,9,22,27,30,24,53,59,37
Treponema paraluiscuniculi,9,22,27,30,22,56,58,38
Treponema pedis,89,71,45,75,171,198,230,168
Treponema primitia,332,439,373,457,222,266,239,303
Treponema putidum,704,745,683,860,626,514,372,547
Treponema sp. OMZ 838,471,636,575,750,391,424,398,468
Treponema succinifaciens,2772,3649,3012,4402,2571,3780,4378,4331
Trichodesmium erythraeum,110,179,183,216,149,208,200,206
Trichoplusia ni ascovirus 2c,NA,NA,NA,NA,1,4,7,3
Trichoplusia ni single nucleopolyhedrovirus,1,NA,NA,NA,NA,NA,NA,NA
Trichormus azollae,133,107,95,113,179,135,137,122
Tropheryma whipplei,36,60,73,51,46,55,31,57
Truepera,4,9,8,6,3,3,NA,3
Truepera radiovictrix,375,433,514,514,256,200,222,302
Trueperaceae,2,NA,NA,3,1,NA,2,1
Trueperella,7,13,15,5,8,NA,1,5
Trueperella pyogenes,679,919,852,1052,373,382,327,518
Tsukamurella,4,NA,1,2,5,NA,NA,3
Tsukamurella paurometabola,371,373,384,314,281,168,185,237
Tsukamurella phage TPA2,1,NA,NA,NA,NA,NA,1,NA
Tsukamurella phage TPA4,NA,NA,NA,NA,NA,1,NA,1
Tsukamurellaceae,2,1,NA,NA,2,NA,1,NA
Tupaiid herpesvirus 1,NA,NA,NA,NA,NA,1,1,NA
Turicibacter sp. H121,436,678,634,712,834,1823,1493,1504
Turkey astrovirus,1,NA,NA,NA,NA,NA,NA,NA
Turkeypox virus,2,5,1,3,1,1,5,1
Turneriella parva,98,119,135,126,64,115,114,97
Tursiops truncatus papillomavirus 1,NA,NA,NA,NA,NA,3,1,1
TYLCAxV-Sic1-[IT:Sic2/2:04],NA,NA,NA,NA,NA,1,NA,NA
Tyzzerella,NA,NA,NA,NA,NA,1,NA,1
uncultured Termite group 1 bacterium,58,81,127,86,61,109,99,95
unidentified adenovirus,NA,NA,NA,NA,NA,4,NA,NA
Urbanus proteus nucleopolyhedrovirus,4,3,9,12,4,6,2,6
Ureaplasma parvum,31,31,26,43,38,66,82,53
Ureaplasma urealyticum,15,37,36,33,39,108,91,64
Orthopoxvirus vaccinia,1,NA,NA,NA,NA,1,1,NA
Variola virus,NA,NA,NA,NA,NA,1,2,NA
Variovorax,1,NA,NA,NA,2,4,7,NA
Variovorax paradoxus,1250,1619,1622,1701,875,838,1148,1205
Variovorax sp. PAMC 28711,293,351,354,398,198,224,226,287
Veillonella parvula,199,271,248,389,3264,8353,60864,11773
Veillonellaceae,NA,NA,NA,NA,1,1,NA,1
Verminephrobacter,NA,NA,NA,NA,NA,1,NA,NA
Verminephrobacter eiseniae,282,394,390,370,209,215,331,322
Verrucomicrobia bacterium IMCC26134,483,488,466,477,409,278,217,319
Verrucomicrobia bacterium L21-Fru-AB,169,246,279,237,115,154,196,226
Verrucomicrobiales,NA,NA,NA,NA,NA,NA,NA,1
Micromonospora,39,24,6,18,32,4,1,8
Micromonospora maris,272,383,367,432,162,195,262,283
Vibrio,16,16,11,23,11,23,24,13
Vibrio alginolyticus,339,220,140,236,408,270,229,236
Vibrio anguillarum,216,202,137,178,230,170,191,185
Vibrio antiquarius,373,254,151,239,418,224,185,194
Vibrio breoganii,351,251,164,259,372,162,152,187
Vibrio campbellii,543,358,211,305,601,266,179,237
Vibrio cholerae,941,616,371,616,1024,725,1160,931
Vibrio coralliilyticus,330,288,215,237,425,409,325,369
Vibrio fluvialis,432,271,174,284,462,247,254,244
Vibrio furnissii,381,266,189,296,369,202,205,191
Vibrio harveyi,352,241,152,220,390,242,205,218
Vibrio mimicus,788,591,416,609,745,449,347,431
Vibrio natriegens,448,276,218,286,503,372,295,323
Vibrio nigripulchritudo,223,190,163,170,285,247,227,213
Vibrio parahaemolyticus,601,428,230,425,662,466,452,412
Vibrio phage 11895-B1,NA,NA,NA,NA,1,1,2,NA
Vibrio phage CHOED,NA,NA,NA,NA,2,9,3,3
Vibrio phage eugene 12A10,NA,NA,NA,NA,NA,1,5,NA
Vibrio phage helene 12B3,NA,NA,NA,NA,NA,1,4,NA
Vibrio phage ICP1,NA,NA,1,1,NA,1,NA,NA
Vibrio phage KVP40,NA,NA,NA,3,1,3,NA,4
Vibrio phage nt-1,1,1,NA,NA,8,10,12,9
Vibrio phage phi 1,NA,NA,NA,NA,1,NA,NA,NA
Vibrio phage phi 3,NA,NA,NA,NA,NA,NA,2,NA
Vibrio phage PV94,NA,NA,NA,NA,1,NA,NA,NA
Vibrio phage pVp-1,NA,NA,NA,NA,NA,NA,1,NA
Vibrio phage pYD21-A,NA,NA,1,1,NA,NA,NA,NA
Vibrio phage pYD38-A,NA,NA,NA,NA,1,NA,NA,NA
Vibrio phage SIO-2,NA,NA,NA,NA,1,NA,1,NA
Vibrio phage ValKK3,4,4,9,12,3,6,5,7
Vibrio phage vB_VpaS_MAR10,1,NA,NA,NA,NA,NA,1,1
Vibrio phage VBP32,NA,NA,NA,NA,NA,NA,1,NA
Vibrio phage VFJ,NA,NA,NA,NA,NA,NA,NA,1
Vibrio phage VH7D,NA,NA,NA,3,3,7,7,7
Vibrio scophthalmi,104,144,151,181,127,176,211,188
Vibrio sp. EJY3,195,146,146,148,206,219,170,180
Vibrio tasmaniensis,137,82,54,103,161,108,136,97
Vibrio tritonius,265,169,86,181,273,175,216,188
Vibrio tubiashii,171,170,134,156,200,172,119,161
Vibrio vulnificus,664,509,386,576,641,372,376,459
Vibrionaceae,NA,2,NA,NA,1,3,NA,2
Vibriophage VP4,1,NA,NA,NA,NA,NA,NA,NA
Virgibacillus,NA,2,2,NA,NA,NA,NA,NA
Virgibacillus sp. SK37,125,86,70,109,172,263,283,218
Volepox virus,NA,NA,NA,NA,NA,1,4,2
Vulcanisaeta distributa,13,7,8,7,21,15,13,11
Vulcanisaeta moutnovskia,80,64,29,55,99,35,34,33
Vulgatibacter,4,4,5,8,1,1,1,NA
Vulgatibacter incomptus,437,495,513,498,258,224,193,327
Vulgatibacteraceae,15,11,3,8,11,2,1,4
Waddlia chondrophila,63,72,104,61,37,58,73,70
Weeksella virosa,500,337,202,330,536,262,273,245
Weissella,22,36,9,41,13,14,2,15
Weissella ceti,295,302,243,399,214,298,224,276
Weissella cibaria,238,280,246,383,126,175,138,202
Weissella koreensis,267,383,332,499,155,259,204,295
Weissella phage WCP30,NA,NA,NA,NA,NA,1,1,NA
Wenyingzhuangia,NA,NA,NA,NA,NA,1,NA,NA
Wenyingzhuangia fucanilytica,751,429,193,478,834,300,370,327
Wenzhouxiangella,3,1,1,2,NA,3,3,3
Wenzhouxiangella marina,275,324,341,302,220,171,177,243
Wenzhouxiangellaceae,8,10,5,6,3,4,1,3
Wheat dwarf India virus,NA,NA,NA,NA,NA,2,1,1
White clover cryptic virus 2,NA,NA,NA,NA,NA,1,NA,NA
White spot syndrome virus,9,17,8,28,9,2,4,3
Wigglesworthia glossinidia,41,19,15,23,48,61,88,65
Wild potato mosaic virus,NA,NA,1,NA,NA,NA,NA,NA
Winogradskyella sp. PG-2,407,257,139,244,427,301,270,280
Wiseana iridescent virus,NA,NA,NA,1,1,3,NA,1
Woeseia,NA,NA,NA,NA,NA,1,1,NA
Woeseia oceani,112,126,143,146,100,124,117,132
Wolbachia,1,3,8,1,1,NA,NA,2
Wolbachia endosymbiont of Brugia malayi,12,23,14,29,22,69,29,37
Wolbachia endosymbiont of Cimex lectularius,56,35,16,34,58,29,28,35
Wolbachia endosymbiont of Drosophila melanogaster,19,12,11,22,30,31,52,41
Wolbachia endosymbiont of Drosophila simulans,24,33,39,33,45,83,100,75
Wolbachia endosymbiont of Onchocerca ochengi,21,2,5,5,13,19,36,20
Wolbachia endosymbiont of Onchocerca volvulus,21,2,5,5,13,20,32,13
Wolbachia sp. wRi,41,18,10,33,66,27,44,35
Wolinella succinogenes,239,177,97,176,258,112,97,117
Wongabel virus,NA,NA,NA,NA,NA,NA,1,NA
WU Polyomavirus,NA,NA,NA,NA,1,3,NA,2
Wuchang Cockroach Virus 1,NA,NA,NA,NA,NA,NA,NA,1
Wuhan House Fly Virus 2,NA,NA,NA,NA,NA,NA,3,1
Wuhan Mosquito Virus 2,NA,NA,NA,NA,2,1,2,1
Wuhan Tick Virus 2,NA,NA,NA,NA,1,NA,NA,NA
Xanthobacter,2,2,5,3,4,6,1,13
Xanthobacter autotrophicus,428,618,645,701,256,291,354,500
Xanthobacteraceae,4,8,2,6,NA,1,4,2
Lysobacteraceae,46,36,23,32,28,17,17,22
Lysobacterales,4,7,4,1,NA,1,4,5
Xanthomonas,29,46,27,53,30,15,28,30
Xanthomonas albilineans,162,195,181,212,119,134,154,144
Xanthomonas alfalfae,565,628,605,674,404,276,265,388
Xanthomonas axonopodis,511,576,543,705,406,335,321,372
Xanthomonas campestris,1513,1468,1100,1598,1167,649,659,916
Xanthomonas citri,741,725,680,883,578,372,315,487
Xanthomonas citri phage CP2,NA,NA,NA,NA,NA,NA,NA,1
Xanthomonas euvesicatoria,536,560,565,564,405,262,263,369
Xanthomonas fragariae,242,264,261,340,174,184,162,206
Xanthomonas citri pv. fuscans,553,484,429,612,451,289,263,360
Xanthomonas oryzae,814,882,821,1007,636,445,437,577
Xanthomonas phage OP1,NA,NA,NA,NA,NA,1,NA,NA
Xanthomonas phage OP2,NA,NA,NA,NA,NA,NA,1,1
Xanthomonas sacchari,484,602,615,668,359,262,316,385
Xanthomonas translucens,652,747,712,647,539,354,422,456
Xenorhabdus,3,1,NA,3,4,2,1,NA
Xenorhabdus bovienii,376,318,269,292,406,344,313,299
Xenorhabdus doucetiae,148,162,148,189,175,172,208,181
Xenorhabdus hominickii,280,177,157,175,253,162,149,170
Xenorhabdus nematophila,116,129,125,132,180,208,158,171
Xenorhabdus poinarii,175,206,215,249,179,192,140,175
Xestia c-nigrum granulovirus,1,NA,NA,NA,NA,1,NA,NA
Xiburema virus,NA,NA,NA,NA,NA,NA,NA,1
Xinzhou spider virus 3,NA,NA,NA,NA,NA,NA,3,1
Xylanimonas,5,8,12,5,5,NA,3,5
Xylanimonas cellulosilytica,351,495,627,508,180,247,273,346
Xylella,1,NA,NA,NA,NA,NA,NA,NA
Xylella fastidiosa,66,81,86,111,71,105,134,148
Yaba monkey tumor virus,NA,NA,NA,NA,1,3,5,5
Yaba-like disease virus,NA,NA,NA,NA,3,5,6,4
Yacon necrotic mottle virus,NA,NA,1,NA,NA,NA,NA,NA
Alloyangia,1,NA,NA,NA,1,1,1,NA
Yangia sp. CCB-MM3,660,813,822,841,447,355,353,455
Yellow baboon polyomavirus 1,NA,NA,NA,NA,NA,2,3,NA
Yellowstone lake mimivirus,122,60,32,49,142,13,3,25
Yellowstone lake phycodnavirus 1,6,11,21,12,3,5,5,7
Yellowstone lake phycodnavirus 2,1,NA,NA,NA,1,2,2,2
Yellowstone lake phycodnavirus 3,29,12,8,8,26,5,4,11
Yellowstone Lake virophage 6,NA,NA,NA,NA,NA,1,NA,NA
Yellowstone Lake virophage 7,1,NA,NA,NA,NA,NA,NA,NA
Yersinia <enterobacteria>,8,6,2,15,8,6,9,7
Yersinia aldovae,167,157,161,194,156,149,160,192
Yersinia aleksiciae,437,294,218,339,326,170,157,208
Yersinia enterocolitica,950,607,416,595,957,504,435,550
Yersinia frederiksenii,395,272,240,296,402,217,191,252
Yersinia intermedia,398,288,172,328,341,183,169,202
Yersinia kristensenii,448,321,212,318,433,210,201,244
Yersinia pestis,176,138,130,158,214,200,229,190
Yersinia phage phiD1,NA,NA,NA,NA,NA,NA,1,NA
Yersinia phage phiR1-37,24,28,20,35,9,7,2,11
Yersinia phage phiR1-RT,NA,NA,NA,NA,2,9,3,13
Yersinia phage phiR201,NA,NA,NA,NA,NA,1,NA,NA
Yersinia phage PST,1,2,3,NA,NA,1,1,1
Yersinia phage vB_YenM_TG1,NA,NA,NA,NA,2,8,1,12
Yersinia phage vB_YenP_ISAO8,10,11,16,8,1,1,2,6
Yersinia pseudotuberculosis,216,183,231,237,235,267,311,268
Yersinia rohdei,262,216,147,220,252,210,171,202
Yersinia ruckeri,109,142,131,175,98,143,192,161
Yersinia similis,332,193,148,228,292,168,164,176
Yersiniaceae,7,10,5,14,5,5,3,4
Yoka poxvirus,2,3,1,7,1,4,8,4
Zaire ebolavirus,NA,NA,NA,NA,NA,NA,3,NA
Zhongshania,NA,NA,NA,NA,NA,NA,1,NA
Zhongshania aliphaticivorans,153,126,89,149,156,103,126,125
Zobellia,NA,NA,NA,NA,NA,1,NA,NA
Zobellia galactanivorans,882,559,382,585,914,444,438,478
Zunongwangia profunda,936,545,311,541,896,452,452,459
Zymomonas mobilis,181,199,170,236,247,342,389,360
