species,Healthy_stool_10_1_noerr,Healthy_stool_10_10_noerr,Healthy_stool_10_100_noerr,Healthy_stool_10_50_noerr,Healthy_stool_100_1_noerr,Healthy_stool_100_10_noerr,Healthy_stool_100_100_noerr,Healthy_stool_100_50_noerr
'Deinococcus soli' Cha et al. 2014,40,52,32,47,19,15,25,24
Salisediminibacterium selenitireducens,41,34,29,39,47,47,30,37
[Brevibacterium] flavum,53,32,19,47,52,21,12,26
Ruminiclostridium cellulolyticum,49,55,84,72,61,129,95,110
[Clostridium] cellulosi,167,222,228,285,109,114,67,125
Acetivibrio clariflavus,51,62,45,62,77,98,92,84
Anaerotignum propionicum,64,93,101,128,68,148,126,128
Lacrimispora saccharolytica,131,143,104,164,447,1054,738,704
Thermoclostridium stercorarium,24,50,30,55,28,79,59,66
Klebsiella aerogenes,34,48,41,62,69,165,382,230
Lachnospira eligens,283,424,394,446,6727,17308,9869,10853
Agathobacter rectalis,50812,76384,101309,47165,24112,25465,13346,38665
[Eubacterium] sulci,30,26,36,43,53,83,62,53
[Haemophilus] ducreyi,14,10,13,19,19,9,14,11
Glaesserella parasuis,24,11,14,30,32,44,23,34
[Mannheimia] succiniciproducens,13,11,12,12,3,20,21,12
[Polyangium] brachysporum,26,40,33,32,20,17,23,31
Abalone shriveling syndrome-associated virus,NA,NA,NA,NA,NA,NA,3,NA
Acanthamoeba polyphaga mimivirus,NA,NA,NA,NA,1,4,4,2
Acanthamoeba polyphaga moumouvirus,4,4,5,9,7,5,3,4
Acanthocystis turfacea Chlorella virus 1,NA,1,NA,NA,NA,NA,NA,NA
Acaryochloris,NA,NA,NA,NA,NA,NA,NA,1
Acaryochloris marina,19,14,12,13,14,18,18,8
Acetoanaerobium sticklandii,15,9,11,12,29,61,88,48
Acetobacter pasteurianus,83,57,52,52,71,33,25,38
Acetobacter senegalensis,20,22,20,19,24,17,11,18
Acetobacter sp. SLV-7,14,21,12,19,10,8,11,10
Acetobacteraceae,1,1,1,1,1,NA,NA,1
Acetobacterium woodii,13,10,7,13,33,60,60,50
Acetohalobium arabaticum,3,2,4,6,16,49,37,30
Acholeplasma brassicae,6,6,6,6,9,18,13,8
Acholeplasma laidlawii,10,5,5,9,21,14,27,17
Acholeplasma oculi,6,4,4,7,23,23,27,17
Acholeplasma palmae,9,10,8,20,11,32,33,31
Achromobacter,1,1,1,4,NA,1,4,NA
Achromobacter denitrificans,44,53,57,55,26,39,44,56
Achromobacter xylosoxidans,168,200,206,190,111,114,157,153
Acidaminococcaceae,NA,NA,NA,NA,NA,NA,NA,1
Acidaminococcus,NA,NA,NA,NA,NA,NA,NA,1
Acidaminococcus fermentans,81,116,82,104,57,132,163,128
Acidaminococcus intestini,35,43,44,52,536,1346,6521,1917
Deltalipothrixvirus pozzuoliense,NA,1,1,NA,NA,NA,NA,NA
Acidianus filamentous virus 8,NA,NA,NA,NA,NA,1,NA,1
Acidianus hospitalis,5,8,3,4,8,NA,3,3
Acidianus spindle-shaped virus 1,NA,NA,NA,NA,NA,1,1,NA
Acidianus tailed spindle virus,NA,NA,NA,NA,NA,NA,1,NA
Acidihalobacter prosperus,32,31,18,18,18,19,18,15
Acidilobus saccharovorans,5,7,7,3,3,3,2,3
Acidimicrobium ferrooxidans,5,7,6,4,5,4,6,8
Acidiphilium,NA,NA,NA,NA,NA,NA,NA,2
Acidiphilium cryptum,16,19,22,13,13,15,18,11
Acidiphilium multivorum,18,23,21,15,12,15,16,11
Acidipropionibacterium,NA,1,NA,NA,NA,NA,NA,NA
Acidipropionibacterium acidipropionici,50,46,65,52,30,21,23,33
Acidithiobacillus,NA,NA,1,1,NA,NA,NA,NA
Acidithiobacillus caldus,27,22,9,26,24,10,9,11
Acidithiobacillus ferrivorans,21,24,23,21,13,11,15,20
Acidithiobacillus ferrooxidans,18,28,31,27,14,6,8,14
Acidobacteriaceae,NA,NA,NA,NA,1,NA,NA,NA
Acidobacterium,NA,NA,2,NA,NA,NA,NA,NA
Acidobacterium capsulatum,31,33,44,46,18,31,26,19
Acidothermus,NA,NA,1,NA,NA,NA,NA,NA
Acidothermus cellulolyticus,11,21,13,17,4,9,7,14
Acidovorax,1,NA,1,1,NA,NA,NA,NA
Paracidovorax avenae,55,58,66,60,47,28,29,36
Paracidovorax citrulli,49,49,75,68,20,25,34,35
[Acidovorax] ebreus,30,47,71,52,31,47,56,48
Acidovorax sp. JS42,30,55,80,49,32,36,80,60
Acidovorax sp. KKS102,79,72,56,77,55,38,56,62
Acidovorax sp. RAC01,58,55,57,64,43,27,50,48
Candidatus Aciduliprofundum boonei,NA,NA,1,NA,2,2,3,3
Aciduliprofundum sp. MAR08-339,NA,1,NA,NA,1,NA,1,3
Acinetobacter,NA,NA,NA,NA,NA,3,12,1
Acinetobacter baumannii,42,38,29,45,49,80,114,94
Acinetobacter equi,9,7,12,11,13,24,20,22
Acinetobacter johnsonii,17,12,9,15,12,13,26,24
Acinetobacter nosocomialis,1,2,2,NA,4,15,18,8
Acinetobacter oleivorans,3,7,6,14,5,14,19,11
Acinetobacter phage Acj61,9,3,2,2,6,NA,NA,3
Acinetobacter phage vB_AbaM_Acibel004,NA,NA,NA,NA,NA,1,1,NA
Acinetobacter phage YMC13/03/R2096,NA,NA,1,NA,NA,NA,NA,NA
Acinetobacter phage ZZ1,NA,NA,NA,NA,NA,NA,1,NA
Acinetobacter pittii,9,13,13,17,18,31,45,43
Acinetobacter sp. ADP1,10,14,18,10,14,14,12,19
Acinetobacter sp. BRTC-1,14,7,5,4,12,12,9,15
Acinetobacter sp. NCu2D-2,2,3,3,2,5,9,11,6
Acinetobacter sp. TGL-Y2,24,22,9,22,22,14,11,12
Acinetobacter sp. TTH0-4,15,10,12,7,18,15,13,9
Acinetobacter virus 133,NA,NA,NA,NA,NA,NA,1,NA
Actinoalloteichus hymeniacidonis,17,26,32,20,14,20,19,17
Actinobacillus,NA,NA,NA,NA,NA,1,3,NA
Actinobacillus equuli,35,19,5,18,30,18,15,24
Actinobacillus pleuropneumoniae,43,33,20,32,52,22,20,35
Actinobacillus succinogenes,6,8,13,8,9,15,16,13
Actinobacillus suis,9,9,12,20,14,15,22,18
Actinobacteria bacterium IMCC26256,22,12,8,15,16,10,2,12
Actinomyces,1,2,3,1,1,NA,NA,1
Actinomyces meyeri,32,24,32,20,15,6,17,19
Actinomyces oris,26,39,36,36,9,18,21,24
Actinomyces radicidentis,19,61,61,29,14,20,20,34
Actinomyces sp. oral taxon 414,45,57,62,53,7,20,32,31
Actinomyces sp. VUL4_3,13,22,12,11,8,9,7,11
Actinoplanes,NA,1,NA,3,NA,NA,NA,1
Actinoplanes friuliensis,46,63,62,48,28,36,32,43
Actinoplanes missouriensis,52,51,80,53,33,31,31,36
Actinoplanes sp. N902-109,64,77,84,62,35,30,50,44
Actinoplanes sp. SE50/110,49,58,59,57,37,31,47,28
Actinosynnema mirum,49,75,87,91,46,32,39,45
Actinotignum schaalii,12,22,19,19,12,8,10,14
Adlercreutzia,NA,NA,NA,NA,NA,NA,1,NA
Adlercreutzia equolifaciens,289,419,534,325,1069,2627,8539,3795
Adoxophyes honmai entomopoxvirus 'L',6,9,3,3,6,NA,1,2
Adoxophyes orana granulovirus,NA,NA,NA,NA,NA,NA,1,NA
Advenella kashmirensis,15,29,32,35,10,17,16,23
Advenella mimigardefordensis,14,18,17,14,10,11,12,19
Aequorivita sublithincola,20,11,9,15,26,27,29,26
Aerococcus,NA,NA,NA,1,NA,NA,NA,NA
Aerococcus christensenii,18,18,15,24,25,38,31,36
Aerococcus sanguinicola,7,11,7,17,7,13,13,12
Aerococcus urinae,10,8,5,10,5,21,24,30
Aerococcus urinaeequi,34,16,12,23,32,26,20,25
Aerococcus urinaehominis,14,7,2,10,24,22,17,15
Aerococcus viridans,4,2,4,6,12,26,31,18
Aeromicrobium,7,1,NA,2,3,1,NA,NA
Aeromicrobium erythreum,33,42,56,23,26,15,25,21
Aeromonas,2,2,NA,1,4,2,5,7
Aeromonas hydrophila,224,287,256,294,155,158,203,241
Aeromonas media,42,43,35,48,33,30,26,35
Aeromonas phage phiAS4,NA,NA,NA,NA,NA,1,NA,NA
Aeromonas phage phiAS5,NA,NA,1,NA,1,NA,NA,1
Aeromonas phage PX29,1,2,NA,1,1,NA,NA,1
Aeromonas salmonicida,60,72,47,57,41,37,31,47
Aeromonas schubertii,45,54,61,59,24,24,40,49
Aeromonas veronii,100,112,112,125,111,153,254,197
Aeromonas virus 31,NA,NA,NA,2,NA,NA,1,NA
Biquartavirus 44RR2,NA,NA,NA,2,NA,NA,1,NA
African swine fever virus,NA,NA,NA,NA,NA,NA,3,1
Agarivorans gilvus,19,17,12,17,18,8,8,11
Aggregatibacter actinomycetemcomitans,8,10,7,11,5,19,26,18
Aggregatibacter aphrophilus,16,15,19,28,20,17,23,25
Agrobacterium,4,9,5,NA,2,2,1,1
Agrobacterium fabrum,46,54,49,55,40,39,35,41
Agrobacterium tumefaciens,47,51,42,57,23,25,29,37
Agrobacterium sp. RAC06,49,40,31,40,28,27,29,21
Agrobacterium tumefaciens,146,138,133,159,110,82,84,101
Agrobacterium vitis,23,43,25,42,20,21,26,36
Agromyces,NA,NA,1,NA,NA,NA,NA,NA
Agromyces sp. AR33,22,49,61,46,20,16,22,27
Agrotis ipsilon multiple nucleopolyhedrovirus,NA,NA,NA,NA,NA,1,1,NA
Agrotis segetum granulovirus,NA,NA,NA,NA,NA,1,NA,NA
Agrotis segetum nucleopolyhedrovirus,NA,NA,NA,NA,NA,NA,1,NA
Akkermansia glycaniphila,31,40,53,30,22,28,33,44
Akkermansia muciniphila,75,63,84,72,7410,19435,7370,11893
Akkermansiaceae,NA,NA,NA,3,1,NA,NA,NA
Alcaligenaceae,NA,NA,2,3,1,NA,NA,1
Alcaligenes,1,NA,NA,NA,NA,NA,3,1
Alcaligenes faecalis,24,30,22,32,27,24,27,24
Alcanivoracaceae,1,NA,1,1,1,NA,NA,NA
Alcanivorax,1,1,2,1,1,2,4,2
Alcanivorax borkumensis,2,6,4,5,3,11,11,5
Alloalcanivorax dieselolei,56,41,36,41,37,21,17,31
Isoalcanivorax pacificus,42,33,34,34,22,22,29,30
Alcanivorax sp. NBRC 101098,2,6,4,5,3,11,12,5
Algibacter alginolytica,28,20,15,25,25,34,30,22
Algoriphagus sp. M8-2,49,35,40,40,43,24,20,30
Alicycliphilus,3,3,NA,1,2,NA,NA,2
Alicycliphilus denitrificans,71,89,101,81,91,48,113,76
Alicyclobacillaceae,NA,NA,NA,NA,NA,NA,NA,1
Alicyclobacillus acidocaldarius,28,58,56,63,27,46,34,38
Aliivibrio fischeri,20,13,13,13,27,26,21,17
Aliivibrio salmonicida,12,9,6,7,22,11,14,9
Aliivibrio wodanis,4,9,12,15,12,22,17,18
Alistipes,1,NA,NA,NA,NA,NA,NA,1
Alistipes finegoldii,3655,4909,7380,3521,6164,12425,12674,9903
Alkalilimnicola,NA,NA,NA,1,NA,NA,NA,NA
Alkalilimnicola ehrlichii,40,37,37,54,39,15,21,24
Alkaliphilus metalliredigens,19,9,24,21,36,59,63,57
Alkaliphilus oremlandii,14,17,19,26,33,64,46,55
Allium virus X,2,2,NA,5,1,NA,NA,NA
Allochromatium,NA,NA,NA,NA,NA,NA,NA,1
Allochromatium vinosum,22,53,50,53,22,25,30,35
Allofrancisella guangzhouensis,17,5,4,7,13,6,7,8
alpha proteobacterium HIMB5,4,2,1,3,2,6,6,7
alpha proteobacterium HIMB59,NA,NA,NA,NA,1,11,10,6
Alphaproteobacteria,NA,1,NA,NA,NA,NA,NA,NA
Altererythrobacter,9,10,1,3,3,NA,NA,3
Altererythrobacter atlanticus,30,40,23,29,19,15,15,33
Altererythrobacter dongtanensis,31,23,24,27,23,15,19,14
Altererythrobacter epoxidivorans,19,20,28,17,11,10,10,17
Altererythrobacter ishigakiensis,8,9,8,7,16,12,7,7
Altererythrobacter marensis,10,19,19,23,5,14,11,20
Altererythrobacter namhicola,22,24,24,21,15,18,15,17
Alteromonadaceae,1,NA,1,1,1,NA,NA,1
Alteromonas,NA,NA,NA,NA,NA,NA,NA,2
Alteromonas stellipolaris,15,8,18,15,9,13,11,12
Alteromonas australica,7,3,4,4,6,13,14,10
Alteromonas macleodii,46,33,21,34,45,39,42,31
Alteromonas mediterranea,33,29,19,30,32,26,29,19
Alteromonas naphthalenivorans,11,6,6,9,7,4,12,2
Alteromonas sp. Mac1,23,11,20,17,13,13,11,11
Alteromonas stellipolaris,34,22,19,21,22,13,18,16
Aminobacter,NA,NA,NA,NA,NA,NA,NA,1
Aminobacter aminovorans,47,77,68,83,36,24,33,45
Aminobacterium colombiense,14,19,16,15,11,11,17,8
Ammonifex degensii,17,29,30,48,15,20,10,15
Amphibacillus xylanus,23,25,30,26,44,41,45,38
Amsacta moorei entomopoxvirus,NA,NA,NA,NA,NA,1,NA,NA
Amycolatopsis,7,2,1,1,3,2,1,NA
Amycolatopsis japonica,29,35,41,24,20,25,24,23
Amycolatopsis mediterranei,55,74,64,60,39,35,47,50
Amycolatopsis methanolica,30,55,53,58,18,23,39,40
Amycolatopsis orientalis,37,74,84,55,28,56,52,63
Anabaena,NA,NA,NA,NA,NA,NA,NA,1
Anabaena cylindrica,3,9,8,9,8,28,12,21
Anabaena sp. 90,19,26,18,27,13,25,18,25
Anabaena sp. wa102,11,18,10,11,11,12,17,15
Acetomicrobium mobile,2,9,6,7,1,9,4,6
Anaerococcus prevotii,24,26,36,37,34,44,94,49
Anaerolinea thermophila,30,45,34,44,18,21,10,27
Anaerolineaceae bacterium oral taxon 439,16,13,19,24,8,19,34,19
Anaeromyxobacter,NA,NA,2,1,1,NA,1,NA
Anaeromyxobacter dehalogenans,84,90,107,104,48,60,74,70
Anaeromyxobacter sp. Fw109-5,46,45,53,42,33,26,29,36
Anaeromyxobacter sp. K,37,44,74,59,15,35,48,35
Anaplasma centrale,4,5,2,4,4,2,3,3
Anaplasma marginale,6,10,8,12,4,3,2,3
Anaplasma phagocytophilum,3,10,3,4,9,7,5,5
Anatid herpesvirus 1,NA,NA,NA,NA,NA,1,NA,NA
Aneurinibacillus,NA,NA,NA,NA,NA,NA,NA,1
Aneurinibacillus sp. XH2,40,29,14,30,41,27,38,33
Anguillid herpesvirus 1,NA,NA,NA,NA,NA,1,1,NA
Anomala cuprea entomopoxvirus,NA,1,NA,NA,1,2,3,1
Anoxybacillus amylolyticus,17,19,10,19,19,28,29,26
Anoxybacillus flavithermus,1,NA,3,5,11,29,23,14
Anoxybacillus gonensis,10,12,4,9,12,29,26,23
Anoxybacillus sp. B2M1,2,9,14,13,10,41,33,28
Anoxybacillus sp. B7M1,2,6,17,15,16,41,22,28
Aquifex aeolicus,9,4,1,4,17,7,4,11
Arabis mosaic virus,NA,NA,NA,NA,NA,NA,NA,1
Arachidicoccus sp. BS20,29,38,21,48,40,44,46,41
Arcanobacterium,NA,NA,NA,NA,1,NA,NA,NA
Arcanobacterium haemolyticum,10,19,13,21,9,12,16,14
Archaeoglobus fulgidus,7,4,NA,2,8,6,3,NA
Archaeoglobus profundus,3,3,4,3,1,6,4,5
Archaeoglobus sulfaticallidus,8,2,NA,2,8,7,2,3
Archaeoglobus veneficus,9,13,8,8,4,5,4,12
Archangium,NA,NA,NA,1,NA,NA,NA,NA
Archangium gephyra,72,99,92,76,54,43,36,62
Aliarcobacter butzleri,NA,4,9,6,21,29,29,29
Arcobacter nitrofigilis,14,7,4,7,15,19,30,16
Arcobacter sp. L,2,5,6,8,10,25,14,18
Armadillidium vulgare iridescent virus,12,10,3,8,13,NA,2,2
Aromatoleum aromaticum,32,25,18,21,27,15,23,25
Arsenicicoccus sp. oral taxon 190,17,23,26,22,12,11,24,25
Arsenophonus symbiont of Lipoptena fortisetosa,NA,NA,NA,NA,3,8,1,6
Arthrobacter,NA,1,1,3,2,NA,2,1
Arthrobacter alpinus,46,47,50,60,39,25,18,37
Arthrobacter phage vB_ArS-ArV2,1,2,4,NA,1,NA,NA,1
Arthrobacter sp. A3,38,34,30,49,48,22,14,21
Arthrobacter sp. ATCC 21022,20,27,29,30,7,11,12,19
Arthrobacter sp. ERGS1:01,37,49,61,52,20,28,24,42
Arthrobacter sp. FB24,35,45,46,50,14,20,15,32
Arthrobacter sp. IHBB 11108,27,24,16,30,21,12,13,15
Arthrobacter sp. LS16,53,38,39,55,27,21,21,28
Arthrobacter sp. PAMC 25486,37,46,32,33,34,18,15,25
Arthrobacter sp. Rue61a,30,33,45,40,17,8,11,17
Arthrobacter sp. U41,29,43,40,49,26,24,13,27
Arthrobacter sp. YC-RL1,40,63,47,67,25,27,21,26
Arthrobacter sp. ZXY-2,38,44,31,25,30,22,14,16
Asaia bogorensis,27,34,24,32,22,13,9,25
Aster yellows witches'-broom phytoplasma,NA,NA,NA,NA,1,3,4,5
Asticcacaulis,NA,1,NA,NA,NA,NA,NA,NA
Asticcacaulis excentricus,43,52,33,54,25,20,14,27
Lancefieldella parvula,69,99,119,63,36,43,33,53
Aurantimonadaceae,NA,1,NA,NA,NA,NA,NA,NA
Aureimonas,2,NA,1,NA,1,NA,NA,NA
Aureimonas sp. AU20,33,37,52,33,28,15,16,32
Aureococcus anophagefferens virus,NA,NA,NA,NA,1,NA,NA,1
Azoarcus,4,3,2,3,3,1,1,3
Azoarcus olearius,26,43,32,36,27,23,30,29
Azoarcus sp. BH72,23,39,37,39,29,22,29,27
Azoarcus sp. CIB,35,34,46,34,21,16,27,36
Azoarcus sp. KH32C,26,30,37,32,23,15,31,26
Azorhizobium caulinodans,64,57,72,70,45,26,39,51
Azospira,1,NA,NA,2,NA,NA,NA,1
Azospira oryzae,40,51,51,60,27,27,30,43
Azospirillum,1,3,1,2,2,NA,NA,1
Azospirillum brasilense,94,124,103,134,45,60,66,90
Azospirillum humicireducens,52,50,34,48,49,18,21,28
Azospirillum lipoferum,109,149,137,156,90,70,84,86
Azospirillum thiophilum,48,70,52,95,26,45,45,44
Azotobacter,NA,NA,NA,NA,NA,NA,1,NA
Azotobacter chroococcum,49,58,58,77,29,36,27,49
Azotobacter vinelandii,45,66,37,77,34,42,29,41
Bacillus
 
 <firmicutes>
 
,1,NA,NA,1,1,NA,NA,NA
Bacillus amyloliquefaciens,53,82,69,84,78,105,66,96
Bacillus anthracis,15,11,9,12,29,37,35,34
Bacillus atrophaeus,29,29,29,34,26,35,44,31
Bacillus beveridgei,16,20,13,27,28,33,26,26
Bacillus bombysepticus,13,6,9,10,27,46,34,34
Evansella cellulosilytica,18,6,10,15,29,37,33,25
Bacillus cereus,88,75,80,105,176,255,240,195
Shouchella clausii,2,3,3,3,6,14,21,9
Heyndrickxia coagulans,43,51,45,55,43,72,57,72
Bacillus cytotoxicus,17,9,23,28,34,39,44,46
Priestia endophytica,5,20,13,16,16,43,48,30
Bacillus gibsonii,12,22,15,16,18,44,39,37
Bacillus glycinifermentans,6,2,7,9,16,34,20,26
Halalkalibacterium halodurans,12,10,7,3,24,23,21,21
Bacillus infantis,23,23,21,26,35,62,52,34
Shouchella lehensis,6,6,6,5,15,33,23,25
Bacillus licheniformis,15,13,17,7,21,33,31,34
Priestia megaterium,36,38,25,30,61,63,109,78
Bacillus methanolicus,8,15,18,16,26,48,40,28
Bacillus muralis,9,13,4,18,14,36,27,36
Bacillus mycoides,24,22,17,31,48,108,95,69
Cytobacillus oceanisediminis,21,21,16,19,47,72,38,48
Bacillus paralicheniformis,17,22,23,19,25,40,30,33
Bacillus phage 0305phi8-36,NA,1,NA,NA,NA,NA,1,NA
Bacillus phage AR9,NA,NA,NA,NA,NA,1,1,1
Bacillus phage B4,2,NA,NA,1,2,NA,1,NA
Bacillus phage BCJA1c,NA,NA,NA,NA,NA,NA,NA,1
Bacillus phage Bcp1,NA,NA,NA,1,NA,NA,NA,NA
Bacillus phage BCP8-2,1,3,2,4,1,2,NA,1
Bacillus phage Belinda,NA,NA,NA,NA,NA,1,NA,NA
Bacillus phage CP-51,NA,NA,NA,NA,NA,NA,1,NA
Bacillus phage Deep Blue,1,2,2,4,NA,2,NA,1
Bacillus phage DIGNKC,NA,NA,NA,NA,NA,1,NA,NA
Bacillus phage DirtyBetty,NA,NA,NA,NA,NA,1,NA,NA
Bacillus phage Eldridge,NA,NA,NA,NA,NA,1,NA,NA
Bacillus phage Evoli,NA,NA,NA,NA,NA,NA,2,NA
Bacillus phage Eyuki,NA,NA,NA,NA,NA,1,NA,NA
Bacillus phage Fah,NA,NA,NA,NA,NA,NA,1,1
Bacillus phage Gamma,NA,NA,NA,NA,NA,NA,1,1
Bacillus phage Hakuna,NA,NA,NA,NA,NA,1,NA,NA
Bacillus phage JBP901,1,3,2,4,1,2,NA,1
Bacillus phage JL,NA,NA,NA,NA,NA,NA,1,NA
Bacillus phage Kida,NA,NA,NA,NA,NA,1,NA,NA
Bacillus phage Megatron,NA,NA,NA,NA,NA,1,NA,NA
Bacillus phage Nemo,NA,NA,NA,NA,1,1,NA,NA
Bacillus phage Nigalana,NA,NA,NA,NA,NA,1,NA,NA
Bacillus phage NotTheCreek,NA,NA,NA,NA,NA,1,NA,NA
Bacillus phage phi105,NA,NA,NA,NA,NA,1,1,NA
Bacillus phage phiAGATE,NA,NA,NA,NA,NA,1,NA,1
Bacillus phage SageFayge,NA,NA,NA,NA,NA,1,NA,NA
Bacillus phage Shanette,NA,NA,NA,NA,NA,NA,1,NA
Bacillus phage SP-15,NA,NA,NA,NA,NA,2,NA,NA
Bacillus phage Spock,NA,NA,NA,NA,NA,NA,1,NA
Bacillus phage SPP1,6,2,1,2,2,1,NA,NA
Bacillus phage TsarBomba,NA,NA,NA,NA,1,1,NA,NA
Bacillus phage vB_BanS-Tsamsa,NA,1,NA,NA,NA,1,NA,1
Bacillus phage vB_BceM-Bc431v3,1,2,2,4,NA,2,NA,1
Bacillus phage W.Ph.,NA,NA,NA,NA,NA,NA,2,NA
Bacillus phage Waukesha92,NA,1,2,2,NA,1,NA,1
Bacillus phage Zuko,NA,NA,NA,NA,NA,1,NA,NA
Alkalihalophilus pseudofirmus,11,13,12,11,33,36,41,28
Bacillus pumilus,62,56,45,55,81,122,112,94
Peribacillus simplex,34,23,14,28,32,40,26,35
Bacillus smithii,6,6,7,4,25,33,29,22
Bacillus sp.,21,27,18,22,32,51,43,45
Bacillus sp. 1NLA3E,10,14,15,15,27,31,35,28
Bacillus sp. ABP14,9,6,8,23,18,49,32,33
Bacillus sp. BH072,8,16,15,14,17,32,22,27
Bacillus sp. FJAT-14266,19,25,14,20,33,42,36,28
Priestia megaterium,4,8,11,5,19,23,37,31
Bacillus sp. JS,33,20,13,14,37,40,32,42
Bacillus sp. LM 4-2,12,24,16,16,21,45,36,40
Bacillus sp. OxB-1,14,17,6,15,30,39,16,19
Bacillus sp. Pc3,11,13,11,20,19,36,26,31
Bacillus sp. SDLI1,21,19,16,23,27,30,35,37
Bacillus sp. WP8,15,13,11,21,20,30,23,35
Bacillus sp. X1(2014),14,12,12,14,27,51,46,28
Bacillus sp. YP1,13,24,21,21,25,43,44,44
Bacillus subtilis,94,143,118,145,149,229,180,211
Bacillus thuringiensis,94,79,74,110,204,295,294,229
Bacillus toyonensis,14,7,7,15,36,32,28,36
Bacillus velezensis,36,39,35,43,55,76,63,77
Cecivirus cv250,NA,NA,NA,NA,1,NA,1,NA
Andromedavirus finn,1,NA,NA,2,NA,1,NA,NA
Donellivirus gee,6,5,7,4,12,2,1,1
Cecivirus IEBH,NA,NA,NA,NA,1,NA,1,NA
Andromedavirus riggi,NA,NA,NA,NA,NA,1,NA,NA
Wbetavirus wbeta,NA,NA,NA,NA,NA,NA,1,1
Bacillus mycoides,8,8,10,16,23,45,49,36
Bacillus xiamenensis,7,11,16,14,23,43,25,29
Bacteriophage APSE-2,NA,NA,NA,NA,NA,1,NA,NA
Bacteriophage Lily,NA,NA,NA,NA,NA,NA,NA,1
bacterium L21-Spi-D4,72,46,25,50,73,37,29,34
Bacteroidales bacterium CF,107,77,72,53,85,55,40,46
Bacteroides,NA,NA,NA,NA,NA,1,NA,1
Bacteroides cellulosilyticus,5752,7010,7311,8178,10209,19963,28382,16437
Phocaeicola dorei,47316,69982,131035,48215,21619,20092,15560,33460
Bacteroides fragilis,5041,6985,8504,7143,10042,20990,24356,15626
Bacteroides helcogenes,5466,7497,7442,9374,3696,4148,3177,4936
Bacteroides ovatus,2787,3044,2863,3562,15784,37076,32333,24662
Bacteroides phage B124-14,NA,NA,NA,NA,NA,1,1,NA
Phocaeicola salanitronis,1992,1977,2185,1860,2300,2674,2769,2471
Bacteroides caecimuris,3887,4580,5702,4728,6086,11093,13507,8950
Bacteroides thetaiotaomicron,5706,7517,9031,7792,14220,30767,34426,23347
Phocaeicola vulgatus,119689,178776,171419,224142,53597,50336,21107,85190
Ball python nidovirus,3,1,NA,NA,1,1,NA,NA
Barnesiella viscericola,2016,1910,2633,1515,2596,3374,3324,2762
Bartonella ancashensis,6,10,3,3,12,8,9,3
Bartonella australis,NA,NA,2,NA,6,3,5,1
Bartonella bacilliformis,1,2,4,3,3,9,8,4
Bartonella clarridgeiae,1,1,NA,2,3,8,3,9
Bartonella grahamii,3,NA,4,2,5,5,13,6
Bartonella henselae,NA,NA,NA,2,6,9,6,9
Bartonella quintana,NA,NA,NA,1,5,6,5,3
Bartonella tribocorum,3,NA,4,2,1,5,12,7
Bartonella vinsonii,1,1,3,1,3,6,6,6
Basilea psittacipulmonis,13,6,10,9,10,19,10,11
Bat mastadenovirus WIV10,NA,NA,NA,NA,NA,1,1,NA
Bat mastadenovirus WIV11,NA,NA,NA,NA,NA,1,1,NA
Bat mastadenovirus WIV9,NA,NA,NA,NA,NA,1,1,NA
Bathymodiolus septemdierum thioautotrophic gill symbiont,8,1,4,12,8,3,6,6
Bdellovibrio bacteriovorus,45,44,34,38,63,39,45,43
Pseudobdellovibrio exovorus,22,14,10,20,36,23,12,11
Beet chlorosis virus,NA,NA,NA,NA,1,NA,NA,NA
Beggiatoa leptomitiformis,27,17,9,14,23,11,16,9
Beijerinckia indica,25,16,10,16,14,13,14,13
Beijerinckiaceae,NA,NA,NA,NA,NA,NA,NA,1
Belliella baltica,52,27,22,40,58,42,42,32
beta proteobacterium CB,11,9,2,13,18,9,5,7
Beutenbergia,7,1,NA,1,3,1,NA,NA
Beutenbergia cavernae,21,27,28,15,17,7,14,16
Bibersteinia,1,NA,NA,NA,NA,1,5,NA
Bibersteinia trehalosi,4,3,7,6,15,24,25,22
Bifidobacteriaceae,NA,NA,NA,NA,1,NA,NA,NA
Bifidobacterium,15,12,6,13,10,3,7,7
Bifidobacterium actinocoloniiforme,27,39,42,21,15,17,13,22
Bifidobacterium adolescentis,28161,42324,60135,25446,12172,11165,6116,19533
Bifidobacterium angulatum,244,345,456,239,645,1489,5793,2152
Bifidobacterium animalis,137,153,150,139,462,1072,5558,1526
Bifidobacterium asteroides,45,61,75,57,27,29,18,36
Bifidobacterium bifidum,99,127,162,100,1714,4482,6201,2783
Bifidobacterium breve,218,293,347,257,348,783,452,587
Bifidobacterium catenulatum,470,666,895,424,989,2195,6220,3076
Bifidobacterium coryneforme,4,14,29,22,10,27,20,23
Bifidobacterium dentium,65,92,106,103,46,39,35,75
Bifidobacterium indicum,12,22,37,22,15,27,22,27
Bifidobacterium catenulatum subsp. kashiwanohense,501,848,992,518,358,560,788,714
Bifidobacterium longum,448,643,751,584,8302,21291,7172,13354
Bifidobacterium pseudocatenulatum,332,526,637,381,1718,4201,6889,2780
Bifidobacterium pseudolongum,68,79,102,59,35,42,47,73
Bifidobacterium scardovii,77,115,154,105,46,60,72,78
Bifidobacterium thermophilum,122,149,135,194,84,97,101,98
Black grass varicosavirus-like virus,NA,NA,NA,NA,NA,NA,1,NA
Blastochloris,NA,1,NA,NA,NA,NA,NA,NA
Blastochloris viridis,37,37,32,25,33,19,31,30
Blastococcus,NA,NA,1,NA,NA,NA,NA,NA
Blastococcus saxobsidens,25,32,37,31,12,24,13,28
Blastomonas,NA,1,NA,NA,NA,NA,NA,NA
Blastomonas sp. RAC04,35,52,39,48,32,22,18,26
Blattabacterium punctulatus,7,6,3,3,11,5,3,1
Blattabacterium sp. (Blaberus giganteus),9,7,5,6,21,2,10,6
Blattabacterium sp. (Blatta orientalis),11,10,7,9,3,8,6,5
Blattabacterium sp. (Blattella germanica),23,10,7,12,14,11,8,14
Blattabacterium sp. (Mastotermes darwiniensis),7,9,5,6,2,7,4,7
Blattabacterium sp. (Nauphoeta cinerea),8,8,6,7,5,10,5,11
Blattabacterium cuenoti,9,11,7,8,3,6,6,4
Blattabacterium sp. (Periplaneta americana),8,10,6,8,1,8,9,9
Blautia sp. YL58,123,183,145,237,690,1724,1240,1186
Blochmannia endosymbiont of Camponotus (Colobopsis) obliquus,16,11,4,5,15,5,4,5
Blochmannia endosymbiont of Polyrhachis (Hedomyrma) turneri,NA,NA,NA,NA,3,6,2,2
Bordetella,3,1,3,5,3,NA,5,1
Bordetella avium,21,34,33,35,10,8,23,25
Bordetella bronchialis,30,58,66,56,24,20,35,38
Bordetella bronchiseptica,83,115,101,81,40,47,74,74
Bordetella flabilis,32,45,47,50,26,31,23,28
Bordetella hinzii,36,76,49,42,24,22,33,47
Bordetella holmesii,33,25,20,23,16,16,18,16
Bordetella parapertussis,61,89,78,58,38,37,43,47
Bordetella pertussis,48,56,52,42,25,32,30,49
Bordetella petrii,36,30,39,40,29,35,41,41
Bordetella pseudohinzii,21,33,31,32,22,19,36,33
Bordetella sp. H567,29,54,57,37,16,23,34,33
Bordetella trematum,69,44,50,41,42,21,38,30
Rauchvirus BPP1,NA,NA,NA,NA,NA,NA,2,NA
Borrelia duttonii,16,4,12,10,19,13,6,11
Borrelia hermsii,1,2,2,5,4,7,5,5
Borrelia miyamotoi,NA,NA,1,2,2,3,4,3
Borrelia parkeri,NA,NA,2,1,1,7,7,5
Borrelia recurrentis,16,4,12,10,19,13,7,12
Borrelia turicatae,15,5,2,8,13,3,5,7
Borreliella afzelii,6,7,4,5,8,2,7,5
Borreliella bavariensis,6,4,2,4,10,1,5,7
Borreliella bissettii,2,NA,1,1,2,5,8,4
Borreliella burgdorferi,14,5,3,10,21,6,7,8
Borreliella garinii,5,4,1,4,10,NA,5,4
Borreliella valaisiana,1,1,NA,1,3,3,2,2
Bosea
 
 <a-proteobacteria>
 
,NA,NA,NA,NA,1,NA,NA,NA
Bosea sp. PAMC 26642,29,48,48,45,40,18,20,30
Bosea sp. RAC05,48,50,55,37,38,24,29,31
Bosea vaviloviae,44,44,59,54,34,23,26,37
Botrytis cinerea mitovirus 1,NA,NA,NA,NA,NA,NA,1,NA
bovine alphaherpesvirus 1,NA,NA,NA,NA,NA,NA,1,NA
Bovine papular stomatitis virus,5,7,4,3,1,3,1,6
Brachybacterium,7,2,NA,2,4,1,1,1
Brachybacterium faecium,36,42,43,50,19,21,15,29
Brachyspira hyodysenteriae,19,31,17,27,33,36,46,32
Brachyspira intermedia,35,34,22,50,40,44,32,32
Brachyspira murdochii,6,12,13,15,14,37,40,29
Brachyspira pilosicoli,39,42,33,57,59,59,89,61
Nitrobacteraceae,8,4,5,2,2,NA,NA,3
Bradyrhizobium,1,5,5,3,3,3,3,5
Bradyrhizobium diazoefficiens,73,97,72,64,64,36,38,47
Bradyrhizobium icense,41,38,28,24,17,15,33,22
Bradyrhizobium japonicum,61,58,71,49,28,24,27,38
Bradyrhizobium oligotrophicum,23,42,36,37,15,23,35,32
Bradyrhizobium sp.,39,47,52,38,39,17,29,17
Bradyrhizobium sp. BTAi1,19,41,41,30,11,21,27,27
Bradyrhizobium sp. CCGE-LA001,44,41,49,42,20,21,34,25
Bradyrhizobium sp. ORS 278,29,58,60,36,24,24,32,33
Bradyrhizobium sp. S23321,45,58,59,46,18,23,24,28
Brazilian marseillevirus,NA,NA,NA,NA,1,NA,NA,NA
Brevibacillus brevis,16,27,23,21,34,53,62,53
Brevibacillus laterosporus,10,18,11,14,25,50,47,38
Brevibacillus phage Jenst,NA,NA,NA,NA,NA,1,NA,NA
Brevibacterium,1,1,1,1,NA,NA,NA,NA
Brevibacterium linens,39,52,36,47,31,35,27,30
Brevundimonas,NA,NA,1,1,NA,NA,NA,NA
Brevundimonas naejangsanensis,26,36,38,28,25,19,16,24
Brevundimonas sp. DS20,18,21,22,22,9,16,16,14
Brevundimonas sp. GW460-12-10-14-LB2,21,30,30,42,8,15,17,20
Brevundimonas subvibrioides,28,32,39,35,9,9,19,21
Brochothrix phage A9,NA,NA,NA,NA,NA,1,NA,NA
Brochothrix phage NF5,NA,NA,NA,NA,NA,NA,1,NA
Brucella,NA,NA,NA,NA,2,NA,NA,NA
Brucella abortus,18,31,17,30,14,19,23,17
Brucella canis,40,31,34,37,17,6,18,18
Brucella ceti,45,30,35,35,17,9,16,20
Brucella melitensis,26,31,21,30,17,23,23,19
Brucella microti,23,27,15,29,17,23,23,17
Brucella ovis,21,24,14,28,16,23,25,15
Brucella phage Pr,NA,NA,NA,NA,NA,NA,1,NA
Brucella phage Tb,NA,NA,NA,NA,NA,NA,1,NA
Brucella pinnipedialis,44,32,34,37,17,10,16,20
Brucella sp. 141012304,34,35,38,38,19,15,18,18
Brucella sp. 2002734562,18,30,14,27,15,18,22,17
Brucella suis,24,30,21,32,21,20,26,14
Brucella vulpis,25,36,21,34,15,19,21,20
Buchnera aphidicola,20,15,7,13,20,30,40,19
Burke virus,NA,NA,NA,NA,1,NA,NA,NA
Burkholderia,10,15,17,7,9,10,12,8
Burkholderia ambifaria,42,36,46,23,34,31,52,42
Burkholderia cenocepacia,74,114,134,105,57,106,140,101
Burkholderia cepacia,102,114,136,93,66,94,135,99
Burkholderia contaminans,25,29,28,26,9,20,33,27
Burkholderia diffusa,33,31,17,21,25,16,35,18
Burkholderia dolosa,19,23,28,17,14,15,25,22
Burkholderia gladioli,57,79,77,66,37,41,51,50
Burkholderia glumae,46,76,71,59,43,46,60,52
Burkholderia lata,57,49,46,38,50,39,52,37
Burkholderia latens,24,28,28,22,14,19,25,22
Burkholderia mallei,11,13,18,16,9,18,36,10
Burkholderia metallica,18,30,47,18,16,19,33,24
Burkholderia multivorans,78,79,95,85,53,52,69,63
Burkholderia oklahomensis,28,30,29,32,26,19,30,23
Burkholderia phage BcepNazgul,2,NA,1,1,NA,NA,NA,NA
Burkholderia phage KL3,NA,NA,NA,NA,NA,NA,NA,1
Burkholderia phage KS9,NA,NA,NA,NA,1,1,NA,NA
Burkholderia plantarii,27,50,45,39,34,27,39,41
Burkholderia pseudomallei,53,51,65,50,34,41,75,43
Burkholderia pseudomultivorans,20,32,46,34,16,27,31,23
Burkholderia pyrrocinia,19,26,40,17,13,16,37,15
Burkholderia seminalis,33,26,35,22,15,15,34,20
Burkholderia sp. 2002721687,43,45,45,35,32,12,24,29
Burkholderia humptydooensis,42,42,49,35,28,12,26,27
Burkholderia sp. Bp7605,31,42,38,32,20,21,29,24
Burkholderia sp. CCGE1001,51,42,43,30,25,12,18,31
Burkholderia sp. CCGE1002,19,35,30,27,19,27,20,26
Burkholderia sp. CCGE1003,30,34,50,31,34,23,31,29
Burkholderia sp. HB1,30,25,32,16,25,14,34,22
Burkholderia sp. KJ006,41,52,50,38,19,19,24,41
Burkholderia sp. OLGA172,39,33,43,45,20,29,21,29
Burkholderia sp. PAMC 26561,23,23,27,23,25,19,19,20
Burkholderia sp. PAMC 28687,12,14,20,18,17,17,20,19
Burkholderia sp. RPE64,49,39,41,61,44,21,38,30
Burkholderia sp. RPE67,37,46,43,45,24,27,39,41
Burkholderia sp. YI23,34,39,31,34,21,33,62,41
Burkholderia stabilis,19,20,25,14,13,17,27,18
Burkholderia stagnalis,24,18,33,8,13,20,32,25
Burkholderia territorii,33,29,21,22,16,22,39,22
Burkholderia thailandensis,56,64,72,47,36,34,57,55
Burkholderia ubonensis,51,83,99,63,39,57,74,62
Burkholderia vietnamiensis,57,56,66,40,26,31,53,48
Lessievirus DC1,1,NA,NA,1,NA,1,1,NA
Tigrvirus phi52237,6,1,2,4,6,NA,NA,NA
Burkholderia virus phiE122,6,1,2,4,6,NA,NA,NA
Stanholtvirus E125,NA,1,NA,NA,NA,NA,NA,NA
Burkholderiaceae,2,1,4,7,2,1,2,3
Burkholderiales,3,1,2,NA,1,NA,NA,NA
Burkholderiales bacterium GJ-E10,8,18,16,18,8,10,9,9
Burkholderiales bacterium YL45,20,16,7,17,55,64,168,66
Butyrivibrio hungatei,99,117,111,121,284,614,459,388
Butyrivibrio proteoclasticus,115,112,121,101,343,655,489,407
Buzura suppressaria nucleopolyhedrovirus,NA,NA,NA,NA,NA,NA,1,NA
Bixzunavirus,NA,NA,NA,NA,NA,1,1,NA
Cactus mild mottle virus,NA,NA,NA,NA,NA,2,NA,1
Cafeteria roenbergensis virus BV-PW1,3,1,3,NA,3,NA,NA,2
Caldanaerobacter subterraneus,3,10,7,10,13,33,20,32
Caldicellulosiruptor,1,4,1,3,NA,1,1,1
Caldicellulosiruptor bescii,6,22,15,17,16,39,36,23
Caldicellulosiruptor hydrothermalis,12,18,21,15,26,41,42,32
Caldicellulosiruptor acetigenus,20,33,29,35,36,48,39,36
Caldicellulosiruptor kronotskyensis,3,16,15,11,23,35,43,20
Caldicellulosiruptor acetigenus,15,25,36,22,23,44,45,29
Caldicellulosiruptor obsidiansis,14,22,25,20,14,31,37,20
Caldicellulosiruptor owensensis,18,21,19,25,24,36,34,28
Caldicellulosiruptor saccharolyticus,19,21,14,15,37,34,36,31
Caldilinea aerophila,30,30,51,31,25,22,27,21
Caldimicrobium thiodismutans,3,2,NA,1,6,9,6,3
Caldisericum exile,8,6,7,10,6,11,11,8
Caldisphaera lagunensis,7,9,3,8,9,3,4,4
Calditerrivibrio nitroreducens,107,46,29,37,105,18,12,30
Caldivirga maquilingensis,14,9,8,8,4,1,4,1
California sea lion adenovirus 1,8,2,2,5,5,2,NA,3
Calothrix,NA,NA,NA,NA,NA,NA,NA,1
Calothrix parietina,2,10,9,10,10,17,16,12
Calothrix sp. 336/3,28,13,13,15,23,18,17,9
Calothrix sp. PCC 7507,5,5,3,6,11,12,6,10
Calyptogena okutanii thioautotrophic gill symbiont,NA,NA,NA,NA,1,5,9,5
Campylobacter,NA,NA,1,1,NA,NA,NA,NA
Campylobacter coli,25,26,35,25,85,167,119,132
Campylobacter concisus,21,15,6,25,29,21,21,15
Campylobacter curvus,23,20,13,24,39,10,6,12
Campylobacter fetus,2,4,5,7,9,12,20,12
Campylobacter gracilis,3,3,3,1,4,6,7,7
Campylobacter hominis,5,8,9,11,8,10,19,15
Campylobacter hyointestinalis,NA,2,2,6,7,13,6,9
Campylobacter iguaniorum,3,3,6,3,4,10,13,10
Campylobacter insulaenigrae,12,5,6,12,13,12,14,15
Campylobacter jejuni,12,7,15,13,58,134,120,88
Campylobacter lari,27,13,11,11,24,31,32,30
Campylobacter peloridis,7,2,2,6,12,10,11,3
Campylobacter phage CP30A,NA,NA,NA,NA,NA,NA,2,NA
Campylobacter sp. RM16704,21,11,5,6,14,7,6,6
Campylobacter subantarcticus,20,11,8,10,18,16,9,14
Campylobacter ureolyticus,9,9,9,10,16,7,26,12
Firehammervirus CP21,NA,NA,NA,NA,NA,1,1,NA
Firehammervirus CP220,NA,NA,NA,NA,NA,2,3,NA
Firehammervirus CPt10,NA,NA,NA,NA,NA,1,2,NA
Fletchervirus CPX,3,2,2,2,2,1,NA,2
Fletchervirus NCTC12673,5,4,2,4,3,1,2,2
Campylobacter volucris,1,1,3,1,7,13,13,10
Candidatus Accumulibacter phosphatis,24,37,33,41,23,18,25,21
Candidatus Amoebophilus asiaticus,16,9,9,14,12,8,17,14
Candidatus Arthromitus sp. SFB-mouse,6,15,7,15,19,25,22,27
Candidatus Arthromitus sp. SFB-mouse-NL,11,18,8,19,28,26,20,27
Candidatus Arthromitus sp. SFB-rat-Yit,18,18,20,25,34,33,26,31
Candidatus Atelocyanobacterium thalassae,2,1,2,3,1,8,7,9
Candidatus Azobacteroides pseudotrichonymphae,21,15,17,13,30,41,35,31
Candidatus Babela massiliensis,15,15,9,14,14,5,6,10
Candidatus Palibaumannia cicadellinicola,11,8,4,6,10,14,13,16
Candidatus Blochmanniella chromaiodes,NA,1,NA,1,1,NA,6,1
Candidatus Blochmannia floridanus,2,1,2,NA,1,3,8,4
Candidatus Blochmanniella pennsylvanica,NA,1,NA,NA,NA,NA,6,2
Candidatus Blochmanniella vafra,2,NA,NA,NA,1,7,7,8
Candidatus Carsonella ruddii,NA,NA,NA,NA,NA,NA,NA,1
Candidatus Cloacimonas acidaminovorans,53,34,12,33,48,25,25,21
Candidatus Desulforudis audaxviator,12,26,28,28,15,23,25,22
Candidatus Doolittlea endobia,3,7,1,6,7,2,3,5
Candidatus Endolissoclinum faulkneri,1,2,3,2,3,7,10,8
Candidatus Evansia muelleri,1,3,2,2,2,3,1,1
Candidatus Filomicrobium marinum,15,20,14,18,25,12,13,8
Candidatus Gullanella endobia,NA,1,3,NA,2,6,5,4
Candidatus Hoaglandella endobia,7,7,3,3,8,4,2,4
Candidatus Ishikawella capsulata,2,NA,2,NA,2,9,3,6
Candidatus Izimaplasma sp. HR1,10,1,5,7,11,27,34,24
Candidatus Kinetoplastidibacterium crithidiae,NA,NA,1,2,6,3,6,2
Candidatus Kinetoplastidibacterium desouzai,1,1,1,1,5,3,7,2
Candidatus Kinetoplastidibacterium galati,NA,NA,1,1,NA,6,3,3
Candidatus Kinetoplastidibacterium stringomonadis,NA,NA,1,1,1,3,5,3
Candidatus Korarchaeum cryptofilum,NA,NA,NA,NA,NA,1,NA,NA
Candidatus Korobacter,NA,NA,1,NA,NA,NA,NA,NA
Candidatus Korobacter versatilis,56,58,32,57,42,19,13,28
Candidatus Liberibacter africanus,2,NA,2,NA,2,2,6,NA
Candidatus Liberibacter americanus,6,2,4,3,5,6,11,2
Candidatus Liberibacter asiaticus,NA,NA,NA,NA,5,2,7,9
Candidatus Liberibacter solanacearum,6,6,3,7,17,7,9,5
Candidatus Methanomassiliicoccus intestinalis,7,10,13,15,7,17,12,15
Methanomethylophilus alvi,6,4,6,6,4,5,8,14
Candidatus Methanoplasma termitum,2,NA,NA,1,3,4,2,3
Candidatus Methylopumilus planktonicus,2,2,2,1,2,9,10,5
Candidatus Methylopumilus turicensis,5,4,5,4,9,6,5,6
Candidatus Midichloria mitochondrii,1,2,2,1,2,5,4,2
Candidatus Mikella endobia,2,5,3,1,1,1,6,3
Candidatus Moranella endobia,4,NA,1,2,2,1,1,2
Candidatus Nitrosopelagicus brevis,3,4,3,2,4,2,4,4
Candidatus Nitrosopumilus adriaticus,11,5,4,9,12,8,10,9
Candidatus Nitrosopumilus sp. AR2,NA,2,NA,1,4,7,5,9
Candidatus Nitrosotenuis cloacae,NA,NA,NA,NA,NA,1,NA,3
Candidatus Nitrospira inopinata,12,22,19,23,17,12,8,12
Candidatus Pantoea carbekii,1,1,NA,NA,2,6,8,NA
Candidatus Paracaedibacter acanthamoebae,3,9,8,8,4,6,7,12
Candidatus Pelagibacter sp. IMCC9063,2,3,NA,6,3,6,10,7
Candidatus Pelagibacter communis,NA,6,3,1,6,12,4,6
Candidatus Phytoplasma australiense,NA,3,NA,5,1,6,4,5
Candidatus Phytoplasma mali,NA,NA,NA,NA,2,4,12,5
Candidatus Portiera aleyrodidarum,1,NA,1,2,NA,2,1,NA
Candidatus Profftella armatura,NA,NA,NA,NA,NA,2,4,2
Candidatus Puniceispirillum,NA,NA,NA,NA,NA,1,NA,NA
Candidatus Puniceispirillum marinum,4,6,7,2,6,13,10,6
Candidatus Rhodoluna planktonica,4,2,5,3,2,9,9,4
Candidatus Riesia pediculicola,NA,NA,NA,1,NA,3,4,3
Candidatus Ruthturnera calyptogenae,3,2,6,4,2,2,12,1
Candidatus Sodalis pierantonii,31,28,16,25,27,15,20,21
Candidatus Solibacter usitatus,50,41,34,47,33,30,32,30
Candidatus Symbiobacter mobilis,9,22,13,16,4,14,20,10
Candidatus Tachikawaea gelatinosa,3,NA,1,NA,4,7,6,4
Candidatus Thioglobus autotrophicus,1,5,5,3,1,5,8,6
Candidatus Pseudothioglobus singularis,15,10,12,6,24,19,18,8
Candidatus Xiphinematobacter sp. Idaho Grape,10,5,NA,4,11,4,2,5
Capnocytophaga canimorsus,74,43,21,41,70,35,43,36
Capnocytophaga haemolytica,104,90,54,80,90,41,50,49
Capnocytophaga ochracea,63,45,29,57,78,53,35,33
Capnocytophaga sp. oral taxon 323,47,43,39,55,67,44,35,35
Carboxydothermus hydrogenoformans,19,19,12,22,31,20,17,16
Cardinium endosymbiont of Encarsia pergandiella,11,5,4,6,17,8,4,7
Carnobacterium inhibens,4,3,NA,6,13,44,30,29
Carnobacterium maltaromaticum,14,6,2,7,20,34,34,30
Carnobacterium sp. 17-4,6,6,3,4,19,39,38,29
Carnobacterium sp. CP1,17,10,2,9,17,33,22,19
Cassava brown streak virus,NA,NA,NA,NA,NA,1,NA,NA
Castellaniella,NA,NA,NA,1,NA,NA,NA,NA
Castellaniella defragrans,49,39,52,47,35,27,29,25
Catenulispora,NA,1,NA,2,NA,NA,NA,1
Catenulispora acidiphila,46,73,60,64,18,31,37,59
Catenulisporaceae,NA,NA,NA,NA,NA,NA,NA,1
Catopsilia pomona nucleopolyhedrovirus,NA,NA,NA,NA,NA,1,NA,NA
Caulobacter,3,3,NA,1,2,NA,NA,2
Caulobacter henricii,27,33,32,26,33,18,16,24
Caulobacter phage CcrColossus,NA,NA,NA,NA,NA,NA,2,NA
Caulobacter phage Cr30,NA,NA,NA,NA,NA,2,NA,NA
Caulobacter segnis,34,41,38,34,22,26,18,26
Caulobacter sp. K31,46,80,57,87,32,37,26,47
Caulobacter vibrioides,52,59,53,55,25,27,23,29
Caulobacter virus Karma,1,2,2,1,NA,NA,NA,1
Caulobacter virus Magneto,NA,NA,NA,1,1,NA,NA,1
Shapirovirus cbk,NA,NA,NA,1,1,NA,NA,1
Poindextervirus rogue,1,NA,1,NA,NA,NA,1,1
Shapirovirus swift,NA,NA,NA,NA,NA,NA,NA,1
Caulobacteraceae,2,NA,2,1,1,NA,1,1
Caulobacteraceae bacterium OTSz_A_272,16,14,10,17,14,10,13,14
Cedecea neteri,167,161,108,146,145,110,106,129
Celeribacter indicus,27,40,44,29,24,20,18,26
Celeribacter marinus,5,12,3,6,5,6,11,12
Celeribacter phage P12053L,NA,NA,NA,NA,NA,NA,NA,1
Celery mosaic virus,NA,NA,NA,NA,1,NA,NA,NA
Cellulomonas,8,3,2,2,4,1,1,NA
Cellulomonas fimi,29,45,48,39,21,19,31,29
Cellulomonas flavigena,31,49,46,35,21,12,25,22
Cellulomonas gilvus,21,25,39,13,14,13,14,14
Cellulophaga algicola,6,13,7,8,13,26,30,24
Cellulophaga baltica,32,20,20,29,40,32,31,24
Cellulophaga lytica,13,7,8,9,18,23,37,21
Cellulophaga phage phi13:2,NA,NA,NA,NA,NA,1,1,NA
Cellulophaga phage phi17:2,NA,NA,NA,NA,NA,NA,1,NA
Cellulophaga phage phi18:3,NA,NA,NA,NA,NA,1,1,NA
Cellulophaga phage phi19:1,NA,NA,NA,NA,NA,NA,1,NA
Cellulophaga phage phi19:3,NA,NA,NA,NA,NA,1,1,NA
Cellulophaga phage phi4:1,NA,NA,NA,NA,NA,NA,1,NA
Cellulophaga phage phi46:3,NA,NA,NA,NA,NA,1,1,NA
Cellulophaga phage phiSM,NA,NA,NA,NA,NA,NA,NA,1
Cellulophaga phage phiST,NA,NA,NA,NA,1,NA,1,NA
Cellulosilyticum lentocellum,50,71,50,75,106,230,197,164
Cellvibrio japonicus,27,38,15,32,52,12,19,28
Cellvibrionaceae,NA,NA,NA,NA,1,NA,NA,NA
Cercopithecine herpesvirus 2,NA,NA,NA,NA,NA,NA,1,NA
Cercopithecine alphaherpesvirus 9,NA,NA,NA,NA,1,NA,NA,1
Chania multitudinisentens,13,26,19,28,12,20,10,20
Cheoctovirus,NA,NA,NA,NA,NA,NA,1,NA
Chelativorans sp. BNC1,23,20,16,18,24,16,19,20
Chelatococcus,NA,NA,2,NA,NA,NA,NA,NA
Chelatococcus sp. CO-6,37,52,54,52,26,17,39,43
Chelonid alphaherpesvirus 5,NA,NA,NA,NA,NA,1,NA,NA
Chilli ringspot virus,NA,1,NA,NA,NA,NA,NA,NA
Chimpanzee alpha-1 herpesvirus,NA,NA,NA,NA,NA,1,NA,NA
Chitinophaga pinensis,157,107,64,98,137,94,88,89
Chlamydia abortus,NA,1,2,1,2,6,4,2
Chlamydia avium,NA,3,2,3,NA,5,1,1
Chlamydia caviae,NA,2,NA,NA,1,1,NA,1
Chlamydia felis,7,6,1,5,12,2,7,2
Chlamydia gallinacea,NA,2,3,2,2,4,6,3
Chlamydia muridarum,3,NA,NA,2,2,2,6,5
Chlamydia pecorum,NA,1,NA,1,2,3,5,6
Chlamydia pneumoniae,1,1,NA,3,NA,2,7,1
Chlamydia psittaci,2,3,3,5,2,7,6,6
Chlamydia trachomatis,1,NA,NA,2,3,5,5,2
Chloracidobacterium thermophilum,7,19,19,21,14,19,18,14
Chlorobaculum,NA,NA,NA,NA,NA,NA,NA,2
Chlorobaculum limnaeum,43,54,53,56,27,32,28,42
Chlorobaculum parvum,31,32,44,38,49,25,33,29
Chlorobaculum tepidum,32,36,39,38,23,19,21,36
Chlorobium chlorochromatii,13,10,7,8,21,14,13,13
Chlorobium limicola,40,20,14,18,32,25,20,26
Chlorobium phaeobacteroides,45,33,21,23,43,48,41,31
Chlorobium phaeovibrioides,27,28,13,25,15,23,20,17
Chloroflexus aggregans,9,14,15,7,8,10,17,11
Chloroflexus aurantiacus,6,9,12,8,6,10,11,7
Chloroflexus sp. Y-400-fl,6,9,12,8,6,10,11,7
Chloroherpeton thalassium,16,11,11,18,11,15,17,12
Chondromyces,1,1,NA,NA,1,NA,NA,NA
Chondromyces crocatus,46,55,54,46,35,18,27,40
Choristoneura biennis entomopoxvirus,NA,NA,NA,NA,2,NA,2,NA
Choristoneura occidentalis granulovirus,NA,NA,NA,NA,NA,1,NA,NA
Choristoneura rosaceana entomopoxvirus 'L',1,NA,1,NA,1,NA,NA,NA
Chromatiaceae,1,NA,1,1,NA,NA,1,NA
Chromatiales,NA,1,NA,NA,NA,NA,NA,NA
Chromobacteriaceae,1,NA,1,NA,NA,NA,NA,1
Chromobacterium,6,3,2,2,3,NA,1,4
Chromobacterium vaccinii,34,56,45,54,29,36,54,44
Chromobacterium violaceum,54,85,64,91,26,27,45,59
Chromohalobacter,1,NA,NA,NA,NA,NA,NA,NA
Chromohalobacter israelensis,42,41,58,32,33,12,14,30
Chroococcidiopsis thermalis,6,10,3,6,10,13,7,16
Chryseobacterium,NA,2,NA,NA,NA,NA,NA,NA
Chryseobacterium gallinarum,1010,582,287,508,1043,159,114,245
Chryseobacterium sp. IHB B 10212,98,67,41,63,87,46,42,49
Chryseobacterium sp. IHB B 17019,84,63,41,54,77,55,51,43
Chryseobacterium sp. StRB126,110,63,33,47,127,42,47,48
Chrysochromulina ericina virus,1,2,NA,NA,2,1,4,NA
Chrysodeixis chalcites nucleopolyhedrovirus,NA,NA,NA,NA,NA,NA,NA,2
Circoviridae 8 LDMD-2013,1,4,1,4,1,1,NA,NA
Citrobacter,NA,1,NA,1,1,NA,NA,NA
Citrobacter amalonaticus,79,65,87,94,109,82,70,93
Citrobacter freundii,70,80,61,83,133,232,406,284
Citrobacter koseri,22,37,35,25,18,65,71,61
Citrobacter phage Moon,NA,NA,NA,NA,NA,1,2,NA
Citrobacter rodentium,35,28,34,38,40,64,36,36
Citrobacter sp. FDAARGOS_156,26,36,24,24,44,32,28,32
Citromicrobium,NA,NA,NA,NA,NA,NA,NA,2
Citromicrobium sp. JL477,40,32,40,30,24,10,17,15
Kostyavirus,1,1,1,4,1,NA,1,2
Clavibacter,7,2,NA,1,4,1,NA,NA
Clavibacter michiganensis,54,67,93,58,32,37,58,40
Cloacibacillus porcorum,56,86,75,67,41,64,67,61
Clostridiales Family XVII. Incertae Sedis,2,NA,1,NA,NA,NA,NA,1
Clostridioides difficile,25,34,25,28,509,1275,1422,905
Clostridium,NA,NA,NA,NA,NA,NA,1,1
Clostridium aceticum,15,20,23,14,38,55,74,42
Clostridium acetobutylicum,20,15,22,35,40,63,83,57
Clostridium autoethanogenum,36,28,32,23,38,58,98,68
Clostridium baratii,35,15,19,26,78,95,116,64
Clostridium beijerinckii,45,43,36,53,86,165,151,112
Clostridium bornimense,24,35,23,17,36,93,110,78
Clostridium botulinum,95,98,66,104,189,342,383,318
Clostridium butyricum,45,28,17,43,105,156,155,122
Clostridium carboxidivorans,25,26,36,39,54,93,105,83
Clostridium cellulovorans,38,24,23,32,109,183,163,137
Clostridium formicaceticum,29,17,12,21,45,82,64,67
Clostridium kluyveri,37,73,70,65,47,94,94,94
Clostridium ljungdahlii,16,27,27,22,22,64,97,63
Clostridium novyi,8,18,17,17,25,79,82,64
Clostridium pasteurianum,63,72,48,73,153,253,285,205
Clostridium perfringens,16,19,11,22,64,134,137,87
Clostridium phage c-st,NA,NA,NA,NA,NA,NA,1,NA
Clostridium phage CDMH1,NA,NA,NA,NA,NA,2,NA,NA
Clostridium phage phi3626,NA,NA,NA,NA,1,NA,NA,NA
Clostridium phage phiCD506,NA,NA,NA,NA,NA,NA,1,NA
Clostridium phage phiCP13O,2,5,2,2,NA,NA,1,2
Clostridium phage phiCP26F,2,5,2,2,NA,NA,1,2
Clostridium phage phiCP34O,NA,3,1,NA,NA,NA,1,NA
Clostridium phage phiCP39-O,2,1,1,2,NA,NA,1,2
Clostridium phage phiCTP1,NA,NA,NA,NA,NA,NA,NA,1
Clostridium phage phiMMP01,NA,NA,NA,NA,NA,NA,1,1
Clostridium phage phiMMP03,NA,NA,NA,NA,NA,1,1,1
Clostridium phage phiMMP04,NA,NA,NA,NA,NA,1,1,NA
Clostridium phage phiSM101,2,2,6,5,NA,2,NA,NA
Clostridium saccharobutylicum,24,24,16,20,72,150,134,67
Clostridium saccharoperbutylacetonicum,40,24,34,42,83,124,148,87
Clostridium scatologenes,25,30,20,44,63,100,101,83
Clostridium sp. BNL1100,39,51,48,62,56,94,111,104
Clostridium sp. SY8519,222,300,260,411,390,869,672,718
Clostridium sporogenes,6,17,9,19,26,66,68,57
Clostridium taeniosporum,10,10,10,13,33,92,92,72
Clostridium tetani,20,12,12,22,64,147,130,111
Clostridium tyrobutyricum,22,13,15,38,43,79,77,58
Yongloolinvirus C2,NA,NA,NA,NA,NA,1,1,1
Colneyvirus CD27,NA,NA,NA,NA,1,1,NA,NA
Collimonas,1,2,NA,2,1,NA,1,NA
Collimonas arenae,46,55,59,52,31,44,35,44
Collimonas fungivorans,54,53,60,68,45,41,40,37
Collimonas pratensis,44,48,31,68,27,36,36,43
Colwellia psychrerythraea,9,14,16,17,11,18,18,14
Colwellia sp. MT41,3,7,7,10,3,8,18,9
Colwellia sp. PAMC 20917,15,10,6,15,16,14,24,16
Comamonadaceae,4,2,1,5,3,2,NA,2
Comamonadaceae bacterium A1,24,46,45,31,13,15,19,33
Comamonadaceae bacterium B1,30,51,29,46,16,18,18,28
Comamonas,NA,NA,NA,NA,NA,NA,2,1
Comamonas testosteroni,118,108,113,123,63,73,98,89
Condylorrhiza vestigialis MNPV,3,NA,1,3,NA,NA,NA,1
Conexibacter woesei,30,42,74,41,25,27,30,27
Conexibacteraceae,NA,1,NA,NA,NA,NA,NA,1
Confluentimicrobium sp. EMB200-NS6,18,34,32,30,21,17,20,13
Coprothermobacter proteolyticus,17,38,22,47,9,12,3,16
Coraliomargarita akajimensis,13,18,17,10,10,10,20,15
Corallococcus coralloides,81,88,96,95,43,38,47,71
Coriobacteriaceae,NA,NA,NA,NA,NA,NA,NA,2
Coriobacteriaceae bacterium 68-1-3,210,280,338,273,105,150,266,209
Coriobacteriales,NA,1,NA,NA,NA,NA,NA,NA
Coriobacterium glomerans,569,721,1091,507,261,216,149,351
Corynebacteriaceae,NA,NA,1,NA,NA,NA,1,NA
Mycobacteriales,NA,2,NA,3,2,NA,NA,1
Corynebacterium,1,2,3,1,3,3,13,6
Corynebacterium argentoratense,10,21,17,18,5,6,9,13
Corynebacterium atypicum,12,12,23,19,9,11,12,15
Corynebacterium aurimucosum,42,55,54,68,26,21,17,34
Corynebacterium callunae,64,43,40,55,40,24,23,30
Corynebacterium camporealensis,12,22,12,19,3,14,17,12
Corynebacterium casei,17,20,9,15,19,14,14,10
Corynebacterium deserti,47,21,12,30,30,10,11,13
Corynebacterium diphtheriae,111,110,82,141,75,64,83,75
Corynebacterium doosanense,41,43,73,44,18,19,10,22
Corynebacterium efficiens,39,33,40,28,18,22,15,28
Corynebacterium epidermidicanis,19,15,15,13,12,6,9,11
Corynebacterium falsenii,39,50,30,49,16,16,16,23
Corynebacterium glutamicum,58,37,21,52,58,23,16,33
Corynebacterium glyciniphilum,26,36,28,31,23,17,8,20
Corynebacterium halotolerans,27,25,38,37,21,18,24,17
Corynebacterium humireducens,28,25,45,23,5,14,16,12
Corynebacterium imitans,11,24,19,24,12,11,14,14
Corynebacterium jeikeium,18,22,25,31,21,16,11,16
Corynebacterium kroppenstedtii,26,21,25,23,14,10,13,15
Corynebacterium kutscheri,5,3,3,5,8,8,12,5
Corynebacterium lactis,17,26,26,27,8,13,16,14
Corynebacterium marinum,18,39,40,27,15,15,16,12
Corynebacterium maris,32,35,35,33,15,16,23,18
Corynebacterium mustelae,23,19,19,26,18,9,13,16
Corynebacterium pseudotuberculosis,21,20,12,13,21,13,15,9
Corynebacterium resistens,5,7,3,9,8,8,4,10
Corynebacterium simulans,30,44,44,42,27,20,13,22
Corynebacterium singulare,22,13,19,28,20,12,12,10
Corynebacterium sp. ATCC 6931,32,35,37,25,35,9,8,18
Corynebacterium sp. JZ16,56,28,12,28,43,9,16,16
Corynebacterium sp. NML98-0116,91,121,82,133,66,57,79,62
Corynebacterium stationis,20,13,13,23,23,22,6,10
Corynebacterium terpenotabidum,25,35,35,30,14,13,16,21
Corynebacterium testudinoris,32,41,29,26,31,16,6,25
Corynebacterium ulcerans,32,35,23,13,25,22,18,16
Corynebacterium urealyticum,19,17,21,15,17,20,13,18
Corynebacterium ureicelerivorans,7,18,25,19,8,11,11,14
Corynebacterium uterequi,15,24,30,26,11,19,12,20
Corynebacterium variabile,16,31,34,31,13,19,17,22
Corynebacterium vitaeruminis,24,52,59,54,28,30,35,39
Cotesia congregata bracovirus,NA,NA,NA,NA,NA,NA,3,1
Cotia virus SPAn232,2,NA,4,1,2,2,2,1
Cowpea aphid-borne mosaic virus,NA,NA,NA,NA,NA,2,NA,NA
Coxiella burnetii,8,10,2,5,12,12,10,4
Coxiella endosymbiont of Amblyomma americanum,NA,NA,NA,NA,1,7,3,4
Coxiella-like endosymbiont,3,2,2,4,1,5,2,3
Crinalium epipsammum,4,10,11,9,7,15,16,8
Croceibacter atlanticus,23,16,11,14,26,24,30,15
Croceicoccus,NA,1,NA,1,NA,NA,NA,NA
Croceicoccus naphthovorans,27,24,24,25,18,21,19,21
Cronobacter,3,4,2,1,2,1,NA,2
Cronobacter condimenti,32,45,34,43,30,23,21,30
Cronobacter dublinensis,22,36,34,29,20,35,17,22
Cronobacter malonaticus,19,23,30,29,20,28,28,25
Cronobacter muytjensii,28,35,34,33,23,25,28,38
Cronobacter phage CR9,NA,NA,NA,NA,NA,1,1,NA
Cronobacter phage ENT39118,NA,NA,NA,NA,NA,1,1,NA
Cronobacter phage phiES15,3,NA,NA,1,NA,1,NA,NA
Cronobacter phage S13,NA,NA,NA,NA,NA,NA,1,1
Cronobacter phage vB_CsaM_GAP31,NA,NA,NA,NA,NA,2,NA,NA
Cronobacter phage vB_CsaM_GAP32,NA,NA,NA,NA,NA,NA,1,NA
Cronobacter sakazakii,35,48,32,40,29,51,51,50
Cronobacter turicensis,53,38,34,42,39,22,31,26
Cronobacter universalis,25,49,30,49,29,36,28,43
Cryobacterium,NA,NA,2,NA,NA,NA,NA,NA
Cryobacterium arcticum,37,28,25,30,34,16,13,20
Cryptobacterium,1,1,1,1,NA,NA,NA,NA
Cryptobacterium curtum,45,64,92,28,25,37,47,43
Cupriavidus,5,6,5,4,4,4,5,7
Cupriavidus basilensis,39,53,59,65,64,106,455,167
Cupriavidus gilardii,54,39,38,34,50,46,120,63
Cupriavidus metallidurans,38,54,56,58,1257,3258,15726,4617
Cupriavidus necator,74,93,88,132,56,76,172,90
Cupriavidus pinatubonensis,30,47,53,48,32,45,106,51
Cupriavidus sp. USMAA1020,65,94,101,89,38,41,85,59
Cupriavidus sp. USMAA2-4,73,86,85,79,59,93,305,129
Cupriavidus sp. USMAHM13,66,86,94,86,44,42,78,44
Curtobacterium sp. BH-2-1-1,14,42,43,23,12,7,11,16
Curtobacterium sp. MR_MD2014,22,33,29,28,11,14,21,15
Cutibacterium,NA,NA,NA,NA,NA,NA,1,NA
Cutibacterium avidum,50,55,56,37,41,22,17,34
Cyanobacterium,NA,NA,NA,NA,NA,NA,NA,1
Cyanobacterium aponinum,13,18,17,23,18,30,30,35
cyanobacterium endosymbiont of Epithemia turgida,15,9,13,13,11,9,15,9
Cyanobium gracile,46,61,48,75,12,25,23,39
Cyanophage KBS-S-2A,NA,NA,NA,NA,NA,NA,1,NA
Cyanophage NATL2A-133,NA,NA,NA,NA,NA,NA,NA,1
Cyanophage P-RSM1,NA,NA,NA,NA,NA,NA,NA,2
Cyanophage P-RSM6,NA,NA,NA,NA,NA,1,NA,NA
Cyanophage PSS2,NA,NA,NA,NA,NA,NA,1,1
Cyanophage S-RIM50,NA,NA,NA,NA,NA,1,NA,2
Cyanophage Syn30,3,NA,NA,3,4,1,NA,NA
Cyanothece,NA,NA,NA,NA,NA,NA,1,2
Cyanothece sp. ATCC 51142,1,1,2,NA,7,15,21,7
Cyanothece sp. PCC 7424,24,25,16,29,41,24,22,26
Cyanothece sp. PCC 7425,16,5,10,5,18,15,7,9
Cyanothece sp. PCC 7822,10,8,8,13,9,14,9,10
Cyanothece sp. PCC 8801,21,17,12,18,26,16,14,11
Cyanothece sp. PCC 8802,17,14,12,16,16,13,11,14
Cyclobacterium amurskyense,88,57,32,50,83,31,34,41
Cyclobacterium marinum,35,26,20,27,34,38,37,31
Cycloclasticus,NA,NA,NA,NA,NA,1,NA,NA
Cycloclasticus sp. P1,8,8,2,11,15,9,10,8
Cycloclasticus zancles,19,13,5,9,19,12,5,12
Cydia pomonella granulovirus,NA,NA,NA,NA,NA,NA,NA,1
Cyprinid herpesvirus 2,NA,NA,NA,NA,NA,NA,2,NA
Cyprinid herpesvirus 3,NA,NA,1,NA,NA,NA,1,NA
Archangiaceae,NA,1,NA,NA,NA,NA,NA,NA
Cytophaga hutchinsonii,68,46,28,44,82,50,42,45
Cytophagaceae,1,NA,1,NA,NA,NA,NA,NA
Dactylococcopsis salina,1,NA,2,3,5,14,9,6
Dechloromonas,1,NA,NA,NA,1,NA,NA,NA
Dechloromonas aromatica (nom. nud.),15,22,16,18,25,30,19,24
Deerpox virus W-848-83,NA,NA,NA,NA,NA,NA,1,NA
Deferribacter desulfuricans,31,29,15,16,30,25,21,18
Albidovulum,NA,1,NA,NA,NA,NA,NA,NA
Defluviimonas alba,36,42,32,57,31,15,20,24
Defluviitoga tunisiensis,7,2,1,5,19,14,10,11
Deftia phage phiW-14,NA,NA,NA,NA,NA,NA,1,NA
Dehalobacter restrictus,25,19,9,22,42,61,59,31
Dehalobacter sp. CF,25,23,26,25,42,64,52,35
Dehalobacter sp. DCA,24,20,24,22,41,66,51,36
Dehalococcoides mccartyi,26,14,20,30,37,33,24,26
Dehalococcoides sp. UCH007,23,8,15,22,19,12,4,6
Dehalogenimonas lykanthroporepellens,25,23,16,27,15,13,10,19
Deinococcaceae,NA,NA,NA,NA,NA,NA,1,1
Deinococcales,NA,1,NA,NA,NA,NA,NA,1
Deinococcus,NA,3,2,4,NA,NA,NA,1
Deinococcus actinosclerus,53,59,43,54,23,21,24,39
Deinococcus deserti,41,44,26,39,27,16,14,27
Deinococcus geothermalis,24,41,29,32,17,20,18,27
Deinococcus gobiensis,64,88,62,74,37,38,39,44
Deinococcus maricopensis,44,81,87,70,15,28,15,40
Deinococcus peraridilitoris,16,28,28,23,17,9,12,21
Deinococcus proteolyticus,47,41,47,50,25,23,24,35
Deinococcus puniceus,26,55,48,45,14,15,20,22
Deinococcus radiodurans,34,38,31,39,12,18,23,25
Deinococcus radiopugnans,57,77,60,72,29,28,26,49
Delftia,NA,NA,3,NA,1,NA,NA,NA
Delftia acidovorans,77,120,101,86,59,49,63,69
Delftia phage RG-2014,NA,NA,NA,NA,NA,NA,1,NA
Delftia sp. Cs1-4,61,86,72,86,37,40,43,62
Delftia tsuruhatensis,67,84,80,81,49,39,59,52
Deltapapillomavirus 1,NA,NA,NA,NA,NA,NA,1,1
Denitrobacterium detoxificans,262,331,405,297,145,158,261,213
Denitrovibrio acetiphilus,7,7,12,4,18,15,24,16
Dermabacter vaginalis,17,9,27,12,11,14,5,17
Dermacoccaceae,NA,NA,NA,2,1,NA,NA,NA
Dermacoccus nishinomiyaensis,17,27,27,24,13,16,17,19
Desulfarculaceae,NA,1,NA,NA,NA,NA,NA,NA
Desulfarculus,NA,NA,2,NA,NA,NA,NA,NA
Desulfarculus baarsii,40,76,91,88,35,35,41,36
Desulfatibacillum,NA,NA,NA,NA,NA,NA,NA,2
Desulfatibacillum alkenivorans,28,32,50,36,19,30,21,26
Desulfitobacterium,NA,NA,NA,1,NA,NA,NA,NA
Desulfitobacterium dehalogenans,19,39,41,51,34,35,44,44
Desulfitobacterium dichloroeliminans,23,36,23,51,26,44,80,64
Desulfitobacterium hafniense,57,76,65,89,61,61,64,73
Desulfitobacterium metallireducens,19,20,26,24,24,36,29,27
Desulfobacca acetoxidans,14,30,29,32,16,14,18,17
Desulfobacteraceae,NA,NA,NA,NA,NA,NA,NA,1
Desulfobacterales,NA,1,NA,NA,NA,NA,NA,NA
Desulforapulum autotrophicum,27,21,20,24,28,27,24,22
Desulfobacula toluolica,2,10,7,12,12,25,24,30
Desulfobulbaceae,1,1,1,1,1,NA,NA,NA
Desulfobulbus propionicus,64,67,45,70,48,52,38,52
Desulfocapsa sulfexigens,25,23,27,43,27,20,25,23
Desulfococcus multivorans,22,26,33,41,24,22,24,35
Desulfosudis oleivorans,20,36,24,30,15,31,31,26
Desulfohalobium,1,NA,NA,NA,1,NA,NA,NA
Desulfohalobium retbaense,18,10,29,32,16,11,21,18
Desulfomicrobiaceae,NA,NA,NA,NA,NA,1,NA,NA
Desulfomicrobium baculatum,47,50,67,49,43,32,50,59
Desulfomicrobium orale,27,33,50,42,18,36,46,41
Desulfomonile,NA,NA,NA,NA,NA,NA,NA,2
Desulfomonile tiedjei,30,15,9,20,35,24,23,15
Desulfosporosinus,NA,NA,NA,NA,NA,1,NA,NA
Desulfosporosinus acidiphilus,20,13,14,16,28,39,40,38
Desulfosporosinus meridiei,13,12,12,23,21,41,36,44
Desulfosporosinus orientis,21,23,30,21,17,39,45,35
Desulfotalea psychrophila,33,12,8,16,30,22,15,7
Desulfotomaculum,NA,1,NA,NA,NA,1,NA,NA
Desulfofarcimen acetoxidans,13,19,18,20,17,42,47,32
Desulfoscipio gibsoniae,66,58,50,65,73,43,48,58
Desulfofundulus kuznetsovii,33,58,50,58,19,33,19,35
Desulfotomaculum nigrificans,21,21,13,20,45,12,15,25
Desulforamulus reducens,22,26,17,30,32,27,30,37
Desulforamulus ruminis,25,55,42,52,26,40,37,47
Desulfovibrio,1,3,NA,2,1,NA,2,3
Pseudodesulfovibrio aespoeensis,48,50,39,72,41,35,74,61
Desulfocurvibacter africanus,62,57,62,70,43,29,51,39
Oleidesulfovibrio alaskensis,53,61,45,65,38,44,54,40
Desulfovibrio desulfuricans,71,89,82,95,52,100,295,141
Desulfovibrio fairfieldensis,34,43,36,59,64,137,534,179
Solidesulfovibrio magneticus,62,71,74,92,50,53,107,84
Maridesulfovibrio salexigens,34,33,27,51,34,31,26,33
Desulfovibrio sp. J2,65,86,95,67,46,43,73,68
Nitratidesulfovibrio vulgaris,120,152,161,169,92,141,309,167
Desulfovibrionaceae,NA,1,NA,3,1,1,NA,NA
Desulfurella acetivorans,10,6,4,5,10,5,15,7
Desulfurispirillum,NA,NA,NA,1,NA,NA,3,2
Desulfurispirillum indicum,45,39,38,48,44,24,23,34
Desulfurivibrio,NA,1,NA,1,NA,NA,NA,NA
Desulfurivibrio alkaliphilus,28,44,66,53,27,30,26,31
Desulfurobacteriales,NA,1,NA,NA,NA,NA,NA,NA
Desulfurobacterium thermolithotrophum,9,7,7,12,10,16,21,10
Desulfurococcus amylolyticus,NA,NA,1,1,1,NA,NA,1
Desulfurococcus amylolyticus,NA,1,NA,NA,2,NA,NA,1
Desulfurococcus mucosus,1,2,NA,4,2,1,NA,2
Desulfuromonadales,NA,1,NA,NA,NA,NA,NA,NA
Desulfuromonas,NA,NA,3,1,NA,1,1,1
Desulfuromonas soudanensis,39,56,57,51,27,22,19,32
Desulfuromonas sp. DDH964,54,55,59,53,35,27,39,40
Devosia,2,NA,1,NA,1,NA,NA,1
Devosia sp. A16,36,54,43,45,40,17,29,26
Devosia sp. H5989,37,59,55,56,12,25,20,45
Diadromus pulchellus ascovirus 4a,NA,NA,NA,NA,1,1,NA,1
Dialister pneumosintes,8,4,11,6,18,45,96,51
Diatraea saccharalis granulovirus,4,2,1,7,10,NA,NA,2
Dichelobacter nodosus,3,5,8,7,5,12,10,12
Dickeya,NA,1,NA,NA,2,NA,NA,NA
Dickeya dadantii,26,26,32,27,15,29,25,18
Dickeya phage RC-2014,NA,NA,NA,NA,NA,1,NA,NA
Dickeya solani,26,36,51,38,21,30,24,26
Limestonevirus limestone,NA,NA,NA,NA,NA,1,NA,NA
Dickeya zeae,59,53,42,43,46,35,27,38
Dictyoglomus thermophilum,16,5,7,17,13,19,22,9
Dictyoglomus turgidum,1,1,NA,2,6,16,23,12
Dinoroseobacter,NA,NA,NA,1,NA,NA,NA,NA
Dinoroseobacter shibae,27,37,35,39,25,19,12,17
Dokdonella,NA,NA,1,1,NA,NA,NA,NA
Dokdonella koreensis,30,54,50,50,28,24,20,36
Dokdonia,NA,NA,NA,NA,NA,1,NA,NA
Dokdonia donghaensis,26,19,9,22,37,17,18,11
Dokdonia sp. 4H-3-7-5,26,29,14,12,41,25,19,15
Dokdonia sp. MED134,13,12,3,15,23,15,14,9
Draconibacterium orientale,177,152,120,135,148,103,126,113
Dunaliella viridis virus SI2,2,NA,NA,3,NA,NA,NA,NA
Dyadobacter fermentans,93,73,65,84,88,52,70,55
Dyella,NA,NA,1,1,NA,NA,1,NA
Dyella japonica,59,49,52,60,33,22,30,39
Dyella jiangningensis,55,49,41,48,42,17,18,32
Dyella thiooxydans,40,51,45,61,20,26,30,52
East Asian Passiflora virus,NA,NA,NA,NA,NA,NA,NA,1
Echinicola vietnamensis,91,63,50,76,113,45,56,61
Ectothiorhodospira,NA,1,NA,1,NA,NA,NA,NA
Ectothiorhodospira sp. BSL-9,50,50,51,67,22,23,24,36
Ectothiorhodospiraceae,1,1,1,4,2,NA,NA,1
Edwardsiella
 
 <enterobacteria>
 
,NA,1,1,NA,1,2,9,5
Edwardsiella anguillarum,21,31,31,48,23,33,75,62
Edwardsiella hoshinae,20,24,29,26,22,22,12,30
Edwardsiella ictaluri,11,20,27,38,17,17,25,19
Edwardsiella phage KF-1,NA,NA,NA,NA,NA,NA,1,NA
Edwardsiella piscicida,15,19,26,31,14,19,18,24
Edwardsiella sp. EA181011,20,33,46,36,15,23,30,25
Edwardsiella tarda,63,56,61,73,67,41,44,55
Eggerthella,NA,NA,NA,1,NA,NA,NA,1
Eggerthella lenta,294,440,581,312,760,1720,10484,2421
Eggerthella sp. YY7918,116,165,221,137,113,189,588,255
Eggerthellaceae,NA,NA,NA,NA,NA,NA,NA,1
Ehrlichia canis,1,4,1,3,5,2,3,8
Ehrlichia chaffeensis,7,5,1,4,17,3,2,7
Ehrlichia muris,16,12,1,8,16,5,4,4
Ehrlichia ruminantium,5,5,5,6,6,10,7,10
Ehrlichia sp. HF,2,NA,1,NA,NA,7,4,8
Elephant endotheliotropic herpesvirus 4,NA,NA,NA,1,NA,1,NA,NA
Elephantid betaherpesvirus 1,NA,NA,NA,NA,NA,1,NA,NA
Elizabethkingia anophelis,56,49,54,58,70,54,60,65
Elizabethkingia miricola,59,49,38,46,53,50,53,50
Elusimicrobium minutum,23,18,12,18,17,5,10,15
Emiliania huxleyi virus 86,NA,NA,NA,NA,NA,NA,1,NA
Emticicia oligotrophica,98,72,37,55,112,39,36,56
Endomicrobium proavitum,8,5,10,9,11,23,21,16
endosymbiont of Acanthamoeba sp. UWC8,21,13,10,15,18,11,18,10
endosymbiont of Llaveia axin axin,1,1,NA,2,NA,3,5,1
endosymbiont of unidentified scaly snail isolate Monju,39,49,46,47,25,25,17,30
Ensifer,NA,NA,NA,NA,1,NA,NA,NA
Ensifer adhaerens,45,50,62,56,31,30,23,51
Enterobacter,2,4,1,4,4,3,3,4
Enterobacter asburiae,111,107,83,97,91,104,122,110
Enterobacter cloacae,158,176,158,178,201,273,446,322
Enterobacter hormaechei subsp. hoffmannii,26,28,24,42,37,78,93,70
Enterobacter roggenkampii,15,31,34,38,11,29,21,25
Enterobacter roggenkampii,27,36,37,41,22,51,79,59
Enterobacter hormaechei,73,88,73,89,83,107,141,93
Enterobacter kobei,17,23,13,30,22,18,28,18
[Enterobacter] lignolyticus,30,39,52,39,21,33,36,38
Enterobacter ludwigii,30,38,28,37,31,18,25,29
Enterobacter phage Arya,NA,NA,NA,NA,1,NA,NA,NA
Enterobacter phage CC31,1,2,4,NA,NA,NA,NA,2
Enterobacter phage E-2,NA,NA,NA,NA,NA,NA,1,NA
Enterobacter phage phiEap-2,1,NA,NA,2,NA,NA,NA,NA
Enterobacter sp. 638,28,26,19,36,19,20,25,25
Enterobacter sp. E20,27,41,23,40,28,22,32,29
Enterobacter sp. FY-07,13,15,13,16,15,14,17,9
Enterobacter sp. HK169,28,35,24,38,25,21,22,28
Enterobacter sp. ODB01,16,15,18,22,18,19,18,17
Enterobacter sp. R4-368,27,24,25,32,36,45,35,41
Enterobacter xiangfangensis,25,28,26,36,24,25,24,22
Enterobacterales,1,NA,1,1,1,NA,NA,NA
Enterobacteria phage 285P,NA,NA,NA,NA,NA,1,NA,1
Enterobacteria phage 933W,NA,NA,NA,NA,148,394,154,233
Enterobacteria phage BP-4795,NA,NA,NA,NA,58,193,74,115
Enterobacteria phage cdtI,NA,NA,NA,NA,7,14,14,7
Enterobacteria phage fiAA91-ss,NA,NA,NA,NA,NA,NA,1,1
Enterobacteria phage HK106,NA,NA,NA,NA,1,3,2,4
Enterobacteria phage HK140,NA,NA,NA,NA,NA,NA,1,NA
Enterobacteria phage HK542,NA,NA,NA,NA,NA,NA,1,NA
Enterobacteria phage HK544,NA,NA,NA,NA,2,2,2,5
Enterobacteria phage HK629,NA,NA,NA,NA,7,13,6,8
Enterobacteria phage HK630,NA,NA,NA,NA,7,14,7,9
Enterobacteria phage If1,NA,NA,NA,NA,NA,1,NA,NA
Enterobacteria phage IME08,NA,NA,NA,NA,NA,NA,1,NA
Enterobacteria phage IME10,NA,NA,NA,NA,NA,1,1,NA
Enterobacteria phage JS10,6,NA,1,NA,1,1,NA,NA
Enterobacteria phage JSE,NA,NA,NA,NA,NA,1,NA,1
Enterobacteria phage mEp235,NA,NA,NA,NA,NA,1,3,1
Enterobacteria phage mEp460,NA,NA,NA,NA,7,24,6,6
Enterobacteria phage mEpX1,NA,NA,NA,NA,2,4,4,3
Enterobacteria phage mEpX2,NA,NA,NA,NA,NA,NA,NA,1
Enterobacteria phage Min27,NA,NA,NA,NA,124,334,128,183
Enterobacteria phage NJ01,NA,NA,NA,NA,NA,NA,1,NA
Enterobacteria phage P88,NA,NA,NA,NA,4,3,5,1
Enterobacteria phage phi92,NA,NA,NA,NA,NA,NA,1,NA
Enterobacteria phage phiK,NA,NA,NA,NA,NA,1,1,1
Escherichia phage phiX174,NA,NA,NA,NA,NA,1,4,1
Enterobacteria phage QL01,NA,NA,NA,NA,NA,NA,1,NA
Tequatrovirus RB14,NA,NA,NA,NA,NA,1,2,1
Pseudotevenvirus RB16,NA,NA,NA,NA,1,NA,NA,NA
Enterobacteria phage RB43,NA,NA,NA,NA,1,NA,NA,NA
Enterobacteria phage RB69,NA,NA,NA,NA,1,NA,2,NA
Enterobacteria phage SfI,NA,NA,NA,NA,2,7,2,4
Enterobacteria phage St-1,NA,NA,NA,NA,NA,1,1,1
Enterobacteria phage ST104,NA,NA,NA,NA,NA,NA,1,NA
Enterobacteria phage UAB_Phi20,NA,NA,NA,NA,NA,NA,1,NA
Enterobacteria phage VT2-Sakai,NA,NA,NA,NA,161,461,184,258
Enterobacteria phage VT2phi_272,NA,NA,NA,NA,110,284,121,161
Enterobacteria phage YYZ-2008,NA,NA,NA,NA,111,375,163,231
Enterobacteriaceae,2,NA,5,1,1,4,10,4
Enterobacteriaceae bacterium strain FGI 57,55,36,39,46,33,34,33,28
Enterobacterial phage mEp234,NA,NA,NA,NA,NA,2,NA,NA
Enterococcus,NA,NA,NA,NA,NA,NA,1,NA
Enterococcus casseliflavus,19,12,4,9,20,38,52,23
Enterococcus durans,8,1,4,2,31,49,118,40
Enterococcus faecalis,63,54,101,66,113,171,262,187
Enterococcus faecium,138,197,187,213,564,1363,7889,1874
Enterococcus gallinarum,14,10,6,9,20,47,63,36
Enterococcus hirae,26,9,8,16,40,40,134,41
Enterococcus mundtii,12,11,9,19,40,39,73,36
Enterococcus phage Ec-ZZ2,NA,1,2,NA,NA,NA,NA,1
Enterococcus phage ECP3,NA,NA,NA,NA,NA,NA,1,NA
Enterococcus phage EfaCPT1,NA,NA,NA,NA,NA,NA,NA,1
Enterococcus phage IME-EF4,NA,1,2,NA,NA,NA,NA,1
Enterococcus phage IME-EFm1,NA,NA,NA,NA,NA,1,1,1
Enterococcus phage phiEF24C,NA,NA,NA,NA,NA,NA,NA,1
Enterococcus phage phiFL1A,NA,NA,NA,NA,1,NA,2,NA
Enterococcus phage phiFL2A,NA,NA,NA,NA,1,NA,2,NA
Enterococcus phage phiFL3A,NA,NA,NA,NA,1,NA,2,NA
Enterococcus phage vB_EfaS_IME196,NA,NA,NA,NA,NA,NA,NA,1
Enterococcus phage vB_EfaS_IME198,NA,NA,NA,NA,NA,NA,NA,1
Enterococcus phage VD13,NA,NA,NA,NA,NA,NA,NA,1
Equid herpesvirus 3,NA,NA,NA,NA,NA,NA,1,1
Equid alphaherpesvirus 4,NA,NA,NA,NA,NA,NA,1,1
Equid herpesvirus 5,NA,NA,NA,NA,NA,NA,1,NA
Erwinia,1,2,NA,1,1,NA,NA,NA
Erwinia amylovora,17,13,9,16,12,17,11,21
Erwinia billingiae,71,55,46,58,68,36,28,35
Erwinia gerundensis,39,34,52,38,26,22,21,34
Erwinia phage Ea35-70,8,3,4,1,8,3,1,3
Erwinia phage phiEaH2,NA,NA,NA,NA,2,NA,1,2
Erwinia phage vB_EamM_Asesino,NA,NA,NA,NA,1,1,NA,1
Erwinia phage vB_EamM_EarlPhillipIV,NA,NA,NA,NA,NA,NA,1,NA
Erwinia phage vB_EamM_Kwan,2,4,NA,NA,1,1,1,1
Erwinia pyrifoliae,15,11,7,10,16,22,17,28
Erwinia sp. Ejp617,13,8,10,11,14,11,21,20
Erwinia tasmaniensis,16,23,16,25,20,19,19,23
Erwiniaceae,2,NA,1,NA,NA,NA,NA,2
Erysipelothrix rhusiopathiae,8,8,8,11,18,36,68,48
Erysipelothrix sp. LV19,12,8,4,4,32,43,41,31
Erysipelotrichaceae bacterium I46,80,69,63,102,329,698,509,527
Erythrobacter,1,1,NA,1,NA,NA,NA,NA
Erythrobacter atlanticus,12,15,6,6,9,7,14,3
Erythrobacter litoralis,49,48,44,49,36,23,38,39
Erythrobacteraceae,1,NA,1,1,1,NA,NA,NA
Escherichia,NA,NA,NA,NA,NA,NA,2,NA
Escherichia albertii,13,15,21,25,177,470,192,309
Escherichia coli,107,90,90,148,13900,36099,16283,22451
Escherichia fergusonii,37,38,38,62,251,586,295,375
Escherichia phage 121Q,NA,NA,NA,NA,NA,NA,1,1
Escherichia phage 172-1,NA,NA,NA,NA,NA,NA,1,NA
Escherichia phage 4MG,NA,NA,NA,NA,NA,NA,NA,1
Escherichia phage APCEc01,NA,NA,NA,NA,NA,1,1,NA
Escherichia phage ECBP2,NA,NA,NA,NA,NA,NA,1,NA
Escherichia phage ECML-117,NA,NA,NA,NA,NA,NA,1,NA
Escherichia phage ECML-134,NA,NA,NA,NA,NA,1,1,NA
Escherichia phage Eps7,NA,NA,NA,NA,1,NA,2,2
Escherichia phage FFH2,NA,NA,NA,NA,NA,1,NA,NA
Escherichia phage HK75,NA,NA,NA,NA,NA,1,NA,NA
Escherichia phage HY03,NA,NA,NA,NA,1,NA,NA,NA
Escherichia phage KBNP1711,NA,NA,NA,NA,NA,NA,1,NA
Escherichia phage P13374,NA,NA,NA,NA,55,132,48,68
Escherichia phage PA2,NA,NA,NA,NA,104,270,120,156
Escherichia phage phAPEC8,1,1,1,1,1,1,1,NA
Escherichia phage phi191,NA,NA,NA,NA,48,107,41,56
Escherichia phage pro483,NA,NA,NA,NA,NA,NA,1,1
Escherichia phage Rtp,NA,NA,NA,NA,NA,NA,1,NA
Escherichia phage slur07,NA,NA,NA,NA,NA,NA,1,1
Escherichia phage slur16,NA,NA,NA,NA,NA,1,NA,NA
Escherichia phage SUSP1,NA,NA,NA,NA,NA,NA,1,NA
Escherichia phage SUSP2,NA,NA,NA,NA,NA,NA,1,2
Escherichia phage TL-2011b,NA,NA,NA,NA,1,2,1,2
Escherichia phage TL-2011c,NA,NA,NA,NA,49,159,57,90
Escherichia phage vB_EcoM_ACG-C40,NA,NA,NA,NA,NA,NA,1,1
Escherichia phage vB_EcoM_JS09,NA,NA,NA,NA,NA,2,NA,NA
Escherichia phage vB_EcoM_PhAPEC2,NA,NA,NA,NA,1,NA,2,NA
Escherichia phage vB_EcoM_VR25,NA,2,1,NA,NA,1,NA,1
Escherichia phage vB_EcoM_VR26,NA,NA,1,NA,NA,2,NA,1
Escherichia phage vB_EcoM_VR7,NA,2,1,NA,NA,NA,NA,NA
Escherichia Stx1 converting phage,NA,NA,NA,NA,162,476,193,263
Shamshuipovirus HK022,NA,NA,NA,NA,NA,4,5,NA
Byrnievirus HK97,NA,NA,NA,NA,1,3,3,4
Vectrevirus K1E,NA,NA,NA,NA,NA,NA,NA,1
Lambdavirus lambda,NA,NA,NA,NA,8,13,7,11
Peduovirus P2,NA,NA,NA,NA,NA,NA,1,1
Ethanoligenens,NA,NA,NA,1,NA,1,NA,1
Ethanoligenens harbinense,301,426,339,542,154,188,125,289
Eubacterium limosum,145,206,148,223,237,563,417,390
Exiguobacterium antarcticum,6,5,7,8,10,29,29,20
Exiguobacterium artemiae,9,14,5,6,21,31,31,27
Exiguobacterium sp. AT1b,4,9,11,6,11,32,28,27
Exiguobacterium sp. MH3,5,9,9,9,13,21,22,17
Exiguobacterium sp. U13-1,4,5,5,8,9,20,13,15
Faecalibaculum rodentium,89,132,101,133,61,70,80,110
Falconid herpesvirus 1,NA,NA,NA,NA,NA,1,NA,NA
Feline infectious peritonitis virus,NA,NA,NA,NA,NA,NA,1,NA
Felis catus gammaherpesvirus 1,1,1,1,NA,NA,NA,1,NA
Fermentimonas,NA,1,NA,NA,NA,NA,NA,NA
Fermentimonas caenicola,241,153,91,154,247,102,78,106
Ferret papillomavirus,NA,NA,NA,NA,NA,NA,1,NA
Ferrimonas,NA,NA,NA,1,NA,NA,NA,NA
Ferrimonas balearica,38,38,40,55,32,25,22,26
Ferroglobus placidus,13,7,2,6,10,2,4,4
Ferroplasma acidarmanus,9,3,2,4,8,3,8,2
Fervidobacterium islandicum,10,5,8,7,13,8,8,8
Fervidobacterium nodosum,5,4,5,5,5,11,5,8
Fervidobacterium pennivorans,18,17,18,14,23,12,21,13
Fibrobacter succinogenes,131,103,65,125,128,53,41,67
Fictibacillus arsenicus,20,20,18,20,29,56,36,46
Fictibacillus phosphorivorans,6,9,14,14,15,32,36,23
Filifactor alocis,7,17,9,8,30,64,84,37
Fimbriimonas ginsengisoli,18,19,15,17,19,14,17,10
Finegoldia magna,15,40,22,31,306,713,3253,1007
Fischerella,NA,NA,NA,NA,NA,NA,NA,1
Fischerella sp. NIES-3754,14,13,9,9,16,17,25,24
Flammeovirga sp. MY04,66,50,32,53,78,70,68,52
Flammeovirgaceae bacterium 311,111,94,69,112,100,59,45,74
Flavisolibacter sp. LCS9,96,50,42,48,92,35,32,47
Flavobacteriaceae bacterium 3519-10,48,33,47,55,46,24,37,31
Flavobacterium,NA,NA,NA,NA,NA,1,NA,NA
Flavobacterium branchiophilum,42,31,22,32,41,24,27,24
Flavobacterium columnare,97,68,53,75,96,55,64,68
Flavobacterium gilvum,49,32,26,39,51,57,48,45
Flavobacterium indicum,23,14,10,15,20,25,25,23
Flavobacterium johnsoniae,202,148,100,163,220,124,110,105
Flavobacterium phage 6H,NA,NA,NA,NA,NA,1,NA,1
Flavobacterium psychrophilum,100,56,35,69,111,48,40,59
Flavobacterium sp. LPB0076,40,19,6,26,48,21,21,21
Flavobacterium sp. PK15,51,37,22,40,52,37,34,44
Flavonifractor plautii,781,1145,941,1409,1502,3055,9212,4376
Bernardetia litoralis,21,24,12,22,24,36,31,22
Flexistipes sinusarabici,6,10,12,10,15,24,19,7
Fluviicola taffensis,78,41,35,48,103,34,35,37
Formosa sp. Hel1_33_131,21,23,16,14,33,26,22,15
Formosa sp. Hel3_A1_48,15,7,3,3,20,20,16,9
Fowlpox virus,NA,NA,NA,NA,NA,NA,NA,1
Francisella noatunensis,4,3,3,3,6,10,8,6
Francisella persica,6,6,9,11,6,6,10,4
Francisella philomiragia,29,13,10,24,49,31,34,40
Francisella sp. FSC1006,24,20,13,19,34,17,12,13
Francisella sp. TX077308,23,8,1,7,12,9,5,14
Francisella tularensis,32,28,31,29,34,41,50,43
Frankia,NA,1,1,1,1,NA,NA,1
Frankia alni,23,41,48,37,16,20,23,29
Frankia casuarinae,19,27,32,30,11,12,16,22
Frankia inefficax,46,52,40,40,26,25,20,35
Frankia sp. EAN1pec,39,38,49,37,18,17,31,28
Frankia symbiont of Datisca glomerata,16,25,23,23,8,18,15,10
Frankiaceae,NA,NA,NA,NA,NA,NA,NA,1
Frateuria,NA,NA,1,1,NA,NA,NA,NA
Frateuria aurantia,26,23,24,43,20,18,16,27
French bean severe leaf curl virus,NA,NA,NA,NA,1,NA,NA,NA
Frischella perrara,6,4,6,2,3,9,16,11
Frondihabitans sp. PAMC 28766,12,23,14,17,18,15,22,17
Fusobacterium hwasookii,24,16,18,14,34,47,60,59
Fusobacterium nucleatum,49,36,34,30,110,133,157,133
Gallibacterium anatis,34,13,6,14,38,21,16,13
Gallid alphaherpesvirus 2,NA,NA,NA,NA,NA,1,1,NA
Gallionella capsiferriformans,31,26,13,32,17,23,11,25
gamma proteobacterium HdN1,16,17,14,25,11,11,15,15
Gammaproteobacteria bacterium TR3.2,30,46,45,40,12,28,15,34
Gardnerella,1,1,1,1,NA,NA,NA,NA
Gardnerella vaginalis,53,28,25,30,47,33,17,26
Garlic virus C,NA,NA,NA,NA,NA,NA,NA,1
Geitlerinema,NA,NA,NA,NA,NA,NA,NA,1
Geitlerinema sp. PCC 7407,35,30,32,26,23,23,11,19
Gemella sp. oral taxon 928,13,5,3,10,13,49,44,27
Geminocystis sp. NIES-3708,25,24,17,16,25,12,21,13
Geminocystis sp. NIES-3709,21,8,7,19,20,27,20,21
Gemmatimonas,NA,NA,NA,NA,1,NA,NA,NA
Gemmatimonas aurantiaca,52,66,49,38,61,18,28,36
Geoalkalibacter subterraneus,54,63,60,67,41,37,31,55
Geobacillus,NA,NA,NA,NA,NA,NA,2,NA
Geobacillus kaustophilus,6,17,10,5,11,16,27,22
Geobacillus sp. 12AMOR1,17,14,12,18,15,14,23,12
Geobacillus sp. C56-T3,19,21,9,18,22,27,20,18
Geobacillus sp. GHH01,10,22,18,17,16,20,18,22
Geobacillus sp. JF8,15,11,13,8,9,17,22,8
Geobacillus sp. JS12,14,29,26,22,18,24,22,21
Geobacillus sp. LC300,16,19,12,18,14,14,26,17
Geobacillus sp. WCH70,14,8,8,10,27,28,22,28
Geobacillus sp. Y4.1MC1,10,12,11,6,22,29,32,17
Geobacillus sp. Y412MC52,17,22,10,15,24,24,23,22
Geobacillus sp. Y412MC61,17,21,11,13,23,24,18,18
Geobacillus stearothermophilus,8,17,9,11,16,20,19,19
Geobacillus subterraneus,35,24,22,23,23,21,18,26
Geobacillus thermodenitrificans,13,15,24,10,17,14,12,16
Geobacillus thermoleovorans,17,24,18,13,23,21,22,26
Geobacillus virus E2,NA,NA,NA,NA,1,NA,NA,NA
Geobacillus virus E3,NA,NA,NA,NA,NA,NA,1,NA
Geobacter,5,3,3,2,3,NA,NA,2
Geobacter anodireducens,40,46,61,61,28,31,21,40
Citrifermentans bemidjiense,53,56,69,67,34,45,37,53
Geotalea daltonii,29,41,32,35,19,27,24,36
Trichlorobacter lovleyi,38,54,44,51,35,37,34,38
Geobacter metallireducens,26,56,42,59,17,29,17,31
Geobacter pickeringii,50,58,52,51,31,21,25,35
Geobacter sp. M18,50,74,79,72,29,42,35,64
Geobacter sp. M21,59,76,72,85,58,54,41,56
Geobacter sulfurreducens,29,42,63,64,22,29,32,35
Geotalea uraniireducens,49,69,37,60,34,22,26,42
Geobacteraceae,3,NA,2,1,1,NA,NA,NA
Geodermatophilaceae,NA,1,NA,NA,2,NA,NA,1
Geodermatophilus,7,1,NA,1,3,1,NA,NA
Geodermatophilus obscurus,28,43,39,38,14,24,24,25
Geoglobus acetivorans,15,9,1,7,21,5,3,7
Geoglobus ahangari,3,9,3,4,2,7,2,2
Geosporobacter ferrireducens,36,42,54,59,72,103,92,74
Gilliamella apicola,14,21,17,27,16,26,21,18
Brumicola nitratireducens,12,7,2,12,17,6,10,8
Glaciecola sp. 4H-3-7+YE-5,14,12,5,9,11,11,8,9
Gloeobacter,1,NA,NA,NA,NA,NA,NA,1
Gloeobacter kilaueensis,29,31,33,37,21,16,13,28
Gloeobacter violaceus,27,38,28,61,16,27,18,33
Gloeobacteraceae,NA,NA,NA,NA,NA,1,1,NA
Gloeocapsa,NA,NA,NA,NA,NA,NA,NA,1
Gloeocapsa sp. PCC 7428,9,5,8,5,9,7,15,14
Glossina pallidipes salivary gland hypertrophy virus,1,3,NA,1,NA,2,NA,NA
Gluconacetobacter diazotrophicus,29,45,32,41,13,16,14,34
Gluconobacter,NA,1,NA,NA,NA,NA,NA,NA
Gluconobacter oxydans,75,57,59,66,74,30,44,39
Glutamicibacter arilaitensis,62,49,50,66,32,29,19,45
Glycomycetaceae,NA,NA,NA,NA,NA,NA,NA,1
Goatpox virus Pellor,NA,NA,NA,NA,1,3,NA,1
Golden mussel marseillevirus,NA,NA,NA,NA,NA,1,NA,NA
Gordonia
 
 <eudicots>
 
,1,1,2,1,2,NA,1,NA
Gordonia bronchialis,33,38,45,24,19,17,25,20
Gordonia phage Blueberry,NA,NA,1,NA,NA,NA,NA,NA
Gordonia phage Bowser,NA,NA,NA,NA,NA,NA,NA,1
Gordonia phage Emalyn,NA,1,1,2,NA,1,NA,NA
Gordonia phage GTE8,NA,NA,NA,NA,NA,NA,1,NA
Gordonia phage KatherineG,NA,NA,NA,NA,NA,NA,1,NA
Gordonia phage Orchid,1,NA,NA,NA,NA,NA,NA,NA
Gordonia phage Phinally,NA,NA,1,NA,NA,NA,NA,NA
Gordonia phage Remus,NA,NA,NA,NA,NA,NA,1,NA
Gordonia phage Rosalind,NA,NA,NA,NA,NA,NA,1,NA
Gordonia phage Smoothie,NA,1,1,2,1,NA,NA,1
Gordonia phage Soups,NA,NA,NA,NA,NA,NA,1,NA
Gordonia phage Vivi2,2,NA,NA,NA,NA,NA,NA,1
Gordonia phage Woes,NA,NA,NA,NA,NA,NA,NA,1
Gordonia polyisoprenivorans,38,43,53,38,34,18,13,30
Gordonia sp. KTR9,37,57,51,31,37,16,23,23
Gordonia sp. QH-11,30,24,32,27,12,20,28,22
Gordonia terrae,38,40,38,41,26,14,24,16
Gottschalkia acidurici,30,21,22,15,44,44,76,47
Christiangramia forsetii,77,35,27,37,90,41,37,24
Granulibacter,2,NA,1,NA,1,NA,NA,NA
Granulibacter bethesdensis,42,45,43,50,38,21,17,32
Granulicella,NA,1,NA,NA,1,NA,NA,NA
Granulicella mallensis,45,41,38,43,39,16,21,25
Granulicella tundricola,17,19,18,22,13,16,17,23
Grapevine berry inner necrosis virus,NA,NA,NA,1,NA,NA,NA,NA
Grapevine leafroll-associated virus 13,NA,NA,NA,1,NA,NA,NA,NA
Grimontia hollisae,21,22,13,23,26,20,20,31
Gryllus bimaculatus nudivirus,NA,NA,NA,NA,NA,NA,1,NA
Gynuella sunshinyii,23,19,24,34,21,24,22,20
Haematospirillum,NA,NA,NA,NA,NA,NA,NA,1
Haematospirillum jordaniae,4,5,10,11,5,9,13,12
Haemophilus influenzae,36,27,20,22,34,35,32,19
Haemophilus parainfluenzae,5,4,5,4,6,10,12,3
Haemophilus phage HP1,NA,NA,NA,NA,1,1,NA,NA
Haemophilus phage HP2,NA,NA,NA,NA,1,1,NA,NA
Hafnia alvei,24,31,17,31,39,37,48,37
Hafniaceae,NA,NA,NA,NA,NA,NA,NA,1
Hahella chejuensis,20,17,18,22,22,13,13,22
Halalkalicoccus jeotgali,2,9,10,1,2,4,6,6
Halanaeroarchaeum sulfurireducens,NA,1,2,1,1,1,4,2
Halanaerobium hydrogeniformans,9,8,8,12,17,31,33,36
Halanaerobium praevalens,13,13,17,26,18,40,33,28
Haliangium ochraceum,55,80,68,90,36,43,47,51
Haliscomenobacter hydrossis,124,111,90,117,117,56,52,69
haloarchaeon HTSR1,NA,2,NA,1,1,1,6,1
Haloarcula hispanica,5,2,1,2,NA,7,4,2
Haloarcula hispanica pleomorphic virus 2,NA,NA,NA,NA,1,NA,NA,NA
Haloarcula marismortui,5,4,2,6,4,5,7,8
Haloarcula sp. CBA1115,3,3,6,2,2,11,2,4
Halobacillus,NA,1,NA,NA,NA,NA,NA,NA
Halobacillus halophilus,5,12,11,14,13,17,26,18
Halobacteriaceae,NA,NA,NA,1,NA,NA,NA,NA
Halobacteriovorax marinus,2,6,7,2,9,19,9,9
Halobacterium hubeiense,8,14,15,18,3,6,11,19
Halobacterium salinarum,2,5,8,4,4,3,5,4
Halobacterium sp. DL1,13,19,25,16,5,3,5,7
Halobacteroides halobius,5,8,3,9,21,23,24,25
Halocynthia phage JM-2012,NA,NA,NA,NA,NA,NA,NA,1
Halocynthiibacter arcticus,4,NA,NA,4,3,8,9,5
Haloferax gibbonsii,19,17,20,8,13,11,9,13
Haloferax mediterranei,11,9,6,11,15,12,10,9
Haloferax volcanii,15,14,16,10,7,5,10,9
Halogeometricum borinquense,12,14,14,14,17,1,7,8
Halomicrobium mukohataei,6,12,7,8,5,6,5,9
Halomonadaceae,1,NA,1,1,1,1,NA,NA
Halomonas,NA,NA,NA,2,NA,NA,NA,NA
Halomonas campaniensis,14,8,8,12,7,6,8,6
Halomonas chromatireducens,39,33,49,44,32,16,20,33
Halomonas elongata,46,44,45,68,30,21,24,26
Halomonas huangheensis,12,11,17,13,15,20,12,17
Halomonas phage phiHAP-1,NA,NA,NA,NA,NA,NA,NA,1
Halomonas sp. KO116,40,31,26,27,25,17,13,29
halophilic archaeon DL31,1,2,4,3,2,6,2,3
Halopiger xanaduensis,12,11,23,11,8,10,8,12
Haloquadratum walsbyi,11,4,4,4,8,6,7,8
Halorhabdus tiamatea,3,4,13,7,1,9,1,5
Halorhabdus utahensis,9,11,9,6,8,5,6,8
Halorhodospira halophila,16,28,27,33,9,18,26,19
Halorubrum lacusprofundi,6,9,11,2,1,7,4,3
Halostagnicola larsenii,5,12,16,6,2,6,6,7
Halotalea alkalilenta,39,37,45,26,19,31,15,26
Haloterrigena turkmenica,11,5,14,8,5,5,4,12
Halothece,NA,NA,NA,NA,NA,NA,NA,1
Halothece sp. PCC 7418,9,6,10,13,8,5,11,15
Halothermothrix orenii,8,14,3,14,17,33,24,25
Halothiobacillus,NA,NA,NA,NA,NA,NA,1,NA
Halothiobacillus neapolitanus,40,26,12,26,39,10,7,28
Halothiobacillus sp. LS2,17,18,24,33,15,19,8,19
Halovirus HCTV-5,NA,NA,NA,NA,NA,1,NA,NA
Halovirus HGTV-1,2,NA,3,1,NA,NA,NA,1
Halovirus HHTV-1,NA,1,3,1,NA,NA,NA,2
Halovirus HRTV-4,NA,NA,NA,NA,NA,NA,1,NA
Halovirus HVTV-1,NA,NA,NA,NA,NA,NA,1,NA
Sendosyvirus APSE1,NA,NA,NA,NA,NA,1,NA,1
Helicobacter acinonychis,4,NA,6,5,6,5,4,3
Helicobacter cetorum,2,2,4,4,6,9,15,8
Helicobacter cinaedi,2,6,1,3,6,10,6,7
Helicobacter felis,2,1,2,2,3,4,5,2
Helicobacter hepaticus,12,7,5,6,12,11,10,8
Helicobacter himalayensis,5,4,2,1,1,10,4,4
Helicobacter mustelae,5,3,3,4,6,7,7,6
Helicobacter pylori,48,30,30,31,57,46,54,32
Helicobacter sp. MIT 01-6242,42,13,4,18,31,10,8,10
Helicobacter typhlonius,1,4,5,3,6,9,6,6
Heliobacterium,NA,NA,NA,1,NA,NA,NA,1
Heliomicrobium modesticaldum,39,75,79,83,36,39,62,65
Hemileuca sp. nucleopolyhedrovirus,NA,NA,NA,NA,NA,NA,1,NA
Herbaspirillum,NA,NA,2,1,NA,NA,NA,1
Herbaspirillum hiltneri,70,63,43,62,52,33,32,38
Herbaspirillum rubrisubalbicans,61,75,56,60,42,33,48,39
Herbaspirillum seropedicae,58,79,77,93,59,44,44,50
Herminiimonas arsenicoxydans,14,17,22,12,8,19,19,16
Hippea maritima,10,3,8,7,12,13,8,12
Hirschia baltica,21,19,13,11,13,16,11,15
Histophilus somni,35,26,14,27,40,21,16,21
Hoeflea sp. IMCC20628,10,23,22,19,9,15,16,27
Homo sapiens,5364,3719,2576,3803,6052,4399,4492,4163
Honeysuckle yellow vein virus,11,4,2,3,8,2,NA,1
Horseradish latent virus,3,5,1,3,9,NA,NA,2
Hoyosella,7,1,NA,1,3,1,NA,NA
Hoyosella subflava,34,23,17,14,18,7,10,10
Huangpi Tick Virus 2,NA,NA,NA,NA,NA,NA,1,NA
Human alphaherpesvirus 2,NA,NA,NA,NA,NA,NA,NA,1
Human betaherpesvirus 7,NA,NA,NA,NA,1,NA,NA,NA
Human gammaherpesvirus 8,NA,NA,NA,NA,NA,1,1,NA
human metapneumovirus,NA,NA,NA,NA,NA,NA,1,NA
Human papillomavirus type 128,NA,1,1,NA,NA,NA,NA,NA
Human rotavirus B,NA,NA,NA,NA,NA,1,NA,NA
Hydrogenobacter thermophilus,3,2,3,3,9,6,5,1
Hydrogenobaculum sp. 3684,14,22,14,23,9,17,14,14
Hydrogenobaculum sp. HO,14,22,14,23,9,17,14,14
Hydrogenobaculum sp. SHO,14,22,14,23,9,17,14,14
Hydrogenobaculum sp. SN,14,22,14,23,9,17,14,14
Hydrogenobaculum sp. Y04AAS1,14,21,14,23,8,13,9,15
Hydrogenophaga,NA,NA,NA,1,NA,NA,3,1
Hydrogenophaga sp. LPB0072,45,37,45,37,33,22,18,25
Hydrogenophaga sp. PBC,48,83,74,74,31,28,78,48
Hydrogenophaga sp. RAC07,35,58,57,77,25,29,37,42
Hydrogenophilaceae,1,NA,1,NA,NA,NA,NA,1
Hymenobacter,1,1,2,NA,NA,NA,1,1
Hymenobacter sp. APR13,121,117,118,135,97,59,68,77
Hymenobacter sp. DG25A,70,91,71,111,73,36,46,56
Hymenobacter sp. DG25B,120,108,102,130,102,53,56,67
Hymenobacter sp. DG5B,118,128,115,140,96,57,59,87
Hymenobacter sp. PAMC 26554,127,128,121,133,110,59,58,100
Hymenobacter sp. PAMC 26628,121,117,126,125,103,64,76,107
Hymenobacter swuensis,78,83,100,100,72,51,66,79
Hymenobacteraceae,1,NA,1,NA,NA,NA,1,NA
Hyperthermus butylicus,1,4,1,NA,NA,NA,1,1
Hyphomicrobiaceae,3,NA,1,NA,NA,NA,NA,NA
Hyphomicrobium,NA,NA,2,2,NA,1,1,2
Hyphomicrobium denitrificans,40,48,53,47,47,27,37,41
Hyphomicrobium nitrativorans,22,35,33,46,16,13,17,19
Hyphomicrobium sp. MC1,21,32,25,25,11,16,18,16
Hyphomonas,NA,NA,NA,1,NA,1,NA,NA
Hyphomonas neptunium,16,25,27,19,11,19,12,15
Hyphomonas sp. Mor2,11,15,15,20,10,15,9,18
Idiomarina,NA,NA,NA,NA,NA,NA,NA,2
Idiomarina loihiensis,9,7,6,10,9,14,10,12
Idiomarinaceae phage Phi1M2-2,NA,NA,NA,NA,NA,NA,1,NA
Ignavibacterium album,13,16,7,7,20,31,16,19
Ignicoccus hospitalis,NA,NA,1,NA,NA,2,NA,1
Ilumatobacter,NA,NA,1,NA,NA,NA,1,NA
Ilumatobacter coccineus,70,51,50,45,52,22,30,29
Ilyobacter polytropus,31,21,19,26,59,60,52,51
Indian cassava mosaic virus,NA,NA,NA,1,NA,NA,NA,1
Intestinimonas butyriciproducens,509,774,647,934,428,657,631,724
Intrasporangiaceae,NA,NA,NA,NA,1,NA,NA,NA
Intrasporangium calvum,9,28,28,23,9,11,12,16
Invertebrate iridescent virus 22,NA,NA,NA,NA,NA,1,NA,NA
Invertebrate iridescent virus 30,NA,NA,NA,NA,NA,NA,1,NA
Invertebrate iridescent virus 6,NA,NA,NA,NA,NA,NA,1,NA
Isoptericola,8,2,2,4,3,1,NA,NA
Isoptericola dokdonensis,39,44,49,29,36,25,20,24
Isoptericola variabilis,28,30,51,25,18,12,28,17
Isosphaera pallida,23,19,21,20,16,13,14,12
Jannaschia,NA,NA,NA,NA,1,NA,NA,NA
Jannaschia sp. CCS1,15,19,18,22,6,15,10,14
Janthinobacterium,NA,NA,NA,1,NA,NA,1,NA
Janthinobacterium agaricidamnosum,21,23,36,27,17,19,36,33
Janthinobacterium sp. 1_2014MBL_MicDiv,36,44,49,56,28,30,44,45
Janthinobacterium sp. B9-8,7,17,15,25,10,19,15,19
Janthinobacterium sp. Marseille,7,13,12,9,8,13,29,13
Japanese encephalitis virus,NA,NA,NA,1,1,NA,2,NA
Jeongeupia sp. USM3,33,44,30,50,24,20,32,31
Jeotgalibacillus malaysiensis,14,20,20,22,22,64,49,54
Jonesia,1,1,1,1,NA,NA,NA,NA
Jonesia denitrificans,21,15,10,24,11,14,6,12
Kangiella,NA,NA,NA,NA,NA,NA,NA,2
Kangiella geojedonensis,4,8,3,4,6,13,15,7
Kangiella koreensis,4,2,3,8,2,9,13,5
Kangiella sediminilitoris,8,4,9,9,10,5,4,11
Ketogulonicigenium vulgare,20,20,26,39,15,21,19,25
Kibdelosporangium,NA,NA,NA,NA,NA,1,NA,NA
Kibdelosporangium phytohabitans,18,26,33,29,16,20,32,41
Kilifi Virus,NA,NA,NA,NA,NA,NA,1,NA
Kineococcus,NA,NA,1,1,NA,NA,NA,NA
Kineococcus radiotolerans,28,40,57,48,18,16,16,34
Kineosporiaceae,NA,NA,NA,NA,NA,NA,NA,1
Candidatus Kinetoplastidibacterium blastocrithidiae,NA,NA,NA,1,1,6,3,4
Kingella
 
 <b-proteobacteria>
 
,NA,NA,NA,NA,NA,2,6,NA
Kingella kingae,11,9,8,10,12,16,11,8
Kitasatospora,NA,1,NA,NA,1,NA,NA,1
Kitasatospora setae,44,55,61,67,26,35,41,38
Klebsiella,2,2,2,2,2,7,11,9
Klebsiella michiganensis,58,65,60,56,53,109,179,121
Klebsiella oxytoca,99,128,116,125,125,227,462,314
Klebsiella phage KP15,NA,NA,NA,NA,NA,NA,NA,1
Klebsiella phage KP27,NA,NA,NA,NA,NA,NA,NA,1
Klebsiella phage vB_KpnM_KB57,NA,NA,NA,NA,1,NA,NA,1
Klebsiella pneumoniae,185,181,155,199,3073,7768,25514,11106
Klebsiella quasipneumoniae,46,44,48,71,92,167,581,244
[Enterobacter] lignolyticus,24,26,31,35,21,29,35,29
Klebsiella sp. LTGPAF-6F,35,45,55,44,27,48,67,47
Klebsiella variicola,88,116,105,133,790,1871,12846,2755
Kluyvera intermedia,29,34,27,26,46,43,53,61
Kocuria,NA,NA,1,1,NA,NA,NA,NA
Kocuria flava,18,25,21,23,13,13,27,28
Kocuria palustris,25,49,34,48,14,12,19,22
Kocuria rhizophila,27,37,36,41,15,12,16,23
Kofleriaceae,1,NA,1,NA,NA,NA,NA,1
Komagataeibacter,2,1,NA,1,1,NA,NA,NA
Komagataeibacter medellinensis,20,35,33,46,9,11,9,26
Komagataeibacter xylinus,19,31,45,15,20,16,16,17
Kosakonia oryzae,18,21,18,21,12,32,37,33
Kosakonia sacchari,25,31,27,36,22,33,30,35
Kosmotoga olearia,22,4,3,5,16,8,5,6
Kosmotoga pacifica,5,6,3,6,3,13,12,7
Kozakia baliensis,5,7,15,5,9,14,16,7
Kribbella,NA,NA,NA,NA,NA,1,NA,NA
Kribbella flavida,28,51,57,47,17,24,28,34
Kurthia sp. 11kri321,17,14,18,12,23,47,40,29
Kutzneria,NA,NA,NA,1,NA,NA,NA,1
Kutzneria albida,68,70,75,66,35,35,45,50
Kyrpidia,NA,NA,NA,NA,NA,NA,NA,1
Kyrpidia tusciae,22,23,24,31,10,29,14,24
Kytococcus,NA,NA,NA,1,NA,NA,NA,NA
Kytococcus sedentarius,20,25,40,26,18,11,19,21
Labrenzia sp. CP4,37,35,34,34,17,27,24,35
Lachnoclostridium phytofermentans,37,31,34,43,257,657,495,392
Lachnoclostridium sp. YL32,197,280,243,401,663,1468,1161,1089
Lachnospiraceae,NA,NA,NA,NA,1,NA,NA,NA
Lacimicrobium,1,1,NA,NA,NA,NA,NA,NA
Lacimicrobium alkaliphilum,32,60,35,56,42,25,20,29
Lacinutrix,NA,NA,NA,NA,NA,1,NA,NA
Lacinutrix sp. 5H-3-7-4,2,5,4,14,12,16,25,13
Lactobacillus,3,6,NA,1,1,1,NA,2
Lactobacillus acetotolerans,2,1,1,1,3,15,12,12
Lactobacillus acidophilus,164,191,147,255,140,152,179,158
Lactobacillus amylovorus,74,85,55,105,67,45,63,58
Lactobacillus backii,10,5,3,12,23,12,16,15
Levilactobacillus brevis,25,16,10,25,28,13,9,22
Lentilactobacillus buchneri,25,8,7,18,20,26,24,18
Lacticaseibacillus casei,36,30,26,29,57,40,45,33
Latilactobacillus curvatus,6,11,10,6,8,11,18,11
Lactobacillus delbrueckii,26,31,30,24,23,25,20,17
Limosilactobacillus fermentum,16,14,19,26,9,11,25,17
Lactobacillus gallinarum,18,4,5,12,16,16,16,12
Lactobacillus gasseri,1,4,4,7,8,23,18,27
Lactobacillus ginsenosidimutans,11,16,11,16,19,21,23,18
Lactobacillus heilongjiangensis,9,10,2,4,15,17,22,13
Lactobacillus helveticus,46,21,18,28,37,39,35,28
Paucilactobacillus hokkaidonensis,13,7,8,9,11,7,19,12
Lactobacillus johnsonii,73,75,57,92,53,62,98,87
Lactobacillus kefiranofaciens,11,4,1,7,6,18,14,8
Levilactobacillus koreensis,3,1,7,10,11,12,14,11
Apilactobacillus kunkeei,8,3,4,6,14,11,13,8
Fructilactobacillus lindneri,2,2,4,6,2,15,11,10
Limosilactobacillus mucosae,76,93,68,100,55,47,89,73
Lacticaseibacillus paracasei,19,12,11,20,19,21,26,21
Secundilactobacillus paracollinoides,47,43,35,50,35,28,26,30
Lactiplantibacillus paraplantarum,9,12,8,12,9,11,11,8
Lactobacillus phage CL1,NA,NA,NA,NA,NA,1,NA,NA
Lactobacillus phage CL2,NA,NA,NA,NA,NA,1,NA,NA
Lactobacillus phage iA2,NA,NA,NA,NA,1,NA,NA,NA
Lactobacillus phage LfeInf,NA,NA,NA,NA,NA,NA,NA,1
Lactobacillus phage LP65,NA,NA,NA,NA,NA,NA,NA,1
Lactiplantibacillus plantarum,17,19,17,23,24,23,30,21
Lactobacillus prophage Lj965,NA,NA,NA,NA,NA,1,NA,NA
Limosilactobacillus reuteri,66,82,58,89,55,71,74,68
Lacticaseibacillus rhamnosus,39,18,26,30,33,24,27,43
Ligilactobacillus ruminis,27,13,18,27,580,1419,5901,1984
Latilactobacillus sakei,14,19,12,18,11,18,13,20
Ligilactobacillus salivarius,39,35,32,76,40,63,73,65
Fructilactobacillus sanfranciscensis,6,3,5,7,7,12,15,14
Lactobacillus sp. wkB8,8,6,1,3,10,10,18,14
Lactococcus garvieae,13,12,15,18,3,21,18,15
Lactococcus lactis,29,36,34,27,52,112,120,95
Lactococcus phage bIL309,3,NA,NA,NA,NA,NA,NA,NA
Lactococcus phage bIL67,NA,NA,NA,NA,1,NA,NA,1
Lactococcus phage phiL47,NA,NA,NA,NA,NA,1,NA,NA
Lactococcus phage r1t,NA,NA,NA,NA,NA,NA,1,NA
Pseudolactococcus piscium,9,6,11,4,11,25,25,24
Lake Sarah-associated circular virus-18,1,NA,NA,NA,1,1,NA,NA
Laribacter,NA,NA,NA,NA,NA,NA,NA,1
Laribacter hongkongensis,39,35,32,28,38,23,29,26
Lawsonella clevelandensis,11,12,15,14,6,10,4,7
Lawsonia intracellularis,4,NA,4,7,3,12,11,11
Leadbetterella byssophila,54,33,26,44,57,31,36,36
Leclercia adecarboxylata,31,32,28,26,21,30,21,39
Legionella,NA,NA,NA,NA,NA,1,NA,NA
Legionella fallonii,14,4,6,10,15,12,8,10
Legionella hackeliae,1,7,5,3,6,15,18,10
Legionella longbeachae,NA,3,3,4,3,11,9,7
Legionella oakridgensis,3,7,3,7,7,8,6,5
Legionella pneumophila,81,57,26,44,97,43,36,39
Leifsonia,1,1,2,1,NA,NA,NA,NA
Leifsonia xyli,50,58,85,45,31,36,34,48
Leisingera methylohalidivorans,21,34,32,38,23,17,15,25
Lelliottia amnigena,34,41,46,44,24,25,20,27
Lentibacillus amyloliquefaciens,44,27,17,23,42,29,27,28
Lentzea sp. DHS C013,24,35,25,28,17,17,26,24
Leporid herpesvirus 4,NA,NA,NA,NA,NA,1,NA,NA
Leptolyngbya,NA,NA,NA,NA,NA,NA,NA,1
Leptolyngbya sp. NIES-3755,18,15,7,8,17,21,10,12
Leptolyngbya sp. O-77,41,48,41,68,31,25,31,27
Leptolyngbya sp. PCC 7376,37,18,15,25,32,8,17,11
Leptospira alstonii,29,10,5,14,34,18,12,18
Leptospira biflexa,18,11,8,10,33,18,20,12
Leptospira borgpetersenii,1,6,5,6,15,24,15,12
Leptospira interrogans,19,19,23,15,22,32,26,26
Leptospira santarosai,3,5,5,7,12,13,12,9
Leptospirillum ferriphilum,12,16,7,6,10,9,4,13
Leptospirillum ferrooxidans,2,6,2,5,5,7,7,11
Leptospirillum sp. Group II 'CF-1',13,11,9,4,7,8,3,10
Leptothrix
 
 <b-proteobacteria>
 
,1,NA,NA,NA,1,NA,NA,2
Leptothrix cholodnii,57,72,104,78,47,42,35,45
Leptotrichia buccalis,16,15,15,15,14,32,27,26
Leptotrichia sp. oral taxon 212,28,8,6,11,31,41,44,38
Leptotrichia sp. oral taxon 847,14,11,10,10,22,30,23,16
Leucania separata nucleopolyhedrovirus,NA,NA,NA,NA,NA,NA,NA,1
Leuconostoc,3,6,NA,1,NA,NA,NA,1
Leuconostoc carnosum,9,18,12,16,15,30,12,18
Leuconostoc citreum,10,18,12,18,6,13,20,11
Leuconostoc gelidum,25,18,15,15,19,27,26,23
Leuconostoc kimchii,20,26,13,20,18,13,14,17
Leuconostoc lactis,10,17,12,17,10,12,11,8
Leuconostoc mesenteroides,15,20,18,20,18,29,12,20
Leuconostoc phage P793,NA,2,3,2,NA,NA,NA,1
Leuconostoc phage phiLN34,NA,NA,NA,NA,1,NA,1,1
Leuconostoc phage phiLNTR2,NA,NA,NA,NA,1,NA,1,1
Leuconostoc phage phiLNTR3,NA,NA,NA,NA,1,NA,1,1
Leuconostoc sp. C2,30,27,14,27,21,25,12,17
Liberibacter crescens,1,1,3,3,4,7,13,10
Liberibacter phage SC1,NA,NA,NA,NA,NA,1,NA,NA
Liberibacter phage SC2,NA,NA,NA,NA,NA,1,NA,NA
Limnochorda,NA,1,NA,1,NA,NA,NA,1
Limnochorda pilosa,56,68,62,71,33,22,29,42
Limnohabitans sp. 103DPR2,15,9,7,14,18,8,16,17
Limnohabitans sp. 63ED37-2,29,38,44,37,27,12,16,15
Listeria innocua,15,14,5,14,17,25,32,27
Listeria ivanovii,14,9,7,15,29,47,51,32
Listeria monocytogenes,27,25,15,31,41,56,69,62
Listeria phage 2389,NA,NA,NA,NA,1,NA,NA,1
Listeria phage A500,NA,NA,NA,NA,NA,NA,1,1
Listeria phage List-36,NA,NA,NA,NA,NA,2,NA,NA
Listeria phage LP-026,NA,NA,NA,NA,NA,NA,1,NA
Listeria phage LP-030-2,NA,NA,NA,NA,1,NA,NA,1
Listeria phage LP-037,NA,NA,NA,NA,NA,NA,1,NA
Listeria phage LP-101,NA,NA,NA,NA,NA,1,NA,NA
Listeria phage LP-110,NA,NA,NA,NA,NA,NA,1,NA
Listeria phage LP-114,NA,NA,NA,NA,NA,NA,1,NA
Listeria phage P70,NA,NA,NA,NA,NA,NA,1,NA
Listeria seeligeri,4,8,8,12,17,42,20,20
Pecentumvirus A511,NA,NA,NA,NA,NA,1,NA,NA
Listeria welshimeri,7,10,7,11,10,26,34,27
Lumpy skin disease virus NI-2490,NA,NA,NA,NA,NA,3,1,1
Luteipulveratus mongoliensis,43,44,52,50,16,17,22,19
Lutibacter sp. LP1,8,1,3,9,15,24,33,17
Lutibacter sp. LPB0138,20,20,11,29,28,31,30,31
Lymphocystis disease virus - isolate China,5,2,4,3,4,1,1,1
Lysinibacillus fusiformis,19,8,10,9,24,27,31,27
Lysinibacillus sphaericus,10,1,3,9,24,35,38,34
Lysinibacillus varians,21,11,11,12,40,42,35,24
Lysobacter,NA,NA,1,NA,NA,NA,NA,NA
Lysobacter antibioticus,31,49,46,39,29,22,27,42
Lysobacter capsici,25,35,41,31,16,25,30,36
Lysobacter gummosus,23,36,31,32,23,21,25,36
Macacine herpesvirus 3,1,1,1,NA,NA,NA,NA,1
Macacine gammaherpesvirus 5,NA,NA,NA,NA,NA,1,NA,NA
Macrococcoides caseolyticum,2,2,9,6,14,35,25,19
Mageeibacillus,NA,1,NA,NA,NA,NA,NA,NA
Mageeibacillus indolicus,33,27,34,48,41,72,75,62
Magnetococcus marinus,13,27,21,39,16,13,16,26
Magnetospira,NA,NA,NA,NA,NA,NA,NA,1
Magnetospira sp. QH-2,18,33,29,22,16,18,24,17
Magnetospirillum,NA,NA,NA,NA,NA,NA,NA,1
Magnetospirillum gryphiswaldense,37,40,41,36,19,26,22,34
Paramagnetospirillum magneticum,57,68,75,80,31,23,42,52
Magnetospirillum sp. XM-1,36,49,74,58,15,25,36,51
Mahella australiensis,22,14,16,27,21,26,33,25
Maize bushy stunt phytoplasma,1,3,3,4,3,6,2,8
Mamestra brassicae multiple nucleopolyhedrovirus,1,1,2,2,1,1,NA,NA
Mamestra configurata nucleopolyhedrovirus B,1,1,2,2,1,1,NA,NA
Mannheimia,NA,NA,NA,NA,NA,1,5,NA
Mannheimia haemolytica,14,12,17,18,20,20,25,21
Mannheimia phage vB_MhM_3927AP2,NA,NA,NA,NA,NA,1,1,NA
Mannheimia sp. USDA-ARS-USMARC-1261,12,13,10,18,14,14,19,16
Mannheimia varigena,10,14,10,14,18,26,27,29
Maribacter,NA,NA,NA,NA,NA,1,NA,NA
Maribacter sp. 1_2014MBL_MicDiv,68,32,23,32,74,32,28,20
Maribacter sp. HTCC2170,46,19,15,23,45,19,26,27
Maricaulis maris,38,39,26,34,43,15,14,23
Marichromatium,NA,NA,NA,NA,NA,NA,NA,1
Marichromatium purpuratum,51,66,46,56,51,30,23,41
Marinithermus hydrothermalis,36,40,45,36,21,10,11,20
Marinitoga piezophila,4,3,4,2,13,27,31,15
Marinobacter,1,1,NA,3,1,NA,1,1
Marinobacter adhaerens,33,33,23,33,26,16,14,22
Marinobacter nauticus,68,79,56,87,63,33,26,60
Marinobacter psychrophilus,15,20,21,18,9,8,12,6
Marinobacter salarius,12,18,16,13,6,18,21,13
Marinobacter similis,34,30,22,23,37,20,8,17
Marinobacter sp. BSs20148,17,18,27,24,7,6,7,7
Marinobacter sp. CP1,36,37,31,35,30,15,14,18
Marinobacter sp. Hb8,18,17,10,18,26,18,13,12
Marinobacter sp. LQ44,18,22,15,30,8,25,17,18
Marinobacterium sp. ST58-10,62,54,49,67,40,24,27,42
Marinomonas mediterranea,7,10,15,10,11,15,14,16
Marinomonas posidonica,60,40,17,29,62,22,13,20
Marinomonas sp. MWYL1,8,7,5,7,10,5,10,18
Marinovum,NA,1,NA,NA,NA,NA,NA,NA
Marinovum algicola,25,28,41,44,24,21,17,32
Marivirga tractuosa,44,24,17,18,47,18,31,24
Marseillevirus marseillevirus,NA,NA,NA,NA,NA,NA,NA,1
Martelella,NA,1,1,1,1,NA,NA,NA
Martelella endophytica,53,47,50,54,29,30,33,43
Martelella sp. AD-3,37,42,58,61,30,37,27,36
Maruca vitrata nucleopolyhedrovirus,NA,NA,NA,NA,NA,NA,NA,1
Massilia,6,3,1,3,3,NA,1,2
Massilia sp. NR 4-1,38,54,68,84,37,26,33,41
Massilia sp. WG5,29,44,53,55,19,40,45,45
Megasphaera elsdenii,94,88,76,96,509,1126,6323,1340
Meiothermus ruber,34,31,50,45,19,15,17,26
Allomeiothermus silvanus,17,21,27,21,11,10,11,19
Melanoplus sanguinipes entomopoxvirus,NA,NA,NA,NA,1,NA,NA,NA
Marseillevirus sp. 'Melbournevirus'
 
 
 <species>
 
,NA,NA,NA,NA,NA,1,NA,1
Melioribacter roseus,41,31,25,27,23,22,26,20
Melissococcus plutonius,30,12,4,10,24,29,27,27
Mesoplasma florum,NA,4,2,3,7,18,16,16
Mesorhizobium,NA,2,NA,2,1,NA,1,2
Mesorhizobium amorphae,13,28,43,40,31,30,28,25
Mesorhizobium australicum,31,45,39,41,37,12,28,29
Mesorhizobium ciceri,55,63,76,72,44,37,28,54
Mesorhizobium loti,38,69,71,54,39,38,43,47
Mesorhizobium opportunistum,33,37,44,30,17,20,19,38
Mesorhizobium phage vB_MloP_Lo5R7ANS,NA,NA,NA,1,NA,NA,NA,NA
Mesotoga prima,7,1,4,5,5,7,4,6
Metallosphaera cuprina,2,2,1,6,3,2,1,2
Metallosphaera sedula,NA,NA,NA,1,1,1,1,2
Methanobacterium formicicum,11,4,3,12,19,17,11,5
Methanobacterium lacus,NA,1,NA,2,2,13,13,4
Methanobacterium paludis,1,4,1,NA,4,10,10,4
Methanobacterium sp. MB1,NA,NA,NA,2,NA,6,3,5
Methanobrevibacter millerae,14,6,7,9,16,20,18,19
Methanobrevibacter olleyae,1,NA,NA,1,4,17,8,12
Methanobrevibacter ruminantium,13,18,13,8,18,18,16,12
Methanobrevibacter smithii,9,6,7,10,2650,6913,5236,4253
Methanobrevibacter sp. AbM4,14,15,12,17,17,16,14,13
Methanobrevibacter sp. YE315,2,2,3,4,7,15,13,6
Methanocaldococcus bathoardescens,9,NA,4,8,7,7,8,5
Methanocaldococcus fervens,2,4,7,2,NA,4,5,3
Methanocaldococcus infernus,3,4,3,2,3,5,7,2
Methanocaldococcus jannaschii,2,2,2,1,4,6,7,9
Methanocaldococcus sp. FS406-22,1,NA,NA,NA,4,7,9,2
Methanocaldococcus vulcanius,NA,NA,NA,NA,2,4,4,2
Methanocella,NA,NA,NA,NA,NA,NA,1,1
Methanocella arvoryzae,15,9,5,14,7,8,12,13
Methanocella conradii,5,7,5,4,2,2,3,6
Methanococcoides burtonii,8,8,9,13,10,14,12,10
Methanococcoides methylutens,1,3,1,2,7,11,2,7
Methanococcus aeolicus,NA,1,1,NA,3,8,11,4
Methanococcus maripaludis,22,14,2,10,33,32,33,24
Methanococcus vannielii,1,NA,1,1,5,7,6,7
Methanococcus voltae,14,5,9,15,16,15,7,10
Methanocorpusculum labreanum,14,7,5,7,17,13,9,17
Methanoculleus bourgensis,7,8,9,6,7,8,9,7
Methanoculleus marisnigri,10,9,10,8,8,6,10,3
Methanoculleus sp. MAB1,10,8,8,7,7,5,7,3
methanogenic archaeon ISO4-H5,22,13,8,12,19,11,8,15
Methanohalobium evestigatum,9,6,1,7,5,14,7,13
Methanohalophilus mahii,1,2,2,3,4,6,3,5
Methanolacinia petrolearia,25,23,6,9,15,15,6,10
Methanolobus psychrophilus,11,8,4,4,10,12,4,7
Methanomethylovorans hollandica,27,16,13,29,34,10,8,12
Methanoregula boonei,3,2,5,1,3,4,4,6
Methanoregula formicica,28,19,19,18,34,11,10,18
Methanoregulaceae,NA,NA,NA,NA,NA,1,NA,NA
Methanothrix soehngenii,6,3,6,6,9,8,4,9
Methanothrix harundinacea,6,9,8,12,1,6,3,5
Methanosalsum zhilinae,9,4,1,5,14,12,13,6
Methanosarcina acetivorans,4,11,4,9,9,14,13,12
Methanosarcina barkeri,13,16,12,23,20,31,29,29
Methanosarcina horonobensis,24,20,11,18,17,24,18,16
Methanosarcina lacustris,12,8,6,14,5,5,7,2
Methanosarcina mazei,21,16,5,20,23,22,13,19
Methanosarcina siciliae,11,7,5,14,10,13,8,11
Methanosarcina sp. Kolksee,17,18,10,13,11,18,16,7
Methanosarcina sp. MTP4,16,16,10,16,11,8,8,11
Methanosarcina sp. WH1,11,7,5,11,3,14,9,9
Methanosarcina sp. WWM596,7,5,4,6,3,15,14,7
Methanosarcina thermophila,10,3,5,6,18,10,6,13
Methanosarcina vacuolata,8,14,4,9,10,19,12,7
Methanosphaera stadtmanae,8,2,5,1,10,18,10,8
Methanosphaerula palustris,18,9,13,12,20,11,7,12
Methanospirillum hungatei,17,16,9,10,32,4,5,17
Methanothermobacter marburgensis,NA,1,3,3,1,2,1,2
Methanothermobacter sp. CaT2,NA,4,1,1,3,3,NA,4
Methanothermobacter thermautotrophicus,NA,2,2,NA,4,3,NA,4
Methanothermococcus okinawensis,NA,NA,NA,NA,5,12,6,5
Methanothermus fervidus,1,3,1,1,3,5,4,1
Methanotorris igneus,NA,1,5,6,3,6,8,4
Candidatus Methylacidiphilum fumarolicum,6,2,12,9,9,13,13,12
Candidatus Methylacidiphilum infernorum,NA,NA,NA,NA,6,6,4,4
Methylibium,1,NA,NA,NA,1,NA,NA,NA
Methylibium petroleiphilum,42,60,55,52,34,28,31,31
Methylobacillus flagellatus,32,35,22,23,20,15,17,22
Methylobacteriaceae,2,NA,1,NA,NA,NA,NA,NA
Methylobacterium,NA,3,3,2,1,1,1,3
Methylobacterium aquaticum,46,76,47,64,37,28,29,29
Methylorubrum extorquens,40,57,78,53,29,44,46,51
Methylobacterium nodulans,25,36,44,30,19,12,29,25
Methylorubrum populi,34,42,40,43,22,21,22,33
Methylobacterium radiotolerans,50,71,59,50,40,36,34,43
Methylobacterium sp. 4-46,44,65,60,57,38,28,42,25
Methylobacterium sp. AMS5,45,41,48,50,23,16,31,46
Methylobacterium sp. C1,38,41,34,42,30,21,28,27
Methyloceanibacter,NA,1,NA,NA,NA,NA,NA,NA
Methyloceanibacter caenitepidi,23,29,36,37,16,12,11,21
Methylocella silvestris,15,17,24,4,8,14,16,16
Methylococcaceae,NA,NA,NA,NA,1,NA,NA,NA
Methylococcus,NA,1,NA,NA,NA,NA,NA,NA
Methylococcus capsulatus,12,21,29,27,14,16,17,27
Methylocystis,NA,1,1,1,NA,NA,NA,NA
Methylocystis sp. SC2,13,17,26,11,6,8,15,20
Methylotuvimicrobium alcaliphilum,20,26,16,18,22,19,11,15
Methylomonas,NA,NA,NA,1,NA,NA,NA,NA
Methylomonas denitrificans,21,28,24,22,22,24,29,32
Methylomonas methanica,19,21,15,19,13,10,18,15
Methylomonas sp. DH-1,40,61,59,44,32,34,24,39
Methylophaga,1,NA,NA,NA,NA,NA,NA,NA
Methylophaga frappieri,12,7,3,8,12,9,9,6
Methylophaga nitratireducenticrescens,26,14,15,14,19,15,17,15
Methylophilus sp. TWE2,7,8,6,7,10,10,12,6
Methylotenera mobilis,7,7,6,5,10,12,12,8
Methylotenera versatilis,5,1,3,3,5,15,15,10
Methyloversatilis sp. RAC08,29,38,44,44,26,23,22,24
Methylovorus,1,NA,NA,NA,NA,1,1,NA
Methylovorus glucosotrophus,7,16,18,17,13,9,14,13
Methylovorus sp. MP688,13,18,21,21,13,13,13,19
Micavibrio aeruginosavorus,20,23,16,16,17,22,21,31
Microbacteriaceae,NA,2,1,4,3,1,NA,NA
Microbacterium,NA,NA,1,NA,1,NA,NA,NA
Microbacterium chocolatum,6,12,10,8,10,10,5,8
Microbacterium phage vB_MoxS-ISF9,NA,1,NA,NA,NA,NA,NA,NA
Microbacterium sp. BH3-3-3,11,25,28,20,7,19,22,15
Microbacterium sp. CGR1,8,21,21,13,9,11,16,13
Microbacterium sp. No. 7,18,22,42,20,13,17,19,22
Microbacterium sp. PAMC 28756,24,52,42,23,15,24,18,29
Microbacterium sp. XT11,19,39,39,18,15,19,14,18
Microbacterium testaceum,32,46,39,27,26,16,15,21
Microbulbifer,2,NA,1,1,NA,NA,NA,1
Microbulbifer sp. CCB-MM1,47,35,42,47,26,26,26,28
Microbulbifer thermotolerans,25,36,34,38,24,20,17,22
Microbulbiferaceae,1,NA,1,1,2,NA,NA,NA
Micrococcaceae,1,2,1,2,1,1,NA,1
Micrococcales,NA,1,NA,1,NA,NA,1,2
Micrococcus luteus,26,22,32,22,13,7,17,23
Microcoleaceae,NA,NA,NA,NA,NA,NA,NA,1
Microcoleus sp. PCC 7113,16,10,13,20,20,26,21,19
Microcystis
 
 <cyanobacteria>
 
,NA,NA,NA,NA,NA,NA,NA,1
Microcystis aeruginosa,21,13,11,27,23,12,18,24
Microcystis panniformis,18,13,17,17,20,8,19,14
Microlunatus phosphovorus,33,40,37,31,39,22,22,22
Micromonas pusilla virus 12T,NA,NA,NA,NA,1,NA,NA,1
Micromonas sp. RCC1109 virus MpV1,NA,NA,2,NA,NA,NA,NA,NA
Micromonospora,NA,1,NA,NA,2,NA,NA,NA
Micromonospora aurantiaca (nom. illeg.),56,68,54,74,38,24,27,36
Micromonospora sp. L5,42,58,51,63,25,22,35,36
Micromonosporaceae,7,2,NA,1,3,2,1,1
Microterricola,NA,NA,1,NA,NA,NA,NA,NA
Microterricola viridarii,29,37,56,25,26,18,16,32
Roseateles,NA,1,NA,NA,NA,NA,NA,NA
Mitsuaria sp. 7,51,62,58,61,37,27,33,34
Mobiluncus curtisii,5,6,11,9,44,115,75,79
Modestobacter,7,1,NA,2,4,1,NA,1
Modestobacter marinus,30,39,55,39,10,13,28,26
Mollivirus sibericum,1,NA,NA,NA,NA,NA,NA,NA
Molluscum contagiosum virus subtype 1,NA,NA,1,NA,NA,NA,1,NA
Moorena producens,28,18,17,16,28,17,17,15
Neomoorella thermoacetica,16,21,30,16,13,18,26,20
Moraxella catarrhalis,10,16,7,16,11,18,13,14
Faucicola osloensis,15,6,10,15,7,9,8,3
Moraxella ovis,14,8,16,14,9,11,8,11
Morganella
 
 <basidiomycete fungi>
 
,NA,NA,NA,NA,NA,1,2,NA
Morganella morganii,6,10,19,19,15,31,24,21
Morganellaceae,1,NA,NA,NA,NA,NA,NA,NA
Moritella viscosa,9,10,6,9,11,12,23,15
Mucilaginibacter sp. PAMC 26640,61,48,37,48,39,44,41,32
Mucinivorans hirudinis,112,135,127,110,122,66,76,97
Muricauda lutaonensis,48,30,30,23,28,23,28,23
Flagellimonas ruestringensis,42,40,36,36,45,28,30,28
Murid betaherpesvirus 2,2,4,2,4,2,2,3,NA
Murray Valley encephalitis virus,NA,NA,NA,NA,NA,NA,NA,1
Mycobacteriaceae,NA,NA,NA,1,NA,NA,NA,2
Mycobacterium,8,9,7,5,7,4,9,3
Mycobacteroides abscessus,40,56,39,50,34,25,19,26
Mycobacterium tuberculosis variant africanum,13,13,10,11,4,7,10,7
Mycobacterium avium,43,62,54,57,24,18,34,39
Mycobacterium tuberculosis variant bovis,13,13,10,11,5,10,10,8
Mycobacterium canetti,10,12,5,8,3,7,8,5
Mycobacteroides chelonae,17,25,26,24,9,5,8,14
Mycobacterium chimaera,21,34,26,29,8,16,11,18
Mycolicibacterium chubuense,10,28,40,22,5,14,15,19
Mycolicibacterium fortuitum,15,37,24,32,8,14,17,21
Mycolicibacterium gilvum,33,45,46,29,16,29,25,30
Mycobacterium goodii,37,44,39,44,23,21,16,24
Mycobacterium haemophilum,28,20,30,26,23,8,14,11
Mycobacterium immunogenum,14,16,37,24,15,9,8,16
Mycobacterium intracellulare subsp. intracellulare,16,25,21,24,8,17,13,16
Mycobacterium intracellulare,17,32,33,33,10,19,14,28
Mycobacterium kansasii,23,28,26,33,13,22,16,28
Mycobacterium leprae,9,9,10,9,9,4,6,6
Mycobacterium liflandii,17,19,15,26,11,18,23,22
Mycobacterium marinum,23,23,19,34,18,21,27,28
Mycolicibacterium neoaurum,27,37,48,38,13,14,13,31
Mycobacterium phage 20ES,3,2,9,NA,1,1,1,2
Mycobacterium phage Adler,NA,NA,NA,NA,NA,1,NA,NA
Mycobacterium phage Alice,NA,NA,NA,NA,NA,1,1,NA
Mycobacterium phage Anubis,NA,NA,NA,NA,NA,NA,NA,1
Mycobacterium phage Archie,2,NA,2,1,NA,1,NA,1
Mycobacterium phage Ariel,NA,NA,1,NA,NA,1,NA,NA
Mycobacterium phage Bane1,NA,NA,1,NA,NA,NA,1,1
Mycobacterium phage Barnyard,13,7,4,6,12,4,NA,2
Mycobacterium phage BellusTerra,4,1,NA,1,2,2,NA,NA
Mycobacterium phage Bernal13,7,5,NA,2,4,2,NA,NA
Mycobacterium phage Bethlehem,1,NA,2,2,NA,NA,NA,NA
Mycobacterium phage Bipolar,NA,NA,NA,NA,NA,NA,1,NA
Mycobacterium phage Bobi,NA,NA,NA,NA,NA,NA,1,NA
Mycobacterium phage Breeniome,NA,NA,NA,NA,NA,1,1,NA
Mycobacterium phage Bruin,1,1,1,4,1,NA,1,2
Mycobacterium phage Brusacoram,NA,NA,NA,NA,NA,NA,1,NA
Mycobacterium phage BTCU-1,NA,2,1,NA,NA,1,NA,NA
Mycobacterium phage CaptainTrips,NA,1,NA,NA,NA,NA,NA,NA
Mycobacterium phage Catdawg,1,NA,NA,2,NA,2,NA,NA
Mycobacterium phage Contagion,1,1,1,4,1,NA,1,2
Mycobacterium phage Cooper,NA,NA,NA,1,NA,1,1,1
Mycobacterium phage Corndog,1,NA,NA,2,NA,2,NA,NA
Mycobacterium phage Dante,NA,NA,NA,NA,NA,NA,1,NA
Mycobacterium phage DD5,1,NA,2,2,NA,NA,NA,NA
Mycobacterium phage DeadP,NA,1,NA,NA,NA,NA,NA,NA
Mycobacterium phage DrDrey,1,1,1,4,1,NA,1,2
Mycobacterium phage DS6A,1,2,2,NA,NA,NA,NA,NA
Mycobacterium phage Dumbo,1,1,1,4,1,NA,1,2
Mycobacterium phage Dylan,1,NA,NA,2,NA,2,NA,1
Mycobacterium phage Euphoria,1,NA,2,2,NA,NA,NA,NA
Mycobacterium phage First,3,2,9,NA,1,1,1,2
Mycobacterium phage FlagStaff,1,NA,NA,NA,NA,NA,NA,NA
Mycobacterium phage Florinda,NA,NA,NA,NA,NA,NA,1,NA
Mycobacterium phage Fredward,NA,NA,NA,NA,NA,NA,1,NA
Mycobacterium phage Goku,1,1,1,4,1,NA,1,2
Mycobacterium phage Hades,NA,NA,NA,NA,NA,NA,1,NA
Mycobacterium phage HufflyPuff,1,1,1,4,1,NA,1,2
Mycobacterium phage HyRo,NA,NA,NA,NA,NA,1,1,NA
Mycobacterium phage Iracema64,4,1,NA,2,2,2,NA,1
Mycobacterium phage Jabbawokkie,NA,NA,NA,NA,NA,NA,1,NA
Mycobacterium phage Jolie1,NA,1,NA,NA,NA,NA,NA,NA
Mycobacterium phage Kampy,4,1,NA,1,2,2,NA,NA
Mycobacterium phage L5,NA,NA,1,NA,NA,NA,NA,NA
Mycobacterium phage Lilac,1,1,1,4,1,NA,1,2
Mycobacterium phage Lockley,1,NA,2,2,NA,NA,NA,NA
Mycobacterium phage Loser,2,NA,2,NA,1,NA,1,1
Mycobacterium phage MarQuardt,NA,NA,NA,NA,NA,NA,NA,1
Mycobacterium phage MiaZeal,NA,NA,1,NA,NA,1,NA,NA
Mycobacterium phage Mindy,1,1,1,4,1,NA,1,2
Mycobacterium phage MOOREtheMARYer,NA,NA,NA,NA,NA,1,1,NA
Mycobacterium phage Murphy,1,1,1,4,1,NA,1,2
Mycobacterium phage Myrna,NA,NA,NA,NA,NA,NA,NA,1
Mycobacterium phage Nala,1,1,1,4,1,NA,1,2
Mycobacterium phage NelitzaMV,1,1,1,4,1,NA,1,2
Mycobacterium phage Nigel,1,NA,NA,1,NA,NA,NA,NA
Mycobacterium phage Nyxis,4,1,NA,1,2,2,NA,NA
Mycobacterium phage Obama12,NA,NA,NA,NA,NA,NA,NA,1
Mycobacterium phage Ovechkin,NA,NA,NA,NA,NA,NA,1,NA
Mycobacterium phage Panchino,NA,NA,NA,NA,NA,1,NA,NA
Mycobacterium phage Peaches,4,1,NA,1,2,2,NA,NA
Mycobacterium phage PhatBacter,1,1,1,4,1,NA,1,2
Mycobacterium phage Phaux,1,1,1,4,1,NA,1,2
Mycobacterium phage Phlei,1,NA,1,NA,NA,NA,NA,NA
Mycobacterium phage Phrux,1,1,1,4,1,NA,1,2
Mycobacterium phage PopTart,NA,1,NA,NA,NA,NA,NA,NA
Mycobacterium phage Quico,NA,NA,NA,NA,NA,NA,1,NA
Mycobacterium phage Quink,1,1,1,4,1,NA,1,2
Mycobacterium phage Redi,NA,NA,NA,1,NA,NA,NA,NA
Mycobacterium phage Redno2,NA,NA,1,NA,NA,1,NA,1
Mycobacterium phage Seagreen,NA,NA,NA,NA,NA,NA,1,NA
Mycobacterium phage ShedlockHolmes,NA,1,1,NA,1,NA,NA,NA
Mycobacterium phage SiSi,NA,NA,NA,NA,NA,NA,1,NA
Mycobacterium phage Smeadley,NA,NA,NA,NA,NA,NA,1,NA
Mycobacterium phage Sparkdehlily,NA,NA,NA,NA,NA,NA,1,NA
Mycobacterium phage Squirty,NA,1,NA,NA,NA,NA,NA,NA
Mycobacterium phage SWU1,NA,NA,1,NA,NA,NA,NA,NA
Mycobacterium phage Taj,NA,1,NA,NA,NA,NA,NA,NA
Mycobacterium phage TheloniousMonk,NA,1,NA,NA,NA,NA,NA,NA
Mycobacterium phage Thibault,2,1,NA,1,2,NA,NA,NA
Mycobacterium phage TM4,NA,NA,1,NA,NA,NA,NA,NA
Mycobacterium phage Tonenili,NA,1,NA,NA,NA,1,1,1
Mycobacterium phage Validus,NA,NA,NA,NA,NA,NA,NA,1
Mycobacterium phage Wee,NA,1,NA,NA,NA,NA,NA,NA
Mycobacterium phage Wile,NA,2,1,NA,NA,1,NA,NA
Mycobacterium phage XFactor,NA,NA,NA,NA,NA,NA,1,NA
Mycolicibacterium phlei,36,57,54,56,23,23,19,38
Mycolicibacterium rhodesiae,30,32,28,28,20,5,23,30
Mycobacterium sinense,18,36,19,27,12,16,15,16
Mycolicibacterium smegmatis,21,49,32,43,30,15,15,31
Mycobacterium sp. djl-10,33,35,47,37,25,22,30,29
Mycobacterium sp. EPa45,22,28,29,22,10,23,14,15
Mycobacterium sp. JLS,14,26,24,21,15,15,12,16
Mycobacterium sp. JS623,16,38,46,50,16,23,25,26
Mycobacterium sp. KMS,12,26,24,24,16,15,13,15
Mycobacterium sp. MCS,12,26,23,24,16,15,13,15
Mycobacterium sp. MOTT36Y,22,32,36,34,9,19,14,17
Mycolicibacterium neoaurum,27,37,48,38,13,14,13,31
Mycobacterium sp. QIA-37,21,29,29,33,10,8,13,21
Mycobacterium sp. VKM Ac-1817D,14,36,28,33,15,18,15,21
Mycobacterium sp. YC-RL4,23,34,36,32,14,17,14,23
Mycobacterium tuberculosis,13,13,10,12,4,7,10,8
Mycolicibacterium vaccae,74,77,69,70,50,26,26,37
Mycolicibacterium vanbaalenii,26,36,38,33,17,16,18,24
Mycobacterium intracellulare subsp. yongonense,17,26,25,26,8,18,10,17
Mycoplasmopsis agalactiae,21,10,9,10,20,7,6,13
Mycoplasmopsis arginini,NA,3,3,1,2,5,8,4
Metamycoplasma arthritidis,2,2,NA,1,1,2,6,2
Mycoplasmopsis bovis,3,3,4,3,7,8,11,6
Mesomycoplasma bovoculi,NA,3,3,2,1,3,7,4
Mycoplasmopsis californica,NA,NA,NA,NA,2,6,8,8
Mycoplasma canadense,NA,NA,NA,NA,4,6,3,9
Mycoplasmopsis canis,2,1,4,5,5,15,7,8
Mycoplasma capricolum,2,3,2,2,1,10,6,10
Mycoplasma crocodyli,NA,9,1,6,6,9,8,9
Mycoplasmopsis cynos,2,5,1,9,7,11,6,7
Mycoplasma dispar,2,4,2,7,5,6,3,4
Mycoplasmopsis fermentans,NA,NA,NA,NA,2,10,14,8
Mesomycoplasma flocculare,NA,NA,NA,NA,2,2,1,4
Mycoplasmoides gallisepticum,20,1,9,10,17,10,11,11
Mycoplasmoides genitalium,1,NA,NA,2,2,4,4,2
Mycoplasma haemocanis,NA,NA,1,1,1,8,5,4
Mycoplasma haemofelis,10,15,5,11,12,7,1,6
Metamycoplasma hominis,3,3,4,4,9,11,16,12
Mesomycoplasma hyopneumoniae,9,6,3,9,11,10,5,11
Mesomycoplasma hyorhinis,1,NA,NA,NA,3,6,3,2
Mycoplasma leachii,3,6,6,2,1,5,8,4
[Mycoplasma] mobile,6,8,3,2,3,5,6,7
Mycoplasma mycoides,7,6,11,6,5,8,16,10
Mycoplasma ovis,NA,NA,NA,NA,2,3,1,NA
Mycoplasma parvum,1,NA,NA,NA,4,2,1,2
Malacoplasma penetrans,NA,1,2,NA,4,6,11,4
Mycoplasmoides pneumoniae,NA,NA,NA,NA,NA,1,NA,1
Mycoplasmopsis pulmonis,8,7,2,7,14,3,10,7
Mycoplasma putrefaciens,1,NA,2,NA,2,4,5,5
Mycoplasma suis,NA,1,2,NA,NA,3,7,2
Mycoplasmopsis synoviae,3,5,1,NA,11,5,6,6
Mycoplasma wenyonii,6,6,3,7,9,4,3,4
Mycoplasma yeatsii,9,4,2,2,15,7,10,7
Mycoreovirus 1,NA,NA,NA,NA,NA,1,NA,NA
Myroides,NA,NA,NA,NA,NA,2,3,1
Myroides odoratimimus,40,33,24,21,75,51,65,41
Myroides profundi,44,33,19,25,61,26,32,44
Myroides sp. A21,41,33,22,23,63,23,29,36
Myroides sp. ZB35,36,25,16,23,48,25,32,36
Myxococcaceae,NA,1,NA,NA,NA,NA,NA,NA
Myxococcales,NA,1,NA,NA,NA,NA,NA,NA
Myxococcus,NA,NA,1,2,NA,NA,NA,1
Myxococcus fulvus,160,149,135,164,121,69,85,111
Myxococcus hansupus,49,57,63,51,23,26,46,44
Myxococcus stipitatus,45,45,44,41,31,21,40,25
Myxococcus xanthus,62,64,64,59,41,28,36,43
Nakamurella multipartita,27,46,44,53,21,23,24,31
Natranaerobius thermophilus,5,4,5,4,9,28,28,27
Natrialba magadii,13,17,5,14,20,5,6,8
Natrinema,NA,NA,NA,1,NA,NA,NA,NA
Natrinema pellirubrum,4,11,13,9,4,3,4,6
Natrinema sp. J7-2,2,10,11,9,5,7,5,6
Natronobacterium gregoryi,7,10,7,7,6,7,NA,4
Natronococcus occultus,8,12,4,7,6,11,4,8
Natronomonas moolapensis,4,2,8,3,3,4,2,3
Natronomonas pharaonis,5,7,7,4,3,1,3,3
Nautilia profundicola,14,15,18,14,20,16,13,26
Neisseria,1,NA,NA,NA,1,NA,NA,NA
Neisseria elongata,8,14,10,15,8,15,24,19
Neisseria gonorrhoeae,11,16,22,29,4,17,12,19
Neisseria lactamica,7,11,14,15,6,14,14,24
Neisseria meningitidis,78,89,71,90,51,51,52,56
Neisseria weaveri,29,26,21,28,29,20,18,20
Neorhizobium galegae,35,75,52,65,34,47,34,44
Neorickettsia helminthoeca,NA,NA,NA,NA,1,2,2,5
Neorickettsia risticii,3,2,2,1,3,8,4,3
Ehrlichia sennetsu,3,NA,2,1,2,6,1,3
Niabella ginsenosidivorans,83,59,53,64,72,55,47,36
Niabella soli,51,38,31,37,71,47,61,48
Niastella koreensis,94,83,56,76,89,61,54,56
Nile crocodilepox virus,NA,NA,NA,NA,NA,1,NA,NA
Henipavirus nipahense,NA,NA,NA,NA,NA,1,1,NA
Nitratifractor salsuginis,19,27,31,23,17,15,21,24
Nitratiruptor sp. SB155-2,20,28,16,9,13,17,12,15
Nitrobacter,1,NA,1,NA,1,NA,NA,2
Nitrobacter hamburgensis,13,17,17,20,9,7,16,10
Nitrobacter winogradskyi,15,27,29,23,14,9,12,12
Nitrosococcus halophilus,20,14,8,13,13,11,8,9
Nitrosococcus oceani,7,6,4,4,6,8,10,13
Nitrosococcus watsonii,4,6,5,7,6,8,5,6
Nitrosomonas communis,12,10,6,16,19,10,23,15
Nitrosomonas europaea,9,12,12,7,10,14,4,15
Nitrosomonas eutropha,5,6,5,5,3,5,7,6
Nitrosomonas sp. AL212,3,8,2,5,2,9,9,12
Nitrosomonas sp. Is79A3,5,2,6,6,5,5,12,11
Nitrosomonas ureae,14,11,NA,13,16,11,11,9
Nitrosospira,NA,NA,1,1,NA,NA,NA,NA
Nitrosospira briensis,18,22,14,16,17,11,18,17
Nitrosospira multiformis,7,11,10,9,7,12,12,11
Nitrospira
 
 
 <genus>
 
,NA,NA,NA,NA,NA,NA,NA,2
Nitrospira defluvii,13,19,13,17,13,17,9,14
Nitrospira moscoviensis,41,40,22,55,46,17,25,31
Nocardia,2,2,2,2,1,1,NA,NA
Nocardia brasiliensis,35,42,50,56,25,22,25,28
Nocardia cyriacigeorgica,45,58,48,48,26,16,30,33
Nocardia farcinica,44,55,52,38,12,11,31,34
Nocardia nova,22,34,39,40,18,21,24,21
Nocardia seriolae,56,68,51,45,26,21,34,39
Nocardiaceae,NA,NA,NA,NA,NA,1,1,2
Nocardioidaceae,NA,1,1,1,NA,NA,NA,1
Nocardioides,7,3,NA,1,5,1,NA,1
Nocardioides dokdonensis,24,35,56,34,15,17,10,29
Nocardioides sp. JS614,25,32,49,35,14,22,19,23
Nocardiopsidaceae,NA,NA,NA,NA,NA,NA,NA,1
Nocardiopsis,NA,NA,4,2,NA,NA,NA,NA
Nocardiopsis alba,30,40,41,42,19,19,29,28
Nocardiopsis dassonvillei,37,52,48,64,17,33,30,30
Nonlabens dokdonensis,27,23,14,33,39,22,31,28
Nonlabens sp. MIC269,32,20,9,25,41,19,19,32
Nostoc,NA,NA,NA,NA,NA,NA,NA,1
Nostoc punctiforme,25,22,15,34,27,16,17,14
Nostoc sp. NIES-3756,15,21,6,15,14,8,15,15
Nostoc sp. PCC 7107,4,3,3,5,5,13,15,8
Nostoc sp. PCC 7120,22,17,15,18,26,23,23,16
Nostoc sp. PCC 7524,10,6,9,4,8,16,13,8
Novosphingobium,NA,2,NA,NA,NA,NA,1,2
Novosphingobium aromaticivorans,19,42,42,15,13,18,16,17
Novosphingobium pentaromativorans,30,37,41,31,14,16,19,25
Novosphingobium resinovorum,25,33,26,20,24,23,26,19
Novosphingobium sp. PP1Y,26,33,40,34,20,17,21,23
Obesumbacterium proteus,24,16,10,17,25,36,22,29
Oblitimonas alkaliphila,20,12,13,17,26,10,9,16
Oceanimonas,NA,NA,NA,NA,NA,NA,NA,2
Oceanimonas sp. GK1,35,54,36,48,19,30,26,32
Oceanithermus profundus,28,47,57,34,25,28,22,37
Oceanobacillus,NA,1,NA,NA,NA,NA,NA,NA
Oceanobacillus iheyensis,5,5,9,10,6,22,25,27
Oceanospirillaceae,NA,NA,NA,NA,NA,NA,NA,1
Ochrobactrum,NA,1,NA,NA,1,NA,NA,NA
Brucella anthropi,33,34,50,25,26,29,21,32
Ochrobactrum pseudogrignonense,57,36,21,36,39,26,28,29
Octadecabacter,3,5,NA,1,NA,NA,NA,1
Octadecabacter antarcticus,18,18,16,11,17,12,13,13
Octadecabacter arcticus,21,25,9,19,15,10,9,11
Octadecabacter temperatus,6,8,8,6,6,16,6,10
Odoribacter splanchnicus,893,1139,1346,1087,4010,9447,13640,6245
Oenococcus,NA,1,NA,NA,NA,NA,NA,NA
Oenococcus oeni,30,30,21,46,31,21,16,24
Okra mottle virus,3,NA,NA,1,3,NA,NA,NA
Oleispira antarctica,33,15,10,13,28,18,19,13
Afipia carboxidovorans,14,15,19,17,10,16,18,21
Olsenella,1,NA,NA,NA,1,NA,NA,NA
Olsenella sp. oral taxon 807,232,320,405,231,122,111,88,144
Olsenella uli,462,665,900,461,207,189,169,341
Onion yellows phytoplasma,1,2,3,1,3,4,4,7
Opitutaceae bacterium IG16b,63,65,43,48,59,28,26,34
Opitutaceae bacterium TAV5,85,72,56,70,75,33,32,56
Opitutus terrae,29,44,41,32,18,23,30,37
Orf virus,NA,NA,NA,NA,NA,1,NA,NA
Orientia tsutsugamushi,1,4,1,7,1,6,9,10
Ornithobacterium rhinotracheale,190,211,285,188,281,435,607,349
Oxynema acuminatum,10,14,12,15,9,15,15,23
Phormidium nigroviride,13,9,10,12,5,13,16,18
Oscillatoriaceae,NA,NA,NA,NA,NA,NA,NA,1
Oscillibacter,NA,1,NA,NA,1,NA,NA,NA
Oscillibacter valericigenes,350,466,395,598,200,214,153,310
Ostreococcus lucimarinus virus 2,NA,NA,NA,NA,1,NA,1,1
Ostreococcus lucimarinus virus 7,NA,NA,NA,NA,NA,NA,1,NA
Ostreococcus mediterraneus virus 1,NA,NA,NA,NA,1,NA,NA,1
Ostreococcus tauri virus 2,NA,NA,NA,NA,1,NA,1,1
Ostreococcus tauri virus OtV5,NA,NA,NA,NA,1,NA,NA,1
Ottowia sp. oral taxon 894,17,35,45,34,17,15,17,35
Owenweeksia hongkongensis,42,32,46,32,55,31,29,49
Oxalobacteraceae,1,NA,1,1,NA,NA,1,1
Paenarthrobacter aurescens,32,35,43,43,17,11,22,25
Paenibacillaceae,NA,NA,NA,1,NA,NA,NA,1
Paenibacillus,3,4,3,3,4,4,3,2
Paenibacillus beijingensis,37,63,66,75,34,55,46,48
Paenibacillus borealis,65,55,55,68,71,87,72,80
Paenibacillus bovis,25,43,39,54,41,74,59,64
Paenibacillus durus,50,72,76,83,61,71,56,63
Paenibacillus graminis,88,63,68,59,108,60,47,76
Paenibacillus larvae,13,12,13,12,29,47,34,34
Paenibacillus mucilaginosus,48,47,51,52,47,66,59,83
Paenibacillus naphthalenovorans,36,33,54,55,34,27,35,45
Paenibacillus odorifer,22,15,30,27,48,56,45,38
Paenibacillus peoriae,33,50,24,58,46,50,44,55
Paenibacillus phage Fern,NA,NA,NA,NA,NA,NA,1,2
Paenibacillus phage Harrison,NA,NA,NA,NA,NA,NA,1,2
Paenibacillus phage phiIBB_Pl23,NA,NA,NA,NA,NA,NA,1,2
Paenibacillus phage Tripp,1,2,6,1,NA,NA,NA,4
Paenibacillus phage Xenia,NA,NA,NA,NA,NA,NA,NA,1
Paenibacillus polymyxa,106,108,67,116,132,159,111,137
Paenibacillus riograndensis,125,83,81,91,136,60,59,82
Paenibacillus sabinae,51,62,58,59,69,53,27,66
Paenibacillus sp. 32O-W,25,29,21,28,26,21,36,37
Paenibacillus sp. FSL H7-0357,28,43,37,41,50,64,62,74
Paenibacillus sp. FSL H7-0737,9,14,2,6,26,57,48,30
Paenibacillus sp. FSL P4-0081,60,57,50,68,69,84,63,81
Paenibacillus sp. FSL R5-0345,12,12,21,23,34,63,38,40
Paenibacillus sp. FSL R5-0912,84,61,64,78,94,69,68,76
Paenibacillus sp. FSL R7-0273,53,40,51,71,53,73,57,69
Paenibacillus sp. FSL R7-0331,47,57,50,61,45,105,53,73
Paenibacillus sp. IHBB 10380,3,5,3,3,10,32,27,30
Paenibacillus sp. JDR-2,39,36,34,43,41,60,53,39
Paenibacillus sp. LPB0068,8,12,11,13,17,37,33,31
Paenibacillus sp. Y412MC10,21,21,22,39,29,60,42,51
Paenibacillus stellifer,40,55,52,69,73,74,46,63
Paenibacillus swuensis,11,11,9,13,9,33,30,21
Paenibacillus terrae,35,36,27,53,44,48,34,40
Paenibacillus yonginensis,43,39,34,49,63,63,64,61
Palaeococcus pacificus,NA,3,1,3,NA,2,7,1
Paludibacter propionicigenes,236,139,103,171,264,139,156,133
Pandoraea,3,2,4,4,NA,4,2,1
Pandoraea apista,31,31,27,34,29,24,26,23
Pandoraea faecigallinarum,31,31,33,37,25,24,30,28
Pandoraea norimbergensis,26,40,48,36,12,27,26,26
Pandoraea oxalativorans,40,44,39,50,34,25,30,39
Pandoraea pnomenusa,29,41,38,47,20,31,65,41
Pandoraea pulmonicola,48,49,48,55,24,22,35,32
Pandoraea sputorum,19,28,42,34,14,11,24,27
Pandoraea thiooxydans,21,24,38,31,17,18,26,24
Pandoraea vervacti,23,26,33,33,24,20,35,23
Pandoravirus dulcis,5,3,8,4,5,4,4,4
Pandoravirus salinus,2,2,4,2,3,4,3,NA
Panine herpesvirus 2,NA,NA,NA,NA,1,NA,1,1
Pannonibacter,NA,2,NA,NA,NA,NA,NA,1
Pannonibacter phragmitetus,30,39,44,48,21,22,33,26
Pantoea,NA,3,4,2,3,1,4,3
Pantoea agglomerans,58,60,56,66,64,58,37,41
Pantoea ananatis,24,18,18,33,22,28,27,30
Pantoea phage LIMElight,NA,NA,NA,NA,NA,1,NA,NA
Pantoea rwandensis,26,27,16,42,20,19,17,19
Pantoea sp. At-9b,35,32,35,29,39,37,23,25
Pantoea sp. PSNIH1,51,51,35,55,58,40,40,47
Pantoea sp. PSNIH2,30,32,28,27,59,123,242,163
Pantoea vagans,58,45,42,45,47,33,25,23
Papiine herpesvirus 2,NA,NA,NA,NA,NA,NA,NA,1
Parabacteroides distasonis,987,967,1033,1043,8406,20050,12078,12806
Parabacteroides phage YZ-2015b,NA,NA,NA,NA,1,1,2,1
Parabacteroides sp. YL27,410,360,360,343,443,292,256,292
Paraburkholderia,3,7,5,4,7,3,2,3
Paraburkholderia caribensis,57,60,57,51,51,41,37,44
Paraburkholderia fungorum,22,27,37,32,14,27,33,34
Paraburkholderia phenoliruptrix,56,48,44,35,37,20,24,28
Paraburkholderia phymatum,39,46,41,40,32,40,45,34
Paraburkholderia phytofirmans,17,27,26,20,17,26,35,22
Mycetohabitans rhizoxinica,21,16,20,12,22,12,9,17
Paraburkholderia sprentiae,23,32,46,44,19,17,26,32
Paraburkholderia xenovorans,27,34,46,38,11,28,50,25
Parachlamydia acanthamoebae,2,3,4,3,6,6,9,11
Paracoccus
 
 <a-proteobacteria>
 
,NA,1,NA,1,NA,NA,NA,2
Paracoccus aminophilus,17,25,32,37,18,18,18,22
Paracoccus denitrificans,47,64,51,69,27,38,27,42
Parageobacillus thermoglucosidans,17,14,16,12,19,37,37,23
Paraglaciecola psychrophila,12,9,9,10,13,13,8,10
Paramecium bursaria Chlorella virus 1,NA,NA,NA,NA,NA,NA,1,NA
Paramecium bursaria Chlorella virus AR158,NA,NA,NA,NA,NA,1,NA,NA
Paramecium bursaria Chlorella virus NY2A,NA,NA,NA,NA,NA,1,NA,NA
Parapoxvirus red deer/HL953,NA,NA,NA,NA,NA,NA,1,NA
Pararhodospirillum,NA,NA,NA,NA,NA,NA,NA,2
Pararhodospirillum photometricum,36,31,18,38,42,6,11,17
Parascardovia denticolens,26,33,28,41,30,23,16,19
Parvibaculum lavamentivorans,7,12,17,22,10,12,15,17
Parvimonas micra,2,2,9,8,20,45,50,39
Parvularcula bermudensis,29,22,17,16,26,10,8,12
Parvularculaceae,NA,NA,NA,NA,NA,NA,NA,1
Pasteurella,NA,NA,NA,NA,NA,1,5,NA
Pasteurella multocida,19,17,7,12,27,25,35,31
Pasteurellaceae,NA,NA,NA,NA,NA,1,1,NA
Paucibacter sp. KCTC 42545,39,43,44,45,25,22,18,23
Pectobacteriaceae,2,NA,1,NA,NA,NA,NA,NA
Pectobacterium,1,1,3,1,NA,1,1,1
Pectobacterium atrosepticum,23,25,28,34,36,17,18,23
Pectobacterium bacteriophage PM2,NA,NA,NA,NA,NA,1,NA,NA
Pectobacterium carotovorum,47,61,40,60,47,40,32,35
Pectobacterium parmentieri,23,21,22,8,29,20,18,18
Pectobacterium phage phiTE,1,NA,NA,1,NA,NA,NA,NA
Pectobacterium parmentieri,21,18,14,7,28,18,14,18
Pectobacterium wasabiae,37,27,15,25,24,23,14,11
Pediococcus acidilactici,7,5,8,14,5,7,8,14
Pediococcus claussenii,16,6,5,8,15,20,12,18
Pediococcus damnosus,1,NA,NA,2,12,23,24,19
Pediococcus pentosaceus,12,14,6,7,32,30,23,21
Pedobacter cryoconitis,103,88,63,91,128,79,64,71
Pedobacter heparinus,101,68,48,68,86,54,62,54
Pedobacter sp. PACM 27299,128,86,53,76,125,59,52,62
Pedobacter steynii,71,42,29,53,88,60,52,50
Pelagibacterium,NA,NA,2,NA,NA,NA,NA,NA
Pelagibacterium halotolerans,39,66,47,61,19,17,23,38
Syntrophotalea carbinolica,50,49,33,46,53,25,31,27
Pelobacter propionicus,41,45,49,45,26,32,44,40
Pelodictyon luteolum,63,54,48,56,46,27,30,46
Pelodictyon phaeoclathratiforme,65,42,36,31,59,27,16,22
Pelosinus fermentans,25,14,8,9,43,83,62,66
Pelosinus sp. UFO1,13,9,11,6,27,45,56,51
Pelotomaculum thermopropionicum,21,38,28,58,27,41,29,34
Penaeus monodon nudivirus,NA,NA,NA,NA,NA,1,NA,NA
Penguinpox virus,NA,NA,NA,NA,NA,NA,NA,1
Peptoclostridium acidaminophilum,34,43,24,38,50,67,69,46
Peptococcaceae,NA,NA,NA,NA,NA,NA,NA,1
Peptoniphilus sp. 1-1,16,18,9,18,30,40,39,31
Periplaneta fuliginosa densovirus,NA,NA,NA,NA,1,1,1,1
Persephonella marina,15,17,10,14,29,17,15,14
Persicivirga phage P12024L,NA,NA,NA,NA,NA,1,NA,NA
Persicobacter sp. JZB09,82,77,50,66,92,61,73,72
Peruvian horse sickness virus,NA,NA,NA,NA,NA,1,NA,1
Petrimonas,NA,1,NA,NA,NA,NA,NA,NA
Petrimonas mucosa,335,272,200,280,362,180,195,191
Petrotoga mobilis,15,8,8,10,12,13,15,8
Phaeobacter gallaeciensis,35,44,63,59,47,28,30,35
Phaeobacter inhibens,10,28,26,22,15,21,23,24
Phaeocystis globosa virus,1,1,1,5,1,3,2,1
Phenylobacterium,3,3,NA,1,2,NA,NA,2
Phenylobacterium zucineum,38,67,35,57,24,21,36,27
Phocine morbillivirus,NA,1,NA,NA,NA,NA,NA,NA
Photobacterium gaetbulicola,17,25,14,18,17,26,23,28
Photobacterium profundum,26,16,10,13,24,10,19,19
Photorhabdus asymbiotica,45,37,18,31,50,14,22,20
Photorhabdus luminescens,27,26,27,31,21,15,31,22
Photorhabdus temperata,26,19,9,22,39,20,17,18
Phycisphaera,NA,NA,NA,NA,NA,1,NA,NA
Phycisphaera mikurensis,28,50,35,47,25,16,20,35
Phyllobacteriaceae,4,NA,2,3,1,NA,NA,NA
Picrophilus oshimae,NA,1,1,1,3,3,8,3
Pigeonpox virus,NA,NA,NA,NA,NA,NA,NA,3
Pimelobacter simplex,26,39,53,40,13,26,29,38
Pirellula,NA,NA,NA,NA,1,NA,NA,NA
Pirellula staleyi,8,14,16,10,10,11,10,13
Piscirickettsia,NA,NA,NA,NA,NA,1,2,NA
Piscirickettsia salmonis,12,9,24,10,10,13,20,13
Pithovirus sibericum,NA,1,NA,NA,1,3,1,NA
Planctomyces,NA,1,NA,NA,NA,NA,NA,NA
Planctomyces sp. SH-PL62,46,57,52,48,29,26,45,45
Planctomycetaceae,NA,NA,NA,NA,NA,NA,NA,1
Planctopirus limnophila,18,14,10,22,17,12,14,13
Planktomarina temperata,23,17,6,14,16,11,6,15
Planococcus antarcticus,2,3,8,3,11,18,25,16
Planococcus halocryophilus,3,4,5,6,9,19,19,13
Planococcus kocurii,17,15,7,12,24,12,18,15
Planococcus maritimus,5,4,13,5,7,24,22,19
Planococcus plakortidis,2,4,10,14,12,27,25,25
Planococcus rifietoensis,5,6,8,11,17,28,24,24
Planococcus sp. PAMC 21323,5,5,15,7,9,14,16,17
Plautia stali symbiont,42,27,25,30,34,21,17,23
Plesiomonas,1,NA,NA,NA,NA,NA,NA,NA
Plesiomonas shigelloides,19,24,7,9,21,12,21,12
Pleurocapsa,NA,NA,NA,NA,NA,NA,NA,1
Pleurocapsa minor,4,13,6,5,9,6,9,12
Pluralibacter gergoviae,67,69,65,76,39,34,37,64
Polaribacter sp. MED152,23,26,19,21,32,13,23,25
Polaribacter vadi,43,22,23,25,41,30,42,20
Polaromonas naphthalenivorans,40,58,56,56,25,29,37,45
Polaromonas sp. JS666,45,38,44,42,22,26,23,30
Polyangiaceae,NA,NA,NA,NA,NA,NA,NA,1
Polymorphum,NA,1,NA,NA,NA,NA,NA,NA
Polymorphum gilvum,16,33,26,19,11,13,20,23
Polynucleobacter asymbioticus,3,6,5,11,4,9,12,11
Polynucleobacter duraquae,16,7,4,9,21,9,7,12
Polynucleobacter necessarius,9,3,3,1,7,4,8,4
Pontibacter akesuensis,105,101,69,88,123,57,54,52
Pontibacter korlensis,180,106,78,117,173,54,53,66
Porcine epidemic diarrhea virus,NA,NA,NA,NA,NA,NA,1,NA
Porphyrobacter,3,6,NA,1,NA,NA,NA,1
Porphyrobacter neustonensis,17,27,18,36,15,22,16,19
Porphyrobacter sp. LM 6,16,25,42,30,12,13,14,13
Porphyromonas asaccharolytica,212,156,114,154,225,108,139,114
Porphyromonas gingivalis,284,220,216,247,303,224,299,218
Pragia fontium,41,24,20,21,38,23,15,25
Prevotella,NA,1,NA,1,1,NA,NA,NA
Prevotella dentalis,4029,2486,1375,2485,3933,759,836,1165
Prevotella denticola,4010,2140,967,2022,4098,757,1006,1145
Hoylesella enoeca,2102,1142,590,1092,2141,499,1055,728
Prevotella fusca,5936,3131,1412,3048,6024,952,1138,1420
Prevotella intermedia,2459,1358,665,1269,2495,536,1312,826
Prevotella melaninogenica,6653,3528,1544,3279,6716,1155,1454,1630
Xylanibacter ruminicola,6834,3528,1604,3467,6778,946,532,1547
Prevotella sp. oral taxon 299,1197,670,285,533,1202,315,761,493
Prevotellaceae,1,NA,1,NA,NA,NA,NA,NA
Prochlorococcus marinus,43,40,43,44,50,65,52,51
Prochlorococcus phage P-HM1,NA,1,NA,NA,NA,NA,NA,NA
Prochlorococcus phage P-HM2,NA,NA,NA,NA,NA,NA,NA,1
Prochlorococcus phage P-RSM4,NA,NA,NA,NA,NA,1,NA,NA
Prochlorococcus phage P-SSM2,NA,NA,NA,NA,NA,1,1,1
Prochlorococcus phage P-SSM3,3,3,1,3,8,2,NA,NA
Prochlorococcus phage P-SSM4,NA,NA,NA,NA,1,NA,NA,NA
Prochlorococcus phage Syn1,NA,NA,NA,NA,NA,1,NA,NA
Prochlorococcus phage Syn33,NA,NA,NA,NA,NA,1,NA,NA
Prochlorococcus sp. MIT 0604,3,7,2,2,6,13,7,6
Prochlorococcus sp. MIT 0801,4,4,4,2,3,10,8,6
Promicromonosporaceae,NA,1,NA,2,1,NA,NA,NA
Propionibacteriaceae,NA,NA,NA,NA,NA,NA,NA,1
Propionibacteriales,NA,1,NA,NA,NA,NA,NA,NA
Propionibacterium,NA,NA,2,2,1,NA,NA,NA
Cutibacterium acnes,33,28,25,24,33,11,15,17
Propionibacterium freudenreichii,37,38,53,60,18,19,19,21
Propionibacterium phage PFR1,NA,3,1,1,NA,NA,1,1
Propionibacterium phage PFR2,NA,3,1,1,NA,NA,1,1
Cutibacterium modestum,8,8,12,4,7,7,6,6
Prosthecochloris aestuarii,5,5,7,8,6,22,26,12
Prosthecochloris sp. CIB 2401,74,43,31,35,52,19,12,18
Proteus
 
 <enterobacteria>
 
,NA,NA,NA,NA,NA,NA,3,1
Proteus mirabilis,15,12,4,18,30,64,117,77
Proteus phage PM 85,NA,1,2,2,NA,NA,1,1
Proteus phage vB_PmiM_Pm5461,NA,NA,NA,NA,NA,NA,1,NA
Proteus vulgaris,15,12,4,18,21,35,29,24
Protochlamydia naegleriophila,12,8,4,7,12,9,11,5
Providencia,NA,NA,NA,NA,NA,1,2,NA
Providencia stuartii,20,17,16,11,24,37,64,43
Pseudanabaena sp. PCC 7367,9,12,12,20,14,9,5,6
Pseudarthrobacter,NA,NA,1,1,NA,NA,NA,NA
Pseudarthrobacter chlorophenolicus,31,43,47,42,14,25,24,34
Pseudarthrobacter phenanthrenivorans,25,41,38,39,18,18,17,34
Pseudarthrobacter sulfonivorans,35,41,43,52,17,22,17,28
Pseudoalteromonas,NA,2,NA,NA,NA,NA,NA,2
Pseudoalteromonas atlantica,15,10,8,10,15,22,13,14
Pseudoalteromonas haloplanktis,15,14,20,25,15,4,8,17
Pseudoalteromonas issachenkonii,13,15,11,21,28,14,18,20
Pseudoalteromonas luteoviolacea,3,1,9,2,5,13,22,8
Pseudoalteromonas phenolica,11,12,14,20,9,10,11,11
Pseudoalteromonas rubra,16,19,14,18,22,15,14,11
Pseudoalteromonas sp. Bsw20308,20,20,19,28,15,12,14,13
Pseudoalteromonas sp. OCN003,34,21,21,31,29,17,13,15
Pseudoalteromonas sp. SM9913,5,10,7,17,16,10,18,13
Pseudoalteromonas translucida,8,11,16,24,13,7,14,15
Pseudocowpox virus,1,NA,1,1,NA,NA,NA,NA
Pseudogulbenkiania,NA,NA,NA,NA,NA,NA,1,NA
Pseudogulbenkiania sp. NH8B,63,63,50,52,45,18,46,39
Pseudohongiella spirulinae,14,18,21,30,19,12,19,12
Pseudomonadaceae,3,2,2,4,3,1,NA,2
Pseudomonas,14,16,18,16,17,11,21,17
Pseudomonas aeruginosa,179,173,168,161,157,130,236,170
Aquipseudomonas alcaligenes,57,65,52,75,45,33,31,48
Pseudomonas alkylphenolia,39,37,27,48,28,27,26,37
Pseudomonas antarctica,73,51,48,63,59,20,19,38
Pseudomonas azotoformans,44,50,38,41,45,24,30,39
Stutzerimonas balearica,13,32,37,34,10,16,22,21
Pseudomonas brassicacearum,82,88,89,90,79,50,49,60
Pseudomonas cerasi,59,51,40,43,38,26,22,29
Pseudomonas chlororaphis,157,191,178,174,129,83,87,113
Pseudomonas cichorii,33,24,28,30,29,17,21,21
Pseudomonas citronellolis,121,128,114,146,72,63,63,84
Pseudomonas corrugata,47,50,46,58,41,20,22,38
Pseudomonas cremoricolorata,35,49,43,52,16,17,25,29
Pseudomonas denitrificans,37,38,51,37,31,18,31,40
Pseudomonas entomophila,35,45,30,50,25,22,26,28
Pseudomonas fluorescens,349,362,396,393,300,260,194,283
Pseudomonas fragi,19,23,17,32,16,11,13,19
Pseudomonas fulva,40,63,63,59,25,28,26,40
Pseudomonas knackmussii,48,44,57,54,34,33,31,45
Pseudomonas koreensis,41,52,57,56,39,40,31,45
Pseudomonas mandelii,50,48,43,55,38,26,15,39
Ectopseudomonas mendocina,102,131,114,98,74,62,52,77
Pseudomonas monteilii,69,89,66,63,54,47,30,58
Pseudomonas mosselii,46,74,54,64,30,32,31,39
Pseudomonas oryzihabitans,41,58,45,52,36,23,22,28
Pseudomonas parafulva,44,62,46,59,23,25,14,21
Pseudomonas phage 73,1,2,2,1,NA,NA,NA,NA
Pseudomonas phage DL62,2,5,3,2,2,1,NA,1
Pseudomonas phage DMS3,NA,1,NA,NA,1,NA,1,NA
Pseudomonas phage JBD30,NA,NA,NA,NA,NA,NA,1,NA
Pseudomonas phage JBD5,NA,2,NA,NA,NA,NA,NA,2
Pseudomonas phage JBD93,NA,NA,NA,NA,NA,NA,1,NA
Pseudomonas phage JD024,NA,NA,NA,NA,NA,NA,1,NA
Pseudomonas phage JG004,NA,NA,NA,NA,NA,NA,1,NA
Pseudomonas phage K5,NA,NA,NA,NA,NA,NA,1,NA
Pseudomonas phage K8,NA,NA,NA,NA,NA,NA,1,NA
Pseudomonas phage KPP21,NA,NA,NA,NA,NA,NA,1,NA
Pseudomonas phage KPP25,NA,NA,NA,NA,NA,1,NA,NA
Pseudomonas phage Lu11,NA,NA,NA,NA,NA,1,NA,NA
Pseudomonas phage LUZ19,2,5,3,2,2,1,NA,2
Pseudomonas phage LUZ7,NA,NA,NA,NA,NA,NA,1,NA
Pseudomonas phage M6,NA,NA,NA,NA,1,NA,NA,NA
Pseudomonas phage MP29,NA,2,NA,NA,NA,NA,NA,2
Pseudomonas phage MP38,NA,NA,NA,NA,NA,NA,1,NA
Pseudomonas phage MP42,NA,NA,NA,NA,NA,NA,1,NA
Pseudomonas phage MPK6,2,5,3,2,2,1,NA,1
Pseudomonas phage MPK7,2,5,3,2,2,1,NA,1
Pseudomonas phage PA1phi,NA,2,NA,NA,NA,NA,NA,2
Pseudomonas phage PaBG,NA,1,2,NA,NA,NA,NA,NA
Pseudomonas phage PAE1,NA,NA,NA,NA,1,NA,NA,NA
Pseudomonas phage PAJU2,NA,NA,NA,NA,NA,NA,1,NA
Pseudomonas phage PAK_P3,NA,NA,1,1,NA,1,NA,NA
Pseudomonas phage PaoP5,NA,NA,NA,NA,NA,NA,1,NA
Pseudomonas phage PaP1,NA,NA,NA,NA,NA,NA,1,NA
Pseudomonas phage phi3,1,NA,NA,NA,1,NA,NA,NA
Pseudomonas phage phikF77,2,5,3,2,2,1,NA,1
Pseudomonas phage phiKMV,2,5,3,2,2,1,NA,1
Pseudomonas phage phiKZ,1,2,1,2,NA,NA,NA,1
Pseudomonas phage phiMK,NA,NA,NA,NA,NA,NA,NA,1
Pseudomonas phage PhiPA3,NA,NA,NA,NA,1,NA,NA,NA
Pseudomonas phage phiPsa374,NA,NA,NA,NA,NA,1,NA,1
Pseudomonas phage PPpW-3,NA,NA,NA,NA,NA,NA,1,NA
Pseudomonas phage PT2,2,5,3,2,2,1,NA,1
Pseudomonas phage vB_Pae-Kakheti25,1,2,2,1,NA,NA,1,NA
Pseudomonas phage vB_Pae-TbilisiM32,2,5,3,2,2,1,NA,1
Pseudomonas phage vB_PaeP_PPA-ABTNL,2,5,3,2,2,1,NA,2
Pseudomonas phage vB_PaeS_PM105,NA,1,NA,NA,1,NA,NA,NA
Pseudomonas phage YuA,NA,NA,NA,NA,1,NA,NA,NA
Pseudomonas plecoglossicida,29,35,32,27,29,28,30,27
Pseudomonas poae,52,40,35,41,35,25,19,30
Pseudomonas protegens,67,81,47,69,62,26,27,42
Ectopseudomonas oleovorans,25,37,32,38,24,23,24,18
Pseudomonas putida,247,336,294,355,198,183,188,231
Metapseudomonas resinovorans,61,69,47,76,41,30,32,51
Pseudomonas rhizosphaerae,27,34,25,31,23,17,20,25
Pseudomonas savastanoi,43,49,39,59,26,24,18,35
Pseudomonas sp. A3(2016),42,44,40,40,34,22,23,34
Pseudomonas sp. CCOS 191,31,50,39,37,16,12,27,23
Pseudomonas sp. DR 5-09,27,41,48,41,25,17,23,22
Pseudomonas sp. FGI182,38,57,50,42,18,28,23,27
Pseudomonas sp. GR 6-02,58,51,50,51,53,24,27,33
Pseudomonas sp. JY-Q,46,42,23,35,29,27,17,23
Pseudomonas sp. L10.10,16,31,31,30,10,14,11,21
Pseudomonas sp. MRSN12121,34,32,38,30,34,27,29,30
Pseudomonas sp. MS586,71,57,44,48,48,24,29,27
Pseudomonas sp. Os17,54,74,64,85,54,22,24,42
Pseudomonas sp. St29,59,70,71,92,52,25,22,47
Pseudomonas sp. StFLB209,42,24,35,38,26,27,15,29
Pseudomonas sp. TCU-HL1,46,55,52,54,32,34,40,35
Pseudomonas sp. TKP,37,43,43,43,30,22,17,35
Pseudomonas sp. URMO17WK12:I11,70,72,67,83,50,33,46,65
Pseudomonas sp. UW4,19,38,29,34,36,16,23,28
Pseudomonas sp. VLB120,39,52,35,47,32,22,19,36
Stutzerimonas stutzeri,198,218,240,230,137,124,153,169
Pseudomonas syringae,158,170,148,161,124,92,76,110
Pseudomonas syringae group genomosp. 3,26,33,30,32,19,30,13,22
Pseudomonas trivialis,32,28,29,36,46,17,19,21
Pseudonocardia,7,3,NA,2,4,4,1,NA
Pseudonocardia dioxanivorans,28,42,56,43,22,29,37,29
Pseudonocardia sp. AL041005-10,48,54,57,52,22,27,26,32
Pseudonocardia sp. EC080610-09,33,48,45,29,16,23,22,30
Pseudonocardia sp. EC080619-01,30,46,43,30,15,23,23,30
Pseudonocardia sp. EC080625-04,22,39,41,23,7,21,20,27
Pseudonocardia sp. HH130629-09,27,31,37,32,18,22,28,28
Pseudonocardia sp. HH130630-07,29,51,49,35,25,25,22,21
Pseudonocardiaceae,NA,2,1,1,2,NA,NA,3
Pseudopedobacter saltans,81,63,40,58,82,68,57,50
Arachnia propionica,24,42,27,40,13,16,10,23
Pseudothermotoga elfii,3,6,2,4,7,18,11,8
Pseudothermotoga hypogea,4,2,3,8,5,5,7,3
Pseudothermotoga lettingae,3,7,2,4,7,18,11,9
Pseudothermotoga thermarum,3,NA,NA,NA,3,14,9,9
Pseudoxanthomonas,1,NA,1,2,NA,NA,NA,1
Pseudoxanthomonas spadix,30,42,44,50,22,14,20,33
Pseudoxanthomonas suwonensis,100,101,71,88,67,60,46,49
Psychrobacter alimentarius,17,8,4,9,19,14,11,8
Psychrobacter arcticus,20,15,12,17,23,15,10,20
Psychrobacter cryohalolentis,14,10,5,9,30,15,11,14
Psychrobacter sp. AntiMn-1,14,5,7,10,15,13,10,11
Psychrobacter sp. G,14,9,5,12,25,14,9,11
Psychrobacter sp. P11G5,4,7,11,10,7,6,11,8
Psychrobacter sp. P2G3,3,4,6,7,6,6,10,7
Psychrobacter sp. PRwf-1,13,11,9,5,17,8,9,8
Psychrobacter urativorans,2,3,4,3,4,6,5,4
Psychroflexus torquis,16,17,12,14,24,15,30,33
Psychromonas ingrahamii,9,13,6,17,11,25,24,25
Psychromonas sp. CNPT3,7,17,12,19,10,13,10,15
Pusillimonas sp. T7-7,27,26,26,30,13,18,21,24
Pyrobaculum islandicum,NA,NA,NA,NA,NA,2,2,1
Pyrococcus abyssi,NA,1,NA,NA,NA,3,1,NA
Pyrococcus furiosus,8,5,5,7,9,4,NA,5
Pyrococcus horikoshii,2,1,1,1,3,4,7,4
Pyrococcus sp. NA2,NA,1,NA,NA,1,2,3,NA
Pyrococcus sp. NCB100,NA,2,3,1,1,1,3,NA
Pyrococcus sp. ST04,NA,NA,NA,NA,NA,2,3,1
Pyrococcus yayanosii,2,5,3,NA,9,6,1,2
Pyrodictium delaneyi,6,5,5,8,1,1,2,4
Pyrolobus fumarii,NA,NA,NA,1,2,2,3,2
Rabbit coronavirus HKU14,2,2,NA,4,NA,1,NA,1
Rabbit fibroma virus,NA,NA,NA,NA,NA,NA,NA,1
Rahnella,NA,NA,NA,NA,NA,NA,NA,1
Rahnella aquatilis,15,16,25,15,19,26,30,31
Rahnella sp. Y9602,13,13,23,13,16,27,27,28
Ralstonia,3,4,4,3,3,2,2,2
Ralstonia insidiosa,52,58,68,57,35,35,76,53
Ralstonia mannitolilytica,47,61,60,49,37,37,76,56
Ralstonia phage RS138,NA,4,2,NA,NA,1,NA,NA
Ralstonia phage RS603,NA,NA,NA,1,NA,NA,NA,NA
Ralstonia phage RSB2,NA,NA,NA,NA,NA,NA,1,NA
Ralstonia phage RSL1,NA,NA,1,1,NA,NA,2,NA
Ralstonia phage RSM1,NA,NA,NA,1,NA,NA,NA,NA
Ralstonia pickettii,98,107,110,103,79,83,194,102
Ralstonia solanacearum,116,134,124,152,79,66,122,92
Ramlibacter,3,4,1,2,2,NA,NA,2
Ramlibacter tataouinensis,86,116,144,123,59,56,83,72
Raoultella ornithinolytica,74,72,77,80,83,84,119,87
Rathayibacter toxicus,4,18,15,14,11,6,3,17
Rathayibacter tritici,29,18,21,28,17,10,13,13
Renibacterium salmoninarum,6,6,4,8,9,14,4,10
Rhizobiaceae,3,NA,1,NA,NA,NA,NA,NA
Hyphomicrobiales,NA,NA,1,1,1,1,NA,1
Rhizobium,3,9,3,5,4,3,9,5
Rhizobium etli,101,119,132,146,97,81,76,102
Rhizobium gallicum,45,21,36,36,39,32,31,27
Rhizobium leguminosarum,147,183,135,167,152,96,87,115
Rhizobium phage RR1-A,NA,NA,NA,NA,NA,2,NA,1
Rhizobium phage vB_RleM_P10VF,NA,NA,NA,NA,NA,1,1,NA
Rhizobium phaseoli,55,61,67,67,45,46,29,53
Rhizobium sp. IRBG74,64,83,75,81,53,29,27,57
Rhizobium sp. N113,34,42,48,64,34,16,22,38
Rhizobium sp. N1314,32,41,49,59,35,18,24,39
Rhizobium sp. N1341,34,42,48,64,34,16,22,38
Rhizobium sp. N324,25,33,35,26,24,25,25,29
Rhizobium sp. N621,34,42,48,64,34,16,22,39
Rhizobium sp. N6212,34,42,48,64,34,16,22,39
Rhizobium sp. N731,32,41,49,59,35,18,24,39
Rhizobium sp. N741,34,42,48,64,34,16,22,39
Rhizobium sp. N871,34,42,48,64,34,16,22,39
Rhizobium sp. NT-26,22,29,37,38,11,19,16,22
Rhizobium sp. S41,50,69,75,76,32,25,32,51
Rhizobium tropici,29,39,37,43,21,23,19,26
Rhizoctonia fumigata mycovirus,1,NA,NA,NA,NA,NA,NA,NA
Rhodanobacter denitrificans,43,55,60,66,46,30,28,38
Rhodanobacteraceae,2,NA,1,3,2,1,1,NA
Rhodobacter,NA,1,1,1,NA,NA,1,NA
Rhodobacter capsulatus,34,32,36,30,22,16,21,28
Rhodobacter phage RC1,NA,NA,NA,NA,NA,1,NA,NA
Rhodobacter sp. LPB0142,25,51,56,51,27,26,24,24
Cereibacter sphaeroides,105,103,78,97,65,43,47,64
Paracoccaceae,3,1,5,5,3,1,NA,2
Rhodococcus
 
 <high G+C Gram-positive bacteria>
 
,1,3,5,3,2,NA,3,2
Rhodococcus aetherivorans,35,45,48,44,23,25,31,27
Prescottella equi,22,41,39,37,18,22,16,24
Rhodococcus erythropolis,24,27,40,34,18,21,18,28
Rhodococcoides fascians,36,30,24,31,21,15,18,16
Rhodococcus jostii,21,35,36,25,11,18,20,21
Rhodococcus opacus,40,60,86,51,25,28,58,41
Rhodococcus phage REQ3,NA,1,4,NA,NA,NA,NA,NA
Rhodococcus phage RGL3,NA,2,2,NA,NA,NA,NA,NA
Rhodococcus pyridinivorans,24,35,27,25,11,12,13,22
Rhodococcus sp. 008,21,21,38,22,18,18,13,17
Rhodococcus sp. B7740,20,26,26,32,23,13,12,21
Rhodococcus sp. p52,25,33,29,31,10,15,13,20
Rhodococcus sp. PBTS 1,20,35,31,30,9,14,13,17
Rhodococcoides fascians,37,27,37,33,14,18,20,20
Rhodococcus sp. WB1,24,35,46,34,15,26,23,31
Rhodococcus sp. WMMA185,10,10,15,9,12,4,7,7
Rhodocyclaceae,2,NA,1,NA,NA,NA,1,1
Rhodocyclales,NA,1,NA,NA,NA,NA,NA,NA
Rhodoferax,NA,1,NA,NA,NA,NA,NA,NA
Rhodoferax ferrireducens,39,40,39,35,18,23,26,26
Rhodoluna,NA,NA,NA,NA,1,NA,NA,NA
Rhodoluna lacicola,28,8,10,16,18,9,3,3
Rhodomicrobium vannielii,31,34,33,26,25,12,11,18
Rhodopirellula baltica,12,14,16,17,19,21,13,11
Rhodoplanes,NA,NA,1,1,NA,NA,1,1
Rhodoplanes sp. Z2-YC6860,43,44,32,31,29,20,20,26
Rhodopseudomonas,1,1,NA,NA,NA,NA,1,1
Rhodopseudomonas palustris,114,144,199,168,80,84,95,116
Rhodospirillaceae,1,NA,3,3,2,NA,1,2
Rhodospirillum,4,3,1,2,3,NA,NA,2
Rhodospirillum centenum,52,71,73,81,23,26,30,38
Rhodospirillum rubrum,22,40,31,35,19,15,24,28
Rhodothermaceae,NA,NA,NA,NA,NA,NA,NA,1
Rhodothermus,NA,1,NA,NA,NA,NA,NA,NA
Rhodothermus marinus,77,100,85,94,44,47,51,57
Rhodothermus phage RM378,NA,NA,NA,NA,1,NA,NA,NA
Rhodovulum,NA,NA,1,1,NA,NA,NA,NA
Rhodovulum sulfidophilum,53,78,73,61,30,19,36,44
Rice black streaked dwarf virus,NA,NA,NA,NA,NA,1,NA,NA
Rickettsia,NA,NA,NA,1,NA,1,NA,NA
Rickettsia africae,3,5,4,6,3,4,7,7
Rickettsia akari,6,5,3,NA,5,6,4,7
Rickettsia amblyommatis,1,2,2,1,1,4,10,5
Rickettsia australis,2,1,5,5,4,9,5,6
Rickettsia bellii,2,2,2,8,5,5,8,9
Rickettsia canadensis,2,2,NA,4,4,6,7,8
Rickettsia conorii,3,3,7,5,2,4,6,5
Rickettsia felis,4,5,8,8,4,11,5,11
Rickettsia conorii subsp. heilongjiangensis,6,6,7,8,1,9,4,5
Rickettsia japonica,6,6,7,8,1,9,5,6
Rickettsia massiliae,2,2,3,1,1,2,6,6
Rickettsia monacensis,3,3,7,4,3,7,11,5
Rickettsia montanensis,5,5,6,6,4,3,6,7
Rickettsia parkeri,3,5,4,6,2,4,3,5
Rickettsia philipii,3,5,4,5,2,4,3,5
Rickettsia prowazekii,NA,NA,NA,NA,1,6,6,2
Rickettsia rhipicephali,2,1,3,1,2,6,8,5
Rickettsia rickettsii,4,5,5,5,2,3,4,5
Rickettsia slovaca,3,5,6,7,2,4,6,5
Rickettsia typhi,5,4,5,10,3,5,7,4
Rickettsiales bacterium Ac37b,16,10,13,12,8,14,14,16
Riemerella anatipestifer,44,26,26,28,51,37,48,39
Riemerella phage RAP44,1,NA,NA,NA,NA,NA,1,NA
Rivularia sp. PCC 7116,33,28,14,24,46,15,22,25
Robiginitalea biformata,86,63,55,76,91,36,29,46
Roseateles,5,3,1,1,3,NA,NA,3
Roseateles depolymerans,53,75,71,76,36,28,29,39
Roseburia hominis,1616,2344,1934,2850,5883,14166,16304,14403
Roseicyclus elongatus,24,28,38,25,7,16,14,11
Roseiflexus castenholzii,18,25,34,28,22,18,20,19
Roseiflexus sp. RS-1,27,25,16,27,25,20,8,25
Roseobacter,NA,NA,2,2,NA,1,1,1
Roseobacter denitrificans,7,10,8,11,10,23,11,18
Roseobacter litoralis,20,21,25,22,21,15,5,11
Roseobacter phage RDJL Phi 1,NA,NA,NA,1,NA,NA,NA,NA
Rotavirus D chicken/05V0049/DEU/2005,NA,NA,NA,NA,NA,1,NA,NA
Rothia
 
 <eudicots>
 
,NA,NA,NA,NA,1,NA,NA,NA
Rothia dentocariosa,9,22,17,22,17,6,7,21
Rothia mucilaginosa,30,30,38,49,24,24,18,24
Rubinisphaera brasiliensis,5,13,15,9,10,15,13,20
Rubrivivax,1,NA,NA,NA,1,NA,NA,1
Rubrivivax gelatinosus,88,72,80,93,68,32,37,40
Rubrobacter,NA,1,NA,NA,NA,NA,NA,1
Rubrobacter radiotolerans,10,13,19,15,4,14,6,5
Rubrobacter xylanophilus,33,58,42,49,7,16,20,33
Rubrobacteraceae,NA,1,NA,NA,NA,NA,NA,1
Ruegeria,3,4,2,2,2,1,1,3
Tritonibacter mobilis,15,28,33,29,14,14,17,26
Ruegeria pomeroyi,30,58,61,59,20,23,36,34
Ruegeria sp. TM1040,18,19,20,20,18,16,14,14
Rufibacter sp. DG15C,119,85,59,105,122,34,50,59
Rufibacter sp. DG31D,71,51,40,59,69,42,39,49
Rufibacter tibetensis,162,88,58,105,144,64,40,46
Ruminiclostridium,NA,1,NA,1,NA,NA,NA,1
Ruminiclostridium sp. KB18,565,822,678,1034,318,410,276,553
Acetivibrio thermocellus,34,45,41,47,45,78,91,69
Oscillospiraceae,NA,NA,NA,NA,1,NA,NA,NA
Ruminococcus albus,321,380,357,506,237,223,158,272
Ruminococcus bicirculans (ex Liu et al. 2021)
 
 
 <species>
 
,367,483,514,660,335,521,463,532
Rummeliibacillus stabekisii,25,31,18,27,29,56,38,19
Runella slithyformis,53,54,60,74,54,42,47,48
Saccharomonospora,NA,NA,NA,NA,1,NA,NA,NA
Saccharomonospora viridis,8,25,20,12,8,13,18,11
Saccharophagus degradans,22,23,16,24,16,11,9,15
Saccharopolyspora,NA,NA,NA,1,NA,NA,NA,NA
Saccharopolyspora erythraea,36,45,56,50,31,29,41,41
Saccharothrix,NA,NA,NA,NA,NA,1,NA,NA
Saccharothrix espanaensis,37,49,63,60,27,28,32,33
Saffold virus,NA,NA,NA,NA,NA,1,NA,NA
Saimiriine herpesvirus 1,NA,NA,NA,2,NA,NA,NA,2
Salicola phage CGphi29,NA,NA,NA,NA,NA,NA,1,NA
Salimicrobium,NA,1,NA,NA,NA,NA,NA,NA
Salimicrobium jeotgali,7,6,7,12,19,31,27,13
Salinarchaeum sp. Harcht-Bsk1,13,10,14,15,13,10,7,12
Salinibacter ruber,32,32,28,35,22,16,11,22
Salinicoccus halodurans,20,14,14,19,23,27,25,18
Salinispira pacifica,26,32,44,33,14,30,19,34
Salinispora,NA,NA,NA,NA,1,NA,NA,NA
Salinispora arenicola,9,27,22,27,12,15,14,18
Salinispora tropica,16,15,20,22,12,11,15,19
Salinivibrio phage CW02,NA,NA,NA,NA,NA,1,1,NA
Salisaeta icosahedral phage 1,1,NA,NA,1,NA,NA,NA,NA
Salmon gill poxvirus,NA,NA,NA,NA,NA,NA,1,NA
Salmonella bongori,15,25,17,21,20,26,12,32
Salmonella enterica,51,83,76,99,166,370,497,388
Salmonella phage 118970_sal4,NA,NA,NA,NA,NA,NA,1,NA
Salmonella phage f18SE,NA,NA,NA,NA,NA,NA,NA,1
Salmonella phage FSL SP-058,NA,NA,NA,4,2,1,1,1
Salmonella phage FSL SP-076,NA,NA,NA,4,2,1,1,1
Salmonella phage FSLSP088,9,5,3,2,7,NA,NA,NA
Salmonella phage HK620,NA,NA,NA,NA,NA,1,NA,1
Salmonella phage PVP-SE1,NA,NA,1,NA,1,1,NA,1
Salmonella phage SJ46,NA,NA,NA,NA,9,26,61,43
Salmonella phage SKML-39,NA,NA,NA,NA,NA,1,NA,NA
Salmonella phage SPN1S,NA,NA,NA,NA,NA,1,NA,NA
Salmonella phage SPN9CC,NA,NA,NA,NA,NA,NA,1,NA
Salmonella phage SSE121,1,NA,NA,1,NA,NA,NA,NA
Salmonella phage SSU5,NA,NA,NA,NA,1,NA,NA,NA
Salmonella phage vB_SemP_Emek,NA,NA,NA,NA,NA,NA,1,NA
Salmonella phage Vi II-E1,NA,NA,1,NA,NA,NA,NA,NA
Lederbergvirus P22,NA,NA,NA,NA,NA,NA,1,NA
Sandaracinus,1,NA,NA,NA,1,NA,NA,NA
Sandaracinus amylolyticus,29,50,46,37,31,31,42,37
Sanguibacter,7,2,NA,2,5,1,NA,NA
Sanguibacter keddieii,33,32,57,37,19,23,24,22
Sanxia water strider virus 6,NA,NA,NA,NA,NA,NA,1,NA
Saprospira grandis,12,16,14,18,18,24,13,19
Scardovia inopinata,13,25,20,31,10,24,18,21
Sclerophthora macrospora virus A,NA,NA,NA,NA,NA,1,NA,1
Sebaldella termitidis,27,29,18,52,39,59,47,51
secondary endosymbiont of Ctenarytaina eucalypti,NA,1,1,NA,3,10,5,5
secondary endosymbiont of Heteropsylla cubana,4,4,2,4,4,3,5,4
Sedimenticola,NA,NA,NA,NA,NA,1,NA,NA
Sedimenticola thiotaurini,24,43,42,37,21,25,15,16
Sediminicola sp. YIK13,40,27,16,30,31,20,19,28
Sediminispirochaeta smaragdinae,32,30,24,26,25,37,29,28
Segniliparaceae,NA,NA,NA,NA,NA,NA,1,1
Segniliparus rotundus,6,14,12,8,9,4,12,6
Selenomonas,1,NA,NA,NA,NA,NA,NA,NA
Selenomonas ruminantium,128,146,110,147,107,152,125,163
Selenomonas sp. oral taxon 136,62,60,75,78,37,64,59,54
Selenomonas sp. oral taxon 478,59,71,62,95,47,70,47,60
Selenomonas sp. oral taxon 920,30,42,50,63,30,54,45,41
Selenomonas sputigena,61,97,72,106,58,68,53,76
Serinicoccus,NA,NA,1,NA,NA,NA,NA,NA
Serinicoccus sp. JLT9,22,41,40,30,23,9,21,26
Serratia
 
 <beetles>
 
,1,3,4,2,2,3,7,3
Serratia fonticola,44,46,34,35,52,27,34,33
Serratia liquefaciens,35,16,30,33,32,18,21,33
Serratia marcescens,155,201,207,198,118,145,157,168
Serratia plymuthica,68,50,55,55,54,57,76,63
Serratia proteamaculans,24,28,29,19,32,18,16,16
Serratia rubidaea,37,43,61,44,32,39,33,27
Serratia sp. AS12,27,20,24,19,18,21,32,19
Serratia sp. AS13,27,20,24,19,18,21,32,19
Serratia sp. FS14,48,49,44,54,32,36,24,41
Serratia sp. SCBI,32,44,49,36,29,34,28,33
Serratia sp. YD25,30,37,32,30,24,23,25,25
Shamonda virus,NA,NA,NA,NA,2,NA,NA,NA
Sheeppox virus,NA,NA,NA,NA,NA,1,NA,NA
Shewanella,1,NA,1,3,1,NA,1,NA
Shewanella amazonensis,46,29,30,39,59,29,34,21
Shewanella baltica,28,39,22,31,42,33,32,39
Shewanella denitrificans,5,8,9,12,15,8,9,8
Shewanella frigidimarina,7,13,6,10,29,16,14,15
Shewanella halifaxensis,25,18,24,19,19,14,13,14
Shewanella loihica,67,40,34,34,48,22,23,33
Shewanella oneidensis,9,12,3,15,27,18,6,11
Shewanella pealeana,41,20,16,22,41,13,11,19
Shewanella piezotolerans,22,10,11,7,19,15,12,11
Shewanella putrefaciens,9,17,9,13,22,12,14,12
Shewanella sediminis,18,22,15,18,35,18,16,23
Shewanella sp. ANA-3,12,12,28,24,15,14,22,15
Shewanella sp. MR-4,16,14,12,28,26,13,12,12
Shewanella sp. MR-7,22,9,10,11,28,17,8,10
Shewanella sp. W3-18-1,13,16,9,13,18,12,10,13
Shewanella violacea,17,14,16,19,27,7,19,13
Shewanella woodyi,15,6,6,9,21,18,14,13
Shigella,1,2,NA,2,3,3,2,3
Shigella boydii,26,26,26,42,1507,4051,1757,2468
Shigella dysenteriae,31,30,35,42,1977,5156,2223,3157
Shigella flexneri,23,17,29,32,1514,3937,1746,2467
Shigella phage 75/02 Stx,NA,NA,NA,NA,30,99,35,44
Shigella phage Ag3,NA,NA,NA,NA,NA,NA,1,NA
Shigella phage EP23,1,1,1,1,2,NA,1,NA
Shigella phage POCJ13,NA,NA,NA,NA,9,39,10,12
Shigella phage Sf6,NA,NA,NA,NA,NA,1,2,1
Shigella phage SHBML-50-1,NA,NA,NA,NA,NA,NA,1,1
Shigella phage Shf125875,NA,NA,NA,NA,1,NA,2,NA
Shigella phage SHFML-26,NA,NA,NA,NA,NA,1,1,NA
Shigella phage SHSML-52-1,NA,NA,NA,NA,NA,1,NA,NA
Shigella phage Ss-VASD,NA,NA,NA,NA,14,60,15,28
Shigella sonnei,20,15,21,32,1615,4295,1926,2661
Shigella sp. PAMC 28760,28,22,21,41,1947,5065,2285,3096
Shimwellia blattae,34,60,48,59,28,35,28,41
Shinella sp. HZN7,55,70,83,59,21,36,33,43
Short-finned eel ranavirus,NA,NA,NA,NA,NA,NA,1,NA
Siansivirga zeaxanthinifaciens,13,10,7,6,21,21,30,25
Sideroxydans,NA,1,NA,1,NA,NA,NA,1
Sideroxydans lithotrophicus,23,30,29,43,17,21,19,16
Simiduia,NA,1,NA,NA,NA,NA,NA,NA
Simiduia agarivorans,23,14,21,18,32,11,11,13
Simkania negevensis,11,9,5,7,12,7,5,8
Singapore grouper iridovirus,NA,NA,NA,NA,NA,3,1,NA
Singulisphaera acidiphila,28,19,13,27,23,19,20,30
Sinomonas atrocyanea,21,24,38,26,10,10,15,16
Sinorhizobium,NA,NA,1,1,NA,NA,NA,1
Sinorhizobium fredii,38,61,58,57,28,19,28,46
Sinorhizobium medicae,34,55,47,57,19,29,36,50
Sinorhizobium meliloti,46,78,64,69,35,36,52,46
Sinorhizobium phage PBC5,NA,NA,NA,NA,NA,1,NA,NA
Sinorhizobium phage phiLM21,1,NA,1,1,NA,NA,NA,NA
Sinorhizobium phage phiM9,NA,NA,NA,NA,NA,NA,NA,1
Sinorhizobium sp. RAC02,45,62,41,54,50,24,26,42
Skunkpox virus,NA,NA,NA,NA,NA,1,NA,NA
Slackia,1,1,1,1,NA,NA,NA,NA
Slackia heliotrinireducens,287,400,516,345,151,188,244,233
Sneathia vaginalis,6,9,7,7,12,8,22,22
Snodgrassella alvi,29,17,15,21,25,18,24,18
Sodalis,NA,NA,NA,1,NA,NA,NA,1
Sodalis glossinidius,9,17,21,18,20,20,12,21
Sodalis praecaptivus,25,24,28,28,19,25,15,24
Solanum mosaic Bolivia virus,NA,NA,NA,NA,NA,NA,1,NA
Solibacillus silvestris,38,25,24,36,54,50,47,45
Solitalea canadensis,121,78,48,80,135,57,47,55
Sorangium,NA,1,NA,NA,1,NA,NA,NA
Sorangium cellulosum,55,94,130,70,62,43,64,54
Sparus aurata papillomavirus 1,3,1,1,1,4,NA,NA,NA
Sphaerobacter,NA,NA,NA,NA,NA,NA,NA,1
Sphaerobacter thermophilus,36,31,38,25,32,18,20,32
Sphaerochaeta,NA,NA,NA,NA,NA,NA,NA,2
Parasphaerochaeta coccoides,33,33,24,28,25,11,24,27
Sphaerochaeta globosa,29,34,29,32,40,27,23,29
Sphaerochaeta pleomorpha,21,9,5,13,28,30,24,21
Sphingobacterium sp. 21,94,50,44,67,99,54,44,59
Sphingobacterium sp. ML3W,84,46,28,48,107,52,42,51
Sphingobium,NA,4,NA,NA,NA,NA,NA,NA
Sphingobium baderi,35,27,22,37,34,12,19,27
Sphingobium chlorophenolicum,51,55,39,41,48,18,13,24
Sphingobium indicum,17,20,30,27,13,16,13,19
Sphingobium sp. EP60837,14,18,19,17,2,12,14,6
Sphingobium sp. MI1205,7,25,20,13,20,15,17,12
Sphingobium sp. RAC03,32,40,21,41,24,22,12,28
Sphingobium sp. SYK-6,19,35,40,39,16,13,15,18
Sphingobium sp. TKS,21,31,32,25,17,13,35,17
Sphingobium sp. YBL2,25,37,40,28,12,21,35,26
Sphingomonadaceae,6,3,4,7,5,NA,1,3
Sphingomonas,13,7,1,6,10,NA,1,1
Sphingomonas hengshuiensis,20,25,28,35,13,12,8,19
Sphingomonas melonis,28,32,36,39,13,21,25,26
Sphingomonas panacis,11,14,25,16,11,12,13,15
Sphingomonas phage PAU,NA,NA,NA,NA,NA,1,NA,1
Sphingomonas sanxanigenens,36,59,47,63,33,24,20,22
Sphingomonas sp. MM-1,30,41,27,39,17,14,21,17
Sphingomonas sp. NIC1,22,30,30,27,9,17,19,15
Sphingomonas taxi,30,29,34,27,28,15,18,23
Rhizorhabdus wittichii,24,25,38,28,12,20,25,21
Sphingopyxis,NA,1,NA,NA,NA,1,2,NA
Sphingopyxis alaskensis,10,21,21,13,4,14,16,11
Sphingopyxis fribergensis,15,23,25,15,13,20,13,23
Sphingopyxis granuli,32,29,33,33,23,12,22,22
Sphingopyxis macrogoltabida,35,33,36,36,22,21,39,30
Sphingopyxis sp. 113P3,58,42,28,44,44,14,11,21
Sphingopyxis terrae,12,22,21,25,14,9,9,16
Sphingorhabdus sp. M41,17,16,22,19,13,15,10,18
Spiribacter,NA,NA,NA,1,NA,NA,NA,NA
Spiribacter salinus,9,14,12,16,4,4,6,9
Spiribacter sp. UAH-SP71,26,17,18,23,19,11,6,13
Spirochaeta,NA,1,NA,NA,NA,NA,NA,NA
Spirochaeta africana,33,41,26,37,36,23,25,17
Winmispira thermophila,27,42,48,34,18,16,30,23
Spirochaetaceae,NA,NA,NA,NA,NA,NA,NA,1
Spiroplasma,NA,1,NA,NA,1,NA,NA,NA
Spiroplasma apis,NA,NA,NA,NA,6,5,9,8
Spiroplasma mirum,17,26,19,36,23,10,14,30
Spiroplasma cantharicola,4,5,5,4,8,8,14,4
Spiroplasma chrysopicola,29,25,14,29,22,6,17,21
Spiroplasma culicicola,2,1,NA,3,3,9,18,4
Spiroplasma diminutum,3,6,1,3,8,12,13,8
Spiroplasma eriocheiris,19,26,17,37,29,14,18,34
Spiroplasma helicoides,21,9,5,13,24,7,20,8
Spiroplasma kunkelii,11,24,15,29,11,18,21,25
Spiroplasma mirum,17,26,19,36,23,9,12,30
Spiroplasma sabaudiense,NA,1,2,NA,6,4,8,9
Spiroplasma sp. TU-14,16,15,10,26,14,12,17,22
Spiroplasma syrphidicola,16,14,11,23,6,7,15,20
Spiroplasma taiwanense,4,8,5,6,8,11,12,12
Spirosoma radiotolerans,80,51,50,53,73,28,38,42
Spodoptera exigua multiple nucleopolyhedrovirus,11,6,2,3,4,1,1,2
Spodoptera frugiperda multiple nucleopolyhedrovirus,3,1,2,1,1,1,1,NA
Spodoptera litura nucleopolyhedrovirus,NA,1,NA,NA,NA,1,1,NA
Spodoptera litura nucleopolyhedrovirus II,5,4,1,5,6,NA,NA,NA
Spongiibacter sp. IMCC21906,34,16,9,14,31,7,7,11
Sporosarcina psychrophila,5,7,6,6,13,27,40,20
Squirrelpox virus,NA,1,NA,NA,NA,NA,NA,NA
Stackebrandtia nassauensis,27,30,41,34,10,26,15,27
Stanieria cyanosphaera,17,13,5,9,36,23,13,26
Staphylococcus,NA,1,3,2,NA,1,1,NA
Staphylococcus agnetis,12,7,3,2,15,17,20,15
Staphylococcus argenteus,13,13,15,17,12,17,30,28
Staphylococcus aureus,42,34,13,20,46,85,91,50
Staphylococcus capitis,16,13,6,15,13,26,35,25
Staphylococcus carnosus,8,5,7,10,13,26,25,23
Staphylococcus condimenti,6,3,7,10,11,24,33,24
Staphylococcus epidermidis,3,4,9,9,20,36,39,20
Staphylococcus equorum,3,8,5,5,11,31,39,17
Staphylococcus haemolyticus,21,18,8,15,35,19,32,23
Staphylococcus hyicus,1,3,5,5,7,14,18,14
Staphylococcus lugdunensis,1,1,1,2,5,24,19,8
Staphylococcus pasteuri,21,12,7,10,24,22,22,20
Staphylococcus phage 13,NA,NA,NA,NA,NA,NA,NA,1
Staphylococcus phage 3MRA,NA,NA,NA,NA,NA,1,NA,1
Staphylococcus phage 53,NA,NA,NA,NA,NA,1,NA,NA
Staphylococcus phage 6ec,NA,NA,NA,NA,NA,NA,1,NA
Staphylococcus phage 80alpha,NA,NA,NA,NA,NA,1,NA,NA
Staphylococcus phage 85,NA,NA,NA,NA,NA,1,NA,NA
Staphylococcus phage GH15,NA,NA,NA,NA,NA,1,1,NA
Staphylococcus phage Ipla5,NA,NA,NA,NA,NA,NA,1,NA
Staphylococcus phage Ipla88,NA,NA,NA,NA,NA,1,NA,NA
Staphylococcus phage JS01,NA,NA,NA,NA,NA,NA,NA,1
Staphylococcus phage MCE-2014,NA,NA,NA,NA,NA,1,1,1
Staphylococcus phage P108,NA,NA,NA,NA,NA,1,1,1
Staphylococcus phage PH15,NA,NA,NA,NA,1,NA,NA,1
Staphylococcus phage phiETA2,NA,NA,NA,NA,NA,1,NA,NA
Staphylococcus phage phiIPLA-C1C,NA,NA,NA,NA,1,NA,1,1
Staphylococcus phage phiIPLA-RODI,NA,NA,NA,NA,NA,1,1,NA
Staphylococcus phage phiMR25,NA,NA,NA,NA,NA,1,NA,NA
Staphylococcus phage phiNM,NA,NA,NA,NA,NA,1,NA,NA
Staphylococcus phage phinm2,NA,NA,NA,NA,NA,1,NA,NA
Staphylococcus phage phiPVL-CN125,NA,NA,NA,NA,NA,NA,NA,1
Staphylococcus phage PVL,NA,NA,NA,NA,NA,NA,NA,1
Staphylococcus phage Pvl108,NA,NA,NA,NA,NA,NA,NA,1
Staphylococcus phage S25-3,NA,NA,NA,NA,NA,NA,1,NA
Staphylococcus phage S25-4,NA,NA,NA,NA,NA,NA,1,NA
Staphylococcus phage SA12,NA,NA,NA,NA,NA,1,NA,NA
Staphylococcus phage SA97,NA,NA,NA,NA,NA,1,NA,NA
Staphylococcus phage Sap26,NA,NA,NA,NA,NA,1,NA,NA
Staphylococcus phage Sb-1,NA,NA,NA,NA,NA,NA,NA,1
Staphylococcus phage SPbeta-like,NA,NA,NA,NA,NA,NA,3,2
Staphylococcus phage StB20,NA,1,NA,NA,NA,NA,NA,NA
Staphylococcus phage Team1,NA,NA,NA,NA,NA,NA,NA,1
Staphylococcus phage tp310-1,NA,NA,NA,NA,NA,NA,NA,1
Staphylococcus phage tp310-3,NA,NA,NA,NA,NA,NA,NA,1
Staphylococcus phage Twort,NA,NA,NA,NA,1,1,2,NA
Staphylococcus phage vB_SepS_SEP9,NA,NA,NA,NA,NA,1,1,1
Staphylococcus prophage phiPV83,NA,NA,NA,NA,NA,NA,NA,1
Staphylococcus pseudintermedius,12,13,11,17,21,37,37,33
Staphylococcus saprophyticus,15,6,4,10,18,16,26,13
Staphylococcus schleiferi,7,14,11,19,15,39,34,38
Staphylococcus simulans,26,17,10,21,41,36,36,33
Staphylococcus sp. AntiMn-1,9,12,8,7,17,15,32,14
Kayvirus G1,NA,NA,NA,NA,NA,NA,NA,1
Silviavirus SA11,NA,NA,NA,NA,NA,NA,1,NA
Staphylococcus warneri,23,11,11,11,30,27,32,30
Staphylococcus xylosus,11,9,11,7,8,42,37,30
Staphylothermus hellenicus,1,1,NA,3,3,4,2,1
Staphylothermus marinus,NA,NA,NA,NA,1,3,1,2
Starkeya,NA,1,NA,NA,NA,NA,NA,1
Ancylobacter novellus,32,41,41,38,16,15,41,28
Stenotrophomonas,NA,1,1,1,NA,1,1,2
Stenotrophomonas acidaminiphila,39,53,62,40,20,19,30,34
Stenotrophomonas maltophilia,164,185,172,166,123,90,92,120
Stenotrophomonas nitritireducens,48,41,25,34,27,23,20,34
Stenotrophomonas phage Smp131,NA,NA,1,1,NA,NA,NA,NA
Stenotrophomonas phage vB_SmaS-DLP,1,2,2,1,NA,NA,NA,NA
Stenotrophomonas rhizophila,30,40,50,33,25,22,33,24
Stenotrophomonas sp. KCTC 12332,36,44,25,30,23,29,27,31
Stenotrophomonas sp. LM091,29,40,29,23,18,19,26,37
Steroidobacter denitrificans,25,26,37,36,28,20,12,22
Stigmatella aurantiaca,52,63,65,79,36,32,43,56
Streptobacillus moniliformis,5,4,7,9,20,27,33,26
Streptococcus,NA,NA,NA,NA,NA,2,NA,3
Streptococcus agalactiae,24,16,23,23,89,229,294,179
Streptococcus anginosus,172,258,200,307,137,225,204,232
Streptococcus constellatus,17,28,20,47,38,48,75,55
Streptococcus cristatus,19,8,14,15,14,41,28,34
Streptococcus dysgalactiae,17,11,12,11,27,36,36,32
Streptococcus equi,22,15,11,19,24,42,44,39
Streptococcus gallolyticus,67,52,31,50,83,121,132,102
Streptococcus gordonii,38,33,26,24,53,48,67,46
Streptococcus halotolerans,6,7,8,9,11,31,25,18
Streptococcus himalayensis,4,6,5,5,19,25,19,19
Streptococcus infantarius,43,30,39,33,99,175,171,148
Streptococcus iniae,17,7,4,10,25,35,23,17
Streptococcus intermedius,15,11,11,14,22,39,44,41
Streptococcus lutetiensis,16,17,23,16,68,165,143,125
Streptococcus macedonicus,5,5,12,5,12,39,49,36
Streptococcus marmotae,18,19,15,15,27,28,14,29
Streptococcus mitis,29,31,33,31,70,116,151,105
Streptococcus mutans,25,20,19,19,30,36,38,23
Streptococcus oralis,9,4,8,8,19,23,33,31
Streptococcus pantholopis,19,27,25,31,21,21,19,24
Streptococcus parasanguinis,16,19,6,13,435,1101,6114,1568
Streptococcus parauberis,7,6,4,11,26,23,40,15
Streptococcus pasteurianus,34,35,19,31,84,155,124,101
Streptococcus phage 20617,NA,NA,NA,1,1,6,11,7
Streptococcus phage 2972,NA,NA,NA,NA,NA,NA,1,2
Streptococcus phage Alq132,NA,NA,NA,NA,NA,NA,1,NA
Streptococcus phage Cp1,11,8,2,11,14,NA,NA,1
Streptococcus phage DT1,NA,NA,NA,NA,NA,2,NA,2
Streptococcus phage EJ-1,NA,NA,NA,NA,NA,1,NA,NA
Streptococcus phage K13,NA,NA,NA,NA,NA,NA,1,NA
Streptococcus phage O1205,NA,NA,NA,NA,NA,NA,1,NA
Streptococcus phage phiBHN167,NA,NA,NA,NA,NA,NA,NA,1
Streptococcus phage Sfi11,NA,NA,NA,NA,NA,NA,1,NA
Streptococcus phage Sfi19,NA,NA,NA,NA,NA,NA,1,NA
Streptococcus phage Sfi21,NA,NA,NA,NA,NA,NA,1,NA
Streptococcus phage SPQS1,NA,NA,NA,NA,NA,NA,NA,1
Streptococcus phage Str-PAP-1,NA,NA,NA,NA,NA,1,NA,NA
Streptococcus phage YMC-2011,NA,NA,NA,NA,NA,1,NA,NA
Streptococcus pneumoniae,30,25,19,34,55,56,85,72
Streptococcus pseudopneumoniae,12,23,23,25,21,30,33,32
Streptococcus pyogenes,30,21,18,30,86,200,197,146
Streptococcus salivarius,26,28,34,35,1362,3522,6416,5071
Streptococcus sanguinis,14,16,18,21,21,31,30,33
Streptococcus sp. A12,14,14,13,20,18,30,43,32
Streptococcus sp. I-G2,18,5,6,8,12,26,49,30
Streptococcus sp. I-P16,19,6,8,10,12,25,47,27
Streptococcus sp. oral taxon 431,2,5,8,13,11,19,28,19
Streptococcus suis,109,147,110,175,239,500,512,405
Streptococcus thermophilus,34,38,33,38,1045,2699,5114,3847
Streptococcus uberis,2,3,1,6,9,30,30,20
Streptomyces,16,17,16,17,11,9,7,9
Streptomyces noursei,37,38,51,44,21,19,30,25
Streptomyces albus,90,136,156,129,47,70,64,88
Streptomyces ambofaciens,34,45,55,38,18,24,24,42
Streptomyces avermitilis,24,30,34,43,24,15,27,41
Streptomyces bingchenggensis,44,58,58,45,18,20,31,30
Streptantibioticus cattleyicolor,47,64,82,68,20,37,29,32
Streptomyces clavuligerus,21,47,38,30,18,12,21,32
Streptomyces coelicolor,29,40,46,54,20,28,28,32
Streptomyces collinus,49,57,73,43,25,24,33,32
Streptomyces cyaneogriseus,33,55,59,49,19,24,21,35
Streptomyces microflavus,13,31,40,25,8,28,25,17
Streptomyces glaucescens,41,67,61,87,20,27,24,41
Streptomyces globisporus,22,44,51,45,15,29,16,34
Streptomyces griseochromogenes,46,54,48,52,25,26,43,40
Streptomyces griseus,19,26,26,30,13,22,27,28
Streptomyces hygroscopicus,39,63,58,41,32,24,35,34
Streptomyces leeuwenhoekii,25,47,58,54,20,21,23,39
Streptomyces lincolnensis,31,50,50,40,21,22,21,22
Streptomyces lividans,25,37,52,49,24,30,27,36
Streptomyces lydicus,78,102,77,108,47,38,37,67
Streptomyces noursei,28,46,68,61,10,23,29,41
Streptomyces pactum,35,60,65,50,27,31,31,41
Streptomyces parvulus,29,49,44,45,18,16,26,27
Streptomyces phage phiBT1,NA,NA,NA,NA,NA,NA,1,NA
Streptomyces phage SV1,NA,NA,NA,1,NA,NA,NA,NA
Streptomyces phage VWB,NA,2,NA,1,NA,2,NA,1
Streptomyces pratensis,23,31,27,32,25,15,22,26
Streptomyces pristinaespiralis,28,58,72,69,16,25,42,29
Streptomyces puniciscabiei,29,49,47,60,18,27,35,29
Streptomyces reticuli,41,77,62,74,23,23,42,32
Streptomyces rubrolavendulae,25,39,44,34,17,17,23,27
Streptomyces sampsonii,37,61,44,63,21,24,20,48
Streptomyces scabiei,28,32,37,31,22,25,25,35
Streptomyces sp. 4F,45,60,49,57,15,30,33,29
Streptomyces sp. 769,36,65,87,64,16,32,33,40
Streptomyces sp. CCM_MD2014,48,55,64,56,44,33,29,41
Streptomyces sp. CdTB01,39,54,75,56,44,43,32,47
Streptomyces sp. CFMR 7,22,36,38,29,14,15,32,30
Streptomyces sp. CNQ-509,19,31,46,31,19,30,35,28
Streptomyces sp. Mg1,40,64,77,48,25,29,32,37
Streptomyces sp. PAMC 26508,28,27,40,27,23,17,23,39
Streptomyces sp. RTd22,68,70,98,81,47,34,31,54
Streptomyces sp. S10(2016),34,35,45,55,22,24,38,26
Streptomyces sp. SAT1,28,48,50,46,24,21,20,37
Streptomyces sp. SirexAA-E,45,51,46,45,30,21,28,29
Streptomyces venezuelae,20,39,39,35,17,25,22,25
Streptomyces vietnamensis,51,47,50,53,23,27,32,37
Streptomyces violaceusniger,61,92,78,89,64,34,27,38
Streptomyces xiamenensis,24,43,45,33,14,24,26,23
Streptomycetaceae,NA,1,NA,1,1,1,1,2
Streptosporangiales,NA,1,NA,NA,NA,NA,NA,NA
Streptosporangium,NA,1,NA,1,NA,1,NA,2
Streptosporangium roseum,33,58,49,61,21,34,36,39
Stx2 converting phage II,NA,NA,NA,NA,196,563,234,309
Stx2 converting phage vB_EcoP_24B,NA,NA,NA,NA,101,283,96,162
Stx2-converting phage 1717,NA,NA,NA,NA,140,419,197,232
Stx2-converting phage 86,NA,NA,NA,NA,25,70,28,40
Suid alphaherpesvirus 1,NA,NA,NA,NA,NA,1,NA,NA
Sulfolobus acidocaldarius,7,1,NA,3,4,5,4,13
Saccharolobus islandicus,3,6,6,7,7,12,10,10
Sulfolobus islandicus filamentous virus,NA,NA,NA,NA,NA,1,NA,NA
Sulfolobus monocaudavirus SMV3,NA,NA,NA,NA,NA,1,NA,NA
Saccharolobus solfataricus,4,2,2,6,5,9,4,8
Sulfolobus sp. A20,NA,NA,1,1,1,4,5,1
Sulfurisphaera tokodaii,1,NA,4,2,3,4,6,5
Sulfuricella denitrificans,16,22,23,42,15,18,17,27
Sulfuricurvum kujiense,6,9,9,3,7,13,11,13
Sulfurihydrogenibium azorense,7,8,11,8,3,19,8,10
Sulfurihydrogenibium sp. YO3AOP1,16,11,3,7,27,10,10,15
Sulfurimonas autotrophica,4,5,4,4,5,12,12,12
Sulfurimonas denitrificans,15,20,7,14,14,15,7,12
Sulfuritalea,NA,NA,NA,1,NA,NA,NA,1
Sulfuritalea hydrogenivorans,41,42,30,55,24,29,26,31
Sulfurospirillum barnesii,3,2,7,5,6,17,9,11
Sulfurospirillum cavolei,7,6,7,14,10,14,8,10
Sulfurospirillum deleyianum,1,4,2,3,3,11,10,7
Sulfurospirillum halorespirans,9,6,7,10,14,14,10,9
Sulfurospirillum multivorans,28,19,8,15,34,14,12,9
Sulfurospirillum sp. UCH001,15,6,7,8,16,13,19,12
Sulfurovum lithotrophicum,31,24,16,26,33,20,10,19
Sulfurovum sp. NBC37-1,25,14,9,16,33,25,17,13
Swine enteric coronavirus,2,NA,NA,NA,NA,NA,NA,NA
Swinepox virus,NA,NA,NA,NA,NA,NA,1,NA
Symbiobacterium,NA,NA,NA,1,NA,NA,NA,1
Symbiobacterium thermophilum,81,111,102,118,34,45,41,77
Synechococcaceae,NA,NA,NA,NA,NA,NA,NA,1
Synechococcus,1,2,NA,1,NA,NA,NA,2
Synechococcus elongatus,12,13,13,19,18,5,16,16
Synechococcus phage ACG-2014b,NA,NA,NA,NA,NA,2,1,NA
Synechococcus phage ACG-2014f,NA,2,3,2,NA,NA,1,1
Synechococcus phage ACG-2014g,NA,NA,NA,NA,NA,NA,NA,1
Synechococcus phage ACG-2014h,NA,NA,NA,NA,NA,NA,1,NA
Synechococcus phage ACG-2014i,NA,1,NA,NA,NA,NA,NA,NA
Synechococcus phage ACG-2014j,NA,2,1,NA,1,1,1,1
Synechococcus phage P60,NA,NA,NA,NA,NA,1,NA,NA
Synechococcus phage S-CAM8,NA,NA,NA,NA,NA,1,NA,NA
Synechococcus phage S-CBP3,NA,NA,NA,NA,NA,1,NA,NA
Synechococcus phage S-CRM01,4,4,1,1,6,1,1,1
Synechococcus phage S-PM2,NA,NA,NA,NA,NA,1,1,NA
Synechococcus phage S-RIM8,NA,NA,NA,NA,NA,1,NA,NA
Synechococcus phage S-RIP2,NA,NA,NA,NA,NA,1,NA,NA
Synechococcus phage S-RSM4,NA,NA,NA,NA,NA,1,NA,NA
Synechococcus phage S-SM2,NA,NA,NA,NA,1,1,1,NA
Synechococcus phage S-SSM4,NA,NA,NA,NA,1,2,NA,NA
Synechococcus phage S-SSM7,NA,NA,NA,1,NA,NA,NA,NA
Synechococcus phage Syn19,NA,NA,NA,NA,NA,1,NA,NA
Synechococcus sp. CC9311,1,2,5,8,5,NA,5,10
Synechococcus sp. CC9605,14,10,13,22,12,8,6,8
Synechococcus sp. CC9902,41,19,6,12,39,4,3,11
Synechococcus sp. JA-2-3B'a(2-13),40,42,38,48,24,17,16,32
Synechococcus sp. JA-3-3Ab,52,41,39,49,38,23,19,39
Synechococcus sp. KORDI-100,6,8,4,5,11,6,6,9
Synechococcus sp. KORDI-49,23,20,17,15,18,19,13,15
Synechococcus sp. KORDI-52,13,18,17,25,15,10,8,11
Synechococcus sp. PCC 6312,2,10,10,12,8,6,11,5
Synechococcus sp. PCC 7002,6,NA,10,5,3,14,10,6
Synechococcus sp. PCC 7003,6,6,3,3,5,2,6,7
Synechococcus sp. PCC 7117,5,1,3,4,3,10,7,6
Synechococcus sp. PCC 73109,3,NA,4,2,3,8,10,5
Synechococcus sp. PCC 7502,1,1,8,4,3,10,9,3
Synechococcus sp. PCC 8807,5,1,5,3,3,9,9,6
Synechococcus sp. RCC307,22,25,27,29,13,14,8,15
Synechococcus sp. UTEX 2973,16,17,19,23,19,7,12,17
Synechococcus sp. WH 7803,24,19,16,19,16,14,8,20
Synechococcus sp. WH 8102,18,31,18,16,18,9,9,17
Synechococcus sp. WH 8103,13,24,17,12,6,7,10,15
Synechococcus sp. WH 8109,15,17,19,14,7,5,8,11
Synechocystis,NA,NA,NA,NA,NA,NA,NA,1
Synechocystis sp. PCC 6714,NA,1,3,4,2,7,15,6
Synechocystis sp. PCC 6803,19,24,15,11,10,7,13,7
synthetic construct,7,14,29,24,283,607,445,458
Syntrophobacter fumaroxidans,18,25,19,23,13,14,20,21
Syntrophobotulus glycolicus,24,42,33,52,30,41,40,49
Syntrophomonas wolfei,9,6,7,15,13,23,23,17
Syntrophothermus lipocalidus,19,22,27,24,16,7,16,12
Syntrophus
 
 <bacteria>
 
,NA,NA,NA,NA,NA,NA,1,NA
Syntrophus aciditrophicus,14,13,14,11,21,26,20,21
Tai Forest ebolavirus,NA,NA,NA,NA,NA,NA,1,NA
Tannerella,NA,1,NA,NA,NA,NA,NA,NA
Tannerella forsythia,506,560,509,632,457,561,742,619
Tannerella serpentiformis,461,364,338,385,388,233,218,290
Tatlockia micdadei,4,4,5,2,7,7,9,9
Taylorella asinigenitalis,5,3,3,5,4,7,11,7
Taylorella equigenitalis,NA,NA,NA,2,6,8,10,4
Temperate phage phiNIH1.1,NA,NA,NA,NA,NA,NA,2,1
Tenacibaculum dicentrarchi,40,27,21,22,41,21,27,23
Tepidanaerobacter acetatoxydans,9,8,1,7,15,34,32,25
Teredinibacter,1,NA,NA,NA,NA,NA,NA,NA
Teredinibacter turnerae,15,22,15,26,17,16,18,15
Terribacillus,NA,1,NA,NA,NA,NA,NA,NA
Terribacillus aidingensis,11,15,13,18,15,34,35,39
Terriglobus,NA,NA,NA,NA,NA,1,NA,NA
Terriglobus roseus,161,89,57,94,127,43,24,48
Terriglobus saanensis,25,30,32,36,21,18,10,22
Tetragenococcus halophilus,15,14,8,18,24,28,36,22
Thalassolituus oleivorans,13,10,7,15,16,18,17,14
Thalassospira,NA,NA,NA,NA,NA,1,NA,NA
Thalassospira xiamenensis,19,19,18,22,26,23,16,16
Thalassotalea sp. LPB0090,6,8,9,9,11,22,16,14
Thauera,3,3,NA,1,2,1,3,4
Thauera humireducens,42,39,58,52,32,31,41,55
Thauera aminoaromatica,49,63,66,73,32,21,49,42
Thermaceae,NA,NA,NA,NA,NA,NA,1,1
Thermacetogenium phaeum,8,16,14,12,8,23,9,18
Thermaerobacter marianensis,48,74,51,84,31,27,34,34
Thermales,NA,1,NA,NA,NA,NA,NA,NA
Thermanaerovibrio acidaminovorans,15,16,16,12,14,4,8,17
Thermincola potens,18,32,32,25,26,46,49,31
Thermoanaerobacter,NA,NA,1,NA,NA,NA,NA,1
Thermoanaerobacter brockii,37,17,2,20,34,34,25,28
Thermoanaerobacter italicus,27,16,10,22,35,27,33,25
Thermoanaerobacter kivui,38,26,12,28,65,33,29,33
Thermoanaerobacter mathranii,14,12,10,18,11,26,23,20
Thermoanaerobacter pseudethanolicus,37,17,2,20,34,34,25,28
Thermoanaerobacter sp. X513,27,15,2,10,29,33,31,23
Thermoanaerobacter sp. X514,34,18,4,24,42,32,29,30
Thermoanaerobacter wiegelii,21,13,3,9,41,33,37,34
Thermoanaerobacterium,NA,NA,NA,NA,NA,NA,NA,1
Thermoanaerobacterium thermosaccharolyticum,13,23,26,36,34,59,63,52
Thermoanaerobacterium xylanolyticum,3,13,6,11,12,52,38,28
Thermobacillus,NA,NA,1,NA,NA,NA,NA,NA
Thermobacillus composti,59,56,51,54,50,48,43,59
Thermobaculum terrenum,6,8,12,3,13,9,10,12
Thermobifida fusca,21,28,35,39,17,11,12,16
Thermobispora,NA,NA,NA,NA,NA,1,NA,NA
Thermobispora bispora,17,28,41,31,11,11,23,24
Thermococcus barophilus,7,4,13,10,3,3,7,13
Thermococcus chitonophagus,NA,NA,NA,NA,1,1,3,5
Thermococcus cleftensis,2,8,5,4,7,3,5,5
Thermococcus eurythermalis,1,1,NA,NA,1,5,10,1
Thermococcus gammatolerans,1,7,4,4,5,4,2,1
Thermococcus guaymasensis,NA,1,NA,2,2,3,NA,2
Thermococcus kodakarensis,8,7,7,8,7,2,3,4
Thermococcus litoralis,4,NA,2,2,9,5,9,4
Thermococcus nautili,10,7,13,5,3,5,6,NA
Thermococcus onnurineus,6,6,5,4,8,9,1,7
Thermococcus paralvinellae,3,1,3,1,5,2,6,3
Thermococcus peptonophilus,2,NA,1,1,1,2,3,3
Thermococcus piezophilus,12,5,8,14,13,4,3,5
Thermococcus prieurii virus 1,1,NA,1,NA,NA,NA,NA,NA
Thermococcus sibiricus,17,5,7,13,12,5,5,8
Thermococcus sp. 2319x1,NA,NA,NA,NA,2,7,5,5
Thermococcus sp. 4557,NA,2,1,1,5,3,2,4
Thermococcus sp. AM4,10,6,2,6,14,5,2,3
Thermocrinis albus,11,6,3,6,12,5,3,5
Thermocrinis ruber,5,7,10,3,8,10,2,4
Thermodesulfatator indicus,2,4,8,1,2,7,13,5
Thermodesulfobacterium commune,9,2,10,9,7,7,9,9
Thermodesulfobacterium geofontis,9,8,6,12,8,15,10,9
Thermodesulfobium narugense,3,2,4,5,6,8,12,9
Thermodesulfovibrio yellowstonii,16,10,9,8,13,23,18,17
Thermofilum carboxyditrophus,5,2,9,10,2,2,2,5
Thermofilum pendens,2,1,3,7,3,1,NA,NA
Thermofilum sp. 1807-2,2,NA,NA,NA,2,NA,3,NA
Thermofilum adornatum,5,2,9,10,2,3,1,5
Thermogladius calderae,1,3,4,1,1,NA,NA,4
Thermomicrobium roseum,13,11,13,10,7,6,10,9
Thermomonospora,NA,NA,NA,NA,NA,NA,NA,1
Thermomonospora curvata,53,79,74,84,25,40,30,47
Thermomonosporaceae,NA,NA,NA,NA,NA,NA,NA,1
Thermoplasma acidophilum,1,2,2,1,1,2,2,NA
Thermoplasma volcanium,NA,NA,NA,NA,NA,2,3,2
Thermoplasmatales archaeon BRNA1,8,17,14,12,13,8,6,10
Thermoproteus tenax,NA,NA,4,2,1,2,2,2
Thermoproteus uzoniensis,1,2,3,6,2,2,2,2
Thermosediminibacter oceani,4,10,9,11,12,12,17,20
Thermosipho africanus,16,14,6,6,15,14,26,17
Thermosipho melanesiensis,1,1,1,1,7,14,13,15
Thermosphaera aggregans,NA,NA,1,2,1,2,1,2
Thermosulfidibacter takaii,NA,3,4,6,4,7,10,4
Thermosynechococcus vestitus,6,7,11,9,7,12,6,7
Thermotoga caldifontis,11,13,8,9,11,7,10,8
Thermotoga maritima,2,3,3,1,5,10,7,12
Thermotoga petrophila,10,6,11,11,11,13,4,12
Thermotoga neapolitana,11,15,9,11,15,11,10,12
Thermotoga petrophila,14,11,8,8,12,17,6,19
Thermotoga profunda,1,2,3,2,1,6,11,9
Thermotoga sp. 2812B,6,4,6,3,5,10,8,10
Thermotoga sp. Cell2,4,6,9,7,8,15,5,13
Thermotoga sp. RQ2,1,1,7,1,8,12,7,7
Thermotoga sp. RQ7,11,14,9,11,15,12,11,11
Thermovibrio ammonificans,4,14,13,17,10,9,8,13
Thermovirga,NA,NA,NA,NA,NA,NA,NA,2
Thermovirga lienii,6,12,12,8,8,22,18,12
Thermus aquaticus,22,33,27,34,10,16,14,12
Thermus oshimai,29,25,17,36,17,11,11,18
Thermus parvatiensis,20,17,20,15,4,5,7,6
Thermus phage phi OH2,NA,NA,NA,NA,NA,1,NA,NA
Thermus phage phiYS40,NA,NA,NA,NA,NA,NA,3,1
Thermus phage TMA,NA,NA,NA,NA,NA,NA,2,NA
Thermus scotoductus,29,37,24,46,17,12,8,25
Thermus sp. CCB_US3_UF1,26,28,24,32,5,4,8,21
Thermus thermophilus,31,37,32,45,9,14,20,13
Thiomicrospira aerophila,9,3,1,2,6,7,5,5
Thiomicrospira cyclica,2,2,4,6,3,6,6,4
Thioalkalivibrio,2,1,1,2,1,NA,1,1
Thioalkalivibrio nitratireducens,18,29,32,18,14,17,14,19
Thioalkalivibrio paradoxus,23,32,32,19,15,10,15,13
Thioalkalivibrio sp. K90mix,13,24,39,22,13,18,16,24
Thioalkalivibrio sulfidiphilus,59,62,50,63,41,28,26,32
Thioalkalivibrio versutus,36,42,34,45,29,22,11,23
Thiobacillus,1,1,NA,NA,1,NA,NA,NA
Thiobacillus denitrificans,9,18,12,14,3,10,16,17
Thiocystis violascens,44,46,37,57,28,26,23,24
Thioflavicoccus mobilis,19,27,53,38,23,15,18,21
Thiolapillus brandeum,7,14,11,16,13,12,11,14
Hydrogenovibrio crunogenus,9,10,6,11,5,8,10,12
Thiomonas,NA,NA,NA,NA,NA,NA,1,NA
Thiomonas intermedia,20,27,36,36,15,19,27,37
Thioploca ingrica,3,1,4,3,4,14,17,11
Tipula oleracea nudivirus,NA,NA,NA,NA,NA,NA,1,NA
Tistrella mobilis,33,41,58,28,37,22,34,32
Tokyovirus A1,6,5,2,4,4,NA,NA,2
Tolumonas auensis,29,19,12,27,29,28,30,36
Leadbettera azotonutricia,12,27,22,28,13,20,15,15
Treponema brennaborense,27,28,45,30,25,44,25,35
Gracilinema caldarium,27,19,26,35,24,21,18,23
Treponema denticola,10,19,22,14,20,29,26,27
Treponema pallidum,NA,1,3,1,3,5,4,4
Treponema paraluiscuniculi,NA,1,3,1,2,5,4,4
Treponema pedis,12,8,7,8,18,16,23,17
Treponema primitia,33,30,27,39,12,19,25,30
Treponema putidum,44,53,43,51,42,47,41,36
Treponema sp. OMZ 838,28,58,45,51,31,46,34,41
Treponema succinifaciens,163,208,203,249,157,259,262,221
Trichodesmium erythraeum,12,9,15,16,18,23,21,17
Trichoplusia ni ascovirus 2c,NA,NA,NA,NA,NA,1,3,NA
Trichormus azollae,13,13,6,11,20,12,19,17
Tropheryma whipplei,4,NA,3,4,3,2,1,1
Truepera,NA,2,NA,1,NA,NA,NA,NA
Truepera radiovictrix,32,36,36,41,27,7,22,22
Trueperella,1,1,1,1,NA,NA,NA,NA
Trueperella pyogenes,63,70,76,84,23,30,28,46
Tsukamurella,NA,NA,NA,NA,1,NA,NA,NA
Tsukamurella paurometabola,34,33,37,22,15,14,22,23
Turicibacter sp. H121,29,37,43,50,67,135,102,104
Turkey adenovirus 1,NA,NA,NA,NA,NA,NA,1,NA
Turkeypox virus,NA,2,NA,NA,NA,NA,NA,NA
Turneriella parva,6,11,17,11,4,7,10,6
uncultured Termite group 1 bacterium,3,10,8,6,4,5,13,10
unidentified adenovirus,NA,NA,NA,NA,NA,1,NA,NA
Urbanus proteus nucleopolyhedrovirus,NA,NA,3,2,NA,NA,NA,1
Ureaplasma parvum,1,2,3,4,3,6,5,5
Ureaplasma urealyticum,1,2,5,3,2,12,4,3
Variovorax,NA,NA,NA,NA,NA,NA,1,NA
Variovorax paradoxus,101,147,148,138,72,80,107,125
Variovorax sp. PAMC 28711,24,30,36,32,11,16,31,24
Veillonella parvula,17,13,15,26,326,811,6087,1163
Verminephrobacter eiseniae,22,33,34,35,17,23,36,32
Verrucomicrobia bacterium IMCC26134,35,47,42,36,37,22,18,32
Verrucomicrobia bacterium L21-Fru-AB,9,19,17,16,8,11,21,10
Micromonospora,NA,1,NA,1,1,NA,NA,NA
Micromonospora maris,28,38,37,31,10,21,18,19
Vibrio,NA,2,3,4,NA,4,13,2
Vibrio alginolyticus,17,16,12,15,28,33,32,24
Vibrio anguillarum,12,11,17,8,11,13,17,15
Vibrio antiquarius,18,14,12,19,23,15,17,11
Vibrio breoganii,31,20,16,23,33,15,19,17
Vibrio campbellii,34,28,13,27,42,29,12,17
Vibrio cholerae,67,45,32,51,88,107,221,148
Vibrio coralliilyticus,24,18,16,17,20,42,22,35
Vibrio fluvialis,31,25,12,17,37,23,17,19
Vibrio furnissii,32,22,19,22,33,14,14,19
Vibrio harveyi,11,14,7,9,17,16,15,12
Vibrio mimicus,52,43,23,46,56,45,38,34
Vibrio natriegens,40,25,15,32,35,31,44,26
Vibrio nigripulchritudo,20,23,12,8,24,19,14,13
Vibrio parahaemolyticus,48,33,19,42,53,48,42,34
Vibrio phage CHOED,NA,NA,NA,NA,NA,1,NA,NA
Vibrio phage ICP1,NA,NA,NA,NA,NA,1,NA,NA
Vibrio phage nt-1,NA,NA,NA,NA,2,2,4,1
Vibrio phage pVp-1,NA,NA,NA,NA,NA,NA,1,NA
Vibrio phage ValKK3,2,1,NA,3,NA,1,1,2
Vibrio phage vB_VpaS_MAR10,NA,NA,NA,NA,NA,NA,1,NA
Vibrio phage VH7D,NA,NA,NA,NA,NA,NA,1,NA
Vibrio scophthalmi,12,12,15,16,6,18,14,12
Vibrio sp. EJY3,15,12,8,16,16,15,26,14
Vibrio tasmaniensis,9,6,3,11,10,11,15,10
Vibrio tritonius,21,15,10,8,25,20,22,16
Vibrio tubiashii,15,19,23,18,17,14,12,12
Vibrio vulnificus,44,50,30,44,54,36,29,45
Virgibacillus,NA,1,NA,NA,NA,NA,NA,NA
Virgibacillus sp. SK37,10,6,7,7,8,25,24,16
Vulcanisaeta distributa,2,NA,1,NA,4,2,1,3
Vulcanisaeta moutnovskia,10,10,4,10,16,6,4,3
Vulgatibacter incomptus,31,39,44,40,21,17,16,25
Vulgatibacteraceae,1,NA,1,NA,NA,NA,1,NA
Waddlia chondrophila,10,7,5,5,3,6,9,9
Weeksella virosa,50,21,22,28,55,24,21,29
Weissella,3,6,NA,1,NA,NA,NA,1
Weissella ceti,21,15,15,19,18,28,18,15
Weissella cibaria,13,22,11,23,13,10,13,17
Weissella koreensis,12,24,22,26,10,18,20,16
Weissella phage WCP30,NA,NA,NA,NA,NA,1,1,NA
Wenyingzhuangia,NA,NA,NA,NA,NA,1,NA,NA
Wenyingzhuangia fucanilytica,53,14,14,37,57,24,32,34
Wenzhouxiangella marina,19,24,27,20,22,8,12,9
Wenzhouxiangellaceae,1,NA,1,1,1,NA,NA,NA
White spot syndrome virus,NA,2,2,5,NA,NA,NA,NA
Wigglesworthia glossinidia,3,4,4,1,6,6,12,5
Winogradskyella sp. PG-2,34,21,11,19,36,27,32,20
Woeseia oceani,5,8,5,12,10,11,11,7
Wolbachia,NA,1,NA,NA,NA,NA,NA,NA
Wolbachia endosymbiont of Brugia malayi,2,3,2,3,2,9,2,1
Wolbachia endosymbiont of Cimex lectularius,6,2,1,10,9,4,3,2
Wolbachia endosymbiont of Drosophila melanogaster,1,1,NA,4,1,5,2,1
Wolbachia endosymbiont of Drosophila simulans,5,3,2,2,4,10,7,6
Wolbachia endosymbiont of Onchocerca ochengi,1,1,NA,NA,1,1,2,2
Wolbachia endosymbiont of Onchocerca volvulus,1,1,NA,NA,1,1,1,1
Wolbachia sp. wRi,1,1,NA,1,2,2,1,1
Wolinella succinogenes,15,18,10,15,17,6,13,7
Wuhan Mosquito Virus 2,NA,NA,NA,NA,NA,NA,1,NA
Xanthobacter,NA,NA,NA,1,NA,NA,NA,2
Xanthobacter autotrophicus,28,47,47,62,21,16,30,28
Lysobacteraceae,2,1,2,4,3,NA,NA,1
Lysobacterales,NA,1,NA,NA,NA,NA,NA,NA
Xanthomonas,3,1,2,1,1,1,6,3
Xanthomonas albilineans,17,13,14,17,9,14,16,14
Xanthomonas alfalfae,42,60,52,56,27,31,21,31
Xanthomonas axonopodis,33,43,40,47,40,37,30,28
Xanthomonas campestris,136,123,82,131,102,73,69,67
Xanthomonas citri,47,53,58,63,50,37,26,38
Xanthomonas euvesicatoria,40,44,51,47,27,35,24,30
Xanthomonas fragariae,17,24,23,17,14,18,18,14
Xanthomonas citri pv. fuscans,30,37,33,51,32,22,26,25
Xanthomonas oryzae,68,69,70,65,60,47,35,47
Xanthomonas sacchari,42,52,47,52,28,26,33,40
Xanthomonas translucens,64,54,55,60,48,36,32,40
Xenorhabdus bovienii,22,25,17,28,34,25,32,26
Xenorhabdus doucetiae,14,12,13,25,13,13,17,15
Xenorhabdus hominickii,23,13,12,21,22,16,19,14
Xenorhabdus nematophila,8,10,10,13,14,18,18,23
Xenorhabdus poinarii,10,12,16,29,12,18,13,14
Xylanimonas,1,1,1,1,NA,NA,NA,NA
Xylanimonas cellulosilytica,37,39,58,41,16,14,34,30
Xylella fastidiosa,5,8,9,9,7,12,19,11
Yaba monkey tumor virus,NA,NA,NA,NA,NA,NA,NA,1
Yaba-like disease virus,NA,NA,NA,NA,1,NA,1,1
Yangia sp. CCB-MM3,76,57,67,60,40,32,29,36
Yellowstone lake mimivirus,5,6,3,3,12,1,NA,NA
Yellowstone lake phycodnavirus 1,NA,1,2,NA,NA,NA,1,NA
Yellowstone lake phycodnavirus 2,NA,NA,NA,NA,NA,1,1,NA
Yellowstone lake phycodnavirus 3,5,3,1,2,4,NA,2,1
Yersinia
 
 <enterobacteria>
 
,NA,1,NA,1,1,NA,NA,NA
Yersinia aldovae,17,20,12,12,14,10,13,20
Yersinia aleksiciae,32,17,18,25,39,15,20,9
Yersinia enterocolitica,63,54,49,44,78,51,43,40
Yersinia frederiksenii,36,22,15,29,26,22,18,19
Yersinia intermedia,27,24,18,31,29,15,25,13
Yersinia kristensenii,43,24,16,30,26,19,13,27
Yersinia pestis,17,10,9,10,20,47,83,57
Yersinia phage phiR1-37,2,6,3,2,1,1,NA,4
Yersinia phage phiR1-RT,NA,NA,NA,NA,1,2,NA,NA
Yersinia phage PST,NA,NA,NA,NA,NA,1,1,NA
Yersinia phage vB_YenM_TG1,NA,NA,NA,NA,1,2,NA,NA
Yersinia phage vB_YenP_ISAO8,NA,2,2,2,NA,NA,NA,NA
Yersinia pseudotuberculosis,20,13,20,19,21,56,85,60
Yersinia rohdei,22,13,9,18,15,17,17,15
Yersinia ruckeri,4,13,10,20,11,11,8,12
Yersinia similis,21,15,14,21,23,12,11,22
Yersiniaceae,2,NA,1,NA,NA,NA,NA,NA
Yoka poxvirus,NA,NA,NA,NA,NA,NA,1,NA
Zhongshania aliphaticivorans,15,10,9,13,8,5,9,17
Zobellia galactanivorans,64,42,29,48,55,38,45,45
Zunongwangia profunda,82,52,27,50,65,41,43,39
Zymomonas mobilis,10,14,14,17,21,25,35,30
