species,abundance_cols.Healthy_stool_10_1_noerr,abundance_cols.Healthy_stool_10_10_noerr,abundance_cols.Healthy_stool_10_100_noerr,abundance_cols.Healthy_stool_10_50_noerr,abundance_cols.Healthy_stool_100_1_noerr,abundance_cols.Healthy_stool_100_10_noerr,abundance_cols.Healthy_stool_100_100_noerr,abundance_cols.Healthy_stool_100_50_noerr
'Deinococcus soli' Cha et al. 2014,NA,5,2,5,5,2,4,2
Salisediminibacterium selenitireducens,7,5,5,4,5,5,4,7
[Brevibacterium] flavum,7,5,2,4,5,NA,1,3
Ruminiclostridium cellulolyticum,6,4,13,7,11,15,9,11
[Clostridium] cellulosi,21,25,28,23,7,11,6,11
Acetivibrio clariflavus,6,4,3,7,7,10,12,16
Anaerotignum propionicum,7,8,11,13,6,10,12,11
Lacrimispora saccharolytica,13,15,7,15,43,117,78,77
Thermoclostridium stercorarium,3,7,2,7,8,5,6,13
Klebsiella aerogenes,3,5,3,6,7,11,34,17
Lachnospira eligens,35,39,41,41,670,1705,965,1082
Agathobacter rectalis,5091,7642,10132,4696,2394,2534,1308,3862
[Eubacterium] sulci,1,2,4,4,7,6,6,6
[Haemophilus] ducreyi,2,NA,1,2,2,1,NA,1
Glaesserella parasuis,3,1,2,3,5,7,3,7
[Mannheimia] succiniciproducens,3,2,1,2,1,1,3,1
[Polyangium] brachysporum,1,6,1,1,NA,NA,3,1
Acanthamoeba polyphaga moumouvirus,NA,1,NA,NA,2,2,NA,1
Acaryochloris marina,5,2,2,3,1,1,1,1
Acetoanaerobium sticklandii,1,1,NA,NA,7,7,8,3
Acetobacter pasteurianus,8,6,5,4,12,3,3,2
Acetobacter senegalensis,1,4,NA,1,1,1,NA,2
Acetobacter sp. SLV-7,2,2,NA,1,2,NA,1,1
Acetobacterium woodii,4,NA,1,1,7,8,5,6
Acetohalobium arabaticum,NA,NA,1,2,2,5,5,3
Acholeplasma brassicae,1,NA,NA,1,2,2,2,2
Acholeplasma laidlawii,NA,NA,NA,NA,NA,1,4,1
Acholeplasma oculi,NA,NA,NA,NA,1,3,1,NA
Acholeplasma palmae,1,2,1,3,1,3,4,NA
Achromobacter,NA,1,NA,NA,NA,1,NA,NA
Achromobacter denitrificans,3,5,8,6,1,2,2,7
Achromobacter xylosoxidans,14,15,20,21,7,12,15,9
Acidaminococcus fermentans,14,10,9,15,9,12,16,13
Acidaminococcus intestini,4,2,6,1,52,130,646,186
Acidianus hospitalis,NA,1,1,NA,NA,NA,NA,NA
Acidianus spindle-shaped virus 1,NA,NA,NA,NA,NA,1,NA,NA
Acidihalobacter prosperus,3,2,3,1,2,3,1,1
Acidilobus saccharovorans,1,1,NA,1,NA,NA,NA,NA
Acidimicrobium ferrooxidans,NA,2,2,NA,NA,NA,NA,1
Acidiphilium cryptum,1,5,2,1,1,1,3,1
Acidiphilium multivorum,1,7,2,1,2,1,3,NA
Acidipropionibacterium acidipropionici,4,3,4,7,3,1,3,2
Acidithiobacillus caldus,1,NA,2,1,2,1,NA,1
Acidithiobacillus ferrivorans,2,1,3,2,2,2,1,2
Acidithiobacillus ferrooxidans,3,3,4,4,1,NA,NA,1
Acidobacterium capsulatum,4,6,2,4,1,2,5,NA
Acidothermus,NA,NA,1,NA,NA,NA,NA,NA
Acidothermus cellulolyticus,1,3,1,2,NA,NA,1,2
Paracidovorax avenae,5,6,8,3,6,3,2,3
Paracidovorax citrulli,6,4,8,5,2,2,4,3
[Acidovorax] ebreus,2,7,11,1,5,5,6,5
Acidovorax sp. JS42,4,5,12,3,7,3,9,7
Acidovorax sp. KKS102,9,6,6,10,2,4,6,3
Acidovorax sp. RAC01,6,5,4,4,1,2,6,4
Candidatus Aciduliprofundum boonei,NA,NA,NA,NA,NA,NA,NA,1
Acinetobacter,NA,NA,NA,NA,NA,1,1,NA
Acinetobacter baumannii,9,4,2,4,5,8,13,11
Acinetobacter equi,2,NA,2,1,1,4,NA,1
Acinetobacter johnsonii,1,1,NA,3,4,2,4,3
Acinetobacter nosocomialis,NA,NA,NA,NA,1,3,2,1
Acinetobacter oleivorans,NA,NA,NA,NA,NA,3,1,2
Acinetobacter phage Acj61,1,NA,NA,NA,NA,NA,NA,NA
Acinetobacter pittii,2,1,NA,1,4,3,5,3
Acinetobacter sp. ADP1,1,1,NA,1,1,NA,NA,2
Acinetobacter sp. BRTC-1,2,NA,NA,NA,2,1,NA,1
Acinetobacter sp. NCu2D-2,1,NA,NA,NA,2,1,3,NA
Acinetobacter sp. TGL-Y2,1,2,1,5,1,4,1,2
Acinetobacter sp. TTH0-4,2,NA,2,1,2,3,1,1
Actinoalloteichus hymeniacidonis,1,2,3,3,1,3,3,3
Actinobacillus,NA,NA,NA,NA,NA,NA,1,NA
Actinobacillus equuli,5,1,1,NA,2,1,1,5
Actinobacillus pleuropneumoniae,5,4,5,1,5,1,NA,4
Actinobacillus succinogenes,NA,4,2,3,1,3,1,1
Actinobacillus suis,2,2,1,3,1,1,1,2
Actinobacteria bacterium IMCC26256,4,NA,NA,3,3,1,NA,NA
Actinomyces,NA,NA,2,NA,NA,NA,NA,NA
Actinomyces meyeri,5,3,2,4,3,1,1,3
Actinomyces oris,4,5,2,5,1,3,4,1
Actinomyces radicidentis,3,9,3,2,2,2,1,4
Actinomyces sp. oral taxon 414,7,7,4,8,NA,NA,2,2
Actinomyces sp. VUL4_3,1,2,3,1,1,NA,2,3
Actinoplanes,NA,1,NA,1,NA,NA,NA,1
Actinoplanes friuliensis,7,8,3,4,7,4,7,7
Actinoplanes missouriensis,6,6,13,6,2,3,3,4
Actinoplanes sp. N902-109,6,6,7,6,5,NA,6,5
Actinoplanes sp. SE50/110,5,6,7,10,6,1,9,2
Actinosynnema mirum,3,4,14,9,6,6,3,10
Actinotignum schaalii,1,2,5,4,4,2,NA,1
Adlercreutzia equolifaciens,32,47,53,40,100,267,858,378
Adoxophyes honmai entomopoxvirus 'L',1,2,1,NA,1,NA,NA,NA
Advenella kashmirensis,2,2,5,3,4,NA,2,3
Advenella mimigardefordensis,2,1,5,2,NA,2,1,2
Aequorivita sublithincola,1,1,1,4,2,1,2,3
Aerococcus christensenii,3,3,4,NA,3,2,2,1
Aerococcus sanguinicola,NA,2,NA,3,NA,NA,2,4
Aerococcus urinae,3,NA,NA,NA,NA,2,3,1
Aerococcus urinaeequi,2,4,NA,2,5,3,NA,1
Aerococcus urinaehominis,2,NA,NA,NA,2,4,4,1
Aerococcus viridans,NA,NA,1,NA,2,1,4,3
Aeromicrobium,1,NA,NA,NA,1,NA,NA,NA
Aeromicrobium erythreum,4,3,9,1,3,NA,2,2
Aeromonas,NA,NA,NA,NA,NA,1,NA,1
Aeromonas hydrophila,26,20,21,36,10,15,31,24
Aeromonas media,4,6,1,8,3,2,7,2
Aeromonas phage phiAS5,NA,NA,NA,NA,NA,NA,NA,1
Aeromonas phage PX29,1,NA,NA,NA,NA,NA,NA,NA
Aeromonas salmonicida,8,8,5,4,1,2,3,5
Aeromonas schubertii,4,9,9,5,5,3,3,4
Aeromonas veronii,11,8,13,21,14,12,24,25
Aeromonas virus 31,NA,NA,NA,NA,NA,NA,1,NA
Biquartavirus 44RR2,NA,NA,NA,NA,NA,NA,1,NA
Agarivorans gilvus,4,NA,2,1,1,NA,NA,NA
Aggregatibacter actinomycetemcomitans,NA,NA,NA,2,NA,3,3,2
Aggregatibacter aphrophilus,2,NA,2,4,NA,4,1,3
Agrobacterium,1,NA,NA,NA,NA,NA,NA,NA
Agrobacterium fabrum,3,4,9,4,4,2,5,4
Agrobacterium tumefaciens,5,6,NA,8,1,NA,4,3
Agrobacterium sp. RAC06,5,7,5,8,3,2,5,2
Agrobacterium tumefaciens,18,17,7,18,13,3,7,12
Agrobacterium vitis,1,2,NA,4,1,3,6,3
Agromyces,NA,NA,1,NA,NA,NA,NA,NA
Agromyces sp. AR33,2,5,6,4,1,1,2,2
Akkermansia glycaniphila,4,6,4,2,3,3,4,2
Akkermansia muciniphila,11,3,13,6,741,1954,735,1178
Akkermansiaceae,NA,NA,NA,1,NA,NA,NA,NA
Alcaligenaceae,NA,NA,NA,1,NA,NA,NA,NA
Alcaligenes faecalis,3,2,NA,6,2,NA,3,3
Alcanivorax,NA,NA,1,NA,NA,1,1,NA
Alcanivorax borkumensis,1,NA,NA,1,NA,1,1,NA
Alloalcanivorax dieselolei,7,4,8,3,4,1,3,3
Isoalcanivorax pacificus,2,2,3,3,2,2,5,5
Alcanivorax sp. NBRC 101098,1,NA,NA,1,NA,1,1,NA
Algibacter alginolytica,3,4,2,3,5,5,3,1
Algoriphagus sp. M8-2,6,2,3,4,6,1,3,2
Alicycliphilus,NA,2,NA,NA,NA,NA,NA,NA
Alicycliphilus denitrificans,10,11,14,9,13,7,9,8
Alicyclobacillus acidocaldarius,1,4,8,9,1,9,4,1
Aliivibrio fischeri,2,2,NA,1,1,3,3,3
Aliivibrio salmonicida,2,NA,NA,NA,3,NA,1,2
Aliivibrio wodanis,NA,1,1,2,2,NA,1,5
Alistipes finegoldii,369,514,770,350,593,1257,1262,966
Alkalilimnicola ehrlichii,2,1,7,7,3,NA,1,4
Alkaliphilus metalliredigens,NA,NA,3,2,NA,4,6,10
Alkaliphilus oremlandii,1,3,1,5,2,7,3,6
Allochromatium vinosum,2,2,3,7,3,5,2,4
Allofrancisella guangzhouensis,1,1,1,NA,1,1,1,NA
alpha proteobacterium HIMB5,NA,NA,NA,1,NA,NA,NA,1
alpha proteobacterium HIMB59,NA,NA,NA,NA,NA,1,NA,NA
Altererythrobacter,NA,4,NA,NA,NA,NA,NA,NA
Altererythrobacter atlanticus,NA,2,6,1,4,5,1,5
Altererythrobacter dongtanensis,5,1,3,2,3,1,1,2
Altererythrobacter epoxidivorans,1,1,3,1,1,1,1,NA
Altererythrobacter ishigakiensis,1,1,1,NA,3,1,NA,NA
Altererythrobacter marensis,2,2,3,1,NA,2,NA,2
Altererythrobacter namhicola,2,3,4,1,3,3,1,3
Alteromonas stellipolaris,1,NA,4,3,3,2,1,1
Alteromonas australica,NA,1,1,NA,NA,1,1,NA
Alteromonas macleodii,7,3,NA,4,7,3,4,2
Alteromonas mediterranea,5,2,1,3,3,1,3,2
Alteromonas naphthalenivorans,1,1,1,NA,NA,1,NA,NA
Alteromonas sp. Mac1,2,NA,6,3,3,2,1,1
Alteromonas stellipolaris,2,NA,5,5,6,1,3,2
Aminobacter aminovorans,3,6,8,10,6,2,4,3
Aminobacterium colombiense,2,1,NA,3,NA,NA,2,1
Ammonifex degensii,1,4,4,3,1,2,2,NA
Amphibacillus xylanus,4,3,3,2,5,3,1,4
Amycolatopsis,1,NA,1,NA,1,NA,NA,NA
Amycolatopsis japonica,3,5,7,1,2,4,4,3
Amycolatopsis mediterranei,3,7,9,4,5,2,3,5
Amycolatopsis methanolica,2,5,6,7,1,1,3,3
Amycolatopsis orientalis,5,11,14,7,4,4,5,4
Anabaena cylindrica,2,NA,2,2,NA,2,1,1
Anabaena sp. 90,1,1,3,5,1,NA,3,3
Anabaena sp. wa102,1,2,NA,4,1,2,1,2
Acetomicrobium mobile,NA,3,1,1,NA,1,NA,NA
Anaerococcus prevotii,3,4,2,4,3,7,12,6
Anaerolinea thermophila,3,4,3,3,NA,NA,1,3
Anaerolineaceae bacterium oral taxon 439,NA,3,1,1,2,2,2,2
Anaeromyxobacter dehalogenans,7,12,11,16,6,6,7,6
Anaeromyxobacter sp. Fw109-5,4,4,11,4,3,5,1,4
Anaeromyxobacter sp. K,3,7,12,7,3,2,6,6
Anaplasma centrale,NA,1,NA,NA,NA,NA,NA,NA
Anaplasma marginale,1,1,NA,NA,NA,1,NA,NA
Anaplasma phagocytophilum,NA,1,NA,NA,NA,2,1,NA
Aneurinibacillus sp. XH2,1,4,NA,2,7,3,1,5
Anomala cuprea entomopoxvirus,NA,NA,NA,NA,NA,NA,1,NA
Anoxybacillus amylolyticus,1,3,NA,3,2,2,NA,2
Anoxybacillus flavithermus,1,NA,1,NA,2,3,NA,3
Anoxybacillus gonensis,1,1,2,3,4,2,4,4
Anoxybacillus sp. B2M1,1,2,2,NA,2,1,1,4
Anoxybacillus sp. B7M1,1,NA,2,1,2,1,NA,4
Aquifex aeolicus,NA,1,NA,NA,3,2,1,2
Arabis mosaic virus,NA,NA,NA,NA,NA,NA,NA,1
Arachidicoccus sp. BS20,2,5,3,5,4,6,2,5
Arcanobacterium haemolyticum,1,1,1,3,1,1,1,3
Archaeoglobus fulgidus,1,1,NA,NA,NA,1,NA,NA
Archaeoglobus profundus,NA,NA,NA,NA,1,1,1,NA
Archaeoglobus sulfaticallidus,NA,NA,NA,NA,NA,1,1,NA
Archaeoglobus veneficus,NA,2,1,1,1,NA,NA,NA
Archangium gephyra,14,13,12,7,7,4,5,5
Aliarcobacter butzleri,NA,1,1,NA,5,1,2,NA
Arcobacter nitrofigilis,1,2,1,2,2,2,3,NA
Arcobacter sp. L,NA,NA,NA,NA,2,4,2,1
Armadillidium vulgare iridescent virus,NA,1,NA,NA,NA,NA,NA,NA
Aromatoleum aromaticum,3,NA,2,2,1,NA,4,2
Arsenicicoccus sp. oral taxon 190,2,1,6,1,1,1,2,1
Arsenophonus symbiont of Lipoptena fortisetosa,NA,NA,NA,NA,1,NA,NA,NA
Arthrobacter,NA,1,1,1,NA,NA,NA,1
Arthrobacter alpinus,4,3,7,5,4,3,3,2
Arthrobacter sp. A3,4,4,4,3,5,2,4,1
Arthrobacter sp. ATCC 21022,2,NA,1,7,2,1,NA,NA
Arthrobacter sp. ERGS1:01,7,6,6,10,5,4,5,4
Arthrobacter sp. FB24,6,5,4,4,1,3,1,2
Arthrobacter sp. IHBB 11108,2,4,3,3,5,1,NA,3
Arthrobacter sp. LS16,9,6,8,8,1,2,NA,1
Arthrobacter sp. PAMC 25486,5,7,3,8,6,4,2,1
Arthrobacter sp. Rue61a,3,3,3,3,2,2,1,2
Arthrobacter sp. U41,1,2,1,6,4,4,2,2
Arthrobacter sp. YC-RL1,4,4,8,6,2,NA,2,NA
Arthrobacter sp. ZXY-2,3,3,3,3,3,1,NA,2
Asaia bogorensis,2,3,2,1,2,NA,NA,3
Aster yellows witches'-broom phytoplasma,NA,NA,NA,NA,NA,NA,NA,1
Asticcacaulis excentricus,8,4,3,6,3,2,NA,2
Lancefieldella parvula,8,12,12,9,2,4,4,4
Aureimonas sp. AU20,3,4,3,4,3,2,2,1
Azoarcus,NA,2,1,NA,NA,NA,1,NA
Azoarcus olearius,3,3,3,4,7,NA,2,3
Azoarcus sp. BH72,4,1,3,5,5,1,2,3
Azoarcus sp. CIB,5,NA,2,7,2,1,5,5
Azoarcus sp. KH32C,2,2,2,2,2,1,5,2
Azorhizobium caulinodans,8,8,3,9,3,4,1,8
Azospira oryzae,4,5,4,12,2,1,3,4
Azospirillum brasilense,9,11,16,11,3,6,8,8
Azospirillum humicireducens,5,11,2,4,3,1,NA,1
Azospirillum lipoferum,9,21,14,14,10,5,3,7
Azospirillum thiophilum,5,10,2,10,5,4,6,4
Azotobacter chroococcum,2,4,11,9,7,2,6,3
Azotobacter vinelandii,2,5,2,9,6,5,7,2
Bacillus amyloliquefaciens,3,8,10,9,6,15,2,4
Bacillus anthracis,NA,1,1,NA,6,3,3,4
Bacillus atrophaeus,2,4,1,4,1,4,3,5
Bacillus beveridgei,1,2,1,1,2,1,3,4
Bacillus bombysepticus,1,NA,1,1,2,4,1,4
Evansella cellulosilytica,2,NA,2,2,6,6,2,2
Bacillus cereus,12,5,11,7,20,24,18,20
Shouchella clausii,1,NA,NA,NA,3,1,1,NA
Heyndrickxia coagulans,1,8,2,8,2,8,6,6
Bacillus cytotoxicus,1,3,3,2,9,5,4,6
Priestia endophytica,1,2,NA,3,1,5,7,4
Bacillus gibsonii,1,3,2,NA,2,3,4,3
Bacillus glycinifermentans,1,NA,NA,NA,2,5,1,3
Halalkalibacterium halodurans,3,NA,NA,NA,3,3,3,4
Bacillus infantis,1,1,2,4,2,5,6,1
Shouchella lehensis,NA,2,NA,3,2,1,1,5
Bacillus licheniformis,1,3,2,3,1,1,3,3
Priestia megaterium,7,3,3,6,10,6,12,13
Bacillus methanolicus,NA,1,2,NA,4,4,4,2
Bacillus muralis,2,1,1,2,3,5,5,2
Bacillus mycoides,1,4,3,3,4,9,10,6
Cytobacillus oceanisediminis,2,2,NA,3,8,5,5,4
Bacillus paralicheniformis,1,2,5,4,2,6,6,3
Bacillus phage AR9,NA,NA,NA,NA,NA,NA,NA,1
Bacillus phage B4,NA,NA,NA,1,1,NA,1,NA
Bacillus phage BCP8-2,NA,NA,NA,NA,NA,1,NA,NA
Bacillus phage CP-51,NA,NA,NA,NA,NA,NA,1,NA
Bacillus phage Deep Blue,NA,NA,NA,NA,NA,1,NA,NA
Bacillus phage JBP901,NA,NA,NA,NA,NA,1,NA,NA
Bacillus phage JL,NA,NA,NA,NA,NA,NA,1,NA
Bacillus phage Shanette,NA,NA,NA,NA,NA,NA,1,NA
Bacillus phage SPP1,NA,NA,NA,1,NA,NA,NA,NA
Bacillus phage vB_BceM-Bc431v3,NA,NA,NA,NA,NA,1,NA,NA
Bacillus phage Waukesha92,NA,NA,1,NA,NA,NA,NA,NA
Alkalihalophilus pseudofirmus,2,2,2,2,2,4,5,2
Bacillus pumilus,15,2,5,10,8,13,11,10
Peribacillus simplex,1,NA,1,2,4,4,3,3
Bacillus smithii,2,NA,1,NA,4,1,3,2
Bacillus sp.,2,4,2,1,4,3,6,3
Bacillus sp. 1NLA3E,2,NA,1,2,2,5,5,3
Bacillus sp. ABP14,1,NA,2,1,2,9,5,4
Bacillus sp. BH072,NA,1,3,2,3,4,NA,2
Bacillus sp. FJAT-14266,NA,4,2,1,2,6,3,2
Priestia megaterium,NA,1,1,NA,4,5,5,4
Bacillus sp. JS,3,4,NA,NA,5,3,3,5
Bacillus sp. LM 4-2,1,3,2,NA,3,3,5,5
Bacillus sp. OxB-1,3,2,NA,NA,5,5,3,2
Bacillus sp. Pc3,3,2,1,2,1,7,2,3
Bacillus sp. SDLI1,2,3,1,1,1,5,3,3
Bacillus sp. WP8,1,1,2,7,2,1,3,3
Bacillus sp. X1(2014),NA,NA,2,2,5,6,6,5
Bacillus sp. YP1,1,4,4,1,4,3,7,4
Bacillus subtilis,6,16,16,13,16,22,16,17
Bacillus thuringiensis,14,8,9,13,20,29,36,24
Bacillus toyonensis,2,NA,1,2,6,4,5,5
Bacillus velezensis,4,3,4,3,7,10,4,3
Andromedavirus finn,NA,NA,NA,1,NA,1,NA,NA
Donellivirus gee,NA,NA,1,NA,NA,NA,NA,NA
Andromedavirus riggi,NA,NA,NA,NA,NA,1,NA,NA
Bacillus mycoides,NA,NA,1,NA,4,5,3,5
Bacillus xiamenensis,NA,1,NA,3,3,6,4,5
bacterium L21-Spi-D4,9,5,1,6,8,NA,3,2
Bacteroidales bacterium CF,10,7,12,5,11,NA,7,3
Bacteroides cellulosilyticus,604,690,767,846,1000,2011,2855,1665
Phocaeicola dorei,4666,6919,13043,4688,2113,2009,1551,3303
Bacteroides fragilis,488,697,918,705,951,2110,2402,1546
Bacteroides helcogenes,546,767,763,956,371,429,305,507
Bacteroides ovatus,266,331,301,379,1600,3701,3270,2436
Phocaeicola salanitronis,226,169,219,200,221,255,283,261
Bacteroides caecimuris,372,482,571,491,604,1089,1394,893
Bacteroides thetaiotaomicron,598,755,911,798,1421,3077,3464,2338
Phocaeicola vulgatus,11912,17873,17085,22368,5347,5038,2090,8508
Ball python nidovirus,1,NA,NA,NA,NA,NA,NA,NA
Barnesiella viscericola,200,182,269,153,251,356,347,291
Bartonella ancashensis,NA,1,1,NA,1,2,1,1
Bartonella australis,NA,NA,1,NA,NA,NA,1,NA
Bartonella bacilliformis,NA,NA,NA,1,NA,NA,2,1
Bartonella clarridgeiae,NA,NA,NA,1,2,NA,1,1
Bartonella grahamii,NA,NA,NA,NA,1,NA,4,NA
Bartonella henselae,NA,NA,NA,1,1,2,NA,1
Bartonella quintana,NA,NA,NA,NA,NA,NA,1,NA
Bartonella tribocorum,NA,NA,NA,NA,NA,NA,2,NA
Bartonella vinsonii,NA,NA,1,NA,NA,NA,NA,2
Basilea psittacipulmonis,2,NA,1,1,2,2,1,2
Bathymodiolus septemdierum thioautotrophic gill symbiont,NA,NA,1,NA,4,1,1,NA
Bdellovibrio bacteriovorus,5,8,4,3,5,2,11,3
Pseudobdellovibrio exovorus,1,2,3,1,6,1,2,1
Beggiatoa leptomitiformis,3,NA,NA,NA,2,1,2,3
Beijerinckia indica,4,NA,1,1,1,1,NA,3
Belliella baltica,4,3,3,2,9,4,10,6
beta proteobacterium CB,2,1,NA,NA,1,2,1,NA
Beutenbergia,1,NA,NA,NA,1,NA,NA,NA
Beutenbergia cavernae,2,5,2,1,3,NA,3,3
Bibersteinia,NA,NA,NA,NA,NA,NA,1,NA
Bibersteinia trehalosi,2,NA,NA,NA,NA,3,2,2
Bifidobacterium,1,NA,1,2,1,NA,NA,1
Bifidobacterium actinocoloniiforme,3,3,3,4,3,3,NA,1
Bifidobacterium adolescentis,2810,4240,6026,2541,1207,1124,612,1951
Bifidobacterium angulatum,28,25,41,18,65,156,574,214
Bifidobacterium animalis,15,20,17,11,44,111,560,150
Bifidobacterium asteroides,4,3,4,6,2,4,3,2
Bifidobacterium bifidum,7,11,21,10,162,460,621,277
Bifidobacterium breve,23,26,29,30,39,84,44,63
Bifidobacterium catenulatum,53,74,69,54,101,223,619,300
Bifidobacterium coryneforme,NA,1,2,3,NA,4,2,2
Bifidobacterium dentium,5,9,12,5,5,3,5,4
Bifidobacterium indicum,NA,NA,1,3,NA,3,1,3
Bifidobacterium catenulatum subsp. kashiwanohense,50,72,96,57,32,69,69,61
Bifidobacterium longum,51,70,72,60,836,2130,724,1334
Bifidobacterium pseudocatenulatum,32,63,62,38,179,435,683,277
Bifidobacterium pseudolongum,3,8,9,3,4,2,10,9
Bifidobacterium scardovii,7,7,10,15,7,4,10,4
Bifidobacterium thermophilum,15,18,18,17,8,14,11,10
Black grass varicosavirus-like virus,NA,NA,NA,NA,NA,NA,1,NA
Blastochloris viridis,4,3,NA,2,2,1,3,2
Blastococcus,NA,NA,1,NA,NA,NA,NA,NA
Blastococcus saxobsidens,5,7,6,3,NA,2,3,5
Blastomonas,NA,1,NA,NA,NA,NA,NA,NA
Blastomonas sp. RAC04,2,6,4,5,5,2,2,3
Blattabacterium punctulatus,2,2,NA,1,1,1,NA,NA
Blattabacterium sp. (Blaberus giganteus),1,1,NA,1,1,NA,1,2
Blattabacterium sp. (Blatta orientalis),NA,1,1,NA,NA,1,NA,1
Blattabacterium sp. (Blattella germanica),1,NA,1,2,2,1,NA,2
Blattabacterium sp. (Mastotermes darwiniensis),NA,NA,NA,NA,NA,NA,NA,2
Blattabacterium sp. (Nauphoeta cinerea),NA,NA,NA,NA,NA,2,NA,1
Blattabacterium cuenoti,NA,1,NA,NA,NA,1,1,NA
Blattabacterium sp. (Periplaneta americana),NA,NA,1,NA,NA,NA,NA,NA
Blautia sp. YL58,15,18,18,22,77,168,117,128
Blochmannia endosymbiont of Camponotus (Colobopsis) obliquus,1,1,1,1,3,NA,NA,NA
Bordetella avium,1,3,3,3,NA,1,NA,2
Bordetella bronchialis,3,5,5,2,5,2,4,6
Bordetella bronchiseptica,9,13,4,5,1,6,11,9
Bordetella flabilis,7,1,6,5,3,2,3,2
Bordetella hinzii,3,11,4,5,1,2,2,8
Bordetella holmesii,2,3,2,2,1,2,3,1
Bordetella parapertussis,5,11,4,6,4,5,3,6
Bordetella pertussis,3,6,3,3,2,6,4,5
Bordetella petrii,2,3,4,3,3,6,4,2
Bordetella pseudohinzii,NA,NA,3,3,4,3,3,1
Bordetella sp. H567,3,7,3,3,2,4,4,4
Bordetella trematum,7,4,7,3,3,2,5,3
Borrelia duttonii,NA,2,NA,2,1,NA,NA,1
Borrelia hermsii,NA,NA,NA,NA,1,1,NA,1
Borrelia miyamotoi,NA,NA,1,NA,NA,NA,NA,1
Borrelia recurrentis,NA,2,NA,2,1,1,NA,1
Borrelia turicatae,1,NA,NA,1,2,NA,NA,NA
Borreliella afzelii,NA,NA,NA,NA,NA,1,NA,NA
Borreliella bavariensis,NA,NA,NA,NA,NA,NA,1,1
Borreliella bissettii,NA,NA,NA,NA,NA,NA,2,NA
Borreliella burgdorferi,1,NA,NA,2,2,NA,2,1
Borreliella garinii,NA,NA,NA,NA,1,NA,1,1
Bosea sp. PAMC 26642,7,8,4,5,6,1,3,3
Bosea sp. RAC05,5,9,3,3,3,1,3,3
Bosea vaviloviae,2,6,3,4,7,NA,NA,3
Bovine papular stomatitis virus,1,1,NA,1,NA,1,NA,NA
Brachybacterium,1,NA,NA,NA,1,NA,NA,NA
Brachybacterium faecium,1,3,2,5,1,4,2,3
Brachyspira hyodysenteriae,3,2,NA,2,3,2,4,NA
Brachyspira intermedia,2,5,2,3,3,4,3,2
Brachyspira murdochii,1,2,NA,3,2,2,10,2
Brachyspira pilosicoli,7,5,4,4,8,11,10,5
Nitrobacteraceae,NA,2,NA,NA,NA,NA,NA,NA
Bradyrhizobium,NA,NA,NA,1,NA,NA,NA,NA
Bradyrhizobium diazoefficiens,10,8,5,8,2,6,2,3
Bradyrhizobium icense,3,1,4,4,3,NA,3,1
Bradyrhizobium japonicum,9,9,9,10,3,NA,1,4
Bradyrhizobium oligotrophicum,1,5,3,5,1,1,1,2
Bradyrhizobium sp.,3,5,7,5,4,1,4,2
Bradyrhizobium sp. BTAi1,1,4,8,3,2,2,1,2
Bradyrhizobium sp. CCGE-LA001,3,7,9,7,NA,NA,5,1
Bradyrhizobium sp. ORS 278,1,3,4,4,3,2,3,1
Bradyrhizobium sp. S23321,3,5,5,8,3,NA,5,2
Brevibacillus brevis,1,3,1,2,3,6,8,4
Brevibacillus laterosporus,1,1,2,1,3,5,3,7
Brevibacterium linens,3,4,4,3,2,2,1,4
Brevundimonas naejangsanensis,4,2,6,4,2,4,1,5
Brevundimonas sp. DS20,1,2,2,6,1,1,NA,4
Brevundimonas sp. GW460-12-10-14-LB2,2,2,2,6,2,2,NA,2
Brevundimonas subvibrioides,4,1,6,6,1,NA,NA,1
Brucella abortus,1,6,5,1,1,1,1,2
Brucella canis,7,4,4,2,1,NA,2,1
Brucella ceti,7,4,4,2,1,2,2,1
Brucella melitensis,2,6,4,2,2,1,2,4
Brucella microti,3,5,4,1,2,1,2,3
Brucella ovis,2,5,4,1,2,1,2,3
Brucella pinnipedialis,7,5,4,2,1,2,2,1
Brucella sp. 141012304,3,4,2,2,3,NA,3,NA
Brucella sp. 2002734562,2,6,4,1,1,1,2,3
Brucella suis,4,4,2,1,3,NA,2,3
Brucella vulpis,2,6,5,1,2,1,2,1
Buchnera aphidicola,1,NA,1,3,2,1,5,2
Burkholderia,1,1,3,1,1,NA,1,2
Burkholderia ambifaria,3,1,8,2,2,3,6,5
Burkholderia cenocepacia,9,12,18,10,8,14,20,9
Burkholderia cepacia,13,11,15,15,7,12,13,14
Burkholderia contaminans,1,3,4,3,2,2,3,4
Burkholderia diffusa,3,3,3,3,5,1,6,NA
Burkholderia dolosa,2,1,1,2,2,4,3,3
Burkholderia gladioli,5,5,12,8,5,2,4,6
Burkholderia glumae,4,7,8,9,5,2,4,7
Burkholderia lata,3,4,9,5,4,3,7,5
Burkholderia latens,3,2,4,2,2,5,1,1
Burkholderia mallei,1,4,2,NA,3,2,8,NA
Burkholderia metallica,3,1,4,2,4,2,4,2
Burkholderia multivorans,6,7,9,12,9,4,9,6
Burkholderia oklahomensis,4,1,1,2,NA,4,4,NA
Burkholderia phage BcepNazgul,NA,NA,1,NA,NA,NA,NA,NA
Burkholderia plantarii,4,6,5,3,3,2,4,3
Burkholderia pseudomallei,7,10,5,3,5,3,12,4
Burkholderia pseudomultivorans,1,1,9,2,4,4,6,3
Burkholderia pyrrocinia,1,3,7,2,1,NA,6,1
Burkholderia seminalis,NA,2,3,6,2,2,3,1
Burkholderia sp. 2002721687,8,9,5,4,4,1,4,4
Burkholderia humptydooensis,8,9,4,4,3,1,4,3
Burkholderia sp. Bp7605,3,3,5,4,3,1,3,2
Burkholderia sp. CCGE1001,4,2,1,3,1,NA,2,2
Burkholderia sp. CCGE1002,2,2,1,2,2,6,NA,2
Burkholderia sp. CCGE1003,3,7,8,4,3,4,2,3
Burkholderia sp. HB1,6,1,4,2,3,NA,2,2
Burkholderia sp. KJ006,6,6,5,5,3,5,2,4
Burkholderia sp. OLGA172,4,1,1,2,NA,5,3,1
Burkholderia sp. PAMC 26561,3,2,7,NA,5,2,2,2
Burkholderia sp. PAMC 28687,NA,NA,5,NA,4,1,2,1
Burkholderia sp. RPE64,5,3,8,6,5,3,5,1
Burkholderia sp. RPE67,4,7,2,2,2,4,4,1
Burkholderia sp. YI23,2,4,1,1,1,5,6,2
Burkholderia stabilis,1,NA,3,1,3,2,1,1
Burkholderia stagnalis,2,1,6,NA,1,1,3,NA
Burkholderia territorii,4,2,4,5,2,3,7,NA
Burkholderia thailandensis,11,8,7,4,3,4,10,5
Burkholderia ubonensis,6,10,9,4,3,7,10,6
Burkholderia vietnamiensis,8,7,5,7,3,4,3,4
Tigrvirus phi52237,2,1,NA,1,NA,NA,NA,NA
Burkholderia virus phiE122,2,1,NA,1,NA,NA,NA,NA
Stanholtvirus E125,NA,1,NA,NA,NA,NA,NA,NA
Burkholderiaceae,NA,1,NA,1,NA,NA,NA,NA
Burkholderiales bacterium GJ-E10,NA,1,1,2,NA,NA,NA,2
Burkholderiales bacterium YL45,2,NA,1,2,3,7,10,4
Butyrivibrio hungatei,11,9,6,13,33,52,50,38
Butyrivibrio proteoclasticus,14,10,10,12,37,66,46,41
Caldanaerobacter subterraneus,NA,1,1,NA,NA,3,4,5
Caldicellulosiruptor bescii,NA,1,NA,5,1,1,4,2
Caldicellulosiruptor hydrothermalis,NA,3,2,2,3,3,9,2
Caldicellulosiruptor acetigenus,NA,3,4,5,3,NA,3,4
Caldicellulosiruptor kronotskyensis,NA,3,3,2,2,2,4,3
Caldicellulosiruptor acetigenus,NA,1,7,3,3,2,4,3
Caldicellulosiruptor obsidiansis,NA,2,1,1,3,2,3,2
Caldicellulosiruptor owensensis,NA,2,NA,2,1,5,4,2
Caldicellulosiruptor saccharolyticus,2,3,1,2,4,4,4,3
Caldilinea aerophila,2,4,1,3,2,4,3,1
Caldimicrobium thiodismutans,NA,1,NA,NA,NA,NA,NA,NA
Caldisericum exile,1,NA,NA,NA,2,2,1,1
Caldisphaera lagunensis,NA,1,NA,2,NA,NA,NA,1
Calditerrivibrio nitroreducens,10,6,5,7,13,2,NA,4
Caldivirga maquilingensis,1,NA,NA,1,NA,NA,NA,NA
California sea lion adenovirus 1,1,NA,NA,NA,1,NA,NA,NA
Calothrix parietina,1,1,NA,NA,1,1,2,NA
Calothrix sp. 336/3,3,NA,NA,3,NA,NA,3,1
Calothrix sp. PCC 7507,1,1,NA,1,NA,3,1,NA
Calyptogena okutanii thioautotrophic gill symbiont,NA,NA,NA,NA,1,2,1,NA
Campylobacter coli,2,2,2,1,9,14,9,14
Campylobacter concisus,NA,1,1,5,3,1,2,2
Campylobacter curvus,3,NA,3,3,5,1,1,NA
Campylobacter fetus,NA,NA,2,1,2,NA,2,NA
Campylobacter gracilis,NA,NA,NA,NA,NA,NA,NA,1
Campylobacter hominis,NA,NA,1,NA,NA,NA,2,1
Campylobacter hyointestinalis,NA,NA,1,NA,1,3,NA,3
Campylobacter iguaniorum,1,NA,1,NA,NA,1,3,2
Campylobacter insulaenigrae,2,1,1,3,4,NA,1,1
Campylobacter jejuni,4,NA,1,1,7,12,8,9
Campylobacter lari,2,1,2,NA,1,4,2,4
Campylobacter peloridis,NA,NA,1,2,1,NA,1,NA
Campylobacter sp. RM16704,2,1,1,NA,1,1,1,2
Campylobacter subantarcticus,2,2,NA,NA,2,3,1,3
Campylobacter ureolyticus,NA,1,1,NA,2,1,1,1
Fletchervirus CPX,NA,NA,NA,1,NA,NA,NA,NA
Fletchervirus NCTC12673,1,NA,NA,1,NA,NA,NA,NA
Campylobacter volucris,NA,NA,NA,NA,NA,2,2,NA
Candidatus Accumulibacter phosphatis,3,4,4,5,NA,5,5,2
Candidatus Amoebophilus asiaticus,4,1,1,NA,1,1,2,2
Candidatus Arthromitus sp. SFB-mouse,NA,NA,NA,1,2,2,1,1
Candidatus Arthromitus sp. SFB-mouse-NL,NA,NA,NA,2,3,2,NA,1
Candidatus Arthromitus sp. SFB-rat-Yit,3,2,NA,4,7,3,1,1
Candidatus Atelocyanobacterium thalassae,NA,NA,NA,1,NA,2,1,NA
Candidatus Azobacteroides pseudotrichonymphae,2,4,6,NA,2,5,5,3
Candidatus Babela massiliensis,1,NA,NA,1,4,2,1,1
Candidatus Palibaumannia cicadellinicola,2,1,NA,1,NA,1,2,2
Candidatus Blochmannia floridanus,NA,NA,1,NA,NA,NA,1,1
Candidatus Blochmanniella pennsylvanica,NA,NA,NA,NA,NA,NA,NA,1
Candidatus Blochmanniella vafra,1,NA,NA,NA,NA,NA,1,1
Candidatus Cloacimonas acidaminovorans,6,5,3,5,3,3,2,3
Candidatus Desulforudis audaxviator,NA,3,2,1,2,NA,1,NA
Candidatus Doolittlea endobia,1,NA,NA,NA,1,NA,NA,1
Candidatus Endolissoclinum faulkneri,NA,NA,NA,1,1,1,NA,2
Candidatus Evansia muelleri,NA,NA,1,NA,1,NA,NA,NA
Candidatus Filomicrobium marinum,2,3,2,1,2,1,3,1
Candidatus Gullanella endobia,NA,NA,NA,NA,NA,NA,2,NA
Candidatus Hoaglandella endobia,NA,NA,NA,NA,NA,NA,NA,1
Candidatus Ishikawella capsulata,1,NA,NA,NA,1,1,NA,NA
Candidatus Izimaplasma sp. HR1,1,NA,1,NA,2,1,1,5
Candidatus Kinetoplastidibacterium crithidiae,NA,NA,NA,1,1,NA,1,NA
Candidatus Kinetoplastidibacterium desouzai,NA,NA,1,NA,2,NA,NA,NA
Candidatus Kinetoplastidibacterium galati,NA,NA,NA,NA,NA,1,NA,NA
Candidatus Kinetoplastidibacterium stringomonadis,NA,NA,NA,NA,NA,NA,NA,1
Candidatus Korobacter,NA,NA,1,NA,NA,NA,NA,NA
Candidatus Korobacter versatilis,5,3,3,6,2,1,NA,3
Candidatus Liberibacter africanus,1,NA,NA,NA,NA,NA,NA,NA
Candidatus Liberibacter americanus,NA,NA,NA,1,NA,NA,2,1
Candidatus Liberibacter asiaticus,NA,NA,NA,NA,1,NA,NA,2
Candidatus Liberibacter solanacearum,2,NA,NA,1,1,NA,1,1
Candidatus Methanomassiliicoccus intestinalis,1,2,1,NA,2,2,3,1
Methanomethylophilus alvi,NA,NA,NA,2,NA,1,NA,NA
Candidatus Methanoplasma termitum,NA,NA,NA,NA,1,1,NA,NA
Candidatus Methylopumilus planktonicus,NA,NA,NA,NA,NA,1,NA,1
Candidatus Methylopumilus turicensis,NA,NA,1,NA,1,1,NA,1
Candidatus Midichloria mitochondrii,NA,NA,1,NA,NA,NA,NA,NA
Candidatus Mikella endobia,NA,NA,NA,NA,NA,NA,1,1
Candidatus Moranella endobia,NA,NA,NA,NA,NA,NA,NA,2
Candidatus Nitrosopelagicus brevis,1,1,NA,NA,1,NA,2,2
Candidatus Nitrosopumilus adriaticus,1,1,NA,NA,1,2,1,NA
Candidatus Nitrosopumilus sp. AR2,NA,NA,NA,NA,3,1,1,2
Candidatus Nitrospira inopinata,NA,NA,2,4,3,NA,1,NA
Candidatus Pantoea carbekii,NA,NA,NA,NA,NA,2,1,NA
Candidatus Paracaedibacter acanthamoebae,NA,3,NA,NA,1,2,NA,NA
Candidatus Pelagibacter sp. IMCC9063,NA,NA,NA,1,1,1,NA,NA
Candidatus Pelagibacter communis,NA,NA,1,NA,NA,1,NA,1
Candidatus Phytoplasma australiense,NA,NA,NA,NA,NA,1,NA,1
Candidatus Phytoplasma mali,NA,NA,NA,NA,NA,NA,1,NA
Candidatus Portiera aleyrodidarum,NA,NA,1,NA,NA,NA,NA,NA
Candidatus Puniceispirillum marinum,1,NA,1,NA,NA,NA,1,NA
Candidatus Rhodoluna planktonica,1,NA,NA,NA,NA,NA,NA,2
Candidatus Riesia pediculicola,NA,NA,NA,NA,NA,1,NA,NA
Candidatus Ruthturnera calyptogenae,2,NA,2,NA,NA,1,3,NA
Candidatus Sodalis pierantonii,8,1,2,1,2,2,4,NA
Candidatus Solibacter usitatus,3,5,1,6,5,4,2,3
Candidatus Symbiobacter mobilis,2,1,1,3,1,3,NA,NA
Candidatus Tachikawaea gelatinosa,NA,NA,1,NA,2,NA,NA,NA
Candidatus Thioglobus autotrophicus,NA,1,NA,NA,NA,1,NA,NA
Candidatus Pseudothioglobus singularis,1,1,2,NA,3,2,3,1
Candidatus Xiphinematobacter sp. Idaho Grape,1,NA,NA,1,2,1,NA,NA
Capnocytophaga canimorsus,6,1,3,3,3,2,2,3
Capnocytophaga haemolytica,6,10,6,4,4,1,7,7
Capnocytophaga ochracea,8,9,4,8,3,8,4,4
Capnocytophaga sp. oral taxon 323,7,9,2,6,6,4,6,7
Carboxydothermus hydrogenoformans,2,1,2,4,3,1,NA,2
Cardinium endosymbiont of Encarsia pergandiella,1,NA,NA,NA,3,2,NA,1
Carnobacterium inhibens,2,1,NA,NA,NA,2,4,1
Carnobacterium maltaromaticum,3,NA,1,1,NA,5,2,5
Carnobacterium sp. 17-4,NA,2,NA,NA,1,5,2,1
Carnobacterium sp. CP1,NA,2,1,1,1,6,3,2
Castellaniella defragrans,4,4,8,5,NA,6,3,2
Catenulispora,NA,NA,NA,1,NA,NA,NA,1
Catenulispora acidiphila,2,7,11,10,1,2,4,2
Caulobacter,NA,2,NA,NA,NA,NA,NA,NA
Caulobacter henricii,2,1,1,5,4,NA,2,6
Caulobacter phage CcrColossus,NA,NA,NA,NA,NA,NA,1,NA
Caulobacter phage Cr30,NA,NA,NA,NA,NA,1,NA,NA
Caulobacter segnis,3,1,4,6,NA,2,3,NA
Caulobacter sp. K31,3,6,6,6,2,2,1,6
Caulobacter vibrioides,4,10,4,5,1,3,2,4
Caulobacter virus Magneto,NA,NA,NA,NA,1,NA,NA,NA
Shapirovirus cbk,NA,NA,NA,NA,1,NA,NA,NA
Poindextervirus rogue,NA,NA,NA,NA,NA,NA,NA,1
Caulobacteraceae bacterium OTSz_A_272,1,3,NA,2,1,2,2,2
Cedecea neteri,22,13,11,11,13,9,13,16
Celeribacter indicus,6,1,2,1,1,5,1,3
Celeribacter marinus,1,3,NA,NA,NA,NA,3,1
Cellulomonas,1,NA,1,NA,1,NA,NA,NA
Cellulomonas fimi,2,6,5,3,NA,NA,3,3
Cellulomonas flavigena,2,5,1,NA,2,2,3,4
Cellulomonas gilvus,2,5,3,NA,NA,NA,2,2
Cellulophaga algicola,2,1,1,NA,2,4,3,2
Cellulophaga baltica,6,1,7,1,2,4,5,4
Cellulophaga lytica,NA,1,1,2,1,1,6,1
Cellulophaga phage phi13:2,NA,NA,NA,NA,NA,NA,1,NA
Cellulophaga phage phi18:3,NA,NA,NA,NA,NA,NA,1,NA
Cellulophaga phage phi19:3,NA,NA,NA,NA,NA,NA,1,NA
Cellulophaga phage phi46:3,NA,NA,NA,NA,NA,NA,1,NA
Cellulosilyticum lentocellum,3,10,8,5,15,25,14,16
Cellvibrio japonicus,5,5,1,5,3,3,2,2
Cercopithecine alphaherpesvirus 9,NA,NA,NA,NA,NA,NA,NA,1
Chania multitudinisentens,NA,NA,2,2,NA,2,2,2
Chelativorans sp. BNC1,2,1,1,2,2,2,2,2
Chelatococcus sp. CO-6,5,4,6,8,2,1,7,3
Chimpanzee alpha-1 herpesvirus,NA,NA,NA,NA,NA,1,NA,NA
Chitinophaga pinensis,10,11,9,12,10,11,6,4
Chlamydia abortus,NA,NA,NA,NA,2,1,NA,NA
Chlamydia avium,NA,NA,NA,NA,NA,1,NA,NA
Chlamydia caviae,NA,1,NA,NA,NA,NA,NA,NA
Chlamydia felis,NA,1,2,NA,1,NA,NA,NA
Chlamydia gallinacea,NA,NA,1,NA,NA,1,1,1
Chlamydia muridarum,NA,NA,1,NA,1,NA,NA,2
Chlamydia pecorum,NA,NA,NA,NA,NA,NA,1,3
Chlamydia pneumoniae,NA,NA,1,NA,NA,NA,NA,NA
Chlamydia psittaci,NA,1,NA,NA,1,NA,NA,NA
Chlamydia trachomatis,NA,NA,1,NA,NA,2,NA,NA
Chloracidobacterium thermophilum,1,2,1,4,1,2,3,2
Chlorobaculum limnaeum,5,8,6,9,1,3,6,5
Chlorobaculum parvum,2,5,8,6,3,3,3,6
Chlorobaculum tepidum,1,8,2,4,3,2,2,5
Chlorobium chlorochromatii,NA,2,NA,NA,2,3,2,2
Chlorobium limicola,5,2,2,2,8,NA,3,1
Chlorobium phaeobacteroides,7,3,NA,3,3,4,9,3
Chlorobium phaeovibrioides,3,2,1,1,3,2,NA,1
Chloroflexus aggregans,1,NA,2,1,NA,1,3,1
Chloroflexus aurantiacus,NA,NA,1,NA,NA,1,1,NA
Chloroflexus sp. Y-400-fl,NA,NA,1,NA,NA,1,1,NA
Chloroherpeton thalassium,3,1,1,1,NA,NA,2,1
Chondromyces crocatus,2,5,6,3,3,1,3,5
Choristoneura rosaceana entomopoxvirus 'L',1,NA,NA,NA,NA,NA,NA,NA
Chromobacterium,NA,2,NA,NA,NA,NA,NA,NA
Chromobacterium vaccinii,4,6,6,6,3,5,5,6
Chromobacterium violaceum,2,9,8,10,3,4,2,4
Chromohalobacter israelensis,4,3,8,4,4,2,2,2
Chroococcidiopsis thermalis,1,NA,NA,NA,1,2,1,NA
Chryseobacterium gallinarum,93,58,31,56,97,25,13,21
Chryseobacterium sp. IHB B 10212,9,8,6,6,10,4,4,7
Chryseobacterium sp. IHB B 17019,10,9,2,7,11,4,5,4
Chryseobacterium sp. StRB126,11,3,1,6,13,3,6,8
Chrysochromulina ericina virus,NA,NA,NA,NA,1,NA,NA,NA
Chrysodeixis chalcites nucleopolyhedrovirus,NA,NA,NA,NA,NA,NA,NA,1
Circoviridae 8 LDMD-2013,NA,NA,NA,1,NA,NA,NA,NA
Citrobacter,NA,1,NA,NA,NA,NA,NA,NA
Citrobacter amalonaticus,8,7,11,6,14,5,7,7
Citrobacter freundii,6,12,8,10,11,19,39,23
Citrobacter koseri,NA,4,1,4,4,4,7,4
Citrobacter phage Moon,NA,NA,NA,NA,NA,NA,1,NA
Citrobacter rodentium,7,5,1,2,7,6,8,2
Citrobacter sp. FDAARGOS_156,2,4,2,5,6,1,2,3
Citromicrobium sp. JL477,4,5,6,5,3,1,1,2
Kostyavirus,NA,1,NA,NA,NA,NA,NA,NA
Clavibacter,1,NA,NA,NA,1,NA,NA,NA
Clavibacter michiganensis,5,4,6,5,5,3,12,3
Cloacibacillus porcorum,6,8,3,5,6,8,9,3
Clostridioides difficile,2,1,1,2,49,125,122,87
Clostridium aceticum,2,3,1,1,3,4,7,3
Clostridium acetobutylicum,2,NA,2,2,4,6,10,8
Clostridium autoethanogenum,1,NA,2,1,4,2,12,9
Clostridium baratii,5,1,1,2,11,5,11,6
Clostridium beijerinckii,4,3,4,6,11,18,19,9
Clostridium bornimense,2,2,5,1,3,8,12,10
Clostridium botulinum,11,7,5,9,15,36,36,34
Clostridium butyricum,6,3,1,9,7,13,8,12
Clostridium carboxidivorans,1,4,3,NA,6,12,8,10
Clostridium cellulovorans,5,3,4,1,7,19,17,20
Clostridium formicaceticum,2,2,2,4,6,8,8,6
Clostridium kluyveri,4,2,6,10,5,14,8,9
Clostridium ljungdahlii,NA,NA,2,1,3,2,14,9
Clostridium novyi,NA,1,2,3,3,5,4,7
Clostridium pasteurianum,7,5,2,13,13,20,26,22
Clostridium perfringens,1,3,1,2,10,16,12,9
Clostridium phage phiSM101,NA,NA,1,1,NA,NA,NA,NA
Clostridium saccharobutylicum,3,1,5,2,6,15,17,3
Clostridium saccharoperbutylacetonicum,5,4,3,3,6,12,13,6
Clostridium scatologenes,3,2,3,3,4,16,13,8
Clostridium sp. BNL1100,2,5,9,5,5,8,14,11
Clostridium sp. SY8519,21,29,26,39,30,97,65,84
Clostridium sporogenes,1,2,2,7,1,9,5,4
Clostridium taeniosporum,2,1,2,1,3,7,8,3
Clostridium tetani,1,2,2,4,8,18,15,17
Clostridium tyrobutyricum,1,NA,3,3,6,8,9,7
Colneyvirus CD27,NA,NA,NA,NA,1,NA,NA,NA
Collimonas,NA,2,NA,NA,NA,NA,NA,NA
Collimonas arenae,3,2,5,5,2,7,4,3
Collimonas fungivorans,4,7,11,8,6,1,3,3
Collimonas pratensis,4,3,2,7,3,6,5,5
Colwellia psychrerythraea,NA,1,3,NA,2,4,1,1
Colwellia sp. MT41,1,NA,3,NA,NA,2,1,NA
Colwellia sp. PAMC 20917,4,2,1,NA,3,2,1,NA
Comamonadaceae,NA,NA,NA,1,NA,NA,NA,NA
Comamonadaceae bacterium A1,2,7,3,4,2,NA,2,3
Comamonadaceae bacterium B1,4,8,3,2,2,1,1,4
Comamonas testosteroni,10,16,10,16,6,5,10,13
Condylorrhiza vestigialis MNPV,NA,NA,NA,NA,NA,NA,NA,1
Conexibacter woesei,2,9,9,6,3,3,2,1
Confluentimicrobium sp. EMB200-NS6,2,4,3,NA,2,1,3,2
Coprothermobacter proteolyticus,3,2,3,7,3,NA,1,2
Coraliomargarita akajimensis,1,1,2,2,1,1,4,3
Corallococcus coralloides,7,9,11,9,3,3,3,4
Coriobacteriaceae bacterium 68-1-3,19,25,37,35,11,14,24,18
Coriobacterium glomerans,58,82,121,53,18,19,11,31
Mycobacteriales,NA,NA,NA,1,NA,NA,NA,NA
Corynebacterium,NA,NA,2,1,NA,1,1,1
Corynebacterium argentoratense,NA,2,2,2,NA,NA,1,NA
Corynebacterium atypicum,NA,2,2,1,2,3,NA,3
Corynebacterium aurimucosum,4,5,7,7,5,4,2,1
Corynebacterium callunae,8,6,5,7,3,1,2,1
Corynebacterium camporealensis,3,2,3,2,NA,2,1,1
Corynebacterium casei,1,NA,1,3,NA,1,2,2
Corynebacterium deserti,8,3,1,1,2,NA,1,NA
Corynebacterium diphtheriae,11,11,7,15,9,10,8,3
Corynebacterium doosanense,4,8,6,8,3,1,1,6
Corynebacterium efficiens,3,5,4,3,3,3,NA,6
Corynebacterium epidermidicanis,1,NA,3,2,NA,1,2,NA
Corynebacterium falsenii,7,7,1,5,3,3,5,3
Corynebacterium glutamicum,8,5,3,5,5,NA,2,3
Corynebacterium glyciniphilum,2,2,3,4,2,2,1,4
Corynebacterium halotolerans,2,1,4,2,3,NA,NA,1
Corynebacterium humireducens,4,NA,4,NA,NA,1,1,1
Corynebacterium imitans,NA,3,2,NA,1,1,1,2
Corynebacterium jeikeium,5,1,2,2,3,1,1,4
Corynebacterium kroppenstedtii,3,NA,4,1,2,NA,1,3
Corynebacterium kutscheri,NA,NA,NA,1,1,NA,3,NA
Corynebacterium lactis,3,5,4,4,NA,2,2,1
Corynebacterium marinum,3,4,7,4,1,NA,2,NA
Corynebacterium maris,3,6,3,4,2,3,NA,5
Corynebacterium mustelae,1,1,5,3,2,1,1,2
Corynebacterium pseudotuberculosis,5,1,1,1,2,1,2,2
Corynebacterium resistens,NA,NA,NA,1,2,2,1,3
Corynebacterium simulans,2,6,5,NA,4,5,NA,1
Corynebacterium singulare,1,2,1,1,4,3,2,1
Corynebacterium sp. ATCC 6931,4,6,6,4,4,2,4,2
Corynebacterium sp. JZ16,7,2,2,1,5,NA,2,NA
Corynebacterium sp. NML98-0116,8,16,9,13,9,8,10,4
Corynebacterium stationis,2,2,NA,1,3,2,NA,NA
Corynebacterium terpenotabidum,3,5,7,4,1,3,1,2
Corynebacterium testudinoris,2,2,5,4,1,1,NA,3
Corynebacterium ulcerans,3,5,4,3,3,1,3,3
Corynebacterium urealyticum,1,3,8,2,2,NA,2,2
Corynebacterium ureicelerivorans,NA,3,7,2,NA,1,1,4
Corynebacterium uterequi,1,4,5,1,NA,1,NA,2
Corynebacterium variabile,2,2,2,NA,NA,2,1,2
Corynebacterium vitaeruminis,4,10,4,4,NA,3,2,1
Cotia virus SPAn232,NA,NA,NA,NA,1,1,NA,NA
Coxiella burnetii,1,3,NA,1,2,1,1,NA
Coxiella endosymbiont of Amblyomma americanum,NA,NA,NA,NA,NA,1,1,NA
Coxiella-like endosymbiont,NA,NA,1,NA,1,NA,NA,NA
Crinalium epipsammum,1,1,2,NA,1,2,2,NA
Croceibacter atlanticus,3,2,1,2,NA,3,6,NA
Croceicoccus naphthovorans,5,5,NA,3,1,4,NA,4
Cronobacter,NA,1,NA,NA,1,NA,NA,NA
Cronobacter condimenti,7,7,3,6,2,2,5,1
Cronobacter dublinensis,3,3,6,4,3,1,4,1
Cronobacter malonaticus,2,4,2,4,4,1,3,NA
Cronobacter muytjensii,3,2,2,4,3,1,5,1
Cronobacter phage ENT39118,NA,NA,NA,NA,NA,NA,1,NA
Cronobacter sakazakii,2,5,2,8,4,3,6,3
Cronobacter turicensis,6,6,3,4,6,4,3,2
Cronobacter universalis,4,7,8,8,2,5,3,4
Cryobacterium arcticum,2,1,NA,1,4,1,NA,2
Cryptobacterium curtum,5,3,7,6,2,2,2,8
Cupriavidus,NA,2,1,1,NA,NA,NA,1
Cupriavidus basilensis,NA,2,5,8,7,10,51,15
Cupriavidus gilardii,5,4,5,3,4,3,14,5
Cupriavidus metallidurans,2,4,7,7,119,328,1552,463
Cupriavidus necator,7,6,6,10,6,10,17,6
Cupriavidus pinatubonensis,1,5,5,4,2,3,12,9
Cupriavidus sp. USMAA1020,5,13,15,6,7,1,8,6
Cupriavidus sp. USMAA2-4,6,14,10,11,6,7,24,14
Cupriavidus sp. USMAHM13,6,6,14,7,6,1,5,5
Curtobacterium sp. BH-2-1-1,NA,4,4,3,2,NA,1,1
Curtobacterium sp. MR_MD2014,3,1,1,3,2,1,3,3
Cutibacterium avidum,10,8,11,5,6,NA,2,3
Cyanobacterium aponinum,2,2,NA,4,2,2,2,6
cyanobacterium endosymbiont of Epithemia turgida,2,NA,1,2,NA,NA,1,NA
Cyanobium gracile,4,4,2,8,1,4,1,4
Cyanophage P-RSM1,NA,NA,NA,NA,NA,NA,NA,1
Cyanophage PSS2,NA,NA,NA,NA,NA,NA,1,NA
Cyanothece sp. ATCC 51142,NA,NA,NA,NA,2,NA,1,NA
Cyanothece sp. PCC 7424,1,2,1,2,2,5,3,2
Cyanothece sp. PCC 7425,3,NA,NA,NA,1,1,NA,NA
Cyanothece sp. PCC 7822,1,1,NA,NA,1,NA,NA,NA
Cyanothece sp. PCC 8801,2,NA,2,NA,2,1,3,1
Cyanothece sp. PCC 8802,2,NA,1,NA,2,1,2,1
Cyclobacterium amurskyense,8,7,4,8,6,2,1,6
Cyclobacterium marinum,NA,1,2,2,5,7,4,3
Cycloclasticus sp. P1,NA,NA,1,1,2,2,1,NA
Cycloclasticus zancles,4,1,NA,1,1,2,1,2
Cytophaga hutchinsonii,7,6,5,2,7,8,5,3
Dactylococcopsis salina,NA,NA,NA,1,1,3,NA,1
Dechloromonas aromatica (nom. nud.),2,NA,1,3,3,1,3,3
Deferribacter desulfuricans,1,2,2,NA,1,4,3,4
Defluviimonas alba,7,4,2,5,4,NA,1,1
Defluviitoga tunisiensis,1,NA,NA,NA,2,2,NA,1
Dehalobacter restrictus,3,3,1,1,3,9,6,3
Dehalobacter sp. CF,4,5,2,2,3,8,8,2
Dehalobacter sp. DCA,3,4,2,2,3,8,8,2
Dehalococcoides mccartyi,7,1,4,3,5,2,2,3
Dehalococcoides sp. UCH007,1,NA,3,1,NA,1,NA,1
Dehalogenimonas lykanthroporepellens,3,3,NA,5,1,NA,NA,2
Deinococcus,NA,1,1,NA,NA,NA,NA,NA
Deinococcus actinosclerus,3,8,4,6,3,1,2,2
Deinococcus deserti,5,3,2,4,NA,4,1,3
Deinococcus geothermalis,3,2,1,4,2,3,4,4
Deinococcus gobiensis,5,9,6,7,4,4,6,11
Deinococcus maricopensis,4,5,7,7,1,2,2,NA
Deinococcus peraridilitoris,NA,5,3,1,4,1,3,NA
Deinococcus proteolyticus,6,3,5,3,3,3,2,4
Deinococcus puniceus,1,2,6,8,2,1,2,NA
Deinococcus radiodurans,4,5,2,3,NA,2,3,3
Deinococcus radiopugnans,8,9,5,11,2,3,3,3
Delftia acidovorans,8,19,13,8,10,6,13,5
Delftia phage RG-2014,NA,NA,NA,NA,NA,NA,1,NA
Delftia sp. Cs1-4,9,12,6,9,5,7,7,4
Delftia tsuruhatensis,7,10,8,7,7,8,9,3
Denitrobacterium detoxificans,21,28,40,31,16,24,29,20
Denitrovibrio acetiphilus,NA,NA,NA,NA,2,1,6,2
Dermabacter vaginalis,1,1,3,2,1,1,1,2
Dermacoccaceae,NA,NA,NA,1,NA,NA,NA,NA
Dermacoccus nishinomiyaensis,2,3,2,3,2,3,2,4
Desulfarculus baarsii,5,7,12,8,5,5,7,4
Desulfatibacillum alkenivorans,2,2,4,3,2,2,3,1
Desulfitobacterium dehalogenans,NA,1,2,6,6,8,8,7
Desulfitobacterium dichloroeliminans,1,NA,3,6,6,5,11,6
Desulfitobacterium hafniense,4,5,3,10,7,5,11,9
Desulfitobacterium metallireducens,5,3,3,2,3,5,4,3
Desulfobacca acetoxidans,NA,3,3,1,1,1,1,2
Desulforapulum autotrophicum,4,NA,1,4,5,3,NA,2
Desulfobacula toluolica,NA,3,NA,NA,1,3,5,1
Desulfobulbus propionicus,5,6,5,8,2,8,2,6
Desulfocapsa sulfexigens,5,1,4,1,4,3,3,NA
Desulfococcus multivorans,2,2,5,7,1,2,2,6
Desulfosudis oleivorans,2,4,3,3,3,NA,2,3
Desulfohalobium retbaense,3,1,3,3,3,1,4,1
Desulfomicrobium baculatum,2,4,6,6,4,NA,4,4
Desulfomicrobium orale,1,4,5,1,3,2,3,7
Desulfomonile tiedjei,3,3,1,2,3,2,3,1
Desulfosporosinus acidiphilus,2,1,NA,2,3,6,NA,3
Desulfosporosinus meridiei,2,1,1,3,4,4,3,5
Desulfosporosinus orientis,NA,NA,2,1,3,6,6,4
Desulfotalea psychrophila,3,1,3,NA,5,1,2,NA
Desulfofarcimen acetoxidans,3,3,4,2,4,6,7,3
Desulfoscipio gibsoniae,2,9,5,5,4,5,6,6
Desulfofundulus kuznetsovii,3,6,8,5,3,1,2,1
Desulfotomaculum nigrificans,1,1,NA,2,2,NA,1,2
Desulforamulus reducens,2,NA,3,3,2,2,5,6
Desulforamulus ruminis,1,8,4,2,6,3,6,8
Desulfovibrio,NA,1,NA,1,NA,NA,NA,1
Pseudodesulfovibrio aespoeensis,5,8,2,5,2,3,6,5
Desulfocurvibacter africanus,4,6,6,5,4,3,3,3
Oleidesulfovibrio alaskensis,7,8,6,9,5,2,5,2
Desulfovibrio desulfuricans,5,6,5,10,8,18,30,11
Desulfovibrio fairfieldensis,7,5,4,4,6,15,46,11
Solidesulfovibrio magneticus,7,14,6,9,3,8,12,2
Maridesulfovibrio salexigens,2,2,6,8,3,5,2,1
Desulfovibrio sp. J2,6,6,10,2,2,6,3,5
Nitratidesulfovibrio vulgaris,14,16,13,16,8,11,34,17
Desulfovibrionaceae,NA,NA,NA,1,NA,NA,NA,NA
Desulfurella acetivorans,1,1,NA,NA,2,1,4,NA
Desulfurispirillum indicum,3,5,5,9,3,1,4,3
Desulfurivibrio,NA,1,NA,NA,NA,NA,NA,NA
Desulfurivibrio alkaliphilus,4,5,10,9,2,1,4,2
Desulfurobacterium thermolithotrophum,NA,1,NA,4,1,2,4,NA
Desulfurococcus amylolyticus,1,NA,NA,NA,NA,NA,NA,NA
Desulfurococcus mucosus,NA,NA,NA,NA,NA,NA,NA,1
Desulfuromonas,NA,NA,2,NA,NA,NA,1,NA
Desulfuromonas soudanensis,3,7,6,3,3,4,1,2
Desulfuromonas sp. DDH964,8,9,3,5,4,3,3,3
Devosia sp. A16,7,9,1,3,4,3,3,3
Devosia sp. H5989,3,6,10,6,2,3,2,4
Dialister pneumosintes,1,NA,3,NA,2,4,8,3
Diatraea saccharalis granulovirus,NA,NA,NA,1,2,NA,NA,1
Dichelobacter nodosus,NA,NA,NA,2,1,1,1,1
Dickeya dadantii,2,3,4,3,2,3,2,1
Dickeya solani,1,3,8,5,4,5,3,2
Dickeya zeae,4,7,5,6,8,4,5,3
Dictyoglomus thermophilum,2,1,1,2,4,1,4,1
Dictyoglomus turgidum,NA,NA,NA,1,2,NA,3,NA
Dinoroseobacter shibae,1,1,1,2,2,2,1,3
Dokdonella koreensis,3,4,5,5,1,2,4,5
Dokdonia donghaensis,2,1,NA,2,6,NA,3,NA
Dokdonia sp. 4H-3-7-5,3,2,1,NA,8,NA,2,3
Dokdonia sp. MED134,NA,NA,NA,1,2,1,NA,NA
Draconibacterium orientale,16,14,15,16,19,9,18,9
Dyadobacter fermentans,7,8,6,10,9,3,8,8
Dyella,NA,NA,1,NA,NA,NA,NA,NA
Dyella japonica,9,4,6,8,4,1,3,1
Dyella jiangningensis,8,4,5,2,2,1,2,4
Dyella thiooxydans,8,5,8,3,NA,1,4,6
Echinicola vietnamensis,10,6,12,11,12,5,4,6
Ectothiorhodospira,NA,1,NA,NA,NA,NA,NA,NA
Ectothiorhodospira sp. BSL-9,6,6,1,8,1,1,1,7
Ectothiorhodospiraceae,NA,NA,NA,1,NA,NA,NA,NA
Edwardsiella
 
 <enterobacteria>
 
,NA,NA,NA,NA,NA,1,1,1
Edwardsiella anguillarum,4,1,4,8,NA,3,9,6
Edwardsiella hoshinae,1,4,2,5,3,2,1,4
Edwardsiella ictaluri,1,NA,3,7,1,2,2,NA
Edwardsiella piscicida,2,1,2,4,NA,1,NA,3
Edwardsiella sp. EA181011,NA,4,4,5,NA,2,2,1
Edwardsiella tarda,6,5,7,9,4,3,4,5
Eggerthella,NA,NA,NA,1,NA,NA,NA,1
Eggerthella lenta,17,48,69,35,76,190,1045,247
Eggerthella sp. YY7918,4,17,22,15,10,30,58,30
Ehrlichia canis,NA,NA,1,NA,NA,NA,NA,NA
Ehrlichia chaffeensis,2,NA,NA,NA,NA,NA,NA,NA
Ehrlichia muris,1,2,NA,1,1,NA,NA,NA
Ehrlichia ruminantium,1,1,NA,1,3,1,NA,NA
Ehrlichia sp. HF,NA,NA,NA,NA,NA,1,NA,1
Elephant endotheliotropic herpesvirus 4,NA,NA,NA,NA,NA,1,NA,NA
Elizabethkingia anophelis,7,5,4,4,4,7,4,8
Elizabethkingia miricola,6,1,3,NA,7,7,9,10
Elusimicrobium minutum,1,3,NA,1,4,NA,NA,4
Emticicia oligotrophica,12,8,4,7,6,3,3,3
Endomicrobium proavitum,1,NA,2,1,NA,3,1,NA
endosymbiont of Acanthamoeba sp. UWC8,2,NA,NA,NA,2,4,4,NA
endosymbiont of unidentified scaly snail isolate Monju,3,5,4,6,1,4,1,5
Ensifer adhaerens,3,5,2,9,3,1,2,5
Enterobacter,1,2,NA,NA,1,NA,NA,1
Enterobacter asburiae,9,13,6,8,7,9,13,15
Enterobacter cloacae,20,20,10,6,20,29,44,36
Enterobacter hormaechei subsp. hoffmannii,4,5,2,3,4,6,10,6
Enterobacter roggenkampii,NA,5,3,4,2,4,2,5
Enterobacter roggenkampii,3,6,4,4,5,5,12,6
Enterobacter hormaechei,9,8,5,7,7,12,13,7
Enterobacter kobei,1,3,2,2,5,4,2,4
[Enterobacter] lignolyticus,3,6,6,7,4,3,5,4
Enterobacter ludwigii,4,6,1,2,1,1,4,NA
Enterobacter phage CC31,NA,NA,1,NA,NA,NA,NA,NA
Enterobacter sp. 638,2,2,3,3,4,2,4,1
Enterobacter sp. E20,5,3,1,2,2,3,2,4
Enterobacter sp. FY-07,1,1,2,4,3,3,1,NA
Enterobacter sp. HK169,4,3,1,4,1,2,1,5
Enterobacter sp. ODB01,2,3,2,3,3,4,1,5
Enterobacter sp. R4-368,2,2,3,3,7,3,3,7
Enterobacter xiangfangensis,5,1,3,7,3,3,4,2
Enterobacteria phage 933W,NA,NA,NA,NA,15,51,17,18
Enterobacteria phage BP-4795,NA,NA,NA,NA,5,27,5,16
Enterobacteria phage cdtI,NA,NA,NA,NA,2,3,1,1
Enterobacteria phage HK106,NA,NA,NA,NA,1,NA,NA,1
Enterobacteria phage HK544,NA,NA,NA,NA,NA,NA,NA,1
Enterobacteria phage HK629,NA,NA,NA,NA,2,1,NA,1
Enterobacteria phage HK630,NA,NA,NA,NA,2,1,NA,1
Enterobacteria phage mEp235,NA,NA,NA,NA,NA,NA,1,NA
Enterobacteria phage mEp460,NA,NA,NA,NA,1,2,NA,NA
Enterobacteria phage Min27,NA,NA,NA,NA,12,42,14,15
Enterobacteria phage P88,NA,NA,NA,NA,1,1,1,1
Enterobacteria phage phiK,NA,NA,NA,NA,NA,NA,1,1
Pseudotevenvirus RB16,NA,NA,NA,NA,1,NA,NA,NA
Enterobacteria phage RB43,NA,NA,NA,NA,1,NA,NA,NA
Enterobacteria phage St-1,NA,NA,NA,NA,NA,NA,1,1
Enterobacteria phage VT2-Sakai,NA,NA,NA,NA,14,60,17,19
Enterobacteria phage VT2phi_272,NA,NA,NA,NA,11,39,11,14
Enterobacteria phage YYZ-2008,NA,NA,NA,NA,15,48,11,27
Enterobacteriaceae,NA,NA,3,NA,NA,1,2,NA
Enterobacteriaceae bacterium strain FGI 57,5,3,3,5,3,1,NA,3
Enterococcus casseliflavus,4,3,1,2,1,2,5,2
Enterococcus durans,NA,NA,NA,NA,2,3,14,5
Enterococcus faecalis,6,8,10,5,5,14,29,14
Enterococcus faecium,11,18,22,30,57,128,793,188
Enterococcus gallinarum,4,1,NA,1,4,2,6,3
Enterococcus hirae,1,1,NA,3,3,1,13,4
Enterococcus mundtii,1,2,NA,2,3,5,9,10
Enterococcus phage Ec-ZZ2,NA,NA,1,NA,NA,NA,NA,NA
Enterococcus phage IME-EF4,NA,NA,1,NA,NA,NA,NA,NA
Enterococcus phage IME-EFm1,NA,NA,NA,NA,NA,1,NA,NA
Enterococcus phage phiFL1A,NA,NA,NA,NA,1,NA,NA,NA
Enterococcus phage phiFL2A,NA,NA,NA,NA,1,NA,NA,NA
Enterococcus phage phiFL3A,NA,NA,NA,NA,1,NA,NA,NA
Equid herpesvirus 5,NA,NA,NA,NA,NA,NA,1,NA
Erwinia,NA,1,NA,NA,NA,NA,NA,NA
Erwinia amylovora,1,NA,NA,NA,1,NA,NA,2
Erwinia billingiae,7,8,1,6,6,2,4,5
Erwinia gerundensis,3,3,5,4,6,2,1,3
Erwinia phage phiEaH2,NA,NA,NA,NA,NA,NA,1,NA
Erwinia pyrifoliae,1,NA,1,NA,3,1,NA,5
Erwinia sp. Ejp617,1,NA,NA,1,5,NA,NA,3
Erwinia tasmaniensis,NA,NA,4,1,2,2,4,4
Erysipelothrix rhusiopathiae,1,1,1,1,1,5,5,6
Erysipelothrix sp. LV19,NA,1,NA,NA,3,4,7,3
Erysipelotrichaceae bacterium I46,9,8,4,10,34,75,61,48
Erythrobacter,NA,1,NA,NA,NA,NA,NA,NA
Erythrobacter atlanticus,3,1,NA,2,NA,1,1,1
Erythrobacter litoralis,5,4,6,7,5,NA,2,6
Escherichia albertii,NA,3,1,2,16,43,16,32
Escherichia coli,16,14,11,12,1395,3597,1630,2228
Escherichia fergusonii,4,8,3,7,25,55,20,37
Escherichia phage 121Q,NA,NA,NA,NA,NA,NA,1,NA
Escherichia phage P13374,NA,NA,NA,NA,6,19,5,2
Escherichia phage PA2,NA,NA,NA,NA,10,40,11,13
Escherichia phage phi191,NA,NA,NA,NA,6,16,4,3
Escherichia phage TL-2011b,NA,NA,NA,NA,NA,NA,NA,1
Escherichia phage TL-2011c,NA,NA,NA,NA,5,19,10,6
Escherichia Stx1 converting phage,NA,NA,NA,NA,14,57,20,25
Shamshuipovirus HK022,NA,NA,NA,NA,NA,NA,1,NA
Byrnievirus HK97,NA,NA,NA,NA,1,NA,NA,1
Lambdavirus lambda,NA,NA,NA,NA,2,1,NA,1
Ethanoligenens,NA,NA,NA,1,NA,NA,NA,1
Ethanoligenens harbinense,24,42,32,54,9,22,11,24
Eubacterium limosum,14,22,12,19,19,70,43,47
Exiguobacterium antarcticum,1,1,1,NA,1,3,2,1
Exiguobacterium artemiae,NA,4,2,2,4,2,5,3
Exiguobacterium sp. AT1b,NA,3,1,1,2,NA,4,2
Exiguobacterium sp. MH3,NA,3,NA,NA,1,2,3,3
Exiguobacterium sp. U13-1,NA,1,NA,NA,2,2,NA,3
Faecalibaculum rodentium,4,14,12,12,6,6,5,12
Falconid herpesvirus 1,NA,NA,NA,NA,NA,1,NA,NA
Fermentimonas caenicola,25,18,10,14,28,12,9,6
Ferret papillomavirus,NA,NA,NA,NA,NA,NA,1,NA
Ferrimonas balearica,7,2,8,8,2,3,3,4
Ferroglobus placidus,NA,1,NA,2,1,NA,3,NA
Ferroplasma acidarmanus,2,1,NA,NA,NA,NA,2,NA
Fervidobacterium islandicum,NA,NA,NA,1,2,1,NA,1
Fervidobacterium nodosum,1,2,NA,NA,3,1,1,1
Fervidobacterium pennivorans,2,1,3,1,NA,1,2,NA
Fibrobacter succinogenes,13,10,4,18,12,6,6,4
Fictibacillus arsenicus,1,2,NA,2,5,5,5,7
Fictibacillus phosphorivorans,NA,2,3,NA,NA,2,4,3
Filifactor alocis,2,NA,1,1,1,7,10,4
Fimbriimonas ginsengisoli,NA,2,NA,1,4,4,1,2
Finegoldia magna,2,2,2,2,28,79,316,111
Fischerella sp. NIES-3754,3,1,1,NA,2,NA,3,1
Flammeovirga sp. MY04,10,9,8,4,8,6,10,3
Flammeovirgaceae bacterium 311,12,12,6,14,12,8,2,11
Flavisolibacter sp. LCS9,13,6,1,7,10,4,3,3
Flavobacteriaceae bacterium 3519-10,5,NA,4,1,2,2,5,2
Flavobacterium branchiophilum,5,5,1,2,3,4,3,2
Flavobacterium columnare,9,7,4,9,9,4,2,11
Flavobacterium gilvum,5,7,4,7,9,8,5,4
Flavobacterium indicum,2,NA,3,2,NA,5,1,3
Flavobacterium johnsoniae,12,15,11,20,21,12,8,5
Flavobacterium psychrophilum,12,4,2,3,17,2,2,3
Flavobacterium sp. LPB0076,1,1,NA,1,5,NA,1,4
Flavobacterium sp. PK15,2,4,4,3,7,5,4,3
Flavonifractor plautii,78,118,99,137,161,295,924,427
Bernardetia litoralis,3,2,2,2,1,NA,3,1
Flexistipes sinusarabici,NA,1,1,1,1,5,2,1
Fluviicola taffensis,6,4,3,4,8,2,1,2
Formosa sp. Hel1_33_131,3,2,1,1,7,4,3,1
Formosa sp. Hel3_A1_48,1,1,NA,NA,2,3,2,1
Francisella noatunensis,NA,NA,NA,NA,NA,3,1,NA
Francisella persica,NA,1,2,NA,NA,1,1,NA
Francisella philomiragia,4,NA,NA,2,1,8,4,5
Francisella sp. FSC1006,1,1,3,2,2,2,4,2
Francisella sp. TX077308,3,NA,NA,NA,NA,1,2,1
Francisella tularensis,1,2,2,NA,4,5,5,6
Frankia alni,1,4,3,4,NA,1,3,5
Frankia casuarinae,1,3,1,3,1,NA,1,2
Frankia inefficax,7,6,6,1,3,3,4,3
Frankia sp. EAN1pec,3,4,5,6,1,NA,4,1
Frankia symbiont of Datisca glomerata,NA,4,1,2,1,5,NA,1
Frateuria aurantia,NA,3,1,7,1,4,1,3
Frischella perrara,1,NA,1,NA,1,NA,4,1
Frondihabitans sp. PAMC 28766,1,2,NA,1,1,1,2,2
Fusobacterium hwasookii,1,4,4,1,2,7,5,7
Fusobacterium nucleatum,5,5,7,4,12,21,13,14
Gallibacterium anatis,3,3,1,2,4,3,1,NA
Gallionella capsiferriformans,2,2,4,5,3,3,NA,5
gamma proteobacterium HdN1,3,1,5,3,2,NA,3,2
Gammaproteobacteria bacterium TR3.2,3,4,10,3,3,3,2,3
Gardnerella vaginalis,3,5,2,5,NA,3,2,1
Geitlerinema sp. PCC 7407,4,5,4,1,4,4,1,1
Gemella sp. oral taxon 928,3,1,1,2,1,5,3,4
Geminocystis sp. NIES-3708,1,2,1,1,NA,1,3,1
Geminocystis sp. NIES-3709,2,NA,NA,1,5,2,3,NA
Gemmatimonas aurantiaca,10,6,3,2,9,NA,2,2
Geoalkalibacter subterraneus,5,4,5,5,1,3,2,2
Geobacillus,NA,NA,NA,NA,NA,NA,1,NA
Geobacillus kaustophilus,1,1,2,NA,1,2,4,4
Geobacillus sp. 12AMOR1,3,2,1,1,3,3,4,4
Geobacillus sp. C56-T3,3,3,1,3,4,3,1,2
Geobacillus sp. GHH01,1,2,2,1,2,2,2,6
Geobacillus sp. JF8,3,1,2,NA,2,1,1,2
Geobacillus sp. JS12,1,3,4,1,2,2,1,4
Geobacillus sp. LC300,4,2,1,2,2,1,3,5
Geobacillus sp. WCH70,2,NA,1,1,2,2,2,4
Geobacillus sp. Y4.1MC1,NA,NA,NA,1,1,3,4,NA
Geobacillus sp. Y412MC52,3,2,NA,1,3,3,2,4
Geobacillus sp. Y412MC61,3,1,NA,2,4,3,1,4
Geobacillus stearothermophilus,1,3,1,NA,2,2,2,6
Geobacillus subterraneus,5,NA,2,4,4,1,3,2
Geobacillus thermodenitrificans,NA,1,3,NA,1,4,2,4
Geobacillus thermoleovorans,3,1,2,1,4,1,3,3
Geobacter,NA,2,1,NA,NA,NA,NA,NA
Geobacter anodireducens,6,7,3,10,4,5,2,4
Citrifermentans bemidjiense,6,10,4,12,2,3,5,4
Geotalea daltonii,2,4,5,6,2,3,3,5
Trichlorobacter lovleyi,3,7,8,3,1,3,2,8
Geobacter metallireducens,4,6,4,11,2,3,2,1
Geobacter pickeringii,5,7,8,2,4,3,3,3
Geobacter sp. M18,4,13,7,10,2,1,6,7
Geobacter sp. M21,8,10,6,7,5,7,4,4
Geobacter sulfurreducens,1,4,5,6,3,2,3,6
Geotalea uraniireducens,5,8,7,9,5,1,6,6
Geodermatophilus,1,NA,NA,NA,1,NA,NA,NA
Geodermatophilus obscurus,5,3,3,4,1,NA,4,3
Geoglobus acetivorans,4,NA,NA,NA,NA,NA,NA,1
Geoglobus ahangari,NA,1,NA,NA,NA,1,NA,1
Geosporobacter ferrireducens,2,2,NA,3,7,14,11,10
Gilliamella apicola,1,1,2,4,1,1,1,3
Brumicola nitratireducens,1,NA,NA,1,5,2,NA,1
Glaciecola sp. 4H-3-7+YE-5,1,NA,NA,NA,2,1,NA,1
Gloeobacter kilaueensis,2,4,2,4,3,1,1,4
Gloeobacter violaceus,4,3,2,6,2,4,NA,1
Gloeocapsa sp. PCC 7428,NA,1,1,NA,3,1,1,1
Glossina pallidipes salivary gland hypertrophy virus,1,1,NA,NA,NA,NA,NA,NA
Gluconacetobacter diazotrophicus,3,6,4,5,2,1,2,3
Gluconobacter oxydans,9,6,10,7,9,2,5,2
Glutamicibacter arilaitensis,4,2,3,4,1,2,NA,6
Golden mussel marseillevirus,NA,NA,NA,NA,NA,1,NA,NA
Gordonia
 
 <eudicots>
 
,NA,NA,1,NA,NA,NA,NA,NA
Gordonia bronchialis,4,2,6,1,1,1,2,1
Gordonia phage Emalyn,NA,1,1,NA,NA,NA,NA,NA
Gordonia phage KatherineG,NA,NA,NA,NA,NA,NA,1,NA
Gordonia phage Remus,NA,NA,NA,NA,NA,NA,1,NA
Gordonia phage Rosalind,NA,NA,NA,NA,NA,NA,1,NA
Gordonia phage Soups,NA,NA,NA,NA,NA,NA,1,NA
Gordonia polyisoprenivorans,2,3,8,1,3,1,NA,3
Gordonia sp. KTR9,4,7,5,3,1,2,3,1
Gordonia sp. QH-11,6,4,3,3,1,NA,3,4
Gordonia terrae,3,9,2,6,3,2,2,3
Gottschalkia acidurici,4,4,5,1,2,3,6,4
Christiangramia forsetii,4,3,2,1,6,4,5,3
Granulibacter bethesdensis,3,7,6,4,5,NA,1,3
Granulicella mallensis,2,4,11,7,5,NA,4,3
Granulicella tundricola,1,1,1,1,1,1,1,4
Grapevine leafroll-associated virus 13,NA,NA,NA,1,NA,NA,NA,NA
Grimontia hollisae,3,2,1,4,2,NA,2,6
Gynuella sunshinyii,3,1,2,7,NA,NA,NA,1
Haematospirillum jordaniae,NA,2,NA,2,NA,1,1,NA
Haemophilus influenzae,5,4,2,3,5,5,5,2
Haemophilus parainfluenzae,1,NA,1,2,NA,2,1,NA
Hafnia alvei,1,1,3,3,3,7,7,5
Hahella chejuensis,4,1,4,6,1,1,NA,3
Halalkalicoccus jeotgali,NA,2,2,NA,NA,NA,1,NA
Halanaerobium hydrogeniformans,NA,NA,1,NA,2,NA,4,1
Halanaerobium praevalens,1,1,4,3,4,2,5,3
Haliangium ochraceum,14,6,10,9,4,7,9,6
Haliscomenobacter hydrossis,12,11,10,14,11,5,5,6
Haloarcula hispanica,1,NA,NA,NA,NA,NA,NA,NA
Haloarcula marismortui,NA,1,1,NA,1,1,1,1
Haloarcula sp. CBA1115,NA,1,NA,NA,NA,NA,NA,1
Halobacillus halophilus,1,1,2,NA,1,3,4,NA
Halobacteriovorax marinus,1,NA,1,NA,2,3,NA,NA
Halobacterium hubeiense,2,3,1,3,NA,NA,NA,2
Halobacterium salinarum,NA,NA,1,2,NA,1,NA,2
Halobacterium sp. DL1,1,2,4,2,NA,NA,NA,NA
Halobacteroides halobius,NA,1,NA,1,1,2,NA,1
Halocynthiibacter arcticus,2,NA,NA,NA,NA,NA,1,NA
Haloferax gibbonsii,2,NA,NA,4,2,1,NA,NA
Haloferax mediterranei,NA,NA,1,2,3,NA,1,NA
Haloferax volcanii,1,NA,2,5,NA,1,NA,1
Halogeometricum borinquense,1,2,NA,3,NA,1,1,NA
Halomicrobium mukohataei,NA,NA,3,1,NA,NA,1,1
Halomonas campaniensis,2,1,NA,1,1,1,NA,1
Halomonas chromatireducens,4,4,9,5,4,4,3,NA
Halomonas elongata,6,4,6,8,1,3,3,2
Halomonas huangheensis,NA,2,4,1,NA,1,1,4
Halomonas sp. KO116,4,1,5,4,2,2,2,2
halophilic archaeon DL31,NA,NA,NA,NA,1,NA,NA,NA
Halopiger xanaduensis,1,NA,2,1,NA,NA,1,2
Haloquadratum walsbyi,2,NA,NA,NA,NA,NA,NA,3
Halorhabdus tiamatea,1,NA,2,NA,NA,2,NA,NA
Halorhabdus utahensis,1,3,1,1,1,1,NA,1
Halorhodospira halophila,1,3,3,2,1,NA,3,1
Halorubrum lacusprofundi,1,1,NA,NA,NA,1,1,1
Halostagnicola larsenii,NA,2,2,1,NA,1,NA,1
Halotalea alkalilenta,8,3,4,3,2,3,1,3
Haloterrigena turkmenica,NA,1,NA,1,NA,1,NA,NA
Halothece sp. PCC 7418,NA,1,2,NA,NA,1,NA,1
Halothermothrix orenii,1,1,NA,NA,1,2,1,3
Halothiobacillus neapolitanus,4,1,2,2,2,1,NA,1
Halothiobacillus sp. LS2,4,1,3,4,NA,3,2,3
Halovirus HGTV-1,NA,NA,1,NA,NA,NA,NA,NA
Halovirus HHTV-1,NA,NA,1,1,NA,NA,NA,NA
Helicobacter acinonychis,NA,NA,NA,1,NA,2,NA,NA
Helicobacter cetorum,1,NA,NA,NA,1,2,1,NA
Helicobacter cinaedi,1,1,NA,NA,NA,NA,1,NA
Helicobacter felis,NA,NA,NA,NA,3,NA,NA,1
Helicobacter hepaticus,1,1,NA,NA,1,NA,2,NA
Helicobacter himalayensis,2,NA,NA,1,NA,NA,NA,NA
Helicobacter mustelae,NA,1,NA,1,NA,1,1,NA
Helicobacter pylori,4,3,3,3,4,4,7,3
Helicobacter sp. MIT 01-6242,5,NA,1,1,3,2,NA,1
Helicobacter typhlonius,NA,NA,NA,1,1,NA,1,NA
Heliomicrobium modesticaldum,2,6,6,4,5,3,5,8
Herbaspirillum,NA,NA,1,NA,NA,NA,NA,NA
Herbaspirillum hiltneri,8,4,3,7,8,1,4,5
Herbaspirillum rubrisubalbicans,5,5,13,8,3,2,5,2
Herbaspirillum seropedicae,7,9,7,11,4,2,8,3
Herminiimonas arsenicoxydans,1,3,3,2,NA,1,3,2
Hippea maritima,NA,NA,1,NA,2,1,1,1
Hirschia baltica,2,4,2,2,NA,NA,NA,3
Histophilus somni,6,2,1,3,1,2,NA,1
Hoeflea sp. IMCC20628,2,1,1,3,1,3,2,NA
Homo sapiens,585,389,234,386,603,426,442,424
Honeysuckle yellow vein virus,1,NA,NA,NA,NA,NA,NA,NA
Horseradish latent virus,NA,NA,NA,2,3,NA,NA,NA
Hoyosella,1,NA,NA,NA,1,NA,NA,NA
Hoyosella subflava,3,1,2,NA,2,NA,2,1
Hydrogenobacter thermophilus,1,NA,1,1,NA,NA,1,NA
Hydrogenobaculum sp. 3684,2,2,3,NA,NA,2,2,3
Hydrogenobaculum sp. HO,2,2,3,NA,NA,2,2,3
Hydrogenobaculum sp. SHO,2,2,3,NA,NA,2,2,3
Hydrogenobaculum sp. SN,2,2,3,NA,NA,2,2,3
Hydrogenobaculum sp. Y04AAS1,2,2,3,NA,NA,1,NA,3
Hydrogenophaga sp. LPB0072,4,2,4,4,5,3,3,3
Hydrogenophaga sp. PBC,4,5,9,6,1,5,11,8
Hydrogenophaga sp. RAC07,5,3,5,7,3,6,3,1
Hymenobacter sp. APR13,12,18,10,18,7,7,6,6
Hymenobacter sp. DG25A,10,5,4,16,5,6,8,8
Hymenobacter sp. DG25B,14,9,12,13,16,3,4,6
Hymenobacter sp. DG5B,10,9,12,14,11,7,7,11
Hymenobacter sp. PAMC 26554,17,16,10,12,12,6,9,13
Hymenobacter sp. PAMC 26628,9,12,11,15,9,8,8,9
Hymenobacter swuensis,9,8,7,11,8,4,9,5
Hyperthermus butylicus,NA,2,NA,NA,NA,NA,NA,NA
Hyphomicrobium,NA,NA,1,NA,NA,NA,1,NA
Hyphomicrobium denitrificans,3,5,7,4,6,5,6,1
Hyphomicrobium nitrativorans,2,3,7,5,1,2,1,4
Hyphomicrobium sp. MC1,2,4,5,2,1,2,1,2
Hyphomonas neptunium,1,3,NA,1,NA,1,NA,1
Hyphomonas sp. Mor2,1,NA,2,1,1,1,2,3
Idiomarina loihiensis,2,1,NA,NA,1,3,1,2
Ignavibacterium album,2,1,NA,1,2,5,2,2
Ilumatobacter,NA,NA,1,NA,NA,NA,NA,NA
Ilumatobacter coccineus,9,7,6,8,4,1,3,1
Ilyobacter polytropus,4,6,NA,4,6,6,6,6
Indian cassava mosaic virus,NA,NA,NA,1,NA,NA,NA,NA
Intestinimonas butyriciproducens,56,80,70,82,42,72,62,88
Intrasporangium calvum,2,3,3,3,2,1,NA,NA
Isoptericola,1,NA,NA,NA,1,NA,NA,NA
Isoptericola dokdonensis,4,5,5,2,4,2,2,6
Isoptericola variabilis,1,4,6,2,1,NA,2,NA
Isosphaera pallida,1,NA,3,1,1,2,NA,NA
Jannaschia sp. CCS1,1,1,5,1,NA,2,NA,1
Janthinobacterium agaricidamnosum,NA,3,6,2,3,1,3,7
Janthinobacterium sp. 1_2014MBL_MicDiv,4,4,4,5,3,4,9,9
Janthinobacterium sp. B9-8,NA,1,NA,3,1,1,NA,2
Janthinobacterium sp. Marseille,1,2,1,1,1,3,4,1
Jeongeupia sp. USM3,3,8,2,7,4,2,NA,6
Jeotgalibacillus malaysiensis,NA,1,1,1,3,5,6,5
Jonesia denitrificans,2,1,1,4,NA,1,1,NA
Kangiella geojedonensis,NA,1,1,NA,1,2,6,NA
Kangiella koreensis,NA,NA,NA,1,1,1,5,2
Kangiella sediminilitoris,NA,NA,NA,NA,3,NA,NA,2
Ketogulonicigenium vulgare,3,2,2,3,1,2,NA,3
Kibdelosporangium phytohabitans,4,2,9,3,4,2,2,3
Kineococcus radiotolerans,NA,6,4,2,3,NA,3,5
Candidatus Kinetoplastidibacterium blastocrithidiae,NA,NA,NA,NA,NA,1,NA,2
Kingella
 
 <b-proteobacteria>
 
,NA,NA,NA,NA,NA,1,1,NA
Kingella kingae,2,NA,1,2,2,3,2,1
Kitasatospora setae,5,3,7,9,NA,1,4,2
Klebsiella,2,2,NA,NA,1,NA,NA,4
Klebsiella michiganensis,9,9,5,2,5,11,21,13
Klebsiella oxytoca,11,15,12,11,12,24,44,23
Klebsiella pneumoniae,22,22,11,19,311,788,2571,1097
Klebsiella quasipneumoniae,4,4,6,6,10,17,46,18
[Enterobacter] lignolyticus,2,4,5,10,1,5,3,2
Klebsiella sp. LTGPAF-6F,4,5,8,4,3,4,5,4
Klebsiella variicola,9,14,8,11,78,185,1279,267
Kluyvera intermedia,2,4,2,3,4,2,9,6
Kocuria flava,1,6,2,2,NA,1,5,1
Kocuria palustris,3,3,6,3,1,NA,NA,6
Kocuria rhizophila,3,3,4,3,1,NA,2,3
Komagataeibacter medellinensis,2,5,5,4,1,2,NA,3
Komagataeibacter xylinus,2,5,5,1,1,5,1,NA
Kosakonia oryzae,NA,1,1,1,2,6,6,3
Kosakonia sacchari,NA,5,5,2,2,7,2,7
Kosmotoga olearia,3,NA,NA,1,3,NA,NA,NA
Kosmotoga pacifica,NA,1,1,1,NA,1,1,1
Kozakia baliensis,NA,NA,2,NA,1,3,1,NA
Kribbella flavida,NA,4,9,1,2,6,NA,4
Kurthia sp. 11kri321,2,2,2,2,4,3,3,NA
Kutzneria,NA,NA,NA,1,NA,NA,NA,1
Kutzneria albida,5,6,10,6,3,6,3,3
Kyrpidia tusciae,1,5,3,4,2,5,1,2
Kytococcus sedentarius,NA,2,9,3,3,1,4,3
Labrenzia sp. CP4,6,4,1,2,NA,5,1,1
Lachnoclostridium phytofermentans,2,3,3,2,26,70,41,46
Lachnoclostridium sp. YL32,21,39,30,47,60,151,116,106
Lacimicrobium alkaliphilum,3,9,5,4,2,3,2,5
Lacinutrix sp. 5H-3-7-4,1,NA,NA,NA,NA,3,1,2
Lactobacillus,NA,2,NA,NA,NA,NA,NA,NA
Lactobacillus acetotolerans,NA,NA,NA,NA,NA,2,3,4
Lactobacillus acidophilus,16,19,12,15,17,18,17,8
Lactobacillus amylovorus,8,10,4,10,13,7,8,6
Lactobacillus backii,1,2,2,2,NA,1,6,NA
Levilactobacillus brevis,3,2,NA,NA,2,NA,1,NA
Lentilactobacillus buchneri,2,1,NA,2,2,NA,1,2
Lacticaseibacillus casei,6,3,4,4,4,5,8,1
Latilactobacillus curvatus,NA,NA,NA,1,NA,1,3,NA
Lactobacillus delbrueckii,2,2,3,1,3,5,NA,4
Limosilactobacillus fermentum,1,1,1,2,1,1,3,2
Lactobacillus gallinarum,2,3,1,NA,NA,1,4,NA
Lactobacillus gasseri,NA,NA,NA,2,NA,2,3,1
Lactobacillus ginsenosidimutans,2,1,1,NA,4,2,2,2
Lactobacillus heilongjiangensis,NA,2,NA,NA,NA,3,3,3
Lactobacillus helveticus,2,3,2,2,1,3,8,2
Paucilactobacillus hokkaidonensis,1,NA,1,NA,NA,1,3,NA
Lactobacillus johnsonii,7,8,3,10,9,8,10,3
Lactobacillus kefiranofaciens,NA,NA,NA,2,NA,1,1,1
Levilactobacillus koreensis,2,NA,NA,1,2,1,NA,NA
Apilactobacillus kunkeei,1,NA,NA,1,3,NA,NA,1
Fructilactobacillus lindneri,NA,NA,NA,1,NA,6,NA,NA
Limosilactobacillus mucosae,7,8,6,9,7,10,10,3
Lacticaseibacillus paracasei,2,3,NA,NA,NA,2,3,3
Secundilactobacillus paracollinoides,6,5,3,3,3,2,2,5
Lactiplantibacillus paraplantarum,2,NA,NA,1,NA,1,1,2
Lactiplantibacillus plantarum,4,1,2,1,2,NA,1,5
Limosilactobacillus reuteri,8,8,4,10,6,13,10,3
Lacticaseibacillus rhamnosus,2,5,1,1,3,2,3,4
Ligilactobacillus ruminis,3,1,2,4,59,140,587,201
Latilactobacillus sakei,1,NA,NA,1,1,2,2,NA
Ligilactobacillus salivarius,5,4,3,4,5,5,7,10
Fructilactobacillus sanfranciscensis,1,NA,1,1,2,NA,3,1
Lactobacillus sp. wkB8,4,NA,NA,NA,1,NA,NA,NA
Lactococcus garvieae,4,3,NA,1,1,NA,2,2
Lactococcus lactis,4,3,NA,1,4,13,19,8
Lactococcus phage r1t,NA,NA,NA,NA,NA,NA,1,NA
Pseudolactococcus piscium,NA,2,NA,NA,2,2,3,3
Laribacter hongkongensis,7,3,1,1,1,NA,1,2
Lawsonella clevelandensis,3,2,4,1,NA,1,NA,NA
Lawsonia intracellularis,NA,NA,NA,1,NA,1,2,3
Leadbetterella byssophila,4,1,2,5,7,5,4,2
Leclercia adecarboxylata,3,2,3,5,4,6,3,2
Legionella fallonii,2,NA,NA,NA,1,1,2,NA
Legionella hackeliae,NA,NA,NA,NA,1,2,2,2
Legionella longbeachae,NA,1,NA,NA,NA,NA,3,NA
Legionella oakridgensis,NA,NA,NA,NA,1,1,2,NA
Legionella pneumophila,8,6,3,5,9,3,1,4
Leifsonia,NA,NA,1,NA,NA,NA,NA,NA
Leifsonia xyli,6,8,15,6,7,2,5,5
Leisingera methylohalidivorans,1,5,4,2,2,3,1,2
Lelliottia amnigena,2,3,2,3,4,3,3,4
Lentibacillus amyloliquefaciens,7,4,1,1,2,5,1,3
Lentzea sp. DHS C013,3,2,4,1,1,1,1,2
Leptolyngbya sp. NIES-3755,1,2,NA,NA,4,NA,NA,NA
Leptolyngbya sp. O-77,2,4,8,4,3,4,1,4
Leptolyngbya sp. PCC 7376,2,3,NA,3,4,NA,2,NA
Leptospira alstonii,2,NA,1,1,4,1,NA,NA
Leptospira biflexa,2,NA,NA,NA,4,1,6,2
Leptospira borgpetersenii,NA,NA,NA,NA,2,2,1,1
Leptospira interrogans,3,NA,1,NA,3,NA,1,3
Leptospira santarosai,1,NA,NA,NA,1,2,NA,2
Leptospirillum ferriphilum,2,3,NA,NA,NA,NA,NA,2
Leptospirillum ferrooxidans,1,NA,NA,NA,NA,1,2,1
Leptospirillum sp. Group II 'CF-1',4,2,NA,1,NA,NA,NA,2
Leptothrix cholodnii,4,8,9,8,7,2,1,6
Leptotrichia buccalis,2,3,3,3,2,6,5,2
Leptotrichia sp. oral taxon 212,1,2,2,NA,2,5,NA,4
Leptotrichia sp. oral taxon 847,1,NA,NA,1,3,5,3,2
Leuconostoc,NA,2,NA,NA,NA,NA,NA,NA
Leuconostoc carnosum,NA,4,2,3,NA,5,NA,1
Leuconostoc citreum,NA,3,3,3,NA,2,4,1
Leuconostoc gelidum,1,2,3,NA,2,4,2,2
Leuconostoc kimchii,3,4,2,1,2,1,3,3
Leuconostoc lactis,NA,3,2,2,2,2,NA,1
Leuconostoc mesenteroides,1,3,5,1,3,3,1,1
Leuconostoc phage P793,NA,NA,1,NA,NA,NA,NA,NA
Leuconostoc sp. C2,1,4,2,3,1,3,2,2
Liberibacter crescens,NA,NA,1,NA,NA,1,3,1
Limnochorda,NA,1,NA,NA,NA,NA,NA,NA
Limnochorda pilosa,9,7,5,9,2,3,4,4
Limnohabitans sp. 103DPR2,2,1,NA,5,1,1,2,NA
Limnohabitans sp. 63ED37-2,2,6,4,6,3,3,2,3
Listeria innocua,1,NA,1,4,1,3,1,1
Listeria ivanovii,2,NA,1,1,1,3,6,4
Listeria monocytogenes,1,1,4,6,4,3,9,13
Listeria phage List-36,NA,NA,NA,NA,NA,1,NA,NA
Listeria seeligeri,NA,NA,1,1,1,5,2,1
Listeria welshimeri,1,NA,1,1,1,2,1,3
Luteipulveratus mongoliensis,3,3,12,9,1,2,2,1
Lutibacter sp. LP1,NA,NA,1,1,6,4,6,1
Lutibacter sp. LPB0138,5,NA,1,2,NA,1,3,5
Lymphocystis disease virus - isolate China,NA,1,NA,1,NA,NA,NA,NA
Lysinibacillus fusiformis,2,1,1,2,2,2,1,3
Lysinibacillus sphaericus,2,NA,NA,2,4,3,4,2
Lysinibacillus varians,2,1,4,1,6,5,6,1
Lysobacter,NA,NA,1,NA,NA,NA,NA,NA
Lysobacter antibioticus,4,5,5,6,NA,2,NA,5
Lysobacter capsici,2,4,4,6,NA,NA,4,1
Lysobacter gummosus,4,4,NA,4,NA,1,3,3
Macrococcoides caseolyticum,2,NA,NA,2,2,6,2,NA
Mageeibacillus indolicus,6,2,2,5,4,10,3,8
Magnetococcus marinus,1,NA,2,3,NA,NA,2,2
Magnetospira sp. QH-2,1,5,1,3,NA,1,5,2
Magnetospirillum gryphiswaldense,5,4,11,2,1,3,1,3
Paramagnetospirillum magneticum,6,9,8,11,6,NA,2,6
Magnetospirillum sp. XM-1,2,9,5,10,2,1,2,9
Mahella australiensis,1,1,5,5,1,4,3,2
Maize bushy stunt phytoplasma,1,NA,NA,NA,NA,NA,NA,2
Mannheimia,NA,NA,NA,NA,NA,NA,1,NA
Mannheimia haemolytica,6,2,1,3,2,NA,4,2
Mannheimia sp. USDA-ARS-USMARC-1261,3,2,1,2,2,1,2,NA
Mannheimia varigena,3,1,1,NA,1,2,NA,4
Maribacter sp. 1_2014MBL_MicDiv,9,2,1,3,9,3,1,2
Maribacter sp. HTCC2170,3,2,3,2,9,2,1,2
Maricaulis maris,2,5,4,9,5,2,1,3
Marichromatium purpuratum,7,7,6,6,7,3,3,4
Marinithermus hydrothermalis,5,4,3,6,4,2,1,1
Marinitoga piezophila,NA,NA,NA,NA,3,3,3,2
Marinobacter adhaerens,3,4,2,6,2,2,2,2
Marinobacter nauticus,9,9,3,10,6,1,3,1
Marinobacter psychrophilus,3,5,1,2,NA,1,2,1
Marinobacter salarius,1,2,2,2,NA,4,3,2
Marinobacter similis,4,2,1,3,5,1,NA,2
Marinobacter sp. BSs20148,2,4,4,3,NA,NA,2,2
Marinobacter sp. CP1,5,3,4,5,2,3,NA,2
Marinobacter sp. Hb8,1,2,NA,2,1,2,NA,1
Marinobacter sp. LQ44,4,NA,4,1,NA,1,2,NA
Marinobacterium sp. ST58-10,9,8,5,5,8,1,1,2
Marinomonas mediterranea,NA,1,3,NA,1,1,3,4
Marinomonas posidonica,3,3,2,7,4,NA,1,2
Marinomonas sp. MWYL1,NA,1,1,2,2,3,NA,3
Marinovum algicola,1,2,3,4,NA,2,6,2
Marivirga tractuosa,5,3,2,1,6,4,3,2
Martelella endophytica,6,5,6,3,1,2,4,3
Martelella sp. AD-3,6,9,8,6,3,2,NA,2
Massilia,NA,2,NA,NA,NA,NA,NA,NA
Massilia sp. NR 4-1,5,3,7,12,1,2,4,2
Massilia sp. WG5,2,8,10,6,4,1,3,2
Megasphaera elsdenii,14,6,9,9,57,118,668,130
Meiothermus ruber,5,2,4,4,2,1,2,3
Allomeiothermus silvanus,2,4,1,2,1,2,3,2
Melioribacter roseus,3,2,2,1,4,3,2,NA
Melissococcus plutonius,3,1,NA,1,1,2,1,2
Mesoplasma florum,NA,NA,NA,NA,1,4,2,5
Mesorhizobium,NA,NA,NA,2,NA,NA,NA,1
Mesorhizobium amorphae,2,4,3,4,4,5,2,2
Mesorhizobium australicum,1,4,4,2,NA,4,2,3
Mesorhizobium ciceri,7,6,10,7,5,3,1,3
Mesorhizobium loti,1,7,5,3,6,6,4,6
Mesorhizobium opportunistum,4,2,5,3,5,3,1,2
Mesotoga prima,NA,NA,NA,NA,1,2,1,NA
Metallosphaera cuprina,NA,NA,NA,1,NA,NA,NA,NA
Metallosphaera sedula,NA,NA,NA,NA,NA,1,NA,1
Methanobacterium formicicum,NA,NA,2,2,1,NA,1,NA
Methanobacterium lacus,NA,NA,NA,NA,NA,NA,NA,1
Methanobacterium paludis,NA,1,NA,NA,NA,2,2,NA
Methanobrevibacter millerae,2,NA,1,1,2,2,3,1
Methanobrevibacter olleyae,1,NA,NA,1,1,3,1,NA
Methanobrevibacter ruminantium,1,3,NA,1,1,1,3,2
Methanobrevibacter smithii,NA,1,NA,1,265,690,522,427
Methanobrevibacter sp. AbM4,3,1,NA,1,2,NA,1,2
Methanobrevibacter sp. YE315,NA,NA,NA,NA,NA,NA,1,NA
Methanocaldococcus bathoardescens,NA,NA,1,1,NA,1,NA,1
Methanocaldococcus infernus,NA,1,NA,NA,NA,NA,NA,1
Methanocaldococcus sp. FS406-22,NA,NA,NA,NA,NA,1,1,NA
Methanocaldococcus vulcanius,NA,NA,NA,NA,NA,1,NA,NA
Methanocella arvoryzae,1,2,1,2,1,2,1,2
Methanocella conradii,NA,1,NA,1,NA,NA,1,NA
Methanococcoides burtonii,NA,1,NA,1,NA,2,2,2
Methanococcoides methylutens,NA,1,NA,NA,2,NA,NA,1
Methanococcus aeolicus,NA,NA,NA,NA,1,1,1,1
Methanococcus maripaludis,4,1,NA,1,4,5,5,2
Methanococcus vannielii,1,NA,NA,NA,NA,NA,1,NA
Methanococcus voltae,NA,NA,1,NA,3,1,3,2
Methanocorpusculum labreanum,1,1,1,3,NA,3,1,1
Methanoculleus bourgensis,1,1,2,NA,NA,2,NA,NA
Methanoculleus marisnigri,1,1,NA,NA,1,NA,NA,NA
Methanoculleus sp. MAB1,1,1,1,NA,NA,2,NA,NA
methanogenic archaeon ISO4-H5,4,3,2,2,3,2,NA,1
Methanohalobium evestigatum,1,NA,NA,NA,1,NA,3,1
Methanohalophilus mahii,NA,1,NA,NA,NA,NA,1,NA
Methanolacinia petrolearia,4,2,1,NA,1,NA,NA,2
Methanolobus psychrophilus,1,1,NA,NA,1,2,NA,NA
Methanomethylovorans hollandica,1,1,2,4,6,NA,NA,1
Methanoregula boonei,NA,NA,1,NA,NA,1,1,NA
Methanoregula formicica,5,1,2,NA,5,NA,1,NA
Methanothrix soehngenii,1,NA,NA,1,NA,1,NA,NA
Methanothrix harundinacea,1,2,NA,1,NA,1,NA,NA
Methanosalsum zhilinae,NA,1,1,NA,2,1,4,NA
Methanosarcina acetivorans,1,1,NA,2,1,NA,1,1
Methanosarcina barkeri,NA,2,2,3,1,4,1,6
Methanosarcina horonobensis,3,2,1,3,2,3,NA,3
Methanosarcina lacustris,1,1,NA,1,NA,NA,1,NA
Methanosarcina mazei,5,3,NA,3,4,1,1,5
Methanosarcina siciliae,1,1,NA,2,3,NA,NA,1
Methanosarcina sp. Kolksee,1,2,NA,2,NA,2,NA,3
Methanosarcina sp. MTP4,2,1,NA,NA,1,1,1,NA
Methanosarcina sp. WH1,3,NA,NA,1,NA,3,1,NA
Methanosarcina sp. WWM596,2,NA,NA,NA,NA,4,2,1
Methanosarcina thermophila,1,NA,1,NA,3,NA,2,1
Methanosarcina vacuolata,1,2,1,2,NA,2,NA,3
Methanosphaera stadtmanae,1,NA,2,NA,2,2,NA,NA
Methanosphaerula palustris,1,NA,1,3,2,2,NA,NA
Methanospirillum hungatei,1,2,1,1,4,NA,2,2
Methanothermobacter marburgensis,NA,NA,NA,NA,NA,NA,NA,1
Methanothermobacter sp. CaT2,NA,NA,NA,NA,1,NA,NA,2
Methanothermobacter thermautotrophicus,NA,NA,NA,NA,1,NA,NA,2
Methanothermococcus okinawensis,NA,NA,NA,NA,NA,2,2,3
Methanothermus fervidus,NA,NA,NA,NA,1,1,NA,NA
Methanotorris igneus,NA,NA,NA,NA,NA,1,NA,NA
Candidatus Methylacidiphilum fumarolicum,1,NA,1,NA,2,3,2,NA
Methylibium petroleiphilum,5,9,5,6,1,4,3,6
Methylobacillus flagellatus,1,3,3,4,3,1,1,1
Methylobacterium,NA,NA,1,1,NA,NA,1,NA
Methylobacterium aquaticum,6,7,3,6,3,3,2,4
Methylorubrum extorquens,2,2,5,3,3,4,5,4
Methylobacterium nodulans,2,6,3,3,4,1,3,1
Methylorubrum populi,1,3,3,3,1,2,3,2
Methylobacterium radiotolerans,11,4,1,9,1,7,2,3
Methylobacterium sp. 4-46,4,11,NA,4,3,3,3,4
Methylobacterium sp. AMS5,5,2,8,5,3,2,4,1
Methylobacterium sp. C1,6,2,1,6,NA,5,2,3
Methyloceanibacter caenitepidi,3,3,7,3,NA,1,NA,2
Methylocella silvestris,NA,2,1,NA,1,NA,1,2
Methylococcus capsulatus,3,2,4,2,1,1,NA,1
Methylocystis sp. SC2,NA,3,2,1,NA,NA,2,1
Methylotuvimicrobium alcaliphilum,2,7,2,3,2,5,NA,NA
Methylomonas denitrificans,2,2,4,5,1,3,7,4
Methylomonas methanica,1,2,1,1,NA,NA,3,NA
Methylomonas sp. DH-1,3,6,4,3,5,10,3,5
Methylophaga frappieri,2,2,1,2,1,NA,1,NA
Methylophaga nitratireducenticrescens,1,2,2,1,2,4,1,NA
Methylophilus sp. TWE2,2,NA,1,NA,1,2,2,NA
Methylotenera mobilis,1,2,2,1,1,4,NA,NA
Methylotenera versatilis,1,NA,NA,1,NA,1,3,2
Methyloversatilis sp. RAC08,2,5,7,7,6,4,5,5
Methylovorus glucosotrophus,1,2,NA,2,1,3,NA,1
Methylovorus sp. MP688,3,2,2,2,1,4,NA,1
Micavibrio aeruginosavorus,7,2,2,1,2,4,3,2
Microbacteriaceae,NA,1,NA,1,NA,NA,NA,NA
Microbacterium,NA,NA,1,NA,NA,NA,NA,NA
Microbacterium chocolatum,1,NA,1,1,NA,2,1,1
Microbacterium sp. BH3-3-3,NA,3,5,2,NA,4,1,1
Microbacterium sp. CGR1,1,1,2,NA,2,1,4,1
Microbacterium sp. No. 7,1,1,6,3,2,NA,5,1
Microbacterium sp. PAMC 28756,5,7,3,4,2,1,2,2
Microbacterium sp. XT11,2,4,3,2,3,NA,1,2
Microbacterium testaceum,2,6,4,3,4,1,3,3
Microbulbifer sp. CCB-MM1,5,7,7,4,3,5,2,4
Microbulbifer thermotolerans,2,2,3,3,2,2,1,3
Micrococcus luteus,2,1,6,2,1,3,2,1
Microcoleus sp. PCC 7113,3,NA,3,1,3,1,2,NA
Microcystis aeruginosa,NA,NA,2,4,3,2,4,3
Microcystis panniformis,1,2,2,3,2,1,3,2
Microlunatus phosphovorus,5,8,1,3,3,1,2,3
Micromonospora aurantiaca (nom. illeg.),10,5,6,2,9,4,4,3
Micromonospora sp. L5,7,5,7,2,5,2,3,4
Micromonosporaceae,1,NA,NA,NA,1,NA,NA,NA
Microterricola,NA,NA,1,NA,NA,NA,NA,NA
Microterricola viridarii,3,5,7,2,2,2,2,6
Mitsuaria sp. 7,3,2,6,8,3,3,2,4
Mobiluncus curtisii,1,NA,NA,1,5,10,7,12
Modestobacter,1,NA,NA,1,1,NA,NA,1
Modestobacter marinus,1,2,7,3,1,NA,5,2
Molluscum contagiosum virus subtype 1,NA,NA,NA,1,NA,NA,NA,NA
Moorena producens,2,3,NA,3,4,NA,NA,NA
Neomoorella thermoacetica,1,5,2,3,1,2,1,1
Moraxella catarrhalis,NA,2,1,3,1,2,NA,2
Faucicola osloensis,1,NA,1,1,NA,NA,1,2
Moraxella ovis,NA,1,1,NA,NA,NA,NA,NA
Morganella
 
 <basidiomycete fungi>
 
,NA,NA,NA,NA,NA,1,NA,NA
Morganella morganii,NA,1,1,4,3,2,1,NA
Moritella viscosa,NA,NA,1,NA,3,1,3,NA
Mucilaginibacter sp. PAMC 26640,6,6,5,5,6,7,4,2
Mucinivorans hirudinis,16,12,11,11,13,10,8,7
Muricauda lutaonensis,4,5,2,4,1,1,1,NA
Flagellimonas ruestringensis,2,5,2,2,1,2,5,6
Murid betaherpesvirus 2,NA,NA,NA,NA,NA,1,NA,NA
Mycobacterium,1,NA,4,NA,1,NA,NA,NA
Mycobacteroides abscessus,6,8,2,6,2,2,4,6
Mycobacterium tuberculosis variant africanum,NA,4,1,2,NA,NA,1,1
Mycobacterium avium,3,12,10,7,NA,2,5,3
Mycobacterium tuberculosis variant bovis,NA,4,1,2,NA,NA,1,2
Mycobacterium canetti,NA,3,1,1,NA,NA,1,1
Mycobacteroides chelonae,1,3,1,5,2,NA,NA,2
Mycobacterium chimaera,2,4,4,4,NA,1,1,1
Mycolicibacterium chubuense,1,2,4,1,1,3,2,1
Mycolicibacterium fortuitum,4,4,3,4,1,2,1,4
Mycolicibacterium gilvum,5,4,4,3,1,4,1,4
Mycobacterium goodii,2,3,5,9,1,2,2,3
Mycobacterium haemophilum,4,3,4,3,2,1,2,2
Mycobacterium immunogenum,NA,2,1,2,1,NA,NA,2
Mycobacterium intracellulare subsp. intracellulare,2,4,4,1,NA,2,1,2
Mycobacterium intracellulare,1,5,5,1,NA,2,1,3
Mycobacterium kansasii,2,4,4,1,1,2,NA,4
Mycobacterium leprae,3,NA,1,1,1,1,NA,NA
Mycobacterium liflandii,NA,3,NA,2,2,1,3,4
Mycobacterium marinum,1,4,NA,2,2,1,4,5
Mycolicibacterium neoaurum,1,7,3,2,NA,1,NA,1
Mycobacterium phage 20ES,NA,NA,2,NA,1,NA,NA,NA
Mycobacterium phage Archie,NA,NA,1,NA,NA,NA,NA,NA
Mycobacterium phage Ariel,NA,NA,NA,NA,NA,1,NA,NA
Mycobacterium phage Barnyard,NA,1,1,NA,NA,NA,NA,1
Mycobacterium phage Bernal13,NA,NA,NA,NA,2,NA,NA,NA
Mycobacterium phage Bruin,NA,1,NA,NA,NA,NA,NA,NA
Mycobacterium phage BTCU-1,NA,1,NA,NA,NA,NA,NA,NA
Mycobacterium phage Contagion,NA,1,NA,NA,NA,NA,NA,NA
Mycobacterium phage DrDrey,NA,1,NA,NA,NA,NA,NA,NA
Mycobacterium phage DS6A,NA,1,NA,NA,NA,NA,NA,NA
Mycobacterium phage Dumbo,NA,1,NA,NA,NA,NA,NA,NA
Mycobacterium phage First,NA,NA,2,NA,1,NA,NA,NA
Mycobacterium phage Goku,NA,1,NA,NA,NA,NA,NA,NA
Mycobacterium phage HufflyPuff,NA,1,NA,NA,NA,NA,NA,NA
Mycobacterium phage Lilac,NA,1,NA,NA,NA,NA,NA,NA
Mycobacterium phage MiaZeal,NA,NA,NA,NA,NA,1,NA,NA
Mycobacterium phage Mindy,NA,1,NA,NA,NA,NA,NA,NA
Mycobacterium phage MOOREtheMARYer,NA,NA,NA,NA,NA,NA,1,NA
Mycobacterium phage Murphy,NA,1,NA,NA,NA,NA,NA,NA
Mycobacterium phage Nala,NA,1,NA,NA,NA,NA,NA,NA
Mycobacterium phage NelitzaMV,NA,1,NA,NA,NA,NA,NA,NA
Mycobacterium phage PhatBacter,NA,1,NA,NA,NA,NA,NA,NA
Mycobacterium phage Phaux,NA,1,NA,NA,NA,NA,NA,NA
Mycobacterium phage Phrux,NA,1,NA,NA,NA,NA,NA,NA
Mycobacterium phage Quink,NA,1,NA,NA,NA,NA,NA,NA
Mycobacterium phage Redno2,NA,NA,NA,NA,NA,1,NA,NA
Mycobacterium phage ShedlockHolmes,NA,NA,NA,NA,1,NA,NA,NA
Mycobacterium phage Wile,NA,1,NA,NA,NA,NA,NA,NA
Mycolicibacterium phlei,8,5,3,5,4,1,3,3
Mycolicibacterium rhodesiae,5,5,4,3,2,1,2,1
Mycobacterium sinense,NA,7,2,1,1,NA,4,1
Mycolicibacterium smegmatis,3,5,7,4,2,NA,3,3
Mycobacterium sp. djl-10,1,6,5,3,5,1,7,3
Mycobacterium sp. EPa45,4,1,1,NA,1,NA,2,1
Mycobacterium sp. JLS,2,2,1,1,1,1,1,NA
Mycobacterium sp. JS623,NA,3,7,1,2,2,1,2
Mycobacterium sp. KMS,2,2,1,1,1,1,1,NA
Mycobacterium sp. MCS,2,2,1,1,1,1,1,NA
Mycobacterium sp. MOTT36Y,3,5,6,1,NA,2,1,3
Mycolicibacterium neoaurum,1,7,3,2,NA,1,NA,1
Mycobacterium sp. QIA-37,1,3,1,4,2,1,NA,5
Mycobacterium sp. VKM Ac-1817D,4,4,3,4,2,2,1,4
Mycobacterium sp. YC-RL4,4,5,6,3,1,3,NA,3
Mycobacterium tuberculosis,NA,4,1,3,NA,NA,1,1
Mycolicibacterium vaccae,11,6,10,6,9,2,3,2
Mycolicibacterium vanbaalenii,2,3,3,1,3,1,2,1
Mycobacterium intracellulare subsp. yongonense,2,4,5,1,NA,1,NA,2
Mycoplasmopsis agalactiae,2,NA,NA,1,1,3,3,3
Mycoplasmopsis arginini,NA,1,NA,NA,NA,NA,NA,1
Metamycoplasma arthritidis,NA,1,NA,NA,NA,NA,1,1
Mycoplasmopsis bovis,NA,NA,1,NA,1,1,1,1
Mycoplasmopsis californica,NA,NA,NA,NA,NA,2,3,NA
Mycoplasma canadense,NA,NA,NA,NA,NA,NA,NA,1
Mycoplasmopsis canis,NA,1,NA,NA,NA,2,3,NA
Mycoplasma capricolum,1,NA,NA,NA,NA,NA,1,NA
Mycoplasma crocodyli,NA,NA,NA,NA,1,2,2,1
Mycoplasmopsis cynos,1,1,NA,1,NA,1,2,NA
Mycoplasmopsis fermentans,NA,NA,NA,NA,1,2,3,NA
Mycoplasmoides gallisepticum,2,NA,1,NA,1,NA,2,1
Mycoplasmoides genitalium,1,NA,NA,1,NA,NA,NA,NA
Mycoplasma haemocanis,NA,NA,NA,NA,NA,2,1,NA
Mycoplasma haemofelis,NA,2,NA,NA,1,NA,NA,1
Metamycoplasma hominis,NA,NA,NA,NA,2,1,NA,2
Mesomycoplasma hyopneumoniae,3,NA,NA,NA,NA,NA,1,1
Mesomycoplasma hyorhinis,1,NA,NA,NA,NA,NA,NA,NA
Mycoplasma leachii,1,NA,NA,NA,1,NA,1,NA
[Mycoplasma] mobile,1,NA,NA,1,1,NA,NA,2
Mycoplasma mycoides,1,1,1,NA,2,NA,1,2
Mycoplasma ovis,NA,NA,NA,NA,NA,2,NA,NA
Mycoplasma parvum,NA,NA,NA,NA,1,NA,NA,NA
Malacoplasma penetrans,NA,NA,NA,NA,1,NA,1,NA
Mycoplasmopsis pulmonis,1,1,1,1,1,NA,NA,1
Mycoplasma putrefaciens,NA,NA,NA,NA,NA,NA,1,1
Mycoplasma suis,NA,NA,NA,NA,NA,NA,1,NA
Mycoplasmopsis synoviae,NA,NA,NA,NA,3,1,NA,NA
Mycoplasma wenyonii,NA,NA,1,NA,NA,NA,NA,NA
Mycoplasma yeatsii,3,1,1,NA,3,NA,2,NA
Myroides,NA,NA,NA,NA,NA,1,NA,NA
Myroides odoratimimus,1,2,5,5,10,4,8,4
Myroides profundi,2,3,2,4,7,2,3,5
Myroides sp. A21,2,1,4,6,11,3,3,5
Myroides sp. ZB35,2,NA,3,5,7,3,4,5
Myxococcus,NA,NA,NA,1,NA,NA,NA,1
Myxococcus fulvus,17,11,22,23,17,7,5,11
Myxococcus hansupus,5,8,10,3,3,2,9,2
Myxococcus stipitatus,4,3,7,6,5,4,7,3
Myxococcus xanthus,7,4,7,4,7,1,3,4
Nakamurella multipartita,NA,4,9,11,3,NA,2,3
Natranaerobius thermophilus,NA,NA,NA,1,1,3,1,1
Natrialba magadii,NA,1,2,2,3,NA,NA,NA
Natrinema pellirubrum,NA,1,2,1,1,1,NA,NA
Natrinema sp. J7-2,NA,NA,3,1,NA,NA,NA,2
Natronobacterium gregoryi,NA,NA,NA,1,2,1,NA,NA
Natronococcus occultus,NA,NA,NA,NA,1,NA,NA,NA
Natronomonas moolapensis,NA,NA,NA,1,NA,NA,NA,1
Natronomonas pharaonis,1,NA,NA,NA,NA,NA,NA,NA
Nautilia profundicola,2,NA,2,1,3,NA,2,3
Neisseria elongata,NA,3,1,1,1,NA,5,4
Neisseria gonorrhoeae,NA,2,NA,2,NA,2,NA,1
Neisseria lactamica,2,NA,NA,NA,NA,NA,2,1
Neisseria meningitidis,9,6,9,14,6,4,3,6
Neisseria weaveri,2,3,NA,3,NA,2,1,1
Neorhizobium galegae,4,12,3,10,NA,1,4,4
Neorickettsia helminthoeca,NA,NA,NA,NA,NA,NA,1,NA
Neorickettsia risticii,NA,1,1,NA,NA,NA,NA,1
Ehrlichia sennetsu,NA,NA,NA,NA,NA,NA,NA,1
Niabella ginsenosidivorans,10,3,3,5,7,3,5,3
Niabella soli,9,2,3,4,7,5,7,7
Niastella koreensis,4,7,7,9,12,7,2,5
Nile crocodilepox virus,NA,NA,NA,NA,NA,1,NA,NA
Nitratifractor salsuginis,2,1,6,1,2,1,5,NA
Nitratiruptor sp. SB155-2,1,4,1,1,NA,6,2,1
Nitrobacter hamburgensis,1,1,1,3,2,2,NA,NA
Nitrobacter winogradskyi,1,3,1,2,3,NA,2,1
Nitrosococcus halophilus,2,1,NA,4,2,1,2,NA
Nitrosococcus oceani,1,NA,NA,NA,NA,NA,1,2
Nitrosococcus watsonii,1,1,NA,NA,1,NA,1,NA
Nitrosomonas communis,NA,1,NA,NA,1,2,1,NA
Nitrosomonas europaea,NA,NA,3,NA,1,3,1,3
Nitrosomonas eutropha,NA,NA,1,1,NA,NA,NA,NA
Nitrosomonas sp. AL212,NA,NA,1,NA,NA,NA,1,1
Nitrosomonas sp. Is79A3,NA,NA,NA,1,NA,2,NA,1
Nitrosomonas ureae,NA,NA,NA,1,2,2,1,2
Nitrosospira briensis,3,4,1,1,7,1,NA,3
Nitrosospira multiformis,NA,1,NA,NA,NA,NA,NA,3
Nitrospira defluvii,NA,3,3,1,1,1,1,3
Nitrospira moscoviensis,2,5,1,4,7,1,3,1
Nocardia,NA,1,1,NA,NA,NA,NA,NA
Nocardia brasiliensis,3,8,9,6,4,2,3,4
Nocardia cyriacigeorgica,7,5,7,4,4,2,5,3
Nocardia farcinica,6,4,10,4,3,1,5,2
Nocardia nova,2,3,8,4,1,2,NA,3
Nocardia seriolae,3,2,8,3,3,4,4,7
Nocardioides,1,NA,NA,NA,1,NA,NA,NA
Nocardioides dokdonensis,3,1,12,4,1,1,1,4
Nocardioides sp. JS614,1,NA,5,1,NA,2,1,3
Nocardiopsis alba,2,6,5,7,1,3,2,1
Nocardiopsis dassonvillei,3,9,4,5,4,5,3,3
Nonlabens dokdonensis,NA,2,1,3,6,4,3,3
Nonlabens sp. MIC269,6,4,3,4,5,5,1,3
Nostoc punctiforme,3,3,3,5,3,1,1,2
Nostoc sp. NIES-3756,1,2,1,2,NA,NA,4,NA
Nostoc sp. PCC 7107,1,NA,NA,NA,NA,2,1,NA
Nostoc sp. PCC 7120,1,NA,2,2,4,NA,3,NA
Nostoc sp. PCC 7524,NA,1,NA,1,NA,1,1,NA
Novosphingobium,NA,1,NA,NA,NA,NA,NA,NA
Novosphingobium aromaticivorans,NA,3,5,3,1,3,NA,2
Novosphingobium pentaromativorans,2,6,7,4,1,1,4,7
Novosphingobium resinovorum,1,NA,2,3,3,1,4,2
Novosphingobium sp. PP1Y,1,6,11,6,2,NA,4,3
Obesumbacterium proteus,4,2,NA,1,2,2,4,8
Oblitimonas alkaliphila,2,1,NA,NA,1,2,1,3
Oceanimonas sp. GK1,2,8,2,5,3,1,6,3
Oceanithermus profundus,3,9,5,6,2,4,2,3
Oceanobacillus iheyensis,1,1,NA,NA,1,6,5,7
Ochrobactrum,NA,1,NA,NA,NA,NA,NA,NA
Brucella anthropi,6,2,7,4,4,2,7,1
Ochrobactrum pseudogrignonense,5,3,1,3,6,2,5,4
Octadecabacter,NA,1,NA,NA,NA,NA,NA,NA
Octadecabacter antarcticus,1,NA,1,2,3,NA,2,2
Octadecabacter arcticus,4,4,NA,1,1,3,NA,NA
Octadecabacter temperatus,NA,NA,2,NA,2,1,NA,NA
Odoribacter splanchnicus,99,117,142,101,393,931,1374,608
Oenococcus,NA,1,NA,NA,NA,NA,NA,NA
Oenococcus oeni,3,1,2,2,4,6,NA,2
Oleispira antarctica,3,NA,NA,2,NA,NA,2,4
Afipia carboxidovorans,NA,1,2,4,NA,5,3,NA
Olsenella sp. oral taxon 807,26,29,40,25,10,6,10,14
Olsenella uli,53,74,96,48,22,23,16,36
Onion yellows phytoplasma,1,NA,NA,NA,NA,NA,NA,2
Opitutaceae bacterium IG16b,8,7,2,4,8,2,2,3
Opitutaceae bacterium TAV5,7,3,6,6,4,3,NA,10
Opitutus terrae,3,3,4,4,3,3,3,3
Orientia tsutsugamushi,NA,NA,NA,NA,NA,1,NA,NA
Ornithobacterium rhinotracheale,21,19,28,20,31,46,63,41
Oxynema acuminatum,3,3,NA,NA,1,2,2,1
Phormidium nigroviride,NA,1,NA,1,2,NA,3,3
Oscillibacter valericigenes,31,59,47,56,18,26,18,29
Ostreococcus lucimarinus virus 2,NA,NA,NA,NA,1,NA,NA,NA
Ostreococcus tauri virus 2,NA,NA,NA,NA,1,NA,NA,NA
Ottowia sp. oral taxon 894,1,3,9,1,1,1,2,5
Owenweeksia hongkongensis,6,2,3,3,4,1,2,3
Paenarthrobacter aurescens,3,3,5,4,2,1,2,3
Paenibacillaceae,NA,NA,NA,1,NA,NA,NA,1
Paenibacillus,NA,1,1,NA,NA,NA,2,NA
Paenibacillus beijingensis,3,9,6,9,3,7,2,2
Paenibacillus borealis,7,2,9,9,6,13,6,7
Paenibacillus bovis,2,5,2,8,6,10,6,4
Paenibacillus durus,5,7,6,11,5,6,6,5
Paenibacillus graminis,11,7,6,9,14,3,4,12
Paenibacillus larvae,NA,NA,NA,1,4,3,6,4
Paenibacillus mucilaginosus,9,5,4,6,5,3,7,8
Paenibacillus naphthalenovorans,4,3,5,11,3,2,4,9
Paenibacillus odorifer,NA,2,2,3,4,5,7,4
Paenibacillus peoriae,5,4,NA,9,4,2,6,7
Paenibacillus polymyxa,11,10,4,16,8,15,14,15
Paenibacillus riograndensis,17,7,8,8,18,2,4,5
Paenibacillus sabinae,5,9,6,5,6,8,2,7
Paenibacillus sp. 32O-W,3,5,1,NA,1,1,3,2
Paenibacillus sp. FSL H7-0357,1,4,3,3,4,2,8,7
Paenibacillus sp. FSL H7-0737,1,1,NA,NA,4,5,7,7
Paenibacillus sp. FSL P4-0081,3,4,7,8,6,8,4,11
Paenibacillus sp. FSL R5-0345,NA,1,3,1,5,7,6,6
Paenibacillus sp. FSL R5-0912,10,5,10,11,7,4,8,12
Paenibacillus sp. FSL R7-0273,6,7,4,9,8,5,6,7
Paenibacillus sp. FSL R7-0331,6,8,5,4,4,11,9,10
Paenibacillus sp. IHBB 10380,NA,NA,1,NA,1,1,1,2
Paenibacillus sp. JDR-2,4,7,8,2,6,8,5,2
Paenibacillus sp. LPB0068,NA,2,NA,1,3,2,4,3
Paenibacillus sp. Y412MC10,2,1,5,4,3,3,1,2
Paenibacillus stellifer,5,6,7,9,4,7,6,8
Paenibacillus swuensis,1,1,1,2,NA,3,2,3
Paenibacillus terrae,3,4,NA,11,7,6,3,4
Paenibacillus yonginensis,2,4,4,6,10,5,7,9
Palaeococcus pacificus,NA,NA,NA,NA,NA,NA,1,NA
Paludibacter propionicigenes,20,13,12,12,24,12,16,12
Pandoraea,NA,NA,1,NA,NA,NA,1,NA
Pandoraea apista,2,3,1,8,NA,NA,2,2
Pandoraea faecigallinarum,3,4,3,6,1,3,1,1
Pandoraea norimbergensis,5,6,4,5,2,NA,2,1
Pandoraea oxalativorans,6,5,3,6,3,3,1,3
Pandoraea pnomenusa,2,3,4,5,2,3,8,1
Pandoraea pulmonicola,4,4,5,6,4,NA,2,3
Pandoraea sputorum,4,2,3,6,2,1,3,1
Pandoraea thiooxydans,3,3,3,4,2,1,NA,4
Pandoraea vervacti,4,1,4,2,NA,1,3,1
Pandoravirus dulcis,NA,NA,1,NA,NA,NA,NA,NA
Pandoravirus salinus,NA,1,NA,NA,1,NA,1,NA
Pannonibacter phragmitetus,4,3,4,4,1,3,3,5
Pantoea,NA,1,3,NA,NA,NA,1,NA
Pantoea agglomerans,3,3,3,4,8,8,3,3
Pantoea ananatis,NA,3,1,2,1,1,2,5
Pantoea rwandensis,3,3,3,4,2,1,NA,3
Pantoea sp. At-9b,6,7,1,3,5,3,1,4
Pantoea sp. PSNIH1,7,8,4,4,5,4,10,8
Pantoea sp. PSNIH2,NA,7,1,2,4,16,22,16
Pantoea vagans,6,2,2,3,5,4,3,3
Parabacteroides distasonis,89,111,99,91,852,1996,1243,1282
Parabacteroides sp. YL27,49,27,37,43,46,29,24,26
Paraburkholderia,NA,2,1,NA,NA,NA,1,NA
Paraburkholderia caribensis,5,5,5,8,7,6,1,5
Paraburkholderia fungorum,4,4,7,3,NA,2,4,1
Paraburkholderia phenoliruptrix,4,5,2,3,3,NA,2,2
Paraburkholderia phymatum,4,4,2,5,4,5,5,8
Paraburkholderia phytofirmans,5,5,3,4,NA,2,3,4
Mycetohabitans rhizoxinica,4,3,5,NA,1,1,NA,1
Paraburkholderia sprentiae,1,2,3,4,NA,NA,4,3
Paraburkholderia xenovorans,4,3,3,2,1,2,5,1
Parachlamydia acanthamoebae,NA,1,NA,1,1,3,NA,2
Paracoccus aminophilus,3,4,5,3,1,NA,2,1
Paracoccus denitrificans,3,8,5,7,3,3,3,4
Parageobacillus thermoglucosidans,4,NA,1,1,1,4,3,1
Paraglaciecola psychrophila,1,NA,2,3,1,2,1,1
Pararhodospirillum photometricum,3,5,4,3,7,NA,1,2
Parascardovia denticolens,4,3,1,6,3,5,5,2
Parvibaculum lavamentivorans,1,1,1,6,2,NA,1,1
Parvimonas micra,NA,NA,NA,3,NA,4,3,2
Parvularcula bermudensis,1,1,2,2,2,2,2,2
Pasteurella,NA,NA,NA,NA,NA,NA,1,NA
Pasteurella multocida,3,1,1,NA,4,4,5,3
Pasteurellaceae,NA,NA,NA,NA,NA,1,NA,NA
Paucibacter sp. KCTC 42545,4,9,8,7,2,5,NA,8
Pectobacterium,NA,1,1,NA,NA,NA,1,NA
Pectobacterium atrosepticum,NA,2,1,6,4,NA,3,3
Pectobacterium carotovorum,5,8,6,7,5,4,2,4
Pectobacterium parmentieri,1,1,1,2,7,1,1,3
Pectobacterium parmentieri,1,1,1,2,6,NA,NA,3
Pectobacterium wasabiae,2,1,1,4,4,2,NA,1
Pediococcus acidilactici,NA,NA,1,NA,2,1,1,2
Pediococcus claussenii,3,1,1,1,2,1,NA,1
Pediococcus damnosus,NA,NA,NA,1,NA,NA,2,NA
Pediococcus pentosaceus,1,1,NA,1,1,3,1,1
Pedobacter cryoconitis,11,5,5,8,13,10,8,8
Pedobacter heparinus,7,7,6,3,10,7,12,8
Pedobacter sp. PACM 27299,11,5,4,5,14,9,2,10
Pedobacter steynii,5,2,1,5,8,7,6,6
Pelagibacterium halotolerans,3,4,3,3,1,2,3,3
Syntrophotalea carbinolica,4,3,3,3,4,1,4,3
Pelobacter propionicus,3,4,7,4,2,4,3,1
Pelodictyon luteolum,6,2,2,8,4,5,1,7
Pelodictyon phaeoclathratiforme,7,5,5,3,6,2,1,3
Pelosinus fermentans,3,1,NA,NA,5,8,4,11
Pelosinus sp. UFO1,3,1,1,1,1,4,7,6
Pelotomaculum thermopropionicum,2,4,6,5,2,2,4,3
Peptoclostridium acidaminophilum,4,6,1,4,5,4,3,9
Peptoniphilus sp. 1-1,4,3,1,2,1,3,4,5
Periplaneta fuliginosa densovirus,NA,NA,NA,NA,NA,1,NA,NA
Persephonella marina,4,4,1,1,3,4,1,NA
Persicobacter sp. JZB09,5,6,7,7,10,6,9,9
Petrimonas mucosa,44,37,20,28,33,15,17,20
Petrotoga mobilis,NA,NA,3,2,1,2,NA,NA
Phaeobacter gallaeciensis,3,3,6,5,3,5,4,3
Phaeobacter inhibens,1,5,5,4,2,1,2,NA
Phaeocystis globosa virus,NA,NA,NA,NA,NA,NA,1,1
Phenylobacterium,NA,2,NA,NA,NA,NA,NA,NA
Phenylobacterium zucineum,3,11,4,5,2,NA,7,4
Photobacterium gaetbulicola,1,1,NA,4,3,3,5,4
Photobacterium profundum,5,NA,1,NA,4,2,4,1
Photorhabdus asymbiotica,6,2,1,3,3,1,2,2
Photorhabdus luminescens,NA,3,3,4,1,2,2,1
Photorhabdus temperata,7,NA,1,2,5,2,2,3
Phycisphaera mikurensis,3,5,2,7,2,NA,NA,2
Phyllobacteriaceae,NA,NA,NA,1,NA,NA,NA,NA
Picrophilus oshimae,NA,NA,NA,NA,NA,NA,NA,1
Pigeonpox virus,NA,NA,NA,NA,NA,NA,NA,1
Pimelobacter simplex,3,9,11,8,1,3,3,4
Pirellula staleyi,1,NA,2,1,2,1,1,NA
Piscirickettsia,NA,NA,NA,NA,NA,1,NA,NA
Piscirickettsia salmonis,1,1,1,NA,1,2,3,NA
Planctomyces sp. SH-PL62,3,5,9,2,4,2,7,4
Planctopirus limnophila,1,NA,1,3,1,1,7,1
Planktomarina temperata,3,2,NA,4,5,2,NA,NA
Planococcus antarcticus,NA,NA,1,1,2,NA,3,1
Planococcus halocryophilus,NA,1,1,3,1,2,NA,1
Planococcus kocurii,1,2,NA,NA,1,4,3,NA
Planococcus maritimus,NA,1,1,1,1,2,2,1
Planococcus plakortidis,1,NA,2,1,1,2,4,1
Planococcus rifietoensis,NA,1,NA,1,3,3,5,2
Planococcus sp. PAMC 21323,1,1,NA,1,NA,2,NA,2
Plautia stali symbiont,7,3,3,2,3,2,NA,3
Plesiomonas shigelloides,NA,1,3,1,3,1,2,1
Pleurocapsa minor,NA,1,NA,NA,NA,NA,NA,3
Pluralibacter gergoviae,3,10,6,9,3,3,2,8
Polaribacter sp. MED152,4,4,NA,2,6,NA,3,3
Polaribacter vadi,5,1,2,1,6,7,4,5
Polaromonas naphthalenivorans,4,5,7,5,4,2,4,5
Polaromonas sp. JS666,2,NA,5,2,5,3,3,1
Polymorphum gilvum,1,2,NA,2,2,1,1,2
Polynucleobacter asymbioticus,NA,1,1,1,NA,2,2,1
Polynucleobacter duraquae,2,NA,NA,1,2,1,2,1
Polynucleobacter necessarius,1,NA,1,NA,NA,3,1,1
Pontibacter akesuensis,14,11,9,11,11,8,6,4
Pontibacter korlensis,19,7,11,14,12,7,6,6
Porphyrobacter,NA,2,NA,NA,NA,NA,NA,NA
Porphyrobacter neustonensis,2,3,4,6,2,1,NA,2
Porphyrobacter sp. LM 6,2,3,4,2,2,NA,1,1
Porphyromonas asaccharolytica,20,9,8,17,21,5,8,10
Porphyromonas gingivalis,32,19,25,23,33,25,30,18
Pragia fontium,4,4,4,NA,4,2,NA,6
Prevotella dentalis,438,258,154,254,422,75,77,115
Prevotella denticola,389,210,79,197,429,78,98,119
Hoylesella enoeca,231,127,66,117,216,43,93,79
Prevotella fusca,631,304,127,287,616,95,106,144
Prevotella intermedia,275,169,66,125,293,57,147,72
Prevotella melaninogenica,719,357,155,310,707,125,167,168
Xylanibacter ruminicola,700,358,188,377,715,86,47,145
Prevotella sp. oral taxon 299,119,66,26,56,137,33,74,64
Prochlorococcus marinus,7,2,5,5,7,7,5,4
Prochlorococcus phage P-SSM2,NA,NA,NA,NA,NA,1,1,NA
Prochlorococcus phage P-SSM3,NA,NA,NA,NA,1,NA,NA,NA
Prochlorococcus phage Syn1,NA,NA,NA,NA,NA,1,NA,NA
Prochlorococcus sp. MIT 0604,NA,2,NA,NA,1,1,NA,NA
Promicromonosporaceae,NA,NA,NA,1,NA,NA,NA,NA
Propionibacterium,NA,NA,1,NA,NA,NA,NA,NA
Cutibacterium acnes,4,NA,2,3,NA,NA,4,1
Propionibacterium freudenreichii,2,4,8,5,1,1,2,1
Cutibacterium modestum,1,NA,NA,NA,1,1,NA,1
Prosthecochloris aestuarii,NA,3,1,1,NA,NA,2,1
Prosthecochloris sp. CIB 2401,4,3,2,5,3,2,1,NA
Proteus mirabilis,3,1,1,2,4,8,19,7
Proteus phage PM 85,NA,1,NA,NA,NA,NA,NA,NA
Proteus vulgaris,3,1,1,2,4,7,4,4
Protochlamydia naegleriophila,1,3,NA,1,2,1,1,1
Providencia,NA,NA,NA,NA,NA,1,NA,NA
Providencia stuartii,1,3,2,1,1,5,5,4
Pseudanabaena sp. PCC 7367,2,2,NA,2,2,NA,NA,1
Pseudarthrobacter,NA,NA,1,NA,NA,NA,NA,NA
Pseudarthrobacter chlorophenolicus,4,3,4,4,NA,1,1,4
Pseudarthrobacter phenanthrenivorans,5,4,5,4,1,3,3,1
Pseudarthrobacter sulfonivorans,5,7,3,8,3,3,NA,NA
Pseudoalteromonas atlantica,3,1,1,NA,NA,1,2,1
Pseudoalteromonas haloplanktis,3,NA,4,2,1,NA,1,3
Pseudoalteromonas issachenkonii,1,NA,2,2,1,3,2,2
Pseudoalteromonas luteoviolacea,NA,NA,NA,NA,1,1,1,1
Pseudoalteromonas phenolica,2,NA,1,NA,NA,1,1,NA
Pseudoalteromonas rubra,1,1,1,2,2,1,1,1
Pseudoalteromonas sp. Bsw20308,NA,NA,2,1,1,NA,1,2
Pseudoalteromonas sp. OCN003,3,2,1,NA,4,1,2,NA
Pseudoalteromonas sp. SM9913,NA,NA,NA,2,NA,2,2,2
Pseudoalteromonas translucida,2,NA,3,2,1,1,2,2
Pseudogulbenkiania sp. NH8B,12,6,2,4,3,2,5,3
Pseudohongiella spirulinae,1,4,2,3,1,1,2,NA
Pseudomonadaceae,NA,1,NA,1,NA,NA,NA,NA
Pseudomonas,NA,4,3,2,1,3,2,2
Pseudomonas aeruginosa,19,16,19,22,15,10,26,19
Aquipseudomonas alcaligenes,4,4,10,12,9,2,2,5
Pseudomonas alkylphenolia,2,4,4,9,3,2,6,3
Pseudomonas antarctica,6,5,7,4,5,3,2,1
Pseudomonas azotoformans,3,2,5,3,5,NA,2,2
Stutzerimonas balearica,1,9,5,3,1,2,2,2
Pseudomonas brassicacearum,8,7,9,12,16,3,4,4
Pseudomonas cerasi,7,2,3,3,5,NA,2,6
Pseudomonas chlororaphis,20,20,26,25,12,9,9,9
Pseudomonas cichorii,1,1,3,1,2,1,1,2
Pseudomonas citronellolis,11,16,18,17,10,8,7,9
Pseudomonas corrugata,4,6,7,5,7,1,2,4
Pseudomonas cremoricolorata,3,3,6,6,1,NA,3,2
Pseudomonas denitrificans,8,5,3,3,3,1,1,6
Pseudomonas entomophila,6,4,5,3,3,1,5,2
Pseudomonas fluorescens,30,25,43,36,43,27,15,25
Pseudomonas fragi,6,1,1,6,2,2,1,1
Pseudomonas fulva,5,8,8,7,1,1,2,3
Pseudomonas knackmussii,3,3,4,8,5,1,3,4
Pseudomonas koreensis,4,6,6,5,6,4,1,4
Pseudomonas mandelii,4,4,3,4,4,3,3,5
Ectopseudomonas mendocina,9,11,15,9,10,6,4,8
Pseudomonas monteilii,9,10,11,4,7,6,2,4
Pseudomonas mosselii,8,7,5,5,4,4,1,3
Pseudomonas oryzihabitans,4,8,4,5,3,2,5,1
Pseudomonas parafulva,8,8,5,9,1,1,3,NA
Pseudomonas phage DL62,NA,1,NA,NA,NA,NA,NA,NA
Pseudomonas phage LUZ19,NA,1,NA,NA,NA,NA,NA,1
Pseudomonas phage MPK6,NA,1,NA,NA,NA,NA,NA,NA
Pseudomonas phage MPK7,NA,1,NA,NA,NA,NA,NA,NA
Pseudomonas phage phikF77,NA,1,NA,NA,NA,NA,NA,NA
Pseudomonas phage phiKMV,NA,1,NA,NA,NA,NA,NA,NA
Pseudomonas phage phiKZ,NA,NA,NA,1,NA,NA,NA,NA
Pseudomonas phage phiPsa374,NA,NA,NA,NA,NA,NA,NA,1
Pseudomonas phage PT2,NA,1,NA,NA,NA,NA,NA,NA
Pseudomonas phage vB_Pae-Kakheti25,NA,NA,NA,NA,NA,NA,1,NA
Pseudomonas phage vB_Pae-TbilisiM32,NA,1,NA,NA,NA,NA,NA,NA
Pseudomonas phage vB_PaeP_PPA-ABTNL,NA,1,NA,NA,NA,NA,NA,1
Pseudomonas plecoglossicida,8,9,4,4,1,3,4,4
Pseudomonas poae,5,3,3,2,3,2,5,1
Pseudomonas protegens,6,9,6,12,7,3,2,5
Ectopseudomonas oleovorans,NA,3,1,2,3,1,2,2
Pseudomonas putida,23,38,29,43,16,20,18,28
Metapseudomonas resinovorans,6,2,4,8,6,4,5,6
Pseudomonas rhizosphaerae,3,3,2,2,1,2,NA,2
Pseudomonas savastanoi,7,3,2,6,4,3,2,6
Pseudomonas sp. A3(2016),2,3,6,4,4,NA,4,3
Pseudomonas sp. CCOS 191,3,5,2,3,4,1,4,3
Pseudomonas sp. DR 5-09,4,5,8,5,1,4,3,1
Pseudomonas sp. FGI182,4,2,9,9,2,1,4,3
Pseudomonas sp. GR 6-02,4,5,9,2,4,3,2,3
Pseudomonas sp. JY-Q,3,7,1,3,NA,3,1,2
Pseudomonas sp. L10.10,2,5,2,2,2,3,3,6
Pseudomonas sp. MRSN12121,3,2,6,4,4,6,NA,2
Pseudomonas sp. MS586,7,4,5,3,2,5,4,2
Pseudomonas sp. Os17,2,6,4,12,9,2,3,5
Pseudomonas sp. St29,2,7,5,13,9,2,3,5
Pseudomonas sp. StFLB209,3,4,5,2,5,2,1,3
Pseudomonas sp. TCU-HL1,4,4,6,10,3,1,3,1
Pseudomonas sp. TKP,1,NA,5,5,6,2,2,2
Pseudomonas sp. URMO17WK12:I11,5,7,9,13,7,4,4,5
Pseudomonas sp. UW4,NA,2,4,2,3,1,3,2
Pseudomonas sp. VLB120,4,9,2,8,3,NA,1,5
Stutzerimonas stutzeri,20,22,21,23,24,10,15,14
Pseudomonas syringae,9,18,16,17,15,7,7,19
Pseudomonas syringae group genomosp. 3,NA,3,2,2,1,2,1,2
Pseudomonas trivialis,2,3,5,2,4,4,2,1
Pseudonocardia,1,1,NA,NA,1,NA,NA,NA
Pseudonocardia dioxanivorans,3,3,6,5,3,NA,4,3
Pseudonocardia sp. AL041005-10,8,2,6,2,6,3,5,2
Pseudonocardia sp. EC080610-09,3,7,2,2,3,1,2,2
Pseudonocardia sp. EC080619-01,3,7,1,3,3,1,2,2
Pseudonocardia sp. EC080625-04,3,5,1,2,NA,1,3,2
Pseudonocardia sp. HH130629-09,2,2,2,7,1,NA,4,3
Pseudonocardia sp. HH130630-07,2,7,6,6,2,NA,5,2
Pseudopedobacter saltans,9,11,5,8,6,4,6,2
Arachnia propionica,4,5,4,1,NA,4,3,2
Pseudothermotoga elfii,NA,1,NA,NA,1,1,4,1
Pseudothermotoga hypogea,NA,NA,NA,2,NA,1,1,2
Pseudothermotoga lettingae,NA,1,NA,NA,1,NA,3,1
Pseudothermotoga thermarum,NA,NA,NA,NA,1,NA,1,NA
Pseudoxanthomonas spadix,2,5,3,2,4,2,3,7
Pseudoxanthomonas suwonensis,16,8,7,11,9,7,5,8
Psychrobacter alimentarius,NA,2,2,NA,2,NA,NA,NA
Psychrobacter arcticus,4,NA,1,1,4,3,1,2
Psychrobacter cryohalolentis,1,1,1,2,2,3,1,2
Psychrobacter sp. AntiMn-1,1,NA,NA,2,3,4,NA,NA
Psychrobacter sp. G,NA,1,1,2,2,2,NA,NA
Psychrobacter sp. P11G5,NA,1,1,3,2,1,1,NA
Psychrobacter sp. P2G3,NA,1,1,1,1,1,1,NA
Psychrobacter sp. PRwf-1,1,NA,1,NA,2,NA,1,1
Psychrobacter urativorans,1,NA,1,1,2,1,NA,NA
Psychroflexus torquis,1,1,1,1,2,1,2,2
Psychromonas ingrahamii,NA,NA,NA,NA,2,2,3,2
Psychromonas sp. CNPT3,NA,2,1,3,2,NA,1,NA
Pusillimonas sp. T7-7,2,1,1,1,NA,4,2,3
Pyrococcus abyssi,NA,NA,NA,NA,NA,1,NA,NA
Pyrococcus furiosus,1,NA,NA,1,1,1,NA,NA
Pyrococcus horikoshii,NA,NA,NA,NA,NA,NA,1,NA
Pyrococcus yayanosii,NA,NA,1,NA,2,NA,NA,NA
Pyrodictium delaneyi,NA,1,NA,NA,NA,NA,NA,NA
Pyrolobus fumarii,NA,NA,NA,NA,NA,1,NA,NA
Rabbit coronavirus HKU14,NA,1,NA,NA,NA,NA,NA,NA
Rahnella aquatilis,2,1,2,2,1,2,6,4
Rahnella sp. Y9602,2,NA,2,2,1,2,4,4
Ralstonia,NA,1,1,NA,1,NA,1,NA
Ralstonia insidiosa,13,5,9,8,1,5,6,2
Ralstonia mannitolilytica,5,4,9,5,5,3,6,8
Ralstonia pickettii,14,8,15,6,10,13,27,12
Ralstonia solanacearum,15,20,10,17,4,8,9,13
Ramlibacter,NA,2,NA,NA,NA,NA,NA,NA
Ramlibacter tataouinensis,14,11,17,12,7,7,9,9
Raoultella ornithinolytica,11,8,8,5,8,7,9,11
Rathayibacter toxicus,NA,4,NA,2,1,NA,NA,NA
Rathayibacter tritici,5,NA,2,3,3,NA,2,2
Renibacterium salmoninarum,NA,NA,1,NA,2,3,NA,1
Rhizobium,NA,1,NA,1,1,NA,2,1
Rhizobium etli,9,13,16,15,14,8,12,8
Rhizobium gallicum,4,4,7,1,4,4,3,4
Rhizobium leguminosarum,11,27,9,20,23,12,12,13
Rhizobium phaseoli,7,5,8,9,5,5,6,2
Rhizobium sp. IRBG74,10,7,4,6,5,1,1,4
Rhizobium sp. N113,2,5,9,7,4,NA,3,2
Rhizobium sp. N1314,2,7,8,7,4,NA,5,3
Rhizobium sp. N1341,2,5,9,7,4,NA,3,2
Rhizobium sp. N324,3,3,2,1,3,3,4,3
Rhizobium sp. N621,2,5,9,7,4,NA,3,2
Rhizobium sp. N6212,2,5,9,7,4,NA,3,2
Rhizobium sp. N731,2,7,8,7,4,NA,5,3
Rhizobium sp. N741,2,5,9,7,4,NA,3,2
Rhizobium sp. N871,2,5,9,7,4,NA,3,2
Rhizobium sp. NT-26,3,2,5,2,1,5,2,5
Rhizobium sp. S41,8,6,3,4,2,NA,3,4
Rhizobium tropici,5,5,2,4,2,2,4,4
Rhodanobacter denitrificans,4,8,7,4,3,2,2,9
Rhodanobacteraceae,NA,NA,NA,1,NA,NA,NA,NA
Rhodobacter capsulatus,4,2,4,2,4,2,2,4
Rhodobacter sp. LPB0142,3,6,7,3,2,2,1,5
Cereibacter sphaeroides,8,12,4,9,9,6,2,9
Paracoccaceae,NA,1,NA,1,NA,NA,NA,NA
Rhodococcus
 
 <high G+C Gram-positive bacteria>
 
,NA,NA,2,NA,NA,NA,NA,1
Rhodococcus aetherivorans,3,5,7,8,3,4,6,5
Prescottella equi,4,1,7,4,3,2,NA,3
Rhodococcus erythropolis,NA,1,4,3,2,1,1,5
Rhodococcoides fascians,6,4,3,2,4,3,1,1
Rhodococcus jostii,2,1,3,1,NA,NA,1,2
Rhodococcus opacus,4,2,10,4,4,1,4,5
Rhodococcus pyridinivorans,5,6,3,2,2,3,1,3
Rhodococcus sp. 008,1,2,5,3,1,NA,1,1
Rhodococcus sp. B7740,5,2,6,1,1,2,1,3
Rhodococcus sp. p52,3,3,3,4,2,3,1,2
Rhodococcus sp. PBTS 1,4,NA,5,1,1,1,NA,NA
Rhodococcoides fascians,1,5,6,2,2,2,3,NA
Rhodococcus sp. WB1,3,5,7,3,NA,2,2,3
Rhodococcus sp. WMMA185,3,1,1,NA,NA,1,NA,NA
Rhodoferax ferrireducens,2,2,3,1,2,2,4,3
Rhodoluna lacicola,3,1,2,1,2,1,1,1
Rhodomicrobium vannielii,2,1,3,1,3,NA,NA,3
Rhodopirellula baltica,1,1,1,2,4,NA,NA,1
Rhodoplanes sp. Z2-YC6860,5,7,3,2,2,4,5,2
Rhodopseudomonas palustris,11,11,29,16,10,11,11,16
Rhodospirillaceae,NA,NA,NA,1,NA,NA,NA,NA
Rhodospirillum,NA,2,NA,NA,NA,NA,NA,NA
Rhodospirillum centenum,4,6,9,9,3,NA,3,3
Rhodospirillum rubrum,2,2,2,3,1,1,2,2
Rhodothermus marinus,7,10,10,13,3,5,4,6
Rhodovulum sulfidophilum,5,3,8,6,2,2,2,3
Rickettsia africae,1,NA,NA,NA,NA,NA,1,1
Rickettsia akari,NA,NA,NA,NA,1,NA,1,1
Rickettsia amblyommatis,1,NA,NA,NA,NA,NA,1,NA
Rickettsia australis,1,NA,NA,NA,NA,NA,1,NA
Rickettsia bellii,NA,2,NA,1,1,1,NA,3
Rickettsia canadensis,NA,NA,NA,1,NA,NA,NA,2
Rickettsia conorii,1,NA,NA,NA,NA,NA,1,1
Rickettsia felis,1,NA,NA,NA,NA,1,1,1
Rickettsia conorii subsp. heilongjiangensis,2,NA,NA,NA,NA,1,NA,1
Rickettsia japonica,2,NA,NA,NA,NA,1,NA,1
Rickettsia massiliae,1,NA,NA,NA,NA,NA,NA,NA
Rickettsia monacensis,1,NA,NA,NA,NA,NA,2,1
Rickettsia montanensis,1,NA,NA,NA,NA,NA,NA,1
Rickettsia parkeri,1,NA,NA,NA,NA,NA,1,1
Rickettsia philipii,1,NA,NA,NA,NA,NA,1,1
Rickettsia prowazekii,NA,NA,NA,NA,NA,NA,1,1
Rickettsia rhipicephali,1,NA,NA,NA,NA,1,1,NA
Rickettsia rickettsii,1,NA,NA,NA,NA,NA,1,1
Rickettsia slovaca,1,NA,NA,NA,NA,1,1,1
Rickettsia typhi,NA,1,NA,1,NA,NA,NA,1
Rickettsiales bacterium Ac37b,2,2,1,1,NA,1,2,2
Riemerella anatipestifer,3,NA,2,6,4,8,3,1
Rivularia sp. PCC 7116,7,2,1,4,6,NA,1,1
Robiginitalea biformata,11,10,6,14,8,4,4,5
Roseateles,NA,2,NA,NA,NA,NA,NA,NA
Roseateles depolymerans,4,12,7,11,1,1,4,3
Roseburia hominis,159,241,198,286,583,1393,1602,1454
Roseicyclus elongatus,3,7,3,NA,1,2,NA,2
Roseiflexus castenholzii,1,2,4,3,5,3,4,2
Roseiflexus sp. RS-1,3,2,3,3,1,4,1,6
Roseobacter,NA,NA,1,NA,NA,NA,1,NA
Roseobacter denitrificans,3,3,NA,3,NA,1,2,1
Roseobacter litoralis,4,4,2,5,NA,1,NA,1
Rothia dentocariosa,2,1,2,1,1,1,1,3
Rothia mucilaginosa,5,5,7,5,3,2,2,2
Rubinisphaera brasiliensis,NA,NA,NA,1,3,2,1,3
Rubrivivax gelatinosus,7,6,6,14,3,4,4,4
Rubrobacter radiotolerans,1,NA,3,3,NA,1,1,1
Rubrobacter xylanophilus,2,5,4,6,NA,1,1,3
Ruegeria,NA,2,1,NA,NA,NA,1,NA
Tritonibacter mobilis,4,2,1,3,1,2,3,3
Ruegeria pomeroyi,3,5,8,5,2,3,4,3
Ruegeria sp. TM1040,3,2,1,1,NA,1,4,2
Rufibacter sp. DG15C,12,5,8,9,13,4,2,9
Rufibacter sp. DG31D,10,4,5,4,5,4,4,2
Rufibacter tibetensis,18,7,5,14,9,6,3,4
Ruminiclostridium,NA,1,NA,NA,NA,NA,NA,NA
Ruminiclostridium sp. KB18,50,78,72,120,30,36,26,60
Acetivibrio thermocellus,3,5,3,2,4,11,10,12
Ruminococcus albus,30,46,34,48,19,25,19,33
Ruminococcus bicirculans (ex Liu et al. 2021)
 
 
 <species>
 
,35,50,46,60,30,47,55,51
Rummeliibacillus stabekisii,1,2,1,5,4,6,1,1
Runella slithyformis,5,2,5,10,8,4,7,3
Saccharomonospora viridis,1,3,4,NA,2,1,3,NA
Saccharophagus degradans,2,3,2,5,1,1,1,2
Saccharopolyspora erythraea,4,4,8,6,2,1,1,5
Saccharothrix espanaensis,2,6,7,8,3,1,3,3
Salicola phage CGphi29,NA,NA,NA,NA,NA,NA,1,NA
Salimicrobium jeotgali,NA,NA,NA,4,1,5,6,2
Salinarchaeum sp. Harcht-Bsk1,NA,NA,2,1,4,1,2,1
Salinibacter ruber,5,3,3,5,2,3,2,4
Salinicoccus halodurans,NA,3,3,2,3,1,3,1
Salinispira pacifica,3,5,5,6,1,7,1,4
Salinispora arenicola,1,4,5,7,2,NA,2,3
Salinispora tropica,1,1,1,3,1,1,2,3
Salmonella bongori,3,3,NA,1,1,2,2,4
Salmonella enterica,4,13,8,7,22,28,50,37
Salmonella phage FSL SP-058,NA,NA,NA,1,NA,NA,NA,NA
Salmonella phage FSL SP-076,NA,NA,NA,1,NA,NA,NA,NA
Salmonella phage FSLSP088,1,1,1,NA,2,NA,NA,NA
Salmonella phage SJ46,NA,NA,NA,NA,NA,4,7,3
Salmonella phage SSU5,NA,NA,NA,NA,1,NA,NA,NA
Sandaracinus amylolyticus,3,4,5,4,3,5,4,2
Sanguibacter,1,NA,NA,NA,1,NA,NA,NA
Sanguibacter keddieii,1,2,7,3,NA,6,NA,2
Saprospira grandis,2,2,2,NA,2,3,NA,3
Scardovia inopinata,1,5,2,4,NA,4,2,2
Sebaldella termitidis,4,5,1,3,5,3,6,3
secondary endosymbiont of Ctenarytaina eucalypti,NA,NA,NA,NA,1,NA,NA,1
secondary endosymbiont of Heteropsylla cubana,NA,1,NA,NA,NA,NA,1,NA
Sedimenticola thiotaurini,3,5,3,4,2,3,1,5
Sediminicola sp. YIK13,6,1,4,1,6,2,1,3
Sediminispirochaeta smaragdinae,4,3,4,5,1,5,4,2
Segniliparus rotundus,NA,1,3,NA,1,NA,NA,1
Selenomonas ruminantium,14,16,10,15,14,10,9,14
Selenomonas sp. oral taxon 136,8,3,11,15,4,3,2,4
Selenomonas sp. oral taxon 478,5,7,8,14,4,3,2,4
Selenomonas sp. oral taxon 920,2,6,5,9,4,1,5,5
Selenomonas sputigena,4,12,7,13,6,5,6,11
Serinicoccus,NA,NA,1,NA,NA,NA,NA,NA
Serinicoccus sp. JLT9,2,7,6,2,1,NA,1,3
Serratia
 
 <beetles>
 
,NA,2,3,1,NA,NA,1,NA
Serratia fonticola,5,5,7,3,7,3,4,2
Serratia liquefaciens,3,NA,1,4,2,1,2,4
Serratia marcescens,14,13,25,26,13,14,16,18
Serratia plymuthica,4,4,4,6,6,8,7,6
Serratia proteamaculans,5,4,6,3,2,1,2,4
Serratia rubidaea,2,5,4,5,4,4,4,4
Serratia sp. AS12,1,1,2,1,4,3,4,3
Serratia sp. AS13,1,1,2,1,4,3,4,3
Serratia sp. FS14,3,5,4,12,4,10,2,8
Serratia sp. SCBI,1,2,8,5,4,5,3,3
Serratia sp. YD25,2,1,3,3,2,2,1,5
Shewanella amazonensis,4,1,NA,4,4,3,4,1
Shewanella baltica,4,4,4,4,6,4,1,4
Shewanella denitrificans,NA,NA,1,1,1,NA,NA,1
Shewanella frigidimarina,NA,3,NA,NA,2,NA,2,3
Shewanella halifaxensis,2,2,2,1,2,NA,2,NA
Shewanella loihica,5,6,5,4,9,1,3,6
Shewanella oneidensis,NA,NA,NA,1,4,2,1,1
Shewanella pealeana,2,2,1,2,5,1,2,2
Shewanella piezotolerans,2,NA,3,NA,1,4,1,1
Shewanella putrefaciens,1,2,1,NA,1,NA,2,1
Shewanella sediminis,1,4,3,NA,2,1,2,4
Shewanella sp. ANA-3,NA,2,3,1,2,2,1,NA
Shewanella sp. MR-4,3,NA,2,2,6,NA,1,2
Shewanella sp. MR-7,3,1,1,NA,3,1,2,1
Shewanella sp. W3-18-1,1,1,NA,NA,1,NA,NA,1
Shewanella violacea,NA,4,1,4,2,NA,5,3
Shewanella woodyi,1,NA,1,1,2,2,3,1
Shigella,NA,2,NA,NA,1,NA,NA,NA
Shigella boydii,5,6,4,5,147,382,198,259
Shigella dysenteriae,3,6,3,2,194,484,217,293
Shigella flexneri,1,3,4,3,168,380,179,247
Shigella phage 75/02 Stx,NA,NA,NA,NA,2,12,6,4
Shigella phage POCJ13,NA,NA,NA,NA,1,4,NA,1
Shigella phage Sf6,NA,NA,NA,NA,NA,1,NA,NA
Shigella phage Ss-VASD,NA,NA,NA,NA,1,7,2,3
Shigella sonnei,4,3,3,2,160,395,196,276
Shigella sp. PAMC 28760,3,6,4,4,216,488,205,311
Shimwellia blattae,5,6,4,4,3,4,2,7
Shinella sp. HZN7,6,8,13,5,1,7,3,5
Siansivirga zeaxanthinifaciens,1,3,3,1,2,5,4,2
Sideroxydans,NA,1,NA,NA,NA,NA,NA,NA
Sideroxydans lithotrophicus,2,2,5,5,5,3,1,2
Simiduia agarivorans,3,4,4,1,2,NA,NA,1
Simkania negevensis,1,1,1,NA,1,NA,1,NA
Singulisphaera acidiphila,2,3,3,2,1,NA,2,3
Sinomonas atrocyanea,1,3,3,3,2,NA,1,2
Sinorhizobium,NA,NA,1,NA,NA,NA,NA,NA
Sinorhizobium fredii,3,4,2,8,4,1,1,4
Sinorhizobium medicae,2,3,7,9,1,4,2,3
Sinorhizobium meliloti,4,7,7,8,8,2,4,6
Sinorhizobium sp. RAC02,5,11,4,4,3,2,NA,4
Slackia heliotrinireducens,28,44,53,43,17,28,19,19
Sneathia vaginalis,2,NA,NA,NA,2,NA,3,4
Snodgrassella alvi,4,NA,4,NA,2,NA,NA,3
Sodalis,NA,NA,NA,1,NA,NA,NA,1
Sodalis glossinidius,4,1,1,2,5,1,NA,2
Sodalis praecaptivus,4,1,4,3,4,3,3,4
Solibacillus silvestris,4,3,NA,6,7,4,9,4
Solitalea canadensis,13,9,7,9,5,5,3,4
Sorangium cellulosum,7,6,14,9,10,4,5,2
Sparus aurata papillomavirus 1,1,NA,NA,NA,NA,NA,NA,NA
Sphaerobacter thermophilus,3,4,4,5,2,4,2,5
Parasphaerochaeta coccoides,7,5,4,1,NA,NA,2,2
Sphaerochaeta globosa,3,2,4,6,4,4,NA,8
Sphaerochaeta pleomorpha,4,1,NA,5,4,1,2,3
Sphingobacterium sp. 21,14,7,2,7,9,6,4,4
Sphingobacterium sp. ML3W,8,3,5,5,7,3,3,3
Sphingobium baderi,4,2,3,4,5,2,NA,2
Sphingobium chlorophenolicum,6,3,3,2,5,1,1,2
Sphingobium indicum,1,4,4,4,1,1,1,1
Sphingobium sp. EP60837,2,1,2,1,NA,1,NA,NA
Sphingobium sp. MI1205,2,1,4,1,3,1,3,NA
Sphingobium sp. RAC03,4,3,3,4,1,NA,4,4
Sphingobium sp. SYK-6,5,5,5,2,NA,1,1,3
Sphingobium sp. TKS,3,2,NA,3,2,1,1,1
Sphingobium sp. YBL2,2,6,3,3,2,1,5,3
Sphingomonadaceae,NA,2,NA,1,NA,NA,NA,NA
Sphingomonas,1,NA,NA,1,NA,NA,NA,NA
Sphingomonas hengshuiensis,NA,3,3,1,1,NA,2,1
Sphingomonas melonis,6,5,3,2,2,1,3,3
Sphingomonas panacis,2,2,NA,1,2,NA,2,3
Sphingomonas sanxanigenens,5,5,9,8,4,1,1,2
Sphingomonas sp. MM-1,4,1,3,8,NA,NA,3,2
Sphingomonas sp. NIC1,2,3,3,1,3,NA,4,1
Sphingomonas taxi,3,1,6,4,2,NA,NA,2
Rhizorhabdus wittichii,4,1,2,2,NA,2,3,2
Sphingopyxis,NA,NA,NA,NA,NA,1,NA,NA
Sphingopyxis alaskensis,1,1,2,2,1,1,1,NA
Sphingopyxis fribergensis,1,NA,3,NA,1,NA,1,4
Sphingopyxis granuli,4,2,2,5,2,NA,3,NA
Sphingopyxis macrogoltabida,4,6,4,6,2,1,3,2
Sphingopyxis sp. 113P3,5,2,3,6,4,3,NA,3
Sphingopyxis terrae,NA,2,2,NA,1,1,NA,1
Sphingorhabdus sp. M41,1,2,4,2,3,2,1,3
Spiribacter salinus,3,2,1,1,1,NA,NA,NA
Spiribacter sp. UAH-SP71,1,3,4,4,1,NA,NA,3
Spirochaeta africana,5,4,2,3,1,2,5,1
Winmispira thermophila,3,1,3,3,NA,2,1,1
Spiroplasma apis,NA,NA,NA,NA,1,1,NA,NA
Spiroplasma mirum,1,2,5,3,3,2,NA,6
Spiroplasma cantharicola,NA,1,NA,1,1,2,3,NA
Spiroplasma chrysopicola,4,3,2,3,5,NA,1,3
Spiroplasma culicicola,NA,NA,NA,NA,NA,2,2,NA
Spiroplasma diminutum,NA,2,NA,NA,NA,2,1,2
Spiroplasma eriocheiris,1,2,5,4,4,2,2,6
Spiroplasma helicoides,2,1,NA,1,3,1,2,1
Spiroplasma kunkelii,NA,2,3,3,1,1,2,6
Spiroplasma mirum,1,2,5,3,3,2,NA,6
Spiroplasma sabaudiense,NA,NA,1,NA,1,NA,NA,1
Spiroplasma sp. TU-14,2,2,2,3,1,3,NA,4
Spiroplasma syrphidicola,2,2,2,3,NA,1,2,3
Spiroplasma taiwanense,NA,1,NA,NA,NA,2,2,1
Spirosoma radiotolerans,7,10,6,6,5,NA,5,3
Spodoptera exigua multiple nucleopolyhedrovirus,NA,NA,1,NA,NA,NA,NA,NA
Spodoptera frugiperda multiple nucleopolyhedrovirus,NA,NA,NA,NA,1,NA,NA,NA
Spodoptera litura nucleopolyhedrovirus,NA,1,NA,NA,NA,NA,NA,NA
Spodoptera litura nucleopolyhedrovirus II,NA,NA,NA,1,NA,NA,NA,NA
Spongiibacter sp. IMCC21906,1,2,4,2,3,NA,NA,NA
Sporosarcina psychrophila,NA,NA,NA,NA,1,2,2,1
Stackebrandtia nassauensis,6,4,3,3,NA,1,2,1
Stanieria cyanosphaera,2,1,NA,NA,5,3,1,4
Staphylococcus agnetis,2,NA,1,NA,3,2,1,1
Staphylococcus argenteus,NA,NA,2,1,NA,1,2,2
Staphylococcus aureus,4,2,NA,1,5,7,8,5
Staphylococcus capitis,2,2,1,2,NA,1,2,NA
Staphylococcus carnosus,NA,2,2,NA,NA,NA,2,3
Staphylococcus condimenti,NA,1,1,NA,1,2,2,2
Staphylococcus epidermidis,NA,NA,3,2,NA,3,4,1
Staphylococcus equorum,NA,1,NA,NA,1,3,7,3
Staphylococcus haemolyticus,3,5,1,2,5,2,6,1
Staphylococcus hyicus,NA,1,2,NA,NA,2,4,1
Staphylococcus lugdunensis,1,NA,NA,NA,NA,1,2,NA
Staphylococcus pasteuri,1,1,1,1,4,3,1,4
Staphylococcus phage 6ec,NA,NA,NA,NA,NA,NA,1,NA
Staphylococcus phage phiIPLA-C1C,NA,NA,NA,NA,NA,NA,1,NA
Staphylococcus phage vB_SepS_SEP9,NA,NA,NA,NA,NA,NA,1,1
Staphylococcus pseudintermedius,1,2,NA,1,NA,1,1,NA
Staphylococcus saprophyticus,NA,NA,NA,NA,2,2,2,1
Staphylococcus schleiferi,1,2,1,2,NA,1,5,7
Staphylococcus simulans,4,1,1,3,7,NA,2,1
Staphylococcus sp. AntiMn-1,NA,3,NA,1,NA,NA,5,1
Staphylococcus warneri,1,1,1,1,2,3,4,4
Staphylococcus xylosus,NA,1,NA,2,NA,4,2,5
Staphylothermus hellenicus,NA,NA,NA,1,NA,1,NA,NA
Ancylobacter novellus,5,1,3,8,3,5,2,3
Stenotrophomonas,NA,NA,NA,1,NA,NA,NA,1
Stenotrophomonas acidaminiphila,6,7,3,5,1,2,3,4
Stenotrophomonas maltophilia,20,27,17,11,9,9,9,14
Stenotrophomonas nitritireducens,6,9,2,2,1,3,NA,3
Stenotrophomonas rhizophila,4,7,7,5,1,2,6,1
Stenotrophomonas sp. KCTC 12332,4,8,4,1,NA,2,NA,3
Stenotrophomonas sp. LM091,4,5,2,2,NA,4,5,4
Steroidobacter denitrificans,5,2,3,3,5,3,1,2
Stigmatella aurantiaca,4,6,9,7,1,1,1,6
Streptobacillus moniliformis,1,1,NA,1,2,2,7,2
Streptococcus agalactiae,1,4,3,4,7,23,41,13
Streptococcus anginosus,13,35,19,19,14,20,27,31
Streptococcus constellatus,1,2,3,3,NA,4,9,4
Streptococcus cristatus,2,1,4,4,1,8,3,4
Streptococcus dysgalactiae,3,NA,NA,1,3,1,3,NA
Streptococcus equi,1,NA,NA,5,4,6,4,7
Streptococcus gallolyticus,8,9,4,4,11,13,11,12
Streptococcus gordonii,7,3,1,2,6,4,10,4
Streptococcus halotolerans,NA,1,NA,1,NA,2,1,2
Streptococcus himalayensis,2,2,1,NA,2,1,1,1
Streptococcus infantarius,8,2,10,3,10,23,10,12
Streptococcus iniae,2,1,1,NA,4,3,2,2
Streptococcus intermedius,2,1,2,NA,2,4,6,3
Streptococcus lutetiensis,1,1,6,NA,5,24,10,14
Streptococcus macedonicus,NA,1,1,2,1,7,3,1
Streptococcus marmotae,3,2,1,NA,4,6,NA,2
Streptococcus mitis,4,3,3,3,6,13,20,16
Streptococcus mutans,4,1,NA,2,4,3,4,3
Streptococcus oralis,2,1,1,1,1,2,5,6
Streptococcus pantholopis,3,3,1,3,6,2,3,2
Streptococcus parasanguinis,NA,2,NA,1,44,110,614,156
Streptococcus parauberis,NA,NA,NA,NA,NA,NA,6,1
Streptococcus pasteurianus,6,5,3,1,9,17,12,11
Streptococcus phage 2972,NA,NA,NA,NA,NA,NA,NA,1
Streptococcus phage Alq132,NA,NA,NA,NA,NA,NA,1,NA
Streptococcus phage Cp1,3,NA,NA,NA,2,NA,NA,NA
Streptococcus phage O1205,NA,NA,NA,NA,NA,NA,1,NA
Streptococcus phage Sfi11,NA,NA,NA,NA,NA,NA,1,NA
Streptococcus phage Sfi19,NA,NA,NA,NA,NA,NA,1,NA
Streptococcus phage Sfi21,NA,NA,NA,NA,NA,NA,1,NA
Streptococcus pneumoniae,2,3,2,4,6,9,10,6
Streptococcus pseudopneumoniae,NA,2,1,5,2,5,4,4
Streptococcus pyogenes,3,5,1,2,8,15,20,18
Streptococcus salivarius,6,5,4,1,133,347,645,509
Streptococcus sanguinis,1,4,2,1,1,3,6,3
Streptococcus sp. A12,NA,1,1,2,3,4,8,5
Streptococcus sp. I-G2,1,1,NA,NA,3,2,5,3
Streptococcus sp. I-P16,1,2,NA,NA,3,3,9,2
Streptococcus sp. oral taxon 431,2,NA,1,1,2,NA,3,1
Streptococcus suis,10,15,8,20,24,48,50,42
Streptococcus thermophilus,6,7,2,1,101,268,511,382
Streptococcus uberis,NA,NA,1,NA,NA,5,2,1
Streptomyces,2,4,1,1,1,1,NA,1
Streptomyces noursei,2,1,5,3,3,2,NA,5
Streptomyces albus,6,13,19,12,7,5,4,7
Streptomyces ambofaciens,6,5,5,4,3,NA,4,5
Streptomyces avermitilis,4,3,5,4,1,NA,4,2
Streptomyces bingchenggensis,7,9,4,4,2,NA,7,3
Streptantibioticus cattleyicolor,2,7,10,7,NA,6,2,3
Streptomyces clavuligerus,NA,6,9,1,2,1,2,3
Streptomyces coelicolor,4,6,9,7,2,2,2,4
Streptomyces collinus,9,8,8,6,3,NA,2,1
Streptomyces cyaneogriseus,5,6,5,7,1,1,4,2
Streptomyces microflavus,2,3,2,1,2,5,3,6
Streptomyces glaucescens,3,9,4,9,1,4,2,2
Streptomyces globisporus,3,4,3,7,1,6,1,4
Streptomyces griseochromogenes,7,7,7,8,NA,1,5,3
Streptomyces griseus,1,2,2,6,1,2,2,2
Streptomyces hygroscopicus,4,6,7,5,4,4,4,1
Streptomyces leeuwenhoekii,1,6,12,7,2,4,3,2
Streptomyces lincolnensis,3,6,4,6,1,2,5,1
Streptomyces lividans,2,6,6,2,3,4,1,2
Streptomyces lydicus,9,10,3,14,4,2,5,10
Streptomyces noursei,2,8,5,5,1,4,2,6
Streptomyces pactum,3,3,11,7,5,4,3,6
Streptomyces parvulus,4,6,6,4,1,1,1,1
Streptomyces phage phiBT1,NA,NA,NA,NA,NA,NA,1,NA
Streptomyces pratensis,3,4,NA,3,3,NA,2,NA
Streptomyces pristinaespiralis,3,5,6,7,2,1,5,1
Streptomyces puniciscabiei,2,4,10,8,2,2,3,4
Streptomyces reticuli,7,9,9,11,1,3,4,2
Streptomyces rubrolavendulae,5,6,8,2,1,3,2,2
Streptomyces sampsonii,7,5,3,6,1,2,3,7
Streptomyces scabiei,1,2,4,7,3,2,4,7
Streptomyces sp. 4F,6,8,3,6,1,3,3,1
Streptomyces sp. 769,4,7,7,6,2,6,8,9
Streptomyces sp. CCM_MD2014,4,8,10,7,5,4,2,5
Streptomyces sp. CdTB01,5,4,9,10,6,2,1,4
Streptomyces sp. CFMR 7,2,5,2,3,1,2,1,3
Streptomyces sp. CNQ-509,4,3,6,4,NA,1,3,2
Streptomyces sp. Mg1,4,5,10,3,4,2,3,5
Streptomyces sp. PAMC 26508,4,4,5,2,3,2,1,5
Streptomyces sp. RTd22,6,9,13,7,7,3,4,2
Streptomyces sp. S10(2016),3,4,4,8,3,2,7,1
Streptomyces sp. SAT1,4,8,11,8,3,3,4,7
Streptomyces sp. SirexAA-E,2,6,6,5,5,4,2,6
Streptomyces venezuelae,1,7,4,4,2,3,1,4
Streptomyces vietnamensis,7,5,2,7,2,4,3,1
Streptomyces violaceusniger,5,5,7,7,9,3,3,4
Streptomyces xiamenensis,3,2,6,9,NA,4,2,3
Streptosporangium,NA,NA,NA,1,NA,NA,NA,1
Streptosporangium roseum,4,6,8,7,2,2,6,5
Stx2 converting phage II,NA,NA,NA,NA,18,77,25,26
Stx2 converting phage vB_EcoP_24B,NA,NA,NA,NA,8,34,12,15
Stx2-converting phage 1717,NA,NA,NA,NA,11,43,18,21
Stx2-converting phage 86,NA,NA,NA,NA,3,4,3,2
Sulfolobus acidocaldarius,NA,1,NA,1,NA,NA,NA,1
Saccharolobus islandicus,NA,1,NA,NA,NA,1,1,3
Saccharolobus solfataricus,NA,NA,NA,1,NA,NA,NA,2
Sulfolobus sp. A20,NA,NA,NA,NA,NA,1,NA,NA
Sulfurisphaera tokodaii,NA,NA,NA,NA,NA,NA,2,NA
Sulfuricella denitrificans,2,1,2,4,2,1,3,3
Sulfuricurvum kujiense,1,2,NA,NA,2,1,1,1
Sulfurihydrogenibium azorense,NA,2,2,1,NA,2,NA,NA
Sulfurihydrogenibium sp. YO3AOP1,NA,2,NA,NA,3,2,1,2
Sulfurimonas autotrophica,NA,NA,NA,NA,NA,2,3,1
Sulfurimonas denitrificans,NA,2,NA,1,1,1,1,1
Sulfuritalea hydrogenivorans,4,1,5,11,4,4,4,5
Sulfurospirillum barnesii,NA,NA,NA,1,2,NA,3,1
Sulfurospirillum cavolei,1,NA,1,3,NA,NA,NA,NA
Sulfurospirillum deleyianum,NA,NA,NA,1,1,NA,NA,NA
Sulfurospirillum halorespirans,NA,NA,2,1,3,1,2,2
Sulfurospirillum multivorans,2,1,NA,3,3,2,1,2
Sulfurospirillum sp. UCH001,2,NA,2,NA,1,1,4,1
Sulfurovum lithotrophicum,3,4,2,3,3,1,NA,1
Sulfurovum sp. NBC37-1,NA,3,1,2,5,1,1,3
Symbiobacterium,NA,NA,NA,1,NA,NA,NA,1
Symbiobacterium thermophilum,10,13,7,9,NA,9,2,9
Synechococcus,1,NA,NA,NA,NA,NA,NA,NA
Synechococcus elongatus,2,1,2,1,NA,1,1,1
Synechococcus phage ACG-2014f,NA,1,NA,NA,NA,NA,1,NA
Synechococcus phage ACG-2014j,NA,NA,NA,NA,NA,NA,1,NA
Synechococcus phage S-CRM01,NA,NA,NA,NA,1,NA,NA,NA
Synechococcus sp. CC9311,NA,NA,NA,NA,NA,NA,1,1
Synechococcus sp. CC9605,2,NA,3,4,1,2,1,NA
Synechococcus sp. CC9902,3,2,2,1,6,NA,NA,NA
Synechococcus sp. JA-2-3B'a(2-13),5,2,1,4,1,2,3,4
Synechococcus sp. JA-3-3Ab,5,3,3,5,2,1,2,5
Synechococcus sp. KORDI-100,1,1,NA,NA,4,NA,NA,1
Synechococcus sp. KORDI-49,3,NA,NA,2,3,1,NA,3
Synechococcus sp. KORDI-52,2,4,1,3,1,NA,NA,NA
Synechococcus sp. PCC 6312,NA,1,1,NA,1,NA,2,NA
Synechococcus sp. PCC 7002,1,NA,1,NA,NA,NA,2,NA
Synechococcus sp. PCC 7003,1,NA,NA,NA,NA,NA,2,NA
Synechococcus sp. PCC 7117,NA,NA,NA,NA,NA,1,NA,NA
Synechococcus sp. PCC 7502,NA,NA,1,1,NA,1,NA,NA
Synechococcus sp. PCC 8807,NA,NA,1,NA,NA,NA,1,NA
Synechococcus sp. RCC307,NA,5,NA,3,1,1,1,NA
Synechococcus sp. UTEX 2973,1,2,2,2,3,2,1,1
Synechococcus sp. WH 7803,3,1,6,1,1,NA,1,NA
Synechococcus sp. WH 8102,1,2,3,5,2,NA,2,4
Synechococcus sp. WH 8103,1,1,3,3,NA,NA,2,4
Synechococcus sp. WH 8109,3,1,3,3,NA,1,NA,NA
Synechocystis sp. PCC 6714,NA,1,1,1,NA,3,1,NA
Synechocystis sp. PCC 6803,2,NA,2,NA,1,1,1,NA
synthetic construct,NA,NA,4,6,69,66,31,53
Syntrophobacter fumaroxidans,4,4,1,1,2,5,1,4
Syntrophobotulus glycolicus,5,4,3,7,2,5,6,8
Syntrophomonas wolfei,1,NA,NA,1,2,2,NA,NA
Syntrophothermus lipocalidus,NA,4,6,1,2,NA,NA,3
Syntrophus aciditrophicus,1,NA,3,NA,3,2,2,2
Tannerella forsythia,48,46,42,71,45,49,81,68
Tannerella serpentiformis,58,40,40,38,38,20,22,27
Tatlockia micdadei,NA,1,1,NA,1,1,2,1
Taylorella asinigenitalis,2,1,2,NA,NA,NA,1,3
Taylorella equigenitalis,NA,NA,NA,1,1,1,1,1
Tenacibaculum dicentrarchi,7,1,1,4,6,4,2,3
Tepidanaerobacter acetatoxydans,1,NA,NA,NA,NA,3,2,3
Teredinibacter turnerae,1,6,3,3,3,2,2,NA
Terribacillus aidingensis,NA,2,1,2,2,4,2,4
Terriglobus roseus,25,11,4,7,10,2,3,6
Terriglobus saanensis,1,3,3,3,NA,1,NA,1
Tetragenococcus halophilus,2,2,1,NA,1,3,3,3
Thalassolituus oleivorans,1,NA,NA,2,2,2,1,1
Thalassospira xiamenensis,4,1,3,4,1,1,3,2
Thalassotalea sp. LPB0090,NA,NA,1,NA,1,2,3,1
Thauera,NA,2,NA,NA,NA,NA,NA,NA
Thauera humireducens,6,5,9,3,2,2,4,9
Thauera aminoaromatica,3,8,11,12,3,2,2,5
Thermacetogenium phaeum,NA,2,1,3,1,1,NA,1
Thermaerobacter marianensis,7,7,7,16,2,3,6,1
Thermanaerovibrio acidaminovorans,3,1,2,NA,1,NA,1,2
Thermincola potens,4,1,3,2,2,4,4,3
Thermoanaerobacter brockii,5,1,NA,1,8,2,4,4
Thermoanaerobacter italicus,1,2,NA,2,6,3,3,3
Thermoanaerobacter kivui,3,1,2,2,7,5,3,5
Thermoanaerobacter mathranii,NA,1,1,2,3,2,2,2
Thermoanaerobacter pseudethanolicus,5,1,NA,1,8,2,4,4
Thermoanaerobacter sp. X513,3,NA,NA,NA,8,4,3,NA
Thermoanaerobacter sp. X514,4,2,NA,1,7,4,4,4
Thermoanaerobacter wiegelii,2,2,NA,NA,8,6,3,4
Thermoanaerobacterium thermosaccharolyticum,2,1,1,4,2,9,9,6
Thermoanaerobacterium xylanolyticum,NA,NA,1,NA,1,7,5,5
Thermobacillus,NA,NA,1,NA,NA,NA,NA,NA
Thermobacillus composti,6,8,5,1,10,4,9,9
Thermobaculum terrenum,NA,1,1,NA,1,1,2,1
Thermobifida fusca,1,1,3,NA,1,1,3,1
Thermobispora bispora,2,5,4,4,NA,NA,1,3
Thermococcus barophilus,NA,2,1,1,NA,1,NA,3
Thermococcus chitonophagus,NA,NA,NA,NA,NA,NA,1,NA
Thermococcus cleftensis,NA,1,NA,NA,1,NA,NA,NA
Thermococcus gammatolerans,NA,1,1,NA,NA,NA,NA,NA
Thermococcus guaymasensis,NA,NA,NA,NA,NA,NA,NA,1
Thermococcus kodakarensis,NA,NA,1,1,NA,NA,NA,1
Thermococcus litoralis,1,NA,2,NA,NA,NA,1,NA
Thermococcus nautili,1,1,NA,NA,NA,1,1,NA
Thermococcus onnurineus,NA,NA,1,1,1,1,NA,1
Thermococcus paralvinellae,NA,1,NA,NA,NA,NA,NA,1
Thermococcus peptonophilus,NA,NA,1,NA,NA,NA,NA,NA
Thermococcus piezophilus,2,NA,1,NA,NA,NA,NA,NA
Thermococcus sibiricus,2,1,1,1,1,NA,2,1
Thermococcus sp. 2319x1,NA,NA,NA,NA,NA,1,NA,NA
Thermococcus sp. AM4,NA,1,1,1,NA,NA,NA,NA
Thermocrinis albus,NA,2,NA,1,2,NA,NA,NA
Thermocrinis ruber,NA,NA,1,NA,NA,1,1,1
Thermodesulfatator indicus,1,NA,3,1,1,NA,3,2
Thermodesulfobacterium commune,1,NA,NA,1,1,1,1,1
Thermodesulfobacterium geofontis,1,1,NA,1,1,2,NA,1
Thermodesulfobium narugense,NA,NA,NA,1,NA,2,NA,2
Thermodesulfovibrio yellowstonii,1,1,1,3,1,3,1,3
Thermofilum carboxyditrophus,NA,NA,1,NA,NA,1,NA,NA
Thermofilum pendens,NA,NA,NA,2,NA,NA,NA,NA
Thermofilum adornatum,NA,NA,1,NA,NA,2,NA,NA
Thermogladius calderae,NA,NA,1,NA,NA,NA,NA,2
Thermomicrobium roseum,1,2,3,1,NA,1,1,1
Thermomonospora curvata,5,5,8,7,2,1,3,6
Thermoplasma volcanium,NA,NA,NA,NA,NA,NA,1,NA
Thermoplasmatales archaeon BRNA1,1,2,NA,2,1,NA,1,NA
Thermoproteus tenax,NA,NA,NA,NA,NA,1,NA,NA
Thermoproteus uzoniensis,NA,NA,NA,2,1,NA,NA,1
Thermosediminibacter oceani,NA,NA,2,1,NA,1,1,NA
Thermosipho africanus,3,6,1,NA,1,2,3,4
Thermosipho melanesiensis,NA,1,NA,NA,NA,1,2,2
Thermosphaera aggregans,NA,NA,NA,NA,NA,1,NA,NA
Thermosulfidibacter takaii,NA,NA,NA,1,NA,NA,3,1
Thermosynechococcus vestitus,1,2,2,NA,NA,1,1,NA
Thermotoga caldifontis,3,2,NA,1,1,NA,1,1
Thermotoga maritima,NA,NA,NA,NA,NA,1,2,1
Thermotoga petrophila,NA,NA,1,1,NA,NA,2,1
Thermotoga neapolitana,1,2,1,1,NA,2,1,2
Thermotoga petrophila,NA,NA,NA,1,NA,2,1,NA
Thermotoga profunda,NA,NA,1,NA,NA,NA,1,1
Thermotoga sp. 2812B,NA,NA,1,1,1,2,NA,NA
Thermotoga sp. Cell2,NA,1,NA,1,1,2,NA,NA
Thermotoga sp. RQ2,NA,NA,NA,NA,1,2,NA,NA
Thermotoga sp. RQ7,1,2,1,1,NA,2,1,2
Thermovibrio ammonificans,NA,1,2,1,1,1,NA,NA
Thermovirga lienii,NA,1,1,1,NA,6,3,3
Thermus,NA,1,NA,NA,NA,NA,NA,NA
Thermus aquaticus,1,6,3,7,NA,1,NA,1
Thermus oshimai,6,5,3,4,1,NA,3,NA
Thermus parvatiensis,NA,1,2,1,NA,NA,NA,NA
Thermus scotoductus,7,3,4,7,2,NA,NA,3
Thermus sp. CCB_US3_UF1,1,5,1,3,1,NA,2,4
Thermus thermophilus,1,5,7,3,NA,1,1,NA
Thiomicrospira aerophila,2,NA,1,NA,1,1,NA,2
Thiomicrospira cyclica,NA,NA,2,3,NA,NA,NA,1
Thioalkalivibrio,NA,1,NA,NA,NA,NA,NA,NA
Thioalkalivibrio nitratireducens,2,NA,4,1,2,3,1,1
Thioalkalivibrio paradoxus,1,5,2,2,2,NA,NA,1
Thioalkalivibrio sp. K90mix,2,3,2,1,2,1,1,4
Thioalkalivibrio sulfidiphilus,4,4,12,8,4,3,2,2
Thioalkalivibrio versutus,3,5,6,4,4,1,NA,3
Thiobacillus denitrificans,NA,1,2,3,NA,1,1,2
Thiocystis violascens,3,4,6,10,2,4,2,1
Thioflavicoccus mobilis,NA,2,6,6,3,3,2,1
Thiolapillus brandeum,NA,2,1,2,2,1,3,NA
Hydrogenovibrio crunogenus,1,NA,NA,NA,NA,2,1,2
Thiomonas intermedia,1,5,2,2,2,1,NA,4
Thioploca ingrica,NA,NA,NA,NA,1,NA,NA,NA
Tipula oleracea nudivirus,NA,NA,NA,NA,NA,NA,1,NA
Tistrella mobilis,1,3,8,6,4,2,1,2
Tolumonas auensis,4,1,NA,2,2,2,2,2
Leadbettera azotonutricia,1,2,1,4,1,2,NA,2
Treponema brennaborense,4,2,7,4,5,4,4,1
Gracilinema caldarium,4,4,4,3,4,2,NA,3
Treponema denticola,1,1,4,1,4,3,3,1
Treponema pedis,1,NA,1,1,1,1,2,2
Treponema primitia,NA,3,2,2,NA,1,2,3
Treponema putidum,6,4,2,5,2,4,1,3
Treponema sp. OMZ 838,4,4,3,7,5,1,4,1
Treponema succinifaciens,15,20,18,17,15,34,25,16
Trichodesmium erythraeum,NA,NA,NA,2,3,1,1,1
Trichormus azollae,2,1,1,1,2,1,1,1
Tropheryma whipplei,NA,NA,NA,NA,NA,NA,NA,1
Truepera,NA,2,NA,NA,NA,NA,NA,NA
Truepera radiovictrix,5,5,4,5,1,NA,5,3
Trueperella pyogenes,3,9,14,11,4,2,3,7
Tsukamurella paurometabola,3,2,4,1,3,3,1,1
Turicibacter sp. H121,2,5,3,7,4,9,8,9
Turkey adenovirus 1,NA,NA,NA,NA,NA,NA,1,NA
Turneriella parva,NA,4,4,NA,NA,1,2,NA
uncultured Termite group 1 bacterium,NA,2,2,1,NA,1,2,1
Ureaplasma parvum,NA,NA,1,NA,NA,NA,2,1
Ureaplasma urealyticum,NA,NA,NA,NA,1,NA,1,NA
Variovorax paradoxus,8,21,14,13,3,7,12,16
Variovorax sp. PAMC 28711,5,3,2,3,4,1,5,2
Veillonella parvula,4,1,4,2,34,82,608,115
Verminephrobacter eiseniae,3,5,6,6,4,3,4,1
Verrucomicrobia bacterium IMCC26134,4,4,3,2,3,1,1,3
Verrucomicrobia bacterium L21-Fru-AB,1,4,1,1,1,1,4,NA
Micromonospora maris,3,5,5,3,1,NA,1,NA
Vibrio,NA,NA,1,NA,NA,1,2,NA
Vibrio alginolyticus,3,1,1,2,6,2,2,4
Vibrio anguillarum,1,NA,2,1,2,NA,2,2
Vibrio antiquarius,1,1,1,3,2,2,2,1
Vibrio breoganii,4,1,1,5,3,2,NA,2
Vibrio campbellii,4,1,NA,4,7,NA,1,1
Vibrio cholerae,2,6,2,7,9,9,18,14
Vibrio coralliilyticus,3,NA,3,7,4,1,2,4
Vibrio fluvialis,1,1,NA,NA,8,2,1,3
Vibrio furnissii,2,1,1,3,7,2,NA,2
Vibrio harveyi,3,2,NA,1,3,NA,NA,1
Vibrio mimicus,4,6,1,3,1,4,3,7
Vibrio natriegens,1,NA,4,2,6,1,4,3
Vibrio nigripulchritudo,1,2,NA,NA,4,4,4,3
Vibrio parahaemolyticus,5,1,2,4,9,4,2,5
Vibrio phage nt-1,NA,NA,NA,NA,NA,NA,1,NA
Vibrio scophthalmi,NA,NA,2,2,NA,2,NA,3
Vibrio sp. EJY3,NA,NA,4,2,5,1,1,2
Vibrio tasmaniensis,3,NA,1,NA,NA,NA,2,4
Vibrio tritonius,NA,1,1,NA,5,1,NA,1
Vibrio tubiashii,2,2,1,1,2,1,2,2
Vibrio vulnificus,3,5,1,4,7,2,2,4
Virgibacillus sp. SK37,1,NA,NA,NA,NA,7,NA,4
Vulcanisaeta distributa,NA,NA,NA,NA,NA,NA,NA,1
Vulcanisaeta moutnovskia,2,5,1,NA,4,1,NA,NA
Vulgatibacter incomptus,3,7,6,5,5,2,2,1
Waddlia chondrophila,NA,2,NA,1,1,1,NA,NA
Weeksella virosa,4,4,2,4,5,3,1,8
Weissella,NA,2,NA,NA,NA,NA,NA,NA
Weissella ceti,1,3,4,2,1,1,4,3
Weissella cibaria,NA,4,3,2,1,1,NA,1
Weissella koreensis,1,3,3,3,NA,4,4,1
Weissella phage WCP30,NA,NA,NA,NA,NA,1,1,NA
Wenyingzhuangia fucanilytica,8,1,1,4,6,1,3,4
Wenzhouxiangella marina,1,1,1,3,3,NA,3,1
White spot syndrome virus,NA,NA,NA,1,NA,NA,NA,NA
Wigglesworthia glossinidia,NA,1,1,NA,2,NA,1,NA
Winogradskyella sp. PG-2,6,1,1,1,5,NA,2,3
Woeseia oceani,1,1,1,NA,2,1,NA,NA
Wolbachia endosymbiont of Brugia malayi,NA,NA,NA,1,NA,1,1,NA
Wolbachia endosymbiont of Cimex lectularius,NA,NA,NA,2,NA,NA,NA,NA
Wolbachia endosymbiont of Drosophila simulans,NA,NA,NA,NA,NA,1,NA,NA
Wolbachia endosymbiont of Onchocerca ochengi,NA,NA,NA,NA,NA,NA,1,NA
Wolinella succinogenes,NA,2,1,2,2,NA,1,1
Xanthobacter autotrophicus,3,5,5,7,4,2,3,NA
Lysobacteraceae,NA,NA,NA,1,NA,NA,NA,NA
Xanthomonas,NA,NA,NA,NA,NA,NA,1,NA
Xanthomonas albilineans,1,1,NA,NA,1,1,1,1
Xanthomonas alfalfae,7,6,2,6,3,4,NA,2
Xanthomonas axonopodis,3,6,3,6,1,3,NA,2
Xanthomonas campestris,11,16,10,21,9,10,7,5
Xanthomonas citri,8,7,4,8,3,4,1,4
Xanthomonas euvesicatoria,5,5,2,5,3,5,1,3
Xanthomonas fragariae,5,2,3,1,1,1,1,3
Xanthomonas citri pv. fuscans,3,3,2,5,1,4,1,4
Xanthomonas oryzae,13,9,5,16,3,5,3,3
Xanthomonas sacchari,5,5,4,6,1,7,3,7
Xanthomonas translucens,8,8,4,4,3,4,3,5
Xenorhabdus bovienii,1,3,2,3,5,3,7,2
Xenorhabdus doucetiae,NA,1,1,4,1,NA,NA,NA
Xenorhabdus hominickii,7,NA,1,2,2,2,3,1
Xenorhabdus nematophila,NA,NA,2,3,1,1,2,NA
Xenorhabdus poinarii,2,NA,3,3,NA,1,NA,1
Xylanimonas cellulosilytica,5,2,5,2,2,1,6,9
Xylella fastidiosa,1,1,1,NA,NA,2,2,1
Yangia sp. CCB-MM3,8,5,8,5,3,4,1,4
Yellowstone lake mimivirus,3,NA,NA,NA,2,NA,NA,NA
Yellowstone lake phycodnavirus 2,NA,NA,NA,NA,NA,1,NA,NA
Yellowstone lake phycodnavirus 3,1,NA,NA,NA,NA,NA,NA,NA
Yersinia
 
 <enterobacteria>
 
,NA,1,NA,NA,NA,NA,NA,NA
Yersinia aldovae,2,2,NA,2,NA,NA,2,3
Yersinia aleksiciae,6,3,2,4,5,1,2,1
Yersinia enterocolitica,6,8,1,6,5,6,3,6
Yersinia frederiksenii,3,1,NA,2,1,2,NA,1
Yersinia intermedia,3,2,2,2,4,1,NA,3
Yersinia kristensenii,2,3,NA,3,2,1,2,NA
Yersinia pestis,4,NA,2,NA,1,3,6,9
Yersinia phage phiR1-37,NA,NA,NA,1,NA,NA,NA,NA
Yersinia phage phiR1-RT,NA,NA,NA,NA,NA,1,NA,NA
Yersinia phage vB_YenM_TG1,NA,NA,NA,NA,NA,1,NA,NA
Yersinia phage vB_YenP_ISAO8,NA,1,1,1,NA,NA,NA,NA
Yersinia pseudotuberculosis,4,NA,4,NA,NA,5,6,11
Yersinia rohdei,1,4,NA,2,1,1,2,1
Yersinia ruckeri,NA,1,2,2,1,NA,NA,1
Yersinia similis,7,1,1,NA,5,2,2,3
Yoka poxvirus,NA,NA,NA,NA,NA,NA,1,NA
Zhongshania aliphaticivorans,1,3,1,NA,NA,NA,1,3
Zobellia galactanivorans,6,6,3,4,6,2,6,2
Zunongwangia profunda,1,3,6,4,11,6,7,2
Zymomonas mobilis,1,NA,1,NA,3,1,2,5
