species,Healthy_stool_10_1,Healthy_stool_10_10,Healthy_stool_10_100,Healthy_stool_10_50,Healthy_stool_100_1,Healthy_stool_100_10,Healthy_stool_100_100,Healthy_stool_100_50
'Deinococcus soli' Cha et al. 2014,53,54,33,61,25,12,31,23
Salisediminibacterium selenitireducens,43,45,37,45,53,55,38,45
[Brevibacterium] flavum,80,48,31,62,67,24,14,32
Ruminiclostridium cellulolyticum,69,93,103,97,77,140,103,134
[Clostridium] cellulosi,234,351,323,428,149,178,82,178
Acetivibrio clariflavus,71,87,68,83,88,110,100,99
Anaerotignum propionicum,84,130,137,207,85,155,138,153
Lacrimispora saccharolytica,151,177,127,210,553,1317,895,887
Thermoclostridium stercorarium,37,62,48,80,31,81,64,81
Klebsiella aerogenes,51,50,44,73,61,108,226,144
Lachnospira eligens,451,681,562,736,7092,18064,10314,11427
Agathobacter rectalis,51897,77982,102670,49329,25447,28177,14638,40886
[Eubacterium] sulci,43,34,45,60,62,89,73,65
[Haemophilus] ducreyi,14,10,13,20,23,8,16,14
Glaesserella parasuis,34,18,19,41,45,46,28,35
[Mannheimia] succiniciproducens,16,9,17,18,4,21,20,14
[Polyangium] brachysporum,32,38,35,34,27,17,24,37
Abalone shriveling syndrome-associated virus,NA,NA,NA,NA,NA,NA,4,NA
Acanthamoeba polyphaga mimivirus,NA,NA,NA,NA,2,3,4,2
Acanthamoeba polyphaga moumouvirus,4,4,4,9,5,5,4,4
Acanthocystis turfacea Chlorella virus 1,NA,2,NA,NA,NA,NA,NA,NA
Acaryochloris,NA,NA,NA,NA,NA,NA,NA,1
Acaryochloris marina,21,19,16,19,20,22,17,10
Acetoanaerobium sticklandii,16,11,15,19,27,66,86,52
Acetobacter pasteurianus,95,63,49,63,90,42,30,49
Acetobacter senegalensis,28,34,26,26,35,19,11,25
Acetobacter sp. SLV-7,20,25,12,27,18,12,10,11
Acetobacteraceae,2,3,1,1,1,NA,NA,1
Acetobacterium woodii,32,16,12,22,47,68,63,62
Acetohalobium arabaticum,3,3,7,7,20,53,41,33
Acholeplasma brassicae,6,9,6,7,11,19,14,9
Acholeplasma laidlawii,31,22,7,18,34,17,26,20
Acholeplasma oculi,30,22,6,19,39,32,24,26
Acholeplasma palmae,11,15,15,29,11,36,32,37
Achromobacter,3,1,1,3,1,NA,2,1
Achromobacter denitrificans,50,55,72,79,30,43,48,54
Achromobacter phage JWX,NA,NA,NA,NA,NA,NA,1,NA
Achromobacter xylosoxidans,188,231,227,230,127,111,166,158
Acidaminococcaceae,NA,NA,NA,1,NA,NA,NA,NA
Acidaminococcus fermentans,105,130,108,140,70,134,171,147
Acidaminococcus intestini,48,60,56,78,545,1352,6524,1929
Deltalipothrixvirus pozzuoliense,NA,1,NA,NA,NA,NA,NA,NA
Acidianus filamentous virus 8,NA,NA,NA,NA,NA,1,NA,1
Acidianus hospitalis,3,9,3,3,9,NA,3,3
Acidianus spindle-shaped virus 1,NA,NA,NA,NA,NA,1,1,NA
Acidianus tailed spindle virus,NA,NA,NA,NA,NA,NA,1,NA
Acidihalobacter prosperus,32,31,22,18,18,21,23,14
Acidilobus saccharovorans,6,4,7,2,3,3,1,3
Acidimicrobium ferrooxidans,6,11,10,6,6,7,12,13
Acidiphilium,NA,NA,NA,NA,NA,NA,NA,2
Acidiphilium cryptum,18,26,28,20,13,15,13,14
Acidiphilium multivorum,22,31,32,25,13,18,14,13
Acidipropionibacterium,NA,1,NA,NA,NA,NA,NA,NA
Acidipropionibacterium acidipropionici,58,69,72,52,34,24,26,39
Acidithiobacillus,NA,1,1,1,NA,NA,NA,NA
Acidithiobacillus caldus,28,30,18,33,31,11,11,11
Acidithiobacillus ferrivorans,25,28,25,32,22,11,19,20
Acidithiobacillus ferrooxidans,25,34,37,42,15,9,12,12
Acidobacteriaceae,NA,NA,NA,NA,1,NA,1,NA
Acidobacterium,NA,NA,1,NA,NA,NA,NA,NA
Acidobacterium capsulatum,39,41,55,53,23,27,31,25
Acidothermus,NA,NA,1,1,1,NA,NA,NA
Acidothermus cellulolyticus,22,26,18,23,9,13,7,19
Acidovorax,2,1,1,NA,1,1,NA,NA
Paracidovorax avenae,74,79,78,83,50,32,33,43
Paracidovorax citrulli,51,59,80,80,22,26,43,37
[Acidovorax] ebreus,48,54,88,72,37,42,46,51
Acidovorax sp. JS42,48,66,87,66,42,37,46,66
Acidovorax sp. KKS102,95,85,55,92,66,37,48,68
Acidovorax sp. RAC01,68,61,66,71,53,24,49,55
Candidatus Aciduliprofundum boonei,NA,1,1,1,1,NA,3,3
Aciduliprofundum sp. MAR08-339,NA,1,NA,NA,1,NA,2,3
Acinetobacter baumannii,54,41,35,56,43,70,76,65
Acinetobacter equi,19,11,15,13,21,25,18,32
Acinetobacter johnsonii,21,13,9,20,13,16,16,19
Acinetobacter nosocomialis,NA,3,2,2,6,15,17,10
Acinetobacter oleivorans,5,7,7,21,5,16,16,13
Acinetobacter phage Acj61,10,4,1,2,7,NA,NA,2
Acinetobacter phage Acj9,NA,NA,NA,NA,NA,1,NA,NA
Acinetobacter phage vB_AbaM_Acibel004,NA,NA,NA,NA,NA,1,1,NA
Acinetobacter phage vB_AbaM_IME200,NA,NA,NA,1,NA,NA,NA,NA
Acinetobacter phage YMC13/03/R2096,NA,NA,1,NA,NA,NA,NA,NA
Acinetobacter phage ZZ1,NA,NA,NA,NA,NA,NA,2,NA
Acinetobacter pittii,14,14,14,24,15,29,34,35
Acinetobacter sp. ADP1,11,15,19,21,13,16,13,19
Acinetobacter sp. BRTC-1,11,6,7,4,13,11,9,16
Acinetobacter sp. NCu2D-2,5,3,5,6,8,11,13,8
Acinetobacter sp. TGL-Y2,33,26,15,27,33,20,10,15
Acinetobacter sp. TTH0-4,19,13,15,12,18,18,13,12
Acinetobacter virus 133,NA,1,NA,NA,NA,NA,1,NA
Actinoalloteichus,NA,NA,NA,NA,NA,1,NA,NA
Actinoalloteichus hymeniacidonis,26,36,49,32,19,24,21,20
Actinobacillus,NA,NA,NA,1,NA,NA,NA,NA
Actinobacillus equuli,51,27,11,26,44,20,18,26
Actinobacillus pleuropneumoniae,64,47,27,46,69,26,23,46
Actinobacillus succinogenes,8,9,15,11,10,15,18,15
Actinobacillus suis,12,13,17,22,18,15,23,18
Actinomycetota,1,1,NA,NA,NA,NA,NA,NA
Actinobacteria bacterium IMCC26256,30,14,16,19,17,10,3,13
Actinomyces,1,3,2,3,1,NA,NA,1
Actinomyces meyeri,33,24,36,20,15,12,20,20
Actinomyces oris,32,69,44,59,17,23,28,35
Actinomyces radicidentis,23,64,67,38,20,21,27,33
Actinomyces sp. oral taxon 414,54,66,76,60,12,25,34,31
Actinomyces sp. VUL4_3,25,33,18,13,11,12,9,14
Actinomycetaceae,1,NA,NA,NA,NA,NA,NA,NA
Actinomycetales,NA,NA,1,NA,NA,NA,NA,NA
Actinoplanes,NA,2,NA,1,1,NA,NA,NA
Actinoplanes friuliensis,60,75,59,56,39,39,44,49
Actinoplanes missouriensis,58,56,95,53,40,32,34,40
Actinoplanes sp. N902-109,77,94,104,75,51,35,53,47
Actinoplanes sp. SE50/110,65,67,71,67,50,32,44,33
Actinosynnema mirum,49,87,91,90,42,33,32,52
Actinotignum schaalii,18,25,31,27,19,12,13,19
Adlercreutzia,NA,NA,NA,NA,NA,NA,NA,1
Adlercreutzia equolifaciens,324,490,567,381,1093,2648,8673,3832
Adoxophyes honmai entomopoxvirus 'L',5,9,2,3,6,NA,1,2
Adoxophyes honmai nucleopolyhedrovirus,NA,NA,NA,NA,NA,NA,1,NA
Adoxophyes orana granulovirus,NA,1,NA,NA,NA,NA,1,NA
Adoxophyes orana nucleopolyhedrovirus,NA,NA,NA,NA,NA,NA,1,NA
Advenella kashmirensis,22,38,40,43,14,22,16,22
Advenella mimigardefordensis,14,22,24,19,10,15,14,21
Aequorivita sublithincola,34,12,10,19,32,31,28,27
Aerococcus,NA,NA,1,NA,NA,NA,NA,NA
Aerococcus christensenii,18,24,19,40,30,41,43,40
Aerococcus sanguinicola,9,11,9,15,8,16,14,14
Aerococcus urinae,12,13,8,12,10,29,36,37
Aerococcus urinaeequi,47,23,13,25,37,30,23,34
Aerococcus urinaehominis,15,6,2,11,22,29,16,19
Aerococcus viridans,5,2,6,5,13,25,33,23
Aeromicrobium,10,5,NA,3,8,1,NA,NA
Aeromicrobium erythreum,48,50,59,28,39,17,29,30
Aeromonadaceae,NA,1,NA,NA,NA,NA,NA,NA
Aeromonas,6,5,1,3,6,1,1,6
Aeromonas hydrophila,282,351,296,377,170,153,157,240
Aeromonas media,60,52,41,60,39,38,31,47
Aeromonas phage CC2,NA,NA,NA,NA,1,NA,NA,NA
Aeromonas phage phiAS4,NA,NA,NA,NA,1,1,NA,NA
Aeromonas phage phiAS5,NA,NA,NA,NA,NA,NA,NA,1
Aeromonas phage PX29,1,2,NA,1,1,NA,NA,1
Aeromonas phage vB_AsaM-56,NA,NA,NA,NA,NA,NA,1,NA
Aeromonas salmonicida,79,99,59,89,48,21,30,51
Aeromonas schubertii,56,86,73,90,43,22,35,60
Aeromonas veronii,125,140,137,149,115,133,186,177
Aeromonas virus 31,NA,NA,1,2,NA,NA,1,NA
Biquartavirus 44RR2,NA,NA,NA,2,NA,NA,1,NA
African swine fever virus,NA,NA,NA,NA,NA,NA,2,1
Agarivorans gilvus,37,25,17,24,28,9,11,15
Aggregatibacter actinomycetemcomitans,7,10,7,12,6,23,33,27
Aggregatibacter aphrophilus,19,15,21,34,21,17,21,31
Agrobacterium,7,9,7,4,2,2,1,3
Agrobacterium fabrum,69,84,58,94,60,44,41,58
Agrobacterium tumefaciens,59,68,54,91,41,27,35,51
Agrobacterium sp. RAC06,64,51,39,58,36,26,30,30
Agrobacterium tumefaciens,187,188,153,223,143,91,85,140
Agrobacterium vitis,35,57,38,73,28,14,30,47
Agromyces,NA,NA,1,1,1,NA,NA,NA
Agromyces sp. AR33,25,53,70,56,23,16,27,27
Agrotis ipsilon multiple nucleopolyhedrovirus,NA,NA,NA,NA,NA,1,1,NA
Agrotis segetum granulovirus,NA,NA,NA,NA,NA,1,NA,NA
Agrotis segetum nucleopolyhedrovirus,NA,NA,NA,NA,NA,NA,1,1
Akkermansia glycaniphila,34,54,57,39,23,37,38,48
Akkermansia muciniphila,93,70,95,72,7426,19446,7374,11905
Akkermansiaceae,NA,NA,NA,1,1,NA,NA,1
Alcaligenaceae,2,NA,2,1,1,NA,NA,2
Alcaligenes,NA,NA,NA,NA,NA,1,NA,NA
Alcaligenes faecalis,24,29,21,44,32,22,19,25
Alcanivoracaceae,2,NA,1,1,1,NA,NA,NA
Alcanivorax,1,1,2,1,NA,1,2,1
Alcanivorax borkumensis,4,4,6,5,5,11,11,6
Alloalcanivorax dieselolei,62,41,48,41,46,23,18,32
Isoalcanivorax pacificus,47,35,32,40,34,19,39,34
Alcanivorax sp. NBRC 101098,5,4,6,5,5,11,12,6
Algibacter alginolytica,39,26,19,34,30,34,32,28
Algoriphagus sp. M8-2,60,49,43,46,63,26,27,29
Alicycliphilus,4,3,1,1,3,NA,NA,2
Alicycliphilus denitrificans,85,106,114,110,91,50,95,76
Alicyclobacillaceae,NA,NA,NA,NA,NA,NA,NA,1
Alicyclobacillus acidocaldarius,38,63,62,81,35,55,39,41
Aliivibrio fischeri,25,15,16,12,26,30,24,15
Aliivibrio salmonicida,18,13,7,10,25,14,19,11
Aliivibrio wodanis,6,11,9,16,14,21,20,22
Alistipes,3,NA,NA,NA,NA,NA,NA,2
Alistipes finegoldii,5297,6984,10476,4783,7835,15096,14947,12187
Alkalilimnicola,NA,NA,NA,1,NA,NA,1,NA
Alkalilimnicola ehrlichii,53,66,45,79,57,21,27,36
Alkaliphilus metalliredigens,24,14,32,28,40,65,71,60
Alkaliphilus oremlandii,24,22,30,34,43,63,50,60
Allium virus X,2,2,NA,4,1,NA,NA,NA
Allochromatium,NA,NA,NA,1,1,1,NA,1
Allochromatium vinosum,32,70,65,72,27,28,29,41
Allofrancisella guangzhouensis,22,9,5,11,13,5,6,8
alpha proteobacterium HIMB5,3,4,1,5,1,7,5,8
alpha proteobacterium HIMB59,NA,1,NA,NA,1,9,11,2
Alphaproteobacteria,NA,1,1,NA,NA,NA,NA,NA
Altererythrobacter,13,12,5,3,4,2,NA,3
Altererythrobacter atlanticus,34,46,25,41,25,21,19,43
Altererythrobacter dongtanensis,28,30,28,30,21,20,18,16
Altererythrobacter epoxidivorans,20,27,32,21,18,12,9,18
Altererythrobacter ishigakiensis,11,14,12,11,25,17,5,9
Altererythrobacter marensis,9,23,26,28,10,12,15,22
Altererythrobacter namhicola,26,32,27,31,21,24,18,22
Alteromonadaceae,2,NA,1,1,1,NA,NA,1
Alteromonas,NA,NA,NA,NA,NA,NA,NA,1
Alteromonas stellipolaris,12,13,25,19,19,14,14,16
Alteromonas australica,7,5,5,5,6,12,19,11
Alteromonas macleodii,51,32,24,42,48,44,40,27
Alteromonas mediterranea,48,42,26,37,44,27,27,20
Alteromonas naphthalenivorans,14,8,6,13,11,6,16,5
Alteromonas sp. Mac1,23,17,26,22,24,14,14,16
Alteromonas stellipolaris,34,25,24,27,29,12,20,22
Aminobacter,NA,NA,NA,1,1,1,NA,1
Aminobacter aminovorans,63,91,88,105,41,31,36,62
Aminobacterium colombiense,20,26,22,30,12,20,14,15
Ammonifex degensii,27,50,52,64,12,25,11,26
Amphibacillus xylanus,31,29,35,36,54,53,48,43
Amycolatopsis,10,5,1,5,9,1,1,NA
Amycolatopsis japonica,32,39,41,34,21,26,36,27
Amycolatopsis mediterranei,64,73,76,68,43,35,46,47
Amycolatopsis methanolica,39,64,76,64,21,24,41,51
Amycolatopsis orientalis,44,90,93,56,31,58,59,71
Anabaena,NA,NA,NA,NA,NA,NA,NA,1
Anabaena cylindrica,7,15,11,12,7,32,11,23
Anabaena sp. 90,21,32,19,28,11,21,19,26
Anabaena sp. wa102,12,22,13,16,9,12,19,14
Acetomicrobium mobile,3,13,13,12,1,9,8,7
Anaerococcus prevotii,48,53,62,68,55,57,117,73
Anaerolinea thermophila,36,47,36,48,18,25,13,28
Anaerolineaceae bacterium oral taxon 439,16,18,20,25,12,19,34,24
Anaeromyxobacter,NA,NA,1,1,1,NA,NA,NA
Anaeromyxobacter dehalogenans,103,120,120,118,54,63,90,84
Anaeromyxobacter sp. Fw109-5,55,47,63,46,31,34,30,41
Anaeromyxobacter sp. K,43,53,74,70,18,36,56,40
Anaeromyxobacteraceae,NA,1,NA,NA,NA,NA,NA,NA
Anaplasma centrale,10,10,3,7,13,3,4,4
Anaplasma marginale,9,10,8,11,12,7,2,3
Anaplasma phagocytophilum,3,11,3,4,7,8,3,5
Anatid herpesvirus 1,NA,NA,NA,NA,NA,1,NA,NA
Aneurinibacillus sp. XH2,77,46,23,51,68,37,44,42
Anomala cuprea entomopoxvirus,NA,1,NA,NA,1,2,3,1
Anoxybacillus amylolyticus,20,16,13,17,19,36,25,30
Anoxybacillus flavithermus,1,1,3,6,12,30,22,17
Anoxybacillus gonensis,12,13,5,10,14,33,23,25
Anoxybacillus sp. B2M1,3,13,22,15,12,49,33,34
Anoxybacillus sp. B7M1,2,10,28,20,16,46,16,31
Aquifex aeolicus,10,5,1,5,19,7,5,10
Arabis mosaic virus,NA,NA,NA,NA,NA,NA,NA,1
Arachidicoccus sp. BS20,45,41,23,53,58,44,51,45
Arcanobacterium,NA,NA,NA,1,1,NA,NA,NA
Arcanobacterium haemolyticum,17,20,11,25,20,15,18,14
Archaeoglobus fulgidus,9,3,NA,1,8,5,2,NA
Archaeoglobus profundus,4,2,6,2,1,6,3,8
Archaeoglobus sulfaticallidus,10,2,NA,3,8,9,2,5
Archaeoglobus veneficus,6,11,6,8,5,4,4,12
Archangium,NA,2,NA,NA,NA,NA,NA,NA
Archangium gephyra,90,117,112,98,56,52,48,68
Aliarcobacter butzleri,2,4,13,7,25,29,24,27
Arcobacter nitrofigilis,17,6,5,7,15,20,23,16
Arcobacter sp. L,3,6,7,9,10,26,13,18
Armadillidium vulgare iridescent virus,13,13,3,8,13,NA,3,1
Aromatoleum aromaticum,39,29,19,27,29,18,25,23
Arsenicicoccus sp. oral taxon 190,20,31,36,28,12,13,25,26
Arsenophonus symbiont of Lipoptena fortisetosa,NA,NA,NA,NA,3,8,2,6
Arthrobacter,1,1,1,1,3,NA,2,NA
Arthrobacter alpinus,60,61,67,76,51,28,24,47
Arthrobacter phage vB_ArS-ArV2,1,1,3,NA,1,NA,NA,1
Arthrobacter sp. A3,44,41,31,64,59,28,16,29
Arthrobacter sp. ATCC 21022,27,41,38,39,11,18,19,22
Arthrobacter sp. ERGS1:01,44,60,81,69,23,34,27,49
Arthrobacter sp. FB24,48,62,57,60,22,16,22,33
Arthrobacter sp. IHBB 11108,36,25,24,39,25,13,15,16
Arthrobacter sp. LS16,60,53,37,80,37,26,24,31
Arthrobacter sp. PAMC 25486,41,46,40,39,48,21,19,27
Arthrobacter sp. Rue61a,31,39,50,52,18,7,13,20
Arthrobacter sp. U41,37,60,43,73,38,29,18,33
Arthrobacter sp. YC-RL1,51,85,64,81,32,27,25,37
Arthrobacter sp. ZXY-2,44,55,34,43,44,26,19,22
Asaia bogorensis,38,43,27,39,27,12,8,29
Aster yellows witches'-broom phytoplasma,NA,NA,NA,NA,2,6,5,7
Asticcacaulis,NA,1,2,NA,NA,NA,NA,NA
Asticcacaulis excentricus,51,60,43,65,35,25,15,30
Lancefieldella parvula,73,106,128,74,41,45,41,56
Aurantimonadaceae,NA,1,NA,NA,NA,NA,NA,1
Aureimonas,2,1,1,1,1,NA,NA,NA
Aureimonas sp. AU20,44,47,51,44,31,18,15,31
Aureococcus anophagefferens virus,NA,NA,NA,NA,1,NA,NA,1
Azoarcus,6,4,3,6,5,1,1,2
Azoarcus olearius,31,42,39,54,27,30,32,29
Azoarcus sp. BH72,33,44,50,59,34,23,31,29
Azoarcus sp. CIB,37,40,55,44,25,15,32,40
Azoarcus sp. KH32C,31,49,48,40,39,16,37,31
Azorhizobium,1,NA,NA,NA,NA,NA,NA,NA
Azorhizobium caulinodans,78,67,83,76,55,33,44,63
Azospira,NA,NA,1,1,NA,1,NA,1
Azospira oryzae,59,63,68,86,32,34,41,54
Azospirillum,2,5,3,6,NA,NA,NA,3
Azospirillum brasilense,120,152,122,179,62,76,81,105
Azospirillum humicireducens,68,62,43,66,65,20,19,26
Azospirillum lipoferum,130,178,168,180,111,70,97,106
Azospirillum thiophilum,61,71,67,104,37,45,50,57
Azotobacter,NA,NA,NA,NA,NA,NA,1,NA
Azotobacter chroococcum,70,79,71,80,44,43,31,47
Azotobacter vinelandii,59,84,53,93,49,46,31,44
Bacillus <firmicutes>,1,NA,NA,3,NA,1,1,NA
Bacillus amyloliquefaciens,59,96,70,99,88,119,74,97
Bacillus anthracis,15,15,9,20,29,42,41,39
Bacillus atrophaeus,31,37,33,47,30,43,48,37
Bacillus beveridgei,18,25,16,35,32,35,27,32
Bacillus bombysepticus,18,6,9,14,24,45,41,39
Evansella cellulosilytica,23,9,14,24,29,37,38,26
Bacillus cereus,99,81,84,118,192,268,236,212
Shouchella clausii,3,2,4,1,7,15,25,13
Heyndrickxia coagulans,56,64,62,89,51,75,59,71
Bacillus cytotoxicus,25,15,28,43,43,45,43,56
Priestia endophytica,6,27,16,19,17,49,46,24
Bacillus gibsonii,23,32,24,19,23,49,44,38
Bacillus glycinifermentans,8,5,7,7,16,34,21,26
Halalkalibacterium halodurans,18,15,10,7,27,25,22,29
Bacillus infantis,22,29,20,25,32,67,51,37
Shouchella lehensis,5,8,7,5,17,36,29,21
Bacillus licheniformis,18,17,25,9,24,39,31,33
Priestia megaterium,40,42,30,36,62,87,111,76
Bacillus methanolicus,21,29,22,31,34,47,47,34
Bacillus muralis,12,18,4,18,16,34,27,38
Bacillus mycoides,24,27,17,45,51,115,95,78
Cytobacillus oceanisediminis,31,27,21,23,57,61,47,58
Bacillus paralicheniformis,21,29,33,22,30,41,30,38
Bacillus phage 0305phi8-36,1,1,NA,NA,NA,NA,1,NA
Bacillus phage AR9,NA,NA,NA,NA,NA,1,1,1
Bacillus phage B4,2,NA,NA,1,2,NA,1,NA
Bacillus phage BCJA1c,NA,NA,NA,NA,NA,NA,NA,1
Bacillus phage Bcp1,NA,NA,NA,1,NA,NA,NA,NA
Bacillus phage BCP8-2,1,3,1,4,1,2,NA,1
Bacillus phage Belinda,NA,NA,NA,NA,NA,1,NA,NA
Bacillus phage CP-51,NA,NA,NA,NA,NA,NA,1,NA
Bacillus phage Deep Blue,1,2,1,4,NA,2,NA,1
Bacillus phage DIGNKC,NA,NA,NA,NA,NA,1,NA,NA
Bacillus phage DirtyBetty,NA,NA,NA,NA,NA,1,NA,NA
Bacillus phage Eldridge,NA,NA,NA,NA,NA,1,NA,NA
Bacillus phage Evoli,NA,NA,NA,NA,NA,NA,1,NA
Bacillus phage Eyuki,NA,NA,NA,NA,NA,1,NA,NA
Bacillus phage Fah,NA,NA,NA,NA,NA,NA,1,1
Bacillus phage Gamma,NA,NA,NA,NA,NA,NA,1,1
Bacillus phage Hakuna,NA,NA,NA,NA,NA,1,NA,NA
Bacillus phage JBP901,1,3,1,4,1,2,NA,1
Bacillus phage JL,NA,NA,NA,NA,NA,NA,1,NA
Bacillus phage Kida,NA,NA,NA,NA,NA,1,NA,NA
Bacillus phage Megatron,NA,NA,NA,NA,NA,1,NA,NA
Bacillus phage Nemo,NA,NA,NA,NA,1,1,NA,NA
Bacillus phage Nigalana,NA,NA,NA,NA,NA,1,NA,NA
Bacillus phage NotTheCreek,NA,NA,NA,NA,NA,1,NA,NA
Bacillus phage phi105,NA,NA,NA,NA,NA,1,1,NA
Bacillus phage phiAGATE,NA,NA,NA,NA,NA,1,NA,1
Bacillus phage phIS3501,NA,NA,1,NA,NA,NA,NA,NA
Bacillus phage SageFayge,NA,NA,NA,NA,NA,1,NA,NA
Bacillus phage Shanette,NA,NA,NA,NA,NA,NA,1,NA
Bacillus phage SP-15,NA,NA,NA,NA,NA,2,NA,NA
Bacillus phage Spock,NA,NA,NA,NA,NA,NA,1,NA
Bacillus phage SPP1,3,1,1,2,1,1,NA,NA
Bacillus phage TsarBomba,NA,NA,NA,NA,1,NA,NA,NA
Bacillus phage vB_BanS-Tsamsa,NA,3,NA,NA,NA,1,NA,1
Bacillus phage vB_BceM-Bc431v3,1,2,1,4,NA,2,NA,1
Bacillus phage W.Ph.,NA,NA,NA,NA,NA,NA,2,NA
Bacillus phage Waukesha92,1,1,2,2,NA,1,NA,1
Bacillus phage Zuko,NA,NA,NA,NA,NA,1,NA,NA
Alkalihalophilus pseudofirmus,14,14,14,12,32,41,43,31
Bacillus pumilus,76,60,57,63,98,130,117,99
Peribacillus simplex,45,24,20,38,46,44,28,37
Bacillus smithii,8,8,9,7,29,34,36,23
Bacillus sp.,29,36,27,24,42,57,45,45
Bacillus sp. 1NLA3E,20,19,22,32,34,33,42,29
Bacillus sp. ABP14,13,10,7,29,19,55,39,42
Bacillus sp. BH072,13,19,16,17,21,35,27,29
Bacillus sp. FJAT-14266,25,35,18,21,34,38,35,32
Priestia megaterium,4,8,13,6,24,31,38,29
Bacillus sp. JS,45,27,20,17,40,43,33,43
Bacillus sp. LM 4-2,23,33,24,19,28,51,37,41
Bacillus sp. OxB-1,18,18,7,17,25,44,17,22
Bacillus sp. Pc3,14,20,11,25,21,41,32,30
Bacillus sp. SDLI1,29,26,18,30,29,34,40,35
Bacillus sp. WP8,21,16,11,22,23,41,26,34
Bacillus sp. X1(2014),19,12,10,21,30,50,57,30
Bacillus sp. YP1,24,34,30,25,31,48,46,45
Bacillus subtilis,104,177,146,168,169,260,196,225
Bacillus thuringiensis,110,84,82,131,218,321,298,245
Bacillus toyonensis,14,6,8,16,33,38,36,40
Bacillus velezensis,48,48,35,48,71,85,73,82
Cecivirus cv250,NA,NA,NA,NA,1,NA,NA,NA
Andromedavirus blastoid,NA,NA,NA,1,NA,NA,NA,NA
Andromedavirus finn,1,NA,NA,2,NA,1,NA,NA
Donellivirus gee,5,8,6,4,12,1,2,2
Cecivirus IEBH,NA,NA,NA,NA,1,NA,NA,NA
Andromedavirus riggi,NA,NA,NA,NA,NA,1,NA,NA
Wbetavirus wbeta,NA,NA,NA,NA,NA,NA,1,1
Bacillus mycoides,10,12,9,19,25,45,54,48
Bacillus xiamenensis,10,10,16,13,27,47,26,31
Bacteriophage APSE-2,NA,NA,NA,NA,NA,1,NA,NA
Bacteriophage Lily,NA,NA,NA,NA,NA,NA,NA,1
bacterium L21-Spi-D4,87,61,27,48,93,42,30,42
Bacteroidales bacterium CF,165,107,112,77,112,64,50,66
Bacteroides,4,NA,1,3,1,2,NA,2
Bacteroides cellulosilyticus,6588,7625,7807,8739,12489,24160,34973,20054
Phocaeicola dorei,47361,69247,130258,46853,22451,20968,16569,34004
Bacteroides fragilis,6264,8172,10081,7958,12170,24504,28047,18325
Bacteroides helcogenes,5983,7953,7707,9890,4244,4585,3543,5287
Bacteroides ovatus,3314,3409,3045,3910,17277,39696,36541,26742
Bacteroides phage B124-14,NA,NA,NA,NA,NA,1,NA,NA
Phocaeicola salanitronis,2461,2278,2389,2156,3179,3748,3802,3264
Bacteroides caecimuris,4753,5108,6115,5168,8402,15132,18124,11800
Bacteroides thetaiotaomicron,6457,8212,9831,8286,16338,34549,40092,26680
Phocaeicola vulgatus,120028,178760,170682,224312,54719,52359,23063,86719
Ball python nidovirus,3,1,NA,NA,2,1,NA,NA
Barnesiella viscericola,2622,2278,3001,1841,3852,5264,4984,4094
Bartonella ancashensis,11,9,5,9,17,5,16,5
Bartonella australis,2,1,1,NA,4,3,4,4
Bartonella bacilliformis,3,8,9,10,5,8,15,9
Bartonella clarridgeiae,3,3,1,5,6,8,3,8
Bartonella grahamii,3,1,4,3,4,7,12,6
Bartonella henselae,NA,2,NA,2,8,10,8,10
Bartonella quintana,NA,NA,1,2,7,6,7,5
Bartonella tribocorum,5,3,5,4,4,5,13,9
Bartonella vinsonii,2,2,4,5,2,9,6,8
Basilea psittacipulmonis,12,5,14,11,14,20,9,15
Bat mastadenovirus WIV10,NA,NA,NA,NA,NA,1,1,NA
Bat mastadenovirus WIV11,NA,NA,NA,NA,NA,1,1,NA
Bat mastadenovirus WIV9,NA,NA,NA,NA,NA,1,1,NA
Bathymodiolus septemdierum thioautotrophic gill symbiont,13,6,7,15,15,7,6,3
Bdellovibrio bacteriovorus,68,49,41,53,78,50,48,58
Pseudobdellovibrio exovorus,26,17,15,24,37,30,14,12
Beet chlorosis virus,NA,NA,NA,NA,1,NA,NA,NA
Beggiatoa leptomitiformis,35,18,12,17,28,9,17,12
Beijerinckia indica,32,20,11,19,17,16,16,15
Beijerinckiaceae,NA,NA,NA,NA,NA,NA,NA,1
Belliella baltica,67,32,27,49,67,39,45,42
beta proteobacterium CB,12,16,1,15,21,10,6,8
Beutenbergia,10,4,NA,3,8,1,NA,NA
Beutenbergia cavernae,33,33,34,18,27,9,14,19
Bibersteinia,NA,NA,NA,NA,NA,1,NA,NA
Bibersteinia trehalosi,7,9,8,7,21,33,28,28
Bifidobacteriaceae,2,NA,NA,NA,1,NA,NA,NA
Bifidobacteriales,NA,NA,1,NA,NA,NA,NA,NA
Bifidobacterium,33,33,13,31,26,7,14,9
Bifidobacterium actinocoloniiforme,25,43,43,26,17,22,16,19
Bifidobacterium adolescentis,28183,42367,60142,25509,12202,11181,6127,19538
Bifidobacterium angulatum,254,357,443,269,669,1502,5785,2167
Bifidobacterium animalis,195,229,218,226,502,1098,5593,1572
Bifidobacterium asteroides,54,70,78,66,39,34,22,38
Bifidobacterium bifidum,105,145,168,118,1760,4580,6275,2877
Bifidobacterium breve,261,345,381,328,371,786,484,608
Bifidobacterium catenulatum,482,632,829,421,1001,2189,6218,3079
Bifidobacterium coryneforme,7,16,27,32,13,27,21,23
Bifidobacterium dentium,80,108,109,113,47,42,39,84
Bifidobacterium indicum,23,29,40,37,32,29,23,28
Bifidobacterium catenulatum subsp. kashiwanohense,544,846,982,594,391,588,815,739
Bifidobacterium longum,541,738,853,772,8408,21469,7328,13529
Bifidobacterium pseudocatenulatum,391,585,637,467,1757,4240,6928,2842
Bifidobacterium pseudolongum,74,83,107,73,40,49,51,80
Bifidobacterium scardovii,91,126,177,125,54,76,80,92
Bifidobacterium thermophilum,194,253,220,339,141,151,156,156
Black grass varicosavirus-like virus,NA,NA,NA,NA,NA,NA,1,NA
Blastochloris,NA,1,NA,NA,NA,NA,NA,NA
Blastochloris viridis,50,45,36,32,37,20,31,36
Blastococcus,NA,NA,1,1,1,NA,NA,NA
Blastococcus saxobsidens,34,34,42,44,14,28,16,35
Blastomonas,NA,1,NA,NA,NA,NA,NA,NA
Blastomonas sp. RAC04,52,72,47,60,41,31,21,29
Blattabacterium punctulatus,9,6,4,3,12,6,5,NA
Blattabacterium sp. (Blaberus giganteus),9,8,6,6,27,3,13,4
Blattabacterium sp. (Blatta orientalis),13,13,8,9,4,9,5,5
Blattabacterium sp. (Blattella germanica),32,15,8,11,23,14,9,15
Blattabacterium sp. (Mastotermes darwiniensis),9,11,6,7,3,8,4,11
Blattabacterium sp. (Nauphoeta cinerea),9,11,7,6,5,12,5,13
Blattabacterium cuenoti,11,16,8,9,5,6,8,7
Blattabacterium sp. (Periplaneta americana),11,13,7,9,2,10,9,11
Blautia sp. YL58,181,261,185,338,808,1948,1391,1361
Blochmannia endosymbiont of Camponotus (Colobopsis) obliquus,24,14,4,11,28,6,6,5
Blochmannia endosymbiont of Polyrhachis (Hedomyrma) turneri,NA,NA,NA,NA,3,6,2,1
Bordetella,6,2,4,10,4,2,3,2
Bordetella avium,29,43,44,40,14,11,33,27
Bordetella bronchialis,35,67,73,64,31,24,38,39
Bordetella bronchiseptica,87,130,115,105,47,60,73,94
Bordetella flabilis,44,49,52,67,36,33,25,26
Bordetella hinzii,52,86,59,52,36,26,39,54
Bordetella holmesii,38,25,27,30,16,18,19,20
Bordetella parapertussis,69,100,82,74,46,49,44,63
Bordetella pertussis,55,63,60,54,32,37,38,67
Bordetella petrii,44,33,45,50,44,33,38,42
Bordetella pseudohinzii,31,39,38,45,28,21,43,40
Bordetella sp. H567,38,68,63,47,20,29,32,44
Bordetella trematum,84,49,63,55,51,20,42,42
Borrelia duttonii,16,7,11,11,19,17,9,11
Borrelia hermsii,7,2,3,8,7,7,5,6
Borrelia miyamotoi,1,NA,1,2,4,5,6,3
Borrelia parkeri,NA,NA,3,1,1,6,8,5
Borrelia recurrentis,16,7,11,11,19,18,9,12
Borrelia turicatae,11,5,3,9,11,3,6,5
Borreliella afzelii,5,7,4,4,10,1,9,5
Borreliella bavariensis,5,4,2,4,10,2,5,7
Borreliella bissettii,3,NA,1,2,3,5,8,5
Borreliella burgdorferi,13,5,4,10,23,7,7,10
Borreliella garinii,4,4,1,4,11,NA,5,5
Borreliella valaisiana,1,1,NA,1,3,4,2,3
Bosea <a-proteobacteria>,NA,NA,NA,NA,1,NA,NA,NA
Bosea sp. PAMC 26642,34,56,56,53,52,22,23,39
Bosea sp. RAC05,53,61,60,40,44,33,28,49
Bosea vaviloviae,55,54,72,61,37,24,27,45
Botrytis cinerea mitovirus 1,NA,NA,NA,NA,NA,NA,1,NA
bovine alphaherpesvirus 1,NA,NA,NA,NA,NA,NA,1,NA
Bovine papular stomatitis virus,5,5,3,4,2,2,1,4
Brachybacterium,14,5,NA,6,10,1,2,1
Brachybacterium faecium,40,57,57,56,27,29,19,42
Brachyspira hyodysenteriae,27,57,26,53,37,37,49,37
Brachyspira intermedia,42,55,32,66,38,49,36,41
Brachyspira murdochii,10,26,16,28,16,30,41,30
Brachyspira pilosicoli,62,64,47,82,69,60,103,78
Nitrobacteraceae,10,5,8,3,5,NA,NA,3
Bradyrhizobium,3,6,5,5,5,4,2,4
Bradyrhizobium diazoefficiens,93,111,91,75,80,37,42,60
Bradyrhizobium icense,51,39,37,33,23,20,32,23
Bradyrhizobium japonicum,60,57,82,55,32,24,36,41
Bradyrhizobium oligotrophicum,30,53,38,50,14,31,39,37
Bradyrhizobium sp.,40,56,55,44,46,26,35,23
Bradyrhizobium sp. BTAi1,26,54,45,35,17,22,23,30
Bradyrhizobium sp. CCGE-LA001,53,51,54,42,26,25,36,33
Bradyrhizobium sp. ORS 278,30,66,66,46,29,28,28,39
Bradyrhizobium sp. S23321,45,67,57,53,25,26,30,35
Brazilian marseillevirus,NA,NA,NA,NA,1,NA,NA,NA
Brevibacillus brevis,23,28,24,27,40,50,71,53
Brevibacillus laterosporus,21,21,14,18,34,53,48,40
Brevibacillus phage Jenst,NA,NA,NA,NA,NA,1,NA,NA
Brevibacterium,1,1,1,1,NA,NA,NA,NA
Brevibacterium linens,44,55,46,52,35,41,33,43
Brevundimonas,2,2,1,2,NA,1,NA,NA
Brevundimonas naejangsanensis,36,44,48,39,32,22,19,27
Brevundimonas sp. DS20,17,24,28,33,10,18,16,18
Brevundimonas sp. GW460-12-10-14-LB2,31,40,40,50,12,21,23,24
Brevundimonas subvibrioides,32,36,46,45,15,14,23,19
Brochothrix phage A9,NA,NA,NA,NA,NA,1,NA,NA
Brochothrix phage NF5,NA,NA,NA,NA,NA,NA,1,NA
Brucella,NA,NA,NA,NA,1,1,NA,NA
Brucella abortus,24,36,19,32,18,18,25,15
Brucella canis,47,37,33,43,22,7,20,22
Brucella ceti,51,37,34,40,20,10,17,23
Brucella melitensis,33,32,22,35,21,20,28,16
Brucella microti,30,31,16,33,20,17,27,14
Brucella ovis,30,27,15,31,19,17,29,13
Brucella phage Pr,NA,NA,NA,NA,NA,NA,1,NA
Brucella phage Tb,NA,NA,NA,NA,NA,NA,1,NA
Brucella pinnipedialis,53,39,33,43,20,11,17,24
Brucella sp. 141012304,44,39,42,39,23,20,19,20
Brucella sp. 2002734562,22,36,16,31,20,16,27,16
Brucella suis,27,35,19,35,25,15,29,13
Brucella vulpis,28,39,22,35,21,19,26,23
Buchnera aphidicola,20,15,7,12,22,31,42,19
Burke virus,NA,NA,NA,NA,1,NA,NA,NA
Burkholderia,13,21,23,14,11,14,13,13
Burkholderia ambifaria,51,37,56,32,40,28,49,36
Burkholderia cenocepacia,106,133,166,144,70,115,154,113
Burkholderia cepacia,111,129,158,129,73,109,138,109
Burkholderia contaminans,26,37,30,34,9,19,38,33
Burkholderia diffusa,38,33,20,32,30,20,34,21
Burkholderia dolosa,20,24,36,16,14,18,28,22
Burkholderia gladioli,56,79,90,76,41,48,55,48
Burkholderia glumae,52,84,91,70,64,48,65,56
Burkholderia lata,77,59,57,58,73,45,46,44
Burkholderia latens,31,34,40,29,13,21,32,18
Burkholderia mallei,11,18,24,15,13,16,39,15
Burkholderia metallica,20,36,51,29,21,20,34,29
Burkholderia multivorans,90,93,111,98,58,58,61,63
Burkholderia oklahomensis,35,31,34,41,41,18,30,25
Burkholderia phage BcepNazgul,2,NA,1,1,NA,NA,NA,NA
Burkholderia phage KL3,NA,NA,NA,NA,NA,NA,NA,1
Burkholderia phage KS9,NA,NA,NA,NA,1,2,NA,NA
Burkholderia plantarii,31,57,64,37,47,28,40,40
Burkholderia pseudomallei,56,61,70,46,37,38,84,47
Burkholderia pseudomultivorans,26,37,57,43,16,25,34,29
Burkholderia pyrrocinia,19,30,57,25,10,17,34,20
Burkholderia seminalis,35,30,39,31,21,16,38,22
Burkholderia sp. 2002721687,62,56,61,44,49,14,31,29
Burkholderia humptydooensis,62,54,65,46,46,12,32,28
Burkholderia sp. Bp7605,40,42,39,31,18,25,36,30
Burkholderia sp. CCGE1001,53,49,47,38,32,17,21,31
Burkholderia sp. CCGE1002,23,39,37,32,23,28,18,26
Burkholderia sp. CCGE1003,34,44,61,40,34,26,36,32
Burkholderia sp. HB1,37,34,36,28,28,20,31,19
Burkholderia sp. KJ006,43,52,65,44,19,22,26,48
Burkholderia sp. OLGA172,52,48,52,53,26,38,26,33
Burkholderia sp. PAMC 26561,24,28,30,25,26,19,26,27
Burkholderia sp. PAMC 28687,11,20,24,23,18,18,25,25
Burkholderia sp. RPE64,54,46,48,67,43,24,42,33
Burkholderia sp. RPE67,41,49,58,57,26,34,42,48
Burkholderia sp. YI23,35,45,44,41,22,40,54,49
Burkholderia stabilis,26,22,34,23,18,15,29,22
Burkholderia stagnalis,28,23,42,11,12,22,33,23
Burkholderia territorii,36,33,24,28,20,22,38,25
Burkholderia thailandensis,65,72,82,50,41,37,67,52
Burkholderia ubonensis,57,95,116,66,41,62,64,68
Burkholderia vietnamiensis,59,65,79,52,23,27,49,57
Lessievirus DC1,1,NA,NA,1,NA,1,1,NA
Tigrvirus phi52237,9,1,2,3,7,NA,NA,NA
Burkholderia virus phiE122,9,1,2,3,7,NA,NA,NA
Stanholtvirus E125,NA,1,NA,NA,NA,NA,NA,NA
Burkholderiaceae,3,4,5,6,4,1,2,3
Burkholderiales,4,4,3,2,3,NA,NA,NA
Burkholderiales bacterium GJ-E10,13,21,22,26,11,11,10,10
Burkholderiales bacterium YL45,23,22,11,23,73,81,224,93
Butyrivibrio hungatei,163,157,139,166,371,681,513,455
Butyrivibrio proteoclasticus,172,164,158,151,420,758,551,493
Buzura suppressaria nucleopolyhedrovirus,NA,NA,NA,NA,NA,NA,1,NA
Bixzunavirus,1,NA,NA,NA,NA,1,NA,NA
Cactus mild mottle virus,NA,NA,NA,NA,NA,2,NA,NA
Cafeteria roenbergensis virus BV-PW1,2,1,3,NA,2,1,NA,3
Caldanaerobacter subterraneus,4,11,10,9,12,36,18,35
Caldicellulosiruptor,3,7,3,7,NA,1,1,4
Caldicellulosiruptor bescii,10,21,19,21,17,40,39,25
Caldicellulosiruptor hydrothermalis,15,17,29,20,29,45,44,30
Caldicellulosiruptor acetigenus,25,33,36,46,42,46,44,35
Caldicellulosiruptor kronotskyensis,6,18,18,13,27,38,43,18
Caldicellulosiruptor acetigenus,17,27,45,30,24,49,46,32
Caldicellulosiruptor obsidiansis,19,24,33,30,17,38,33,27
Caldicellulosiruptor owensensis,18,24,23,31,35,37,33,33
Caldicellulosiruptor saccharolyticus,23,23,18,22,38,41,33,30
Caldilinea,NA,NA,NA,NA,1,NA,NA,NA
Caldilinea aerophila,43,42,51,34,30,28,30,25
Caldimicrobium thiodismutans,3,1,1,1,6,10,8,4
Caldisericum exile,9,10,9,11,6,11,11,10
Caldisphaera lagunensis,8,8,2,9,9,3,4,3
Calditerrivibrio nitroreducens,135,60,35,50,126,21,13,39
Caldivirga maquilingensis,15,9,8,8,4,1,5,1
California sea lion adenovirus 1,9,3,2,5,5,2,NA,2
Calothrix,NA,NA,NA,NA,NA,NA,NA,1
Calothrix parietina,2,12,8,9,11,15,17,15
Calothrix sp. 336/3,33,16,15,15,26,23,14,10
Calothrix sp. PCC 7507,6,7,4,7,10,13,8,12
Calyptogena okutanii thioautotrophic gill symbiont,NA,1,NA,NA,3,6,7,4
Campylobacter,NA,NA,1,2,1,NA,NA,NA
Campylobacter coli,27,27,35,29,122,235,154,174
Campylobacter concisus,28,12,12,28,30,25,20,16
Campylobacter curvus,35,24,17,25,40,13,10,12
Campylobacter fetus,4,5,6,7,9,10,25,15
Campylobacter gracilis,3,5,5,2,5,8,10,9
Campylobacter hominis,5,9,7,12,14,10,25,17
Campylobacter hyointestinalis,2,2,2,6,8,12,9,11
Campylobacter iguaniorum,3,2,7,3,4,13,12,9
Campylobacter insulaenigrae,18,4,7,14,14,14,12,13
Campylobacter jejuni,16,7,18,19,82,191,145,110
Campylobacter lari,34,16,15,18,22,31,31,28
Campylobacter peloridis,6,3,3,5,11,9,14,3
Campylobacter phage CP30A,NA,NA,NA,NA,NA,NA,2,NA
Campylobacter sp. RM16704,28,12,7,10,13,7,7,7
Campylobacter subantarcticus,28,12,11,12,19,19,12,13
Campylobacter ureolyticus,7,10,8,13,18,9,23,12
Firehammervirus CP21,NA,NA,NA,NA,NA,1,NA,NA
Firehammervirus CP220,NA,NA,NA,NA,NA,2,2,NA
Firehammervirus CPt10,NA,NA,NA,NA,NA,1,1,NA
Fletchervirus CPX,3,3,1,3,2,1,NA,2
Fletchervirus NCTC12673,6,4,2,6,3,1,1,2
Campylobacter volucris,4,2,6,4,8,17,13,11
Candidatus Accumulibacter phosphatis,32,42,41,54,28,19,28,21
Candidatus Amoebophilus asiaticus,23,10,9,18,24,8,17,16
Candidatus Arthromitus sp. SFB-mouse,11,29,11,23,23,26,20,29
Candidatus Arthromitus sp. SFB-mouse-NL,17,32,11,28,35,27,19,29
Candidatus Arthromitus sp. SFB-rat-Yit,28,30,22,37,47,35,26,36
Candidatus Atelocyanobacterium thalassae,2,2,1,2,1,7,4,11
Candidatus Azobacteroides pseudotrichonymphae,24,24,26,17,38,42,42,33
Candidatus Babela massiliensis,20,15,5,19,18,5,9,11
Candidatus Palibaumannia cicadellinicola,10,9,4,3,11,16,14,13
Candidatus Blochmanniella chromaiodes,NA,1,NA,1,1,NA,5,1
Candidatus Blochmannia floridanus,2,1,3,1,1,2,8,5
Candidatus Blochmanniella pennsylvanica,NA,1,NA,NA,NA,NA,5,2
Candidatus Blochmanniella vafra,1,NA,NA,NA,1,8,10,8
Candidatus Carsonella ruddii,NA,1,NA,NA,NA,NA,NA,2
Candidatus Cloacimonas acidaminovorans,71,45,16,42,65,23,26,24
Candidatus Desulforudis audaxviator,18,32,39,39,18,27,31,24
Candidatus Doolittlea endobia,5,8,2,7,12,2,3,4
Candidatus Endolissoclinum faulkneri,2,1,3,2,4,7,10,8
Candidatus Evansia muelleri,1,2,1,1,1,2,2,2
Candidatus Filomicrobium marinum,25,27,14,24,40,16,12,7
Candidatus Gullanella endobia,NA,NA,1,1,4,6,4,5
Candidatus Hoaglandella endobia,7,7,3,6,13,3,2,5
Candidatus Ishikawella capsulata,3,NA,2,NA,NA,7,4,7
Candidatus Izimaplasma sp. HR1,12,NA,3,9,12,33,41,26
Candidatus Kinetoplastidibacterium crithidiae,1,1,1,2,6,4,7,3
Candidatus Kinetoplastidibacterium desouzai,1,NA,2,1,5,3,6,2
Candidatus Kinetoplastidibacterium galati,NA,NA,1,1,NA,3,4,4
Candidatus Kinetoplastidibacterium stringomonadis,1,NA,1,2,2,1,6,4
Candidatus Korarchaeum cryptofilum,NA,NA,NA,NA,NA,1,NA,NA
Candidatus Korobacter,NA,1,NA,2,NA,NA,NA,NA
Candidatus Korobacter versatilis,73,77,46,73,53,24,17,36
Candidatus Liberibacter africanus,6,2,4,3,13,2,6,4
Candidatus Liberibacter americanus,6,3,6,3,6,8,11,2
Candidatus Liberibacter asiaticus,1,1,NA,3,5,4,8,8
Candidatus Liberibacter solanacearum,6,8,4,8,20,7,8,5
Candidatus Methanomassiliicoccus intestinalis,10,14,14,14,7,20,12,15
Methanomethylophilus,NA,NA,NA,NA,NA,NA,NA,1
Methanomethylophilus alvi,7,6,8,4,3,3,6,14
Candidatus Methanoplasma termitum,3,NA,2,1,3,5,1,4
Candidatus Methylopumilus planktonicus,4,5,2,1,5,10,12,4
Candidatus Methylopumilus turicensis,9,4,6,6,14,8,10,6
Candidatus Midichloria mitochondrii,2,2,7,NA,3,5,4,5
Candidatus Mikella endobia,3,8,3,1,1,4,6,3
Candidatus Moranella endobia,3,NA,3,4,3,NA,NA,2
Candidatus Nitrosopelagicus brevis,3,4,3,2,3,2,3,3
Candidatus Nitrosopumilus adriaticus,11,3,4,7,11,7,8,9
Candidatus Nitrosopumilus sp. AR2,1,1,NA,1,4,8,5,10
Candidatus Nitrosotenuis cloacae,NA,1,NA,NA,NA,1,1,3
Candidatus Nitrospira inopinata,14,31,21,32,26,18,10,15
Candidatus Pantoea carbekii,3,1,NA,NA,NA,5,11,NA
Candidatus Paracaedibacter acanthamoebae,5,10,7,7,6,6,10,10
Candidatus Pelagibacter sp. IMCC9063,2,3,NA,7,3,9,10,5
Candidatus Pelagibacter communis,NA,5,4,1,8,15,5,7
Candidatus Phytoplasma australiense,3,3,2,8,1,10,4,9
Candidatus Phytoplasma mali,NA,NA,NA,NA,4,4,12,4
Candidatus Portiera aleyrodidarum,1,NA,1,1,NA,3,1,NA
Candidatus Profftella armatura,1,NA,NA,NA,1,1,4,2
Candidatus Puniceispirillum,NA,NA,NA,NA,NA,1,NA,NA
Candidatus Puniceispirillum marinum,7,7,10,3,10,14,13,7
Candidatus Rhodoluna planktonica,6,4,8,6,4,12,9,6
Candidatus Riesia pediculicola,NA,1,NA,2,NA,3,3,2
Candidatus Ruthturnera calyptogenae,9,3,12,6,12,6,11,5
Candidatus Sodalis pierantonii,42,35,20,37,39,21,22,22
Candidatus Solibacter usitatus,47,51,34,62,41,39,34,40
Candidatus Symbiobacter mobilis,12,26,14,20,6,16,14,13
Candidatus Tachikawaea gelatinosa,4,NA,NA,NA,2,7,5,4
Candidatus Thioglobus autotrophicus,1,4,5,2,1,5,11,8
Candidatus Pseudothioglobus singularis,13,8,15,6,24,20,20,9
Candidatus Xiphinematobacter sp. Idaho Grape,27,12,3,6,20,5,2,4
Canine adenovirus 2,NA,NA,NA,NA,NA,NA,1,NA
Capnocytophaga canimorsus,94,58,31,63,95,36,51,37
Capnocytophaga haemolytica,122,107,62,107,104,46,49,54
Capnocytophaga ochracea,84,68,42,76,113,60,41,41
Capnocytophaga sp. oral taxon 323,65,57,49,74,98,51,39,43
Carboxydothermus hydrogenoformans,29,18,12,28,35,24,17,23
Cardinium endosymbiont of Encarsia pergandiella,18,6,5,6,27,9,2,10
Carnobacterium inhibens,4,4,3,8,12,48,37,30
Carnobacterium maltaromaticum,14,9,6,12,20,40,39,31
Carnobacterium sp. 17-4,7,8,4,6,24,41,38,32
Carnobacterium sp. CP1,24,16,6,14,21,35,21,22
Castellaniella,NA,NA,NA,1,NA,NA,NA,NA
Castellaniella defragrans,60,46,61,56,43,30,39,30
Catenulispora,NA,2,NA,NA,1,NA,NA,NA
Catenulispora acidiphila,54,107,77,87,24,40,44,69
Catenulisporaceae,1,1,NA,NA,NA,NA,NA,1
Catopsilia pomona nucleopolyhedrovirus,NA,NA,NA,NA,NA,1,NA,NA
Caulobacter,5,4,1,2,3,1,1,2
Caulobacter henricii,38,50,40,43,44,20,20,31
Caulobacter phage CcrColossus,NA,NA,NA,NA,NA,NA,1,NA
Caulobacter phage Cr30,NA,NA,NA,NA,NA,2,NA,NA
Caulobacter segnis,41,41,55,43,23,33,21,29
Caulobacter sp. K31,65,102,74,109,42,46,26,62
Caulobacter vibrioides,65,67,64,69,28,32,23,38
Caulobacter virus Karma,1,3,2,1,NA,NA,NA,NA
Caulobacter virus Magneto,NA,NA,NA,NA,1,NA,NA,NA
Shapirovirus cbk,NA,NA,NA,NA,1,NA,NA,NA
Poindextervirus rogue,1,NA,1,NA,NA,NA,1,1
Caulobacteraceae,2,1,1,2,1,NA,NA,NA
Caulobacteraceae bacterium OTSz_A_272,15,21,17,22,16,10,15,15
Caviid betaherpesvirus 2,NA,1,NA,NA,NA,NA,NA,NA
Cedecea neteri,246,206,137,184,183,142,120,152
Celeribacter,1,NA,NA,NA,NA,1,NA,NA
Celeribacter indicus,42,51,51,35,35,28,25,31
Celeribacter marinus,9,16,6,9,7,10,11,16
Celeribacter phage P12053L,NA,NA,NA,NA,NA,NA,NA,1
Celery mosaic virus,NA,NA,NA,NA,1,NA,NA,NA
Cellulomonas,15,6,2,6,11,1,1,NA
Cellulomonas fimi,37,61,54,54,32,22,35,33
Cellulomonas flavigena,33,50,57,43,24,16,28,22
Cellulomonas gilvus,19,29,44,13,12,13,17,19
Cellulophaga algicola,15,11,9,8,18,27,34,27
Cellulophaga baltica,35,21,26,34,46,38,42,32
Cellulophaga lytica,16,10,11,13,20,23,35,22
Cellulophaga phage phi13:2,NA,NA,NA,NA,NA,1,1,NA
Cellulophaga phage phi18:3,NA,NA,NA,NA,NA,1,1,NA
Cellulophaga phage phi19:3,NA,NA,NA,NA,NA,1,1,NA
Cellulophaga phage phi46:3,NA,NA,NA,NA,NA,1,1,NA
Cellulophaga phage phiSM,NA,NA,NA,NA,NA,NA,NA,1
Cellulophaga phage phiST,NA,NA,NA,NA,2,NA,1,NA
Cellulosilyticum lentocellum,75,112,81,120,126,256,241,207
Cellvibrio japonicus,31,45,14,35,57,10,21,28
Cellvibrionaceae,NA,NA,NA,NA,1,NA,NA,NA
Cercopithecine herpesvirus 2,NA,NA,NA,NA,NA,NA,1,NA
Cercopithecine betaherpesvirus 5,NA,NA,NA,NA,1,NA,NA,NA
Cercopithecine alphaherpesvirus 9,NA,NA,NA,NA,1,NA,NA,1
Chania multitudinisentens,15,29,24,33,18,23,10,21
Cheoctovirus,NA,NA,NA,NA,NA,NA,1,NA
Chelativorans,NA,NA,NA,NA,1,NA,NA,NA
Chelativorans sp. BNC1,26,22,22,24,28,20,20,22
Chelatococcus,NA,NA,1,NA,NA,NA,NA,NA
Chelatococcus sp. CO-6,48,70,61,53,31,22,46,52
Chelonid alphaherpesvirus 5,NA,NA,NA,NA,NA,1,NA,NA
Chilli ringspot virus,NA,1,NA,NA,NA,NA,NA,NA
Chimpanzee alpha-1 herpesvirus,NA,NA,NA,NA,NA,1,NA,NA
Chitinophaga pinensis,205,131,83,109,172,114,95,105
Chlamydia,NA,NA,NA,NA,NA,NA,NA,1
Chlamydia abortus,2,4,3,8,3,7,5,3
Chlamydia avium,1,3,5,10,2,5,2,3
Chlamydia caviae,1,3,2,6,4,2,1,4
Chlamydia felis,11,10,6,14,17,2,7,3
Chlamydia gallinacea,1,3,7,8,4,4,6,10
Chlamydia muridarum,7,4,5,11,5,2,5,6
Chlamydia pecorum,1,2,2,7,4,3,7,6
Chlamydia pneumoniae,5,5,5,13,5,4,5,3
Chlamydia psittaci,4,6,4,11,3,9,7,8
Chlamydia trachomatis,5,4,5,11,7,6,4,3
Chloracidobacterium thermophilum,12,28,17,23,10,22,19,20
Chlorobaculum,NA,NA,NA,1,1,NA,NA,2
Chlorobaculum limnaeum,56,73,78,84,32,36,28,52
Chlorobaculum parvum,40,42,46,54,54,23,36,40
Chlorobaculum tepidum,48,52,56,54,31,26,22,44
Chlorobium chlorochromatii,18,16,17,10,28,14,14,16
Chlorobium limicola,55,29,26,27,51,25,22,31
Chlorobium phaeobacteroides,58,39,30,36,57,53,39,33
Chlorobium phaeovibrioides,37,37,14,34,27,28,24,25
Chloroflexus aggregans,14,19,14,9,16,11,17,15
Chloroflexus aurantiacus,11,12,15,13,7,13,10,8
Chloroflexus sp. Y-400-fl,11,12,15,13,7,13,10,8
Chloroherpeton thalassium,19,14,14,17,14,17,22,11
Chondromyces,1,1,NA,NA,NA,NA,NA,NA
Chondromyces crocatus,47,65,56,56,45,20,32,42
Choristoneura biennis entomopoxvirus,1,NA,NA,NA,1,NA,2,NA
Choristoneura occidentalis granulovirus,NA,NA,NA,NA,NA,1,NA,NA
Choristoneura rosaceana entomopoxvirus 'L',2,NA,1,NA,1,NA,NA,NA
Chromatiaceae,1,1,1,1,1,NA,1,NA
Chromatiales,1,1,1,NA,NA,NA,NA,NA
Chromobacteriaceae,1,1,1,1,1,NA,NA,1
Chromobacterium,7,4,3,3,4,1,1,5
Chromobacterium vaccinii,35,76,56,73,38,37,60,50
Chromobacterium violaceum,62,116,73,113,33,37,54,65
Chromohalobacter,3,1,NA,NA,NA,NA,NA,NA
Chromohalobacter israelensis,44,48,56,39,33,16,14,36
Chroococcidiopsis thermalis,9,11,6,8,17,12,8,18
Chryseobacterium,1,2,NA,1,NA,1,NA,NA
Chryseobacterium gallinarum,1875,1066,496,944,1932,254,159,418
Chryseobacterium sp. IHB B 10212,120,75,47,80,123,50,44,58
Chryseobacterium sp. IHB B 17019,106,78,45,73,108,58,54,49
Chryseobacterium sp. StRB126,146,94,41,56,171,48,55,46
Chrysochromulina ericina virus,NA,2,NA,NA,3,2,4,NA
Chrysodeixis chalcites nucleopolyhedrovirus,NA,NA,NA,NA,NA,NA,NA,1
Circoviridae 8 LDMD-2013,1,4,1,4,1,1,NA,NA
Citrobacter,NA,3,2,NA,1,NA,NA,1
Citrobacter amalonaticus,102,76,104,108,119,68,64,88
Citrobacter freundii,103,109,87,103,131,165,276,202
Citrobacter koseri,26,45,50,33,19,33,31,26
Citrobacter phage Moon,NA,NA,NA,NA,NA,1,2,NA
Citrobacter rodentium,54,41,45,45,48,47,29,37
Citrobacter sp. FDAARGOS_156,38,48,31,34,61,34,28,32
Citromicrobium,NA,NA,NA,NA,NA,NA,NA,1
Citromicrobium sp. JL477,46,31,40,32,26,15,18,21
Kostyavirus,1,1,1,3,1,NA,1,2
Clavibacter,14,5,NA,5,10,1,1,NA
Clavibacter michiganensis,74,83,96,68,42,52,64,47
Cloacibacillus,NA,NA,1,NA,NA,NA,NA,NA
Cloacibacillus porcorum,60,100,89,83,49,69,69,71
Eubacteriales,NA,NA,1,NA,NA,NA,NA,NA
Clostridiales Family XVII. Incertae Sedis,2,NA,1,NA,1,NA,NA,1
Clostridioides difficile,29,40,30,48,599,1495,1576,1078
Clostridium,NA,NA,2,1,NA,NA,NA,NA
Clostridium aceticum,16,23,31,21,37,61,77,46
Clostridium acetobutylicum,40,40,33,54,47,65,92,69
Clostridium autoethanogenum,44,33,40,29,53,60,99,67
Clostridium baratii,42,17,18,35,87,110,125,66
Clostridium beijerinckii,58,59,45,61,93,174,167,132
Clostridium bornimense,41,51,36,41,47,97,114,89
Clostridium botulinum,125,120,95,145,237,360,402,356
Clostridium butyricum,47,37,22,49,114,161,159,126
Clostridium carboxidivorans,44,47,44,51,61,101,121,99
Clostridium cellulovorans,43,35,29,44,137,243,179,164
Clostridium formicaceticum,34,21,16,27,44,89,74,74
Clostridium kluyveri,58,96,86,83,62,103,113,119
Clostridium ljungdahlii,19,27,32,27,27,66,99,64
Clostridium novyi,23,28,35,33,36,84,93,72
Clostridium pasteurianum,73,88,64,97,160,272,320,216
Clostridium perfringens,26,23,13,30,69,148,145,93
Clostridium phage c-st,NA,NA,NA,NA,NA,NA,1,NA
Clostridium phage phi3626,NA,NA,NA,NA,1,NA,NA,NA
Clostridium phage phiCD506,NA,NA,NA,NA,NA,NA,1,NA
Clostridium phage phiCP13O,1,5,2,3,NA,NA,1,2
Clostridium phage phiCP26F,1,5,2,3,NA,NA,1,2
Clostridium phage phiCP34O,NA,4,1,NA,NA,NA,1,NA
Clostridium phage phiCP39-O,1,1,1,3,NA,NA,1,2
Clostridium phage phiCT19406C,NA,NA,NA,1,NA,NA,NA,NA
Clostridium phage phiCTP1,NA,NA,NA,NA,NA,NA,NA,1
Clostridium phage phiMMP01,NA,NA,NA,NA,NA,NA,1,1
Clostridium phage phiMMP02,NA,NA,NA,NA,NA,NA,NA,1
Clostridium phage phiMMP03,NA,NA,NA,NA,NA,NA,1,1
Clostridium phage phiMMP04,NA,NA,NA,NA,NA,1,1,NA
Clostridium phage phiSM101,2,2,7,5,NA,2,NA,NA
Clostridium phage phiZP2,NA,NA,NA,NA,NA,NA,NA,1
Clostridium saccharobutylicum,27,29,16,25,82,161,133,75
Clostridium saccharoperbutylacetonicum,49,33,43,45,96,129,157,95
Clostridium scatologenes,39,49,33,51,66,108,113,93
Clostridium sp. BNL1100,65,69,71,88,72,116,126,122
Clostridium sp. SY8519,354,488,416,670,512,1023,755,897
Clostridium sporogenes,14,21,13,34,26,72,76,64
Clostridium taeniosporum,14,14,13,17,40,88,91,72
Clostridium tetani,26,14,12,27,83,154,128,125
Clostridium tyrobutyricum,29,17,18,51,45,91,85,62
Yongloolinvirus C2,NA,NA,NA,NA,NA,NA,1,1
Lubbockvirus CD119,NA,NA,NA,NA,NA,NA,NA,1
Colneyvirus CD27,NA,NA,NA,NA,1,NA,1,NA
Collimonas,2,2,1,1,1,NA,NA,NA
Collimonas arenae,51,63,66,60,43,48,45,50
Collimonas fungivorans,58,53,70,76,52,41,44,46
Collimonas pratensis,51,59,46,87,43,43,44,52
Colwellia psychrerythraea,12,18,24,23,13,22,19,17
Colwellia sp. MT41,5,15,7,14,4,11,20,10
Colwellia sp. PAMC 20917,21,12,7,21,20,17,22,19
Comamonadaceae,4,5,3,4,3,4,1,4
Comamonadaceae bacterium A1,30,50,57,37,16,24,22,34
Comamonadaceae bacterium B1,30,54,39,50,18,22,25,27
Comamonas testosteroni,145,121,137,148,79,85,105,106
Condylorrhiza vestigialis MNPV,3,NA,NA,3,NA,NA,NA,2
Conexibacter woesei,33,48,85,46,25,28,31,33
Conexibacteraceae,NA,NA,NA,NA,NA,NA,NA,1
Actibacterium,NA,NA,NA,NA,1,NA,NA,NA
Confluentimicrobium sp. EMB200-NS6,26,45,40,34,27,16,21,21
Coprothermobacter proteolyticus,26,58,37,79,12,16,6,23
Coraliomargarita akajimensis,21,21,22,13,10,11,24,17
Corallococcus coralloides,85,103,115,119,65,45,52,88
Coriobacteriaceae,NA,NA,NA,NA,NA,NA,NA,2
Coriobacteriaceae bacterium 68-1-3,274,367,422,381,138,180,353,254
Coriobacteriales,NA,1,NA,NA,NA,NA,NA,NA
Coriobacterium glomerans,591,745,1170,526,259,237,155,349
Mycobacteriales,NA,1,1,1,2,NA,NA,2
Corynebacterium,4,8,5,7,6,2,3,7
Corynebacterium argentoratense,10,22,22,20,6,12,7,15
Corynebacterium atypicum,23,19,30,30,7,10,14,18
Corynebacterium aurimucosum,56,74,70,90,33,28,30,43
Corynebacterium callunae,85,60,50,75,54,27,29,39
Corynebacterium camporealensis,12,20,13,23,7,16,17,12
Corynebacterium casei,23,21,13,18,20,14,19,6
Corynebacterium deserti,63,28,16,44,47,11,14,19
Corynebacterium diphtheriae,186,204,157,255,125,100,139,116
Corynebacterium doosanense,44,49,77,58,19,18,15,23
Corynebacterium efficiens,47,41,52,41,27,27,16,44
Corynebacterium epidermidicanis,24,15,18,17,17,9,13,14
Corynebacterium falsenii,44,71,43,73,20,18,19,26
Corynebacterium glutamicum,84,52,39,68,81,26,18,41
Corynebacterium glyciniphilum,30,40,33,36,30,19,12,19
Corynebacterium halotolerans,38,31,53,47,23,17,33,19
Corynebacterium humireducens,36,30,53,37,7,19,19,19
Corynebacterium imitans,17,26,23,25,13,12,23,18
Corynebacterium jeikeium,29,32,36,38,22,24,13,26
Corynebacterium kroppenstedtii,30,26,28,29,19,12,14,16
Corynebacterium kutscheri,8,9,10,8,12,8,14,5
Corynebacterium lactis,22,29,31,37,6,16,18,19
Corynebacterium marinum,24,42,48,40,14,20,20,18
Corynebacterium maris,48,37,56,43,31,17,29,22
Corynebacterium mustelae,32,28,27,35,28,12,16,20
Corynebacterium pseudotuberculosis,35,28,10,19,28,13,14,14
Corynebacterium resistens,5,6,6,11,12,10,7,12
Corynebacterium simulans,41,70,53,62,38,19,17,32
Corynebacterium singulare,32,18,27,31,28,16,18,15
Corynebacterium sp. ATCC 6931,37,44,41,33,43,10,11,25
Corynebacterium sp. JZ16,100,43,25,49,71,16,19,27
Corynebacterium sp. NML98-0116,158,207,154,231,109,94,128,105
Corynebacterium stationis,28,20,19,29,31,30,7,15
Corynebacterium terpenotabidum,34,46,36,38,14,12,18,22
Corynebacterium testudinoris,43,51,36,36,45,19,8,27
Corynebacterium ulcerans,34,40,26,16,25,24,19,16
Corynebacterium urealyticum,26,21,34,20,14,24,18,21
Corynebacterium ureicelerivorans,10,20,25,17,7,15,14,20
Corynebacterium uterequi,28,28,41,37,16,20,15,21
Corynebacterium variabile,23,37,43,30,14,17,19,26
Corynebacterium vitaeruminis,41,62,81,68,37,37,33,49
Cotesia congregata bracovirus,NA,NA,NA,NA,NA,NA,3,1
Cotia virus SPAn232,1,NA,3,1,NA,1,2,1
Coxiella burnetii,12,11,5,10,19,14,5,4
Coxiella endosymbiont of Amblyomma americanum,NA,NA,NA,NA,3,8,3,4
Coxiella-like endosymbiont,5,5,7,5,2,4,2,4
Crinalium epipsammum,5,13,11,10,9,15,13,14
Croceibacter atlanticus,27,19,9,13,30,24,30,18
Croceicoccus,NA,1,2,1,NA,NA,NA,NA
Croceicoccus naphthovorans,27,28,35,31,19,22,19,23
Cronobacter,2,4,3,3,2,4,1,2
Cronobacter condimenti,53,66,44,52,41,24,27,33
Cronobacter dublinensis,26,41,48,37,27,48,19,20
Cronobacter malonaticus,19,31,42,36,22,30,26,20
Cronobacter muytjensii,36,54,44,45,23,29,26,37
Cronobacter phage CR9,NA,NA,NA,NA,NA,1,NA,NA
Cronobacter phage ENT39118,NA,NA,NA,NA,NA,1,1,NA
Cronobacter phage phiES15,3,NA,NA,1,NA,1,NA,NA
Cronobacter phage S13,NA,NA,NA,NA,NA,NA,1,1
Cronobacter phage vB_CsaM_GAP31,NA,1,NA,NA,1,1,NA,NA
Cronobacter phage vB_CsaM_GAP32,NA,1,NA,NA,NA,NA,1,NA
Cronobacter sakazakii,31,53,49,44,27,43,43,46
Cronobacter turicensis,62,51,44,49,50,32,35,29
Cronobacter universalis,37,57,44,59,33,44,31,51
Cryobacterium,NA,NA,1,NA,NA,NA,NA,NA
Cryobacterium arcticum,40,38,34,36,35,15,12,26
Cryptobacterium,1,1,1,1,NA,NA,NA,NA
Cryptobacterium curtum,48,77,101,43,28,33,49,50
Culex nigripalpus nucleopolyhedrovirus,NA,NA,NA,NA,NA,1,NA,NA
Cupriavidus,6,6,8,4,4,2,4,10
Cupriavidus basilensis,40,59,73,77,90,171,754,276
Cupriavidus gilardii,71,50,46,53,58,34,102,71
Cupriavidus metallidurans,44,72,63,59,1417,3707,18026,5284
Cupriavidus necator,83,107,114,155,53,73,124,101
Cupriavidus pinatubonensis,34,59,64,67,30,36,65,56
Cupriavidus sp. USMAA1020,78,108,120,110,37,56,74,69
Cupriavidus sp. USMAA2-4,87,111,108,95,58,90,218,116
Cupriavidus sp. USMAHM13,76,98,101,112,42,53,72,58
Curtobacterium,NA,NA,NA,1,1,1,NA,NA
Curtobacterium sp. BH-2-1-1,18,45,37,22,18,8,14,16
Curtobacterium sp. MR_MD2014,26,38,39,30,13,17,25,15
Cutibacterium avidum,58,63,71,57,46,25,19,39
Cyanobacterium,NA,NA,NA,NA,NA,NA,NA,1
Cyanobacterium aponinum,22,25,20,23,25,33,33,32
cyanobacterium endosymbiont of Epithemia turgida,15,7,14,10,12,9,14,9
Cyanobium gracile,63,72,64,103,22,32,29,55
Cyanophage KBS-S-2A,NA,NA,NA,NA,NA,NA,1,NA
Cyanophage NATL2A-133,NA,NA,NA,NA,NA,1,NA,1
Cyanophage P-RSM1,NA,NA,NA,NA,NA,NA,NA,1
Cyanophage P-RSM6,NA,NA,NA,NA,NA,1,NA,NA
Cyanophage PSS2,1,NA,NA,NA,NA,NA,1,1
Cyanophage S-RIM50,NA,NA,NA,NA,NA,1,NA,1
Cyanophage Syn30,1,NA,NA,2,2,1,NA,NA
Cyanothece,NA,NA,NA,NA,NA,NA,1,2
Cyanothece sp. ATCC 51142,5,7,2,3,13,16,20,8
Cyanothece sp. PCC 7424,29,24,18,32,47,26,21,26
Cyanothece sp. PCC 7425,16,7,11,6,23,17,7,10
Cyanothece sp. PCC 7822,12,6,7,13,15,14,11,9
Cyanothece sp. PCC 8801,22,16,12,17,27,16,13,10
Cyanothece sp. PCC 8802,21,15,13,15,16,11,11,15
Cyclobacterium amurskyense,99,65,39,58,97,28,39,42
Cyclobacterium marinum,44,29,22,33,47,37,39,37
Cycloclasticus,NA,NA,NA,NA,NA,1,NA,NA
Cycloclasticus sp. P1,7,5,3,10,14,14,12,12
Cycloclasticus zancles,20,12,4,13,19,14,7,15
Cydia pomonella granulovirus,NA,NA,NA,NA,NA,NA,NA,1
Cyprinid herpesvirus 2,NA,NA,NA,NA,NA,NA,2,NA
Cyprinid herpesvirus 3,NA,NA,1,NA,NA,NA,1,NA
Archangiaceae,NA,1,1,NA,NA,NA,NA,NA
Cytophaga hutchinsonii,108,72,41,64,120,58,50,49
Cytophagaceae,1,NA,1,1,NA,NA,NA,NA
Cytophagales,NA,1,NA,NA,1,NA,NA,NA
Dactylococcopsis salina,1,NA,2,4,4,14,11,7
Dechloromonas,1,NA,NA,NA,NA,NA,NA,NA
Dechloromonas aromatica (nom. nud.),21,35,22,27,29,30,27,33
Deerpox virus W-848-83,NA,NA,NA,NA,NA,NA,1,NA
Deferribacter,NA,NA,NA,1,NA,NA,NA,NA
Deferribacter desulfuricans,32,38,16,18,35,25,27,21
Albidovulum,NA,1,1,NA,NA,1,NA,1
Defluviimonas alba,59,56,40,76,43,19,28,27
Defluviitoga tunisiensis,7,2,1,5,23,14,13,9
Deftia phage phiW-14,NA,NA,NA,NA,NA,NA,1,NA
Dehalobacter restrictus,37,25,9,33,46,65,63,44
Dehalobacter sp. CF,40,26,29,35,49,67,56,47
Dehalobacter sp. DCA,36,23,28,31,46,69,55,48
Dehalococcoides mccartyi,31,20,23,33,41,35,25,32
Dehalococcoides sp. UCH007,30,12,19,24,21,14,4,7
Dehalogenimonas lykanthroporepellens,26,24,18,26,15,10,14,21
Deinococcaceae,NA,2,NA,NA,NA,NA,NA,NA
Deinococcales,NA,1,1,1,NA,NA,NA,1
Deinococcus,NA,5,2,3,2,NA,NA,3
Deinococcus actinosclerus,61,63,49,65,29,23,30,42
Deinococcus deserti,45,43,34,37,32,14,20,33
Deinococcus geothermalis,28,42,37,39,21,21,17,31
Deinococcus gobiensis,88,101,75,92,43,49,43,61
Deinococcus maricopensis,52,86,97,85,23,35,16,43
Deinococcus peraridilitoris,20,34,29,28,19,11,13,26
Deinococcus proteolyticus,55,54,61,76,29,27,34,44
Deinococcus puniceus,36,68,53,62,29,22,25,30
Deinococcus radiodurans,44,49,42,45,20,20,27,30
Deinococcus radiopugnans,76,89,73,93,33,37,34,57
Delftia,1,NA,2,NA,1,NA,1,NA
Delftia acidovorans,109,144,117,116,78,60,67,80
Delftia phage RG-2014,NA,NA,NA,NA,NA,NA,1,NA
Delftia sp. Cs1-4,82,112,87,119,48,61,48,75
Delftia tsuruhatensis,84,109,93,111,50,56,56,67
Deltapapillomavirus 1,NA,NA,NA,NA,NA,NA,1,1
Denitrobacterium detoxificans,320,405,452,390,179,193,309,260
Denitrovibrio acetiphilus,9,8,14,3,21,19,28,14
Dermabacter vaginalis,24,15,32,21,11,15,9,18
Dermacoccaceae,NA,NA,NA,1,1,NA,NA,NA
Dermacoccus nishinomiyaensis,20,32,42,27,13,18,16,20
Desulfarculus,NA,NA,1,NA,NA,NA,NA,1
Desulfarculus baarsii,46,93,115,118,42,34,42,50
Desulfatibacillum,NA,NA,NA,NA,NA,NA,NA,1
Desulfatibacillum alkenivorans,39,40,57,42,22,33,22,33
Desulfitobacterium,NA,NA,NA,3,NA,NA,NA,NA
Desulfitobacterium dehalogenans,34,59,54,79,35,37,48,58
Desulfitobacterium dichloroeliminans,33,53,45,79,29,40,49,57
Desulfitobacterium hafniense,89,90,74,107,87,73,67,85
Desulfitobacterium metallireducens,23,30,32,31,31,34,33,39
Desulfobacca acetoxidans,18,32,30,31,16,12,14,22
Desulfobacteraceae,NA,NA,NA,NA,NA,NA,NA,1
Desulfobacterales,NA,1,NA,NA,NA,NA,NA,NA
Desulforapulum autotrophicum,34,20,27,32,35,30,24,23
Desulfobacula toluolica,3,13,8,14,8,25,19,30
Desulfobulbaceae,2,NA,1,2,1,NA,NA,NA
Desulfobulbus propionicus,83,82,65,89,61,63,42,55
Desulfocapsa sulfexigens,28,33,32,48,29,25,28,27
Desulfococcus multivorans,26,34,47,51,26,24,26,38
Desulfosudis oleivorans,22,36,31,40,18,31,35,33
Desulfohalobium,1,NA,NA,NA,NA,NA,NA,NA
Desulfohalobium retbaense,23,17,34,41,20,16,23,24
Desulfomicrobiaceae,NA,NA,NA,NA,NA,1,NA,NA
Desulfomicrobium baculatum,55,54,72,70,62,43,73,75
Desulfomicrobium orale,37,43,51,52,23,33,50,47
Desulfomonile,NA,NA,NA,NA,NA,NA,NA,1
Desulfomonile tiedjei,31,18,11,18,42,22,22,15
Desulfosporosinus,NA,NA,NA,1,NA,1,NA,NA
Desulfosporosinus acidiphilus,19,18,18,24,32,41,51,44
Desulfosporosinus meridiei,14,14,14,24,25,43,35,47
Desulfosporosinus orientis,28,36,38,30,21,43,54,47
Desulfotalea psychrophila,39,14,9,21,33,22,18,10
Desulfotomaculum,NA,1,NA,1,NA,1,NA,1
Desulfofarcimen acetoxidans,20,36,21,31,18,47,59,36
Desulfoscipio gibsoniae,86,69,63,85,96,41,49,69
Desulfofundulus kuznetsovii,42,67,75,79,21,40,23,46
Desulfotomaculum nigrificans,21,34,20,35,56,14,21,31
Desulforamulus reducens,31,35,21,50,40,32,31,44
Desulforamulus ruminis,36,58,47,77,30,43,39,52
Desulfovibrio,3,3,NA,2,1,NA,3,3
Pseudodesulfovibrio aespoeensis,68,69,54,95,51,47,95,72
Desulfocurvibacter africanus,71,73,71,91,51,37,66,58
Oleidesulfovibrio alaskensis,59,84,59,84,43,54,70,43
Desulfovibrio desulfuricans,96,129,101,133,70,122,373,183
Desulfovibrio fairfieldensis,34,46,46,71,81,168,678,238
Solidesulfovibrio magneticus,87,86,89,133,60,54,129,100
Maridesulfovibrio salexigens,54,54,37,57,56,38,31,40
Desulfovibrio sp. J2,91,104,113,93,49,53,99,88
Nitratidesulfovibrio vulgaris,138,185,169,226,128,177,430,199
Desulfovibrionaceae,NA,2,NA,2,1,1,1,1
Desulfurella acetivorans,13,6,5,5,13,8,16,8
Desulfurispirillum,NA,NA,NA,1,NA,NA,NA,1
Desulfurispirillum indicum,54,53,55,69,66,29,30,42
Desulfurivibrio,NA,1,1,NA,NA,NA,NA,NA
Desulfurivibrio alkaliphilus,36,52,80,61,30,31,32,36
Desulfurobacteriales,NA,1,NA,NA,NA,NA,NA,NA
Desulfurobacterium thermolithotrophum,29,22,17,28,25,20,23,16
Desulfurococcus amylolyticus,NA,NA,1,1,1,1,NA,1
Desulfurococcus amylolyticus,1,1,NA,NA,1,1,NA,1
Desulfurococcus mucosus,NA,3,1,4,2,1,NA,2
Desulfuromonadales,1,1,1,NA,NA,NA,NA,NA
Desulfuromonas,NA,NA,3,3,2,2,1,NA
Desulfuromonas soudanensis,50,77,67,73,32,31,25,54
Desulfuromonas sp. DDH964,56,73,73,61,42,32,46,44
Devosia,2,1,1,1,2,NA,NA,1
Devosia sp. A16,41,63,55,59,41,26,28,33
Devosia sp. H5989,58,84,75,81,19,30,27,65
Diadromus pulchellus ascovirus 4a,NA,NA,NA,NA,1,NA,NA,NA
Dialister pneumosintes,14,5,15,10,21,47,100,58
Diatraea saccharalis granulovirus,5,2,1,5,13,NA,NA,1
Dichelobacter nodosus,5,6,8,6,5,13,11,13
Dickeya,NA,1,NA,NA,1,NA,NA,1
Dickeya dadantii,39,37,36,37,18,43,37,29
Dickeya phage RC-2014,NA,NA,NA,NA,NA,1,NA,NA
Dickeya solani,28,41,54,47,27,37,33,33
Limestonevirus limestone,NA,NA,NA,NA,NA,1,NA,NA
Dickeya zeae,76,68,43,63,54,43,35,44
Dictyoglomus thermophilum,15,7,9,17,13,19,22,10
Dictyoglomus turgidum,1,2,NA,3,7,16,21,14
Dinoroseobacter shibae,30,39,46,48,32,24,15,21
Dokdonella,NA,NA,1,1,NA,NA,NA,NA
Dokdonella koreensis,36,62,61,62,43,32,23,46
Dokdonia,NA,NA,NA,NA,NA,1,NA,NA
Dokdonia donghaensis,40,21,13,29,60,18,17,13
Dokdonia sp. 4H-3-7-5,32,32,15,15,44,32,26,14
Dokdonia sp. MED134,20,14,5,20,35,16,14,10
Draconibacterium orientale,227,171,127,156,207,111,141,113
Dunaliella viridis virus SI2,3,NA,NA,3,NA,NA,NA,NA
Dyadobacter fermentans,106,92,78,96,117,57,76,61
Dyella,NA,NA,1,3,1,NA,1,1
Dyella japonica,82,74,67,83,46,24,36,52
Dyella jiangningensis,74,56,55,52,53,18,19,32
Dyella thiooxydans,41,63,60,70,21,26,32,54
East Asian Passiflora virus,NA,NA,NA,NA,NA,NA,NA,1
Echinicola vietnamensis,101,77,60,80,135,48,55,68
Ectothiorhodospira,NA,1,NA,NA,NA,NA,NA,NA
Ectothiorhodospira sp. BSL-9,65,70,65,93,29,31,31,48
Ectothiorhodospiraceae,2,2,1,3,2,NA,NA,2
Edwardsiella <enterobacteria>,NA,1,2,2,1,NA,NA,5
Edwardsiella anguillarum,20,39,40,58,20,20,33,40
Edwardsiella hoshinae,27,27,30,31,34,26,14,32
Edwardsiella ictaluri,15,26,29,44,21,27,26,23
Edwardsiella phage KF-1,NA,NA,NA,NA,NA,NA,1,NA
Edwardsiella piscicida,12,24,27,36,15,23,24,25
Edwardsiella sp. EA181011,23,47,54,50,19,27,32,31
Edwardsiella tarda,65,69,70,80,77,44,46,58
Eggerthella,NA,NA,NA,NA,NA,2,NA,1
Eggerthella lenta,320,466,616,341,896,2007,12431,2861
Eggerthella sp. YY7918,137,190,232,172,130,219,662,280
Eggerthellaceae,1,NA,NA,NA,NA,NA,NA,1
Eggerthellales,NA,NA,1,NA,NA,NA,NA,NA
Ehrlichia canis,1,5,1,4,3,1,2,10
Ehrlichia chaffeensis,9,5,1,6,19,4,2,7
Ehrlichia muris,17,11,1,8,13,6,5,4
Ehrlichia ruminantium,4,3,4,4,9,10,10,11
Ehrlichia sp. HF,2,NA,2,NA,NA,7,4,8
Elephant endotheliotropic herpesvirus 4,NA,NA,NA,1,NA,NA,NA,NA
Elephantid betaherpesvirus 1,NA,NA,NA,NA,NA,1,NA,NA
Elizabethkingia anophelis,66,65,68,81,91,69,54,79
Elizabethkingia miricola,84,66,53,75,85,51,53,62
Elusimicrobium minutum,30,16,14,20,22,8,13,17
Emiliania huxleyi virus 86,NA,NA,NA,NA,NA,NA,1,NA
Emticicia oligotrophica,125,86,47,77,139,43,46,62
Endomicrobium proavitum,10,7,14,11,15,21,23,14
endosymbiont of Acanthamoeba sp. UWC8,25,15,8,16,21,17,22,10
endosymbiont of Llaveia axin axin,NA,2,NA,2,NA,1,5,4
endosymbiont of unidentified scaly snail isolate Monju,46,63,50,63,28,33,25,30
Ensifer,NA,NA,NA,NA,1,1,NA,2
Ensifer adhaerens,55,67,69,84,41,33,26,59
Enterobacter,3,8,5,2,3,4,5,4
Enterobacter asburiae,147,137,105,125,102,72,75,95
Enterobacter cloacae,218,223,196,228,211,215,297,245
Enterobacter hormaechei subsp. hoffmannii,36,39,28,55,26,39,34,24
Enterobacter roggenkampii,18,43,47,49,11,31,22,26
Enterobacter roggenkampii,50,63,55,61,36,41,32,31
Enterobacter hormaechei,101,111,82,111,91,70,76,66
Enterobacter kobei,27,36,18,36,23,19,23,19
[Enterobacter] lignolyticus,30,56,51,53,21,34,28,45
Enterobacter ludwigii,57,45,41,43,54,23,23,32
Enterobacter phage Arya,NA,NA,NA,NA,1,NA,NA,NA
Enterobacter phage CC31,1,2,5,NA,NA,NA,NA,2
Enterobacter phage E-2,NA,NA,NA,NA,NA,NA,1,NA
Enterobacter phage phiEap-2,NA,NA,NA,2,NA,NA,NA,NA
Enterobacter sp. 638,45,36,27,43,35,31,27,31
Enterobacter sp. E20,42,57,36,51,37,23,26,30
Enterobacter sp. FY-07,19,25,23,25,21,22,15,13
Enterobacter sp. HK169,40,53,35,49,35,21,22,29
Enterobacter sp. ODB01,27,24,20,27,26,21,21,20
Enterobacter sp. R4-368,39,33,33,32,38,41,23,36
Enterobacter xiangfangensis,31,42,32,49,30,25,29,23
Enterobacterales,2,NA,1,1,1,NA,NA,NA
Enterobacteria phage 285P,NA,NA,NA,NA,NA,1,NA,1
Enterobacteria phage 933W,1,NA,NA,NA,20,42,12,15
Enterobacteria phage BP-4795,1,NA,NA,NA,5,11,5,8
Enterobacteria phage cdtI,NA,NA,NA,NA,1,3,1,NA
Enterobacteria phage fiAA91-ss,NA,NA,NA,NA,NA,NA,1,1
Enterobacteria phage HK106,NA,NA,NA,NA,NA,NA,1,NA
Enterobacteria phage HK544,NA,NA,NA,NA,2,2,NA,1
Enterobacteria phage HK629,NA,NA,NA,NA,NA,4,1,NA
Enterobacteria phage HK630,NA,NA,NA,NA,NA,4,1,NA
Enterobacteria phage IME08,NA,NA,NA,NA,NA,NA,1,NA
Enterobacteria phage JS10,6,1,1,NA,1,1,NA,NA
Enterobacteria phage JSE,NA,NA,NA,NA,NA,1,NA,1
Enterobacteria phage mEp460,NA,NA,NA,NA,NA,3,NA,NA
Enterobacteria phage mEpX1,NA,NA,NA,NA,1,NA,NA,NA
Enterobacteria phage Min27,NA,NA,NA,NA,18,38,11,13
Enterobacteria phage NJ01,NA,NA,NA,NA,NA,NA,2,NA
Enterobacteria phage P88,NA,NA,NA,NA,NA,NA,1,NA
Enterobacteria phage Phi1,NA,NA,NA,NA,NA,NA,NA,1
Enterobacteria phage phi92,NA,NA,NA,NA,NA,NA,1,NA
Enterobacteria phage phiK,NA,NA,NA,NA,NA,1,2,1
Escherichia phage phiX174,NA,NA,NA,NA,NA,2,6,1
Enterobacteria phage QL01,NA,NA,NA,NA,NA,NA,1,NA
Tequatrovirus RB14,NA,NA,NA,NA,NA,NA,1,1
Pseudotevenvirus RB16,NA,NA,NA,NA,1,NA,NA,NA
Enterobacteria phage RB43,NA,NA,NA,NA,1,NA,NA,NA
Enterobacteria phage RB69,NA,NA,NA,NA,2,NA,2,NA
Enterobacteria phage Sf101,NA,NA,NA,NA,NA,1,NA,NA
Enterobacteria phage SfI,NA,NA,NA,NA,1,1,1,NA
Enterobacteria phage St-1,NA,NA,NA,NA,NA,1,2,1
Enterobacteria phage ST104,NA,NA,NA,NA,NA,NA,1,NA
Enterobacteria phage UAB_Phi20,NA,NA,NA,NA,NA,NA,1,NA
Enterobacteria phage VT2-Sakai,NA,NA,NA,NA,19,49,13,20
Enterobacteria phage VT2phi_272,NA,NA,NA,NA,13,35,10,11
Enterobacteria phage YYZ-2008,NA,NA,NA,NA,9,19,9,23
Enterobacteriaceae,2,1,4,5,3,2,1,3
Enterobacteriaceae bacterium strain FGI 57,66,48,55,46,38,40,30,32
Enterococcus,NA,NA,NA,NA,NA,NA,1,NA
Enterococcus casseliflavus,19,14,9,9,22,40,55,21
Enterococcus durans,9,1,4,6,32,51,120,40
Enterococcus faecalis,91,79,113,96,150,198,294,221
Enterococcus faecium,169,233,203,241,577,1409,7947,1912
Enterococcus gallinarum,12,12,11,10,20,47,66,35
Enterococcus hirae,28,15,9,22,41,38,136,42
Enterococcus mundtii,17,14,10,22,37,38,69,37
Enterococcus phage Ec-ZZ2,NA,NA,1,NA,NA,NA,NA,1
Enterococcus phage ECP3,NA,NA,NA,NA,NA,NA,1,NA
Enterococcus phage EfaCPT1,NA,NA,NA,NA,NA,NA,NA,2
Enterococcus phage IME-EF4,NA,NA,1,NA,NA,NA,NA,1
Enterococcus phage IME-EFm1,NA,NA,NA,NA,NA,1,1,1
Enterococcus phage phiEF24C,NA,NA,NA,NA,NA,NA,NA,1
Enterococcus phage phiFL1A,NA,NA,NA,NA,1,NA,2,NA
Enterococcus phage phiFL2A,NA,NA,NA,NA,1,NA,2,NA
Enterococcus phage phiFL3A,NA,NA,NA,NA,1,NA,2,NA
Enterococcus phage vB_EfaS_IME196,NA,NA,NA,NA,NA,NA,NA,2
Enterococcus phage vB_EfaS_IME198,NA,NA,NA,NA,NA,NA,NA,1
Enterococcus phage VD13,NA,NA,NA,NA,NA,NA,NA,1
Equid herpesvirus 3,NA,NA,NA,NA,NA,NA,1,NA
Equid alphaherpesvirus 4,NA,NA,NA,NA,NA,NA,NA,1
Equid herpesvirus 5,NA,NA,NA,NA,NA,NA,1,NA
Erwinia,1,3,2,2,1,1,NA,2
Erwinia amylovora,23,21,15,26,17,22,11,28
Erwinia billingiae,79,62,52,66,78,31,31,33
Erwinia gerundensis,56,43,51,52,39,24,20,36
Erwinia phage Ea35-70,5,3,6,2,7,2,1,3
Erwinia phage phiEaH2,NA,NA,NA,NA,2,NA,1,2
Erwinia phage vB_EamM_Asesino,NA,NA,NA,NA,1,NA,NA,1
Erwinia phage vB_EamM_EarlPhillipIV,NA,NA,NA,NA,NA,NA,1,NA
Erwinia phage vB_EamM_Kwan,2,3,NA,NA,1,2,1,1
Erwinia pyrifoliae,17,15,11,13,18,26,19,32
Erwinia sp. Ejp617,16,12,11,16,17,15,22,25
Erwinia tasmaniensis,28,32,20,38,26,24,19,31
Erwiniaceae,2,1,1,NA,1,NA,NA,1
Erysipelothrix rhusiopathiae,13,13,7,20,28,48,89,54
Erysipelothrix sp. LV19,14,10,5,4,28,53,46,34
Erysipelotrichaceae bacterium I46,98,92,79,113,432,924,611,703
Erythrobacter,3,1,NA,1,NA,NA,NA,NA
Erythrobacter atlanticus,18,23,9,11,11,10,12,4
Erythrobacter litoralis,66,60,55,61,46,30,41,47
Erythrobacteraceae,2,NA,1,1,2,NA,1,NA
Escherichia albertii,15,19,27,25,35,88,34,59
Escherichia coli,159,113,114,177,13958,36165,16045,22341
Escherichia fergusonii,54,50,46,70,78,97,53,71
Escherichia phage 121Q,NA,NA,NA,NA,NA,NA,1,1
Escherichia phage 172-1,NA,NA,NA,NA,NA,NA,2,NA
Escherichia phage 4MG,NA,NA,NA,NA,NA,NA,NA,1
Escherichia phage APCEc01,NA,NA,NA,NA,NA,NA,1,NA
Escherichia phage Av-05,1,NA,NA,NA,NA,NA,NA,NA
Escherichia phage Cba120,NA,NA,NA,NA,NA,1,NA,NA
Escherichia phage ECBP2,NA,NA,NA,NA,NA,NA,2,NA
Escherichia phage ECML-117,NA,NA,NA,NA,NA,NA,2,NA
Escherichia phage ECML-134,NA,NA,NA,NA,NA,NA,1,NA
Escherichia phage Eps7,NA,NA,NA,NA,1,NA,2,2
Escherichia phage FFH2,NA,NA,NA,NA,NA,1,NA,NA
Escherichia phage HK578,NA,NA,NA,NA,1,NA,NA,NA
Escherichia phage HY03,NA,NA,NA,NA,1,1,NA,NA
Escherichia phage KBNP1711,NA,NA,NA,NA,NA,NA,2,NA
Escherichia phage P13374,NA,NA,NA,NA,6,11,1,2
Escherichia phage PA2,NA,NA,NA,NA,11,33,10,11
Escherichia phage phAPEC8,1,1,1,2,1,1,1,NA
Escherichia phage phi191,NA,NA,NA,NA,4,9,1,1
Escherichia phage pro483,NA,NA,NA,NA,NA,NA,1,1
Escherichia phage Rtp,NA,NA,NA,NA,NA,NA,1,NA
Escherichia phage slur07,NA,NA,NA,NA,NA,NA,NA,1
Escherichia phage slur16,NA,NA,NA,NA,NA,1,NA,NA
Escherichia phage SUSP2,NA,NA,NA,NA,NA,NA,NA,2
Escherichia phage TL-2011b,NA,NA,NA,NA,NA,1,NA,1
Escherichia phage TL-2011c,NA,NA,NA,NA,5,16,2,6
Escherichia phage UFV-AREG1,NA,NA,NA,NA,NA,NA,NA,1
Escherichia phage vB_EcoM_112,NA,NA,NA,NA,NA,1,1,NA
Escherichia phage vB_EcoM_ACG-C40,NA,NA,NA,NA,NA,NA,NA,2
Escherichia phage vB_EcoM_PhAPEC2,NA,NA,NA,NA,2,NA,2,NA
Escherichia phage vB_EcoM_VR25,NA,2,1,NA,NA,1,NA,1
Escherichia phage vB_EcoM_VR26,NA,NA,1,NA,NA,2,NA,1
Escherichia phage vB_EcoM_VR7,NA,2,1,NA,NA,NA,NA,NA
Escherichia phage vB_EcoM-ep3,NA,NA,NA,NA,NA,NA,NA,1
Escherichia Stx1 converting phage,NA,NA,NA,NA,17,36,14,20
Byrnievirus HK97,NA,NA,NA,NA,NA,NA,1,NA
Vectrevirus K1E,NA,NA,NA,NA,NA,NA,NA,1
Lambdavirus lambda,NA,NA,NA,NA,1,4,1,NA
Peduovirus P2,NA,NA,NA,NA,NA,NA,1,1
Ethanoligenens,1,NA,NA,NA,NA,1,NA,1
Ethanoligenens harbinense,424,587,467,787,230,271,162,400
Eubacterium limosum,177,270,215,303,334,762,469,506
Exiguobacterium antarcticum,9,6,11,13,13,32,25,19
Exiguobacterium artemiae,11,14,3,10,23,35,27,31
Exiguobacterium sp. AT1b,6,11,15,14,17,36,34,27
Exiguobacterium sp. MH3,3,14,10,17,18,25,25,19
Exiguobacterium sp. U13-1,5,7,6,15,10,23,17,17
Faecalibaculum rodentium,111,167,126,203,77,87,111,146
Falconid herpesvirus 1,NA,NA,NA,NA,NA,1,NA,NA
Feline infectious peritonitis virus,NA,NA,NA,NA,NA,NA,1,NA
Felis catus gammaherpesvirus 1,1,1,NA,NA,NA,NA,1,NA
Fermentimonas,NA,1,NA,NA,NA,NA,NA,NA
Fermentimonas caenicola,348,222,130,227,386,135,114,139
Ferrimonas,NA,NA,NA,NA,NA,NA,NA,1
Ferrimonas balearica,47,46,50,66,40,32,30,30
Ferroglobus placidus,12,8,4,6,9,2,4,3
Ferroplasma acidarmanus,11,4,2,4,9,3,4,2
Fervidobacterium islandicum,15,10,10,9,16,14,9,9
Fervidobacterium nodosum,3,4,5,8,5,10,5,8
Fervidobacterium pennivorans,19,18,21,15,27,17,25,14
Fibrobacter succinogenes,159,127,85,139,181,57,46,74
Fictibacillus arsenicus,33,27,25,22,33,58,34,55
Fictibacillus phosphorivorans,9,11,15,12,16,39,38,29
Filifactor alocis,9,18,11,9,29,63,102,48
Fimbriimonas ginsengisoli,25,21,16,26,23,19,16,14
Finegoldia magna,18,42,28,42,373,877,3966,1228
Fischerella,NA,NA,NA,NA,NA,NA,NA,1
Fischerella sp. NIES-3754,16,14,14,9,14,14,31,27
Flammeovirga sp. MY04,86,62,40,71,105,70,63,65
Flammeovirgaceae bacterium 311,159,118,82,134,130,59,53,82
Flavisolibacter sp. LCS9,118,64,50,65,113,44,35,61
Flavobacteriaceae,1,NA,NA,NA,NA,NA,NA,NA
Flavobacteriaceae bacterium 3519-10,61,38,50,64,66,30,39,36
Flavobacterium,NA,NA,NA,NA,NA,1,NA,NA
Flavobacterium branchiophilum,50,28,24,30,43,19,31,26
Flavobacterium columnare,146,84,68,95,126,67,72,75
Flavobacterium gilvum,59,35,28,47,55,63,46,46
Flavobacterium indicum,31,17,11,18,31,28,24,26
Flavobacterium johnsoniae,220,160,110,183,264,139,119,117
Flavobacterium phage 6H,NA,NA,NA,NA,NA,1,NA,1
Flavobacterium psychrophilum,125,65,38,82,134,55,52,77
Flavobacterium sp. LPB0076,65,34,13,33,64,29,22,23
Flavobacterium sp. PK15,64,42,32,49,62,47,34,50
Flavonifractor,1,NA,NA,NA,NA,NA,NA,NA
Flavonifractor plautii,1126,1663,1349,2120,1660,3227,9280,4663
Bernardetia litoralis,36,32,21,30,33,31,33,27
Flexistipes sinusarabici,8,11,14,14,15,28,21,10
Fluviicola taffensis,111,60,40,61,135,37,36,49
Formosa sp. Hel1_33_131,30,28,17,24,36,29,22,19
Formosa sp. Hel3_A1_48,22,8,4,4,26,21,16,9
Fowl aviadenovirus 5,1,NA,NA,NA,NA,NA,NA,NA
Fowlpox virus,NA,NA,NA,NA,NA,NA,NA,1
Francisella noatunensis,6,4,5,5,5,12,10,8
Francisella persica,4,10,11,11,9,9,12,5
Francisella philomiragia,36,21,15,24,51,33,42,40
Francisella sp. FSC1006,38,26,15,33,43,22,13,13
Francisella sp. TX077308,26,11,2,8,15,12,8,12
Francisella tularensis,39,55,31,39,40,45,53,44
Frankia,1,1,1,1,1,NA,NA,1
Frankia alni,27,48,57,33,15,22,21,33
Frankia casuarinae,20,33,33,33,11,11,19,22
Frankia inefficax,59,62,45,52,40,26,22,42
Frankia sp. EAN1pec,44,47,52,47,18,22,33,25
Frankia symbiont of Datisca glomerata,21,30,26,33,11,23,20,14
Frankiaceae,NA,NA,NA,NA,NA,NA,NA,1
Frateuria,NA,NA,1,1,NA,NA,NA,NA
Frateuria aurantia,35,41,31,52,24,23,19,27
Frischella perrara,6,4,5,6,4,7,19,12
Frondihabitans sp. PAMC 28766,17,26,16,18,28,16,24,18
Fusobacterium hwasookii,26,16,21,13,41,46,61,57
Fusobacterium nucleatum,49,38,37,34,110,135,179,137
Gallibacterium anatis,38,19,9,14,44,21,19,16
Gallid alphaherpesvirus 2,NA,NA,NA,NA,NA,1,1,NA
Gallionella capsiferriformans,41,34,22,42,30,26,18,25
Gallionellaceae,NA,1,NA,NA,NA,NA,NA,NA
gamma proteobacterium HdN1,28,30,23,40,15,15,18,22
Gammaproteobacteria bacterium TR3.2,39,55,56,50,23,31,15,33
Gardnerella,1,1,1,1,NA,NA,NA,NA
Gardnerella vaginalis,57,40,27,39,60,32,26,29
Geitlerinema,NA,NA,NA,NA,NA,NA,NA,1
Geitlerinema sp. PCC 7407,36,40,38,29,29,22,14,23
Gemella sp. oral taxon 928,15,11,4,20,18,46,47,26
Geminocystis sp. NIES-3708,20,24,15,16,25,12,21,15
Geminocystis sp. NIES-3709,23,6,9,18,19,30,22,19
Gemmatimonas,1,NA,NA,NA,1,NA,NA,NA
Gemmatimonas aurantiaca,72,76,51,51,68,20,32,41
Geoalkalibacter subterraneus,55,71,71,79,40,45,28,61
Geobacillus,NA,NA,NA,NA,NA,NA,1,NA
Geobacillus kaustophilus,18,25,15,8,16,13,29,28
Geobacillus sp. 12AMOR1,18,15,12,21,13,16,25,16
Geobacillus sp. C56-T3,30,24,14,25,25,24,20,27
Geobacillus sp. GHH01,22,28,17,19,20,16,18,26
Geobacillus sp. JF8,20,16,13,13,9,18,27,7
Geobacillus sp. JS12,25,33,23,22,23,22,23,28
Geobacillus sp. LC300,14,18,13,14,14,17,29,21
Geobacillus sp. WCH70,12,3,9,14,24,32,24,32
Geobacillus sp. Y4.1MC1,12,13,13,6,22,33,34,21
Geobacillus sp. Y412MC52,26,28,13,15,29,22,25,28
Geobacillus sp. Y412MC61,26,26,15,15,30,20,19,23
Geobacillus stearothermophilus,21,24,9,10,21,15,23,26
Geobacillus subterraneus,37,23,25,30,31,25,18,25
Geobacillus thermodenitrificans,12,17,29,11,24,14,19,18
Geobacillus thermoleovorans,26,30,18,19,27,20,25,34
Geobacillus virus E2,NA,NA,NA,NA,1,NA,NA,NA
Geobacillus virus E3,NA,NA,NA,NA,NA,NA,1,NA
Geobacter,6,5,6,4,5,NA,NA,2
Geobacter anodireducens,50,55,69,82,39,39,21,42
Citrifermentans bemidjiense,59,71,75,92,30,56,48,57
Geotalea daltonii,40,66,45,56,22,30,33,36
Trichlorobacter lovleyi,42,71,57,76,39,50,38,45
Geobacter metallireducens,32,70,46,75,30,33,21,34
Geobacter pickeringii,54,61,58,74,44,28,34,39
Geobacter sp. M18,60,104,91,103,38,55,47,71
Geobacter sp. M21,82,110,103,127,90,67,46,71
Geobacter sulfurreducens,35,42,66,72,29,39,35,42
Geotalea uraniireducens,61,99,50,80,36,26,31,48
Geobacteraceae,4,NA,2,1,2,NA,NA,NA
Geodermatophilaceae,5,1,NA,2,4,NA,1,1
Geodermatophilus,10,4,NA,3,8,1,NA,NA
Geodermatophilus obscurus,28,56,46,36,15,23,23,30
Geoglobus acetivorans,20,13,2,13,28,6,3,7
Geoglobus ahangari,4,8,2,5,3,6,4,4
Geosporobacter ferrireducens,41,48,60,77,78,123,100,81
Gilliamella apicola,25,27,19,40,22,21,23,20
Brumicola nitratireducens,14,10,2,11,22,7,10,7
Glaciecola sp. 4H-3-7+YE-5,16,17,7,7,12,16,5,8
Gloeobacter,3,NA,NA,NA,NA,NA,NA,1
Gloeobacter kilaueensis,39,32,42,49,21,18,17,30
Gloeobacter violaceus,31,50,35,55,15,30,19,35
Gloeobacteraceae,NA,NA,NA,NA,NA,1,NA,NA
Gloeobacterales,1,NA,NA,NA,NA,NA,NA,NA
Gloeocapsa,NA,NA,NA,NA,NA,NA,NA,1
Gloeocapsa sp. PCC 7428,17,8,8,4,14,9,16,16
Glossina pallidipes salivary gland hypertrophy virus,1,3,NA,1,NA,2,NA,NA
Gluconacetobacter,NA,1,NA,NA,NA,NA,NA,NA
Gluconacetobacter diazotrophicus,36,56,34,51,15,19,16,40
Gluconobacter,NA,1,NA,NA,NA,NA,NA,1
Gluconobacter oxydans,117,88,63,80,105,35,43,54
Glutamicibacter arilaitensis,75,63,56,83,33,36,23,52
Glycomycetaceae,NA,1,NA,NA,1,NA,NA,1
Goatpox virus Pellor,NA,NA,NA,NA,1,3,NA,2
Golden mussel marseillevirus,NA,NA,NA,NA,NA,1,NA,NA
Gordonia <eudicots>,2,1,2,1,2,NA,2,1
Gordonia bronchialis,30,43,52,28,13,15,28,20
Gordonia phage Blueberry,NA,NA,1,NA,NA,NA,NA,NA
Gordonia phage Bowser,NA,NA,NA,NA,NA,NA,NA,1
Gordonia phage Emalyn,NA,1,1,2,NA,1,NA,NA
Gordonia phage GMA3,NA,1,NA,NA,NA,NA,NA,NA
Gordonia phage GTE7,NA,NA,NA,NA,NA,NA,NA,1
Gordonia phage KatherineG,NA,NA,NA,NA,NA,NA,1,NA
Gordonia phage Orchid,1,NA,NA,NA,NA,NA,NA,NA
Gordonia phage Remus,NA,NA,NA,NA,NA,NA,1,NA
Gordonia phage Rosalind,NA,NA,NA,NA,NA,NA,1,NA
Gordonia phage Smoothie,NA,1,NA,1,1,NA,1,2
Gordonia phage Soups,NA,NA,NA,NA,NA,NA,1,NA
Gordonia phage Vivi2,1,NA,NA,NA,NA,NA,NA,1
Gordonia phage Woes,NA,NA,NA,NA,NA,NA,NA,1
Gordonia polyisoprenivorans,57,56,71,48,43,25,21,38
Gordonia sp. KTR9,60,70,65,43,60,16,26,28
Gordonia sp. QH-11,31,29,36,28,17,19,27,25
Gordonia terrae,37,42,46,36,32,15,29,18
Gordoniaceae,1,NA,NA,NA,NA,NA,NA,NA
Gottschalkia acidurici,31,28,25,21,53,49,78,60
Christiangramia forsetii,118,55,39,55,126,36,43,32
Granulibacter,2,1,1,1,2,NA,NA,NA
Granulibacter bethesdensis,47,59,58,65,53,24,20,42
Granulicella,4,1,NA,2,2,NA,1,NA
Granulicella mallensis,53,52,46,55,51,18,25,30
Granulicella tundricola,21,20,21,26,14,17,22,23
Grapevine berry inner necrosis virus,NA,NA,NA,1,NA,NA,NA,NA
Grapevine leafroll-associated virus 13,NA,NA,NA,1,NA,NA,NA,NA
Grimontia hollisae,27,27,18,30,27,29,25,34
Gryllus bimaculatus nudivirus,NA,NA,NA,NA,NA,NA,1,NA
Gynuella sunshinyii,24,22,28,36,24,27,23,19
Haematospirillum jordaniae,8,7,10,11,7,9,11,13
Haemophilus influenzae,46,30,22,22,40,35,36,28
Haemophilus parainfluenzae,4,4,8,5,6,12,12,4
Haemophilus phage HP1,NA,NA,NA,NA,1,1,NA,NA
Haemophilus phage HP2,NA,NA,NA,NA,1,1,NA,NA
Hafnia,NA,NA,NA,1,NA,NA,NA,NA
Hafnia alvei,29,30,27,47,51,38,48,38
Hafniaceae,NA,NA,NA,NA,NA,NA,NA,1
Hahella chejuensis,24,24,21,31,26,17,18,20
Halalkalicoccus jeotgali,3,10,9,1,2,3,7,6
Halanaeroarchaeum sulfurireducens,NA,2,6,1,4,2,6,2
Halanaerobium hydrogeniformans,8,11,9,12,16,34,38,36
Halanaerobium praevalens,16,17,18,30,18,41,33,30
Haliangium,NA,NA,NA,NA,1,NA,NA,NA
Haliangium ochraceum,66,94,87,116,49,40,56,57
Haliscomenobacter hydrossis,166,128,96,139,157,61,60,82
haloarchaeon HTSR1,NA,2,NA,1,1,NA,5,1
Haloarcula hispanica,4,3,NA,1,NA,6,4,2
Haloarcula hispanica pleomorphic virus 2,NA,NA,NA,NA,1,NA,NA,NA
Haloarcula marismortui,5,4,1,5,4,4,6,8
Haloarcula sp. CBA1115,3,4,3,1,1,10,2,4
Halobacillus,NA,1,NA,NA,NA,NA,NA,NA
Halobacillus halophilus,9,14,11,17,19,22,24,24
Halobacteriaceae,NA,NA,NA,1,NA,NA,NA,NA
Halobacteriales,1,NA,NA,NA,NA,NA,NA,NA
Halobacteriovorax marinus,2,6,8,3,10,20,8,8
Halobacterium hubeiense,12,18,19,18,4,7,13,21
Halobacterium salinarum,1,7,8,4,5,3,6,5
Halobacterium sp. DL1,23,27,26,25,7,3,8,7
Halobacteroides halobius,5,9,3,11,21,26,27,28
Halocynthiibacter arcticus,4,2,NA,5,4,12,10,6
Haloferax gibbonsii,24,25,23,15,20,11,12,14
Haloferax mediterranei,11,10,7,16,14,15,10,6
Haloferax volcanii,22,17,18,16,12,7,8,9
Halogeometricum borinquense,17,16,16,13,18,5,7,9
Halomicrobium mukohataei,7,10,10,11,7,6,4,10
Halomonadaceae,2,1,1,1,1,1,NA,NA
Halomonas,NA,1,NA,1,NA,1,1,NA
Halomonas campaniensis,19,9,13,15,7,7,6,7
Halomonas chromatireducens,51,46,56,58,41,21,20,40
Halomonas elongata,61,55,57,88,48,27,29,29
Halomonas huangheensis,19,15,21,16,22,19,19,22
Halomonas phage phiHAP-1,NA,NA,NA,NA,NA,NA,NA,1
Halomonas sp. KO116,42,37,28,28,34,21,16,36
halophilic archaeon DL31,4,3,2,4,5,5,1,6
Halopiger xanaduensis,11,15,25,17,10,13,5,11
Haloquadratum walsbyi,9,4,4,4,10,8,8,8
Halorhabdus tiamatea,4,4,14,8,1,9,1,5
Halorhabdus utahensis,15,14,8,9,8,6,4,8
Halorhodospira halophila,19,35,45,42,14,20,25,21
Halorubrum lacusprofundi,7,9,10,1,3,4,4,5
Halostagnicola larsenii,5,15,18,9,3,7,6,7
Halotalea,1,NA,NA,NA,NA,NA,NA,NA
Halotalea alkalilenta,50,43,45,31,23,27,15,35
Haloterrigena turkmenica,12,6,15,8,1,6,5,14
Halothece,NA,NA,NA,NA,NA,NA,NA,1
Halothece sp. PCC 7418,10,8,11,20,8,4,14,16
Halothermothrix orenii,13,16,6,20,22,41,23,28
Halothiobacillus,NA,NA,NA,NA,NA,NA,1,NA
Halothiobacillus neapolitanus,57,35,19,36,50,16,5,27
Halothiobacillus sp. LS2,22,26,28,36,20,21,14,22
Halovirus HCTV-5,NA,NA,NA,NA,NA,1,NA,NA
Halovirus HGTV-1,2,NA,3,NA,NA,NA,NA,1
Halovirus HHTV-1,NA,2,3,1,NA,NA,NA,2
Halovirus HVTV-1,NA,NA,NA,NA,NA,NA,1,NA
Sendosyvirus APSE1,NA,NA,NA,NA,NA,1,NA,1
Hardenbergia mosaic virus,NA,NA,NA,NA,NA,NA,1,NA
Helicobacter acinonychis,6,1,7,4,6,4,4,4
Helicobacter cetorum,4,2,6,3,9,9,13,7
Helicobacter cinaedi,4,6,2,3,11,11,8,9
Helicobacter felis,2,2,2,3,3,5,7,2
Helicobacter hepaticus,18,7,11,5,11,7,10,11
Helicobacter himalayensis,9,4,2,1,3,9,5,5
Helicobacter mustelae,11,5,4,4,8,6,10,7
Helicobacter pylori,59,30,34,28,59,45,59,35
Helicobacter sp. MIT 01-6242,47,13,4,15,36,11,8,8
Helicobacter typhlonius,3,4,6,3,5,8,5,7
Helicoverpa zea nudivirus 2,NA,1,NA,NA,NA,NA,NA,NA
Heliomicrobium modesticaldum,55,100,88,116,42,46,68,77
Hemileuca sp. nucleopolyhedrovirus,NA,NA,NA,NA,NA,NA,1,NA
Herbaspirillum,1,NA,5,1,NA,NA,NA,2
Herbaspirillum hiltneri,84,75,47,70,58,36,36,46
Herbaspirillum rubrisubalbicans,74,96,79,73,49,38,48,49
Herbaspirillum seropedicae,62,95,90,122,62,51,50,57
Herminiimonas arsenicoxydans,20,20,26,19,10,22,26,22
Hippea maritima,11,3,7,11,13,12,9,14
Hirschia baltica,25,24,12,20,27,17,8,17
Histophilus somni,45,31,16,34,50,25,23,25
Hoeflea sp. IMCC20628,14,31,32,29,13,21,20,32
Homo sapiens,6358,4260,2829,4224,6853,4467,4368,4327
Honeysuckle yellow vein virus,12,4,2,4,6,2,NA,1
Horseradish latent virus,2,5,1,2,9,NA,NA,2
Hoyosella,10,4,NA,3,8,1,NA,NA
Hoyosella subflava,57,25,22,22,31,9,8,11
Huangpi Tick Virus 2,NA,NA,NA,NA,NA,NA,1,NA
Human alphaherpesvirus 2,NA,NA,NA,NA,NA,NA,NA,1
Human betaherpesvirus 7,NA,NA,NA,NA,1,NA,NA,NA
Human gammaherpesvirus 8,NA,NA,NA,NA,NA,1,1,NA
human metapneumovirus,NA,NA,NA,NA,NA,NA,1,NA
human papillomavirus 128,NA,1,NA,NA,NA,NA,NA,NA
Human rotavirus B,NA,NA,NA,NA,NA,1,NA,NA
Hydrogenobacter thermophilus,3,2,4,2,8,7,6,1
Hydrogenobaculum sp. 3684,17,38,23,35,13,26,15,16
Hydrogenobaculum sp. HO,17,38,23,35,13,26,15,16
Hydrogenobaculum sp. SHO,17,38,23,35,13,26,15,16
Hydrogenobaculum sp. SN,17,38,23,35,13,26,15,16
Hydrogenobaculum sp. Y04AAS1,16,38,23,35,12,21,10,17
Hydrogenophaga,NA,NA,NA,1,NA,NA,NA,NA
Hydrogenophaga sp. LPB0072,60,51,48,54,48,26,21,29
Hydrogenophaga sp. PBC,54,86,81,85,33,31,61,61
Hydrogenophaga sp. RAC07,43,65,62,92,29,31,43,48
Hydrogenophilaceae,1,1,1,1,1,NA,NA,1
Hymenobacter,1,NA,1,1,1,1,1,1
Hymenobacter sp. APR13,154,144,155,159,120,70,81,91
Hymenobacter sp. DG25A,99,112,92,123,87,48,45,70
Hymenobacter sp. DG25B,147,128,139,144,115,66,65,74
Hymenobacter sp. DG5B,159,153,143,172,113,71,69,107
Hymenobacter sp. PAMC 26554,162,160,142,169,147,77,70,108
Hymenobacter sp. PAMC 26628,158,151,159,160,120,70,82,125
Hymenobacter swuensis,116,115,125,127,97,63,75,78
Hymenobacteraceae,1,NA,1,1,NA,NA,NA,NA
Hyperthermus butylicus,1,5,1,NA,NA,1,1,NA
Hyphomicrobiaceae,4,1,2,NA,2,NA,NA,NA
Hyphomicrobium,NA,1,2,1,1,1,1,NA
Hyphomicrobium denitrificans,47,48,55,65,64,33,40,45
Hyphomicrobium nitrativorans,30,41,47,65,20,13,20,25
Hyphomicrobium sp. MC1,27,34,37,37,15,14,19,22
Hyphomonadaceae,NA,NA,NA,NA,NA,NA,1,NA
Hyphomonas,NA,NA,NA,1,NA,2,NA,NA
Hyphomonas neptunium,25,27,36,30,14,22,9,23
Hyphomonas sp. Mor2,21,16,23,25,20,18,9,18
Idiomarina,NA,NA,NA,NA,NA,NA,NA,1
Idiomarina loihiensis,14,8,4,10,11,22,9,11
Idiomarinaceae phage Phi1M2-2,NA,NA,NA,NA,NA,NA,1,NA
Ignavibacterium album,23,17,8,12,30,29,15,19
Ignicoccus hospitalis,NA,NA,1,NA,2,2,NA,1
Ilumatobacter,NA,1,NA,1,NA,NA,NA,NA
Ilumatobacter coccineus,90,62,56,60,63,25,36,37
Ilyobacter polytropus,40,29,22,29,68,67,50,57
Indian cassava mosaic virus,NA,NA,NA,1,NA,NA,NA,1
Intestinimonas,1,NA,NA,NA,NA,NA,NA,NA
Intestinimonas butyriciproducens,759,1101,917,1402,572,814,734,975
Intrasporangiaceae,NA,NA,NA,NA,1,NA,NA,NA
Intrasporangium calvum,9,36,28,22,8,12,14,18
Invertebrate iridescent virus 22,NA,NA,NA,NA,NA,3,NA,NA
Invertebrate iridescent virus 30,NA,NA,NA,NA,NA,NA,1,NA
Invertebrate iridescent virus 6,NA,NA,NA,NA,NA,NA,1,NA
Invertebrate iridescent virus 22,NA,NA,NA,NA,1,NA,NA,NA
Isoptericola,11,6,2,5,8,1,NA,NA
Isoptericola dokdonensis,61,54,59,38,41,27,23,27
Isoptericola variabilis,26,37,56,25,17,14,30,16
Isosphaera pallida,26,25,23,26,17,17,15,13
Ixeridium yellow mottle virus 1,NA,NA,NA,1,NA,NA,NA,NA
Jannaschia,NA,NA,NA,1,1,NA,NA,NA
Jannaschia sp. CCS1,19,26,25,27,11,12,12,20
Janthinobacterium,NA,NA,NA,1,NA,NA,2,NA
Janthinobacterium agaricidamnosum,26,31,52,47,17,18,36,37
Janthinobacterium sp. 1_2014MBL_MicDiv,46,49,57,65,40,37,47,56
Janthinobacterium sp. B9-8,11,19,18,27,12,23,15,20
Janthinobacterium sp. Marseille,7,14,14,17,9,15,28,19
Japanese encephalitis virus,NA,NA,NA,1,1,NA,1,NA
Jeongeupia,NA,NA,NA,1,1,1,NA,NA
Jeongeupia sp. USM3,47,55,34,60,29,23,39,40
Jeotgalibacillus malaysiensis,13,21,23,30,23,69,54,60
Jonesia,1,1,1,1,NA,NA,NA,NA
Jonesia denitrificans,40,31,20,55,15,20,10,26
Kangiella,NA,NA,NA,NA,NA,NA,NA,1
Kangiella geojedonensis,5,8,4,8,6,14,19,7
Kangiella koreensis,7,4,2,8,3,10,12,10
Kangiella sediminilitoris,10,5,7,10,12,9,6,12
Ketogulonicigenium,1,NA,NA,NA,NA,NA,NA,1
Ketogulonicigenium vulgare,29,25,28,47,18,22,17,29
Kibdelosporangium,NA,NA,NA,NA,1,1,NA,NA
Kibdelosporangium phytohabitans,22,37,39,35,17,21,27,45
Kineococcus,NA,NA,1,1,NA,NA,1,NA
Kineococcus radiotolerans,31,48,69,59,17,20,16,36
Kineosporiaceae,NA,NA,NA,NA,NA,NA,NA,1
Candidatus Kinetoplastidibacterium blastocrithidiae,1,NA,NA,2,2,6,4,5
Kingella kingae,14,16,11,13,21,10,10,8
Kitasatospora,4,1,NA,2,2,NA,1,1
Kitasatospora setae,54,71,77,72,30,44,41,43
Klebsiella,2,4,5,4,2,6,7,6
Klebsiella michiganensis,72,90,78,80,48,77,95,76
Klebsiella oxytoca,129,153,132,158,116,142,249,185
Klebsiella phage JD18,NA,NA,NA,NA,1,NA,NA,NA
Klebsiella phage KP15,NA,NA,NA,NA,NA,NA,NA,1
Klebsiella phage KP27,NA,NA,NA,NA,NA,NA,NA,1
Klebsiella phage PKO111,NA,NA,NA,NA,1,NA,NA,NA
Klebsiella phage vB_KpnM_KB57,NA,NA,NA,NA,1,NA,NA,1
Klebsiella phage vB_KpnM_KpV477,NA,NA,NA,NA,1,NA,NA,NA
Klebsiella pneumoniae,227,217,162,241,3114,7802,25657,11162
Klebsiella quasipneumoniae,60,63,52,77,69,79,308,107
[Enterobacter] lignolyticus,27,35,36,49,22,29,33,31
Klebsiella sp. LTGPAF-6F,47,61,61,57,24,35,42,37
Klebsiella variicola,110,138,113,155,743,1712,12291,2493
Kluyvera intermedia,42,39,31,36,34,31,23,39
Kocuria,NA,NA,1,1,1,NA,1,NA
Kocuria flava,24,37,30,34,15,16,25,30
Kocuria palustris,28,57,41,51,14,18,20,27
Kocuria rhizophila,36,53,43,49,21,16,21,29
Kofleriaceae,1,1,1,1,1,NA,NA,NA
Komagataeibacter,2,4,NA,NA,1,NA,NA,NA
Komagataeibacter medellinensis,27,41,36,54,13,15,10,29
Komagataeibacter xylinus,27,34,50,25,23,20,20,14
Kosakonia oryzae,21,36,34,26,13,31,22,32
Kosakonia sacchari,32,33,32,35,23,34,23,32
Kosmotoga olearia,19,3,3,4,16,6,5,7
Kosmotoga pacifica,7,10,8,6,1,13,12,9
Kozakia baliensis,7,8,15,9,12,19,18,13
Kribbella,NA,NA,NA,NA,NA,1,NA,NA
Kribbella flavida,29,59,57,52,18,23,29,35
Kurthia sp. 11kri321,25,17,20,14,21,50,47,32
Kutzneria,NA,NA,NA,NA,1,NA,NA,NA
Kutzneria albida,76,70,73,87,33,37,44,66
Kyrpidia tusciae,27,27,30,33,11,32,13,25
Kytococcus,NA,NA,NA,1,NA,NA,1,NA
Kytococcus sedentarius,28,36,54,30,22,12,24,26
Labrenzia sp. CP4,45,40,41,38,17,27,25,44
Lachnoclostridium phytofermentans,51,41,42,53,299,720,544,444
Lachnoclostridium sp. YL32,287,383,345,569,792,1734,1305,1290
Lacimicrobium,NA,1,NA,NA,NA,1,NA,NA
Lacimicrobium alkaliphilum,46,69,39,65,48,25,23,37
Lacinutrix,NA,NA,NA,NA,NA,1,NA,NA
Lacinutrix sp. 5H-3-7-4,4,7,5,16,17,17,31,14
Lactobacillus,7,7,1,NA,1,2,1,2
Lactobacillus acetotolerans,2,NA,1,2,6,20,22,14
Lactobacillus acidophilus,297,341,285,472,225,249,307,272
Lactobacillus amylovorus,138,158,116,199,104,73,107,92
Lactobacillus backii,20,10,13,26,32,17,17,18
Levilactobacillus brevis,43,21,12,34,37,15,13,22
Lentilactobacillus buchneri,34,18,10,23,28,24,28,18
Lacticaseibacillus casei,42,38,30,43,65,47,57,38
Latilactobacillus curvatus,5,14,11,6,14,15,22,16
Lactobacillus delbrueckii,33,31,31,27,24,33,26,17
Limosilactobacillus fermentum,33,33,33,49,18,16,23,28
Lactobacillus gallinarum,23,7,4,15,15,15,21,12
Lactobacillus gasseri,2,7,5,8,12,23,30,27
Lactobacillus ginsenosidimutans,13,21,16,21,17,24,27,20
Lactobacillus heilongjiangensis,9,9,4,4,16,23,22,16
Lactobacillus helveticus,51,32,19,37,39,37,40,32
Paucilactobacillus hokkaidonensis,24,12,10,15,25,7,20,16
Lactobacillus johnsonii,130,145,115,185,94,97,147,119
Lactobacillus kefiranofaciens,12,8,5,12,10,22,21,12
Levilactobacillus koreensis,6,NA,3,12,12,15,15,9
Apilactobacillus kunkeei,9,4,7,6,15,15,18,9
Fructilactobacillus lindneri,2,3,3,8,2,17,12,8
Limosilactobacillus mucosae,151,186,149,208,99,86,138,116
Lacticaseibacillus paracasei,30,23,17,30,20,21,30,27
Secundilactobacillus paracollinoides,72,70,47,80,52,40,31,38
Lactiplantibacillus paraplantarum,17,17,13,24,17,16,11,14
Lactobacillus phage iA2,NA,NA,NA,NA,1,NA,1,NA
Lactobacillus phage Ld17,1,NA,NA,NA,NA,NA,NA,NA
Lactobacillus phage Ld25A,1,NA,NA,NA,NA,NA,NA,NA
Lactobacillus phage LfeInf,NA,NA,NA,NA,NA,NA,NA,1
Lactiplantibacillus plantarum,21,24,21,30,36,20,31,24
Lactobacillus prophage Lj965,NA,NA,NA,NA,NA,1,NA,NA
Limosilactobacillus reuteri,132,166,117,185,100,107,126,111
Lacticaseibacillus rhamnosus,55,33,32,54,53,32,34,49
Ligilactobacillus ruminis,40,21,22,39,596,1432,5912,1987
Latilactobacillus sakei,13,20,15,17,13,22,14,22
Ligilactobacillus salivarius,49,47,40,93,46,71,74,75
Fructilactobacillus sanfranciscensis,10,5,7,13,15,13,15,15
Lactobacillus sp. wkB8,18,10,3,5,25,10,19,18
Lactococcus garvieae,15,9,13,23,5,19,16,20
Lactococcus lactis,38,42,34,33,60,121,160,117
Lactococcus phage bIL309,3,NA,NA,NA,NA,NA,NA,NA
Lactococcus phage bIL67,NA,NA,NA,NA,1,1,NA,NA
Lactococcus phage phiL47,NA,NA,NA,NA,NA,1,NA,NA
Lactococcus phage r1t,NA,NA,NA,NA,NA,NA,1,NA
Pseudolactococcus piscium,14,8,14,10,15,25,24,29
Lake Sarah-associated circular virus-18,1,NA,NA,NA,1,1,NA,NA
Laribacter,NA,NA,NA,NA,NA,NA,NA,1
Laribacter hongkongensis,55,41,36,41,42,25,31,37
Lawsonella clevelandensis,12,11,14,16,7,14,7,11
Lawsonia intracellularis,4,NA,3,9,3,9,9,14
Leadbetterella byssophila,76,46,32,55,77,32,43,40
Leclercia adecarboxylata,39,40,38,26,29,37,23,39
Legionella,NA,NA,NA,NA,NA,1,NA,NA
Legionella fallonii,15,9,8,12,20,16,7,9
Legionella hackeliae,1,12,11,8,9,13,18,14
Legionella longbeachae,2,6,1,7,6,14,10,8
Legionella oakridgensis,6,11,5,10,7,7,4,7
Legionella pneumophila,99,71,30,55,122,50,39,45
Leifsonia,1,2,1,2,NA,NA,NA,NA
Leifsonia xyli,56,70,104,55,35,41,37,51
Leisingera,NA,NA,1,NA,NA,NA,NA,NA
Leisingera methylohalidivorans,23,39,34,47,29,22,23,26
Lelliottia amnigena,39,47,65,48,29,29,19,31
Lentibacillus amyloliquefaciens,48,28,17,26,48,33,27,29
Lentzea sp. DHS C013,24,37,32,42,18,13,31,29
Leptolyngbya,NA,NA,NA,NA,NA,NA,NA,1
Leptolyngbya sp. NIES-3755,21,16,7,9,21,20,11,12
Leptolyngbya sp. O-77,51,56,49,70,49,28,34,33
Leptolyngbya sp. PCC 7376,37,20,22,24,31,8,18,11
Leptospira,NA,NA,NA,NA,NA,NA,NA,1
Leptospira alstonii,35,13,11,14,39,25,17,24
Leptospira biflexa,28,14,11,12,39,23,20,15
Leptospira borgpetersenii,3,10,7,8,16,27,15,13
Leptospira interrogans,16,19,23,14,23,32,27,24
Leptospira santarosai,2,9,7,7,9,17,11,11
Leptospirillum ferriphilum,16,20,7,6,12,14,8,13
Leptospirillum ferrooxidans,4,8,2,6,6,9,8,10
Leptospirillum sp. Group II 'CF-1',16,11,11,6,7,14,7,11
Leptothrix <b-proteobacteria>,1,NA,NA,1,1,1,NA,1
Leptothrix cholodnii,65,80,115,87,55,46,47,52
Leptotrichia buccalis,14,22,14,14,20,34,30,27
Leptotrichia sp. oral taxon 212,31,6,6,11,30,41,44,36
Leptotrichia sp. oral taxon 847,16,15,9,11,24,38,22,19
Leuconostoc,5,7,2,1,NA,NA,NA,1
Leuconostoc carnosum,19,31,20,29,20,35,19,28
Leuconostoc citreum,19,32,23,34,10,22,23,20
Leuconostoc gelidum,32,31,23,25,24,36,29,31
Leuconostoc kimchii,34,42,24,35,24,20,17,27
Leuconostoc lactis,22,35,23,33,17,20,16,18
Leuconostoc mesenteroides,24,36,27,35,22,35,15,31
Leuconostoc phage P793,NA,2,3,2,NA,NA,NA,1
Leuconostoc phage phiLN34,NA,NA,NA,NA,1,NA,NA,NA
Leuconostoc phage phiLNTR2,NA,NA,NA,NA,1,NA,NA,NA
Leuconostoc phage phiLNTR3,NA,NA,NA,NA,1,NA,NA,NA
Leuconostoc sp. C2,41,41,24,43,29,29,15,26
Liberibacter crescens,3,1,2,4,5,5,13,11
Liberibacter phage SC1,NA,NA,NA,NA,NA,2,NA,NA
Liberibacter phage SC2,NA,NA,NA,NA,NA,2,NA,NA
Limnochorda,NA,1,NA,NA,NA,NA,NA,1
Limnochorda pilosa,62,96,82,89,37,27,28,57
Limnochordaceae,NA,NA,NA,1,NA,NA,NA,NA
Limnohabitans,NA,NA,NA,NA,NA,NA,1,NA
Limnohabitans sp. 103DPR2,21,12,6,17,26,8,17,15
Limnohabitans sp. 63ED37-2,41,45,45,42,31,20,21,20
Listeria innocua,20,19,6,15,21,32,36,30
Listeria ivanovii,14,12,10,16,33,50,51,40
Listeria monocytogenes,38,32,17,34,44,69,71,60
Listeria phage 2389,NA,NA,NA,NA,1,NA,NA,1
Listeria phage A500,NA,NA,NA,NA,NA,NA,1,NA
Listeria phage List-36,NA,NA,NA,NA,NA,2,1,NA
Listeria phage LP-026,NA,NA,NA,NA,NA,1,1,NA
Listeria phage LP-030-2,NA,NA,NA,NA,1,NA,NA,1
Listeria phage LP-037,NA,NA,NA,NA,NA,1,1,NA
Listeria phage LP-101,NA,NA,NA,NA,NA,1,NA,NA
Listeria phage LP-110,NA,NA,NA,NA,NA,1,1,NA
Listeria phage LP-114,NA,NA,NA,NA,NA,2,1,NA
Listeria phage P70,NA,NA,NA,NA,NA,1,1,NA
Listeria seeligeri,5,12,8,11,17,46,21,21
Pecentumvirus A511,NA,NA,NA,NA,NA,1,NA,NA
Listeria welshimeri,9,14,10,11,13,31,39,29
Lumpy skin disease virus NI-2490,NA,NA,NA,NA,NA,3,1,1
Luteipulveratus,NA,NA,NA,NA,1,NA,NA,NA
Luteipulveratus mongoliensis,51,54,64,61,19,22,21,24
Lutibacter sp. LP1,19,4,3,11,25,23,35,16
Lutibacter sp. LPB0138,32,25,15,39,39,26,31,36
Lymphocystis disease virus - isolate China,5,2,5,2,4,3,1,NA
Lysinibacillus fusiformis,17,13,12,13,32,27,37,32
Lysinibacillus sphaericus,12,4,4,7,26,40,43,36
Lysinibacillus varians,25,11,18,13,42,50,38,31
Lysobacter,NA,NA,1,1,1,NA,NA,NA
Lysobacter antibioticus,33,53,53,50,29,21,29,52
Lysobacter capsici,37,39,47,41,21,29,33,36
Lysobacter gummosus,34,45,35,36,30,23,24,39
Macacine herpesvirus 3,1,1,1,NA,NA,NA,NA,NA
Macacine gammaherpesvirus 5,NA,NA,NA,NA,NA,1,NA,NA
Macrococcoides caseolyticum,5,4,9,13,17,39,31,21
Mageeibacillus,NA,1,NA,NA,NA,NA,NA,NA
Mageeibacillus indolicus,59,55,52,86,60,87,91,87
Magnetococcus marinus,17,37,26,44,22,13,14,32
Magnetospira sp. QH-2,26,41,36,35,20,20,26,23
Magnetospirillum,NA,NA,NA,NA,NA,NA,NA,1
Magnetospirillum gryphiswaldense,37,50,47,40,20,24,25,37
Paramagnetospirillum magneticum,71,78,89,92,40,29,55,52
Magnetospirillum sp. XM-1,40,56,86,71,19,32,43,54
Mahella australiensis,36,29,24,40,27,26,37,32
Maize bushy stunt phytoplasma,2,2,2,4,5,9,2,10
Mamestra brassicae multiple nucleopolyhedrovirus,1,1,NA,2,1,1,NA,NA
Mamestra configurata nucleopolyhedrovirus B,1,1,NA,2,1,1,NA,NA
Mannheimia haemolytica,25,22,22,29,34,22,25,31
Mannheimia phage vB_MhM_3927AP2,NA,NA,NA,NA,NA,1,1,NA
Mannheimia sp. USDA-ARS-USMARC-1261,15,16,13,19,14,14,19,20
Mannheimia varigena,15,16,11,23,22,25,29,29
Maribacter,NA,NA,NA,NA,NA,1,NA,NA
Maribacter sp. 1_2014MBL_MicDiv,97,47,32,54,109,33,27,25
Maribacter sp. HTCC2170,53,23,14,23,63,21,35,35
Maricaulis maris,49,51,37,46,52,17,15,25
Marichromatium,NA,NA,NA,NA,NA,NA,NA,2
Marichromatium purpuratum,70,91,65,79,77,32,33,55
Marinithermus hydrothermalis,48,54,51,53,25,16,13,28
Marinitoga piezophila,7,4,4,4,14,24,31,18
Marinobacter,1,4,2,2,3,NA,1,3
Marinobacter adhaerens,42,46,29,43,30,20,16,26
Marinobacter nauticus,82,90,66,104,76,35,29,63
Marinobacter psychrophilus,14,23,22,22,11,8,14,11
Marinobacter salarius,15,22,12,18,7,21,19,15
Marinobacter similis,53,35,24,28,53,21,9,19
Marinobacter sp. BSs20148,13,22,29,26,8,8,6,13
Marinobacter sp. CP1,44,46,37,42,36,19,14,18
Marinobacter sp. Hb8,24,25,12,25,41,24,14,13
Marinobacter sp. LQ44,21,22,16,34,10,22,20,20
Marinobacterium sp. ST58-10,70,59,55,71,40,25,25,52
Marinomonas mediterranea,8,8,17,15,10,15,15,18
Marinomonas posidonica,68,38,17,31,70,22,12,24
Marinomonas sp. MWYL1,16,9,6,10,17,6,11,17
Marinovum,NA,1,2,NA,NA,NA,NA,NA
Marinovum algicola,33,34,48,45,24,26,18,38
Marivirga tractuosa,59,35,15,21,66,26,37,30
Marseillevirus marseillevirus,NA,NA,NA,NA,NA,NA,NA,2
Martelella,NA,1,3,1,1,NA,NA,NA
Martelella endophytica,73,62,58,77,45,39,33,46
Martelella sp. AD-3,64,61,82,89,45,46,27,47
Maruca vitrata nucleopolyhedrovirus,NA,NA,NA,NA,NA,NA,NA,1
Massilia,8,4,3,3,4,NA,1,2
Massilia sp. NR 4-1,55,62,79,94,47,29,43,45
Massilia sp. WG5,33,51,69,62,24,41,47,47
Megasphaera elsdenii,121,124,100,137,569,1229,6384,1392
Meiothermus ruber,35,41,54,63,22,18,15,29
Allomeiothermus silvanus,26,29,36,28,14,11,13,24
Melanoplus sanguinipes entomopoxvirus,NA,NA,NA,NA,1,NA,NA,NA
Marseillevirus sp. 'Melbournevirus' <Marseillevirus sp. 'Melbournevirus'>,NA,NA,NA,NA,NA,1,NA,2
Melioribacter roseus,43,30,30,31,27,25,24,22
Melissococcus plutonius,36,13,3,11,23,31,28,34
Mesoplasma florum,3,8,3,8,8,22,14,19
Mesorhizobium,1,2,3,2,1,1,1,1
Mesorhizobium amorphae,16,35,46,50,35,30,26,32
Mesorhizobium australicum,39,49,36,54,44,14,28,29
Mesorhizobium ciceri,67,69,83,82,39,41,35,56
Mesorhizobium loti,50,67,90,75,34,45,48,56
Mesorhizobium opportunistum,34,49,53,40,19,20,20,45
Mesorhizobium phage vB_MloP_Lo5R7ANS,NA,NA,NA,1,NA,NA,NA,NA
Mesotoga prima,10,2,11,5,5,7,4,9
Metallosphaera cuprina,4,2,NA,6,2,2,1,2
Metallosphaera sedula,NA,NA,NA,1,1,1,NA,2
Methanobacterium formicicum,12,6,4,15,22,14,12,4
Methanobacterium lacus,NA,1,1,2,3,14,10,6
Methanobacterium paludis,2,2,1,NA,4,8,9,4
Methanobacterium sp. MB1,NA,2,NA,2,NA,6,5,4
Methanobrevibacter millerae,13,6,6,7,12,19,16,19
Methanobrevibacter olleyae,1,NA,1,1,4,19,9,11
Methanobrevibacter ruminantium,11,19,13,9,18,23,18,12
Methanobrevibacter smithii,13,6,5,11,2654,6914,5238,4255
Methanobrevibacter sp. AbM4,18,22,11,19,19,17,18,17
Methanobrevibacter sp. YE315,2,2,2,5,8,13,15,7
Methanocaldococcus bathoardescens,10,NA,4,8,7,6,8,6
Methanocaldococcus fervens,2,4,9,2,NA,4,2,6
Methanocaldococcus infernus,4,6,2,4,4,5,7,2
Methanocaldococcus jannaschii,3,1,2,1,4,6,6,9
Methanocaldococcus sp. FS406-22,1,NA,1,NA,4,6,8,1
Methanocaldococcus vulcanius,NA,NA,NA,NA,1,5,4,2
Methanocella,NA,NA,1,NA,NA,NA,NA,1
Methanocella arvoryzae,18,8,8,22,17,6,11,14
Methanocella conradii,5,12,4,7,3,3,3,7
Methanococcoides burtonii,6,7,11,12,9,16,12,10
Methanococcoides methylutens,2,3,1,4,6,18,4,9
Methanococcus aeolicus,NA,2,1,NA,2,8,12,5
Methanococcus maripaludis,25,13,1,12,32,36,36,23
Methanococcus vannielii,1,NA,1,1,6,8,5,9
Methanococcus voltae,15,5,9,21,18,15,7,9
Methanocorpusculum labreanum,16,8,5,7,22,11,10,20
Methanoculleus bourgensis,10,13,10,5,9,9,6,11
Methanoculleus marisnigri,14,10,12,7,9,6,10,3
Methanoculleus sp. MAB1,15,13,9,6,9,8,7,5
methanogenic archaeon ISO4-H5,27,13,8,13,20,15,8,17
Methanohalobium evestigatum,8,7,NA,9,5,15,6,11
Methanohalophilus mahii,2,4,6,6,5,4,5,6
Methanolacinia petrolearia,44,32,7,10,26,19,6,15
Methanolobus psychrophilus,14,10,5,4,12,13,3,7
Methanomethylovorans hollandica,31,16,14,33,40,9,7,14
Methanoregula boonei,4,3,4,1,2,6,3,5
Methanoregula formicica,37,19,23,23,39,11,8,19
Methanoregulaceae,NA,NA,NA,NA,NA,1,NA,NA
Methanothrix soehngenii,8,3,6,6,8,10,4,11
Methanothrix harundinacea,8,10,10,11,2,8,2,5
Methanosalsum zhilinae,10,4,1,4,15,12,11,8
Methanosarcina acetivorans,6,10,5,7,11,13,12,14
Methanosarcina barkeri,12,20,12,21,22,35,24,28
Methanosarcina horonobensis,27,21,17,24,17,23,16,17
Methanosarcina lacustris,11,10,7,15,4,3,8,2
Methanosarcina mazei,19,19,6,28,28,21,18,23
Methanosarcina siciliae,9,9,5,22,11,13,8,12
Methanosarcina sp. Kolksee,18,19,10,15,12,17,18,9
Methanosarcina sp. MTP4,16,15,11,16,16,9,8,11
Methanosarcina sp. WH1,10,7,6,11,2,13,11,7
Methanosarcina sp. WWM596,6,6,3,8,3,14,16,8
Methanosarcina thermophila,10,3,5,9,19,9,6,12
Methanosarcina vacuolata,9,14,7,11,11,19,16,9
Methanosphaera stadtmanae,6,2,6,1,7,21,13,8
Methanosphaerula palustris,23,15,15,13,26,12,4,8
Methanospirillum hungatei,22,17,11,13,38,5,8,19
Methanothermobacter marburgensis,1,1,3,3,1,3,2,NA
Methanothermobacter sp. CaT2,NA,4,1,1,3,2,NA,3
Methanothermobacter thermautotrophicus,1,3,2,NA,3,3,NA,2
Methanothermococcus okinawensis,NA,NA,NA,NA,4,12,6,4
Methanothermus fervidus,1,3,2,2,2,4,5,1
Methanotorris igneus,NA,NA,6,7,4,7,10,4
Candidatus Methylacidiphilum fumarolicum,7,6,11,8,6,12,13,10
Candidatus Methylacidiphilum infernorum,2,NA,NA,1,6,8,4,5
Methylibium,1,NA,NA,NA,NA,NA,NA,NA
Methylibium petroleiphilum,48,71,71,63,42,32,42,38
Methylobacillus flagellatus,31,40,24,31,18,14,15,25
Methylobacteriaceae,2,NA,1,NA,1,NA,NA,NA
Methylobacterium,2,5,5,3,4,1,2,2
Methylobacterium aquaticum,55,91,58,81,33,31,30,34
Methylorubrum extorquens,49,61,83,56,30,54,46,51
Methylobacterium nodulans,34,35,46,34,20,19,34,26
Methylorubrum populi,32,48,44,45,20,28,25,37
Methylobacterium radiotolerans,63,82,72,61,50,40,34,61
Methylobacterium sp. 4-46,50,66,59,61,46,28,37,28
Methylobacterium sp. AMS5,48,46,57,56,24,27,34,51
Methylobacterium sp. C1,49,54,44,53,40,26,29,41
Methyloceanibacter,NA,1,2,1,NA,NA,NA,NA
Methyloceanibacter caenitepidi,31,34,47,42,17,13,13,23
Methylocella silvestris,19,16,30,4,16,13,20,19
Methylococcaceae,NA,NA,NA,NA,1,NA,1,NA
Methylococcus,NA,1,NA,NA,NA,NA,NA,1
Methylococcus capsulatus,20,16,37,35,17,17,17,23
Methylocystis,1,1,3,1,NA,1,NA,NA
Methylocystis sp. SC2,16,17,27,16,6,11,14,24
Methylotuvimicrobium alcaliphilum,21,31,22,20,27,19,13,15
Methylomonas,NA,NA,NA,1,NA,NA,NA,NA
Methylomonas denitrificans,25,27,27,24,23,29,30,35
Methylomonas methanica,19,25,17,21,13,12,19,16
Methylomonas sp. DH-1,54,66,70,64,38,39,27,48
Methylophaga,NA,NA,NA,NA,NA,1,NA,NA
Methylophaga frappieri,12,8,5,9,11,8,8,8
Methylophaga nitratireducenticrescens,37,19,18,15,27,14,23,14
Methylophilus sp. TWE2,9,8,10,11,10,13,13,7
Methylotenera,NA,NA,NA,NA,NA,NA,1,NA
Methylotenera mobilis,11,7,9,6,9,15,16,8
Methylotenera versatilis,9,3,4,7,11,18,18,11
Methyloversatilis,NA,NA,NA,1,1,1,NA,NA
Methyloversatilis sp. RAC08,32,48,45,51,38,24,31,28
Methylovorus,NA,NA,NA,NA,NA,2,NA,NA
Methylovorus glucosotrophus,13,22,20,26,15,10,15,15
Methylovorus sp. MP688,22,24,22,29,14,14,13,14
Micavibrio aeruginosavorus,25,29,21,29,22,20,19,30
Microbacteriaceae,1,2,1,3,5,3,1,NA
Microbacterium,NA,2,1,2,1,NA,NA,NA
Microbacterium chocolatum,8,18,13,15,14,13,8,5
Microbacterium phage vB_MoxS-ISF9,NA,1,NA,NA,NA,NA,NA,NA
Microbacterium sp. BH3-3-3,14,25,32,28,13,17,31,20
Microbacterium sp. CGR1,8,23,18,14,11,10,19,14
Microbacterium sp. No. 7,21,23,51,21,18,18,22,23
Microbacterium sp. PAMC 28756,31,57,61,35,15,28,18,34
Microbacterium sp. XT11,20,39,44,25,20,22,15,20
Microbacterium testaceum,33,57,38,32,35,26,25,24
Microbulbifer,3,NA,1,1,NA,1,NA,3
Microbulbifer sp. CCB-MM1,57,46,45,50,37,28,27,27
Microbulbifer thermotolerans,31,49,36,47,32,26,17,24
Microbulbiferaceae,3,NA,1,1,2,NA,NA,NA
Micrococcaceae,1,2,1,3,2,1,NA,1
Micrococcales,1,2,NA,NA,NA,NA,NA,3
Micrococcus,1,NA,NA,NA,NA,NA,1,NA
Micrococcus luteus,34,35,41,32,20,14,16,26
Microcoleaceae,NA,NA,NA,NA,NA,NA,NA,1
Microcoleus sp. PCC 7113,24,11,11,23,29,29,25,23
Microcystis <cyanobacteria>,NA,NA,NA,NA,NA,NA,NA,1
Microcystis aeruginosa,21,14,14,34,26,14,18,19
Microcystis panniformis,20,15,18,20,20,6,21,14
Microlunatus phosphovorus,42,53,42,40,43,27,22,25
Micromonas pusilla virus 12T,NA,NA,NA,NA,1,NA,NA,1
Micromonas sp. RCC1109 virus MpV1,NA,NA,1,NA,NA,NA,NA,NA
Micromonospora,5,1,NA,2,3,NA,1,NA
Micromonospora aurantiaca (nom. illeg.),81,78,68,91,52,31,26,39
Micromonospora sp. L5,54,70,65,79,23,27,25,42
Micromonosporaceae,11,5,NA,4,9,2,NA,1
Microterricola,NA,NA,1,1,2,NA,NA,NA
Microterricola viridarii,32,52,66,29,42,20,18,36
Roseateles,NA,1,1,1,1,NA,NA,NA
Mitsuaria sp. 7,54,72,67,74,43,26,32,37
Mobiluncus curtisii,6,14,17,14,70,173,88,102
Modestobacter,11,4,NA,3,9,1,NA,NA
Modestobacter marinus,31,51,66,43,14,18,29,28
Mojiang virus,NA,NA,1,1,NA,NA,NA,NA
Mollivirus sibericum,NA,NA,NA,NA,NA,NA,1,NA
Molluscum contagiosum virus subtype 1,1,NA,1,1,NA,NA,1,NA
Monkeypox virus Zaire-96-I-16,2,NA,NA,NA,NA,NA,NA,NA
Moorena producens,36,21,20,18,33,22,21,17
Neomoorella thermoacetica,21,29,51,39,20,25,31,20
Moraxella catarrhalis,19,24,9,18,19,17,12,14
Faucicola osloensis,15,5,12,14,7,10,10,2
Moraxella ovis,16,8,22,10,9,16,9,11
Morganella morganii,13,21,25,29,18,22,28,22
Morganellaceae,NA,NA,NA,NA,NA,1,NA,NA
Moritella viscosa,7,8,3,6,12,9,28,15
Mouse astrovirus M-52/USA/2008,NA,NA,NA,NA,NA,1,NA,NA
Moussa virus,1,NA,NA,NA,NA,NA,NA,NA
Mucilaginibacter sp. PAMC 26640,80,63,47,50,43,57,47,40
Mucinivorans hirudinis,164,152,157,146,174,89,91,108
Muricauda lutaonensis,54,35,32,25,31,33,38,24
Flagellimonas ruestringensis,50,45,45,39,59,34,33,30
Murid betaherpesvirus 2,1,3,3,4,2,2,5,NA
Murray Valley encephalitis virus,NA,NA,NA,NA,NA,NA,NA,1
Mycobacteriaceae,NA,1,NA,1,NA,NA,NA,1
Mycobacterium,16,18,9,11,13,5,10,3
Mycobacteroides abscessus,51,61,51,60,34,31,27,32
Mycobacterium tuberculosis variant africanum,17,14,11,12,8,8,11,8
Mycobacterium avium,46,62,65,65,24,25,40,47
Mycobacterium tuberculosis variant bovis,17,14,11,12,8,11,10,9
Mycobacterium canetti,14,13,10,9,7,8,9,7
Mycobacteroides chelonae,19,28,34,27,11,7,8,15
Mycobacterium chimaera,25,37,28,25,10,18,10,21
Mycolicibacterium chubuense,15,36,50,31,7,16,14,22
Mycolicibacterium fortuitum,21,38,32,38,11,15,15,27
Mycolicibacterium gilvum,39,53,54,37,20,33,27,33
Mycobacterium goodii,39,53,45,56,20,21,18,30
Mycobacterium haemophilum,44,25,30,36,34,11,14,16
Mycobacterium immunogenum,16,20,36,31,19,8,12,17
Mycobacterium intracellulare subsp. intracellulare,23,26,27,23,10,19,10,14
Mycobacterium intracellulare,29,31,41,39,13,18,14,28
Mycobacterium kansasii,26,27,30,38,14,26,14,37
Mycobacterium leprae,13,13,8,8,13,5,8,5
Mycobacterium liflandii,22,19,18,33,13,21,22,26
Mycobacterium marinum,27,27,21,40,19,24,28,32
Mycolicibacterium neoaurum,26,45,54,47,17,18,16,30
Mycobacterium phage 20ES,3,2,10,NA,1,1,1,2
Mycobacterium phage Adler,NA,NA,NA,NA,NA,1,NA,NA
Mycobacterium phage Alice,NA,NA,1,NA,NA,1,NA,NA
Mycobacterium phage Anubis,NA,NA,NA,NA,NA,NA,NA,1
Mycobacterium phage Archie,1,NA,3,1,NA,1,NA,1
Mycobacterium phage Ardmore,NA,1,NA,NA,NA,NA,NA,NA
Mycobacterium phage Ariel,NA,NA,1,NA,NA,NA,NA,NA
Mycobacterium phage Bane1,NA,NA,1,NA,NA,NA,1,1
Mycobacterium phage Barnyard,14,6,6,8,12,3,NA,2
Mycobacterium phage BellusTerra,5,NA,NA,1,1,2,NA,NA
Mycobacterium phage Bernal13,6,4,NA,2,4,3,NA,NA
Mycobacterium phage Bethlehem,1,NA,2,2,NA,NA,NA,NA
Mycobacterium phage Bipolar,NA,NA,NA,NA,NA,NA,1,NA
Mycobacterium phage Bobi,NA,1,NA,NA,NA,NA,1,NA
Mycobacterium phage Boomer,NA,1,NA,NA,NA,NA,NA,NA
Mycobacterium phage Breeniome,NA,NA,NA,NA,NA,1,NA,NA
Mycobacterium phage Brocalys,NA,1,NA,NA,NA,NA,NA,NA
Mycobacterium phage Bruin,1,1,1,3,1,NA,1,2
Mycobacterium phage Brusacoram,NA,NA,NA,NA,NA,NA,1,NA
Mycobacterium phage BTCU-1,NA,2,2,NA,NA,NA,NA,NA
Mycobacterium phage Cabrinians,NA,1,NA,NA,NA,NA,NA,NA
Mycobacterium phage CaptainTrips,1,1,NA,NA,NA,NA,NA,NA
Mycobacterium phage Catdawg,NA,NA,NA,1,NA,2,NA,NA
Mycobacterium phage Cerasum,NA,1,NA,NA,NA,NA,NA,NA
Mycobacterium phage Contagion,1,1,1,3,1,NA,1,2
Mycobacterium phage Cooper,NA,NA,NA,1,NA,1,1,1
Mycobacterium phage Corndog,NA,NA,NA,1,NA,2,NA,NA
Mycobacterium phage Dante,NA,NA,NA,NA,NA,NA,1,NA
Mycobacterium phage DD5,1,NA,2,2,NA,NA,NA,NA
Mycobacterium phage DeadP,1,2,NA,NA,NA,NA,NA,NA
Mycobacterium phage DrDrey,1,1,1,3,1,NA,1,2
Mycobacterium phage DS6A,1,1,2,NA,NA,NA,NA,NA
Mycobacterium phage Dumbo,1,1,1,3,1,NA,1,2
Mycobacterium phage Dylan,NA,NA,NA,1,NA,2,NA,1
Mycobacterium phage Euphoria,1,NA,2,2,NA,NA,NA,NA
Mycobacterium phage First,3,2,10,NA,1,1,1,2
Mycobacterium phage FlagStaff,1,NA,NA,NA,NA,NA,NA,NA
Mycobacterium phage Florinda,NA,NA,NA,NA,NA,NA,1,NA
Mycobacterium phage Fredward,NA,NA,NA,NA,NA,NA,1,NA
Mycobacterium phage Fruitloop,NA,1,NA,NA,NA,NA,NA,NA
Mycobacterium phage Goku,1,1,1,3,1,NA,1,2
Mycobacterium phage Hades,NA,1,NA,NA,NA,NA,1,NA
Mycobacterium phage HufflyPuff,1,1,1,3,1,NA,1,2
Mycobacterium phage HyRo,NA,NA,1,NA,NA,1,NA,NA
Mycobacterium phage Iracema64,5,NA,NA,2,1,2,NA,1
Mycobacterium phage Jabbawokkie,NA,NA,NA,NA,NA,NA,1,NA
Mycobacterium phage Jolie1,NA,1,NA,NA,NA,NA,NA,NA
Mycobacterium phage Kampy,5,NA,NA,1,1,2,NA,NA
Mycobacterium phage Lilac,1,1,1,3,1,NA,1,2
Mycobacterium phage Lockley,1,NA,2,2,NA,NA,NA,NA
Mycobacterium phage Loser,2,NA,2,NA,1,NA,1,1
Mycobacterium phage MarQuardt,NA,NA,NA,NA,NA,NA,NA,1
Mycobacterium phage MiaZeal,NA,NA,1,NA,NA,NA,NA,NA
Mycobacterium phage Mindy,1,1,1,3,1,NA,1,2
Mycobacterium phage MOOREtheMARYer,NA,NA,NA,NA,NA,1,1,1
Mycobacterium phage Murphy,1,1,1,3,1,NA,1,2
Mycobacterium phage Myrna,NA,NA,NA,NA,1,NA,NA,1
Mycobacterium phage Nala,1,1,1,3,1,NA,1,2
Mycobacterium phage NelitzaMV,1,1,1,3,1,NA,1,2
Mycobacterium phage Nigel,1,NA,NA,1,NA,NA,NA,NA
Mycobacterium phage Nyxis,5,NA,NA,1,1,2,NA,NA
Mycobacterium phage Obama12,NA,NA,NA,NA,NA,NA,NA,1
Mycobacterium phage Ovechkin,NA,NA,NA,NA,NA,NA,1,NA
Mycobacterium phage Peaches,5,NA,NA,1,1,2,NA,NA
Mycobacterium phage Phaedrus,NA,NA,NA,NA,NA,1,NA,NA
Mycobacterium phage PhatBacter,1,1,1,3,1,NA,1,2
Mycobacterium phage Phaux,1,1,1,3,1,NA,1,2
Mycobacterium phage Phlei,1,NA,1,NA,NA,NA,NA,NA
Mycobacterium phage Phlyer,NA,NA,NA,NA,NA,1,NA,NA
Mycobacterium phage Phrux,1,1,1,3,1,NA,1,2
Mycobacterium phage PopTart,1,2,NA,NA,NA,NA,NA,NA
Mycobacterium phage Quico,NA,NA,NA,NA,NA,NA,1,NA
Mycobacterium phage Quink,1,1,1,3,1,NA,1,2
Mycobacterium phage Ramsey,NA,1,NA,NA,NA,NA,NA,NA
Mycobacterium phage Redi,NA,NA,NA,1,NA,NA,NA,NA
Mycobacterium phage Redno2,NA,NA,1,NA,NA,NA,NA,1
Mycobacterium phage ScottMcG,NA,NA,1,NA,NA,NA,NA,NA
Mycobacterium phage Seagreen,NA,NA,NA,NA,NA,NA,1,NA
Mycobacterium phage ShedlockHolmes,NA,1,NA,NA,1,NA,NA,NA
Mycobacterium phage SiSi,NA,NA,NA,NA,NA,NA,1,NA
Mycobacterium phage Smeadley,NA,NA,NA,NA,NA,NA,1,NA
Mycobacterium phage Sparkdehlily,NA,NA,NA,NA,NA,NA,1,NA
Mycobacterium phage Spud,NA,NA,1,NA,NA,NA,NA,NA
Mycobacterium phage Squirty,1,1,NA,NA,NA,NA,NA,NA
Mycobacterium phage Taj,1,2,NA,NA,NA,NA,NA,NA
Mycobacterium phage TheloniousMonk,NA,1,NA,NA,NA,NA,NA,NA
Mycobacterium phage Thibault,3,2,NA,1,2,NA,NA,NA
Mycobacterium phage TM4,NA,NA,1,NA,NA,NA,NA,NA
Mycobacterium phage Tonenili,1,1,NA,NA,NA,1,NA,1
Mycobacterium phage Tweety,NA,1,NA,NA,NA,NA,NA,NA
Mycobacterium phage Validus,NA,NA,NA,NA,NA,NA,NA,1
Mycobacterium phage Velveteen,NA,1,NA,NA,NA,NA,NA,NA
Mycobacterium phage Wee,1,2,NA,NA,NA,NA,NA,NA
Mycobacterium phage Wile,NA,2,2,NA,NA,NA,NA,NA
Mycobacterium phage XFactor,NA,NA,NA,NA,NA,NA,1,NA
Mycolicibacterium phlei,44,63,69,65,28,26,20,45
Mycolicibacterium rhodesiae,32,39,38,34,21,9,22,38
Mycobacterium sinense,23,33,20,31,15,17,17,17
Mycolicibacterium smegmatis,31,46,41,53,30,20,18,38
Mycobacterium sp. djl-10,53,42,67,46,33,26,38,33
Mycobacterium sp. EPa45,26,27,30,24,9,23,17,21
Mycobacterium sp. JLS,17,25,30,26,16,13,12,17
Mycobacterium sp. JS623,22,46,54,64,19,30,27,29
Mycobacterium sp. KMS,16,25,31,31,16,16,13,17
Mycobacterium sp. MCS,16,25,30,29,16,15,13,16
Mycobacterium sp. MOTT36Y,32,33,45,37,9,21,12,17
Mycolicibacterium neoaurum,26,45,54,47,17,18,16,30
Mycobacterium sp. QIA-37,22,31,29,37,13,9,12,23
Mycobacterium sp. VKM Ac-1817D,21,40,33,37,18,21,13,27
Mycobacterium sp. YC-RL4,22,40,42,32,17,20,17,22
Mycobacterium tuberculosis,18,14,11,12,8,8,12,9
Mycolicibacterium vaccae,92,77,81,80,58,35,25,42
Mycolicibacterium vanbaalenii,36,47,45,45,16,20,21,25
Mycobacterium intracellulare subsp. yongonense,22,26,34,26,10,20,10,14
Mycoplasma,NA,1,NA,1,NA,NA,NA,NA
Mycoplasmopsis agalactiae,24,10,9,13,22,12,8,14
Mycoplasmopsis arginini,1,2,3,1,3,5,8,6
Metamycoplasma arthritidis,2,3,NA,2,NA,2,7,2
Mycoplasmopsis bovis,3,4,4,4,6,7,11,5
Mesomycoplasma bovoculi,NA,3,3,2,1,4,8,4
Mycoplasmopsis californica,NA,1,NA,2,3,6,10,7
Mycoplasma canadense,NA,NA,NA,NA,4,7,3,10
Mycoplasmopsis canis,2,2,4,6,6,18,8,8
Mycoplasma capricolum,2,3,2,3,2,11,8,10
Mycoplasma crocodyli,1,9,NA,8,6,9,6,9
Mycoplasmopsis cynos,3,6,1,11,7,12,6,7
Mycoplasma dispar,3,4,2,8,5,3,4,7
Mycoplasmopsis fermentans,NA,NA,NA,1,2,11,11,9
Mesomycoplasma flocculare,NA,NA,NA,NA,2,2,1,6
Mycoplasmoides gallisepticum,25,6,11,13,16,15,13,15
Mycoplasmoides genitalium,1,NA,NA,4,2,5,6,5
Mycoplasma haemocanis,NA,NA,NA,1,1,6,6,4
Mycoplasma haemofelis,13,12,5,16,16,7,1,6
Metamycoplasma hominis,4,3,7,6,12,15,17,11
Mesomycoplasma hyopneumoniae,14,5,2,8,15,12,3,12
Mesomycoplasma hyorhinis,1,NA,NA,1,4,7,5,5
Mycoplasma leachii,3,6,7,3,1,6,9,4
[Mycoplasma] mobile,10,16,6,8,4,9,9,9
Mycoplasma mycoides,8,6,14,7,7,8,18,12
Mycoplasma ovis,NA,NA,NA,NA,2,3,2,NA
Mycoplasma parvum,2,NA,2,NA,5,1,2,3
Malacoplasma penetrans,NA,2,2,NA,5,8,14,3
Mycoplasmoides pneumoniae,NA,NA,NA,NA,NA,NA,1,1
Mycoplasmopsis pulmonis,8,9,1,8,19,4,9,8
Mycoplasma putrefaciens,2,1,1,NA,2,5,4,7
Mycoplasma suis,NA,1,2,NA,NA,4,5,2
Mycoplasmopsis synoviae,9,9,2,3,24,6,7,9
Mycoplasma wenyonii,8,8,5,11,12,3,5,6
Mycoplasma yeatsii,9,2,2,2,13,9,11,7
Mycoreovirus 1,NA,NA,NA,NA,NA,1,NA,NA
Myroides,NA,NA,NA,NA,NA,NA,NA,1
Myroides odoratimimus,60,41,32,39,107,73,101,48
Myroides profundi,66,43,26,42,80,30,43,43
Myroides sp. A21,61,42,27,41,85,27,41,37
Myroides sp. ZB35,57,34,23,39,72,27,44,37
Myxococcaceae,NA,1,NA,NA,NA,NA,NA,NA
Myxococcales,2,2,1,NA,NA,NA,NA,NA
Myxococcus,NA,1,1,3,1,NA,2,NA
Myxococcus fulvus,178,184,163,194,146,75,100,135
Myxococcus hansupus,47,74,87,65,36,32,52,56
Myxococcus stipitatus,53,57,55,51,51,28,52,35
Myxococcus xanthus,72,77,73,84,57,27,41,50
Nakamurella multipartita,31,55,55,61,26,24,24,36
Nakamurellaceae,1,NA,NA,NA,NA,NA,NA,NA
Natranaerobius thermophilus,7,6,6,4,13,24,28,31
Natrialba magadii,14,16,7,13,21,5,5,8
Natrinema,NA,NA,NA,1,NA,NA,NA,NA
Natrinema pellirubrum,7,13,13,9,3,3,6,11
Natrinema sp. J7-2,4,17,9,8,6,7,5,7
Natronobacterium gregoryi,9,9,8,7,8,7,NA,5
Natronococcus occultus,8,10,6,7,6,11,4,8
Natronomonas moolapensis,4,2,7,9,2,4,2,2
Natronomonas pharaonis,5,9,9,5,4,1,4,4
Nautilia,1,NA,NA,NA,NA,NA,NA,NA
Nautilia profundicola,17,17,19,20,21,19,12,30
Neisseria,NA,1,1,NA,1,1,NA,NA
Neisseria elongata,12,16,13,15,9,17,32,26
Neisseria gonorrhoeae,17,22,24,40,5,24,17,25
Neisseria lactamica,12,19,16,20,9,20,20,27
Neisseria meningitidis,94,121,96,121,61,64,62,72
Neisseria weaveri,37,36,25,48,35,26,23,23
Neisseriales,1,NA,NA,NA,NA,NA,NA,NA
Neorhizobium,1,NA,NA,NA,NA,NA,NA,1
Neorhizobium galegae,45,91,72,93,36,50,37,43
Neorickettsia helminthoeca,NA,NA,NA,NA,1,2,2,5
Neorickettsia risticii,4,5,1,3,11,8,3,4
Ehrlichia sennetsu,4,3,2,3,11,6,1,4
Niabella ginsenosidivorans,94,68,62,64,80,59,53,43
Niabella soli,54,54,39,38,76,46,61,48
Niastella koreensis,140,104,70,97,139,64,53,58
Nile crocodilepox virus,NA,NA,NA,NA,NA,1,NA,NA
Nipah virus,NA,NA,NA,NA,NA,1,1,NA
Nitratifractor salsuginis,21,34,36,25,19,18,23,20
Nitratiruptor sp. SB155-2,22,35,19,12,12,13,11,18
Nitrobacter,2,1,1,1,1,NA,1,1
Nitrobacter hamburgensis,17,18,23,27,6,7,20,13
Nitrobacter winogradskyi,18,33,30,26,14,9,13,12
Nitrosococcus halophilus,25,16,9,18,16,12,10,8
Nitrosococcus oceani,10,11,4,10,8,10,9,10
Nitrosococcus watsonii,5,7,7,8,10,9,4,3
Nitrosomonas communis,13,9,10,18,22,9,22,19
Nitrosomonas europaea,11,11,13,11,12,14,4,20
Nitrosomonas eutropha,10,9,6,7,10,6,10,10
Nitrosomonas sp. AL212,9,10,6,5,8,8,9,11
Nitrosomonas sp. Is79A3,4,3,5,8,6,4,11,11
Nitrosomonas ureae,18,13,3,15,21,11,12,10
Nitrosospira,NA,NA,1,1,NA,NA,NA,NA
Nitrosospira briensis,22,18,17,17,20,14,16,17
Nitrosospira multiformis,10,14,14,11,4,13,15,13
Nitrospira <Nitrospira>,NA,NA,NA,NA,NA,NA,NA,1
Nitrospira defluvii,19,25,20,25,19,16,10,16
Nitrospira moscoviensis,66,55,29,77,66,16,27,39
Nitrospirales,1,1,NA,NA,NA,NA,NA,NA
Nocardia,2,4,1,4,2,1,1,NA
Nocardia brasiliensis,45,47,53,63,31,32,27,31
Nocardia cyriacigeorgica,51,60,60,56,26,18,31,37
Nocardia farcinica,45,66,67,47,15,19,33,35
Nocardia nova,29,41,40,47,20,25,27,26
Nocardia seriolae,58,86,62,61,34,26,37,49
Nocardiaceae,1,NA,NA,1,NA,1,NA,1
Nocardioidaceae,1,NA,1,1,NA,NA,NA,NA
Nocardioides,14,6,NA,5,11,1,1,NA
Nocardioides dokdonensis,31,34,70,40,17,18,15,34
Nocardioides sp. JS614,29,36,57,43,20,30,24,26
Nocardiopsidaceae,NA,NA,NA,NA,NA,NA,NA,1
Nocardiopsis,NA,NA,3,2,NA,NA,1,NA
Nocardiopsis alba,38,46,52,48,32,17,30,35
Nocardiopsis dassonvillei,35,61,67,74,17,28,36,42
Nonlabens dokdonensis,48,32,23,46,52,30,37,39
Nonlabens sp. MIC269,46,29,10,29,64,20,25,36
Nora virus,NA,NA,NA,NA,NA,NA,1,NA
Nostoc,NA,NA,NA,NA,NA,NA,1,1
Nostoc punctiforme,28,21,17,30,25,14,19,13
Nostoc sp. NIES-3756,14,20,8,20,13,10,20,18
Nostoc sp. PCC 7107,4,2,5,6,6,12,12,9
Nostoc sp. PCC 7120,31,19,19,17,34,23,21,17
Nostoc sp. PCC 7524,11,8,13,4,11,19,12,7
Novosphingobium,NA,2,1,NA,NA,2,1,2
Novosphingobium aromaticivorans,24,40,60,15,17,18,20,23
Novosphingobium pentaromativorans,33,48,42,38,16,25,20,26
Novosphingobium resinovorum,32,39,37,24,21,30,23,25
Novosphingobium sp. PP1Y,38,39,45,51,22,18,22,25
Nse virus,NA,NA,NA,1,NA,NA,NA,NA
Obesumbacterium,NA,NA,NA,1,NA,NA,NA,NA
Obesumbacterium proteus,33,21,14,23,25,20,16,21
Oblitimonas alkaliphila,20,13,15,17,29,10,15,19
Oceanimonas,NA,1,NA,NA,NA,NA,NA,1
Oceanimonas sp. GK1,41,62,47,72,30,36,41,37
Oceanithermus profundus,45,55,74,55,31,30,22,49
Oceanobacillus,NA,1,NA,NA,NA,NA,NA,NA
Oceanobacillus iheyensis,5,5,8,10,8,25,24,30
Oceanospirillaceae,NA,NA,NA,NA,NA,NA,NA,1
Oceanospirillales,1,NA,NA,NA,NA,NA,NA,NA
Ochrobactrum,NA,1,NA,1,1,NA,NA,NA
Brucella anthropi,37,47,51,35,36,34,27,37
Ochrobactrum pseudogrignonense,63,47,33,49,55,26,27,28
Octadecabacter,5,6,1,NA,NA,NA,NA,2
Octadecabacter antarcticus,19,24,17,10,15,15,14,11
Octadecabacter arcticus,23,22,9,19,16,11,9,13
Octadecabacter temperatus,8,9,9,7,10,18,8,13
Odoribacter splanchnicus,1193,1488,1859,1313,4362,9882,14105,6702
Oenococcus,NA,1,NA,NA,NA,NA,NA,NA
Oenococcus oeni,34,37,26,55,35,26,19,28
Okra mottle virus,4,NA,NA,1,4,NA,NA,NA
Oleispira antarctica,41,24,10,24,44,21,20,16
Afipia carboxidovorans,17,18,23,26,13,22,23,29
Olsenella,1,NA,NA,NA,NA,1,NA,NA
Olsenella sp. oral taxon 807,242,342,451,269,135,119,85,170
Olsenella uli,487,702,965,519,225,209,176,360
Onion yellows phytoplasma,2,2,2,1,4,7,5,9
Opitutaceae bacterium IG16b,79,75,45,66,79,30,29,38
Opitutaceae bacterium TAV5,103,79,64,78,89,39,32,64
Opitutus terrae,29,51,49,39,20,24,29,46
Orientia tsutsugamushi,2,1,2,8,1,8,9,11
Ornithobacterium rhinotracheale,224,226,291,222,472,756,1070,592
Oscillatoria acuminata,10,12,19,15,7,16,17,28
Phormidium nigroviride,14,9,12,10,5,11,17,18
Oscillatoriaceae,NA,NA,NA,NA,NA,NA,NA,1
Oscillibacter,5,1,NA,2,2,NA,1,NA
Oscillibacter valericigenes,473,609,530,819,265,260,179,382
Ostreid herpesvirus 1,NA,NA,NA,NA,1,NA,NA,1
Ostreococcus lucimarinus virus 2,NA,NA,NA,NA,1,NA,NA,NA
Ostreococcus mediterraneus virus 1,NA,NA,NA,NA,1,NA,NA,1
Ostreococcus tauri virus 2,NA,NA,NA,NA,1,NA,NA,NA
Ostreococcus tauri virus OtV5,NA,NA,NA,NA,1,NA,NA,1
Ottowia sp. oral taxon 894,17,43,44,36,15,20,19,33
Owenweeksia hongkongensis,58,39,68,44,75,35,34,51
Oxalobacteraceae,2,NA,NA,1,NA,1,NA,1
Paenarthrobacter aurescens,37,39,50,55,21,9,19,27
Paenibacillaceae,NA,NA,NA,1,NA,NA,NA,NA
Paenibacillus,7,5,3,7,4,4,4,2
Paenibacillus beijingensis,40,76,72,83,35,56,47,51
Paenibacillus borealis,85,71,67,87,90,97,78,88
Paenibacillus bovis,34,54,45,65,50,80,59,75
Paenibacillus durus,61,88,95,103,65,82,58,69
Paenibacillus graminis,120,85,78,86,143,66,49,78
Paenibacillus larvae,16,19,9,17,34,49,35,31
Paenibacillus mucilaginosus,63,54,55,66,69,83,67,97
Paenibacillus naphthalenovorans,44,51,67,69,36,30,36,44
Paenibacillus odorifer,21,24,29,28,54,63,43,34
Paenibacillus peoriae,56,65,31,71,57,50,41,65
Paenibacillus phage Fern,NA,NA,NA,NA,NA,NA,2,2
Paenibacillus phage Harrison,NA,NA,NA,NA,NA,NA,2,2
Paenibacillus phage phiIBB_Pl23,NA,NA,NA,NA,NA,NA,2,2
Paenibacillus phage Tripp,1,2,4,1,NA,NA,NA,4
Paenibacillus phage Xenia,NA,NA,NA,NA,NA,NA,NA,2
Paenibacillus polymyxa,155,138,91,144,181,163,110,157
Paenibacillus riograndensis,163,115,100,134,191,75,63,93
Paenibacillus sabinae,64,81,77,77,79,57,29,72
Paenibacillus sp. 32O-W,33,34,21,28,29,28,35,36
Paenibacillus sp. FSL H7-0357,48,53,56,53,61,80,65,76
Paenibacillus sp. FSL H7-0737,11,20,4,7,33,59,52,31
Paenibacillus sp. FSL P4-0081,75,57,58,83,80,90,65,82
Paenibacillus sp. FSL R5-0345,29,22,27,28,44,65,44,37
Paenibacillus sp. FSL R5-0912,117,69,73,100,125,74,72,89
Paenibacillus sp. FSL R7-0273,74,46,57,78,67,86,67,78
Paenibacillus sp. FSL R7-0331,59,52,53,68,56,125,56,84
Paenibacillus sp. IHBB 10380,4,5,4,5,15,29,25,31
Paenibacillus sp. JDR-2,50,39,39,47,51,68,51,49
Paenibacillus sp. LPB0068,11,12,12,10,17,40,40,35
Paenibacillus sp. Y412MC10,28,23,29,47,36,61,52,57
Paenibacillus stellifer,56,75,61,93,82,82,47,69
Paenibacillus swuensis,19,15,13,19,17,47,25,27
Paenibacillus terrae,37,45,34,66,45,50,31,49
Paenibacillus yonginensis,67,46,45,63,82,69,63,63
Palaeococcus pacificus,NA,3,2,3,NA,3,5,1
Paludibacter propionicigenes,366,200,143,233,386,168,192,173
Pandoraea,3,2,4,5,NA,6,2,2
Pandoraea apista,41,36,29,42,32,27,25,29
Pandoraea faecigallinarum,37,34,36,44,30,28,24,28
Pandoraea norimbergensis,25,48,52,46,14,36,34,30
Pandoraea oxalativorans,48,51,42,65,40,32,34,40
Pandoraea pnomenusa,34,55,40,67,25,33,51,44
Pandoraea pulmonicola,63,53,63,68,40,28,38,34
Pandoraea sputorum,31,35,44,50,17,18,31,27
Pandoraea thiooxydans,25,27,41,39,17,17,24,24
Pandoraea vervacti,27,33,35,34,27,25,35,23
Pandoravirus dulcis,3,4,6,3,7,4,3,4
Pandoravirus salinus,3,1,2,2,3,4,4,1
Panine herpesvirus 2,NA,NA,NA,NA,1,NA,1,1
Pannonibacter,1,2,2,1,1,NA,NA,1
Pannonibacter phragmitetus,39,49,51,65,30,33,34,34
Pantoea,1,4,5,5,5,1,2,2
Pantoea agglomerans,73,77,67,70,82,70,45,45
Pantoea ananatis,27,20,17,39,31,25,31,30
Pantoea phage LIMElight,NA,NA,NA,NA,NA,1,NA,NA
Pantoea rwandensis,31,32,23,44,23,25,26,19
Pantoea sp. At-9b,56,37,45,40,51,47,29,25
Pantoea sp. PSNIH1,76,64,38,57,64,31,23,35
Pantoea sp. PSNIH2,51,61,39,45,67,95,171,115
Pantoea vagans,63,56,51,49,66,40,25,27
Papiine herpesvirus 2,NA,NA,NA,NA,NA,NA,NA,1
Parabacteroides distasonis,1300,1153,1209,1195,10411,24848,14914,15761
Parabacteroides phage YZ-2015b,NA,NA,NA,NA,2,2,3,2
Parabacteroides sp. YL27,558,437,434,416,581,355,318,348
Paraburkholderia,5,8,6,3,7,4,2,2
Paraburkholderia caribensis,51,68,65,68,67,51,30,49
Paraburkholderia fungorum,27,38,41,39,17,35,30,42
Paraburkholderia phenoliruptrix,52,51,53,47,45,27,22,33
Paraburkholderia phymatum,40,47,52,52,40,44,38,37
Paraburkholderia phytofirmans,21,36,39,24,15,25,36,29
Mycetohabitans rhizoxinica,36,23,27,17,36,12,13,18
Paraburkholderia sprentiae,30,38,55,50,22,20,24,35
Paraburkholderia xenovorans,29,40,44,50,14,26,56,33
Parachlamydia acanthamoebae,3,2,5,5,8,5,10,12
Paracoccus <a-proteobacteria>,NA,1,NA,1,NA,NA,NA,2
Paracoccus aminophilus,21,33,37,41,15,25,19,22
Paracoccus denitrificans,55,78,64,91,31,37,32,46
Parageobacillus thermoglucosidans,16,15,17,11,18,38,38,22
Paraglaciecola psychrophila,11,15,12,12,17,13,9,11
Paramecium bursaria Chlorella virus AR158,NA,NA,NA,NA,NA,1,NA,NA
Paramecium bursaria Chlorella virus NY2A,NA,NA,NA,NA,NA,1,NA,NA
Parapoxvirus red deer/HL953,NA,NA,NA,NA,NA,NA,1,NA
Pararhodospirillum,NA,NA,1,1,NA,NA,NA,1
Pararhodospirillum photometricum,46,39,26,55,59,11,15,28
Parascardovia denticolens,31,32,35,50,34,24,11,22
Parsnip yellow fleck virus,NA,NA,NA,NA,NA,NA,1,NA
Parvibaculum lavamentivorans,7,14,21,25,8,14,18,15
Parvimonas micra,3,1,9,15,24,46,57,43
Parvularcula bermudensis,51,26,20,21,38,11,7,15
Parvularculaceae,NA,NA,NA,NA,NA,NA,NA,1
Pasteurella multocida,23,14,8,15,26,27,35,29
Paucibacter sp. KCTC 42545,43,52,58,61,27,21,27,34
Pectobacteriaceae,2,1,1,NA,1,NA,NA,NA
Pectobacterium,NA,1,4,2,NA,2,1,NA
Pectobacterium atrosepticum,27,35,35,33,38,19,18,26
Pectobacterium bacteriophage PM2,NA,NA,NA,NA,NA,1,NA,NA
Pectobacterium carotovorum,66,66,53,69,59,48,34,53
Pectobacterium parmentieri,22,17,29,15,34,23,20,22
Pectobacterium phage phiTE,1,NA,NA,1,1,NA,NA,NA
Pectobacterium parmentieri,20,14,21,14,32,24,15,23
Pectobacterium wasabiae,46,30,22,30,35,24,19,13
Pediococcus acidilactici,7,4,12,15,6,11,11,15
Pediococcus claussenii,23,9,7,9,22,20,14,20
Pediococcus damnosus,3,NA,2,3,14,26,27,19
Pediococcus pentosaceus,17,21,9,7,35,31,25,20
Coetzeevirus cIP1,NA,NA,NA,NA,NA,NA,NA,1
Pedobacter cryoconitis,126,105,72,100,173,89,71,78
Pedobacter heparinus,124,84,56,87,111,65,58,63
Pedobacter sp. PACM 27299,160,110,54,90,146,62,56,71
Pedobacter steynii,96,52,31,59,114,60,53,55
Pelagibacterium,NA,NA,1,NA,NA,NA,NA,NA
Pelagibacterium halotolerans,65,86,65,93,33,20,25,61
Syntrophotalea carbinolica,64,57,40,55,68,29,39,36
Pelobacter propionicus,70,82,65,81,47,43,54,51
Pelodictyon luteolum,72,61,64,76,57,31,27,49
Pelodictyon phaeoclathratiforme,89,52,43,36,83,31,21,23
Pelosinus fermentans,30,21,13,20,44,91,64,68
Pelosinus sp. UFO1,17,15,14,14,32,53,59,51
Pelotomaculum thermopropionicum,31,47,37,88,32,52,31,49
Penaeus monodon nudivirus,NA,NA,NA,NA,NA,1,NA,NA
Penguinpox virus,NA,NA,NA,NA,NA,NA,NA,1
Peptoclostridium acidaminophilum,46,55,36,50,64,65,76,58
Peptoniphilus sp. 1-1,20,18,10,22,39,47,52,32
Peridroma alphabaculovirus,1,NA,NA,NA,NA,NA,NA,NA
Periplaneta fuliginosa densovirus,NA,NA,NA,NA,NA,1,1,1
Persephonella marina,11,18,11,12,33,16,15,12
Persicivirga phage P12024L,NA,NA,NA,NA,NA,1,NA,NA
Persicobacter sp. JZB09,124,94,62,78,130,67,79,85
Peruvian horse sickness virus,NA,NA,NA,NA,NA,1,NA,1
Petrimonas,NA,1,NA,NA,NA,NA,NA,NA
Petrimonas mucosa,445,366,251,360,525,215,242,227
Petrotoga mobilis,26,11,11,10,25,14,18,10
Phaeobacter gallaeciensis,45,51,66,69,48,36,29,38
Phaeobacter inhibens,14,37,26,32,18,22,28,27
Phaeocystis globosa virus,NA,1,1,5,1,1,3,1
Phenylobacterium,4,3,1,2,4,NA,NA,2
Phenylobacterium zucineum,49,71,51,78,27,24,36,38
Phocine morbillivirus,NA,1,NA,NA,NA,NA,NA,NA
Photobacterium gaetbulicola,25,28,18,22,19,27,30,28
Photobacterium profundum,45,23,15,22,33,13,20,21
Photorhabdus asymbiotica,56,46,22,40,67,16,24,21
Photorhabdus luminescens,38,33,35,39,27,15,31,21
Photorhabdus temperata,36,26,14,28,53,22,18,17
Phthorimaea operculella granulovirus,NA,1,NA,NA,NA,NA,NA,NA
Phycisphaera,NA,NA,NA,1,NA,1,NA,NA
Phycisphaera mikurensis,31,53,30,55,24,19,27,41
Phycisphaeraceae,NA,1,NA,NA,NA,NA,NA,NA
Phycisphaerales,NA,1,NA,NA,NA,NA,NA,NA
Phyllobacteriaceae,5,1,3,2,3,NA,NA,1
Picrophilus oshimae,NA,2,NA,NA,3,3,6,3
Pigeonpox virus,NA,NA,NA,NA,NA,NA,NA,3
Pimelobacter simplex,26,40,63,45,17,28,33,34
Pirellula,NA,NA,NA,1,1,NA,NA,NA
Pirellula staleyi,9,19,17,16,12,12,12,10
Piscirickettsia salmonis,13,9,24,14,11,13,18,12
Pithovirus sibericum,NA,1,NA,NA,1,2,NA,NA
Planctomyces,NA,1,NA,NA,NA,NA,NA,NA
Planctomyces sp. SH-PL62,57,72,65,63,42,33,45,47
Planctomycetaceae,NA,NA,NA,NA,NA,NA,NA,1
Planctopirus limnophila,29,19,17,34,22,11,18,14
Planktomarina temperata,29,24,9,14,17,7,5,16
Planococcus antarcticus,3,5,8,5,11,17,29,20
Planococcus halocryophilus,4,4,8,8,8,22,20,17
Planococcus kocurii,17,16,11,8,26,17,19,15
Planococcus maritimus,5,6,17,8,9,26,26,19
Planococcus plakortidis,2,7,10,12,17,30,27,28
Planococcus rifietoensis,7,10,13,17,24,32,26,26
Planococcus sp. PAMC 21323,3,7,15,8,6,15,19,16
Plautia stali symbiont,57,36,36,35,48,29,19,28
Plesiomonas,NA,NA,NA,NA,NA,1,NA,NA
Plesiomonas shigelloides,31,34,10,14,26,16,20,18
Pleurocapsa,NA,NA,NA,NA,NA,NA,NA,1
Pleurocapsa minor,9,23,10,11,12,11,10,20
Pluralibacter gergoviae,85,86,68,91,42,41,36,69
Polaribacter sp. MED152,33,28,23,25,36,15,28,28
Polaribacter vadi,54,23,33,26,54,34,44,26
Polaromonas naphthalenivorans,58,59,77,63,36,35,42,48
Polaromonas sp. JS666,58,40,46,53,28,29,31,34
Polyangiaceae,NA,NA,NA,NA,NA,NA,NA,1
Polymorphum,1,1,2,NA,NA,NA,NA,1
Polymorphum gilvum,19,37,31,27,11,20,22,27
Polynucleobacter asymbioticus,6,7,9,18,5,13,12,14
Polynucleobacter duraquae,23,9,4,13,22,8,6,12
Polynucleobacter necessarius,19,6,8,4,12,8,8,5
Pontibacter akesuensis,150,144,88,108,190,69,66,68
Pontibacter korlensis,230,140,87,140,224,65,67,89
Porcine epidemic diarrhea virus,NA,NA,NA,NA,NA,NA,1,NA
Porphyrobacter,5,7,2,NA,NA,NA,NA,1
Porphyrobacter neustonensis,21,26,24,34,17,20,21,23
Porphyrobacter sp. LM 6,20,29,39,35,16,14,13,20
Porphyromonas asaccharolytica,316,201,140,221,343,153,200,175
Porphyromonas gingivalis,366,263,249,303,390,270,387,273
Pragia fontium,46,30,28,25,43,25,15,30
Prevotella,4,2,NA,3,4,2,NA,NA
Prevotella dentalis,5757,3428,1794,3318,5647,987,1052,1508
Prevotella denticola,5933,3149,1378,2933,6122,1045,1376,1601
Hoylesella enoeca,3341,1755,844,1708,3412,711,1526,1059
Prevotella fusca,9363,4875,2102,4755,9556,1416,1615,2188
Prevotella intermedia,3858,2102,976,1893,3884,752,1717,1155
Prevotella melaninogenica,10482,5529,2307,5170,10751,1677,2006,2446
Xylanibacter ruminicola,10011,5015,2172,4889,9867,1198,662,2065
Prevotella sp. oral taxon 299,1955,1050,448,889,1965,487,1103,785
Prevotellaceae,1,2,1,1,1,NA,NA,NA
Prochlorococcus marinus,62,52,50,65,62,72,57,60
Prochlorococcus phage MED4-213,NA,NA,NA,NA,NA,NA,1,NA
Prochlorococcus phage P-HM1,NA,1,NA,NA,NA,NA,NA,NA
Prochlorococcus phage P-HM2,NA,NA,NA,NA,NA,NA,NA,1
Prochlorococcus phage P-RSM4,NA,NA,NA,NA,1,1,NA,NA
Prochlorococcus phage P-SSM2,NA,NA,NA,NA,NA,NA,2,1
Prochlorococcus phage P-SSM3,3,3,1,3,7,1,NA,NA
Prochlorococcus phage P-SSM4,NA,NA,NA,NA,1,NA,NA,1
Prochlorococcus phage Syn1,NA,NA,NA,NA,NA,1,NA,NA
Prochlorococcus phage Syn33,NA,NA,NA,NA,NA,1,NA,NA
Prochlorococcus sp. MIT 0604,12,14,4,7,13,14,8,7
Prochlorococcus sp. MIT 0801,4,2,4,2,4,8,8,8
Promicromonosporaceae,NA,NA,NA,1,1,NA,NA,NA
Propionibacteriaceae,NA,1,NA,NA,NA,NA,NA,1
Propionibacteriales,NA,1,1,NA,NA,NA,NA,NA
Propionibacterium,1,2,1,2,1,NA,NA,NA
Cutibacterium acnes,41,36,29,39,39,16,16,22
Propionibacterium freudenreichii,52,52,60,71,24,23,22,32
Propionibacterium phage PFR1,NA,2,1,NA,NA,NA,NA,NA
Propionibacterium phage PFR2,NA,2,1,NA,NA,NA,NA,NA
Cutibacterium modestum,10,10,16,8,5,8,9,10
Prosthecochloris aestuarii,9,6,12,8,8,26,31,8
Prosthecochloris sp. CIB 2401,95,47,33,51,69,23,19,20
Proteus mirabilis,25,20,6,20,30,20,34,22
Proteus phage PM 85,NA,1,2,2,NA,NA,1,1
Proteus phage vB_PmiM_Pm5461,NA,NA,1,NA,NA,NA,1,NA
Proteus vulgaris,25,20,6,20,30,16,19,19
Protochlamydia naegleriophila,10,6,6,9,12,9,13,5
Providencia stuartii,27,16,17,16,20,23,30,27
Pseudanabaena sp. PCC 7367,11,12,18,18,18,10,3,9
Pseudarthrobacter,NA,1,1,1,1,NA,NA,NA
Pseudarthrobacter chlorophenolicus,43,53,60,56,19,33,28,37
Pseudarthrobacter phenanthrenivorans,33,46,39,51,23,19,27,32
Pseudarthrobacter sulfonivorans,34,53,51,62,23,32,21,27
Pseudoalteromonas,NA,2,1,NA,1,NA,NA,2
Pseudoalteromonas atlantica,17,10,10,9,15,25,16,17
Pseudoalteromonas haloplanktis,19,19,18,34,18,2,12,19
Pseudoalteromonas issachenkonii,16,21,11,21,29,14,25,22
Pseudoalteromonas luteoviolacea,3,1,8,3,6,16,23,12
Pseudoalteromonas phage H101,NA,NA,NA,NA,NA,NA,1,NA
Pseudoalteromonas phenolica,16,16,16,25,14,12,10,15
Pseudoalteromonas rubra,20,25,26,25,23,17,18,13
Pseudoalteromonas sp. Bsw20308,25,25,18,36,20,16,18,18
Pseudoalteromonas sp. OCN003,45,29,22,37,43,19,17,20
Pseudoalteromonas sp. SM9913,8,13,8,19,16,9,25,15
Pseudoalteromonas translucida,12,16,16,32,16,6,14,16
Pseudocowpox virus,1,NA,1,1,NA,NA,NA,NA
Pseudogulbenkiania,NA,1,1,1,1,NA,1,1
Pseudogulbenkiania sp. NH8B,91,72,65,66,63,24,48,55
Pseudohongiella spirulinae,19,22,22,33,22,15,16,14
Pseudomonadaceae,4,6,2,5,6,2,2,2
Pseudomonadales,1,NA,NA,NA,NA,NA,NA,NA
Pseudomonas,20,27,25,30,25,9,11,22
Pseudomonas aeruginosa,199,200,200,204,174,105,177,150
Aquipseudomonas alcaligenes,72,77,69,104,60,37,31,57
Pseudomonas alkylphenolia,55,42,34,59,32,32,25,41
Pseudomonas antarctica,77,59,58,72,71,20,19,42
Pseudomonas azotoformans,50,56,40,53,60,28,35,43
Stutzerimonas balearica,21,35,44,41,14,21,33,27
Pseudomonas brassicacearum,91,108,90,102,100,59,55,70
Pseudomonas cerasi,85,61,45,62,67,26,22,41
Pseudomonas chlororaphis,202,208,204,230,161,98,91,138
Pseudomonas cichorii,42,25,32,37,39,21,21,27
Pseudomonas citronellolis,154,151,131,186,99,78,59,101
Pseudomonas corrugata,55,52,49,64,57,23,21,44
Pseudomonas cremoricolorata,56,67,48,64,33,25,23,29
Pseudomonas denitrificans,50,37,68,57,42,24,37,44
Pseudomonas entomophila,60,62,40,71,44,26,26,34
Pseudomonas fluorescens,443,431,451,477,380,300,189,322
Pseudomonas fragi,29,30,23,35,26,17,13,22
Pseudomonas fulva,70,93,81,89,56,31,28,41
Pseudomonas knackmussii,53,55,74,73,43,38,36,49
Pseudomonas koreensis,57,61,65,64,54,43,35,44
Pseudomonas mandelii,60,58,56,60,55,29,15,43
Ectopseudomonas mendocina,133,167,121,146,106,71,46,81
Pseudomonas monteilii,91,111,85,83,79,53,36,67
Pseudomonas mosselii,66,93,62,89,50,36,30,43
Pseudomonas oryzihabitans,47,71,52,78,37,27,24,28
Pseudomonas parafulva,68,74,59,96,44,34,19,31
Pseudomonas phage 73,1,1,2,1,NA,NA,NA,NA
Pseudomonas phage DL62,1,5,2,1,2,NA,NA,1
Pseudomonas phage DMS3,NA,1,NA,NA,1,NA,1,NA
Pseudomonas phage JBD30,NA,NA,NA,NA,NA,NA,1,NA
Pseudomonas phage JBD5,NA,1,NA,NA,NA,NA,NA,2
Pseudomonas phage JBD93,NA,NA,NA,NA,NA,NA,1,NA
Pseudomonas phage JD024,NA,NA,NA,NA,NA,NA,1,NA
Pseudomonas phage JG004,NA,NA,NA,NA,NA,NA,1,NA
Pseudomonas phage K5,NA,NA,NA,NA,NA,NA,1,NA
Pseudomonas phage K8,NA,NA,NA,NA,NA,NA,1,NA
Pseudomonas phage KPP21,NA,NA,NA,NA,NA,NA,1,NA
Pseudomonas phage KPP25,NA,NA,NA,NA,NA,1,NA,NA
Pseudomonas phage Lu11,NA,NA,NA,NA,NA,1,1,NA
Pseudomonas phage LUZ19,1,5,2,1,2,NA,NA,2
Pseudomonas phage LUZ7,NA,NA,NA,NA,NA,NA,1,NA
Pseudomonas phage M6,NA,NA,NA,NA,1,NA,NA,NA
Pseudomonas phage MP29,NA,1,NA,NA,NA,NA,NA,2
Pseudomonas phage MP38,NA,NA,NA,NA,NA,NA,1,NA
Pseudomonas phage MP42,NA,NA,NA,NA,NA,NA,1,NA
Pseudomonas phage MPK6,1,5,2,1,2,NA,NA,1
Pseudomonas phage MPK7,1,5,2,1,2,NA,NA,1
Pseudomonas phage PA1phi,NA,1,NA,NA,NA,NA,NA,2
Pseudomonas phage Pa2,NA,1,NA,NA,NA,NA,NA,NA
Pseudomonas phage PaBG,NA,2,2,NA,NA,NA,NA,NA
Pseudomonas phage PAE1,NA,NA,NA,NA,1,NA,NA,NA
Pseudomonas phage PAJU2,NA,NA,NA,NA,NA,NA,1,NA
Pseudomonas phage PAK_P3,NA,NA,1,NA,NA,1,NA,NA
Pseudomonas phage PaoP5,NA,NA,NA,NA,NA,NA,1,NA
Pseudomonas phage PaP1,NA,NA,NA,NA,NA,NA,1,NA
Pseudomonas phage phi3,1,NA,NA,NA,1,NA,NA,NA
Pseudomonas phage phikF77,1,5,2,1,2,NA,NA,1
Pseudomonas phage phiKMV,1,5,2,1,2,NA,NA,1
Pseudomonas phage phiKZ,3,2,2,5,NA,NA,1,NA
Pseudomonas phage PhiPA3,NA,NA,NA,NA,1,NA,NA,NA
Pseudomonas phage phiPsa374,NA,NA,NA,NA,NA,1,NA,1
Pseudomonas phage PPpW-3,NA,NA,NA,NA,NA,NA,1,NA
Pseudomonas phage PT2,1,5,2,1,2,NA,NA,1
Pseudomonas phage tf,1,NA,NA,NA,NA,NA,NA,NA
Pseudomonas phage vB_Pae-Kakheti25,1,1,2,1,NA,NA,1,NA
Pseudomonas phage vB_Pae-TbilisiM32,1,5,2,1,2,NA,NA,1
Pseudomonas phage vB_PaeP_PPA-ABTNL,1,5,2,1,2,NA,NA,2
Pseudomonas phage vB_PaeS_PM105,NA,1,NA,NA,1,NA,NA,NA
Pseudomonas phage YuA,NA,NA,NA,NA,1,NA,NA,NA
Pseudomonas plecoglossicida,52,60,52,50,54,32,26,29
Pseudomonas poae,61,52,42,52,51,26,23,35
Pseudomonas protegens,83,101,39,80,81,30,28,47
Ectopseudomonas oleovorans,36,51,39,47,31,24,26,22
Pseudomonas putida,336,401,373,442,240,212,192,266
Metapseudomonas resinovorans,85,86,63,113,59,28,31,57
Pseudomonas rhizosphaerae,38,40,34,42,38,25,21,31
Pseudomonas savastanoi,65,57,42,79,45,28,19,45
Pseudomonas sp. A3(2016),43,53,49,43,49,24,21,39
Pseudomonas sp. CCOS 191,46,69,50,62,33,21,26,29
Pseudomonas sp. DR 5-09,35,53,59,48,28,19,24,28
Pseudomonas sp. FGI182,60,78,59,60,33,38,25,32
Pseudomonas sp. GR 6-02,60,61,58,63,68,26,28,40
Pseudomonas sp. JY-Q,71,61,37,62,42,30,17,29
Pseudomonas sp. L10.10,21,33,36,32,18,16,12,24
Pseudomonas sp. MRSN12121,43,45,34,40,37,29,27,39
Pseudomonas sp. MS586,84,65,49,53,63,29,24,31
Pseudomonas sp. Os17,61,84,68,101,64,32,23,47
Pseudomonas sp. St29,64,79,72,108,64,37,22,52
Pseudomonas sp. StFLB209,55,36,44,53,35,31,20,34
Pseudomonas sp. TCU-HL1,56,65,64,67,40,35,42,40
Pseudomonas sp. TKP,44,49,50,50,39,23,15,41
Pseudomonas sp. URMO17WK12:I11,103,101,85,122,83,51,46,72
Pseudomonas sp. UW4,35,43,31,37,49,18,22,28
Pseudomonas sp. VLB120,70,67,47,74,53,29,22,41
Stutzerimonas stutzeri,250,271,267,294,189,145,157,193
Pseudomonas syringae,211,210,160,201,182,95,81,126
Pseudomonas syringae group genomosp. 3,33,45,33,43,31,26,15,23
Pseudomonas trivialis,42,35,38,42,55,18,21,23
Pseudonocardia,12,7,1,5,9,4,2,NA
Pseudonocardia dioxanivorans,36,50,62,49,17,25,43,33
Pseudonocardia sp. AL041005-10,67,57,69,54,36,34,24,35
Pseudonocardia sp. EC080610-09,38,57,54,33,18,27,26,38
Pseudonocardia sp. EC080619-01,35,56,52,33,17,27,28,36
Pseudonocardia sp. EC080625-04,29,48,48,26,9,24,26,32
Pseudonocardia sp. HH130629-09,28,44,48,38,25,28,28,31
Pseudonocardia sp. HH130630-07,32,63,51,32,30,32,21,24
Pseudonocardiaceae,5,2,NA,2,3,NA,2,3
Pseudopedobacter saltans,99,69,52,66,110,75,62,54
Pseudoplusia includens SNPV IE,NA,NA,NA,NA,NA,NA,NA,1
Arachnia propionica,28,46,34,44,17,16,15,31
Pseudothermotoga elfii,5,11,7,8,8,17,13,7
Pseudothermotoga hypogea,3,3,4,8,4,4,7,5
Pseudothermotoga lettingae,5,12,7,8,8,17,13,9
Pseudothermotoga thermarum,1,NA,1,NA,4,14,9,10
Pseudoxanthomonas,3,NA,2,2,NA,NA,1,1
Pseudoxanthomonas spadix,45,63,49,78,28,23,20,38
Pseudoxanthomonas suwonensis,116,114,78,122,91,71,53,54
Psittacid alphaherpesvirus 1,NA,NA,1,NA,NA,NA,NA,NA
Psychrobacter alimentarius,18,9,6,11,19,17,14,9
Psychrobacter arcticus,21,14,13,18,28,17,10,21
Psychrobacter cryohalolentis,20,18,7,13,39,18,11,15
Psychrobacter sp. AntiMn-1,16,6,6,18,20,17,12,10
Psychrobacter sp. G,16,16,6,17,31,13,7,13
Psychrobacter sp. P11G5,3,9,12,13,5,10,13,7
Psychrobacter sp. P2G3,2,4,7,9,4,10,11,6
Psychrobacter sp. PRwf-1,20,15,14,9,25,4,12,13
Psychrobacter urativorans,5,5,4,5,4,6,7,7
Psychroflexus torquis,24,21,16,16,31,13,33,35
Psychromonas ingrahamii,12,14,6,20,10,26,28,26
Psychromonas sp. CNPT3,11,19,15,21,11,12,12,17
Puniceicoccaceae,NA,NA,NA,1,NA,NA,NA,NA
Punta Toro virus,1,NA,NA,NA,NA,NA,NA,NA
Pusillimonas sp. T7-7,33,36,33,43,16,19,27,24
Pyrobaculum islandicum,NA,NA,NA,NA,NA,2,2,1
Pyrococcus abyssi,NA,3,NA,NA,1,2,1,NA
Pyrococcus furiosus,9,7,5,8,11,5,1,7
Pyrococcus horikoshii,2,2,1,1,5,3,9,4
Pyrococcus sp. NA2,NA,3,NA,NA,1,2,3,NA
Pyrococcus sp. NCB100,NA,3,3,NA,1,NA,3,NA
Pyrococcus sp. ST04,NA,NA,NA,NA,NA,2,3,3
Pyrococcus yayanosii,2,5,3,1,10,6,3,2
Pyrodictium delaneyi,5,3,6,8,1,2,2,4
Pyrolobus fumarii,2,1,NA,1,1,2,1,2
Rabbit coronavirus HKU14,4,2,NA,5,NA,2,NA,1
Rahnella,NA,NA,NA,1,NA,NA,NA,NA
Rahnella aquatilis,19,21,38,30,26,34,29,33
Rahnella sp. Y9602,18,19,36,25,22,33,27,31
Ralstonia,3,4,4,2,4,3,2,3
Ralstonia insidiosa,67,70,74,74,46,41,87,65
Ralstonia mannitolilytica,63,76,72,55,46,44,57,60
Ralstonia phage RS138,NA,4,3,NA,NA,NA,NA,NA
Ralstonia phage RS603,NA,NA,NA,1,NA,NA,NA,NA
Ralstonia phage RSB2,NA,NA,NA,NA,NA,NA,1,NA
Ralstonia phage RSL1,NA,NA,NA,NA,NA,NA,1,NA
Ralstonia phage RSM1,NA,NA,NA,1,NA,NA,NA,NA
Ralstonia phage RSP15,NA,NA,NA,NA,1,NA,NA,NA
Ralstonia pickettii,115,140,145,143,89,77,159,110
Ralstonia solanacearum,138,154,154,195,102,86,131,99
Ramlibacter,4,4,2,3,4,NA,1,2
Ramlibacter tataouinensis,113,176,168,177,82,63,74,89
Raoultella ornithinolytica,92,98,89,100,101,88,102,85
Rathayibacter toxicus,7,30,20,23,17,6,4,21
Rathayibacter tritici,39,23,24,29,22,15,16,14
Renibacterium salmoninarum,5,9,6,14,8,17,3,16
Rhizobiaceae,4,NA,2,NA,2,NA,NA,NA
Hyphomicrobiales,1,2,NA,1,1,1,1,NA
Rhizobium,3,11,5,8,4,5,4,6
Rhizobium etli,128,139,155,158,116,97,82,116
Rhizobium gallicum,58,28,40,44,52,38,32,31
Rhizobium leguminosarum,184,215,164,213,172,109,90,138
Rhizobium phage RR1-A,NA,NA,NA,NA,NA,1,NA,1
Rhizobium phage vB_RleM_P10VF,NA,NA,NA,NA,NA,1,1,NA
Rhizobium phage vB_RleM_PPF1,NA,NA,NA,NA,NA,NA,NA,2
Rhizobium phaseoli,66,74,77,86,54,55,37,62
Rhizobium sp. IRBG74,82,102,87,117,63,31,40,67
Rhizobium sp. N113,49,54,57,77,46,26,24,45
Rhizobium sp. N1314,46,53,61,74,47,29,26,45
Rhizobium sp. N1341,49,54,57,77,46,26,24,45
Rhizobium sp. N324,22,36,36,35,23,30,28,34
Rhizobium sp. N621,49,54,57,77,46,26,24,46
Rhizobium sp. N6212,49,54,57,77,46,26,24,46
Rhizobium sp. N731,46,53,61,74,47,29,26,45
Rhizobium sp. N741,49,54,57,77,46,26,24,46
Rhizobium sp. N871,49,54,57,77,46,26,24,46
Rhizobium sp. NT-26,29,40,38,52,15,26,21,22
Rhizobium sp. S41,71,91,93,105,44,27,38,65
Rhizobium tropici,29,48,42,43,24,26,23,28
Rhizoctonia fumigata mycovirus,1,NA,NA,NA,NA,NA,NA,NA
Rhodanobacter denitrificans,54,66,64,95,58,36,26,47
Rhodanobacteraceae,2,NA,1,1,3,1,3,1
Rhodobacter,NA,1,3,1,NA,1,NA,NA
Rhodobacter capsulatus,34,32,39,32,26,22,29,39
Rhodobacter phage RC1,NA,NA,NA,NA,NA,1,NA,NA
Rhodobacter sp. LPB0142,30,50,57,60,27,22,24,14
Cereibacter sphaeroides,115,107,82,122,87,53,56,73
Paracoccaceae,4,3,4,4,3,1,NA,2
Rhodobacterales,NA,1,NA,NA,NA,NA,NA,NA
Rhodococcus <high G+C Gram-positive bacteria>,2,4,2,7,3,2,4,1
Rhodococcus aetherivorans,38,55,66,51,28,32,31,38
Prescottella equi,29,52,58,51,19,27,22,30
Rhodococcus erythropolis,26,40,41,40,24,26,20,34
Rhodococcoides fascians,39,31,25,33,22,19,21,20
Rhodococcus jostii,25,45,44,34,12,19,16,30
Rhodococcus opacus,44,74,99,66,29,37,59,51
Rhodococcus phage E3,NA,1,NA,NA,NA,NA,NA,NA
Rhodococcus phage REQ3,NA,1,3,NA,NA,NA,NA,NA
Rhodococcus phage RGL3,NA,1,1,NA,NA,NA,NA,NA
Rhodococcus pyridinivorans,27,45,39,30,16,13,18,35
Rhodococcus sp. 008,19,29,38,27,19,22,15,18
Rhodococcus sp. B7740,27,33,33,38,26,15,13,25
Rhodococcus sp. p52,29,42,38,38,13,17,18,33
Rhodococcus sp. PBTS 1,25,41,41,39,12,15,17,23
Rhodococcoides fascians,49,44,45,40,18,21,29,25
Rhodococcus sp. WB1,30,48,47,47,20,28,23,38
Rhodococcus sp. WMMA185,15,16,16,4,11,8,7,10
Rhodocyclaceae,4,2,1,1,2,NA,1,2
Rhodocyclales,1,2,NA,NA,NA,NA,NA,NA
Rhodoferax,NA,1,NA,NA,NA,NA,NA,NA
Rhodoferax ferrireducens,47,48,42,42,30,23,31,32
Rhodoluna,1,1,1,1,2,NA,NA,1
Rhodoluna lacicola,47,11,13,19,28,10,4,4
Rhodomicrobium,1,NA,NA,NA,NA,NA,NA,NA
Rhodomicrobium vannielii,31,30,38,30,21,17,9,21
Rhodopirellula baltica,18,13,13,28,24,23,13,14
Rhodoplanes,NA,NA,2,1,NA,NA,NA,1
Rhodoplanes sp. Z2-YC6860,50,53,43,44,33,28,21,31
Rhodopseudomonas,3,1,1,NA,NA,NA,1,2
Rhodopseudomonas palustris,138,162,227,198,87,99,108,125
Rhodospirillaceae,1,3,2,3,4,1,1,2
Rhodospirillales,NA,1,NA,NA,NA,NA,NA,NA
Rhodospirillum,5,3,2,3,4,NA,NA,2
Rhodospirillum centenum,56,84,97,105,31,32,31,47
Rhodospirillum rubrum,30,51,40,47,20,14,27,32
Rhodothermaceae,NA,NA,NA,NA,NA,NA,NA,1
Rhodothermus,NA,1,NA,NA,NA,NA,NA,1
Rhodothermus marinus,105,129,111,116,46,46,54,62
Rhodothermus phage RM378,NA,NA,NA,NA,1,NA,NA,NA
Rhodovulum,NA,NA,1,1,NA,NA,NA,NA
Rhodovulum sulfidophilum,66,93,80,72,31,23,37,50
Rice black streaked dwarf virus,NA,NA,NA,NA,NA,1,NA,NA
Rickettsia,NA,NA,NA,1,NA,NA,NA,NA
Rickettsia africae,4,5,5,5,4,5,7,7
Rickettsia akari,6,5,3,NA,6,7,6,10
Rickettsia amblyommatis,2,2,2,1,1,5,8,5
Rickettsia australis,2,1,4,4,4,8,5,9
Rickettsia bellii,3,4,3,10,6,7,8,13
Rickettsia canadensis,2,4,NA,5,6,7,6,13
Rickettsia conorii,3,3,7,4,2,6,6,6
Rickettsia felis,5,5,8,6,4,10,4,12
Rickettsia conorii subsp. heilongjiangensis,7,6,7,8,2,10,4,6
Rickettsia japonica,6,6,7,8,1,10,5,7
Rickettsia massiliae,3,2,2,1,1,4,5,8
Rickettsia monacensis,3,3,7,3,4,12,12,7
Rickettsia montanensis,5,5,6,5,3,4,5,9
Rickettsia parkeri,3,5,5,5,2,5,3,5
Rickettsia philipii,3,5,5,4,2,5,4,5
Rickettsia prowazekii,NA,NA,1,NA,3,6,6,2
Rickettsia rhipicephali,3,1,2,1,2,7,6,8
Rickettsia rickettsii,5,5,5,4,2,4,4,6
Rickettsia slovaca,3,5,6,5,2,4,7,6
Rickettsia typhi,6,4,8,8,1,6,9,4
Rickettsiales bacterium Ac37b,17,11,18,14,10,13,14,15
Riemerella anatipestifer,73,36,37,43,74,48,56,47
Riemerella phage RAP44,1,NA,NA,NA,NA,NA,1,NA
Rivularia sp. PCC 7116,38,32,20,35,55,20,21,29
Robiginitalea biformata,107,89,58,83,124,37,38,58
Roseateles,7,4,3,3,5,NA,1,2
Roseateles depolymerans,76,95,79,98,53,26,32,40
Roseburia,NA,NA,NA,NA,NA,1,NA,NA
Roseburia hominis,2826,4151,3305,5083,7637,17821,18274,17292
Roseicyclus elongatus,24,39,41,24,7,14,17,13
Roseiflexus castenholzii,23,37,48,38,25,16,21,23
Roseiflexus sp. RS-1,33,38,25,44,32,27,14,28
Roseobacter,NA,NA,2,2,NA,1,1,NA
Roseobacter denitrificans,7,8,6,13,10,22,14,18
Roseobacter litoralis,30,27,30,32,25,19,6,22
Roseobacter phage RDJL Phi 1,NA,NA,NA,2,NA,NA,NA,NA
Rotavirus D chicken/05V0049/DEU/2005,NA,NA,NA,NA,NA,1,NA,NA
Rothia <eudicots>,1,1,NA,1,2,NA,NA,1
Rothia dentocariosa,17,28,21,27,17,9,9,25
Rothia mucilaginosa,35,40,45,60,42,27,16,28
Rubinisphaera brasiliensis,12,18,16,18,12,12,13,24
Rubrivivax,1,NA,NA,NA,NA,NA,NA,1
Rubrivivax gelatinosus,98,83,90,109,90,38,42,57
Rubrobacter,NA,1,NA,NA,NA,NA,NA,1
Rubrobacter radiotolerans,12,15,22,14,5,15,6,8
Rubrobacter xylanophilus,37,55,49,59,8,16,22,38
Rubrobacteraceae,NA,2,NA,NA,NA,NA,NA,1
Rubrobacterales,NA,1,NA,NA,NA,NA,NA,NA
Ruegeria,5,4,3,2,3,1,1,2
Tritonibacter mobilis,27,29,34,37,22,20,25,33
Ruegeria pomeroyi,29,64,66,61,26,31,33,45
Ruegeria sp. TM1040,21,23,27,24,21,18,17,15
Rufibacter sp. DG15C,140,98,68,127,137,46,55,63
Rufibacter sp. DG31D,101,64,44,67,80,50,43,57
Rufibacter tibetensis,220,99,67,119,184,70,43,55
Ruminiclostridium,1,1,NA,NA,NA,NA,NA,1
Ruminiclostridium sp. KB18,901,1262,1002,1608,458,575,345,802
Acetivibrio thermocellus,56,62,58,69,60,84,95,90
Oscillospiraceae,NA,NA,NA,1,1,NA,NA,NA
Ruminococcus,1,NA,NA,NA,NA,NA,NA,NA
Ruminococcus albus,468,579,553,761,316,277,199,369
Ruminococcus bicirculans (ex Liu et al. 2021) <Ruminococcus bicirculans (ex Liu et al. 2021)>,514,760,733,998,417,650,564,712
Rummeliibacillus stabekisii,35,39,32,40,35,62,38,20
Runella slithyformis,71,66,79,85,64,47,43,51
Saccharomonospora,1,NA,NA,NA,1,NA,NA,NA
Saccharomonospora viridis,9,26,22,17,11,8,20,12
Saccharophagus degradans,26,27,19,28,13,12,12,17
Saccharopolyspora,NA,NA,1,1,NA,NA,NA,NA
Saccharopolyspora erythraea,42,49,59,58,33,33,48,47
Saccharothrix,NA,NA,NA,NA,NA,1,NA,NA
Saccharothrix espanaensis,43,66,66,74,28,24,35,41
Saffold virus,NA,NA,NA,NA,NA,1,NA,NA
Saimiriine herpesvirus 1,NA,NA,NA,2,NA,NA,NA,2
Salicola phage CGphi29,NA,NA,NA,NA,NA,NA,1,NA
Salimicrobium,NA,1,NA,NA,NA,NA,NA,NA
Salimicrobium jeotgali,12,8,10,18,25,34,32,20
Salinarchaeum sp. Harcht-Bsk1,11,8,17,18,10,11,9,12
Salinibacter ruber,31,30,44,45,20,23,10,25
Salinicoccus halodurans,22,17,20,24,28,27,27,18
Salinispira pacifica,35,41,42,37,20,33,22,36
Salinispora,1,NA,NA,NA,1,NA,NA,NA
Salinispora arenicola,16,33,29,38,14,19,19,22
Salinispora tropica,19,17,25,25,12,10,13,21
Salinivibrio phage CW02,NA,NA,NA,NA,NA,1,NA,NA
Salisaeta icosahedral phage 1,1,NA,NA,1,NA,NA,NA,NA
Salmon gill poxvirus,NA,NA,NA,NA,NA,NA,1,NA
Salmonella bongori,15,28,23,30,14,19,15,28
Salmonella enterica,64,99,98,125,118,227,346,277
Salmonella phage 118970_sal4,NA,NA,NA,NA,NA,NA,1,NA
Salmonella phage f18SE,NA,NA,NA,NA,NA,NA,NA,1
Salmonella phage FSL SP-058,NA,NA,NA,4,1,1,1,1
Salmonella phage FSL SP-076,NA,NA,NA,4,1,1,1,1
Salmonella phage FSLSP088,8,5,3,2,8,NA,NA,NA
Salmonella phage PVP-SE1,NA,NA,1,1,2,1,NA,2
Salmonella phage SJ46,NA,NA,NA,NA,NA,NA,4,3
Salmonella phage SKML-39,NA,NA,NA,NA,NA,1,NA,NA
Salmonella phage SPN1S,NA,NA,NA,NA,NA,1,NA,NA
Salmonella phage SPN9CC,NA,NA,NA,NA,NA,NA,1,NA
Salmonella phage SSE121,1,NA,NA,1,NA,NA,NA,NA
Salmonella phage SSU5,NA,NA,NA,NA,1,NA,NA,1
Salmonella phage ST64B,NA,NA,1,2,NA,NA,NA,NA
Salmonella phage vB_SalM_PM10,NA,NA,NA,NA,NA,1,NA,NA
Salmonella phage vB_SemP_Emek,NA,NA,NA,NA,NA,NA,1,NA
Salmonella phage Vi II-E1,NA,NA,1,NA,NA,NA,NA,NA
Lederbergvirus P22,NA,NA,NA,NA,NA,NA,1,NA
Sandaracinus,1,NA,NA,NA,NA,NA,NA,NA
Sandaracinus amylolyticus,43,59,48,48,39,29,41,43
Sanguibacter,15,6,NA,5,11,1,1,NA
Sanguibacter keddieii,37,41,58,45,21,26,26,25
Sanxia water strider virus 6,NA,NA,NA,NA,NA,NA,1,NA
Saprospira grandis,26,23,20,25,38,25,19,21
Scardovia inopinata,13,28,25,40,12,26,17,23
Sebaldella termitidis,42,38,28,72,45,64,50,57
secondary endosymbiont of Ctenarytaina eucalypti,1,3,3,NA,2,11,6,4
secondary endosymbiont of Heteropsylla cubana,7,6,4,5,5,6,5,2
Sedimenticola,NA,NA,NA,NA,NA,1,NA,NA
Sedimenticola thiotaurini,35,45,48,47,23,28,16,19
Sediminicola sp. YIK13,49,30,16,34,37,27,26,35
Sediminispirochaeta smaragdinae,35,32,28,28,32,38,27,26
Segniliparus,NA,NA,NA,NA,NA,NA,NA,1
Segniliparus rotundus,9,16,15,11,8,4,10,9
Selenomonas,3,NA,NA,2,1,NA,NA,NA
Selenomonas ruminantium,156,174,124,190,134,175,135,189
Selenomonas sp. oral taxon 136,82,82,100,128,52,78,66,72
Selenomonas sp. oral taxon 478,72,91,77,134,59,78,53,77
Selenomonas sp. oral taxon 920,56,61,67,95,46,61,46,59
Selenomonas sputigena,64,101,98,137,64,78,59,78
Serinicoccus,NA,1,NA,1,NA,NA,NA,NA
Serinicoccus sp. JLT9,31,47,48,39,21,9,28,34
Serratia <beetles>,1,4,7,6,4,3,4,2
Serratia fonticola,63,59,38,43,69,34,37,42
Serratia liquefaciens,40,25,35,41,34,27,24,31
Serratia marcescens,210,223,237,237,144,162,147,167
Serratia plymuthica,85,62,66,68,56,68,90,72
Serratia proteamaculans,37,28,40,30,40,28,22,19
Serratia rubidaea,47,45,60,55,40,35,37,40
Serratia sp. AS12,36,27,27,26,21,30,36,20
Serratia sp. AS13,36,27,27,26,21,30,36,20
Serratia sp. FS14,67,70,58,80,44,40,28,45
Serratia sp. SCBI,45,51,59,46,38,41,34,43
Serratia sp. YD25,48,47,35,35,32,26,31,34
Shamonda virus,NA,NA,NA,NA,2,NA,NA,NA
Sheeppox virus,NA,NA,NA,NA,NA,1,NA,NA
Shewanella,NA,NA,1,3,1,1,1,1
Shewanella amazonensis,55,40,27,44,75,35,34,28
Shewanella baltica,42,48,28,43,49,34,33,39
Shewanella denitrificans,8,12,12,15,19,5,9,7
Shewanella frigidimarina,10,16,9,15,29,12,13,14
Shewanella halifaxensis,33,23,27,23,27,15,11,17
Shewanella loihica,78,45,29,42,54,23,26,34
Shewanella oneidensis,14,16,8,14,27,17,8,13
Shewanella pealeana,66,33,24,35,57,12,13,24
Shewanella piezotolerans,29,10,11,11,23,18,14,13
Shewanella putrefaciens,15,21,10,18,29,11,13,14
Shewanella sediminis,28,31,17,24,50,19,19,25
Shewanella sp. ANA-3,17,16,28,22,17,22,21,15
Shewanella sp. MR-4,23,19,13,29,33,19,15,14
Shewanella sp. MR-7,23,14,12,13,35,20,13,13
Shewanella sp. phage 1/4,NA,NA,NA,1,NA,NA,NA,NA
Shewanella sp. phage 1/40,NA,NA,NA,1,NA,NA,NA,NA
Shewanella sp. W3-18-1,24,22,10,17,21,11,11,15
Shewanella violacea,22,20,17,23,30,9,19,13
Shewanella woodyi,16,11,10,14,28,13,13,16
Shigella,1,3,1,1,2,1,1,2
Shigella boydii,42,34,34,50,516,1123,525,705
Shigella dysenteriae,47,37,40,59,706,1670,747,1057
Shigella flexneri,35,27,36,46,463,1132,509,721
Shigella phage 75/02 Stx,NA,NA,NA,NA,NA,6,1,3
Shigella phage Ag3,NA,NA,NA,NA,NA,NA,1,NA
Shigella phage EP23,1,1,1,1,2,NA,1,NA
Shigella phage POCJ13,NA,NA,NA,NA,NA,4,1,NA
Shigella phage pSs-1,NA,NA,NA,NA,NA,NA,NA,1
Shigella phage Sf6,NA,NA,NA,NA,NA,NA,NA,1
Shigella phage SHBML-50-1,NA,NA,NA,NA,NA,NA,NA,1
Shigella phage Shf125875,NA,NA,NA,NA,2,NA,2,NA
Shigella phage SHFML-11,NA,NA,NA,NA,NA,NA,1,1
Shigella phage SHFML-26,NA,NA,NA,NA,NA,NA,2,1
Shigella phage Ss-VASD,NA,NA,NA,NA,2,4,NA,NA
Shigella sonnei,37,27,25,44,510,1191,597,775
Shigella sp. PAMC 28760,42,31,29,58,648,1545,714,949
Shimwellia blattae,39,74,53,75,32,35,30,49
Shinella sp. HZN7,63,86,96,66,29,43,41,62
Short-finned eel ranavirus,NA,NA,NA,NA,NA,NA,1,NA
Siansivirga zeaxanthinifaciens,20,12,9,9,27,22,31,26
Sideroxydans,NA,1,NA,1,NA,NA,NA,2
Sideroxydans lithotrophicus,45,48,38,58,29,28,25,26
Simiduia,NA,1,NA,NA,NA,NA,NA,2
Simiduia agarivorans,27,18,22,24,35,16,11,12
Simkania negevensis,9,10,5,7,12,8,6,6
Singapore grouper iridovirus,NA,NA,NA,NA,NA,2,1,NA
Singulisphaera acidiphila,34,23,18,37,26,22,22,28
Sinomonas atrocyanea,30,36,50,31,13,13,17,20
Sinorhizobium,NA,1,NA,2,NA,1,NA,1
Sinorhizobium fredii,51,79,71,82,39,23,32,60
Sinorhizobium medicae,54,66,63,90,23,26,45,53
Sinorhizobium meliloti,64,97,79,102,40,38,61,62
Sinorhizobium phage PBC5,NA,NA,NA,NA,NA,1,NA,NA
Sinorhizobium phage phiLM21,1,NA,1,NA,NA,NA,NA,NA
Sinorhizobium sp. RAC02,51,67,45,55,53,24,31,50
Skunkpox virus,NA,NA,NA,NA,NA,1,NA,NA
Slackia,1,1,1,1,NA,NA,NA,NA
Slackia heliotrinireducens,323,459,578,412,171,197,274,260
Sneathia vaginalis,8,10,4,11,14,9,24,22
Snodgrassella alvi,34,18,18,27,32,22,27,17
Sodalis glossinidius,16,19,26,19,25,22,11,23
Sodalis phage SO1,NA,NA,NA,NA,1,NA,NA,NA
Sodalis praecaptivus,34,29,35,38,26,34,18,22
Solibacillus silvestris,43,27,30,40,64,54,59,49
Solirubrobacterales,NA,1,NA,NA,NA,NA,NA,NA
Solitalea canadensis,153,92,51,100,158,57,50,54
Sorangium,4,1,NA,2,2,NA,1,NA
Sorangium cellulosum,62,101,126,81,69,46,64,62
Sparus aurata papillomavirus 1,3,1,1,NA,4,NA,NA,NA
Sphaerobacter,NA,NA,NA,NA,NA,NA,NA,1
Sphaerobacter thermophilus,51,37,46,37,50,23,19,34
Sphaerobacteraceae,NA,1,NA,NA,NA,NA,NA,NA
Sphaerochaeta,NA,NA,NA,NA,NA,NA,NA,1
Parasphaerochaeta coccoides,44,41,31,40,34,14,26,32
Sphaerochaeta globosa,38,39,32,35,42,28,24,37
Sphaerochaeta pleomorpha,26,12,6,17,37,33,30,23
Sphingobacterium sp. 21,121,68,58,70,133,56,49,56
Sphingobacterium sp. ML3W,111,70,31,62,140,54,54,49
Sphingobium,1,3,NA,NA,NA,1,NA,NA
Sphingobium baderi,40,33,24,54,33,14,22,34
Sphingobium chlorophenolicum,60,66,44,54,57,23,17,24
Sphingobium indicum,17,31,32,36,19,18,18,19
Sphingobium sp. EP60837,22,28,27,27,4,14,15,10
Sphingobium sp. MI1205,13,30,36,21,22,14,16,16
Sphingobium sp. RAC03,42,42,27,43,25,19,14,28
Sphingobium sp. SYK-6,20,43,46,51,12,18,19,23
Sphingobium sp. TKS,32,43,40,38,16,11,42,22
Sphingobium sp. YBL2,30,48,44,32,14,22,31,25
Sphingomonadaceae,8,5,6,6,7,NA,NA,4
Sphingomonadales,NA,1,NA,NA,NA,NA,NA,NA
Sphingomonas,14,8,1,8,12,1,1,2
Sphingomonas hengshuiensis,29,35,40,43,14,15,9,22
Sphingomonas melonis,29,31,41,40,15,19,23,22
Sphingomonas panacis,16,22,34,23,21,17,14,20
Sphingomonas phage PAU,NA,NA,NA,NA,NA,NA,NA,1
Sphingomonas sanxanigenens,44,59,58,77,42,24,18,27
Sphingomonas sp. MM-1,36,50,36,54,26,14,14,26
Sphingomonas sp. NIC1,25,33,34,31,12,17,16,17
Sphingomonas taxi,39,26,38,28,40,12,18,23
Rhizorhabdus wittichii,29,32,38,38,14,28,29,25
Sphingopyxis,1,1,NA,NA,NA,2,NA,NA
Sphingopyxis alaskensis,12,28,27,17,4,15,14,12
Sphingopyxis fribergensis,20,26,30,20,16,22,17,26
Sphingopyxis granuli,36,30,36,37,20,14,25,24
Sphingopyxis macrogoltabida,47,38,39,37,26,25,42,33
Sphingopyxis sp. 113P3,82,55,46,68,70,18,13,34
Sphingopyxis terrae,12,26,26,27,14,12,10,17
Sphingorhabdus,NA,NA,NA,NA,NA,1,NA,NA
Sphingorhabdus sp. M41,23,17,23,19,16,16,14,22
Spiribacter,NA,1,NA,NA,NA,NA,NA,NA
Spiribacter salinus,11,12,15,21,4,6,7,10
Spiribacter sp. UAH-SP71,34,19,23,29,17,12,8,16
Spirochaeta,NA,1,NA,NA,NA,NA,NA,NA
Spirochaeta africana,45,51,34,41,58,24,29,22
Spirochaeta thermophila,32,54,47,40,20,26,34,27
Spirochaetaceae,NA,NA,NA,1,NA,NA,NA,1
Spiroplasma,NA,2,1,2,2,1,NA,3
Spiroplasma apis,1,NA,NA,NA,8,3,10,7
Spiroplasma mirum,27,38,31,61,24,15,18,39
Spiroplasma cantharicola,6,5,5,4,13,9,16,6
Spiroplasma chrysopicola,41,39,29,63,31,13,19,35
Spiroplasma culicicola,3,1,NA,4,3,9,17,5
Spiroplasma diminutum,5,6,3,3,12,15,15,7
Spiroplasma eriocheiris,31,40,29,62,30,16,24,42
Spiroplasma helicoides,31,11,7,17,29,7,19,10
Spiroplasma kunkelii,22,36,27,55,16,21,27,34
Spiroplasma mirum,27,38,31,61,24,14,16,39
Spiroplasma sabaudiense,1,2,2,NA,4,3,11,9
Spiroplasma sp. TU-14,28,29,26,60,21,16,20,36
Spiroplasma syrphidicola,28,28,27,56,15,16,21,35
Spiroplasma taiwanense,6,9,7,4,11,13,12,11
Spirosoma radiotolerans,96,61,55,66,93,33,40,47
Spodoptera exigua multiple nucleopolyhedrovirus,10,8,2,2,4,1,NA,2
Spodoptera frugiperda multiple nucleopolyhedrovirus,4,1,1,1,1,1,NA,NA
Spodoptera litura nucleopolyhedrovirus,NA,2,NA,NA,NA,1,1,NA
Spodoptera litura nucleopolyhedrovirus II,5,3,1,4,6,NA,NA,NA
Spongiibacter sp. IMCC21906,44,20,10,22,35,10,9,10
Sporosarcina psychrophila,9,7,5,7,14,33,48,23
Squirrelpox virus,NA,1,NA,NA,NA,NA,NA,NA
Stackebrandtia,NA,NA,NA,1,1,1,NA,NA
Stackebrandtia nassauensis,38,37,52,42,15,28,17,32
Stanieria cyanosphaera,23,13,6,10,34,26,12,25
Staphylococcus,NA,2,3,2,NA,2,1,NA
Staphylococcus agnetis,12,7,2,4,13,19,22,19
Staphylococcus argenteus,16,11,18,19,12,20,27,29
Staphylococcus aureus,50,36,16,27,61,96,94,56
Staphylococcus capitis,19,14,8,16,14,28,34,25
Staphylococcus carnosus,7,4,8,13,16,29,28,27
Staphylococcus condimenti,9,4,7,11,15,29,36,30
Staphylococcus epidermidis,3,7,7,8,20,44,44,26
Staphylococcus equorum,6,8,8,6,11,32,37,19
Staphylococcus haemolyticus,26,27,7,20,44,22,34,22
Staphylococcus hyicus,1,5,6,4,7,19,25,15
Staphylococcus lugdunensis,2,2,1,5,5,25,24,11
Staphylococcus pasteuri,24,13,9,11,24,22,22,24
Staphylococcus phage 13,NA,NA,NA,NA,NA,NA,NA,1
Staphylococcus phage 3MRA,NA,NA,NA,NA,NA,1,NA,1
Staphylococcus phage 42E,NA,NA,NA,NA,NA,1,NA,NA
Staphylococcus phage 47,NA,NA,NA,NA,NA,1,NA,NA
Staphylococcus phage 53,NA,NA,NA,NA,NA,1,NA,NA
Staphylococcus phage 6ec,NA,NA,NA,NA,NA,NA,1,NA
Staphylococcus phage 80alpha,NA,NA,NA,NA,NA,1,NA,NA
Staphylococcus phage 812,NA,NA,NA,NA,NA,NA,1,NA
Staphylococcus phage 85,NA,NA,NA,NA,NA,1,NA,NA
Staphylococcus phage GH15,NA,NA,NA,NA,NA,1,1,NA
Staphylococcus phage Ipla35,NA,NA,NA,NA,NA,1,NA,NA
Staphylococcus phage Ipla5,NA,NA,NA,NA,NA,NA,1,NA
Staphylococcus phage Ipla88,NA,NA,NA,NA,NA,1,NA,NA
Staphylococcus phage JS01,NA,NA,NA,NA,NA,NA,NA,1
Staphylococcus phage MCE-2014,NA,NA,NA,NA,NA,1,1,1
Staphylococcus phage P108,NA,NA,NA,NA,NA,1,1,1
Staphylococcus phage PH15,NA,NA,NA,NA,1,NA,NA,1
Staphylococcus phage Phi12,NA,NA,NA,NA,NA,1,NA,NA
Staphylococcus phage phi2958PVL,NA,NA,NA,NA,NA,1,NA,NA
Staphylococcus phage phi7401PVL,NA,NA,NA,NA,NA,1,NA,NA
Staphylococcus phage phiETA2,NA,NA,NA,NA,NA,1,NA,NA
Staphylococcus phage phiIPLA-C1C,NA,NA,NA,NA,1,NA,1,2
Staphylococcus phage phiIPLA-RODI,NA,NA,NA,NA,NA,1,2,NA
Staphylococcus phage phiMR25,NA,NA,NA,NA,NA,1,NA,NA
Staphylococcus phage phiNM,NA,NA,NA,NA,NA,1,NA,NA
Staphylococcus phage phinm2,NA,NA,NA,NA,NA,1,NA,NA
Staphylococcus phage phiPVL-CN125,NA,NA,NA,NA,NA,NA,NA,1
Staphylococcus phage PVL,NA,NA,NA,NA,NA,NA,NA,1
Staphylococcus phage Pvl108,NA,NA,NA,NA,NA,NA,NA,1
Staphylococcus phage S25-3,NA,NA,NA,NA,NA,NA,1,NA
Staphylococcus phage S25-4,NA,NA,NA,NA,NA,NA,1,NA
Staphylococcus phage SA12,NA,NA,NA,NA,NA,1,NA,NA
Staphylococcus phage SA97,NA,NA,NA,NA,NA,1,NA,NA
Staphylococcus phage Sap26,NA,NA,NA,NA,NA,1,NA,NA
Staphylococcus phage Sb-1,NA,NA,NA,NA,NA,NA,1,1
Staphylococcus phage Slt,NA,NA,NA,NA,NA,1,NA,NA
Staphylococcus phage SPbeta-like,NA,NA,NA,NA,NA,NA,4,3
Staphylococcus phage StauST398-2,NA,NA,NA,NA,NA,1,NA,NA
Staphylococcus phage StB20,NA,1,NA,NA,NA,1,NA,NA
Staphylococcus phage Team1,NA,NA,NA,NA,NA,NA,1,1
Staphylococcus phage tp310-1,NA,NA,NA,NA,NA,NA,NA,1
Staphylococcus phage tp310-2,NA,NA,NA,NA,NA,1,NA,NA
Staphylococcus phage tp310-3,NA,NA,NA,NA,NA,NA,NA,1
Staphylococcus phage Twort,NA,NA,NA,NA,NA,1,1,NA
Staphylococcus phage vB_SauS_phi2,NA,NA,NA,NA,NA,1,NA,NA
Staphylococcus phage vB_SepS_SEP9,NA,NA,NA,NA,NA,1,1,1
Staphylococcus phage YMC/09/04/R1988,NA,NA,NA,NA,NA,1,NA,NA
Staphylococcus prophage phiPV83,NA,NA,NA,NA,NA,NA,NA,1
Staphylococcus pseudintermedius,14,16,12,29,23,42,43,38
Staphylococcus saprophyticus,18,5,5,10,18,17,29,15
Staphylococcus schleiferi,10,19,16,30,18,40,35,46
Staphylococcus simulans,25,16,11,25,51,35,41,36
Staphylococcus sp. AntiMn-1,10,12,6,11,21,16,33,15
Kayvirus G1,NA,NA,NA,NA,NA,NA,1,1
Kayvirus kay,NA,NA,NA,NA,NA,NA,1,NA
Staphylococcus warneri,24,12,14,14,30,37,49,34
Staphylococcus xylosus,13,12,12,12,11,45,37,36
Staphylothermus hellenicus,1,1,1,4,4,2,1,1
Staphylothermus marinus,NA,NA,NA,NA,1,2,1,2
Starkeya,NA,1,NA,NA,NA,NA,NA,1
Ancylobacter novellus,40,42,38,49,20,21,41,33
Stenotrophomonas,NA,1,2,1,NA,1,1,4
Stenotrophomonas acidaminiphila,45,66,71,41,22,24,35,40
Stenotrophomonas maltophilia,203,209,188,197,145,117,108,124
Stenotrophomonas nitritireducens,65,55,31,59,36,24,23,48
Stenotrophomonas phage Smp131,NA,NA,1,1,NA,NA,NA,NA
Stenotrophomonas phage vB_SmaS-DLP,1,1,2,1,NA,NA,NA,NA
Stenotrophomonas rhizophila,35,52,58,51,34,27,33,29
Stenotrophomonas sp. KCTC 12332,51,56,34,49,30,33,28,40
Stenotrophomonas sp. LM091,28,59,43,26,23,27,37,42
Steroidobacter denitrificans,39,31,42,41,40,22,15,27
Stigmatella,1,1,NA,NA,NA,NA,NA,NA
Stigmatella aurantiaca,63,87,77,97,44,24,43,67
Streptobacillus moniliformis,9,7,9,11,21,27,34,23
Streptococcus,NA,NA,NA,NA,NA,2,NA,4
Streptococcus agalactiae,30,22,25,26,111,276,373,229
Streptococcus anginosus,341,474,367,578,224,337,257,366
Streptococcus constellatus,29,46,31,69,49,64,77,72
Streptococcus cristatus,23,14,15,23,15,43,32,40
Streptococcus dysgalactiae,21,17,12,16,32,43,40,40
Streptococcus equi,29,17,12,24,27,43,45,42
Streptococcus gallolyticus,95,76,48,74,123,165,158,123
Streptococcus gordonii,52,38,26,33,68,49,76,55
Streptococcus halotolerans,13,11,9,16,16,30,29,18
Streptococcus himalayensis,15,6,8,5,26,23,21,20
Streptococcus infantarius,60,37,48,38,138,258,230,196
Streptococcus iniae,26,9,6,14,24,32,24,20
Streptococcus intermedius,21,12,15,21,27,39,47,50
Streptococcus lutetiensis,25,22,30,21,94,239,199,174
Streptococcus macedonicus,6,6,11,3,16,46,60,37
Streptococcus marmotae,36,31,19,20,37,30,20,38
Streptococcus mitis,41,39,38,42,90,143,160,125
Streptococcus mutans,34,32,20,25,38,41,40,28
Streptococcus oralis,11,6,8,12,24,26,36,36
Streptococcus pantholopis,27,38,43,47,26,23,19,25
Streptococcus parasanguinis,25,24,6,14,444,1106,6118,1571
Streptococcus parauberis,13,12,7,16,34,26,40,16
Streptococcus pasteurianus,44,47,25,41,120,217,149,144
Streptococcus phage 20617,NA,NA,NA,NA,1,7,11,8
Streptococcus phage 2972,NA,NA,NA,NA,NA,NA,1,2
Streptococcus phage 7201,NA,NA,NA,NA,NA,1,NA,NA
Streptococcus phage Alq132,NA,NA,NA,NA,NA,NA,1,NA
Streptococcus phage Cp1,11,8,1,13,14,NA,NA,1
Streptococcus phage DT1,NA,NA,NA,NA,NA,2,NA,2
Streptococcus phage EJ-1,NA,NA,NA,NA,NA,1,NA,NA
Streptococcus phage K13,NA,NA,NA,NA,NA,NA,1,NA
Streptococcus phage O1205,NA,NA,NA,NA,NA,2,2,NA
Streptococcus phage phiBHN167,NA,NA,NA,NA,NA,NA,NA,1
Streptococcus phage Sfi11,NA,NA,NA,NA,NA,NA,1,NA
Streptococcus phage Sfi19,NA,NA,NA,NA,NA,NA,1,NA
Streptococcus phage Sfi21,NA,NA,NA,NA,NA,NA,1,NA
Streptococcus phage SPQS1,NA,NA,NA,NA,NA,NA,1,2
Streptococcus phage Str-PAP-1,NA,NA,NA,NA,1,1,NA,NA
Streptococcus phage YMC-2011,NA,NA,NA,NA,NA,1,NA,NA
Streptococcus pneumoniae,42,30,24,38,63,72,112,87
Streptococcus pseudopneumoniae,19,33,33,28,26,35,33,38
Streptococcus pyogenes,34,30,20,37,106,246,241,175
Streptococcus salivarius,27,27,36,36,1367,3523,6423,5076
Streptococcus sanguinis,18,18,17,22,22,37,34,36
Streptococcus sp. A12,20,14,12,21,22,31,44,35
Streptococcus sp. I-G2,18,5,5,9,14,23,51,33
Streptococcus sp. I-P16,19,8,8,13,13,25,50,30
Streptococcus sp. oral taxon 431,5,7,11,13,9,22,28,22
Streptococcus suis,188,243,186,305,350,676,611,520
Streptococcus thermophilus,37,49,44,43,1051,2696,5117,3841
Streptococcus uberis,4,3,1,5,10,27,33,25
Streptomyces,27,36,18,30,21,10,15,10
Streptomyces noursei,40,36,51,50,22,22,31,31
Streptomyces albus,103,160,162,159,56,75,75,100
Streptomyces ambofaciens,33,49,58,38,15,24,25,40
Streptomyces avermitilis,33,33,44,53,27,17,28,36
Streptomyces bingchenggensis,46,63,70,55,22,26,37,37
Streptantibioticus cattleyicolor,48,64,85,78,24,39,30,35
Streptomyces clavuligerus,24,57,42,43,18,13,19,39
Streptomyces coelicolor,41,48,56,62,25,28,28,38
Streptomyces collinus,50,56,74,44,28,25,39,29
Streptomyces cyaneogriseus,41,72,63,58,25,26,21,38
Streptomyces microflavus,18,38,41,22,6,30,26,23
Streptomyces glaucescens,51,94,71,98,20,35,27,46
Streptomyces globisporus,25,54,50,50,13,27,22,37
Streptomyces griseochromogenes,53,69,52,60,26,29,45,44
Streptomyces griseus,25,32,31,35,13,24,25,30
Streptomyces hygroscopicus,50,73,64,50,39,26,39,44
Streptomyces leeuwenhoekii,33,56,63,72,24,24,28,45
Streptomyces lincolnensis,35,49,48,41,21,29,21,26
Streptomyces lividans,34,47,60,52,26,34,32,47
Streptomyces lydicus,93,113,81,116,41,46,41,62
Streptomyces noursei,32,61,77,69,16,25,32,39
Streptomyces pactum,48,59,73,58,29,32,36,47
Streptomyces parvulus,34,60,53,44,16,21,28,29
Streptomyces phage Lannister,NA,NA,1,NA,1,NA,1,NA
Streptomyces phage SV1,NA,NA,NA,1,NA,NA,NA,NA
Streptomyces phage VWB,NA,2,NA,1,NA,2,NA,NA
Streptomyces pratensis,29,32,25,38,28,15,17,30
Streptomyces pristinaespiralis,32,60,73,70,22,27,43,36
Streptomyces puniciscabiei,37,56,60,65,20,31,32,32
Streptomyces reticuli,42,84,75,79,28,22,47,38
Streptomyces rubrolavendulae,30,40,43,36,16,20,31,28
Streptomyces sampsonii,40,65,48,80,15,28,27,50
Streptomyces scabiei,36,35,34,37,23,28,26,38
Streptomyces sp. 4F,49,59,49,58,18,29,32,31
Streptomyces sp. 769,45,76,92,70,19,34,35,40
Streptomyces sp. CCM_MD2014,56,61,68,67,45,37,29,45
Streptomyces sp. CdTB01,52,56,82,72,50,39,40,55
Streptomyces sp. CFMR 7,30,36,44,34,19,13,34,26
Streptomyces sp. CNQ-509,22,37,56,39,19,33,34,29
Streptomyces sp. Mg1,48,58,80,55,22,29,35,42
Streptomyces sp. PAMC 26508,30,31,40,30,22,15,19,44
Streptomyces sp. RTd22,73,75,112,93,59,41,34,51
Streptomyces sp. S10(2016),39,42,47,61,21,24,38,30
Streptomyces sp. SAT1,28,43,55,49,24,21,25,37
Streptomyces sp. SirexAA-E,52,57,47,56,33,24,25,31
Streptomyces venezuelae,22,48,47,35,17,28,23,30
Streptomyces vietnamensis,58,58,48,60,34,33,30,44
Streptomyces violaceusniger,69,100,85,105,77,38,33,41
Streptomyces xiamenensis,24,41,62,35,24,29,27,26
Streptomycetaceae,1,3,NA,1,1,1,NA,3
Streptosporangiaceae,NA,1,NA,NA,1,NA,NA,NA
Streptosporangiales,NA,1,NA,NA,NA,NA,NA,NA
Streptosporangium,NA,1,NA,1,1,3,NA,1
Streptosporangium roseum,44,65,62,72,26,41,48,47
Stx2 converting phage II,NA,NA,NA,NA,23,55,18,21
Stx2 converting phage vB_EcoP_24B,NA,NA,NA,NA,11,25,5,8
Stx2-converting phage 1717,NA,NA,NA,NA,9,33,17,13
Stx2-converting phage 86,NA,NA,NA,NA,1,13,2,3
Sulfolobus acidocaldarius,11,2,2,3,6,7,4,14
Saccharolobus islandicus,6,6,8,8,8,12,9,10
Sulfolobus islandicus filamentous virus,NA,NA,NA,NA,NA,1,NA,NA
Sulfolobus monocaudavirus SMV3,NA,NA,NA,NA,NA,1,NA,NA
Saccharolobus solfataricus,4,2,2,5,4,8,4,8
Sulfolobus sp. A20,NA,NA,1,2,4,3,4,1
Sulfurisphaera tokodaii,1,1,4,2,4,4,5,5
Sulfuricella denitrificans,18,32,34,64,19,18,19,30
Sulfuricurvum kujiense,11,11,8,6,8,14,10,14
Sulfurihydrogenibium azorense,4,8,12,9,4,21,10,10
Sulfurihydrogenibium sp. YO3AOP1,15,10,5,4,26,13,10,15
Sulfurimonas autotrophica,6,8,6,5,6,13,13,17
Sulfurimonas denitrificans,20,23,8,15,16,14,8,19
Sulfuritalea,1,NA,NA,NA,NA,NA,NA,1
Sulfuritalea hydrogenivorans,58,59,39,87,26,38,30,42
Sulfurospirillum,NA,NA,NA,NA,NA,1,NA,NA
Sulfurospirillum barnesii,7,3,10,5,12,20,10,18
Sulfurospirillum cavolei,8,6,7,14,11,13,6,13
Sulfurospirillum deleyianum,1,7,5,4,1,10,10,9
Sulfurospirillum halorespirans,13,7,7,12,23,14,10,13
Sulfurospirillum multivorans,36,23,8,19,45,14,13,14
Sulfurospirillum sp. UCH001,19,7,8,8,16,13,21,13
Sulfurovum lithotrophicum,37,29,18,31,33,21,13,20
Sulfurovum sp. NBC37-1,33,14,14,17,32,31,18,16
Swine enteric coronavirus,2,NA,NA,NA,NA,NA,NA,NA
Swinepox virus,NA,NA,NA,NA,NA,NA,1,NA
Symbiobacterium,1,NA,NA,NA,NA,NA,NA,NA
Symbiobacterium thermophilum,106,131,117,153,49,58,46,96
Synechococcaceae,NA,NA,NA,NA,NA,NA,NA,1
Synechococcales,1,NA,NA,NA,NA,NA,NA,NA
Synechococcus,1,2,NA,1,NA,NA,1,4
Synechococcus elongatus,18,25,15,30,23,7,15,17
Synechococcus phage ACG-2014b,NA,NA,NA,NA,NA,2,1,NA
Synechococcus phage ACG-2014f,NA,1,3,2,NA,NA,1,1
Synechococcus phage ACG-2014g,NA,NA,NA,NA,NA,NA,NA,1
Synechococcus phage ACG-2014h,NA,NA,NA,NA,NA,1,1,1
Synechococcus phage ACG-2014i,NA,1,NA,NA,NA,NA,NA,NA
Synechococcus phage ACG-2014j,NA,2,1,NA,1,1,1,1
Synechococcus phage P60,NA,NA,NA,NA,NA,1,NA,NA
Synechococcus phage S-CAM8,NA,NA,NA,NA,NA,1,NA,NA
Synechococcus phage S-CBP3,NA,NA,NA,NA,NA,1,NA,NA
Synechococcus phage S-CBS4,NA,NA,NA,NA,NA,NA,1,NA
Synechococcus phage S-CRM01,4,4,1,2,5,1,1,1
Synechococcus phage S-PM2,NA,NA,NA,NA,NA,1,1,NA
Synechococcus phage S-RIM8,NA,NA,NA,NA,NA,1,NA,NA
Synechococcus phage S-RIP2,NA,NA,NA,NA,NA,1,NA,NA
Synechococcus phage S-RSM4,NA,NA,NA,NA,NA,1,NA,NA
Synechococcus phage S-SKS1,NA,NA,NA,NA,NA,NA,1,NA
Synechococcus phage S-SM2,NA,NA,NA,NA,1,1,1,NA
Synechococcus phage S-SSM4,NA,NA,NA,NA,1,2,NA,NA
Synechococcus phage S-SSM7,2,NA,NA,1,NA,NA,NA,NA
Synechococcus phage Syn19,NA,NA,NA,NA,NA,1,NA,NA
Synechococcus sp. CC9311,2,5,6,17,8,NA,5,12
Synechococcus sp. CC9605,17,16,21,28,15,9,6,9
Synechococcus sp. CC9902,48,29,14,26,56,5,6,13
Synechococcus sp. JA-2-3B'a(2-13),57,53,45,79,32,16,24,40
Synechococcus sp. JA-3-3Ab,79,67,51,75,55,20,23,49
Synechococcus sp. KORDI-100,8,11,8,5,14,8,6,7
Synechococcus sp. KORDI-49,28,29,26,23,23,22,16,17
Synechococcus sp. KORDI-52,17,19,23,36,17,12,9,10
Synechococcus sp. PCC 6312,4,7,13,13,7,6,9,7
Synechococcus sp. PCC 7002,7,2,16,6,3,16,9,8
Synechococcus sp. PCC 7003,4,7,2,2,4,3,7,6
Synechococcus sp. PCC 7117,3,3,5,4,5,9,5,8
Synechococcus sp. PCC 73109,3,2,7,3,5,8,8,10
Synechococcus sp. PCC 7502,1,1,8,5,4,10,10,1
Synechococcus sp. PCC 8807,5,1,9,3,4,9,6,8
Synechococcus sp. RCC307,22,34,33,35,20,19,8,18
Synechococcus sp. UTEX 2973,19,28,26,29,23,7,15,21
Synechococcus sp. WH 7803,32,24,19,30,16,17,7,21
Synechococcus sp. WH 8102,23,32,20,26,21,9,12,20
Synechococcus sp. WH 8103,20,26,23,28,9,7,13,19
Synechococcus sp. WH 8109,20,23,21,22,10,4,6,11
Synechocystis,NA,NA,NA,NA,NA,NA,NA,1
Synechocystis sp. PCC 6714,2,4,5,5,3,9,14,9
Synechocystis sp. PCC 6803,17,25,12,13,12,8,13,13
Synergistales,NA,NA,1,NA,NA,NA,NA,NA
synthetic construct,19,23,25,41,82,280,218,183
Syntrophobacter fumaroxidans,29,29,26,36,17,19,25,23
Syntrophobotulus glycolicus,34,56,46,56,37,43,41,67
Syntrophomonas wolfei,13,9,6,19,16,20,22,23
Syntrophothermus lipocalidus,24,33,43,47,23,12,21,20
Syntrophus aciditrophicus,20,17,15,11,24,24,22,23
Tai Forest ebolavirus,NA,NA,NA,NA,NA,NA,1,NA
Tannerella,NA,1,NA,NA,NA,NA,NA,NA
Tannerella forsythia,603,612,544,688,588,654,859,684
Tannerella serpentiformis,592,474,413,488,539,284,261,354
Tatlockia micdadei,3,7,3,5,8,9,8,11
Taylorella asinigenitalis,5,6,3,4,5,6,9,6
Taylorella equigenitalis,NA,NA,1,2,5,8,11,4
Temperate phage phiNIH1.1,NA,NA,NA,NA,NA,NA,2,1
Tenacibaculum dicentrarchi,50,35,28,30,55,22,27,27
Tepidanaerobacter acetatoxydans,11,14,2,22,22,41,30,25
Teredinibacter,NA,NA,NA,NA,NA,1,NA,NA
Teredinibacter turnerae,15,25,16,29,19,18,19,17
Terribacillus,NA,1,NA,NA,NA,NA,NA,NA
Terribacillus aidingensis,19,23,17,17,18,36,33,46
Terriglobus,NA,NA,NA,NA,NA,1,1,NA
Terriglobus roseus,182,104,66,106,147,48,26,59
Terriglobus saanensis,31,34,40,45,25,17,18,22
Tetragenococcus halophilus,29,21,12,21,28,30,41,25
Thalassolituus oleivorans,22,15,14,21,22,21,20,15
Thalassospira,NA,NA,NA,NA,NA,1,NA,NA
Thalassospira xiamenensis,23,21,21,28,28,25,15,15
Thalassotalea sp. LPB0090,9,13,11,14,12,19,18,17
Thauera,5,4,2,1,3,2,1,3
Thauera humireducens,46,48,70,63,34,22,33,57
Thauera aminoaromatica,69,86,81,98,45,31,46,52
Thermaceae,NA,NA,NA,1,NA,NA,NA,1
Thermacetogenium phaeum,11,16,13,15,10,24,14,22
Thermaerobacter marianensis,54,90,65,105,31,32,43,32
Thermales,NA,1,1,NA,NA,NA,NA,NA
Thermanaerovibrio acidaminovorans,21,19,17,19,20,5,7,18
Thermincola potens,28,51,41,44,38,47,57,41
Thermoanaerobacter,NA,NA,2,NA,NA,NA,NA,NA
Thermoanaerobacter brockii,48,18,2,25,47,39,23,28
Thermoanaerobacter italicus,44,17,13,29,50,29,37,29
Thermoanaerobacter kivui,59,29,16,40,93,38,34,34
Thermoanaerobacter mathranii,19,12,13,24,13,26,27,23
Thermoanaerobacter pseudethanolicus,48,18,2,25,47,39,23,28
Thermoanaerobacter sp. X513,44,18,5,17,40,34,31,24
Thermoanaerobacter sp. X514,45,21,3,26,51,31,33,31
Thermoanaerobacter wiegelii,35,17,5,12,51,38,41,33
Thermoanaerobacterium thermosaccharolyticum,11,29,37,39,42,66,63,58
Thermoanaerobacterium xylanolyticum,5,12,6,17,17,54,35,23
Thermobacillus,NA,1,NA,1,NA,NA,NA,NA
Thermobacillus composti,72,64,65,70,65,58,58,60
Thermobaculum terrenum,10,12,13,6,17,10,10,10
Thermobifida fusca,28,42,41,47,20,14,17,26
Thermobispora,NA,NA,NA,NA,NA,1,NA,NA
Thermobispora bispora,22,35,47,33,17,15,26,28
Thermococcus barophilus,4,6,14,12,3,3,6,10
Thermococcus chitonophagus,NA,1,1,1,2,NA,6,3
Thermococcus cleftensis,2,8,5,6,6,5,5,3
Thermococcus eurythermalis,1,1,1,2,1,7,9,2
Thermococcus gammatolerans,3,8,4,4,6,5,3,1
Thermococcus guaymasensis,NA,1,1,3,3,3,NA,2
Thermococcus kodakarensis,9,8,5,10,6,3,3,6
Thermococcus litoralis,6,1,1,2,10,4,11,5
Thermococcus nautili,9,7,12,8,4,4,6,1
Thermococcus onnurineus,3,7,6,3,7,8,1,7
Thermococcus paralvinellae,3,2,2,1,5,5,6,4
Thermococcus peptonophilus,3,NA,NA,3,1,NA,4,2
Thermococcus piezophilus,10,5,7,16,13,4,3,5
Thermococcus prieurii virus 1,1,NA,1,NA,NA,NA,NA,NA
Thermococcus sibiricus,19,6,10,12,13,3,3,9
Thermococcus sp. 2319x1,NA,NA,NA,NA,3,6,5,4
Thermococcus sp. 4557,1,1,1,2,7,3,2,4
Thermococcus sp. AM4,11,8,2,6,18,7,2,4
Thermocrinis albus,10,6,3,9,10,4,2,6
Thermocrinis ruber,6,6,8,5,6,11,2,4
Thermodesulfatator indicus,3,4,11,5,2,8,12,9
Thermodesulfobacterium commune,11,3,11,11,7,8,9,8
Thermodesulfobacterium geofontis,10,9,7,15,10,14,10,9
Thermodesulfobium narugense,3,2,6,7,7,9,12,8
Thermodesulfovibrio yellowstonii,20,19,12,9,20,23,23,20
Thermofilum carboxyditrophus,9,3,10,12,2,4,3,5
Thermofilum pendens,1,NA,3,7,3,2,NA,NA
Thermofilum sp. 1807-2,6,NA,NA,2,7,2,3,NA
Thermofilum adornatum,9,3,10,12,2,5,2,5
Thermogladius calderae,1,3,4,1,1,NA,NA,4
Thermomicrobium roseum,14,16,15,7,6,8,13,10
Thermomonospora,NA,NA,NA,NA,NA,NA,NA,1
Thermomonospora curvata,59,92,88,98,32,41,28,54
Thermomonosporaceae,NA,NA,NA,NA,NA,NA,NA,1
Thermoplasma acidophilum,2,2,2,NA,1,3,1,NA
Thermoplasma volcanium,NA,NA,NA,NA,NA,1,4,2
Thermoplasmatales archaeon BRNA1,10,17,13,11,14,6,7,12
Thermoproteus tenax,1,NA,2,2,1,3,2,3
Thermoproteus uzoniensis,NA,3,3,6,3,4,2,4
Thermosediminibacter oceani,4,11,10,14,15,17,20,22
Thermosipho africanus,15,12,6,5,21,15,26,16
Thermosipho melanesiensis,2,1,2,3,5,16,14,14
Thermosphaera aggregans,NA,NA,NA,1,1,3,1,2
Thermosulfidibacter takaii,NA,3,2,5,5,7,9,5
Thermosynechococcus vestitus,8,10,8,13,13,14,6,10
Thermotoga caldifontis,14,13,9,9,11,8,9,10
Thermotoga maritima,11,8,5,4,10,11,7,13
Thermotoga petrophila,11,8,11,9,13,11,4,12
Thermotoga neapolitana,19,18,10,22,22,18,11,15
Thermotoga petrophila,18,12,9,7,11,20,6,21
Thermotoga profunda,2,4,4,3,2,7,10,10
Thermotoga sp. 2812B,12,5,4,4,9,15,5,10
Thermotoga sp. Cell2,7,6,10,6,9,20,4,15
Thermotoga sp. RQ2,3,3,7,NA,9,15,5,8
Thermotoga sp. RQ7,19,18,10,22,22,18,11,13
Thermotogales,NA,1,NA,NA,NA,NA,NA,NA
Thermovibrio ammonificans,10,20,15,23,12,9,9,11
Thermovirga,NA,NA,NA,NA,NA,NA,NA,1
Thermovirga lienii,4,12,12,7,7,27,19,13
Thermus aquaticus,31,43,37,42,10,22,18,16
Thermus oshimai,34,32,23,48,18,16,10,19
Thermus parvatiensis,22,21,22,22,4,7,10,13
Thermus phage phi OH2,NA,NA,NA,NA,NA,1,NA,NA
Thermus phage phiYS40,NA,NA,NA,NA,NA,2,3,1
Thermus phage TMA,NA,NA,NA,NA,NA,1,2,NA
Thermus scotoductus,33,41,28,50,19,13,11,24
Thermus sp. CCB_US3_UF1,31,37,35,50,3,7,11,28
Thermus thermophilus,39,43,42,58,8,16,22,19
Thiomicrospira aerophila,12,5,2,3,8,9,6,5
Thiomicrospira cyclica,1,4,5,6,3,10,10,3
Thioalkalivibrio,2,2,1,2,1,NA,2,1
Thioalkalivibrio nitratireducens,19,33,34,29,17,15,22,21
Thioalkalivibrio paradoxus,21,33,32,22,17,14,17,17
Thioalkalivibrio sp. K90mix,19,37,57,34,21,20,15,36
Thioalkalivibrio sulfidiphilus,68,80,56,69,50,30,30,40
Thioalkalivibrio versutus,51,54,40,59,36,25,12,28
Thiobacillus,1,2,NA,NA,1,NA,NA,NA
Thiobacillus denitrificans,12,23,17,18,6,12,19,22
Thiocystis,NA,NA,NA,NA,NA,1,NA,NA
Thiocystis violascens,50,52,44,71,27,29,26,24
Thioflavicoccus mobilis,30,37,67,53,28,16,23,29
Thiolapillus brandeum,8,16,15,14,17,16,13,14
Hydrogenovibrio crunogenus,9,10,9,12,6,13,10,15
Thiomonas,1,NA,NA,NA,NA,NA,1,NA
Thiomonas intermedia,24,38,45,44,15,25,28,38
Thioploca ingrica,2,1,5,3,7,19,20,12
Tipula oleracea nudivirus,NA,NA,NA,NA,NA,NA,1,NA
Tistrella,1,NA,NA,NA,NA,NA,NA,NA
Tistrella mobilis,47,49,63,37,36,28,34,38
Tokyovirus A1,6,5,2,4,5,NA,NA,2
Tolumonas auensis,36,26,16,36,36,34,37,39
Leadbettera azotonutricia,16,28,25,34,16,25,23,20
Treponema brennaborense,31,37,54,36,33,52,25,35
Gracilinema caldarium,34,28,31,45,36,24,16,31
Treponema denticola,9,22,31,18,21,30,23,33
Treponema pallidum,NA,2,6,3,3,6,5,4
Treponema paraluiscuniculi,NA,2,6,3,2,6,5,4
Treponema pedis,11,11,8,9,19,21,23,16
Treponema primitia,37,39,32,46,16,19,27,35
Treponema putidum,64,87,61,89,56,57,40,51
Treponema sp. OMZ 838,45,85,71,75,37,54,34,48
Treponema succinifaciens,287,342,332,444,250,387,426,368
Trichodesmium erythraeum,13,13,20,22,19,26,20,16
Trichoplusia ni ascovirus 2c,NA,NA,NA,NA,NA,1,3,NA
Trichormus azollae,14,12,6,12,24,14,19,18
Tropheryma whipplei,5,3,4,5,5,4,3,2
Truepera,NA,2,NA,NA,1,NA,NA,NA
Truepera radiovictrix,43,48,53,54,29,10,28,30
Trueperella,1,1,1,1,NA,NA,NA,1
Trueperella pyogenes,71,94,98,110,28,38,38,58
Tsukamurella,1,NA,NA,NA,1,NA,NA,NA
Tsukamurella paurometabola,42,41,40,21,19,15,21,29
Tsukamurellaceae,NA,1,NA,NA,NA,NA,NA,NA
Turicibacter sp. H121,45,58,66,70,84,202,140,145
Turkey adenovirus 1,NA,NA,NA,NA,NA,NA,1,NA
Turkeypox virus,NA,1,NA,NA,NA,NA,NA,NA
Turneriella parva,5,7,14,12,8,12,11,13
uncultured Termite group 1 bacterium,4,12,11,8,5,10,14,10
unidentified adenovirus,NA,NA,NA,NA,NA,1,NA,NA
Urbanus proteus nucleopolyhedrovirus,NA,NA,3,2,NA,NA,NA,1
Ureaplasma parvum,2,3,3,7,3,7,4,8
Ureaplasma urealyticum,2,4,5,4,3,14,6,6
Variovorax,NA,NA,NA,NA,NA,NA,1,NA
Variovorax paradoxus,120,182,166,166,86,89,108,136
Variovorax sp. PAMC 28711,30,39,46,48,15,20,35,24
Veillonella parvula,24,22,20,43,330,808,6086,1167
Verminephrobacter eiseniae,31,37,39,40,23,24,38,32
Verrucomicrobia bacterium IMCC26134,40,50,56,42,47,21,25,33
Verrucomicrobia bacterium L21-Fru-AB,12,25,16,24,9,13,28,14
Micromonospora,4,2,NA,2,2,NA,1,NA
Micromonospora maris,29,45,40,40,14,23,12,23
Vibrio,NA,1,3,3,NA,2,3,NA
Vibrio alginolyticus,28,28,16,25,31,27,30,27
Vibrio anguillarum,22,26,21,12,27,16,13,22
Vibrio antiquarius,30,25,17,21,41,18,17,15
Vibrio breoganii,39,29,17,34,41,19,22,20
Vibrio campbellii,53,41,14,33,59,31,13,20
Vibrio cholerae,96,62,35,64,100,81,141,95
Vibrio coralliilyticus,39,32,14,19,31,45,25,39
Vibrio fluvialis,43,34,12,22,46,25,18,24
Vibrio furnissii,44,32,22,24,39,15,20,19
Vibrio harveyi,31,30,11,16,37,21,16,15
Vibrio mimicus,72,54,34,55,70,48,38,39
Vibrio natriegens,49,32,21,36,41,38,41,26
Vibrio nigripulchritudo,19,23,12,15,33,25,17,19
Vibrio parahaemolyticus,65,42,20,42,65,49,51,32
Vibrio phage CHOED,NA,NA,NA,NA,NA,1,NA,NA
Vibrio phage ICP1,NA,NA,NA,NA,NA,1,NA,NA
Vibrio phage nt-1,NA,NA,NA,NA,2,2,4,1
Vibrio phage pVp-1,NA,NA,NA,NA,NA,NA,1,NA
Vibrio phage ValKK3,2,1,NA,3,NA,1,1,2
Vibrio phage vB_VpaS_MAR10,NA,NA,NA,NA,NA,NA,1,NA
Vibrio phage VH7D,NA,NA,NA,NA,NA,NA,1,NA
Vibrio scophthalmi,13,11,17,20,12,17,16,13
Vibrio sp. EJY3,18,20,14,16,22,19,22,12
Vibrio tasmaniensis,16,10,6,13,16,11,16,12
Vibrio tritonius,33,23,9,11,26,20,20,18
Vibrio tubiashii,17,21,18,19,17,16,13,17
Vibrio vulnificus,60,61,39,51,61,42,30,53
Vibrionaceae,NA,1,NA,NA,NA,NA,NA,NA
Virgibacillus,NA,1,NA,NA,NA,NA,NA,NA
Virgibacillus sp. SK37,20,6,11,10,9,31,22,17
Vulcanisaeta distributa,2,1,NA,NA,4,1,1,3
Vulcanisaeta moutnovskia,9,10,4,7,18,5,6,3
Vulgatibacter,NA,NA,NA,1,1,NA,NA,NA
Vulgatibacter incomptus,47,48,49,42,27,20,22,34
Vulgatibacteraceae,1,1,1,1,1,NA,NA,NA
Waddlia chondrophila,7,9,10,10,5,8,9,10
Weeksella virosa,61,25,27,34,64,29,23,36
Weissella,5,7,1,NA,NA,NA,NA,1
Weissella ceti,32,30,23,36,24,32,22,20
Weissella cibaria,23,39,19,36,20,14,17,26
Weissella koreensis,27,48,36,49,13,23,19,33
Weissella phage WCP30,NA,NA,NA,NA,NA,1,1,NA
Wenyingzhuangia,NA,NA,NA,NA,NA,1,NA,NA
Wenyingzhuangia fucanilytica,79,31,21,56,85,24,36,41
Wenzhouxiangella marina,20,31,30,26,23,11,18,18
Wenzhouxiangellaceae,2,NA,1,1,1,NA,NA,NA
White spot syndrome virus,1,2,3,5,NA,NA,NA,NA
Wigglesworthia glossinidia,2,3,4,2,5,10,12,6
Winogradskyella sp. PG-2,36,27,14,24,44,31,29,27
Woeseia oceani,5,11,15,20,16,11,9,11
Wolbachia,NA,1,1,NA,NA,NA,NA,NA
Wolbachia endosymbiont of Brugia malayi,2,2,1,4,3,10,1,1
Wolbachia endosymbiont of Cimex lectularius,4,2,NA,8,8,5,2,2
Wolbachia endosymbiont of Drosophila melanogaster,1,2,NA,5,2,4,3,1
Wolbachia endosymbiont of Drosophila simulans,5,5,2,3,3,11,7,5
Wolbachia endosymbiont of Onchocerca ochengi,2,1,NA,NA,NA,2,2,3
Wolbachia endosymbiont of Onchocerca volvulus,2,1,NA,NA,NA,2,1,1
Wolbachia sp. wRi,3,4,NA,3,4,2,1,1
Wolinella succinogenes,19,20,11,18,21,9,14,9
Wuhan Mosquito Virus 2,NA,NA,NA,NA,NA,NA,1,NA
Xanthobacter,NA,1,NA,NA,NA,NA,NA,1
Xanthobacter autotrophicus,35,66,64,76,28,29,32,32
Lysobacteraceae,3,2,3,3,4,NA,1,3
Lysobacterales,1,2,1,NA,NA,NA,NA,NA
Xanthomonas,6,1,4,3,1,NA,2,3
Xanthomonas albilineans,20,18,16,22,11,10,15,18
Xanthomonas alfalfae,51,81,62,64,28,29,24,36
Xanthomonas axonopodis,53,62,48,65,44,33,26,38
Xanthomonas campestris,174,149,93,170,125,72,83,85
Xanthomonas citri,73,82,72,77,57,33,30,47
Xanthomonas euvesicatoria,50,62,57,56,27,33,29,36
Xanthomonas fragariae,26,27,25,26,17,17,16,18
Xanthomonas citri pv. fuscans,55,56,42,64,37,25,23,33
Xanthomonas oryzae,91,86,83,91,71,50,48,53
Xanthomonas sacchari,45,71,57,62,38,32,33,44
Xanthomonas translucens,83,71,58,76,57,40,37,48
Xenorhabdus,NA,NA,NA,1,NA,NA,NA,NA
Xenorhabdus bovienii,30,36,23,35,40,25,36,33
Xenorhabdus doucetiae,15,16,15,28,14,16,21,14
Xenorhabdus hominickii,29,20,15,28,25,15,19,15
Xenorhabdus nematophila,13,16,13,24,14,21,18,23
Xenorhabdus poinarii,16,19,24,34,14,17,16,18
Xylanimonas,1,1,1,1,NA,NA,NA,NA
Xylanimonas cellulosilytica,43,44,68,49,17,19,38,34
Xylella fastidiosa,9,9,12,9,5,12,16,10
Yaba monkey tumor virus,NA,NA,NA,NA,NA,NA,NA,1
Yaba-like disease virus,NA,NA,NA,NA,1,NA,1,1
Alloyangia,NA,NA,NA,NA,NA,1,NA,NA
Yangia sp. CCB-MM3,79,60,85,84,42,38,38,46
Yellowstone lake mimivirus,7,8,2,3,18,NA,NA,NA
Yellowstone lake phycodnavirus 1,NA,1,1,NA,NA,NA,1,NA
Yellowstone lake phycodnavirus 3,4,3,1,2,4,NA,2,2
Yellowstone Lake virophage 7,1,NA,NA,NA,NA,NA,NA,NA
Yersinia <enterobacteria>,NA,1,2,2,2,NA,NA,NA
Yersinia aldovae,22,24,14,17,14,16,15,21
Yersinia aleksiciae,33,23,21,32,41,20,22,14
Yersinia enterocolitica,93,69,60,61,94,44,43,48
Yersinia frederiksenii,49,25,22,33,31,29,22,30
Yersinia intermedia,42,35,21,31,34,19,25,20
Yersinia kristensenii,57,22,20,37,32,22,16,28
Yersinia pestis,20,14,13,9,19,19,19,17
Yersinia phage phiR1-37,2,5,3,2,1,1,NA,2
Yersinia phage phiR1-RT,NA,NA,NA,NA,2,2,NA,NA
Yersinia phage PST,NA,NA,NA,NA,NA,NA,1,NA
Yersinia phage vB_YenM_TG1,NA,NA,NA,NA,2,2,NA,NA
Yersinia phage vB_YenP_ISAO8,NA,2,1,2,NA,NA,NA,NA
Yersinia pseudotuberculosis,24,17,23,18,21,24,26,25
Yersinia rohdei,28,19,18,23,28,19,17,17
Yersinia ruckeri,11,12,16,20,10,16,10,14
Yersinia similis,31,21,16,30,23,13,15,29
Yersiniaceae,2,NA,1,NA,1,NA,NA,NA
Yoka poxvirus,NA,NA,NA,NA,NA,1,2,NA
Zhongshania aliphaticivorans,21,14,6,14,9,5,11,18
Zobellia galactanivorans,93,54,43,66,88,40,44,56
Zunongwangia profunda,101,67,35,65,83,45,55,43
Zymomonas mobilis,10,20,20,20,30,34,40,38
