"TaxonomyID","Genome","read_count","Proportion","readsEM","EMProportion","domain","phylum","class","order","family","genus","species","best_hit_genus","genus_counts","best_hit_species","species_counts","uniqueness_score","species_percentage_hit","genus_percentage_hit","species_contaminant_score","genus_contaminant_score"
435590,"Phocaeicola vulgatus",26476,0.0355243314029937,24572.2,0.0329699599975747,"0","Bacteroidota","Bacteroidia","Bacteroidales","Bacteroidaceae","Phocaeicola","Phocaeicola vulgatus","Phocaeicola",45,"Phocaeicola vulgatus",32,7,0.72,0.98,0.7,0.16
28116,"Bacteroides ovatus",26419,0.035447851311969,26377.6,0.0353923076513912,"0","Bacteroidota","Bacteroidia","Bacteroidales","Bacteroidaceae","Bacteroides","Bacteroides ovatus","Bacteroides",50,"Bacteroides ovatus",45,2,1,1,0.82,0.02
226186,"Bacteroides thetaiotaomicron",24843,0.0333332438829345,24308.8,0.0326164922345628,"0","Bacteroidota","Bacteroidia","Bacteroidales","Bacteroidaceae","Bacteroides","Bacteroides thetaiotaomicron","Bacteroides",49,"Bacteroides thetaiotaomicron",38,4,0.94,1,0.42,0.02
246787,"Bacteroides cellulosilyticus",21714,0.0291348894124719,21344.1,0.0286385874771579,"0","Bacteroidota","Bacteroidia","Bacteroidales","Bacteroidaceae","Bacteroides","Bacteroides cellulosilyticus","Bacteroides",49,"Bacteroides cellulosilyticus",47,8,0.98,1,0.7,0.1
40520,"Blautia obeum",20761,0.0278561959607778,20471.6,0.0274678865653832,"0","Bacillota","Clostridia","Lachnospirales","Lachnospiraceae","Blautia","Blautia obeum","Blautia",44,"Blautia obeum",25,14,0.62,0.94,0.64,0.24
295405,"Bacteroides fragilis",18173,0.0243837314770587,16314,0.0218893646917272,"0","Bacteroidota","Bacteroidia","Bacteroidales","Bacteroidaceae","Bacteroides","Bacteroides fragilis","Bacteroides",46,"Bacteroides fragilis",42,6,1,1,0.24,0.24
266264,"Cupriavidus metallidurans",15454,0.0207354969595809,15249.1,0.0204606217258045,"0","Pseudomonadota","Betaproteobacteria","Burkholderiales","Burkholderiaceae","Cupriavidus","Cupriavidus metallidurans","Cupriavidus",50,"Cupriavidus metallidurans",50,1,1,1,0.76,0.26
411479,"Bacteroides uniformis",14725,0.0197573568480542,15676.7,0.0210343285228715,"0","Bacteroidota","Bacteroidia","Bacteroidales","Bacteroidaceae","Bacteroides","Bacteroides uniformis","Bacteroides",49,"Bacteroides uniformis",47,7,1,1,0.94,0.12
536231,"Roseburia intestinalis",14675,0.0196902690489097,13712.6,0.0183990160457511,"0","Bacillota","Clostridia","Lachnospirales","Lachnospiraceae","Roseburia","Roseburia intestinalis","Roseburia",50,"Roseburia intestinalis",50,2,1,1,0.68,0.3
1121101,"Bacteroides salyersiae",14236,0.019101238172421,14210.4,0.0190669209383975,"0","Bacteroidota","Bacteroidia","Bacteroidales","Bacteroidaceae","Bacteroides","Bacteroides salyersiae","Bacteroides",50,"Bacteroides salyersiae",42,10,0.9,1,0.32,0.14
47678,"Bacteroides caccae",14012,0.0188006848322537,14490.2,0.0194422847297275,"0","Bacteroidota","Bacteroidia","Bacteroidales","Bacteroidaceae","Bacteroides","Bacteroides caccae","Bacteroides",50,"Bacteroides caccae",48,2,0.96,1,0.46,0.04
484018,"Phocaeicola plebeius",12968,0.0173998915861166,12908.1,0.0173195604980815,"0","Bacteroidota","Bacteroidia","Bacteroidales","Bacteroidaceae","Phocaeicola","Phocaeicola plebeius","Bacteroides",11,"Bacteroides fragilis",7,13,0,0.5,1,0.875
709991,"Odoribacter splanchnicus",12432,0.0166807103792876,12456.6,0.0167136548341384,"0","Bacteroidota","Bacteroidia","Bacteroidales","Odoribacteraceae","Odoribacter","Odoribacter splanchnicus","Odoribacter",47,"Odoribacter splanchnicus",49,4,1,1,0.14,0.14
449673,"Bacteroides stercoris",12182,0.0163452713835651,14068.1,0.0188759964556781,"0","Bacteroidota","Bacteroidia","Bacteroidales","Bacteroidaceae","Bacteroides","Bacteroides stercoris","Bacteroides",48,"Bacteroides stercoris",30,15,0.98,1,0.62,0.22
435591,"Parabacteroides distasonis",11736,0.0157468482151962,11952.7,0.0160375468357194,"0","Bacteroidota","Bacteroidia","Bacteroidales","Tannerellaceae","Parabacteroides","Parabacteroides distasonis","Parabacteroides",50,"Parabacteroides distasonis",50,2,1,1,0.5,0
198214,"Shigella flexneri",11651,0.0156327989566505,11713.9,0.0157171493940856,"0","Pseudomonadota","Gammaproteobacteria","Enterobacterales","Enterobacteriaceae","Shigella","Shigella flexneri","Escherichia",48,"Escherichia coli",48,2,0.16,0.36,1,1
1550024,"Ruthenibacterium lactatiformans",10469,0.0140468433848747,10604.2,0.0142283018990394,"0","Bacillota","Clostridia","Eubacteriales","Oscillospiraceae","Ruthenibacterium","Ruthenibacterium lactatiformans","Ruthenibacterium",39,"Ruthenibacterium lactatiformans",39,13,0.978723404255319,0.978723404255319,0.234042553191489,0.191489361702128
585394,"Roseburia hominis",10192,0.0136751769776141,10336.1,0.0138685199896772,"0","Bacillota","Clostridia","Lachnospirales","Lachnospiraceae","Roseburia","Roseburia hominis","Roseburia",45,"Roseburia hominis",43,12,1,1,0.24,0.16
679935,"Alistipes finegoldii",10159,0.0136308990301788,10060.6,0.0134989262077478,"0","Bacteroidota","Bacteroidia","Bacteroidales","Rikenellaceae","Alistipes","Alistipes finegoldii","Alistipes",48,"Alistipes finegoldii",34,9,0.94,0.96,0.46,0.1
742726,"Barnesiella intestinihominis",10121,0.013579912302829,10547.6,0.0141523591821648,"0","Bacteroidota","Bacteroidia","Bacteroidales","Barnesiellaceae","Barnesiella","Barnesiella intestinihominis","Bacteroides",9,"Bacteroides caccae",5,16,0,0,1,1
537011,"Segatella copri",10059,0.0134967234318898,10045,0.0134778988426158,"0","Bacteroidota","Bacteroidia","Bacteroidales","Prevotellaceae","Segatella","Segatella copri","Segatella",50,"Segatella copri",49,3,1,1,0.2,0.06
411474,"Coprococcus eutactus",9856,0.0132243469673631,9770.8,0.0131100652601561,"0","Bacillota","Clostridia","Lachnospirales","Lachnospiraceae","Coprococcus","Coprococcus eutactus","Coprococcus",48,"Coprococcus eutactus",49,12,0.98,0.98,0.38,0.12
1235811,"Prevotella disiens",9851,0.0132176381874487,8365,0.0112238142508968,"0","Bacteroidota","Bacteroidia","Bacteroidales","Prevotellaceae","Prevotella","Prevotella disiens","Prevotella",20,"Prevotella intermedia",12,12,0,0.777777777777778,1,0.62962962962963
470145,"Phocaeicola coprocola",9750,0.0130821208331768,10655.7,0.0142973493796071,"0","Bacteroidota","Bacteroidia","Bacteroidales","Bacteroidaceae","Phocaeicola","Phocaeicola coprocola","Bacteroides",10,"Bacteroides fragilis",4,21,0,0.4,1,0.866666666666667
479437,"Eggerthella lenta",9373,0.0125762788276273,9241.7,0.0124001372702865,"0","Actinomycetota","Coriobacteriia","Eggerthellales","Eggerthellaceae","Eggerthella","Eggerthella lenta","Eggerthella",50,"Eggerthella lenta",50,1,1,1,0.18,0.08
717959,"Alistipes shahii",9354,0.0125507854639524,9474,0.0127118085370269,"0","Bacteroidota","Bacteroidia","Bacteroidales","Rikenellaceae","Alistipes","Alistipes shahii","Alistipes",49,"Alistipes shahii",40,7,1,1,0.52,0.1
515619,"Agathobacter rectalis",9212,0.012360256114382,9282.5,0.0124548703389393,"0","Bacillota","Clostridia","Lachnospirales","Lachnospiraceae","Agathobacter","Agathobacter rectalis","Agathobacter",48,"Agathobacter rectalis",48,7,1,1,1,0.28
762982,"Paraprevotella xylaniphila",9183,0.0123213451908782,9203.3,0.012348518577537,"0","Bacteroidota","Bacteroidia","Bacteroidales","Prevotellaceae","Paraprevotella","Paraprevotella xylaniphila","Paraprevotella",44,"Paraprevotella xylaniphila",45,11,1,1,0.16,0.14
411461,"Dorea formicigenerans",9157,0.0122864595353231,9051.8,0.0121453198474618,"0","Bacillota","Clostridia","Lachnospirales","Lachnospiraceae","Dorea","Dorea formicigenerans","Dorea",46,"Dorea formicigenerans",40,20,1,1,0.38,0.38
411462,"Dorea longicatena",9069,0.0121683850088288,9051.5,0.0121449288265623,"0","Bacillota","Clostridia","Lachnospirales","Lachnospiraceae","Dorea","Dorea longicatena","Dorea",44,"Dorea longicatena",45,8,0.98,0.98,0.36,0.3
657308,"Gordonibacter pamelaeae",8994,0.012067753310112,9075.2,0.0121767473810758,"0","Actinomycetota","Coriobacteriia","Eggerthellales","Eggerthellaceae","Gordonibacter","Gordonibacter pamelaeae","Gordonibacter",40,"Gordonibacter pamelaeae",39,10,1,1,0.74,0.38
622312,"Roseburia inulinivorans",8928,0.0119791974152413,9499.4,0.0127458892121555,"0","Bacillota","Clostridia","Lachnospirales","Lachnospiraceae","Roseburia","Roseburia inulinivorans","Roseburia",8,"Roseburia intestinalis",6,12,0,0.571428571428571,1,0.642857142857143
471875,"[Ruminococcus] lactaris",8771,0.0117685417259276,8665,0.0116262493064374,"0","Bacillota","Clostridia","Lachnospirales","Lachnospiraceae","Mediterraneibacter","[Ruminococcus] lactaris","Mediterraneibacter",46,"[Ruminococcus] lactaris",40,18,0.98,1,0.36,0.24
411469,"Anaerobutyricum hallii",8653,0.0116102145199465,8705.5,0.0116806638910404,"0","Bacillota","Clostridia","Lachnospirales","Lachnospiraceae","Anaerobutyricum","Anaerobutyricum hallii","Anaerobutyricum",44,"Anaerobutyricum hallii",43,10,1,1,0.28,0.2
1122992,"Hoylesella timonensis",8603,0.011543126720802,8873.5,0.0119061136099585,"0","Bacteroidota","Bacteroidia","Bacteroidales","Prevotellaceae","Hoylesella","Hoylesella timonensis","Hoylesella",8,"Hoylesella buccalis",8,11,0,0.529411764705882,1,0.647058823529412
445973,"Intestinibacter bartlettii",8552,0.0114746971656747,8528,0.0114424705075542,"0","Bacillota","Clostridia","Peptostreptococcales","Peptostreptococcaceae","Intestinibacter","Intestinibacter bartlettii","Intestinibacter",41,"Intestinibacter bartlettii",43,12,1,1,0.163265306122449,0.163265306122449
745368,"Gemmiger formicilis",8478,0.0113754072229408,8551,0.0114733511849366,"0","Bacillota","Clostridia","Eubacteriales","0","Gemmiger","Gemmiger formicilis","Faecalibacterium",6,"Faecalibacterium prausnitzii",4,34,0,0,1,1
1002367,"Leyella stercorea",8442,0.0113271040075568,8557,0.0114813807639542,"0","Bacteroidota","Bacteroidia","Bacteroidales","Prevotellaceae","Leyella","Leyella stercorea","Bacteroides",8,"Bacteroides thetaiotaomicron",6,9,0,0,1,1
292800,"Flavonifractor plautii",8366,0.0112251305528571,8351.4,0.0112055567678006,"0","Bacillota","Clostridia","Eubacteriales","Oscillospiraceae","Flavonifractor","Flavonifractor plautii","Flavonifractor",50,"Flavonifractor plautii",50,1,1,1,0.3,0.22
301302,"Roseburia faecis",8179,0.0109742221840567,8393.5,0.0112620935697101,"0","Bacillota","Clostridia","Lachnospirales","Lachnospiraceae","Roseburia","Roseburia faecis","Roseburia",3,"Bacteriophage sp.",2,8,0.125,0.5,1,0.5
1384484,"Adlercreutzia equolifaciens",8092,0.0108574894135453,8092.5,0.0108582093821306,"0","Actinomycetota","Coriobacteriia","Eggerthellales","Eggerthellaceae","Adlercreutzia","Adlercreutzia equolifaciens","Adlercreutzia",46,"Adlercreutzia equolifaciens",46,7,1,1,0.66,0.32
762966,"Parasutterella excrementihominis",8049,0.010799793906281,8037.6,0.0107845490194236,"0","Pseudomonadota","Betaproteobacteria","Burkholderiales","Sutterellaceae","Parasutterella","Parasutterella excrementihominis","Adineta",1,"Adineta vaga",1,9,0,0,1,1
1256908,"Eubacterium ramulus",7946,0.0106615930400434,7965.7,0.0106879892669346,"0","Bacillota","Clostridia","Eubacteriales","Eubacteriaceae","Eubacterium","Eubacterium ramulus","Blautia",5,"Blautia sp. SC05B48",2,18,0.111111111111111,0.111111111111111,0.888888888888889,0.888888888888889
1150298,"Fusicatenibacter saccharivorans",7939,0.0106522007481631,8099.3,0.0108672188423008,"0","Bacillota","Clostridia","Lachnospirales","Lachnospiraceae","Fusicatenibacter","Fusicatenibacter saccharivorans","Blautia",2,"Bacteriophage sp.",1,11,0,0,1,1
515620,"Lachnospira eligens",7576,0.0101651433263741,7641.6,0.0102531697625402,"0","Bacillota","Clostridia","Lachnospirales","Lachnospiraceae","Lachnospira","Lachnospira eligens","Lachnospira",46,"Lachnospira eligens",45,7,1,1,0.34,0.28
349741,"Akkermansia muciniphila",7007,0.00940168417210972,7007,0.00940168417210972,"0","Verrucomicrobiota","Verrucomicrobiia","Verrucomicrobiales","Akkermansiaceae","Akkermansia","Akkermansia muciniphila","Akkermansia",50,"Akkermansia muciniphila",50,1,1,1,0,0
511680,"Eshraghiella crossota",6998,0.00938960836826371,7188,0.00964450254904344,"0","Bacillota","Clostridia","Lachnospirales","Lachnospiraceae","Eshraghiella","Eshraghiella crossota","Eshraghiella",44,"Eshraghiella crossota",45,22,1,1,0.24,0.22
649756,"Anaerostipes hadrus",6978,0.00936277324860591,6995.3,0.00938600228602483,"0","Bacillota","Clostridia","Lachnospirales","Lachnospiraceae","Anaerostipes","Anaerostipes hadrus","Anaerostipes",47,"Anaerostipes hadrus",45,14,1,1,0.2,0.18
333849,"Enterococcus faecium",6916,0.00927958437766674,6895.2,0.00925169457484874,"0","Bacillota","Bacilli","Lactobacillales","Enterococcaceae","Enterococcus","Enterococcus faecium","Enterococcus",50,"Enterococcus faecium",50,1,1,1,0.04,0
868129,"Prevotella bivia",6892,0.00924738223407738,6944.3,0.00931755894198251,"0","Bacteroidota","Bacteroidia","Bacteroidales","Prevotellaceae","Prevotella","Prevotella bivia","Prevotella",14,"Prevotella intermedia",8,9,0,0.789473684210526,1,0.631578947368421
411903,"Collinsella aerofaciens",6800,0.00912394068365151,6837.7,0.00917451680946837,"0","Actinomycetota","Coriobacteriia","Coriobacteriales","Coriobacteriaceae","Collinsella","Collinsella aerofaciens","Collinsella",49,"Collinsella aerofaciens",47,3,1,1,0.28,0.14
411460,"[Ruminococcus] torques",6780,0.00909710556399371,6790.5,0.00911117087542919,"0","Bacillota","Clostridia","Lachnospirales","Lachnospiraceae","Mediterraneibacter","[Ruminococcus] torques","Mediterraneibacter",48,"[Ruminococcus] torques",49,12,1,1,0.1,0.06
367928,"Bifidobacterium adolescentis",6511,0.00873617320459632,6641,0.00891060552346663,"0","Actinomycetota","Actinomycetes","Bifidobacteriales","Bifidobacteriaceae","Bifidobacterium","Bifidobacterium adolescentis","Bifidobacterium",50,"Bifidobacterium adolescentis",46,3,0.96,1,0.68,0.02
1501391,"Alistipes inops",6491,0.00870933808493852,6493.2,0.00871233248375275,"0","Bacteroidota","Bacteroidia","Bacteroidales","Rikenellaceae","Alistipes","Alistipes inops","Alistipes",4,"uncultured bacterium",3,8,0,0.571428571428571,1,0.571428571428571
568816,"Acidaminococcus intestini",6353,0.00852417575929971,6356.5,0.00852885245664143,"0","Bacillota","Negativicutes","Acidaminococcales","Acidaminococcaceae","Acidaminococcus","Acidaminococcus intestini","Acidaminococcus",50,"Acidaminococcus intestini",50,1,1,1,0.12,0.04
1122981,"Prevotella corporis",6336,0.00850136590759058,7380.6,0.00990291132967696,"0","Bacteroidota","Bacteroidia","Bacteroidales","Prevotellaceae","Prevotella","Prevotella corporis","Prevotella",7,"Prevotella denticola",2,6,0,0.777777777777778,1,0.444444444444444
411463,"Eubacterium ventriosum",6336,0.00850136590759058,6461.8,0.00867020841406223,"0","Bacillota","Clostridia","Eubacteriales","Eubacteriaceae","Eubacterium","Eubacterium ventriosum","Eubacterium",41,"Eubacterium ventriosum",41,16,1,1,0.28,0.28
445970,"Alistipes putredinis",6316,0.00847453078793278,6434.3,0.00863321302680393,"0","Bacteroidota","Bacteroidia","Bacteroidales","Rikenellaceae","Alistipes","Alistipes putredinis","Alistipes",14,"Alistipes onderdonkii",6,27,0,0.636363636363636,1,0.590909090909091
1384063,"Mediterraneibacter gnavus",6144,0.00824374875887572,6238.2,0.00837015669782986,"0","Bacillota","Clostridia","Lachnospirales","Lachnospiraceae","Mediterraneibacter","Mediterraneibacter gnavus","Mediterraneibacter",48,"Mediterraneibacter gnavus",48,9,0.96,0.96,0.3,0.28
518635,"Bifidobacterium angulatum",6122,0.00821423012725214,5935.9,0.00796447337638701,"0","Actinomycetota","Actinomycetes","Bifidobacteriales","Bifidobacteriaceae","Bifidobacterium","Bifidobacterium angulatum","Bifidobacterium",49,"Bifidobacterium angulatum",30,10,0.96,1,0.44,0.06
760570,"Streptococcus parasanguinis",6087,0.00816726866785099,6063.4,0.00813564675452451,"0","Bacillota","Bacilli","Lactobacillales","Streptococcaceae","Streptococcus","Streptococcus parasanguinis","Streptococcus",50,"Streptococcus parasanguinis",42,10,0.98,1,0.98,0.02
479436,"Veillonella parvula",6031,0.00809213033280915,6032.1,0.00809362633933356,"0","Bacillota","Negativicutes","Veillonellales","Veillonellaceae","Veillonella","Veillonella parvula","Veillonella",50,"Veillonella parvula",50,1,1,1,0.52,0.1
702459,"Bifidobacterium bifidum",5852,0.00785195601187186,5857.1,0.0078587411141817,"0","Actinomycetota","Actinomycetes","Bifidobacteriales","Bifidobacteriaceae","Bifidobacterium","Bifidobacterium bifidum","Bifidobacterium",50,"Bifidobacterium bifidum",49,2,0.98,1,0.18,0
1069534,"Ligilactobacillus ruminis",5840,0.00783585494007718,5839.4,0.00783508857280273,"0","Bacillota","Bacilli","Lactobacillales","Lactobacillaceae","Ligilactobacillus","Ligilactobacillus ruminis","Ligilactobacillus",46,"Ligilactobacillus ruminis",43,9,1,1,0.16,0.08
518637,"Holdemanella biformis",5546,0.00744137868110754,5542.9,0.00743722961158692,"0","Bacillota","Erysipelotrichia","Erysipelotrichales","Erysipelotrichaceae","Holdemanella","Holdemanella biformis","Faecalitalea",2,"Faecalitalea cylindroides",2,7,0,0,1,1
626939,"Phascolarctobacterium succinatutens",5494,0.00737160736999726,5536.6,0.00742875650997455,"0","Bacillota","Negativicutes","Acidaminococcales","Acidaminococcaceae","Phascolarctobacterium","Phascolarctobacterium succinatutens","Phascolarctobacterium",49,"Phascolarctobacterium succinatutens",48,17,1,1,0.92,0.12
1458465,"Megasphaera elsdenii",5475,0.00734611400632235,5465.9,0.00733386577464272,"0","Bacillota","Negativicutes","Veillonellales","Veillonellaceae","Megasphaera","Megasphaera elsdenii","Megasphaera",50,"Megasphaera elsdenii",49,3,1,1,0.34,0.08
592028,"Dialister invisus",5362,0.00719449558025579,5361,0.00719315743636198,"0","Bacillota","Negativicutes","Veillonellales","Veillonellaceae","Dialister","Dialister invisus","Streptomyces",2,"Amycolatopsis keratiniphila",1,21,0,0.2,1,0.8
206672,"Bifidobacterium longum",5285,0.00709118036957327,5333.8,0.00715669737419203,"0","Actinomycetota","Actinomycetes","Bifidobacteriales","Bifidobacteriaceae","Bifidobacterium","Bifidobacterium longum","Bifidobacterium",50,"Bifidobacterium longum",50,1,1,1,0.02,0
1282887,"Lachnospira multipara",5220,0.00700396623068542,5218.2,0.00700156032903025,"0","Bacillota","Clostridia","Lachnospirales","Lachnospiraceae","Lachnospira","Lachnospira multipara","Roseburia",2,"Roseburia intestinalis",2,11,0,0.333333333333333,1,1
1051074,"Streptococcus thermophilus",5028,0.00674634908197056,4757.1,0.00638287175020178,"0","Bacillota","Bacilli","Lactobacillales","Streptococcaceae","Streptococcus","Streptococcus thermophilus","Streptococcus",50,"Streptococcus thermophilus",45,2,0.92,1,0.14,0
679190,"Hoylesella buccalis",4457,0.00598020641574041,4815,0.00646055365922073,"0","Bacteroidota","Bacteroidia","Bacteroidales","Prevotellaceae","Hoylesella","Hoylesella buccalis","Hoylesella",45,"Hoylesella buccalis",45,5,0.96,0.96,0.22,0.2
1304,"Streptococcus salivarius",3808,0.00510940678284484,4079.6,0.00547389329813723,"0","Bacillota","Bacilli","Lactobacillales","Streptococcaceae","Streptococcus","Streptococcus salivarius","Streptococcus",50,"Streptococcus salivarius",48,3,0.96,1,0.74,0
901,"Desulfovibrio piger",3635,0.00487728299780489,3635,0.00487727409707454,"0","Thermodesulfobacteriota","Desulfovibrionia","Desulfovibrionales","Desulfovibrionaceae","Desulfovibrio","Desulfovibrio piger","Desulfovibrio",40,"Desulfovibrio piger",32,32,1,1,0.54,0.42
0,"unknown genome; accession ID isNZ_GG662007.1",2680,0.00359590603414501,2661.9,0.003571584713041,"0","0","0","0","0","0","0","Coprococcus",42,"Coprococcus comes",43,9,0.98,0.98,0.42,0.42
411483,"Faecalibacterium duncaniae",2625,0.00352210945508606,2495.6,0.00334852090671333,"0","Bacillota","Clostridia","Eubacteriales","Oscillospiraceae","Faecalibacterium","Faecalibacterium duncaniae","Faecalibacterium",45,"Faecalibacterium prausnitzii",36,28,0.9,0.98,1,0.62
999419,"Parabacteroides johnsonii",2248,0.00301626744953656,2248.6,0.00301713492877062,"0","Bacteroidota","Bacteroidia","Bacteroidales","Tannerellaceae","Parabacteroides","Parabacteroides johnsonii","Parabacteroides",45,"Parabacteroides merdae",45,8,0.9,0.92,1,0.26
0,"unknown genome; accession ID isNZ_GG662014.1",2227,0.00298809057389587,2349.7,0.00315274981001091,"0","0","0","0","0","0","0","Coprococcus",46,"Coprococcus comes",47,13,1,1,0.4,0.32
334413,"Finegoldia magna",1137,0.00152557655254585,1128.7,0.0015144701918368,"0","Bacillota","Tissierellia","Tissierellales","Peptoniphilaceae","Finegoldia","Finegoldia magna","Finegoldia",49,"Finegoldia magna",49,3,1,1,0.24,0.24
1347393,"Bacteroides neonati",946,0.00126930115981387,533.9,0.00071632673704765,"0","Bacteroidota","Bacteroidia","Bacteroidales","Bacteroidaceae","Bacteroides","Bacteroides neonati","Phocaeicola",47,"Phocaeicola dorei",47,3,0,1,1,1
300267,"Shigella dysenteriae",936,0.00125588359998497,1022.4,0.00137175722810613,"0","Pseudomonadota","Gammaproteobacteria","Enterobacterales","Enterobacteriaceae","Shigella","Shigella dysenteriae","Escherichia",48,"Escherichia coli",48,2,0,0.16,1,1
742740,"[Clostridium] symbiosum",910,0.00122099794442983,872.4,0.00117053709595505,"0","Bacillota","Clostridia","Lachnospirales","Lachnospiraceae","Lachnoclostridium","[Clostridium] symbiosum","Faecalibacterium",26,"Lachnospiraceae bacterium GAM79",19,36,0.04,0.08,1,1
1236508,"Prevotella aurantiaca",877,0.00117671999699447,784.6,0.00105276583875074,"0","Bacteroidota","Bacteroidia","Bacteroidales","Prevotellaceae","Prevotella","Prevotella aurantiaca","Prevotella",45,"Prevotella jejuni",21,10,0,0.979591836734694,1,0.653061224489796
566550,"Hungatella hathewayi",850,0.00114049258545644,658.9,0.000884041244975639,"0","Bacillota","Clostridia","Lachnospirales","Lachnospiraceae","Hungatella","Hungatella hathewayi","Faecalibacterium",20,"Faecalibacterium prausnitzii",17,55,0.78,0.78,1,1
0,"unknown genome; accession ID isNZ_GG662012.1",835,0.00112036624571309,834.6,0.00111986287973554,"0","0","0","0","0","0","0","Coprococcus",46,"Coprococcus comes",47,5,1,1,0.3,0.28
0,"unknown genome; accession ID isNZ_GG662008.1",820,0.00110023990596974,815.6,0.00109435039129756,"0","0","0","0","0","0","0","Coprococcus",47,"Coprococcus comes",47,9,1,1,0.56,0.56
1650663,"Allofournierella massiliensis",752,0.00100900049913323,699.2,0.000938184065715887,"0","Bacillota","Clostridia","Eubacteriales","Oscillospiraceae","Allofournierella","Allofournierella massiliensis","Faecalibacterium",7,"Flavonifractor plautii",6,32,0,0,1,1
99287,"Salmonella enterica",750,0.00100631698716745,522.8,0.000701530710599026,"0","Pseudomonadota","Gammaproteobacteria","Enterobacterales","Enterobacteriaceae","Salmonella","Salmonella enterica","Escherichia",32,"Escherichia coli",31,5,0.18,0.18,1,1
0,"unknown genome; accession ID isNZ_GG662006.1",696,0.00093386216409139,707.3,0.000948964797514471,"0","0","0","0","0","0","0","Coprococcus",44,"Coprococcus comes",46,12,1,1,0.52,0.46
0,"unknown genome; accession ID isNZ_GG662013.1",685,0.000919102848279601,685.1,0.000919242826816874,"0","0","0","0","0","0","0","Coprococcus",46,"Coprococcus comes",46,7,1,1,0.26,0.2
0,"unknown genome; accession ID isNZ_GG662010.1",638,0.000856040317083774,639.5,0.000858023267453078,"0","0","0","0","0","0","0","Coprococcus",41,"Coprococcus comes",46,11,1,1,0.42,0.4
537007,"Blautia hansenii",608,0.000815787637597076,611,0.000819874764695725,"0","Bacillota","Clostridia","Lachnospirales","Lachnospiraceae","Blautia","Blautia hansenii","Blautia",44,"uncultured human fecal virus",24,4,0.8,0.918367346938776,1,0.959183673469388
97081,"Traversvirus II",527,0.000707105402982992,343.1,0.00046041158740204,"0","Uroviricota","Caudoviricetes","0","0","Traversvirus","Traversvirus II","Escherichia",50,"Escherichia coli",50,1,0,0,1,1
1033732,"Alistipes senegalensis",522,0.000700396623068542,421.4,0.00056543285990905,"0","Bacteroidota","Bacteroidia","Bacteroidales","Rikenellaceae","Alistipes","Alistipes senegalensis","Alistipes",50,"Alistipes senegalensis",38,5,1,1,0.94,0.06
428127,"Amedibacillus dolichus",459,0.000615865996146477,360.3,0.000483371993162287,"0","Bacillota","Erysipelotrichia","Erysipelotrichales","Erysipelotrichaceae","Amedibacillus","Amedibacillus dolichus","Enterocloster",17,"Agathobacter rectalis",20,35,0,0,1,1
411471,"Subdoligranulum variabile",421,0.00056487926879666,453.5,0.00060849203085683,"0","Bacillota","Clostridia","Eubacteriales","Oscillospiraceae","Subdoligranulum","Subdoligranulum variabile","Faecalibacterium",25,"Subdoligranulum variabile",24,55,0.78,0.78,0.88,0.86
997884,"Bacteroides nordii",334,0.000448146498285236,335.1,0.000449556846062327,"0","Bacteroidota","Bacteroidia","Bacteroidales","Bacteroidaceae","Bacteroides","Bacteroides nordii","Bacteroides",48,"Bacteroides xylanisolvens",20,10,0.32,1,1,0.44
0,"unknown genome; accession ID isNZ_GG662011.1",299,0.000401185038884088,299,0.000401209926687002,"0","0","0","0","0","0","0","Coprococcus",47,"Coprococcus comes",47,4,1,1,0.2,0.2
0,"unknown genome; accession ID isNZ_ACCK01000411.1",291,0.000390450991020969,291,0.000390450991020969,"0","0","0","0","0","0","0","Catenibacterium",42,"Catenibacterium mitsuokai",44,17,1,1,0.52,0.26
0,"unknown genome; accession ID isNZ_BBDW01000007.1",272,0.00036495762734606,259.7,0.000348515611968033,"0","0","0","0","0","0","0","Anaerobutyricum",44,"Anaerobutyricum hallii",43,9,0,0.5,1,1
763034,"Bacteroides fluxus",271,0.00036361587136317,271.1,0.000363717650376449,"0","Bacteroidota","Bacteroidia","Bacteroidales","Bacteroidaceae","Bacteroides","Bacteroides fluxus","0",0,"0",0,0,0,0,0,0
68895,"Cupriavidus basilensis",260,0.000348856555551381,260.2,0.00034909672671275,"0","Pseudomonadota","Betaproteobacteria","Burkholderiales","Burkholderiaceae","Cupriavidus","Cupriavidus basilensis","0",0,"0",0,0,0,0,0,0
0,"unknown genome; accession ID isNZ_ACCK01000438.1",228,0.000305920364098904,228,0.000305898625845439,"0","0","0","0","0","0","0","0",0,"0",0,0,0,0,0,0
1236513,"Bacteroides faecichinchillae",200,0.000268351196577986,200.9,0.000269534736124394,"0","Bacteroidota","Bacteroidia","Bacteroidales","Bacteroidaceae","Bacteroides","Bacteroides faecichinchillae","0",0,"0",0,0,0,0,0,0
0,"unknown genome; accession ID isNZ_ACCK01000072.1",196,0.000262984172646426,196,0.000262984172646426,"0","0","0","0","0","0","0","0",0,"0",0,0,0,0,0,0
0,"unknown genome; accession ID isNZ_ACCK01000024.1",196,0.000262984172646426,196,0.000262984172646426,"0","0","0","0","0","0","0","0",0,"0",0,0,0,0,0,0
0,"unknown genome; accession ID isNZ_ACCK01000059.1",194,0.000260300660680646,194,0.000260300662132538,"0","0","0","0","0","0","0","0",0,"0",0,0,0,0,0,0
445972,"Anaerotruncus colihominis",192,0.000257617148714866,192,0.000257601432430817,"0","Bacillota","Clostridia","Eubacteriales","Oscillospiraceae","Anaerotruncus","Anaerotruncus colihominis","0",0,"0",0,0,0,0,0,0
0,"unknown genome; accession ID isNZ_ACCK01000449.1",189,0.000253591880766196,188.7,0.000253167262081554,"0","0","0","0","0","0","0","0",0,"0",0,0,0,0,0,0
518634,"Bifidobacterium breve",188,0.000252250124783306,187.5,0.000251589609665403,"0","Actinomycetota","Actinomycetes","Bifidobacteriales","Bifidobacteriaceae","Bifidobacterium","Bifidobacterium breve","0",0,"0",0,0,0,0,0,0
701347,"[Enterobacter] lignolyticus",186,0.000249566612817527,217.2,0.000291446049093428,"0","Pseudomonadota","Gammaproteobacteria","Enterobacterales","Enterobacteriaceae","Pluralibacter","[Enterobacter] lignolyticus","0",0,"0",0,0,0,0,0,0
0,"unknown genome; accession ID isNZ_ACCK01000418.1",185,0.000248224856834637,185,0.000248224856834637,"0","0","0","0","0","0","0","0",0,"0",0,0,0,0,0,0
214092,"Yersinia pestis",183,0.000245541344868857,183.1,0.000245612597662214,"0","Pseudomonadota","Gammaproteobacteria","Enterobacterales","Yersiniaceae","Yersinia","Yersinia pestis","0",0,"0",0,0,0,0,0,0
888743,"Prevotella multiformis",183,0.000245541344868857,182.7,0.000245110537296142,"0","Bacteroidota","Bacteroidia","Bacteroidales","Prevotellaceae","Prevotella","Prevotella multiformis","0",0,"0",0,0,0,0,0,0
0,"unknown genome; accession ID isNZ_ACCK01000421.1",179,0.000240174320937297,179,0.000240174320937297,"0","0","0","0","0","0","0","0",0,"0",0,0,0,0,0,0
196242,"Marienburgvirus BP4795",166,0.000222731493159728,234.7,0.000314861764705996,"0","Uroviricota","Caudoviricetes","0","0","Marienburgvirus","Marienburgvirus BP4795","0",0,"0",0,0,0,0,0,0
0,"unknown genome; accession ID isNZ_ACCK01000073.1",165,0.000221389737176838,165,0.000221389737176838,"0","0","0","0","0","0","0","0",0,"0",0,0,0,0,0,0
908937,"Prevotella dentalis",162,0.000217364469228168,117.7,0.000157867929346976,"0","Bacteroidota","Bacteroidia","Bacteroidales","Prevotellaceae","Prevotella","Prevotella dentalis","0",0,"0",0,0,0,0,0,0
1427517,"Xenorhabdus cabanillasii",161,0.000216022713245278,160.9,0.000215860903777747,"0","Pseudomonadota","Gammaproteobacteria","Enterobacterales","Morganellaceae","Xenorhabdus","Xenorhabdus cabanillasii","0",0,"0",0,0,0,0,0,0
1035839,"Haemophilus sputorum",161,0.000216022713245278,157,0.000210714728524745,"0","Pseudomonadota","Gammaproteobacteria","Pasteurellales","Pasteurellaceae","Haemophilus","Haemophilus sputorum","0",0,"0",0,0,0,0,0,0
1122949,"Peptoniphilus lacrimalis",157,0.000210655689313719,88.7,0.000118971359876476,"0","Bacillota","Tissierellia","Tissierellales","Peptoniphilaceae","Peptoniphilus","Peptoniphilus lacrimalis","0",0,"0",0,0,0,0,0,0
0,"unknown genome; accession ID isNZ_ACCK01000033.1",152,0.000203946909399269,152,0.000203946909399269,"0","0","0","0","0","0","0","0",0,"0",0,0,0,0,0,0
1118056,"Anaerococcus obesiensis",152,0.000203946909399269,102.1,0.000136946376475103,"0","Bacillota","Tissierellia","Tissierellales","Peptoniphilaceae","Anaerococcus","Anaerococcus obesiensis","0",0,"0",0,0,0,0,0,0
0,"unknown genome; accession ID isNZ_ACCK01000080.1",135,0.00018113705769014,135,0.00018113705769014,"0","0","0","0","0","0","0","0",0,"0",0,0,0,0,0,0
0,"unknown genome; accession ID isNZ_ACCK01000034.1",132,0.00017711178974147,132,0.00017711724349218,"0","0","0","0","0","0","0","0",0,"0",0,0,0,0,0,0
1150423,"Bifidobacterium dentium",130,0.000174428277775691,129.6,0.00017394555296147,"0","Actinomycetota","Actinomycetes","Bifidobacteriales","Bifidobacteriaceae","Bifidobacterium","Bifidobacterium dentium","0",0,"0",0,0,0,0,0,0
1547597,"Sanguibacteroides justesenii",130,0.000174428277775691,130,0.000174429027755434,"0","Bacteroidota","Bacteroidia","Bacteroidales","Porphyromonadaceae","Sanguibacteroides","Sanguibacteroides justesenii","0",0,"0",0,0,0,0,0,0
626937,"Christensenella minuta",123,0.000165035985895461,122.1,0.000163850364378597,"0","Bacillota","Clostridia","Christensenellales","Christensenellaceae","Christensenella","Christensenella minuta","0",0,"0",0,0,0,0,0,0
0,"unknown genome; accession ID isNZ_ACCK01000410.1",122,0.000163694229912571,122,0.000163694229912571,"0","0","0","0","0","0","0","0",0,"0",0,0,0,0,0,0
0,"unknown genome; accession ID isNZ_ACCK01000007.1",121,0.000162352473929681,121,0.000162352473929681,"0","0","0","0","0","0","0","0",0,"0",0,0,0,0,0,0
0,"unknown genome; accession ID isNZ_ACCK01000069.1",117,0.000156985449998122,117,0.000156985217907313,"0","0","0","0","0","0","0","0",0,"0",0,0,0,0,0,0
0,"unknown genome; accession ID isNZ_ACCK01000308.1",116,0.000155643694015232,116,0.000155643694015232,"0","0","0","0","0","0","0","0",0,"0",0,0,0,0,0,0
0,"unknown genome; accession ID isNZ_ACCK01000015.1",115,0.000154301938032342,115,0.000154297120702203,"0","0","0","0","0","0","0","0",0,"0",0,0,0,0,0,0
0,"unknown genome; accession ID isNZ_BBDW01000006.1",114,0.000152960182049452,91.4,0.000122648302703307,"0","0","0","0","0","0","0","0",0,"0",0,0,0,0,0,0
1121323,"Anaerotignum lactatifermentans",113,0.000151618426066562,114.9,0.000154191675337304,"0","Bacillota","Clostridia","Lachnospirales","Anaerotignaceae","Anaerotignum","Anaerotignum lactatifermentans","0",0,"0",0,0,0,0,0,0
1852370,"Prevotellamassilia timonensis",113,0.000151618426066562,116.4,0.000156203662116927,"0","Bacteroidota","Bacteroidia","Bacteroidales","Prevotellaceae","Prevotellamassilia","Prevotellamassilia timonensis","0",0,"0",0,0,0,0,0,0
1447715,"Bifidobacterium pseudolongum",110,0.000147593158117892,110.2,0.000147860369112568,"0","Actinomycetota","Actinomycetes","Bifidobacteriales","Bifidobacteriaceae","Bifidobacterium","Bifidobacterium pseudolongum","0",0,"0",0,0,0,0,0,0
0,"unknown genome; accession ID isNZ_ACCK01000065.1",110,0.000147593158117892,110,0.000147593158117892,"0","0","0","0","0","0","0","0",0,"0",0,0,0,0,0,0
0,"unknown genome; accession ID isNZ_ACCK01000066.1",108,0.000144909646152112,108,0.000144909646152112,"0","0","0","0","0","0","0","0",0,"0",0,0,0,0,0,0
0,"unknown genome; accession ID isNZ_ACCK01000036.1",108,0.000144909646152112,108,0.000144909646152112,"0","0","0","0","0","0","0","0",0,"0",0,0,0,0,0,0
0,"unknown genome; accession ID isNZ_ACCK01000074.1",106,0.000142226134186332,106,0.000142226134186332,"0","0","0","0","0","0","0","0",0,"0",0,0,0,0,0,0
411467,"Pseudoflavonifractor capillosus",106,0.000142226134186332,104.2,0.000139746543422807,"0","Bacillota","Clostridia","Eubacteriales","Oscillospiraceae","Pseudoflavonifractor","Pseudoflavonifractor capillosus","0",0,"0",0,0,0,0,0,0
0,"unknown genome; accession ID isNZ_ACCK01000043.1",104,0.000139542622220552,104,0.000139542622220552,"0","0","0","0","0","0","0","0",0,"0",0,0,0,0,0,0
1297617,"Intestinimonas butyriciproducens",103,0.000138200866237663,83.2,0.000111692759225945,"0","Bacillota","Clostridia","Eubacteriales","0","Intestinimonas","Intestinimonas butyriciproducens","0",0,"0",0,0,0,0,0,0
0,"unknown genome; accession ID isNZ_ACCK01000012.1",100,0.000134175598288993,100,0.000134175598288993,"0","0","0","0","0","0","0","0",0,"0",0,0,0,0,0,0
0,"unknown genome; accession ID isNZ_ACCK01000006.1",98,0.000131492086323213,98.3,0.000131909602550096,"0","0","0","0","0","0","0","0",0,"0",0,0,0,0,0,0
0,"unknown genome; accession ID isNZ_ACCK01000460.1",97,0.000130150330340323,97,0.000130126692024489,"0","0","0","0","0","0","0","0",0,"0",0,0,0,0,0,0
0,"unknown genome; accession ID isNZ_ACCK01000409.1",97,0.000130150330340323,97,0.000130150750167846,"0","0","0","0","0","0","0","0",0,"0",0,0,0,0,0,0
0,"unknown genome; accession ID isNZ_ACCK01000408.1",97,0.000130150330340323,97,0.000130150562431131,"0","0","0","0","0","0","0","0",0,"0",0,0,0,0,0,0
0,"unknown genome; accession ID isNZ_ACCK01000013.1",96,0.000128808574357433,96,0.000128808574357433,"0","0","0","0","0","0","0","0",0,"0",0,0,0,0,0,0
0,"unknown genome; accession ID isNZ_ACCK01000083.1",94,0.000126125062391653,94,0.000126125062391653,"0","0","0","0","0","0","0","0",0,"0",0,0,0,0,0,0
0,"unknown genome; accession ID isNZ_ACCK01000075.1",94,0.000126125062391653,94,0.000126125062391653,"0","0","0","0","0","0","0","0",0,"0",0,0,0,0,0,0
1815968,"Punavirus SJ46",94,0.000126125062391653,106,0.000142269005994057,"0","Uroviricota","Caudoviricetes","0","0","Punavirus","Punavirus SJ46","0",0,"0",0,0,0,0,0,0
299766,"Enterobacter hormaechei",93,0.000124783306408763,153.7,0.000206232030677217,"0","Pseudomonadota","Gammaproteobacteria","Enterobacterales","Enterobacteriaceae","Enterobacter","Enterobacter hormaechei","0",0,"0",0,0,0,0,0,0
0,"unknown genome; accession ID isNZ_ACCK01000021.1",92,0.000123441550425873,92,0.000123441549866636,"0","0","0","0","0","0","0","0",0,"0",0,0,0,0,0,0
564886,"Pankowvirus YYZ2008",91,0.000122099794442983,83.2,0.000111603573197232,"0","Uroviricota","Caudoviricetes","0","0","Pankowvirus","Pankowvirus YYZ2008","0",0,"0",0,0,0,0,0,0
742817,"Odoribacter laneus",90,0.000120758038460093,86.7,0.000116396719596308,"0","Bacteroidota","Bacteroidia","Bacteroidales","Odoribacteraceae","Odoribacter","Odoribacter laneus","0",0,"0",0,0,0,0,0,0
1745713,"Bariatricus massiliensis",86,0.000115391014528534,97.6,0.000130927724725095,"0","Bacillota","Clostridia","Lachnospirales","Lachnospiraceae","Bariatricus","Bariatricus massiliensis","0",0,"0",0,0,0,0,0,0
1776384,"Emergencia timonensis",86,0.000115391014528534,83.9,0.000112561446934265,"0","Bacillota","Clostridia","Peptostreptococcales","Anaerovoracaceae","Emergencia","Emergencia timonensis","0",0,"0",0,0,0,0,0,0
0,"unknown genome; accession ID isNZ_ACCK01000442.1",85,0.000114049258545644,85.6,0.000114874419046978,"0","0","0","0","0","0","0","0",0,"0",0,0,0,0,0,0
0,"unknown genome; accession ID isNZ_ACCK01000047.1",85,0.000114049258545644,85,0.000114049258545644,"0","0","0","0","0","0","0","0",0,"0",0,0,0,0,0,0
547042,"Phocaeicola coprophilus",85,0.000114049258545644,81.8,0.000109712390787072,"0","Bacteroidota","Bacteroidia","Bacteroidales","Bacteroidaceae","Phocaeicola","Phocaeicola coprophilus","0",0,"0",0,0,0,0,0,0
1445607,"Bacteroides reticulotermitis",84,0.000112707502562754,84.1,0.000112780748446713,"0","Bacteroidota","Bacteroidia","Bacteroidales","Bacteroidaceae","Bacteroides","Bacteroides reticulotermitis","0",0,"0",0,0,0,0,0,0
585502,"Hallella bergensis",83,0.000111365746579864,82.5,0.000110744007915162,"0","Bacteroidota","Bacteroidia","Bacteroidales","Prevotellaceae","Hallella","Hallella bergensis","0",0,"0",0,0,0,0,0,0
0,"unknown genome; accession ID isNZ_GG662009.1",82,0.000110023990596974,82,0.000110021613426256,"0","0","0","0","0","0","0","0",0,"0",0,0,0,0,0,0
1437610,"Bifidobacterium reuteri",82,0.000110023990596974,82.7,0.000110944906810093,"0","Actinomycetota","Actinomycetes","Bifidobacteriales","Bifidobacteriaceae","Bifidobacterium","Bifidobacterium reuteri","0",0,"0",0,0,0,0,0,0
0,"unknown genome; accession ID isNZ_ACCK01000402.1",80,0.000107340478631194,79.6,0.000106817219456691,"0","0","0","0","0","0","0","0",0,"0",0,0,0,0,0,0
0,"unknown genome; accession ID isNZ_ACCK01000037.1",80,0.000107340478631194,80,0.000107340166895839,"0","0","0","0","0","0","0","0",0,"0",0,0,0,0,0,0
0,"unknown genome; accession ID isNZ_ACCK01000052.1",79,0.000105998722648304,79,0.000105998722648304,"0","0","0","0","0","0","0","0",0,"0",0,0,0,0,0,0
1034345,"Senegalimassilia anaerobia",79,0.000105998722648304,78.6,0.000105434396154742,"0","Actinomycetota","Coriobacteriia","Coriobacteriales","Coriobacteriaceae","Senegalimassilia","Senegalimassilia anaerobia","0",0,"0",0,0,0,0,0,0
0,"unknown genome; accession ID isNZ_ACCK01000423.1",78,0.000104656966665414,78,0.000104656966665414,"0","0","0","0","0","0","0","0",0,"0",0,0,0,0,0,0
1006000,"Kluyvera ascorbata",77,0.000103315210682524,131.6,0.000176609343275531,"0","Pseudomonadota","Gammaproteobacteria","Enterobacterales","Enterobacteriaceae","Kluyvera","Kluyvera ascorbata","0",0,"0",0,0,0,0,0,0
0,"unknown genome; accession ID isNZ_ACCK01000079.1",77,0.000103315210682524,77,0.000103314051660128,"0","0","0","0","0","0","0","0",0,"0",0,0,0,0,0,0
679200,"Johnsonella ignava",76,0.000101973454699635,75.4,0.000101204153067639,"0","Bacillota","Clostridia","Lachnospirales","Lachnospiraceae","Johnsonella","Johnsonella ignava","0",0,"0",0,0,0,0,0,0
0,"unknown genome; accession ID isNZ_ACCK01000443.1",72,9.66064307680748e-05,72,9.66064281621878e-05,"0","0","0","0","0","0","0","0",0,"0",0,0,0,0,0,0
0,"unknown genome; accession ID isNZ_ACCK01000081.1",72,9.66064307680748e-05,72,9.66064307680748e-05,"0","0","0","0","0","0","0","0",0,"0",0,0,0,0,0,0
226185,"Enterococcus faecalis",70,9.39229188022949e-05,66.5,8.92864097014732e-05,"0","Bacillota","Bacilli","Lactobacillales","Enterococcaceae","Enterococcus","Enterococcus faecalis","0",0,"0",0,0,0,0,0,0
0,"unknown genome; accession ID isNZ_ACCK01000071.1",70,9.39229188022949e-05,70,9.39229188022949e-05,"0","0","0","0","0","0","0","0",0,"0",0,0,0,0,0,0
0,"unknown genome; accession ID isNZ_ACCK01000447.1",69,9.2581162819405e-05,69.3,9.30057806873998e-05,"0","0","0","0","0","0","0","0",0,"0",0,0,0,0,0,0
0,"unknown genome; accession ID isNZ_ACCK01000415.1",69,9.2581162819405e-05,69,9.2581162819405e-05,"0","0","0","0","0","0","0","0",0,"0",0,0,0,0,0,0
0,"unknown genome; accession ID isNZ_ACCK01000078.1",69,9.2581162819405e-05,69,9.2581162819405e-05,"0","0","0","0","0","0","0","0",0,"0",0,0,0,0,0,0
1841865,"Mediterranea massiliensis",69,9.2581162819405e-05,70,9.39870410886749e-05,"0","Bacteroidota","Bacteroidia","Bacteroidales","Bacteroidaceae","Mediterranea","Mediterranea massiliensis","0",0,"0",0,0,0,0,0,0
0,"unknown genome; accession ID isNZ_ACCK01000424.1",68,9.12394068365151e-05,68.4,9.17626139412263e-05,"0","0","0","0","0","0","0","0",0,"0",0,0,0,0,0,0
1254439,"Bifidobacterium thermophilum",67,8.98976508536252e-05,30.9,4.14693881576741e-05,"0","Actinomycetota","Actinomycetes","Bifidobacteriales","Bifidobacteriaceae","Bifidobacterium","Bifidobacterium thermophilum","0",0,"0",0,0,0,0,0,0
39482,"Faecalicatena contorta",62,8.31888709391755e-05,57.6,7.73189893142775e-05,"0","Bacillota","Clostridia","Lachnospirales","Lachnospiraceae","Faecalicatena","Faecalicatena contorta","0",0,"0",0,0,0,0,0,0
0,"unknown genome; accession ID isNZ_ACCK01000016.1",61,8.18471149562856e-05,61,8.18471149562856e-05,"0","0","0","0","0","0","0","0",0,"0",0,0,0,0,0,0
0,"unknown genome; accession ID isNZ_ACCK01000039.1",60,8.05053589733957e-05,60,8.05053589733957e-05,"0","0","0","0","0","0","0","0",0,"0",0,0,0,0,0,0
1653435,"Merdimonas faecis",60,8.05053589733957e-05,67.5,9.0565019320335e-05,"0","Bacillota","Clostridia","Lachnospirales","Lachnospiraceae","Merdimonas","Merdimonas faecis","0",0,"0",0,0,0,0,0,0
0,"unknown genome; accession ID isNZ_ACCK01000061.1",58,7.78218470076158e-05,58,7.78218470076158e-05,"0","0","0","0","0","0","0","0",0,"0",0,0,0,0,0,0
1410657,"Kandleria vitulina",57,7.64800910247259e-05,60.1,8.07049975755997e-05,"0","Bacillota","Erysipelotrichia","Erysipelotrichales","Coprobacillaceae","Kandleria","Kandleria vitulina","0",0,"0",0,0,0,0,0,0
1907654,"Collinsella bouchesdurhonensis",54,7.24548230760561e-05,54,7.24312656984298e-05,"0","Actinomycetota","Coriobacteriia","Coriobacteriales","Coriobacteriaceae","Collinsella","Collinsella bouchesdurhonensis","0",0,"0",0,0,0,0,0,0
0,"unknown genome; accession ID isNZ_ACCK01000471.1",51,6.84295551273863e-05,51,6.84295551273863e-05,"0","0","0","0","0","0","0","0",0,"0",0,0,0,0,0,0
0,"unknown genome; accession ID isNZ_ACCK01000002.1",51,6.84295551273863e-05,51,6.84295551273863e-05,"0","0","0","0","0","0","0","0",0,"0",0,0,0,0,0,0
0,"unknown genome; accession ID isNZ_ACCK01000400.1",50,6.70877991444964e-05,50.3,6.75169757601033e-05,"0","0","0","0","0","0","0","0",0,"0",0,0,0,0,0,0
0,"unknown genome; accession ID isNZ_ACCK01000054.1",49,6.57460431616065e-05,49,6.57460431616065e-05,"0","0","0","0","0","0","0","0",0,"0",0,0,0,0,0,0
911023,"Yokenella regensburgei",49,6.57460431616065e-05,48,6.43564631416911e-05,"0","Pseudomonadota","Gammaproteobacteria","Enterobacterales","Enterobacteriaceae","Yokenella","Yokenella regensburgei","0",0,"0",0,0,0,0,0,0
1723382,"Urinicoccus massiliensis",49,6.57460431616065e-05,67.3,9.03257643163567e-05,"0","Bacillota","Tissierellia","Tissierellales","Peptoniphilaceae","Urinicoccus","Urinicoccus massiliensis","0",0,"0",0,0,0,0,0,0
0,"unknown genome; accession ID isNZ_ACCK01000444.1",48,6.44042871787165e-05,48,6.44042871787165e-05,"0","0","0","0","0","0","0","0",0,"0",0,0,0,0,0,0
1590550,"Punavirus RCS47",48,6.44042871787165e-05,47.5,6.36773960371285e-05,"0","Uroviricota","Caudoviricetes","0","0","Punavirus","Punavirus RCS47","0",0,"0",0,0,0,0,0,0
0,"unknown genome; accession ID isNZ_ACCK01000406.1",47,6.30625311958266e-05,47,6.30625311958266e-05,"0","0","0","0","0","0","0","0",0,"0",0,0,0,0,0,0
0,"unknown genome; accession ID isNZ_ACCK01000446.1",46,6.17207752129367e-05,46,6.17207752129367e-05,"0","0","0","0","0","0","0","0",0,"0",0,0,0,0,0,0
997894,"Enterocloster bolteae",46,6.17207752129367e-05,47.5,6.37904650115673e-05,"0","Bacillota","Clostridia","Lachnospirales","Lachnospiraceae","Enterocloster","Enterocloster bolteae","0",0,"0",0,0,0,0,0,0
0,"unknown genome; accession ID isNZ_ACCK01000440.1",44,5.90372632471568e-05,43.1,5.77829261302153e-05,"0","0","0","0","0","0","0","0",0,"0",0,0,0,0,0,0
1408437,"Agathobaculum desmolans",43,5.76955072642669e-05,43,5.76681549993924e-05,"0","Bacillota","Clostridia","Eubacteriales","Butyricicoccaceae","Agathobaculum","Agathobaculum desmolans","0",0,"0",0,0,0,0,0,0
1121094,"Phocaeicola barnesiae",42,5.6353751281377e-05,40.6,5.45223923441126e-05,"0","Bacteroidota","Bacteroidia","Bacteroidales","Bacteroidaceae","Phocaeicola","Phocaeicola barnesiae","0",0,"0",0,0,0,0,0,0
1917878,"Prevotella ihumii",42,5.6353751281377e-05,40.1,5.38401651611222e-05,"0","Bacteroidota","Bacteroidia","Bacteroidales","Prevotellaceae","Prevotella","Prevotella ihumii","0",0,"0",0,0,0,0,0,0
0,"unknown genome; accession ID isNC_021019.1",41,5.5011995298487e-05,40.5,5.43620325423368e-05,"0","0","0","0","0","0","0","0",0,"0",0,0,0,0,0,0
0,"unknown genome; accession ID isNZ_ACCK01000020.1",41,5.5011995298487e-05,41,5.5011995298487e-05,"0","0","0","0","0","0","0","0",0,"0",0,0,0,0,0,0
0,"unknown genome; accession ID isNZ_ACCK01000003.1",41,5.5011995298487e-05,41,5.5011995298487e-05,"0","0","0","0","0","0","0","0",0,"0",0,0,0,0,0,0
742743,"Dialister succinatiphilus",41,5.5011995298487e-05,41.7,5.59577873552841e-05,"0","Bacillota","Negativicutes","Veillonellales","Veillonellaceae","Dialister","Dialister succinatiphilus","0",0,"0",0,0,0,0,0,0
1121331,"Hathewaya proteolytica",40,5.36702393155971e-05,34.4,4.61580087869511e-05,"0","Bacillota","Clostridia","Eubacteriales","Clostridiaceae","Hathewaya","Hathewaya proteolytica","0",0,"0",0,0,0,0,0,0
1121114,"Blautia producta",40,5.36702393155971e-05,47.7,6.397484990194e-05,"0","Bacillota","Clostridia","Lachnospirales","Lachnospiraceae","Blautia","Blautia producta","0",0,"0",0,0,0,0,0,0
0,"unknown genome; accession ID isNZ_ACCK01000441.1",39,5.23284833327072e-05,38.9,5.21564857220086e-05,"0","0","0","0","0","0","0","0",0,"0",0,0,0,0,0,0
0,"unknown genome; accession ID isNZ_ACCK01000051.1",39,5.23284833327072e-05,39,5.23284833327072e-05,"0","0","0","0","0","0","0","0",0,"0",0,0,0,0,0,0
1218112,"Kluyvera cryocrescens",38,5.09867273498173e-05,37.1,4.9810056686976e-05,"0","Pseudomonadota","Gammaproteobacteria","Enterobacterales","Enterobacteriaceae","Kluyvera","Kluyvera cryocrescens","0",0,"0",0,0,0,0,0,0
1300150,"Enterococcus mundtii",38,5.09867273498173e-05,36.5,4.90175865520093e-05,"0","Bacillota","Bacilli","Lactobacillales","Enterococcaceae","Enterococcus","Enterococcus mundtii","0",0,"0",0,0,0,0,0,0
0,"unknown genome; accession ID isNZ_ACCK01000055.1",38,5.09867273498173e-05,38,5.09867273498173e-05,"0","0","0","0","0","0","0","0",0,"0",0,0,0,0,0,0
0,"unknown genome; accession ID isNZ_ACCK01000448.1",37,4.96449713669273e-05,37,4.96449713669273e-05,"0","0","0","0","0","0","0","0",0,"0",0,0,0,0,0,0
0,"unknown genome; accession ID isNZ_ACCK01000062.1",37,4.96449713669273e-05,37,4.96449713669273e-05,"0","0","0","0","0","0","0","0",0,"0",0,0,0,0,0,0
158822,"Cedecea neteri",37,4.96449713669273e-05,40.9,5.49351583947413e-05,"0","Pseudomonadota","Gammaproteobacteria","Enterobacterales","Enterobacteriaceae","Cedecea","Cedecea neteri","0",0,"0",0,0,0,0,0,0
0,"unknown genome; accession ID isNZ_ACCK01000032.1",36,4.83032153840374e-05,36,4.83032153840374e-05,"0","0","0","0","0","0","0","0",0,"0",0,0,0,0,0,0
0,"unknown genome; accession ID isNZ_BBDW01000002.1",36,4.83032153840374e-05,36,4.83032416737503e-05,"0","0","0","0","0","0","0","0",0,"0",0,0,0,0,0,0
0,"unknown genome; accession ID isNZ_ACCK01000407.1",33,4.42779474353676e-05,33,4.42779474353676e-05,"0","0","0","0","0","0","0","0",0,"0",0,0,0,0,0,0
0,"unknown genome; accession ID isNZ_ACCK01000044.1",33,4.42779474353676e-05,33,4.42779474353676e-05,"0","0","0","0","0","0","0","0",0,"0",0,0,0,0,0,0
0,"unknown genome; accession ID isNZ_ACCK01000027.1",33,4.42779474353676e-05,33,4.42779474353676e-05,"0","0","0","0","0","0","0","0",0,"0",0,0,0,0,0,0
0,"unknown genome; accession ID isNZ_KI632515.1",32,4.29361914524777e-05,34.8,4.67049544928466e-05,"0","0","0","0","0","0","0","0",0,"0",0,0,0,0,0,0
61647,"Pluralibacter gergoviae",32,4.29361914524777e-05,31.5,4.23009437947091e-05,"0","Pseudomonadota","Gammaproteobacteria","Enterobacterales","Enterobacteriaceae","Pluralibacter","Pluralibacter gergoviae","0",0,"0",0,0,0,0,0,0
0,"unknown genome; accession ID isNZ_ACCK01000068.1",32,4.29361914524777e-05,32,4.2936189951657e-05,"0","0","0","0","0","0","0","0",0,"0",0,0,0,0,0,0
0,"unknown genome; accession ID isNZ_ACCK01000045.1",32,4.29361914524777e-05,32,4.29361914524777e-05,"0","0","0","0","0","0","0","0",0,"0",0,0,0,0,0,0
927665,"Parabacteroides goldsteinii",32,4.29361914524777e-05,34.4,4.61698932974711e-05,"0","Bacteroidota","Bacteroidia","Bacteroidales","Tannerellaceae","Parabacteroides","Parabacteroides goldsteinii","0",0,"0",0,0,0,0,0,0
0,"unknown genome; accession ID isNZ_BBDW01000012.1",32,4.29361914524777e-05,18.6,2.49365535824359e-05,"0","0","0","0","0","0","0","0",0,"0",0,0,0,0,0,0
768486,"Enterococcus hirae",31,4.15944354695878e-05,30.9,4.14481674511164e-05,"0","Bacillota","Bacilli","Lactobacillales","Enterococcaceae","Enterococcus","Enterococcus hirae","0",0,"0",0,0,0,0,0,0
82633,"Cupriavidus pauculus",31,4.15944354695878e-05,230,0.000308607960632189,"0","Pseudomonadota","Betaproteobacteria","Burkholderiales","Burkholderiaceae","Cupriavidus","Cupriavidus pauculus","0",0,"0",0,0,0,0,0,0
0,"unknown genome; accession ID isNZ_ACCK01000398.1",31,4.15944354695878e-05,31,4.15944354695878e-05,"0","0","0","0","0","0","0","0",0,"0",0,0,0,0,0,0
272563,"Clostridioides difficile",30,4.02526794866978e-05,30,4.03081388258349e-05,"0","Bacillota","Clostridia","Peptostreptococcales","Peptostreptococcaceae","Clostridioides","Clostridioides difficile","0",0,"0",0,0,0,0,0,0
1120918,"Acetitomaculum ruminis",30,4.02526794866978e-05,24.9,3.33549542851912e-05,"0","Bacillota","Clostridia","Lachnospirales","Lachnospiraceae","Acetitomaculum","Acetitomaculum ruminis","0",0,"0",0,0,0,0,0,0
35760,"Bifidobacterium choerinum",30,4.02526794866978e-05,29.1,3.91035806848906e-05,"0","Actinomycetota","Actinomycetes","Bifidobacteriales","Bifidobacteriaceae","Bifidobacterium","Bifidobacterium choerinum","0",0,"0",0,0,0,0,0,0
0,"unknown genome; accession ID isNZ_ACCK01000022.1",30,4.02526794866978e-05,27,3.62411654784184e-05,"0","0","0","0","0","0","0","0",0,"0",0,0,0,0,0,0
518636,"Enterocloster asparagiformis",30,4.02526794866978e-05,30.6,4.10966050471665e-05,"0","Bacillota","Clostridia","Lachnospirales","Lachnospiraceae","Enterocloster","Enterocloster asparagiformis","0",0,"0",0,0,0,0,0,0
796942,"Stomatobaculum longum",30,4.02526794866978e-05,34,4.56166579252754e-05,"0","Bacillota","Clostridia","Lachnospirales","Lachnospiraceae","Stomatobaculum","Stomatobaculum longum","0",0,"0",0,0,0,0,0,0
1841857,"Culturomica massiliensis",30,4.02526794866978e-05,32.7,4.39275610043468e-05,"0","Bacteroidota","Bacteroidia","Bacteroidales","Odoribacteraceae","Culturomica","Culturomica massiliensis","0",0,"0",0,0,0,0,0,0
482822,"Escherichia virus DE3",30,4.02526794866978e-05,17.6,2.36500603218443e-05,"0","Uroviricota","Caudoviricetes","0","0","Lambdavirus","Escherichia virus DE3","0",0,"0",0,0,0,0,0,0
0,"unknown genome; accession ID isNZ_ACCK01000028.1",29,3.89109235038079e-05,29,3.89109235038079e-05,"0","0","0","0","0","0","0","0",0,"0",0,0,0,0,0,0
1122988,"Hoylesella nanceiensis",29,3.89109235038079e-05,28.8,3.86501347912185e-05,"0","Bacteroidota","Bacteroidia","Bacteroidales","Prevotellaceae","Hoylesella","Hoylesella nanceiensis","0",0,"0",0,0,0,0,0,0
796334,"Erwinia oleae",29,3.89109235038079e-05,30.7,4.12437131683599e-05,"0","Pseudomonadota","Gammaproteobacteria","Enterobacterales","Erwiniaceae","Erwinia","Erwinia oleae","0",0,"0",0,0,0,0,0,0
0,"unknown genome; accession ID isNZ_JTDA01000008.1",29,3.89109235038079e-05,29,3.89504015750639e-05,"0","0","0","0","0","0","0","0",0,"0",0,0,0,0,0,0
1160721,"Ruminococcus bicirculans (ex Wegman et al. 2014)",28,3.7569167520918e-05,28,3.75708706036121e-05,"0","Bacillota","Clostridia","Eubacteriales","Oscillospiraceae","Ruminococcus","Ruminococcus bicirculans (ex Wegman et al. 2014)","0",0,"0",0,0,0,0,0,0
0,"unknown genome; accession ID isNZ_ACCK01000466.1",27,3.6227411538028e-05,27,3.6227411538028e-05,"0","0","0","0","0","0","0","0",0,"0",0,0,0,0,0,0
0,"unknown genome; accession ID isNZ_ACCK01000403.1",27,3.6227411538028e-05,27,3.6227411538028e-05,"0","0","0","0","0","0","0","0",0,"0",0,0,0,0,0,0
0,"unknown genome; accession ID isNZ_ACCK01000451.1",26,3.48856555551381e-05,26,3.48856555551381e-05,"0","0","0","0","0","0","0","0",0,"0",0,0,0,0,0,0
0,"unknown genome; accession ID isNZ_ACCK01000058.1",26,3.48856555551381e-05,26,3.48856555551381e-05,"0","0","0","0","0","0","0","0",0,"0",0,0,0,0,0,0
0,"unknown genome; accession ID isNZ_ACCK01000038.1",26,3.48856555551381e-05,26,3.48856555551381e-05,"0","0","0","0","0","0","0","0",0,"0",0,0,0,0,0,0
1437608,"Bifidobacterium biavatii",25,3.35438995722482e-05,29.2,3.9180934253683e-05,"0","Actinomycetota","Actinomycetes","Bifidobacteriales","Bifidobacteriaceae","Bifidobacterium","Bifidobacterium biavatii","0",0,"0",0,0,0,0,0,0
0,"unknown genome; accession ID isNZ_ACCK01000435.1",24,3.22021435893583e-05,24,3.22019304377192e-05,"0","0","0","0","0","0","0","0",0,"0",0,0,0,0,0,0
0,"unknown genome; accession ID isNZ_ACCK01000076.1",24,3.22021435893583e-05,24,3.22021435893583e-05,"0","0","0","0","0","0","0","0",0,"0",0,0,0,0,0,0
0,"unknown genome; accession ID isNZ_ACCK01000040.1",24,3.22021435893583e-05,24,3.22021435893583e-05,"0","0","0","0","0","0","0","0",0,"0",0,0,0,0,0,0
0,"unknown genome; accession ID isNZ_ACCK01000474.1",23,3.08603876064683e-05,23,3.08604055667267e-05,"0","0","0","0","0","0","0","0",0,"0",0,0,0,0,0,0
0,"unknown genome; accession ID isNZ_ACCK01000430.1",23,3.08603876064683e-05,23,3.08603876064683e-05,"0","0","0","0","0","0","0","0",0,"0",0,0,0,0,0,0
0,"unknown genome; accession ID isNZ_ACCK01000404.1",23,3.08603876064683e-05,23,3.08603876064683e-05,"0","0","0","0","0","0","0","0",0,"0",0,0,0,0,0,0
0,"unknown genome; accession ID isNZ_ACCK01000049.1",23,3.08603876064683e-05,23,3.08604396762604e-05,"0","0","0","0","0","0","0","0",0,"0",0,0,0,0,0,0
871963,"Desulfitobacterium dichloroeliminans",23,3.08603876064683e-05,22.2,2.9836397815312e-05,"0","Bacillota","Clostridia","Eubacteriales","Desulfitobacteriaceae","Desulfitobacterium","Desulfitobacterium dichloroeliminans","0",0,"0",0,0,0,0,0,0
0,"unknown genome; accession ID isNZ_ACCK01000416.1",22,2.95186316235784e-05,22,2.95186316235784e-05,"0","0","0","0","0","0","0","0",0,"0",0,0,0,0,0,0
0,"unknown genome; accession ID isNZ_ACCK01000057.1",22,2.95186316235784e-05,22,2.95186316235784e-05,"0","0","0","0","0","0","0","0",0,"0",0,0,0,0,0,0
478749,"Marvinbryantia formatexigens",22,2.95186316235784e-05,20.2,2.70659307864639e-05,"0","Bacillota","Clostridia","Lachnospirales","Lachnospiraceae","Marvinbryantia","Marvinbryantia formatexigens","0",0,"0",0,0,0,0,0,0
938289,"Levyella massiliensis",22,2.95186316235784e-05,43.6,5.84856383709792e-05,"0","Bacillota","Clostridia","Eubacteriales","0","Levyella","Levyella massiliensis","0",0,"0",0,0,0,0,0,0
525254,"Anaerococcus lactolyticus",21,2.81768756406885e-05,42.9,5.75199168958805e-05,"0","Bacillota","Tissierellia","Tissierellales","Peptoniphilaceae","Anaerococcus","Anaerococcus lactolyticus","0",0,"0",0,0,0,0,0,0
667015,"Phocaeicola salanitronis",21,2.81768756406885e-05,21.1,2.8266217442649e-05,"0","Bacteroidota","Bacteroidia","Bacteroidales","Bacteroidaceae","Phocaeicola","Phocaeicola salanitronis","0",0,"0",0,0,0,0,0,0
1211819,"Holdemania massiliensis",21,2.81768756406885e-05,17.5,2.34307135229206e-05,"0","Bacillota","Erysipelotrichia","Erysipelotrichales","Erysipelotrichaceae","Holdemania","Holdemania massiliensis","0",0,"0",0,0,0,0,0,0
1903263,"Traorella massiliensis",21,2.81768756406885e-05,22,2.94518020925501e-05,"0","Bacillota","Erysipelotrichia","Erysipelotrichales","Erysipelotrichaceae","Traorella","Traorella massiliensis","0",0,"0",0,0,0,0,0,0
0,"unknown genome; accession ID isNZ_ACCK01000419.1",20,2.68351196577986e-05,20,2.68351196577986e-05,"0","0","0","0","0","0","0","0",0,"0",0,0,0,0,0,0
0,"unknown genome; accession ID isNZ_LT608311.1",20,2.68351196577986e-05,20,2.68351404154959e-05,"0","0","0","0","0","0","0","0",0,"0",0,0,0,0,0,0
525255,"Anaerococcus tetradius",19,2.54933636749086e-05,28.4,3.80631371959284e-05,"0","Bacillota","Tissierellia","Tissierellales","Peptoniphilaceae","Anaerococcus","Anaerococcus tetradius","0",0,"0",0,0,0,0,0,0
1300165,"Kosakonia cowanii",19,2.54933636749086e-05,16.5,2.20855163707921e-05,"0","Pseudomonadota","Gammaproteobacteria","Enterobacterales","Enterobacteriaceae","Kosakonia","Kosakonia cowanii","0",0,"0",0,0,0,0,0,0
565655,"Enterococcus casseliflavus",18,2.41516076920187e-05,18,2.41519286317329e-05,"0","Bacillota","Bacilli","Lactobacillales","Enterococcaceae","Enterococcus","Enterococcus casseliflavus","0",0,"0",0,0,0,0,0,0
0,"unknown genome; accession ID isNZ_ACCK01000064.1",18,2.41516076920187e-05,18,2.41516076920187e-05,"0","0","0","0","0","0","0","0",0,"0",0,0,0,0,0,0
888064,"Enterococcus italicus",18,2.41516076920187e-05,17.9,2.40201033410336e-05,"0","Bacillota","Bacilli","Lactobacillales","Enterococcaceae","Enterococcus","Enterococcus italicus","0",0,"0",0,0,0,0,0,0
1236498,"Phocaeicola paurosaccharolyticus",18,2.41516076920187e-05,18,2.41516096237647e-05,"0","Bacteroidota","Bacteroidia","Bacteroidales","Bacteroidaceae","Phocaeicola","Phocaeicola paurosaccharolyticus","0",0,"0",0,0,0,0,0,0
1567486,"Xuanwuvirus P88",18,2.41516076920187e-05,17,2.28371019155429e-05,"0","Uroviricota","Caudoviricetes","0","Peduoviridae","Xuanwuvirus","Xuanwuvirus P88","0",0,"0",0,0,0,0,0,0
0,"unknown genome; accession ID isNZ_ACCK01000462.1",17,2.28098517091288e-05,17,2.28098517091288e-05,"0","0","0","0","0","0","0","0",0,"0",0,0,0,0,0,0
1650661,"Clostridium phoceensis",17,2.28098517091288e-05,17.1,2.29699217907699e-05,"0","Bacillota","Clostridia","Eubacteriales","Clostridiaceae","Clostridium","Clostridium phoceensis","0",0,"0",0,0,0,0,0,0
0,"unknown genome; accession ID isNZ_KB850943.1",16,2.14680957262388e-05,16.8,2.26075901583925e-05,"0","0","0","0","0","0","0","0",0,"0",0,0,0,0,0,0
0,"unknown genome; accession ID isNZ_HE978616.1",16,2.14680957262388e-05,22.9,3.06819065948756e-05,"0","0","0","0","0","0","0","0",0,"0",0,0,0,0,0,0
0,"unknown genome; accession ID isNZ_ACCK01000432.1",16,2.14680957262388e-05,16,2.14680957262388e-05,"0","0","0","0","0","0","0","0",0,"0",0,0,0,0,0,0
604330,"Parafannyhessea umbonata",16,2.14680957262388e-05,16.8,2.25041887020483e-05,"0","Actinomycetota","Coriobacteriia","Coriobacteriales","Atopobiaceae","Parafannyhessea","Parafannyhessea umbonata","0",0,"0",0,0,0,0,0,0
2585118,"Alistipes communis",16,2.14680957262388e-05,15.5,2.07547244681977e-05,"0","Bacteroidota","Bacteroidia","Bacteroidales","Rikenellaceae","Alistipes","Alistipes communis","0",0,"0",0,0,0,0,0,0
1134435,"Thauera humireducens",16,2.14680957262388e-05,15.9,2.13264377764947e-05,"0","Pseudomonadota","Betaproteobacteria","Rhodocyclales","Zoogloeaceae","Thauera","Thauera humireducens","0",0,"0",0,0,0,0,0,0
1871021,"Lachnoclostridium phocaeense",16,2.14680957262388e-05,16,2.15276424925557e-05,"0","Bacillota","Clostridia","Lachnospirales","Lachnospiraceae","Lachnoclostridium","Lachnoclostridium phocaeense","0",0,"0",0,0,0,0,0,0
591001,"Acidaminococcus fermentans",15,2.01263397433489e-05,13.9,1.86289050218319e-05,"0","Bacillota","Negativicutes","Acidaminococcales","Acidaminococcaceae","Acidaminococcus","Acidaminococcus fermentans","0",0,"0",0,0,0,0,0,0
365659,"Streptococcus mitis",15,2.01263397433489e-05,15.4,2.07111596887157e-05,"0","Bacillota","Bacilli","Lactobacillales","Streptococcaceae","Streptococcus","Streptococcus mitis","0",0,"0",0,0,0,0,0,0
525919,"Anaerococcus prevotii",15,2.01263397433489e-05,32.4,4.3523185674103e-05,"0","Bacillota","Tissierellia","Tissierellales","Peptoniphilaceae","Anaerococcus","Anaerococcus prevotii","0",0,"0",0,0,0,0,0,0
0,"unknown genome; accession ID isNZ_ACCK01000467.1",15,2.01263397433489e-05,15,2.01263397433489e-05,"0","0","0","0","0","0","0","0",0,"0",0,0,0,0,0,0
0,"unknown genome; accession ID isNZ_ACCK01000420.1",15,2.01263397433489e-05,15,2.01263397433489e-05,"0","0","0","0","0","0","0","0",0,"0",0,0,0,0,0,0
0,"unknown genome; accession ID isNZ_ACCK01000063.1",15,2.01263397433489e-05,15,2.01311570734879e-05,"0","0","0","0","0","0","0","0",0,"0",0,0,0,0,0,0
1236516,"Hoylesella saccharolytica",15,2.01263397433489e-05,13.9,1.86645007897626e-05,"0","Bacteroidota","Bacteroidia","Bacteroidales","Prevotellaceae","Hoylesella","Hoylesella saccharolytica","0",0,"0",0,0,0,0,0,0
1349822,"Coprobacter fastidiosus",15,2.01263397433489e-05,14.7,1.97354056987758e-05,"0","Bacteroidota","Bacteroidia","Bacteroidales","Barnesiellaceae","Coprobacter","Coprobacter fastidiosus","0",0,"0",0,0,0,0,0,0
0,"unknown genome; accession ID isNZ_JTDA01000001.1",15,2.01263397433489e-05,15.5,2.07600549829452e-05,"0","0","0","0","0","0","0","0",0,"0",0,0,0,0,0,0
1035196,"Peptostreptococcus anaerobius",14,1.8784583760459e-05,18.8,2.51673800846991e-05,"0","Bacillota","Clostridia","Peptostreptococcales","Peptostreptococcaceae","Peptostreptococcus","Peptostreptococcus anaerobius","0",0,"0",0,0,0,0,0,0
0,"unknown genome; accession ID isNZ_ACCK01000439.1",14,1.8784583760459e-05,14,1.8784583760459e-05,"0","0","0","0","0","0","0","0",0,"0",0,0,0,0,0,0
0,"unknown genome; accession ID isNZ_ACCK01000405.1",14,1.8784583760459e-05,14,1.8784583760459e-05,"0","0","0","0","0","0","0","0",0,"0",0,0,0,0,0,0
0,"unknown genome; accession ID isNZ_ACCK01000399.1",14,1.8784583760459e-05,14,1.8784583760459e-05,"0","0","0","0","0","0","0","0",0,"0",0,0,0,0,0,0
0,"unknown genome; accession ID isNZ_ACCK01000014.1",14,1.8784583760459e-05,14,1.87847969120981e-05,"0","0","0","0","0","0","0","0",0,"0",0,0,0,0,0,0
411490,"Anaerostipes caccae",14,1.8784583760459e-05,13.7,1.83905198503507e-05,"0","Bacillota","Clostridia","Lachnospirales","Lachnospiraceae","Anaerostipes","Anaerostipes caccae","0",0,"0",0,0,0,0,0,0
0,"unknown genome; accession ID isNZ_JTDA01000005.1",14,1.8784583760459e-05,14,1.88220357281661e-05,"0","0","0","0","0","0","0","0",0,"0",0,0,0,0,0,0
0,"unknown genome; accession ID isNZ_KB850945.1",13,1.74428277775691e-05,20.7,2.78297094214672e-05,"0","0","0","0","0","0","0","0",0,"0",0,0,0,0,0,0
1122973,"Porphyromonas levii",13,1.74428277775691e-05,13,1.74428558799412e-05,"0","Bacteroidota","Bacteroidia","Bacteroidales","Porphyromonadaceae","Porphyromonas","Porphyromonas levii","0",0,"0",0,0,0,0,0,0
0,"unknown genome; accession ID isNZ_ACCK01000465.1",13,1.74428277775691e-05,13,1.74428731496289e-05,"0","0","0","0","0","0","0","0",0,"0",0,0,0,0,0,0
0,"unknown genome; accession ID isNZ_ACCK01000453.1",13,1.74428277775691e-05,13,1.74427527623716e-05,"0","0","0","0","0","0","0","0",0,"0",0,0,0,0,0,0
0,"unknown genome; accession ID isNZ_JNKJ01000020.1",13,1.74428277775691e-05,13.5,1.80556417893549e-05,"0","0","0","0","0","0","0","0",0,"0",0,0,0,0,0,0
1121950,"Hespellia stercorisuis",13,1.74428277775691e-05,13.4,1.79832136747476e-05,"0","Bacillota","Clostridia","Lachnospirales","Lachnospiraceae","Hespellia","Hespellia stercorisuis","0",0,"0",0,0,0,0,0,0
742733,"Enterocloster citroniae",13,1.74428277775691e-05,11.5,1.54761405397159e-05,"0","Bacillota","Clostridia","Lachnospirales","Lachnospiraceae","Enterocloster","Enterocloster citroniae","0",0,"0",0,0,0,0,0,0
875454,"Peptoniphilus rhinitidis",13,1.74428277775691e-05,12.8,1.72038529188116e-05,"0","Bacillota","Tissierellia","Tissierellales","Peptoniphilaceae","Peptoniphilus","Peptoniphilus rhinitidis","0",0,"0",0,0,0,0,0,0
1221996,"Bacillus thermotolerans",13,1.74428277775691e-05,13.1,1.75866113099627e-05,"0","Bacillota","Bacilli","Bacillales","Bacillaceae","Bacillus","Bacillus thermotolerans","0",0,"0",0,0,0,0,0,0
1871018,"Angelakisella massiliensis",13,1.74428277775691e-05,13.3,1.77828284115491e-05,"0","Bacillota","Clostridia","Eubacteriales","Oscillospiraceae","Angelakisella","Angelakisella massiliensis","0",0,"0",0,0,0,0,0,0
999415,"Eggerthia catenaformis",12,1.61010717946791e-05,11.7,1.57356376716318e-05,"0","Bacillota","Erysipelotrichia","Erysipelotrichales","Coprobacillaceae","Eggerthia","Eggerthia catenaformis","0",0,"0",0,0,0,0,0,0
411473,"Ruminococcus callidus",12,1.61010717946791e-05,16.8,2.25945178771741e-05,"0","Bacillota","Clostridia","Eubacteriales","Oscillospiraceae","Ruminococcus","Ruminococcus callidus","0",0,"0",0,0,0,0,0,0
1158601,"Enterococcus malodoratus",12,1.61010717946791e-05,11.8,1.576583517142e-05,"0","Bacillota","Bacilli","Lactobacillales","Enterococcaceae","Enterococcus","Enterococcus malodoratus","0",0,"0",0,0,0,0,0,0
0,"unknown genome; accession ID isNZ_ACCK01000414.1",12,1.61010717946791e-05,12,1.61010717946791e-05,"0","0","0","0","0","0","0","0",0,"0",0,0,0,0,0,0
0,"unknown genome; accession ID isNZ_ACCK01000070.1",12,1.61010717946791e-05,12,1.61010264226193e-05,"0","0","0","0","0","0","0","0",0,"0",0,0,0,0,0,0
0,"unknown genome; accession ID isNZ_ACCK01000008.1",12,1.61010717946791e-05,12,1.61010717946791e-05,"0","0","0","0","0","0","0","0",0,"0",0,0,0,0,0,0
1150461,"Bifidobacterium scardovii",12,1.61010717946791e-05,12.8,1.71451525291739e-05,"0","Actinomycetota","Actinomycetes","Bifidobacteriales","Bifidobacteriaceae","Bifidobacterium","Bifidobacterium scardovii","0",0,"0",0,0,0,0,0,0
334735,"Sporosarcina koreensis",12,1.61010717946791e-05,12.3,1.65437877295051e-05,"0","Bacillota","Bacilli","Bacillales","Planococcaceae","Sporosarcina","Sporosarcina koreensis","0",0,"0",0,0,0,0,0,0
379893,"Trabulsiella odontotermitis",12,1.61010717946791e-05,12.3,1.65372363204273e-05,"0","Pseudomonadota","Gammaproteobacteria","Enterobacterales","Enterobacteriaceae","Trabulsiella","Trabulsiella odontotermitis","0",0,"0",0,0,0,0,0,0
1437607,"Bifidobacterium saguini",12,1.61010717946791e-05,12,1.61010920807895e-05,"0","Actinomycetota","Actinomycetes","Bifidobacteriales","Bifidobacteriaceae","Bifidobacterium","Bifidobacterium saguini","0",0,"0",0,0,0,0,0,0
1235834,"Kosakonia sacchari",12,1.61010717946791e-05,15,2.01745041220328e-05,"0","Pseudomonadota","Gammaproteobacteria","Enterobacterales","Enterobacteriaceae","Kosakonia","Kosakonia sacchari","0",0,"0",0,0,0,0,0,0
414970,"Enterobacteria phage cdtI",12,1.61010717946791e-05,8,1.07142785458725e-05,"0","Uroviricota","Caudoviricetes","0","0","0","Enterobacteria phage cdtI","0",0,"0",0,0,0,0,0,0
1139996,"Enterococcus saccharolyticus",11,1.47593158117892e-05,11,1.47698004214128e-05,"0","Bacillota","Bacilli","Lactobacillales","Enterococcaceae","Enterococcus","Enterococcus saccharolyticus","0",0,"0",0,0,0,0,0,0
476272,"Blautia hydrogenotrophica",11,1.47593158117892e-05,12.9,1.72990648822326e-05,"0","Bacillota","Clostridia","Lachnospirales","Lachnospiraceae","Blautia","Blautia hydrogenotrophica","0",0,"0",0,0,0,0,0,0
0,"unknown genome; accession ID isNZ_ACCK01000433.1",11,1.47593158117892e-05,11,1.47593158117892e-05,"0","0","0","0","0","0","0","0",0,"0",0,0,0,0,0,0
258723,"Marinilactibacillus piezotolerans",11,1.47593158117892e-05,10.8,1.45025023700341e-05,"0","Bacillota","Bacilli","Lactobacillales","Carnobacteriaceae","Marinilactibacillus","Marinilactibacillus piezotolerans","0",0,"0",0,0,0,0,0,0
1384589,"Entomohabitans teleogrylli",11,1.47593158117892e-05,11.1,1.48265360089109e-05,"0","Pseudomonadota","Gammaproteobacteria","Enterobacterales","Enterobacteriaceae","Entomohabitans","Entomohabitans teleogrylli","0",0,"0",0,0,0,0,0,0
1769291,"Oceanivirga salmonicida",11,1.47593158117892e-05,11,1.4759285519547e-05,"0","Fusobacteriota","Fusobacteriia","Fusobacteriales","Leptotrichiaceae","Oceanivirga","Oceanivirga salmonicida","0",0,"0",0,0,0,0,0,0
1776382,"Neglectibacter timonensis",11,1.47593158117892e-05,26.9,3.61584820242689e-05,"0","Bacillota","Clostridia","Eubacteriales","Oscillospiraceae","Neglectibacter","Neglectibacter timonensis","0",0,"0",0,0,0,0,0,0
563769,"Pankowvirus pv1717",11,1.47593158117892e-05,18.3,2.4490754444605e-05,"0","Uroviricota","Caudoviricetes","0","0","Pankowvirus","Pankowvirus pv1717","0",0,"0",0,0,0,0,0,0
553175,"Porphyromonas endodontalis",10,1.34175598288993e-05,9.7,1.30625107222226e-05,"0","Bacteroidota","Bacteroidia","Bacteroidales","Porphyromonadaceae","Porphyromonas","Porphyromonas endodontalis","0",0,"0",0,0,0,0,0,0
0,"unknown genome; accession ID isNZ_ACCK01000475.1",10,1.34175598288993e-05,10,1.34175598288993e-05,"0","0","0","0","0","0","0","0",0,"0",0,0,0,0,0,0
0,"unknown genome; accession ID isNZ_ACCK01000437.1",10,1.34175598288993e-05,10,1.34175598288993e-05,"0","0","0","0","0","0","0","0",0,"0",0,0,0,0,0,0
0,"unknown genome; accession ID isNZ_ACCK01000030.1",10,1.34175598288993e-05,10,1.34175598288993e-05,"0","0","0","0","0","0","0","0",0,"0",0,0,0,0,0,0
0,"unknown genome; accession ID isNZ_ACCK01000029.1",10,1.34175598288993e-05,10,1.34175537063945e-05,"0","0","0","0","0","0","0","0",0,"0",0,0,0,0,0,0
467210,"Lachnoanaerobaculum saburreum",10,1.34175598288993e-05,10,1.34175784001467e-05,"0","Bacillota","Clostridia","Lachnospirales","Lachnospiraceae","Lachnoanaerobaculum","Lachnoanaerobaculum saburreum","0",0,"0",0,0,0,0,0,0
0,"unknown genome; accession ID isNZ_DS480350.1",9,1.20758038460093e-05,9,1.20759439916242e-05,"0","0","0","0","0","0","0","0",0,"0",0,0,0,0,0,0
626522,"Alloprevotella tannerae",9,1.20758038460093e-05,9,1.20392872749038e-05,"0","Bacteroidota","Bacteroidia","Bacteroidales","Prevotellaceae","Alloprevotella","Alloprevotella tannerae","0",0,"0",0,0,0,0,0,0
0,"unknown genome; accession ID isNZ_ACCK01000464.1",9,1.20758038460093e-05,9,1.20758038460093e-05,"0","0","0","0","0","0","0","0",0,"0",0,0,0,0,0,0
0,"unknown genome; accession ID isNZ_ACCK01000459.1",9,1.20758038460093e-05,9,1.20758038460093e-05,"0","0","0","0","0","0","0","0",0,"0",0,0,0,0,0,0
0,"unknown genome; accession ID isNZ_ACCK01000019.1",9,1.20758038460093e-05,9,1.20758038460093e-05,"0","0","0","0","0","0","0","0",0,"0",0,0,0,0,0,0
208224,"Enterobacter kobei",9,1.20758038460093e-05,9.7,1.30206741602972e-05,"0","Pseudomonadota","Gammaproteobacteria","Enterobacterales","Enterobacteriaceae","Enterobacter","Enterobacter kobei","0",0,"0",0,0,0,0,0,0
1121333,"Thomasclavelia saccharogumia",9,1.20758038460093e-05,9.3,1.253830331143e-05,"0","Bacillota","Erysipelotrichia","Erysipelotrichales","Coprobacillaceae","Thomasclavelia","Thomasclavelia saccharogumia","0",0,"0",0,0,0,0,0,0
1122979,"Prevotella amnii",9,1.20758038460093e-05,7.9,1.06357909771318e-05,"0","Bacteroidota","Bacteroidia","Bacteroidales","Prevotellaceae","Prevotella","Prevotella amnii","0",0,"0",0,0,0,0,0,0
667120,"Edwardsiella anguillarum",9,1.20758038460093e-05,9.4,1.26036605053946e-05,"0","Pseudomonadota","Gammaproteobacteria","Enterobacterales","Hafniaceae","Edwardsiella","Edwardsiella anguillarum","0",0,"0",0,0,0,0,0,0
997353,"Prevotella pallens",8,1.07340478631194e-05,9.9,1.3252504531674e-05,"0","Bacteroidota","Bacteroidia","Bacteroidales","Prevotellaceae","Prevotella","Prevotella pallens","0",0,"0",0,0,0,0,0,0
77635,"Bifidobacterium subtile",8,1.07340478631194e-05,8,1.07340501132635e-05,"0","Actinomycetota","Actinomycetes","Bifidobacteriales","Bifidobacteriaceae","Bifidobacterium","Bifidobacterium subtile","0",0,"0",0,0,0,0,0,0
0,"unknown genome; accession ID isNZ_ACCK01000455.1",8,1.07340478631194e-05,8,1.07340478631194e-05,"0","0","0","0","0","0","0","0",0,"0",0,0,0,0,0,0
0,"unknown genome; accession ID isNZ_ACCK01000431.1",8,1.07340478631194e-05,8,1.07340425142473e-05,"0","0","0","0","0","0","0","0",0,"0",0,0,0,0,0,0
0,"unknown genome; accession ID isNZ_ACCK01000011.1",8,1.07340478631194e-05,8,1.07340478631194e-05,"0","0","0","0","0","0","0","0",0,"0",0,0,0,0,0,0
0,"unknown genome; accession ID isNZ_ACCK01000004.1",8,1.07340478631194e-05,8,1.07340478631194e-05,"0","0","0","0","0","0","0","0",0,"0",0,0,0,0,0,0
0,"unknown genome; accession ID isNZ_ACCK01000001.1",8,1.07340478631194e-05,8,1.07340478631194e-05,"0","0","0","0","0","0","0","0",0,"0",0,0,0,0,0,0
1203606,"Butyricicoccus pullicaecorum",8,1.07340478631194e-05,8.2,1.10170065995406e-05,"0","Bacillota","Clostridia","Eubacteriales","Butyricicoccaceae","Butyricicoccus","Butyricicoccus pullicaecorum","0",0,"0",0,0,0,0,0,0
1432052,"Eisenbergiella tayi",8,1.07340478631194e-05,8.5,1.14052979554399e-05,"0","Bacillota","Clostridia","Lachnospirales","Lachnospiraceae","Eisenbergiella","Eisenbergiella tayi","0",0,"0",0,0,0,0,0,0
1776381,"Olegusella massiliensis",8,1.07340478631194e-05,8.2,1.09951933652804e-05,"0","Actinomycetota","Coriobacteriia","Coriobacteriales","Coriobacteriaceae","Olegusella","Olegusella massiliensis","0",0,"0",0,0,0,0,0,0
1871035,"Negativibacillus massiliensis",8,1.07340478631194e-05,10.2,1.36938748106208e-05,"0","Bacillota","0","0","0","Negativibacillus","Negativibacillus massiliensis","0",0,"0",0,0,0,0,0,0
194948,"Escherichia Stx1 converting phage",8,1.07340478631194e-05,28,3.75920232318724e-05,"0","Uroviricota","Caudoviricetes","0","0","Traversvirus","Escherichia Stx1 converting phage","0",0,"0",0,0,0,0,0,0
1660368,"Traversvirus PA28",8,1.07340478631194e-05,7.8,1.04327294718248e-05,"0","Uroviricota","Caudoviricetes","0","0","Traversvirus","Traversvirus PA28","0",0,"0",0,0,0,0,0,0
28141,"Cronobacter sakazakii",7,9.39229188022949e-06,7.3,9.77522424471546e-06,"0","Pseudomonadota","Gammaproteobacteria","Enterobacterales","Enterobacteriaceae","Cronobacter","Cronobacter sakazakii","0",0,"0",0,0,0,0,0,0
1408428,"Bilophila wadsworthia",7,9.39229188022949e-06,7,9.39890367639927e-06,"0","Thermodesulfobacteriota","Desulfovibrionia","Desulfovibrionales","Desulfovibrionaceae","Bilophila","Bilophila wadsworthia","0",0,"0",0,0,0,0,0,0
0,"unknown genome; accession ID isNZ_ACCK01000473.1",7,9.39229188022949e-06,7,9.39229338105019e-06,"0","0","0","0","0","0","0","0",0,"0",0,0,0,0,0,0
0,"unknown genome; accession ID isNZ_ACCK01000469.1",7,9.39229188022949e-06,7,9.39229188022949e-06,"0","0","0","0","0","0","0","0",0,"0",0,0,0,0,0,0
0,"unknown genome; accession ID isNZ_ACCK01000428.1",7,9.39229188022949e-06,7,9.39229188022949e-06,"0","0","0","0","0","0","0","0",0,"0",0,0,0,0,0,0
0,"unknown genome; accession ID isNZ_ACCK01000010.1",7,9.39229188022949e-06,7,9.39229188022949e-06,"0","0","0","0","0","0","0","0",0,"0",0,0,0,0,0,0
0,"unknown genome; accession ID isNZ_BBAB01000045.1",7,9.39229188022949e-06,7,9.39229917376505e-06,"0","0","0","0","0","0","0","0",0,"0",0,0,0,0,0,0
0,"unknown genome; accession ID isNZ_BBDW01000019.1",7,9.39229188022949e-06,7,9.39230662278909e-06,"0","0","0","0","0","0","0","0",0,"0",0,0,0,0,0,0
0,"unknown genome; accession ID isNZ_BBDW01000020.1",7,9.39229188022949e-06,7,9.39229631233797e-06,"0","0","0","0","0","0","0","0",0,"0",0,0,0,0,0,0
1348253,"Microbacterium mangrovi",7,9.39229188022949e-06,7,9.39229188022949e-06,"0","Actinomycetota","Actinomycetes","Micrococcales","Microbacteriaceae","Microbacterium","Microbacterium mangrovi","0",0,"0",0,0,0,0,0,0
1118057,"Peptoniphilus grossensis",7,9.39229188022949e-06,20.5,2.75687868511151e-05,"0","Bacillota","Tissierellia","Tissierellales","Peptoniphilaceae","Peptoniphilus","Peptoniphilus grossensis","0",0,"0",0,0,0,0,0,0
0,"unknown genome; accession ID isNZ_JTDA01000021.1",7,9.39229188022949e-06,7,9.39490837191349e-06,"0","0","0","0","0","0","0","0",0,"0",0,0,0,0,0,0
1796646,"Muribaculum intestinale",7,9.39229188022949e-06,7.2,9.69954922782379e-06,"0","Bacteroidota","Bacteroidia","Bacteroidales","Muribaculaceae","Muribaculum","Muribaculum intestinale","0",0,"0",0,0,0,0,0,0
388919,"Streptococcus sanguinis",6,8.05053589733957e-06,6.9,9.30654688031725e-06,"0","Bacillota","Bacilli","Lactobacillales","Streptococcaceae","Streptococcus","Streptococcus sanguinis","0",0,"0",0,0,0,0,0,0
568814,"Streptococcus suis",6,8.05053589733957e-06,7,9.34429382045881e-06,"0","Bacillota","Bacilli","Lactobacillales","Streptococcaceae","Streptococcus","Streptococcus suis","0",0,"0",0,0,0,0,0,0
1122993,"Prevotella veroralis",6,8.05053589733957e-06,5.6,7.49115975633964e-06,"0","Bacteroidota","Bacteroidia","Bacteroidales","Prevotellaceae","Prevotella","Prevotella veroralis","0",0,"0",0,0,0,0,0,0
29524,"Porphyromonas circumdentaria",6,8.05053589733957e-06,6.7,9.04099488032148e-06,"0","Bacteroidota","Bacteroidia","Bacteroidales","Porphyromonadaceae","Porphyromonas","Porphyromonas circumdentaria","0",0,"0",0,0,0,0,0,0
40215,"Acinetobacter junii",6,8.05053589733957e-06,6,8.02949390993928e-06,"0","Pseudomonadota","Gammaproteobacteria","Moraxellales","Moraxellaceae","Acinetobacter","Acinetobacter junii","0",0,"0",0,0,0,0,0,0
44008,"Enterococcus cecorum",6,8.05053589733957e-06,10.3,1.37955453646788e-05,"0","Bacillota","Bacilli","Lactobacillales","Enterococcaceae","Enterococcus","Enterococcus cecorum","0",0,"0",0,0,0,0,0,0
61652,"Serratia rubidaea",6,8.05053589733957e-06,5.3,7.09591301493439e-06,"0","Pseudomonadota","Gammaproteobacteria","Enterobacterales","Yersiniaceae","Serratia","Serratia rubidaea","0",0,"0",0,0,0,0,0,0
1044999,"Erwinia tracheiphila",6,8.05053589733957e-06,6,8.05056027349872e-06,"0","Pseudomonadota","Gammaproteobacteria","Enterobacterales","Erwiniaceae","Erwinia","Erwinia tracheiphila","0",0,"0",0,0,0,0,0,0
78344,"Bifidobacterium pullorum",6,8.05053589733957e-06,6,8.05054058018979e-06,"0","Actinomycetota","Actinomycetes","Bifidobacteriales","Bifidobacteriaceae","Bifidobacterium","Bifidobacterium pullorum","0",0,"0",0,0,0,0,0,0
84521,"Dolosicoccus paucivorans",6,8.05053589733957e-06,6,8.05015504556509e-06,"0","Bacillota","Bacilli","Lactobacillales","Aerococcaceae","Dolosicoccus","Dolosicoccus paucivorans","0",0,"0",0,0,0,0,0,0
0,"unknown genome; accession ID isNZ_KB822482.1",6,8.05053589733957e-06,5.5,7.39791062302179e-06,"0","0","0","0","0","0","0","0",0,"0",0,0,0,0,0,0
0,"unknown genome; accession ID isNZ_ACCK01000422.1",6,8.05053589733957e-06,5.5,7.38562246288288e-06,"0","0","0","0","0","0","0","0",0,"0",0,0,0,0,0,0
0,"unknown genome; accession ID isNZ_ACCK01000413.1",6,8.05053589733957e-06,6,8.05053589733957e-06,"0","0","0","0","0","0","0","0",0,"0",0,0,0,0,0,0
0,"unknown genome; accession ID isNZ_ACCK01000397.1",6,8.05053589733957e-06,6,8.05053589733957e-06,"0","0","0","0","0","0","0","0",0,"0",0,0,0,0,0,0
0,"unknown genome; accession ID isNZ_ACCK01000050.1",6,8.05053589733957e-06,6,8.05053589733957e-06,"0","0","0","0","0","0","0","0",0,"0",0,0,0,0,0,0
0,"unknown genome; accession ID isNZ_ACCK01000046.1",6,8.05053589733957e-06,6,8.05053589733957e-06,"0","0","0","0","0","0","0","0",0,"0",0,0,0,0,0,0
0,"unknown genome; accession ID isNZ_ACCK01000009.1",6,8.05053589733957e-06,6,8.05053589733957e-06,"0","0","0","0","0","0","0","0",0,"0",0,0,0,0,0,0
862515,"Hoylesella marshii",6,8.05053589733957e-06,6.1,8.18824228834975e-06,"0","Bacteroidota","Bacteroidia","Bacteroidales","Prevotellaceae","Hoylesella","Hoylesella marshii","0",0,"0",0,0,0,0,0,0
0,"unknown genome; accession ID isNZ_BBAB01000016.1",6,8.05053589733957e-06,6,8.05056861970713e-06,"0","0","0","0","0","0","0","0",0,"0",0,0,0,0,0,0
880074,"Barnesiella viscericola",6,8.05053589733957e-06,6.7,9.0064777958462e-06,"0","Bacteroidota","Bacteroidia","Bacteroidales","Barnesiellaceae","Barnesiella","Barnesiella viscericola","0",0,"0",0,0,0,0,0,0
1122983,"Prevotella falsenii",6,8.05053589733957e-06,5.3,7.17803258099711e-06,"0","Bacteroidota","Bacteroidia","Bacteroidales","Prevotellaceae","Prevotella","Prevotella falsenii","0",0,"0",0,0,0,0,0,0
1461581,"Pseudomonas saudimassiliensis",6,8.05053589733957e-06,3.6,4.78724283590361e-06,"0","Pseudomonadota","Gammaproteobacteria","Pseudomonadales","Pseudomonadaceae","Pseudomonas","Pseudomonas saudimassiliensis","0",0,"0",0,0,0,0,0,0
1211813,"Alistipes ihumii",6,8.05053589733957e-06,6,8.05056696792157e-06,"0","Bacteroidota","Bacteroidia","Bacteroidales","Rikenellaceae","Alistipes","Alistipes ihumii","0",0,"0",0,0,0,0,0,0
1640685,"Enterococcus massiliensis",6,8.05053589733957e-06,7.7,1.03504649321167e-05,"0","Bacillota","Bacilli","Lactobacillales","Enterococcaceae","Enterococcus","Enterococcus massiliensis","0",0,"0",0,0,0,0,0,0
1712031,"Streptobacillus notomytis",6,8.05053589733957e-06,6,8.05054403603888e-06,"0","Fusobacteriota","Fusobacteriia","Fusobacteriales","Leptotrichiaceae","Streptobacillus","Streptobacillus notomytis","0",0,"0",0,0,0,0,0,0
1720313,"Bittarella massiliensis (ex Durand et al. 2017)",6,8.05053589733957e-06,31.9,4.27717900691102e-05,"0","Bacillota","Clostridia","Eubacteriales","Oscillospiraceae","Bittarella (ex Durand et al. 2017)","Bittarella massiliensis (ex Durand et al. 2017)","0",0,"0",0,0,0,0,0,0
1147153,"Cuauhtlivirus mEpX1",6,8.05053589733957e-06,6.1,8.14602536932364e-06,"0","Uroviricota","Caudoviricetes","0","0","Cuauhtlivirus","Cuauhtlivirus mEpX1","0",0,"0",0,0,0,0,0,0
1392005,"Comamonas testosteroni",5,6.70877991444964e-06,4.5,6.05704268952632e-06,"0","Pseudomonadota","Betaproteobacteria","Burkholderiales","Comamonadaceae","Comamonas","Comamonas testosteroni","0",0,"0",0,0,0,0,0,0
431947,"Porphyromonas gingivalis",5,6.70877991444964e-06,7.6,1.01947540422418e-05,"0","Bacteroidota","Bacteroidia","Bacteroidales","Porphyromonadaceae","Porphyromonas","Porphyromonas gingivalis","0",0,"0",0,0,0,0,0,0
880526,"Rikenella microfusus",5,6.70877991444964e-06,5.5,7.44585539807449e-06,"0","Bacteroidota","Bacteroidia","Bacteroidales","Rikenellaceae","Rikenella","Rikenella microfusus","0",0,"0",0,0,0,0,0,0
29486,"Yersinia ruckeri",5,6.70877991444964e-06,5,6.762357803874e-06,"0","Pseudomonadota","Gammaproteobacteria","Enterobacterales","Yersiniaceae","Yersinia","Yersinia ruckeri","0",0,"0",0,0,0,0,0,0
997350,"Peptoniphilus indolicus",5,6.70877991444964e-06,5.7,7.65201871675452e-06,"0","Bacillota","Tissierellia","Tissierellales","Peptoniphilaceae","Peptoniphilus","Peptoniphilus indolicus","0",0,"0",0,0,0,0,0,0
36847,"Anaerotignum neopropionicum",5,6.70877991444964e-06,5.1,6.87465644185509e-06,"0","Bacillota","Clostridia","Lachnospirales","Anaerotignaceae","Anaerotignum","Anaerotignum neopropionicum","0",0,"0",0,0,0,0,0,0
1242245,"Acinetobacter johnsonii",5,6.70877991444964e-06,5.2,7.02062072271134e-06,"0","Pseudomonadota","Gammaproteobacteria","Moraxellales","Moraxellaceae","Acinetobacter","Acinetobacter johnsonii","0",0,"0",0,0,0,0,0,0
406818,"Xenorhabdus bovienii",5,6.70877991444964e-06,5.2,6.96078622349905e-06,"0","Pseudomonadota","Gammaproteobacteria","Enterobacterales","Morganellaceae","Xenorhabdus","Xenorhabdus bovienii","0",0,"0",0,0,0,0,0,0
0,"unknown genome; accession ID isNZ_EQ973339.1",5,6.70877991444964e-06,7.3,9.76717856711488e-06,"0","0","0","0","0","0","0","0",0,"0",0,0,0,0,0,0
0,"unknown genome; accession ID isNZ_ACCK01000461.1",5,6.70877991444964e-06,5,6.70877991444964e-06,"0","0","0","0","0","0","0","0",0,"0",0,0,0,0,0,0
0,"unknown genome; accession ID isNZ_ACCK01000427.1",5,6.70877991444964e-06,5,6.70877991444964e-06,"0","0","0","0","0","0","0","0",0,"0",0,0,0,0,0,0
0,"unknown genome; accession ID isNZ_ACCK01000401.1",5,6.70877991444964e-06,5,6.70877991444964e-06,"0","0","0","0","0","0","0","0",0,"0",0,0,0,0,0,0
0,"unknown genome; accession ID isNZ_ACCK01000067.1",5,6.70877991444964e-06,5,6.70879064461007e-06,"0","0","0","0","0","0","0","0",0,"0",0,0,0,0,0,0
0,"unknown genome; accession ID isNZ_ACCK01000048.1",5,6.70877991444964e-06,5,6.70877991444964e-06,"0","0","0","0","0","0","0","0",0,"0",0,0,0,0,0,0
0,"unknown genome; accession ID isNZ_ACCK01000031.1",5,6.70877991444964e-06,5,6.70877991444964e-06,"0","0","0","0","0","0","0","0",0,"0",0,0,0,0,0,0
0,"unknown genome; accession ID isNZ_ACCK01000026.1",5,6.70877991444964e-06,5,6.70877991444964e-06,"0","0","0","0","0","0","0","0",0,"0",0,0,0,0,0,0
1158614,"Enterococcus gilvus",5,6.70877991444964e-06,5,6.70883901375763e-06,"0","Bacillota","Bacilli","Lactobacillales","Enterococcaceae","Enterococcus","Enterococcus gilvus","0",0,"0",0,0,0,0,0,0
1410674,"Sharpea azabuensis",5,6.70877991444964e-06,5,6.70889626814214e-06,"0","Bacillota","Erysipelotrichia","Erysipelotrichales","Coprobacillaceae","Sharpea","Sharpea azabuensis","0",0,"0",0,0,0,0,0,0
0,"unknown genome; accession ID isNZ_BBAB01000002.1",5,6.70877991444964e-06,5,6.7087967766122e-06,"0","0","0","0","0","0","0","0",0,"0",0,0,0,0,0,0
472695,"Pantoea septica",5,6.70877991444964e-06,5.2,6.98949276775211e-06,"0","Pseudomonadota","Gammaproteobacteria","Enterobacterales","Erwiniaceae","Pantoea","Pantoea septica","0",0,"0",0,0,0,0,0,0
1236517,"Prevotella fusca",5,6.70877991444964e-06,6.1,8.2155302289684e-06,"0","Bacteroidota","Bacteroidia","Bacteroidales","Prevotellaceae","Prevotella","Prevotella fusca","0",0,"0",0,0,0,0,0,0
0,"unknown genome; accession ID isNZ_BBDW01000003.1",5,6.70877991444964e-06,5,6.71045674737479e-06,"0","0","0","0","0","0","0","0",0,"0",0,0,0,0,0,0
1034346,"Dielma fastidiosa",5,6.70877991444964e-06,4.6,6.22056966128424e-06,"0","Bacillota","Erysipelotrichia","Erysipelotrichales","Erysipelotrichaceae","Dielma","Dielma fastidiosa","0",0,"0",0,0,0,0,0,0
1076550,"Pantoea rwandensis",5,6.70877991444964e-06,7.1,9.56887552639501e-06,"0","Pseudomonadota","Gammaproteobacteria","Enterobacterales","Erwiniaceae","Pantoea","Pantoea rwandensis","0",0,"0",0,0,0,0,0,0
1944646,"Phoenicibacter congonensis",5,6.70877991444964e-06,5,6.73332485910058e-06,"0","Actinomycetota","Coriobacteriia","Eggerthellales","Eggerthellaceae","Phoenicibacter","Phoenicibacter congonensis","0",0,"0",0,0,0,0,0,0
432201,"Kwaitsingvirus HK544",5,6.70877991444964e-06,4.7,6.35502954436308e-06,"0","Uroviricota","Caudoviricetes","0","0","Kwaitsingvirus","Kwaitsingvirus HK544","0",0,"0",0,0,0,0,0,0
1346,"Streptococcus iniae",4,5.36702393155971e-06,2.5,3.36123660310642e-06,"0","Bacillota","Bacilli","Lactobacillales","Streptococcaceae","Streptococcus","Streptococcus iniae","0",0,"0",0,0,0,0,0,0
1121296,"[Clostridium] aminophilum",4,5.36702393155971e-06,3.8,5.04397829603441e-06,"0","Bacillota","Clostridia","Lachnospirales","Lachnospiraceae","Lachnoclostridium","[Clostridium] aminophilum","0",0,"0",0,0,0,0,0,0
997352,"Prevotella nigrescens",4,5.36702393155971e-06,2.3,3.14712300046161e-06,"0","Bacteroidota","Bacteroidia","Bacteroidales","Prevotellaceae","Prevotella","Prevotella nigrescens","0",0,"0",0,0,0,0,0,0
3158780,"Ruminococcus sp. YE282",4,5.36702393155971e-06,4,5.3677805569523e-06,"0","Bacillota","Clostridia","Eubacteriales","Oscillospiraceae","Ruminococcus","Ruminococcus sp. YE282","0",0,"0",0,0,0,0,0,0
0,"unknown genome; accession ID isNZ_ACCK01000472.1",4,5.36702393155971e-06,4,5.36702393155971e-06,"0","0","0","0","0","0","0","0",0,"0",0,0,0,0,0,0
0,"unknown genome; accession ID isNZ_ACCK01000456.1",4,5.36702393155971e-06,4,5.36702393155971e-06,"0","0","0","0","0","0","0","0",0,"0",0,0,0,0,0,0
0,"unknown genome; accession ID isNZ_ACCK01000450.1",4,5.36702393155971e-06,4,5.36701873713976e-06,"0","0","0","0","0","0","0","0",0,"0",0,0,0,0,0,0
0,"unknown genome; accession ID isNZ_ACCK01000434.1",4,5.36702393155971e-06,4,5.36702393155971e-06,"0","0","0","0","0","0","0","0",0,"0",0,0,0,0,0,0
0,"unknown genome; accession ID isNZ_ACCK01000005.1",4,5.36702393155971e-06,4,5.36702393155971e-06,"0","0","0","0","0","0","0","0",0,"0",0,0,0,0,0,0
1158607,"Enterococcus pallens",4,5.36702393155971e-06,4.2,5.70235826954734e-06,"0","Bacillota","Bacilli","Lactobacillales","Enterococcaceae","Enterococcus","Enterococcus pallens","0",0,"0",0,0,0,0,0,0
356829,"Bifidobacterium tsurumiense",4,5.36702393155971e-06,4,5.36752648313054e-06,"0","Actinomycetota","Actinomycetes","Bifidobacteriales","Bifidobacteriaceae","Bifidobacterium","Bifidobacterium tsurumiense","0",0,"0",0,0,0,0,0,0
742742,"Collinsella tanakaei",4,5.36702393155971e-06,4.3,5.79014636184157e-06,"0","Actinomycetota","Coriobacteriia","Coriobacteriales","Coriobacteriaceae","Collinsella","Collinsella tanakaei","0",0,"0",0,0,0,0,0,0
573983,"Moraxella porci",4,5.36702393155971e-06,3,4.0789874422811e-06,"0","Pseudomonadota","Gammaproteobacteria","Moraxellales","Moraxellaceae","Moraxella","Moraxella porci","0",0,"0",0,0,0,0,0,0
1653434,"Sellimonas intestinalis",4,5.36702393155971e-06,8.2,1.09399033351551e-05,"0","Bacillota","Clostridia","Lachnospirales","Lachnospiraceae","Sellimonas","Sellimonas intestinalis","0",0,"0",0,0,0,0,0,0
1776392,"Massilimicrobiota timonensis",4,5.36702393155971e-06,4,5.3670259076742e-06,"0","Bacillota","Erysipelotrichia","Erysipelotrichales","Erysipelotrichaceae","Massilimicrobiota","Massilimicrobiota timonensis","0",0,"0",0,0,0,0,0,0
1871030,"Merdibacter massiliensis",4,5.36702393155971e-06,4,5.42397162919382e-06,"0","Bacillota","Erysipelotrichia","Erysipelotrichales","Erysipelotrichaceae","Merdibacter","Merdibacter massiliensis","0",0,"0",0,0,0,0,0,0
1051631,"Streptococcus phage YMC-2011",4,5.36702393155971e-06,4,5.36702393155971e-06,"0","Uroviricota","Caudoviricetes","0","Aliceevansviridae","0","Streptococcus phage YMC-2011","0",0,"0",0,0,0,0,0,0
1122985,"Hoylesella loescheii",3,4.02526794866978e-06,8,1.07753232001259e-05,"0","Bacteroidota","Bacteroidia","Bacteroidales","Prevotellaceae","Hoylesella","Hoylesella loescheii","0",0,"0",0,0,0,0,0,0
203120,"Leuconostoc mesenteroides",3,4.02526794866978e-06,2.1,2.79296382794024e-06,"0","Bacillota","Bacilli","Lactobacillales","Lactobacillaceae","Leuconostoc","Leuconostoc mesenteroides","0",0,"0",0,0,0,0,0,0
467705,"Streptococcus gordonii",3,4.02526794866978e-06,20.7,2.77804070817697e-05,"0","Bacillota","Bacilli","Lactobacillales","Streptococcaceae","Streptococcus","Streptococcus gordonii","0",0,"0",0,0,0,0,0,0
0,"unknown genome; accession ID isNZ_BAJC01000002.1",3,4.02526794866978e-06,3.7,5.0278429823448e-06,"0","0","0","0","0","0","0","0",0,"0",0,0,0,0,0,0
428126,"Thomasclavelia spiroformis",3,4.02526794866978e-06,3,4.03722812252985e-06,"0","Bacillota","Erysipelotrichia","Erysipelotrichales","Coprobacillaceae","Thomasclavelia","Thomasclavelia spiroformis","0",0,"0",0,0,0,0,0,0
1051646,"Vibrio tubiashii",3,4.02526794866978e-06,3,4.03341427599856e-06,"0","Pseudomonadota","Gammaproteobacteria","Vibrionales","Vibrionaceae","Vibrio","Vibrio tubiashii","0",0,"0",0,0,0,0,0,0
509191,"Acetivibrio cellulolyticus",3,4.02526794866978e-06,1.7,2.24396539338901e-06,"0","Bacillota","Clostridia","Eubacteriales","Oscillospiraceae","Acetivibrio","Acetivibrio cellulolyticus","0",0,"0",0,0,0,0,0,0
1236520,"Porphyromonas cangingivalis",3,4.02526794866978e-06,3.3,4.38050712410073e-06,"0","Bacteroidota","Bacteroidia","Bacteroidales","Porphyromonadaceae","Porphyromonas","Porphyromonas cangingivalis","0",0,"0",0,0,0,0,0,0
1302863,"Streptococcus cristatus",3,4.02526794866978e-06,5.9,7.96192698604746e-06,"0","Bacillota","Bacilli","Lactobacillales","Streptococcaceae","Streptococcus","Streptococcus cristatus","0",0,"0",0,0,0,0,0,0
69222,"Erwinia mallotivora",3,4.02526794866978e-06,3,4.02526804156555e-06,"0","Pseudomonadota","Gammaproteobacteria","Enterobacterales","Erwiniaceae","Erwinia","Erwinia mallotivora","0",0,"0",0,0,0,0,0,0
1122978,"Segatella albensis",3,4.02526794866978e-06,3,4.02526913724236e-06,"0","Bacteroidota","Bacteroidia","Bacteroidales","Prevotellaceae","Segatella","Segatella albensis","0",0,"0",0,0,0,0,0,0
0,"unknown genome; accession ID isNZ_CP010516.1",3,4.02526794866978e-06,7.6,1.01427790650241e-05,"0","0","0","0","0","0","0","0",0,"0",0,0,0,0,0,0
0,"unknown genome; accession ID isNZ_ACCK01000463.1",3,4.02526794866978e-06,3,4.02527070813603e-06,"0","0","0","0","0","0","0","0",0,"0",0,0,0,0,0,0
0,"unknown genome; accession ID isNZ_ACCK01000452.1",3,4.02526794866978e-06,3,4.02526794866978e-06,"0","0","0","0","0","0","0","0",0,"0",0,0,0,0,0,0
0,"unknown genome; accession ID isNZ_ACCK01000436.1",3,4.02526794866978e-06,3,4.02526794866978e-06,"0","0","0","0","0","0","0","0",0,"0",0,0,0,0,0,0
0,"unknown genome; accession ID isNZ_ACCK01000018.1",3,4.02526794866978e-06,3,4.02526794866978e-06,"0","0","0","0","0","0","0","0",0,"0",0,0,0,0,0,0
0,"unknown genome; accession ID isNZ_ACCK01000017.1",3,4.02526794866978e-06,3,4.02526794866978e-06,"0","0","0","0","0","0","0","0",0,"0",0,0,0,0,0,0
105219,"Ralstonia mannitolilytica",3,4.02526794866978e-06,3,4.02800945566952e-06,"0","Pseudomonadota","Betaproteobacteria","Burkholderiales","Burkholderiaceae","Ralstonia","Ralstonia mannitolilytica","0",0,"0",0,0,0,0,0,0
0,"unknown genome; accession ID isNZ_CCES01000003.1",3,4.02526794866978e-06,3,4.06989048056263e-06,"0","0","0","0","0","0","0","0",0,"0",0,0,0,0,0,0
1121947,"Helcococcus sueciensis",3,4.02526794866978e-06,3,4.02527554163384e-06,"0","Bacillota","Tissierellia","Tissierellales","Peptoniphilaceae","Helcococcus","Helcococcus sueciensis","0",0,"0",0,0,0,0,0,0
290052,"Acetivibrio ethanolgignens",3,4.02526794866978e-06,3.1,4.19131008128748e-06,"0","Bacillota","Clostridia","Eubacteriales","Oscillospiraceae","Acetivibrio","Acetivibrio ethanolgignens","0",0,"0",0,0,0,0,0,0
1122155,"Lactonifactor longoviformis",3,4.02526794866978e-06,4,5.40312768285916e-06,"0","Bacillota","Clostridia","Eubacteriales","Clostridiaceae","Lactonifactor","Lactonifactor longoviformis","0",0,"0",0,0,0,0,0,0
0,"unknown genome; accession ID isNZ_BBAB01000038.1",3,4.02526794866978e-06,3,4.02528928612553e-06,"0","0","0","0","0","0","0","0",0,"0",0,0,0,0,0,0
1120979,"Alloscardovia omnicolens",3,4.02526794866978e-06,3,4.02526797705174e-06,"0","Actinomycetota","Actinomycetes","Bifidobacteriales","Bifidobacteriaceae","Alloscardovia","Alloscardovia omnicolens","0",0,"0",0,0,0,0,0,0
862517,"Peptoniphilus duerdenii",3,4.02526794866978e-06,3,4.02528245752533e-06,"0","Bacillota","Tissierellia","Tissierellales","Peptoniphilaceae","Peptoniphilus","Peptoniphilus duerdenii","0",0,"0",0,0,0,0,0,0
0,"unknown genome; accession ID isNZ_BBDW01000039.1",3,4.02526794866978e-06,3,4.02627495038901e-06,"0","0","0","0","0","0","0","0",0,"0",0,0,0,0,0,0
742818,"Slackia piriformis",3,4.02526794866978e-06,3.4,4.58287483190956e-06,"0","Actinomycetota","Coriobacteriia","Eggerthellales","Eggerthellaceae","Slackia","Slackia piriformis","0",0,"0",0,0,0,0,0,0
1437609,"Bifidobacterium callitrichos",3,4.02526794866978e-06,2.8,3.72146827824174e-06,"0","Actinomycetota","Actinomycetes","Bifidobacteriales","Bifidobacteriaceae","Bifidobacterium","Bifidobacterium callitrichos","0",0,"0",0,0,0,0,0,0
0,"unknown genome; accession ID isNC_022546.1",3,4.02526794866978e-06,4.1,5.46674520235536e-06,"0","0","0","0","0","0","0","0",0,"0",0,0,0,0,0,0
1329411,"Bifidobacterium aesculapii",3,4.02526794866978e-06,3.5,4.63329351479834e-06,"0","Actinomycetota","Actinomycetes","Bifidobacteriales","Bifidobacteriaceae","Bifidobacterium","Bifidobacterium aesculapii","0",0,"0",0,0,0,0,0,0
947969,"Cellulomonas carbonis",3,4.02526794866978e-06,3,4.02531267791555e-06,"0","Actinomycetota","Actinomycetes","Micrococcales","Cellulomonadaceae","Cellulomonas","Cellulomonas carbonis","0",0,"0",0,0,0,0,0,0
1118060,"Enorma massiliensis",3,4.02526794866978e-06,5.2,7.02296870578314e-06,"0","Actinomycetota","Coriobacteriia","Coriobacteriales","Coriobacteriaceae","Enorma","Enorma massiliensis","0",0,"0",0,0,0,0,0,0
1870984,"Anaerococcus mediterraneensis",3,4.02526794866978e-06,2.7,3.57617672862138e-06,"0","Bacillota","Tissierellia","Tissierellales","Peptoniphilaceae","Anaerococcus","Anaerococcus mediterraneensis","0",0,"0",0,0,0,0,0,0
1871002,"Acidaminococcus timonensis",3,4.02526794866978e-06,3,4.02527157758873e-06,"0","Bacillota","Negativicutes","Acidaminococcales","Acidaminococcaceae","Acidaminococcus","Acidaminococcus timonensis","0",0,"0",0,0,0,0,0,0
1871025,"Ndongobacter massiliensis",3,4.02526794866978e-06,3,4.02527099282905e-06,"0","Bacillota","0","0","0","Ndongobacter","Ndongobacter massiliensis","0",0,"0",0,0,0,0,0,0
2905959,"Lederbergvirus Sf6",3,4.02526794866978e-06,2.2,2.99519551109226e-06,"0","Uroviricota","Caudoviricetes","0","0","Lederbergvirus","Lederbergvirus Sf6","0",0,"0",0,0,0,0,0,0
0,"unknown genome; accession ID isNC_010682.1",2,2.68351196577986e-06,1.7,2.21752370848762e-06,"0","0","0","0","0","0","0","0",0,"0",0,0,0,0,0,0
273526,"Serratia marcescens",2,2.68351196577986e-06,1.4,1.90415714716193e-06,"0","Pseudomonadota","Gammaproteobacteria","Enterobacterales","Yersiniaceae","Serratia","Serratia marcescens","0",0,"0",0,0,0,0,0,0
869213,"Saccharicrinis fermentans",2,2.68351196577986e-06,1.3,1.79543888267771e-06,"0","Bacteroidota","Bacteroidia","Marinilabiliales","Marinilabiliaceae","Saccharicrinis","Saccharicrinis fermentans","0",0,"0",0,0,0,0,0,0
553178,"Capnocytophaga gingivalis",2,2.68351196577986e-06,1.3,1.74287712877994e-06,"0","Bacteroidota","Flavobacteriia","Flavobacteriales","Flavobacteriaceae","Capnocytophaga","Capnocytophaga gingivalis","0",0,"0",0,0,0,0,0,0
1511,"Acetoanaerobium sticklandii",2,2.68351196577986e-06,1.7,2.29127820864885e-06,"0","Bacillota","Clostridia","Peptostreptococcales","Filifactoraceae","Acetoanaerobium","Acetoanaerobium sticklandii","0",0,"0",0,0,0,0,0,0
1423721,"Amylolactobacillus amylophilus",2,2.68351196577986e-06,2.8,3.80175504399929e-06,"0","Bacillota","Bacilli","Lactobacillales","Lactobacillaceae","Amylolactobacillus","Amylolactobacillus amylophilus","0",0,"0",0,0,0,0,0,0
1234679,"Carnobacterium maltaromaticum",2,2.68351196577986e-06,2,2.68352655060333e-06,"0","Bacillota","Bacilli","Lactobacillales","Carnobacteriaceae","Carnobacterium","Carnobacterium maltaromaticum","0",0,"0",0,0,0,0,0,0
0,"unknown genome; accession ID isNZ_BAJQ01000025.1",2,2.68351196577986e-06,2.3,3.11810103868366e-06,"0","0","0","0","0","0","0","0",0,"0",0,0,0,0,0,0
0,"unknown genome; accession ID isNZ_BAJQ01000018.1",2,2.68351196577986e-06,2.2,2.95372421763031e-06,"0","0","0","0","0","0","0","0",0,"0",0,0,0,0,0,0
411468,"[Clostridium] scindens",2,2.68351196577986e-06,2,2.68583887414944e-06,"0","Bacillota","Clostridia","Lachnospirales","Lachnospiraceae","Lachnoclostridium","[Clostridium] scindens","0",0,"0",0,0,0,0,0,0
1121321,"Asaccharospora irregularis",2,2.68351196577986e-06,2.2,2.91257723594265e-06,"0","Bacillota","Clostridia","Peptostreptococcales","Peptostreptococcaceae","Asaccharospora","Asaccharospora irregularis","0",0,"0",0,0,0,0,0,0
887901,"Porphyromonas catoniae",2,2.68351196577986e-06,1.2,1.55064061423028e-06,"0","Bacteroidota","Bacteroidia","Bacteroidales","Porphyromonadaceae","Porphyromonas","Porphyromonas catoniae","0",0,"0",0,0,0,0,0,0
42322,"Eubacterium ruminantium",2,2.68351196577986e-06,2.6,3.48922544833149e-06,"0","Bacillota","Clostridia","Eubacteriales","Eubacteriaceae","Eubacterium","Eubacterium ruminantium","0",0,"0",0,0,0,0,0,0
1139219,"Enterococcus dispar",2,2.68351196577986e-06,2.6,3.49497546006651e-06,"0","Bacillota","Bacilli","Lactobacillales","Enterococcaceae","Enterococcus","Enterococcus dispar","0",0,"0",0,0,0,0,0,0
641143,"Capnocytophaga granulosa",2,2.68351196577986e-06,2.2,2.95592016346209e-06,"0","Bacteroidota","Flavobacteriia","Flavobacteriales","Flavobacteriaceae","Capnocytophaga","Capnocytophaga granulosa","0",0,"0",0,0,0,0,0,0
53336,"Tatumella citrea",2,2.68351196577986e-06,2.2,3.01149007949712e-06,"0","Pseudomonadota","Gammaproteobacteria","Enterobacterales","Erwiniaceae","Tatumella","Tatumella citrea","0",0,"0",0,0,0,0,0,0
908338,"Peptoniphilus harei",2,2.68351196577986e-06,7.1,9.570996858873e-06,"0","Bacillota","Tissierellia","Tissierellales","Peptoniphilaceae","Peptoniphilus","Peptoniphilus harei","0",0,"0",0,0,0,0,0,0
1158606,"Enterococcus asini",2,2.68351196577986e-06,2,2.68351312565243e-06,"0","Bacillota","Bacilli","Lactobacillales","Enterococcaceae","Enterococcus","Enterococcus asini","0",0,"0",0,0,0,0,0,0
765909,"Lamprocystis purpurea",2,2.68351196577986e-06,2,2.68351259013943e-06,"0","Pseudomonadota","Gammaproteobacteria","Chromatiales","Chromatiaceae","Lamprocystis","Lamprocystis purpurea","0",0,"0",0,0,0,0,0,0
1082705,"Lonsdalea quercina",2,2.68351196577986e-06,2,2.70150450272035e-06,"0","Pseudomonadota","Gammaproteobacteria","Enterobacterales","Pectobacteriaceae","Lonsdalea","Lonsdalea quercina","0",0,"0",0,0,0,0,0,0
1304883,"Dechloromonas agitata",2,2.68351196577986e-06,2.6,3.53252705703801e-06,"0","Pseudomonadota","Betaproteobacteria","Rhodocyclales","Azonexaceae","Dechloromonas","Dechloromonas agitata","0",0,"0",0,0,0,0,0,0
398578,"Delftia acidovorans",2,2.68351196577986e-06,2.2,2.90121838505926e-06,"0","Pseudomonadota","Betaproteobacteria","Burkholderiales","Comamonadaceae","Delftia","Delftia acidovorans","0",0,"0",0,0,0,0,0,0
471855,"Slackia heliotrinireducens",2,2.68351196577986e-06,2,2.68351197410039e-06,"0","Actinomycetota","Coriobacteriia","Eggerthellales","Eggerthellaceae","Slackia","Slackia heliotrinireducens","0",0,"0",0,0,0,0,0,0
0,"unknown genome; accession ID isNZ_ACCK01000468.1",2,2.68351196577986e-06,2,2.68351196577986e-06,"0","0","0","0","0","0","0","0",0,"0",0,0,0,0,0,0
0,"unknown genome; accession ID isNZ_ACCK01000458.1",2,2.68351196577986e-06,2,2.68351731465197e-06,"0","0","0","0","0","0","0","0",0,"0",0,0,0,0,0,0
0,"unknown genome; accession ID isNZ_ACCK01000454.1",2,2.68351196577986e-06,2,2.68351196577986e-06,"0","0","0","0","0","0","0","0",0,"0",0,0,0,0,0,0
0,"unknown genome; accession ID isNZ_ACCK01000445.1",2,2.68351196577986e-06,2,2.68351196577986e-06,"0","0","0","0","0","0","0","0",0,"0",0,0,0,0,0,0
0,"unknown genome; accession ID isNZ_ACCK01000417.1",2,2.68351196577986e-06,2,2.68351196577986e-06,"0","0","0","0","0","0","0","0",0,"0",0,0,0,0,0,0
0,"unknown genome; accession ID isNZ_ACCK01000042.1",2,2.68351196577986e-06,2.5,3.34842540023654e-06,"0","0","0","0","0","0","0","0",0,"0",0,0,0,0,0,0
1042878,"Cupriavidus necator",2,2.68351196577986e-06,2,2.68370878097594e-06,"0","Pseudomonadota","Betaproteobacteria","Burkholderiales","Burkholderiaceae","Cupriavidus","Cupriavidus necator","0",0,"0",0,0,0,0,0,0
0,"unknown genome; accession ID isNZ_CP012068.1",2,2.68351196577986e-06,2,2.68351222910485e-06,"0","0","0","0","0","0","0","0",0,"0",0,0,0,0,0,0
596154,"Alicycliphilus denitrificans",2,2.68351196577986e-06,2,2.68351390685774e-06,"0","Pseudomonadota","Betaproteobacteria","Burkholderiales","Comamonadaceae","Alicycliphilus","Alicycliphilus denitrificans","0",0,"0",0,0,0,0,0,0
0,"unknown genome; accession ID isNZ_JNKJ01000044.1",2,2.68351196577986e-06,2,2.68351196577986e-06,"0","0","0","0","0","0","0","0",0,"0",0,0,0,0,0,0
888832,"Segatella salivae",2,2.68351196577986e-06,2,2.69564457876322e-06,"0","Bacteroidota","Bacteroidia","Bacteroidales","Prevotellaceae","Segatella","Segatella salivae","0",0,"0",0,0,0,0,0,0
688246,"Hallella multisaccharivorax",2,2.68351196577986e-06,2,2.68352589133346e-06,"0","Bacteroidota","Bacteroidia","Bacteroidales","Prevotellaceae","Hallella","Hallella multisaccharivorax","0",0,"0",0,0,0,0,0,0
1258574,"Streptococcus gallolyticus",2,2.68351196577986e-06,2,2.68351399397072e-06,"0","Bacillota","Bacilli","Lactobacillales","Streptococcaceae","Streptococcus","Streptococcus gallolyticus","0",0,"0",0,0,0,0,0,0
0,"unknown genome; accession ID isNZ_BBAB01000005.1",2,2.68351196577986e-06,2,2.68381830839138e-06,"0","0","0","0","0","0","0","0",0,"0",0,0,0,0,0,0
1122228,"Alloscardovia criceti",2,2.68351196577986e-06,2,2.68351283245877e-06,"0","Actinomycetota","Actinomycetes","Bifidobacteriales","Bifidobacteriaceae","Alloscardovia","Alloscardovia criceti","0",0,"0",0,0,0,0,0,0
441769,"Bacillus coahuilensis",2,2.68351196577986e-06,2,2.68351257792947e-06,"0","Bacillota","Bacilli","Bacillales","Bacillaceae","Bacillus","Bacillus coahuilensis","0",0,"0",0,0,0,0,0,0
0,"unknown genome; accession ID isNZ_GG662015.1",2,2.68351196577986e-06,2,2.68359845115055e-06,"0","0","0","0","0","0","0","0",0,"0",0,0,0,0,0,0
1121129,"Butyricimonas synergistica",2,2.68351196577986e-06,2,2.68351372660327e-06,"0","Bacteroidota","Bacteroidia","Bacteroidales","Odoribacteraceae","Butyricimonas","Butyricimonas synergistica","0",0,"0",0,0,0,0,0,0
1236518,"Prevotella scopos",2,2.68351196577986e-06,2,2.73947905583025e-06,"0","Bacteroidota","Bacteroidia","Bacteroidales","Prevotellaceae","Prevotella","Prevotella scopos","0",0,"0",0,0,0,0,0,0
0,"unknown genome; accession ID isNZ_BBDW01000005.1",2,2.68351196577986e-06,2.3,3.11523631040735e-06,"0","0","0","0","0","0","0","0",0,"0",0,0,0,0,0,0
0,"unknown genome; accession ID isNZ_BBDW01000013.1",2,2.68351196577986e-06,2.3,3.06261236105948e-06,"0","0","0","0","0","0","0","0",0,"0",0,0,0,0,0,0
0,"unknown genome; accession ID isNZ_BBDW01000016.1",2,2.68351196577986e-06,2,2.68351196577986e-06,"0","0","0","0","0","0","0","0",0,"0",0,0,0,0,0,0
444461,"Heyndrickxia acidiproducens",2,2.68351196577986e-06,2.1,2.80213731016562e-06,"0","Bacillota","Bacilli","Bacillales","Bacillaceae","Heyndrickxia","Heyndrickxia acidiproducens","0",0,"0",0,0,0,0,0,0
1297750,"Bacteroides luti",2,2.68351196577986e-06,2,2.68352313771376e-06,"0","Bacteroidota","Bacteroidia","Bacteroidales","Bacteroidaceae","Bacteroides","Bacteroides luti","0",0,"0",0,0,0,0,0,0
1393034,"Atopobium deltae",2,2.68351196577986e-06,2,2.74712059727481e-06,"0","Actinomycetota","Coriobacteriia","Coriobacteriales","Atopobiaceae","Atopobium","Atopobium deltae","0",0,"0",0,0,0,0,0,0
0,"unknown genome; accession ID isNZ_HG326667.1",2,2.68351196577986e-06,2,2.6835188390249e-06,"0","0","0","0","0","0","0","0",0,"0",0,0,0,0,0,0
1118062,"Peptoniphilus obesi",2,2.68351196577986e-06,7.1,9.49348064804057e-06,"0","Bacillota","Tissierellia","Tissierellales","Peptoniphilaceae","Peptoniphilus","Peptoniphilus obesi","0",0,"0",0,0,0,0,0,0
0,"unknown genome; accession ID isNZ_LM651463.1",2,2.68351196577986e-06,2.1,2.7768948479844e-06,"0","0","0","0","0","0","0","0",0,"0",0,0,0,0,0,0
0,"unknown genome; accession ID isNZ_LM651460.1",2,2.68351196577986e-06,2,2.68947468294231e-06,"0","0","0","0","0","0","0","0",0,"0",0,0,0,0,0,0
0,"unknown genome; accession ID isNZ_LM651462.1",2,2.68351196577986e-06,2.1,2.8017418746595e-06,"0","0","0","0","0","0","0","0",0,"0",0,0,0,0,0,0
1619313,"Duffyella gerundensis",2,2.68351196577986e-06,2.4,3.24027166964603e-06,"0","Pseudomonadota","Gammaproteobacteria","Enterobacterales","Erwiniaceae","Duffyella","Duffyella gerundensis","0",0,"0",0,0,0,0,0,0
1642646,"Petrimonas mucosa",2,2.68351196577986e-06,1.5,1.98245254458843e-06,"0","Bacteroidota","Bacteroidia","Bacteroidales","Dysgonomonadaceae","Petrimonas","Petrimonas mucosa","0",0,"0",0,0,0,0,0,0
1691903,"Mangrovibacter phragmitis",2,2.68351196577986e-06,2,2.68351251640225e-06,"0","Pseudomonadota","Gammaproteobacteria","Enterobacterales","Enterobacteriaceae","Mangrovibacter","Mangrovibacter phragmitis","0",0,"0",0,0,0,0,0,0
1807766,"Pseudovibrio stylochi",2,2.68351196577986e-06,2,2.6835120827657e-06,"0","Pseudomonadota","Alphaproteobacteria","Hyphomicrobiales","Stappiaceae","Pseudovibrio","Pseudovibrio stylochi","0",0,"0",0,0,0,0,0,0
1852362,"Bacteroides ihuae",2,2.68351196577986e-06,2,2.68351199266788e-06,"0","Bacteroidota","Bacteroidia","Bacteroidales","Bacteroidaceae","Bacteroides","Bacteroides ihuae","0",0,"0",0,0,0,0,0,0
1870997,"Alterileibacterium massiliense",2,2.68351196577986e-06,2,2.6977572297874e-06,"0","Bacillota","Clostridia","Peptostreptococcales","Anaerovoracaceae","Alterileibacterium","Alterileibacterium massiliense","0",0,"0",0,0,0,0,0,0
344612,"Aspergillus clavatus",2,2.68351196577986e-06,2,2.68351722130513e-06,"0","Ascomycota","Eurotiomycetes","Eurotiales","Aspergillaceae","Aspergillus","Aspergillus clavatus","0",0,"0",0,0,0,0,0,0
2681618,"Shamshuipovirus HK022",2,2.68351196577986e-06,2.7,3.56019546733629e-06,"0","Uroviricota","Caudoviricetes","0","0","Shamshuipovirus","Shamshuipovirus HK022","0",0,"0",0,0,0,0,0,0
1147152,"Enterobacteria phage mEp460",2,2.68351196577986e-06,6.6,8.79681582375572e-06,"0","Uroviricota","Caudoviricetes","0","0","0","Enterobacteria phage mEp460","0",0,"0",0,0,0,0,0,0
1147156,"Aguilavirus mEp213",2,2.68351196577986e-06,1.9,2.51397857161681e-06,"0","Uroviricota","Caudoviricetes","0","0","Aguilavirus","Aguilavirus mEp213","0",0,"0",0,0,0,0,0,0
652,"Aeromonas schubertii",1,1.34175598288993e-06,1.9,2.55763990420698e-06,"0","Pseudomonadota","Gammaproteobacteria","Aeromonadales","Aeromonadaceae","Aeromonas","Aeromonas schubertii","0",0,"0",0,0,0,0,0,0
1229758,"Leuconostoc carnosum",1,1.34175598288993e-06,0.6,7.82971456942626e-07,"0","Bacillota","Bacilli","Lactobacillales","Lactobacillaceae","Leuconostoc","Leuconostoc carnosum","0",0,"0",0,0,0,0,0,0
1121865,"Enterococcus columbae",1,1.34175598288993e-06,1.5,2.0132950066878e-06,"0","Bacillota","Bacilli","Lactobacillales","Enterococcaceae","Enterococcus","Enterococcus columbae","0",0,"0",0,0,0,0,0,0
1505,"Paraclostridium sordellii",1,1.34175598288993e-06,1,1.34175796941999e-06,"0","Bacillota","Clostridia","Peptostreptococcales","Peptostreptococcaceae","Paraclostridium","Paraclostridium sordellii","0",0,"0",0,0,0,0,0,0
1423814,"Limosilactobacillus vaginalis",1,1.34175598288993e-06,1.4,1.9389946066857e-06,"0","Bacillota","Bacilli","Lactobacillales","Lactobacillaceae","Limosilactobacillus","Limosilactobacillus vaginalis","0",0,"0",0,0,0,0,0,0
1688,"Bifidobacterium cuniculi",1,1.34175598288993e-06,1.2,1.65137891739928e-06,"0","Actinomycetota","Actinomycetes","Bifidobacteriales","Bifidobacteriaceae","Bifidobacterium","Bifidobacterium cuniculi","0",0,"0",0,0,0,0,0,0
1692,"Bifidobacterium magnum",1,1.34175598288993e-06,1,1.34175721489447e-06,"0","Actinomycetota","Actinomycetes","Bifidobacteriales","Bifidobacteriaceae","Bifidobacterium","Bifidobacterium magnum","0",0,"0",0,0,0,0,0,0
1732,"Eubacterium oxidoreducens",1,1.34175598288993e-06,1.2,1.66480802226769e-06,"0","Bacillota","Clostridia","Eubacteriales","Eubacteriaceae","Eubacterium","Eubacterium oxidoreducens","0",0,"0",0,0,0,0,0,0
1122984,"Prevotella intermedia",1,1.34175598288993e-06,1.2,1.58647374951455e-06,"0","Bacteroidota","Bacteroidia","Bacteroidales","Prevotellaceae","Prevotella","Prevotella intermedia","0",0,"0",0,0,0,0,0,0
873533,"Hoylesella oralis",1,1.34175598288993e-06,1,1.34176383293643e-06,"0","Bacteroidota","Bacteroidia","Bacteroidales","Prevotellaceae","Hoylesella","Hoylesella oralis","0",0,"0",0,0,0,0,0,0
0,"unknown genome; accession ID isNZ_HE978617.1",1,1.34175598288993e-06,3.2,4.23997526752833e-06,"0","0","0","0","0","0","0","0",0,"0",0,0,0,0,0,0
0,"unknown genome; accession ID isNZ_JDVA01000045.1",1,1.34175598288993e-06,1,1.34175598373738e-06,"0","0","0","0","0","0","0","0",0,"0",0,0,0,0,0,0
398512,"Pseudobacteroides cellulosolvens",1,1.34175598288993e-06,1.3,1.79450537517454e-06,"0","Bacillota","Clostridia","Eubacteriales","Oscillospiraceae","Pseudobacteroides","Pseudobacteroides cellulosolvens","0",0,"0",0,0,0,0,0,0
39480,"Andreesenia angusta",1,1.34175598288993e-06,1,1.34176901477719e-06,"0","Bacillota","Tissierellia","Tissierellales","Gottschalkiaceae","Andreesenia","Andreesenia angusta","0",0,"0",0,0,0,0,0,0
883114,"Helcococcus kunzii",1,1.34175598288993e-06,1,1.34175783035666e-06,"0","Bacillota","Tissierellia","Tissierellales","Peptoniphilaceae","Helcococcus","Helcococcus kunzii","0",0,"0",0,0,0,0,0,0
1123323,"Succiniclasticum ruminis",1,1.34175598288993e-06,2.1,2.86072750152465e-06,"0","Bacillota","Negativicutes","Acidaminococcales","Acidaminococcaceae","Succiniclasticum","Succiniclasticum ruminis","0",0,"0",0,0,0,0,0,0
1123282,"Sporobacter termitidis",1,1.34175598288993e-06,1,1.34173918914426e-06,"0","Bacillota","Clostridia","Eubacteriales","Oscillospiraceae","Sporobacter","Sporobacter termitidis","0",0,"0",0,0,0,0,0,0
47917,"Serratia fonticola",1,1.34175598288993e-06,1.6,2.08181154081004e-06,"0","Pseudomonadota","Gammaproteobacteria","Enterobacterales","Yersiniaceae","Serratia","Serratia fonticola","0",0,"0",0,0,0,0,0,0
0,"unknown genome; accession ID isNZ_LSJH01000143.1",1,1.34175598288993e-06,0.5,6.93703951430139e-07,"0","0","0","0","0","0","0","0",0,"0",0,0,0,0,0,0
1358411,"Pantoea dispersa",1,1.34175598288993e-06,1,1.34270005749777e-06,"0","Pseudomonadota","Gammaproteobacteria","Enterobacterales","Erwiniaceae","Pantoea","Pantoea dispersa","0",0,"0",0,0,0,0,0,0
1125702,"Treponema vincentii",1,1.34175598288993e-06,1,1.34175606013764e-06,"0","Spirochaetota","Spirochaetia","Spirochaetales","Treponemataceae","Treponema","Treponema vincentii","0",0,"0",0,0,0,0,0,0
1069080,"Succinispira mobilis",1,1.34175598288993e-06,1,1.34175717526903e-06,"0","Bacillota","Negativicutes","Acidaminococcales","Acidaminococcaceae","Succinispira","Succinispira mobilis","0",0,"0",0,0,0,0,0,0
561180,"Bifidobacterium gallicum",1,1.34175598288993e-06,1,1.34175722146535e-06,"0","Actinomycetota","Actinomycetes","Bifidobacteriales","Bifidobacteriaceae","Bifidobacterium","Bifidobacterium gallicum","0",0,"0",0,0,0,0,0,0
82983,"Obesumbacterium proteus",1,1.34175598288993e-06,1.4,1.90133811634786e-06,"0","Pseudomonadota","Gammaproteobacteria","Enterobacterales","Hafniaceae","Obesumbacterium","Obesumbacterium proteus","0",0,"0",0,0,0,0,0,0
1354252,"Buttiauxella ferragutiae",1,1.34175598288993e-06,1,1.34380219029626e-06,"0","Pseudomonadota","Gammaproteobacteria","Enterobacterales","Enterobacteriaceae","Buttiauxella","Buttiauxella ferragutiae","0",0,"0",0,0,0,0,0,0
1408472,"Xylanibacter brevis",1,1.34175598288993e-06,1,1.34175598324928e-06,"0","Bacteroidota","Bacteroidia","Bacteroidales","Prevotellaceae","Xylanibacter","Xylanibacter brevis","0",0,"0",0,0,0,0,0,0
1236960,"Stenotrophomonas pictorum",1,1.34175598288993e-06,1,1.34173039533521e-06,"0","Pseudomonadota","Gammaproteobacteria","Lysobacterales","Lysobacteraceae","Stenotrophomonas","Stenotrophomonas pictorum","0",0,"0",0,0,0,0,0,0
0,"unknown genome; accession ID isNZ_JAEE01000023.1",1,1.34175598288993e-06,1.1,1.44037988674218e-06,"0","0","0","0","0","0","0","0",0,"0",0,0,0,0,0,0
500633,"Peptacetobacter hiranonis",1,1.34175598288993e-06,1.7,2.23520358513223e-06,"0","Bacillota","Clostridia","Peptostreptococcales","Peptostreptococcaceae","Peptacetobacter","Peptacetobacter hiranonis","0",0,"0",0,0,0,0,0,0
0,"unknown genome; accession ID isNZ_KB822502.1",1,1.34175598288993e-06,1,1.34175598288993e-06,"0","0","0","0","0","0","0","0",0,"0",0,0,0,0,0,0
0,"unknown genome; accession ID isNZ_ACCK01000470.1",1,1.34175598288993e-06,1,1.34292019970667e-06,"0","0","0","0","0","0","0","0",0,"0",0,0,0,0,0,0
0,"unknown genome; accession ID isNZ_ACCK01000429.1",1,1.34175598288993e-06,1,1.34175598288993e-06,"0","0","0","0","0","0","0","0",0,"0",0,0,0,0,0,0
0,"unknown genome; accession ID isNZ_ACCK01000426.1",1,1.34175598288993e-06,1,1.34175598288993e-06,"0","0","0","0","0","0","0","0",0,"0",0,0,0,0,0,0
0,"unknown genome; accession ID isNZ_ACCK01000425.1",1,1.34175598288993e-06,1,1.34175598288993e-06,"0","0","0","0","0","0","0","0",0,"0",0,0,0,0,0,0
0,"unknown genome; accession ID isNZ_ACCK01000060.1",1,1.34175598288993e-06,1,1.34175598288993e-06,"0","0","0","0","0","0","0","0",0,"0",0,0,0,0,0,0
0,"unknown genome; accession ID isNZ_ACCK01000041.1",1,1.34175598288993e-06,1.1,1.51375359358849e-06,"0","0","0","0","0","0","0","0",0,"0",0,0,0,0,0,0
0,"unknown genome; accession ID isNZ_ACCK01000035.1",1,1.34175598288993e-06,1,1.34175598288993e-06,"0","0","0","0","0","0","0","0",0,"0",0,0,0,0,0,0
0,"unknown genome; accession ID isNZ_ACCK01000023.1",1,1.34175598288993e-06,1,1.34175598288993e-06,"0","0","0","0","0","0","0","0",0,"0",0,0,0,0,0,0
1123263,"Solobacterium moorei",1,1.34175598288993e-06,1,1.34175870654062e-06,"0","Bacillota","Erysipelotrichia","Erysipelotrichales","Erysipelotrichaceae","Solobacterium","Solobacterium moorei","0",0,"0",0,0,0,0,0,0
883112,"Falseniella ignava",1,1.34175598288993e-06,1,1.39447229321717e-06,"0","Bacillota","Bacilli","Lactobacillales","Aerococcaceae","Falseniella","Falseniella ignava","0",0,"0",0,0,0,0,0,0
626369,"Granulicatella elegans",1,1.34175598288993e-06,1,1.34175608904787e-06,"0","Bacillota","Bacilli","Lactobacillales","Carnobacteriaceae","Granulicatella","Granulicatella elegans","0",0,"0",0,0,0,0,0,0
1122142,"Lachnobacterium bovis",1,1.34175598288993e-06,1,1.34175674778214e-06,"0","Bacillota","Clostridia","Lachnospirales","Lachnospiraceae","Lachnobacterium","Lachnobacterium bovis","0",0,"0",0,0,0,0,0,0
1123504,"Xenophilus azovorans",1,1.34175598288993e-06,1,1.39279666579627e-06,"0","Pseudomonadota","Betaproteobacteria","Burkholderiales","Comamonadaceae","Xenophilus","Xenophilus azovorans","0",0,"0",0,0,0,0,0,0
155865,"Eubacterium pyruvativorans",1,1.34175598288993e-06,3.7,4.98558860446081e-06,"0","Bacillota","Clostridia","Eubacteriales","Eubacteriaceae","Eubacterium","Eubacterium pyruvativorans","0",0,"0",0,0,0,0,0,0
0,"unknown genome; accession ID isNZ_JNKJ01000045.1",1,1.34175598288993e-06,1,1.34175808381033e-06,"0","0","0","0","0","0","0","0",0,"0",0,0,0,0,0,0
1122987,"Prevotella micans",1,1.34175598288993e-06,1,1.34185089738373e-06,"0","Bacteroidota","Bacteroidia","Bacteroidales","Prevotellaceae","Prevotella","Prevotella micans","0",0,"0",0,0,0,0,0,0
1349765,"Enterococcus canis",1,1.34175598288993e-06,1.4,1.90196894710423e-06,"0","Bacillota","Bacilli","Lactobacillales","Enterococcaceae","Enterococcus","Enterococcus canis","0",0,"0",0,0,0,0,0,0
1121024,"Atopococcus tabaci",1,1.34175598288993e-06,1.1,1.49437353340114e-06,"0","Bacillota","Bacilli","Lactobacillales","Carnobacteriaceae","Atopococcus","Atopococcus tabaci","0",0,"0",0,0,0,0,0,0
937773,"Staphylococcus pseudintermedius",1,1.34175598288993e-06,1,1.34175613942027e-06,"0","Bacillota","Bacilli","Bacillales","Staphylococcaceae","Staphylococcus","Staphylococcus pseudintermedius","0",0,"0",0,0,0,0,0,0
290054,"Eubacterium coprostanoligenes",1,1.34175598288993e-06,1,1.34175999038737e-06,"0","Bacillota","Clostridia","Eubacteriales","Eubacteriaceae","Eubacterium","Eubacterium coprostanoligenes","0",0,"0",0,0,0,0,0,0
322095,"Porphyromonas somerae",1,1.34175598288993e-06,1.1,1.43441360688139e-06,"0","Bacteroidota","Bacteroidia","Bacteroidales","Porphyromonadaceae","Porphyromonas","Porphyromonas somerae","0",0,"0",0,0,0,0,0,0
0,"unknown genome; accession ID isNZ_BBAB01000001.1",1,1.34175598288993e-06,1.5,1.9944167193169e-06,"0","0","0","0","0","0","0","0",0,"0",0,0,0,0,0,0
0,"unknown genome; accession ID isNZ_BBAB01000025.1",1,1.34175598288993e-06,1,1.34175598288993e-06,"0","0","0","0","0","0","0","0",0,"0",0,0,0,0,0,0
0,"unknown genome; accession ID isNZ_BBAB01000044.1",1,1.34175598288993e-06,1,1.34175598288993e-06,"0","0","0","0","0","0","0","0",0,"0",0,0,0,0,0,0
1388748,"Siccibacter turicensis",1,1.34175598288993e-06,1,1.39375595927917e-06,"0","Pseudomonadota","Gammaproteobacteria","Enterobacterales","Enterobacteriaceae","Siccibacter","Siccibacter turicensis","0",0,"0",0,0,0,0,0,0
875093,"Streptococcus pseudoporcinus",1,1.34175598288993e-06,1,1.39697700116897e-06,"0","Bacillota","Bacilli","Lactobacillales","Streptococcaceae","Streptococcus","Streptococcus pseudoporcinus","0",0,"0",0,0,0,0,0,0
1423786,"Lentilactobacillus parafarraginis",1,1.34175598288993e-06,0.6,8.26273849549747e-07,"0","Bacillota","Bacilli","Lactobacillales","Lactobacillaceae","Lentilactobacillus","Lentilactobacillus parafarraginis","0",0,"0",0,0,0,0,0,0
882378,"Mycetohabitans rhizoxinica",1,1.34175598288993e-06,0.5,6.82433008049975e-07,"0","Pseudomonadota","Betaproteobacteria","Burkholderiales","Burkholderiaceae","Mycetohabitans","Mycetohabitans rhizoxinica","0",0,"0",0,0,0,0,0,0
417368,"Enterococcus thailandicus",1,1.34175598288993e-06,1.4,1.85372831184324e-06,"0","Bacillota","Bacilli","Lactobacillales","Enterococcaceae","Enterococcus","Enterococcus thailandicus","0",0,"0",0,0,0,0,0,0
0,"unknown genome; accession ID isNZ_KK211223.1",1,1.34175598288993e-06,1,1.34175606776835e-06,"0","0","0","0","0","0","0","0",0,"0",0,0,0,0,0,0
1122986,"Segatella maculosa",1,1.34175598288993e-06,1.1,1.49211394360698e-06,"0","Bacteroidota","Bacteroidia","Bacteroidales","Prevotellaceae","Segatella","Segatella maculosa","0",0,"0",0,0,0,0,0,0
0,"unknown genome; accession ID isNZ_BAJX01000015.1",1,1.34175598288993e-06,1,1.34176241509593e-06,"0","0","0","0","0","0","0","0",0,"0",0,0,0,0,0,0
1176165,"Brevibacterium ravenspurgense",1,1.34175598288993e-06,1.1,1.52494075785221e-06,"0","Actinomycetota","Actinomycetes","Micrococcales","Brevibacteriaceae","Brevibacterium","Brevibacterium ravenspurgense","0",0,"0",0,0,0,0,0,0
502393,"Gemelliphila asaccharolytica",1,1.34175598288993e-06,1,1.34175686124532e-06,"0","Bacillota","Bacilli","Bacillales","Gemellaceae","Gemelliphila","Gemelliphila asaccharolytica","0",0,"0",0,0,0,0,0,0
592050,"Acidovorax soli",1,1.34175598288993e-06,1,1.34175607971956e-06,"0","Pseudomonadota","Betaproteobacteria","Burkholderiales","Comamonadaceae","Acidovorax","Acidovorax soli","0",0,"0",0,0,0,0,0,0
0,"unknown genome; accession ID isNZ_BBDW01000018.1",1,1.34175598288993e-06,1,1.34176308456583e-06,"0","0","0","0","0","0","0","0",0,"0",0,0,0,0,0,0
0,"unknown genome; accession ID isNZ_BBDW01000024.1",1,1.34175598288993e-06,1,1.34431257539212e-06,"0","0","0","0","0","0","0","0",0,"0",0,0,0,0,0,0
1437606,"Bifidobacterium bohemicum",1,1.34175598288993e-06,1,1.33026962824299e-06,"0","Actinomycetota","Actinomycetes","Bifidobacteriales","Bifidobacteriaceae","Bifidobacterium","Bifidobacterium bohemicum","0",0,"0",0,0,0,0,0,0
679199,"Alloprevotella rava",1,1.34175598288993e-06,2.3,3.12710855074648e-06,"0","Bacteroidota","Bacteroidia","Bacteroidales","Prevotellaceae","Alloprevotella","Alloprevotella rava","0",0,"0",0,0,0,0,0,0
1235794,"Adlercreutzia caecimuris",1,1.34175598288993e-06,0.5,6.74858210808832e-07,"0","Actinomycetota","Coriobacteriia","Eggerthellales","Eggerthellaceae","Adlercreutzia","Adlercreutzia caecimuris","0",0,"0",0,0,0,0,0,0
762845,"Enterococcus rivorum",1,1.34175598288993e-06,0.4,5.30986057086635e-07,"0","Bacillota","Bacilli","Lactobacillales","Enterococcaceae","Enterococcus","Enterococcus rivorum","0",0,"0",0,0,0,0,0,0
938293,"Anaerococcus provencensis",1,1.34175598288993e-06,1.5,1.97479092259958e-06,"0","Bacillota","Tissierellia","Tissierellales","Peptoniphilaceae","Anaerococcus","Anaerococcus provencensis","0",0,"0",0,0,0,0,0,0
1033739,"Kurthia massiliensis",1,1.34175598288993e-06,1,1.34175598288993e-06,"0","Bacillota","Bacilli","Bacillales","Planococcaceae","Kurthia","Kurthia massiliensis","0",0,"0",0,0,0,0,0,0
396588,"Thioalkalivibrio sulfidiphilus",1,1.34175598288993e-06,1,1.35622468469342e-06,"0","Pseudomonadota","Gammaproteobacteria","Chromatiales","Ectothiorhodospiraceae","Thioalkalivibrio","Thioalkalivibrio sulfidiphilus","0",0,"0",0,0,0,0,0,0
1129897,"Nitrolancea hollandica",1,1.34175598288993e-06,1.1,1.41599370631927e-06,"0","Thermomicrobiota","Thermomicrobia","Sphaerobacterales","Sphaerobacteraceae","Nitrolancea","Nitrolancea hollandica","0",0,"0",0,0,0,0,0,0
1239307,"Sodalis praecaptivus",1,1.34175598288993e-06,1.1,1.53207772984364e-06,"0","Pseudomonadota","Gammaproteobacteria","Enterobacterales","Bruguierivoracaceae","Sodalis","Sodalis praecaptivus","0",0,"0",0,0,0,0,0,0
1095770,"Peptoniphilus timonensis",1,1.34175598288993e-06,1.9,2.57508619886866e-06,"0","Bacillota","Tissierellia","Tissierellales","Peptoniphilaceae","Peptoniphilus","Peptoniphilus timonensis","0",0,"0",0,0,0,0,0,0
1348853,"Novosphingobium malaysiense",1,1.34175598288993e-06,0.5,7.24159303858359e-07,"0","Pseudomonadota","Alphaproteobacteria","Sphingomonadales","Sphingomonadaceae","Novosphingobium","Novosphingobium malaysiense","0",0,"0",0,0,0,0,0,0
1391910,"Pseudooctadecabacter jejudonensis",1,1.34175598288993e-06,0.3,4.57312472807035e-07,"0","Pseudomonadota","Alphaproteobacteria","Rhodobacterales","Paracoccaceae","Pseudooctadecabacter","Pseudooctadecabacter jejudonensis","0",0,"0",0,0,0,0,0,0
1116472,"Methyloglobulus morosus",1,1.34175598288993e-06,1.8,2.38939205224889e-06,"0","Pseudomonadota","Gammaproteobacteria","Methylococcales","Methylococcaceae","Methyloglobulus","Methyloglobulus morosus","0",0,"0",0,0,0,0,0,0
1450648,"Clostridium oryzae",1,1.34175598288993e-06,3.4,4.51467770696396e-06,"0","Bacillota","Clostridia","Eubacteriales","Clostridiaceae","Clostridium","Clostridium oryzae","0",0,"0",0,0,0,0,0,0
1033731,"Alistipes timonensis",1,1.34175598288993e-06,19.3,2.59111463533446e-05,"0","Bacteroidota","Bacteroidia","Bacteroidales","Rikenellaceae","Alistipes","Alistipes timonensis","0",0,"0",0,0,0,0,0,0
2731255,"Peptoniphilus faecalis",1,1.34175598288993e-06,1,1.34175882227759e-06,"0","Bacillota","Tissierellia","Tissierellales","Peptoniphilaceae","Peptoniphilus","Peptoniphilus faecalis","0",0,"0",0,0,0,0,0,0
1477105,"Labilibacter marinus",1,1.34175598288993e-06,1.1,1.53111431278497e-06,"0","Bacteroidota","Bacteroidia","Marinilabiliales","Marinilabiliaceae","Labilibacter","Labilibacter marinus","0",0,"0",0,0,0,0,0,0
1484053,"Mariniphaga anaerophila",1,1.34175598288993e-06,1,1.3417572614455e-06,"0","Bacteroidota","Bacteroidia","Marinilabiliales","Prolixibacteraceae","Mariniphaga","Mariniphaga anaerophila","0",0,"0",0,0,0,0,0,0
0,"unknown genome; accession ID isNZ_CCFE01000031.1",1,1.34175598288993e-06,1.1,1.4365043503589e-06,"0","0","0","0","0","0","0","0",0,"0",0,0,0,0,0,0
1631871,"Weissella jogaejeotgali",1,1.34175598288993e-06,0.6,8.06643801903404e-07,"0","Bacillota","Bacilli","Lactobacillales","Lactobacillaceae","Weissella","Weissella jogaejeotgali","0",0,"0",0,0,0,0,0,0
1632858,"Massilibacterium senegalense",1,1.34175598288993e-06,0.3,4.51216587673216e-07,"0","Bacillota","Bacilli","Bacillales","Bacillaceae","Massilibacterium","Massilibacterium senegalense","0",0,"0",0,0,0,0,0,0
1673724,"Neofamilia massiliensis",1,1.34175598288993e-06,6.7,8.95469518809062e-06,"0","Bacillota","Clostridia","Eubacteriales","0","Neofamilia","Neofamilia massiliensis","0",0,"0",0,0,0,0,0,0
1689303,"Lagierella massiliensis",1,1.34175598288993e-06,1,1.34175663530282e-06,"0","Bacillota","Tissierellia","Tissierellales","Peptoniphilaceae","Lagierella","Lagierella massiliensis","0",0,"0",0,0,0,0,0,0
1720204,"Collinsella ihumii",1,1.34175598288993e-06,2.3,3.14630501875967e-06,"0","Actinomycetota","Coriobacteriia","Coriobacteriales","Coriobacteriaceae","Collinsella","Collinsella ihumii","0",0,"0",0,0,0,0,0,0
1796620,"Acutalibacter muris",1,1.34175598288993e-06,1,1.34175663138201e-06,"0","Bacillota","Clostridia","Eubacteriales","Acutalibacteraceae","Acutalibacter","Acutalibacter muris","0",0,"0",0,0,0,0,0,0
1870991,"Massilioclostridium coli",1,1.34175598288993e-06,1,1.34734745245855e-06,"0","Bacillota","Clostridia","Eubacteriales","Clostridiaceae","Massilioclostridium","Massilioclostridium coli","0",0,"0",0,0,0,0,0,0
1871022,"Parolsenella massiliensis",1,1.34175598288993e-06,1,1.34177046678125e-06,"0","Actinomycetota","Coriobacteriia","Coriobacteriales","Atopobiaceae","Parolsenella","Parolsenella massiliensis","0",0,"0",0,0,0,0,0,0
1917880,"Nissabacter archeti",1,1.34175598288993e-06,1.3,1.78326291748425e-06,"0","Pseudomonadota","Gammaproteobacteria","Enterobacterales","Yersiniaceae","Nissabacter","Nissabacter archeti","0",0,"0",0,0,0,0,0,0
2681626,"Brussowvirus bvO1205",1,1.34175598288993e-06,1,1.34175598288993e-06,"0","Uroviricota","Caudoviricetes","0","Aliceevansviridae","Brussowvirus","Brussowvirus bvO1205","0",0,"0",0,0,0,0,0,0
255431,"Klebsiella phage phiKO2",1,1.34175598288993e-06,1,1.34175598288993e-06,"0","Uroviricota","Caudoviricetes","0","0","0","Klebsiella phage phiKO2","0",0,"0",0,0,0,0,0,0
1177632,"Salmonella phage SSU5",1,1.34175598288993e-06,1,1.34175599190022e-06,"0","Uroviricota","Caudoviricetes","0","0","0","Salmonella phage SSU5","0",0,"0",0,0,0,0,0,0
1655645,"Parabacteroides phage YZ-2015b",1,1.34175598288993e-06,1,1.34175598288993e-06,"0","Phixviricota","Malgrandaviricetes","Petitvirales","Microviridae","0","Parabacteroides phage YZ-2015b","0",0,"0",0,0,0,0,0,0
866553,"Traversvirus tv24B",1,1.34175598288993e-06,1.1,1.44057309117439e-06,"0","Uroviricota","Caudoviricetes","0","0","Traversvirus","Traversvirus tv24B","0",0,"0",0,0,0,0,0,0
1416032,"Diegovirus dv7502Stx",1,1.34175598288993e-06,1.1,1.53887213226755e-06,"0","Uroviricota","Caudoviricetes","0","0","Diegovirus","Diegovirus dv7502Stx","0",0,"0",0,0,0,0,0,0
1147148,"Lambdavirus HK629",1,1.34175598288993e-06,6.8,9.08148368297182e-06,"0","Uroviricota","Caudoviricetes","0","0","Lambdavirus","Lambdavirus HK629","0",0,"0",0,0,0,0,0,0
0,"unknown genome; accession ID isNC_027335.1",1,1.34175598288993e-06,1,1.34175598288993e-06,"0","0","0","0","0","0","0","0",0,"0",0,0,0,0,0,0
1649240,"Peduovirus pro483",1,1.34175598288993e-06,0.5,7.06387535505016e-07,"0","Uroviricota","Caudoviricetes","0","Peduoviridae","Peduovirus","Peduovirus pro483","0",0,"0",0,0,0,0,0,0
