"TaxonomyID","Genome","read_count","Proportion","readsEM","EMProportion","domain","phylum","class","order","family","genus","species","best_hit_genus","genus_counts","best_hit_species","species_counts","uniqueness_score","species_percentage_hit","genus_percentage_hit","species_contaminant_score","genus_contaminant_score"
435590,"Phocaeicola vulgatus",99244,0.123902599802243,96868.5,0.120936963521115,"0","Bacteroidota","Bacteroidia","Bacteroidales","Bacteroidaceae","Phocaeicola","Phocaeicola vulgatus","Phocaeicola",45,"Phocaeicola vulgatus",38,7,0.9,0.98,0.54,0.2
537011,"Segatella copri",84619,0.105643808116017,84608.6,0.105630925873079,"0","Bacteroidota","Bacteroidia","Bacteroidales","Prevotellaceae","Segatella","Segatella copri","Segatella",49,"Segatella copri",49,3,1,1,0.2,0.08
411479,"Bacteroides uniformis",61740,0.0770801913646215,61497.6,0.0767776357721704,"0","Bacteroidota","Bacteroidia","Bacteroidales","Bacteroidaceae","Bacteroides","Bacteroides uniformis","Bacteroides",48,"Bacteroides uniformis",44,7,0.96,1,0.9,0.14
515619,"Agathobacter rectalis",36080,0.045044595147968,35442,0.044248191398885,"0","Bacillota","Clostridia","Lachnospirales","Lachnospiraceae","Agathobacter","Agathobacter rectalis","Agathobacter",47,"Agathobacter rectalis",47,8,1,1,1,0.28
411903,"Collinsella aerofaciens",20944,0.0261478381590644,20946.2,0.0261506293632049,"0","Actinomycetota","Coriobacteriia","Coriobacteriales","Coriobacteriaceae","Collinsella","Collinsella aerofaciens","Collinsella",50,"Collinsella aerofaciens",49,2,1,1,0.36,0.2
28116,"Bacteroides ovatus",19989,0.0249555546677587,20077.3,0.0250657833062895,"0","Bacteroidota","Bacteroidia","Bacteroidales","Bacteroidaceae","Bacteroides","Bacteroides ovatus","Bacteroides",50,"Bacteroides ovatus",48,2,1,1,0.72,0
367928,"Bifidobacterium adolescentis",19936,0.0248893860551522,19882.2,0.0248222204122771,"0","Actinomycetota","Actinomycetes","Bifidobacteriales","Bifidobacteriaceae","Bifidobacterium","Bifidobacterium adolescentis","Bifidobacterium",50,"Bifidobacterium adolescentis",48,4,0.98,1,0.56,0.02
445970,"Alistipes putredinis",19723,0.0246234631403374,19976.2,0.0249396403751111,"0","Bacteroidota","Bacteroidia","Bacteroidales","Rikenellaceae","Alistipes","Alistipes putredinis","Alistipes",15,"uncultured bacterium",8,15,0,0.941176470588235,1,0.235294117647059
1150298,"Fusicatenibacter saccharivorans",18641,0.0232726246716539,18751.3,0.0234103355259618,"0","Bacillota","Clostridia","Lachnospirales","Lachnospiraceae","Fusicatenibacter","Fusicatenibacter saccharivorans","Blautia",4,"Blautia massiliensis (ex Durand et al. 2017)",2,25,0,0,1,1
301302,"Roseburia faecis",18113,0.0226134354743665,17870.1,0.022310173155849,"0","Bacillota","Clostridia","Lachnospirales","Lachnospiraceae","Roseburia","Roseburia faecis","Roseburia",2,"Blautia wexlerae",2,9,0,0.375,1,1
300267,"Shigella dysenteriae",17143,0.0214024250172288,17065.6,0.021305839759611,"0","Pseudomonadota","Gammaproteobacteria","Enterobacterales","Enterobacteriaceae","Shigella","Shigella dysenteriae","Escherichia",45,"Escherichia coli",45,3,0,0.48,1,1
449673,"Bacteroides stercoris",17081,0.0213250202251231,17993.9,0.0224648285212224,"0","Bacteroidota","Bacteroidia","Bacteroidales","Bacteroidaceae","Bacteroides","Bacteroides stercoris","Bacteroides",44,"Bacteroides stercoris",26,12,0.9,1,0.54,0.24
226186,"Bacteroides thetaiotaomicron",13940,0.0174035935798967,14810.5,0.0184904491128352,"0","Bacteroidota","Bacteroidia","Bacteroidales","Bacteroidaceae","Bacteroides","Bacteroides thetaiotaomicron","Bacteroides",48,"Bacteroides thetaiotaomicron",41,7,0.94,1,0.4,0.12
484018,"Phocaeicola plebeius",13872,0.0173186980014582,13567,0.0169378973580845,"0","Bacteroidota","Bacteroidia","Bacteroidales","Bacteroidaceae","Phocaeicola","Phocaeicola plebeius","Bacteroides",14,"Phocaeicola dorei",6,18,0,0.541666666666667,1,0.833333333333333
40520,"Blautia obeum",13199,0.0164784814677946,13213.5,0.0164966351131869,"0","Bacillota","Clostridia","Lachnospirales","Lachnospiraceae","Blautia","Blautia obeum","Blautia",44,"Blautia obeum",24,21,0.6,0.94,0.68,0.36
435591,"Parabacteroides distasonis",12911,0.0161189237238197,12852.5,0.0160458586223334,"0","Bacteroidota","Bacteroidia","Bacteroidales","Tannerellaceae","Parabacteroides","Parabacteroides distasonis","Parabacteroides",49,"Parabacteroides distasonis",49,3,1,1,0.48,0.02
47678,"Bacteroides caccae",12312,0.0153710935549274,12271.1,0.015320025825062,"0","Bacteroidota","Bacteroidia","Bacteroidales","Bacteroidaceae","Bacteroides","Bacteroides caccae","Bacteroides",50,"Bacteroides caccae",46,4,0.94,1,0.54,0.02
411462,"Dorea longicatena",11752,0.0146719534971984,11608.3,0.0144926284110308,"0","Bacillota","Clostridia","Lachnospirales","Lachnospiraceae","Dorea","Dorea longicatena","Dorea",45,"Dorea longicatena",45,15,0.98,0.98,0.3,0.22
246787,"Bacteroides cellulosilyticus",11328,0.0141426045963465,11107,0.0138667549886972,"0","Bacteroidota","Bacteroidia","Bacteroidales","Bacteroidaceae","Bacteroides","Bacteroides cellulosilyticus","Bacteroides",47,"Bacteroides cellulosilyticus",40,9,0.88,1,0.86,0.2
349741,"Akkermansia muciniphila",11309,0.0141188837729593,11309,0.0141188940779673,"0","Verrucomicrobiota","Verrucomicrobiia","Verrucomicrobiales","Akkermansiaceae","Akkermansia","Akkermansia muciniphila","Akkermansia",50,"Akkermansia muciniphila",50,1,1,1,0,0
411469,"Anaerobutyricum hallii",9807,0.012243690260979,9845.3,0.012291502834847,"0","Bacillota","Clostridia","Lachnospirales","Lachnospiraceae","Anaerobutyricum","Anaerobutyricum hallii","Anaerobutyricum",45,"Anaerobutyricum hallii",44,10,0.98,0.98,0.22,0.16
411474,"Coprococcus eutactus",9753,0.0121762731839837,9484.7,0.0118413381436487,"0","Bacillota","Clostridia","Lachnospirales","Lachnospiraceae","Coprococcus","Coprococcus eutactus","Coprococcus",47,"Coprococcus eutactus",49,16,0.98,0.98,0.46,0.26
206672,"Bifidobacterium longum",9279,0.0115845010636917,9575.5,0.0119547258569706,"0","Actinomycetota","Actinomycetes","Bifidobacteriales","Bifidobacteriaceae","Bifidobacterium","Bifidobacterium longum","Bifidobacterium",50,"Bifidobacterium longum",50,1,1,1,0.04,0
649756,"Anaerostipes hadrus",9098,0.0113585290093185,9119.8,0.0113857023568514,"0","Bacillota","Clostridia","Lachnospirales","Lachnospiraceae","Anaerostipes","Anaerostipes hadrus","Anaerostipes",48,"Anaerostipes hadrus",48,7,1,1,0.26,0.16
515620,"Lachnospira eligens",8524,0.0106419104501463,8547.9,0.0106717015784087,"0","Bacillota","Clostridia","Lachnospirales","Lachnospiraceae","Lachnospira","Lachnospira eligens","Lachnospira",46,"Lachnospira eligens",47,6,1,1,0.2,0.14
411460,"[Ruminococcus] torques",8512,0.0106269288774807,8432.5,0.0105277117548288,"0","Bacillota","Clostridia","Lachnospirales","Lachnospiraceae","Mediterraneibacter","[Ruminococcus] torques","Mediterraneibacter",44,"[Ruminococcus] torques",38,19,0.94,0.94,0.4,0.36
411483,"Faecalibacterium duncaniae",7968,0.00994776424997253,7469.3,0.00932519682316025,"0","Bacillota","Clostridia","Eubacteriales","Oscillospiraceae","Faecalibacterium","Faecalibacterium duncaniae","Faecalibacterium",49,"Faecalibacterium prausnitzii",48,26,0.94,1,1,0.3
585394,"Roseburia hominis",7749,0.00967435054882495,7719.6,0.00963767814189148,"0","Bacillota","Clostridia","Lachnospirales","Lachnospiraceae","Roseburia","Roseburia hominis","Roseburia",50,"Roseburia hominis",46,12,1,1,0.2,0.14
536231,"Roseburia intestinalis",7604,0.00949332321244869,8161.6,0.0101894437848506,"0","Bacillota","Clostridia","Lachnospirales","Lachnospiraceae","Roseburia","Roseburia intestinalis","Roseburia",50,"Roseburia intestinalis",50,2,1,1,0.58,0.18
511680,"Eshraghiella crossota",7542,0.00941591842034298,7279.1,0.00908776940483893,"0","Bacillota","Clostridia","Lachnospirales","Lachnospiraceae","Eshraghiella","Eshraghiella crossota","Eshraghiella",36,"Eshraghiella crossota",37,20,0.98,0.98,0.34,0.32
295405,"Bacteroides fragilis",7425,0.00926984808685317,8048.7,0.0100485409265436,"0","Bacteroidota","Bacteroidia","Bacteroidales","Bacteroidaceae","Bacteroides","Bacteroides fragilis","Bacteroides",49,"Bacteroides fragilis",47,3,0.96,1,0.08,0.08
622312,"Roseburia inulinivorans",7399,0.00923738801274432,7730,0.00965065373260983,"0","Bacillota","Clostridia","Lachnospirales","Lachnospiraceae","Roseburia","Roseburia inulinivorans","Roseburia",10,"Roseburia intestinalis",8,8,0.0833333333333333,0.833333333333333,0.916666666666667,0.583333333333333
742726,"Barnesiella intestinihominis",7094,0.00885660637415978,7526.2,0.00939616152523385,"0","Bacteroidota","Bacteroidia","Bacteroidales","Barnesiellaceae","Barnesiella","Barnesiella intestinihominis","Barnesiella",2,"Bacteriophage sp.",2,12,0.125,0.666666666666667,1,0.833333333333333
1550024,"Ruthenibacterium lactatiformans",6836,0.00853450256184893,7175.7,0.00895859671881591,"0","Bacillota","Clostridia","Eubacteriales","Oscillospiraceae","Ruthenibacterium","Ruthenibacterium lactatiformans","Ruthenibacterium",36,"Ruthenibacterium lactatiformans",37,14,0.91304347826087,0.91304347826087,0.304347826086957,0.260869565217391
679935,"Alistipes finegoldii",6175,0.00770926760085095,6277.8,0.00783759230601267,"0","Bacteroidota","Bacteroidia","Bacteroidales","Rikenellaceae","Alistipes","Alistipes finegoldii","Alistipes",49,"Alistipes finegoldii",32,7,1,1,0.58,0.12
745368,"Gemmiger formicilis",5531,0.00690525653446261,6164.7,0.00769639425402714,"0","Bacillota","Clostridia","Eubacteriales","0","Gemmiger","Gemmiger formicilis","Faecalibacterium",8,"Faecalibacterium prausnitzii",8,37,0,0,1,1
868129,"Prevotella bivia",5424,0.00677167084486082,5281,0.00659310698677004,"0","Bacteroidota","Bacteroidia","Bacteroidales","Prevotellaceae","Prevotella","Prevotella bivia","Prevotella",13,"Prevotella intermedia",6,10,0,0.823529411764706,1,0.470588235294118
1384063,"Mediterraneibacter gnavus",5298,0.0066143643318718,5271.2,0.00658094919885481,"0","Bacillota","Clostridia","Lachnospirales","Lachnospiraceae","Mediterraneibacter","Mediterraneibacter gnavus","Mediterraneibacter",48,"Mediterraneibacter gnavus",49,4,0.98,0.98,0.4,0.38
709991,"Odoribacter splanchnicus",5200,0.00649201482176922,5250.5,0.00655511622134554,"0","Bacteroidota","Bacteroidia","Bacteroidales","Odoribacteraceae","Odoribacter","Odoribacter splanchnicus","Odoribacter",49,"Odoribacter splanchnicus",49,2,1,1,0.14,0.1
1002367,"Leyella stercorea",4663,0.00582158944498267,4650.8,0.00580631199415796,"0","Bacteroidota","Bacteroidia","Bacteroidales","Prevotellaceae","Leyella","Leyella stercorea","Bacteroides",14,"Bacteroides thetaiotaomicron",13,12,0,0,1,1
470145,"Phocaeicola coprocola",4563,0.00569674300610249,4811.3,0.00600676476248025,"0","Bacteroidota","Bacteroidia","Bacteroidales","Bacteroidaceae","Phocaeicola","Phocaeicola coprocola","Bacteroides",11,"Bacteroides uniformis",4,23,0,0.142857142857143,1,1
411461,"Dorea formicigenerans",4475,0.00558687813988794,4591.4,0.0057321687970491,"0","Bacillota","Clostridia","Lachnospirales","Lachnospiraceae","Dorea","Dorea formicigenerans","Dorea",43,"Dorea formicigenerans",35,11,1,1,0.34,0.34
717959,"Alistipes shahii",4458,0.00556565424527831,4539.6,0.00566756394021814,"0","Bacteroidota","Bacteroidia","Bacteroidales","Rikenellaceae","Alistipes","Alistipes shahii","Alistipes",48,"Alistipes shahii",41,9,1,1,0.52,0.12
266264,"Cupriavidus metallidurans",4441,0.00554443035066868,4463.8,0.00557292612031826,"0","Pseudomonadota","Betaproteobacteria","Burkholderiales","Burkholderiaceae","Cupriavidus","Cupriavidus metallidurans","Cupriavidus",50,"Cupriavidus metallidurans",50,1,1,1,0.62,0.22
471875,"[Ruminococcus] lactaris",4298,0.00536589994307002,4172.3,0.0052090267508329,"0","Bacillota","Clostridia","Lachnospirales","Lachnospiraceae","Mediterraneibacter","[Ruminococcus] lactaris","Mediterraneibacter",33,"[Ruminococcus] lactaris",23,29,0.92,0.98,0.62,0.6
1501391,"Alistipes inops",4283,0.005347172977238,4281,0.00534470096797632,"0","Bacteroidota","Bacteroidia","Bacteroidales","Rikenellaceae","Alistipes","Alistipes inops","Alistipes",1,"Alistipes indistinctus",1,4,0,0.666666666666667,1,0.666666666666667
1282887,"Lachnospira multipara",4212,0.00525853200563307,4213.5,0.00526047061684529,"0","Bacillota","Clostridia","Lachnospirales","Lachnospiraceae","Lachnospira","Lachnospira multipara","Lachnospira",3,"Lachnospira eligens",3,5,0,0.428571428571429,1,0.857142857142857
518637,"Holdemanella biformis",3802,0.00474666160622434,3711.3,0.00463337431692852,"0","Bacillota","Erysipelotrichia","Erysipelotrichales","Erysipelotrichaceae","Holdemanella","Holdemanella biformis","Dorea",4,"Anaerobutyricum hallii",3,19,0,0,1,1
292800,"Flavonifractor plautii",3565,0.00445077554607832,3567.5,0.00445391998604726,"0","Bacillota","Clostridia","Eubacteriales","Oscillospiraceae","Flavonifractor","Flavonifractor plautii","Flavonifractor",50,"Flavonifractor plautii",50,1,1,1,0.22,0.14
1121101,"Bacteroides salyersiae",3547,0.00442830318707989,3572.9,0.00446060207165723,"0","Bacteroidota","Bacteroidia","Bacteroidales","Bacteroidaceae","Bacteroides","Bacteroides salyersiae","Bacteroides",49,"Bacteroides salyersiae",38,7,0.9,1,0.34,0.04
1304,"Streptococcus salivarius",3507,0.00437836461152782,3326,0.0041523404150155,"0","Bacillota","Bacilli","Lactobacillales","Streptococcaceae","Streptococcus","Streptococcus salivarius","Streptococcus",50,"Streptococcus salivarius",46,2,0.92,1,0.76,0
1384484,"Adlercreutzia equolifaciens",3505,0.00437586768275022,3504.8,0.00437562817482004,"0","Actinomycetota","Coriobacteriia","Eggerthellales","Eggerthellaceae","Adlercreutzia","Adlercreutzia equolifaciens","Adlercreutzia",47,"Adlercreutzia equolifaciens",48,3,1,1,0.68,0.22
1051074,"Streptococcus thermophilus",3291,0.00410869630354664,3489.2,0.00435608791163533,"0","Bacillota","Bacilli","Lactobacillales","Streptococcaceae","Streptococcus","Streptococcus thermophilus","Streptococcus",50,"Streptococcus thermophilus",49,2,0.98,1,0.06,0.02
1256908,"Eubacterium ramulus",3194,0.00398759525783287,3273.6,0.00408692065368021,"0","Bacillota","Clostridia","Eubacteriales","Eubacteriaceae","Eubacterium","Eubacterium ramulus","Blautia",7,"Mediterraneibacter gnavus",5,23,0,0,1,1
762966,"Parasutterella excrementihominis",2864,0.00357560200952828,2863.7,0.00357528285198749,"0","Pseudomonadota","Betaproteobacteria","Burkholderiales","Sutterellaceae","Parasutterella","Parasutterella excrementihominis","Bordetella",1,"Bordetella trematum",1,4,0,0,1,1
626939,"Phascolarctobacterium succinatutens",2823,0.00352441496958741,2825.2,0.00352718184782414,"0","Bacillota","Negativicutes","Acidaminococcales","Acidaminococcaceae","Phascolarctobacterium","Phascolarctobacterium succinatutens","Phascolarctobacterium",48,"Phascolarctobacterium succinatutens",42,15,0.96,1,0.9,0.2
411463,"Eubacterium ventriosum",2813,0.00351193032569939,2784.3,0.00347605970779363,"0","Bacillota","Clostridia","Eubacteriales","Eubacteriaceae","Eubacterium","Eubacterium ventriosum","Eubacterium",35,"Eubacterium ventriosum",36,37,0.938775510204082,0.938775510204082,0.346938775510204,0.326530612244898
762982,"Paraprevotella xylaniphila",2542,0.00317359647633411,2542.5,0.00317423176545773,"0","Bacteroidota","Bacteroidia","Bacteroidales","Prevotellaceae","Paraprevotella","Paraprevotella xylaniphila","Paraprevotella",45,"Paraprevotella xylaniphila",47,11,0.98,0.98,0.16,0.14
702459,"Bifidobacterium bifidum",2494,0.00311367018567162,2523.4,0.00315041794251599,"0","Actinomycetota","Actinomycetes","Bifidobacteriales","Bifidobacteriaceae","Bifidobacterium","Bifidobacterium bifidum","Bifidobacterium",50,"Bifidobacterium bifidum",47,3,1,1,0.18,0
445973,"Intestinibacter bartlettii",2336,0.00291641281224094,2336.6,0.00291713996720697,"0","Bacillota","Clostridia","Peptostreptococcales","Peptostreptococcaceae","Intestinibacter","Intestinibacter bartlettii","Intestinibacter",41,"Intestinibacter bartlettii",42,14,1,1,0.244897959183673,0.244897959183673
518635,"Bifidobacterium angulatum",2054,0.00256434585459884,2093,0.0026130377247941,"0","Actinomycetota","Actinomycetes","Bifidobacteriales","Bifidobacteriaceae","Bifidobacterium","Bifidobacterium angulatum","Bifidobacterium",49,"Bifidobacterium angulatum",26,11,0.98,1,0.56,0.02
0,"unknown genome; accession ID isNZ_GG662014.1",2043,0.00255061274632202,2052.9,0.00256293144634821,"0","0","0","0","0","0","0","Coprococcus",46,"Coprococcus comes",46,8,1,1,0.28,0.26
479437,"Eggerthella lenta",2006,0.00250441956393636,2000.3,0.00249735891665143,"0","Actinomycetota","Coriobacteriia","Eggerthellales","Eggerthellaceae","Eggerthella","Eggerthella lenta","Eggerthella",50,"Eggerthella lenta",50,1,1,1,0.22,0.1
1069534,"Ligilactobacillus ruminis",1934,0.00241453012794263,1932.8,0.002413019294508,"0","Bacillota","Bacilli","Lactobacillales","Lactobacillaceae","Ligilactobacillus","Ligilactobacillus ruminis","Ligilactobacillus",48,"Ligilactobacillus ruminis",46,6,1,1,0.18,0.1
0,"unknown genome; accession ID isNZ_GG662007.1",1904,0.00237707619627858,1904.7,0.00237795245375056,"0","0","0","0","0","0","0","Coprococcus",47,"Coprococcus comes",47,4,1,1,0.2,0.16
999419,"Parabacteroides johnsonii",1893,0.00236334308800176,1889.5,0.00235896612459718,"0","Bacteroidota","Bacteroidia","Bacteroidales","Tannerellaceae","Parabacteroides","Parabacteroides johnsonii","Parabacteroides",49,"Parabacteroides merdae",48,8,0.98,0.98,1,0.24
679190,"Hoylesella buccalis",1853,0.00231340451244969,1841.1,0.00229856845407369,"0","Bacteroidota","Bacteroidia","Bacteroidales","Prevotellaceae","Hoylesella","Hoylesella buccalis","Hoylesella",47,"Hoylesella buccalis",46,4,0.94,0.94,0.12,0.12
568816,"Acidaminococcus intestini",1807,0.00225597515056481,1811.4,0.00226152174934454,"0","Bacillota","Negativicutes","Acidaminococcales","Acidaminococcaceae","Acidaminococcus","Acidaminococcus intestini","Acidaminococcus",50,"Acidaminococcus intestini",50,2,1,1,0.1,0.08
592028,"Dialister invisus",1719,0.00214611028435025,1719,0.00214606457641892,"0","Bacillota","Negativicutes","Veillonellales","Veillonellaceae","Dialister","Dialister invisus","Caproiciproducens",1,"Herelleviridae sp.",2,18,0,0.125,1,1
657308,"Gordonibacter pamelaeae",1636,0.0020424877400797,1642.6,0.00205073175235023,"0","Actinomycetota","Coriobacteriia","Eggerthellales","Eggerthellaceae","Gordonibacter","Gordonibacter pamelaeae","Gordonibacter",38,"Gordonibacter pamelaeae",36,8,1,1,0.82,0.5
760570,"Streptococcus parasanguinis",1598,0.00199504609330523,1579.8,0.00197234718252116,"0","Bacillota","Bacilli","Lactobacillales","Streptococcaceae","Streptococcus","Streptococcus parasanguinis","Streptococcus",50,"Streptococcus parasanguinis",40,9,0.98,1,0.96,0.02
333849,"Enterococcus faecium",1502,0.00187519351198026,1496.5,0.00186837920316065,"0","Bacillota","Bacilli","Lactobacillales","Enterococcaceae","Enterococcus","Enterococcus faecium","Enterococcus",49,"Enterococcus faecium",49,2,0.98,0.98,0.06,0.02
1122992,"Hoylesella timonensis",1464,0.0018277518652058,1512.8,0.00188861695622743,"0","Bacteroidota","Bacteroidia","Bacteroidales","Prevotellaceae","Hoylesella","Hoylesella timonensis","Hoylesella",4,"Hoylesella buccalis",4,6,0,0.5,1,0.5
198214,"Shigella flexneri",1456,0.00181776415009538,1486.5,0.00185590355745585,"0","Pseudomonadota","Gammaproteobacteria","Enterobacterales","Enterobacteriaceae","Shigella","Shigella flexneri","Escherichia",44,"Escherichia coli",44,3,0.34,0.44,1,1
1235811,"Prevotella disiens",1326,0.00165546377955115,1294.7,0.00161643260026555,"0","Bacteroidota","Bacteroidia","Bacteroidales","Prevotellaceae","Prevotella","Prevotella disiens","Prevotella",11,"Prevotella intermedia",5,10,0,0.705882352941177,1,0.588235294117647
1122981,"Prevotella corporis",1303,0.00162674909860871,1310.4,0.00163597231773675,"0","Bacteroidota","Bacteroidia","Bacteroidales","Prevotellaceae","Prevotella","Prevotella corporis","Prevotella",8,"Prevotella intermedia",3,17,0,0.588235294117647,1,0.588235294117647
2585118,"Alistipes communis",1235,0.00154185352017019,751.6,0.000938374830426499,"0","Bacteroidota","Bacteroidia","Bacteroidales","Rikenellaceae","Alistipes","Alistipes communis","0",0,"0",0,0,0,0,0,0
479436,"Veillonella parvula",1129,0.0014095162949572,1129.2,0.00140973708346419,"0","Bacillota","Negativicutes","Veillonellales","Veillonellaceae","Veillonella","Veillonella parvula","Veillonella",49,"Veillonella parvula",49,2,1,1,0.56,0.1
901,"Desulfovibrio piger",1060,0.00132337225212988,1053.7,0.00131546828203516,"0","Thermodesulfobacteriota","Desulfovibrionia","Desulfovibrionales","Desulfovibrionaceae","Desulfovibrio","Desulfovibrio piger","Desulfovibrio",44,"Desulfovibrio piger",36,38,1,1,0.54,0.38
1458465,"Megasphaera elsdenii",1045,0.00130464528629785,1040.6,0.0012991551482711,"0","Bacillota","Negativicutes","Veillonellales","Veillonellaceae","Megasphaera","Megasphaera elsdenii","Megasphaera",48,"Megasphaera elsdenii",48,5,0.98,0.98,0.36,0.2
518634,"Bifidobacterium breve",902,0.0011261148786992,561.6,0.000701095752944739,"0","Actinomycetota","Actinomycetes","Bifidobacteriales","Bifidobacteriaceae","Bifidobacterium","Bifidobacterium breve","Bifidobacterium",50,"Bifidobacterium longum",41,3,0.42,1,1,0
0,"unknown genome; accession ID isNZ_GG662012.1",760,0.000948832935489348,760.3,0.000949259374323757,"0","0","0","0","0","0","0","Coprococcus",46,"Coprococcus comes",46,6,1,1,0.36,0.34
537007,"Blautia hansenii",699,0.00087267660777244,732.4,0.00091435008463955,"0","Bacillota","Clostridia","Lachnospirales","Lachnospiraceae","Blautia","Blautia hansenii","Blautia",31,"Blautia hansenii",20,12,0.7,0.795918367346939,1,1
0,"unknown genome; accession ID isNZ_GG662008.1",640,0.000799017208833135,639.9,0.000798881884771711,"0","0","0","0","0","0","0","Coprococcus",48,"Coprococcus comes",48,4,1,1,0.22,0.2
0,"unknown genome; accession ID isNZ_GG662006.1",630,0.000786532564945118,631.7,0.000788668732252148,"0","0","0","0","0","0","0","Coprococcus",48,"Coprococcus comes",49,6,1,1,0.24,0.2
0,"unknown genome; accession ID isNZ_GG662013.1",610,0.000761563277169082,609.2,0.000760516785478665,"0","0","0","0","0","0","0","Coprococcus",48,"Coprococcus comes",49,7,1,1,0.22,0.22
0,"unknown genome; accession ID isNZ_GG662010.1",588,0.000734097060615443,588.3,0.000734487650677824,"0","0","0","0","0","0","0","Coprococcus",44,"Coprococcus comes",49,9,1,1,0.36,0.28
0,"unknown genome; accession ID isNZ_BBDW01000007.1",527,0.000657940732898535,445.5,0.000556162526618552,"0","0","0","0","0","0","0","Anaerobutyricum",34,"Anaerobutyricum hallii",31,19,0,0.46,1,1
0,"unknown genome; accession ID isNZ_BBDW01000006.1",518,0.000646704553399319,430.8,0.000537901044816368,"0","0","0","0","0","0","0","Clostridioides",14,"Clostridioides difficile",15,22,0,0.346938775510204,1,1
1917878,"Prevotella ihumii",382,0.000476913396522278,434.8,0.000542800015887652,"0","Bacteroidota","Bacteroidia","Bacteroidales","Prevotellaceae","Prevotella","Prevotella ihumii","Prevotella",17,"Prevotella melaninogenica",9,16,0,0.612903225806452,1,0.580645161290323
1547597,"Sanguibacteroides justesenii",363,0.000453192573135044,352.6,0.00044021948706012,"0","Bacteroidota","Bacteroidia","Bacteroidales","Porphyromonadaceae","Sanguibacteroides","Sanguibacteroides justesenii","Bacteroides",49,"Phocaeicola dorei",27,13,0,0,1,1
564886,"Pankowvirus YYZ2008",361,0.00045069564435744,350.6,0.000437745165640479,"0","Uroviricota","Caudoviricetes","0","0","Pankowvirus","Pankowvirus YYZ2008","Escherichia",50,"Escherichia coli",50,1,0,0,1,1
334413,"Finegoldia magna",338,0.000421980963415,339.6,0.000423929250502088,"0","Bacillota","Tissierellia","Tissierellales","Peptoniphilaceae","Finegoldia","Finegoldia magna","Finegoldia",45,"Finegoldia magna",49,4,1,1,0.42,0.42
445972,"Anaerotruncus colihominis",330,0.000411993248304585,484.8,0.000605214729172921,"0","Bacillota","Clostridia","Eubacteriales","Oscillospiraceae","Anaerotruncus","Anaerotruncus colihominis","Anaerotruncus",20,"Anaerotruncus colihominis",20,37,0.62,0.62,1,1
0,"unknown genome; accession ID isNZ_BBDW01000018.1",285,0.000355812350808506,232.6,0.00029033437269533,"0","0","0","0","0","0","0","Faecalibacterium",28,"Blautia hansenii",25,23,0,0.08,1,1
0,"unknown genome; accession ID isNZ_GG662011.1",278,0.000347073100086893,278.4,0.000347627328842361,"0","0","0","0","0","0","0","Coprococcus",44,"Coprococcus comes",46,10,1,1,0.38,0.34
997884,"Bacteroides nordii",235,0.000293389131368417,236,0.000294626040967675,"0","Bacteroidota","Bacteroidia","Bacteroidales","Bacteroidaceae","Bacteroides","Bacteroides nordii","Bacteroides",47,"Bacteroides xylanisolvens",12,11,0.14,0.96,1,0.62
763034,"Bacteroides fluxus",226,0.000282152951869201,271.4,0.000338805562895551,"0","Bacteroidota","Bacteroidia","Bacteroidales","Bacteroidaceae","Bacteroides","Bacteroides fluxus","Bacteroides",29,"Phocaeicola dorei",14,14,0,1,1,0.972972972972973
1871030,"Merdibacter massiliensis",162,0.000202251230985887,179.1,0.000223633641037435,"0","Bacillota","Erysipelotrichia","Erysipelotrichales","Erysipelotrichaceae","Merdibacter","Merdibacter massiliensis","Clostridioides",22,"Clostridioides difficile",21,45,0,0,1,1
585502,"Hallella bergensis",161,0.000201002766597086,214.4,0.000267609891038213,"0","Bacteroidota","Bacteroidia","Bacteroidales","Prevotellaceae","Hallella","Hallella bergensis","Prevotella",17,"Hoylesella buccalis",14,12,0,0,1,1
97081,"Traversvirus II",156,0.000194760444653077,171.8,0.000214538906628771,"0","Uroviricota","Caudoviricetes","0","0","Traversvirus","Traversvirus II","0",0,"0",0,0,0,0,0,0
0,"unknown genome; accession ID isNZ_ACCK01000411.1",134,0.000167294228099438,134,0.000167294436960585,"0","0","0","0","0","0","0","0",0,"0",0,0,0,0,0,0
411467,"Pseudoflavonifractor capillosus",133,0.000166045763710636,158.9,0.000198410283451125,"0","Bacillota","Clostridia","Eubacteriales","Oscillospiraceae","Pseudoflavonifractor","Pseudoflavonifractor capillosus","0",0,"0",0,0,0,0,0,0
0,"unknown genome; accession ID isNZ_ACCK01000438.1",112,0.000139828011545799,112,0.00013982818611631,"0","0","0","0","0","0","0","0",0,"0",0,0,0,0,0,0
1035839,"Haemophilus sputorum",110,0.000137331082768195,110.2,0.000137563426619023,"0","Pseudomonadota","Gammaproteobacteria","Pasteurellales","Pasteurellaceae","Haemophilus","Haemophilus sputorum","0",0,"0",0,0,0,0,0,0
566550,"Hungatella hathewayi",105,0.000131088760824186,102.7,0.000128181853048843,"0","Bacillota","Clostridia","Lachnospirales","Lachnospiraceae","Hungatella","Hungatella hathewayi","0",0,"0",0,0,0,0,0,0
214092,"Yersinia pestis",101,0.000126094903268979,101.1,0.000126203433344735,"0","Pseudomonadota","Gammaproteobacteria","Enterobacterales","Yersiniaceae","Yersinia","Yersinia pestis","0",0,"0",0,0,0,0,0,0
1776384,"Emergencia timonensis",98,0.000122349510102574,97.4,0.000121658467455853,"0","Bacillota","Clostridia","Peptostreptococcales","Anaerovoracaceae","Emergencia","Emergencia timonensis","0",0,"0",0,0,0,0,0,0
1427517,"Xenorhabdus cabanillasii",96,0.00011985258132497,93.9,0.000117237729201283,"0","Pseudomonadota","Gammaproteobacteria","Enterobacterales","Morganellaceae","Xenorhabdus","Xenorhabdus cabanillasii","0",0,"0",0,0,0,0,0,0
0,"unknown genome; accession ID isNZ_GG662009.1",95,0.000118604116936169,95.3,0.000119001976789577,"0","0","0","0","0","0","0","0",0,"0",0,0,0,0,0,0
1236513,"Bacteroides faecichinchillae",93,0.000116107188158565,92.6,0.000115659884055834,"0","Bacteroidota","Bacteroidia","Bacteroidales","Bacteroidaceae","Bacteroides","Bacteroides faecichinchillae","0",0,"0",0,0,0,0,0,0
1445607,"Bacteroides reticulotermitis",91,0.000113610259380961,89.7,0.000111955730991405,"0","Bacteroidota","Bacteroidia","Bacteroidales","Bacteroidaceae","Bacteroides","Bacteroides reticulotermitis","0",0,"0",0,0,0,0,0,0
0,"unknown genome; accession ID isNZ_ACCK01000024.1",88,0.000109864866214556,88,0.000109865157815759,"0","0","0","0","0","0","0","0",0,"0",0,0,0,0,0,0
1653435,"Merdimonas faecis",88,0.000109864866214556,114.5,0.000143009302443651,"0","Bacillota","Clostridia","Lachnospirales","Lachnospiraceae","Merdimonas","Merdimonas faecis","0",0,"0",0,0,0,0,0,0
0,"unknown genome; accession ID isNZ_ACCK01000072.1",86,0.000107367937436953,86,0.000107368071482166,"0","0","0","0","0","0","0","0",0,"0",0,0,0,0,0,0
701347,"[Enterobacter] lignolyticus",84,0.000104871008659349,93.2,0.000116379138339544,"0","Pseudomonadota","Gammaproteobacteria","Enterobacterales","Enterobacteriaceae","Pluralibacter","[Enterobacter] lignolyticus","0",0,"0",0,0,0,0,0,0
1211819,"Holdemania massiliensis",82,0.000102374079881745,83,0.00010367351698689,"0","Bacillota","Erysipelotrichia","Erysipelotrichales","Erysipelotrichaceae","Holdemania","Holdemania massiliensis","0",0,"0",0,0,0,0,0,0
0,"unknown genome; accession ID isNZ_ACCK01000073.1",78,9.73802223265384e-05,78,9.73803431231383e-05,"0","0","0","0","0","0","0","0",0,"0",0,0,0,0,0,0
1123313,"Faecalicoccus pleomorphus",75,9.3634829160133e-05,65.2,8.14003513077442e-05,"0","Bacillota","Erysipelotrichia","Erysipelotrichales","Erysipelotrichaceae","Faecalicoccus","Faecalicoccus pleomorphus","0",0,"0",0,0,0,0,0,0
0,"unknown genome; accession ID isNZ_ACCK01000043.1",75,9.3634829160133e-05,75,9.36349460600287e-05,"0","0","0","0","0","0","0","0",0,"0",0,0,0,0,0,0
1203606,"Butyricicoccus pullicaecorum",74,9.23863647713313e-05,70.7,8.83069809290374e-05,"0","Bacillota","Clostridia","Eubacteriales","Butyricicoccaceae","Butyricicoccus","Butyricicoccus pullicaecorum","0",0,"0",0,0,0,0,0,0
0,"unknown genome; accession ID isNZ_ACCK01000410.1",73,9.11379003825295e-05,73,9.11380141650946e-05,"0","0","0","0","0","0","0","0",0,"0",0,0,0,0,0,0
1650661,"Clostridium phoceensis",71,8.86409716049259e-05,68,8.49178788974357e-05,"0","Bacillota","Clostridia","Eubacteriales","Clostridiaceae","Clostridium","Clostridium phoceensis","0",0,"0",0,0,0,0,0,0
0,"unknown genome; accession ID isNZ_ACCK01000059.1",70,8.73925072161242e-05,70,8.73926074929998e-05,"0","0","0","0","0","0","0","0",0,"0",0,0,0,0,0,0
0,"unknown genome; accession ID isNZ_ACCK01000449.1",69,8.61440428273224e-05,69,8.61441503752264e-05,"0","0","0","0","0","0","0","0",0,"0",0,0,0,0,0,0
0,"unknown genome; accession ID isNZ_ACCK01000421.1",69,8.61440428273224e-05,69,8.61441503752264e-05,"0","0","0","0","0","0","0","0",0,"0",0,0,0,0,0,0
0,"unknown genome; accession ID isNZ_ACCK01000418.1",67,8.36471140497188e-05,67,8.36472184802923e-05,"0","0","0","0","0","0","0","0",0,"0",0,0,0,0,0,0
888743,"Prevotella multiformis",67,8.36471140497188e-05,55.5,6.92276124522065e-05,"0","Bacteroidota","Bacteroidia","Bacteroidales","Prevotellaceae","Prevotella","Prevotella multiformis","0",0,"0",0,0,0,0,0,0
68895,"Cupriavidus basilensis",66,8.23986496609171e-05,66,8.24025102801224e-05,"0","Pseudomonadota","Betaproteobacteria","Burkholderiales","Burkholderiaceae","Cupriavidus","Cupriavidus basilensis","0",0,"0",0,0,0,0,0,0
0,"unknown genome; accession ID isNZ_ACCK01000007.1",65,8.11501852721153e-05,65,8.11502865853582e-05,"0","0","0","0","0","0","0","0",0,"0",0,0,0,0,0,0
1871035,"Negativibacillus massiliensis",65,8.11501852721153e-05,63.8,7.97078946566621e-05,"0","Bacillota","0","0","0","Negativibacillus","Negativibacillus massiliensis","0",0,"0",0,0,0,0,0,0
1006000,"Kluyvera ascorbata",64,7.99017208833135e-05,64.2,8.01380232676955e-05,"0","Pseudomonadota","Gammaproteobacteria","Enterobacterales","Enterobacteriaceae","Kluyvera","Kluyvera ascorbata","0",0,"0",0,0,0,0,0,0
0,"unknown genome; accession ID isNZ_ACCK01000034.1",63,7.86532564945118e-05,63,7.86534871782292e-05,"0","0","0","0","0","0","0","0",0,"0",0,0,0,0,0,0
1150423,"Bifidobacterium dentium",62,7.740479210571e-05,62,7.74050440480045e-05,"0","Actinomycetota","Actinomycetes","Bifidobacteriales","Bifidobacteriaceae","Bifidobacterium","Bifidobacterium dentium","0",0,"0",0,0,0,0,0,0
0,"unknown genome; accession ID isNZ_ACCK01000409.1",62,7.740479210571e-05,61.5,7.67740421550328e-05,"0","0","0","0","0","0","0","0",0,"0",0,0,0,0,0,0
0,"unknown genome; accession ID isNZ_ACCK01000408.1",62,7.740479210571e-05,62,7.74048452785423e-05,"0","0","0","0","0","0","0","0",0,"0",0,0,0,0,0,0
0,"unknown genome; accession ID isNZ_ACCK01000012.1",61,7.61563277169082e-05,61.2,7.63883608161579e-05,"0","0","0","0","0","0","0","0",0,"0",0,0,0,0,0,0
0,"unknown genome; accession ID isNZ_ACCK01000460.1",59,7.36593989393047e-05,58.8,7.34132834139855e-05,"0","0","0","0","0","0","0","0",0,"0",0,0,0,0,0,0
428127,"Amedibacillus dolichus",58,7.24109345505029e-05,90.3,0.000112688897680177,"0","Bacillota","Erysipelotrichia","Erysipelotrichales","Erysipelotrichaceae","Amedibacillus","Amedibacillus dolichus","0",0,"0",0,0,0,0,0,0
0,"unknown genome; accession ID isNZ_ACCK01000080.1",58,7.24109345505029e-05,58,7.2382861317922e-05,"0","0","0","0","0","0","0","0",0,"0",0,0,0,0,0,0
1852370,"Prevotellamassilia timonensis",57,7.11624701617011e-05,54.4,6.79686438774775e-05,"0","Bacteroidota","Bacteroidia","Bacteroidales","Prevotellaceae","Prevotellamassilia","Prevotellamassilia timonensis","0",0,"0",0,0,0,0,0,0
0,"unknown genome; accession ID isNZ_ACCK01000021.1",56,6.99140057728993e-05,55.8,6.96120889639456e-05,"0","0","0","0","0","0","0","0",0,"0",0,0,0,0,0,0
0,"unknown genome; accession ID isNZ_ACCK01000083.1",54,6.74170769952958e-05,54,6.74171611632207e-05,"0","0","0","0","0","0","0","0",0,"0",0,0,0,0,0,0
0,"unknown genome; accession ID isNZ_ACCK01000065.1",54,6.74170769952958e-05,54,6.74171611632207e-05,"0","0","0","0","0","0","0","0",0,"0",0,0,0,0,0,0
0,"unknown genome; accession ID isNZ_ACCK01000033.1",52,6.49201482176922e-05,52,6.49202292682866e-05,"0","0","0","0","0","0","0","0",0,"0",0,0,0,0,0,0
0,"unknown genome; accession ID isNZ_ACCK01000066.1",51,6.36716838288905e-05,51,6.36717633208195e-05,"0","0","0","0","0","0","0","0",0,"0",0,0,0,0,0,0
99287,"Salmonella enterica",50,6.24232194400887e-05,51.2,6.3919470996482e-05,"0","Pseudomonadota","Gammaproteobacteria","Enterobacterales","Enterobacteriaceae","Salmonella","Salmonella enterica","0",0,"0",0,0,0,0,0,0
0,"unknown genome; accession ID isNZ_ACCK01000308.1",48,5.99262906624851e-05,48,5.99263654784184e-05,"0","0","0","0","0","0","0","0",0,"0",0,0,0,0,0,0
1050201,"Allobaculum stercoricanis",47,5.86778262736834e-05,41.6,5.1921035373444e-05,"0","Bacillota","Erysipelotrichia","Erysipelotrichales","Erysipelotrichaceae","Allobaculum","Allobaculum stercoricanis","0",0,"0",0,0,0,0,0,0
1121094,"Phocaeicola barnesiae",47,5.86778262736834e-05,47.7,5.95522756793107e-05,"0","Bacteroidota","Bacteroidia","Bacteroidales","Bacteroidaceae","Phocaeicola","Phocaeicola barnesiae","0",0,"0",0,0,0,0,0,0
196242,"Marienburgvirus BP4795",47,5.86778262736834e-05,45.1,5.63563257301054e-05,"0","Uroviricota","Caudoviricetes","0","0","Marienburgvirus","Marienburgvirus BP4795","0",0,"0",0,0,0,0,0,0
0,"unknown genome; accession ID isNZ_DS480350.1",46,5.74293618848816e-05,40.3,5.03101281002173e-05,"0","0","0","0","0","0","0","0",0,"0",0,0,0,0,0,0
0,"unknown genome; accession ID isNZ_ACCK01000036.1",46,5.74293618848816e-05,46,5.74294335834843e-05,"0","0","0","0","0","0","0","0",0,"0",0,0,0,0,0,0
871963,"Desulfitobacterium dichloroeliminans",46,5.74293618848816e-05,38,4.74684051870859e-05,"0","Bacillota","Clostridia","Eubacteriales","Desulfitobacteriaceae","Desulfitobacterium","Desulfitobacterium dichloroeliminans","0",0,"0",0,0,0,0,0,0
0,"unknown genome; accession ID isNZ_ACCK01000443.1",45,5.61808974960798e-05,45,5.61809676360172e-05,"0","0","0","0","0","0","0","0",0,"0",0,0,0,0,0,0
39482,"Faecalicatena contorta",44,5.49324331072781e-05,44.3,5.53128929793823e-05,"0","Bacillota","Clostridia","Lachnospirales","Lachnospiraceae","Faecalicatena","Faecalicatena contorta","0",0,"0",0,0,0,0,0,0
0,"unknown genome; accession ID isNZ_ACCK01000079.1",44,5.49324331072781e-05,44,5.49325016885502e-05,"0","0","0","0","0","0","0","0",0,"0",0,0,0,0,0,0
0,"unknown genome; accession ID isNZ_ACCK01000006.1",44,5.49324331072781e-05,44,5.49326646991662e-05,"0","0","0","0","0","0","0","0",0,"0",0,0,0,0,0,0
997353,"Prevotella pallens",43,5.36839687184763e-05,38.9,4.8506902257332e-05,"0","Bacteroidota","Bacteroidia","Bacteroidales","Prevotellaceae","Prevotella","Prevotella pallens","0",0,"0",0,0,0,0,0,0
0,"unknown genome; accession ID isNZ_ACCK01000015.1",43,5.36839687184763e-05,43,5.3684096665644e-05,"0","0","0","0","0","0","0","0",0,"0",0,0,0,0,0,0
938289,"Levyella massiliensis",43,5.36839687184763e-05,55.7,6.9501435283883e-05,"0","Bacillota","Clostridia","Eubacteriales","0","Levyella","Levyella massiliensis","0",0,"0",0,0,0,0,0,0
1841865,"Mediterranea massiliensis",43,5.36839687184763e-05,45.9,5.73431960285712e-05,"0","Bacteroidota","Bacteroidia","Bacteroidales","Bacteroidaceae","Mediterranea","Mediterranea massiliensis","0",0,"0",0,0,0,0,0,0
0,"unknown genome; accession ID isNZ_ACCK01000020.1",42,5.24355043296745e-05,42,5.24355697936161e-05,"0","0","0","0","0","0","0","0",0,"0",0,0,0,0,0,0
1410657,"Kandleria vitulina",41,5.11870399408727e-05,41,5.11269742015431e-05,"0","Bacillota","Erysipelotrichia","Erysipelotrichales","Coprobacillaceae","Kandleria","Kandleria vitulina","0",0,"0",0,0,0,0,0,0
0,"unknown genome; accession ID isNZ_ACCK01000075.1",41,5.11870399408727e-05,41,5.1187103846149e-05,"0","0","0","0","0","0","0","0",0,"0",0,0,0,0,0,0
0,"unknown genome; accession ID isNZ_ACCK01000069.1",41,5.11870399408727e-05,41,5.11871473105639e-05,"0","0","0","0","0","0","0","0",0,"0",0,0,0,0,0,0
1871021,"Lachnoclostridium phocaeense",41,5.11870399408727e-05,38.3,4.78651067824049e-05,"0","Bacillota","Clostridia","Lachnospirales","Lachnospiraceae","Lachnoclostridium","Lachnoclostridium phocaeense","0",0,"0",0,0,0,0,0,0
0,"unknown genome; accession ID isNZ_ACCK01000074.1",40,4.9938575552071e-05,40,4.9938637898682e-05,"0","0","0","0","0","0","0","0",0,"0",0,0,0,0,0,0
0,"unknown genome; accession ID isNZ_ACCK01000424.1",38,4.74416467744674e-05,37.9,4.73527746230072e-05,"0","0","0","0","0","0","0","0",0,"0",0,0,0,0,0,0
0,"unknown genome; accession ID isNZ_ACCK01000402.1",38,4.74416467744674e-05,38,4.74417060037479e-05,"0","0","0","0","0","0","0","0",0,"0",0,0,0,0,0,0
0,"unknown genome; accession ID isNZ_ACCK01000071.1",38,4.74416467744674e-05,38,4.74417060037479e-05,"0","0","0","0","0","0","0","0",0,"0",0,0,0,0,0,0
547042,"Phocaeicola coprophilus",38,4.74416467744674e-05,38.3,4.77659540150705e-05,"0","Bacteroidota","Bacteroidia","Bacteroidales","Bacteroidaceae","Phocaeicola","Phocaeicola coprophilus","0",0,"0",0,0,0,0,0,0
1437610,"Bifidobacterium reuteri",38,4.74416467744674e-05,61.8,7.71144688202351e-05,"0","Actinomycetota","Actinomycetes","Bifidobacteriales","Bifidobacteriaceae","Bifidobacterium","Bifidobacterium reuteri","0",0,"0",0,0,0,0,0,0
36847,"Anaerotignum neopropionicum",36,4.49447179968639e-05,36.5,4.55082322585877e-05,"0","Bacillota","Clostridia","Lachnospirales","Anaerotignaceae","Anaerotignum","Anaerotignum neopropionicum","0",0,"0",0,0,0,0,0,0
1815968,"Punavirus SJ46",36,4.49447179968639e-05,44.3,5.53486588786542e-05,"0","Uroviricota","Caudoviricetes","0","0","Punavirus","Punavirus SJ46","0",0,"0",0,0,0,0,0,0
525919,"Anaerococcus prevotii",35,4.36962536080621e-05,30.5,3.8133042254484e-05,"0","Bacillota","Tissierellia","Tissierellales","Peptoniphilaceae","Anaerococcus","Anaerococcus prevotii","0",0,"0",0,0,0,0,0,0
1121114,"Blautia producta",35,4.36962536080621e-05,51.9,6.47377369048195e-05,"0","Bacillota","Clostridia","Lachnospirales","Lachnospiraceae","Blautia","Blautia producta","0",0,"0",0,0,0,0,0,0
0,"unknown genome; accession ID isNZ_KI632515.1",34,4.24477892192603e-05,32.4,4.04636435738184e-05,"0","0","0","0","0","0","0","0",0,"0",0,0,0,0,0,0
0,"unknown genome; accession ID isNZ_ACCK01000037.1",34,4.24477892192603e-05,34,4.24478422138797e-05,"0","0","0","0","0","0","0","0",0,"0",0,0,0,0,0,0
411490,"Anaerostipes caccae",34,4.24477892192603e-05,37.7,4.70939617179942e-05,"0","Bacillota","Clostridia","Lachnospirales","Lachnospiraceae","Anaerostipes","Anaerostipes caccae","0",0,"0",0,0,0,0,0,0
1042878,"Cupriavidus necator",34,4.24477892192603e-05,19.7,2.46366935260449e-05,"0","Pseudomonadota","Betaproteobacteria","Burkholderiales","Burkholderiaceae","Cupriavidus","Cupriavidus necator","0",0,"0",0,0,0,0,0,0
796942,"Stomatobaculum longum",34,4.24477892192603e-05,33.6,4.19549397737889e-05,"0","Bacillota","Clostridia","Lachnospirales","Lachnospiraceae","Stomatobaculum","Stomatobaculum longum","0",0,"0",0,0,0,0,0,0
0,"unknown genome; accession ID isNZ_EQ973339.1",33,4.11993248304585e-05,32.5,4.06307208845566e-05,"0","0","0","0","0","0","0","0",0,"0",0,0,0,0,0,0
0,"unknown genome; accession ID isNZ_ACCK01000055.1",33,4.11993248304585e-05,33,4.11993762664126e-05,"0","0","0","0","0","0","0","0",0,"0",0,0,0,0,0,0
0,"unknown genome; accession ID isNZ_ACCK01000054.1",32,3.99508604416568e-05,32,3.99509103189456e-05,"0","0","0","0","0","0","0","0",0,"0",0,0,0,0,0,0
0,"unknown genome; accession ID isNZ_ACCK01000052.1",32,3.99508604416568e-05,32,3.99509103189456e-05,"0","0","0","0","0","0","0","0",0,"0",0,0,0,0,0,0
1218112,"Kluyvera cryocrescens",31,3.8702396052855e-05,28.1,3.51323131593925e-05,"0","Pseudomonadota","Gammaproteobacteria","Enterobacterales","Enterobacteriaceae","Kluyvera","Kluyvera cryocrescens","0",0,"0",0,0,0,0,0,0
61647,"Pluralibacter gergoviae",31,3.8702396052855e-05,39.2,4.8878639334632e-05,"0","Pseudomonadota","Gammaproteobacteria","Enterobacterales","Enterobacteriaceae","Pluralibacter","Pluralibacter gergoviae","0",0,"0",0,0,0,0,0,0
0,"unknown genome; accession ID isNZ_ACCK01000447.1",31,3.8702396052855e-05,31,3.87024443714785e-05,"0","0","0","0","0","0","0","0",0,"0",0,0,0,0,0,0
0,"unknown genome; accession ID isNZ_ACCK01000423.1",31,3.8702396052855e-05,31,3.87024443714785e-05,"0","0","0","0","0","0","0","0",0,"0",0,0,0,0,0,0
0,"unknown genome; accession ID isNZ_ACCK01000047.1",31,3.8702396052855e-05,31,3.87024443714785e-05,"0","0","0","0","0","0","0","0",0,"0",0,0,0,0,0,0
105219,"Ralstonia mannitolilytica",31,3.8702396052855e-05,20.6,2.56725398053862e-05,"0","Pseudomonadota","Betaproteobacteria","Burkholderiales","Burkholderiaceae","Ralstonia","Ralstonia mannitolilytica","0",0,"0",0,0,0,0,0,0
626937,"Christensenella minuta",31,3.8702396052855e-05,30.6,3.82598941902056e-05,"0","Bacillota","Clostridia","Christensenellales","Christensenellaceae","Christensenella","Christensenella minuta","0",0,"0",0,0,0,0,0,0
1567486,"Xuanwuvirus P88",30,3.74539316640532e-05,30.3,3.78414028371118e-05,"0","Uroviricota","Caudoviricetes","0","Peduoviridae","Xuanwuvirus","Xuanwuvirus P88","0",0,"0",0,0,0,0,0,0
0,"unknown genome; accession ID isNZ_ACCK01000039.1",29,3.62054672752514e-05,29,3.62055124765444e-05,"0","0","0","0","0","0","0","0",0,"0",0,0,0,0,0,0
0,"unknown genome; accession ID isNZ_ACCK01000013.1",29,3.62054672752514e-05,29,3.62055124765444e-05,"0","0","0","0","0","0","0","0",0,"0",0,0,0,0,0,0
478749,"Marvinbryantia formatexigens",29,3.62054672752514e-05,35.7,4.45469315286104e-05,"0","Bacillota","Clostridia","Lachnospirales","Lachnospiraceae","Marvinbryantia","Marvinbryantia formatexigens","0",0,"0",0,0,0,0,0,0
997894,"Enterocloster bolteae",29,3.62054672752514e-05,28,3.49812898763682e-05,"0","Bacillota","Clostridia","Lachnospirales","Lachnospiraceae","Enterocloster","Enterocloster bolteae","0",0,"0",0,0,0,0,0,0
1349822,"Coprobacter fastidiosus",29,3.62054672752514e-05,28.7,3.58125314260129e-05,"0","Bacteroidota","Bacteroidia","Bacteroidales","Barnesiellaceae","Coprobacter","Coprobacter fastidiosus","0",0,"0",0,0,0,0,0,0
0,"unknown genome; accession ID isNZ_ACCK01000442.1",28,3.49570028864497e-05,27,3.36754398925181e-05,"0","0","0","0","0","0","0","0",0,"0",0,0,0,0,0,0
0,"unknown genome; accession ID isNZ_ACCK01000441.1",28,3.49570028864497e-05,28,3.49570465290774e-05,"0","0","0","0","0","0","0","0",0,"0",0,0,0,0,0,0
0,"unknown genome; accession ID isNZ_ACCK01000027.1",28,3.49570028864497e-05,28,3.49570465290774e-05,"0","0","0","0","0","0","0","0",0,"0",0,0,0,0,0,0
2681611,"Lambdavirus lambda",28,3.49570028864497e-05,33.3,4.16112534956936e-05,"0","Uroviricota","Caudoviricetes","0","0","Lambdavirus","Lambdavirus lambda","0",0,"0",0,0,0,0,0,0
0,"unknown genome; accession ID isNZ_ACCK01000016.1",27,3.37085384976479e-05,27,3.37085805816103e-05,"0","0","0","0","0","0","0","0",0,"0",0,0,0,0,0,0
742743,"Dialister succinatiphilus",27,3.37085384976479e-05,27,3.37090358233988e-05,"0","Bacillota","Negativicutes","Veillonellales","Veillonellaceae","Dialister","Dialister succinatiphilus","0",0,"0",0,0,0,0,0,0
563769,"Pankowvirus pv1717",27,3.37085384976479e-05,34,4.24089601427503e-05,"0","Uroviricota","Caudoviricetes","0","0","Pankowvirus","Pankowvirus pv1717","0",0,"0",0,0,0,0,0,0
1147152,"Enterobacteria phage mEp460",27,3.37085384976479e-05,26.8,3.34147033110934e-05,"0","Uroviricota","Caudoviricetes","0","0","0","Enterobacteria phage mEp460","0",0,"0",0,0,0,0,0,0
1447715,"Bifidobacterium pseudolongum",26,3.24600741088461e-05,27.2,3.39554952005481e-05,"0","Actinomycetota","Actinomycetes","Bifidobacteriales","Bifidobacteriaceae","Bifidobacterium","Bifidobacterium pseudolongum","0",0,"0",0,0,0,0,0,0
1650663,"Allofournierella massiliensis",26,3.24600741088461e-05,25.3,3.16371209000271e-05,"0","Bacillota","Clostridia","Eubacteriales","Oscillospiraceae","Allofournierella","Allofournierella massiliensis","0",0,"0",0,0,0,0,0,0
0,"unknown genome; accession ID isNZ_ACCK01000444.1",25,3.12116097200443e-05,25,3.12116486866762e-05,"0","0","0","0","0","0","0","0",0,"0",0,0,0,0,0,0
0,"unknown genome; accession ID isNZ_ACCK01000407.1",25,3.12116097200443e-05,25,3.12116486866762e-05,"0","0","0","0","0","0","0","0",0,"0",0,0,0,0,0,0
0,"unknown genome; accession ID isNZ_ACCK01000078.1",25,3.12116097200443e-05,25,3.12116486866762e-05,"0","0","0","0","0","0","0","0",0,"0",0,0,0,0,0,0
0,"unknown genome; accession ID isNZ_ACCK01000002.1",25,3.12116097200443e-05,25,3.12116486866762e-05,"0","0","0","0","0","0","0","0",0,"0",0,0,0,0,0,0
1033732,"Alistipes senegalensis",25,3.12116097200443e-05,25.1,3.13951593446031e-05,"0","Bacteroidota","Bacteroidia","Bacteroidales","Rikenellaceae","Alistipes","Alistipes senegalensis","0",0,"0",0,0,0,0,0,0
0,"unknown genome; accession ID isNZ_ACCK01000400.1",24,2.99631453312426e-05,23.8,2.97156151687314e-05,"0","0","0","0","0","0","0","0",0,"0",0,0,0,0,0,0
1158614,"Enterococcus gilvus",24,2.99631453312426e-05,24,2.99632502627088e-05,"0","Bacillota","Bacilli","Lactobacillales","Enterococcaceae","Enterococcus","Enterococcus gilvus","0",0,"0",0,0,0,0,0,0
1122988,"Hoylesella nanceiensis",24,2.99631453312426e-05,24.4,3.04391208523345e-05,"0","Bacteroidota","Bacteroidia","Bacteroidales","Prevotellaceae","Hoylesella","Hoylesella nanceiensis","0",0,"0",0,0,0,0,0,0
742740,"[Clostridium] symbiosum",23,2.87146809424408e-05,25.2,3.1434100206544e-05,"0","Bacillota","Clostridia","Lachnospirales","Lachnospiraceae","Lachnoclostridium","[Clostridium] symbiosum","0",0,"0",0,0,0,0,0,0
0,"unknown genome; accession ID isNZ_ACCK01000446.1",23,2.87146809424408e-05,23,2.87147167917421e-05,"0","0","0","0","0","0","0","0",0,"0",0,0,0,0,0,0
0,"unknown genome; accession ID isNZ_ACCK01000081.1",23,2.87146809424408e-05,23,2.87147167917421e-05,"0","0","0","0","0","0","0","0",0,"0",0,0,0,0,0,0
44008,"Enterococcus cecorum",22,2.7466216553639e-05,15.5,1.94125800454739e-05,"0","Bacillota","Bacilli","Lactobacillales","Enterococcaceae","Enterococcus","Enterococcus cecorum","0",0,"0",0,0,0,0,0,0
0,"unknown genome; accession ID isNZ_ACCK01000415.1",22,2.7466216553639e-05,22,2.74662508442751e-05,"0","0","0","0","0","0","0","0",0,"0",0,0,0,0,0,0
1841857,"Culturomica massiliensis",22,2.7466216553639e-05,24.8,3.10241233620312e-05,"0","Bacteroidota","Bacteroidia","Bacteroidales","Odoribacteraceae","Culturomica","Culturomica massiliensis","0",0,"0",0,0,0,0,0,0
0,"unknown genome; accession ID isNZ_BBDW01000002.1",21,2.62177521648373e-05,21,2.62201662106431e-05,"0","0","0","0","0","0","0","0",0,"0",0,0,0,0,0,0
0,"unknown genome; accession ID isNZ_BBDW01000012.1",21,2.62177521648373e-05,20.8,2.60024301024229e-05,"0","0","0","0","0","0","0","0",0,"0",0,0,0,0,0,0
883156,"Veillonella seminalis",21,2.62177521648373e-05,24.9,3.11326901266682e-05,"0","Bacillota","Negativicutes","Veillonellales","Veillonellaceae","Veillonella","Veillonella seminalis","0",0,"0",0,0,0,0,0,0
476272,"Blautia hydrogenotrophica",20,2.49692877760355e-05,24.8,3.09689728691271e-05,"0","Bacillota","Clostridia","Lachnospirales","Lachnospiraceae","Blautia","Blautia hydrogenotrophica","0",0,"0",0,0,0,0,0,0
0,"unknown genome; accession ID isNZ_ACCK01000061.1",20,2.49692877760355e-05,20,2.4969318949341e-05,"0","0","0","0","0","0","0","0",0,"0",0,0,0,0,0,0
0,"unknown genome; accession ID isNZ_ACCK01000044.1",20,2.49692877760355e-05,20,2.4969318949341e-05,"0","0","0","0","0","0","0","0",0,"0",0,0,0,0,0,0
0,"unknown genome; accession ID isNZ_JNKJ01000018.1",20,2.49692877760355e-05,20.4,2.54869161041123e-05,"0","0","0","0","0","0","0","0",0,"0",0,0,0,0,0,0
1408437,"Agathobaculum desmolans",19,2.37208233872337e-05,19,2.37219374954502e-05,"0","Bacillota","Clostridia","Eubacteriales","Butyricicoccaceae","Agathobaculum","Agathobaculum desmolans","0",0,"0",0,0,0,0,0,0
0,"unknown genome; accession ID isNZ_ACCK01000406.1",19,2.37208233872337e-05,18.8,2.34889149812061e-05,"0","0","0","0","0","0","0","0",0,"0",0,0,0,0,0,0
0,"unknown genome; accession ID isNZ_ACCK01000032.1",19,2.37208233872337e-05,19,2.37208530018739e-05,"0","0","0","0","0","0","0","0",0,"0",0,0,0,0,0,0
1150461,"Bifidobacterium scardovii",19,2.37208233872337e-05,19,2.37228197543236e-05,"0","Actinomycetota","Actinomycetes","Bifidobacteriales","Bifidobacteriaceae","Bifidobacterium","Bifidobacterium scardovii","0",0,"0",0,0,0,0,0,0
1437607,"Bifidobacterium saguini",19,2.37208233872337e-05,20.1,2.51390774993476e-05,"0","Actinomycetota","Actinomycetes","Bifidobacteriales","Bifidobacteriaceae","Bifidobacterium","Bifidobacterium saguini","0",0,"0",0,0,0,0,0,0
1118056,"Anaerococcus obesiensis",19,2.37208233872337e-05,23.4,2.92563137720843e-05,"0","Bacillota","Tissierellia","Tissierellales","Peptoniphilaceae","Anaerococcus","Anaerococcus obesiensis","0",0,"0",0,0,0,0,0,0
3158780,"Ruminococcus sp. YE282",18,2.24723589984319e-05,18,2.24727828494932e-05,"0","Bacillota","Clostridia","Eubacteriales","Oscillospiraceae","Ruminococcus","Ruminococcus sp. YE282","0",0,"0",0,0,0,0,0,0
0,"unknown genome; accession ID isNZ_ACCK01000440.1",18,2.24723589984319e-05,19,2.37546099893215e-05,"0","0","0","0","0","0","0","0",0,"0",0,0,0,0,0,0
1871029,"Intestinibacillus massiliensis",18,2.24723589984319e-05,23.6,2.94045203676335e-05,"0","Bacillota","Clostridia","Eubacteriales","Butyricicoccaceae","Intestinibacillus","Intestinibacillus massiliensis","0",0,"0",0,0,0,0,0,0
1590550,"Punavirus RCS47",18,2.24723589984319e-05,18,2.24729671169031e-05,"0","Uroviricota","Caudoviricetes","0","0","Punavirus","Punavirus RCS47","0",0,"0",0,0,0,0,0,0
0,"unknown genome; accession ID isNZ_HE978617.1",17,2.12238946096302e-05,15,1.87230680132609e-05,"0","0","0","0","0","0","0","0",0,"0",0,0,0,0,0,0
0,"unknown genome; accession ID isNZ_ACCK01000471.1",17,2.12238946096302e-05,17,2.12239211069398e-05,"0","0","0","0","0","0","0","0",0,"0",0,0,0,0,0,0
0,"unknown genome; accession ID isNZ_ACCK01000451.1",17,2.12238946096302e-05,17,2.12239211069398e-05,"0","0","0","0","0","0","0","0",0,"0",0,0,0,0,0,0
0,"unknown genome; accession ID isNZ_ACCK01000003.1",17,2.12238946096302e-05,17,2.12239211069398e-05,"0","0","0","0","0","0","0","0",0,"0",0,0,0,0,0,0
927665,"Parabacteroides goldsteinii",17,2.12238946096302e-05,22.1,2.75905238478142e-05,"0","Bacteroidota","Bacteroidia","Bacteroidales","Tannerellaceae","Parabacteroides","Parabacteroides goldsteinii","0",0,"0",0,0,0,0,0,0
1513592,"Colwellia marinimaniae",17,2.12238946096302e-05,13,1.6222078853959e-05,"0","Pseudomonadota","Gammaproteobacteria","Alteromonadales","Colwelliaceae","Colwellia","Colwellia marinimaniae","0",0,"0",0,0,0,0,0,0
1035196,"Peptostreptococcus anaerobius",16,1.99754302208284e-05,15.1,1.88907571497519e-05,"0","Bacillota","Clostridia","Peptostreptococcales","Peptostreptococcaceae","Peptostreptococcus","Peptostreptococcus anaerobius","0",0,"0",0,0,0,0,0,0
873513,"Segatella buccae",16,1.99754302208284e-05,14.9,1.85443524424172e-05,"0","Bacteroidota","Bacteroidia","Bacteroidales","Prevotellaceae","Segatella","Segatella buccae","0",0,"0",0,0,0,0,0,0
565655,"Enterococcus casseliflavus",16,1.99754302208284e-05,16.1,2.01007560685361e-05,"0","Bacillota","Bacilli","Lactobacillales","Enterococcaceae","Enterococcus","Enterococcus casseliflavus","0",0,"0",0,0,0,0,0,0
411473,"Ruminococcus callidus",16,1.99754302208284e-05,16,1.99550065693988e-05,"0","Bacillota","Clostridia","Eubacteriales","Oscillospiraceae","Ruminococcus","Ruminococcus callidus","0",0,"0",0,0,0,0,0,0
0,"unknown genome; accession ID isNZ_ACCK01000051.1",16,1.99754302208284e-05,16,1.99754551594728e-05,"0","0","0","0","0","0","0","0",0,"0",0,0,0,0,0,0
431947,"Porphyromonas gingivalis",15,1.87269658320266e-05,11.6,1.44611872883733e-05,"0","Bacteroidota","Bacteroidia","Bacteroidales","Porphyromonadaceae","Porphyromonas","Porphyromonas gingivalis","0",0,"0",0,0,0,0,0,0
272563,"Clostridioides difficile",15,1.87269658320266e-05,14.5,1.80775165292687e-05,"0","Bacillota","Clostridia","Peptostreptococcales","Peptostreptococcaceae","Clostridioides","Clostridioides difficile","0",0,"0",0,0,0,0,0,0
34002,"Paracoccus alcaliphilus",15,1.87269658320266e-05,14.3,1.78563913875758e-05,"0","Pseudomonadota","Alphaproteobacteria","Rhodobacterales","Paracoccaceae","Paracoccus","Paracoccus alcaliphilus","0",0,"0",0,0,0,0,0,0
0,"unknown genome; accession ID isNZ_ACCK01000448.1",15,1.87269658320266e-05,15,1.87269892120057e-05,"0","0","0","0","0","0","0","0",0,"0",0,0,0,0,0,0
0,"unknown genome; accession ID isNZ_ACCK01000398.1",15,1.87269658320266e-05,15,1.87269892120057e-05,"0","0","0","0","0","0","0","0",0,"0",0,0,0,0,0,0
0,"unknown genome; accession ID isNZ_ACCK01000062.1",15,1.87269658320266e-05,15,1.87269892120057e-05,"0","0","0","0","0","0","0","0",0,"0",0,0,0,0,0,0
0,"unknown genome; accession ID isNZ_ACCK01000028.1",15,1.87269658320266e-05,15,1.87269892120057e-05,"0","0","0","0","0","0","0","0",0,"0",0,0,0,0,0,0
411471,"Subdoligranulum variabile",15,1.87269658320266e-05,16.4,2.05342265677985e-05,"0","Bacillota","Clostridia","Eubacteriales","Oscillospiraceae","Subdoligranulum","Subdoligranulum variabile","0",0,"0",0,0,0,0,0,0
518636,"Enterocloster asparagiformis",15,1.87269658320266e-05,14.7,1.83872079424205e-05,"0","Bacillota","Clostridia","Lachnospirales","Lachnospiraceae","Enterocloster","Enterocloster asparagiformis","0",0,"0",0,0,0,0,0,0
1745713,"Bariatricus massiliensis",15,1.87269658320266e-05,14.5,1.81578073275001e-05,"0","Bacillota","Clostridia","Lachnospirales","Lachnospiraceae","Bariatricus","Bariatricus massiliensis","0",0,"0",0,0,0,0,0,0
0,"unknown genome; accession ID isNZ_HE978619.1",14,1.74785014432248e-05,11.2,1.39900992642597e-05,"0","0","0","0","0","0","0","0",0,"0",0,0,0,0,0,0
0,"unknown genome; accession ID isNC_021019.1",14,1.74785014432248e-05,15.1,1.88705355705566e-05,"0","0","0","0","0","0","0","0",0,"0",0,0,0,0,0,0
626522,"Alloprevotella tannerae",14,1.74785014432248e-05,13.6,1.69800228012801e-05,"0","Bacteroidota","Bacteroidia","Bacteroidales","Prevotellaceae","Alloprevotella","Alloprevotella tannerae","0",0,"0",0,0,0,0,0,0
0,"unknown genome; accession ID isNZ_ACCK01000403.1",14,1.74785014432248e-05,14,1.74785232645387e-05,"0","0","0","0","0","0","0","0",0,"0",0,0,0,0,0,0
0,"unknown genome; accession ID isNZ_ACCK01000045.1",14,1.74785014432248e-05,14,1.74785232645387e-05,"0","0","0","0","0","0","0","0",0,"0",0,0,0,0,0,0
796334,"Erwinia oleae",14,1.74785014432248e-05,14,1.74785630983796e-05,"0","Pseudomonadota","Gammaproteobacteria","Enterobacterales","Erwiniaceae","Erwinia","Erwinia oleae","0",0,"0",0,0,0,0,0,0
1907654,"Collinsella bouchesdurhonensis",14,1.74785014432248e-05,14,1.74792365969451e-05,"0","Actinomycetota","Coriobacteriia","Coriobacteriales","Coriobacteriaceae","Collinsella","Collinsella bouchesdurhonensis","0",0,"0",0,0,0,0,0,0
0,"unknown genome; accession ID isNZ_ACCK01000057.1",13,1.62300370544231e-05,13,1.62300573170716e-05,"0","0","0","0","0","0","0","0",0,"0",0,0,0,0,0,0
334735,"Sporosarcina koreensis",13,1.62300370544231e-05,12.8,1.59729860614302e-05,"0","Bacillota","Bacilli","Bacillales","Planococcaceae","Sporosarcina","Sporosarcina koreensis","0",0,"0",0,0,0,0,0,0
0,"unknown genome; accession ID isNZ_JTDA01000005.1",13,1.62300370544231e-05,14,1.74965922043569e-05,"0","0","0","0","0","0","0","0",0,"0",0,0,0,0,0,0
0,"unknown genome; accession ID isNZ_ACCK01000076.1",12,1.49815726656213e-05,12,1.49815913696046e-05,"0","0","0","0","0","0","0","0",0,"0",0,0,0,0,0,0
0,"unknown genome; accession ID isNZ_ACCK01000063.1",12,1.49815726656213e-05,12,1.49815304450438e-05,"0","0","0","0","0","0","0","0",0,"0",0,0,0,0,0,0
1410674,"Sharpea azabuensis",12,1.49815726656213e-05,12.2,1.52242722120998e-05,"0","Bacillota","Erysipelotrichia","Erysipelotrichales","Coprobacillaceae","Sharpea","Sharpea azabuensis","0",0,"0",0,0,0,0,0,0
667015,"Phocaeicola salanitronis",12,1.49815726656213e-05,12.7,1.58639218531672e-05,"0","Bacteroidota","Bacteroidia","Bacteroidales","Bacteroidaceae","Phocaeicola","Phocaeicola salanitronis","0",0,"0",0,0,0,0,0,0
0,"unknown genome; accession ID isNZ_BBDW01000019.1",12,1.49815726656213e-05,12.1,1.50667364243746e-05,"0","0","0","0","0","0","0","0",0,"0",0,0,0,0,0,0
1160721,"Ruminococcus bicirculans (ex Wegman et al. 2014)",12,1.49815726656213e-05,12,1.49816673093233e-05,"0","Bacillota","Clostridia","Eubacteriales","Oscillospiraceae","Ruminococcus","Ruminococcus bicirculans (ex Wegman et al. 2014)","0",0,"0",0,0,0,0,0,0
1796646,"Muribaculum intestinale",12,1.49815726656213e-05,12.5,1.55553329120507e-05,"0","Bacteroidota","Bacteroidia","Bacteroidales","Muribaculaceae","Muribaculum","Muribaculum intestinale","0",0,"0",0,0,0,0,0,0
553178,"Capnocytophaga gingivalis",11,1.37331082768195e-05,13.6,1.70380205605628e-05,"0","Bacteroidota","Flavobacteriia","Flavobacteriales","Flavobacteriaceae","Capnocytophaga","Capnocytophaga gingivalis","0",0,"0",0,0,0,0,0,0
1122973,"Porphyromonas levii",11,1.37331082768195e-05,11,1.37339567251613e-05,"0","Bacteroidota","Bacteroidia","Bacteroidales","Porphyromonadaceae","Porphyromonas","Porphyromonas levii","0",0,"0",0,0,0,0,0,0
0,"unknown genome; accession ID isNZ_ACCK01000068.1",11,1.37331082768195e-05,11,1.37331254221375e-05,"0","0","0","0","0","0","0","0",0,"0",0,0,0,0,0,0
0,"unknown genome; accession ID isNZ_ACCK01000049.1",11,1.37331082768195e-05,11,1.37331350311229e-05,"0","0","0","0","0","0","0","0",0,"0",0,0,0,0,0,0
0,"unknown genome; accession ID isNZ_ACCK01000040.1",11,1.37331082768195e-05,11,1.37331254221375e-05,"0","0","0","0","0","0","0","0",0,"0",0,0,0,0,0,0
1121950,"Hespellia stercorisuis",11,1.37331082768195e-05,11,1.37334933918542e-05,"0","Bacillota","Clostridia","Lachnospirales","Lachnospiraceae","Hespellia","Hespellia stercorisuis","0",0,"0",0,0,0,0,0,0
1121947,"Helcococcus sueciensis",11,1.37331082768195e-05,9.2,1.14744343242934e-05,"0","Bacillota","Tissierellia","Tissierellales","Peptoniphilaceae","Helcococcus","Helcococcus sueciensis","0",0,"0",0,0,0,0,0,0
194948,"Escherichia Stx1 converting phage",11,1.37331082768195e-05,9.4,1.17247568990916e-05,"0","Uroviricota","Caudoviricetes","0","0","Traversvirus","Escherichia Stx1 converting phage","0",0,"0",0,0,0,0,0,0
1660368,"Traversvirus PA28",11,1.37331082768195e-05,13.2,1.64886764271889e-05,"0","Uroviricota","Caudoviricetes","0","0","Traversvirus","Traversvirus PA28","0",0,"0",0,0,0,0,0,0
28141,"Cronobacter sakazakii",10,1.24846438880177e-05,10.6,1.31944855172607e-05,"0","Pseudomonadota","Gammaproteobacteria","Enterobacterales","Enterobacteriaceae","Cronobacter","Cronobacter sakazakii","0",0,"0",0,0,0,0,0,0
0,"unknown genome; accession ID isNZ_ACCK01000038.1",10,1.24846438880177e-05,10,1.24846594746705e-05,"0","0","0","0","0","0","0","0",0,"0",0,0,0,0,0,0
0,"unknown genome; accession ID isNZ_ACCK01000014.1",10,1.24846438880177e-05,10,1.24846211348305e-05,"0","0","0","0","0","0","0","0",0,"0",0,0,0,0,0,0
911023,"Yokenella regensburgei",10,1.24846438880177e-05,8.7,1.0896159498286e-05,"0","Pseudomonadota","Gammaproteobacteria","Enterobacterales","Enterobacteriaceae","Yokenella","Yokenella regensburgei","0",0,"0",0,0,0,0,0,0
1121323,"Anaerotignum lactatifermentans",10,1.24846438880177e-05,13.4,1.67767561848056e-05,"0","Bacillota","Clostridia","Lachnospirales","Anaerotignaceae","Anaerotignum","Anaerotignum lactatifermentans","0",0,"0",0,0,0,0,0,0
762211,"Bifidobacterium stellenboschense",10,1.24846438880177e-05,8.9,1.11241441763049e-05,"0","Actinomycetota","Actinomycetes","Bifidobacteriales","Bifidobacteriaceae","Bifidobacterium","Bifidobacterium stellenboschense","0",0,"0",0,0,0,0,0,0
1076550,"Pantoea rwandensis",10,1.24846438880177e-05,9.4,1.17855212991429e-05,"0","Pseudomonadota","Gammaproteobacteria","Enterobacterales","Erwiniaceae","Pantoea","Pantoea rwandensis","0",0,"0",0,0,0,0,0,0
2681618,"Shamshuipovirus HK022",10,1.24846438880177e-05,9.4,1.1750169304456e-05,"0","Uroviricota","Caudoviricetes","0","0","Shamshuipovirus","Shamshuipovirus HK022","0",0,"0",0,0,0,0,0,0
553175,"Porphyromonas endodontalis",9,1.1236179499216e-05,9,1.12750325345772e-05,"0","Bacteroidota","Bacteroidia","Bacteroidales","Porphyromonadaceae","Porphyromonas","Porphyromonas endodontalis","0",0,"0",0,0,0,0,0,0
35760,"Bifidobacterium choerinum",9,1.1236179499216e-05,6.6,8.3020586893733e-06,"0","Actinomycetota","Actinomycetes","Bifidobacteriales","Bifidobacteriaceae","Bifidobacterium","Bifidobacterium choerinum","0",0,"0",0,0,0,0,0,0
0,"unknown genome; accession ID isNZ_ACCK01000420.1",9,1.1236179499216e-05,9,1.12361935272034e-05,"0","0","0","0","0","0","0","0",0,"0",0,0,0,0,0,0
0,"unknown genome; accession ID isNZ_ACCK01000399.1",9,1.1236179499216e-05,9,1.12361935272034e-05,"0","0","0","0","0","0","0","0",0,"0",0,0,0,0,0,0
0,"unknown genome; accession ID isNZ_ACCK01000058.1",9,1.1236179499216e-05,9,1.12361935272034e-05,"0","0","0","0","0","0","0","0",0,"0",0,0,0,0,0,0
1123311,"Streptococcus orisratti",9,1.1236179499216e-05,7.9,9.85563802403826e-06,"0","Bacillota","Bacilli","Lactobacillales","Streptococcaceae","Streptococcus","Streptococcus orisratti","0",0,"0",0,0,0,0,0,0
379893,"Trabulsiella odontotermitis",9,1.1236179499216e-05,11,1.3730097187476e-05,"0","Pseudomonadota","Gammaproteobacteria","Enterobacterales","Enterobacteriaceae","Trabulsiella","Trabulsiella odontotermitis","0",0,"0",0,0,0,0,0,0
742817,"Odoribacter laneus",9,1.1236179499216e-05,10.2,1.27300864137486e-05,"0","Bacteroidota","Bacteroidia","Bacteroidales","Odoribacteraceae","Odoribacter","Odoribacter laneus","0",0,"0",0,0,0,0,0,0
1297617,"Intestinimonas butyriciproducens",9,1.1236179499216e-05,8.3,1.03549298573806e-05,"0","Bacillota","Clostridia","Eubacteriales","0","Intestinimonas","Intestinimonas butyriciproducens","0",0,"0",0,0,0,0,0,0
0,"unknown genome; accession ID isNZ_CCFE01000031.1",9,1.1236179499216e-05,7.6,9.4776166911506e-06,"0","0","0","0","0","0","0","0",0,"0",0,0,0,0,0,0
1585974,"Beduini massiliensis",9,1.1236179499216e-05,13.6,1.69715906863524e-05,"0","Bacillota","Erysipelotrichia","Erysipelotrichales","Erysipelotrichaceae","Beduini","Beduini massiliensis","0",0,"0",0,0,0,0,0,0
1871018,"Angelakisella massiliensis",9,1.1236179499216e-05,12.2,1.52267056127877e-05,"0","Bacillota","Clostridia","Eubacteriales","Oscillospiraceae","Angelakisella","Angelakisella massiliensis","0",0,"0",0,0,0,0,0,0
1242245,"Acinetobacter johnsonii",8,9.98771511041419e-06,8.4,1.04597026204083e-05,"0","Pseudomonadota","Gammaproteobacteria","Moraxellales","Moraxellaceae","Acinetobacter","Acinetobacter johnsonii","0",0,"0",0,0,0,0,0,0
679200,"Johnsonella ignava",8,9.98771511041419e-06,9,1.12926776691133e-05,"0","Bacillota","Clostridia","Lachnospirales","Lachnospiraceae","Johnsonella","Johnsonella ignava","0",0,"0",0,0,0,0,0,0
0,"unknown genome; accession ID isNZ_ACCK01000467.1",8,9.98771511041419e-06,8,9.9877275797364e-06,"0","0","0","0","0","0","0","0",0,"0",0,0,0,0,0,0
0,"unknown genome; accession ID isNZ_ACCK01000462.1",8,9.98771511041419e-06,8,9.9877275797364e-06,"0","0","0","0","0","0","0","0",0,"0",0,0,0,0,0,0
0,"unknown genome; accession ID isNZ_ACCK01000459.1",8,9.98771511041419e-06,8,9.9877275797364e-06,"0","0","0","0","0","0","0","0",0,"0",0,0,0,0,0,0
0,"unknown genome; accession ID isNZ_ACCK01000439.1",8,9.98771511041419e-06,8,9.9877275797364e-06,"0","0","0","0","0","0","0","0",0,"0",0,0,0,0,0,0
0,"unknown genome; accession ID isNZ_ACCK01000430.1",8,9.98771511041419e-06,8,9.9877275797364e-06,"0","0","0","0","0","0","0","0",0,"0",0,0,0,0,0,0
299766,"Enterobacter hormaechei",8,9.98771511041419e-06,9.5,1.18678516974557e-05,"0","Pseudomonadota","Gammaproteobacteria","Enterobacterales","Enterobacteriaceae","Enterobacter","Enterobacter hormaechei","0",0,"0",0,0,0,0,0,0
596154,"Alicycliphilus denitrificans",8,9.98771511041419e-06,6.2,7.74829162121749e-06,"0","Pseudomonadota","Betaproteobacteria","Burkholderiales","Comamonadaceae","Alicycliphilus","Alicycliphilus denitrificans","0",0,"0",0,0,0,0,0,0
1122155,"Lactonifactor longoviformis",8,9.98771511041419e-06,9.1,1.13119549873047e-05,"0","Bacillota","Clostridia","Eubacteriales","Clostridiaceae","Lactonifactor","Lactonifactor longoviformis","0",0,"0",0,0,0,0,0,0
1121333,"Thomasclavelia saccharogumia",8,9.98771511041419e-06,7.6,9.52840273031632e-06,"0","Bacillota","Erysipelotrichia","Erysipelotrichales","Coprobacillaceae","Thomasclavelia","Thomasclavelia saccharogumia","0",0,"0",0,0,0,0,0,0
742733,"Enterocloster citroniae",8,9.98771511041419e-06,8,1.00309410165292e-05,"0","Bacillota","Clostridia","Lachnospirales","Lachnospiraceae","Enterocloster","Enterocloster citroniae","0",0,"0",0,0,0,0,0,0
0,"unknown genome; accession ID isNZ_BBDW01000023.1",8,9.98771511041419e-06,5.9,7.39857990789933e-06,"0","0","0","0","0","0","0","0",0,"0",0,0,0,0,0,0
0,"unknown genome; accession ID isNZ_JTDA01000001.1",8,9.98771511041419e-06,8.2,1.02217915853563e-05,"0","0","0","0","0","0","0","0",0,"0",0,0,0,0,0,0
1903263,"Traorella massiliensis",8,9.98771511041419e-06,8.9,1.10862024159742e-05,"0","Bacillota","Erysipelotrichia","Erysipelotrichales","Erysipelotrichaceae","Traorella","Traorella massiliensis","0",0,"0",0,0,0,0,0,0
78344,"Bifidobacterium pullorum",7,8.73925072161242e-06,7,8.73929679260732e-06,"0","Actinomycetota","Actinomycetes","Bifidobacteriales","Bifidobacteriaceae","Bifidobacterium","Bifidobacterium pullorum","0",0,"0",0,0,0,0,0,0
82983,"Obesumbacterium proteus",7,8.73925072161242e-06,7.3,9.15914369218281e-06,"0","Pseudomonadota","Gammaproteobacteria","Enterobacterales","Hafniaceae","Obesumbacterium","Obesumbacterium proteus","0",0,"0",0,0,0,0,0,0
0,"unknown genome; accession ID isNZ_ACCK01000474.1",7,8.73925072161242e-06,6.6,8.28988430349408e-06,"0","0","0","0","0","0","0","0",0,"0",0,0,0,0,0,0
0,"unknown genome; accession ID isNZ_ACCK01000455.1",7,8.73925072161242e-06,7,8.73926163226935e-06,"0","0","0","0","0","0","0","0",0,"0",0,0,0,0,0,0
0,"unknown genome; accession ID isNZ_ACCK01000432.1",7,8.73925072161242e-06,7,8.73926163226935e-06,"0","0","0","0","0","0","0","0",0,"0",0,0,0,0,0,0
0,"unknown genome; accession ID isNZ_ACCK01000416.1",7,8.73925072161242e-06,7,8.73926163226935e-06,"0","0","0","0","0","0","0","0",0,"0",0,0,0,0,0,0
0,"unknown genome; accession ID isNZ_ACCK01000414.1",7,8.73925072161242e-06,7,8.73926163226935e-06,"0","0","0","0","0","0","0","0",0,"0",0,0,0,0,0,0
0,"unknown genome; accession ID isNZ_ACCK01000064.1",7,8.73925072161242e-06,7,8.73926163226935e-06,"0","0","0","0","0","0","0","0",0,"0",0,0,0,0,0,0
1236498,"Phocaeicola paurosaccharolyticus",7,8.73925072161242e-06,7,8.73926366306191e-06,"0","Bacteroidota","Bacteroidia","Bacteroidales","Bacteroidaceae","Phocaeicola","Phocaeicola paurosaccharolyticus","0",0,"0",0,0,0,0,0,0
1235834,"Kosakonia sacchari",7,8.73925072161242e-06,5.6,6.96200098271091e-06,"0","Pseudomonadota","Gammaproteobacteria","Enterobacterales","Enterobacteriaceae","Kosakonia","Kosakonia sacchari","0",0,"0",0,0,0,0,0,0
1432052,"Eisenbergiella tayi",7,8.73925072161242e-06,7,8.73928217113733e-06,"0","Bacillota","Clostridia","Lachnospirales","Lachnospiraceae","Eisenbergiella","Eisenbergiella tayi","0",0,"0",0,0,0,0,0,0
0,"unknown genome; accession ID isNZ_LM651463.1",7,8.73925072161242e-06,13.8,1.72225139850604e-05,"0","0","0","0","0","0","0","0",0,"0",0,0,0,0,0,0
667120,"Edwardsiella anguillarum",7,8.73925072161242e-06,9,1.11752732916908e-05,"0","Pseudomonadota","Gammaproteobacteria","Enterobacterales","Hafniaceae","Edwardsiella","Edwardsiella anguillarum","0",0,"0",0,0,0,0,0,0
880526,"Rikenella microfusus",6,7.49078633281064e-06,6,7.49081525502025e-06,"0","Bacteroidota","Bacteroidia","Bacteroidales","Rikenellaceae","Rikenella","Rikenella microfusus","0",0,"0",0,0,0,0,0,0
1122949,"Peptoniphilus lacrimalis",6,7.49078633281064e-06,5.8,7.28873104225127e-06,"0","Bacillota","Tissierellia","Tissierellales","Peptoniphilaceae","Peptoniphilus","Peptoniphilus lacrimalis","0",0,"0",0,0,0,0,0,0
525255,"Anaerococcus tetradius",6,7.49078633281064e-06,8.4,1.05027825677582e-05,"0","Bacillota","Tissierellia","Tissierellales","Peptoniphilaceae","Anaerococcus","Anaerococcus tetradius","0",0,"0",0,0,0,0,0,0
1171377,"Bibersteinia trehalosi",6,7.49078633281064e-06,4.7,5.83833310474969e-06,"0","Pseudomonadota","Gammaproteobacteria","Pasteurellales","Pasteurellaceae","Bibersteinia","Bibersteinia trehalosi","0",0,"0",0,0,0,0,0,0
765909,"Lamprocystis purpurea",6,7.49078633281064e-06,4.4,5.44362298339498e-06,"0","Pseudomonadota","Gammaproteobacteria","Chromatiales","Chromatiaceae","Lamprocystis","Lamprocystis purpurea","0",0,"0",0,0,0,0,0,0
0,"unknown genome; accession ID isNZ_ACCK01000465.1",6,7.49078633281064e-06,6,7.4907956848023e-06,"0","0","0","0","0","0","0","0",0,"0",0,0,0,0,0,0
0,"unknown genome; accession ID isNZ_ACCK01000435.1",6,7.49078633281064e-06,6,7.4908340246423e-06,"0","0","0","0","0","0","0","0",0,"0",0,0,0,0,0,0
0,"unknown genome; accession ID isNZ_ACCK01000026.1",6,7.49078633281064e-06,6,7.4907956848023e-06,"0","0","0","0","0","0","0","0",0,"0",0,0,0,0,0,0
0,"unknown genome; accession ID isNZ_ACCK01000011.1",6,7.49078633281064e-06,6,7.4907956848023e-06,"0","0","0","0","0","0","0","0",0,"0",0,0,0,0,0,0
0,"unknown genome; accession ID isNZ_ACCK01000010.1",6,7.49078633281064e-06,6,7.4907956848023e-06,"0","0","0","0","0","0","0","0",0,"0",0,0,0,0,0,0
0,"unknown genome; accession ID isNZ_BBAB01000016.1",6,7.49078633281064e-06,6,7.49080052916141e-06,"0","0","0","0","0","0","0","0",0,"0",0,0,0,0,0,0
1122228,"Alloscardovia criceti",6,7.49078633281064e-06,6,7.49080557670026e-06,"0","Actinomycetota","Actinomycetes","Bifidobacteriales","Bifidobacteriaceae","Alloscardovia","Alloscardovia criceti","0",0,"0",0,0,0,0,0,0
880074,"Barnesiella viscericola",6,7.49078633281064e-06,6.2,7.75587103257815e-06,"0","Bacteroidota","Bacteroidia","Bacteroidales","Barnesiellaceae","Barnesiella","Barnesiella viscericola","0",0,"0",0,0,0,0,0,0
1437608,"Bifidobacterium biavatii",6,7.49078633281064e-06,8.1,1.01486225278023e-05,"0","Actinomycetota","Actinomycetes","Bifidobacteriales","Bifidobacteriaceae","Bifidobacterium","Bifidobacterium biavatii","0",0,"0",0,0,0,0,0,0
875454,"Peptoniphilus rhinitidis",6,7.49078633281064e-06,5.4,6.75847503833876e-06,"0","Bacillota","Tissierellia","Tissierellales","Peptoniphilaceae","Peptoniphilus","Peptoniphilus rhinitidis","0",0,"0",0,0,0,0,0,0
0,"unknown genome; accession ID isNZ_JTDA01000004.1",6,7.49078633281064e-06,6,7.48688669390237e-06,"0","0","0","0","0","0","0","0",0,"0",0,0,0,0,0,0
1944646,"Phoenicibacter congonensis",6,7.49078633281064e-06,6.1,7.61354318913629e-06,"0","Actinomycetota","Coriobacteriia","Eggerthellales","Eggerthellaceae","Phoenicibacter","Phoenicibacter congonensis","0",0,"0",0,0,0,0,0,0
1147153,"Cuauhtlivirus mEpX1",6,7.49078633281064e-06,6,7.4912006196062e-06,"0","Uroviricota","Caudoviricetes","0","0","Cuauhtlivirus","Cuauhtlivirus mEpX1","0",0,"0",0,0,0,0,0,0
573058,"Peptoniphilus asaccharolyticus",5,6.24232194400887e-06,5,6.25635011075245e-06,"0","Bacillota","Tissierellia","Tissierellales","Peptoniphilaceae","Peptoniphilus","Peptoniphilus asaccharolyticus","0",0,"0",0,0,0,0,0,0
568814,"Streptococcus suis",5,6.24232194400887e-06,4.7,5.85471733126082e-06,"0","Bacillota","Bacilli","Lactobacillales","Streptococcaceae","Streptococcus","Streptococcus suis","0",0,"0",0,0,0,0,0,0
226185,"Enterococcus faecalis",5,6.24232194400887e-06,7.2,9.00265556736965e-06,"0","Bacillota","Bacilli","Lactobacillales","Enterococcaceae","Enterococcus","Enterococcus faecalis","0",0,"0",0,0,0,0,0,0
0,"unknown genome; accession ID isNZ_KB850945.1",5,6.24232194400887e-06,6,7.44067434669719e-06,"0","0","0","0","0","0","0","0",0,"0",0,0,0,0,0,0
39480,"Andreesenia angusta",5,6.24232194400887e-06,5.2,6.50663016757086e-06,"0","Bacillota","Tissierellia","Tissierellales","Gottschalkiaceae","Andreesenia","Andreesenia angusta","0",0,"0",0,0,0,0,0,0
65786,"Hydrogenophaga intermedia",5,6.24232194400887e-06,3.4,4.21183402474012e-06,"0","Pseudomonadota","Betaproteobacteria","Burkholderiales","Comamonadaceae","Hydrogenophaga","Hydrogenophaga intermedia","0",0,"0",0,0,0,0,0,0
0,"unknown genome; accession ID isNZ_ACCK01000419.1",5,6.24232194400887e-06,5,6.24232973733525e-06,"0","0","0","0","0","0","0","0",0,"0",0,0,0,0,0,0
0,"unknown genome; accession ID isNZ_ACCK01000405.1",5,6.24232194400887e-06,5,6.24232973733525e-06,"0","0","0","0","0","0","0","0",0,"0",0,0,0,0,0,0
0,"unknown genome; accession ID isNZ_ACCK01000070.1",5,6.24232194400887e-06,5,6.24232973733525e-06,"0","0","0","0","0","0","0","0",0,"0",0,0,0,0,0,0
0,"unknown genome; accession ID isNZ_ACCK01000067.1",5,6.24232194400887e-06,5,6.24232973733525e-06,"0","0","0","0","0","0","0","0",0,"0",0,0,0,0,0,0
0,"unknown genome; accession ID isNZ_ACCK01000009.1",5,6.24232194400887e-06,5,6.24232973733525e-06,"0","0","0","0","0","0","0","0",0,"0",0,0,0,0,0,0
0,"unknown genome; accession ID isNZ_JNKJ01000020.1",5,6.24232194400887e-06,5.2,6.45187206510432e-06,"0","0","0","0","0","0","0","0",0,"0",0,0,0,0,0,0
1300165,"Kosakonia cowanii",5,6.24232194400887e-06,4.6,5.70628429646651e-06,"0","Pseudomonadota","Gammaproteobacteria","Enterobacterales","Enterobacteriaceae","Kosakonia","Kosakonia cowanii","0",0,"0",0,0,0,0,0,0
208224,"Enterobacter kobei",5,6.24232194400887e-06,4.4,5.48583369705645e-06,"0","Pseudomonadota","Gammaproteobacteria","Enterobacterales","Enterobacteriaceae","Enterobacter","Enterobacter kobei","0",0,"0",0,0,0,0,0,0
1034346,"Dielma fastidiosa",5,6.24232194400887e-06,5,6.28506271640519e-06,"0","Bacillota","Erysipelotrichia","Erysipelotrichales","Erysipelotrichaceae","Dielma","Dielma fastidiosa","0",0,"0",0,0,0,0,0,0
0,"unknown genome; accession ID isNZ_JTDA01000008.1",5,6.24232194400887e-06,5,6.25162008316823e-06,"0","0","0","0","0","0","0","0",0,"0",0,0,0,0,0,0
1560201,"Winslowiella iniecta",5,6.24232194400887e-06,3.8,4.7127352772996e-06,"0","Pseudomonadota","Gammaproteobacteria","Enterobacterales","Erwiniaceae","Winslowiella","Winslowiella iniecta","0",0,"0",0,0,0,0,0,0
1870997,"Alterileibacterium massiliense",5,6.24232194400887e-06,5,6.25740144366345e-06,"0","Bacillota","Clostridia","Peptostreptococcales","Anaerovoracaceae","Alterileibacterium","Alterileibacterium massiliense","0",0,"0",0,0,0,0,0,0
1871022,"Parolsenella massiliensis",5,6.24232194400887e-06,5,6.24237561740618e-06,"0","Actinomycetota","Coriobacteriia","Coriobacteriales","Atopobiaceae","Parolsenella","Parolsenella massiliensis","0",0,"0",0,0,0,0,0,0
10730,"Traversvirus tv933W",5,6.24232194400887e-06,5.5,6.85298325649268e-06,"0","Uroviricota","Caudoviricetes","0","0","Traversvirus","Traversvirus tv933W","0",0,"0",0,0,0,0,0,0
1392005,"Comamonas testosteroni",4,4.9938575552071e-06,4,4.99388508120085e-06,"0","Pseudomonadota","Betaproteobacteria","Burkholderiales","Comamonadaceae","Comamonas","Comamonas testosteroni","0",0,"0",0,0,0,0,0,0
556268,"Oxalobacter paraformigenes",4,4.9938575552071e-06,7.3,9.16802223886634e-06,"0","Pseudomonadota","Betaproteobacteria","Burkholderiales","Oxalobacteraceae","Oxalobacter","Oxalobacter paraformigenes","0",0,"0",0,0,0,0,0,0
279808,"Staphylococcus haemolyticus",4,4.9938575552071e-06,3.3,4.15204656073799e-06,"0","Bacillota","Bacilli","Bacillales","Staphylococcaceae","Staphylococcus","Staphylococcus haemolyticus","0",0,"0",0,0,0,0,0,0
1121865,"Enterococcus columbae",4,4.9938575552071e-06,3.3,4.11860890434557e-06,"0","Bacillota","Bacilli","Lactobacillales","Enterococcaceae","Enterococcus","Enterococcus columbae","0",0,"0",0,0,0,0,0,0
1234679,"Carnobacterium maltaromaticum",4,4.9938575552071e-06,4,4.99386575771675e-06,"0","Bacillota","Bacilli","Lactobacillales","Carnobacteriaceae","Carnobacterium","Carnobacterium maltaromaticum","0",0,"0",0,0,0,0,0,0
365659,"Streptococcus mitis",4,4.9938575552071e-06,3.7,4.63443654294744e-06,"0","Bacillota","Bacilli","Lactobacillales","Streptococcaceae","Streptococcus","Streptococcus mitis","0",0,"0",0,0,0,0,0,0
29524,"Porphyromonas circumdentaria",4,4.9938575552071e-06,3.6,4.52199270222224e-06,"0","Bacteroidota","Bacteroidia","Bacteroidales","Porphyromonadaceae","Porphyromonas","Porphyromonas circumdentaria","0",0,"0",0,0,0,0,0,0
47917,"Serratia fonticola",4,4.9938575552071e-06,3.6,4.46941832064901e-06,"0","Pseudomonadota","Gammaproteobacteria","Enterobacterales","Yersiniaceae","Serratia","Serratia fonticola","0",0,"0",0,0,0,0,0,0
1044999,"Erwinia tracheiphila",4,4.9938575552071e-06,4.3,5.40457092577139e-06,"0","Pseudomonadota","Gammaproteobacteria","Enterobacterales","Erwiniaceae","Erwinia","Erwinia tracheiphila","0",0,"0",0,0,0,0,0,0
0,"unknown genome; accession ID isNZ_KB822482.1",4,4.9938575552071e-06,3.9,4.85175970237062e-06,"0","0","0","0","0","0","0","0",0,"0",0,0,0,0,0,0
0,"unknown genome; accession ID isNZ_ACCK01000469.1",4,4.9938575552071e-06,4,4.9938637898682e-06,"0","0","0","0","0","0","0","0",0,"0",0,0,0,0,0,0
0,"unknown genome; accession ID isNZ_ACCK01000466.1",4,4.9938575552071e-06,4,4.9938637898682e-06,"0","0","0","0","0","0","0","0",0,"0",0,0,0,0,0,0
0,"unknown genome; accession ID isNZ_ACCK01000463.1",4,4.9938575552071e-06,4,5.02202742503508e-06,"0","0","0","0","0","0","0","0",0,"0",0,0,0,0,0,0
0,"unknown genome; accession ID isNZ_ACCK01000436.1",4,4.9938575552071e-06,4,4.9938637898682e-06,"0","0","0","0","0","0","0","0",0,"0",0,0,0,0,0,0
0,"unknown genome; accession ID isNZ_ACCK01000404.1",4,4.9938575552071e-06,4,4.9938637898682e-06,"0","0","0","0","0","0","0","0",0,"0",0,0,0,0,0,0
0,"unknown genome; accession ID isNZ_ACCK01000030.1",4,4.9938575552071e-06,4,4.9938637898682e-06,"0","0","0","0","0","0","0","0",0,"0",0,0,0,0,0,0
0,"unknown genome; accession ID isNZ_ACCK01000001.1",4,4.9938575552071e-06,4,4.9938637898682e-06,"0","0","0","0","0","0","0","0",0,"0",0,0,0,0,0,0
0,"unknown genome; accession ID isNZ_BBAB01000002.1",4,4.9938575552071e-06,4,4.99386846840256e-06,"0","0","0","0","0","0","0","0",0,"0",0,0,0,0,0,0
1120979,"Alloscardovia omnicolens",4,4.9938575552071e-06,4,4.99386569272263e-06,"0","Actinomycetota","Actinomycetes","Bifidobacteriales","Bifidobacteriaceae","Alloscardovia","Alloscardovia omnicolens","0",0,"0",0,0,0,0,0,0
0,"unknown genome; accession ID isNZ_BBDW01000020.1",4,4.9938575552071e-06,4.9,6.16758804802705e-06,"0","0","0","0","0","0","0","0",0,"0",0,0,0,0,0,0
604330,"Parafannyhessea umbonata",4,4.9938575552071e-06,4,4.99398613059579e-06,"0","Actinomycetota","Coriobacteriia","Coriobacteriales","Atopobiaceae","Parafannyhessea","Parafannyhessea umbonata","0",0,"0",0,0,0,0,0,0
1235794,"Adlercreutzia caecimuris",4,4.9938575552071e-06,4,4.99517363419183e-06,"0","Actinomycetota","Coriobacteriia","Eggerthellales","Eggerthellaceae","Adlercreutzia","Adlercreutzia caecimuris","0",0,"0",0,0,0,0,0,0
1225786,"Dickeya solani",4,4.9938575552071e-06,5.2,6.49390886687878e-06,"0","Pseudomonadota","Gammaproteobacteria","Enterobacterales","Pectobacteriaceae","Dickeya","Dickeya solani","0",0,"0",0,0,0,0,0,0
1329411,"Bifidobacterium aesculapii",4,4.9938575552071e-06,4.1,5.17141495783419e-06,"0","Actinomycetota","Actinomycetes","Bifidobacteriales","Bifidobacteriaceae","Bifidobacterium","Bifidobacterium aesculapii","0",0,"0",0,0,0,0,0,0
1034345,"Senegalimassilia anaerobia",4,4.9938575552071e-06,4,4.99406764558697e-06,"0","Actinomycetota","Coriobacteriia","Coriobacteriales","Coriobacteriaceae","Senegalimassilia","Senegalimassilia anaerobia","0",0,"0",0,0,0,0,0,0
966,"Oceanospirillum linum",3,3.74539316640532e-06,2.8,3.45858562406146e-06,"0","Pseudomonadota","Gammaproteobacteria","Oceanospirillales","Oceanospirillaceae","Oceanospirillum","Oceanospirillum linum","0",0,"0",0,0,0,0,0,0
1121296,"[Clostridium] aminophilum",3,3.74539316640532e-06,3.3,4.09426480792015e-06,"0","Bacillota","Clostridia","Lachnospirales","Lachnospiraceae","Lachnoclostridium","[Clostridium] aminophilum","0",0,"0",0,0,0,0,0,0
411468,"[Clostridium] scindens",3,3.74539316640532e-06,3,3.74757818684939e-06,"0","Bacillota","Clostridia","Lachnospirales","Lachnospiraceae","Lachnoclostridium","[Clostridium] scindens","0",0,"0",0,0,0,0,0,0
0,"unknown genome; accession ID isNZ_HE978616.1",3,3.74539316640532e-06,2.8,3.50033659360385e-06,"0","0","0","0","0","0","0","0",0,"0",0,0,0,0,0,0
1254439,"Bifidobacterium thermophilum",3,3.74539316640532e-06,4.2,5.21553164014277e-06,"0","Actinomycetota","Actinomycetes","Bifidobacteriales","Bifidobacteriaceae","Bifidobacterium","Bifidobacterium thermophilum","0",0,"0",0,0,0,0,0,0
1236520,"Porphyromonas cangingivalis",3,3.74539316640532e-06,2.6,3.30178594585922e-06,"0","Bacteroidota","Bacteroidia","Bacteroidales","Porphyromonadaceae","Porphyromonas","Porphyromonas cangingivalis","0",0,"0",0,0,0,0,0,0
641143,"Capnocytophaga granulosa",3,3.74539316640532e-06,2.4,3.00751305820604e-06,"0","Bacteroidota","Flavobacteriia","Flavobacteriales","Flavobacteriaceae","Capnocytophaga","Capnocytophaga granulosa","0",0,"0",0,0,0,0,0,0
1458469,"Pseudobutyrivibrio ruminis",3,3.74539316640532e-06,3.2,4.05729840192713e-06,"0","Bacillota","Clostridia","Lachnospirales","Lachnospiraceae","Pseudobutyrivibrio","Pseudobutyrivibrio ruminis","0",0,"0",0,0,0,0,0,0
908937,"Prevotella dentalis",3,3.74539316640532e-06,2.8,3.45849635836567e-06,"0","Bacteroidota","Bacteroidia","Bacteroidales","Prevotellaceae","Prevotella","Prevotella dentalis","0",0,"0",0,0,0,0,0,0
1122978,"Segatella albensis",3,3.74539316640532e-06,3,3.74541199726403e-06,"0","Bacteroidota","Bacteroidia","Bacteroidales","Prevotellaceae","Segatella","Segatella albensis","0",0,"0",0,0,0,0,0,0
561180,"Bifidobacterium gallicum",3,3.74539316640532e-06,3,3.74540770174839e-06,"0","Actinomycetota","Actinomycetes","Bifidobacteriales","Bifidobacteriaceae","Bifidobacterium","Bifidobacterium gallicum","0",0,"0",0,0,0,0,0,0
0,"unknown genome; accession ID isNZ_ACCK01000475.1",3,3.74539316640532e-06,3,3.74539784240115e-06,"0","0","0","0","0","0","0","0",0,"0",0,0,0,0,0,0
0,"unknown genome; accession ID isNZ_ACCK01000445.1",3,3.74539316640532e-06,3,3.74539784240115e-06,"0","0","0","0","0","0","0","0",0,"0",0,0,0,0,0,0
0,"unknown genome; accession ID isNZ_ACCK01000433.1",3,3.74539316640532e-06,3,3.74539784240115e-06,"0","0","0","0","0","0","0","0",0,"0",0,0,0,0,0,0
0,"unknown genome; accession ID isNZ_ACCK01000425.1",3,3.74539316640532e-06,3,3.74539784240115e-06,"0","0","0","0","0","0","0","0",0,"0",0,0,0,0,0,0
0,"unknown genome; accession ID isNZ_ACCK01000413.1",3,3.74539316640532e-06,3,3.74539784240115e-06,"0","0","0","0","0","0","0","0",0,"0",0,0,0,0,0,0
0,"unknown genome; accession ID isNZ_ACCK01000401.1",3,3.74539316640532e-06,3,3.74539784240115e-06,"0","0","0","0","0","0","0","0",0,"0",0,0,0,0,0,0
0,"unknown genome; accession ID isNZ_ACCK01000050.1",3,3.74539316640532e-06,3,3.74539784240115e-06,"0","0","0","0","0","0","0","0",0,"0",0,0,0,0,0,0
0,"unknown genome; accession ID isNZ_ACCK01000046.1",3,3.74539316640532e-06,3,3.74539784240115e-06,"0","0","0","0","0","0","0","0",0,"0",0,0,0,0,0,0
0,"unknown genome; accession ID isNZ_ACCK01000035.1",3,3.74539316640532e-06,3,3.74539784240115e-06,"0","0","0","0","0","0","0","0",0,"0",0,0,0,0,0,0
0,"unknown genome; accession ID isNZ_ACCK01000017.1",3,3.74539316640532e-06,3,3.74539784240115e-06,"0","0","0","0","0","0","0","0",0,"0",0,0,0,0,0,0
0,"unknown genome; accession ID isNZ_ACCK01000008.1",3,3.74539316640532e-06,3,3.74539784240115e-06,"0","0","0","0","0","0","0","0",0,"0",0,0,0,0,0,0
0,"unknown genome; accession ID isNZ_JNKJ01000044.1",3,3.74539316640532e-06,3,3.74539784240115e-06,"0","0","0","0","0","0","0","0",0,"0",0,0,0,0,0,0
0,"unknown genome; accession ID isNZ_JNKJ01000045.1",3,3.74539316640532e-06,3,3.74541617707112e-06,"0","0","0","0","0","0","0","0",0,"0",0,0,0,0,0,0
290052,"Acetivibrio ethanolgignens",3,3.74539316640532e-06,3.1,3.85073017112793e-06,"0","Bacillota","Clostridia","Eubacteriales","Oscillospiraceae","Acetivibrio","Acetivibrio ethanolgignens","0",0,"0",0,0,0,0,0,0
1258574,"Streptococcus gallolyticus",3,3.74539316640532e-06,3,3.74539807703509e-06,"0","Bacillota","Bacilli","Lactobacillales","Streptococcaceae","Streptococcus","Streptococcus gallolyticus","0",0,"0",0,0,0,0,0,0
0,"unknown genome; accession ID isNZ_BBAB01000024.1",3,3.74539316640532e-06,3,3.74539785804787e-06,"0","0","0","0","0","0","0","0",0,"0",0,0,0,0,0,0
0,"unknown genome; accession ID isNZ_BBAB01000045.1",3,3.74539316640532e-06,3,3.74539810086384e-06,"0","0","0","0","0","0","0","0",0,"0",0,0,0,0,0,0
0,"unknown genome; accession ID isNZ_GG662016.1",3,3.74539316640532e-06,3,3.74539807863994e-06,"0","0","0","0","0","0","0","0",0,"0",0,0,0,0,0,0
0,"unknown genome; accession ID isNZ_BBDW01000003.1",3,3.74539316640532e-06,3,3.74570607014757e-06,"0","0","0","0","0","0","0","0",0,"0",0,0,0,0,0,0
0,"unknown genome; accession ID isNZ_BBDW01000024.1",3,3.74539316640532e-06,3.3,4.17111929310042e-06,"0","0","0","0","0","0","0","0",0,"0",0,0,0,0,0,0
1236516,"Hoylesella saccharolytica",3,3.74539316640532e-06,2.7,3.33622938836789e-06,"0","Bacteroidota","Bacteroidia","Bacteroidales","Prevotellaceae","Hoylesella","Hoylesella saccharolytica","0",0,"0",0,0,0,0,0,0
1109412,"Brenneria goodwinii",3,3.74539316640532e-06,3.2,4.0115565079141e-06,"0","Pseudomonadota","Gammaproteobacteria","Enterobacterales","Pectobacteriaceae","Brenneria","Brenneria goodwinii","0",0,"0",0,0,0,0,0,0
1191699,"Calidifontibacillus oryziterrae",3,3.74539316640532e-06,2,2.54920784233553e-06,"0","Bacillota","Bacilli","Bacillales","Bacillaceae","Calidifontibacillus","Calidifontibacillus oryziterrae","0",0,"0",0,0,0,0,0,0
1348253,"Microbacterium mangrovi",3,3.74539316640532e-06,3,3.74539784240115e-06,"0","Actinomycetota","Actinomycetes","Micrococcales","Microbacteriaceae","Microbacterium","Microbacterium mangrovi","0",0,"0",0,0,0,0,0,0
1211813,"Alistipes ihumii",3,3.74539316640532e-06,7.8,9.74205453269337e-06,"0","Bacteroidota","Bacteroidia","Bacteroidales","Rikenellaceae","Alistipes","Alistipes ihumii","0",0,"0",0,0,0,0,0,0
1477437,"Parapedobacter indicus",3,3.74539316640532e-06,2.9,3.63324755527535e-06,"0","Bacteroidota","Sphingobacteriia","Sphingobacteriales","Sphingobacteriaceae","Parapedobacter","Parapedobacter indicus","0",0,"0",0,0,0,0,0,0
0,"unknown genome; accession ID isNZ_CCFJ01000017.1",3,3.74539316640532e-06,1.5,1.92532345920488e-06,"0","0","0","0","0","0","0","0",0,"0",0,0,0,0,0,0
1673724,"Neofamilia massiliensis",3,3.74539316640532e-06,4.2,5.30399860893331e-06,"0","Bacillota","Clostridia","Eubacteriales","0","Neofamilia","Neofamilia massiliensis","0",0,"0",0,0,0,0,0,0
1691903,"Mangrovibacter phragmitis",3,3.74539316640532e-06,3,3.77340980272398e-06,"0","Pseudomonadota","Gammaproteobacteria","Enterobacterales","Enterobacteriaceae","Mangrovibacter","Mangrovibacter phragmitis","0",0,"0",0,0,0,0,0,0
1723382,"Urinicoccus massiliensis",3,3.74539316640532e-06,3,3.74543537742448e-06,"0","Bacillota","Tissierellia","Tissierellales","Peptoniphilaceae","Urinicoccus","Urinicoccus massiliensis","0",0,"0",0,0,0,0,0,0
1769291,"Oceanivirga salmonicida",3,3.74539316640532e-06,3.3,4.1116646817406e-06,"0","Fusobacteriota","Fusobacteriia","Fusobacteriales","Leptotrichiaceae","Oceanivirga","Oceanivirga salmonicida","0",0,"0",0,0,0,0,0,0
1841868,"Provencibacterium massiliense",3,3.74539316640532e-06,3.5,4.42686338004577e-06,"0","Bacillota","Clostridia","Eubacteriales","Oscillospiraceae","Provencibacterium","Provencibacterium massiliense","0",0,"0",0,0,0,0,0,0
2905959,"Lederbergvirus Sf6",3,3.74539316640532e-06,3.9,4.91703373099377e-06,"0","Uroviricota","Caudoviricetes","0","0","Lederbergvirus","Lederbergvirus Sf6","0",0,"0",0,0,0,0,0,0
1122985,"Hoylesella loescheii",2,2.49692877760355e-06,2.3,2.91575377410198e-06,"0","Bacteroidota","Bacteroidia","Bacteroidales","Prevotellaceae","Hoylesella","Hoylesella loescheii","0",0,"0",0,0,0,0,0,0
591001,"Acidaminococcus fermentans",2,2.49692877760355e-06,2.7,3.37863601136699e-06,"0","Bacillota","Negativicutes","Acidaminococcales","Acidaminococcaceae","Acidaminococcus","Acidaminococcus fermentans","0",0,"0",0,0,0,0,0,0
0,"unknown genome; accession ID isNZ_KB850943.1",2,2.49692877760355e-06,3,3.74614231277093e-06,"0","0","0","0","0","0","0","0",0,"0",0,0,0,0,0,0
1423721,"Amylolactobacillus amylophilus",2,2.49692877760355e-06,5,6.21130977512645e-06,"0","Bacillota","Bacilli","Lactobacillales","Lactobacillaceae","Amylolactobacillus","Amylolactobacillus amylophilus","0",0,"0",0,0,0,0,0,0
525254,"Anaerococcus lactolyticus",2,2.49692877760355e-06,2,2.49698083850399e-06,"0","Bacillota","Tissierellia","Tissierellales","Peptoniphilaceae","Anaerococcus","Anaerococcus lactolyticus","0",0,"0",0,0,0,0,0,0
1408428,"Bilophila wadsworthia",2,2.49692877760355e-06,3.6,4.48241668383119e-06,"0","Thermodesulfobacteriota","Desulfovibrionia","Desulfovibrionales","Desulfovibrionaceae","Bilophila","Bilophila wadsworthia","0",0,"0",0,0,0,0,0,0
0,"unknown genome; accession ID isNZ_CP022054.2",2,2.49692877760355e-06,2.1,2.59118758187347e-06,"0","0","0","0","0","0","0","0",0,"0",0,0,0,0,0,0
0,"unknown genome; accession ID isNZ_KB907524.1",2,2.49692877760355e-06,1.7,2.08933830833713e-06,"0","0","0","0","0","0","0","0",0,"0",0,0,0,0,0,0
1302863,"Streptococcus cristatus",2,2.49692877760355e-06,2,2.53424075774757e-06,"0","Bacillota","Bacilli","Lactobacillales","Streptococcaceae","Streptococcus","Streptococcus cristatus","0",0,"0",0,0,0,0,0,0
357809,"Lachnoclostridium phytofermentans",2,2.49692877760355e-06,2.1,2.56794322180078e-06,"0","Bacillota","Clostridia","Lachnospirales","Lachnospiraceae","Lachnoclostridium","Lachnoclostridium phytofermentans","0",0,"0",0,0,0,0,0,0
1125702,"Treponema vincentii",2,2.49692877760355e-06,2.2,2.76951493897634e-06,"0","Spirochaetota","Spirochaetia","Spirochaetales","Treponemataceae","Treponema","Treponema vincentii","0",0,"0",0,0,0,0,0,0
70584,"Aquabacterium parvum",2,2.49692877760355e-06,2.7,3.36606058268631e-06,"0","Pseudomonadota","Betaproteobacteria","Burkholderiales","0","Aquabacterium","Aquabacterium parvum","0",0,"0",0,0,0,0,0,0
82633,"Cupriavidus pauculus",2,2.49692877760355e-06,1.5,1.87275008910315e-06,"0","Pseudomonadota","Betaproteobacteria","Burkholderiales","Burkholderiaceae","Cupriavidus","Cupriavidus pauculus","0",0,"0",0,0,0,0,0,0
0,"unknown genome; accession ID isNZ_KB822478.1",2,2.49692877760355e-06,2,2.4969320338089e-06,"0","0","0","0","0","0","0","0",0,"0",0,0,0,0,0,0
0,"unknown genome; accession ID isNZ_KB822499.1",2,2.49692877760355e-06,2,2.49693437394305e-06,"0","0","0","0","0","0","0","0",0,"0",0,0,0,0,0,0
0,"unknown genome; accession ID isNZ_ACCK01000473.1",2,2.49692877760355e-06,2,2.4969318949341e-06,"0","0","0","0","0","0","0","0",0,"0",0,0,0,0,0,0
0,"unknown genome; accession ID isNZ_ACCK01000472.1",2,2.49692877760355e-06,2,2.4969318949341e-06,"0","0","0","0","0","0","0","0",0,"0",0,0,0,0,0,0
0,"unknown genome; accession ID isNZ_ACCK01000470.1",2,2.49692877760355e-06,2,2.4969318949341e-06,"0","0","0","0","0","0","0","0",0,"0",0,0,0,0,0,0
0,"unknown genome; accession ID isNZ_ACCK01000461.1",2,2.49692877760355e-06,2,2.4969318949341e-06,"0","0","0","0","0","0","0","0",0,"0",0,0,0,0,0,0
0,"unknown genome; accession ID isNZ_ACCK01000456.1",2,2.49692877760355e-06,2,2.4969318949341e-06,"0","0","0","0","0","0","0","0",0,"0",0,0,0,0,0,0
0,"unknown genome; accession ID isNZ_ACCK01000431.1",2,2.49692877760355e-06,1.2,1.50108995663859e-06,"0","0","0","0","0","0","0","0",0,"0",0,0,0,0,0,0
0,"unknown genome; accession ID isNZ_ACCK01000427.1",2,2.49692877760355e-06,2,2.4969318949341e-06,"0","0","0","0","0","0","0","0",0,"0",0,0,0,0,0,0
0,"unknown genome; accession ID isNZ_ACCK01000042.1",2,2.49692877760355e-06,1.1,1.38202344646158e-06,"0","0","0","0","0","0","0","0",0,"0",0,0,0,0,0,0
0,"unknown genome; accession ID isNZ_ACCK01000029.1",2,2.49692877760355e-06,2,2.55635434784678e-06,"0","0","0","0","0","0","0","0",0,"0",0,0,0,0,0,0
0,"unknown genome; accession ID isNZ_ACCK01000022.1",2,2.49692877760355e-06,2,2.55753128684314e-06,"0","0","0","0","0","0","0","0",0,"0",0,0,0,0,0,0
0,"unknown genome; accession ID isNZ_ACCK01000005.1",2,2.49692877760355e-06,2,2.49693314003476e-06,"0","0","0","0","0","0","0","0",0,"0",0,0,0,0,0,0
1123263,"Solobacterium moorei",2,2.49692877760355e-06,3.5,4.42376522837995e-06,"0","Bacillota","Erysipelotrichia","Erysipelotrichales","Erysipelotrichaceae","Solobacterium","Solobacterium moorei","0",0,"0",0,0,0,0,0,0
1123399,"Thiolinea disciformis",2,2.49692877760355e-06,1.6,1.9401319127253e-06,"0","Pseudomonadota","Gammaproteobacteria","Thiotrichales","Thiolinaceae","Thiolinea","Thiolinea disciformis","0",0,"0",0,0,0,0,0,0
1121925,"Globicatella sulfidifaciens",2,2.49692877760355e-06,2.6,3.18719451610896e-06,"0","Bacillota","Bacilli","Lactobacillales","Aerococcaceae","Globicatella","Globicatella sulfidifaciens","0",0,"0",0,0,0,0,0,0
1158607,"Enterococcus pallens",2,2.49692877760355e-06,2,2.4969318949341e-06,"0","Bacillota","Bacilli","Lactobacillales","Enterococcaceae","Enterococcus","Enterococcus pallens","0",0,"0",0,0,0,0,0,0
169292,"Corynebacterium aurimucosum",2,2.49692877760355e-06,2.1,2.64192006525534e-06,"0","Actinomycetota","Actinomycetes","Mycobacteriales","Corynebacteriaceae","Corynebacterium","Corynebacterium aurimucosum","0",0,"0",0,0,0,0,0,0
888064,"Enterococcus italicus",2,2.49692877760355e-06,1.9,2.36746995079548e-06,"0","Bacillota","Bacilli","Lactobacillales","Enterococcaceae","Enterococcus","Enterococcus italicus","0",0,"0",0,0,0,0,0,0
663278,"Ethanoligenens harbinense",2,2.49692877760355e-06,2,2.4965653087471e-06,"0","Bacillota","Clostridia","Eubacteriales","Oscillospiraceae","Ethanoligenens","Ethanoligenens harbinense","0",0,"0",0,0,0,0,0,0
290054,"Eubacterium coprostanoligenes",2,2.49692877760355e-06,2,2.49693357936926e-06,"0","Bacillota","Clostridia","Eubacteriales","Eubacteriaceae","Eubacterium","Eubacterium coprostanoligenes","0",0,"0",0,0,0,0,0,0
1410653,"Clostridium lundense",2,2.49692877760355e-06,2.5,3.0857590291108e-06,"0","Bacillota","Clostridia","Eubacteriales","Clostridiaceae","Clostridium","Clostridium lundense","0",0,"0",0,0,0,0,0,0
319939,"Metapseudomonas otitidis",2,2.49692877760355e-06,2.1,2.60306902458538e-06,"0","Pseudomonadota","Gammaproteobacteria","Pseudomonadales","Pseudomonadaceae","Metapseudomonas","Metapseudomonas otitidis","0",0,"0",0,0,0,0,0,0
322095,"Porphyromonas somerae",2,2.49692877760355e-06,2,2.49700914606173e-06,"0","Bacteroidota","Bacteroidia","Bacteroidales","Porphyromonadaceae","Porphyromonas","Porphyromonas somerae","0",0,"0",0,0,0,0,0,0
0,"unknown genome; accession ID isNZ_BBAB01000001.1",2,2.49692877760355e-06,2.1,2.63907952918024e-06,"0","0","0","0","0","0","0","0",0,"0",0,0,0,0,0,0
0,"unknown genome; accession ID isNZ_GG662015.1",2,2.49692877760355e-06,2,2.49696000640982e-06,"0","0","0","0","0","0","0","0",0,"0",0,0,0,0,0,0
1122979,"Prevotella amnii",2,2.49692877760355e-06,2.1,2.58991126835303e-06,"0","Bacteroidota","Bacteroidia","Bacteroidales","Prevotellaceae","Prevotella","Prevotella amnii","0",0,"0",0,0,0,0,0,0
1423759,"Liquorilactobacillus hordei",2,2.49692877760355e-06,0.9,1.14532253916012e-06,"0","Bacillota","Bacilli","Lactobacillales","Lactobacillaceae","Liquorilactobacillus","Liquorilactobacillus hordei","0",0,"0",0,0,0,0,0,0
0,"unknown genome; accession ID isNZ_BAJX01000031.1",2,2.49692877760355e-06,1.4,1.69574633347985e-06,"0","0","0","0","0","0","0","0",0,"0",0,0,0,0,0,0
1122983,"Prevotella falsenii",2,2.49692877760355e-06,2,2.49700340778992e-06,"0","Bacteroidota","Bacteroidia","Bacteroidales","Prevotellaceae","Prevotella","Prevotella falsenii","0",0,"0",0,0,0,0,0,0
1121129,"Butyricimonas synergistica",2,2.49692877760355e-06,2,2.4969385835294e-06,"0","Bacteroidota","Bacteroidia","Bacteroidales","Odoribacteraceae","Butyricimonas","Butyricimonas synergistica","0",0,"0",0,0,0,0,0,0
0,"unknown genome; accession ID isNZ_BBDW01000015.1",2,2.49692877760355e-06,1.5,1.8476880262638e-06,"0","0","0","0","0","0","0","0",0,"0",0,0,0,0,0,0
0,"unknown genome; accession ID isNZ_BBDW01000016.1",2,2.49692877760355e-06,2,2.4969318949341e-06,"0","0","0","0","0","0","0","0",0,"0",0,0,0,0,0,0
1129897,"Nitrolancea hollandica",2,2.49692877760355e-06,1.7,2.10415480278911e-06,"0","Thermomicrobiota","Thermomicrobia","Sphaerobacterales","Sphaerobacteraceae","Nitrolancea","Nitrolancea hollandica","0",0,"0",0,0,0,0,0,0
1239307,"Sodalis praecaptivus",2,2.49692877760355e-06,2.1,2.6006672019038e-06,"0","Pseudomonadota","Gammaproteobacteria","Enterobacterales","Bruguierivoracaceae","Sodalis","Sodalis praecaptivus","0",0,"0",0,0,0,0,0,0
1384589,"Entomohabitans teleogrylli",2,2.49692877760355e-06,2.2,2.7320289226401e-06,"0","Pseudomonadota","Gammaproteobacteria","Enterobacterales","Enterobacteriaceae","Entomohabitans","Entomohabitans teleogrylli","0",0,"0",0,0,0,0,0,0
1118057,"Peptoniphilus grossensis",2,2.49692877760355e-06,2,2.49694023288882e-06,"0","Bacillota","Tissierellia","Tissierellales","Peptoniphilaceae","Peptoniphilus","Peptoniphilus grossensis","0",0,"0",0,0,0,0,0,0
0,"unknown genome; accession ID isNZ_JTDA01000021.1",2,2.49692877760355e-06,2,2.43901813509127e-06,"0","0","0","0","0","0","0","0",0,"0",0,0,0,0,0,0
0,"unknown genome; accession ID isNZ_LM651462.1",2,2.49692877760355e-06,2,2.49694748072413e-06,"0","0","0","0","0","0","0","0",0,"0",0,0,0,0,0,0
1522309,"Flaviflexus massiliensis",2,2.49692877760355e-06,1.2,1.50367109112236e-06,"0","Actinomycetota","Actinomycetes","Actinomycetales","Actinomycetaceae","Flaviflexus","Flaviflexus massiliensis","0",0,"0",0,0,0,0,0,0
1712031,"Streptobacillus notomytis",2,2.49692877760355e-06,2,2.49693197471546e-06,"0","Fusobacteriota","Fusobacteriia","Fusobacteriales","Leptotrichiaceae","Streptobacillus","Streptobacillus notomytis","0",0,"0",0,0,0,0,0,0
2897707,"Merdimmobilis hominis",2,2.49692877760355e-06,2,2.49693494677199e-06,"0","Bacillota","Clostridia","Eubacteriales","Oscillospiraceae","Merdimmobilis","Merdimmobilis hominis","0",0,"0",0,0,0,0,0,0
1870984,"Anaerococcus mediterraneensis",2,2.49692877760355e-06,2.2,2.73836446266033e-06,"0","Bacillota","Tissierellia","Tissierellales","Peptoniphilaceae","Anaerococcus","Anaerococcus mediterraneensis","0",0,"0",0,0,0,0,0,0
1870991,"Massilioclostridium coli",2,2.49692877760355e-06,2,2.51812892180001e-06,"0","Bacillota","Clostridia","Eubacteriales","Clostridiaceae","Massilioclostridium","Massilioclostridium coli","0",0,"0",0,0,0,0,0,0
1871002,"Acidaminococcus timonensis",2,2.49692877760355e-06,2,2.49693920249295e-06,"0","Bacillota","Negativicutes","Acidaminococcales","Acidaminococcaceae","Acidaminococcus","Acidaminococcus timonensis","0",0,"0",0,0,0,0,0,0
1871025,"Ndongobacter massiliensis",2,2.49692877760355e-06,1.6,1.95148109433171e-06,"0","Bacillota","0","0","0","Ndongobacter","Ndongobacter massiliensis","0",0,"0",0,0,0,0,0,0
414970,"Enterobacteria phage cdtI",2,2.49692877760355e-06,2.3,2.83284485140687e-06,"0","Uroviricota","Caudoviricetes","0","0","0","Enterobacteria phage cdtI","0",0,"0",0,0,0,0,0,0
1051631,"Streptococcus phage YMC-2011",2,2.49692877760355e-06,2,2.4969318949341e-06,"0","Uroviricota","Caudoviricetes","0","Aliceevansviridae","0","Streptococcus phage YMC-2011","0",0,"0",0,0,0,0,0,0
432201,"Kwaitsingvirus HK544",2,2.49692877760355e-06,2,2.49710363908952e-06,"0","Uroviricota","Caudoviricetes","0","0","Kwaitsingvirus","Kwaitsingvirus HK544","0",0,"0",0,0,0,0,0,0
1437823,"Xenorhabdus nematophila",1,1.24846438880177e-06,1,1.25431555905326e-06,"0","Pseudomonadota","Gammaproteobacteria","Enterobacterales","Morganellaceae","Xenorhabdus","Xenorhabdus nematophila","0",0,"0",0,0,0,0,0,0
264731,"Xylanibacter ruminicola",1,1.24846438880177e-06,1,1.28633117388465e-06,"0","Bacteroidota","Bacteroidia","Bacteroidales","Prevotellaceae","Xylanibacter","Xylanibacter ruminicola","0",0,"0",0,0,0,0,0,0
869213,"Saccharicrinis fermentans",1,1.24846438880177e-06,1.1,1.42035611974042e-06,"0","Bacteroidota","Bacteroidia","Marinilabiliales","Marinilabiliaceae","Saccharicrinis","Saccharicrinis fermentans","0",0,"0",0,0,0,0,0,0
1336236,"Ruminococcus flavefaciens",1,1.24846438880177e-06,0.5,6.72039407616519e-07,"0","Bacillota","Clostridia","Eubacteriales","Oscillospiraceae","Ruminococcus","Ruminococcus flavefaciens","0",0,"0",0,0,0,0,0,0
1452269,"Ruminococcus sp. XPD3002",1,1.24846438880177e-06,1.5,1.88051660445104e-06,"0","Bacillota","Clostridia","Eubacteriales","Oscillospiraceae","Ruminococcus","Ruminococcus sp. XPD3002","0",0,"0",0,0,0,0,0,0
1267,"Sarcina ventriculi",1,1.24846438880177e-06,1.4,1.78365363063734e-06,"0","Bacillota","Clostridia","Eubacteriales","Clostridiaceae","Sarcina","Sarcina ventriculi","0",0,"0",0,0,0,0,0,0
388919,"Streptococcus sanguinis",1,1.24846438880177e-06,0.9,1.08068755893839e-06,"0","Bacillota","Bacilli","Lactobacillales","Streptococcaceae","Streptococcus","Streptococcus sanguinis","0",0,"0",0,0,0,0,0,0
431943,"Clostridium kluyveri",1,1.24846438880177e-06,2.8,3.53659373685009e-06,"0","Bacillota","Clostridia","Eubacteriales","Clostridiaceae","Clostridium","Clostridium kluyveri","0",0,"0",0,0,0,0,0,0
1423814,"Limosilactobacillus vaginalis",1,1.24846438880177e-06,1,1.24846799094742e-06,"0","Bacillota","Bacilli","Lactobacillales","Lactobacillaceae","Limosilactobacillus","Limosilactobacillus vaginalis","0",0,"0",0,0,0,0,0,0
1688,"Bifidobacterium cuniculi",1,1.24846438880177e-06,1,1.24847662535491e-06,"0","Actinomycetota","Actinomycetes","Bifidobacteriales","Bifidobacteriaceae","Bifidobacterium","Bifidobacterium cuniculi","0",0,"0",0,0,0,0,0,0
1732,"Eubacterium oxidoreducens",1,1.24846438880177e-06,1.3,1.67128909074217e-06,"0","Bacillota","Clostridia","Eubacteriales","Eubacteriaceae","Eubacterium","Eubacterium oxidoreducens","0",0,"0",0,0,0,0,0,0
767031,"Prevotella denticola",1,1.24846438880177e-06,1,1.24853787429392e-06,"0","Bacteroidota","Bacteroidia","Bacteroidales","Prevotellaceae","Prevotella","Prevotella denticola","0",0,"0",0,0,0,0,0,0
1122984,"Prevotella intermedia",1,1.24846438880177e-06,1,1.25248111313676e-06,"0","Bacteroidota","Bacteroidia","Bacteroidales","Prevotellaceae","Prevotella","Prevotella intermedia","0",0,"0",0,0,0,0,0,0
1122993,"Prevotella veroralis",1,1.24846438880177e-06,1.4,1.71660841637296e-06,"0","Bacteroidota","Bacteroidia","Bacteroidales","Prevotellaceae","Prevotella","Prevotella veroralis","0",0,"0",0,0,0,0,0,0
428126,"Thomasclavelia spiroformis",1,1.24846438880177e-06,1,1.2484663028931e-06,"0","Bacillota","Erysipelotrichia","Erysipelotrichales","Coprobacillaceae","Thomasclavelia","Thomasclavelia spiroformis","0",0,"0",0,0,0,0,0,0
999415,"Eggerthia catenaformis",1,1.24846438880177e-06,1.4,1.71319080742466e-06,"0","Bacillota","Erysipelotrichia","Erysipelotrichales","Coprobacillaceae","Eggerthia","Eggerthia catenaformis","0",0,"0",0,0,0,0,0,0
0,"unknown genome; accession ID isNZ_JDVA01000045.1",1,1.24846438880177e-06,1,1.24971293449624e-06,"0","0","0","0","0","0","0","0",0,"0",0,0,0,0,0,0
0,"unknown genome; accession ID isNC_017047.1",1,1.24846438880177e-06,1,1.29258037815626e-06,"0","0","0","0","0","0","0","0",0,"0",0,0,0,0,0,0
883114,"Helcococcus kunzii",1,1.24846438880177e-06,1.4,1.79992464284128e-06,"0","Bacillota","Tissierellia","Tissierellales","Peptoniphilaceae","Helcococcus","Helcococcus kunzii","0",0,"0",0,0,0,0,0,0
0,"unknown genome; accession ID isNZ_JHZO01000009.1",1,1.24846438880177e-06,0.6,7.91142412536968e-07,"0","0","0","0","0","0","0","0",0,"0",0,0,0,0,0,0
53336,"Tatumella citrea",1,1.24846438880177e-06,1.8,2.27666261568703e-06,"0","Pseudomonadota","Gammaproteobacteria","Enterobacterales","Erwiniaceae","Tatumella","Tatumella citrea","0",0,"0",0,0,0,0,0,0
1219360,"Erwinia persicina",1,1.24846438880177e-06,1.1,1.40906336823016e-06,"0","Pseudomonadota","Gammaproteobacteria","Enterobacterales","Erwiniaceae","Erwinia","Erwinia persicina","0",0,"0",0,0,0,0,0,0
1358411,"Pantoea dispersa",1,1.24846438880177e-06,1.7,2.10079655862671e-06,"0","Pseudomonadota","Gammaproteobacteria","Enterobacterales","Erwiniaceae","Pantoea","Pantoea dispersa","0",0,"0",0,0,0,0,0,0
60547,"Caballeronia glathei",1,1.24846438880177e-06,1.1,1.34748847276761e-06,"0","Pseudomonadota","Betaproteobacteria","Burkholderiales","Burkholderiaceae","Caballeronia","Caballeronia glathei","0",0,"0",0,0,0,0,0,0
61652,"Serratia rubidaea",1,1.24846438880177e-06,1.4,1.80554646078026e-06,"0","Pseudomonadota","Gammaproteobacteria","Enterobacterales","Yersiniaceae","Serratia","Serratia rubidaea","0",0,"0",0,0,0,0,0,0
1158601,"Enterococcus malodoratus",1,1.24846438880177e-06,1.1,1.36397225885225e-06,"0","Bacillota","Bacilli","Lactobacillales","Enterococcaceae","Enterococcus","Enterococcus malodoratus","0",0,"0",0,0,0,0,0,0
77635,"Bifidobacterium subtile",1,1.24846438880177e-06,1,1.24846601047603e-06,"0","Actinomycetota","Actinomycetes","Bifidobacteriales","Bifidobacteriaceae","Bifidobacterium","Bifidobacterium subtile","0",0,"0",0,0,0,0,0,0
0,"unknown genome; accession ID isNZ_CP010516.1",1,1.24846438880177e-06,1.5,1.87270071796079e-06,"0","0","0","0","0","0","0","0",0,"0",0,0,0,0,0,0
1354252,"Buttiauxella ferragutiae",1,1.24846438880177e-06,1,1.30726377329343e-06,"0","Pseudomonadota","Gammaproteobacteria","Enterobacterales","Enterobacteriaceae","Buttiauxella","Buttiauxella ferragutiae","0",0,"0",0,0,0,0,0,0
471855,"Slackia heliotrinireducens",1,1.24846438880177e-06,1,1.24846594746705e-06,"0","Actinomycetota","Coriobacteriia","Eggerthellales","Eggerthellaceae","Slackia","Slackia heliotrinireducens","0",0,"0",0,0,0,0,0,0
0,"unknown genome; accession ID isNZ_JAEE01000029.1",1,1.24846438880177e-06,1,1.24828129826508e-06,"0","0","0","0","0","0","0","0",0,"0",0,0,0,0,0,0
0,"unknown genome; accession ID isNZ_KB822500.1",1,1.24846438880177e-06,1,1.24846595334505e-06,"0","0","0","0","0","0","0","0",0,"0",0,0,0,0,0,0
97481,"Pasteurella skyensis",1,1.24846438880177e-06,0.6,7.09209798135322e-07,"0","Pseudomonadota","Gammaproteobacteria","Pasteurellales","Pasteurellaceae","Pasteurella","Pasteurella skyensis","0",0,"0",0,0,0,0,0,0
1122930,"Papillibacter cinnamivorans",1,1.24846438880177e-06,0.7,9.10761868721396e-07,"0","Bacillota","Clostridia","Eubacteriales","Oscillospiraceae","Papillibacter","Papillibacter cinnamivorans","0",0,"0",0,0,0,0,0,0
0,"unknown genome; accession ID isNZ_ACCK01000468.1",1,1.24846438880177e-06,1,1.24846594746705e-06,"0","0","0","0","0","0","0","0",0,"0",0,0,0,0,0,0
0,"unknown genome; accession ID isNZ_ACCK01000464.1",1,1.24846438880177e-06,1,1.24846594746705e-06,"0","0","0","0","0","0","0","0",0,"0",0,0,0,0,0,0
0,"unknown genome; accession ID isNZ_ACCK01000457.1",1,1.24846438880177e-06,1.2,1.49541721958958e-06,"0","0","0","0","0","0","0","0",0,"0",0,0,0,0,0,0
0,"unknown genome; accession ID isNZ_ACCK01000454.1",1,1.24846438880177e-06,1,1.24846594746705e-06,"0","0","0","0","0","0","0","0",0,"0",0,0,0,0,0,0
0,"unknown genome; accession ID isNZ_ACCK01000450.1",1,1.24846438880177e-06,1,1.24846594746705e-06,"0","0","0","0","0","0","0","0",0,"0",0,0,0,0,0,0
0,"unknown genome; accession ID isNZ_ACCK01000437.1",1,1.24846438880177e-06,1,1.24846594746705e-06,"0","0","0","0","0","0","0","0",0,"0",0,0,0,0,0,0
0,"unknown genome; accession ID isNZ_ACCK01000434.1",1,1.24846438880177e-06,1,1.24846594746705e-06,"0","0","0","0","0","0","0","0",0,"0",0,0,0,0,0,0
0,"unknown genome; accession ID isNZ_ACCK01000429.1",1,1.24846438880177e-06,1,1.24846594746705e-06,"0","0","0","0","0","0","0","0",0,"0",0,0,0,0,0,0
0,"unknown genome; accession ID isNZ_ACCK01000428.1",1,1.24846438880177e-06,1,1.24846594746705e-06,"0","0","0","0","0","0","0","0",0,"0",0,0,0,0,0,0
0,"unknown genome; accession ID isNZ_ACCK01000422.1",1,1.24846438880177e-06,1.9,2.36337439593957e-06,"0","0","0","0","0","0","0","0",0,"0",0,0,0,0,0,0
0,"unknown genome; accession ID isNZ_ACCK01000397.1",1,1.24846438880177e-06,1,1.24846594746705e-06,"0","0","0","0","0","0","0","0",0,"0",0,0,0,0,0,0
0,"unknown genome; accession ID isNZ_ACCK01000060.1",1,1.24846438880177e-06,1,1.24846594746705e-06,"0","0","0","0","0","0","0","0",0,"0",0,0,0,0,0,0
0,"unknown genome; accession ID isNZ_ACCK01000031.1",1,1.24846438880177e-06,1,1.24846594746705e-06,"0","0","0","0","0","0","0","0",0,"0",0,0,0,0,0,0
0,"unknown genome; accession ID isNZ_ACCK01000019.1",1,1.24846438880177e-06,1,1.24846594746705e-06,"0","0","0","0","0","0","0","0",0,"0",0,0,0,0,0,0
0,"unknown genome; accession ID isNZ_ACCK01000004.1",1,1.24846438880177e-06,1,1.24846594746705e-06,"0","0","0","0","0","0","0","0",0,"0",0,0,0,0,0,0
108981,"Acinetobacter schindleri",1,1.24846438880177e-06,2,2.50943716348843e-06,"0","Pseudomonadota","Gammaproteobacteria","Moraxellales","Moraxellaceae","Acinetobacter","Acinetobacter schindleri","0",0,"0",0,0,0,0,0,0
1141661,"Providencia alcalifaciens",1,1.24846438880177e-06,0.5,5.63182467341996e-07,"0","Pseudomonadota","Gammaproteobacteria","Enterobacterales","Morganellaceae","Providencia","Providencia alcalifaciens","0",0,"0",0,0,0,0,0,0
1122142,"Lachnobacterium bovis",1,1.24846438880177e-06,1,1.24846754515355e-06,"0","Bacillota","Clostridia","Lachnospirales","Lachnospiraceae","Lachnobacterium","Lachnobacterium bovis","0",0,"0",0,0,0,0,0,0
0,"unknown genome; accession ID isNZ_CM001167.1",1,1.24846438880177e-06,1,1.24846628689935e-06,"0","0","0","0","0","0","0","0",0,"0",0,0,0,0,0,0
158822,"Cedecea neteri",1,1.24846438880177e-06,1,1.27801624786842e-06,"0","Pseudomonadota","Gammaproteobacteria","Enterobacterales","Enterobacteriaceae","Cedecea","Cedecea neteri","0",0,"0",0,0,0,0,0,0
626523,"Shuttleworthella satelles",1,1.24846438880177e-06,0.8,9.75166461933374e-07,"0","Bacillota","Clostridia","Lachnospirales","Lachnospiraceae","Shuttleworthella","Shuttleworthella satelles","0",0,"0",0,0,0,0,0,0
862515,"Hoylesella marshii",1,1.24846438880177e-06,1,1.29715233212899e-06,"0","Bacteroidota","Bacteroidia","Bacteroidales","Prevotellaceae","Hoylesella","Hoylesella marshii","0",0,"0",0,0,0,0,0,0
1123309,"Streptococcus minor",1,1.24846438880177e-06,1,1.24846616300871e-06,"0","Bacillota","Bacilli","Lactobacillales","Streptococcaceae","Streptococcus","Streptococcus minor","0",0,"0",0,0,0,0,0,0
1121024,"Atopococcus tabaci",1,1.24846438880177e-06,1,1.24846594746705e-06,"0","Bacillota","Bacilli","Lactobacillales","Carnobacteriaceae","Atopococcus","Atopococcus tabaci","0",0,"0",0,0,0,0,0,0
0,"unknown genome; accession ID isNZ_BBAB01000038.1",1,1.24846438880177e-06,1,1.24847185590702e-06,"0","0","0","0","0","0","0","0",0,"0",0,0,0,0,0,0
690567,"Syntrophomonas zehnderi",1,1.24846438880177e-06,1,1.24846594746705e-06,"0","Bacillota","Clostridia","Eubacteriales","Syntrophomonadaceae","Syntrophomonas","Syntrophomonas zehnderi","0",0,"0",0,0,0,0,0,0
0,"unknown genome; accession ID isNZ_KK211225.1",1,1.24846438880177e-06,1,1.2484660662919e-06,"0","0","0","0","0","0","0","0",0,"0",0,0,0,0,0,0
467210,"Lachnoanaerobaculum saburreum",1,1.24846438880177e-06,1,1.24846743597881e-06,"0","Bacillota","Clostridia","Lachnospirales","Lachnospiraceae","Lachnoanaerobaculum","Lachnoanaerobaculum saburreum","0",0,"0",0,0,0,0,0,0
0,"unknown genome; accession ID isNZ_BAJX01000015.1",1,1.24846438880177e-06,1,1.24858900464394e-06,"0","0","0","0","0","0","0","0",0,"0",0,0,0,0,0,0
1236509,"Prevotella dentasini",1,1.24846438880177e-06,1,1.24847795062017e-06,"0","Bacteroidota","Bacteroidia","Bacteroidales","Prevotellaceae","Prevotella","Prevotella dentasini","0",0,"0",0,0,0,0,0,0
0,"unknown genome; accession ID isNZ_BBDW01000001.1",1,1.24846438880177e-06,1,1.29682313814628e-06,"0","0","0","0","0","0","0","0",0,"0",0,0,0,0,0,0
0,"unknown genome; accession ID isNZ_BBDW01000005.1",1,1.24846438880177e-06,1,1.24846683345423e-06,"0","0","0","0","0","0","0","0",0,"0",0,0,0,0,0,0
0,"unknown genome; accession ID isNZ_BBDW01000039.1",1,1.24846438880177e-06,1,1.24846594746705e-06,"0","0","0","0","0","0","0","0",0,"0",0,0,0,0,0,0
1236508,"Prevotella aurantiaca",1,1.24846438880177e-06,1,1.27626987212319e-06,"0","Bacteroidota","Bacteroidia","Bacteroidales","Prevotellaceae","Prevotella","Prevotella aurantiaca","0",0,"0",0,0,0,0,0,0
742818,"Slackia piriformis",1,1.24846438880177e-06,1,1.24851678942638e-06,"0","Actinomycetota","Coriobacteriia","Eggerthellales","Eggerthellaceae","Slackia","Slackia piriformis","0",0,"0",0,0,0,0,0,0
761804,"Mycobacterium europaeum",1,1.24846438880177e-06,1.1,1.32138023866419e-06,"0","Actinomycetota","Actinomycetes","Mycobacteriales","Mycobacteriaceae","Mycobacterium","Mycobacterium europaeum","0",0,"0",0,0,0,0,0,0
1437609,"Bifidobacterium callitrichos",1,1.24846438880177e-06,1.8,2.26545528159443e-06,"0","Actinomycetota","Actinomycetes","Bifidobacteriales","Bifidobacteriaceae","Bifidobacterium","Bifidobacterium callitrichos","0",0,"0",0,0,0,0,0,0
938293,"Anaerococcus provencensis",1,1.24846438880177e-06,3.1,3.90319977551287e-06,"0","Bacillota","Tissierellia","Tissierellales","Peptoniphilaceae","Anaerococcus","Anaerococcus provencensis","0",0,"0",0,0,0,0,0,0
1134435,"Thauera humireducens",1,1.24846438880177e-06,1,1.24947344492343e-06,"0","Pseudomonadota","Betaproteobacteria","Rhodocyclales","Zoogloeaceae","Thauera","Thauera humireducens","0",0,"0",0,0,0,0,0,0
1008457,"Myroides injenensis",1,1.24846438880177e-06,2.1,2.60259695206344e-06,"0","Bacteroidota","Flavobacteriia","Flavobacteriales","Flavobacteriaceae","Myroides","Myroides injenensis","0",0,"0",0,0,0,0,0,0
1095770,"Peptoniphilus timonensis",1,1.24846438880177e-06,1.3,1.67698241016223e-06,"0","Bacillota","Tissierellia","Tissierellales","Peptoniphilaceae","Peptoniphilus","Peptoniphilus timonensis","0",0,"0",0,0,0,0,0,0
947969,"Cellulomonas carbonis",1,1.24846438880177e-06,1,1.24853883972248e-06,"0","Actinomycetota","Actinomycetes","Micrococcales","Cellulomonadaceae","Cellulomonas","Cellulomonas carbonis","0",0,"0",0,0,0,0,0,0
1413210,"Orenia metallireducens",1,1.24846438880177e-06,1,1.24846594746705e-06,"0","Bacillota","Clostridia","Halanaerobiales","Halobacteroidaceae","Orenia","Orenia metallireducens","0",0,"0",0,0,0,0,0,0
1033731,"Alistipes timonensis",1,1.24846438880177e-06,1,1.24850241595082e-06,"0","Bacteroidota","Bacteroidia","Bacteroidales","Rikenellaceae","Alistipes","Alistipes timonensis","0",0,"0",0,0,0,0,0,0
0,"unknown genome; accession ID isNZ_HG326671.1",1,1.24846438880177e-06,0.8,1.05004910694925e-06,"0","0","0","0","0","0","0","0",0,"0",0,0,0,0,0,0
0,"unknown genome; accession ID isNZ_LM651454.1",1,1.24846438880177e-06,0.4,4.4579625648882e-07,"0","0","0","0","0","0","0","0",0,"0",0,0,0,0,0,0
0,"unknown genome; accession ID isNZ_LM651456.1",1,1.24846438880177e-06,0.4,4.4579625648882e-07,"0","0","0","0","0","0","0","0",0,"0",0,0,0,0,0,0
1506471,"Dakarella massiliensis",1,1.24846438880177e-06,0.6,7.04556783136242e-07,"0","Pseudomonadota","Betaproteobacteria","Burkholderiales","Sutterellaceae","Dakarella","Dakarella massiliensis","0",0,"0",0,0,0,0,0,0
1561004,"Candidatus Ichthyocystis sparus",1,1.24846438880177e-06,0.5,5.95553220291608e-07,"0","Pseudomonadota","Betaproteobacteria","Burkholderiales","0","Candidatus Ichthyocystis","Candidatus Ichthyocystis sparus","0",0,"0",0,0,0,0,0,0
1603886,"Bifidobacterium lemurum",1,1.24846438880177e-06,1.1,1.42698472121303e-06,"0","Actinomycetota","Actinomycetes","Bifidobacteriales","Bifidobacteriaceae","Bifidobacterium","Bifidobacterium lemurum","0",0,"0",0,0,0,0,0,0
1640685,"Enterococcus massiliensis",1,1.24846438880177e-06,1,1.24847107629432e-06,"0","Bacillota","Bacilli","Lactobacillales","Enterococcaceae","Enterococcus","Enterococcus massiliensis","0",0,"0",0,0,0,0,0,0
1673723,"Murdochiella massiliensis",1,1.24846438880177e-06,1.3,1.67404005758554e-06,"0","Bacillota","Tissierellia","Tissierellales","Peptoniphilaceae","Murdochiella","Murdochiella massiliensis","0",0,"0",0,0,0,0,0,0
1776392,"Massilimicrobiota timonensis",1,1.24846438880177e-06,1,1.24846796813924e-06,"0","Bacillota","Erysipelotrichia","Erysipelotrichales","Erysipelotrichaceae","Massilimicrobiota","Massilimicrobiota timonensis","0",0,"0",0,0,0,0,0,0
1796620,"Acutalibacter muris",1,1.24846438880177e-06,1,1.24846882958226e-06,"0","Bacillota","Clostridia","Eubacteriales","Acutalibacteraceae","Acutalibacter","Acutalibacter muris","0",0,"0",0,0,0,0,0,0
1807766,"Pseudovibrio stylochi",1,1.24846438880177e-06,1,1.24846595659424e-06,"0","Pseudomonadota","Alphaproteobacteria","Hyphomicrobiales","Stappiaceae","Pseudovibrio","Pseudovibrio stylochi","0",0,"0",0,0,0,0,0,0
1852362,"Bacteroides ihuae",1,1.24846438880177e-06,1,1.24846596440779e-06,"0","Bacteroidota","Bacteroidia","Bacteroidales","Bacteroidaceae","Bacteroides","Bacteroides ihuae","0",0,"0",0,0,0,0,0,0
0,"unknown genome; accession ID isNZ_LT608311.1",1,1.24846438880177e-06,1,1.24846773660009e-06,"0","0","0","0","0","0","0","0",0,"0",0,0,0,0,0,0
1891675,"Pantoea alhagi",1,1.24846438880177e-06,1.4,1.80871240934712e-06,"0","Pseudomonadota","Gammaproteobacteria","Enterobacterales","Erwiniaceae","Pantoea","Pantoea alhagi","0",0,"0",0,0,0,0,0,0
344612,"Aspergillus clavatus",1,1.24846438880177e-06,1,1.24846594746705e-06,"0","Ascomycota","Eurotiomycetes","Eurotiales","Aspergillaceae","Aspergillus","Aspergillus clavatus","0",0,"0",0,0,0,0,0,0
2681617,"Byrnievirus HK97",1,1.24846438880177e-06,1.6,1.97318564744469e-06,"0","Uroviricota","Caudoviricetes","0","0","Byrnievirus","Byrnievirus HK97","0",0,"0",0,0,0,0,0,0
2681626,"Brussowvirus bvO1205",1,1.24846438880177e-06,1,1.24846594746705e-06,"0","Uroviricota","Caudoviricetes","0","Aliceevansviridae","Brussowvirus","Brussowvirus bvO1205","0",0,"0",0,0,0,0,0,0
1147156,"Aguilavirus mEp213",1,1.24846438880177e-06,1,1.2750055210065e-06,"0","Uroviricota","Caudoviricetes","0","0","Aguilavirus","Aguilavirus mEp213","0",0,"0",0,0,0,0,0,0
1150869,"Oslovirus ov191",1,1.24846438880177e-06,1,1.3085226380969e-06,"0","Uroviricota","Caudoviricetes","0","0","Oslovirus","Oslovirus ov191","0",0,"0",0,0,0,0,0,0
1225789,"Enterobacteria phage SfI",1,1.24846438880177e-06,1,1.28725534881356e-06,"0","Uroviricota","Caudoviricetes","0","0","0","Enterobacteria phage SfI","0",0,"0",0,0,0,0,0,0
1416032,"Diegovirus dv7502Stx",1,1.24846438880177e-06,1,1.30195907702284e-06,"0","Uroviricota","Caudoviricetes","0","0","Diegovirus","Diegovirus dv7502Stx","0",0,"0",0,0,0,0,0,0
