TaxonomyID,Genome,read_count,Proportion,readsEM,EMProportion,domain,phylum,class,order,family,genus,species,best_hit_genus,genus_counts,best_hit_species,species_counts,uniqueness_score,species_percentage_hit,genus_percentage_hit,species_contaminant_score,genus_contaminant_score,blast_validated
435590,Phocaeicola vulgatus,1065258.11935123,0.132999477663591,1046670.93719718,0.130678831005153,0,Bacteroidota,Bacteroidia,Bacteroidales,Bacteroidaceae,Phocaeicola,Phocaeicola vulgatus,Phocaeicola,48,Phocaeicola vulgatus,37,3,0.88,1,0.48,0.22,TRUE
537011,Segatella copri,849533.785714286,0.106065889294873,849433.578571429,0.10605338327427,0,Bacteroidota,Bacteroidia,Bacteroidales,Prevotellaceae,Segatella,Segatella copri,Segatella,49,Segatella copri,49,5,1,1,0.32,0.08,TRUE
411479,Bacteroides uniformis,793370.926714173,0.0990538508269967,801011.841639883,0.100007835492986,0,Bacteroidota,Bacteroidia,Bacteroidales,Bacteroidaceae,Bacteroides,Bacteroides uniformis,Bacteroides,49,Bacteroides uniformis,44,6,0.98,1,0.88,0.1,TRUE
515619,Agathobacter rectalis,577465.333333333,0.072097631838694,569183.595,0.0710636381093066,0,Bacillota,Clostridia,Lachnospirales,Lachnospiraceae,Agathobacter,Agathobacter rectalis,Agathobacter,46,Agathobacter rectalis,45,13,0.96,0.979591836734694,1,0.224489795918367,TRUE
411903,Collinsella aerofaciens,206535,0.0257862827987446,207431.6,0.0258982308278886,0,Actinomycetota,Coriobacteriia,Coriobacteriales,Coriobacteriaceae,Collinsella,Collinsella aerofaciens,Collinsella,50,Collinsella aerofaciens,49,2,1,1,0.3,0.18,TRUE
28116,Bacteroides ovatus,353294.517202728,0.0441094842609509,348794.863486987,0.0435477015002238,0,Bacteroidota,Bacteroidia,Bacteroidales,Bacteroidaceae,Bacteroides,Bacteroides ovatus,Bacteroides,50,Bacteroides ovatus,46,3,0.98,1,0.76,0.06,TRUE
367928,Bifidobacterium adolescentis,199611,0.0249218083895718,198832.8,0.0248246479211268,0,Actinomycetota,Actinomycetes,Bifidobacteriales,Bifidobacteriaceae,Bifidobacterium,Bifidobacterium adolescentis,Bifidobacterium,50,Bifidobacterium adolescentis,45,6,0.96,1,0.54,0,TRUE
1150298,Fusicatenibacter saccharivorans,180654,0.0225549913221702,180653.5,0.0225549309400114,0,Bacillota,Clostridia,Lachnospirales,Lachnospiraceae,Fusicatenibacter,Fusicatenibacter saccharivorans,Blautia,3,Roseburia intestinalis,3,20,0,0,1,1,FALSE
300267,Shigella dysenteriae,170510,0.0212884938630932,168796.8,0.0210745930223826,0,Pseudomonadota,Gammaproteobacteria,Enterobacterales,Enterobacteriaceae,Shigella,Shigella dysenteriae,Escherichia,46,Escherichia coli,46,2,0,0.4,1,1,FALSE
226186,Bacteroides thetaiotaomicron,203506.223692763,0.025408134386163,209405.956312434,0.0261447338731634,0,Bacteroidota,Bacteroidia,Bacteroidales,Bacteroidaceae,Bacteroides,Bacteroides thetaiotaomicron,Bacteroides,49,Bacteroides thetaiotaomicron,44,6,1,1,0.26,0.06,TRUE
449673,Bacteroides stercoris,145727.709535993,0.0181943783364003,147060.078127669,0.0183607225475627,0,Bacteroidota,Bacteroidia,Bacteroidales,Bacteroidaceae,Bacteroides,Bacteroides stercoris,Bacteroides,47,Bacteroides stercoris,34,18,1,1,0.46,0.16,TRUE
40520,Blautia obeum,190851.952380952,0.0238282248373776,194853.760238095,0.0243278548573327,0,Bacillota,Clostridia,Lachnospirales,Lachnospiraceae,Blautia,Blautia obeum,Blautia,45,Blautia obeum,25,39,0.66,0.98,0.66,0.34,TRUE
435591,Parabacteroides distasonis,169388.984694392,0.0211485329959659,167675.581000417,0.0209346091509413,0,Bacteroidota,Bacteroidia,Bacteroidales,Tannerellaceae,Parabacteroides,Parabacteroides distasonis,Parabacteroides,50,Parabacteroides distasonis,50,3,1,1,0.6,0.06,TRUE
411462,Dorea longicatena,122848,0.0153378036132384,126351.13,0.0157751785810001,0,Bacillota,Clostridia,Lachnospirales,Lachnospiraceae,Dorea,Dorea longicatena,Dorea,48,Dorea longicatena,47,5,0.96,0.96,0.22,0.18,TRUE
411469,Anaerobutyricum hallii,113804,0.0142086432208988,111606.4,0.0139342636289409,0,Bacillota,Clostridia,Lachnospirales,Lachnospiraceae,Anaerobutyricum,Anaerobutyricum hallii,Anaerobutyricum,40,Anaerobutyricum hallii,44,30,0.96,0.96,0.38,0.3,TRUE
349741,Akkermansia muciniphila,112847,0.0140891599728372,112847,0.0140891599728372,0,Verrucomicrobiota,Verrucomicrobiia,Verrucomicrobiales,Akkermansiaceae,Akkermansia,Akkermansia muciniphila,Akkermansia,50,Akkermansia muciniphila,50,1,1,1,0,0,TRUE
47678,Bacteroides caccae,119444.810110025,0.0149129089613841,122631.672117194,0.0153107920075276,0,Bacteroidota,Bacteroidia,Bacteroidales,Bacteroidaceae,Bacteroides,Bacteroides caccae,Bacteroides,50,Bacteroides caccae,50,1,1,1,0.52,0.04,TRUE
206672,Bifidobacterium longum,100384,0.0125331310067019,99929.7,0.0124764135054568,0,Actinomycetota,Actinomycetes,Bifidobacteriales,Bifidobacteriaceae,Bifidobacterium,Bifidobacterium longum,Bifidobacterium,50,Bifidobacterium longum,50,2,1,1,0.12,0,TRUE
246787,Bacteroides cellulosilyticus,100605.217505373,0.0125607504278827,100995.792608636,0.0126095174533817,0,Bacteroidota,Bacteroidia,Bacteroidales,Bacteroidaceae,Bacteroides,Bacteroides cellulosilyticus,Bacteroides,49,Bacteroides cellulosilyticus,47,7,0.98,1,0.78,0.12,TRUE
515620,Lachnospira eligens,133033,0.0166094199993483,132640.7,0.0165604437593021,0,Bacillota,Clostridia,Lachnospirales,Lachnospiraceae,Lachnospira,Lachnospira eligens,Lachnospira,47,Lachnospira eligens,48,8,1,1,0.22,0.2,TRUE
649756,Anaerostipes hadrus,93580.9523809524,0.0116837577295427,93844.0602380952,0.011716607787822,0,Bacillota,Clostridia,Lachnospirales,Lachnospiraceae,Anaerostipes,Anaerostipes hadrus,Anaerostipes,49,Anaerostipes hadrus,48,8,1,1,0.22,0.12,TRUE
295405,Bacteroides fragilis,105290.229365106,0.0131456829610154,110200.304249426,0.0137587221815142,0,Bacteroidota,Bacteroidia,Bacteroidales,Bacteroidaceae,Bacteroides,Bacteroides fragilis,Bacteroides,47,Bacteroides fragilis,46,4,1,1,0.28,0.24,TRUE
411474,Coprococcus eutactus,88051.3333333333,0.0109933744021104,87978.9966666667,0.0109843400092304,0,Bacillota,Clostridia,Lachnospirales,Lachnospiraceae,Coprococcus,Coprococcus eutactus,Coprococcus,50,Coprococcus eutactus,50,7,1,1,0.52,0.18,TRUE
411460,[Ruminococcus] torques,98569.9619047619,0.0123066449422019,98992.2490476191,0.0123593678262705,0,Bacillota,Clostridia,Lachnospirales,Lachnospiraceae,Mediterraneibacter,[Ruminococcus] torques,Mediterraneibacter,46,[Ruminococcus] torques,44,18,0.96,1,0.18,0.163265306122449,TRUE
536231,Roseburia intestinalis,143879.95952381,0.0179636832757299,150955.777619048,0.0188471101045383,0,Bacillota,Clostridia,Lachnospirales,Lachnospiraceae,Roseburia,Roseburia intestinalis,Roseburia,50,Roseburia intestinalis,50,4,1,1,0.58,0.28,TRUE
411461,Dorea formicigenerans,78810,0.00983957657234398,74749.165,0.00933257462422926,0,Bacillota,Clostridia,Lachnospirales,Lachnospiraceae,Dorea,Dorea formicigenerans,Dorea,32,Dorea formicigenerans,27,37,0.98,0.98,0.7,0.66,TRUE
585394,Roseburia hominis,79084.4285714286,0.00987383949509757,78983.9571428571,0.00986128991956187,0,Bacillota,Clostridia,Lachnospirales,Lachnospiraceae,Roseburia,Roseburia hominis,Roseburia,46,Roseburia hominis,40,12,1,1,0.26,0.24,TRUE
411483,Faecalibacterium duncaniae,74893.1023809524,0.00935054454533408,75849.8352380952,0.0094699934079108,0,Bacillota,Clostridia,Eubacteriales,Oscillospiraceae,Faecalibacterium,Faecalibacterium duncaniae,Faecalibacterium,47,Faecalibacterium prausnitzii,44,18,0.86,1,1,0.46,TRUE
717959,Alistipes shahii,68012,0.00849142598449764,65794.1,0.0082145143316289,0,Bacteroidota,Bacteroidia,Bacteroidales,Rikenellaceae,Alistipes,Alistipes shahii,Alistipes,47,Alistipes shahii,32,9,0.94,0.98,0.68,0.22,TRUE
1550024,Ruthenibacterium lactatiformans,64347,0.00803384384850423,64361.5,0.00803564797627012,0,Bacillota,Clostridia,Eubacteriales,Oscillospiraceae,Ruthenibacterium,Ruthenibacterium lactatiformans,Ruthenibacterium,35,Ruthenibacterium lactatiformans,35,8,0.928571428571429,0.928571428571429,0.19047619047619,0.166666666666667,TRUE
511680,Eshraghiella crossota,62854,0.00784743999337786,61512.8,0.00767998765196579,0,Bacillota,Clostridia,Lachnospirales,Lachnospiraceae,Eshraghiella,Eshraghiella crossota,Eshraghiella,40,Eshraghiella crossota,39,17,0.98,0.98,0.36,0.34,TRUE
679935,Alistipes finegoldii,56832.6903923541,0.00709566817571231,58738.5357268612,0.00733362252341195,0,Bacteroidota,Bacteroidia,Bacteroidales,Rikenellaceae,Alistipes,Alistipes finegoldii,Alistipes,50,Alistipes finegoldii,42,4,1,1,0.4,0,TRUE
709991,Odoribacter splanchnicus,51359,0.00641226764597151,51589.5,0.00644104478948527,0,Bacteroidota,Bacteroidia,Bacteroidales,Odoribacteraceae,Odoribacter,Odoribacter splanchnicus,Odoribacter,47,Odoribacter splanchnicus,47,4,1,1,0.12,0.12,TRUE
868129,Prevotella bivia,49669,0.00620126797071125,49455.9,0.00617466698642096,0,Bacteroidota,Bacteroidia,Bacteroidales,Prevotellaceae,Prevotella,Prevotella bivia,Prevotella,14,Prevotella intermedia,5,14,0,0.75,1,0.65,FALSE
1384063,Mediterraneibacter gnavus,46229.4225352113,0.0057718302617746,46431.5366197183,0.00579706119980881,0,Bacillota,Clostridia,Lachnospirales,Lachnospiraceae,Mediterraneibacter,Mediterraneibacter gnavus,Mediterraneibacter,50,Mediterraneibacter gnavus,50,1,1,1,0.34,0.3,TRUE
266264,Cupriavidus metallidurans,45382,0.00566602796607175,45353,0.00566241111549702,0,Pseudomonadota,Betaproteobacteria,Burkholderiales,Burkholderiaceae,Cupriavidus,Cupriavidus metallidurans,Cupriavidus,50,Cupriavidus metallidurans,50,2,1,1,0.74,0.2,TRUE
1501391,Alistipes inops,42746,0.00533691841341728,42747.1,0.00533705004857287,0,Bacteroidota,Bacteroidia,Bacteroidales,Rikenellaceae,Alistipes,Alistipes inops,Alistipes,1,uncultured bacterium,2,4,0.2,0.666666666666667,1,0.666666666666667,FALSE
1051074,Streptococcus thermophilus,37576,0.00469143419975127,37556,0.00468894339267039,0,Bacillota,Bacilli,Lactobacillales,Streptococcaceae,Streptococcus,Streptococcus thermophilus,Streptococcus,50,Streptococcus thermophilus,47,2,0.94,1,0.1,0,TRUE
1121101,Bacteroides salyersiae,37322.1906511533,0.0046597456256775,38196.6982224464,0.00476893082104754,0,Bacteroidota,Bacteroidia,Bacteroidales,Bacteroidaceae,Bacteroides,Bacteroides salyersiae,Bacteroides,50,Bacteroides salyersiae,36,9,0.88,1,0.42,0.12,TRUE
292800,Flavonifractor plautii,36845.2547619048,0.00460019928381276,37012.2654761905,0.00462105184015381,0,Bacillota,Clostridia,Eubacteriales,Oscillospiraceae,Flavonifractor,Flavonifractor plautii,Flavonifractor,50,Flavonifractor plautii,50,1,1,1,0.22,0.12,TRUE
1384484,Adlercreutzia equolifaciens,34807,0.00434571934720945,34887.1,0.00435572076094929,0,Actinomycetota,Coriobacteriia,Eggerthellales,Eggerthellaceae,Adlercreutzia,Adlercreutzia equolifaciens,Adlercreutzia,47,Adlercreutzia equolifaciens,46,5,1,1,0.7,0.28,TRUE
518637,Holdemanella biformis,34192,0.00426893544171534,34386.8,0.00429326063388006,0,Bacillota,Erysipelotrichia,Erysipelotrichales,Erysipelotrichaceae,Holdemanella,Holdemanella biformis,Clostridium,3,Amedibacterium intestinale,1,14,0,0,1,1,FALSE
471875,[Ruminococcus] lactaris,30037,0.00375017588508433,30112.7,0.00375962933282978,0,Bacillota,Clostridia,Lachnospirales,Lachnospiraceae,Mediterraneibacter,[Ruminococcus] lactaris,Mediterraneibacter,44,[Ruminococcus] lactaris,42,26,1,1,0.3,0.2,TRUE
1304,Streptococcus salivarius,29924,0.00373606762277403,29973.5,0.00374224551004801,0,Bacillota,Bacilli,Lactobacillales,Streptococcaceae,Streptococcus,Streptococcus salivarius,Streptococcus,50,Streptococcus salivarius,50,1,1,1,0.8,0,TRUE
762966,Parasutterella excrementihominis,28605,0.00357138799456794,28634.2,0.00357503814286715,0,Pseudomonadota,Betaproteobacteria,Burkholderiales,Sutterellaceae,Parasutterella,Parasutterella excrementihominis,Anderseniella,1,Anderseniella sp. Alg231-50,1,9,0,0,1,1,FALSE
626939,Phascolarctobacterium succinatutens,27814,0.00347263015839583,27934.9,0.00348772186353907,0,Bacillota,Negativicutes,Acidaminococcales,Acidaminococcaceae,Phascolarctobacterium,Phascolarctobacterium succinatutens,Phascolarctobacterium,50,Phascolarctobacterium succinatutens,49,5,1,1,0.88,0,TRUE
762982,Paraprevotella xylaniphila,26520.75,0.00331116546607019,26443.9875,0.00330158673038246,0,Bacteroidota,Bacteroidia,Bacteroidales,Prevotellaceae,Paraprevotella,Paraprevotella xylaniphila,Paraprevotella,48,Paraprevotella xylaniphila,47,7,1,1,0.1,0.06,TRUE
702459,Bifidobacterium bifidum,24690,0.00308259288886148,24717.6,0.00308604026551204,0,Actinomycetota,Actinomycetes,Bifidobacteriales,Bifidobacteriaceae,Bifidobacterium,Bifidobacterium bifidum,Bifidobacterium,50,Bifidobacterium bifidum,49,2,1,1,0.08,0,TRUE
445973,Intestinibacter bartlettii,23384,0.00291953633508047,23397.8,0.00292125710190174,0,Bacillota,Clostridia,Peptostreptococcales,Peptostreptococcaceae,Intestinibacter,Intestinibacter bartlettii,Intestinibacter,42,Intestinibacter bartlettii,41,14,1,1,0.26,0.24,TRUE
411463,Eubacterium ventriosum,22555,0.00281603412751197,22401.9,0.00279691995307304,0,Bacillota,Clostridia,Eubacteriales,Eubacteriaceae,Eubacterium,Eubacterium ventriosum,Eubacterium,39,Eubacterium ventriosum,42,32,0.98,0.98,0.32,0.32,TRUE
0,unknown genome; accession ID isNZ_GG662014.1,21510,0.0026855639141114,21551.2,0.00269070278819671,0,0,0,0,0,0,0,Coprococcus,45,Coprococcus comes,46,10,0.98,0.98,0.3,0.28,TRUE
657308,Gordonibacter pamelaeae,20705,0.00258505815163535,19813.8,0.00247379206281087,0,Actinomycetota,Coriobacteriia,Eggerthellales,Eggerthellaceae,Gordonibacter,Gordonibacter pamelaeae,Gordonibacter,39,Gordonibacter pamelaeae,36,11,0.98,1,0.72,0.38,TRUE
518635,Bifidobacterium angulatum,19695,0.0024589577539946,19751.8,0.0024660439731381,0,Actinomycetota,Actinomycetes,Bifidobacteriales,Bifidobacteriaceae,Bifidobacterium,Bifidobacterium angulatum,Bifidobacterium,50,Bifidobacterium angulatum,34,7,0.96,1,0.4,0,TRUE
1069534,Ligilactobacillus ruminis,19257,0.00240427263105733,19251.3,0.00240356120540622,0,Bacillota,Bacilli,Lactobacillales,Lactobacillaceae,Ligilactobacillus,Ligilactobacillus ruminis,Ligilactobacillus,47,Ligilactobacillus ruminis,45,6,1,1,0.2,0.18,TRUE
479437,Eggerthella lenta,19091,0.00238354721916786,19105.8,0.00238539116859294,0,Actinomycetota,Coriobacteriia,Eggerthellales,Eggerthellaceae,Eggerthella,Eggerthella lenta,Eggerthella,50,Eggerthella lenta,50,1,1,1,0.12,0.06,TRUE
0,unknown genome; accession ID isNZ_GG662007.1,18795,0.0023465910630276,18796.5,0.00234677554750865,0,0,0,0,0,0,0,Coprococcus,46,Coprococcus comes,47,9,1,1,0.34,0.24,TRUE
999419,Parabacteroides johnsonii,18745,0.00234034846908499,18774.6,0.00234404499984299,0,Bacteroidota,Bacteroidia,Bacteroidales,Tannerellaceae,Parabacteroides,Parabacteroides johnsonii,Parabacteroides,47,Parabacteroides merdae,47,6,0.94,0.94,1,0.16,TRUE
568816,Acidaminococcus intestini,18148.15,0.00226583062519203,18162.075,0.00226757319027169,0,Bacillota,Negativicutes,Acidaminococcales,Acidaminococcaceae,Acidaminococcus,Acidaminococcus intestini,Acidaminococcus,50,Acidaminococcus intestini,50,2,1,1,0.08,0.06,TRUE
679190,Hoylesella buccalis,61431,0.00766977576977114,62334.5,0.00778258163995799,0,Bacteroidota,Bacteroidia,Bacteroidales,Prevotellaceae,Hoylesella,Hoylesella buccalis,Hoylesella,44,Hoylesella buccalis,43,6,0.938775510204082,0.959183673469388,0.142857142857143,0.142857142857143,TRUE
592028,Dialister invisus,17178,0.00214470557492355,17178.7,0.00214479272749441,0,Bacillota,Negativicutes,Veillonellales,Veillonellaceae,Dialister,Dialister invisus,Dialister,1,Exiguobacterium acetylicum,1,4,0,0.333333333333333,1,0.666666666666667,FALSE
760570,Streptococcus parasanguinis,16008,0.00199862887666644,15972.3,0.00199417132538668,0,Bacillota,Bacilli,Lactobacillales,Streptococcaceae,Streptococcus,Streptococcus parasanguinis,Streptococcus,50,Streptococcus parasanguinis,41,14,0.98,1,0.96,0.04,TRUE
333849,Enterococcus faecium,14904.9939637827,0.00186091650065936,14852.4699530516,0.00185436046758899,0,Bacillota,Bacilli,Lactobacillales,Enterococcaceae,Enterococcus,Enterococcus faecium,Enterococcus,50,Enterococcus faecium,50,1,1,1,0.02,0,TRUE
198214,Shigella flexneri,13791,0.00172183226125106,14234.1,0.00177715466994726,0,Pseudomonadota,Gammaproteobacteria,Enterobacterales,Enterobacteriaceae,Shigella,Shigella flexneri,Escherichia,43,Escherichia coli,43,2,0.24,0.32,1,1,FALSE
479436,Veillonella parvula,11292,0.00140982741599934,11293.8,0.00141005445737702,0,Bacillota,Negativicutes,Veillonellales,Veillonellaceae,Veillonella,Veillonella parvula,Veillonella,50,Veillonella parvula,50,2,1,1,0.46,0.02,TRUE
1458465,Megasphaera elsdenii,10642,0.0013286736947454,10630.2,0.00132720427756256,0,Bacillota,Negativicutes,Veillonellales,Veillonellaceae,Megasphaera,Megasphaera elsdenii,Megasphaera,49,Megasphaera elsdenii,49,4,0.98,0.98,0.3,0.12,TRUE
901,Desulfovibrio piger,10382,0.00129621220624382,10382,0.00129621207896151,0,Thermodesulfobacteriota,Desulfovibrionia,Desulfovibrionales,Desulfovibrionaceae,Desulfovibrio,Desulfovibrio piger,Desulfovibrio,39,Desulfovibrio piger,35,43,1,1,0.56,0.52,TRUE
0,unknown genome; accession ID isNZ_GG662012.1,7602,0.000949123983034627,7603.7,0.000949330505077786,0,0,0,0,0,0,0,Coprococcus,44,Coprococcus comes,44,6,1,1,0.34,0.32,TRUE
537007,Blautia hansenii,6532,0.000815532472662745,5762.4,0.000719445026521893,0,Bacillota,Clostridia,Lachnospirales,Lachnospiraceae,Blautia,Blautia hansenii,Blautia,29,Blautia hansenii,14,14,0.64,0.84,1,1,TRUE
0,unknown genome; accession ID isNZ_GG662008.1,6226,0.000777327797733963,6227.4,0.000777500049615442,0,0,0,0,0,0,0,Coprococcus,46,Coprococcus comes,46,9,1,1,0.3,0.24,TRUE
0,unknown genome; accession ID isNZ_GG662006.1,6174,0.000770835500033648,6196.9,0.000773695859460618,0,0,0,0,0,0,0,Coprococcus,45,Coprococcus comes,44,11,1,1,0.38,0.36,TRUE
0,unknown genome; accession ID isNZ_GG662013.1,6119,0.000763968646696775,6105.2,0.000762243617921087,0,0,0,0,0,0,0,Coprococcus,47,Coprococcus comes,47,5,1,1,0.14,0.1,TRUE
0,unknown genome; accession ID isNZ_GG662010.1,5817,0.000726263379283403,5820.7,0.000726730904277301,0,0,0,0,0,0,0,Coprococcus,45,Coprococcus comes,46,4,1,1,0.24,0.22,TRUE
334413,Finegoldia magna,3858,0.000481678548611891,3834.8,0.000478781567594828,0,Bacillota,Tissierellia,Tissierellales,Peptoniphilaceae,Finegoldia,Finegoldia magna,Finegoldia,48,Finegoldia magna,48,3,1,1,0.22,0.22,TRUE
445972,Anaerotruncus colihominis,3628,0.000452962616475878,3588.4,0.000448017536090768,0,Bacillota,Clostridia,Eubacteriales,Oscillospiraceae,Anaerotruncus,Anaerotruncus colihominis,Faecalibacterium,25,Faecalibacterium prausnitzii,19,45,0.56,0.56,1,1,TRUE
564886,Pankowvirus YYZ2008,3176,0.000396529567234672,3119.3,0.000389444474171367,0,Uroviricota,Caudoviricetes,0,0,Pankowvirus,Pankowvirus YYZ2008,Escherichia,50,Escherichia coli,50,1,0,0,1,1,FALSE
0,unknown genome; accession ID isNZ_GG662011.1,2569,0.00032074447677137,2571.9,0.000321112293090571,0,0,0,0,0,0,0,Coprococcus,43,Coprococcus comes,44,5,1,1,0.34,0.28,TRUE
28141,Cronobacter sakazakii,2211,0.000276047504142273,1389.6,0.000173497735150331,0,Pseudomonadota,Gammaproteobacteria,Enterobacterales,Enterobacteriaceae,Cronobacter,Cronobacter sakazakii,Escherichia,26,Escherichia coli,26,4,0,0,1,1,FALSE
0,unknown genome; accession ID isNC_021019.1,2138,0.000266933316986061,1670.2,0.00020852977099171,0,0,0,0,0,0,0,Mediterraneibacter,13,Mediterraneibacter gnavus,11,41,0.66,0.66,1,1,TRUE
518634,Bifidobacterium breve,2083,0.000260066463649188,2614.6,0.000326441289333214,0,Actinomycetota,Actinomycetes,Bifidobacteriales,Bifidobacteriaceae,Bifidobacterium,Bifidobacterium breve,Bifidobacterium,50,Bifidobacterium longum,29,4,0.7,1,1,0,TRUE
99287,Salmonella enterica,1537,0.000191897337795872,2288.6,0.00028573785761953,0,Pseudomonadota,Gammaproteobacteria,Enterobacterales,Enterobacteriaceae,Salmonella,Salmonella enterica,0,0,0,0,0,0,0,0,0,FALSE
1660368,Traversvirus PA28,1537,0.000191897337795872,2250.2,0.0002809447673779,0,Uroviricota,Caudoviricetes,0,0,Traversvirus,Traversvirus PA28,0,0,0,0,0,0,0,0,0,FALSE
0,unknown genome; accession ID isNZ_ACCK01000411.1,1397,0.000174418074756561,1397,0.000174418185250093,0,0,0,0,0,0,0,0,0,0,0,0,0,0,0,0,FALSE
938289,Levyella massiliensis,1381,0.000172420444694925,1021.6,0.000127546902674306,0,Bacillota,Clostridia,Eubacteriales,0,Levyella,Levyella massiliensis,0,0,0,0,0,0,0,0,0,FALSE
1841868,Provencibacterium massiliense,1235,0.0001541920703825,1228.2,0.000153346216022611,0,Bacillota,Clostridia,Eubacteriales,Oscillospiraceae,Provencibacterium,Provencibacterium massiliense,0,0,0,0,0,0,0,0,0,FALSE
927665,Parabacteroides goldsteinii,1229,0.000153442959109387,1220.2,0.000152339848989533,0,Bacteroidota,Bacteroidia,Bacteroidales,Tannerellaceae,Parabacteroides,Parabacteroides goldsteinii,0,0,0,0,0,0,0,0,0,FALSE
752555,Segatella baroniae,1189,0.000148448883955298,892.6,0.00011143926408772,0,Bacteroidota,Bacteroidia,Bacteroidales,Prevotellaceae,Segatella,Segatella baroniae,0,0,0,0,0,0,0,0,0,FALSE
1122993,Prevotella veroralis,1179,0.000147200365166775,1065.5,0.000133032343000618,0,Bacteroidota,Bacteroidia,Bacteroidales,Prevotellaceae,Prevotella,Prevotella veroralis,0,0,0,0,0,0,0,0,0,FALSE
0,unknown genome; accession ID isNZ_ACCK01000438.1,1142,0.000142580845649243,1141.7,0.000142543991543543,0,0,0,0,0,0,0,0,0,0,0,0,0,0,0,0,FALSE
214092,Yersinia pestis,1063,0.000132717547219917,1059.4,0.000132269252837964,0,Pseudomonadota,Gammaproteobacteria,Enterobacterales,Yersiniaceae,Yersinia,Yersinia pestis,0,0,0,0,0,0,0,0,0,FALSE
76123,Hoylesella enoeca,1059,0.000132218139704508,837.1,0.000104516278609671,0,Bacteroidota,Bacteroidia,Bacteroidales,Prevotellaceae,Hoylesella,Hoylesella enoeca,0,0,0,0,0,0,0,0,0,FALSE
1236513,Bacteroides faecichinchillae,1022,0.000127598620186976,1023.8,0.00012782736632573,0,Bacteroidota,Bacteroidia,Bacteroidales,Bacteroidaceae,Bacteroides,Bacteroides faecichinchillae,0,0,0,0,0,0,0,0,0,FALSE
0,unknown genome; accession ID isNZ_ACCK01000024.1,999,0.000124727026973374,999,0.000124727229556753,0,0,0,0,0,0,0,0,0,0,0,0,0,0,0,0,FALSE
0,unknown genome; accession ID isNZ_GG662009.1,991,0.000123728211942557,994.5,0.000124168371119459,0,0,0,0,0,0,0,0,0,0,0,0,0,0,0,0,FALSE
1852370,Prevotellamassilia timonensis,951,0.000118734136788468,1130.4,0.000141130416638273,0,Bacteroidota,Bacteroidia,Bacteroidales,Prevotellaceae,Prevotellamassilia,Prevotellamassilia timonensis,0,0,0,0,0,0,0,0,0,FALSE
1776384,Emergencia timonensis,924,0.000115363136059457,1531.9,0.000191258460749418,0,Bacillota,Clostridia,Peptostreptococcales,Anaerovoracaceae,Emergencia,Emergencia timonensis,0,0,0,0,0,0,0,0,0,FALSE
428127,Amedibacillus dolichus,904,0.000112866098482413,881.5,0.000110061177871795,0,Bacillota,Erysipelotrichia,Erysipelotrichales,Erysipelotrichaceae,Amedibacillus,Amedibacillus dolichus,0,0,0,0,0,0,0,0,0,FALSE
0,unknown genome; accession ID isNZ_ACCK01000072.1,888,0.000110868468420777,888,0.000110868468420777,0,0,0,0,0,0,0,0,0,0,0,0,0,0,0,0,FALSE
39480,Andreesenia angusta,868,0.000108371430843733,995.3,0.000124268557098799,0,Bacillota,Tissierellia,Tissierellales,Gottschalkiaceae,Andreesenia,Andreesenia angusta,0,0,0,0,0,0,0,0,0,FALSE
0,unknown genome; accession ID isNZ_ACCK01000449.1,864,0.000107872023328324,863.9,0.000107858182502421,0,0,0,0,0,0,0,0,0,0,0,0,0,0,0,0,FALSE
0,unknown genome; accession ID isNZ_ACCK01000418.1,849,0.00010599924514554,849,0.00010599924514554,0,0,0,0,0,0,0,0,0,0,0,0,0,0,0,0,FALSE
1218112,Kluyvera cryocrescens,848,0.000105874393266688,846.4,0.000105673382599503,0,Pseudomonadota,Gammaproteobacteria,Enterobacterales,Enterobacteriaceae,Kluyvera,Kluyvera cryocrescens,0,0,0,0,0,0,0,0,0,FALSE
0,unknown genome; accession ID isNZ_BAJX01000003.1,832,0.000103876763205053,782.5,9.7699170486679e-05,0,0,0,0,0,0,0,0,0,0,0,0,0,0,0,0,FALSE
0,unknown genome; accession ID isNZ_ACCK01000059.1,771,9.62607985950668e-05,771.1,9.62672502602136e-05,0,0,0,0,0,0,0,0,0,0,0,0,0,0,0,0,FALSE
1427517,Xenorhabdus cabanillasii,765,9.55116873219534e-05,762.8,9.52332027936469e-05,0,Pseudomonadota,Gammaproteobacteria,Enterobacterales,Morganellaceae,Xenorhabdus,Xenorhabdus cabanillasii,0,0,0,0,0,0,0,0,0,FALSE
0,unknown genome; accession ID isNZ_ACCK01000073.1,761,9.50122798065445e-05,761,9.50122797791101e-05,0,0,0,0,0,0,0,0,0,0,0,0,0,0,0,0,FALSE
796942,Stomatobaculum longum,747,9.32643535026133e-05,693.2,8.65490693635507e-05,0,Bacillota,Clostridia,Lachnospirales,Lachnospiraceae,Stomatobaculum,Stomatobaculum longum,0,0,0,0,0,0,0,0,0,FALSE
68895,Cupriavidus basilensis,739,9.22655384717955e-05,738.1,9.21542302027945e-05,0,Pseudomonadota,Betaproteobacteria,Burkholderiales,Burkholderiaceae,Cupriavidus,Cupriavidus basilensis,0,0,0,0,0,0,0,0,0,FALSE
0,unknown genome; accession ID isNZ_EQ973339.1,732,9.13915753198299e-05,730.7,9.12320750043518e-05,0,0,0,0,0,0,0,0,0,0,0,0,0,0,0,0,FALSE
626522,Alloprevotella tannerae,718,8.96436490158988e-05,772.7,9.64770980443053e-05,0,Bacteroidota,Bacteroidia,Bacteroidales,Prevotellaceae,Alloprevotella,Alloprevotella tannerae,0,0,0,0,0,0,0,0,0,FALSE
0,unknown genome; accession ID isNZ_ACCK01000421.1,705,8.80205745908198e-05,705,8.80205745908198e-05,0,0,0,0,0,0,0,0,0,0,0,0,0,0,0,0,FALSE
566550,Hungatella hathewayi,686,8.56483888926275e-05,720.3,8.99325083024262e-05,0,Bacillota,Clostridia,Lachnospirales,Lachnospiraceae,Hungatella,Hungatella hathewayi,0,0,0,0,0,0,0,0,0,FALSE
0,unknown genome; accession ID isNZ_ACCK01000033.1,643,8.02797581019818e-05,642.7,8.02421807556893e-05,0,0,0,0,0,0,0,0,0,0,0,0,0,0,0,0,FALSE
701347,[Enterobacter] lignolyticus,643,8.02797581019818e-05,981.2,0.000122507917068887,0,Pseudomonadota,Gammaproteobacteria,Enterobacterales,Enterobacteriaceae,Pluralibacter,[Enterobacter] lignolyticus,0,0,0,0,0,0,0,0,0,FALSE
411467,Pseudoflavonifractor capillosus,638,7.96554987077206e-05,616,7.69032894380976e-05,0,Bacillota,Clostridia,Eubacteriales,Oscillospiraceae,Pseudoflavonifractor,Pseudoflavonifractor capillosus,0,0,0,0,0,0,0,0,0,FALSE
1150423,Bifidobacterium dentium,621,7.75330167672328e-05,762.4,9.51830781095561e-05,0,Actinomycetota,Actinomycetes,Bifidobacteriales,Bifidobacteriaceae,Bifidobacterium,Bifidobacterium dentium,0,0,0,0,0,0,0,0,0,FALSE
0,unknown genome; accession ID isNZ_ACCK01000007.1,613,7.6534201736415e-05,613,7.65342017364149e-05,0,0,0,0,0,0,0,0,0,0,0,0,0,0,0,0,FALSE
0,unknown genome; accession ID isNZ_ACCK01000410.1,609,7.60347942210061e-05,609,7.6034794221006e-05,0,0,0,0,0,0,0,0,0,0,0,0,0,0,0,0,FALSE
0,unknown genome; accession ID isNZ_ACCK01000034.1,600,7.4911127311336e-05,600,7.49113906417506e-05,0,0,0,0,0,0,0,0,0,0,0,0,0,0,0,0,FALSE
0,unknown genome; accession ID isNZ_ACCK01000080.1,598,7.46614235536316e-05,597.7,7.46292343330005e-05,0,0,0,0,0,0,0,0,0,0,0,0,0,0,0,0,FALSE
0,unknown genome; accession ID isNZ_ACCK01000308.1,583,7.27886453708482e-05,583,7.27886453708481e-05,0,0,0,0,0,0,0,0,0,0,0,0,0,0,0,0,FALSE
1547597,Sanguibacteroides justesenii,573,7.15401265823259e-05,573.2,7.1559706904737e-05,0,Bacteroidota,Bacteroidia,Bacteroidales,Porphyromonadaceae,Sanguibacteroides,Sanguibacteroides justesenii,0,0,0,0,0,0,0,0,0,FALSE
0,unknown genome; accession ID isNZ_ACCK01000043.1,567,7.07910153092125e-05,567,7.07910153092125e-05,0,0,0,0,0,0,0,0,0,0,0,0,0,0,0,0,FALSE
0,unknown genome; accession ID isNZ_ACCK01000065.1,555,6.92927927629858e-05,555,6.92927927629858e-05,0,0,0,0,0,0,0,0,0,0,0,0,0,0,0,0,FALSE
0,unknown genome; accession ID isNZ_ACCK01000409.1,542,6.76697183379069e-05,542,6.7669987093295e-05,0,0,0,0,0,0,0,0,0,0,0,0,0,0,0,0,FALSE
1445607,Bacteroides reticulotermitis,542,6.76697183379069e-05,542.5,6.77288638183836e-05,0,Bacteroidota,Bacteroidia,Bacteroidales,Bacteroidaceae,Bacteroides,Bacteroides reticulotermitis,0,0,0,0,0,0,0,0,0,FALSE
0,unknown genome; accession ID isNZ_ACCK01000408.1,527,6.57969401551235e-05,527,6.57969755415293e-05,0,0,0,0,0,0,0,0,0,0,0,0,0,0,0,0,FALSE
0,unknown genome; accession ID isNZ_ACCK01000069.1,521,6.50478288820101e-05,521,6.50477934956043e-05,0,0,0,0,0,0,0,0,0,0,0,0,0,0,0,0,FALSE
563769,Pankowvirus pv1717,521,6.50478288820101e-05,551.9,6.89084033076087e-05,0,Uroviricota,Caudoviricetes,0,0,Pankowvirus,Pankowvirus pv1717,0,0,0,0,0,0,0,0,0,FALSE
1650661,Clostridium phoceensis,510,6.36744582146356e-05,512.9,6.40329322042043e-05,0,Bacillota,Clostridia,Eubacteriales,Clostridiaceae,Clostridium,Clostridium phoceensis,0,0,0,0,0,0,0,0,0,FALSE
0,unknown genome; accession ID isNZ_ACCK01000083.1,508,6.34247544569312e-05,508,6.34247544569311e-05,0,0,0,0,0,0,0,0,0,0,0,0,0,0,0,0,FALSE
1437610,Bifidobacterium reuteri,498,6.21762356684089e-05,773.2,9.65324508567421e-05,0,Actinomycetota,Actinomycetes,Bifidobacteriales,Bifidobacteriaceae,Bifidobacterium,Bifidobacterium reuteri,0,0,0,0,0,0,0,0,0,FALSE
0,unknown genome; accession ID isNZ_ACCK01000460.1,489,6.10525687587388e-05,486.4,6.07254871346594e-05,0,0,0,0,0,0,0,0,0,0,0,0,0,0,0,0,FALSE
1124655,Oslovirus TL2011,489,6.10525687587388e-05,553.4,6.90907803483056e-05,0,Uroviricota,Caudoviricetes,0,0,Oslovirus,Oslovirus TL2011,0,0,0,0,0,0,0,0,0,FALSE
1871021,Lachnoclostridium phocaeense,485,6.05531612433299e-05,443.6,5.53844302858116e-05,0,Bacillota,Clostridia,Lachnospirales,Lachnospiraceae,Lachnoclostridium,Lachnoclostridium phocaeense,0,0,0,0,0,0,0,0,0,FALSE
0,unknown genome; accession ID isNZ_ACCK01000066.1,474,5.91797905759555e-05,474,5.91797905759554e-05,0,0,0,0,0,0,0,0,0,0,0,0,0,0,0,0,FALSE
0,unknown genome; accession ID isNZ_BAJX01000015.1,474,5.91797905759555e-05,412.7,5.15267732599294e-05,0,0,0,0,0,0,0,0,0,0,0,0,0,0,0,0,FALSE
0,unknown genome; accession ID isNZ_DS480350.1,457,5.70573086354676e-05,534.3,6.67027764801924e-05,0,0,0,0,0,0,0,0,0,0,0,0,0,0,0,0,FALSE
0,unknown genome; accession ID isNZ_ACCK01000012.1,452,5.64330492412065e-05,452.1,5.64468998783633e-05,0,0,0,0,0,0,0,0,0,0,0,0,0,0,0,0,FALSE
0,unknown genome; accession ID isNZ_ACCK01000015.1,446,5.56839379680931e-05,445.7,5.56484617830468e-05,0,0,0,0,0,0,0,0,0,0,0,0,0,0,0,0,FALSE
0,unknown genome; accession ID isNZ_ACCK01000021.1,432,5.39360116641619e-05,431.4,5.38660740162181e-05,0,0,0,0,0,0,0,0,0,0,0,0,0,0,0,0,FALSE
0,unknown genome; accession ID isNZ_ACCK01000036.1,427,5.33117522699008e-05,427,5.33117522699008e-05,0,0,0,0,0,0,0,0,0,0,0,0,0,0,0,0,FALSE
1410657,Kandleria vitulina,426,5.31869003910486e-05,417.3,5.20971704295233e-05,0,Bacillota,Erysipelotrichia,Erysipelotrichales,Coprobacillaceae,Kandleria,Kandleria vitulina,0,0,0,0,0,0,0,0,0,FALSE
97081,Traversvirus II,423,5.28123447544919e-05,436.5,5.44982885323872e-05,0,Uroviricota,Caudoviricetes,0,0,Traversvirus,Traversvirus II,0,0,0,0,0,0,0,0,0,FALSE
0,unknown genome; accession ID isNZ_ACCK01000074.1,422,5.26874928756397e-05,422,5.26874928756397e-05,0,0,0,0,0,0,0,0,0,0,0,0,0,0,0,0,FALSE
0,unknown genome; accession ID isNZ_ACCK01000075.1,418,5.21880853602308e-05,418,5.21880853602307e-05,0,0,0,0,0,0,0,0,0,0,0,0,0,0,0,0,FALSE
0,unknown genome; accession ID isNZ_ACCK01000006.1,418,5.21880853602308e-05,418,5.21880884138786e-05,0,0,0,0,0,0,0,0,0,0,0,0,0,0,0,0,FALSE
1121094,Phocaeicola barnesiae,417,5.20632334813785e-05,416.2,5.19674314693966e-05,0,Bacteroidota,Bacteroidia,Bacteroidales,Bacteroidaceae,Phocaeicola,Phocaeicola barnesiae,0,0,0,0,0,0,0,0,0,FALSE
1122986,Segatella maculosa,394,4.91916402677773e-05,320.8,4.00473383610809e-05,0,Bacteroidota,Bacteroidia,Bacteroidales,Prevotellaceae,Segatella,Segatella maculosa,0,0,0,0,0,0,0,0,0,FALSE
626937,Christensenella minuta,381,4.75685658426984e-05,377.2,4.70979297542791e-05,0,Bacillota,Clostridia,Christensenellales,Christensenellaceae,Christensenella,Christensenella minuta,0,0,0,0,0,0,0,0,0,FALSE
0,unknown genome; accession ID isNZ_ACCK01000079.1,378,4.71940102061417e-05,378,4.71940100579666e-05,0,0,0,0,0,0,0,0,0,0,0,0,0,0,0,0,FALSE
0,unknown genome; accession ID isNZ_ACCK01000047.1,371,4.63200470541761e-05,371,4.63200470541761e-05,0,0,0,0,0,0,0,0,0,0,0,0,0,0,0,0,FALSE
0,unknown genome; accession ID isNZ_ACCK01000442.1,362,4.51963801445061e-05,351.4,4.38691041238437e-05,0,0,0,0,0,0,0,0,0,0,0,0,0,0,0,0,FALSE
0,unknown genome; accession ID isNZ_ACCK01000443.1,358,4.46969726290972e-05,358,4.46969726290971e-05,0,0,0,0,0,0,0,0,0,0,0,0,0,0,0,0,FALSE
667120,Edwardsiella anguillarum,355,4.43224169925405e-05,439.4,5.48562576834003e-05,0,Pseudomonadota,Gammaproteobacteria,Enterobacterales,Hafniaceae,Edwardsiella,Edwardsiella anguillarum,0,0,0,0,0,0,0,0,0,FALSE
0,unknown genome; accession ID isNZ_ACCK01000052.1,349,4.35733057194271e-05,349,4.35733057194271e-05,0,0,0,0,0,0,0,0,0,0,0,0,0,0,0,0,FALSE
0,unknown genome; accession ID isNZ_ACCK01000013.1,348,4.34484538405749e-05,348,4.34484538405749e-05,0,0,0,0,0,0,0,0,0,0,0,0,0,0,0,0,FALSE
1130798,Limosilactobacillus mucosae,343,4.28241944463138e-05,222,2.77122146138407e-05,0,Bacillota,Bacilli,Lactobacillales,Lactobacillaceae,Limosilactobacillus,Limosilactobacillus mucosae,0,0,0,0,0,0,0,0,0,FALSE
547042,Phocaeicola coprophilus,343,4.28241944463138e-05,342.9,4.28069807168349e-05,0,Bacteroidota,Bacteroidia,Bacteroidales,Bacteroidaceae,Phocaeicola,Phocaeicola coprophilus,0,0,0,0,0,0,0,0,0,FALSE
0,unknown genome; accession ID isNZ_ACCK01000424.1,340,4.24496388097571e-05,340,4.24496984219869e-05,0,0,0,0,0,0,0,0,0,0,0,0,0,0,0,0,FALSE
0,unknown genome; accession ID isNZ_ACCK01000037.1,337,4.20750831732004e-05,337,4.20750831732004e-05,0,0,0,0,0,0,0,0,0,0,0,0,0,0,0,0,FALSE
0,unknown genome; accession ID isNZ_ACCK01000078.1,333,4.15756756577915e-05,333,4.15756756577915e-05,0,0,0,0,0,0,0,0,0,0,0,0,0,0,0,0,FALSE
997894,Enterocloster bolteae,333,4.15756756577915e-05,321.2,4.01003792652465e-05,0,Bacillota,Clostridia,Lachnospirales,Lachnospiraceae,Enterocloster,Enterocloster bolteae,0,0,0,0,0,0,0,0,0,FALSE
0,unknown genome; accession ID isNZ_ACCK01000423.1,331,4.1325971900087e-05,331,4.1325971900087e-05,0,0,0,0,0,0,0,0,0,0,0,0,0,0,0,0,FALSE
0,unknown genome; accession ID isNZ_KI632515.1,327,4.08265643846781e-05,291.1,3.63441286240719e-05,0,0,0,0,0,0,0,0,0,0,0,0,0,0,0,0,FALSE
0,unknown genome; accession ID isNZ_ACCK01000071.1,325,4.05768606269737e-05,325,4.05768606269737e-05,0,0,0,0,0,0,0,0,0,0,0,0,0,0,0,0,FALSE
0,unknown genome; accession ID isNZ_ACCK01000081.1,316,3.94531937173036e-05,316,3.94531937173036e-05,0,0,0,0,0,0,0,0,0,0,0,0,0,0,0,0,FALSE
0,unknown genome; accession ID isNZ_ACCK01000447.1,310,3.87040824441903e-05,310,3.87039616443059e-05,0,0,0,0,0,0,0,0,0,0,0,0,0,0,0,0,FALSE
1408437,Agathobaculum desmolans,308,3.84543786864858e-05,331.5,4.13856820632483e-05,0,Bacillota,Clostridia,Eubacteriales,Butyricicoccaceae,Agathobaculum,Agathobaculum desmolans,0,0,0,0,0,0,0,0,0,FALSE
0,unknown genome; accession ID isNZ_ACCK01000402.1,305,3.80798230499291e-05,305,3.80798228033144e-05,0,0,0,0,0,0,0,0,0,0,0,0,0,0,0,0,FALSE
411471,Subdoligranulum variabile,305,3.80798230499291e-05,277.9,3.469834601925e-05,0,Bacillota,Clostridia,Eubacteriales,Oscillospiraceae,Subdoligranulum,Subdoligranulum variabile,0,0,0,0,0,0,0,0,0,FALSE
1447715,Bifidobacterium pseudolongum,304,3.79549711710769e-05,304.7,3.80424042858602e-05,0,Actinomycetota,Actinomycetes,Bifidobacteriales,Bifidobacteriaceae,Bifidobacterium,Bifidobacterium pseudolongum,0,0,0,0,0,0,0,0,0,FALSE
0,unknown genome; accession ID isNZ_ACCK01000016.1,304,3.79549711710769e-05,304,3.79549711710769e-05,0,0,0,0,0,0,0,0,0,0,0,0,0,0,0,0,FALSE
1147152,Enterobacteria phage mEp460,299,3.73307117768158e-05,298.3,3.72456998469961e-05,0,Uroviricota,Caudoviricetes,0,0,0,Enterobacteria phage mEp460,0,0,0,0,0,0,0,0,0,FALSE
0,unknown genome; accession ID isNZ_BBDW01000002.1,293,3.65816005037024e-05,293,3.65838567486909e-05,0,0,0,0,0,0,0,0,0,0,0,0,0,0,0,0,FALSE
1211819,Holdemania massiliensis,290,3.62070448671457e-05,343.5,4.28888655630639e-05,0,Bacillota,Erysipelotrichia,Erysipelotrichales,Erysipelotrichaceae,Holdemania,Holdemania massiliensis,0,0,0,0,0,0,0,0,0,FALSE
0,unknown genome; accession ID isNZ_ACCK01000444.1,288,3.59573411094413e-05,288,3.59573411094413e-05,0,0,0,0,0,0,0,0,0,0,0,0,0,0,0,0,FALSE
0,unknown genome; accession ID isNZ_ACCK01000039.1,287,3.58324892305891e-05,287,3.5832489230589e-05,0,0,0,0,0,0,0,0,0,0,0,0,0,0,0,0,FALSE
1437607,Bifidobacterium saguini,282,3.52082298363279e-05,505.1,6.30599561047838e-05,0,Actinomycetota,Actinomycetes,Bifidobacteriales,Bifidobacteriaceae,Bifidobacterium,Bifidobacterium saguini,0,0,0,0,0,0,0,0,0,FALSE
525254,Anaerococcus lactolyticus,281,3.50833779574757e-05,230.8,2.88205783204696e-05,0,Bacillota,Tissierellia,Tissierellales,Peptoniphilaceae,Anaerococcus,Anaerococcus lactolyticus,0,0,0,0,0,0,0,0,0,FALSE
0,unknown genome; accession ID isNZ_ACCK01000054.1,278,3.4708822320919e-05,278,3.4708822320919e-05,0,0,0,0,0,0,0,0,0,0,0,0,0,0,0,0,FALSE
478749,Marvinbryantia formatexigens,278,3.4708822320919e-05,354.3,4.42338568525176e-05,0,Bacillota,Clostridia,Lachnospirales,Lachnospiraceae,Marvinbryantia,Marvinbryantia formatexigens,0,0,0,0,0,0,0,0,0,FALSE
1650663,Allofournierella massiliensis,276,3.44591185632146e-05,278.9,3.48208020986309e-05,0,Bacillota,Clostridia,Eubacteriales,Oscillospiraceae,Allofournierella,Allofournierella massiliensis,0,0,0,0,0,0,0,0,0,FALSE
1567486,Xuanwuvirus P88,276,3.44591185632146e-05,260.3,3.25043155696763e-05,0,Uroviricota,Caudoviricetes,0,Peduoviridae,Xuanwuvirus,Xuanwuvirus P88,0,0,0,0,0,0,0,0,0,FALSE
0,unknown genome; accession ID isNZ_ACCK01000020.1,275,3.43342666843623e-05,275,3.43342667711573e-05,0,0,0,0,0,0,0,0,0,0,0,0,0,0,0,0,FALSE
585502,Hallella bergensis,273,3.40845629266579e-05,273.6,3.41656030490552e-05,0,Bacteroidota,Bacteroidia,Bacteroidales,Prevotellaceae,Hallella,Hallella bergensis,0,0,0,0,0,0,0,0,0,FALSE
888743,Prevotella multiformis,271,3.38348591689534e-05,267.3,3.33750310001316e-05,0,Bacteroidota,Bacteroidia,Bacteroidales,Prevotellaceae,Prevotella,Prevotella multiformis,0,0,0,0,0,0,0,0,0,FALSE
1815968,Punavirus SJ46,270,3.37100072901012e-05,272.5,3.40175618726337e-05,0,Uroviricota,Caudoviricetes,0,0,Punavirus,Punavirus SJ46,0,0,0,0,0,0,0,0,0,FALSE
1121114,Blautia producta,262,3.27111922592834e-05,262,3.27116350890498e-05,0,Bacillota,Clostridia,Lachnospirales,Lachnospiraceae,Blautia,Blautia producta,0,0,0,0,0,0,0,0,0,FALSE
1033732,Alistipes senegalensis,260,3.24614885015789e-05,259.9,3.2454718368278e-05,0,Bacteroidota,Bacteroidia,Bacteroidales,Rikenellaceae,Alistipes,Alistipes senegalensis,0,0,0,0,0,0,0,0,0,FALSE
476272,Blautia hydrogenotrophica,256,3.196208098617e-05,254.7,3.17976507649678e-05,0,Bacillota,Clostridia,Lachnospirales,Lachnospiraceae,Blautia,Blautia hydrogenotrophica,0,0,0,0,0,0,0,0,0,FALSE
1871018,Angelakisella massiliensis,255,3.18372291073178e-05,237,2.95922518955871e-05,0,Bacillota,Clostridia,Eubacteriales,Oscillospiraceae,Angelakisella,Angelakisella massiliensis,0,0,0,0,0,0,0,0,0,FALSE
679200,Johnsonella ignava,253,3.15875253496134e-05,254.8,3.18064228718698e-05,0,Bacillota,Clostridia,Lachnospirales,Lachnospiraceae,Johnsonella,Johnsonella ignava,0,0,0,0,0,0,0,0,0,FALSE
1745713,Bariatricus massiliensis,251,3.13378215919089e-05,314.3,3.924400790912e-05,0,Bacillota,Clostridia,Lachnospirales,Lachnospiraceae,Bariatricus,Bariatricus massiliensis,0,0,0,0,0,0,0,0,0,FALSE
0,unknown genome; accession ID isNZ_ACCK01000415.1,242,3.02141546822389e-05,242,3.02141546822389e-05,0,0,0,0,0,0,0,0,0,0,0,0,0,0,0,0,FALSE
0,unknown genome; accession ID isNZ_ACCK01000055.1,242,3.02141546822389e-05,242,3.02141546822389e-05,0,0,0,0,0,0,0,0,0,0,0,0,0,0,0,0,FALSE
0,unknown genome; accession ID isNZ_ACCK01000002.1,237,2.95898952879777e-05,237,2.95898952879777e-05,0,0,0,0,0,0,0,0,0,0,0,0,0,0,0,0,FALSE
0,unknown genome; accession ID isNZ_ACCK01000061.1,235,2.93401915302733e-05,235,2.93401915302733e-05,0,0,0,0,0,0,0,0,0,0,0,0,0,0,0,0,FALSE
1122988,Hoylesella nanceiensis,233,2.90904877725688e-05,231.1,2.88536059021991e-05,0,Bacteroidota,Bacteroidia,Bacteroidales,Prevotellaceae,Hoylesella,Hoylesella nanceiensis,0,0,0,0,0,0,0,0,0,FALSE
36847,Anaerotignum neopropionicum,230,2.87159321360121e-05,229.6,2.86602182805092e-05,0,Bacillota,Clostridia,Lachnospirales,Anaerotignaceae,Anaerotignum,Anaerotignum neopropionicum,0,0,0,0,0,0,0,0,0,FALSE
742743,Dialister succinatiphilus,221,2.75922652263421e-05,221.1,2.75990684305747e-05,0,Bacillota,Negativicutes,Veillonellales,Veillonellaceae,Dialister,Dialister succinatiphilus,0,0,0,0,0,0,0,0,0,FALSE
1121866,Adlercreutzia mucosicola,221,2.75922652263421e-05,153.5,1.91676147641323e-05,0,Actinomycetota,Coriobacteriia,Eggerthellales,Eggerthellaceae,Adlercreutzia,Adlercreutzia mucosicola,0,0,0,0,0,0,0,0,0,FALSE
556268,Oxalobacter paraformigenes,220,2.74674133474899e-05,273.5,3.4146318993167e-05,0,Pseudomonadota,Betaproteobacteria,Burkholderiales,Oxalobacteraceae,Oxalobacter,Oxalobacter paraformigenes,0,0,0,0,0,0,0,0,0,FALSE
0,unknown genome; accession ID isNZ_ACCK01000440.1,220,2.74674133474899e-05,228.7,2.85533328610876e-05,0,0,0,0,0,0,0,0,0,0,0,0,0,0,0,0,FALSE
0,unknown genome; accession ID isNZ_ACCK01000441.1,216,2.6968005832081e-05,216,2.69680058287502e-05,0,0,0,0,0,0,0,0,0,0,0,0,0,0,0,0,FALSE
0,unknown genome; accession ID isNZ_ACCK01000051.1,213,2.65934501955243e-05,213,2.65934501955243e-05,0,0,0,0,0,0,0,0,0,0,0,0,0,0,0,0,FALSE
1653435,Merdimonas faecis,213,2.65934501955243e-05,226.6,2.82875483150773e-05,0,Bacillota,Clostridia,Lachnospirales,Lachnospiraceae,Merdimonas,Merdimonas faecis,0,0,0,0,0,0,0,0,0,FALSE
0,unknown genome; accession ID isNZ_ACCK01000400.1,209,2.60940426801154e-05,210.9,2.6328188724042e-05,0,0,0,0,0,0,0,0,0,0,0,0,0,0,0,0,FALSE
880526,Rikenella microfusus,207,2.58443389224109e-05,476.4,5.94825123026007e-05,0,Bacteroidota,Bacteroidia,Bacteroidales,Rikenellaceae,Rikenella,Rikenella microfusus,0,0,0,0,0,0,0,0,0,FALSE
3158780,Ruminococcus sp. YE282,207,2.58443389224109e-05,205.5,2.56522455858602e-05,0,Bacillota,Clostridia,Eubacteriales,Oscillospiraceae,Ruminococcus,Ruminococcus sp. YE282,0,0,0,0,0,0,0,0,0,FALSE
1242245,Acinetobacter johnsonii,202,2.52200795281498e-05,196.3,2.45126859305752e-05,0,Pseudomonadota,Gammaproteobacteria,Moraxellales,Moraxellaceae,Acinetobacter,Acinetobacter johnsonii,0,0,0,0,0,0,0,0,0,FALSE
0,unknown genome; accession ID isNZ_ACCK01000003.1,202,2.52200795281498e-05,202,2.52200795281498e-05,0,0,0,0,0,0,0,0,0,0,0,0,0,0,0,0,FALSE
196242,Marienburgvirus BP4795,201,2.50952276492976e-05,223.4,2.78874920677223e-05,0,Uroviricota,Caudoviricetes,0,0,Marienburgvirus,Marienburgvirus BP4795,0,0,0,0,0,0,0,0,0,FALSE
1590550,Punavirus RCS47,195,2.43461163761842e-05,195.8,2.44506401962863e-05,0,Uroviricota,Caudoviricetes,0,0,Punavirus,Punavirus RCS47,0,0,0,0,0,0,0,0,0,FALSE
1907654,Collinsella bouchesdurhonensis,194,2.4221264497332e-05,192.6,2.40452850781809e-05,0,Actinomycetota,Coriobacteriia,Coriobacteriales,Coriobacteriaceae,Collinsella,Collinsella bouchesdurhonensis,0,0,0,0,0,0,0,0,0,FALSE
0,unknown genome; accession ID isNZ_ACCK01000407.1,193,2.40964126184798e-05,193,2.40964126184797e-05,0,0,0,0,0,0,0,0,0,0,0,0,0,0,0,0,FALSE
411473,Ruminococcus callidus,189,2.35970051030708e-05,346.8,4.33001638647636e-05,0,Bacillota,Clostridia,Eubacteriales,Oscillospiraceae,Ruminococcus,Ruminococcus callidus,0,0,0,0,0,0,0,0,0,FALSE
0,unknown genome; accession ID isNZ_ACCK01000406.1,189,2.35970051030708e-05,189,2.35969952918166e-05,0,0,0,0,0,0,0,0,0,0,0,0,0,0,0,0,FALSE
0,unknown genome; accession ID isNZ_ACCK01000471.1,188,2.34721532242186e-05,188,2.34721532242186e-05,0,0,0,0,0,0,0,0,0,0,0,0,0,0,0,0,FALSE
0,unknown genome; accession ID isNZ_ACCK01000032.1,188,2.34721532242186e-05,188,2.34721532242186e-05,0,0,0,0,0,0,0,0,0,0,0,0,0,0,0,0,FALSE
1585974,Beduini massiliensis,186,2.32224494665142e-05,149.7,1.8691727082848e-05,0,Bacillota,Erysipelotrichia,Erysipelotrichales,Erysipelotrichaceae,Beduini,Beduini massiliensis,0,0,0,0,0,0,0,0,0,FALSE
1410668,Proteiniclasticum ruminis,185,2.30975975876619e-05,141.9,1.77180133295285e-05,0,Bacillota,Clostridia,Eubacteriales,Clostridiaceae,Proteiniclasticum,Proteiniclasticum ruminis,0,0,0,0,0,0,0,0,0,FALSE
0,unknown genome; accession ID isNZ_ACCK01000062.1,184,2.29727457088097e-05,184,2.29727457088097e-05,0,0,0,0,0,0,0,0,0,0,0,0,0,0,0,0,FALSE
0,unknown genome; accession ID isNZ_ACCK01000027.1,182,2.27230419511053e-05,182,2.27230419511053e-05,0,0,0,0,0,0,0,0,0,0,0,0,0,0,0,0,FALSE
1160721,Ruminococcus bicirculans (ex Wegman et al. 2014),182,2.27230419511053e-05,182.1,2.27328255287583e-05,0,Bacillota,Clostridia,Eubacteriales,Oscillospiraceae,Ruminococcus,Ruminococcus bicirculans (ex Wegman et al. 2014),0,0,0,0,0,0,0,0,0,FALSE
0,unknown genome; accession ID isNZ_ACCK01000446.1,181,2.2598190072253e-05,181,2.2598190072253e-05,0,0,0,0,0,0,0,0,0,0,0,0,0,0,0,0,FALSE
1035839,Haemophilus sputorum,181,2.2598190072253e-05,185.7,2.3185255272708e-05,0,Pseudomonadota,Gammaproteobacteria,Pasteurellales,Pasteurellaceae,Haemophilus,Haemophilus sputorum,0,0,0,0,0,0,0,0,0,FALSE
272563,Clostridioides difficile,180,2.24733381934008e-05,183.3,2.28842828340598e-05,0,Bacillota,Clostridia,Peptostreptococcales,Peptostreptococcaceae,Clostridioides,Clostridioides difficile,0,0,0,0,0,0,0,0,0,FALSE
1158614,Enterococcus gilvus,177,2.20987825568441e-05,177.1,2.21061749963457e-05,0,Bacillota,Bacilli,Lactobacillales,Enterococcaceae,Enterococcus,Enterococcus gilvus,0,0,0,0,0,0,0,0,0,FALSE
0,unknown genome; accession ID isNZ_BBDW01000006.1,172,2.1474523162583e-05,185.4,2.31524427990169e-05,0,0,0,0,0,0,0,0,0,0,0,0,0,0,0,0,FALSE
796334,Erwinia oleae,172,2.1474523162583e-05,174,2.17279834222899e-05,0,Pseudomonadota,Gammaproteobacteria,Enterobacterales,Erwiniaceae,Erwinia,Erwinia oleae,0,0,0,0,0,0,0,0,0,FALSE
938293,Anaerococcus provencensis,171,2.13496712837308e-05,178.8,2.23176494876961e-05,0,Bacillota,Tissierellia,Tissierellales,Peptoniphilaceae,Anaerococcus,Anaerococcus provencensis,0,0,0,0,0,0,0,0,0,FALSE
518636,Enterocloster asparagiformis,170,2.12248194048785e-05,182.3,2.27598139357038e-05,0,Bacillota,Clostridia,Lachnospirales,Lachnospiraceae,Enterocloster,Enterocloster asparagiformis,0,0,0,0,0,0,0,0,0,FALSE
0,unknown genome; accession ID isNZ_ACCK01000028.1,166,2.07254118894696e-05,166,2.07254118894696e-05,0,0,0,0,0,0,0,0,0,0,0,0,0,0,0,0,FALSE
1122949,Peptoniphilus lacrimalis,161,2.01011524952085e-05,200.5,2.50342735645528e-05,0,Bacillota,Tissierellia,Tissierellales,Peptoniphilaceae,Peptoniphilus,Peptoniphilus lacrimalis,0,0,0,0,0,0,0,0,0,FALSE
299766,Enterobacter hormaechei,160,1.99763006163563e-05,164.8,2.05785028410244e-05,0,Pseudomonadota,Gammaproteobacteria,Enterobacterales,Enterobacteriaceae,Enterobacter,Enterobacter hormaechei,0,0,0,0,0,0,0,0,0,FALSE
1723382,Urinicoccus massiliensis,159,1.9851448737504e-05,139.4,1.73994666858102e-05,0,Bacillota,Tissierellia,Tissierellales,Peptoniphilaceae,Urinicoccus,Urinicoccus massiliensis,0,0,0,0,0,0,0,0,0,FALSE
1150461,Bifidobacterium scardovii,158,1.97265968586518e-05,158,1.97283183590773e-05,0,Actinomycetota,Actinomycetes,Bifidobacteriales,Bifidobacteriaceae,Bifidobacterium,Bifidobacterium scardovii,0,0,0,0,0,0,0,0,0,FALSE
1300165,Kosakonia cowanii,154,1.92271893432429e-05,137.7,1.71893006341969e-05,0,Pseudomonadota,Gammaproteobacteria,Enterobacterales,Enterobacteriaceae,Kosakonia,Kosakonia cowanii,0,0,0,0,0,0,0,0,0,FALSE
0,unknown genome; accession ID isNZ_ACCK01000398.1,153,1.91023374643907e-05,153,1.91023374643907e-05,0,0,0,0,0,0,0,0,0,0,0,0,0,0,0,0,FALSE
0,unknown genome; accession ID isNZ_ACCK01000044.1,150,1.8727781827834e-05,150,1.8727781827834e-05,0,0,0,0,0,0,0,0,0,0,0,0,0,0,0,0,FALSE
0,unknown genome; accession ID isNZ_ACCK01000448.1,148,1.84780780701295e-05,148,1.84780780701295e-05,0,0,0,0,0,0,0,0,0,0,0,0,0,0,0,0,FALSE
1121950,Hespellia stercorisuis,148,1.84780780701295e-05,148,1.84805328229584e-05,0,Bacillota,Clostridia,Lachnospirales,Lachnospiraceae,Hespellia,Hespellia stercorisuis,0,0,0,0,0,0,0,0,0,FALSE
0,unknown genome; accession ID isNZ_ACCK01000045.1,143,1.78538186758684e-05,143,1.78538186758684e-05,0,0,0,0,0,0,0,0,0,0,0,0,0,0,0,0,FALSE
0,unknown genome; accession ID isNZ_KB822482.1,135,1.68550036450506e-05,159,1.98480201504208e-05,0,0,0,0,0,0,0,0,0,0,0,0,0,0,0,0,FALSE
0,unknown genome; accession ID isNZ_ACCK01000466.1,135,1.68550036450506e-05,135,1.68550036450506e-05,0,0,0,0,0,0,0,0,0,0,0,0,0,0,0,0,FALSE
591001,Acidaminococcus fermentans,134,1.67301517661984e-05,116.5,1.45399516956828e-05,0,Bacillota,Negativicutes,Acidaminococcales,Acidaminococcaceae,Acidaminococcus,Acidaminococcus fermentans,0,0,0,0,0,0,0,0,0,FALSE
0,unknown genome; accession ID isNZ_ACCK01000451.1,134,1.67301517661984e-05,134,1.67301517661984e-05,0,0,0,0,0,0,0,0,0,0,0,0,0,0,0,0,FALSE
762211,Bifidobacterium stellenboschense,133,1.66052998873462e-05,115.6,1.44359818205885e-05,0,Actinomycetota,Actinomycetes,Bifidobacteriales,Bifidobacteriaceae,Bifidobacterium,Bifidobacterium stellenboschense,0,0,0,0,0,0,0,0,0,FALSE
431947,Porphyromonas gingivalis,132,1.64804480084939e-05,114.3,1.42694046143949e-05,0,Bacteroidota,Bacteroidia,Bacteroidales,Porphyromonadaceae,Porphyromonas,Porphyromonas gingivalis,0,0,0,0,0,0,0,0,0,FALSE
0,unknown genome; accession ID isNZ_ACCK01000058.1,131,1.63555961296417e-05,131,1.63555961296417e-05,0,0,0,0,0,0,0,0,0,0,0,0,0,0,0,0,FALSE
1675531,Oslovirus VASD,128,1.5981040493085e-05,150.1,1.87435571306839e-05,0,Uroviricota,Caudoviricetes,0,0,Oslovirus,Oslovirus VASD,0,0,0,0,0,0,0,0,0,FALSE
1050201,Allobaculum stercoricanis,127,1.58561886142328e-05,81.8,1.02174214962209e-05,0,Bacillota,Erysipelotrichia,Erysipelotrichales,Erysipelotrichaceae,Allobaculum,Allobaculum stercoricanis,0,0,0,0,0,0,0,0,0,FALSE
1917878,Prevotella ihumii,127,1.58561886142328e-05,124.3,1.55235075828944e-05,0,Bacteroidota,Bacteroidia,Bacteroidales,Prevotellaceae,Prevotella,Prevotella ihumii,0,0,0,0,0,0,0,0,0,FALSE
334735,Sporosarcina koreensis,125,1.56064848565283e-05,126.6,1.58006036938924e-05,0,Bacillota,Bacilli,Bacillales,Planococcaceae,Sporosarcina,Sporosarcina koreensis,0,0,0,0,0,0,0,0,0,FALSE
1122973,Porphyromonas levii,123,1.53567810988239e-05,122.9,1.53455733692942e-05,0,Bacteroidota,Bacteroidia,Bacteroidales,Porphyromonadaceae,Porphyromonas,Porphyromonas levii,0,0,0,0,0,0,0,0,0,FALSE
1903263,Traorella massiliensis,123,1.53567810988239e-05,118.5,1.47906910974521e-05,0,Bacillota,Erysipelotrichia,Erysipelotrichales,Erysipelotrichaceae,Traorella,Traorella massiliensis,0,0,0,0,0,0,0,0,0,FALSE
0,unknown genome; accession ID isNZ_ACCK01000038.1,117,1.46076698257105e-05,117,1.46076698257105e-05,0,0,0,0,0,0,0,0,0,0,0,0,0,0,0,0,FALSE
565655,Enterococcus casseliflavus,115,1.43579660680061e-05,139.5,1.74210098716771e-05,0,Bacillota,Bacilli,Lactobacillales,Enterococcaceae,Enterococcus,Enterococcus casseliflavus,0,0,0,0,0,0,0,0,0,FALSE
1236498,Phocaeicola paurosaccharolyticus,115,1.43579660680061e-05,115,1.43579666265857e-05,0,Bacteroidota,Bacteroidia,Bacteroidales,Bacteroidaceae,Phocaeicola,Phocaeicola paurosaccharolyticus,0,0,0,0,0,0,0,0,0,FALSE
0,unknown genome; accession ID isNZ_ACCK01000040.1,114,1.42331141891538e-05,114,1.42331141891538e-05,0,0,0,0,0,0,0,0,0,0,0,0,0,0,0,0,FALSE
411490,Anaerostipes caccae,114,1.42331141891538e-05,118.2,1.47579858405898e-05,0,Bacillota,Clostridia,Lachnospirales,Lachnospiraceae,Anaerostipes,Anaerostipes caccae,0,0,0,0,0,0,0,0,0,FALSE
742817,Odoribacter laneus,114,1.42331141891538e-05,114.2,1.42631665064405e-05,0,Bacteroidota,Bacteroidia,Bacteroidales,Odoribacteraceae,Odoribacter,Odoribacter laneus,0,0,0,0,0,0,0,0,0,FALSE
0,unknown genome; accession ID isNZ_ACCK01000057.1,113,1.41082623103016e-05,113,1.41082623103016e-05,0,0,0,0,0,0,0,0,0,0,0,0,0,0,0,0,FALSE
0,unknown genome; accession ID isNZ_JTDA01000001.1,113,1.41082623103016e-05,116.7,1.45653626366092e-05,0,0,0,0,0,0,0,0,0,0,0,0,0,0,0,0,FALSE
365659,Streptococcus mitis,110,1.37337066737449e-05,109.9,1.37166206948683e-05,0,Bacillota,Bacilli,Lactobacillales,Streptococcaceae,Streptococcus,Streptococcus mitis,0,0,0,0,0,0,0,0,0,FALSE
1006000,Kluyvera ascorbata,110,1.37337066737449e-05,116.2,1.45117309045256e-05,0,Pseudomonadota,Gammaproteobacteria,Enterobacterales,Enterobacteriaceae,Kluyvera,Kluyvera ascorbata,0,0,0,0,0,0,0,0,0,FALSE
1122131,Kaistia adipata,109,1.36088547948927e-05,106.8,1.33365926425068e-05,0,Pseudomonadota,Alphaproteobacteria,Hyphomicrobiales,Kaistiaceae,Kaistia,Kaistia adipata,0,0,0,0,0,0,0,0,0,FALSE
61647,Pluralibacter gergoviae,108,1.34840029160405e-05,116.9,1.45938425477838e-05,0,Pseudomonadota,Gammaproteobacteria,Enterobacterales,Enterobacteriaceae,Pluralibacter,Pluralibacter gergoviae,0,0,0,0,0,0,0,0,0,FALSE
0,unknown genome; accession ID isNZ_ACCK01000403.1,104,1.29845954006316e-05,104,1.29845954006316e-05,0,0,0,0,0,0,0,0,0,0,0,0,0,0,0,0,FALSE
0,unknown genome; accession ID isNZ_ACCK01000014.1,104,1.29845954006316e-05,96.8,1.20836613201333e-05,0,0,0,0,0,0,0,0,0,0,0,0,0,0,0,0,FALSE
0,unknown genome; accession ID isNZ_ACCK01000049.1,102,1.27348916429271e-05,102,1.27348919475024e-05,0,0,0,0,0,0,0,0,0,0,0,0,0,0,0,0,FALSE
911023,Yokenella regensburgei,102,1.27348916429271e-05,93.7,1.17030921345396e-05,0,Pseudomonadota,Gammaproteobacteria,Enterobacterales,Enterobacteriaceae,Yokenella,Yokenella regensburgei,0,0,0,0,0,0,0,0,0,FALSE
1416032,Diegovirus dv7502Stx,102,1.27348916429271e-05,139.2,1.73851038560863e-05,0,Uroviricota,Caudoviricetes,0,0,Diegovirus,Diegovirus dv7502Stx,0,0,0,0,0,0,0,0,0,FALSE
0,unknown genome; accession ID isNZ_ACCK01000474.1,101,1.26100397640749e-05,101.5,1.26690058057054e-05,0,0,0,0,0,0,0,0,0,0,0,0,0,0,0,0,FALSE
0,unknown genome; accession ID isNZ_ACCK01000076.1,101,1.26100397640749e-05,101,1.26100397640749e-05,0,0,0,0,0,0,0,0,0,0,0,0,0,0,0,0,FALSE
1122985,Hoylesella loescheii,98,1.22354841275182e-05,109.3,1.36404345873816e-05,0,Bacteroidota,Bacteroidia,Bacteroidales,Prevotellaceae,Hoylesella,Hoylesella loescheii,0,0,0,0,0,0,0,0,0,FALSE
0,unknown genome; accession ID isNZ_ACCK01000467.1,98,1.22354841275182e-05,98,1.22354841275182e-05,0,0,0,0,0,0,0,0,0,0,0,0,0,0,0,0,FALSE
0,unknown genome; accession ID isNZ_ACCK01000432.1,97,1.2110632248666e-05,96.7,1.20734931517562e-05,0,0,0,0,0,0,0,0,0,0,0,0,0,0,0,0,FALSE
0,unknown genome; accession ID isNZ_ACCK01000420.1,97,1.2110632248666e-05,97,1.2110632248666e-05,0,0,0,0,0,0,0,0,0,0,0,0,0,0,0,0,FALSE
226185,Enterococcus faecalis,96,1.19857803698138e-05,95.3,1.1898311169064e-05,0,Bacillota,Bacilli,Lactobacillales,Enterococcaceae,Enterococcus,Enterococcus faecalis,0,0,0,0,0,0,0,0,0,FALSE
258723,Marinilactibacillus piezotolerans,95,1.18609284909615e-05,65.7,8.20514303846416e-06,0,Bacillota,Bacilli,Lactobacillales,Carnobacteriaceae,Marinilactibacillus,Marinilactibacillus piezotolerans,0,0,0,0,0,0,0,0,0,FALSE
1437608,Bifidobacterium biavatii,94,1.17360766121093e-05,114.8,1.4335231768577e-05,0,Actinomycetota,Actinomycetes,Bifidobacteriales,Bifidobacteriaceae,Bifidobacterium,Bifidobacterium biavatii,0,0,0,0,0,0,0,0,0,FALSE
0,unknown genome; accession ID isNZ_ACCK01000430.1,93,1.16112247332571e-05,93,1.16112247332571e-05,0,0,0,0,0,0,0,0,0,0,0,0,0,0,0,0,FALSE
0,unknown genome; accession ID isNZ_JNKJ01000020.1,93,1.16112247332571e-05,97,1.210775911805e-05,0,0,0,0,0,0,0,0,0,0,0,0,0,0,0,0,FALSE
78344,Bifidobacterium pullorum,92,1.14863728544049e-05,113.1,1.41177812594482e-05,0,Actinomycetota,Actinomycetes,Bifidobacteriales,Bifidobacteriaceae,Bifidobacterium,Bifidobacterium pullorum,0,0,0,0,0,0,0,0,0,FALSE
0,unknown genome; accession ID isNZ_ACCK01000068.1,92,1.14863728544049e-05,93.6,1.16879689202096e-05,0,0,0,0,0,0,0,0,0,0,0,0,0,0,0,0,FALSE
667015,Phocaeicola salanitronis,92,1.14863728544049e-05,92.4,1.15361409465479e-05,0,Bacteroidota,Bacteroidia,Bacteroidales,Bacteroidaceae,Phocaeicola,Phocaeicola salanitronis,0,0,0,0,0,0,0,0,0,FALSE
0,unknown genome; accession ID isNZ_JTDA01000005.1,92,1.14863728544049e-05,92.4,1.15403213008369e-05,0,0,0,0,0,0,0,0,0,0,0,0,0,0,0,0,FALSE
0,unknown genome; accession ID isNZ_JTDA01000008.1,87,1.08621134601437e-05,86.5,1.0794890793783e-05,0,0,0,0,0,0,0,0,0,0,0,0,0,0,0,0,FALSE
379893,Trabulsiella odontotermitis,84,1.0487557823587e-05,84.7,1.05714522363683e-05,0,Pseudomonadota,Gammaproteobacteria,Enterobacterales,Enterobacteriaceae,Trabulsiella,Trabulsiella odontotermitis,0,0,0,0,0,0,0,0,0,FALSE
0,unknown genome; accession ID isNZ_ACCK01000063.1,79,9.86329842932591e-06,79.3,9.89877461437219e-06,0,0,0,0,0,0,0,0,0,0,0,0,0,0,0,0,FALSE
1796646,Muribaculum intestinale,79,9.86329842932591e-06,81.2,1.01343033844761e-05,0,Bacteroidota,Bacteroidia,Bacteroidales,Muribaculaceae,Muribaculum,Muribaculum intestinale,0,0,0,0,0,0,0,0,0,FALSE
0,unknown genome; accession ID isNZ_ACCK01000416.1,77,9.61359467162146e-06,77,9.61359467162145e-06,0,0,0,0,0,0,0,0,0,0,0,0,0,0,0,0,FALSE
0,unknown genome; accession ID isNZ_ACCK01000064.1,77,9.61359467162146e-06,77,9.61359467162145e-06,0,0,0,0,0,0,0,0,0,0,0,0,0,0,0,0,FALSE
441769,Bacillus coahuilensis,77,9.61359467162146e-06,63.3,7.89759208384863e-06,0,Bacillota,Bacilli,Bacillales,Bacillaceae,Bacillus,Bacillus coahuilensis,0,0,0,0,0,0,0,0,0,FALSE
0,unknown genome; accession ID isNZ_ACCK01000404.1,75,9.363890913917e-06,75,9.363890913917e-06,0,0,0,0,0,0,0,0,0,0,0,0,0,0,0,0,FALSE
0,unknown genome; accession ID isNZ_ACCK01000455.1,73,9.11418715621255e-06,73,9.11418715621255e-06,0,0,0,0,0,0,0,0,0,0,0,0,0,0,0,0,FALSE
0,unknown genome; accession ID isNZ_ACCK01000419.1,73,9.11418715621255e-06,73,9.11418715621255e-06,0,0,0,0,0,0,0,0,0,0,0,0,0,0,0,0,FALSE
79604,Denitrobacterium detoxificans,71,8.86448339850809e-06,84.5,1.05552746595151e-05,0,Actinomycetota,Coriobacteriia,Eggerthellales,Eggerthellaceae,Denitrobacterium,Denitrobacterium detoxificans,0,0,0,0,0,0,0,0,0,FALSE
1349822,Coprobacter fastidiosus,71,8.86448339850809e-06,71.3,8.90434001103555e-06,0,Bacteroidota,Bacteroidia,Bacteroidales,Barnesiellaceae,Coprobacter,Coprobacter fastidiosus,0,0,0,0,0,0,0,0,0,FALSE
0,unknown genome; accession ID isNZ_ACCK01000405.1,68,8.48992776195142e-06,68,8.48992776195141e-06,0,0,0,0,0,0,0,0,0,0,0,0,0,0,0,0,FALSE
1034345,Senegalimassilia anaerobia,68,8.48992776195142e-06,67.7,8.4528591666808e-06,0,Actinomycetota,Coriobacteriia,Coriobacteriales,Coriobacteriaceae,Senegalimassilia,Senegalimassilia anaerobia,0,0,0,0,0,0,0,0,0,FALSE
1410674,Sharpea azabuensis,67,8.36507588309919e-06,67.8,8.46479993807097e-06,0,Bacillota,Erysipelotrichia,Erysipelotrichales,Coprobacillaceae,Sharpea,Sharpea azabuensis,0,0,0,0,0,0,0,0,0,FALSE
1121333,Thomasclavelia saccharogumia,67,8.36507588309919e-06,66.8,8.34032428466029e-06,0,Bacillota,Erysipelotrichia,Erysipelotrichales,Coprobacillaceae,Thomasclavelia,Thomasclavelia saccharogumia,0,0,0,0,0,0,0,0,0,FALSE
1871035,Negativibacillus massiliensis,67,8.36507588309919e-06,64.8,8.08439378925868e-06,0,Bacillota,0,0,0,Negativibacillus,Negativibacillus massiliensis,0,0,0,0,0,0,0,0,0,FALSE
0,unknown genome; accession ID isNZ_ACCK01000010.1,66,8.24022400424696e-06,66,8.24022400424696e-06,0,0,0,0,0,0,0,0,0,0,0,0,0,0,0,0,FALSE
0,unknown genome; accession ID isNZ_ACCK01000439.1,65,8.11537212539473e-06,65,8.11537212539473e-06,0,0,0,0,0,0,0,0,0,0,0,0,0,0,0,0,FALSE
0,unknown genome; accession ID isNZ_ACCK01000414.1,65,8.11537212539473e-06,65,8.11537212539473e-06,0,0,0,0,0,0,0,0,0,0,0,0,0,0,0,0,FALSE
0,unknown genome; accession ID isNZ_ACCK01000011.1,64,7.99052024654251e-06,64.3,8.02765934345229e-06,0,0,0,0,0,0,0,0,0,0,0,0,0,0,0,0,FALSE
1437609,Bifidobacterium callitrichos,64,7.99052024654251e-06,89.3,1.11468369403318e-05,0,Actinomycetota,Actinomycetes,Bifidobacteriales,Bifidobacteriaceae,Bifidobacterium,Bifidobacterium callitrichos,0,0,0,0,0,0,0,0,0,FALSE
1871030,Merdibacter massiliensis,64,7.99052024654251e-06,64.4,8.03868534850226e-06,0,Bacillota,Erysipelotrichia,Erysipelotrichales,Erysipelotrichaceae,Merdibacter,Merdibacter massiliensis,0,0,0,0,0,0,0,0,0,FALSE
0,unknown genome; accession ID isNZ_ACCK01000465.1,63,7.86566836769028e-06,63,7.86567058506623e-06,0,0,0,0,0,0,0,0,0,0,0,0,0,0,0,0,FALSE
768486,Enterococcus hirae,61,7.61596460998583e-06,61,7.61603617224857e-06,0,Bacillota,Bacilli,Lactobacillales,Enterococcaceae,Enterococcus,Enterococcus hirae,0,0,0,0,0,0,0,0,0,FALSE
0,unknown genome; accession ID isNZ_ACCK01000473.1,58,7.24140897342915e-06,56.4,7.03981290762438e-06,0,0,0,0,0,0,0,0,0,0,0,0,0,0,0,0,FALSE
0,unknown genome; accession ID isNZ_ACCK01000462.1,58,7.24140897342915e-06,58,7.24140897342915e-06,0,0,0,0,0,0,0,0,0,0,0,0,0,0,0,0,FALSE
0,unknown genome; accession ID isNZ_ACCK01000399.1,58,7.24140897342915e-06,58,7.24140897342915e-06,0,0,0,0,0,0,0,0,0,0,0,0,0,0,0,0,FALSE
0,unknown genome; accession ID isNZ_BBDW01000018.1,58,7.24140897342915e-06,58,7.24752961642357e-06,0,0,0,0,0,0,0,0,0,0,0,0,0,0,0,0,FALSE
1120979,Alloscardovia omnicolens,57,7.11655709457692e-06,57,7.11655787974269e-06,0,Actinomycetota,Actinomycetes,Bifidobacteriales,Bifidobacteriaceae,Alloscardovia,Alloscardovia omnicolens,0,0,0,0,0,0,0,0,0,FALSE
0,unknown genome; accession ID isNZ_ACCK01000435.1,56,6.99170521572469e-06,63.2,7.89263929622301e-06,0,0,0,0,0,0,0,0,0,0,0,0,0,0,0,0,FALSE
0,unknown genome; accession ID isNZ_ACCK01000008.1,56,6.99170521572469e-06,56,6.99170521572469e-06,0,0,0,0,0,0,0,0,0,0,0,0,0,0,0,0,FALSE
0,unknown genome; accession ID isNZ_KB850945.1,55,6.86685333687247e-06,54.1,6.74947839964257e-06,0,0,0,0,0,0,0,0,0,0,0,0,0,0,0,0,FALSE
1432052,Eisenbergiella tayi,55,6.86685333687247e-06,56.1,7.00324127599222e-06,0,Bacillota,Clostridia,Lachnospirales,Lachnospiraceae,Eisenbergiella,Eisenbergiella tayi,0,0,0,0,0,0,0,0,0,FALSE
82983,Obesumbacterium proteus,54,6.74200145802024e-06,54,6.73899736342598e-06,0,Pseudomonadota,Gammaproteobacteria,Enterobacterales,Hafniaceae,Obesumbacterium,Obesumbacterium proteus,0,0,0,0,0,0,0,0,0,FALSE
1423755,Ligilactobacillus hayakitensis,54,6.74200145802024e-06,51.5,6.43132341477513e-06,0,Bacillota,Bacilli,Lactobacillales,Lactobacillaceae,Ligilactobacillus,Ligilactobacillus hayakitensis,0,0,0,0,0,0,0,0,0,FALSE
553175,Porphyromonas endodontalis,53,6.61714957916801e-06,45.5,5.68473323337212e-06,0,Bacteroidota,Bacteroidia,Bacteroidales,Porphyromonadaceae,Porphyromonas,Porphyromonas endodontalis,0,0,0,0,0,0,0,0,0,FALSE
1044999,Erwinia tracheiphila,53,6.61714957916801e-06,53.8,6.72226670236828e-06,0,Pseudomonadota,Gammaproteobacteria,Enterobacterales,Erwiniaceae,Erwinia,Erwinia tracheiphila,0,0,0,0,0,0,0,0,0,FALSE
290052,Acetivibrio ethanolgignens,53,6.61714957916801e-06,52.6,6.573284174412e-06,0,Bacillota,Clostridia,Eubacteriales,Oscillospiraceae,Acetivibrio,Acetivibrio ethanolgignens,0,0,0,0,0,0,0,0,0,FALSE
1122155,Lactonifactor longoviformis,52,6.49229770031579e-06,61,7.61483695415404e-06,0,Bacillota,Clostridia,Eubacteriales,Clostridiaceae,Lactonifactor,Lactonifactor longoviformis,0,0,0,0,0,0,0,0,0,FALSE
1769291,Oceanivirga salmonicida,52,6.49229770031579e-06,50.6,6.32346355315649e-06,0,Fusobacteriota,Fusobacteriia,Fusobacteriales,Leptotrichiaceae,Oceanivirga,Oceanivirga salmonicida,0,0,0,0,0,0,0,0,0,FALSE
0,unknown genome; accession ID isNZ_ACCK01000026.1,51,6.36744582146356e-06,51,6.36744582146356e-06,0,0,0,0,0,0,0,0,0,0,0,0,0,0,0,0,FALSE
1852374,Ezakiella massiliensis,50,6.24259394261133e-06,80.8,1.00829419593314e-05,0,Bacillota,Tissierellia,0,0,Ezakiella,Ezakiella massiliensis,0,0,0,0,0,0,0,0,0,FALSE
44008,Enterococcus cecorum,48,5.99289018490688e-06,54.1,6.75478751230442e-06,0,Bacillota,Bacilli,Lactobacillales,Enterococcaceae,Enterococcus,Enterococcus cecorum,0,0,0,0,0,0,0,0,0,FALSE
0,unknown genome; accession ID isNZ_ACCK01000046.1,48,5.99289018490688e-06,48,5.99289018490688e-06,0,0,0,0,0,0,0,0,0,0,0,0,0,0,0,0,FALSE
742733,Enterocloster citroniae,48,5.99289018490688e-06,49.6,6.19459533715572e-06,0,Bacillota,Clostridia,Lachnospirales,Lachnospiraceae,Enterocloster,Enterocloster citroniae,0,0,0,0,0,0,0,0,0,FALSE
1121129,Butyricimonas synergistica,48,5.99289018490688e-06,48.7,6.08320973865225e-06,0,Bacteroidota,Bacteroidia,Bacteroidales,Odoribacteraceae,Butyricimonas,Butyricimonas synergistica,0,0,0,0,0,0,0,0,0,FALSE
1121321,Asaccharospora irregularis,47,5.86803830605465e-06,42.7,5.32864271557462e-06,0,Bacillota,Clostridia,Peptostreptococcales,Peptostreptococcaceae,Asaccharospora,Asaccharospora irregularis,0,0,0,0,0,0,0,0,0,FALSE
158822,Cedecea neteri,47,5.86803830605465e-06,43,5.37201864290174e-06,0,Pseudomonadota,Gammaproteobacteria,Enterobacterales,Enterobacteriaceae,Cedecea,Cedecea neteri,0,0,0,0,0,0,0,0,0,FALSE
2585118,Alistipes communis,47,5.86803830605465e-06,232.6,2.90360465158589e-05,0,Bacteroidota,Bacteroidia,Bacteroidales,Rikenellaceae,Alistipes,Alistipes communis,0,0,0,0,0,0,0,0,0,FALSE
1297617,Intestinimonas butyriciproducens,47,5.86803830605465e-06,47.5,5.93020364184114e-06,0,Bacillota,Clostridia,Eubacteriales,0,Intestinimonas,Intestinimonas butyriciproducens,0,0,0,0,0,0,0,0,0,FALSE
1121925,Globicatella sulfidifaciens,46,5.74318642720243e-06,59.3,7.40898991845483e-06,0,Bacillota,Bacilli,Lactobacillales,Aerococcaceae,Globicatella,Globicatella sulfidifaciens,0,0,0,0,0,0,0,0,0,FALSE
0,unknown genome; accession ID isNZ_ACCK01000427.1,45,5.6183345483502e-06,45,5.6183345483502e-06,0,0,0,0,0,0,0,0,0,0,0,0,0,0,0,0,FALSE
194948,Escherichia Stx1 converting phage,45,5.6183345483502e-06,49.1,6.1299558441539e-06,0,Uroviricota,Caudoviricetes,0,0,Traversvirus,Escherichia Stx1 converting phage,0,0,0,0,0,0,0,0,0,FALSE
1498227,Diegovirus POCJ13,45,5.6183345483502e-06,73.9,9.22637526325091e-06,0,Uroviricota,Caudoviricetes,0,0,Diegovirus,Diegovirus POCJ13,0,0,0,0,0,0,0,0,0,FALSE
1147153,Cuauhtlivirus mEpX1,45,5.6183345483502e-06,39,4.86731118724837e-06,0,Uroviricota,Caudoviricetes,0,0,Cuauhtlivirus,Cuauhtlivirus mEpX1,0,0,0,0,0,0,0,0,0,FALSE
1121296,[Clostridium] aminophilum,44,5.49348266949797e-06,54.6,6.82081108693773e-06,0,Bacillota,Clostridia,Lachnospirales,Lachnospiraceae,Lachnoclostridium,[Clostridium] aminophilum,0,0,0,0,0,0,0,0,0,FALSE
411468,[Clostridium] scindens,44,5.49348266949797e-06,54.2,6.76341379145419e-06,0,Bacillota,Clostridia,Lachnospirales,Lachnospiraceae,Lachnoclostridium,[Clostridium] scindens,0,0,0,0,0,0,0,0,0,FALSE
883112,Falseniella ignava,44,5.49348266949797e-06,41.3,5.15251034367939e-06,0,Bacillota,Bacilli,Lactobacillales,Aerococcaceae,Falseniella,Falseniella ignava,0,0,0,0,0,0,0,0,0,FALSE
553178,Capnocytophaga gingivalis,43,5.36863079064575e-06,58.9,7.35497691768868e-06,0,Bacteroidota,Flavobacteriia,Flavobacteriales,Flavobacteriaceae,Capnocytophaga,Capnocytophaga gingivalis,0,0,0,0,0,0,0,0,0,FALSE
1035196,Peptostreptococcus anaerobius,43,5.36863079064575e-06,45.3,5.65730925354904e-06,0,Bacillota,Clostridia,Peptostreptococcales,Peptostreptococcaceae,Peptostreptococcus,Peptostreptococcus anaerobius,0,0,0,0,0,0,0,0,0,FALSE
0,unknown genome; accession ID isNZ_KB850943.1,43,5.36863079064575e-06,76.3,9.52041849826361e-06,0,0,0,0,0,0,0,0,0,0,0,0,0,0,0,0,FALSE
0,unknown genome; accession ID isNZ_ACCK01000475.1,43,5.36863079064575e-06,43,5.36863079064575e-06,0,0,0,0,0,0,0,0,0,0,0,0,0,0,0,0,FALSE
208224,Enterobacter kobei,43,5.36863079064575e-06,44.8,5.59303702562999e-06,0,Pseudomonadota,Gammaproteobacteria,Enterobacterales,Enterobacteriaceae,Enterobacter,Enterobacter kobei,0,0,0,0,0,0,0,0,0,FALSE
0,unknown genome; accession ID isNZ_ACCK01000433.1,42,5.24377891179352e-06,42,5.24377891179352e-06,0,0,0,0,0,0,0,0,0,0,0,0,0,0,0,0,FALSE
1051631,Streptococcus phage YMC-2011,42,5.24377891179352e-06,42,5.24377891179352e-06,0,Uroviricota,Caudoviricetes,0,Aliceevansviridae,0,Streptococcus phage YMC-2011,0,0,0,0,0,0,0,0,0,FALSE
0,unknown genome; accession ID isNZ_ACCK01000029.1,41,5.11892703294129e-06,41.2,5.14535018023865e-06,0,0,0,0,0,0,0,0,0,0,0,0,0,0,0,0,FALSE
1122228,Alloscardovia criceti,41,5.11892703294129e-06,41,5.1189271149368e-06,0,Actinomycetota,Actinomycetes,Bifidobacteriales,Bifidobacteriaceae,Alloscardovia,Alloscardovia criceti,0,0,0,0,0,0,0,0,0,FALSE
875454,Peptoniphilus rhinitidis,41,5.11892703294129e-06,42.9,5.3620149879714e-06,0,Bacillota,Tissierellia,Tissierellales,Peptoniphilaceae,Peptoniphilus,Peptoniphilus rhinitidis,0,0,0,0,0,0,0,0,0,FALSE
0,unknown genome; accession ID isNZ_BBDW01000003.1,40,4.99407515408907e-06,40,4.99424527713105e-06,0,0,0,0,0,0,0,0,0,0,0,0,0,0,0,0,FALSE
0,unknown genome; accession ID isNZ_LT608311.1,40,4.99407515408907e-06,42,5.24341786278459e-06,0,0,0,0,0,0,0,0,0,0,0,0,0,0,0,0,FALSE
2897707,Merdimmobilis hominis,39,4.86922327523684e-06,63,7.86001785270042e-06,0,Bacillota,Clostridia,Eubacteriales,Oscillospiraceae,Merdimmobilis,Merdimmobilis hominis,0,0,0,0,0,0,0,0,0,FALSE
0,unknown genome; accession ID isNZ_ACCK01000070.1,38,4.74437139638461e-06,38,4.74436917900866e-06,0,0,0,0,0,0,0,0,0,0,0,0,0,0,0,0,FALSE
1203606,Butyricicoccus pullicaecorum,38,4.74437139638461e-06,37.9,4.73576750932532e-06,0,Bacillota,Clostridia,Eubacteriales,Butyricicoccaceae,Butyricicoccus,Butyricicoccus pullicaecorum,0,0,0,0,0,0,0,0,0,FALSE
0,unknown genome; accession ID isNZ_ACCK01000001.1,37,4.61951951753239e-06,37,4.61951951753239e-06,0,0,0,0,0,0,0,0,0,0,0,0,0,0,0,0,FALSE
1109412,Brenneria goodwinii,37,4.61951951753239e-06,39.9,4.97745459007851e-06,0,Pseudomonadota,Gammaproteobacteria,Enterobacterales,Pectobacteriaceae,Brenneria,Brenneria goodwinii,0,0,0,0,0,0,0,0,0,FALSE
1944646,Phoenicibacter congonensis,37,4.61951951753239e-06,37.3,4.65225813231409e-06,0,Actinomycetota,Coriobacteriia,Eggerthellales,Eggerthellaceae,Phoenicibacter,Phoenicibacter congonensis,0,0,0,0,0,0,0,0,0,FALSE
0,unknown genome; accession ID isNZ_ACCK01000067.1,36,4.49466763868016e-06,36,4.4950373298411e-06,0,0,0,0,0,0,0,0,0,0,0,0,0,0,0,0,FALSE
0,unknown genome; accession ID isNZ_BBDW01000019.1,36,4.49466763868016e-06,39.4,4.91549570899214e-06,0,0,0,0,0,0,0,0,0,0,0,0,0,0,0,0,FALSE
0,unknown genome; accession ID isNZ_ACCK01000009.1,35,4.36981575982793e-06,35,4.36981575982793e-06,0,0,0,0,0,0,0,0,0,0,0,0,0,0,0,0,FALSE
414970,Enterobacteria phage cdtI,35,4.36981575982793e-06,37.6,4.69037010264464e-06,0,Uroviricota,Caudoviricetes,0,0,0,Enterobacteria phage cdtI,0,0,0,0,0,0,0,0,0,FALSE
469599,Fusobacterium periodonticum,34,4.24496388097571e-06,25.7,3.2143763876253e-06,0,Fusobacteriota,Fusobacteriia,Fusobacteriales,Fusobacteriaceae,Fusobacterium,Fusobacterium periodonticum,0,0,0,0,0,0,0,0,0,FALSE
0,unknown genome; accession ID isNZ_ACCK01000459.1,34,4.24496388097571e-06,34,4.24496388097571e-06,0,0,0,0,0,0,0,0,0,0,0,0,0,0,0,0,FALSE
0,unknown genome; accession ID isNZ_ACCK01000413.1,34,4.24496388097571e-06,34,4.24496388097571e-06,0,0,0,0,0,0,0,0,0,0,0,0,0,0,0,0,FALSE
0,unknown genome; accession ID isNZ_BBAB01000002.1,34,4.24496388097571e-06,34,4.24496491164021e-06,0,0,0,0,0,0,0,0,0,0,0,0,0,0,0,0,FALSE
0,unknown genome; accession ID isNZ_BBAB01000016.1,34,4.24496388097571e-06,34,4.24499428210587e-06,0,0,0,0,0,0,0,0,0,0,0,0,0,0,0,0,FALSE
1118056,Anaerococcus obesiensis,34,4.24496388097571e-06,48.6,6.07150437960805e-06,0,Bacillota,Tissierellia,Tissierellales,Peptoniphilaceae,Anaerococcus,Anaerococcus obesiensis,0,0,0,0,0,0,0,0,0,FALSE
1211813,Alistipes ihumii,34,4.24496388097571e-06,34,4.24496623125456e-06,0,Bacteroidota,Bacteroidia,Bacteroidales,Rikenellaceae,Alistipes,Alistipes ihumii,0,0,0,0,0,0,0,0,0,FALSE
35760,Bifidobacterium choerinum,33,4.12011200212348e-06,33,4.12012607787022e-06,0,Actinomycetota,Actinomycetes,Bifidobacteriales,Bifidobacteriaceae,Bifidobacterium,Bifidobacterium choerinum,0,0,0,0,0,0,0,0,0,FALSE
77635,Bifidobacterium subtile,33,4.12011200212348e-06,33.3,4.15412673374968e-06,0,Actinomycetota,Actinomycetes,Bifidobacteriales,Bifidobacteriaceae,Bifidobacterium,Bifidobacterium subtile,0,0,0,0,0,0,0,0,0,FALSE
0,unknown genome; accession ID isNZ_ACCK01000463.1,33,4.12011200212348e-06,33.3,4.15229995291821e-06,0,0,0,0,0,0,0,0,0,0,0,0,0,0,0,0,FALSE
679199,Alloprevotella rava,33,4.12011200212348e-06,58.1,7.25482762380763e-06,0,Bacteroidota,Bacteroidia,Bacteroidales,Prevotellaceae,Alloprevotella,Alloprevotella rava,0,0,0,0,0,0,0,0,0,FALSE
568814,Streptococcus suis,32,3.99526012327125e-06,32.5,4.05217558968342e-06,0,Bacillota,Bacilli,Lactobacillales,Streptococcaceae,Streptococcus,Streptococcus suis,0,0,0,0,0,0,0,0,0,FALSE
0,unknown genome; accession ID isNZ_ACCK01000458.1,32,3.99526012327125e-06,32,3.99525608657427e-06,0,0,0,0,0,0,0,0,0,0,0,0,0,0,0,0,FALSE
0,unknown genome; accession ID isNZ_JTDA01000021.1,32,3.99526012327125e-06,32,3.99528294790869e-06,0,0,0,0,0,0,0,0,0,0,0,0,0,0,0,0,FALSE
1732063,Staphylococcus phage SPbeta-like,32,3.99526012327125e-06,32,3.99140162726629e-06,0,Uroviricota,Caudoviricetes,0,0,0,Staphylococcus phage SPbeta-like,0,0,0,0,0,0,0,0,0,FALSE
432198,Wanchaivirus HK106,32,3.99526012327125e-06,30.2,3.77331315240539e-06,0,Uroviricota,Caudoviricetes,0,0,Wanchaivirus,Wanchaivirus HK106,0,0,0,0,0,0,0,0,0,FALSE
105219,Ralstonia mannitolilytica,31,3.87040824441903e-06,32.7,4.08700071151527e-06,0,Pseudomonadota,Betaproteobacteria,Burkholderiales,Burkholderiaceae,Ralstonia,Ralstonia mannitolilytica,0,0,0,0,0,0,0,0,0,FALSE
0,unknown genome; accession ID isNZ_BBAB01000045.1,31,3.87040824441903e-06,31,3.87040846445212e-06,0,0,0,0,0,0,0,0,0,0,0,0,0,0,0,0,FALSE
1235834,Kosakonia sacchari,31,3.87040824441903e-06,34.3,4.28177428011276e-06,0,Pseudomonadota,Gammaproteobacteria,Enterobacterales,Enterobacteriaceae,Kosakonia,Kosakonia sacchari,0,0,0,0,0,0,0,0,0,FALSE
1852362,Bacteroides ihuae,31,3.87040824441903e-06,31.2,3.88963983627654e-06,0,Bacteroidota,Bacteroidia,Bacteroidales,Bacteroidaceae,Bacteroides,Bacteroides ihuae,0,0,0,0,0,0,0,0,0,FALSE
344612,Aspergillus clavatus,31,3.87040824441903e-06,30.5,3.80374096682149e-06,0,Ascomycota,Eurotiomycetes,Eurotiales,Aspergillaceae,Aspergillus,Aspergillus clavatus,0,0,0,0,0,0,0,0,0,FALSE
0,unknown genome; accession ID isNZ_BAJQ01000008.1,30,3.7455563655668e-06,78.9,9.84541217317782e-06,0,0,0,0,0,0,0,0,0,0,0,0,0,0,0,0,FALSE
0,unknown genome; accession ID isNZ_ACCK01000019.1,30,3.7455563655668e-06,30,3.7455563655668e-06,0,0,0,0,0,0,0,0,0,0,0,0,0,0,0,0,FALSE
0,unknown genome; accession ID isNZ_ACCK01000004.1,30,3.7455563655668e-06,30,3.74555763540307e-06,0,0,0,0,0,0,0,0,0,0,0,0,0,0,0,0,FALSE
1258574,Streptococcus gallolyticus,30,3.7455563655668e-06,30,3.74557417058761e-06,0,Bacillota,Bacilli,Lactobacillales,Streptococcaceae,Streptococcus,Streptococcus gallolyticus,0,0,0,0,0,0,0,0,0,FALSE
525255,Anaerococcus tetradius,29,3.62070448671457e-06,27,3.37048421219391e-06,0,Bacillota,Tissierellia,Tissierellales,Peptoniphilaceae,Anaerococcus,Anaerococcus tetradius,0,0,0,0,0,0,0,0,0,FALSE
0,unknown genome; accession ID isNZ_ACCK01000422.1,29,3.62070448671457e-06,28.7,3.58422450458188e-06,0,0,0,0,0,0,0,0,0,0,0,0,0,0,0,0,FALSE
0,unknown genome; accession ID isNZ_ACCK01000397.1,29,3.62070448671457e-06,29,3.62070448671457e-06,0,0,0,0,0,0,0,0,0,0,0,0,0,0,0,0,FALSE
0,unknown genome; accession ID isNZ_ACCK01000050.1,29,3.62070448671457e-06,29,3.62070448671457e-06,0,0,0,0,0,0,0,0,0,0,0,0,0,0,0,0,FALSE
0,unknown genome; accession ID isNZ_JNKJ01000045.1,29,3.62070448671457e-06,29.2,3.64932758113369e-06,0,0,0,0,0,0,0,0,0,0,0,0,0,0,0,0,FALSE
604330,Parafannyhessea umbonata,29,3.62070448671457e-06,29.2,3.65090680075683e-06,0,Actinomycetota,Coriobacteriia,Coriobacteriales,Atopobiaceae,Parafannyhessea,Parafannyhessea umbonata,0,0,0,0,0,0,0,0,0,FALSE
29524,Porphyromonas circumdentaria,28,3.49585260786235e-06,28.1,3.50388339785806e-06,0,Bacteroidota,Bacteroidia,Bacteroidales,Porphyromonadaceae,Porphyromonas,Porphyromonas circumdentaria,0,0,0,0,0,0,0,0,0,FALSE
0,unknown genome; accession ID isNZ_BBDW01000001.1,28,3.49585260786235e-06,28,3.49736844657537e-06,0,0,0,0,0,0,0,0,0,0,0,0,0,0,0,0,FALSE
742818,Slackia piriformis,28,3.49585260786235e-06,27.9,3.48704840531517e-06,0,Actinomycetota,Coriobacteriia,Eggerthellales,Eggerthellaceae,Slackia,Slackia piriformis,0,0,0,0,0,0,0,0,0,FALSE
0,unknown genome; accession ID isNZ_BAJQ01000018.1,27,3.37100072901012e-06,30.7,3.83466622844547e-06,0,0,0,0,0,0,0,0,0,0,0,0,0,0,0,0,FALSE
1122978,Segatella albensis,27,3.37100072901012e-06,24.6,3.06601969400337e-06,0,Bacteroidota,Bacteroidia,Bacteroidales,Prevotellaceae,Segatella,Segatella albensis,0,0,0,0,0,0,0,0,0,FALSE
1329411,Bifidobacterium aesculapii,27,3.37100072901012e-06,31,3.87307465554839e-06,0,Actinomycetota,Actinomycetes,Bifidobacteriales,Bifidobacteriaceae,Bifidobacterium,Bifidobacterium aesculapii,0,0,0,0,0,0,0,0,0,FALSE
432201,Kwaitsingvirus HK544,27,3.37100072901012e-06,27.4,3.42173092141978e-06,0,Uroviricota,Caudoviricetes,0,0,Kwaitsingvirus,Kwaitsingvirus HK544,0,0,0,0,0,0,0,0,0,FALSE
0,unknown genome; accession ID isNZ_CP010516.1,26,3.24614885015789e-06,26,3.25021496207443e-06,0,0,0,0,0,0,0,0,0,0,0,0,0,0,0,0,FALSE
0,unknown genome; accession ID isNZ_ACCK01000470.1,26,3.24614885015789e-06,25.7,3.20694407109477e-06,0,0,0,0,0,0,0,0,0,0,0,0,0,0,0,0,FALSE
0,unknown genome; accession ID isNZ_ACCK01000469.1,26,3.24614885015789e-06,26,3.24614885015789e-06,0,0,0,0,0,0,0,0,0,0,0,0,0,0,0,0,FALSE
0,unknown genome; accession ID isNZ_ACCK01000030.1,26,3.24614885015789e-06,26,3.24614885015789e-06,0,0,0,0,0,0,0,0,0,0,0,0,0,0,0,0,FALSE
0,unknown genome; accession ID isNZ_ACCK01000022.1,26,3.24614885015789e-06,35,4.37377871517397e-06,0,0,0,0,0,0,0,0,0,0,0,0,0,0,0,0,FALSE
871963,Desulfitobacterium dichloroeliminans,26,3.24614885015789e-06,25.9,3.22781098926035e-06,0,Bacillota,Clostridia,Eubacteriales,Desulfitobacteriaceae,Desulfitobacterium,Desulfitobacterium dichloroeliminans,0,0,0,0,0,0,0,0,0,FALSE
0,unknown genome; accession ID isNZ_BAJQ01000009.1,25,3.12129697130567e-06,16,1.99644911041424e-06,0,0,0,0,0,0,0,0,0,0,0,0,0,0,0,0,FALSE
883114,Helcococcus kunzii,25,3.12129697130567e-06,26.2,3.27042245809056e-06,0,Bacillota,Tissierellia,Tissierellales,Peptoniphilaceae,Helcococcus,Helcococcus kunzii,0,0,0,0,0,0,0,0,0,FALSE
0,unknown genome; accession ID isNZ_ACCK01000436.1,25,3.12129697130567e-06,25,3.12129697130567e-06,0,0,0,0,0,0,0,0,0,0,0,0,0,0,0,0,FALSE
0,unknown genome; accession ID isNZ_ACCK01000031.1,25,3.12129697130567e-06,25,3.12129697130567e-06,0,0,0,0,0,0,0,0,0,0,0,0,0,0,0,0,FALSE
0,unknown genome; accession ID isNZ_BBDW01000020.1,25,3.12129697130567e-06,25,3.12129707012509e-06,0,0,0,0,0,0,0,0,0,0,0,0,0,0,0,0,FALSE
1776381,Olegusella massiliensis,25,3.12129697130567e-06,25.5,3.1858700215675e-06,0,Actinomycetota,Coriobacteriia,Coriobacteriales,Coriobacteriaceae,Olegusella,Olegusella massiliensis,0,0,0,0,0,0,0,0,0,FALSE
966,Oceanospirillum linum,24,2.99644509245344e-06,20,2.50185844568468e-06,0,Pseudomonadota,Gammaproteobacteria,Oceanospirillales,Oceanospirillaceae,Oceanospirillum,Oceanospirillum linum,0,0,0,0,0,0,0,0,0,FALSE
0,unknown genome; accession ID isNZ_KB822478.1,24,2.99644509245344e-06,25.5,3.18237017550506e-06,0,0,0,0,0,0,0,0,0,0,0,0,0,0,0,0,FALSE
1122979,Prevotella amnii,24,2.99644509245344e-06,24.2,3.01752070420884e-06,0,Bacteroidota,Bacteroidia,Bacteroidales,Prevotellaceae,Prevotella,Prevotella amnii,0,0,0,0,0,0,0,0,0,FALSE
1449340,Carnobacterium jeotgali,24,2.99644509245344e-06,21.2,2.64146530501664e-06,0,Bacillota,Bacilli,Lactobacillales,Carnobacteriaceae,Carnobacterium,Carnobacterium jeotgali,0,0,0,0,0,0,0,0,0,FALSE
1134435,Thauera humireducens,24,2.99644509245344e-06,24.2,3.02152226204728e-06,0,Pseudomonadota,Betaproteobacteria,Rhodocyclales,Zoogloeaceae,Thauera,Thauera humireducens,0,0,0,0,0,0,0,0,0,FALSE
947969,Cellulomonas carbonis,24,2.99644509245344e-06,24,2.99645847465927e-06,0,Actinomycetota,Actinomycetes,Micrococcales,Cellulomonadaceae,Cellulomonas,Cellulomonas carbonis,0,0,0,0,0,0,0,0,0,FALSE
0,unknown genome; accession ID isNZ_LM651462.1,24,2.99644509245344e-06,24.3,3.03808307095591e-06,0,0,0,0,0,0,0,0,0,0,0,0,0,0,0,0,FALSE
398578,Delftia acidovorans,23,2.87159321360121e-06,25.3,3.15762203760729e-06,0,Pseudomonadota,Betaproteobacteria,Burkholderiales,Comamonadaceae,Delftia,Delftia acidovorans,0,0,0,0,0,0,0,0,0,FALSE
0,unknown genome; accession ID isNZ_ACCK01000445.1,23,2.87159321360121e-06,23,2.87159321360121e-06,0,0,0,0,0,0,0,0,0,0,0,0,0,0,0,0,FALSE
0,unknown genome; accession ID isNZ_GG662016.1,23,2.87159321360121e-06,23,2.86924558963687e-06,0,0,0,0,0,0,0,0,0,0,0,0,0,0,0,0,FALSE
1712031,Streptobacillus notomytis,23,2.87159321360121e-06,23,2.87164387519953e-06,0,Fusobacteriota,Fusobacteriia,Fusobacteriales,Leptotrichiaceae,Streptobacillus,Streptobacillus notomytis,0,0,0,0,0,0,0,0,0,FALSE
997353,Prevotella pallens,22,2.74674133474899e-06,23.2,2.89352351828059e-06,0,Bacteroidota,Bacteroidia,Bacteroidales,Prevotellaceae,Prevotella,Prevotella pallens,0,0,0,0,0,0,0,0,0,FALSE
0,unknown genome; accession ID isNZ_ACCK01000428.1,22,2.74674133474899e-06,22,2.74674133474899e-06,0,0,0,0,0,0,0,0,0,0,0,0,0,0,0,0,FALSE
1122142,Lachnobacterium bovis,22,2.74674133474899e-06,21.8,2.72594607349317e-06,0,Bacillota,Clostridia,Lachnospirales,Lachnospiraceae,Lachnobacterium,Lachnobacterium bovis,0,0,0,0,0,0,0,0,0,FALSE
590409,Dickeya parazeae,22,2.74674133474899e-06,21.8,2.71760560262966e-06,0,Pseudomonadota,Gammaproteobacteria,Enterobacterales,Pectobacteriaceae,Dickeya,Dickeya parazeae,0,0,0,0,0,0,0,0,0,FALSE
0,unknown genome; accession ID isNZ_GG662015.1,22,2.74674133474899e-06,20.5,2.55566042824455e-06,0,0,0,0,0,0,0,0,0,0,0,0,0,0,0,0,FALSE
1870997,Alterileibacterium massiliense,22,2.74674133474899e-06,22.5,2.80855984013347e-06,0,Bacillota,Clostridia,Peptostreptococcales,Anaerovoracaceae,Alterileibacterium,Alterileibacterium massiliense,0,0,0,0,0,0,0,0,0,FALSE
698758,Amphibacillus xylanus,21,2.62188945589676e-06,21.2,2.6451504343146e-06,0,Bacillota,Bacilli,Bacillales,Bacillaceae,Amphibacillus,Amphibacillus xylanus,0,0,0,0,0,0,0,0,0,FALSE
406818,Xenorhabdus bovienii,21,2.62188945589676e-06,17,2.12038868741578e-06,0,Pseudomonadota,Gammaproteobacteria,Enterobacterales,Morganellaceae,Xenorhabdus,Xenorhabdus bovienii,0,0,0,0,0,0,0,0,0,FALSE
1158607,Enterococcus pallens,21,2.62188945589676e-06,20.7,2.58682029400971e-06,0,Bacillota,Bacilli,Lactobacillales,Enterococcaceae,Enterococcus,Enterococcus pallens,0,0,0,0,0,0,0,0,0,FALSE
322095,Porphyromonas somerae,21,2.62188945589676e-06,20.3,2.53073828344958e-06,0,Bacteroidota,Bacteroidia,Bacteroidales,Porphyromonadaceae,Porphyromonas,Porphyromonas somerae,0,0,0,0,0,0,0,0,0,FALSE
1123313,Faecalicoccus pleomorphus,20,2.49703757704453e-06,20.2,2.51625995906996e-06,0,Bacillota,Erysipelotrichia,Erysipelotrichales,Erysipelotrichaceae,Faecalicoccus,Faecalicoccus pleomorphus,0,0,0,0,0,0,0,0,0,FALSE
0,unknown genome; accession ID isNZ_ACCK01000437.1,20,2.49703757704453e-06,20,2.49703757704453e-06,0,0,0,0,0,0,0,0,0,0,0,0,0,0,0,0,FALSE
0,unknown genome; accession ID isNZ_ACCK01000401.1,20,2.49703757704453e-06,20,2.49703757704453e-06,0,0,0,0,0,0,0,0,0,0,0,0,0,0,0,0,FALSE
0,unknown genome; accession ID isNZ_ACCK01000017.1,20,2.49703757704453e-06,20,2.49703757704453e-06,0,0,0,0,0,0,0,0,0,0,0,0,0,0,0,0,FALSE
290054,Eubacterium coprostanoligenes,20,2.49703757704453e-06,20,2.497038479805e-06,0,Bacillota,Clostridia,Eubacteriales,Eubacteriaceae,Eubacterium,Eubacterium coprostanoligenes,0,0,0,0,0,0,0,0,0,FALSE
1776382,Neglectibacter timonensis,20,2.49703757704453e-06,23.5,2.93573581590574e-06,0,Bacillota,Clostridia,Eubacteriales,Oscillospiraceae,Neglectibacter,Neglectibacter timonensis,0,0,0,0,0,0,0,0,0,FALSE
1796620,Acutalibacter muris,20,2.49703757704453e-06,22.5,2.80881624941467e-06,0,Bacillota,Clostridia,Eubacteriales,Acutalibacteraceae,Acutalibacter,Acutalibacter muris,0,0,0,0,0,0,0,0,0,FALSE
1655645,Parabacteroides phage YZ-2015b,20,2.49703757704453e-06,19.8,2.47438002020843e-06,0,Phixviricota,Malgrandaviricetes,Petitvirales,Microviridae,0,Parabacteroides phage YZ-2015b,0,0,0,0,0,0,0,0,0,FALSE
1688,Bifidobacterium cuniculi,19,2.37218569819231e-06,19.9,2.48241735225287e-06,0,Actinomycetota,Actinomycetes,Bifidobacteriales,Bifidobacteriaceae,Bifidobacterium,Bifidobacterium cuniculi,0,0,0,0,0,0,0,0,0,FALSE
936054,Oslovirus PA2,19,2.37218569819231e-06,19.3,2.4127620879319e-06,0,Uroviricota,Caudoviricetes,0,0,Oslovirus,Oslovirus PA2,0,0,0,0,0,0,0,0,0,FALSE
997352,Prevotella nigrescens,18,2.24733381934008e-06,16.7,2.08057659896313e-06,0,Bacteroidota,Bacteroidia,Bacteroidales,Prevotellaceae,Prevotella,Prevotella nigrescens,0,0,0,0,0,0,0,0,0,FALSE
561180,Bifidobacterium gallicum,18,2.24733381934008e-06,25.2,3.14950139893693e-06,0,Actinomycetota,Actinomycetes,Bifidobacteriales,Bifidobacteriaceae,Bifidobacterium,Bifidobacterium gallicum,0,0,0,0,0,0,0,0,0,FALSE
0,unknown genome; accession ID isNZ_ACCK01000035.1,18,2.24733381934008e-06,18,2.24733381934008e-06,0,0,0,0,0,0,0,0,0,0,0,0,0,0,0,0,FALSE
0,unknown genome; accession ID isNZ_JNKJ01000044.1,18,2.24733381934008e-06,18,2.24733389135683e-06,0,0,0,0,0,0,0,0,0,0,0,0,0,0,0,0,FALSE
1122983,Prevotella falsenii,18,2.24733381934008e-06,20.6,2.56941453023319e-06,0,Bacteroidota,Bacteroidia,Bacteroidales,Prevotellaceae,Prevotella,Prevotella falsenii,0,0,0,0,0,0,0,0,0,FALSE
1870991,Massilioclostridium coli,18,2.24733381934008e-06,18.1,2.2597017235686e-06,0,Bacillota,Clostridia,Eubacteriales,Clostridiaceae,Massilioclostridium,Massilioclostridium coli,0,0,0,0,0,0,0,0,0,FALSE
0,unknown genome; accession ID isNZ_ACCK01000464.1,17,2.12248194048785e-06,16.2,2.02359969749745e-06,0,0,0,0,0,0,0,0,0,0,0,0,0,0,0,0,FALSE
596154,Alicycliphilus denitrificans,17,2.12248194048785e-06,17,2.12248442685822e-06,0,Pseudomonadota,Betaproteobacteria,Burkholderiales,Comamonadaceae,Alicycliphilus,Alicycliphilus denitrificans,0,0,0,0,0,0,0,0,0,FALSE
1384589,Entomohabitans teleogrylli,17,2.12248194048785e-06,18.5,2.31439660761248e-06,0,Pseudomonadota,Gammaproteobacteria,Enterobacterales,Enterobacteriaceae,Entomohabitans,Entomohabitans teleogrylli,0,0,0,0,0,0,0,0,0,FALSE
1776392,Massilimicrobiota timonensis,17,2.12248194048785e-06,17,2.12248238987136e-06,0,Bacillota,Erysipelotrichia,Erysipelotrichales,Erysipelotrichaceae,Massilimicrobiota,Massilimicrobiota timonensis,0,0,0,0,0,0,0,0,0,FALSE
1147143,Yautsimvirus HK140,17,2.12248194048785e-06,17.4,2.17008794367554e-06,0,Uroviricota,Caudoviricetes,0,0,Yautsimvirus,Yautsimvirus HK140,0,0,0,0,0,0,0,0,0,FALSE
1121331,Hathewaya proteolytica,16,1.99763006163563e-06,25.4,3.17601209340069e-06,0,Bacillota,Clostridia,Eubacteriales,Clostridiaceae,Hathewaya,Hathewaya proteolytica,0,0,0,0,0,0,0,0,0,FALSE
1408428,Bilophila wadsworthia,16,1.99763006163563e-06,16,1.99763006186705e-06,0,Thermodesulfobacteriota,Desulfovibrionia,Desulfovibrionales,Desulfovibrionaceae,Bilophila,Bilophila wadsworthia,0,0,0,0,0,0,0,0,0,FALSE
1274722,Winslowiella toletana,16,1.99763006163563e-06,15,1.86684795983863e-06,0,Pseudomonadota,Gammaproteobacteria,Enterobacterales,Erwiniaceae,Winslowiella,Winslowiella toletana,0,0,0,0,0,0,0,0,0,FALSE
0,unknown genome; accession ID isNZ_ACCK01000468.1,16,1.99763006163563e-06,16,1.99763006163563e-06,0,0,0,0,0,0,0,0,0,0,0,0,0,0,0,0,FALSE
0,unknown genome; accession ID isNZ_ACCK01000048.1,16,1.99763006163563e-06,16,1.99763006163563e-06,0,0,0,0,0,0,0,0,0,0,0,0,0,0,0,0,FALSE
0,unknown genome; accession ID isNZ_JNKJ01000018.1,16,1.99763006163563e-06,16.3,2.03942105955542e-06,0,0,0,0,0,0,0,0,0,0,0,0,0,0,0,0,FALSE
1236517,Prevotella fusca,16,1.99763006163563e-06,16.1,2.00574371679707e-06,0,Bacteroidota,Bacteroidia,Bacteroidales,Prevotellaceae,Prevotella,Prevotella fusca,0,0,0,0,0,0,0,0,0,FALSE
1673724,Neofamilia massiliensis,16,1.99763006163563e-06,16.6,2.07306487202463e-06,0,Bacillota,Clostridia,Eubacteriales,0,Neofamilia,Neofamilia massiliensis,0,0,0,0,0,0,0,0,0,FALSE
1691903,Mangrovibacter phragmitis,16,1.99763006163563e-06,15.4,1.92877461422916e-06,0,Pseudomonadota,Gammaproteobacteria,Enterobacterales,Enterobacteriaceae,Mangrovibacter,Mangrovibacter phragmitis,0,0,0,0,0,0,0,0,0,FALSE
1720313,Bittarella massiliensis (ex Durand et al. 2017),16,1.99763006163563e-06,16.5,2.06138442490011e-06,0,Bacillota,Clostridia,Eubacteriales,Oscillospiraceae,Bittarella (ex Durand et al. 2017),Bittarella massiliensis (ex Durand et al. 2017),0,0,0,0,0,0,0,0,0,FALSE
0,unknown genome; accession ID isNZ_ACCK01000456.1,15,1.8727781827834e-06,15,1.8727781827834e-06,0,0,0,0,0,0,0,0,0,0,0,0,0,0,0,0,FALSE
0,unknown genome; accession ID isNZ_ACCK01000454.1,15,1.8727781827834e-06,15,1.8727781827834e-06,0,0,0,0,0,0,0,0,0,0,0,0,0,0,0,0,FALSE
0,unknown genome; accession ID isNZ_ACCK01000425.1,15,1.8727781827834e-06,15,1.8727781827834e-06,0,0,0,0,0,0,0,0,0,0,0,0,0,0,0,0,FALSE
761804,Mycobacterium europaeum,15,1.8727781827834e-06,13.8,1.72205940476878e-06,0,Actinomycetota,Actinomycetes,Mycobacteriales,Mycobacteriaceae,Mycobacterium,Mycobacterium europaeum,0,0,0,0,0,0,0,0,0,FALSE
10730,Traversvirus tv933W,15,1.8727781827834e-06,14.9,1.85769480444762e-06,0,Uroviricota,Caudoviricetes,0,0,Traversvirus,Traversvirus tv933W,0,0,0,0,0,0,0,0,0,FALSE
652,Aeromonas schubertii,14,1.74792630393117e-06,13.5,1.69067926628995e-06,0,Pseudomonadota,Gammaproteobacteria,Aeromonadales,Aeromonadaceae,Aeromonas,Aeromonas schubertii,0,0,0,0,0,0,0,0,0,FALSE
525919,Anaerococcus prevotii,14,1.74792630393117e-06,14.7,1.83618341092352e-06,0,Bacillota,Tissierellia,Tissierellales,Peptoniphilaceae,Anaerococcus,Anaerococcus prevotii,0,0,0,0,0,0,0,0,0,FALSE
1302863,Streptococcus cristatus,14,1.74792630393117e-06,16.7,2.08713485267237e-06,0,Bacillota,Bacilli,Lactobacillales,Streptococcaceae,Streptococcus,Streptococcus cristatus,0,0,0,0,0,0,0,0,0,FALSE
0,unknown genome; accession ID isNZ_ACCK01000461.1,14,1.74792630393117e-06,14,1.74792630393117e-06,0,0,0,0,0,0,0,0,0,0,0,0,0,0,0,0,FALSE
0,unknown genome; accession ID isNZ_ACCK01000452.1,14,1.74792630393117e-06,14,1.74792632004222e-06,0,0,0,0,0,0,0,0,0,0,0,0,0,0,0,0,FALSE
356829,Bifidobacterium tsurumiense,14,1.74792630393117e-06,14,1.74792694763115e-06,0,Actinomycetota,Actinomycetes,Bifidobacteriales,Bifidobacteriaceae,Bifidobacterium,Bifidobacterium tsurumiense,0,0,0,0,0,0,0,0,0,FALSE
467210,Lachnoanaerobaculum saburreum,14,1.74792630393117e-06,13.9,1.73951968697147e-06,0,Bacillota,Clostridia,Lachnospirales,Lachnospiraceae,Lachnoanaerobaculum,Lachnoanaerobaculum saburreum,0,0,0,0,0,0,0,0,0,FALSE
0,unknown genome; accession ID isNZ_BBDW01000005.1,14,1.74792630393117e-06,14,1.74792685284791e-06,0,0,0,0,0,0,0,0,0,0,0,0,0,0,0,0,FALSE
1348253,Microbacterium mangrovi,14,1.74792630393117e-06,14.1,1.75553751931429e-06,0,Actinomycetota,Actinomycetes,Micrococcales,Microbacteriaceae,Microbacterium,Microbacterium mangrovi,0,0,0,0,0,0,0,0,0,FALSE
1033731,Alistipes timonensis,14,1.74792630393117e-06,14,1.75092945653778e-06,0,Bacteroidota,Bacteroidia,Bacteroidales,Rikenellaceae,Alistipes,Alistipes timonensis,0,0,0,0,0,0,0,0,0,FALSE
1807766,Pseudovibrio stylochi,14,1.74792630393117e-06,14.1,1.7545538110298e-06,0,Pseudomonadota,Alphaproteobacteria,Hyphomicrobiales,Stappiaceae,Pseudovibrio,Pseudovibrio stylochi,0,0,0,0,0,0,0,0,0,FALSE
1524881,Enterobacteria phage Sf101,14,1.74792630393117e-06,15.7,1.95407984328865e-06,0,Uroviricota,Caudoviricetes,0,0,Lederbergvirus,Enterobacteria phage Sf101,0,0,0,0,0,0,0,0,0,FALSE
431943,Clostridium kluyveri,13,1.62307442507895e-06,20.3,2.53064505054316e-06,0,Bacillota,Clostridia,Eubacteriales,Clostridiaceae,Clostridium,Clostridium kluyveri,0,0,0,0,0,0,0,0,0,FALSE
0,unknown genome; accession ID isNZ_BAJQ01000014.1,13,1.62307442507895e-06,10.2,1.2703240915146e-06,0,0,0,0,0,0,0,0,0,0,0,0,0,0,0,0,FALSE
0,unknown genome; accession ID isNZ_ACCK01000426.1,13,1.62307442507895e-06,13,1.62307442507895e-06,0,0,0,0,0,0,0,0,0,0,0,0,0,0,0,0,FALSE
0,unknown genome; accession ID isNZ_ACCK01000018.1,13,1.62307442507895e-06,13,1.62307442507895e-06,0,0,0,0,0,0,0,0,0,0,0,0,0,0,0,0,FALSE
1141661,Providencia alcalifaciens,13,1.62307442507895e-06,13.2,1.64192680293968e-06,0,Pseudomonadota,Gammaproteobacteria,Enterobacterales,Morganellaceae,Providencia,Providencia alcalifaciens,0,0,0,0,0,0,0,0,0,FALSE
1388748,Siccibacter turicensis,13,1.62307442507895e-06,13.3,1.66416139329755e-06,0,Pseudomonadota,Gammaproteobacteria,Enterobacterales,Enterobacteriaceae,Siccibacter,Siccibacter turicensis,0,0,0,0,0,0,0,0,0,FALSE
1871002,Acidaminococcus timonensis,13,1.62307442507895e-06,13,1.6230754246012e-06,0,Bacillota,Negativicutes,Acidaminococcales,Acidaminococcaceae,Acidaminococcus,Acidaminococcus timonensis,0,0,0,0,0,0,0,0,0,FALSE
0,unknown genome; accession ID isNZ_KB907524.1,12,1.49822254622672e-06,12.6,1.57312710507414e-06,0,0,0,0,0,0,0,0,0,0,0,0,0,0,0,0,FALSE
1158601,Enterococcus malodoratus,12,1.49822254622672e-06,12.2,1.51957139113085e-06,0,Bacillota,Bacilli,Lactobacillales,Enterococcaceae,Enterococcus,Enterococcus malodoratus,0,0,0,0,0,0,0,0,0,FALSE
0,unknown genome; accession ID isNZ_ACCK01000434.1,12,1.49822254622672e-06,12.8,1.59710478921713e-06,0,0,0,0,0,0,0,0,0,0,0,0,0,0,0,0,FALSE
0,unknown genome; accession ID isNZ_ACCK01000060.1,12,1.49822254622672e-06,12,1.49822254622672e-06,0,0,0,0,0,0,0,0,0,0,0,0,0,0,0,0,FALSE
0,unknown genome; accession ID isNZ_ACCK01000005.1,12,1.49822254622672e-06,12,1.4982226362887e-06,0,0,0,0,0,0,0,0,0,0,0,0,0,0,0,0,FALSE
0,unknown genome; accession ID isNZ_CP012068.1,12,1.49822254622672e-06,11.8,1.4762906946945e-06,0,0,0,0,0,0,0,0,0,0,0,0,0,0,0,0,FALSE
755172,Aedoeadaptatus coxii,12,1.49822254622672e-06,15.3,1.91403765979575e-06,0,Bacillota,Tissierellia,Tissierellales,Peptoniphilaceae,Aedoeadaptatus,Aedoeadaptatus coxii,0,0,0,0,0,0,0,0,0,FALSE
482822,Escherichia virus DE3,12,1.49822254622672e-06,17.5,2.18277712908711e-06,0,Uroviricota,Caudoviricetes,0,0,Lambdavirus,Escherichia virus DE3,0,0,0,0,0,0,0,0,0,FALSE
573058,Peptoniphilus asaccharolyticus,11,1.37337066737449e-06,12.1,1.5087682829836e-06,0,Bacillota,Tissierellia,Tissierellales,Peptoniphilaceae,Peptoniphilus,Peptoniphilus asaccharolyticus,0,0,0,0,0,0,0,0,0,FALSE
1423814,Limosilactobacillus vaginalis,11,1.37337066737449e-06,11,1.37337202570538e-06,0,Bacillota,Bacilli,Lactobacillales,Lactobacillaceae,Limosilactobacillus,Limosilactobacillus vaginalis,0,0,0,0,0,0,0,0,0,FALSE
1069080,Succinispira mobilis,11,1.37337066737449e-06,10.6,1.32754278565161e-06,0,Bacillota,Negativicutes,Acidaminococcales,Acidaminococcaceae,Succinispira,Succinispira mobilis,0,0,0,0,0,0,0,0,0,FALSE
0,unknown genome; accession ID isNZ_KB822499.1,11,1.37337066737449e-06,12.8,1.59766110676037e-06,0,0,0,0,0,0,0,0,0,0,0,0,0,0,0,0,FALSE
0,unknown genome; accession ID isNZ_KB822500.1,11,1.37337066737449e-06,11.2,1.39319603133627e-06,0,0,0,0,0,0,0,0,0,0,0,0,0,0,0,0,FALSE
1410653,Clostridium lundense,11,1.37337066737449e-06,10.7,1.33689445088059e-06,0,Bacillota,Clostridia,Eubacteriales,Clostridiaceae,Clostridium,Clostridium lundense,0,0,0,0,0,0,0,0,0,FALSE
574650,Micrococcus terreus,11,1.37337066737449e-06,8.4,1.04473044870382e-06,0,Actinomycetota,Actinomycetes,Micrococcales,Micrococcaceae,Micrococcus,Micrococcus terreus,0,0,0,0,0,0,0,0,0,FALSE
0,unknown genome; accession ID isNZ_BBDW01000024.1,11,1.37337066737449e-06,11,1.3748146777517e-06,0,0,0,0,0,0,0,0,0,0,0,0,0,0,0,0,FALSE
1297750,Bacteroides luti,11,1.37337066737449e-06,11,1.37427231407147e-06,0,Bacteroidota,Bacteroidia,Bacteroidales,Bacteroidaceae,Bacteroides,Bacteroides luti,0,0,0,0,0,0,0,0,0,FALSE
796943,Oribacterium parvum,11,1.37337066737449e-06,11,1.37337557994691e-06,0,Bacillota,Clostridia,Lachnospirales,Lachnospiraceae,Oribacterium,Oribacterium parvum,0,0,0,0,0,0,0,0,0,FALSE
1870984,Anaerococcus mediterraneensis,11,1.37337066737449e-06,10,1.24813840882066e-06,0,Bacillota,Tissierellia,Tissierellales,Peptoniphilaceae,Anaerococcus,Anaerococcus mediterraneensis,0,0,0,0,0,0,0,0,0,FALSE
1871022,Parolsenella massiliensis,11,1.37337066737449e-06,11.4,1.4293943155406e-06,0,Actinomycetota,Coriobacteriia,Coriobacteriales,Atopobiaceae,Parolsenella,Parolsenella massiliensis,0,0,0,0,0,0,0,0,0,FALSE
1732,Eubacterium oxidoreducens,10,1.24851878852227e-06,10.1,1.25890595056446e-06,0,Bacillota,Clostridia,Eubacteriales,Eubacteriaceae,Eubacterium,Eubacterium oxidoreducens,0,0,0,0,0,0,0,0,0,FALSE
1120918,Acetitomaculum ruminis,10,1.24851878852227e-06,10.1,1.2590774664177e-06,0,Bacillota,Clostridia,Lachnospirales,Lachnospiraceae,Acetitomaculum,Acetitomaculum ruminis,0,0,0,0,0,0,0,0,0,FALSE
1358411,Pantoea dispersa,10,1.24851878852227e-06,8.8,1.10448594863463e-06,0,Pseudomonadota,Gammaproteobacteria,Enterobacterales,Erwiniaceae,Pantoea,Pantoea dispersa,0,0,0,0,0,0,0,0,0,FALSE
765909,Lamprocystis purpurea,10,1.24851878852227e-06,8.6,1.07112009895524e-06,0,Pseudomonadota,Gammaproteobacteria,Chromatiales,Chromatiaceae,Lamprocystis,Lamprocystis purpurea,0,0,0,0,0,0,0,0,0,FALSE
1125702,Treponema vincentii,10,1.24851878852227e-06,9.7,1.21229091404579e-06,0,Spirochaetota,Spirochaetia,Spirochaetales,Treponemataceae,Treponema,Treponema vincentii,0,0,0,0,0,0,0,0,0,FALSE
0,unknown genome; accession ID isNZ_ACCK01000472.1,10,1.24851878852227e-06,10,1.24851878852227e-06,0,0,0,0,0,0,0,0,0,0,0,0,0,0,0,0,FALSE
0,unknown genome; accession ID isNZ_ACCK01000042.1,10,1.24851878852227e-06,10.3,1.28499877065496e-06,0,0,0,0,0,0,0,0,0,0,0,0,0,0,0,0,FALSE
0,unknown genome; accession ID isNZ_BBAB01000038.1,10,1.24851878852227e-06,10,1.24851899107838e-06,0,0,0,0,0,0,0,0,0,0,0,0,0,0,0,0,FALSE
862517,Peptoniphilus duerdenii,10,1.24851878852227e-06,10.8,1.35066313370653e-06,0,Bacillota,Tissierellia,Tissierellales,Peptoniphilaceae,Peptoniphilus,Peptoniphilus duerdenii,0,0,0,0,0,0,0,0,0,FALSE
1236518,Prevotella scopos,10,1.24851878852227e-06,10.2,1.26938406042532e-06,0,Bacteroidota,Bacteroidia,Bacteroidales,Prevotellaceae,Prevotella,Prevotella scopos,0,0,0,0,0,0,0,0,0,FALSE
0,unknown genome; accession ID isNZ_BBDW01000023.1,10,1.24851878852227e-06,10,1.2485188972105e-06,0,0,0,0,0,0,0,0,0,0,0,0,0,0,0,0,FALSE
1619313,Duffyella gerundensis,10,1.24851878852227e-06,12.2,1.52342024329863e-06,0,Pseudomonadota,Gammaproteobacteria,Enterobacterales,Erwiniaceae,Duffyella,Duffyella gerundensis,0,0,0,0,0,0,0,0,0,FALSE
1649240,Peduovirus pro483,10,1.24851878852227e-06,10.1,1.26294151976095e-06,0,Uroviricota,Caudoviricetes,0,Peduoviridae,Peduovirus,Peduovirus pro483,0,0,0,0,0,0,0,0,0,FALSE
203120,Leuconostoc mesenteroides,9,1.12366690967004e-06,9.7,1.20821552144423e-06,0,Bacillota,Bacilli,Lactobacillales,Lactobacillaceae,Leuconostoc,Leuconostoc mesenteroides,0,0,0,0,0,0,0,0,0,FALSE
0,unknown genome; accession ID isNZ_CP022054.2,9,1.12366690967004e-06,73.4,9.16484133178713e-06,0,0,0,0,0,0,0,0,0,0,0,0,0,0,0,0,FALSE
82633,Cupriavidus pauculus,9,1.12366690967004e-06,9.3,1.16229896047272e-06,0,Pseudomonadota,Betaproteobacteria,Burkholderiales,Burkholderiaceae,Cupriavidus,Cupriavidus pauculus,0,0,0,0,0,0,0,0,0,FALSE
0,unknown genome; accession ID isNZ_ACCK01000431.1,9,1.12366690967004e-06,9,1.12367094636702e-06,0,0,0,0,0,0,0,0,0,0,0,0,0,0,0,0,FALSE
0,unknown genome; accession ID isNZ_ACCK01000023.1,9,1.12366690967004e-06,9,1.12366690967004e-06,0,0,0,0,0,0,0,0,0,0,0,0,0,0,0,0,FALSE
0,unknown genome; accession ID isNZ_CCES01000003.1,9,1.12366690967004e-06,9,1.12388893722709e-06,0,0,0,0,0,0,0,0,0,0,0,0,0,0,0,0,FALSE
888064,Enterococcus italicus,9,1.12366690967004e-06,10.8,1.35034443224143e-06,0,Bacillota,Bacilli,Lactobacillales,Enterococcaceae,Enterococcus,Enterococcus italicus,0,0,0,0,0,0,0,0,0,FALSE
1236509,Prevotella dentasini,9,1.12366690967004e-06,11,1.37518697389904e-06,0,Bacteroidota,Bacteroidia,Bacteroidales,Prevotellaceae,Prevotella,Prevotella dentasini,0,0,0,0,0,0,0,0,0,FALSE
0,unknown genome; accession ID isNZ_BBDW01000016.1,9,1.12366690967004e-06,9,1.12366690967004e-06,0,0,0,0,0,0,0,0,0,0,0,0,0,0,0,0,FALSE
2681626,Brussowvirus bvO1205,9,1.12366690967004e-06,9,1.12366690967004e-06,0,Uroviricota,Caudoviricetes,0,Aliceevansviridae,Brussowvirus,Brussowvirus bvO1205,0,0,0,0,0,0,0,0,0,FALSE
1150869,Oslovirus ov191,9,1.12366690967004e-06,8.6,1.07057634114183e-06,0,Uroviricota,Caudoviricetes,0,0,Oslovirus,Oslovirus ov191,0,0,0,0,0,0,0,0,0,FALSE
220668,Lactiplantibacillus plantarum,8,9.98815030817813e-07,8.8,1.09996943288285e-06,0,Bacillota,Bacilli,Lactobacillales,Lactobacillaceae,Lactiplantibacillus,Lactiplantibacillus plantarum,0,0,0,0,0,0,0,0,0,FALSE
0,unknown genome; accession ID isNZ_BAJC01000002.1,8,9.98815030817813e-07,8.2,1.02167945530141e-06,0,0,0,0,0,0,0,0,0,0,0,0,0,0,0,0,FALSE
428126,Thomasclavelia spiroformis,8,9.98815030817813e-07,8,1.00260098698214e-06,0,Bacillota,Erysipelotrichia,Erysipelotrichales,Coprobacillaceae,Thomasclavelia,Thomasclavelia spiroformis,0,0,0,0,0,0,0,0,0,FALSE
997350,Peptoniphilus indolicus,8,9.98815030817813e-07,10.2,1.27112652402906e-06,0,Bacillota,Tissierellia,Tissierellales,Peptoniphilaceae,Peptoniphilus,Peptoniphilus indolicus,0,0,0,0,0,0,0,0,0,FALSE
0,unknown genome; accession ID isNZ_HE978616.1,8,9.98815030817813e-07,8.7,1.09208501751274e-06,0,0,0,0,0,0,0,0,0,0,0,0,0,0,0,0,FALSE
908937,Prevotella dentalis,8,9.98815030817813e-07,8.1,1.00773950473172e-06,0,Bacteroidota,Bacteroidia,Bacteroidales,Prevotellaceae,Prevotella,Prevotella dentalis,0,0,0,0,0,0,0,0,0,FALSE
883077,Schaalia turicensis,8,9.98815030817813e-07,9,1.12077436216611e-06,0,Actinomycetota,Actinomycetes,Actinomycetales,Actinomycetaceae,Schaalia,Schaalia turicensis,0,0,0,0,0,0,0,0,0,FALSE
1121947,Helcococcus sueciensis,8,9.98815030817813e-07,8,9.99085108318006e-07,0,Bacillota,Tissierellia,Tissierellales,Peptoniphilaceae,Helcococcus,Helcococcus sueciensis,0,0,0,0,0,0,0,0,0,FALSE
0,unknown genome; accession ID isNZ_BBAB01000001.1,8,9.98815030817813e-07,8,9.98815092782818e-07,0,0,0,0,0,0,0,0,0,0,0,0,0,0,0,0,FALSE
690567,Syntrophomonas zehnderi,8,9.98815030817813e-07,8,9.98815030817813e-07,0,Bacillota,Clostridia,Eubacteriales,Syntrophomonadaceae,Syntrophomonas,Syntrophomonas zehnderi,0,0,0,0,0,0,0,0,0,FALSE
1225786,Dickeya solani,8,9.98815030817813e-07,7.7,9.63229915607679e-07,0,Pseudomonadota,Gammaproteobacteria,Enterobacterales,Pectobacteriaceae,Dickeya,Dickeya solani,0,0,0,0,0,0,0,0,0,FALSE
0,unknown genome; accession ID isNZ_JTDA01000033.1,8,9.98815030817813e-07,8,9.98815035488769e-07,0,0,0,0,0,0,0,0,0,0,0,0,0,0,0,0,FALSE
1640685,Enterococcus massiliensis,8,9.98815030817813e-07,7.9,9.88368404299538e-07,0,Bacillota,Bacilli,Lactobacillales,Enterococcaceae,Enterococcus,Enterococcus massiliensis,0,0,0,0,0,0,0,0,0,FALSE
1720204,Collinsella ihumii,8,9.98815030817813e-07,8,9.99025562040849e-07,0,Actinomycetota,Coriobacteriia,Coriobacteriales,Coriobacteriaceae,Collinsella,Collinsella ihumii,0,0,0,0,0,0,0,0,0,FALSE
171101,Streptococcus pneumoniae,7,8.73963151965587e-07,7.5,9.3408739066691e-07,0,Bacillota,Bacilli,Lactobacillales,Streptococcaceae,Streptococcus,Streptococcus pneumoniae,0,0,0,0,0,0,0,0,0,FALSE
160490,Streptococcus pyogenes,7,8.73963151965587e-07,5.4,6.78572592431379e-07,0,Bacillota,Bacilli,Lactobacillales,Streptococcaceae,Streptococcus,Streptococcus pyogenes,0,0,0,0,0,0,0,0,0,FALSE
1236520,Porphyromonas cangingivalis,7,8.73963151965587e-07,8.2,1.02680558753034e-06,0,Bacteroidota,Bacteroidia,Bacteroidales,Porphyromonadaceae,Porphyromonas,Porphyromonas cangingivalis,0,0,0,0,0,0,0,0,0,FALSE
1139219,Enterococcus dispar,7,8.73963151965587e-07,7.5,9.34348524231237e-07,0,Bacillota,Bacilli,Lactobacillales,Enterococcaceae,Enterococcus,Enterococcus dispar,0,0,0,0,0,0,0,0,0,FALSE
61652,Serratia rubidaea,7,8.73963151965587e-07,8.2,1.01825166658498e-06,0,Pseudomonadota,Gammaproteobacteria,Enterobacterales,Yersiniaceae,Serratia,Serratia rubidaea,0,0,0,0,0,0,0,0,0,FALSE
1216973,Arthrobacter luteolus,7,8.73963151965587e-07,8,9.97835793572764e-07,0,Actinomycetota,Actinomycetes,Micrococcales,Micrococcaceae,Arthrobacter,Arthrobacter luteolus,0,0,0,0,0,0,0,0,0,FALSE
0,unknown genome; accession ID isNZ_CM001167.1,7,8.73963151965587e-07,7,8.73963179250318e-07,0,0,0,0,0,0,0,0,0,0,0,0,0,0,0,0,FALSE
1123075,Ruminococcus gauvreauii,7,8.73963151965587e-07,6.3,7.86291475595269e-07,0,Bacillota,Clostridia,Eubacteriales,Oscillospiraceae,Ruminococcus,Ruminococcus gauvreauii,0,0,0,0,0,0,0,0,0,FALSE
1000568,Megasphaera lornae,7,8.73963151965587e-07,14.5,1.80647741848509e-06,0,Bacillota,Negativicutes,Veillonellales,Veillonellaceae,Megasphaera,Megasphaera lornae,0,0,0,0,0,0,0,0,0,FALSE
653733,Desulfurispirillum indicum,7,8.73963151965587e-07,8,1.00129267367317e-06,0,Chrysiogenota,Chrysiogenia,Chrysiogenales,Chrysiogenaceae,Desulfurispirillum,Desulfurispirillum indicum,0,0,0,0,0,0,0,0,0,FALSE
1225789,Enterobacteria phage SfI,7,8.73963151965587e-07,7.4,9.25245005891658e-07,0,Uroviricota,Caudoviricetes,0,0,0,Enterobacteria phage SfI,0,0,0,0,0,0,0,0,0,FALSE
343516,Uetakevirus phiV10,7,8.73963151965587e-07,7.6,9.50728779608569e-07,0,Uroviricota,Caudoviricetes,0,0,Uetakevirus,Uetakevirus phiV10,0,0,0,0,0,0,0,0,0,FALSE
1392005,Comamonas testosteroni,6,7.4911127311336e-07,5.9,7.38884312342304e-07,0,Pseudomonadota,Betaproteobacteria,Burkholderiales,Comamonadaceae,Comamonas,Comamonas testosteroni,0,0,0,0,0,0,0,0,0,FALSE
1246,Leuconostoc lactis,6,7.4911127311336e-07,6.7,8.31378132881127e-07,0,Bacillota,Bacilli,Lactobacillales,Lactobacillaceae,Leuconostoc,Leuconostoc lactis,0,0,0,0,0,0,0,0,0,FALSE
1280692,Clostridium cadaveris,6,7.4911127311336e-07,7.8,9.79677611942452e-07,0,Bacillota,Clostridia,Eubacteriales,Clostridiaceae,Clostridium,Clostridium cadaveris,0,0,0,0,0,0,0,0,0,FALSE
0,unknown genome; accession ID isNZ_JDVA01000045.1,6,7.4911127311336e-07,6,7.49111276904333e-07,0,0,0,0,0,0,0,0,0,0,0,0,0,0,0,0,FALSE
1139996,Enterococcus saccharolyticus,6,7.4911127311336e-07,7.8,9.71882411984054e-07,0,Bacillota,Bacilli,Lactobacillales,Enterococcaceae,Enterococcus,Enterococcus saccharolyticus,0,0,0,0,0,0,0,0,0,FALSE
0,unknown genome; accession ID isNZ_ACCK01000417.1,6,7.4911127311336e-07,6,7.4911127311336e-07,0,0,0,0,0,0,0,0,0,0,0,0,0,0,0,0,FALSE
1123263,Solobacterium moorei,6,7.4911127311336e-07,6.1,7.65746129739303e-07,0,Bacillota,Erysipelotrichia,Erysipelotrichales,Erysipelotrichaceae,Solobacterium,Solobacterium moorei,0,0,0,0,0,0,0,0,0,FALSE
0,unknown genome; accession ID isNZ_BBAB01000005.1,6,7.4911127311336e-07,6,7.49258693010215e-07,0,0,0,0,0,0,0,0,0,0,0,0,0,0,0,0,FALSE
1437603,Bifidobacterium mongoliense,6,7.4911127311336e-07,6,7.4911133075115e-07,0,Actinomycetota,Actinomycetes,Bifidobacteriales,Bifidobacteriaceae,Bifidobacterium,Bifidobacterium mongoliense,0,0,0,0,0,0,0,0,0,FALSE
551994,Methylobacillus rhizosphaerae,6,7.4911127311336e-07,6,7.43158407385626e-07,0,Pseudomonadota,Betaproteobacteria,Nitrosomonadales,Methylophilaceae,Methylobacillus,Methylobacillus rhizosphaerae,0,0,0,0,0,0,0,0,0,FALSE
0,unknown genome; accession ID isNZ_BBDW01000012.1,6,7.4911127311336e-07,6.9,8.65133725111128e-07,0,0,0,0,0,0,0,0,0,0,0,0,0,0,0,0,FALSE
0,unknown genome; accession ID isNZ_BBDW01000039.1,6,7.4911127311336e-07,6,7.49111343326536e-07,0,0,0,0,0,0,0,0,0,0,0,0,0,0,0,0,FALSE
1129897,Nitrolancea hollandica,6,7.4911127311336e-07,6.5,8.15778563177187e-07,0,Thermomicrobiota,Thermomicrobia,Sphaerobacterales,Sphaerobacteraceae,Nitrolancea,Nitrolancea hollandica,0,0,0,0,0,0,0,0,0,FALSE
1118057,Peptoniphilus grossensis,6,7.4911127311336e-07,7.5,9.33549760715608e-07,0,Bacillota,Tissierellia,Tissierellales,Peptoniphilaceae,Peptoniphilus,Peptoniphilus grossensis,0,0,0,0,0,0,0,0,0,FALSE
1118062,Peptoniphilus obesi,6,7.4911127311336e-07,6.5,8.17495328744995e-07,0,Bacillota,Tissierellia,Tissierellales,Peptoniphilaceae,Peptoniphilus,Peptoniphilus obesi,0,0,0,0,0,0,0,0,0,FALSE
1825069,Streptococcus marmotae,6,7.4911127311336e-07,4.5,5.66078621707445e-07,0,Bacillota,Bacilli,Lactobacillales,Streptococcaceae,Streptococcus,Streptococcus marmotae,0,0,0,0,0,0,0,0,0,FALSE
208435,Streptococcus agalactiae,5,6.24259394261133e-07,4.7,5.9082676112368e-07,0,Bacillota,Bacilli,Lactobacillales,Streptococcaceae,Streptococcus,Streptococcus agalactiae,0,0,0,0,0,0,0,0,0,FALSE
1335,Streptococcus equinus,5,6.24259394261133e-07,7.6,9.47560921494266e-07,0,Bacillota,Bacilli,Lactobacillales,Streptococcaceae,Streptococcus,Streptococcus equinus,0,0,0,0,0,0,0,0,0,FALSE
297352,Lactococcus piscium,5,6.24259394261133e-07,5,6.28596202322505e-07,0,Bacillota,Bacilli,Lactobacillales,Streptococcaceae,Lactococcus,Lactococcus piscium,0,0,0,0,0,0,0,0,0,FALSE
0,unknown genome; accession ID isNZ_KB822493.1,5,6.24259394261133e-07,5.8,7.29670609106016e-07,0,0,0,0,0,0,0,0,0,0,0,0,0,0,0,0,FALSE
0,unknown genome; accession ID isNZ_ACCK01000041.1,5,6.24259394261133e-07,5,6.24259397591891e-07,0,0,0,0,0,0,0,0,0,0,0,0,0,0,0,0,FALSE
1123399,Thiolinea disciformis,5,6.24259394261133e-07,3.1,3.81325610913595e-07,0,Pseudomonadota,Gammaproteobacteria,Thiotrichales,Thiolinaceae,Thiolinea,Thiolinea disciformis,0,0,0,0,0,0,0,0,0,FALSE
1354267,Moellerella wisconsensis,5,6.24259394261133e-07,5,6.26112025602027e-07,0,Pseudomonadota,Gammaproteobacteria,Enterobacterales,Morganellaceae,Moellerella,Moellerella wisconsensis,0,0,0,0,0,0,0,0,0,FALSE
1122987,Prevotella micans,5,6.24259394261133e-07,5.1,6.36475697005454e-07,0,Bacteroidota,Bacteroidia,Bacteroidales,Prevotellaceae,Prevotella,Prevotella micans,0,0,0,0,0,0,0,0,0,FALSE
0,unknown genome; accession ID isNZ_BBAB01000024.1,5,6.24259394261133e-07,5,6.24259407687579e-07,0,0,0,0,0,0,0,0,0,0,0,0,0,0,0,0,FALSE
0,unknown genome; accession ID isNZ_BBAB01000058.1,5,6.24259394261133e-07,5,6.24259403418074e-07,0,0,0,0,0,0,0,0,0,0,0,0,0,0,0,0,FALSE
393921,Porphyromonas crevioricanis,5,6.24259394261133e-07,5,6.24259415373617e-07,0,Bacteroidota,Bacteroidia,Bacteroidales,Porphyromonadaceae,Porphyromonas,Porphyromonas crevioricanis,0,0,0,0,0,0,0,0,0,FALSE
592050,Acidovorax soli,5,6.24259394261133e-07,5,6.24259524635699e-07,0,Pseudomonadota,Betaproteobacteria,Burkholderiales,Comamonadaceae,Acidovorax,Acidovorax soli,0,0,0,0,0,0,0,0,0,FALSE
1385369,Skermanella stibiiresistens,5,6.24259394261133e-07,6.4,7.93670263711483e-07,0,Pseudomonadota,Alphaproteobacteria,Rhodospirillales,Azospirillaceae,Skermanella,Skermanella stibiiresistens,0,0,0,0,0,0,0,0,0,FALSE
0,unknown genome; accession ID isNZ_LM651463.1,5,6.24259394261133e-07,5.2,6.5542428583932e-07,0,0,0,0,0,0,0,0,0,0,0,0,0,0,0,0,FALSE
1816678,Christensenella timonensis,5,6.24259394261133e-07,5.1,6.41669777741569e-07,0,Bacillota,Clostridia,Christensenellales,Christensenellaceae,Christensenella,Christensenella timonensis,0,0,0,0,0,0,0,0,0,FALSE
1917880,Nissabacter archeti,5,6.24259394261133e-07,5.3,6.65636065316441e-07,0,Pseudomonadota,Gammaproteobacteria,Enterobacterales,Yersiniaceae,Nissabacter,Nissabacter archeti,0,0,0,0,0,0,0,0,0,FALSE
873533,Hoylesella oralis,4,4.99407515408907e-07,4,4.99413366136167e-07,0,Bacteroidota,Bacteroidia,Bacteroidales,Prevotellaceae,Hoylesella,Hoylesella oralis,0,0,0,0,0,0,0,0,0,FALSE
999415,Eggerthia catenaformis,4,4.99407515408907e-07,6.3,7.8177524018533e-07,0,Bacillota,Erysipelotrichia,Erysipelotrichales,Coprobacillaceae,Eggerthia,Eggerthia catenaformis,0,0,0,0,0,0,0,0,0,FALSE
504474,Corynebacterium urealyticum,4,4.99407515408907e-07,3.1,3.9248597134758e-07,0,Actinomycetota,Actinomycetes,Mycobacteriales,Corynebacteriaceae,Corynebacterium,Corynebacterium urealyticum,0,0,0,0,0,0,0,0,0,FALSE
641143,Capnocytophaga granulosa,4,4.99407515408907e-07,4.5,5.67143962459466e-07,0,Bacteroidota,Flavobacteriia,Flavobacteriales,Flavobacteriaceae,Capnocytophaga,Capnocytophaga granulosa,0,0,0,0,0,0,0,0,0,FALSE
1300150,Enterococcus mundtii,4,4.99407515408907e-07,4.4,5.44934195026445e-07,0,Bacillota,Bacilli,Lactobacillales,Enterococcaceae,Enterococcus,Enterococcus mundtii,0,0,0,0,0,0,0,0,0,FALSE
1158606,Enterococcus asini,4,4.99407515408907e-07,4,5.04552720450518e-07,0,Bacillota,Bacilli,Lactobacillales,Enterococcaceae,Enterococcus,Enterococcus asini,0,0,0,0,0,0,0,0,0,FALSE
1316932,Mannheimia haemolytica,4,4.99407515408907e-07,8.9,1.10879664481873e-06,0,Pseudomonadota,Gammaproteobacteria,Pasteurellales,Pasteurellaceae,Mannheimia,Mannheimia haemolytica,0,0,0,0,0,0,0,0,0,FALSE
471855,Slackia heliotrinireducens,4,4.99407515408907e-07,4,4.99407544781527e-07,0,Actinomycetota,Coriobacteriia,Eggerthellales,Eggerthellaceae,Slackia,Slackia heliotrinireducens,0,0,0,0,0,0,0,0,0,FALSE
112901,Sporomusa malonica,4,4.99407515408907e-07,4,4.99408038116534e-07,0,Bacillota,Negativicutes,Selenomonadales,Sporomusaceae,Sporomusa,Sporomusa malonica,0,0,0,0,0,0,0,0,0,FALSE
862515,Hoylesella marshii,4,4.99407515408907e-07,4.8,5.95372878583078e-07,0,Bacteroidota,Bacteroidia,Bacteroidales,Prevotellaceae,Hoylesella,Hoylesella marshii,0,0,0,0,0,0,0,0,0,FALSE
0,unknown genome; accession ID isNZ_JHYZ01000025.1,4,4.99407515408907e-07,4,5.00909366541747e-07,0,0,0,0,0,0,0,0,0,0,0,0,0,0,0,0,FALSE
0,unknown genome; accession ID isNZ_BAJX01000001.1,4,4.99407515408907e-07,90.9,1.13513042578611e-05,0,0,0,0,0,0,0,0,0,0,0,0,0,0,0,0,FALSE
0,unknown genome; accession ID isNZ_BBDW01000013.1,4,4.99407515408907e-07,2.8,3.5486585939988e-07,0,0,0,0,0,0,0,0,0,0,0,0,0,0,0,0,FALSE
764842,Derxia lacustris,4,4.99407515408907e-07,5.4,6.71681853794852e-07,0,Pseudomonadota,Betaproteobacteria,Burkholderiales,Alcaligenaceae,Derxia,Derxia lacustris,0,0,0,0,0,0,0,0,0,FALSE
2731255,Peptoniphilus faecalis,4,4.99407515408907e-07,4.2,5.25502842289934e-07,0,Bacillota,Tissierellia,Tissierellales,Peptoniphilaceae,Peptoniphilus,Peptoniphilus faecalis,0,0,0,0,0,0,0,0,0,FALSE
0,unknown genome; accession ID isNZ_LM651460.1,4,4.99407515408907e-07,4,4.99407523467144e-07,0,0,0,0,0,0,0,0,0,0,0,0,0,0,0,0,FALSE
1871025,Ndongobacter massiliensis,4,4.99407515408907e-07,4,5.00956957238722e-07,0,Bacillota,0,0,0,Ndongobacter,Ndongobacter massiliensis,0,0,0,0,0,0,0,0,0,FALSE
2905959,Lederbergvirus Sf6,4,4.99407515408907e-07,3.7,4.6782703086715e-07,0,Uroviricota,Caudoviricetes,0,0,Lederbergvirus,Lederbergvirus Sf6,0,0,0,0,0,0,0,0,0,FALSE
379329,Traversvirus tv86,4,4.99407515408907e-07,4.1,5.18090592414371e-07,0,Uroviricota,Caudoviricetes,0,0,Traversvirus,Traversvirus tv86,0,0,0,0,0,0,0,0,0,FALSE
1147145,Kwaitsingvirus HK446,4,4.99407515408907e-07,5.3,6.57898711783248e-07,0,Uroviricota,Caudoviricetes,0,0,Kwaitsingvirus,Kwaitsingvirus HK446,0,0,0,0,0,0,0,0,0,FALSE
1437823,Xenorhabdus nematophila,3,3.7455563655668e-07,3.3,4.15974740886293e-07,0,Pseudomonadota,Gammaproteobacteria,Enterobacterales,Morganellaceae,Xenorhabdus,Xenorhabdus nematophila,0,0,0,0,0,0,0,0,0,FALSE
869213,Saccharicrinis fermentans,3,3.7455563655668e-07,4.8,5.94597793719025e-07,0,Bacteroidota,Bacteroidia,Marinilabiliales,Marinilabiliaceae,Saccharicrinis,Saccharicrinis fermentans,0,0,0,0,0,0,0,0,0,FALSE
210007,Streptococcus mutans,3,3.7455563655668e-07,2.2,2.71895495150089e-07,0,Bacillota,Bacilli,Lactobacillales,Streptococcaceae,Streptococcus,Streptococcus mutans,0,0,0,0,0,0,0,0,0,FALSE
1505,Paraclostridium sordellii,3,3.7455563655668e-07,6,7.49883874815973e-07,0,Bacillota,Clostridia,Peptostreptococcales,Peptostreptococcaceae,Paraclostridium,Paraclostridium sordellii,0,0,0,0,0,0,0,0,0,FALSE
1692,Bifidobacterium magnum,3,3.7455563655668e-07,4.2,5.27587849751632e-07,0,Actinomycetota,Actinomycetes,Bifidobacteriales,Bifidobacteriaceae,Bifidobacterium,Bifidobacterium magnum,0,0,0,0,0,0,0,0,0,FALSE
0,unknown genome; accession ID isNZ_HE978617.1,3,3.7455563655668e-07,3,3.74555793989801e-07,0,0,0,0,0,0,0,0,0,0,0,0,0,0,0,0,FALSE
349519,Leuconostoc citreum,3,3.7455563655668e-07,3,3.74555650987479e-07,0,Bacillota,Bacilli,Lactobacillales,Lactobacillaceae,Leuconostoc,Leuconostoc citreum,0,0,0,0,0,0,0,0,0,FALSE
1218092,Enterococcus pseudoavium,3,3.7455563655668e-07,4.7,5.86789829256567e-07,0,Bacillota,Bacilli,Lactobacillales,Enterococcaceae,Enterococcus,Enterococcus pseudoavium,0,0,0,0,0,0,0,0,0,FALSE
1042417,Brachyspira pilosicoli,3,3.7455563655668e-07,3,3.74555639476765e-07,0,Spirochaetota,Spirochaetia,Brachyspirales,Brachyspiraceae,Brachyspira,Brachyspira pilosicoli,0,0,0,0,0,0,0,0,0,FALSE
69222,Erwinia mallotivora,3,3.7455563655668e-07,3,3.74555645713933e-07,0,Pseudomonadota,Gammaproteobacteria,Enterobacterales,Erwiniaceae,Erwinia,Erwinia mallotivora,0,0,0,0,0,0,0,0,0,FALSE
1082705,Lonsdalea quercina,3,3.7455563655668e-07,2.3,2.88254362379702e-07,0,Pseudomonadota,Gammaproteobacteria,Enterobacterales,Pectobacteriaceae,Lonsdalea,Lonsdalea quercina,0,0,0,0,0,0,0,0,0,FALSE
883113,Facklamia languida,3,3.7455563655668e-07,3,3.74555696425866e-07,0,Bacillota,Bacilli,Lactobacillales,Aerococcaceae,Facklamia,Facklamia languida,0,0,0,0,0,0,0,0,0,FALSE
649764,Slackia exigua,3,3.7455563655668e-07,3.1,3.83367265820152e-07,0,Actinomycetota,Coriobacteriia,Eggerthellales,Eggerthellaceae,Slackia,Slackia exigua,0,0,0,0,0,0,0,0,0,FALSE
500633,Peptacetobacter hiranonis,3,3.7455563655668e-07,9,1.12979525656438e-06,0,Bacillota,Clostridia,Peptostreptococcales,Peptostreptococcaceae,Peptacetobacter,Peptacetobacter hiranonis,0,0,0,0,0,0,0,0,0,FALSE
0,unknown genome; accession ID isNZ_ACCK01000450.1,3,3.7455563655668e-07,3.3,4.13760563794914e-07,0,0,0,0,0,0,0,0,0,0,0,0,0,0,0,0,FALSE
0,unknown genome; accession ID isNZ_ACCK01000429.1,3,3.7455563655668e-07,3,3.7455563655668e-07,0,0,0,0,0,0,0,0,0,0,0,0,0,0,0,0,FALSE
764291,Streptococcus urinalis,3,3.7455563655668e-07,3,3.74557269547064e-07,0,Bacillota,Bacilli,Lactobacillales,Streptococcaceae,Streptococcus,Streptococcus urinalis,0,0,0,0,0,0,0,0,0,FALSE
663278,Ethanoligenens harbinense,3,3.7455563655668e-07,3,3.74555807523794e-07,0,Bacillota,Clostridia,Eubacteriales,Oscillospiraceae,Ethanoligenens,Ethanoligenens harbinense,0,0,0,0,0,0,0,0,0,FALSE
688246,Hallella multisaccharivorax,3,3.7455563655668e-07,3.5,4.3965954606359e-07,0,Bacteroidota,Bacteroidia,Bacteroidales,Prevotellaceae,Hallella,Hallella multisaccharivorax,0,0,0,0,0,0,0,0,0,FALSE
333962,Providencia heimbachae,3,3.7455563655668e-07,3.5,4.34893127836025e-07,0,Pseudomonadota,Gammaproteobacteria,Enterobacterales,Morganellaceae,Providencia,Providencia heimbachae,0,0,0,0,0,0,0,0,0,FALSE
0,unknown genome; accession ID isNZ_BBAB01000025.1,3,3.7455563655668e-07,3,3.7455563655668e-07,0,0,0,0,0,0,0,0,0,0,0,0,0,0,0,0,FALSE
0,unknown genome; accession ID isNZ_BBAB01000041.1,3,3.7455563655668e-07,3,3.74555636981336e-07,0,0,0,0,0,0,0,0,0,0,0,0,0,0,0,0,FALSE
0,unknown genome; accession ID isNZ_BBAB01000052.1,3,3.7455563655668e-07,3,3.74555637773271e-07,0,0,0,0,0,0,0,0,0,0,0,0,0,0,0,0,FALSE
417368,Enterococcus thailandicus,3,3.7455563655668e-07,3,3.74556622807729e-07,0,Bacillota,Bacilli,Lactobacillales,Enterococcaceae,Enterococcus,Enterococcus thailandicus,0,0,0,0,0,0,0,0,0,FALSE
742816,Megamonas funiformis,3,3.7455563655668e-07,3.1,3.90097495810686e-07,0,Bacillota,Negativicutes,Selenomonadales,Selenomonadaceae,Megamonas,Megamonas funiformis,0,0,0,0,0,0,0,0,0,FALSE
0,unknown genome; accession ID isNZ_BAJX01000027.1,3,3.7455563655668e-07,9,1.12255358303109e-06,0,0,0,0,0,0,0,0,0,0,0,0,0,0,0,0,FALSE
1176165,Brevibacterium ravenspurgense,3,3.7455563655668e-07,3.9,4.8934740715238e-07,0,Actinomycetota,Actinomycetes,Micrococcales,Brevibacteriaceae,Brevibacterium,Brevibacterium ravenspurgense,0,0,0,0,0,0,0,0,0,FALSE
0,unknown genome; accession ID isNZ_BBDW01000007.1,3,3.7455563655668e-07,11,1.3717627071077e-06,0,0,0,0,0,0,0,0,0,0,0,0,0,0,0,0,FALSE
0,unknown genome; accession ID isNZ_BBDW01000008.1,3,3.7455563655668e-07,6.8,8.45470011498481e-07,0,0,0,0,0,0,0,0,0,0,0,0,0,0,0,0,FALSE
1236508,Prevotella aurantiaca,3,3.7455563655668e-07,2.8,3.47066294901766e-07,0,Bacteroidota,Bacteroidia,Bacteroidales,Prevotellaceae,Prevotella,Prevotella aurantiaca,0,0,0,0,0,0,0,0,0,FALSE
980251,Mariniblastus fucicola,3,3.7455563655668e-07,2,2.52716588335668e-07,0,Planctomycetota,Planctomycetia,Pirellulales,Pirellulaceae,Mariniblastus,Mariniblastus fucicola,0,0,0,0,0,0,0,0,0,FALSE
1393034,Atopobium deltae,3,3.7455563655668e-07,3,3.74555646061503e-07,0,Actinomycetota,Coriobacteriia,Coriobacteriales,Atopobiaceae,Atopobium,Atopobium deltae,0,0,0,0,0,0,0,0,0,FALSE
0,unknown genome; accession ID isNZ_HG326665.1,3,3.7455563655668e-07,3,3.77745420759526e-07,0,0,0,0,0,0,0,0,0,0,0,0,0,0,0,0,FALSE
0,unknown genome; accession ID isNZ_CCFE01000031.1,3,3.7455563655668e-07,29.6,3.69295727739115e-06,0,0,0,0,0,0,0,0,0,0,0,0,0,0,0,0,FALSE
1619234,Anaerobium acetethylicum,3,3.7455563655668e-07,2.7,3.38198682003697e-07,0,Bacillota,Clostridia,Lachnospirales,Lachnospiraceae,Anaerobium,Anaerobium acetethylicum,0,0,0,0,0,0,0,0,0,FALSE
1723384,Fenollaria timonensis,3,3.7455563655668e-07,3.1,3.85132785973188e-07,0,Bacillota,Clostridia,Eubacteriales,0,Fenollaria,Fenollaria timonensis,0,0,0,0,0,0,0,0,0,FALSE
1891675,Pantoea alhagi,3,3.7455563655668e-07,2.8,3.50567610879041e-07,0,Pseudomonadota,Gammaproteobacteria,Enterobacterales,Erwiniaceae,Pantoea,Pantoea alhagi,0,0,0,0,0,0,0,0,0,FALSE
2681617,Byrnievirus HK97,3,3.7455563655668e-07,3.2,4.05427079936714e-07,0,Uroviricota,Caudoviricetes,0,0,Byrnievirus,Byrnievirus HK97,0,0,0,0,0,0,0,0,0,FALSE
1147156,Aguilavirus mEp213,3,3.7455563655668e-07,3.1,3.89805661371667e-07,0,Uroviricota,Caudoviricetes,0,0,Aguilavirus,Aguilavirus mEp213,0,0,0,0,0,0,0,0,0,FALSE
1124991,Morganella morganii,2,2.49703757704453e-07,2,2.52281933457238e-07,0,Pseudomonadota,Gammaproteobacteria,Enterobacterales,Morganellaceae,Morganella,Morganella morganii,0,0,0,0,0,0,0,0,0,FALSE
1392502,Selenomonas sp. AB3002,2,2.49703757704453e-07,2.3,2.8292853765071e-07,0,Bacillota,Negativicutes,Selenomonadales,Selenomonadaceae,Selenomonas,Selenomonas sp. AB3002,0,0,0,0,0,0,0,0,0,FALSE
467705,Streptococcus gordonii,2,2.49703757704453e-07,2,2.49836730673677e-07,0,Bacillota,Bacilli,Lactobacillales,Streptococcaceae,Streptococcus,Streptococcus gordonii,0,0,0,0,0,0,0,0,0,FALSE
388919,Streptococcus sanguinis,2,2.49703757704453e-07,2,2.49704557644094e-07,0,Bacillota,Bacilli,Lactobacillales,Streptococcaceae,Streptococcus,Streptococcus sanguinis,0,0,0,0,0,0,0,0,0,FALSE
1423721,Amylolactobacillus amylophilus,2,2.49703757704453e-07,2,2.49728295878984e-07,0,Bacillota,Bacilli,Lactobacillales,Lactobacillaceae,Amylolactobacillus,Amylolactobacillus amylophilus,0,0,0,0,0,0,0,0,0,FALSE
860228,Capnocytophaga canimorsus,2,2.49703757704453e-07,1.5,1.86821770183989e-07,0,Bacteroidota,Flavobacteriia,Flavobacteriales,Flavobacteriaceae,Capnocytophaga,Capnocytophaga canimorsus,0,0,0,0,0,0,0,0,0,FALSE
926551,Capnocytophaga cynodegmi,2,2.49703757704453e-07,3.8,4.70358957315818e-07,0,Bacteroidota,Flavobacteriia,Flavobacteriales,Flavobacteriaceae,Capnocytophaga,Capnocytophaga cynodegmi,0,0,0,0,0,0,0,0,0,FALSE
0,unknown genome; accession ID isNZ_KB907513.1,2,2.49703757704453e-07,9.4,1.17383487629905e-06,0,0,0,0,0,0,0,0,0,0,0,0,0,0,0,0,FALSE
39495,Eubacterium uniforme,2,2.49703757704453e-07,2.4,2.98830088730616e-07,0,Bacillota,Clostridia,Eubacteriales,Eubacteriaceae,Eubacterium,Eubacterium uniforme,0,0,0,0,0,0,0,0,0,FALSE
522373,Stenotrophomonas maltophilia,2,2.49703757704453e-07,2,2.51077609400944e-07,0,Pseudomonadota,Gammaproteobacteria,Lysobacterales,Lysobacteraceae,Stenotrophomonas,Stenotrophomonas maltophilia,0,0,0,0,0,0,0,0,0,FALSE
595494,Tolumonas auensis,2,2.49703757704453e-07,2.4,2.93739111052071e-07,0,Pseudomonadota,Gammaproteobacteria,Aeromonadales,Aeromonadaceae,Tolumonas,Tolumonas auensis,0,0,0,0,0,0,0,0,0,FALSE
357809,Lachnoclostridium phytofermentans,2,2.49703757704453e-07,2.5,3.12085853947484e-07,0,Bacillota,Clostridia,Lachnospirales,Lachnospiraceae,Lachnoclostridium,Lachnoclostridium phytofermentans,0,0,0,0,0,0,0,0,0,FALSE
0,unknown genome; accession ID isNZ_ACCK01000457.1,2,2.49703757704453e-07,2.1,2.56914220842364e-07,0,0,0,0,0,0,0,0,0,0,0,0,0,0,0,0,FALSE
0,unknown genome; accession ID isNZ_ACCK01000453.1,2,2.49703757704453e-07,2.2,2.80608708904002e-07,0,0,0,0,0,0,0,0,0,0,0,0,0,0,0,0,FALSE
525245,Gleimia coleocanis,2,2.49703757704453e-07,2,2.49703803115397e-07,0,Actinomycetota,Actinomycetes,Actinomycetales,Actinomycetaceae,Gleimia,Gleimia coleocanis,0,0,0,0,0,0,0,0,0,FALSE
525246,Actinomyces urogenitalis,2,2.49703757704453e-07,2,2.49703758247982e-07,0,Actinomycetota,Actinomycetes,Actinomycetales,Actinomycetaceae,Actinomyces,Actinomyces urogenitalis,0,0,0,0,0,0,0,0,0,FALSE
1042878,Cupriavidus necator,2,2.49703757704453e-07,2,2.49840826387513e-07,0,Pseudomonadota,Betaproteobacteria,Burkholderiales,Burkholderiaceae,Cupriavidus,Cupriavidus necator,0,0,0,0,0,0,0,0,0,FALSE
112903,Propionispora vibrioides,2,2.49703757704453e-07,2,2.49703758465722e-07,0,Bacillota,Negativicutes,Selenomonadales,Sporomusaceae,Propionispora,Propionispora vibrioides,0,0,0,0,0,0,0,0,0,FALSE
762051,Leuconostoc kimchii,2,2.49703757704453e-07,2.1,2.59732900911251e-07,0,Bacillota,Bacilli,Lactobacillales,Lactobacillaceae,Leuconostoc,Leuconostoc kimchii,0,0,0,0,0,0,0,0,0,FALSE
1123504,Xenophilus azovorans,2,2.49703757704453e-07,1.6,2.03577490227287e-07,0,Pseudomonadota,Betaproteobacteria,Burkholderiales,Comamonadaceae,Xenophilus,Xenophilus azovorans,0,0,0,0,0,0,0,0,0,FALSE
525263,Corynebacterium lipophiloflavum,2,2.49703757704453e-07,2,2.4970377245641e-07,0,Actinomycetota,Actinomycetes,Mycobacteriales,Corynebacteriaceae,Corynebacterium,Corynebacterium lipophiloflavum,0,0,0,0,0,0,0,0,0,FALSE
169292,Corynebacterium aurimucosum,2,2.49703757704453e-07,3.6,4.54442755054211e-07,0,Actinomycetota,Actinomycetes,Mycobacteriales,Corynebacteriaceae,Corynebacterium,Corynebacterium aurimucosum,0,0,0,0,0,0,0,0,0,FALSE
0,unknown genome; accession ID isNZ_JNKJ01000022.1,2,2.49703757704453e-07,2.1,2.56781355262641e-07,0,0,0,0,0,0,0,0,0,0,0,0,0,0,0,0,FALSE
1122991,Hoylesella shahii,2,2.49703757704453e-07,2.5,3.13905479881984e-07,0,Bacteroidota,Bacteroidia,Bacteroidales,Prevotellaceae,Hoylesella,Hoylesella shahii,0,0,0,0,0,0,0,0,0,FALSE
888832,Segatella salivae,2,2.49703757704453e-07,2.2,2.74477873288558e-07,0,Bacteroidota,Bacteroidia,Bacteroidales,Prevotellaceae,Segatella,Segatella salivae,0,0,0,0,0,0,0,0,0,FALSE
230089,Photorhabdus thracensis,2,2.49703757704453e-07,2,2.50099075732731e-07,0,Pseudomonadota,Gammaproteobacteria,Enterobacterales,Morganellaceae,Photorhabdus,Photorhabdus thracensis,0,0,0,0,0,0,0,0,0,FALSE
1121024,Atopococcus tabaci,2,2.49703757704453e-07,2.9,3.65554760449681e-07,0,Bacillota,Bacilli,Lactobacillales,Carnobacteriaceae,Atopococcus,Atopococcus tabaci,0,0,0,0,0,0,0,0,0,FALSE
0,unknown genome; accession ID isNZ_BBAB01000046.1,2,2.49703757704453e-07,2,2.4970379810899e-07,0,0,0,0,0,0,0,0,0,0,0,0,0,0,0,0,FALSE
1122146,Ligilactobacillus ceti,2,2.49703757704453e-07,1.6,2.04730635675755e-07,0,Bacillota,Bacilli,Lactobacillales,Lactobacillaceae,Ligilactobacillus,Ligilactobacillus ceti,0,0,0,0,0,0,0,0,0,FALSE
0,unknown genome; accession ID isNZ_KK211223.1,2,2.49703757704453e-07,2,2.51931844555485e-07,0,0,0,0,0,0,0,0,0,0,0,0,0,0,0,0,FALSE
0,unknown genome; accession ID isNZ_KK211224.1,2,2.49703757704453e-07,2,2.4970410873619e-07,0,0,0,0,0,0,0,0,0,0,0,0,0,0,0,0,FALSE
1123298,Streptococcus caballi,2,2.49703757704453e-07,2.4,2.99311168219253e-07,0,Bacillota,Bacilli,Lactobacillales,Streptococcaceae,Streptococcus,Streptococcus caballi,0,0,0,0,0,0,0,0,0,FALSE
1385519,Knoellia aerolata,2,2.49703757704453e-07,2.1,2.61594712371194e-07,0,Actinomycetota,Actinomycetes,Micrococcales,Intrasporangiaceae,Knoellia,Knoellia aerolata,0,0,0,0,0,0,0,0,0,FALSE
472695,Pantoea septica,2,2.49703757704453e-07,2,2.50847588399308e-07,0,Pseudomonadota,Gammaproteobacteria,Enterobacterales,Erwiniaceae,Pantoea,Pantoea septica,0,0,0,0,0,0,0,0,0,FALSE
480813,Tatumella saanichensis,2,2.49703757704453e-07,2,2.52665198736982e-07,0,Pseudomonadota,Gammaproteobacteria,Enterobacterales,Erwiniaceae,Tatumella,Tatumella saanichensis,0,0,0,0,0,0,0,0,0,FALSE
1236516,Hoylesella saccharolytica,2,2.49703757704453e-07,4.6,5.78207189977753e-07,0,Bacteroidota,Bacteroidia,Bacteroidales,Prevotellaceae,Hoylesella,Hoylesella saccharolytica,0,0,0,0,0,0,0,0,0,FALSE
686796,Algoriphagus faecimaris,2,2.49703757704453e-07,2.1,2.578351501117e-07,0,Bacteroidota,Cytophagia,Cytophagales,Cyclobacteriaceae,Algoriphagus,Algoriphagus faecimaris,0,0,0,0,0,0,0,0,0,FALSE
861865,Sphingomonas laterariae,2,2.49703757704453e-07,3.5,4.40703275391712e-07,0,Pseudomonadota,Alphaproteobacteria,Sphingomonadales,Sphingomonadaceae,Sphingomonas,Sphingomonas laterariae,0,0,0,0,0,0,0,0,0,FALSE
444461,Heyndrickxia acidiproducens,2,2.49703757704453e-07,4.8,5.94080679116509e-07,0,Bacillota,Bacilli,Bacillales,Bacillaceae,Heyndrickxia,Heyndrickxia acidiproducens,0,0,0,0,0,0,0,0,0,FALSE
1095770,Peptoniphilus timonensis,2,2.49703757704453e-07,2.2,2.71171782564885e-07,0,Bacillota,Tissierellia,Tissierellales,Peptoniphilaceae,Peptoniphilus,Peptoniphilus timonensis,0,0,0,0,0,0,0,0,0,FALSE
1413210,Orenia metallireducens,2,2.49703757704453e-07,2,2.49703757708724e-07,0,Bacillota,Clostridia,Halanaerobiales,Halobacteroidaceae,Orenia,Orenia metallireducens,0,0,0,0,0,0,0,0,0,FALSE
0,unknown genome; accession ID isNZ_HG326670.1,2,2.49703757704453e-07,2,2.49703757704453e-07,0,0,0,0,0,0,0,0,0,0,0,0,0,0,0,0,FALSE
0,unknown genome; accession ID isNZ_JTDA01000003.1,2,2.49703757704453e-07,2,2.49703759781604e-07,0,0,0,0,0,0,0,0,0,0,0,0,0,0,0,0,FALSE
0,unknown genome; accession ID isNZ_JTDA01000004.1,2,2.49703757704453e-07,2,2.50939451154893e-07,0,0,0,0,0,0,0,0,0,0,0,0,0,0,0,0,FALSE
0,unknown genome; accession ID isNZ_JTDA01000016.1,2,2.49703757704453e-07,2,2.49703757988621e-07,0,0,0,0,0,0,0,0,0,0,0,0,0,0,0,0,FALSE
1603886,Bifidobacterium lemurum,2,2.49703757704453e-07,6.2,7.69310120854891e-07,0,Actinomycetota,Actinomycetes,Bifidobacteriales,Bifidobacteriaceae,Bifidobacterium,Bifidobacterium lemurum,0,0,0,0,0,0,0,0,0,FALSE
1610493,Tessaracoccus flavus,2,2.49703757704453e-07,2.2,2.80016228477523e-07,0,Actinomycetota,Actinomycetes,Propionibacteriales,Propionibacteriaceae,Tessaracoccus,Tessaracoccus flavus,0,0,0,0,0,0,0,0,0,FALSE
1689303,Lagierella massiliensis,2,2.49703757704453e-07,2.1,2.56946973149525e-07,0,Bacillota,Tissierellia,Tissierellales,Peptoniphilaceae,Lagierella,Lagierella massiliensis,0,0,0,0,0,0,0,0,0,FALSE
1776391,Romboutsia timonensis,2,2.49703757704453e-07,3,3.75648189409902e-07,0,Bacillota,Clostridia,Peptostreptococcales,Peptostreptococcaceae,Romboutsia,Romboutsia timonensis,0,0,0,0,0,0,0,0,0,FALSE
1852384,Massiliimalia massiliensis,2,2.49703757704453e-07,2.2,2.74149592679995e-07,0,Bacillota,Clostridia,Eubacteriales,Oscillospiraceae,Massiliimalia,Massiliimalia massiliensis,0,0,0,0,0,0,0,0,0,FALSE
2009322,Leptolyngbya ohadii,2,2.49703757704453e-07,2,2.49703757704453e-07,0,Cyanobacteriota,Cyanophyceae,Leptolyngbyales,Leptolyngbyaceae,Leptolyngbya,Leptolyngbya ohadii,0,0,0,0,0,0,0,0,0,FALSE
1041607,Wickerhamomyces ciferrii,2,2.49703757704453e-07,3.6,4.55035964035002e-07,0,Ascomycota,Saccharomycetes,Phaffomycetales,Wickerhamomycetaceae,Wickerhamomyces,Wickerhamomyces ciferrii,0,0,0,0,0,0,0,0,0,FALSE
1647458,Salmonella phage SEN22,2,2.49703757704453e-07,2.1,2.57051108260167e-07,0,Uroviricota,Caudoviricetes,0,0,Lederbergvirus,Salmonella phage SEN22,0,0,0,0,0,0,0,0,0,FALSE
1147157,Wanchaivirus mEp234,2,2.49703757704453e-07,2,2.49747202060213e-07,0,Uroviricota,Caudoviricetes,0,0,Wanchaivirus,Wanchaivirus mEp234,0,0,0,0,0,0,0,0,0,FALSE
1147154,Shamshuipovirus mEpX2,2,2.49703757704453e-07,2.3,2.92584069214748e-07,0,Uroviricota,Caudoviricetes,0,0,Shamshuipovirus,Shamshuipovirus mEpX2,0,0,0,0,0,0,0,0,0,FALSE
1357825,Peduovirus fiAA91ss,2,2.49703757704453e-07,2,2.49703757704453e-07,0,Uroviricota,Caudoviricetes,0,Peduoviridae,Peduovirus,Peduovirus fiAA91ss,0,0,0,0,0,0,0,0,0,FALSE
0,unknown genome; accession ID isNC_010682.1,1,1.24851878852227e-07,1.1,1.33474950346607e-07,0,0,0,0,0,0,0,0,0,0,0,0,0,0,0,0,FALSE
264731,Xylanibacter ruminicola,1,1.24851878852227e-07,3,3.74452944834242e-07,0,Bacteroidota,Bacteroidia,Bacteroidales,Prevotellaceae,Xylanibacter,Xylanibacter ruminicola,0,0,0,0,0,0,0,0,0,FALSE
1076,Rhodopseudomonas palustris,1,1.24851878852227e-07,1.1,1.32445835668165e-07,0,Pseudomonadota,Alphaproteobacteria,Hyphomicrobiales,Nitrobacteraceae,Rhodopseudomonas,Rhodopseudomonas palustris,0,0,0,0,0,0,0,0,0,FALSE
585506,Weissella paramesenteroides,1,1.24851878852227e-07,1,1.24851878852227e-07,0,Bacillota,Bacilli,Lactobacillales,Lactobacillaceae,Weissella,Weissella paramesenteroides,0,0,0,0,0,0,0,0,0,FALSE
764298,Streptococcus macacae,1,1.24851878852227e-07,1,1.28095317469753e-07,0,Bacillota,Bacilli,Lactobacillales,Streptococcaceae,Streptococcus,Streptococcus macacae,0,0,0,0,0,0,0,0,0,FALSE
1426,Parageobacillus thermoglucosidasius,1,1.24851878852227e-07,1,1.24851878852227e-07,0,Bacillota,Bacilli,Bacillales,Bacillaceae,Parageobacillus,Parageobacillus thermoglucosidasius,0,0,0,0,0,0,0,0,0,FALSE
203119,Acetivibrio thermocellus,1,1.24851878852227e-07,1.1,1.31807124191314e-07,0,Bacillota,Clostridia,Eubacteriales,Oscillospiraceae,Acetivibrio,Acetivibrio thermocellus,0,0,0,0,0,0,0,0,0,FALSE
1599,Latilactobacillus sakei,1,1.24851878852227e-07,1.3,1.68423878488058e-07,0,Bacillota,Bacilli,Lactobacillales,Lactobacillaceae,Latilactobacillus,Latilactobacillus sakei,0,0,0,0,0,0,0,0,0,FALSE
1687,Bifidobacterium coryneforme,1,1.24851878852227e-07,1.5,1.8265636984256e-07,0,Actinomycetota,Actinomycetes,Bifidobacteriales,Bifidobacteriaceae,Bifidobacterium,Bifidobacterium coryneforme,0,0,0,0,0,0,0,0,0,FALSE
879243,Porphyromonas asaccharolytica,1,1.24851878852227e-07,1,1.25065964434718e-07,0,Bacteroidota,Bacteroidia,Bacteroidales,Porphyromonadaceae,Porphyromonas,Porphyromonas asaccharolytica,0,0,0,0,0,0,0,0,0,FALSE
1122984,Prevotella intermedia,1,1.24851878852227e-07,1,1.25284111257944e-07,0,Bacteroidota,Bacteroidia,Bacteroidales,Prevotellaceae,Prevotella,Prevotella intermedia,0,0,0,0,0,0,0,0,0,FALSE
0,unknown genome; accession ID isNZ_BAJQ01000025.1,1,1.24851878852227e-07,1.1,1.35658073473735e-07,0,0,0,0,0,0,0,0,0,0,0,0,0,0,0,0,FALSE
28173,Vibrio nigripulchritudo,1,1.24851878852227e-07,1.5,1.8406971616033e-07,0,Pseudomonadota,Gammaproteobacteria,Vibrionales,Vibrionaceae,Vibrio,Vibrio nigripulchritudo,0,0,0,0,0,0,0,0,0,FALSE
272560,Burkholderia pseudomallei,1,1.24851878852227e-07,1,1.2739482516716e-07,0,Pseudomonadota,Betaproteobacteria,Burkholderiales,Burkholderiaceae,Burkholderia,Burkholderia pseudomallei,0,0,0,0,0,0,0,0,0,FALSE
0,unknown genome; accession ID isNZ_CM001487.1,1,1.24851878852227e-07,1.2,1.471108798801e-07,0,0,0,0,0,0,0,0,0,0,0,0,0,0,0,0,FALSE
642492,Cellulosilyticum lentocellum,1,1.24851878852227e-07,0.7,8.23807296876445e-08,0,Bacillota,Clostridia,Lachnospirales,Cellulosilyticaceae,Cellulosilyticum,Cellulosilyticum lentocellum,0,0,0,0,0,0,0,0,0,FALSE
0,unknown genome; accession ID isNZ_HE978619.1,1,1.24851878852227e-07,1.2,1.47019811390343e-07,0,0,0,0,0,0,0,0,0,0,0,0,0,0,0,0,FALSE
0,unknown genome; accession ID isNC_017047.1,1,1.24851878852227e-07,1.1,1.42473819130313e-07,0,0,0,0,0,0,0,0,0,0,0,0,0,0,0,0,FALSE
1336241,Eubacterium xylanophilum,1,1.24851878852227e-07,1,1.25140080282677e-07,0,Bacillota,Clostridia,Eubacteriales,Eubacteriaceae,Eubacterium,Eubacterium xylanophilum,0,0,0,0,0,0,0,0,0,FALSE
1123323,Succiniclasticum ruminis,1,1.24851878852227e-07,1.4,1.74608729271078e-07,0,Bacillota,Negativicutes,Acidaminococcales,Acidaminococcaceae,Succiniclasticum,Succiniclasticum ruminis,0,0,0,0,0,0,0,0,0,FALSE
42322,Eubacterium ruminantium,1,1.24851878852227e-07,1.2,1.44858759253387e-07,0,Bacillota,Clostridia,Eubacteriales,Eubacteriaceae,Eubacterium,Eubacterium ruminantium,0,0,0,0,0,0,0,0,0,FALSE
43305,Butyrivibrio proteoclasticus,1,1.24851878852227e-07,1.1,1.37525147263106e-07,0,Bacillota,Clostridia,Lachnospirales,Lachnospiraceae,Butyrivibrio,Butyrivibrio proteoclasticus,0,0,0,0,0,0,0,0,0,FALSE
290340,Paenarthrobacter aurescens,1,1.24851878852227e-07,1.1,1.33539689632895e-07,0,Actinomycetota,Actinomycetes,Micrococcales,Micrococcaceae,Paenarthrobacter,Paenarthrobacter aurescens,0,0,0,0,0,0,0,0,0,FALSE
0,unknown genome; accession ID isNZ_JHZO01000009.1,1,1.24851878852227e-07,1,1.24343402786387e-07,0,0,0,0,0,0,0,0,0,0,0,0,0,0,0,0,FALSE
0,unknown genome; accession ID isNZ_MOEP01000372.1,1,1.24851878852227e-07,1,1.24851878861133e-07,0,0,0,0,0,0,0,0,0,0,0,0,0,0,0,0,FALSE
65735,Paracoccus alkenifer,1,1.24851878852227e-07,1,1.27508852724484e-07,0,Pseudomonadota,Alphaproteobacteria,Rhodobacterales,Paracoccaceae,Paracoccus,Paracoccus alkenifer,0,0,0,0,0,0,0,0,0,FALSE
1304883,Dechloromonas agitata,1,1.24851878852227e-07,1.5,1.81205916356597e-07,0,Pseudomonadota,Betaproteobacteria,Rhodocyclales,Azonexaceae,Dechloromonas,Dechloromonas agitata,0,0,0,0,0,0,0,0,0,FALSE
1220558,Paenibacillus chitinolyticus,1,1.24851878852227e-07,0.7,9.2256507518276e-08,0,Bacillota,Bacilli,Bacillales,Paenibacillaceae,Paenibacillus,Paenibacillus chitinolyticus,0,0,0,0,0,0,0,0,0,FALSE
0,unknown genome; accession ID isNZ_LN554852.1,1,1.24851878852227e-07,1,1.24011021670654e-07,0,0,0,0,0,0,0,0,0,0,0,0,0,0,0,0,FALSE
81409,Eubacterium aggregans,1,1.24851878852227e-07,0.7,8.54867508446022e-08,0,Bacillota,Clostridia,Eubacteriales,Eubacteriaceae,Eubacterium,Eubacterium aggregans,0,0,0,0,0,0,0,0,0,FALSE
1354252,Buttiauxella ferragutiae,1,1.24851878852227e-07,1,1.26972672991203e-07,0,Pseudomonadota,Gammaproteobacteria,Enterobacterales,Enterobacteriaceae,Buttiauxella,Buttiauxella ferragutiae,0,0,0,0,0,0,0,0,0,FALSE
84024,Clostridium disporicum,1,1.24851878852227e-07,1,1.24867061669153e-07,0,Bacillota,Clostridia,Eubacteriales,Clostridiaceae,Clostridium,Clostridium disporicum,0,0,0,0,0,0,0,0,0,FALSE
0,unknown genome; accession ID isNZ_EQ973343.1,1,1.24851878852227e-07,1,1.24851882080503e-07,0,0,0,0,0,0,0,0,0,0,0,0,0,0,0,0,FALSE
0,unknown genome; accession ID isNZ_JAEE01000023.1,1,1.24851878852227e-07,0.8,9.74404063641305e-08,0,0,0,0,0,0,0,0,0,0,0,0,0,0,0,0,FALSE
0,unknown genome; accession ID isNZ_JAEE01000029.1,1,1.24851878852227e-07,1.9,2.32358515415011e-07,0,0,0,0,0,0,0,0,0,0,0,0,0,0,0,0,FALSE
87541,Aerococcus christensenii,1,1.24851878852227e-07,3.2,4.0348334093784e-07,0,Bacillota,Bacilli,Lactobacillales,Aerococcaceae,Aerococcus,Aerococcus christensenii,0,0,0,0,0,0,0,0,0,FALSE
89059,Ligilactobacillus acidipiscis,1,1.24851878852227e-07,3.5,4.3966350640812e-07,0,Bacillota,Bacilli,Lactobacillales,Lactobacillaceae,Ligilactobacillus,Ligilactobacillus acidipiscis,0,0,0,0,0,0,0,0,0,FALSE
1122619,Oligella ureolytica,1,1.24851878852227e-07,1.1,1.39407681916964e-07,0,Pseudomonadota,Betaproteobacteria,Burkholderiales,Alcaligenaceae,Oligella,Oligella ureolytica,0,0,0,0,0,0,0,0,0,FALSE
0,unknown genome; accession ID isNZ_KB822502.1,1,1.24851878852227e-07,1,1.24851878852227e-07,0,0,0,0,0,0,0,0,0,0,0,0,0,0,0,0,FALSE
99656,[Clostridium] fimetarium,1,1.24851878852227e-07,1.5,1.92815215994549e-07,0,Bacillota,Clostridia,Lachnospirales,Lachnospiraceae,Lachnoclostridium,[Clostridium] fimetarium,0,0,0,0,0,0,0,0,0,FALSE
1123311,Streptococcus orisratti,1,1.24851878852227e-07,1,1.24852128885446e-07,0,Bacillota,Bacilli,Lactobacillales,Streptococcaceae,Streptococcus,Streptococcus orisratti,0,0,0,0,0,0,0,0,0,FALSE
123899,Bordetella trematum,1,1.24851878852227e-07,1,1.28172484783848e-07,0,Pseudomonadota,Betaproteobacteria,Burkholderiales,Alcaligenaceae,Bordetella,Bordetella trematum,0,0,0,0,0,0,0,0,0,FALSE
128780,Stenotrophomonas acidaminiphila,1,1.24851878852227e-07,2.7,3.39628705724353e-07,0,Pseudomonadota,Gammaproteobacteria,Lysobacterales,Lysobacteraceae,Stenotrophomonas,Stenotrophomonas acidaminiphila,0,0,0,0,0,0,0,0,0,FALSE
134287,secondary endosymbiont of Heteropsylla cubana,1,1.24851878852227e-07,1,1.24851100250882e-07,0,Pseudomonadota,Gammaproteobacteria,Enterobacterales,Enterobacteriaceae,0,secondary endosymbiont of Heteropsylla cubana,0,0,0,0,0,0,0,0,0,FALSE
1120978,Allofustis seminis,1,1.24851878852227e-07,1,1.26418250596431e-07,0,Bacillota,Bacilli,Lactobacillales,Carnobacteriaceae,Allofustis,Allofustis seminis,0,0,0,0,0,0,0,0,0,FALSE
206506,Kerstersia gyiorum,1,1.24851878852227e-07,1,1.24851879140863e-07,0,Pseudomonadota,Betaproteobacteria,Burkholderiales,Alcaligenaceae,Kerstersia,Kerstersia gyiorum,0,0,0,0,0,0,0,0,0,FALSE
221027,Treponema putidum,1,1.24851878852227e-07,1.4,1.70356847100261e-07,0,Spirochaetota,Spirochaetia,Spirochaetales,Treponemataceae,Treponema,Treponema putidum,0,0,0,0,0,0,0,0,0,FALSE
165597,Crocosphaera watsonii,1,1.24851878852227e-07,1,1.2485188683947e-07,0,Cyanobacteriota,Cyanophyceae,Chroococcales,Aphanothecaceae,Crocosphaera,Crocosphaera watsonii,0,0,0,0,0,0,0,0,0,FALSE
0,unknown genome; accession ID isNZ_LDAQ01000082.1,1,1.24851878852227e-07,1,1.24851881855192e-07,0,0,0,0,0,0,0,0,0,0,0,0,0,0,0,0,FALSE
1094466,Flavobacterium indicum,1,1.24851878852227e-07,1,1.24851878852227e-07,0,Bacteroidota,Flavobacteriia,Flavobacteriales,Flavobacteriaceae,Flavobacterium,Flavobacterium indicum,0,0,0,0,0,0,0,0,0,FALSE
1123307,Streptococcus massiliensis,1,1.24851878852227e-07,1,1.24851970190699e-07,0,Bacillota,Bacilli,Lactobacillales,Streptococcaceae,Streptococcus,Streptococcus massiliensis,0,0,0,0,0,0,0,0,0,FALSE
319939,Metapseudomonas otitidis,1,1.24851878852227e-07,1,1.28850646577696e-07,0,Pseudomonadota,Gammaproteobacteria,Pseudomonadales,Pseudomonadaceae,Metapseudomonas,Metapseudomonas otitidis,0,0,0,0,0,0,0,0,0,FALSE
334715,Salinivibrio proteolyticus,1,1.24851878852227e-07,1,1.24851878852227e-07,0,Pseudomonadota,Gammaproteobacteria,Vibrionales,Vibrionaceae,Salinivibrio,Salinivibrio proteolyticus,0,0,0,0,0,0,0,0,0,FALSE
596315,Peptostreptococcus stomatis,1,1.24851878852227e-07,1.2,1.46783775265653e-07,0,Bacillota,Clostridia,Peptostreptococcales,Peptostreptococcaceae,Peptostreptococcus,Peptostreptococcus stomatis,0,0,0,0,0,0,0,0,0,FALSE
0,unknown genome; accession ID isNZ_BBAB01000032.1,1,1.24851878852227e-07,1,1.24851906240291e-07,0,0,0,0,0,0,0,0,0,0,0,0,0,0,0,0,FALSE
0,unknown genome; accession ID isNZ_BBAB01000035.1,1,1.24851878852227e-07,1,1.24851880066654e-07,0,0,0,0,0,0,0,0,0,0,0,0,0,0,0,0,FALSE
0,unknown genome; accession ID isNZ_BBAB01000056.1,1,1.24851878852227e-07,1,1.24851880358399e-07,0,0,0,0,0,0,0,0,0,0,0,0,0,0,0,0,FALSE
1121349,Comamonas composti,1,1.24851878852227e-07,1.2,1.43863692692979e-07,0,Pseudomonadota,Betaproteobacteria,Burkholderiales,Comamonadaceae,Comamonas,Comamonas composti,0,0,0,0,0,0,0,0,0,FALSE
0,unknown genome; accession ID isNZ_KK211225.1,1,1.24851878852227e-07,1.9,2.32344308578529e-07,0,0,0,0,0,0,0,0,0,0,0,0,0,0,0,0,FALSE
0,unknown genome; accession ID isNZ_JHYZ01000014.1,1,1.24851878852227e-07,1,1.24851879107327e-07,0,0,0,0,0,0,0,0,0,0,0,0,0,0,0,0,FALSE
0,unknown genome; accession ID isNZ_JHYZ01000015.1,1,1.24851878852227e-07,1,1.2522326385041e-07,0,0,0,0,0,0,0,0,0,0,0,0,0,0,0,0,FALSE
0,unknown genome; accession ID isNZ_JHYZ01000027.1,1,1.24851878852227e-07,1,1.25652943983484e-07,0,0,0,0,0,0,0,0,0,0,0,0,0,0,0,0,FALSE
1423759,Liquorilactobacillus hordei,1,1.24851878852227e-07,0.7,9.13661633547571e-08,0,Bacillota,Bacilli,Lactobacillales,Lactobacillaceae,Liquorilactobacillus,Liquorilactobacillus hordei,0,0,0,0,0,0,0,0,0,FALSE
1121116,Brachymonas chironomi,1,1.24851878852227e-07,1,1.24851878852227e-07,0,Pseudomonadota,Betaproteobacteria,Burkholderiales,Comamonadaceae,Brachymonas,Brachymonas chironomi,0,0,0,0,0,0,0,0,0,FALSE
0,unknown genome; accession ID isNZ_FMTU01000003.1,1,1.24851878852227e-07,1.3,1.68230157172846e-07,0,0,0,0,0,0,0,0,0,0,0,0,0,0,0,0,FALSE
0,unknown genome; accession ID isNZ_BBDW01000009.1,1,1.24851878852227e-07,1,1.26315954052207e-07,0,0,0,0,0,0,0,0,0,0,0,0,0,0,0,0,FALSE
0,unknown genome; accession ID isNZ_BBDW01000010.1,1,1.24851878852227e-07,0.7,8.76832391847542e-08,0,0,0,0,0,0,0,0,0,0,0,0,0,0,0,0,FALSE
742725,Alistipes indistinctus,1,1.24851878852227e-07,1,1.24851881512064e-07,0,Bacteroidota,Bacteroidia,Bacteroidales,Rikenellaceae,Alistipes,Alistipes indistinctus,0,0,0,0,0,0,0,0,0,FALSE
1236976,Paenibacillus pini,1,1.24851878852227e-07,1,1.24851878852227e-07,0,Bacillota,Bacilli,Bacillales,Paenibacillaceae,Paenibacillus,Paenibacillus pini,0,0,0,0,0,0,0,0,0,FALSE
1235794,Adlercreutzia caecimuris,1,1.24851878852227e-07,1,1.26690798500391e-07,0,Actinomycetota,Coriobacteriia,Eggerthellales,Eggerthellaceae,Adlercreutzia,Adlercreutzia caecimuris,0,0,0,0,0,0,0,0,0,FALSE
702745,Myroides phaeus,1,1.24851878852227e-07,1.8,2.22411443612823e-07,0,Bacteroidota,Flavobacteriia,Flavobacteriales,Flavobacteriaceae,Myroides,Myroides phaeus,0,0,0,0,0,0,0,0,0,FALSE
861298,Vibrio xiamenensis,1,1.24851878852227e-07,0.6,7.31076995146936e-08,0,Pseudomonadota,Gammaproteobacteria,Vibrionales,Vibrionaceae,Vibrio,Vibrio xiamenensis,0,0,0,0,0,0,0,0,0,FALSE
0,unknown genome; accession ID isNC_022546.1,1,1.24851878852227e-07,2.5,3.07959378537503e-07,0,0,0,0,0,0,0,0,0,0,0,0,0,0,0,0,FALSE
1423802,Lentilactobacillus senioris,1,1.24851878852227e-07,0.8,9.73527080423317e-08,0,Bacillota,Bacilli,Lactobacillales,Lactobacillaceae,Lentilactobacillus,Lentilactobacillus senioris,0,0,0,0,0,0,0,0,0,FALSE
938288,Fenollaria massiliensis,1,1.24851878852227e-07,1.8,2.24361343985866e-07,0,Bacillota,Clostridia,Eubacteriales,0,Fenollaria,Fenollaria massiliensis,0,0,0,0,0,0,0,0,0,FALSE
1076550,Pantoea rwandensis,1,1.24851878852227e-07,1.3,1.68166093975406e-07,0,Pseudomonadota,Gammaproteobacteria,Enterobacterales,Erwiniaceae,Pantoea,Pantoea rwandensis,0,0,0,0,0,0,0,0,0,FALSE
1338011,Elizabethkingia anophelis,1,1.24851878852227e-07,0.7,9.12600711606976e-08,0,Bacteroidota,Flavobacteriia,Flavobacteriales,Weeksellaceae,Elizabethkingia,Elizabethkingia anophelis,0,0,0,0,0,0,0,0,0,FALSE
0,unknown genome; accession ID isNZ_CCFG01000002.1,1,1.24851878852227e-07,1,1.25340550540731e-07,0,0,0,0,0,0,0,0,0,0,0,0,0,0,0,0,FALSE
1120995,Anaerosphaera aminiphila,1,1.24851878852227e-07,1.1,1.37742740592564e-07,0,Bacillota,Tissierellia,Tissierellales,Peptoniphilaceae,Anaerosphaera,Anaerosphaera aminiphila,0,0,0,0,0,0,0,0,0,FALSE
1162717,Pseudostreptobacillus hongkongensis,1,1.24851878852227e-07,1,1.24851969521818e-07,0,Fusobacteriota,Fusobacteriia,Fusobacteriales,Leptotrichiaceae,Pseudostreptobacillus,Pseudostreptobacillus hongkongensis,0,0,0,0,0,0,0,0,0,FALSE
1165852,Melaminivora alkalimesophila,1,1.24851878852227e-07,1,1.24851881760476e-07,0,Pseudomonadota,Betaproteobacteria,Burkholderiales,Comamonadaceae,Melaminivora,Melaminivora alkalimesophila,0,0,0,0,0,0,0,0,0,FALSE
1232428,Megasphaera massiliensis,1,1.24851878852227e-07,1,1.24851879023772e-07,0,Bacillota,Negativicutes,Veillonellales,Veillonellaceae,Megasphaera,Megasphaera massiliensis,0,0,0,0,0,0,0,0,0,FALSE
1239307,Sodalis praecaptivus,1,1.24851878852227e-07,1.1,1.38673285717201e-07,0,Pseudomonadota,Gammaproteobacteria,Enterobacterales,Bruguierivoracaceae,Sodalis,Sodalis praecaptivus,0,0,0,0,0,0,0,0,0,FALSE
1301100,Faecalimicrobium dakarense,1,1.24851878852227e-07,8.5,1.06512216969979e-06,0,Bacillota,Clostridia,Peptostreptococcales,Peptostreptococcaceae,Faecalimicrobium,Faecalimicrobium dakarense,0,0,0,0,0,0,0,0,0,FALSE
391936,Isoalcanivorax pacificus,1,1.24851878852227e-07,1.1,1.36480068028829e-07,0,Pseudomonadota,Gammaproteobacteria,Oceanospirillales,Alcanivoracaceae,Isoalcanivorax,Isoalcanivorax pacificus,0,0,0,0,0,0,0,0,0,FALSE
1347393,Bacteroides neonati,1,1.24851878852227e-07,1,1.24851966891948e-07,0,Bacteroidota,Bacteroidia,Bacteroidales,Bacteroidaceae,Bacteroides,Bacteroides neonati,0,0,0,0,0,0,0,0,0,FALSE
1428644,Mangrovactinospora gilvigrisea,1,1.24851878852227e-07,1,1.24434999903428e-07,0,Actinomycetota,Actinomycetes,Kitasatosporales,Streptomycetaceae,Mangrovactinospora,Mangrovactinospora gilvigrisea,0,0,0,0,0,0,0,0,0,FALSE
1033744,Peptoniphilus senegalensis,1,1.24851878852227e-07,1.3,1.63285908333906e-07,0,Bacillota,Tissierellia,Tissierellales,Peptoniphilaceae,Peptoniphilus,Peptoniphilus senegalensis,0,0,0,0,0,0,0,0,0,FALSE
0,unknown genome; accession ID isNZ_HG326667.1,1,1.24851878852227e-07,1.1,1.31414968135652e-07,0,0,0,0,0,0,0,0,0,0,0,0,0,0,0,0,FALSE
164759,Diaphorobacter nitroreducens,1,1.24851878852227e-07,1,1.24851880394499e-07,0,Pseudomonadota,Betaproteobacteria,Burkholderiales,Comamonadaceae,Diaphorobacter,Diaphorobacter nitroreducens,0,0,0,0,0,0,0,0,0,FALSE
1560201,Winslowiella iniecta,1,1.24851878852227e-07,1,1.24916009502802e-07,0,Pseudomonadota,Gammaproteobacteria,Enterobacterales,Erwiniaceae,Winslowiella,Winslowiella iniecta,0,0,0,0,0,0,0,0,0,FALSE
1566886,Mycolicibacterium malmesburyense,1,1.24851878852227e-07,1,1.28532847895955e-07,0,Actinomycetota,Actinomycetes,Mycobacteriales,Mycobacteriaceae,Mycolicibacterium,Mycolicibacterium malmesburyense,0,0,0,0,0,0,0,0,0,FALSE
1642646,Petrimonas mucosa,1,1.24851878852227e-07,1,1.24851880088926e-07,0,Bacteroidota,Bacteroidia,Bacteroidales,Dysgonomonadaceae,Petrimonas,Petrimonas mucosa,0,0,0,0,0,0,0,0,0,FALSE
1642647,Proteiniphilum saccharofermentans,1,1.24851878852227e-07,1,1.24851880058899e-07,0,Bacteroidota,Bacteroidia,Bacteroidales,Dysgonomonadaceae,Proteiniphilum,Proteiniphilum saccharofermentans,0,0,0,0,0,0,0,0,0,FALSE
1653434,Sellimonas intestinalis,1,1.24851878852227e-07,1,1.24899449408081e-07,0,Bacillota,Clostridia,Lachnospirales,Lachnospiraceae,Sellimonas,Sellimonas intestinalis,0,0,0,0,0,0,0,0,0,FALSE
1673723,Murdochiella massiliensis,1,1.24851878852227e-07,1.2,1.43750413154834e-07,0,Bacillota,Tissierellia,Tissierellales,Peptoniphilaceae,Murdochiella,Murdochiella massiliensis,0,0,0,0,0,0,0,0,0,FALSE
1702221,Faecalibaculum rodentium,1,1.24851878852227e-07,1,1.24851881768508e-07,0,Bacillota,Erysipelotrichia,Erysipelotrichales,Erysipelotrichaceae,Faecalibaculum,Faecalibaculum rodentium,0,0,0,0,0,0,0,0,0,FALSE
1720200,Anaerotruncus rubiinfantis,1,1.24851878852227e-07,1,1.24938088750141e-07,0,Bacillota,Clostridia,Eubacteriales,Oscillospiraceae,Anaerotruncus,Anaerotruncus rubiinfantis,0,0,0,0,0,0,0,0,0,FALSE
1871017,Aedoeadaptatus urinae,1,1.24851878852227e-07,1,1.23318591350252e-07,0,Bacillota,Tissierellia,Tissierellales,Peptoniphilaceae,Aedoeadaptatus,Aedoeadaptatus urinae,0,0,0,0,0,0,0,0,0,FALSE
0,unknown genome; accession ID isNW_002479145.1,1,1.24851878852227e-07,1,1.24851884444192e-07,0,0,0,0,0,0,0,0,0,0,0,0,0,0,0,0,FALSE
1277687,Pseudozyma flocculosa,1,1.24851878852227e-07,1,1.24851878876724e-07,0,Basidiomycota,Ustilaginomycetes,Ustilaginales,Ustilaginaceae,Pseudozyma,Pseudozyma flocculosa,0,0,0,0,0,0,0,0,0,FALSE
55884,Enterobacteria phage SfV,1,1.24851878852227e-07,1,1.24851980100292e-07,0,Uroviricota,Caudoviricetes,0,0,0,Enterobacteria phage SfV,0,0,0,0,0,0,0,0,0,FALSE
1124654,Escherichia phage TL-2011b,1,1.24851878852227e-07,1,1.24858300519926e-07,0,Uroviricota,Caudoviricetes,0,0,0,Escherichia phage TL-2011b,0,0,0,0,0,0,0,0,0,FALSE
1147151,Enterobacteria phage mEp237,1,1.24851878852227e-07,1.1,1.31517655664573e-07,0,Uroviricota,Caudoviricetes,0,0,0,Enterobacteria phage mEp237,0,0,0,0,0,0,0,0,0,FALSE
866553,Traversvirus tv24B,1,1.24851878852227e-07,1.3,1.68311318449013e-07,0,Uroviricota,Caudoviricetes,0,0,Traversvirus,Traversvirus tv24B,0,0,0,0,0,0,0,0,0,FALSE
1147147,Saikungvirus HK633,1,1.24851878852227e-07,1.4,1.73562602191968e-07,0,Uroviricota,Caudoviricetes,0,0,Saikungvirus,Saikungvirus HK633,0,0,0,0,0,0,0,0,0,FALSE
