"Superkingdom","Phylum","Class","Order","Family","Genus","Species","Name","ti","Healthy_stool_10_1_noerr","Healthy_stool_10_10_noerr","Healthy_stool_10_100_noerr","Healthy_stool_10_50_noerr","Healthy_stool_100_1_noerr","Healthy_stool_100_10_noerr","Healthy_stool_100_100_noerr","Healthy_stool_100_50_noerr"
NA,"Deinococcota","Deinococci","Deinococcales","Deinococcaceae","Deinococcus","Deinococcus soli (ex Cha et al. 2016)","'Deinococcus soli' Cha et al. 2014",1,NA,5,2,5,5,2,4,2
NA,"Bacillota","Bacilli","Bacillales","Bacillaceae","Salisediminibacterium","Salisediminibacterium selenitireducens","Salisediminibacterium selenitireducens",2,7,5,5,4,5,5,4,7
NA,"Actinomycetota","Actinomycetes","Mycobacteriales","Corynebacteriaceae","Corynebacterium","Brevibacterium flavum","[Brevibacterium] flavum",3,7,5,2,4,5,NA,1,3
NA,"Bacillota","Clostridia","Eubacteriales","Oscillospiraceae","Ruminiclostridium","Ruminiclostridium cellulolyticum","Ruminiclostridium cellulolyticum",4,6,4,13,7,11,15,9,11
NA,"Bacillota","Clostridia","Eubacteriales","Oscillospiraceae","f_Oscillospiraceae","Clostridium cellulosi","[Clostridium] cellulosi",5,21,25,28,23,7,11,6,11
NA,"Bacillota","Clostridia","Eubacteriales","Oscillospiraceae","Acetivibrio","Acetivibrio clariflavus","Acetivibrio clariflavus",6,6,4,3,7,7,10,12,16
NA,"Bacillota","Clostridia","Lachnospirales","Anaerotignaceae","Anaerotignum","Anaerotignum propionicum","Anaerotignum propionicum",7,7,8,11,13,6,10,12,11
NA,"Bacillota","Clostridia","Lachnospirales","Lachnospiraceae","Lacrimispora","Lacrimispora saccharolytica","Lacrimispora saccharolytica",8,13,15,7,15,43,117,78,77
NA,"Bacillota","Clostridia","Eubacteriales","Oscillospiraceae","Thermoclostridium","Thermoclostridium stercorarium","Thermoclostridium stercorarium",9,3,7,2,7,8,5,6,13
NA,"Pseudomonadota","Gammaproteobacteria","Enterobacterales","Enterobacteriaceae","Klebsiella","Klebsiella aerogenes","Klebsiella aerogenes",10,3,5,3,6,7,11,34,17
NA,"Bacillota","Clostridia","Lachnospirales","Lachnospiraceae","Lachnospira","Lachnospira eligens","Lachnospira eligens",11,35,39,41,41,670,1705,965,1082
NA,"Bacillota","Clostridia","Lachnospirales","Lachnospiraceae","Agathobacter","Agathobacter rectalis","Agathobacter rectalis",12,5091,7642,10132,4696,2394,2534,1308,3862
NA,"Bacillota","Clostridia","Peptostreptococcales","Anaerovoracaceae","f_Anaerovoracaceae","Eubacterium sulci","[Eubacterium] sulci",13,1,2,4,4,7,6,6,6
NA,"Pseudomonadota","Gammaproteobacteria","Pasteurellales","Pasteurellaceae","Haemophilus","Haemophilus ducreyi","[Haemophilus] ducreyi",14,2,NA,1,2,2,1,NA,1
NA,"Pseudomonadota","Gammaproteobacteria","Pasteurellales","Pasteurellaceae","Glaesserella","Glaesserella parasuis","Glaesserella parasuis",15,3,1,2,3,5,7,3,7
NA,"Pseudomonadota","Gammaproteobacteria","Pasteurellales","Pasteurellaceae","Basfia","Mannheimia succiniciproducens","[Mannheimia] succiniciproducens",16,3,2,1,2,1,1,3,1
NA,"Pseudomonadota","Betaproteobacteria","Burkholderiales","Sphaerotilaceae","Caldimonas","Caldimonas brevitalea","[Polyangium] brachysporum",17,1,6,1,1,NA,NA,3,1
NA,"Nucleocytoviricota","Megaviricetes","Imitervirales","Mimiviridae","Moumouvirus","Moumouvirus moumou","Acanthamoeba polyphaga moumouvirus",18,NA,1,NA,NA,2,2,NA,1
NA,"Cyanobacteriota","Cyanophyceae","Acaryochloridales","Acaryochloridaceae","Acaryochloris","Acaryochloris marina","Acaryochloris marina",19,5,2,2,3,1,1,1,1
NA,"Bacillota","Clostridia","Peptostreptococcales","Filifactoraceae","Acetoanaerobium","Acetoanaerobium sticklandii","Acetoanaerobium sticklandii",20,1,1,NA,NA,7,7,8,3
NA,"Pseudomonadota","Alphaproteobacteria","Acetobacterales","Acetobacteraceae","Acetobacter","Acetobacter pasteurianus","Acetobacter pasteurianus",21,8,6,5,4,12,3,3,2
NA,"Pseudomonadota","Alphaproteobacteria","Acetobacterales","Acetobacteraceae","Acetobacter","Acetobacter senegalensis","Acetobacter senegalensis",22,1,4,NA,1,1,1,NA,2
NA,"Pseudomonadota","Alphaproteobacteria","Acetobacterales","Acetobacteraceae","Acetobacter","Acetobacter oryzifermentans","Acetobacter sp. SLV-7",23,2,2,NA,1,2,NA,1,1
NA,"Bacillota","Clostridia","Eubacteriales","Eubacteriaceae","Acetobacterium","Acetobacterium woodii","Acetobacterium woodii",24,4,NA,1,1,7,8,5,6
NA,"Bacillota","Clostridia","Halanaerobiales","Halobacteroidaceae","Acetohalobium","Acetohalobium arabaticum","Acetohalobium arabaticum",25,NA,NA,1,2,2,5,5,3
NA,"Mycoplasmatota","Mollicutes","Acholeplasmatales","Acholeplasmataceae","Acholeplasma","Acholeplasma brassicae","Acholeplasma brassicae",26,1,NA,NA,1,2,2,2,2
NA,"Mycoplasmatota","Mollicutes","Acholeplasmatales","Acholeplasmataceae","Acholeplasma","Acholeplasma laidlawii","Acholeplasma laidlawii",27,NA,NA,NA,NA,NA,1,4,1
NA,"Mycoplasmatota","Mollicutes","Acholeplasmatales","Acholeplasmataceae","Acholeplasma","Acholeplasma oculi","Acholeplasma oculi",28,NA,NA,NA,NA,1,3,1,NA
NA,"Mycoplasmatota","Mollicutes","Acholeplasmatales","Acholeplasmataceae","Acholeplasma","Acholeplasma palmae","Acholeplasma palmae",29,1,2,1,3,1,3,4,NA
NA,"Pseudomonadota","Betaproteobacteria","Burkholderiales","Alcaligenaceae","Achromobacter","g_Achromobacter","Achromobacter",30,NA,1,NA,NA,NA,1,NA,NA
NA,"Pseudomonadota","Betaproteobacteria","Burkholderiales","Alcaligenaceae","Achromobacter","Achromobacter denitrificans","Achromobacter denitrificans",31,3,5,8,6,1,2,2,7
NA,"Pseudomonadota","Betaproteobacteria","Burkholderiales","Alcaligenaceae","Achromobacter","Achromobacter xylosoxidans","Achromobacter xylosoxidans",32,14,15,20,21,7,12,15,9
NA,"Bacillota","Negativicutes","Acidaminococcales","Acidaminococcaceae","Acidaminococcus","Acidaminococcus fermentans","Acidaminococcus fermentans",33,14,10,9,15,9,12,16,13
NA,"Bacillota","Negativicutes","Acidaminococcales","Acidaminococcaceae","Acidaminococcus","Acidaminococcus intestini","Acidaminococcus intestini",34,4,2,6,1,52,130,646,186
NA,"Thermoproteota","Thermoprotei","Sulfolobales","Sulfolobaceae","Acidianus","Acidianus hospitalis","Acidianus hospitalis",35,NA,1,1,NA,NA,NA,NA,NA
NA,"Unknown","Unknown","Unknown","Fuselloviridae","Betafusellovirus","Betafusellovirus yellowstonense","Acidianus spindle-shaped virus 1",36,NA,NA,NA,NA,NA,1,NA,NA
NA,"Pseudomonadota","Gammaproteobacteria","Chromatiales","Ectothiorhodospiraceae","Acidihalobacter","Acidihalobacter prosperus","Acidihalobacter prosperus",37,3,2,3,1,2,3,1,1
NA,"Thermoproteota","Thermoprotei","Acidilobales","Acidilobaceae","Acidilobus","Acidilobus saccharovorans","Acidilobus saccharovorans",38,1,1,NA,1,NA,NA,NA,NA
NA,"Actinomycetota","Acidimicrobiia","Acidimicrobiales","Acidimicrobiaceae","Acidimicrobium","Acidimicrobium ferrooxidans","Acidimicrobium ferrooxidans",39,NA,2,2,NA,NA,NA,NA,1
NA,"Pseudomonadota","Alphaproteobacteria","Acetobacterales","Acidocellaceae","Acidiphilium","Acidiphilium cryptum","Acidiphilium cryptum",40,1,5,2,1,1,1,3,1
NA,"Pseudomonadota","Alphaproteobacteria","Acetobacterales","Acidocellaceae","Acidiphilium","Acidiphilium multivorum","Acidiphilium multivorum",41,1,7,2,1,2,1,3,NA
NA,"Actinomycetota","Actinomycetes","Propionibacteriales","Propionibacteriaceae","Acidipropionibacterium","Acidipropionibacterium acidipropionici","Acidipropionibacterium acidipropionici",42,4,3,4,7,3,1,3,2
NA,"Pseudomonadota","Acidithiobacillia","Acidithiobacillales","Acidithiobacillaceae","Acidithiobacillus","Acidithiobacillus caldus","Acidithiobacillus caldus",43,1,NA,2,1,2,1,NA,1
NA,"Pseudomonadota","Acidithiobacillia","Acidithiobacillales","Acidithiobacillaceae","Acidithiobacillus","Acidithiobacillus ferrivorans","Acidithiobacillus ferrivorans",44,2,1,3,2,2,2,1,2
NA,"Pseudomonadota","Acidithiobacillia","Acidithiobacillales","Acidithiobacillaceae","Acidithiobacillus","Acidithiobacillus ferrooxidans","Acidithiobacillus ferrooxidans",45,3,3,4,4,1,NA,NA,1
NA,"Acidobacteriota","Terriglobia","Terriglobales","Acidobacteriaceae","Acidobacterium","Acidobacterium capsulatum","Acidobacterium capsulatum",46,4,6,2,4,1,2,5,NA
NA,"Actinomycetota","Actinomycetes","Acidothermales","Acidothermaceae","Acidothermus","g_Acidothermus","Acidothermus",47,NA,NA,1,NA,NA,NA,NA,NA
NA,"Actinomycetota","Actinomycetes","Acidothermales","Acidothermaceae","Acidothermus","Acidothermus cellulolyticus","Acidothermus cellulolyticus",48,1,3,1,2,NA,NA,1,2
NA,"Pseudomonadota","Betaproteobacteria","Burkholderiales","Comamonadaceae","Paracidovorax","Paracidovorax avenae","Paracidovorax avenae",49,5,6,8,3,6,3,2,3
NA,"Pseudomonadota","Betaproteobacteria","Burkholderiales","Comamonadaceae","Paracidovorax","Paracidovorax citrulli","Paracidovorax citrulli",50,6,4,8,5,2,2,4,3
NA,"Pseudomonadota","Betaproteobacteria","Burkholderiales","Comamonadaceae","Diaphorobacter","Acidovorax ebreus","[Acidovorax] ebreus",51,2,7,11,1,5,5,6,5
NA,"Pseudomonadota","Betaproteobacteria","Burkholderiales","Comamonadaceae","Acidovorax","Acidovorax sp. JS42","Acidovorax sp. JS42",52,4,5,12,3,7,3,9,7
NA,"Pseudomonadota","Betaproteobacteria","Burkholderiales","Comamonadaceae","Acidovorax","Acidovorax sp. KKS102","Acidovorax sp. KKS102",53,9,6,6,10,2,4,6,3
NA,"Pseudomonadota","Betaproteobacteria","Burkholderiales","Comamonadaceae","Acidovorax","Acidovorax sp. RAC01","Acidovorax sp. RAC01",54,6,5,4,4,1,2,6,4
NA,"Thermoplasmatota","p_Thermoplasmatota","p_Thermoplasmatota","p_Thermoplasmatota","Candidatus Aciduliprofundum","Candidatus Aciduliprofundum boonei","Candidatus Aciduliprofundum boonei",55,NA,NA,NA,NA,NA,NA,NA,1
NA,"Pseudomonadota","Gammaproteobacteria","Moraxellales","Moraxellaceae","Acinetobacter","g_Acinetobacter","Acinetobacter",56,NA,NA,NA,NA,NA,1,1,NA
NA,"Pseudomonadota","Gammaproteobacteria","Moraxellales","Moraxellaceae","Acinetobacter","Acinetobacter baumannii","Acinetobacter baumannii",57,9,4,2,4,5,8,13,11
NA,"Pseudomonadota","Gammaproteobacteria","Moraxellales","Moraxellaceae","Acinetobacter","Acinetobacter equi","Acinetobacter equi",58,2,NA,2,1,1,4,NA,1
NA,"Pseudomonadota","Gammaproteobacteria","Moraxellales","Moraxellaceae","Acinetobacter","Acinetobacter johnsonii","Acinetobacter johnsonii",59,1,1,NA,3,4,2,4,3
NA,"Pseudomonadota","Gammaproteobacteria","Moraxellales","Moraxellaceae","Acinetobacter","Acinetobacter nosocomialis","Acinetobacter nosocomialis",60,NA,NA,NA,NA,1,3,2,1
NA,"Pseudomonadota","Gammaproteobacteria","Moraxellales","Moraxellaceae","Acinetobacter","Acinetobacter oleivorans","Acinetobacter oleivorans",61,NA,NA,NA,NA,NA,3,1,2
NA,"Uroviricota","Caudoviricetes","Pantevenvirales","Straboviridae","Lasallevirus","Lasallevirus Acj61","Acinetobacter phage Acj61",62,1,NA,NA,NA,NA,NA,NA,NA
NA,"Pseudomonadota","Gammaproteobacteria","Moraxellales","Moraxellaceae","Acinetobacter","Acinetobacter pittii","Acinetobacter pittii",63,2,1,NA,1,4,3,5,3
NA,"Pseudomonadota","Gammaproteobacteria","Moraxellales","Moraxellaceae","Acinetobacter","Acinetobacter baylyi","Acinetobacter sp. ADP1",64,1,1,NA,1,1,NA,NA,2
NA,"Pseudomonadota","Gammaproteobacteria","Moraxellales","Moraxellaceae","Acinetobacter","Acinetobacter larvae","Acinetobacter sp. BRTC-1",65,2,NA,NA,NA,2,1,NA,1
NA,"Pseudomonadota","Gammaproteobacteria","Moraxellales","Moraxellaceae","Acinetobacter","Acinetobacter sp. NCu2D-2","Acinetobacter sp. NCu2D-2",66,1,NA,NA,NA,2,1,3,NA
NA,"Pseudomonadota","Gammaproteobacteria","Moraxellales","Moraxellaceae","Acinetobacter","Acinetobacter sp. TGL-Y2","Acinetobacter sp. TGL-Y2",67,1,2,1,5,1,4,1,2
NA,"Pseudomonadota","Gammaproteobacteria","Moraxellales","Moraxellaceae","Acinetobacter","Acinetobacter sp. TTH0-4","Acinetobacter sp. TTH0-4",68,2,NA,2,1,2,3,1,1
NA,"Actinomycetota","Actinomycetes","Pseudonocardiales","Pseudonocardiaceae","Actinoalloteichus","Actinoalloteichus hymeniacidonis","Actinoalloteichus hymeniacidonis",69,1,2,3,3,1,3,3,3
NA,"Pseudomonadota","Gammaproteobacteria","Pasteurellales","Pasteurellaceae","Actinobacillus","g_Actinobacillus","Actinobacillus",70,NA,NA,NA,NA,NA,NA,1,NA
NA,"Pseudomonadota","Gammaproteobacteria","Pasteurellales","Pasteurellaceae","Actinobacillus","Actinobacillus equuli","Actinobacillus equuli",71,5,1,1,NA,2,1,1,5
NA,"Pseudomonadota","Gammaproteobacteria","Pasteurellales","Pasteurellaceae","Actinobacillus","Actinobacillus pleuropneumoniae","Actinobacillus pleuropneumoniae",72,5,4,5,1,5,1,NA,4
NA,"Pseudomonadota","Gammaproteobacteria","Pasteurellales","Pasteurellaceae","Actinobacillus","Actinobacillus succinogenes","Actinobacillus succinogenes",73,NA,4,2,3,1,3,1,1
NA,"Pseudomonadota","Gammaproteobacteria","Pasteurellales","Pasteurellaceae","Actinobacillus","Actinobacillus suis","Actinobacillus suis",74,2,2,1,3,1,1,1,2
NA,"Actinomycetota","Actinomycetes","c_Actinomycetes","c_Actinomycetes","c_Actinomycetes","Actinobacteria bacterium IMCC26256","Actinobacteria bacterium IMCC26256",75,4,NA,NA,3,3,1,NA,NA
NA,"Actinomycetota","Actinomycetes","Actinomycetales","Actinomycetaceae","Actinomyces","g_Actinomyces","Actinomyces",76,NA,NA,2,NA,NA,NA,NA,NA
NA,"Actinomycetota","Actinomycetes","Actinomycetales","Actinomycetaceae","Schaalia","Schaalia meyeri","Actinomyces meyeri",77,5,3,2,4,3,1,1,3
NA,"Actinomycetota","Actinomycetes","Actinomycetales","Actinomycetaceae","Actinomyces","Actinomyces oris","Actinomyces oris",78,4,5,2,5,1,3,4,1
NA,"Actinomycetota","Actinomycetes","Actinomycetales","Actinomycetaceae","Actinomyces","Actinomyces radicidentis","Actinomyces radicidentis",79,3,9,3,2,2,2,1,4
NA,"Actinomycetota","Actinomycetes","Actinomycetales","Actinomycetaceae","Actinomyces","Actinomyces sp. oral taxon 414","Actinomyces sp. oral taxon 414",80,7,7,4,8,NA,NA,2,2
NA,"Actinomycetota","Actinomycetes","Actinomycetales","Actinomycetaceae","Boudabousia","Boudabousia tangfeifanii","Actinomyces sp. VUL4_3",81,1,2,3,1,1,NA,2,3
NA,"Actinomycetota","Actinomycetes","Micromonosporales","Micromonosporaceae","Actinoplanes","g_Actinoplanes","Actinoplanes",82,NA,1,NA,1,NA,NA,NA,1
NA,"Actinomycetota","Actinomycetes","Micromonosporales","Micromonosporaceae","Actinoplanes","Actinoplanes friuliensis","Actinoplanes friuliensis",83,7,8,3,4,7,4,7,7
NA,"Actinomycetota","Actinomycetes","Micromonosporales","Micromonosporaceae","Actinoplanes","Actinoplanes missouriensis","Actinoplanes missouriensis",84,6,6,13,6,2,3,3,4
NA,"Actinomycetota","Actinomycetes","Micromonosporales","Micromonosporaceae","Actinoplanes","Actinoplanes sp. N902-109","Actinoplanes sp. N902-109",85,6,6,7,6,5,NA,6,5
NA,"Actinomycetota","Actinomycetes","Micromonosporales","Micromonosporaceae","Actinoplanes","Actinoplanes sp. SE50/110","Actinoplanes sp. SE50/110",86,5,6,7,10,6,1,9,2
NA,"Actinomycetota","Actinomycetes","Pseudonocardiales","Pseudonocardiaceae","Actinosynnema","Actinosynnema mirum","Actinosynnema mirum",87,3,4,14,9,6,6,3,10
NA,"Actinomycetota","Actinomycetes","Actinomycetales","Actinomycetaceae","Actinotignum","Actinotignum schaalii","Actinotignum schaalii",88,1,2,5,4,4,2,NA,1
NA,"Actinomycetota","Coriobacteriia","Eggerthellales","Eggerthellaceae","Adlercreutzia","Adlercreutzia equolifaciens","Adlercreutzia equolifaciens",89,32,47,53,40,100,267,858,378
NA,"Nucleocytoviricota","Pokkesviricetes","Chitovirales","Poxviridae","Betaentomopoxvirus","Betaentomopoxvirus ahonmai","Adoxophyes honmai entomopoxvirus 'L'",90,1,2,1,NA,1,NA,NA,NA
NA,"Pseudomonadota","Betaproteobacteria","Burkholderiales","Alcaligenaceae","Advenella","Advenella kashmirensis","Advenella kashmirensis",91,2,2,5,3,4,NA,2,3
NA,"Pseudomonadota","Betaproteobacteria","Burkholderiales","Alcaligenaceae","Advenella","Advenella mimigardefordensis","Advenella mimigardefordensis",92,2,1,5,2,NA,2,1,2
NA,"Bacteroidota","Flavobacteriia","Flavobacteriales","Flavobacteriaceae","Aequorivita","Aequorivita sublithincola","Aequorivita sublithincola",93,1,1,1,4,2,1,2,3
NA,"Bacillota","Bacilli","Lactobacillales","Aerococcaceae","Aerococcus","Aerococcus christensenii","Aerococcus christensenii",94,3,3,4,NA,3,2,2,1
NA,"Bacillota","Bacilli","Lactobacillales","Aerococcaceae","Aerococcus","Aerococcus sanguinicola","Aerococcus sanguinicola",95,NA,2,NA,3,NA,NA,2,4
NA,"Bacillota","Bacilli","Lactobacillales","Aerococcaceae","Aerococcus","Aerococcus urinae","Aerococcus urinae",96,3,NA,NA,NA,NA,2,3,1
NA,"Bacillota","Bacilli","Lactobacillales","Aerococcaceae","Aerococcus","Aerococcus urinaeequi","Aerococcus urinaeequi",97,2,4,NA,2,5,3,NA,1
NA,"Bacillota","Bacilli","Lactobacillales","Aerococcaceae","Aerococcus","Aerococcus urinaehominis","Aerococcus urinaehominis",98,2,NA,NA,NA,2,4,4,1
NA,"Bacillota","Bacilli","Lactobacillales","Aerococcaceae","Aerococcus","Aerococcus viridans","Aerococcus viridans",99,NA,NA,1,NA,2,1,4,3
NA,"Actinomycetota","Actinomycetes","Propionibacteriales","Nocardioidaceae","Aeromicrobium","g_Aeromicrobium","Aeromicrobium",100,1,NA,NA,NA,1,NA,NA,NA
NA,"Actinomycetota","Actinomycetes","Propionibacteriales","Nocardioidaceae","Aeromicrobium","Aeromicrobium erythreum","Aeromicrobium erythreum",101,4,3,9,1,3,NA,2,2
NA,"Pseudomonadota","Gammaproteobacteria","Aeromonadales","Aeromonadaceae","Aeromonas","g_Aeromonas","Aeromonas",102,NA,NA,NA,NA,NA,1,NA,1
NA,"Pseudomonadota","Gammaproteobacteria","Aeromonadales","Aeromonadaceae","Aeromonas","Aeromonas hydrophila","Aeromonas hydrophila",103,26,20,21,36,10,15,31,24
NA,"Pseudomonadota","Gammaproteobacteria","Aeromonadales","Aeromonadaceae","Aeromonas","Aeromonas media","Aeromonas media",104,4,6,1,8,3,2,7,2
NA,"Uroviricota","Caudoviricetes","Pantevenvirales","Straboviridae","Chrysonvirus","Chrysonvirus as5","Aeromonas phage phiAS5",105,NA,NA,NA,NA,NA,NA,NA,1
NA,"Uroviricota","Caudoviricetes","Pantevenvirales","Straboviridae","Angelvirus","Angelvirus px29","Aeromonas phage PX29",106,1,NA,NA,NA,NA,NA,NA,NA
NA,"Pseudomonadota","Gammaproteobacteria","Aeromonadales","Aeromonadaceae","Aeromonas","Aeromonas salmonicida","Aeromonas salmonicida",107,8,8,5,4,1,2,3,5
NA,"Pseudomonadota","Gammaproteobacteria","Aeromonadales","Aeromonadaceae","Aeromonas","Aeromonas schubertii","Aeromonas schubertii",108,4,9,9,5,5,3,3,4
NA,"Pseudomonadota","Gammaproteobacteria","Aeromonadales","Aeromonadaceae","Aeromonas","Aeromonas veronii","Aeromonas veronii",109,11,8,13,21,14,12,24,25
NA,"Uroviricota","Caudoviricetes","Pantevenvirales","Straboviridae","Biquartavirus","Biquartavirus 44RR2","Aeromonas virus 31",110,NA,NA,NA,NA,NA,NA,1,NA
NA,"Uroviricota","Caudoviricetes","Pantevenvirales","Straboviridae","Biquartavirus","Biquartavirus 44RR2","Biquartavirus 44RR2",111,NA,NA,NA,NA,NA,NA,1,NA
NA,"Pseudomonadota","Gammaproteobacteria","Alteromonadales","Alteromonadaceae","Agarivorans","Agarivorans gilvus","Agarivorans gilvus",112,4,NA,2,1,1,NA,NA,NA
NA,"Pseudomonadota","Gammaproteobacteria","Pasteurellales","Pasteurellaceae","Aggregatibacter","Aggregatibacter actinomycetemcomitans","Aggregatibacter actinomycetemcomitans",113,NA,NA,NA,2,NA,3,3,2
NA,"Pseudomonadota","Gammaproteobacteria","Pasteurellales","Pasteurellaceae","Aggregatibacter","Aggregatibacter aphrophilus","Aggregatibacter aphrophilus",114,2,NA,2,4,NA,4,1,3
NA,"Pseudomonadota","Alphaproteobacteria","Hyphomicrobiales","Rhizobiaceae","Agrobacterium","g_Agrobacterium","Agrobacterium",115,1,NA,NA,NA,NA,NA,NA,NA
NA,"Pseudomonadota","Alphaproteobacteria","Hyphomicrobiales","Rhizobiaceae","Agrobacterium","Agrobacterium fabrum","Agrobacterium fabrum",116,3,4,9,4,4,2,5,4
NA,"Pseudomonadota","Alphaproteobacteria","Hyphomicrobiales","Rhizobiaceae","Agrobacterium","Agrobacterium tumefaciens","Agrobacterium tumefaciens",117,5,6,NA,8,1,NA,4,3
NA,"Pseudomonadota","Alphaproteobacteria","Hyphomicrobiales","Rhizobiaceae","Agrobacterium","Agrobacterium sp. RAC06","Agrobacterium sp. RAC06",118,5,7,5,8,3,2,5,2
NA,"Pseudomonadota","Alphaproteobacteria","Hyphomicrobiales","Rhizobiaceae","Agrobacterium","Agrobacterium tumefaciens","Agrobacterium tumefaciens",119,18,17,7,18,13,3,7,12
NA,"Pseudomonadota","Alphaproteobacteria","Hyphomicrobiales","Rhizobiaceae","Agrobacterium","Agrobacterium vitis","Agrobacterium vitis",120,1,2,NA,4,1,3,6,3
NA,"Actinomycetota","Actinomycetes","Micrococcales","Microbacteriaceae","Agromyces","g_Agromyces","Agromyces",121,NA,NA,1,NA,NA,NA,NA,NA
NA,"Actinomycetota","Actinomycetes","Micrococcales","Microbacteriaceae","Agromyces","Agromyces aureus","Agromyces sp. AR33",122,2,5,6,4,1,1,2,2
NA,"Verrucomicrobiota","Verrucomicrobiia","Verrucomicrobiales","Akkermansiaceae","Akkermansia","Akkermansia glycaniphila","Akkermansia glycaniphila",123,4,6,4,2,3,3,4,2
NA,"Verrucomicrobiota","Verrucomicrobiia","Verrucomicrobiales","Akkermansiaceae","Akkermansia","Akkermansia muciniphila","Akkermansia muciniphila",124,11,3,13,6,741,1954,735,1178
NA,"Verrucomicrobiota","Verrucomicrobiia","Verrucomicrobiales","Akkermansiaceae","f_Akkermansiaceae","f_Akkermansiaceae","Akkermansiaceae",125,NA,NA,NA,1,NA,NA,NA,NA
NA,"Pseudomonadota","Betaproteobacteria","Burkholderiales","Alcaligenaceae","f_Alcaligenaceae","f_Alcaligenaceae","Alcaligenaceae",126,NA,NA,NA,1,NA,NA,NA,NA
NA,"Pseudomonadota","Betaproteobacteria","Burkholderiales","Alcaligenaceae","Alcaligenes","Alcaligenes faecalis","Alcaligenes faecalis",127,3,2,NA,6,2,NA,3,3
NA,"Pseudomonadota","Gammaproteobacteria","Oceanospirillales","Alcanivoracaceae","Alcanivorax","g_Alcanivorax","Alcanivorax",128,NA,NA,1,NA,NA,1,1,NA
NA,"Pseudomonadota","Gammaproteobacteria","Oceanospirillales","Alcanivoracaceae","Alcanivorax","Alcanivorax borkumensis","Alcanivorax borkumensis",129,1,NA,NA,1,NA,1,1,NA
NA,"Pseudomonadota","Gammaproteobacteria","Oceanospirillales","Alcanivoracaceae","Alloalcanivorax","Alloalcanivorax dieselolei","Alloalcanivorax dieselolei",130,7,4,8,3,4,1,3,3
NA,"Pseudomonadota","Gammaproteobacteria","Oceanospirillales","Alcanivoracaceae","Isoalcanivorax","Isoalcanivorax pacificus","Isoalcanivorax pacificus",131,2,2,3,3,2,2,5,5
NA,"Pseudomonadota","Gammaproteobacteria","Oceanospirillales","Alcanivoracaceae","Alcanivorax","Alcanivorax sp. NBRC 101098","Alcanivorax sp. NBRC 101098",132,1,NA,NA,1,NA,1,1,NA
NA,"Bacteroidota","Flavobacteriia","Flavobacteriales","Flavobacteriaceae","Pseudalgibacter","Pseudalgibacter alginicilyticus","Algibacter alginolytica",133,3,4,2,3,5,5,3,1
NA,"Bacteroidota","Cytophagia","Cytophagales","Cyclobacteriaceae","Algoriphagus","Algoriphagus sanaruensis","Algoriphagus sp. M8-2",134,6,2,3,4,6,1,3,2
NA,"Pseudomonadota","Betaproteobacteria","Burkholderiales","Comamonadaceae","Alicycliphilus","g_Alicycliphilus","Alicycliphilus",135,NA,2,NA,NA,NA,NA,NA,NA
NA,"Pseudomonadota","Betaproteobacteria","Burkholderiales","Comamonadaceae","Alicycliphilus","Alicycliphilus denitrificans","Alicycliphilus denitrificans",136,10,11,14,9,13,7,9,8
NA,"Bacillota","Bacilli","Bacillales","Alicyclobacillaceae","Alicyclobacillus","Alicyclobacillus acidocaldarius","Alicyclobacillus acidocaldarius",137,1,4,8,9,1,9,4,1
NA,"Pseudomonadota","Gammaproteobacteria","Vibrionales","Vibrionaceae","Aliivibrio","Aliivibrio fischeri","Aliivibrio fischeri",138,2,2,NA,1,1,3,3,3
NA,"Pseudomonadota","Gammaproteobacteria","Vibrionales","Vibrionaceae","Aliivibrio","Aliivibrio salmonicida","Aliivibrio salmonicida",139,2,NA,NA,NA,3,NA,1,2
NA,"Pseudomonadota","Gammaproteobacteria","Vibrionales","Vibrionaceae","Aliivibrio","Aliivibrio wodanis","Aliivibrio wodanis",140,NA,1,1,2,2,NA,1,5
NA,"Bacteroidota","Bacteroidia","Bacteroidales","Rikenellaceae","Alistipes","Alistipes finegoldii","Alistipes finegoldii",141,369,514,770,350,593,1257,1262,966
NA,"Pseudomonadota","Gammaproteobacteria","Chromatiales","Ectothiorhodospiraceae","Alkalilimnicola","Alkalilimnicola ehrlichii","Alkalilimnicola ehrlichii",142,2,1,7,7,3,NA,1,4
NA,"Bacillota","Clostridia","Peptostreptococcales","Natronincolaceae","Alkaliphilus","Alkaliphilus metalliredigens","Alkaliphilus metalliredigens",143,NA,NA,3,2,NA,4,6,10
NA,"Bacillota","Clostridia","Peptostreptococcales","Natronincolaceae","Alkaliphilus","Alkaliphilus oremlandii","Alkaliphilus oremlandii",144,1,3,1,5,2,7,3,6
NA,"Pseudomonadota","Gammaproteobacteria","Chromatiales","Chromatiaceae","Allochromatium","Allochromatium vinosum","Allochromatium vinosum",145,2,2,3,7,3,5,2,4
NA,"Pseudomonadota","Gammaproteobacteria","Thiotrichales","Francisellaceae","Allofrancisella","Allofrancisella guangzhouensis","Allofrancisella guangzhouensis",146,1,1,1,NA,1,1,1,NA
NA,"Pseudomonadota","Alphaproteobacteria","Candidatus Pelagibacterales","Candidatus Pelagibacteraceae","f_Candidatus Pelagibacteraceae","alpha proteobacterium HIMB5","alpha proteobacterium HIMB5",147,NA,NA,NA,1,NA,NA,NA,1
NA,"Pseudomonadota","Alphaproteobacteria","Candidatus Pelagibacterales","Candidatus Pelagibacteraceae","f_Candidatus Pelagibacteraceae","alpha proteobacterium HIMB59","alpha proteobacterium HIMB59",148,NA,NA,NA,NA,NA,1,NA,NA
NA,"Pseudomonadota","Alphaproteobacteria","Sphingomonadales","Erythrobacteraceae","Altererythrobacter","g_Altererythrobacter","Altererythrobacter",149,NA,4,NA,NA,NA,NA,NA,NA
NA,"Pseudomonadota","Alphaproteobacteria","Sphingomonadales","Erythrobacteraceae","Croceibacterium","Croceibacterium atlanticum","Altererythrobacter atlanticus",150,NA,2,6,1,4,5,1,5
NA,"Pseudomonadota","Alphaproteobacteria","Sphingomonadales","Erythrobacteraceae","Tsuneonella","Tsuneonella dongtanensis","Altererythrobacter dongtanensis",151,5,1,3,2,3,1,1,2
NA,"Pseudomonadota","Alphaproteobacteria","Sphingomonadales","Erythrobacteraceae","Altererythrobacter","Altererythrobacter epoxidivorans","Altererythrobacter epoxidivorans",152,1,1,3,1,1,1,1,NA
NA,"Pseudomonadota","Alphaproteobacteria","Sphingomonadales","Erythrobacteraceae","Altererythrobacter","Altererythrobacter ishigakiensis","Altererythrobacter ishigakiensis",153,1,1,1,NA,3,1,NA,NA
NA,"Pseudomonadota","Alphaproteobacteria","Sphingomonadales","Erythrobacteraceae","Pelagerythrobacter","Pelagerythrobacter marensis","Altererythrobacter marensis",154,2,2,3,1,NA,2,NA,2
NA,"Pseudomonadota","Alphaproteobacteria","Sphingomonadales","Erythrobacteraceae","Paraurantiacibacter","Paraurantiacibacter namhicola","Altererythrobacter namhicola",155,2,3,4,1,3,3,1,3
NA,"Pseudomonadota","Gammaproteobacteria","Alteromonadales","Alteromonadaceae","Alteromonas","Alteromonas stellipolaris","Alteromonas stellipolaris",156,1,NA,4,3,3,2,1,1
NA,"Pseudomonadota","Gammaproteobacteria","Alteromonadales","Alteromonadaceae","Alteromonas","Alteromonas australica","Alteromonas australica",157,NA,1,1,NA,NA,1,1,NA
NA,"Pseudomonadota","Gammaproteobacteria","Alteromonadales","Alteromonadaceae","Alteromonas","Alteromonas macleodii","Alteromonas macleodii",158,7,3,NA,4,7,3,4,2
NA,"Pseudomonadota","Gammaproteobacteria","Alteromonadales","Alteromonadaceae","Alteromonas","Alteromonas mediterranea","Alteromonas mediterranea",159,5,2,1,3,3,1,3,2
NA,"Pseudomonadota","Gammaproteobacteria","Alteromonadales","Alteromonadaceae","Alteromonas","Alteromonas naphthalenivorans","Alteromonas naphthalenivorans",160,1,1,1,NA,NA,1,NA,NA
NA,"Pseudomonadota","Gammaproteobacteria","Alteromonadales","Alteromonadaceae","Alteromonas","Alteromonas sp. Mac1","Alteromonas sp. Mac1",161,2,NA,6,3,3,2,1,1
NA,"Pseudomonadota","Gammaproteobacteria","Alteromonadales","Alteromonadaceae","Alteromonas","Alteromonas stellipolaris","Alteromonas stellipolaris",162,2,NA,5,5,6,1,3,2
NA,"Pseudomonadota","Alphaproteobacteria","Hyphomicrobiales","Phyllobacteriaceae","Aminobacter","Aminobacter aminovorans","Aminobacter aminovorans",163,3,6,8,10,6,2,4,3
NA,"Synergistota","Synergistia","Synergistales","Aminobacteriaceae","Aminobacterium","Aminobacterium colombiense","Aminobacterium colombiense",164,2,1,NA,3,NA,NA,2,1
NA,"Bacillota","Clostridia","Thermoanaerobacterales","Thermoanaerobacteraceae","Ammonifex","Ammonifex degensii","Ammonifex degensii",165,1,4,4,3,1,2,2,NA
NA,"Bacillota","Bacilli","Bacillales","Bacillaceae","Amphibacillus","Amphibacillus xylanus","Amphibacillus xylanus",166,4,3,3,2,5,3,1,4
NA,"Actinomycetota","Actinomycetes","Pseudonocardiales","Pseudonocardiaceae","Amycolatopsis","g_Amycolatopsis","Amycolatopsis",167,1,NA,1,NA,1,NA,NA,NA
NA,"Actinomycetota","Actinomycetes","Pseudonocardiales","Pseudonocardiaceae","Amycolatopsis","Amycolatopsis japonica","Amycolatopsis japonica",168,3,5,7,1,2,4,4,3
NA,"Actinomycetota","Actinomycetes","Pseudonocardiales","Pseudonocardiaceae","Amycolatopsis","Amycolatopsis mediterranei","Amycolatopsis mediterranei",169,3,7,9,4,5,2,3,5
NA,"Actinomycetota","Actinomycetes","Pseudonocardiales","Pseudonocardiaceae","Amycolatopsis","Amycolatopsis methanolica","Amycolatopsis methanolica",170,2,5,6,7,1,1,3,3
NA,"Actinomycetota","Actinomycetes","Pseudonocardiales","Pseudonocardiaceae","Amycolatopsis","Amycolatopsis orientalis","Amycolatopsis orientalis",171,5,11,14,7,4,4,5,4
NA,"Cyanobacteriota","Cyanophyceae","Nostocales","Nostocaceae","Anabaena","Anabaena cylindrica","Anabaena cylindrica",172,2,NA,2,2,NA,2,1,1
NA,"Cyanobacteriota","Cyanophyceae","Nostocales","Nostocaceae","Anabaena","Anabaena sp. 90","Anabaena sp. 90",173,1,1,3,5,1,NA,3,3
NA,"Cyanobacteriota","Cyanophyceae","Nostocales","Nostocaceae","Anabaena","Anabaena sp. WA102","Anabaena sp. wa102",174,1,2,NA,4,1,2,1,2
NA,"Synergistota","Synergistia","Synergistales","Acetomicrobiaceae","Acetomicrobium","Acetomicrobium mobile","Acetomicrobium mobile",175,NA,3,1,1,NA,1,NA,NA
NA,"Bacillota","Tissierellia","Tissierellales","Peptoniphilaceae","Anaerococcus","Anaerococcus prevotii","Anaerococcus prevotii",176,3,4,2,4,3,7,12,6
NA,"Chloroflexota","Anaerolineae","Anaerolineales","Anaerolineaceae","Anaerolinea","Anaerolinea thermophila","Anaerolinea thermophila",177,3,4,3,3,NA,NA,1,3
NA,"Chloroflexota","Anaerolineae","Anaerolineales","Anaerolineaceae","f_Anaerolineaceae","Anaerolineaceae bacterium oral taxon 439","Anaerolineaceae bacterium oral taxon 439",178,NA,3,1,1,2,2,2,2
NA,"Myxococcota","Myxococcia","Myxococcales","Anaeromyxobacteraceae","Anaeromyxobacter","Anaeromyxobacter dehalogenans","Anaeromyxobacter dehalogenans",179,7,12,11,16,6,6,7,6
NA,"Myxococcota","Myxococcia","Myxococcales","Anaeromyxobacteraceae","Anaeromyxobacter","Anaeromyxobacter sp. Fw109-5","Anaeromyxobacter sp. Fw109-5",180,4,4,11,4,3,5,1,4
NA,"Myxococcota","Myxococcia","Myxococcales","Anaeromyxobacteraceae","Anaeromyxobacter","Anaeromyxobacter sp. K","Anaeromyxobacter sp. K",181,3,7,12,7,3,2,6,6
NA,"Pseudomonadota","Alphaproteobacteria","Rickettsiales","Anaplasmataceae","Anaplasma","Anaplasma centrale","Anaplasma centrale",182,NA,1,NA,NA,NA,NA,NA,NA
NA,"Pseudomonadota","Alphaproteobacteria","Rickettsiales","Anaplasmataceae","Anaplasma","Anaplasma marginale","Anaplasma marginale",183,1,1,NA,NA,NA,1,NA,NA
NA,"Pseudomonadota","Alphaproteobacteria","Rickettsiales","Anaplasmataceae","Anaplasma","Anaplasma phagocytophilum","Anaplasma phagocytophilum",184,NA,1,NA,NA,NA,2,1,NA
NA,"Bacillota","Bacilli","Bacillales","Paenibacillaceae","Aneurinibacillus","Aneurinibacillus sp. XH2","Aneurinibacillus sp. XH2",185,1,4,NA,2,7,3,1,5
NA,"Nucleocytoviricota","Pokkesviricetes","Chitovirales","Poxviridae","Alphaentomopoxvirus","Alphaentomopoxvirus acuprea","Anomala cuprea entomopoxvirus",186,NA,NA,NA,NA,NA,NA,1,NA
NA,"Bacillota","Bacilli","Bacillales","Anoxybacillaceae","Anoxybacteroides","Anoxybacteroides amylolyticum","Anoxybacillus amylolyticus",187,1,3,NA,3,2,2,NA,2
NA,"Bacillota","Bacilli","Bacillales","Anoxybacillaceae","Anoxybacillus","Anoxybacillus flavithermus","Anoxybacillus flavithermus",188,1,NA,1,NA,2,3,NA,3
NA,"Bacillota","Bacilli","Bacillales","Anoxybacillaceae","Anoxybacillus","Anoxybacillus gonensis","Anoxybacillus gonensis",189,1,1,2,3,4,2,4,4
NA,"Bacillota","Bacilli","Bacillales","Anoxybacillaceae","Anoxybacillus","Anoxybacillus sp. B2M1","Anoxybacillus sp. B2M1",190,1,2,2,NA,2,1,1,4
NA,"Bacillota","Bacilli","Bacillales","Anoxybacillaceae","Anoxybacillus","Anoxybacillus sp. B7M1","Anoxybacillus sp. B7M1",191,1,NA,2,1,2,1,NA,4
NA,"Aquificota","Aquificia","Aquificales","Aquificaceae","Aquifex","Aquifex aeolicus","Aquifex aeolicus",192,NA,1,NA,NA,3,2,1,2
NA,"Pisuviricota","Pisoniviricetes","Picornavirales","Secoviridae","Nepovirus","Nepovirus arabis","Arabis mosaic virus",193,NA,NA,NA,NA,NA,NA,NA,1
NA,"Bacteroidota","Chitinophagia","Chitinophagales","Chitinophagaceae","Arachidicoccus","Arachidicoccus sp. BS20","Arachidicoccus sp. BS20",194,2,5,3,5,4,6,2,5
NA,"Actinomycetota","Actinomycetes","Actinomycetales","Actinomycetaceae","Arcanobacterium","Arcanobacterium haemolyticum","Arcanobacterium haemolyticum",195,1,1,1,3,1,1,1,3
NA,"Methanobacteriota","Archaeoglobi","Archaeoglobales","Archaeoglobaceae","Archaeoglobus","Archaeoglobus fulgidus","Archaeoglobus fulgidus",196,1,1,NA,NA,NA,1,NA,NA
NA,"Methanobacteriota","Archaeoglobi","Archaeoglobales","Archaeoglobaceae","Archaeoglobus","Archaeoglobus profundus","Archaeoglobus profundus",197,NA,NA,NA,NA,1,1,1,NA
NA,"Methanobacteriota","Archaeoglobi","Archaeoglobales","Archaeoglobaceae","Archaeoglobus","Archaeoglobus sulfaticallidus","Archaeoglobus sulfaticallidus",198,NA,NA,NA,NA,NA,1,1,NA
NA,"Methanobacteriota","Archaeoglobi","Archaeoglobales","Archaeoglobaceae","Archaeoglobus","Archaeoglobus veneficus","Archaeoglobus veneficus",199,NA,2,1,1,1,NA,NA,NA
NA,"Myxococcota","Myxococcia","Myxococcales","Archangiaceae","Archangium","Archangium gephyra","Archangium gephyra",200,14,13,12,7,7,4,5,5
NA,"Campylobacterota","Epsilonproteobacteria","Campylobacterales","Arcobacteraceae","Aliarcobacter","Aliarcobacter butzleri","Aliarcobacter butzleri",201,NA,1,1,NA,5,1,2,NA
NA,"Campylobacterota","Epsilonproteobacteria","Campylobacterales","Arcobacteraceae","Arcobacter","Arcobacter nitrofigilis","Arcobacter nitrofigilis",202,1,2,1,2,2,2,3,NA
NA,"Campylobacterota","Epsilonproteobacteria","Campylobacterales","Arcobacteraceae","Arcobacter","Arcobacter sp. L","Arcobacter sp. L",203,NA,NA,NA,NA,2,4,2,1
NA,"Nucleocytoviricota","Megaviricetes","Pimascovirales","Iridoviridae","Iridovirus","Iridovirus armadillidium1","Armadillidium vulgare iridescent virus",204,NA,1,NA,NA,NA,NA,NA,NA
NA,"Pseudomonadota","Betaproteobacteria","Rhodocyclales","Rhodocyclaceae","Aromatoleum","Aromatoleum aromaticum","Aromatoleum aromaticum",205,3,NA,2,2,1,NA,4,2
NA,"Actinomycetota","Actinomycetes","Micrococcales","Intrasporangiaceae","Arsenicicoccus","Arsenicicoccus sp. oral taxon 190","Arsenicicoccus sp. oral taxon 190",206,2,1,6,1,1,1,2,1
NA,"Pseudomonadota","Gammaproteobacteria","Enterobacterales","Morganellaceae","Arsenophonus","Candidatus Arsenophonus lipoptenae","Arsenophonus symbiont of Lipoptena fortisetosa",207,NA,NA,NA,NA,1,NA,NA,NA
NA,"Actinomycetota","Actinomycetes","Micrococcales","Micrococcaceae","Arthrobacter","g_Arthrobacter","Arthrobacter",208,NA,1,1,1,NA,NA,NA,1
NA,"Actinomycetota","Actinomycetes","Micrococcales","Micrococcaceae","Arthrobacter","Arthrobacter alpinus","Arthrobacter alpinus",209,4,3,7,5,4,3,3,2
NA,"Actinomycetota","Actinomycetes","Micrococcales","Micrococcaceae","Arthrobacter","Arthrobacter alpinus","Arthrobacter sp. A3",210,4,4,4,3,5,2,4,1
NA,"Actinomycetota","Actinomycetes","Micrococcales","Micrococcaceae","Paenarthrobacter","Arthrobacter sp. ATCC 21022","Arthrobacter sp. ATCC 21022",211,2,NA,1,7,2,1,NA,NA
NA,"Actinomycetota","Actinomycetes","Micrococcales","Micrococcaceae","Arthrobacter","Arthrobacter sp. ERGS1:01","Arthrobacter sp. ERGS1:01",212,7,6,6,10,5,4,5,4
NA,"Actinomycetota","Actinomycetes","Micrococcales","Micrococcaceae","Arthrobacter","Arthrobacter sp. FB24","Arthrobacter sp. FB24",213,6,5,4,4,1,3,1,2
NA,"Actinomycetota","Actinomycetes","Micrococcales","Micrococcaceae","Psychromicrobium","Psychromicrobium lacuslunae","Arthrobacter sp. IHBB 11108",214,2,4,3,3,5,1,NA,3
NA,"Actinomycetota","Actinomycetes","Micrococcales","Micrococcaceae","Arthrobacter","Arthrobacter sp. 'calajunan'","Arthrobacter sp. LS16",215,9,6,8,8,1,2,NA,1
NA,"Actinomycetota","Actinomycetes","Micrococcales","Micrococcaceae","Arthrobacter","Arthrobacter sp. PAMC 25486","Arthrobacter sp. PAMC 25486",216,5,7,3,8,6,4,2,1
NA,"Actinomycetota","Actinomycetes","Micrococcales","Micrococcaceae","Arthrobacter","Arthrobacter sp. Rue61a","Arthrobacter sp. Rue61a",217,3,3,3,3,2,2,1,2
NA,"Actinomycetota","Actinomycetes","Micrococcales","Micrococcaceae","Arthrobacter","Arthrobacter sp. U41","Arthrobacter sp. U41",218,1,2,1,6,4,4,2,2
NA,"Actinomycetota","Actinomycetes","Micrococcales","Micrococcaceae","Arthrobacter","Arthrobacter sp. YC-RL1","Arthrobacter sp. YC-RL1",219,4,4,8,6,2,NA,2,NA
NA,"Actinomycetota","Actinomycetes","Micrococcales","Micrococcaceae","Arthrobacter","Arthrobacter sp. ZXY-2","Arthrobacter sp. ZXY-2",220,3,3,3,3,3,1,NA,2
NA,"Pseudomonadota","Alphaproteobacteria","Acetobacterales","Acetobacteraceae","Asaia","Asaia bogorensis","Asaia bogorensis",221,2,3,2,1,2,NA,NA,3
NA,"Mycoplasmatota","Mollicutes","Acholeplasmatales","Acholeplasmataceae","Candidatus Phytoplasma","Aster yellows witches'-broom phytoplasma","Aster yellows witches'-broom phytoplasma",222,NA,NA,NA,NA,NA,NA,NA,1
NA,"Pseudomonadota","Alphaproteobacteria","Caulobacterales","Caulobacteraceae","Asticcacaulis","Asticcacaulis excentricus","Asticcacaulis excentricus",223,8,4,3,6,3,2,NA,2
NA,"Actinomycetota","Coriobacteriia","Coriobacteriales","Atopobiaceae","Lancefieldella","Lancefieldella parvula","Lancefieldella parvula",224,8,12,12,9,2,4,4,4
NA,"Pseudomonadota","Alphaproteobacteria","Hyphomicrobiales","Aurantimonadaceae","Aureimonas","Aureimonas sp. AU20","Aureimonas sp. AU20",225,3,4,3,4,3,2,2,1
NA,"Pseudomonadota","Betaproteobacteria","Rhodocyclales","Zoogloeaceae","Azoarcus","g_Azoarcus","Azoarcus",226,NA,2,1,NA,NA,NA,1,NA
NA,"Pseudomonadota","Betaproteobacteria","Rhodocyclales","Zoogloeaceae","Azoarcus","Azoarcus olearius","Azoarcus olearius",227,3,3,3,4,7,NA,2,3
NA,"Pseudomonadota","Betaproteobacteria","Rhodocyclales","Zoogloeaceae","Azoarcus","Azoarcus olearius","Azoarcus sp. BH72",228,4,1,3,5,5,1,2,3
NA,"Pseudomonadota","Betaproteobacteria","Rhodocyclales","Zoogloeaceae","Azoarcus","Azoarcus sp. CIB","Azoarcus sp. CIB",229,5,NA,2,7,2,1,5,5
NA,"Pseudomonadota","Betaproteobacteria","Rhodocyclales","Zoogloeaceae","Azoarcus","Azoarcus sp. KH32C","Azoarcus sp. KH32C",230,2,2,2,2,2,1,5,2
NA,"Pseudomonadota","Alphaproteobacteria","Hyphomicrobiales","Xanthobacteraceae","Azorhizobium","Azorhizobium caulinodans","Azorhizobium caulinodans",231,8,8,3,9,3,4,1,8
NA,"Pseudomonadota","Betaproteobacteria","Rhodocyclales","Rhodocyclaceae","Azospira","Azospira oryzae","Azospira oryzae",232,4,5,4,12,2,1,3,4
NA,"Pseudomonadota","Alphaproteobacteria","Rhodospirillales","Azospirillaceae","Azospirillum","Azospirillum brasilense","Azospirillum brasilense",233,9,11,16,11,3,6,8,8
NA,"Pseudomonadota","Alphaproteobacteria","Rhodospirillales","Azospirillaceae","Azospirillum","Azospirillum humicireducens","Azospirillum humicireducens",234,5,11,2,4,3,1,NA,1
NA,"Pseudomonadota","Alphaproteobacteria","Rhodospirillales","Azospirillaceae","Azospirillum","Azospirillum lipoferum","Azospirillum lipoferum",235,9,21,14,14,10,5,3,7
NA,"Pseudomonadota","Alphaproteobacteria","Rhodospirillales","Azospirillaceae","Azospirillum","Azospirillum thiophilum","Azospirillum thiophilum",236,5,10,2,10,5,4,6,4
NA,"Pseudomonadota","Gammaproteobacteria","Pseudomonadales","Pseudomonadaceae","Azotobacter","Azotobacter chroococcum","Azotobacter chroococcum",237,2,4,11,9,7,2,6,3
NA,"Pseudomonadota","Gammaproteobacteria","Pseudomonadales","Pseudomonadaceae","Azotobacter","Azotobacter vinelandii","Azotobacter vinelandii",238,2,5,2,9,6,5,7,2
NA,"Bacillota","Bacilli","Bacillales","Bacillaceae","Bacillus","Bacillus amyloliquefaciens","Bacillus amyloliquefaciens",239,3,8,10,9,6,15,2,4
NA,"Bacillota","Bacilli","Bacillales","Bacillaceae","Bacillus","Bacillus anthracis","Bacillus anthracis",240,NA,1,1,NA,6,3,3,4
NA,"Bacillota","Bacilli","Bacillales","Bacillaceae","Bacillus","Bacillus atrophaeus","Bacillus atrophaeus",241,2,4,1,4,1,4,3,5
NA,"Bacillota","Bacilli","Bacillales","Bacillaceae","Salisediminibacterium","Salisediminibacterium beveridgei","Bacillus beveridgei",242,1,2,1,1,2,1,3,4
NA,"Bacillota","Bacilli","Bacillales","Bacillaceae","Bacillus","Bacillus bombysepticus","Bacillus bombysepticus",243,1,NA,1,1,2,4,1,4
NA,"Bacillota","Bacilli","Bacillales","Bacillaceae","Evansella","Evansella cellulosilytica","Evansella cellulosilytica",244,2,NA,2,2,6,6,2,2
NA,"Bacillota","Bacilli","Bacillales","Bacillaceae","Bacillus","Bacillus cereus","Bacillus cereus",245,12,5,11,7,20,24,18,20
NA,"Bacillota","Bacilli","Bacillales","Bacillaceae","Shouchella","Shouchella clausii","Shouchella clausii",246,1,NA,NA,NA,3,1,1,NA
NA,"Bacillota","Bacilli","Bacillales","Bacillaceae","Heyndrickxia","Heyndrickxia coagulans","Heyndrickxia coagulans",247,1,8,2,8,2,8,6,6
NA,"Bacillota","Bacilli","Bacillales","Bacillaceae","Bacillus","Bacillus cytotoxicus","Bacillus cytotoxicus",248,1,3,3,2,9,5,4,6
NA,"Bacillota","Bacilli","Bacillales","Bacillaceae","Priestia","Priestia endophytica","Priestia endophytica",249,1,2,NA,3,1,5,7,4
NA,"Bacillota","Bacilli","Bacillales","Bacillaceae","Alkalicoccobacillus","Alkalicoccobacillus gibsonii","Bacillus gibsonii",250,1,3,2,NA,2,3,4,3
NA,"Bacillota","Bacilli","Bacillales","Bacillaceae","Bacillus","Bacillus glycinifermentans","Bacillus glycinifermentans",251,1,NA,NA,NA,2,5,1,3
NA,"Bacillota","Bacilli","Bacillales","Bacillaceae","Halalkalibacterium (ex Joshi et al. 2022)","Halalkalibacterium halodurans","Halalkalibacterium halodurans",252,3,NA,NA,NA,3,3,3,4
NA,"Bacillota","Bacilli","Bacillales","Bacillaceae","Bacillus","Bacillus infantis","Bacillus infantis",253,1,1,2,4,2,5,6,1
NA,"Bacillota","Bacilli","Bacillales","Bacillaceae","Shouchella","Shouchella lehensis","Shouchella lehensis",254,NA,2,NA,3,2,1,1,5
NA,"Bacillota","Bacilli","Bacillales","Bacillaceae","Bacillus","Bacillus licheniformis","Bacillus licheniformis",255,1,3,2,3,1,1,3,3
NA,"Bacillota","Bacilli","Bacillales","Bacillaceae","Priestia","Priestia megaterium","Priestia megaterium",256,7,3,3,6,10,6,12,13
NA,"Bacillota","Bacilli","Bacillales","Bacillaceae","Bacillus","Bacillus methanolicus","Bacillus methanolicus",257,NA,1,2,NA,4,4,4,2
NA,"Bacillota","Bacilli","Bacillales","Bacillaceae","Peribacillus","Peribacillus muralis","Bacillus muralis",258,2,1,1,2,3,5,5,2
NA,"Bacillota","Bacilli","Bacillales","Bacillaceae","Bacillus","Bacillus mycoides","Bacillus mycoides",259,1,4,3,3,4,9,10,6
NA,"Bacillota","Bacilli","Bacillales","Bacillaceae","Cytobacillus","Cytobacillus oceanisediminis","Cytobacillus oceanisediminis",260,2,2,NA,3,8,5,5,4
NA,"Bacillota","Bacilli","Bacillales","Bacillaceae","Bacillus","Bacillus paralicheniformis","Bacillus paralicheniformis",261,1,2,5,4,2,6,6,3
NA,"Uroviricota","Caudoviricetes","c_Caudoviricetes","c_Caudoviricetes","Takahashivirus","Takahashivirus PBS1","Bacillus phage AR9",262,NA,NA,NA,NA,NA,NA,NA,1
NA,"Uroviricota","Caudoviricetes","c_Caudoviricetes","Herelleviridae","Bequatrovirus","Bequatrovirus B4","Bacillus phage B4",263,NA,NA,NA,1,1,NA,1,NA
NA,"Uroviricota","Caudoviricetes","c_Caudoviricetes","Herelleviridae","Caeruleovirus","Caeruleovirus BCP82","Bacillus phage BCP8-2",264,NA,NA,NA,NA,NA,1,NA,NA
NA,"Uroviricota","Caudoviricetes","c_Caudoviricetes","Herelleviridae","Siminovitchvirus","Siminovitchvirus CP51","Bacillus phage CP-51",265,NA,NA,NA,NA,NA,NA,1,NA
NA,"Uroviricota","Caudoviricetes","c_Caudoviricetes","Herelleviridae","Caeruleovirus","Caeruleovirus deepblue","Bacillus phage Deep Blue",266,NA,NA,NA,NA,NA,1,NA,NA
NA,"Uroviricota","Caudoviricetes","c_Caudoviricetes","Herelleviridae","Caeruleovirus","Caeruleovirus JBP901","Bacillus phage JBP901",267,NA,NA,NA,NA,NA,1,NA,NA
NA,"Uroviricota","Caudoviricetes","c_Caudoviricetes","Herelleviridae","Siminovitchvirus","Siminovitchvirus JL","Bacillus phage JL",268,NA,NA,NA,NA,NA,NA,1,NA
NA,"Uroviricota","Caudoviricetes","c_Caudoviricetes","Herelleviridae","Siminovitchvirus","Siminovitchvirus shanette","Bacillus phage Shanette",269,NA,NA,NA,NA,NA,NA,1,NA
NA,"Uroviricota","Caudoviricetes","c_Caudoviricetes","Trautnerviridae","Rivavirus","Rivavirus SPP1","Bacillus phage SPP1",270,NA,NA,NA,1,NA,NA,NA,NA
NA,"Uroviricota","Caudoviricetes","c_Caudoviricetes","Herelleviridae","Caeruleovirus","Caeruleovirus Bc431","Bacillus phage vB_BceM-Bc431v3",271,NA,NA,NA,NA,NA,1,NA,NA
NA,"Uroviricota","Caudoviricetes","c_Caudoviricetes","c_Caudoviricetes","Waukeshavirus","Waukeshavirus waukesha92","Bacillus phage Waukesha92",272,NA,NA,1,NA,NA,NA,NA,NA
NA,"Bacillota","Bacilli","Bacillales","Bacillaceae","Alkalihalophilus","Alkalihalophilus pseudofirmus","Alkalihalophilus pseudofirmus",273,2,2,2,2,2,4,5,2
NA,"Bacillota","Bacilli","Bacillales","Bacillaceae","Bacillus","Bacillus pumilus","Bacillus pumilus",274,15,2,5,10,8,13,11,10
NA,"Bacillota","Bacilli","Bacillales","Bacillaceae","Peribacillus","Peribacillus simplex","Peribacillus simplex",275,1,NA,1,2,4,4,3,3
NA,"Bacillota","Bacilli","Bacillales","Bacillaceae","Bacillus","Bacillus smithii","Bacillus smithii",276,2,NA,1,NA,4,1,3,2
NA,"Bacillota","Bacilli","Bacillales","Bacillaceae","Bacillus","Bacillus sp. (in: firmicutes)","Bacillus sp.",277,2,4,2,1,4,3,6,3
NA,"Bacillota","Bacilli","Bacillales","Bacillaceae","Bacillus","Bacillus sp. 1NLA3E","Bacillus sp. 1NLA3E",278,2,NA,1,2,2,5,5,3
NA,"Bacillota","Bacilli","Bacillales","Bacillaceae","Bacillus","Bacillus sp. ABP14","Bacillus sp. ABP14",279,1,NA,2,1,2,9,5,4
NA,"Bacillota","Bacilli","Bacillales","Bacillaceae","Bacillus","Bacillus sp. BH072","Bacillus sp. BH072",280,NA,1,3,2,3,4,NA,2
NA,"Bacillota","Bacilli","Bacillales","Bacillaceae","Bacillus","Bacillus sp. FJAT-14266","Bacillus sp. FJAT-14266",281,NA,4,2,1,2,6,3,2
NA,"Bacillota","Bacilli","Bacillales","Bacillaceae","Priestia","Priestia megaterium","Priestia megaterium",282,NA,1,1,NA,4,5,5,4
NA,"Bacillota","Bacilli","Bacillales","Bacillaceae","Bacillus","Bacillus sp. JS","Bacillus sp. JS",283,3,4,NA,NA,5,3,3,5
NA,"Bacillota","Bacilli","Bacillales","Bacillaceae","Bacillus","Bacillus sp. LM 4-2","Bacillus sp. LM 4-2",284,1,3,2,NA,3,3,5,5
NA,"Bacillota","Bacilli","Bacillales","Bacillaceae","Bacillus","Bacillus sp. OxB-1","Bacillus sp. OxB-1",285,3,2,NA,NA,5,5,3,2
NA,"Bacillota","Bacilli","Bacillales","Bacillaceae","Bacillus","Bacillus sp. Pc3","Bacillus sp. Pc3",286,3,2,1,2,1,7,2,3
NA,"Bacillota","Bacilli","Bacillales","Bacillaceae","Bacillus","Bacillus sp. SDLI1","Bacillus sp. SDLI1",287,2,3,1,1,1,5,3,3
NA,"Bacillota","Bacilli","Bacillales","Bacillaceae","Bacillus","Bacillus sp. WP8","Bacillus sp. WP8",288,1,1,2,7,2,1,3,3
NA,"Bacillota","Bacilli","Bacillales","Bacillaceae","Bacillus","Bacillus sp. X1(2014)","Bacillus sp. X1(2014)",289,NA,NA,2,2,5,6,6,5
NA,"Bacillota","Bacilli","Bacillales","Bacillaceae","Bacillus","Bacillus sp. YP1","Bacillus sp. YP1",290,1,4,4,1,4,3,7,4
NA,"Bacillota","Bacilli","Bacillales","Bacillaceae","Bacillus","Bacillus subtilis","Bacillus subtilis",291,6,16,16,13,16,22,16,17
NA,"Bacillota","Bacilli","Bacillales","Bacillaceae","Bacillus","Bacillus thuringiensis","Bacillus thuringiensis",292,14,8,9,13,20,29,36,24
NA,"Bacillota","Bacilli","Bacillales","Bacillaceae","Bacillus","Bacillus toyonensis","Bacillus toyonensis",293,2,NA,1,2,6,4,5,5
NA,"Bacillota","Bacilli","Bacillales","Bacillaceae","Bacillus","Bacillus velezensis","Bacillus velezensis",294,4,3,4,3,7,10,4,3
NA,"Uroviricota","Caudoviricetes","c_Caudoviricetes","Ehrlichviridae","Andromedavirus","Andromedavirus finn","Andromedavirus finn",295,NA,NA,NA,1,NA,1,NA,NA
NA,"Uroviricota","Caudoviricetes","c_Caudoviricetes","c_Caudoviricetes","Donellivirus","Donellivirus gee","Donellivirus gee",296,NA,NA,1,NA,NA,NA,NA,NA
NA,"Uroviricota","Caudoviricetes","c_Caudoviricetes","Ehrlichviridae","Andromedavirus","Andromedavirus riggi","Andromedavirus riggi",297,NA,NA,NA,NA,NA,1,NA,NA
NA,"Bacillota","Bacilli","Bacillales","Bacillaceae","Bacillus","Bacillus mycoides","Bacillus mycoides",298,NA,NA,1,NA,4,5,3,5
NA,"Bacillota","Bacilli","Bacillales","Bacillaceae","Bacillus","Bacillus xiamenensis","Bacillus xiamenensis",299,NA,1,NA,3,3,6,4,5
NA,"Bacteroidota","Bacteroidia","Bacteroidales","Salinivirgaceae","Salinivirga","Salinivirga cyanobacteriivorans","bacterium L21-Spi-D4",300,9,5,1,6,8,NA,3,2
NA,"Bacteroidota","Bacteroidia","Bacteroidales","o_Bacteroidales","o_Bacteroidales","Bacteroidales bacterium CF","Bacteroidales bacterium CF",301,10,7,12,5,11,NA,7,3
NA,"Bacteroidota","Bacteroidia","Bacteroidales","Bacteroidaceae","Bacteroides","Bacteroides cellulosilyticus","Bacteroides cellulosilyticus",302,604,690,767,846,1000,2011,2855,1665
NA,"Bacteroidota","Bacteroidia","Bacteroidales","Bacteroidaceae","Phocaeicola","Phocaeicola dorei","Phocaeicola dorei",303,4666,6919,13043,4688,2113,2009,1551,3303
NA,"Bacteroidota","Bacteroidia","Bacteroidales","Bacteroidaceae","Bacteroides","Bacteroides fragilis","Bacteroides fragilis",304,488,697,918,705,951,2110,2402,1546
NA,"Bacteroidota","Bacteroidia","Bacteroidales","Bacteroidaceae","Bacteroides","Bacteroides helcogenes","Bacteroides helcogenes",305,546,767,763,956,371,429,305,507
NA,"Bacteroidota","Bacteroidia","Bacteroidales","Bacteroidaceae","Bacteroides","Bacteroides ovatus","Bacteroides ovatus",306,266,331,301,379,1600,3701,3270,2436
NA,"Bacteroidota","Bacteroidia","Bacteroidales","Bacteroidaceae","Phocaeicola","Phocaeicola salanitronis","Phocaeicola salanitronis",307,226,169,219,200,221,255,283,261
NA,"Bacteroidota","Bacteroidia","Bacteroidales","Bacteroidaceae","Bacteroides","Bacteroides caecimuris","Bacteroides caecimuris",308,372,482,571,491,604,1089,1394,893
NA,"Bacteroidota","Bacteroidia","Bacteroidales","Bacteroidaceae","Bacteroides","Bacteroides thetaiotaomicron","Bacteroides thetaiotaomicron",309,598,755,911,798,1421,3077,3464,2338
NA,"Bacteroidota","Bacteroidia","Bacteroidales","Bacteroidaceae","Phocaeicola","Phocaeicola vulgatus","Phocaeicola vulgatus",310,11912,17873,17085,22368,5347,5038,2090,8508
NA,"Pisuviricota","Pisoniviricetes","Nidovirales","Tobaniviridae","Pregotovirus","Pregotovirus pythonis","Ball python nidovirus",311,1,NA,NA,NA,NA,NA,NA,NA
NA,"Bacteroidota","Bacteroidia","Bacteroidales","Barnesiellaceae","Barnesiella","Barnesiella viscericola","Barnesiella viscericola",312,200,182,269,153,251,356,347,291
NA,"Pseudomonadota","Alphaproteobacteria","Hyphomicrobiales","Bartonellaceae","Bartonella","Bartonella ancashensis","Bartonella ancashensis",313,NA,1,1,NA,1,2,1,1
NA,"Pseudomonadota","Alphaproteobacteria","Hyphomicrobiales","Bartonellaceae","Bartonella","Bartonella australis","Bartonella australis",314,NA,NA,1,NA,NA,NA,1,NA
NA,"Pseudomonadota","Alphaproteobacteria","Hyphomicrobiales","Bartonellaceae","Bartonella","Bartonella bacilliformis","Bartonella bacilliformis",315,NA,NA,NA,1,NA,NA,2,1
NA,"Pseudomonadota","Alphaproteobacteria","Hyphomicrobiales","Bartonellaceae","Bartonella","Bartonella clarridgeiae","Bartonella clarridgeiae",316,NA,NA,NA,1,2,NA,1,1
NA,"Pseudomonadota","Alphaproteobacteria","Hyphomicrobiales","Bartonellaceae","Bartonella","Bartonella grahamii","Bartonella grahamii",317,NA,NA,NA,NA,1,NA,4,NA
NA,"Pseudomonadota","Alphaproteobacteria","Hyphomicrobiales","Bartonellaceae","Bartonella","Bartonella henselae","Bartonella henselae",318,NA,NA,NA,1,1,2,NA,1
NA,"Pseudomonadota","Alphaproteobacteria","Hyphomicrobiales","Bartonellaceae","Bartonella","Bartonella quintana","Bartonella quintana",319,NA,NA,NA,NA,NA,NA,1,NA
NA,"Pseudomonadota","Alphaproteobacteria","Hyphomicrobiales","Bartonellaceae","Bartonella","Bartonella tribocorum","Bartonella tribocorum",320,NA,NA,NA,NA,NA,NA,2,NA
NA,"Pseudomonadota","Alphaproteobacteria","Hyphomicrobiales","Bartonellaceae","Bartonella","Bartonella vinsonii","Bartonella vinsonii",321,NA,NA,1,NA,NA,NA,NA,2
NA,"Pseudomonadota","Betaproteobacteria","Burkholderiales","Alcaligenaceae","Basilea","Basilea psittacipulmonis","Basilea psittacipulmonis",322,2,NA,1,1,2,2,1,2
NA,"Pseudomonadota","Gammaproteobacteria","c_Gammaproteobacteria","c_Gammaproteobacteria","c_Gammaproteobacteria","Bathymodiolus septemdierum thioautotrophic gill symbiont","Bathymodiolus septemdierum thioautotrophic gill symbiont",323,NA,NA,1,NA,4,1,1,NA
NA,"Bdellovibrionota","Bdellovibrionia","Bdellovibrionales","Pseudobdellovibrionaceae","Bdellovibrio","Bdellovibrio bacteriovorus","Bdellovibrio bacteriovorus",324,5,8,4,3,5,2,11,3
NA,"Bdellovibrionota","Bdellovibrionia","Bdellovibrionales","Pseudobdellovibrionaceae","Pseudobdellovibrio","Pseudobdellovibrio exovorus","Pseudobdellovibrio exovorus",325,1,2,3,1,6,1,2,1
NA,"Pseudomonadota","Gammaproteobacteria","Thiotrichales","Thiotrichaceae","Beggiatoa","Beggiatoa leptomitoformis","Beggiatoa leptomitiformis",326,3,NA,NA,NA,2,1,2,3
NA,"Pseudomonadota","Alphaproteobacteria","Hyphomicrobiales","Beijerinckiaceae","Beijerinckia","Beijerinckia indica","Beijerinckia indica",327,4,NA,1,1,1,1,NA,3
NA,"Bacteroidota","Cytophagia","Cytophagales","Cyclobacteriaceae","Belliella","Belliella baltica","Belliella baltica",328,4,3,3,2,9,4,10,6
NA,"Pseudomonadota","Betaproteobacteria","c_Betaproteobacteria","c_Betaproteobacteria","c_Betaproteobacteria","beta proteobacterium CB","beta proteobacterium CB",329,2,1,NA,NA,1,2,1,NA
NA,"Actinomycetota","Actinomycetes","Micrococcales","Beutenbergiaceae","Beutenbergia","g_Beutenbergia","Beutenbergia",330,1,NA,NA,NA,1,NA,NA,NA
NA,"Actinomycetota","Actinomycetes","Micrococcales","Beutenbergiaceae","Beutenbergia","Beutenbergia cavernae","Beutenbergia cavernae",331,2,5,2,1,3,NA,3,3
NA,"Pseudomonadota","Gammaproteobacteria","Pasteurellales","Pasteurellaceae","Bibersteinia","g_Bibersteinia","Bibersteinia",332,NA,NA,NA,NA,NA,NA,1,NA
NA,"Pseudomonadota","Gammaproteobacteria","Pasteurellales","Pasteurellaceae","Bibersteinia","Bibersteinia trehalosi","Bibersteinia trehalosi",333,2,NA,NA,NA,NA,3,2,2
NA,"Actinomycetota","Actinomycetes","Bifidobacteriales","Bifidobacteriaceae","Bifidobacterium","g_Bifidobacterium","Bifidobacterium",334,1,NA,1,2,1,NA,NA,1
NA,"Actinomycetota","Actinomycetes","Bifidobacteriales","Bifidobacteriaceae","Bifidobacterium","Bifidobacterium actinocoloniiforme","Bifidobacterium actinocoloniiforme",335,3,3,3,4,3,3,NA,1
NA,"Actinomycetota","Actinomycetes","Bifidobacteriales","Bifidobacteriaceae","Bifidobacterium","Bifidobacterium adolescentis","Bifidobacterium adolescentis",336,2810,4240,6026,2541,1207,1124,612,1951
NA,"Actinomycetota","Actinomycetes","Bifidobacteriales","Bifidobacteriaceae","Bifidobacterium","Bifidobacterium angulatum","Bifidobacterium angulatum",337,28,25,41,18,65,156,574,214
NA,"Actinomycetota","Actinomycetes","Bifidobacteriales","Bifidobacteriaceae","Bifidobacterium","Bifidobacterium animalis","Bifidobacterium animalis",338,15,20,17,11,44,111,560,150
NA,"Actinomycetota","Actinomycetes","Bifidobacteriales","Bifidobacteriaceae","Bifidobacterium","Bifidobacterium asteroides","Bifidobacterium asteroides",339,4,3,4,6,2,4,3,2
NA,"Actinomycetota","Actinomycetes","Bifidobacteriales","Bifidobacteriaceae","Bifidobacterium","Bifidobacterium bifidum","Bifidobacterium bifidum",340,7,11,21,10,162,460,621,277
NA,"Actinomycetota","Actinomycetes","Bifidobacteriales","Bifidobacteriaceae","Bifidobacterium","Bifidobacterium breve","Bifidobacterium breve",341,23,26,29,30,39,84,44,63
NA,"Actinomycetota","Actinomycetes","Bifidobacteriales","Bifidobacteriaceae","Bifidobacterium","Bifidobacterium catenulatum","Bifidobacterium catenulatum",342,53,74,69,54,101,223,619,300
NA,"Actinomycetota","Actinomycetes","Bifidobacteriales","Bifidobacteriaceae","Bifidobacterium","Bifidobacterium coryneforme","Bifidobacterium coryneforme",343,NA,1,2,3,NA,4,2,2
NA,"Actinomycetota","Actinomycetes","Bifidobacteriales","Bifidobacteriaceae","Bifidobacterium","Bifidobacterium dentium","Bifidobacterium dentium",344,5,9,12,5,5,3,5,4
NA,"Actinomycetota","Actinomycetes","Bifidobacteriales","Bifidobacteriaceae","Bifidobacterium","Bifidobacterium indicum","Bifidobacterium indicum",345,NA,NA,1,3,NA,3,1,3
NA,"Actinomycetota","Actinomycetes","Bifidobacteriales","Bifidobacteriaceae","Bifidobacterium","Bifidobacterium catenulatum","Bifidobacterium catenulatum subsp. kashiwanohense",346,50,72,96,57,32,69,69,61
NA,"Actinomycetota","Actinomycetes","Bifidobacteriales","Bifidobacteriaceae","Bifidobacterium","Bifidobacterium longum","Bifidobacterium longum",347,51,70,72,60,836,2130,724,1334
NA,"Actinomycetota","Actinomycetes","Bifidobacteriales","Bifidobacteriaceae","Bifidobacterium","Bifidobacterium pseudocatenulatum","Bifidobacterium pseudocatenulatum",348,32,63,62,38,179,435,683,277
NA,"Actinomycetota","Actinomycetes","Bifidobacteriales","Bifidobacteriaceae","Bifidobacterium","Bifidobacterium pseudolongum","Bifidobacterium pseudolongum",349,3,8,9,3,4,2,10,9
NA,"Actinomycetota","Actinomycetes","Bifidobacteriales","Bifidobacteriaceae","Bifidobacterium","Bifidobacterium scardovii","Bifidobacterium scardovii",350,7,7,10,15,7,4,10,4
NA,"Actinomycetota","Actinomycetes","Bifidobacteriales","Bifidobacteriaceae","Bifidobacterium","Bifidobacterium thermophilum","Bifidobacterium thermophilum",351,15,18,18,17,8,14,11,10
NA,"Negarnaviricota","Monjiviricetes","Mononegavirales","Rhabdoviridae","Varicosavirus","Varicosavirus alopecuri","Black grass varicosavirus-like virus",352,NA,NA,NA,NA,NA,NA,1,NA
NA,"Pseudomonadota","Alphaproteobacteria","Hyphomicrobiales","Blastochloridaceae","Blastochloris","Blastochloris viridis","Blastochloris viridis",353,4,3,NA,2,2,1,3,2
NA,"Actinomycetota","Actinomycetes","Geodermatophilales","Geodermatophilaceae","Blastococcus","g_Blastococcus","Blastococcus",354,NA,NA,1,NA,NA,NA,NA,NA
NA,"Actinomycetota","Actinomycetes","Geodermatophilales","Geodermatophilaceae","Blastococcus","Blastococcus saxobsidens","Blastococcus saxobsidens",355,5,7,6,3,NA,2,3,5
NA,"Pseudomonadota","Alphaproteobacteria","Sphingomonadales","Blastomonadaceae","Blastomonas","g_Blastomonas","Blastomonas",356,NA,1,NA,NA,NA,NA,NA,NA
NA,"Pseudomonadota","Alphaproteobacteria","Sphingomonadales","Blastomonadaceae","Blastomonas","Blastomonas sp. RAC04","Blastomonas sp. RAC04",357,2,6,4,5,5,2,2,3
NA,"Bacteroidota","Flavobacteriia","Flavobacteriales","Blattabacteriaceae","Blattabacterium","Blattabacterium punctulatus","Blattabacterium punctulatus",358,2,2,NA,1,1,1,NA,NA
NA,"Bacteroidota","Flavobacteriia","Flavobacteriales","Blattabacteriaceae","Blattabacterium","Blattabacterium sp. (Blaberus giganteus)","Blattabacterium sp. (Blaberus giganteus)",359,1,1,NA,1,1,NA,1,2
NA,"Bacteroidota","Flavobacteriia","Flavobacteriales","Blattabacteriaceae","Blattabacterium","Blattabacterium sp. (Blatta orientalis)","Blattabacterium sp. (Blatta orientalis)",360,NA,1,1,NA,NA,1,NA,1
NA,"Bacteroidota","Flavobacteriia","Flavobacteriales","Blattabacteriaceae","Blattabacterium","Blattabacterium sp. (Blattella germanica)","Blattabacterium sp. (Blattella germanica)",361,1,NA,1,2,2,1,NA,2
NA,"Bacteroidota","Flavobacteriia","Flavobacteriales","Blattabacteriaceae","Blattabacterium","Blattabacterium sp. (Mastotermes darwiniensis)","Blattabacterium sp. (Mastotermes darwiniensis)",362,NA,NA,NA,NA,NA,NA,NA,2
NA,"Bacteroidota","Flavobacteriia","Flavobacteriales","Blattabacteriaceae","Blattabacterium","Blattabacterium sp. (Nauphoeta cinerea)","Blattabacterium sp. (Nauphoeta cinerea)",363,NA,NA,NA,NA,NA,2,NA,1
NA,"Bacteroidota","Flavobacteriia","Flavobacteriales","Blattabacteriaceae","Blattabacterium","Blattabacterium cuenoti","Blattabacterium cuenoti",364,NA,1,NA,NA,NA,1,1,NA
NA,"Bacteroidota","Flavobacteriia","Flavobacteriales","Blattabacteriaceae","Blattabacterium","Blattabacterium sp. (Periplaneta americana)","Blattabacterium sp. (Periplaneta americana)",365,NA,NA,1,NA,NA,NA,NA,NA
NA,"Bacillota","Clostridia","Lachnospirales","Lachnospiraceae","Blautia","Blautia pseudococcoides","Blautia sp. YL58",366,15,18,18,22,77,168,117,128
NA,"Pseudomonadota","Gammaproteobacteria","Enterobacterales","Enterobacteriaceae","Candidatus Blochmanniella","Blochmannia endosymbiont of Camponotus (Colobopsis) obliquus","Blochmannia endosymbiont of Camponotus (Colobopsis) obliquus",367,1,1,1,1,3,NA,NA,NA
NA,"Pseudomonadota","Betaproteobacteria","Burkholderiales","Alcaligenaceae","Bordetella","Bordetella avium","Bordetella avium",368,1,3,3,3,NA,1,NA,2
NA,"Pseudomonadota","Betaproteobacteria","Burkholderiales","Alcaligenaceae","Bordetella","Bordetella bronchialis","Bordetella bronchialis",369,3,5,5,2,5,2,4,6
NA,"Pseudomonadota","Betaproteobacteria","Burkholderiales","Alcaligenaceae","Bordetella","Bordetella bronchiseptica","Bordetella bronchiseptica",370,9,13,4,5,1,6,11,9
NA,"Pseudomonadota","Betaproteobacteria","Burkholderiales","Alcaligenaceae","Bordetella","Bordetella flabilis","Bordetella flabilis",371,7,1,6,5,3,2,3,2
NA,"Pseudomonadota","Betaproteobacteria","Burkholderiales","Alcaligenaceae","Bordetella","Bordetella hinzii","Bordetella hinzii",372,3,11,4,5,1,2,2,8
NA,"Pseudomonadota","Betaproteobacteria","Burkholderiales","Alcaligenaceae","Bordetella","Bordetella holmesii","Bordetella holmesii",373,2,3,2,2,1,2,3,1
NA,"Pseudomonadota","Betaproteobacteria","Burkholderiales","Alcaligenaceae","Bordetella","Bordetella parapertussis","Bordetella parapertussis",374,5,11,4,6,4,5,3,6
NA,"Pseudomonadota","Betaproteobacteria","Burkholderiales","Alcaligenaceae","Bordetella","Bordetella pertussis","Bordetella pertussis",375,3,6,3,3,2,6,4,5
NA,"Pseudomonadota","Betaproteobacteria","Burkholderiales","Alcaligenaceae","Bordetella","Bordetella petrii","Bordetella petrii",376,2,3,4,3,3,6,4,2
NA,"Pseudomonadota","Betaproteobacteria","Burkholderiales","Alcaligenaceae","Bordetella","Bordetella pseudohinzii","Bordetella pseudohinzii",377,NA,NA,3,3,4,3,3,1
NA,"Pseudomonadota","Betaproteobacteria","Burkholderiales","Alcaligenaceae","Bordetella","Bordetella sp. H567","Bordetella sp. H567",378,3,7,3,3,2,4,4,4
NA,"Pseudomonadota","Betaproteobacteria","Burkholderiales","Alcaligenaceae","Bordetella","Bordetella trematum","Bordetella trematum",379,7,4,7,3,3,2,5,3
NA,"Spirochaetota","Spirochaetia","Spirochaetales","Borreliaceae","Borrelia","Borrelia duttonii","Borrelia duttonii",380,NA,2,NA,2,1,NA,NA,1
NA,"Spirochaetota","Spirochaetia","Spirochaetales","Borreliaceae","Borrelia","Borrelia hermsii","Borrelia hermsii",381,NA,NA,NA,NA,1,1,NA,1
NA,"Spirochaetota","Spirochaetia","Spirochaetales","Borreliaceae","Borrelia","Borrelia miyamotoi","Borrelia miyamotoi",382,NA,NA,1,NA,NA,NA,NA,1
NA,"Spirochaetota","Spirochaetia","Spirochaetales","Borreliaceae","Borrelia","Borrelia recurrentis","Borrelia recurrentis",383,NA,2,NA,2,1,1,NA,1
NA,"Spirochaetota","Spirochaetia","Spirochaetales","Borreliaceae","Borrelia","Borrelia turicatae","Borrelia turicatae",384,1,NA,NA,1,2,NA,NA,NA
NA,"Spirochaetota","Spirochaetia","Spirochaetales","Borreliaceae","Borreliella","Borreliella afzelii","Borreliella afzelii",385,NA,NA,NA,NA,NA,1,NA,NA
NA,"Spirochaetota","Spirochaetia","Spirochaetales","Borreliaceae","Borreliella","Borreliella bavariensis","Borreliella bavariensis",386,NA,NA,NA,NA,NA,NA,1,1
NA,"Spirochaetota","Spirochaetia","Spirochaetales","Borreliaceae","Borreliella","Borreliella bissettiae","Borreliella bissettii",387,NA,NA,NA,NA,NA,NA,2,NA
NA,"Spirochaetota","Spirochaetia","Spirochaetales","Borreliaceae","Borreliella","Borreliella burgdorferi","Borreliella burgdorferi",388,1,NA,NA,2,2,NA,2,1
NA,"Spirochaetota","Spirochaetia","Spirochaetales","Borreliaceae","Borreliella","Borreliella garinii","Borreliella garinii",389,NA,NA,NA,NA,1,NA,1,1
NA,"Pseudomonadota","Alphaproteobacteria","Hyphomicrobiales","Boseaceae","Bosea","Bosea sp. PAMC 26642","Bosea sp. PAMC 26642",390,7,8,4,5,6,1,3,3
NA,"Pseudomonadota","Alphaproteobacteria","Hyphomicrobiales","Boseaceae","Bosea","Bosea sp. RAC05","Bosea sp. RAC05",391,5,9,3,3,3,1,3,3
NA,"Pseudomonadota","Alphaproteobacteria","Hyphomicrobiales","Boseaceae","Bosea","Bosea vaviloviae","Bosea vaviloviae",392,2,6,3,4,7,NA,NA,3
NA,"Nucleocytoviricota","Pokkesviricetes","Chitovirales","Poxviridae","Parapoxvirus","Parapoxvirus bovinestomatitis","Bovine papular stomatitis virus",393,1,1,NA,1,NA,1,NA,NA
NA,"Actinomycetota","Actinomycetes","Micrococcales","Dermabacteraceae","Brachybacterium","g_Brachybacterium","Brachybacterium",394,1,NA,NA,NA,1,NA,NA,NA
NA,"Actinomycetota","Actinomycetes","Micrococcales","Dermabacteraceae","Brachybacterium","Brachybacterium faecium","Brachybacterium faecium",395,1,3,2,5,1,4,2,3
NA,"Spirochaetota","Spirochaetia","Brachyspirales","Brachyspiraceae","Brachyspira","Brachyspira hyodysenteriae","Brachyspira hyodysenteriae",396,3,2,NA,2,3,2,4,NA
NA,"Spirochaetota","Spirochaetia","Brachyspirales","Brachyspiraceae","Brachyspira","Brachyspira intermedia","Brachyspira intermedia",397,2,5,2,3,3,4,3,2
NA,"Spirochaetota","Spirochaetia","Brachyspirales","Brachyspiraceae","Brachyspira","Brachyspira murdochii","Brachyspira murdochii",398,1,2,NA,3,2,2,10,2
NA,"Spirochaetota","Spirochaetia","Brachyspirales","Brachyspiraceae","Brachyspira","Brachyspira pilosicoli","Brachyspira pilosicoli",399,7,5,4,4,8,11,10,5
NA,"Pseudomonadota","Alphaproteobacteria","Hyphomicrobiales","Nitrobacteraceae","f_Nitrobacteraceae","f_Nitrobacteraceae","Nitrobacteraceae",400,NA,2,NA,NA,NA,NA,NA,NA
NA,"Pseudomonadota","Alphaproteobacteria","Hyphomicrobiales","Nitrobacteraceae","Bradyrhizobium","g_Bradyrhizobium","Bradyrhizobium",401,NA,NA,NA,1,NA,NA,NA,NA
NA,"Pseudomonadota","Alphaproteobacteria","Hyphomicrobiales","Nitrobacteraceae","Bradyrhizobium","Bradyrhizobium diazoefficiens","Bradyrhizobium diazoefficiens",402,10,8,5,8,2,6,2,3
NA,"Pseudomonadota","Alphaproteobacteria","Hyphomicrobiales","Nitrobacteraceae","Bradyrhizobium","Bradyrhizobium icense","Bradyrhizobium icense",403,3,1,4,4,3,NA,3,1
NA,"Pseudomonadota","Alphaproteobacteria","Hyphomicrobiales","Nitrobacteraceae","Bradyrhizobium","Bradyrhizobium japonicum","Bradyrhizobium japonicum",404,9,9,9,10,3,NA,1,4
NA,"Pseudomonadota","Alphaproteobacteria","Hyphomicrobiales","Nitrobacteraceae","Bradyrhizobium","Bradyrhizobium oligotrophicum","Bradyrhizobium oligotrophicum",405,1,5,3,5,1,1,1,2
NA,"Pseudomonadota","Alphaproteobacteria","Hyphomicrobiales","Nitrobacteraceae","Bradyrhizobium","Bradyrhizobium sp.","Bradyrhizobium sp.",406,3,5,7,5,4,1,4,2
NA,"Pseudomonadota","Alphaproteobacteria","Hyphomicrobiales","Nitrobacteraceae","Bradyrhizobium","Bradyrhizobium sp. BTAi1","Bradyrhizobium sp. BTAi1",407,1,4,8,3,2,2,1,2
NA,"Pseudomonadota","Alphaproteobacteria","Hyphomicrobiales","Nitrobacteraceae","Bradyrhizobium","Bradyrhizobium sp. CCGE-LA001","Bradyrhizobium sp. CCGE-LA001",408,3,7,9,7,NA,NA,5,1
NA,"Pseudomonadota","Alphaproteobacteria","Hyphomicrobiales","Nitrobacteraceae","Bradyrhizobium","Bradyrhizobium sp. ORS 278","Bradyrhizobium sp. ORS 278",409,1,3,4,4,3,2,3,1
NA,"Pseudomonadota","Alphaproteobacteria","Hyphomicrobiales","Nitrobacteraceae","Bradyrhizobium","Bradyrhizobium cosmicum","Bradyrhizobium sp. S23321",410,3,5,5,8,3,NA,5,2
NA,"Bacillota","Bacilli","Bacillales","Paenibacillaceae","Brevibacillus","Brevibacillus brevis","Brevibacillus brevis",411,1,3,1,2,3,6,8,4
NA,"Bacillota","Bacilli","Bacillales","Paenibacillaceae","Brevibacillus","Brevibacillus laterosporus","Brevibacillus laterosporus",412,1,1,2,1,3,5,3,7
NA,"Actinomycetota","Actinomycetes","Micrococcales","Brevibacteriaceae","Brevibacterium","Brevibacterium linens","Brevibacterium linens",413,3,4,4,3,2,2,1,4
NA,"Pseudomonadota","Alphaproteobacteria","Caulobacterales","Caulobacteraceae","Brevundimonas","Brevundimonas naejangsanensis","Brevundimonas naejangsanensis",414,4,2,6,4,2,4,1,5
NA,"Pseudomonadota","Alphaproteobacteria","Caulobacterales","Caulobacteraceae","Brevundimonas","Brevundimonas sp. DS20","Brevundimonas sp. DS20",415,1,2,2,6,1,1,NA,4
NA,"Pseudomonadota","Alphaproteobacteria","Caulobacterales","Caulobacteraceae","Brevundimonas","Brevundimonas sp. GW460-12-10-14-LB2","Brevundimonas sp. GW460-12-10-14-LB2",416,2,2,2,6,2,2,NA,2
NA,"Pseudomonadota","Alphaproteobacteria","Caulobacterales","Caulobacteraceae","Brevundimonas","Brevundimonas subvibrioides","Brevundimonas subvibrioides",417,4,1,6,6,1,NA,NA,1
NA,"Pseudomonadota","Alphaproteobacteria","Hyphomicrobiales","Brucellaceae","Brucella","Brucella abortus","Brucella abortus",418,1,6,5,1,1,1,1,2
NA,"Pseudomonadota","Alphaproteobacteria","Hyphomicrobiales","Brucellaceae","Brucella","Brucella canis","Brucella canis",419,7,4,4,2,1,NA,2,1
NA,"Pseudomonadota","Alphaproteobacteria","Hyphomicrobiales","Brucellaceae","Brucella","Brucella ceti","Brucella ceti",420,7,4,4,2,1,2,2,1
NA,"Pseudomonadota","Alphaproteobacteria","Hyphomicrobiales","Brucellaceae","Brucella","Brucella melitensis","Brucella melitensis",421,2,6,4,2,2,1,2,4
NA,"Pseudomonadota","Alphaproteobacteria","Hyphomicrobiales","Brucellaceae","Brucella","Brucella microti","Brucella microti",422,3,5,4,1,2,1,2,3
NA,"Pseudomonadota","Alphaproteobacteria","Hyphomicrobiales","Brucellaceae","Brucella","Brucella ovis","Brucella ovis",423,2,5,4,1,2,1,2,3
NA,"Pseudomonadota","Alphaproteobacteria","Hyphomicrobiales","Brucellaceae","Brucella","Brucella pinnipedialis","Brucella pinnipedialis",424,7,5,4,2,1,2,2,1
NA,"Pseudomonadota","Alphaproteobacteria","Hyphomicrobiales","Brucellaceae","Brucella","Brucella sp. 141012304","Brucella sp. 141012304",425,3,4,2,2,3,NA,3,NA
NA,"Pseudomonadota","Alphaproteobacteria","Hyphomicrobiales","Brucellaceae","Brucella","Brucella sp. 2002734562","Brucella sp. 2002734562",426,2,6,4,1,1,1,2,3
NA,"Pseudomonadota","Alphaproteobacteria","Hyphomicrobiales","Brucellaceae","Brucella","Brucella suis","Brucella suis",427,4,4,2,1,3,NA,2,3
NA,"Pseudomonadota","Alphaproteobacteria","Hyphomicrobiales","Brucellaceae","Brucella","Brucella vulpis","Brucella vulpis",428,2,6,5,1,2,1,2,1
NA,"Pseudomonadota","Gammaproteobacteria","Enterobacterales","Erwiniaceae","Buchnera","Buchnera aphidicola","Buchnera aphidicola",429,1,NA,1,3,2,1,5,2
NA,"Pseudomonadota","Betaproteobacteria","Burkholderiales","Burkholderiaceae","Burkholderia","g_Burkholderia","Burkholderia",430,1,1,3,1,1,NA,1,2
NA,"Pseudomonadota","Betaproteobacteria","Burkholderiales","Burkholderiaceae","Burkholderia","Burkholderia ambifaria","Burkholderia ambifaria",431,3,1,8,2,2,3,6,5
NA,"Pseudomonadota","Betaproteobacteria","Burkholderiales","Burkholderiaceae","Burkholderia","Burkholderia cenocepacia","Burkholderia cenocepacia",432,9,12,18,10,8,14,20,9
NA,"Pseudomonadota","Betaproteobacteria","Burkholderiales","Burkholderiaceae","Burkholderia","Burkholderia cepacia","Burkholderia cepacia",433,13,11,15,15,7,12,13,14
NA,"Pseudomonadota","Betaproteobacteria","Burkholderiales","Burkholderiaceae","Burkholderia","Burkholderia contaminans","Burkholderia contaminans",434,1,3,4,3,2,2,3,4
NA,"Pseudomonadota","Betaproteobacteria","Burkholderiales","Burkholderiaceae","Burkholderia","Burkholderia diffusa","Burkholderia diffusa",435,3,3,3,3,5,1,6,NA
NA,"Pseudomonadota","Betaproteobacteria","Burkholderiales","Burkholderiaceae","Burkholderia","Burkholderia dolosa","Burkholderia dolosa",436,2,1,1,2,2,4,3,3
NA,"Pseudomonadota","Betaproteobacteria","Burkholderiales","Burkholderiaceae","Burkholderia","Burkholderia gladioli","Burkholderia gladioli",437,5,5,12,8,5,2,4,6
NA,"Pseudomonadota","Betaproteobacteria","Burkholderiales","Burkholderiaceae","Burkholderia","Burkholderia glumae","Burkholderia glumae",438,4,7,8,9,5,2,4,7
NA,"Pseudomonadota","Betaproteobacteria","Burkholderiales","Burkholderiaceae","Burkholderia","Burkholderia lata","Burkholderia lata",439,3,4,9,5,4,3,7,5
NA,"Pseudomonadota","Betaproteobacteria","Burkholderiales","Burkholderiaceae","Burkholderia","Burkholderia latens","Burkholderia latens",440,3,2,4,2,2,5,1,1
NA,"Pseudomonadota","Betaproteobacteria","Burkholderiales","Burkholderiaceae","Burkholderia","Burkholderia mallei","Burkholderia mallei",441,1,4,2,NA,3,2,8,NA
NA,"Pseudomonadota","Betaproteobacteria","Burkholderiales","Burkholderiaceae","Burkholderia","Burkholderia metallica","Burkholderia metallica",442,3,1,4,2,4,2,4,2
NA,"Pseudomonadota","Betaproteobacteria","Burkholderiales","Burkholderiaceae","Burkholderia","Burkholderia multivorans","Burkholderia multivorans",443,6,7,9,12,9,4,9,6
NA,"Pseudomonadota","Betaproteobacteria","Burkholderiales","Burkholderiaceae","Burkholderia","Burkholderia oklahomensis","Burkholderia oklahomensis",444,4,1,1,2,NA,4,4,NA
NA,"Uroviricota","Caudoviricetes","c_Caudoviricetes","Casjensviridae","Nazgulvirus","Nazgulvirus bcepnazgul","Burkholderia phage BcepNazgul",445,NA,NA,1,NA,NA,NA,NA,NA
NA,"Pseudomonadota","Betaproteobacteria","Burkholderiales","Burkholderiaceae","Burkholderia","Burkholderia plantarii","Burkholderia plantarii",446,4,6,5,3,3,2,4,3
NA,"Pseudomonadota","Betaproteobacteria","Burkholderiales","Burkholderiaceae","Burkholderia","Burkholderia pseudomallei","Burkholderia pseudomallei",447,7,10,5,3,5,3,12,4
NA,"Pseudomonadota","Betaproteobacteria","Burkholderiales","Burkholderiaceae","Burkholderia","Burkholderia pseudomultivorans","Burkholderia pseudomultivorans",448,1,1,9,2,4,4,6,3
NA,"Pseudomonadota","Betaproteobacteria","Burkholderiales","Burkholderiaceae","Burkholderia","Burkholderia pyrrocinia","Burkholderia pyrrocinia",449,1,3,7,2,1,NA,6,1
NA,"Pseudomonadota","Betaproteobacteria","Burkholderiales","Burkholderiaceae","Burkholderia","Burkholderia seminalis","Burkholderia seminalis",450,NA,2,3,6,2,2,3,1
NA,"Pseudomonadota","Betaproteobacteria","Burkholderiales","Burkholderiaceae","Burkholderia","Burkholderia sp. 2002721687","Burkholderia sp. 2002721687",451,8,9,5,4,4,1,4,4
NA,"Pseudomonadota","Betaproteobacteria","Burkholderiales","Burkholderiaceae","Burkholderia","Burkholderia humptydooensis","Burkholderia humptydooensis",452,8,9,4,4,3,1,4,3
NA,"Pseudomonadota","Betaproteobacteria","Burkholderiales","Burkholderiaceae","Burkholderia","Burkholderia singularis","Burkholderia sp. Bp7605",453,3,3,5,4,3,1,3,2
NA,"Pseudomonadota","Betaproteobacteria","Burkholderiales","Burkholderiaceae","Burkholderia","Burkholderia sp. CCGE1001","Burkholderia sp. CCGE1001",454,4,2,1,3,1,NA,2,2
NA,"Pseudomonadota","Betaproteobacteria","Burkholderiales","Burkholderiaceae","Paraburkholderia","Paraburkholderia atlantica","Burkholderia sp. CCGE1002",455,2,2,1,2,2,6,NA,2
NA,"Pseudomonadota","Betaproteobacteria","Burkholderiales","Burkholderiaceae","Burkholderia","Burkholderia sp. CCGE1003","Burkholderia sp. CCGE1003",456,3,7,8,4,3,4,2,3
NA,"Pseudomonadota","Betaproteobacteria","Burkholderiales","Burkholderiaceae","Burkholderia","Burkholderia sp. HB1","Burkholderia sp. HB1",457,6,1,4,2,3,NA,2,2
NA,"Pseudomonadota","Betaproteobacteria","Burkholderiales","Burkholderiaceae","Burkholderia","Burkholderia sp. KJ006","Burkholderia sp. KJ006",458,6,6,5,5,3,5,2,4
NA,"Pseudomonadota","Betaproteobacteria","Burkholderiales","Burkholderiaceae","Paraburkholderia","Paraburkholderia phytofirmans","Burkholderia sp. OLGA172",459,4,1,1,2,NA,5,3,1
NA,"Pseudomonadota","Betaproteobacteria","Burkholderiales","Burkholderiaceae","Burkholderia","Burkholderia sp. PAMC 26561","Burkholderia sp. PAMC 26561",460,3,2,7,NA,5,2,2,2
NA,"Pseudomonadota","Betaproteobacteria","Burkholderiales","Burkholderiaceae","Burkholderia","Burkholderia sp. PAMC 28687","Burkholderia sp. PAMC 28687",461,NA,NA,5,NA,4,1,2,1
NA,"Pseudomonadota","Betaproteobacteria","Burkholderiales","Burkholderiaceae","Caballeronia","Caballeronia insecticola","Burkholderia sp. RPE64",462,5,3,8,6,5,3,5,1
NA,"Pseudomonadota","Betaproteobacteria","Burkholderiales","Burkholderiaceae","Caballeronia","Caballeronia cordobensis","Burkholderia sp. RPE67",463,4,7,2,2,2,4,4,1
NA,"Pseudomonadota","Betaproteobacteria","Burkholderiales","Burkholderiaceae","Burkholderia","Burkholderia sp. YI23","Burkholderia sp. YI23",464,2,4,1,1,1,5,6,2
NA,"Pseudomonadota","Betaproteobacteria","Burkholderiales","Burkholderiaceae","Burkholderia","Burkholderia stabilis","Burkholderia stabilis",465,1,NA,3,1,3,2,1,1
NA,"Pseudomonadota","Betaproteobacteria","Burkholderiales","Burkholderiaceae","Burkholderia","Burkholderia stagnalis","Burkholderia stagnalis",466,2,1,6,NA,1,1,3,NA
NA,"Pseudomonadota","Betaproteobacteria","Burkholderiales","Burkholderiaceae","Burkholderia","Burkholderia territorii","Burkholderia territorii",467,4,2,4,5,2,3,7,NA
NA,"Pseudomonadota","Betaproteobacteria","Burkholderiales","Burkholderiaceae","Burkholderia","Burkholderia thailandensis","Burkholderia thailandensis",468,11,8,7,4,3,4,10,5
NA,"Pseudomonadota","Betaproteobacteria","Burkholderiales","Burkholderiaceae","Burkholderia","Burkholderia ubonensis","Burkholderia ubonensis",469,6,10,9,4,3,7,10,6
NA,"Pseudomonadota","Betaproteobacteria","Burkholderiales","Burkholderiaceae","Burkholderia","Burkholderia vietnamiensis","Burkholderia vietnamiensis",470,8,7,5,7,3,4,3,4
NA,"Uroviricota","Caudoviricetes","c_Caudoviricetes","Peduoviridae","Tigrvirus","Tigrvirus phi52237","Tigrvirus phi52237",471,2,1,NA,1,NA,NA,NA,NA
NA,"Uroviricota","Caudoviricetes","c_Caudoviricetes","Peduoviridae","Tigrvirus","Tigrvirus E122","Burkholderia virus phiE122",472,2,1,NA,1,NA,NA,NA,NA
NA,"Uroviricota","Caudoviricetes","c_Caudoviricetes","c_Caudoviricetes","Stanholtvirus","Stanholtvirus E125","Stanholtvirus E125",473,NA,1,NA,NA,NA,NA,NA,NA
NA,"Pseudomonadota","Betaproteobacteria","Burkholderiales","Burkholderiaceae","f_Burkholderiaceae","f_Burkholderiaceae","Burkholderiaceae",474,NA,1,NA,1,NA,NA,NA,NA
NA,"Pseudomonadota","Betaproteobacteria","Burkholderiales","o_Burkholderiales","o_Burkholderiales","Burkholderiales bacterium GJ-E10","Burkholderiales bacterium GJ-E10",475,NA,1,1,2,NA,NA,NA,2
NA,"Pseudomonadota","Betaproteobacteria","Burkholderiales","o_Burkholderiales","o_Burkholderiales","Burkholderiales bacterium YL45","Burkholderiales bacterium YL45",476,2,NA,1,2,3,7,10,4
NA,"Bacillota","Clostridia","Lachnospirales","Lachnospiraceae","Butyrivibrio","Butyrivibrio hungatei","Butyrivibrio hungatei",477,11,9,6,13,33,52,50,38
NA,"Bacillota","Clostridia","Lachnospirales","Lachnospiraceae","Butyrivibrio","Butyrivibrio proteoclasticus","Butyrivibrio proteoclasticus",478,14,10,10,12,37,66,46,41
NA,"Bacillota","Clostridia","Thermoanaerobacterales","Thermoanaerobacteraceae","Caldanaerobacter","Caldanaerobacter subterraneus","Caldanaerobacter subterraneus",479,NA,1,1,NA,NA,3,4,5
NA,"Bacillota","p_Bacillota","Caldicellulosiruptorales","Caldicellulosiruptoraceae","Caldicellulosiruptor","Caldicellulosiruptor bescii","Caldicellulosiruptor bescii",480,NA,1,NA,5,1,1,4,2
NA,"Bacillota","p_Bacillota","Caldicellulosiruptorales","Caldicellulosiruptoraceae","Caldicellulosiruptor","Caldicellulosiruptor hydrothermalis","Caldicellulosiruptor hydrothermalis",481,NA,3,2,2,3,3,9,2
NA,"Bacillota","p_Bacillota","Caldicellulosiruptorales","Caldicellulosiruptoraceae","Caldicellulosiruptor","Caldicellulosiruptor acetigenus","Caldicellulosiruptor acetigenus",482,NA,3,4,5,3,NA,3,4
NA,"Bacillota","p_Bacillota","Caldicellulosiruptorales","Caldicellulosiruptoraceae","Caldicellulosiruptor","Caldicellulosiruptor kronotskyensis","Caldicellulosiruptor kronotskyensis",483,NA,3,3,2,2,2,4,3
NA,"Bacillota","p_Bacillota","Caldicellulosiruptorales","Caldicellulosiruptoraceae","Caldicellulosiruptor","Caldicellulosiruptor acetigenus","Caldicellulosiruptor acetigenus",484,NA,1,7,3,3,2,4,3
NA,"Bacillota","p_Bacillota","Caldicellulosiruptorales","Caldicellulosiruptoraceae","Caldicellulosiruptor","Caldicellulosiruptor obsidiansis","Caldicellulosiruptor obsidiansis",485,NA,2,1,1,3,2,3,2
NA,"Bacillota","p_Bacillota","Caldicellulosiruptorales","Caldicellulosiruptoraceae","Caldicellulosiruptor","Caldicellulosiruptor owensensis","Caldicellulosiruptor owensensis",486,NA,2,NA,2,1,5,4,2
NA,"Bacillota","p_Bacillota","Caldicellulosiruptorales","Caldicellulosiruptoraceae","Caldicellulosiruptor","Caldicellulosiruptor saccharolyticus","Caldicellulosiruptor saccharolyticus",487,2,3,1,2,4,4,4,3
NA,"Chloroflexota","Caldilineae","Caldilineales","Caldilineaceae","Caldilinea","Caldilinea aerophila","Caldilinea aerophila",488,2,4,1,3,2,4,3,1
NA,"Thermodesulfobacteriota","Thermodesulfobacteria","Thermodesulfobacteriales","Thermodesulfobacteriaceae","Caldimicrobium","Caldimicrobium thiodismutans","Caldimicrobium thiodismutans",489,NA,1,NA,NA,NA,NA,NA,NA
NA,"Caldisericota","Caldisericia","Caldisericales","Caldisericaceae","Caldisericum","Caldisericum exile","Caldisericum exile",490,1,NA,NA,NA,2,2,1,1
NA,"Thermoproteota","Thermoprotei","Acidilobales","Caldisphaeraceae","Caldisphaera","Caldisphaera lagunensis","Caldisphaera lagunensis",491,NA,1,NA,2,NA,NA,NA,1
NA,"Deferribacterota","Deferribacteres","Deferribacterales","Calditerrivibrionaceae","Calditerrivibrio","Calditerrivibrio nitroreducens","Calditerrivibrio nitroreducens",492,10,6,5,7,13,2,NA,4
NA,"Thermoproteota","Thermoprotei","Thermoproteales","Thermoproteaceae","Caldivirga","Caldivirga maquilingensis","Caldivirga maquilingensis",493,1,NA,NA,1,NA,NA,NA,NA
NA,"Preplasmiviricota","Pharingeaviricetes","Rowavirales","Adenoviridae","Mastadenovirus","Mastadenovirus otariidae","California sea lion adenovirus 1",494,1,NA,NA,NA,1,NA,NA,NA
NA,"Cyanobacteriota","Cyanophyceae","Nostocales","Calotrichaceae","Calothrix","Calothrix parietina","Calothrix parietina",495,1,1,NA,NA,1,1,2,NA
NA,"Cyanobacteriota","Cyanophyceae","Nostocales","Calotrichaceae","Calothrix","Calothrix sp. 336/3","Calothrix sp. 336/3",496,3,NA,NA,3,NA,NA,3,1
NA,"Cyanobacteriota","Cyanophyceae","Nostocales","Calotrichaceae","Calothrix","Calothrix sp. PCC 7507","Calothrix sp. PCC 7507",497,1,1,NA,1,NA,3,1,NA
NA,"Pseudomonadota","Gammaproteobacteria","c_Gammaproteobacteria","c_Gammaproteobacteria","c_Gammaproteobacteria","Calyptogena okutanii thioautotrophic gill symbiont","Calyptogena okutanii thioautotrophic gill symbiont",498,NA,NA,NA,NA,1,2,1,NA
NA,"Campylobacterota","Epsilonproteobacteria","Campylobacterales","Campylobacteraceae","Campylobacter","Campylobacter coli","Campylobacter coli",499,2,2,2,1,9,14,9,14
NA,"Campylobacterota","Epsilonproteobacteria","Campylobacterales","Campylobacteraceae","Campylobacter","Campylobacter concisus","Campylobacter concisus",500,NA,1,1,5,3,1,2,2
NA,"Campylobacterota","Epsilonproteobacteria","Campylobacterales","Campylobacteraceae","Campylobacter","Campylobacter curvus","Campylobacter curvus",501,3,NA,3,3,5,1,1,NA
NA,"Campylobacterota","Epsilonproteobacteria","Campylobacterales","Campylobacteraceae","Campylobacter","Campylobacter fetus","Campylobacter fetus",502,NA,NA,2,1,2,NA,2,NA
NA,"Campylobacterota","Epsilonproteobacteria","Campylobacterales","Campylobacteraceae","Campylobacter","Campylobacter gracilis","Campylobacter gracilis",503,NA,NA,NA,NA,NA,NA,NA,1
NA,"Campylobacterota","Epsilonproteobacteria","Campylobacterales","Campylobacteraceae","Campylobacter","Campylobacter hominis","Campylobacter hominis",504,NA,NA,1,NA,NA,NA,2,1
NA,"Campylobacterota","Epsilonproteobacteria","Campylobacterales","Campylobacteraceae","Campylobacter","Campylobacter hyointestinalis","Campylobacter hyointestinalis",505,NA,NA,1,NA,1,3,NA,3
NA,"Campylobacterota","Epsilonproteobacteria","Campylobacterales","Campylobacteraceae","Campylobacter","Campylobacter iguaniorum","Campylobacter iguaniorum",506,1,NA,1,NA,NA,1,3,2
NA,"Campylobacterota","Epsilonproteobacteria","Campylobacterales","Campylobacteraceae","Campylobacter","Campylobacter insulaenigrae","Campylobacter insulaenigrae",507,2,1,1,3,4,NA,1,1
NA,"Campylobacterota","Epsilonproteobacteria","Campylobacterales","Campylobacteraceae","Campylobacter","Campylobacter jejuni","Campylobacter jejuni",508,4,NA,1,1,7,12,8,9
NA,"Campylobacterota","Epsilonproteobacteria","Campylobacterales","Campylobacteraceae","Campylobacter","Campylobacter lari","Campylobacter lari",509,2,1,2,NA,1,4,2,4
NA,"Campylobacterota","Epsilonproteobacteria","Campylobacterales","Campylobacteraceae","Campylobacter","Campylobacter peloridis","Campylobacter peloridis",510,NA,NA,1,2,1,NA,1,NA
NA,"Campylobacterota","Epsilonproteobacteria","Campylobacterales","Campylobacteraceae","Campylobacter","Campylobacter sp. RM16704","Campylobacter sp. RM16704",511,2,1,1,NA,1,1,1,2
NA,"Campylobacterota","Epsilonproteobacteria","Campylobacterales","Campylobacteraceae","Campylobacter","Campylobacter subantarcticus","Campylobacter subantarcticus",512,2,2,NA,NA,2,3,1,3
NA,"Campylobacterota","Epsilonproteobacteria","Campylobacterales","Campylobacteraceae","Campylobacter","Campylobacter ureolyticus","Campylobacter ureolyticus",513,NA,1,1,NA,2,1,1,1
NA,"Uroviricota","Caudoviricetes","c_Caudoviricetes","Connertonviridae","Fletchervirus","Fletchervirus CPX","Fletchervirus CPX",514,NA,NA,NA,1,NA,NA,NA,NA
NA,"Uroviricota","Caudoviricetes","c_Caudoviricetes","Connertonviridae","Fletchervirus","Fletchervirus NCTC12673","Fletchervirus NCTC12673",515,1,NA,NA,1,NA,NA,NA,NA
NA,"Campylobacterota","Epsilonproteobacteria","Campylobacterales","Campylobacteraceae","Campylobacter","Campylobacter volucris","Campylobacter volucris",516,NA,NA,NA,NA,NA,2,2,NA
NA,"Pseudomonadota","Betaproteobacteria","c_Betaproteobacteria","c_Betaproteobacteria","Candidatus Accumulibacter","Candidatus Accumulibacter phosphatis","Candidatus Accumulibacter phosphatis",517,3,4,4,5,NA,5,5,2
NA,"Bacteroidota","Cytophagia","Cytophagales","Amoebophilaceae","Candidatus Amoebophilus","Candidatus Amoebophilus asiaticus","Candidatus Amoebophilus asiaticus",518,4,1,1,NA,1,1,2,2
NA,"Bacillota","Clostridia","Eubacteriales","Clostridiaceae","Candidatus Neoarthromitus","Candidatus Arthromitus sp. SFB-mouse","Candidatus Arthromitus sp. SFB-mouse",519,NA,NA,NA,1,2,2,1,1
NA,"Bacillota","Clostridia","Eubacteriales","Clostridiaceae","Candidatus Neoarthromitus","Candidatus Arthromitus sp. SFB-mouse-NL","Candidatus Arthromitus sp. SFB-mouse-NL",520,NA,NA,NA,2,3,2,NA,1
NA,"Bacillota","Clostridia","Eubacteriales","Clostridiaceae","Candidatus Neoarthromitus","Candidatus Arthromitus sp. SFB-rat-Yit","Candidatus Arthromitus sp. SFB-rat-Yit",521,3,2,NA,4,7,3,1,1
NA,"Cyanobacteriota","Cyanophyceae","Chroococcales","Aphanothecaceae","Candidatus Atelocyanobacterium","Candidatus Atelocyanobacterium thalassae","Candidatus Atelocyanobacterium thalassae",522,NA,NA,NA,1,NA,2,1,NA
NA,"Bacteroidota","Bacteroidia","Bacteroidales","o_Bacteroidales","Candidatus Azobacteroides","Candidatus Azobacteroides pseudotrichonymphae","Candidatus Azobacteroides pseudotrichonymphae",523,2,4,6,NA,2,5,5,3
NA,"Unknown","Candidatus Babeliae","Candidatus Babeliales","Candidatus Babeliaceae","Candidatus Babela","Candidatus Babela massiliensis","Candidatus Babela massiliensis",524,1,NA,NA,1,4,2,1,1
NA,"Pseudomonadota","Gammaproteobacteria","c_Gammaproteobacteria","c_Gammaproteobacteria","Candidatus Palibaumannia","Candidatus Palibaumannia cicadellinicola","Candidatus Palibaumannia cicadellinicola",525,2,1,NA,1,NA,1,2,2
NA,"Pseudomonadota","Gammaproteobacteria","Enterobacterales","Enterobacteriaceae","Candidatus Blochmanniella","Candidatus Blochmanniella floridana","Candidatus Blochmannia floridanus",526,NA,NA,1,NA,NA,NA,1,1
NA,"Pseudomonadota","Gammaproteobacteria","Enterobacterales","Enterobacteriaceae","Candidatus Blochmanniella","Candidatus Blochmanniella pennsylvanica","Candidatus Blochmanniella pennsylvanica",527,NA,NA,NA,NA,NA,NA,NA,1
NA,"Pseudomonadota","Gammaproteobacteria","Enterobacterales","Enterobacteriaceae","Candidatus Blochmanniella","Candidatus Blochmanniella vafra","Candidatus Blochmanniella vafra",528,1,NA,NA,NA,NA,NA,1,1
NA,"Candidatus Cloacimonadota","Candidatus Cloacimonadia","Candidatus Cloacimonadales","Candidatus Cloacimonadaceae","Candidatus Cloacimonas","Candidatus Cloacimonas acidaminovorans","Candidatus Cloacimonas acidaminovorans",529,6,5,3,5,3,3,2,3
NA,"Bacillota","Clostridia","Thermoanaerobacterales","Candidatus Desulforudaceae","Candidatus Desulforudis","Candidatus Desulforudis audaxviator","Candidatus Desulforudis audaxviator",530,NA,3,2,1,2,NA,1,NA
NA,"Pseudomonadota","Gammaproteobacteria","Enterobacterales","Enterobacteriaceae","Candidatus Doolittlea","Candidatus Doolittlea endobia","Candidatus Doolittlea endobia",531,1,NA,NA,NA,1,NA,NA,1
NA,"Pseudomonadota","Alphaproteobacteria","Rhodospirillales","Rhodospirillaceae","Candidatus Endolissoclinum","Candidatus Endolissoclinum faulkneri","Candidatus Endolissoclinum faulkneri",532,NA,NA,NA,1,1,1,NA,2
NA,"Pseudomonadota","Gammaproteobacteria","Candidatus Johnevansiales","Candidatus Johnevansiaceae","Candidatus Johnevansia","Candidatus Johnevansia muelleri","Candidatus Evansia muelleri",533,NA,NA,1,NA,1,NA,NA,NA
NA,"Pseudomonadota","Alphaproteobacteria","Hyphomicrobiales","Hyphomicrobiaceae","Filomicrobium","Candidatus Filomicrobium marinum","Candidatus Filomicrobium marinum",534,2,3,2,1,2,1,3,1
NA,"Pseudomonadota","Gammaproteobacteria","Enterobacterales","Enterobacteriaceae","Candidatus Gullanella","Candidatus Gullanella endobia","Candidatus Gullanella endobia",535,NA,NA,NA,NA,NA,NA,2,NA
NA,"Pseudomonadota","Gammaproteobacteria","Enterobacterales","Enterobacteriaceae","Candidatus Hoaglandella","Candidatus Hoaglandella endobia","Candidatus Hoaglandella endobia",536,NA,NA,NA,NA,NA,NA,NA,1
NA,"Pseudomonadota","Gammaproteobacteria","Enterobacterales","Enterobacteriaceae","Candidatus Ishikawella","Candidatus Ishikawella capsulata","Candidatus Ishikawella capsulata",537,1,NA,NA,NA,1,1,NA,NA
NA,"Mycoplasmatota","Mollicutes","Candidatus Izemoplasmatales","Candidatus Izemoplasmataceae","Candidatus Izemoplasma","Candidatus Izimoplasma sp. HR1","Candidatus Izimaplasma sp. HR1",538,1,NA,1,NA,2,1,1,5
NA,"Pseudomonadota","Betaproteobacteria","c_Betaproteobacteria","c_Betaproteobacteria","Candidatus Kinetoplastidibacterium","Candidatus Kinetoplastidibacterium crithidiae","Candidatus Kinetoplastidibacterium crithidiae",539,NA,NA,NA,1,1,NA,1,NA
NA,"Pseudomonadota","Betaproteobacteria","c_Betaproteobacteria","c_Betaproteobacteria","Candidatus Kinetoplastidibacterium","Candidatus Kinetoplastidibacterium desouzai","Candidatus Kinetoplastidibacterium desouzai",540,NA,NA,1,NA,2,NA,NA,NA
NA,"Pseudomonadota","Betaproteobacteria","c_Betaproteobacteria","c_Betaproteobacteria","Candidatus Kinetoplastidibacterium","Candidatus Kinetoplastidibacterium galati","Candidatus Kinetoplastidibacterium galati",541,NA,NA,NA,NA,NA,1,NA,NA
NA,"Pseudomonadota","Betaproteobacteria","c_Betaproteobacteria","c_Betaproteobacteria","Candidatus Kinetoplastidibacterium","Candidatus Kinetoplastidibacterium stringomonadis","Candidatus Kinetoplastidibacterium stringomonadis",542,NA,NA,NA,NA,NA,NA,NA,1
NA,"Acidobacteriota","Terriglobia","Terriglobales","Candidatus Korobacteraceae","Candidatus Korobacter","g_Candidatus Korobacter","Candidatus Korobacter",543,NA,NA,1,NA,NA,NA,NA,NA
NA,"Acidobacteriota","Terriglobia","Terriglobales","Candidatus Korobacteraceae","Candidatus Korobacter","Candidatus Korobacter versatilis","Candidatus Korobacter versatilis",544,5,3,3,6,2,1,NA,3
NA,"Pseudomonadota","Alphaproteobacteria","Hyphomicrobiales","Rhizobiaceae","Liberibacter","Candidatus Liberibacter africanus","Candidatus Liberibacter africanus",545,1,NA,NA,NA,NA,NA,NA,NA
NA,"Pseudomonadota","Alphaproteobacteria","Hyphomicrobiales","Rhizobiaceae","Liberibacter","Candidatus Liberibacter americanus","Candidatus Liberibacter americanus",546,NA,NA,NA,1,NA,NA,2,1
NA,"Pseudomonadota","Alphaproteobacteria","Hyphomicrobiales","Rhizobiaceae","Liberibacter","Candidatus Liberibacter asiaticus","Candidatus Liberibacter asiaticus",547,NA,NA,NA,NA,1,NA,NA,2
NA,"Pseudomonadota","Alphaproteobacteria","Hyphomicrobiales","Rhizobiaceae","Liberibacter","Candidatus Liberibacter solanacearum","Candidatus Liberibacter solanacearum",548,2,NA,NA,1,1,NA,1,1
NA,"Thermoplasmatota","Thermoplasmata","Methanomassiliicoccales","Methanomassiliicoccaceae","Methanomassiliicoccus","Candidatus Methanomassiliicoccus intestinalis","Candidatus Methanomassiliicoccus intestinalis",549,1,2,1,NA,2,2,3,1
NA,"Thermoplasmatota","Thermoplasmata","Methanomassiliicoccales","Methanomethylophilaceae","Methanomethylophilus","Methanomethylophilus alvi","Methanomethylophilus alvi",550,NA,NA,NA,2,NA,1,NA,NA
NA,"Thermoplasmatota","Thermoplasmata","Methanomassiliicoccales","Methanomassiliicoccaceae","Candidatus Methanoplasma","Candidatus Methanoplasma termitum","Candidatus Methanoplasma termitum",551,NA,NA,NA,NA,1,1,NA,NA
NA,"Pseudomonadota","Betaproteobacteria","Nitrosomonadales","Methylophilaceae","Candidatus Methylopumilus","Candidatus Methylopumilus planktonicus","Candidatus Methylopumilus planktonicus",552,NA,NA,NA,NA,NA,1,NA,1
NA,"Pseudomonadota","Betaproteobacteria","Nitrosomonadales","Methylophilaceae","Candidatus Methylopumilus","Candidatus Methylopumilus turicensis","Candidatus Methylopumilus turicensis",553,NA,NA,1,NA,1,1,NA,1
NA,"Pseudomonadota","Alphaproteobacteria","Rickettsiales","Candidatus Midichloriaceae","Candidatus Midichloria","Candidatus Midichloria mitochondrii","Candidatus Midichloria mitochondrii",554,NA,NA,1,NA,NA,NA,NA,NA
NA,"Pseudomonadota","Gammaproteobacteria","Enterobacterales","Enterobacteriaceae","Candidatus Mikella","Candidatus Mikella endobia","Candidatus Mikella endobia",555,NA,NA,NA,NA,NA,NA,1,1
NA,"Pseudomonadota","Gammaproteobacteria","Enterobacterales","Enterobacteriaceae","Candidatus Moranella","Candidatus Moranella endobia","Candidatus Moranella endobia",556,NA,NA,NA,NA,NA,NA,NA,2
NA,"Nitrososphaerota","p_Nitrososphaerota","p_Nitrososphaerota","p_Nitrososphaerota","Candidatus Nitrosopelagicus","Candidatus Nitrosopelagicus brevis","Candidatus Nitrosopelagicus brevis",557,1,1,NA,NA,1,NA,2,2
NA,"Nitrososphaerota","Nitrososphaeria","Nitrosopumilales","Nitrosopumilaceae","Nitrosopumilus","Nitrosopumilus adriaticus","Candidatus Nitrosopumilus adriaticus",558,1,1,NA,NA,1,2,1,NA
NA,"Nitrososphaerota","Nitrososphaeria","Nitrosopumilales","Nitrosopumilaceae","Nitrosopumilus","Candidatus Nitrosopumilus sediminis","Candidatus Nitrosopumilus sp. AR2",559,NA,NA,NA,NA,3,1,1,2
NA,"Nitrospirota","Nitrospiria","Nitrospirales","Nitrospiraceae","Nitrospira","Candidatus Nitrospira inopinata","Candidatus Nitrospira inopinata",560,NA,NA,2,4,3,NA,1,NA
NA,"Pseudomonadota","Gammaproteobacteria","Enterobacterales","Erwiniaceae","Pantoea","Candidatus Pantoea carbekii","Candidatus Pantoea carbekii",561,NA,NA,NA,NA,NA,2,1,NA
NA,"Pseudomonadota","Alphaproteobacteria","Holosporales","Candidatus Paracaedibacteraceae","Candidatus Odyssella","Candidatus Odyssella acanthamoebae","Candidatus Paracaedibacter acanthamoebae",562,NA,3,NA,NA,1,2,NA,NA
NA,"Pseudomonadota","Alphaproteobacteria","Candidatus Pelagibacterales","Candidatus Pelagibacteraceae","Candidatus Pelagibacter","Candidatus Pelagibacter sp. IMCC9063","Candidatus Pelagibacter sp. IMCC9063",563,NA,NA,NA,1,1,1,NA,NA
NA,"Pseudomonadota","Alphaproteobacteria","Candidatus Pelagibacterales","Candidatus Pelagibacteraceae","Candidatus Pelagibacter","Candidatus Pelagibacter communis","Candidatus Pelagibacter communis",564,NA,NA,1,NA,NA,1,NA,1
NA,"Mycoplasmatota","Mollicutes","Acholeplasmatales","Acholeplasmataceae","Candidatus Phytoplasma","Candidatus Phytoplasma australiense","Candidatus Phytoplasma australiense",565,NA,NA,NA,NA,NA,1,NA,1
NA,"Mycoplasmatota","Mollicutes","Acholeplasmatales","Acholeplasmataceae","Candidatus Phytoplasma","Candidatus Phytoplasma mali","Candidatus Phytoplasma mali",566,NA,NA,NA,NA,NA,NA,1,NA
NA,"Pseudomonadota","Gammaproteobacteria","Candidatus Johnevansiales","Candidatus Johnevansiaceae","Candidatus Portiera","Candidatus Portiera aleyrodidarum","Candidatus Portiera aleyrodidarum",567,NA,NA,1,NA,NA,NA,NA,NA
NA,"Pseudomonadota","Alphaproteobacteria","Candidatus Puniceispirillales","Candidatus Puniceispirillaceae","Candidatus Puniceispirillum","Candidatus Puniceispirillum marinum","Candidatus Puniceispirillum marinum",568,1,NA,1,NA,NA,NA,1,NA
NA,"Actinomycetota","Actinomycetes","Micrococcales","Microbacteriaceae","Rhodoluna","Candidatus Rhodoluna planktonica","Candidatus Rhodoluna planktonica",569,1,NA,NA,NA,NA,NA,NA,2
NA,"Pseudomonadota","Gammaproteobacteria","Enterobacterales","Enterobacteriaceae","Candidatus Riesia","Candidatus Riesia pediculicola","Candidatus Riesia pediculicola",570,NA,NA,NA,NA,NA,1,NA,NA
NA,"Pseudomonadota","Gammaproteobacteria","c_Gammaproteobacteria","Candidatus Pseudothioglobaceae","Candidatus Ruthturnera","Candidatus Ruthturnera calyptogenae","Candidatus Ruthturnera calyptogenae",571,2,NA,2,NA,NA,1,3,NA
NA,"Pseudomonadota","Gammaproteobacteria","Enterobacterales","Bruguierivoracaceae","Sodalis","Candidatus Sodalis pierantonii","Candidatus Sodalis pierantonii",572,8,1,2,1,2,2,4,NA
NA,"Acidobacteriota","Terriglobia","Bryobacterales","Solibacteraceae","Candidatus Solibacter","Candidatus Solibacter usitatus","Candidatus Solibacter usitatus",573,3,5,1,6,5,4,2,3
NA,"Pseudomonadota","Betaproteobacteria","Burkholderiales","Comamonadaceae","Candidatus Symbiobacter","Candidatus Symbiobacter mobilis","Candidatus Symbiobacter mobilis",574,2,1,1,3,1,3,NA,NA
NA,"Pseudomonadota","Gammaproteobacteria","Enterobacterales","Enterobacteriaceae","Candidatus Tachikawaea","Candidatus Tachikawaea gelatinosa","Candidatus Tachikawaea gelatinosa",575,NA,NA,1,NA,2,NA,NA,NA
NA,"Pseudomonadota","Gammaproteobacteria","c_Gammaproteobacteria","Candidatus Pseudothioglobaceae","Candidatus Thioglobus","Candidatus Thioglobus autotrophicus","Candidatus Thioglobus autotrophicus",576,NA,1,NA,NA,NA,1,NA,NA
NA,"Pseudomonadota","Gammaproteobacteria","c_Gammaproteobacteria","Candidatus Pseudothioglobaceae","Candidatus Pseudothioglobus","Candidatus Pseudothioglobus singularis","Candidatus Pseudothioglobus singularis",577,1,1,2,NA,3,2,3,1
NA,"Verrucomicrobiota","Spartobacteria","c_Spartobacteria","c_Spartobacteria","Candidatus Xiphinematobacter","Candidatus Xiphinematobacter sp. Idaho Grape","Candidatus Xiphinematobacter sp. Idaho Grape",578,1,NA,NA,1,2,1,NA,NA
NA,"Bacteroidota","Flavobacteriia","Flavobacteriales","Flavobacteriaceae","Capnocytophaga","Capnocytophaga canimorsus","Capnocytophaga canimorsus",579,6,1,3,3,3,2,2,3
NA,"Bacteroidota","Flavobacteriia","Flavobacteriales","Flavobacteriaceae","Capnocytophaga","Capnocytophaga haemolytica","Capnocytophaga haemolytica",580,6,10,6,4,4,1,7,7
NA,"Bacteroidota","Flavobacteriia","Flavobacteriales","Flavobacteriaceae","Capnocytophaga","Capnocytophaga ochracea","Capnocytophaga ochracea",581,8,9,4,8,3,8,4,4
NA,"Bacteroidota","Flavobacteriia","Flavobacteriales","Flavobacteriaceae","Capnocytophaga","Capnocytophaga sp. oral taxon 323","Capnocytophaga sp. oral taxon 323",582,7,9,2,6,6,4,6,7
NA,"Bacillota","Clostridia","Thermoanaerobacterales","Thermoanaerobacteraceae","Carboxydothermus","Carboxydothermus hydrogenoformans","Carboxydothermus hydrogenoformans",583,2,1,2,4,3,1,NA,2
NA,"Bacteroidota","Cytophagia","Cytophagales","Amoebophilaceae","Candidatus Cardinium","Cardinium endosymbiont of Encarsia pergandiella","Cardinium endosymbiont of Encarsia pergandiella",584,1,NA,NA,NA,3,2,NA,1
NA,"Bacillota","Bacilli","Lactobacillales","Carnobacteriaceae","Carnobacterium","Carnobacterium inhibens","Carnobacterium inhibens",585,2,1,NA,NA,NA,2,4,1
NA,"Bacillota","Bacilli","Lactobacillales","Carnobacteriaceae","Carnobacterium","Carnobacterium maltaromaticum","Carnobacterium maltaromaticum",586,3,NA,1,1,NA,5,2,5
NA,"Bacillota","Bacilli","Lactobacillales","Carnobacteriaceae","Carnobacterium","Carnobacterium sp. 17-4","Carnobacterium sp. 17-4",587,NA,2,NA,NA,1,5,2,1
NA,"Bacillota","Bacilli","Lactobacillales","Carnobacteriaceae","Carnobacterium","Carnobacterium sp. CP1","Carnobacterium sp. CP1",588,NA,2,1,1,1,6,3,2
NA,"Pseudomonadota","Betaproteobacteria","Burkholderiales","Alcaligenaceae","Castellaniella","Castellaniella defragrans","Castellaniella defragrans",589,4,4,8,5,NA,6,3,2
NA,"Actinomycetota","Actinomycetes","Catenulisporales","Catenulisporaceae","Catenulispora","g_Catenulispora","Catenulispora",590,NA,NA,NA,1,NA,NA,NA,1
NA,"Actinomycetota","Actinomycetes","Catenulisporales","Catenulisporaceae","Catenulispora","Catenulispora acidiphila","Catenulispora acidiphila",591,2,7,11,10,1,2,4,2
NA,"Pseudomonadota","Alphaproteobacteria","Caulobacterales","Caulobacteraceae","Caulobacter","g_Caulobacter","Caulobacter",592,NA,2,NA,NA,NA,NA,NA,NA
NA,"Pseudomonadota","Alphaproteobacteria","Caulobacterales","Caulobacteraceae","Caulobacter","Caulobacter henricii","Caulobacter henricii",593,2,1,1,5,4,NA,2,6
NA,"Uroviricota","Caudoviricetes","c_Caudoviricetes","Jeanschmidtviridae","Colossusvirus","Colossusvirus colossus","Caulobacter phage CcrColossus",594,NA,NA,NA,NA,NA,NA,1,NA
NA,"Uroviricota","Caudoviricetes","c_Caudoviricetes","c_Caudoviricetes","c_Caudoviricetes","Caulobacter phage Cr30","Caulobacter phage Cr30",595,NA,NA,NA,NA,NA,1,NA,NA
NA,"Pseudomonadota","Alphaproteobacteria","Caulobacterales","Caulobacteraceae","Caulobacter","Caulobacter segnis","Caulobacter segnis",596,3,1,4,6,NA,2,3,NA
NA,"Pseudomonadota","Alphaproteobacteria","Caulobacterales","Caulobacteraceae","Caulobacter","Caulobacter sp. K31","Caulobacter sp. K31",597,3,6,6,6,2,2,1,6
NA,"Pseudomonadota","Alphaproteobacteria","Caulobacterales","Caulobacteraceae","Caulobacter","Caulobacter vibrioides","Caulobacter vibrioides",598,4,10,4,5,1,3,2,4
NA,"Uroviricota","Caudoviricetes","c_Caudoviricetes","Jeanschmidtviridae","Shapirovirus","Caulobacter virus Magneto","Caulobacter virus Magneto",599,NA,NA,NA,NA,1,NA,NA,NA
NA,"Uroviricota","Caudoviricetes","c_Caudoviricetes","Jeanschmidtviridae","Shapirovirus","Shapirovirus cbk","Shapirovirus cbk",600,NA,NA,NA,NA,1,NA,NA,NA
NA,"Uroviricota","Caudoviricetes","c_Caudoviricetes","Jeanschmidtviridae","Poindextervirus","Poindextervirus rogue","Poindextervirus rogue",601,NA,NA,NA,NA,NA,NA,NA,1
NA,"Pseudomonadota","Alphaproteobacteria","Hyphomonadales","Hyphomonadaceae","Candidatus Viadribacter","Candidatus Viadribacter manganicus","Caulobacteraceae bacterium OTSz_A_272",602,1,3,NA,2,1,2,2,2
NA,"Pseudomonadota","Gammaproteobacteria","Enterobacterales","Enterobacteriaceae","Cedecea","Cedecea neteri","Cedecea neteri",603,22,13,11,11,13,9,13,16
NA,"Pseudomonadota","Alphaproteobacteria","Rhodobacterales","Roseobacteraceae","Celeribacter","Celeribacter indicus","Celeribacter indicus",604,6,1,2,1,1,5,1,3
NA,"Pseudomonadota","Alphaproteobacteria","Rhodobacterales","Roseobacteraceae","Celeribacter","Celeribacter marinus","Celeribacter marinus",605,1,3,NA,NA,NA,NA,3,1
NA,"Actinomycetota","Actinomycetes","Micrococcales","Cellulomonadaceae","Cellulomonas","g_Cellulomonas","Cellulomonas",606,1,NA,1,NA,1,NA,NA,NA
NA,"Actinomycetota","Actinomycetes","Micrococcales","Cellulomonadaceae","Cellulomonas","Cellulomonas fimi","Cellulomonas fimi",607,2,6,5,3,NA,NA,3,3
NA,"Actinomycetota","Actinomycetes","Micrococcales","Cellulomonadaceae","Cellulomonas","Cellulomonas flavigena","Cellulomonas flavigena",608,2,5,1,NA,2,2,3,4
NA,"Actinomycetota","Actinomycetes","Micrococcales","Cellulomonadaceae","Cellulomonas","Cellulomonas gilvus","Cellulomonas gilvus",609,2,5,3,NA,NA,NA,2,2
NA,"Bacteroidota","Flavobacteriia","Flavobacteriales","Flavobacteriaceae","Cellulophaga","Cellulophaga algicola","Cellulophaga algicola",610,2,1,1,NA,2,4,3,2
NA,"Bacteroidota","Flavobacteriia","Flavobacteriales","Flavobacteriaceae","Cellulophaga","Cellulophaga baltica","Cellulophaga baltica",611,6,1,7,1,2,4,5,4
NA,"Bacteroidota","Flavobacteriia","Flavobacteriales","Flavobacteriaceae","Cellulophaga","Cellulophaga lytica","Cellulophaga lytica",612,NA,1,1,2,1,1,6,1
NA,"Uroviricota","Caudoviricetes","c_Caudoviricetes","Pachyviridae","Baltivirus","Baltivirus phi13duo","Cellulophaga phage phi13:2",613,NA,NA,NA,NA,NA,NA,1,NA
NA,"Uroviricota","Caudoviricetes","c_Caudoviricetes","Pachyviridae","Baltivirus","Baltivirus phi18tres","Cellulophaga phage phi18:3",614,NA,NA,NA,NA,NA,NA,1,NA
NA,"Uroviricota","Caudoviricetes","c_Caudoviricetes","Pachyviridae","Baltivirus","Baltivirus phi19tres","Cellulophaga phage phi19:3",615,NA,NA,NA,NA,NA,NA,1,NA
NA,"Uroviricota","Caudoviricetes","c_Caudoviricetes","Pachyviridae","Bacelvirus","Bacelvirus phi46tres","Cellulophaga phage phi46:3",616,NA,NA,NA,NA,NA,NA,1,NA
NA,"Bacillota","Clostridia","Lachnospirales","Cellulosilyticaceae","Cellulosilyticum","Cellulosilyticum lentocellum","Cellulosilyticum lentocellum",617,3,10,8,5,15,25,14,16
NA,"Pseudomonadota","Gammaproteobacteria","Cellvibrionales","Cellvibrionaceae","Cellvibrio","Cellvibrio japonicus","Cellvibrio japonicus",618,5,5,1,5,3,3,2,2
NA,"Peploviricota","Herviviricetes","Herpesvirales","Orthoherpesviridae","Varicellovirus","Varicellovirus cercopithecinealpha9","Cercopithecine alphaherpesvirus 9",619,NA,NA,NA,NA,NA,NA,NA,1
NA,"Pseudomonadota","Gammaproteobacteria","Enterobacterales","Yersiniaceae","Chania","Chania multitudinisentens","Chania multitudinisentens",620,NA,NA,2,2,NA,2,2,2
NA,"Pseudomonadota","Alphaproteobacteria","Hyphomicrobiales","Phyllobacteriaceae","Chelativorans","Chelativorans sp. BNC1","Chelativorans sp. BNC1",621,2,1,1,2,2,2,2,2
NA,"Pseudomonadota","Alphaproteobacteria","Hyphomicrobiales","Chelatococcaceae","Chelatococcus","Chelatococcus sp. CO-6","Chelatococcus sp. CO-6",622,5,4,6,8,2,1,7,3
NA,"Peploviricota","Herviviricetes","Herpesvirales","Orthoherpesviridae","Simplexvirus","Simplexvirus paninealpha3","Chimpanzee alpha-1 herpesvirus",623,NA,NA,NA,NA,NA,1,NA,NA
NA,"Bacteroidota","Chitinophagia","Chitinophagales","Chitinophagaceae","Chitinophaga","Chitinophaga pinensis","Chitinophaga pinensis",624,10,11,9,12,10,11,6,4
NA,"Chlamydiota","Chlamydiia","Chlamydiales","Chlamydiaceae","Chlamydia","Chlamydia abortus","Chlamydia abortus",625,NA,NA,NA,NA,2,1,NA,NA
NA,"Chlamydiota","Chlamydiia","Chlamydiales","Chlamydiaceae","Chlamydia","Chlamydia avium","Chlamydia avium",626,NA,NA,NA,NA,NA,1,NA,NA
NA,"Chlamydiota","Chlamydiia","Chlamydiales","Chlamydiaceae","Chlamydia","Chlamydia caviae","Chlamydia caviae",627,NA,1,NA,NA,NA,NA,NA,NA
NA,"Chlamydiota","Chlamydiia","Chlamydiales","Chlamydiaceae","Chlamydia","Chlamydia felis","Chlamydia felis",628,NA,1,2,NA,1,NA,NA,NA
NA,"Chlamydiota","Chlamydiia","Chlamydiales","Chlamydiaceae","Chlamydia","Chlamydia gallinacea","Chlamydia gallinacea",629,NA,NA,1,NA,NA,1,1,1
NA,"Chlamydiota","Chlamydiia","Chlamydiales","Chlamydiaceae","Chlamydia","Chlamydia muridarum","Chlamydia muridarum",630,NA,NA,1,NA,1,NA,NA,2
NA,"Chlamydiota","Chlamydiia","Chlamydiales","Chlamydiaceae","Chlamydia","Chlamydia pecorum","Chlamydia pecorum",631,NA,NA,NA,NA,NA,NA,1,3
NA,"Chlamydiota","Chlamydiia","Chlamydiales","Chlamydiaceae","Chlamydia","Chlamydia pneumoniae","Chlamydia pneumoniae",632,NA,NA,1,NA,NA,NA,NA,NA
NA,"Chlamydiota","Chlamydiia","Chlamydiales","Chlamydiaceae","Chlamydia","Chlamydia psittaci","Chlamydia psittaci",633,NA,1,NA,NA,1,NA,NA,NA
NA,"Chlamydiota","Chlamydiia","Chlamydiales","Chlamydiaceae","Chlamydia","Chlamydia trachomatis","Chlamydia trachomatis",634,NA,NA,1,NA,NA,2,NA,NA
NA,"Acidobacteriota","Terriglobia","Terriglobales","Acidobacteriaceae","Chloracidobacterium","Chloracidobacterium thermophilum","Chloracidobacterium thermophilum",635,1,2,1,4,1,2,3,2
NA,"Chlorobiota","Chlorobiia","Chlorobiales","Chlorobiaceae","Chlorobaculum","Chlorobaculum limnaeum","Chlorobaculum limnaeum",636,5,8,6,9,1,3,6,5
NA,"Chlorobiota","Chlorobiia","Chlorobiales","Chlorobiaceae","Chlorobaculum","Chlorobaculum parvum","Chlorobaculum parvum",637,2,5,8,6,3,3,3,6
NA,"Chlorobiota","Chlorobiia","Chlorobiales","Chlorobiaceae","Chlorobaculum","Chlorobaculum tepidum","Chlorobaculum tepidum",638,1,8,2,4,3,2,2,5
NA,"Chlorobiota","Chlorobiia","Chlorobiales","Chlorobiaceae","Chlorobium","Chlorobium chlorochromatii","Chlorobium chlorochromatii",639,NA,2,NA,NA,2,3,2,2
NA,"Chlorobiota","Chlorobiia","Chlorobiales","Chlorobiaceae","Chlorobium","Chlorobium limicola","Chlorobium limicola",640,5,2,2,2,8,NA,3,1
NA,"Chlorobiota","Chlorobiia","Chlorobiales","Chlorobiaceae","Chlorobium","Chlorobium phaeobacteroides","Chlorobium phaeobacteroides",641,7,3,NA,3,3,4,9,3
NA,"Chlorobiota","Chlorobiia","Chlorobiales","Chlorobiaceae","Chlorobium","Chlorobium phaeovibrioides","Chlorobium phaeovibrioides",642,3,2,1,1,3,2,NA,1
NA,"Chloroflexota","Chloroflexia","Chloroflexales","Chloroflexaceae","Chloroflexus","Chloroflexus aggregans","Chloroflexus aggregans",643,1,NA,2,1,NA,1,3,1
NA,"Chloroflexota","Chloroflexia","Chloroflexales","Chloroflexaceae","Chloroflexus","Chloroflexus aurantiacus","Chloroflexus aurantiacus",644,NA,NA,1,NA,NA,1,1,NA
NA,"Chloroflexota","Chloroflexia","Chloroflexales","Chloroflexaceae","Chloroflexus","Chloroflexus aurantiacus","Chloroflexus sp. Y-400-fl",645,NA,NA,1,NA,NA,1,1,NA
NA,"Chlorobiota","Chlorobiia","Chlorobiales","Chloroherpetonaceae","Chloroherpeton","Chloroherpeton thalassium","Chloroherpeton thalassium",646,3,1,1,1,NA,NA,2,1
NA,"Myxococcota","p_Myxococcota","Polyangiales","Polyangiaceae","Chondromyces","Chondromyces crocatus","Chondromyces crocatus",647,2,5,6,3,3,1,3,5
NA,"Nucleocytoviricota","Pokkesviricetes","Chitovirales","Poxviridae","Betaentomopoxvirus","Betaentomopoxvirus crosaceana","Choristoneura rosaceana entomopoxvirus 'L'",648,1,NA,NA,NA,NA,NA,NA,NA
NA,"Pseudomonadota","Betaproteobacteria","Neisseriales","Chromobacteriaceae","Chromobacterium","g_Chromobacterium","Chromobacterium",649,NA,2,NA,NA,NA,NA,NA,NA
NA,"Pseudomonadota","Betaproteobacteria","Neisseriales","Chromobacteriaceae","Chromobacterium","Chromobacterium vaccinii","Chromobacterium vaccinii",650,4,6,6,6,3,5,5,6
NA,"Pseudomonadota","Betaproteobacteria","Neisseriales","Chromobacteriaceae","Chromobacterium","Chromobacterium violaceum","Chromobacterium violaceum",651,2,9,8,10,3,4,2,4
NA,"Pseudomonadota","Gammaproteobacteria","Oceanospirillales","Halomonadaceae","Chromohalobacter","Chromohalobacter israelensis","Chromohalobacter israelensis",652,4,3,8,4,4,2,2,2
NA,"Cyanobacteriota","Cyanophyceae","Chroococcidiopsidales","Chroococcidiopsidaceae","Chroococcidiopsis","Chroococcidiopsis thermalis","Chroococcidiopsis thermalis",653,1,NA,NA,NA,1,2,1,NA
NA,"Bacteroidota","Flavobacteriia","Flavobacteriales","Weeksellaceae","Chryseobacterium","Chryseobacterium gallinarum","Chryseobacterium gallinarum",654,93,58,31,56,97,25,13,21
NA,"Bacteroidota","Flavobacteriia","Flavobacteriales","Weeksellaceae","Chryseobacterium","Chryseobacterium glaciei","Chryseobacterium sp. IHB B 10212",655,9,8,6,6,10,4,4,7
NA,"Bacteroidota","Flavobacteriia","Flavobacteriales","Weeksellaceae","Chryseobacterium","Chryseobacterium sp. IHB B 17019","Chryseobacterium sp. IHB B 17019",656,10,9,2,7,11,4,5,4
NA,"Bacteroidota","Flavobacteriia","Flavobacteriales","Weeksellaceae","Chryseobacterium","Chryseobacterium sp. StRB126","Chryseobacterium sp. StRB126",657,11,3,1,6,13,3,6,8
NA,"Nucleocytoviricota","Megaviricetes","Algavirales","Phycodnaviridae","f_Phycodnaviridae","Chrysochromulina ericina virus","Chrysochromulina ericina virus",658,NA,NA,NA,NA,1,NA,NA,NA
NA,"Unknown","Naldaviricetes","Lefavirales","Baculoviridae","Alphabaculovirus","Alphabaculovirus chrychalcites","Chrysodeixis chalcites nucleopolyhedrovirus",659,NA,NA,NA,NA,NA,NA,NA,1
NA,"Cressdnaviricota","Arfiviricetes","Cirlivirales","Circoviridae","f_Circoviridae","Circoviridae 8 LDMD-2013","Circoviridae 8 LDMD-2013",660,NA,NA,NA,1,NA,NA,NA,NA
NA,"Pseudomonadota","Gammaproteobacteria","Enterobacterales","Enterobacteriaceae","Citrobacter","g_Citrobacter","Citrobacter",661,NA,1,NA,NA,NA,NA,NA,NA
NA,"Pseudomonadota","Gammaproteobacteria","Enterobacterales","Enterobacteriaceae","Citrobacter","Citrobacter amalonaticus","Citrobacter amalonaticus",662,8,7,11,6,14,5,7,7
NA,"Pseudomonadota","Gammaproteobacteria","Enterobacterales","Enterobacteriaceae","Citrobacter","Citrobacter freundii","Citrobacter freundii",663,6,12,8,10,11,19,39,23
NA,"Pseudomonadota","Gammaproteobacteria","Enterobacterales","Enterobacteriaceae","Citrobacter","Citrobacter koseri","Citrobacter koseri",664,NA,4,1,4,4,4,7,4
NA,"Uroviricota","Caudoviricetes","Pantevenvirales","Straboviridae","Moonvirus","Moonvirus moon","Citrobacter phage Moon",665,NA,NA,NA,NA,NA,NA,1,NA
NA,"Pseudomonadota","Gammaproteobacteria","Enterobacterales","Enterobacteriaceae","Citrobacter","Citrobacter rodentium","Citrobacter rodentium",666,7,5,1,2,7,6,8,2
NA,"Pseudomonadota","Gammaproteobacteria","Enterobacterales","Enterobacteriaceae","Citrobacter","Citrobacter sp. FDAARGOS_156","Citrobacter sp. FDAARGOS_156",667,2,4,2,5,6,1,2,3
NA,"Pseudomonadota","Alphaproteobacteria","Sphingomonadales","Sphingomonadaceae","Citromicrobium","Citromicrobium sp. JL477","Citromicrobium sp. JL477",668,4,5,6,5,3,1,1,2
NA,"Uroviricota","Caudoviricetes","c_Caudoviricetes","c_Caudoviricetes","Kostyavirus","g_Kostyavirus","Kostyavirus",669,NA,1,NA,NA,NA,NA,NA,NA
NA,"Actinomycetota","Actinomycetes","Micrococcales","Microbacteriaceae","Clavibacter","g_Clavibacter","Clavibacter",670,1,NA,NA,NA,1,NA,NA,NA
NA,"Actinomycetota","Actinomycetes","Micrococcales","Microbacteriaceae","Clavibacter","Clavibacter michiganensis","Clavibacter michiganensis",671,5,4,6,5,5,3,12,3
NA,"Synergistota","Synergistia","Synergistales","Synergistaceae","Cloacibacillus","Cloacibacillus porcorum","Cloacibacillus porcorum",672,6,8,3,5,6,8,9,3
NA,"Bacillota","Clostridia","Peptostreptococcales","Peptostreptococcaceae","Clostridioides","Clostridioides difficile","Clostridioides difficile",673,2,1,1,2,49,125,122,87
NA,"Bacillota","Clostridia","Eubacteriales","Clostridiaceae","Clostridium","Clostridium aceticum","Clostridium aceticum",674,2,3,1,1,3,4,7,3
NA,"Bacillota","Clostridia","Eubacteriales","Clostridiaceae","Clostridium","Clostridium acetobutylicum","Clostridium acetobutylicum",675,2,NA,2,2,4,6,10,8
NA,"Bacillota","Clostridia","Eubacteriales","Clostridiaceae","Clostridium","Clostridium autoethanogenum","Clostridium autoethanogenum",676,1,NA,2,1,4,2,12,9
NA,"Bacillota","Clostridia","Eubacteriales","Clostridiaceae","Clostridium","Clostridium baratii","Clostridium baratii",677,5,1,1,2,11,5,11,6
NA,"Bacillota","Clostridia","Eubacteriales","Clostridiaceae","Clostridium","Clostridium beijerinckii","Clostridium beijerinckii",678,4,3,4,6,11,18,19,9
NA,"Bacillota","Clostridia","Eubacteriales","Clostridiaceae","Clostridium","Clostridium bornimense","Clostridium bornimense",679,2,2,5,1,3,8,12,10
NA,"Bacillota","Clostridia","Eubacteriales","Clostridiaceae","Clostridium","Clostridium botulinum","Clostridium botulinum",680,11,7,5,9,15,36,36,34
NA,"Bacillota","Clostridia","Eubacteriales","Clostridiaceae","Clostridium","Clostridium butyricum","Clostridium butyricum",681,6,3,1,9,7,13,8,12
NA,"Bacillota","Clostridia","Eubacteriales","Clostridiaceae","Clostridium","Clostridium carboxidivorans","Clostridium carboxidivorans",682,1,4,3,NA,6,12,8,10
NA,"Bacillota","Clostridia","Eubacteriales","Clostridiaceae","Clostridium","Clostridium cellulovorans","Clostridium cellulovorans",683,5,3,4,1,7,19,17,20
NA,"Bacillota","Clostridia","Eubacteriales","Clostridiaceae","Clostridium","Clostridium formicaceticum","Clostridium formicaceticum",684,2,2,2,4,6,8,8,6
NA,"Bacillota","Clostridia","Eubacteriales","Clostridiaceae","Clostridium","Clostridium kluyveri","Clostridium kluyveri",685,4,2,6,10,5,14,8,9
NA,"Bacillota","Clostridia","Eubacteriales","Clostridiaceae","Clostridium","Clostridium ljungdahlii","Clostridium ljungdahlii",686,NA,NA,2,1,3,2,14,9
NA,"Bacillota","Clostridia","Eubacteriales","Clostridiaceae","Clostridium","Clostridium novyi","Clostridium novyi",687,NA,1,2,3,3,5,4,7
NA,"Bacillota","Clostridia","Eubacteriales","Clostridiaceae","Clostridium","Clostridium pasteurianum","Clostridium pasteurianum",688,7,5,2,13,13,20,26,22
NA,"Bacillota","Clostridia","Eubacteriales","Clostridiaceae","Clostridium","Clostridium perfringens","Clostridium perfringens",689,1,3,1,2,10,16,12,9
NA,"Uroviricota","Caudoviricetes","c_Caudoviricetes","c_Caudoviricetes","c_Caudoviricetes","Clostridium phage phiSM101","Clostridium phage phiSM101",690,NA,NA,1,1,NA,NA,NA,NA
NA,"Bacillota","Clostridia","Eubacteriales","Clostridiaceae","Clostridium","Clostridium saccharobutylicum","Clostridium saccharobutylicum",691,3,1,5,2,6,15,17,3
NA,"Bacillota","Clostridia","Eubacteriales","Clostridiaceae","Clostridium","Clostridium saccharoperbutylacetonicum","Clostridium saccharoperbutylacetonicum",692,5,4,3,3,6,12,13,6
NA,"Bacillota","Clostridia","Eubacteriales","Clostridiaceae","Clostridium","Clostridium scatologenes","Clostridium scatologenes",693,3,2,3,3,4,16,13,8
NA,"Bacillota","Clostridia","Eubacteriales","Clostridiaceae","Clostridium","Clostridium sp. BNL1100","Clostridium sp. BNL1100",694,2,5,9,5,5,8,14,11
NA,"Bacillota","Clostridia","Eubacteriales","Clostridiaceae","Clostridium","Clostridium sp. SY8519","Clostridium sp. SY8519",695,21,29,26,39,30,97,65,84
NA,"Bacillota","Clostridia","Eubacteriales","Clostridiaceae","Clostridium","Clostridium sporogenes","Clostridium sporogenes",696,1,2,2,7,1,9,5,4
NA,"Bacillota","Clostridia","Eubacteriales","Clostridiaceae","Clostridium","Clostridium taeniosporum","Clostridium taeniosporum",697,2,1,2,1,3,7,8,3
NA,"Bacillota","Clostridia","Eubacteriales","Clostridiaceae","Clostridium","Clostridium tetani","Clostridium tetani",698,1,2,2,4,8,18,15,17
NA,"Bacillota","Clostridia","Eubacteriales","Clostridiaceae","Clostridium","Clostridium tyrobutyricum","Clostridium tyrobutyricum",699,1,NA,3,3,6,8,9,7
NA,"Uroviricota","Caudoviricetes","c_Caudoviricetes","c_Caudoviricetes","Colneyvirus","Colneyvirus CD27","Colneyvirus CD27",700,NA,NA,NA,NA,1,NA,NA,NA
NA,"Pseudomonadota","Betaproteobacteria","Burkholderiales","Oxalobacteraceae","Collimonas","g_Collimonas","Collimonas",701,NA,2,NA,NA,NA,NA,NA,NA
NA,"Pseudomonadota","Betaproteobacteria","Burkholderiales","Oxalobacteraceae","Collimonas","Collimonas arenae","Collimonas arenae",702,3,2,5,5,2,7,4,3
NA,"Pseudomonadota","Betaproteobacteria","Burkholderiales","Oxalobacteraceae","Collimonas","Collimonas fungivorans","Collimonas fungivorans",703,4,7,11,8,6,1,3,3
NA,"Pseudomonadota","Betaproteobacteria","Burkholderiales","Oxalobacteraceae","Collimonas","Collimonas pratensis","Collimonas pratensis",704,4,3,2,7,3,6,5,5
NA,"Pseudomonadota","Gammaproteobacteria","Alteromonadales","Colwelliaceae","Colwellia","Colwellia psychrerythraea","Colwellia psychrerythraea",705,NA,1,3,NA,2,4,1,1
NA,"Pseudomonadota","Gammaproteobacteria","Alteromonadales","Colwelliaceae","Colwellia","Colwellia sp. MT41","Colwellia sp. MT41",706,1,NA,3,NA,NA,2,1,NA
NA,"Pseudomonadota","Gammaproteobacteria","Alteromonadales","Colwelliaceae","Colwellia","Colwellia sp. PAMC 20917","Colwellia sp. PAMC 20917",707,4,2,1,NA,3,2,1,NA
NA,"Pseudomonadota","Betaproteobacteria","Burkholderiales","Comamonadaceae","f_Comamonadaceae","f_Comamonadaceae","Comamonadaceae",708,NA,NA,NA,1,NA,NA,NA,NA
NA,"Pseudomonadota","Betaproteobacteria","Burkholderiales","Comamonadaceae","Serpentinimonas","Serpentinimonas raichei","Comamonadaceae bacterium A1",709,2,7,3,4,2,NA,2,3
NA,"Pseudomonadota","Betaproteobacteria","Burkholderiales","Comamonadaceae","Serpentinimonas","Serpentinimonas maccroryi","Comamonadaceae bacterium B1",710,4,8,3,2,2,1,1,4
NA,"Pseudomonadota","Betaproteobacteria","Burkholderiales","Comamonadaceae","Comamonas","Comamonas testosteroni","Comamonas testosteroni",711,10,16,10,16,6,5,10,13
NA,"Unknown","Naldaviricetes","Lefavirales","Baculoviridae","Alphabaculovirus","Alphabaculovirus covestigialis","Condylorrhiza vestigialis MNPV",712,NA,NA,NA,NA,NA,NA,NA,1
NA,"Actinomycetota","Thermoleophilia","Solirubrobacterales","Conexibacteraceae","Conexibacter","Conexibacter woesei","Conexibacter woesei",713,2,9,9,6,3,3,2,1
NA,"Pseudomonadota","Alphaproteobacteria","Rhodobacterales","Roseobacteraceae","Actibacterium","Actibacterium sp. EMB200-NS6","Confluentimicrobium sp. EMB200-NS6",714,2,4,3,NA,2,1,3,2
NA,"Coprothermobacterota","Coprothermobacteria","Coprothermobacterales","Coprothermobacteraceae","Coprothermobacter","Coprothermobacter proteolyticus","Coprothermobacter proteolyticus",715,3,2,3,7,3,NA,1,2
NA,"Verrucomicrobiota","Opitutia","Puniceicoccales","Coraliomargaritaceae","Coraliomargarita","Coraliomargarita akajimensis","Coraliomargarita akajimensis",716,1,1,2,2,1,1,4,3
NA,"Myxococcota","Myxococcia","Myxococcales","Myxococcaceae","Corallococcus","Corallococcus coralloides","Corallococcus coralloides",717,7,9,11,9,3,3,3,4
NA,"Actinomycetota","Coriobacteriia","Eggerthellales","Eggerthellaceae","Berryella","Berryella intestinalis","Coriobacteriaceae bacterium 68-1-3",718,19,25,37,35,11,14,24,18
NA,"Actinomycetota","Coriobacteriia","Coriobacteriales","Coriobacteriaceae","Coriobacterium","Coriobacterium glomerans","Coriobacterium glomerans",719,58,82,121,53,18,19,11,31
NA,"Actinomycetota","Actinomycetes","Mycobacteriales","o_Mycobacteriales","o_Mycobacteriales","o_Mycobacteriales","Mycobacteriales",720,NA,NA,NA,1,NA,NA,NA,NA
NA,"Actinomycetota","Actinomycetes","Mycobacteriales","Corynebacteriaceae","Corynebacterium","g_Corynebacterium","Corynebacterium",721,NA,NA,2,1,NA,1,1,1
NA,"Actinomycetota","Actinomycetes","Mycobacteriales","Corynebacteriaceae","Corynebacterium","Corynebacterium argentoratense","Corynebacterium argentoratense",722,NA,2,2,2,NA,NA,1,NA
NA,"Actinomycetota","Actinomycetes","Mycobacteriales","Corynebacteriaceae","Corynebacterium","Corynebacterium atypicum","Corynebacterium atypicum",723,NA,2,2,1,2,3,NA,3
NA,"Actinomycetota","Actinomycetes","Mycobacteriales","Corynebacteriaceae","Corynebacterium","Corynebacterium aurimucosum","Corynebacterium aurimucosum",724,4,5,7,7,5,4,2,1
NA,"Actinomycetota","Actinomycetes","Mycobacteriales","Corynebacteriaceae","Corynebacterium","Corynebacterium callunae","Corynebacterium callunae",725,8,6,5,7,3,1,2,1
NA,"Actinomycetota","Actinomycetes","Mycobacteriales","Corynebacteriaceae","Corynebacterium","Corynebacterium camporealensis","Corynebacterium camporealensis",726,3,2,3,2,NA,2,1,1
NA,"Actinomycetota","Actinomycetes","Mycobacteriales","Corynebacteriaceae","Corynebacterium","Corynebacterium casei","Corynebacterium casei",727,1,NA,1,3,NA,1,2,2
NA,"Actinomycetota","Actinomycetes","Mycobacteriales","Corynebacteriaceae","Corynebacterium","Corynebacterium deserti","Corynebacterium deserti",728,8,3,1,1,2,NA,1,NA
NA,"Actinomycetota","Actinomycetes","Mycobacteriales","Corynebacteriaceae","Corynebacterium","Corynebacterium diphtheriae","Corynebacterium diphtheriae",729,11,11,7,15,9,10,8,3
NA,"Actinomycetota","Actinomycetes","Mycobacteriales","Corynebacteriaceae","Corynebacterium","Corynebacterium doosanense","Corynebacterium doosanense",730,4,8,6,8,3,1,1,6
NA,"Actinomycetota","Actinomycetes","Mycobacteriales","Corynebacteriaceae","Corynebacterium","Corynebacterium efficiens","Corynebacterium efficiens",731,3,5,4,3,3,3,NA,6
NA,"Actinomycetota","Actinomycetes","Mycobacteriales","Corynebacteriaceae","Corynebacterium","Corynebacterium epidermidicanis","Corynebacterium epidermidicanis",732,1,NA,3,2,NA,1,2,NA
NA,"Actinomycetota","Actinomycetes","Mycobacteriales","Corynebacteriaceae","Corynebacterium","Corynebacterium falsenii","Corynebacterium falsenii",733,7,7,1,5,3,3,5,3
NA,"Actinomycetota","Actinomycetes","Mycobacteriales","Corynebacteriaceae","Corynebacterium","Corynebacterium glutamicum","Corynebacterium glutamicum",734,8,5,3,5,5,NA,2,3
NA,"Actinomycetota","Actinomycetes","Mycobacteriales","Corynebacteriaceae","Corynebacterium","Corynebacterium glyciniphilum","Corynebacterium glyciniphilum",735,2,2,3,4,2,2,1,4
NA,"Actinomycetota","Actinomycetes","Mycobacteriales","Corynebacteriaceae","Corynebacterium","Corynebacterium halotolerans","Corynebacterium halotolerans",736,2,1,4,2,3,NA,NA,1
NA,"Actinomycetota","Actinomycetes","Mycobacteriales","Corynebacteriaceae","Corynebacterium","Corynebacterium humireducens","Corynebacterium humireducens",737,4,NA,4,NA,NA,1,1,1
NA,"Actinomycetota","Actinomycetes","Mycobacteriales","Corynebacteriaceae","Corynebacterium","Corynebacterium imitans","Corynebacterium imitans",738,NA,3,2,NA,1,1,1,2
NA,"Actinomycetota","Actinomycetes","Mycobacteriales","Corynebacteriaceae","Corynebacterium","Corynebacterium jeikeium","Corynebacterium jeikeium",739,5,1,2,2,3,1,1,4
NA,"Actinomycetota","Actinomycetes","Mycobacteriales","Corynebacteriaceae","Corynebacterium","Corynebacterium kroppenstedtii","Corynebacterium kroppenstedtii",740,3,NA,4,1,2,NA,1,3
NA,"Actinomycetota","Actinomycetes","Mycobacteriales","Corynebacteriaceae","Corynebacterium","Corynebacterium kutscheri","Corynebacterium kutscheri",741,NA,NA,NA,1,1,NA,3,NA
NA,"Actinomycetota","Actinomycetes","Mycobacteriales","Corynebacteriaceae","Corynebacterium","Corynebacterium lactis","Corynebacterium lactis",742,3,5,4,4,NA,2,2,1
NA,"Actinomycetota","Actinomycetes","Mycobacteriales","Corynebacteriaceae","Corynebacterium","Corynebacterium marinum","Corynebacterium marinum",743,3,4,7,4,1,NA,2,NA
NA,"Actinomycetota","Actinomycetes","Mycobacteriales","Corynebacteriaceae","Corynebacterium","Corynebacterium maris","Corynebacterium maris",744,3,6,3,4,2,3,NA,5
NA,"Actinomycetota","Actinomycetes","Mycobacteriales","Corynebacteriaceae","Corynebacterium","Corynebacterium mustelae","Corynebacterium mustelae",745,1,1,5,3,2,1,1,2
NA,"Actinomycetota","Actinomycetes","Mycobacteriales","Corynebacteriaceae","Corynebacterium","Corynebacterium pseudotuberculosis","Corynebacterium pseudotuberculosis",746,5,1,1,1,2,1,2,2
NA,"Actinomycetota","Actinomycetes","Mycobacteriales","Corynebacteriaceae","Corynebacterium","Corynebacterium resistens","Corynebacterium resistens",747,NA,NA,NA,1,2,2,1,3
NA,"Actinomycetota","Actinomycetes","Mycobacteriales","Corynebacteriaceae","Corynebacterium","Corynebacterium simulans","Corynebacterium simulans",748,2,6,5,NA,4,5,NA,1
NA,"Actinomycetota","Actinomycetes","Mycobacteriales","Corynebacteriaceae","Corynebacterium","Corynebacterium singulare","Corynebacterium singulare",749,1,2,1,1,4,3,2,1
NA,"Actinomycetota","Actinomycetes","Mycobacteriales","Corynebacteriaceae","Corynebacterium","Corynebacterium sp. ATCC 6931","Corynebacterium sp. ATCC 6931",750,4,6,6,4,4,2,4,2
NA,"Actinomycetota","Actinomycetes","Mycobacteriales","Corynebacteriaceae","Corynebacterium","Corynebacterium crudilactis","Corynebacterium sp. JZ16",751,7,2,2,1,5,NA,2,NA
NA,"Actinomycetota","Actinomycetes","Mycobacteriales","Corynebacteriaceae","Corynebacterium","Corynebacterium sp. NML98-0116","Corynebacterium sp. NML98-0116",752,8,16,9,13,9,8,10,4
NA,"Actinomycetota","Actinomycetes","Mycobacteriales","Corynebacteriaceae","Corynebacterium","Corynebacterium stationis","Corynebacterium stationis",753,2,2,NA,1,3,2,NA,NA
NA,"Actinomycetota","Actinomycetes","Mycobacteriales","Corynebacteriaceae","Corynebacterium","Corynebacterium terpenotabidum","Corynebacterium terpenotabidum",754,3,5,7,4,1,3,1,2
NA,"Actinomycetota","Actinomycetes","Mycobacteriales","Corynebacteriaceae","Corynebacterium","Corynebacterium testudinoris","Corynebacterium testudinoris",755,2,2,5,4,1,1,NA,3
NA,"Actinomycetota","Actinomycetes","Mycobacteriales","Corynebacteriaceae","Corynebacterium","Corynebacterium ulcerans","Corynebacterium ulcerans",756,3,5,4,3,3,1,3,3
NA,"Actinomycetota","Actinomycetes","Mycobacteriales","Corynebacteriaceae","Corynebacterium","Corynebacterium urealyticum","Corynebacterium urealyticum",757,1,3,8,2,2,NA,2,2
NA,"Actinomycetota","Actinomycetes","Mycobacteriales","Corynebacteriaceae","Corynebacterium","Corynebacterium ureicelerivorans","Corynebacterium ureicelerivorans",758,NA,3,7,2,NA,1,1,4
NA,"Actinomycetota","Actinomycetes","Mycobacteriales","Corynebacteriaceae","Corynebacterium","Corynebacterium uterequi","Corynebacterium uterequi",759,1,4,5,1,NA,1,NA,2
NA,"Actinomycetota","Actinomycetes","Mycobacteriales","Corynebacteriaceae","Corynebacterium","Corynebacterium variabile","Corynebacterium variabile",760,2,2,2,NA,NA,2,1,2
NA,"Actinomycetota","Actinomycetes","Mycobacteriales","Corynebacteriaceae","Corynebacterium","Corynebacterium vitaeruminis","Corynebacterium vitaeruminis",761,4,10,4,4,NA,3,2,1
NA,"Nucleocytoviricota","Pokkesviricetes","Chitovirales","Poxviridae","Oryzopoxvirus","Oryzopoxvirus cotia","Cotia virus SPAn232",762,NA,NA,NA,NA,1,1,NA,NA
NA,"Pseudomonadota","Gammaproteobacteria","Legionellales","Coxiellaceae","Coxiella","Coxiella burnetii","Coxiella burnetii",763,1,3,NA,1,2,1,1,NA
NA,"Pseudomonadota","Gammaproteobacteria","Legionellales","Coxiellaceae","Coxiella","Coxiella endosymbiont of Amblyomma americanum","Coxiella endosymbiont of Amblyomma americanum",764,NA,NA,NA,NA,NA,1,1,NA
NA,"Pseudomonadota","Gammaproteobacteria","Legionellales","Coxiellaceae","f_Coxiellaceae","Coxiella-like endosymbiont","Coxiella-like endosymbiont",765,NA,NA,1,NA,1,NA,NA,NA
NA,"Cyanobacteriota","Cyanophyceae","Gomontiellales","Gomontiellaceae","Crinalium","Crinalium epipsammum","Crinalium epipsammum",766,1,1,2,NA,1,2,2,NA
NA,"Bacteroidota","Flavobacteriia","Flavobacteriales","Flavobacteriaceae","Croceibacter","Croceibacter atlanticus","Croceibacter atlanticus",767,3,2,1,2,NA,3,6,NA
NA,"Pseudomonadota","Alphaproteobacteria","Sphingomonadales","Erythrobacteraceae","Croceicoccus","Croceicoccus naphthovorans","Croceicoccus naphthovorans",768,5,5,NA,3,1,4,NA,4
NA,"Pseudomonadota","Gammaproteobacteria","Enterobacterales","Enterobacteriaceae","Cronobacter","g_Cronobacter","Cronobacter",769,NA,1,NA,NA,1,NA,NA,NA
NA,"Pseudomonadota","Gammaproteobacteria","Enterobacterales","Enterobacteriaceae","Cronobacter","Cronobacter condimenti","Cronobacter condimenti",770,7,7,3,6,2,2,5,1
NA,"Pseudomonadota","Gammaproteobacteria","Enterobacterales","Enterobacteriaceae","Cronobacter","Cronobacter dublinensis","Cronobacter dublinensis",771,3,3,6,4,3,1,4,1
NA,"Pseudomonadota","Gammaproteobacteria","Enterobacterales","Enterobacteriaceae","Cronobacter","Cronobacter malonaticus","Cronobacter malonaticus",772,2,4,2,4,4,1,3,NA
NA,"Pseudomonadota","Gammaproteobacteria","Enterobacterales","Enterobacteriaceae","Cronobacter","Cronobacter muytjensii","Cronobacter muytjensii",773,3,2,2,4,3,1,5,1
NA,"Uroviricota","Caudoviricetes","c_Caudoviricetes","c_Caudoviricetes","c_Caudoviricetes","Cronobacter phage ENT39118","Cronobacter phage ENT39118",774,NA,NA,NA,NA,NA,NA,1,NA
NA,"Pseudomonadota","Gammaproteobacteria","Enterobacterales","Enterobacteriaceae","Cronobacter","Cronobacter sakazakii","Cronobacter sakazakii",775,2,5,2,8,4,3,6,3
NA,"Pseudomonadota","Gammaproteobacteria","Enterobacterales","Enterobacteriaceae","Cronobacter","Cronobacter turicensis","Cronobacter turicensis",776,6,6,3,4,6,4,3,2
NA,"Pseudomonadota","Gammaproteobacteria","Enterobacterales","Enterobacteriaceae","Cronobacter","Cronobacter universalis","Cronobacter universalis",777,4,7,8,8,2,5,3,4
NA,"Actinomycetota","Actinomycetes","Micrococcales","Microbacteriaceae","Cryobacterium","Cryobacterium arcticum","Cryobacterium arcticum",778,2,1,NA,1,4,1,NA,2
NA,"Actinomycetota","Coriobacteriia","Eggerthellales","Eggerthellaceae","Cryptobacterium","Cryptobacterium curtum","Cryptobacterium curtum",779,5,3,7,6,2,2,2,8
NA,"Pseudomonadota","Betaproteobacteria","Burkholderiales","Burkholderiaceae","Cupriavidus","g_Cupriavidus","Cupriavidus",780,NA,2,1,1,NA,NA,NA,1
NA,"Pseudomonadota","Betaproteobacteria","Burkholderiales","Burkholderiaceae","Cupriavidus","Cupriavidus basilensis","Cupriavidus basilensis",781,NA,2,5,8,7,10,51,15
NA,"Pseudomonadota","Betaproteobacteria","Burkholderiales","Burkholderiaceae","Cupriavidus","Cupriavidus gilardii","Cupriavidus gilardii",782,5,4,5,3,4,3,14,5
NA,"Pseudomonadota","Betaproteobacteria","Burkholderiales","Burkholderiaceae","Cupriavidus","Cupriavidus metallidurans","Cupriavidus metallidurans",783,2,4,7,7,119,328,1552,463
NA,"Pseudomonadota","Betaproteobacteria","Burkholderiales","Burkholderiaceae","Cupriavidus","Cupriavidus necator","Cupriavidus necator",784,7,6,6,10,6,10,17,6
NA,"Pseudomonadota","Betaproteobacteria","Burkholderiales","Burkholderiaceae","Cupriavidus","Cupriavidus pinatubonensis","Cupriavidus pinatubonensis",785,1,5,5,4,2,3,12,9
NA,"Pseudomonadota","Betaproteobacteria","Burkholderiales","Burkholderiaceae","Cupriavidus","Cupriavidus malaysiensis","Cupriavidus sp. USMAA1020",786,5,13,15,6,7,1,8,6
NA,"Pseudomonadota","Betaproteobacteria","Burkholderiales","Burkholderiaceae","Cupriavidus","Cupriavidus sp. USMAA2-4","Cupriavidus sp. USMAA2-4",787,6,14,10,11,6,7,24,14
NA,"Pseudomonadota","Betaproteobacteria","Burkholderiales","Burkholderiaceae","Cupriavidus","Cupriavidus sp. USMAHM13","Cupriavidus sp. USMAHM13",788,6,6,14,7,6,1,5,5
NA,"Actinomycetota","Actinomycetes","Micrococcales","Microbacteriaceae","Curtobacterium","Curtobacterium sp. BH-2-1-1","Curtobacterium sp. BH-2-1-1",789,NA,4,4,3,2,NA,1,1
NA,"Actinomycetota","Actinomycetes","Micrococcales","Microbacteriaceae","Curtobacterium","Curtobacterium sp. MR_MD2014","Curtobacterium sp. MR_MD2014",790,3,1,1,3,2,1,3,3
NA,"Actinomycetota","Actinomycetes","Propionibacteriales","Propionibacteriaceae","Cutibacterium","Cutibacterium avidum","Cutibacterium avidum",791,10,8,11,5,6,NA,2,3
NA,"Cyanobacteriota","Cyanophyceae","Chroococcales","Geminocystaceae","Cyanobacterium","Cyanobacterium aponinum","Cyanobacterium aponinum",792,2,2,NA,4,2,2,2,6
NA,"Cyanobacteriota","p_Cyanobacteriota","p_Cyanobacteriota","p_Cyanobacteriota","p_Cyanobacteriota","cyanobacterium endosymbiont of Epithemia turgida","cyanobacterium endosymbiont of Epithemia turgida",793,2,NA,1,2,NA,NA,1,NA
NA,"Cyanobacteriota","Cyanophyceae","Synechococcales","Prochlorococcaceae","Cyanobium","Cyanobium gracile","Cyanobium gracile",794,4,4,2,8,1,4,1,4
NA,"Uroviricota","Caudoviricetes","Pantevenvirales","Kyanoviridae","Emcearvirus","Emcearvirus gerard","Cyanophage P-RSM1",795,NA,NA,NA,NA,NA,NA,NA,1
NA,"Uroviricota","Caudoviricetes","c_Caudoviricetes","c_Caudoviricetes","c_Caudoviricetes","Cyanophage PSS2","Cyanophage PSS2",796,NA,NA,NA,NA,NA,NA,1,NA
NA,"Cyanobacteriota","Cyanophyceae","Chroococcales","Aphanothecaceae","Crocosphaera","Crocosphaera subtropica","Cyanothece sp. ATCC 51142",797,NA,NA,NA,NA,2,NA,1,NA
NA,"Cyanobacteriota","Cyanophyceae","Chroococcales","Aphanothecaceae","Gloeothece","Gloeothece citriformis","Cyanothece sp. PCC 7424",798,1,2,1,2,2,5,3,2
NA,"Cyanobacteriota","Cyanophyceae","Gomontiellales","Cyanothecaceae","Cyanothece","Cyanothece sp. PCC 7425","Cyanothece sp. PCC 7425",799,3,NA,NA,NA,1,1,NA,NA
NA,"Cyanobacteriota","Cyanophyceae","Chroococcales","Aphanothecaceae","Gloeothece","Gloeothece verrucosa","Cyanothece sp. PCC 7822",800,1,1,NA,NA,1,NA,NA,NA
NA,"Cyanobacteriota","Cyanophyceae","Chroococcales","Aphanothecaceae","Rippkaea","Rippkaea orientalis","Cyanothece sp. PCC 8801",801,2,NA,2,NA,2,1,3,1
NA,"Cyanobacteriota","Cyanophyceae","Chroococcales","Aphanothecaceae","Rippkaea","Rippkaea orientalis","Cyanothece sp. PCC 8802",802,2,NA,1,NA,2,1,2,1
NA,"Bacteroidota","Cytophagia","Cytophagales","Cyclobacteriaceae","Cyclobacterium","Cyclobacterium amurskyense","Cyclobacterium amurskyense",803,8,7,4,8,6,2,1,6
NA,"Bacteroidota","Cytophagia","Cytophagales","Cyclobacteriaceae","Cyclobacterium","Cyclobacterium marinum","Cyclobacterium marinum",804,NA,1,2,2,5,7,4,3
NA,"Pseudomonadota","Gammaproteobacteria","Thiotrichales","Piscirickettsiaceae","Cycloclasticus","Cycloclasticus sp. P1","Cycloclasticus sp. P1",805,NA,NA,1,1,2,2,1,NA
NA,"Pseudomonadota","Gammaproteobacteria","Thiotrichales","Piscirickettsiaceae","Cycloclasticus","Cycloclasticus zancles","Cycloclasticus zancles",806,4,1,NA,1,1,2,1,2
NA,"Bacteroidota","Cytophagia","Cytophagales","Cytophagaceae","Cytophaga","Cytophaga hutchinsonii","Cytophaga hutchinsonii",807,7,6,5,2,7,8,5,3
NA,"Cyanobacteriota","Cyanophyceae","Nodosilineales","Cymatolegaceae","Dactylococcopsis","Dactylococcopsis salina","Dactylococcopsis salina",808,NA,NA,NA,1,1,3,NA,1
NA,"Pseudomonadota","Betaproteobacteria","Rhodocyclales","Azonexaceae","Dechloromonas","Dechloromonas aromatica (nom. nud.)","Dechloromonas aromatica (nom. nud.)",809,2,NA,1,3,3,1,3,3
NA,"Deferribacterota","Deferribacteres","Deferribacterales","Deferribacteraceae","Deferribacter","Deferribacter desulfuricans","Deferribacter desulfuricans",810,1,2,2,NA,1,4,3,4
NA,"Pseudomonadota","Alphaproteobacteria","Rhodobacterales","Paracoccaceae","Frigidibacter","Frigidibacter mobilis","Defluviimonas alba",811,7,4,2,5,4,NA,1,1
NA,"Thermotogota","Thermotogae","Petrotogales","Petrotogaceae","Defluviitoga","Defluviitoga tunisiensis","Defluviitoga tunisiensis",812,1,NA,NA,NA,2,2,NA,1
NA,"Bacillota","Clostridia","Eubacteriales","Desulfitobacteriaceae","Dehalobacter","Dehalobacter restrictus","Dehalobacter restrictus",813,3,3,1,1,3,9,6,3
NA,"Bacillota","Clostridia","Eubacteriales","Desulfitobacteriaceae","Dehalobacter","Dehalobacter sp. CF","Dehalobacter sp. CF",814,4,5,2,2,3,8,8,2
NA,"Bacillota","Clostridia","Eubacteriales","Desulfitobacteriaceae","Dehalobacter","Dehalobacter sp. DCA","Dehalobacter sp. DCA",815,3,4,2,2,3,8,8,2
NA,"Chloroflexota","Dehalococcoidia","Dehalococcoidales","Dehalococcoidaceae","Dehalococcoides","Dehalococcoides mccartyi","Dehalococcoides mccartyi",816,7,1,4,3,5,2,2,3
NA,"Chloroflexota","Dehalococcoidia","Dehalococcoidales","Dehalococcoidaceae","Dehalococcoides","Dehalococcoides sp. UCH007","Dehalococcoides sp. UCH007",817,1,NA,3,1,NA,1,NA,1
NA,"Chloroflexota","Dehalococcoidia","Dehalococcoidales","Dehalococcoidaceae","Dehalogenimonas","Dehalogenimonas lykanthroporepellens","Dehalogenimonas lykanthroporepellens",818,3,3,NA,5,1,NA,NA,2
NA,"Deinococcota","Deinococci","Deinococcales","Deinococcaceae","Deinococcus","g_Deinococcus","Deinococcus",819,NA,1,1,NA,NA,NA,NA,NA
NA,"Deinococcota","Deinococci","Deinococcales","Deinococcaceae","Deinococcus","Deinococcus actinosclerus","Deinococcus actinosclerus",820,3,8,4,6,3,1,2,2
NA,"Deinococcota","Deinococci","Deinococcales","Deinococcaceae","Deinococcus","Deinococcus deserti","Deinococcus deserti",821,5,3,2,4,NA,4,1,3
NA,"Deinococcota","Deinococci","Deinococcales","Deinococcaceae","Deinococcus","Deinococcus geothermalis","Deinococcus geothermalis",822,3,2,1,4,2,3,4,4
NA,"Deinococcota","Deinococci","Deinococcales","Deinococcaceae","Deinococcus","Deinococcus gobiensis","Deinococcus gobiensis",823,5,9,6,7,4,4,6,11
NA,"Deinococcota","Deinococci","Deinococcales","Deinococcaceae","Deinococcus","Deinococcus maricopensis","Deinococcus maricopensis",824,4,5,7,7,1,2,2,NA
NA,"Deinococcota","Deinococci","Deinococcales","Deinococcaceae","Deinococcus","Deinococcus peraridilitoris","Deinococcus peraridilitoris",825,NA,5,3,1,4,1,3,NA
NA,"Deinococcota","Deinococci","Deinococcales","Deinococcaceae","Deinococcus","Deinococcus proteolyticus","Deinococcus proteolyticus",826,6,3,5,3,3,3,2,4
NA,"Deinococcota","Deinococci","Deinococcales","Deinococcaceae","Deinococcus","Deinococcus puniceus","Deinococcus puniceus",827,1,2,6,8,2,1,2,NA
NA,"Deinococcota","Deinococci","Deinococcales","Deinococcaceae","Deinococcus","Deinococcus radiodurans","Deinococcus radiodurans",828,4,5,2,3,NA,2,3,3
NA,"Deinococcota","Deinococci","Deinococcales","Deinococcaceae","Deinococcus","Deinococcus radiopugnans","Deinococcus radiopugnans",829,8,9,5,11,2,3,3,3
NA,"Pseudomonadota","Betaproteobacteria","Burkholderiales","Comamonadaceae","Delftia","Delftia acidovorans","Delftia acidovorans",830,8,19,13,8,10,6,13,5
NA,"Uroviricota","Caudoviricetes","c_Caudoviricetes","Schitoviridae","Dendoorenvirus","Dendoorenvirus RG2014","Delftia phage RG-2014",831,NA,NA,NA,NA,NA,NA,1,NA
NA,"Pseudomonadota","Betaproteobacteria","Burkholderiales","Comamonadaceae","Delftia","Delftia sp. Cs1-4","Delftia sp. Cs1-4",832,9,12,6,9,5,7,7,4
NA,"Pseudomonadota","Betaproteobacteria","Burkholderiales","Comamonadaceae","Delftia","Delftia tsuruhatensis","Delftia tsuruhatensis",833,7,10,8,7,7,8,9,3
NA,"Actinomycetota","Coriobacteriia","Eggerthellales","Eggerthellaceae","Denitrobacterium","Denitrobacterium detoxificans","Denitrobacterium detoxificans",834,21,28,40,31,16,24,29,20
NA,"Deferribacterota","Deferribacteres","Deferribacterales","Geovibrionaceae","Denitrovibrio","Denitrovibrio acetiphilus","Denitrovibrio acetiphilus",835,NA,NA,NA,NA,2,1,6,2
NA,"Actinomycetota","Actinomycetes","Micrococcales","Dermabacteraceae","Dermabacter","Dermabacter vaginalis","Dermabacter vaginalis",836,1,1,3,2,1,1,1,2
NA,"Actinomycetota","Actinomycetes","Micrococcales","Dermacoccaceae","f_Dermacoccaceae","f_Dermacoccaceae","Dermacoccaceae",837,NA,NA,NA,1,NA,NA,NA,NA
NA,"Actinomycetota","Actinomycetes","Micrococcales","Dermacoccaceae","Dermacoccus","Dermacoccus nishinomiyaensis","Dermacoccus nishinomiyaensis",838,2,3,2,3,2,3,2,4
NA,"Thermodesulfobacteriota","Desulfarculia","Desulfarculales","Desulfarculaceae","Desulfarculus","Desulfarculus baarsii","Desulfarculus baarsii",839,5,7,12,8,5,5,7,4
NA,"Thermodesulfobacteriota","Desulfobacteria","Desulfobacterales","Desulfatibacillaceae","Desulfatibacillum","Desulfatibacillum alkenivorans","Desulfatibacillum alkenivorans",840,2,2,4,3,2,2,3,1
NA,"Bacillota","Clostridia","Eubacteriales","Desulfitobacteriaceae","Desulfitobacterium","Desulfitobacterium dehalogenans","Desulfitobacterium dehalogenans",841,NA,1,2,6,6,8,8,7
NA,"Bacillota","Clostridia","Eubacteriales","Desulfitobacteriaceae","Desulfitobacterium","Desulfitobacterium dichloroeliminans","Desulfitobacterium dichloroeliminans",842,1,NA,3,6,6,5,11,6
NA,"Bacillota","Clostridia","Eubacteriales","Desulfitobacteriaceae","Desulfitobacterium","Desulfitobacterium hafniense","Desulfitobacterium hafniense",843,4,5,3,10,7,5,11,9
NA,"Bacillota","Clostridia","Eubacteriales","Desulfitobacteriaceae","Desulfitobacterium","Desulfitobacterium metallireducens","Desulfitobacterium metallireducens",844,5,3,3,2,3,5,4,3
NA,"Thermodesulfobacteriota","Desulfobaccia","Desulfobaccales","Desulfobaccaceae","Desulfobacca","Desulfobacca acetoxidans","Desulfobacca acetoxidans",845,NA,3,3,1,1,1,1,2
NA,"Thermodesulfobacteriota","Desulfobacteria","Desulfobacterales","Desulfobacteraceae","Desulforapulum","Desulforapulum autotrophicum","Desulforapulum autotrophicum",846,4,NA,1,4,5,3,NA,2
NA,"Thermodesulfobacteriota","Desulfobacteria","Desulfobacterales","Desulfobacteraceae","Desulfobacula","Desulfobacula toluolica","Desulfobacula toluolica",847,NA,3,NA,NA,1,3,5,1
NA,"Thermodesulfobacteriota","Desulfobulbia","Desulfobulbales","Desulfobulbaceae","Desulfobulbus","Desulfobulbus propionicus","Desulfobulbus propionicus",848,5,6,5,8,2,8,2,6
NA,"Thermodesulfobacteriota","Desulfobulbia","Desulfobulbales","Desulfocapsaceae","Desulfocapsa","Desulfocapsa sulfexigens","Desulfocapsa sulfexigens",849,5,1,4,1,4,3,3,NA
NA,"Thermodesulfobacteriota","Desulfobacteria","Desulfobacterales","Desulfococcaceae","Desulfococcus","Desulfococcus multivorans","Desulfococcus multivorans",850,2,2,5,7,1,2,2,6
NA,"Thermodesulfobacteriota","Desulfobacteria","Desulfobacterales","Desulfosudaceae","Desulfosudis","Desulfosudis oleivorans","Desulfosudis oleivorans",851,2,4,3,3,3,NA,2,3
NA,"Thermodesulfobacteriota","Desulfovibrionia","Desulfovibrionales","Desulfohalobiaceae","Desulfohalobium","Desulfohalobium retbaense","Desulfohalobium retbaense",852,3,1,3,3,3,1,4,1
NA,"Thermodesulfobacteriota","Desulfovibrionia","Desulfovibrionales","Desulfomicrobiaceae","Desulfomicrobium","Desulfomicrobium baculatum","Desulfomicrobium baculatum",853,2,4,6,6,4,NA,4,4
NA,"Thermodesulfobacteriota","Desulfovibrionia","Desulfovibrionales","Desulfomicrobiaceae","Desulfomicrobium","Desulfomicrobium orale","Desulfomicrobium orale",854,1,4,5,1,3,2,3,7
NA,"Thermodesulfobacteriota","Desulfomonilia","Desulfomonilales","Desulfomonilaceae","Desulfomonile","Desulfomonile tiedjei","Desulfomonile tiedjei",855,3,3,1,2,3,2,3,1
NA,"Bacillota","Clostridia","Eubacteriales","Desulfitobacteriaceae","Desulfosporosinus","Desulfosporosinus acidiphilus","Desulfosporosinus acidiphilus",856,2,1,NA,2,3,6,NA,3
NA,"Bacillota","Clostridia","Eubacteriales","Desulfitobacteriaceae","Desulfosporosinus","Desulfosporosinus meridiei","Desulfosporosinus meridiei",857,2,1,1,3,4,4,3,5
NA,"Bacillota","Clostridia","Eubacteriales","Desulfitobacteriaceae","Desulfosporosinus","Desulfosporosinus orientis","Desulfosporosinus orientis",858,NA,NA,2,1,3,6,6,4
NA,"Thermodesulfobacteriota","Desulfobulbia","Desulfobulbales","Desulfocapsaceae","Desulfotalea","Desulfotalea psychrophila","Desulfotalea psychrophila",859,3,1,3,NA,5,1,2,NA
NA,"Bacillota","Clostridia","Eubacteriales","Peptococcaceae","Desulfofarcimen","Desulfofarcimen acetoxidans","Desulfofarcimen acetoxidans",860,3,3,4,2,4,6,7,3
NA,"Bacillota","Clostridia","Eubacteriales","Desulfallaceae","Desulfoscipio","Desulfoscipio gibsoniae","Desulfoscipio gibsoniae",861,2,9,5,5,4,5,6,6
NA,"Bacillota","Clostridia","Eubacteriales","Peptococcaceae","Desulfofundulus","Desulfofundulus kuznetsovii","Desulfofundulus kuznetsovii",862,3,6,8,5,3,1,2,1
NA,"Bacillota","Clostridia","Eubacteriales","Desulfotomaculaceae","Desulfotomaculum","Desulfotomaculum nigrificans","Desulfotomaculum nigrificans",863,1,1,NA,2,2,NA,1,2
NA,"Bacillota","Clostridia","Eubacteriales","Peptococcaceae","Desulforamulus","Desulforamulus reducens","Desulforamulus reducens",864,2,NA,3,3,2,2,5,6
NA,"Bacillota","Clostridia","Eubacteriales","Peptococcaceae","Desulforamulus","Desulforamulus ruminis","Desulforamulus ruminis",865,1,8,4,2,6,3,6,8
NA,"Thermodesulfobacteriota","Desulfovibrionia","Desulfovibrionales","Desulfovibrionaceae","Desulfovibrio","g_Desulfovibrio","Desulfovibrio",866,NA,1,NA,1,NA,NA,NA,1
NA,"Thermodesulfobacteriota","Desulfovibrionia","Desulfovibrionales","Desulfovibrionaceae","Pseudodesulfovibrio","Pseudodesulfovibrio aespoeensis","Pseudodesulfovibrio aespoeensis",867,5,8,2,5,2,3,6,5
NA,"Thermodesulfobacteriota","Desulfovibrionia","Desulfovibrionales","Desulfovibrionaceae","Desulfocurvibacter","Desulfocurvibacter africanus","Desulfocurvibacter africanus",868,4,6,6,5,4,3,3,3
NA,"Thermodesulfobacteriota","Desulfovibrionia","Desulfovibrionales","Desulfovibrionaceae","Oleidesulfovibrio","Oleidesulfovibrio alaskensis","Oleidesulfovibrio alaskensis",869,7,8,6,9,5,2,5,2
NA,"Thermodesulfobacteriota","Desulfovibrionia","Desulfovibrionales","Desulfovibrionaceae","Desulfovibrio","Desulfovibrio desulfuricans","Desulfovibrio desulfuricans",870,5,6,5,10,8,18,30,11
NA,"Thermodesulfobacteriota","Desulfovibrionia","Desulfovibrionales","Desulfovibrionaceae","Desulfovibrio","Desulfovibrio fairfieldensis","Desulfovibrio fairfieldensis",871,7,5,4,4,6,15,46,11
NA,"Thermodesulfobacteriota","Desulfovibrionia","Desulfovibrionales","Desulfovibrionaceae","Solidesulfovibrio","Solidesulfovibrio magneticus","Solidesulfovibrio magneticus",872,7,14,6,9,3,8,12,2
NA,"Thermodesulfobacteriota","Desulfovibrionia","Desulfovibrionales","Desulfovibrionaceae","Maridesulfovibrio","Maridesulfovibrio salexigens","Maridesulfovibrio salexigens",873,2,2,6,8,3,5,2,1
NA,"Thermodesulfobacteriota","Desulfovibrionia","Desulfovibrionales","Desulfovibrionaceae","Pseudodesulfovibrio","Pseudodesulfovibrio indicus","Desulfovibrio sp. J2",874,6,6,10,2,2,6,3,5
NA,"Thermodesulfobacteriota","Desulfovibrionia","Desulfovibrionales","Desulfovibrionaceae","Nitratidesulfovibrio","Nitratidesulfovibrio vulgaris","Nitratidesulfovibrio vulgaris",875,14,16,13,16,8,11,34,17
NA,"Thermodesulfobacteriota","Desulfovibrionia","Desulfovibrionales","Desulfovibrionaceae","f_Desulfovibrionaceae","f_Desulfovibrionaceae","Desulfovibrionaceae",876,NA,NA,NA,1,NA,NA,NA,NA
NA,"Campylobacterota","Desulfurellia","Desulfurellales","Desulfurellaceae","Desulfurella","Desulfurella acetivorans","Desulfurella acetivorans",877,1,1,NA,NA,2,1,4,NA
NA,"Chrysiogenota","Chrysiogenia","Chrysiogenales","Chrysiogenaceae","Desulfurispirillum","Desulfurispirillum indicum","Desulfurispirillum indicum",878,3,5,5,9,3,1,4,3
NA,"Thermodesulfobacteriota","Desulfobulbia","Desulfobulbales","Desulfobulbaceae","Desulfurivibrio","g_Desulfurivibrio","Desulfurivibrio",879,NA,1,NA,NA,NA,NA,NA,NA
NA,"Thermodesulfobacteriota","Desulfobulbia","Desulfobulbales","Desulfobulbaceae","Desulfurivibrio","Desulfurivibrio alkaliphilus","Desulfurivibrio alkaliphilus",880,4,5,10,9,2,1,4,2
NA,"Aquificota","Aquificia","Desulfurobacteriales","Desulfurobacteriaceae","Desulfurobacterium","Desulfurobacterium thermolithotrophum","Desulfurobacterium thermolithotrophum",881,NA,1,NA,4,1,2,4,NA
NA,"Thermoproteota","Thermoprotei","Desulfurococcales","Desulfurococcaceae","Desulfurococcus","Desulfurococcus amylolyticus","Desulfurococcus amylolyticus",882,1,NA,NA,NA,NA,NA,NA,NA
NA,"Thermoproteota","Thermoprotei","Desulfurococcales","Desulfurococcaceae","Desulfurococcus","Desulfurococcus mucosus","Desulfurococcus mucosus",883,NA,NA,NA,NA,NA,NA,NA,1
NA,"Thermodesulfobacteriota","Desulfuromonadia","Desulfuromonadales","Desulfuromonadaceae","Desulfuromonas","g_Desulfuromonas","Desulfuromonas",884,NA,NA,2,NA,NA,NA,1,NA
NA,"Thermodesulfobacteriota","Desulfuromonadia","Desulfuromonadales","Desulfuromonadaceae","Desulfuromonas","Desulfuromonas soudanensis","Desulfuromonas soudanensis",885,3,7,6,3,3,4,1,2
NA,"Thermodesulfobacteriota","Desulfuromonadia","Desulfuromonadales","Desulfuromonadaceae","Desulfuromonas","Desulfuromonas sp. DDH964","Desulfuromonas sp. DDH964",886,8,9,3,5,4,3,3,3
NA,"Pseudomonadota","Alphaproteobacteria","Hyphomicrobiales","Devosiaceae","Devosia","Devosia sp. A16","Devosia sp. A16",887,7,9,1,3,4,3,3,3
NA,"Pseudomonadota","Alphaproteobacteria","Hyphomicrobiales","Devosiaceae","Devosia","Devosia sp. H5989","Devosia sp. H5989",888,3,6,10,6,2,3,2,4
NA,"Bacillota","Negativicutes","Veillonellales","Veillonellaceae","Dialister","Dialister pneumosintes","Dialister pneumosintes",889,1,NA,3,NA,2,4,8,3
NA,"Unknown","Naldaviricetes","Lefavirales","Baculoviridae","Betabaculovirus","Betabaculovirus disaccharalis","Diatraea saccharalis granulovirus",890,NA,NA,NA,1,2,NA,NA,1
NA,"Pseudomonadota","Gammaproteobacteria","Cardiobacteriales","Cardiobacteriaceae","Dichelobacter","Dichelobacter nodosus","Dichelobacter nodosus",891,NA,NA,NA,2,1,1,1,1
NA,"Pseudomonadota","Gammaproteobacteria","Enterobacterales","Pectobacteriaceae","Dickeya","Dickeya dadantii","Dickeya dadantii",892,2,3,4,3,2,3,2,1
NA,"Pseudomonadota","Gammaproteobacteria","Enterobacterales","Pectobacteriaceae","Dickeya","Dickeya solani","Dickeya solani",893,1,3,8,5,4,5,3,2
NA,"Pseudomonadota","Gammaproteobacteria","Enterobacterales","Pectobacteriaceae","Dickeya","Dickeya zeae","Dickeya zeae",894,4,7,5,6,8,4,5,3
NA,"Dictyoglomota","Dictyoglomia","Dictyoglomales","Dictyoglomaceae","Dictyoglomus","Dictyoglomus thermophilum","Dictyoglomus thermophilum",895,2,1,1,2,4,1,4,1
NA,"Dictyoglomota","Dictyoglomia","Dictyoglomales","Dictyoglomaceae","Dictyoglomus","Dictyoglomus turgidum","Dictyoglomus turgidum",896,NA,NA,NA,1,2,NA,3,NA
NA,"Pseudomonadota","Alphaproteobacteria","Rhodobacterales","Roseobacteraceae","Dinoroseobacter","Dinoroseobacter shibae","Dinoroseobacter shibae",897,1,1,1,2,2,2,1,3
NA,"Pseudomonadota","Gammaproteobacteria","Lysobacterales","Rhodanobacteraceae","Dokdonella","Dokdonella koreensis","Dokdonella koreensis",898,3,4,5,5,1,2,4,5
NA,"Bacteroidota","Flavobacteriia","Flavobacteriales","Flavobacteriaceae","Dokdonia","Dokdonia donghaensis","Dokdonia donghaensis",899,2,1,NA,2,6,NA,3,NA
NA,"Bacteroidota","Flavobacteriia","Flavobacteriales","Flavobacteriaceae","Dokdonia","Dokdonia sp. 4H-3-7-5","Dokdonia sp. 4H-3-7-5",900,3,2,1,NA,8,NA,2,3
NA,"Bacteroidota","Flavobacteriia","Flavobacteriales","Flavobacteriaceae","Dokdonia","Dokdonia sp. MED134","Dokdonia sp. MED134",901,NA,NA,NA,1,2,1,NA,NA
NA,"Bacteroidota","Bacteroidia","Marinilabiliales","Prolixibacteraceae","Draconibacterium","Draconibacterium orientale","Draconibacterium orientale",902,16,14,15,16,19,9,18,9
NA,"Bacteroidota","Cytophagia","Cytophagales","Spirosomataceae","Dyadobacter","Dyadobacter fermentans","Dyadobacter fermentans",903,7,8,6,10,9,3,8,8
NA,"Pseudomonadota","Gammaproteobacteria","Lysobacterales","Rhodanobacteraceae","Dyella","g_Dyella","Dyella",904,NA,NA,1,NA,NA,NA,NA,NA
NA,"Pseudomonadota","Gammaproteobacteria","Lysobacterales","Rhodanobacteraceae","Dyella","Dyella japonica","Dyella japonica",905,9,4,6,8,4,1,3,1
NA,"Pseudomonadota","Gammaproteobacteria","Lysobacterales","Rhodanobacteraceae","Dyella","Dyella jiangningensis","Dyella jiangningensis",906,8,4,5,2,2,1,2,4
NA,"Pseudomonadota","Gammaproteobacteria","Lysobacterales","Rhodanobacteraceae","Dyella","Dyella thiooxydans","Dyella thiooxydans",907,8,5,8,3,NA,1,4,6
NA,"Bacteroidota","Cytophagia","Cytophagales","Cyclobacteriaceae","Echinicola","Echinicola vietnamensis","Echinicola vietnamensis",908,10,6,12,11,12,5,4,6
NA,"Pseudomonadota","Gammaproteobacteria","Chromatiales","Ectothiorhodospiraceae","Ectothiorhodospira","g_Ectothiorhodospira","Ectothiorhodospira",909,NA,1,NA,NA,NA,NA,NA,NA
NA,"Pseudomonadota","Gammaproteobacteria","Chromatiales","Ectothiorhodospiraceae","Ectothiorhodospira","Ectothiorhodospira sp. BSL-9","Ectothiorhodospira sp. BSL-9",910,6,6,1,8,1,1,1,7
NA,"Pseudomonadota","Gammaproteobacteria","Chromatiales","Ectothiorhodospiraceae","f_Ectothiorhodospiraceae","f_Ectothiorhodospiraceae","Ectothiorhodospiraceae",911,NA,NA,NA,1,NA,NA,NA,NA
NA,"Pseudomonadota","Gammaproteobacteria","Enterobacterales","Hafniaceae","Edwardsiella","g_Edwardsiella","Edwardsiella
 
 <enterobacteria>
 
",912,NA,NA,NA,NA,NA,1,1,1
NA,"Pseudomonadota","Gammaproteobacteria","Enterobacterales","Hafniaceae","Edwardsiella","Edwardsiella anguillarum","Edwardsiella anguillarum",913,4,1,4,8,NA,3,9,6
NA,"Pseudomonadota","Gammaproteobacteria","Enterobacterales","Hafniaceae","Edwardsiella","Edwardsiella hoshinae","Edwardsiella hoshinae",914,1,4,2,5,3,2,1,4
NA,"Pseudomonadota","Gammaproteobacteria","Enterobacterales","Hafniaceae","Edwardsiella","Edwardsiella ictaluri","Edwardsiella ictaluri",915,1,NA,3,7,1,2,2,NA
NA,"Pseudomonadota","Gammaproteobacteria","Enterobacterales","Hafniaceae","Edwardsiella","Edwardsiella piscicida","Edwardsiella piscicida",916,2,1,2,4,NA,1,NA,3
NA,"Pseudomonadota","Gammaproteobacteria","Enterobacterales","Hafniaceae","Edwardsiella","Edwardsiella sp. EA181011","Edwardsiella sp. EA181011",917,NA,4,4,5,NA,2,2,1
NA,"Pseudomonadota","Gammaproteobacteria","Enterobacterales","Hafniaceae","Edwardsiella","Edwardsiella tarda","Edwardsiella tarda",918,6,5,7,9,4,3,4,5
NA,"Actinomycetota","Coriobacteriia","Eggerthellales","Eggerthellaceae","Eggerthella","g_Eggerthella","Eggerthella",919,NA,NA,NA,1,NA,NA,NA,1
NA,"Actinomycetota","Coriobacteriia","Eggerthellales","Eggerthellaceae","Eggerthella","Eggerthella lenta","Eggerthella lenta",920,17,48,69,35,76,190,1045,247
NA,"Actinomycetota","Coriobacteriia","Eggerthellales","Eggerthellaceae","Eggerthella","Eggerthella sp. YY7918","Eggerthella sp. YY7918",921,4,17,22,15,10,30,58,30
NA,"Pseudomonadota","Alphaproteobacteria","Rickettsiales","Anaplasmataceae","Ehrlichia","Ehrlichia canis","Ehrlichia canis",922,NA,NA,1,NA,NA,NA,NA,NA
NA,"Pseudomonadota","Alphaproteobacteria","Rickettsiales","Anaplasmataceae","Ehrlichia","Ehrlichia chaffeensis","Ehrlichia chaffeensis",923,2,NA,NA,NA,NA,NA,NA,NA
NA,"Pseudomonadota","Alphaproteobacteria","Rickettsiales","Anaplasmataceae","Ehrlichia","Ehrlichia muris","Ehrlichia muris",924,1,2,NA,1,1,NA,NA,NA
NA,"Pseudomonadota","Alphaproteobacteria","Rickettsiales","Anaplasmataceae","Ehrlichia","Ehrlichia ruminantium","Ehrlichia ruminantium",925,1,1,NA,1,3,1,NA,NA
NA,"Pseudomonadota","Alphaproteobacteria","Rickettsiales","Anaplasmataceae","Ehrlichia","Ehrlichia japonica","Ehrlichia sp. HF",926,NA,NA,NA,NA,NA,1,NA,1
NA,"Peploviricota","Herviviricetes","Herpesvirales","Orthoherpesviridae","Proboscivirus","Elephant endotheliotropic herpesvirus 4","Elephant endotheliotropic herpesvirus 4",927,NA,NA,NA,NA,NA,1,NA,NA
NA,"Bacteroidota","Flavobacteriia","Flavobacteriales","Weeksellaceae","Elizabethkingia","Elizabethkingia anophelis","Elizabethkingia anophelis",928,7,5,4,4,4,7,4,8
NA,"Bacteroidota","Flavobacteriia","Flavobacteriales","Weeksellaceae","Elizabethkingia","Elizabethkingia miricola","Elizabethkingia miricola",929,6,1,3,NA,7,7,9,10
NA,"Elusimicrobiota","Elusimicrobia","Elusimicrobiales","Elusimicrobiaceae","Elusimicrobium","Elusimicrobium minutum","Elusimicrobium minutum",930,1,3,NA,1,4,NA,NA,4
NA,"Bacteroidota","Cytophagia","Cytophagales","Leadbetterellaceae","Emticicia","Emticicia oligotrophica","Emticicia oligotrophica",931,12,8,4,7,6,3,3,3
NA,"Elusimicrobiota","Endomicrobiia","Endomicrobiales","Endomicrobiaceae","Endomicrobium","Endomicrobium proavitum","Endomicrobium proavitum",932,1,NA,2,1,NA,3,1,NA
NA,"Pseudomonadota","Alphaproteobacteria","Holosporales","Holosporaceae","f_Holosporaceae","endosymbiont of Acanthamoeba sp. UWC8","endosymbiont of Acanthamoeba sp. UWC8",933,2,NA,NA,NA,2,4,4,NA
NA,"Pseudomonadota","Gammaproteobacteria","c_Gammaproteobacteria","c_Gammaproteobacteria","c_Gammaproteobacteria","endosymbiont of unidentified scaly snail isolate Monju","endosymbiont of unidentified scaly snail isolate Monju",934,3,5,4,6,1,4,1,5
NA,"Pseudomonadota","Alphaproteobacteria","Hyphomicrobiales","Rhizobiaceae","Ensifer","Ensifer adhaerens","Ensifer adhaerens",935,3,5,2,9,3,1,2,5
NA,"Pseudomonadota","Gammaproteobacteria","Enterobacterales","Enterobacteriaceae","Enterobacter","g_Enterobacter","Enterobacter",936,1,2,NA,NA,1,NA,NA,1
NA,"Pseudomonadota","Gammaproteobacteria","Enterobacterales","Enterobacteriaceae","Enterobacter","Enterobacter asburiae","Enterobacter asburiae",937,9,13,6,8,7,9,13,15
NA,"Pseudomonadota","Gammaproteobacteria","Enterobacterales","Enterobacteriaceae","Enterobacter","Enterobacter cloacae","Enterobacter cloacae",938,20,20,10,6,20,29,44,36
NA,"Pseudomonadota","Gammaproteobacteria","Enterobacterales","Enterobacteriaceae","Enterobacter","Enterobacter hormaechei","Enterobacter hormaechei subsp. hoffmannii",939,4,5,2,3,4,6,10,6
NA,"Pseudomonadota","Gammaproteobacteria","Enterobacterales","Enterobacteriaceae","Enterobacter","Enterobacter roggenkampii","Enterobacter roggenkampii",940,NA,5,3,4,2,4,2,5
NA,"Pseudomonadota","Gammaproteobacteria","Enterobacterales","Enterobacteriaceae","Enterobacter","Enterobacter roggenkampii","Enterobacter roggenkampii",941,3,6,4,4,5,5,12,6
NA,"Pseudomonadota","Gammaproteobacteria","Enterobacterales","Enterobacteriaceae","Enterobacter","Enterobacter hormaechei","Enterobacter hormaechei",942,9,8,5,7,7,12,13,7
NA,"Pseudomonadota","Gammaproteobacteria","Enterobacterales","Enterobacteriaceae","Enterobacter","Enterobacter kobei","Enterobacter kobei",943,1,3,2,2,5,4,2,4
NA,"Pseudomonadota","Gammaproteobacteria","Enterobacterales","Enterobacteriaceae","Pluralibacter","Enterobacter lignolyticus","[Enterobacter] lignolyticus",944,3,6,6,7,4,3,5,4
NA,"Pseudomonadota","Gammaproteobacteria","Enterobacterales","Enterobacteriaceae","Enterobacter","Enterobacter ludwigii","Enterobacter ludwigii",945,4,6,1,2,1,1,4,NA
NA,"Uroviricota","Caudoviricetes","Pantevenvirales","Straboviridae","Karamvirus","Karamvirus cc31","Enterobacter phage CC31",946,NA,NA,1,NA,NA,NA,NA,NA
NA,"Pseudomonadota","Gammaproteobacteria","Enterobacterales","Enterobacteriaceae","Enterobacter","Enterobacter sp. 638","Enterobacter sp. 638",947,2,2,3,3,4,2,4,1
NA,"Pseudomonadota","Gammaproteobacteria","Enterobacterales","Enterobacteriaceae","Enterobacter","Enterobacter sp. E20","Enterobacter sp. E20",948,5,3,1,2,2,3,2,4
NA,"Pseudomonadota","Gammaproteobacteria","Enterobacterales","Enterobacteriaceae","Enterobacter","Enterobacter sp. FY-07","Enterobacter sp. FY-07",949,1,1,2,4,3,3,1,NA
NA,"Pseudomonadota","Gammaproteobacteria","Enterobacterales","Enterobacteriaceae","Enterobacter","Enterobacter sp. HK169","Enterobacter sp. HK169",950,4,3,1,4,1,2,1,5
NA,"Pseudomonadota","Gammaproteobacteria","Enterobacterales","Enterobacteriaceae","Enterobacter","Enterobacter sp. ODB01","Enterobacter sp. ODB01",951,2,3,2,3,3,4,1,5
NA,"Pseudomonadota","Gammaproteobacteria","Enterobacterales","Enterobacteriaceae","Enterobacter","Enterobacter sp. R4-368","Enterobacter sp. R4-368",952,2,2,3,3,7,3,3,7
NA,"Pseudomonadota","Gammaproteobacteria","Enterobacterales","Enterobacteriaceae","Enterobacter","Enterobacter hormaechei","Enterobacter xiangfangensis",953,5,1,3,7,3,3,4,2
NA,"Uroviricota","Caudoviricetes","c_Caudoviricetes","c_Caudoviricetes","Traversvirus","Traversvirus tv933W","Enterobacteria phage 933W",954,NA,NA,NA,NA,15,51,17,18
NA,"Uroviricota","Caudoviricetes","c_Caudoviricetes","c_Caudoviricetes","Marienburgvirus","Marienburgvirus BP4795","Enterobacteria phage BP-4795",955,NA,NA,NA,NA,5,27,5,16
NA,"Uroviricota","Caudoviricetes","c_Caudoviricetes","c_Caudoviricetes","c_Caudoviricetes","Enterobacteria phage cdtI","Enterobacteria phage cdtI",956,NA,NA,NA,NA,2,3,1,1
NA,"Uroviricota","Caudoviricetes","c_Caudoviricetes","c_Caudoviricetes","Wanchaivirus","Wanchaivirus HK106","Enterobacteria phage HK106",957,NA,NA,NA,NA,1,NA,NA,1
NA,"Uroviricota","Caudoviricetes","c_Caudoviricetes","c_Caudoviricetes","Kwaitsingvirus","Kwaitsingvirus HK544","Enterobacteria phage HK544",958,NA,NA,NA,NA,NA,NA,NA,1
NA,"Uroviricota","Caudoviricetes","c_Caudoviricetes","c_Caudoviricetes","Lambdavirus","Lambdavirus HK629","Enterobacteria phage HK629",959,NA,NA,NA,NA,2,1,NA,1
NA,"Uroviricota","Caudoviricetes","c_Caudoviricetes","c_Caudoviricetes","Lambdavirus","Lambdavirus HK630","Enterobacteria phage HK630",960,NA,NA,NA,NA,2,1,NA,1
NA,"Uroviricota","Caudoviricetes","c_Caudoviricetes","c_Caudoviricetes","Nochtlivirus","Nochtlivirus mEp235","Enterobacteria phage mEp235",961,NA,NA,NA,NA,NA,NA,1,NA
NA,"Uroviricota","Caudoviricetes","c_Caudoviricetes","c_Caudoviricetes","c_Caudoviricetes","Enterobacteria phage mEp460","Enterobacteria phage mEp460",962,NA,NA,NA,NA,1,2,NA,NA
NA,"Uroviricota","Caudoviricetes","c_Caudoviricetes","c_Caudoviricetes","Traversvirus","Traversvirus min27","Enterobacteria phage Min27",963,NA,NA,NA,NA,12,42,14,15
NA,"Uroviricota","Caudoviricetes","c_Caudoviricetes","Peduoviridae","Xuanwuvirus","Xuanwuvirus P88","Enterobacteria phage P88",964,NA,NA,NA,NA,1,1,1,1
NA,"Phixviricota","Malgrandaviricetes","Petitvirales","Microviridae","Alphatrevirus","Alphatrevirus phiK","Enterobacteria phage phiK",965,NA,NA,NA,NA,NA,NA,1,1
NA,"Uroviricota","Caudoviricetes","Pantevenvirales","Straboviridae","Pseudotevenvirus","Pseudotevenvirus RB16","Pseudotevenvirus RB16",966,NA,NA,NA,NA,1,NA,NA,NA
NA,"Uroviricota","Caudoviricetes","Pantevenvirales","Straboviridae","Pseudotevenvirus","Pseudotevenvirus RB43","Enterobacteria phage RB43",967,NA,NA,NA,NA,1,NA,NA,NA
NA,"Phixviricota","Malgrandaviricetes","Petitvirales","Microviridae","Alphatrevirus","Alphatrevirus St1","Enterobacteria phage St-1",968,NA,NA,NA,NA,NA,NA,1,1
NA,"Uroviricota","Caudoviricetes","c_Caudoviricetes","c_Caudoviricetes","Traversvirus","Traversvirus II","Enterobacteria phage VT2-Sakai",969,NA,NA,NA,NA,14,60,17,19
NA,"Uroviricota","Caudoviricetes","c_Caudoviricetes","c_Caudoviricetes","Oslovirus","Oslovirus PA2","Enterobacteria phage VT2phi_272",970,NA,NA,NA,NA,11,39,11,14
NA,"Uroviricota","Caudoviricetes","c_Caudoviricetes","c_Caudoviricetes","Pankowvirus","Pankowvirus YYZ2008","Enterobacteria phage YYZ-2008",971,NA,NA,NA,NA,15,48,11,27
NA,"Pseudomonadota","Gammaproteobacteria","Enterobacterales","Enterobacteriaceae","f_Enterobacteriaceae","f_Enterobacteriaceae","Enterobacteriaceae",972,NA,NA,3,NA,NA,1,2,NA
NA,"Pseudomonadota","Gammaproteobacteria","Enterobacterales","Enterobacteriaceae","f_Enterobacteriaceae","Enterobacteriaceae bacterium strain FGI 57","Enterobacteriaceae bacterium strain FGI 57",973,5,3,3,5,3,1,NA,3
NA,"Bacillota","Bacilli","Lactobacillales","Enterococcaceae","Enterococcus","Enterococcus casseliflavus","Enterococcus casseliflavus",974,4,3,1,2,1,2,5,2
NA,"Bacillota","Bacilli","Lactobacillales","Enterococcaceae","Enterococcus","Enterococcus durans","Enterococcus durans",975,NA,NA,NA,NA,2,3,14,5
NA,"Bacillota","Bacilli","Lactobacillales","Enterococcaceae","Enterococcus","Enterococcus faecalis","Enterococcus faecalis",976,6,8,10,5,5,14,29,14
NA,"Bacillota","Bacilli","Lactobacillales","Enterococcaceae","Enterococcus","Enterococcus faecium","Enterococcus faecium",977,11,18,22,30,57,128,793,188
NA,"Bacillota","Bacilli","Lactobacillales","Enterococcaceae","Enterococcus","Enterococcus gallinarum","Enterococcus gallinarum",978,4,1,NA,1,4,2,6,3
NA,"Bacillota","Bacilli","Lactobacillales","Enterococcaceae","Enterococcus","Enterococcus hirae","Enterococcus hirae",979,1,1,NA,3,3,1,13,4
NA,"Bacillota","Bacilli","Lactobacillales","Enterococcaceae","Enterococcus","Enterococcus mundtii","Enterococcus mundtii",980,1,2,NA,2,3,5,9,10
NA,"Uroviricota","Caudoviricetes","c_Caudoviricetes","c_Caudoviricetes","Efquatrovirus","Efquatrovirus EcZZ2","Enterococcus phage Ec-ZZ2",981,NA,NA,1,NA,NA,NA,NA,NA
NA,"Uroviricota","Caudoviricetes","c_Caudoviricetes","c_Caudoviricetes","Efquatrovirus","Efquatrovirus EF4","Enterococcus phage IME-EF4",982,NA,NA,1,NA,NA,NA,NA,NA
NA,"Uroviricota","Caudoviricetes","c_Caudoviricetes","c_Caudoviricetes","Efemunavirus","Efemunavirus Efm1","Enterococcus phage IME-EFm1",983,NA,NA,NA,NA,NA,1,NA,NA
NA,"Uroviricota","Caudoviricetes","c_Caudoviricetes","c_Caudoviricetes","Phifelvirus","Phifelvirus FL1","Enterococcus phage phiFL1A",984,NA,NA,NA,NA,1,NA,NA,NA
NA,"Uroviricota","Caudoviricetes","c_Caudoviricetes","c_Caudoviricetes","Phifelvirus","Phifelvirus FL2","Enterococcus phage phiFL2A",985,NA,NA,NA,NA,1,NA,NA,NA
NA,"Uroviricota","Caudoviricetes","c_Caudoviricetes","c_Caudoviricetes","Phifelvirus","Phifelvirus FL3","Enterococcus phage phiFL3A",986,NA,NA,NA,NA,1,NA,NA,NA
NA,"Peploviricota","Herviviricetes","Herpesvirales","Orthoherpesviridae","Percavirus","Percavirus equidgamma5","Equid herpesvirus 5",987,NA,NA,NA,NA,NA,NA,1,NA
NA,"Pseudomonadota","Gammaproteobacteria","Enterobacterales","Erwiniaceae","Erwinia","g_Erwinia","Erwinia",988,NA,1,NA,NA,NA,NA,NA,NA
NA,"Pseudomonadota","Gammaproteobacteria","Enterobacterales","Erwiniaceae","Erwinia","Erwinia amylovora","Erwinia amylovora",989,1,NA,NA,NA,1,NA,NA,2
NA,"Pseudomonadota","Gammaproteobacteria","Enterobacterales","Erwiniaceae","Erwinia","Erwinia billingiae","Erwinia billingiae",990,7,8,1,6,6,2,4,5
NA,"Pseudomonadota","Gammaproteobacteria","Enterobacterales","Erwiniaceae","Duffyella","Duffyella gerundensis","Erwinia gerundensis",991,3,3,5,4,6,2,1,3
NA,"Uroviricota","Caudoviricetes","c_Caudoviricetes","Chimalliviridae","Erskinevirus","Erskinevirus EaH2","Erwinia phage phiEaH2",992,NA,NA,NA,NA,NA,NA,1,NA
NA,"Pseudomonadota","Gammaproteobacteria","Enterobacterales","Erwiniaceae","Erwinia","Erwinia pyrifoliae","Erwinia pyrifoliae",993,1,NA,1,NA,3,1,NA,5
NA,"Pseudomonadota","Gammaproteobacteria","Enterobacterales","Erwiniaceae","Erwinia","Erwinia sp. Ejp617","Erwinia sp. Ejp617",994,1,NA,NA,1,5,NA,NA,3
NA,"Pseudomonadota","Gammaproteobacteria","Enterobacterales","Erwiniaceae","Erwinia","Erwinia tasmaniensis","Erwinia tasmaniensis",995,NA,NA,4,1,2,2,4,4
NA,"Bacillota","Erysipelotrichia","Erysipelotrichales","Erysipelotrichaceae","Erysipelothrix","Erysipelothrix rhusiopathiae","Erysipelothrix rhusiopathiae",996,1,1,1,1,1,5,5,6
NA,"Bacillota","Erysipelotrichia","Erysipelotrichales","Erysipelotrichaceae","Erysipelothrix","Erysipelothrix larvae","Erysipelothrix sp. LV19",997,NA,1,NA,NA,3,4,7,3
NA,"Bacillota","Erysipelotrichia","Erysipelotrichales","Erysipelotrichaceae","f_Erysipelotrichaceae","Erysipelotrichaceae bacterium I46","Erysipelotrichaceae bacterium I46",998,9,8,4,10,34,75,61,48
NA,"Pseudomonadota","Alphaproteobacteria","Sphingomonadales","Erythrobacteraceae","Erythrobacter","g_Erythrobacter","Erythrobacter",999,NA,1,NA,NA,NA,NA,NA,NA
NA,"Pseudomonadota","Alphaproteobacteria","Sphingomonadales","Erythrobacteraceae","Aurantiacibacter","Aurantiacibacter atlanticus","Erythrobacter atlanticus",1000,3,1,NA,2,NA,1,1,1
NA,"Pseudomonadota","Alphaproteobacteria","Sphingomonadales","Erythrobacteraceae","Erythrobacter","Erythrobacter litoralis","Erythrobacter litoralis",1001,5,4,6,7,5,NA,2,6
NA,"Pseudomonadota","Gammaproteobacteria","Enterobacterales","Enterobacteriaceae","Escherichia","Escherichia albertii","Escherichia albertii",1002,NA,3,1,2,16,43,16,32
NA,"Pseudomonadota","Gammaproteobacteria","Enterobacterales","Enterobacteriaceae","Escherichia","Escherichia coli","Escherichia coli",1003,16,14,11,12,1395,3597,1630,2228
NA,"Pseudomonadota","Gammaproteobacteria","Enterobacterales","Enterobacteriaceae","Escherichia","Escherichia fergusonii","Escherichia fergusonii",1004,4,8,3,7,25,55,20,37
NA,"Uroviricota","Caudoviricetes","c_Caudoviricetes","c_Caudoviricetes","Asteriusvirus","Asteriusvirus av121Q","Escherichia phage 121Q",1005,NA,NA,NA,NA,NA,NA,1,NA
NA,"Uroviricota","Caudoviricetes","c_Caudoviricetes","c_Caudoviricetes","Oslovirus","Oslovirus ov191","Escherichia phage P13374",1006,NA,NA,NA,NA,6,19,5,2
NA,"Uroviricota","Caudoviricetes","c_Caudoviricetes","c_Caudoviricetes","Oslovirus","Oslovirus PA2","Escherichia phage PA2",1007,NA,NA,NA,NA,10,40,11,13
NA,"Uroviricota","Caudoviricetes","c_Caudoviricetes","c_Caudoviricetes","Oslovirus","Oslovirus ov191","Escherichia phage phi191",1008,NA,NA,NA,NA,6,16,4,3
NA,"Uroviricota","Caudoviricetes","c_Caudoviricetes","c_Caudoviricetes","c_Caudoviricetes","Escherichia phage TL-2011b","Escherichia phage TL-2011b",1009,NA,NA,NA,NA,NA,NA,NA,1
NA,"Uroviricota","Caudoviricetes","c_Caudoviricetes","c_Caudoviricetes","Oslovirus","Oslovirus TL2011","Escherichia phage TL-2011c",1010,NA,NA,NA,NA,5,19,10,6
NA,"Uroviricota","Caudoviricetes","c_Caudoviricetes","c_Caudoviricetes","Traversvirus","Escherichia Stx1 converting phage","Escherichia Stx1 converting phage",1011,NA,NA,NA,NA,14,57,20,25
NA,"Uroviricota","Caudoviricetes","c_Caudoviricetes","c_Caudoviricetes","Shamshuipovirus","Shamshuipovirus HK022","Shamshuipovirus HK022",1012,NA,NA,NA,NA,NA,NA,1,NA
NA,"Uroviricota","Caudoviricetes","c_Caudoviricetes","c_Caudoviricetes","Byrnievirus","Byrnievirus HK97","Byrnievirus HK97",1013,NA,NA,NA,NA,1,NA,NA,1
NA,"Uroviricota","Caudoviricetes","c_Caudoviricetes","c_Caudoviricetes","Lambdavirus","Lambdavirus lambda","Lambdavirus lambda",1014,NA,NA,NA,NA,2,1,NA,1
NA,"Bacillota","Clostridia","Eubacteriales","Oscillospiraceae","Ethanoligenens","g_Ethanoligenens","Ethanoligenens",1015,NA,NA,NA,1,NA,NA,NA,1
NA,"Bacillota","Clostridia","Eubacteriales","Oscillospiraceae","Ethanoligenens","Ethanoligenens harbinense","Ethanoligenens harbinense",1016,24,42,32,54,9,22,11,24
NA,"Bacillota","Clostridia","Eubacteriales","Eubacteriaceae","Eubacterium","Eubacterium limosum","Eubacterium limosum",1017,14,22,12,19,19,70,43,47
NA,"Bacillota","Bacilli","Bacillales","o_Bacillales","Exiguobacterium","Exiguobacterium antarcticum","Exiguobacterium antarcticum",1018,1,1,1,NA,1,3,2,1
NA,"Bacillota","Bacilli","Bacillales","o_Bacillales","Exiguobacterium","Exiguobacterium artemiae","Exiguobacterium artemiae",1019,NA,4,2,2,4,2,5,3
NA,"Bacillota","Bacilli","Bacillales","o_Bacillales","Exiguobacterium","Exiguobacterium sp. AT1b","Exiguobacterium sp. AT1b",1020,NA,3,1,1,2,NA,4,2
NA,"Bacillota","Bacilli","Bacillales","o_Bacillales","Exiguobacterium","Exiguobacterium sp. MH3","Exiguobacterium sp. MH3",1021,NA,3,NA,NA,1,2,3,3
NA,"Bacillota","Bacilli","Bacillales","o_Bacillales","Exiguobacterium","Exiguobacterium sp. U13-1","Exiguobacterium sp. U13-1",1022,NA,1,NA,NA,2,2,NA,3
NA,"Bacillota","Erysipelotrichia","Erysipelotrichales","Erysipelotrichaceae","Faecalibaculum","Faecalibaculum rodentium","Faecalibaculum rodentium",1023,4,14,12,12,6,6,5,12
NA,"Peploviricota","Herviviricetes","Herpesvirales","Orthoherpesviridae","Mardivirus","Mardivirus columbidalpha1","Falconid herpesvirus 1",1024,NA,NA,NA,NA,NA,1,NA,NA
NA,"Bacteroidota","Bacteroidia","Bacteroidales","Dysgonomonadaceae","Fermentimonas","Fermentimonas caenicola","Fermentimonas caenicola",1025,25,18,10,14,28,12,9,6
NA,"Cossaviricota","Papovaviricetes","Zurhausenvirales","Papillomaviridae","f_Papillomaviridae","Ferret papillomavirus","Ferret papillomavirus",1026,NA,NA,NA,NA,NA,NA,1,NA
NA,"Pseudomonadota","Gammaproteobacteria","Alteromonadales","Ferrimonadaceae","Ferrimonas","Ferrimonas balearica","Ferrimonas balearica",1027,7,2,8,8,2,3,3,4
NA,"Methanobacteriota","Archaeoglobi","Archaeoglobales","Archaeoglobaceae","Ferroglobus","Ferroglobus placidus","Ferroglobus placidus",1028,NA,1,NA,2,1,NA,3,NA
NA,"Thermoplasmatota","Thermoplasmata","Thermoplasmatales","Ferroplasmaceae","Ferroplasma","Ferroplasma acidarmanus","Ferroplasma acidarmanus",1029,2,1,NA,NA,NA,NA,2,NA
NA,"Thermotogota","Thermotogae","Thermotogales","Fervidobacteriaceae","Fervidobacterium","Fervidobacterium islandicum","Fervidobacterium islandicum",1030,NA,NA,NA,1,2,1,NA,1
NA,"Thermotogota","Thermotogae","Thermotogales","Fervidobacteriaceae","Fervidobacterium","Fervidobacterium nodosum","Fervidobacterium nodosum",1031,1,2,NA,NA,3,1,1,1
NA,"Thermotogota","Thermotogae","Thermotogales","Fervidobacteriaceae","Fervidobacterium","Fervidobacterium pennivorans","Fervidobacterium pennivorans",1032,2,1,3,1,NA,1,2,NA
NA,"Fibrobacterota","Fibrobacteria","Fibrobacterales","Fibrobacteraceae","Fibrobacter","Fibrobacter succinogenes","Fibrobacter succinogenes",1033,13,10,4,18,12,6,6,4
NA,"Bacillota","Bacilli","Bacillales","Fictibacillaceae","Fictibacillus","Fictibacillus arsenicus","Fictibacillus arsenicus",1034,1,2,NA,2,5,5,5,7
NA,"Bacillota","Bacilli","Bacillales","Fictibacillaceae","Fictibacillus","Fictibacillus phosphorivorans","Fictibacillus phosphorivorans",1035,NA,2,3,NA,NA,2,4,3
NA,"Bacillota","Clostridia","Peptostreptococcales","Filifactoraceae","Filifactor","Filifactor alocis","Filifactor alocis",1036,2,NA,1,1,1,7,10,4
NA,"Armatimonadota","Fimbriimonadia","Fimbriimonadales","Fimbriimonadaceae","Fimbriimonas","Fimbriimonas ginsengisoli","Fimbriimonas ginsengisoli",1037,NA,2,NA,1,4,4,1,2
NA,"Bacillota","Tissierellia","Tissierellales","Peptoniphilaceae","Finegoldia","Finegoldia magna","Finegoldia magna",1038,2,2,2,2,28,79,316,111
NA,"Cyanobacteriota","Cyanophyceae","Nostocales","Hapalosiphonaceae","Fischerella","Fischerella sp. NIES-3754","Fischerella sp. NIES-3754",1039,3,1,1,NA,2,NA,3,1
NA,"Bacteroidota","Cytophagia","Cytophagales","Flammeovirgaceae","Flammeovirga","Flammeovirga sp. MY04","Flammeovirga sp. MY04",1040,10,9,8,4,8,6,10,3
NA,"Bacteroidota","Cytophagia","Cytophagales","Flammeovirgaceae","f_Flammeovirgaceae","Flammeovirgaceae bacterium 311","Flammeovirgaceae bacterium 311",1041,12,12,6,14,12,8,2,11
NA,"Bacteroidota","Chitinophagia","Chitinophagales","Chitinophagaceae","Flavisolibacter","Flavisolibacter tropicus","Flavisolibacter sp. LCS9",1042,13,6,1,7,10,4,3,3
NA,"Bacteroidota","Flavobacteriia","Flavobacteriales","Flavobacteriaceae","f_Flavobacteriaceae","Flavobacteriaceae bacterium 3519-10","Flavobacteriaceae bacterium 3519-10",1043,5,NA,4,1,2,2,5,2
NA,"Bacteroidota","Flavobacteriia","Flavobacteriales","Flavobacteriaceae","Flavobacterium","Flavobacterium branchiophilum","Flavobacterium branchiophilum",1044,5,5,1,2,3,4,3,2
NA,"Bacteroidota","Flavobacteriia","Flavobacteriales","Flavobacteriaceae","Flavobacterium","Flavobacterium columnare","Flavobacterium columnare",1045,9,7,4,9,9,4,2,11
NA,"Bacteroidota","Flavobacteriia","Flavobacteriales","Flavobacteriaceae","Flavobacterium","Flavobacterium gilvum","Flavobacterium gilvum",1046,5,7,4,7,9,8,5,4
NA,"Bacteroidota","Flavobacteriia","Flavobacteriales","Flavobacteriaceae","Flavobacterium","Flavobacterium indicum","Flavobacterium indicum",1047,2,NA,3,2,NA,5,1,3
NA,"Bacteroidota","Flavobacteriia","Flavobacteriales","Flavobacteriaceae","Flavobacterium","Flavobacterium johnsoniae","Flavobacterium johnsoniae",1048,12,15,11,20,21,12,8,5
NA,"Bacteroidota","Flavobacteriia","Flavobacteriales","Flavobacteriaceae","Flavobacterium","Flavobacterium psychrophilum","Flavobacterium psychrophilum",1049,12,4,2,3,17,2,2,3
NA,"Bacteroidota","Flavobacteriia","Flavobacteriales","Flavobacteriaceae","Flavobacterium","Flavobacterium crassostreae","Flavobacterium sp. LPB0076",1050,1,1,NA,1,5,NA,1,4
NA,"Bacteroidota","Flavobacteriia","Flavobacteriales","Flavobacteriaceae","Flavobacterium","Flavobacterium commune","Flavobacterium sp. PK15",1051,2,4,4,3,7,5,4,3
NA,"Bacillota","Clostridia","Eubacteriales","Oscillospiraceae","Flavonifractor","Flavonifractor plautii","Flavonifractor plautii",1052,78,118,99,137,161,295,924,427
NA,"Bacteroidota","Cytophagia","Cytophagales","Bernardetiaceae","Bernardetia","Bernardetia litoralis","Bernardetia litoralis",1053,3,2,2,2,1,NA,3,1
NA,"Deferribacterota","Deferribacteres","Deferribacterales","Flexistipitaceae","Flexistipes","Flexistipes sinusarabici","Flexistipes sinusarabici",1054,NA,1,1,1,1,5,2,1
NA,"Bacteroidota","Flavobacteriia","Flavobacteriales","Crocinitomicaceae","Fluviicola","Fluviicola taffensis","Fluviicola taffensis",1055,6,4,3,4,8,2,1,2
NA,"Bacteroidota","Flavobacteriia","Flavobacteriales","Flavobacteriaceae","Formosa","Formosa sp. Hel1_33_131","Formosa sp. Hel1_33_131",1056,3,2,1,1,7,4,3,1
NA,"Bacteroidota","Flavobacteriia","Flavobacteriales","Flavobacteriaceae","Formosa","Formosa sp. Hel3_A1_48","Formosa sp. Hel3_A1_48",1057,1,1,NA,NA,2,3,2,1
NA,"Pseudomonadota","Gammaproteobacteria","Thiotrichales","Francisellaceae","Francisella","Francisella noatunensis","Francisella noatunensis",1058,NA,NA,NA,NA,NA,3,1,NA
NA,"Pseudomonadota","Gammaproteobacteria","Thiotrichales","Francisellaceae","Francisella","Francisella persica","Francisella persica",1059,NA,1,2,NA,NA,1,1,NA
NA,"Pseudomonadota","Gammaproteobacteria","Thiotrichales","Francisellaceae","Francisella","Francisella philomiragia","Francisella philomiragia",1060,4,NA,NA,2,1,8,4,5
NA,"Pseudomonadota","Gammaproteobacteria","Thiotrichales","Francisellaceae","Francisella","Candidatus Francisella endociliophora","Francisella sp. FSC1006",1061,1,1,3,2,2,2,4,2
NA,"Pseudomonadota","Gammaproteobacteria","Thiotrichales","Francisellaceae","Francisella","Francisella salina","Francisella sp. TX077308",1062,3,NA,NA,NA,NA,1,2,1
NA,"Pseudomonadota","Gammaproteobacteria","Thiotrichales","Francisellaceae","Francisella","Francisella tularensis","Francisella tularensis",1063,1,2,2,NA,4,5,5,6
NA,"Actinomycetota","Actinomycetes","Frankiales","Frankiaceae","Frankia","Frankia alni","Frankia alni",1064,1,4,3,4,NA,1,3,5
NA,"Actinomycetota","Actinomycetes","Frankiales","Frankiaceae","Frankia","Frankia casuarinae","Frankia casuarinae",1065,1,3,1,3,1,NA,1,2
NA,"Actinomycetota","Actinomycetes","Frankiales","Frankiaceae","Pseudofrankia","Pseudofrankia inefficax","Frankia inefficax",1066,7,6,6,1,3,3,4,3
NA,"Actinomycetota","Actinomycetes","Frankiales","Frankiaceae","Parafrankia","Parafrankia sp. EAN1pec","Frankia sp. EAN1pec",1067,3,4,5,6,1,NA,4,1
NA,"Actinomycetota","Actinomycetes","Frankiales","Frankiaceae","Frankia","Candidatus Frankia meridionalis","Frankia symbiont of Datisca glomerata",1068,NA,4,1,2,1,5,NA,1
NA,"Pseudomonadota","Gammaproteobacteria","Lysobacterales","Rhodanobacteraceae","Frateuria","Frateuria aurantia","Frateuria aurantia",1069,NA,3,1,7,1,4,1,3
NA,"Pseudomonadota","Gammaproteobacteria","Orbales","Orbaceae","Frischella","Frischella perrara","Frischella perrara",1070,1,NA,1,NA,1,NA,4,1
NA,"Actinomycetota","Actinomycetes","Micrococcales","Microbacteriaceae","Frondihabitans","Frondihabitans sp. PAMC 28766","Frondihabitans sp. PAMC 28766",1071,1,2,NA,1,1,1,2,2
NA,"Fusobacteriota","Fusobacteriia","Fusobacteriales","Fusobacteriaceae","Fusobacterium","Fusobacterium hwasookii","Fusobacterium hwasookii",1072,1,4,4,1,2,7,5,7
NA,"Fusobacteriota","Fusobacteriia","Fusobacteriales","Fusobacteriaceae","Fusobacterium","Fusobacterium nucleatum","Fusobacterium nucleatum",1073,5,5,7,4,12,21,13,14
NA,"Pseudomonadota","Gammaproteobacteria","Pasteurellales","Pasteurellaceae","Gallibacterium","Gallibacterium anatis","Gallibacterium anatis",1074,3,3,1,2,4,3,1,NA
NA,"Pseudomonadota","Betaproteobacteria","Nitrosomonadales","Gallionellaceae","Gallionella","Gallionella capsiferriformans","Gallionella capsiferriformans",1075,2,2,4,5,3,3,NA,5
NA,"Pseudomonadota","Gammaproteobacteria","c_Gammaproteobacteria","c_Gammaproteobacteria","c_Gammaproteobacteria","gamma proteobacterium HdN1","gamma proteobacterium HdN1",1076,3,1,5,3,2,NA,3,2
NA,"Pseudomonadota","Gammaproteobacteria","Immundisolibacterales","Immundisolibacteraceae","Immundisolibacter","Immundisolibacter cernigliae","Gammaproteobacteria bacterium TR3.2",1077,3,4,10,3,3,3,2,3
NA,"Actinomycetota","Actinomycetes","Bifidobacteriales","Bifidobacteriaceae","Gardnerella","Gardnerella vaginalis","Gardnerella vaginalis",1078,3,5,2,5,NA,3,2,1
NA,"Cyanobacteriota","Cyanophyceae","Geitlerinematales","Geitlerinemataceae","Geitlerinema","Geitlerinema sp. PCC 7407","Geitlerinema sp. PCC 7407",1079,4,5,4,1,4,4,1,1
NA,"Bacillota","Bacilli","Bacillales","Gemellaceae","Gemella","Gemella sp. oral taxon 928","Gemella sp. oral taxon 928",1080,3,1,1,2,1,5,3,4
NA,"Cyanobacteriota","Cyanophyceae","Chroococcales","Geminocystaceae","Geminocystis","Geminocystis sp. NIES-3708","Geminocystis sp. NIES-3708",1081,1,2,1,1,NA,1,3,1
NA,"Cyanobacteriota","Cyanophyceae","Chroococcales","Geminocystaceae","Geminocystis","Geminocystis sp. NIES-3709","Geminocystis sp. NIES-3709",1082,2,NA,NA,1,5,2,3,NA
NA,"Gemmatimonadota","Gemmatimonadia","Gemmatimonadales","Gemmatimonadaceae","Gemmatimonas","Gemmatimonas aurantiaca","Gemmatimonas aurantiaca",1083,10,6,3,2,9,NA,2,2
NA,"Thermodesulfobacteriota","Desulfuromonadia","Desulfuromonadales","Geoalkalibacteraceae","Geoalkalibacter","Geoalkalibacter subterraneus","Geoalkalibacter subterraneus",1084,5,4,5,5,1,3,2,2
NA,"Bacillota","Bacilli","Bacillales","Anoxybacillaceae","Geobacillus","g_Geobacillus","Geobacillus",1085,NA,NA,NA,NA,NA,NA,1,NA
NA,"Bacillota","Bacilli","Bacillales","Anoxybacillaceae","Geobacillus","Geobacillus kaustophilus","Geobacillus kaustophilus",1086,1,1,2,NA,1,2,4,4
NA,"Bacillota","Bacilli","Bacillales","Anoxybacillaceae","Geobacillus","Geobacillus sp. 12AMOR1","Geobacillus sp. 12AMOR1",1087,3,2,1,1,3,3,4,4
NA,"Bacillota","Bacilli","Bacillales","Anoxybacillaceae","Geobacillus","Geobacillus sp. C56-T3","Geobacillus sp. C56-T3",1088,3,3,1,3,4,3,1,2
NA,"Bacillota","Bacilli","Bacillales","Anoxybacillaceae","Geobacillus","Geobacillus sp. GHH01","Geobacillus sp. GHH01",1089,1,2,2,1,2,2,2,6
NA,"Bacillota","Bacilli","Bacillales","Anoxybacillaceae","Geobacillus","Geobacillus genomosp. 3","Geobacillus sp. JF8",1090,3,1,2,NA,2,1,1,2
NA,"Bacillota","Bacilli","Bacillales","Anoxybacillaceae","Geobacillus","Geobacillus sp. JS12","Geobacillus sp. JS12",1091,1,3,4,1,2,2,1,4
NA,"Bacillota","Bacilli","Bacillales","Anoxybacillaceae","Geobacillus","Geobacillus sp. LC300","Geobacillus sp. LC300",1092,4,2,1,2,2,1,3,5
NA,"Bacillota","Bacilli","Bacillales","Anoxybacillaceae","Geobacillus","Geobacillus sp. WCH70","Geobacillus sp. WCH70",1093,2,NA,1,1,2,2,2,4
NA,"Bacillota","Bacilli","Bacillales","Anoxybacillaceae","Geobacillus","Geobacillus sp. Y4.1MC1","Geobacillus sp. Y4.1MC1",1094,NA,NA,NA,1,1,3,4,NA
NA,"Bacillota","Bacilli","Bacillales","Anoxybacillaceae","Geobacillus","Geobacillus sp. Y412MC52","Geobacillus sp. Y412MC52",1095,3,2,NA,1,3,3,2,4
NA,"Bacillota","Bacilli","Bacillales","Anoxybacillaceae","Geobacillus","Geobacillus sp. Y412MC61","Geobacillus sp. Y412MC61",1096,3,1,NA,2,4,3,1,4
NA,"Bacillota","Bacilli","Bacillales","Anoxybacillaceae","Geobacillus","Geobacillus stearothermophilus","Geobacillus stearothermophilus",1097,1,3,1,NA,2,2,2,6
NA,"Bacillota","Bacilli","Bacillales","Anoxybacillaceae","Geobacillus","Geobacillus subterraneus","Geobacillus subterraneus",1098,5,NA,2,4,4,1,3,2
NA,"Bacillota","Bacilli","Bacillales","Anoxybacillaceae","Geobacillus","Geobacillus thermodenitrificans","Geobacillus thermodenitrificans",1099,NA,1,3,NA,1,4,2,4
NA,"Bacillota","Bacilli","Bacillales","Anoxybacillaceae","Geobacillus","Geobacillus thermoleovorans","Geobacillus thermoleovorans",1100,3,1,2,1,4,1,3,3
NA,"Thermodesulfobacteriota","Desulfuromonadia","Geobacterales","Geobacteraceae","Geobacter","g_Geobacter","Geobacter",1101,NA,2,1,NA,NA,NA,NA,NA
NA,"Thermodesulfobacteriota","Desulfuromonadia","Geobacterales","Geobacteraceae","Geobacter","Geobacter anodireducens","Geobacter anodireducens",1102,6,7,3,10,4,5,2,4
NA,"Thermodesulfobacteriota","Desulfuromonadia","Geobacterales","Geobacteraceae","Citrifermentans","Citrifermentans bemidjiense","Citrifermentans bemidjiense",1103,6,10,4,12,2,3,5,4
NA,"Thermodesulfobacteriota","Desulfuromonadia","Geobacterales","Geobacteraceae","Geotalea","Geotalea daltonii","Geotalea daltonii",1104,2,4,5,6,2,3,3,5
NA,"Thermodesulfobacteriota","Desulfuromonadia","Geobacterales","Geobacteraceae","Trichlorobacter","Trichlorobacter lovleyi","Trichlorobacter lovleyi",1105,3,7,8,3,1,3,2,8
NA,"Thermodesulfobacteriota","Desulfuromonadia","Geobacterales","Geobacteraceae","Geobacter","Geobacter metallireducens","Geobacter metallireducens",1106,4,6,4,11,2,3,2,1
NA,"Thermodesulfobacteriota","Desulfuromonadia","Geobacterales","Geobacteraceae","Geobacter","Geobacter pickeringii","Geobacter pickeringii",1107,5,7,8,2,4,3,3,3
NA,"Thermodesulfobacteriota","Desulfuromonadia","Geobacterales","Geobacteraceae","Geobacter","Geobacter sp. M18","Geobacter sp. M18",1108,4,13,7,10,2,1,6,7
NA,"Thermodesulfobacteriota","Desulfuromonadia","Geobacterales","Geobacteraceae","Geobacter","Geobacter sp. M21","Geobacter sp. M21",1109,8,10,6,7,5,7,4,4
NA,"Thermodesulfobacteriota","Desulfuromonadia","Geobacterales","Geobacteraceae","Geobacter","Geobacter sulfurreducens","Geobacter sulfurreducens",1110,1,4,5,6,3,2,3,6
NA,"Thermodesulfobacteriota","Desulfuromonadia","Geobacterales","Geobacteraceae","Geotalea","Geotalea uraniireducens","Geotalea uraniireducens",1111,5,8,7,9,5,1,6,6
NA,"Actinomycetota","Actinomycetes","Geodermatophilales","Geodermatophilaceae","Geodermatophilus","g_Geodermatophilus","Geodermatophilus",1112,1,NA,NA,NA,1,NA,NA,NA
NA,"Actinomycetota","Actinomycetes","Geodermatophilales","Geodermatophilaceae","Geodermatophilus","Geodermatophilus obscurus","Geodermatophilus obscurus",1113,5,3,3,4,1,NA,4,3
NA,"Methanobacteriota","Archaeoglobi","Archaeoglobales","Archaeoglobaceae","Geoglobus","Geoglobus acetivorans","Geoglobus acetivorans",1114,4,NA,NA,NA,NA,NA,NA,1
NA,"Methanobacteriota","Archaeoglobi","Archaeoglobales","Archaeoglobaceae","Geoglobus","Geoglobus ahangari","Geoglobus ahangari",1115,NA,1,NA,NA,NA,1,NA,1
NA,"Bacillota","Clostridia","Peptostreptococcales","Thermotaleaceae","Geosporobacter","Geosporobacter ferrireducens","Geosporobacter ferrireducens",1116,2,2,NA,3,7,14,11,10
NA,"Pseudomonadota","Gammaproteobacteria","Orbales","Orbaceae","Gilliamella","Gilliamella apicola","Gilliamella apicola",1117,1,1,2,4,1,1,1,3
NA,"Pseudomonadota","Gammaproteobacteria","Alteromonadales","Alteromonadaceae","Brumicola","Brumicola nitratireducens","Brumicola nitratireducens",1118,1,NA,NA,1,5,2,NA,1
NA,"Pseudomonadota","Gammaproteobacteria","Alteromonadales","Alteromonadaceae","Glaciecola","Glaciecola sp. 4H-3-7+YE-5","Glaciecola sp. 4H-3-7+YE-5",1119,1,NA,NA,NA,2,1,NA,1
NA,"Cyanobacteriota","Cyanophyceae","Gloeobacterales","Gloeobacteraceae","Gloeobacter","Gloeobacter kilaueensis","Gloeobacter kilaueensis",1120,2,4,2,4,3,1,1,4
NA,"Cyanobacteriota","Cyanophyceae","Gloeobacterales","Gloeobacteraceae","Gloeobacter","Gloeobacter violaceus","Gloeobacter violaceus",1121,4,3,2,6,2,4,NA,1
NA,"Cyanobacteriota","Cyanophyceae","Chroococcales","Chroococcaceae","Gloeocapsa","Gloeocapsa sp. PCC 7428","Gloeocapsa sp. PCC 7428",1122,NA,1,1,NA,3,1,1,1
NA,"Unknown","Naldaviricetes","Lefavirales","Hytrosaviridae","Glossinavirus","Glossinavirus glopallidipedis","Glossina pallidipes salivary gland hypertrophy virus",1123,1,1,NA,NA,NA,NA,NA,NA
NA,"Pseudomonadota","Alphaproteobacteria","Acetobacterales","Acetobacteraceae","Gluconacetobacter","Gluconacetobacter diazotrophicus","Gluconacetobacter diazotrophicus",1124,3,6,4,5,2,1,2,3
NA,"Pseudomonadota","Alphaproteobacteria","Acetobacterales","Acetobacteraceae","Gluconobacter","Gluconobacter oxydans","Gluconobacter oxydans",1125,9,6,10,7,9,2,5,2
NA,"Actinomycetota","Actinomycetes","Micrococcales","Micrococcaceae","Glutamicibacter","Glutamicibacter arilaitensis","Glutamicibacter arilaitensis",1126,4,2,3,4,1,2,NA,6
NA,"Nucleocytoviricota","Megaviricetes","Pimascovirales","Marseilleviridae","f_Marseilleviridae","Golden mussel marseillevirus","Golden mussel marseillevirus",1127,NA,NA,NA,NA,NA,1,NA,NA
NA,"Actinomycetota","Actinomycetes","Mycobacteriales","Gordoniaceae","Gordonia","g_Gordonia","Gordonia
 
 <eudicots>
 
",1128,NA,NA,1,NA,NA,NA,NA,NA
NA,"Actinomycetota","Actinomycetes","Mycobacteriales","Gordoniaceae","Gordonia","Gordonia bronchialis","Gordonia bronchialis",1129,4,2,6,1,1,1,2,1
NA,"Uroviricota","Caudoviricetes","c_Caudoviricetes","c_Caudoviricetes","Emalynvirus","Emalynvirus emalyn","Gordonia phage Emalyn",1130,NA,1,1,NA,NA,NA,NA,NA
NA,"Uroviricota","Caudoviricetes","c_Caudoviricetes","c_Caudoviricetes","Soupsvirus","Soupsvirus soups","Gordonia phage KatherineG",1131,NA,NA,NA,NA,NA,NA,1,NA
NA,"Uroviricota","Caudoviricetes","c_Caudoviricetes","c_Caudoviricetes","Soupsvirus","Soupsvirus strosahl","Gordonia phage Remus",1132,NA,NA,NA,NA,NA,NA,1,NA
NA,"Uroviricota","Caudoviricetes","c_Caudoviricetes","c_Caudoviricetes","Soupsvirus","Gordonia phage Rosalind","Gordonia phage Rosalind",1133,NA,NA,NA,NA,NA,NA,1,NA
NA,"Uroviricota","Caudoviricetes","c_Caudoviricetes","c_Caudoviricetes","Soupsvirus","Soupsvirus soups","Gordonia phage Soups",1134,NA,NA,NA,NA,NA,NA,1,NA
NA,"Actinomycetota","Actinomycetes","Mycobacteriales","Gordoniaceae","Gordonia","Gordonia polyisoprenivorans","Gordonia polyisoprenivorans",1135,2,3,8,1,3,1,NA,3
NA,"Actinomycetota","Actinomycetes","Mycobacteriales","Gordoniaceae","Gordonia","Gordonia sp. KTR9","Gordonia sp. KTR9",1136,4,7,5,3,1,2,3,1
NA,"Actinomycetota","Actinomycetes","Mycobacteriales","Gordoniaceae","Gordonia","Gordonia phthalatica","Gordonia sp. QH-11",1137,6,4,3,3,1,NA,3,4
NA,"Actinomycetota","Actinomycetes","Mycobacteriales","Gordoniaceae","Gordonia","Gordonia terrae","Gordonia terrae",1138,3,9,2,6,3,2,2,3
NA,"Bacillota","Tissierellia","Tissierellales","Gottschalkiaceae","Gottschalkia","Gottschalkia acidurici","Gottschalkia acidurici",1139,4,4,5,1,2,3,6,4
NA,"Bacteroidota","Flavobacteriia","Flavobacteriales","Flavobacteriaceae","Christiangramia","Christiangramia forsetii","Christiangramia forsetii",1140,4,3,2,1,6,4,5,3
NA,"Pseudomonadota","Alphaproteobacteria","Acetobacterales","Acetobacteraceae","Granulibacter","Granulibacter bethesdensis","Granulibacter bethesdensis",1141,3,7,6,4,5,NA,1,3
NA,"Acidobacteriota","Terriglobia","Terriglobales","Acidobacteriaceae","Granulicella","Granulicella mallensis","Granulicella mallensis",1142,2,4,11,7,5,NA,4,3
NA,"Acidobacteriota","Terriglobia","Terriglobales","Acidobacteriaceae","Granulicella","Granulicella tundricola","Granulicella tundricola",1143,1,1,1,1,1,1,1,4
NA,"Kitrinoviricota","Alsuviricetes","Martellivirales","Closteroviridae","Ampelovirus","Ampelovirus tredecimvitis","Grapevine leafroll-associated virus 13",1144,NA,NA,NA,1,NA,NA,NA,NA
NA,"Pseudomonadota","Gammaproteobacteria","Vibrionales","Vibrionaceae","Grimontia","Grimontia hollisae","Grimontia hollisae",1145,3,2,1,4,2,NA,2,6
NA,"Pseudomonadota","Gammaproteobacteria","Oceanospirillales","Saccharospirillaceae","Gynuella","Gynuella sunshinyii","Gynuella sunshinyii",1146,3,1,2,7,NA,NA,NA,1
NA,"Pseudomonadota","Alphaproteobacteria","Rhodospirillales","Novispirillaceae","Haematospirillum","Haematospirillum jordaniae","Haematospirillum jordaniae",1147,NA,2,NA,2,NA,1,1,NA
NA,"Pseudomonadota","Gammaproteobacteria","Pasteurellales","Pasteurellaceae","Haemophilus","Haemophilus influenzae","Haemophilus influenzae",1148,5,4,2,3,5,5,5,2
NA,"Pseudomonadota","Gammaproteobacteria","Pasteurellales","Pasteurellaceae","Haemophilus","Haemophilus parainfluenzae","Haemophilus parainfluenzae",1149,1,NA,1,2,NA,2,1,NA
NA,"Pseudomonadota","Gammaproteobacteria","Enterobacterales","Hafniaceae","Hafnia","Hafnia alvei","Hafnia alvei",1150,1,1,3,3,3,7,7,5
NA,"Pseudomonadota","Gammaproteobacteria","Oceanospirillales","Hahellaceae","Hahella","Hahella chejuensis","Hahella chejuensis",1151,4,1,4,6,1,1,NA,3
NA,"Methanobacteriota","Halobacteria","Halobacteriales","Halococcaceae","Halalkalicoccus","Halalkalicoccus jeotgali","Halalkalicoccus jeotgali",1152,NA,2,2,NA,NA,NA,1,NA
NA,"Bacillota","Clostridia","Halanaerobiales","Halanaerobiaceae","Halanaerobium","Halanaerobium hydrogeniformans","Halanaerobium hydrogeniformans",1153,NA,NA,1,NA,2,NA,4,1
NA,"Bacillota","Clostridia","Halanaerobiales","Halanaerobiaceae","Halanaerobium","Halanaerobium praevalens","Halanaerobium praevalens",1154,1,1,4,3,4,2,5,3
NA,"Myxococcota","p_Myxococcota","Haliangiales","Kofleriaceae","Haliangium","Haliangium ochraceum","Haliangium ochraceum",1155,14,6,10,9,4,7,9,6
NA,"Bacteroidota","Saprospiria","Saprospirales","Haliscomenobacteraceae","Haliscomenobacter","Haliscomenobacter hydrossis","Haliscomenobacter hydrossis",1156,12,11,10,14,11,5,5,6
NA,"Methanobacteriota","Halobacteria","Halobacteriales","Haloarculaceae","Haloarcula","Haloarcula hispanica","Haloarcula hispanica",1157,1,NA,NA,NA,NA,NA,NA,NA
NA,"Methanobacteriota","Halobacteria","Halobacteriales","Haloarculaceae","Haloarcula","Haloarcula marismortui","Haloarcula marismortui",1158,NA,1,1,NA,1,1,1,1
NA,"Methanobacteriota","Halobacteria","Halobacteriales","Haloarculaceae","Haloarcula","Haloarcula sp. CBA1115","Haloarcula sp. CBA1115",1159,NA,1,NA,NA,NA,NA,NA,1
NA,"Bacillota","Bacilli","Bacillales","Bacillaceae","Halobacillus","Halobacillus halophilus","Halobacillus halophilus",1160,1,1,2,NA,1,3,4,NA
NA,"Bdellovibrionota","Bacteriovoracia","Bacteriovoracales","Halobacteriovoraceae","Halobacteriovorax","Halobacteriovorax marinus","Halobacteriovorax marinus",1161,1,NA,1,NA,2,3,NA,NA
NA,"Methanobacteriota","Halobacteria","Halobacteriales","Halobacteriaceae","Halobacterium","Halobacterium hubeiense","Halobacterium hubeiense",1162,2,3,1,3,NA,NA,NA,2
NA,"Methanobacteriota","Halobacteria","Halobacteriales","Halobacteriaceae","Halobacterium","Halobacterium salinarum","Halobacterium salinarum",1163,NA,NA,1,2,NA,1,NA,2
NA,"Methanobacteriota","Halobacteria","Halobacteriales","Halobacteriaceae","Halobacterium","Halobacterium sp. DL1","Halobacterium sp. DL1",1164,1,2,4,2,NA,NA,NA,NA
NA,"Bacillota","Clostridia","Halanaerobiales","Halobacteroidaceae","Halobacteroides","Halobacteroides halobius","Halobacteroides halobius",1165,NA,1,NA,1,1,2,NA,1
NA,"Pseudomonadota","Alphaproteobacteria","Rhodobacterales","Roseobacteraceae","Falsihalocynthiibacter","Falsihalocynthiibacter arcticus","Halocynthiibacter arcticus",1166,2,NA,NA,NA,NA,NA,1,NA
NA,"Methanobacteriota","Halobacteria","Halobacteriales","Haloferacaceae","Haloferax","Haloferax gibbonsii","Haloferax gibbonsii",1167,2,NA,NA,4,2,1,NA,NA
NA,"Methanobacteriota","Halobacteria","Halobacteriales","Haloferacaceae","Haloferax","Haloferax mediterranei","Haloferax mediterranei",1168,NA,NA,1,2,3,NA,1,NA
NA,"Methanobacteriota","Halobacteria","Halobacteriales","Haloferacaceae","Haloferax","Haloferax volcanii","Haloferax volcanii",1169,1,NA,2,5,NA,1,NA,1
NA,"Methanobacteriota","Halobacteria","Halobacteriales","Haloferacaceae","Halogeometricum","Halogeometricum borinquense","Halogeometricum borinquense",1170,1,2,NA,3,NA,1,1,NA
NA,"Methanobacteriota","Halobacteria","Halobacteriales","Haloarculaceae","Halomicrobium","Halomicrobium mukohataei","Halomicrobium mukohataei",1171,NA,NA,3,1,NA,NA,1,1
NA,"Pseudomonadota","Gammaproteobacteria","Oceanospirillales","Halomonadaceae","Halomonas","Halomonas campaniensis","Halomonas campaniensis",1172,2,1,NA,1,1,1,NA,1
NA,"Pseudomonadota","Gammaproteobacteria","Oceanospirillales","Halomonadaceae","Halomonas","Halomonas chromatireducens","Halomonas chromatireducens",1173,4,4,9,5,4,4,3,NA
NA,"Pseudomonadota","Gammaproteobacteria","Oceanospirillales","Halomonadaceae","Halomonas","Halomonas elongata","Halomonas elongata",1174,6,4,6,8,1,3,3,2
NA,"Pseudomonadota","Gammaproteobacteria","Oceanospirillales","Halomonadaceae","Halomonas","Halomonas huangheensis","Halomonas huangheensis",1175,NA,2,4,1,NA,1,1,4
NA,"Pseudomonadota","Gammaproteobacteria","Oceanospirillales","Halomonadaceae","Halomonas","Halomonas sp. KO116","Halomonas sp. KO116",1176,4,1,5,4,2,2,2,2
NA,"Methanobacteriota","Halobacteria","Halobacteriales","o_Halobacteriales","o_Halobacteriales","halophilic archaeon DL31","halophilic archaeon DL31",1177,NA,NA,NA,NA,1,NA,NA,NA
NA,"Methanobacteriota","Halobacteria","Halobacteriales","Natrialbaceae","Halopiger","Halopiger xanaduensis","Halopiger xanaduensis",1178,1,NA,2,1,NA,NA,1,2
NA,"Methanobacteriota","Halobacteria","Halobacteriales","Haloferacaceae","Haloquadratum","Haloquadratum walsbyi","Haloquadratum walsbyi",1179,2,NA,NA,NA,NA,NA,NA,3
NA,"Methanobacteriota","Halobacteria","Halobacteriales","Haloarculaceae","Halorhabdus","Halorhabdus tiamatea","Halorhabdus tiamatea",1180,1,NA,2,NA,NA,2,NA,NA
NA,"Methanobacteriota","Halobacteria","Halobacteriales","Haloarculaceae","Halorhabdus","Halorhabdus utahensis","Halorhabdus utahensis",1181,1,3,1,1,1,1,NA,1
NA,"Pseudomonadota","Gammaproteobacteria","Chromatiales","Ectothiorhodospiraceae","Halorhodospira","Halorhodospira halophila","Halorhodospira halophila",1182,1,3,3,2,1,NA,3,1
NA,"Methanobacteriota","Halobacteria","Halobacteriales","Haloferacaceae","Halorubrum","Halorubrum lacusprofundi","Halorubrum lacusprofundi",1183,1,1,NA,NA,NA,1,1,1
NA,"Methanobacteriota","Halobacteria","Halobacteriales","Natrialbaceae","Halostagnicola","Halostagnicola larsenii","Halostagnicola larsenii",1184,NA,2,2,1,NA,1,NA,1
NA,"Pseudomonadota","Gammaproteobacteria","Oceanospirillales","Halomonadaceae","Halotalea","Halotalea alkalilenta","Halotalea alkalilenta",1185,8,3,4,3,2,3,1,3
NA,"Methanobacteriota","Halobacteria","Halobacteriales","Natrialbaceae","Haloterrigena","Haloterrigena turkmenica","Haloterrigena turkmenica",1186,NA,1,NA,1,NA,1,NA,NA
NA,"Cyanobacteriota","Cyanophyceae","Chroococcales","Halothecacae","Halothece","Halothece sp. PCC 7418","Halothece sp. PCC 7418",1187,NA,1,2,NA,NA,1,NA,1
NA,"Bacillota","Clostridia","Halanaerobiales","Halothermotrichaceae","Halothermothrix","Halothermothrix orenii","Halothermothrix orenii",1188,1,1,NA,NA,1,2,1,3
NA,"Pseudomonadota","Gammaproteobacteria","Chromatiales","Halothiobacillaceae","Halothiobacillus","Halothiobacillus neapolitanus","Halothiobacillus neapolitanus",1189,4,1,2,2,2,1,NA,1
NA,"Pseudomonadota","Gammaproteobacteria","Chromatiales","Halothiobacillaceae","Halothiobacillus","Halothiobacillus diazotrophicus","Halothiobacillus sp. LS2",1190,4,1,3,4,NA,3,2,3
NA,"Uroviricota","Caudoviricetes","Thumleimavirales","Halomagnusviridae","Hagravirus","Hagravirus capitaneum","Halovirus HGTV-1",1191,NA,NA,1,NA,NA,NA,NA,NA
NA,"Uroviricota","Caudoviricetes","c_Caudoviricetes","Madisaviridae","Clampvirus","Clampvirus italiense","Halovirus HHTV-1",1192,NA,NA,1,1,NA,NA,NA,NA
NA,"Campylobacterota","Epsilonproteobacteria","Campylobacterales","Helicobacteraceae","Helicobacter","Helicobacter acinonychis","Helicobacter acinonychis",1193,NA,NA,NA,1,NA,2,NA,NA
NA,"Campylobacterota","Epsilonproteobacteria","Campylobacterales","Helicobacteraceae","Helicobacter","Helicobacter cetorum","Helicobacter cetorum",1194,1,NA,NA,NA,1,2,1,NA
NA,"Campylobacterota","Epsilonproteobacteria","Campylobacterales","Helicobacteraceae","Helicobacter","Helicobacter cinaedi","Helicobacter cinaedi",1195,1,1,NA,NA,NA,NA,1,NA
NA,"Campylobacterota","Epsilonproteobacteria","Campylobacterales","Helicobacteraceae","Helicobacter","Helicobacter felis","Helicobacter felis",1196,NA,NA,NA,NA,3,NA,NA,1
NA,"Campylobacterota","Epsilonproteobacteria","Campylobacterales","Helicobacteraceae","Helicobacter","Helicobacter hepaticus","Helicobacter hepaticus",1197,1,1,NA,NA,1,NA,2,NA
NA,"Campylobacterota","Epsilonproteobacteria","Campylobacterales","Helicobacteraceae","Helicobacter","Helicobacter himalayensis","Helicobacter himalayensis",1198,2,NA,NA,1,NA,NA,NA,NA
NA,"Campylobacterota","Epsilonproteobacteria","Campylobacterales","Helicobacteraceae","Helicobacter","Helicobacter mustelae","Helicobacter mustelae",1199,NA,1,NA,1,NA,1,1,NA
NA,"Campylobacterota","Epsilonproteobacteria","Campylobacterales","Helicobacteraceae","Helicobacter","Helicobacter pylori","Helicobacter pylori",1200,4,3,3,3,4,4,7,3
NA,"Campylobacterota","Epsilonproteobacteria","Campylobacterales","Helicobacteraceae","Helicobacter","Helicobacter enhydrae","Helicobacter sp. MIT 01-6242",1201,5,NA,1,1,3,2,NA,1
NA,"Campylobacterota","Epsilonproteobacteria","Campylobacterales","Helicobacteraceae","Helicobacter","Helicobacter typhlonius","Helicobacter typhlonius",1202,NA,NA,NA,1,1,NA,1,NA
NA,"Bacillota","Clostridia","Eubacteriales","Heliobacteriaceae","Heliomicrobium","Heliomicrobium modesticaldum","Heliomicrobium modesticaldum",1203,2,6,6,4,5,3,5,8
NA,"Pseudomonadota","Betaproteobacteria","Burkholderiales","Oxalobacteraceae","Herbaspirillum","g_Herbaspirillum","Herbaspirillum",1204,NA,NA,1,NA,NA,NA,NA,NA
NA,"Pseudomonadota","Betaproteobacteria","Burkholderiales","Oxalobacteraceae","Herbaspirillum","Herbaspirillum hiltneri","Herbaspirillum hiltneri",1205,8,4,3,7,8,1,4,5
NA,"Pseudomonadota","Betaproteobacteria","Burkholderiales","Oxalobacteraceae","Herbaspirillum","Herbaspirillum rubrisubalbicans","Herbaspirillum rubrisubalbicans",1206,5,5,13,8,3,2,5,2
NA,"Pseudomonadota","Betaproteobacteria","Burkholderiales","Oxalobacteraceae","Herbaspirillum","Herbaspirillum seropedicae","Herbaspirillum seropedicae",1207,7,9,7,11,4,2,8,3
NA,"Pseudomonadota","Betaproteobacteria","Burkholderiales","Oxalobacteraceae","Herminiimonas","Herminiimonas arsenicoxydans","Herminiimonas arsenicoxydans",1208,1,3,3,2,NA,1,3,2
NA,"Campylobacterota","Desulfurellia","Desulfurellales","Hippeaceae","Hippea","Hippea maritima","Hippea maritima",1209,NA,NA,1,NA,2,1,1,1
NA,"Pseudomonadota","Alphaproteobacteria","Hyphomonadales","Hyphomonadaceae","Hirschia","Hirschia baltica","Hirschia baltica",1210,2,4,2,2,NA,NA,NA,3
NA,"Pseudomonadota","Gammaproteobacteria","Pasteurellales","Pasteurellaceae","Histophilus","Histophilus somni","Histophilus somni",1211,6,2,1,3,1,2,NA,1
NA,"Pseudomonadota","Alphaproteobacteria","Hyphomicrobiales","Rhizobiaceae","Hoeflea","Hoeflea sp. IMCC20628","Hoeflea sp. IMCC20628",1212,2,1,1,3,1,3,2,NA
NA,"Chordata","Mammalia","Primates","Hominidae","Homo","Homo sapiens","Homo sapiens",1213,585,389,234,386,603,426,442,424
NA,"Cressdnaviricota","Repensiviricetes","Geplafuvirales","Geminiviridae","Begomovirus","Begomovirus macrotylomae","Honeysuckle yellow vein virus",1214,1,NA,NA,NA,NA,NA,NA,NA
NA,"Artverviricota","Revtraviricetes","Ortervirales","Caulimoviridae","Caulimovirus","Caulimovirus latensarmoraciae","Horseradish latent virus",1215,NA,NA,NA,2,3,NA,NA,NA
NA,"Actinomycetota","Actinomycetes","Mycobacteriales","Hoyosellaceae","Hoyosella","g_Hoyosella","Hoyosella",1216,1,NA,NA,NA,1,NA,NA,NA
NA,"Actinomycetota","Actinomycetes","Mycobacteriales","Hoyosellaceae","Hoyosella","Hoyosella subflava","Hoyosella subflava",1217,3,1,2,NA,2,NA,2,1
NA,"Aquificota","Aquificia","Aquificales","Aquificaceae","Hydrogenobacter","Hydrogenobacter thermophilus","Hydrogenobacter thermophilus",1218,1,NA,1,1,NA,NA,1,NA
NA,"Aquificota","Aquificia","Aquificales","Aquificaceae","Hydrogenobaculum","Hydrogenobaculum sp. 3684","Hydrogenobaculum sp. 3684",1219,2,2,3,NA,NA,2,2,3
NA,"Aquificota","Aquificia","Aquificales","Aquificaceae","Hydrogenobaculum","Hydrogenobaculum sp. HO","Hydrogenobaculum sp. HO",1220,2,2,3,NA,NA,2,2,3
NA,"Aquificota","Aquificia","Aquificales","Aquificaceae","Hydrogenobaculum","Hydrogenobaculum sp. SHO","Hydrogenobaculum sp. SHO",1221,2,2,3,NA,NA,2,2,3
NA,"Aquificota","Aquificia","Aquificales","Aquificaceae","Hydrogenobaculum","Hydrogenobaculum sp. SN","Hydrogenobaculum sp. SN",1222,2,2,3,NA,NA,2,2,3
NA,"Aquificota","Aquificia","Aquificales","Aquificaceae","Hydrogenobaculum","Hydrogenobaculum sp. Y04AAS1","Hydrogenobaculum sp. Y04AAS1",1223,2,2,3,NA,NA,1,NA,3
NA,"Pseudomonadota","Betaproteobacteria","Burkholderiales","Comamonadaceae","Hydrogenophaga","Hydrogenophaga crassostreae","Hydrogenophaga sp. LPB0072",1224,4,2,4,4,5,3,3,3
NA,"Pseudomonadota","Betaproteobacteria","Burkholderiales","Comamonadaceae","Hydrogenophaga","Hydrogenophaga sp. PBC","Hydrogenophaga sp. PBC",1225,4,5,9,6,1,5,11,8
NA,"Pseudomonadota","Betaproteobacteria","Burkholderiales","Comamonadaceae","Hydrogenophaga","Hydrogenophaga sp. RAC07","Hydrogenophaga sp. RAC07",1226,5,3,5,7,3,6,3,1
NA,"Bacteroidota","Cytophagia","Cytophagales","Hymenobacteraceae","Hymenobacter","Hymenobacter sp. APR13","Hymenobacter sp. APR13",1227,12,18,10,18,7,7,6,6
NA,"Bacteroidota","Cytophagia","Cytophagales","Hymenobacteraceae","Hymenobacter","Hymenobacter sp. DG25A","Hymenobacter sp. DG25A",1228,10,5,4,16,5,6,8,8
NA,"Bacteroidota","Cytophagia","Cytophagales","Hymenobacteraceae","Hymenobacter","Hymenobacter sp. DG25B","Hymenobacter sp. DG25B",1229,14,9,12,13,16,3,4,6
NA,"Bacteroidota","Cytophagia","Cytophagales","Hymenobacteraceae","Hymenobacter","Hymenobacter sedentarius","Hymenobacter sp. DG5B",1230,10,9,12,14,11,7,7,11
NA,"Bacteroidota","Cytophagia","Cytophagales","Hymenobacteraceae","Hymenobacter","Hymenobacter psoromatis","Hymenobacter sp. PAMC 26554",1231,17,16,10,12,12,6,9,13
NA,"Bacteroidota","Cytophagia","Cytophagales","Hymenobacteraceae","Hymenobacter","Hymenobacter sp. PAMC 26628","Hymenobacter sp. PAMC 26628",1232,9,12,11,15,9,8,8,9
NA,"Bacteroidota","Cytophagia","Cytophagales","Hymenobacteraceae","Hymenobacter","Hymenobacter swuensis","Hymenobacter swuensis",1233,9,8,7,11,8,4,9,5
NA,"Thermoproteota","Thermoprotei","Desulfurococcales","Pyrodictiaceae","Hyperthermus","Hyperthermus butylicus","Hyperthermus butylicus",1234,NA,2,NA,NA,NA,NA,NA,NA
NA,"Pseudomonadota","Alphaproteobacteria","Hyphomicrobiales","Hyphomicrobiaceae","Hyphomicrobium","g_Hyphomicrobium","Hyphomicrobium",1235,NA,NA,1,NA,NA,NA,1,NA
NA,"Pseudomonadota","Alphaproteobacteria","Hyphomicrobiales","Hyphomicrobiaceae","Hyphomicrobium","Hyphomicrobium denitrificans","Hyphomicrobium denitrificans",1236,3,5,7,4,6,5,6,1
NA,"Pseudomonadota","Alphaproteobacteria","Hyphomicrobiales","Hyphomicrobiaceae","Hyphomicrobium","Hyphomicrobium nitrativorans","Hyphomicrobium nitrativorans",1237,2,3,7,5,1,2,1,4
NA,"Pseudomonadota","Alphaproteobacteria","Hyphomicrobiales","Hyphomicrobiaceae","Hyphomicrobium","Hyphomicrobium sp. MC1","Hyphomicrobium sp. MC1",1238,2,4,5,2,1,2,1,2
NA,"Pseudomonadota","Alphaproteobacteria","Hyphomonadales","Hyphomonadaceae","Hyphomonas","Hyphomonas neptunium","Hyphomonas neptunium",1239,1,3,NA,1,NA,1,NA,1
NA,"Pseudomonadota","Alphaproteobacteria","Hyphomonadales","Hyphomonadaceae","Hyphomonas","Hyphomonas sp. Mor2","Hyphomonas sp. Mor2",1240,1,NA,2,1,1,1,2,3
NA,"Pseudomonadota","Gammaproteobacteria","Alteromonadales","Idiomarinaceae","Idiomarina","Idiomarina loihiensis","Idiomarina loihiensis",1241,2,1,NA,NA,1,3,1,2
NA,"Ignavibacteriota","Ignavibacteria","Ignavibacteriales","Ignavibacteriaceae","Ignavibacterium","Ignavibacterium album","Ignavibacterium album",1242,2,1,NA,1,2,5,2,2
NA,"Actinomycetota","Acidimicrobiia","Acidimicrobiales","Ilumatobacteraceae","Ilumatobacter","g_Ilumatobacter","Ilumatobacter",1243,NA,NA,1,NA,NA,NA,NA,NA
NA,"Actinomycetota","Acidimicrobiia","Acidimicrobiales","Ilumatobacteraceae","Ilumatobacter","Ilumatobacter coccineus","Ilumatobacter coccineus",1244,9,7,6,8,4,1,3,1
NA,"Fusobacteriota","Fusobacteriia","Fusobacteriales","Fusobacteriaceae","Ilyobacter","Ilyobacter polytropus","Ilyobacter polytropus",1245,4,6,NA,4,6,6,6,6
NA,"Cressdnaviricota","Repensiviricetes","Geplafuvirales","Geminiviridae","Begomovirus","Begomovirus manihotisindianense","Indian cassava mosaic virus",1246,NA,NA,NA,1,NA,NA,NA,NA
NA,"Bacillota","Clostridia","Eubacteriales","o_Eubacteriales","Intestinimonas","Intestinimonas butyriciproducens","Intestinimonas butyriciproducens",1247,56,80,70,82,42,72,62,88
NA,"Actinomycetota","Actinomycetes","Micrococcales","Intrasporangiaceae","Intrasporangium","Intrasporangium calvum","Intrasporangium calvum",1248,2,3,3,3,2,1,NA,NA
NA,"Actinomycetota","Actinomycetes","Micrococcales","Promicromonosporaceae","Isoptericola","g_Isoptericola","Isoptericola",1249,1,NA,NA,NA,1,NA,NA,NA
NA,"Actinomycetota","Actinomycetes","Micrococcales","Promicromonosporaceae","Isoptericola","Isoptericola dokdonensis","Isoptericola dokdonensis",1250,4,5,5,2,4,2,2,6
NA,"Actinomycetota","Actinomycetes","Micrococcales","Promicromonosporaceae","Isoptericola","Isoptericola variabilis","Isoptericola variabilis",1251,1,4,6,2,1,NA,2,NA
NA,"Planctomycetota","Planctomycetia","Isosphaerales","Isosphaeraceae","Isosphaera","Isosphaera pallida","Isosphaera pallida",1252,1,NA,3,1,1,2,NA,NA
NA,"Pseudomonadota","Alphaproteobacteria","Rhodobacterales","Roseobacteraceae","Jannaschia","Jannaschia sp. CCS1","Jannaschia sp. CCS1",1253,1,1,5,1,NA,2,NA,1
NA,"Pseudomonadota","Betaproteobacteria","Burkholderiales","Oxalobacteraceae","Janthinobacterium","Janthinobacterium agaricidamnosum","Janthinobacterium agaricidamnosum",1254,NA,3,6,2,3,1,3,7
NA,"Pseudomonadota","Betaproteobacteria","Burkholderiales","Oxalobacteraceae","Janthinobacterium","Janthinobacterium sp. 1_2014MBL_MicDiv","Janthinobacterium sp. 1_2014MBL_MicDiv",1255,4,4,4,5,3,4,9,9
NA,"Pseudomonadota","Betaproteobacteria","Burkholderiales","Oxalobacteraceae","Janthinobacterium","Janthinobacterium sp. B9-8","Janthinobacterium sp. B9-8",1256,NA,1,NA,3,1,1,NA,2
NA,"Pseudomonadota","Betaproteobacteria","Burkholderiales","Oxalobacteraceae","Janthinobacterium","Janthinobacterium sp. Marseille","Janthinobacterium sp. Marseille",1257,1,2,1,1,1,3,4,1
NA,"Pseudomonadota","Betaproteobacteria","Neisseriales","Chitinibacteraceae","Jeongeupia","Jeongeupia sp. USM3","Jeongeupia sp. USM3",1258,3,8,2,7,4,2,NA,6
NA,"Bacillota","Bacilli","Bacillales","Caryophanaceae","Jeotgalibacillus","Jeotgalibacillus malaysiensis","Jeotgalibacillus malaysiensis",1259,NA,1,1,1,3,5,6,5
NA,"Actinomycetota","Actinomycetes","Micrococcales","Jonesiaceae","Jonesia","Jonesia denitrificans","Jonesia denitrificans",1260,2,1,1,4,NA,1,1,NA
NA,"Pseudomonadota","Gammaproteobacteria","Kangiellales","Kangiellaceae","Kangiella","Kangiella geojedonensis","Kangiella geojedonensis",1261,NA,1,1,NA,1,2,6,NA
NA,"Pseudomonadota","Gammaproteobacteria","Kangiellales","Kangiellaceae","Kangiella","Kangiella koreensis","Kangiella koreensis",1262,NA,NA,NA,1,1,1,5,2
NA,"Pseudomonadota","Gammaproteobacteria","Kangiellales","Kangiellaceae","Kangiella","Kangiella sediminilitoris","Kangiella sediminilitoris",1263,NA,NA,NA,NA,3,NA,NA,2
NA,"Pseudomonadota","Alphaproteobacteria","Rhodobacterales","Roseobacteraceae","Ketogulonicigenium","Ketogulonicigenium vulgare","Ketogulonicigenium vulgare",1264,3,2,2,3,1,2,NA,3
NA,"Actinomycetota","Actinomycetes","Pseudonocardiales","Pseudonocardiaceae","Kibdelosporangium","Kibdelosporangium phytohabitans","Kibdelosporangium phytohabitans",1265,4,2,9,3,4,2,2,3
NA,"Actinomycetota","Actinomycetes","Kineosporiales","Kineosporiaceae","Kineococcus","Kineococcus radiotolerans","Kineococcus radiotolerans",1266,NA,6,4,2,3,NA,3,5
NA,"Pseudomonadota","Betaproteobacteria","c_Betaproteobacteria","c_Betaproteobacteria","Candidatus Kinetoplastidibacterium","Candidatus Kinetoplastidibacterium blastocrithidiae","Candidatus Kinetoplastidibacterium blastocrithidiae",1267,NA,NA,NA,NA,NA,1,NA,2
NA,"Pseudomonadota","Betaproteobacteria","Neisseriales","Neisseriaceae","Kingella","g_Kingella","Kingella
 
 <b-proteobacteria>
 
",1268,NA,NA,NA,NA,NA,1,1,NA
NA,"Pseudomonadota","Betaproteobacteria","Neisseriales","Neisseriaceae","Kingella","Kingella kingae","Kingella kingae",1269,2,NA,1,2,2,3,2,1
NA,"Actinomycetota","Actinomycetes","Kitasatosporales","Streptomycetaceae","Kitasatospora","Kitasatospora setae","Kitasatospora setae",1270,5,3,7,9,NA,1,4,2
NA,"Pseudomonadota","Gammaproteobacteria","Enterobacterales","Enterobacteriaceae","Klebsiella","g_Klebsiella","Klebsiella",1271,2,2,NA,NA,1,NA,NA,4
NA,"Pseudomonadota","Gammaproteobacteria","Enterobacterales","Enterobacteriaceae","Klebsiella","Klebsiella michiganensis","Klebsiella michiganensis",1272,9,9,5,2,5,11,21,13
NA,"Pseudomonadota","Gammaproteobacteria","Enterobacterales","Enterobacteriaceae","Klebsiella","Klebsiella oxytoca","Klebsiella oxytoca",1273,11,15,12,11,12,24,44,23
NA,"Pseudomonadota","Gammaproteobacteria","Enterobacterales","Enterobacteriaceae","Klebsiella","Klebsiella pneumoniae","Klebsiella pneumoniae",1274,22,22,11,19,311,788,2571,1097
NA,"Pseudomonadota","Gammaproteobacteria","Enterobacterales","Enterobacteriaceae","Klebsiella","Klebsiella quasipneumoniae","Klebsiella quasipneumoniae",1275,4,4,6,6,10,17,46,18
NA,"Pseudomonadota","Gammaproteobacteria","Enterobacterales","Enterobacteriaceae","Pluralibacter","Enterobacter lignolyticus","[Enterobacter] lignolyticus",1276,2,4,5,10,1,5,3,2
NA,"Pseudomonadota","Gammaproteobacteria","Enterobacterales","Enterobacteriaceae","Klebsiella","Klebsiella sp. LTGPAF-6F","Klebsiella sp. LTGPAF-6F",1277,4,5,8,4,3,4,5,4
NA,"Pseudomonadota","Gammaproteobacteria","Enterobacterales","Enterobacteriaceae","Klebsiella","Klebsiella variicola","Klebsiella variicola",1278,9,14,8,11,78,185,1279,267
NA,"Pseudomonadota","Gammaproteobacteria","Enterobacterales","Enterobacteriaceae","Kluyvera","Kluyvera intermedia","Kluyvera intermedia",1279,2,4,2,3,4,2,9,6
NA,"Actinomycetota","Actinomycetes","Micrococcales","Micrococcaceae","Kocuria","Kocuria flava","Kocuria flava",1280,1,6,2,2,NA,1,5,1
NA,"Actinomycetota","Actinomycetes","Micrococcales","Micrococcaceae","Kocuria","Kocuria palustris","Kocuria palustris",1281,3,3,6,3,1,NA,NA,6
NA,"Actinomycetota","Actinomycetes","Micrococcales","Micrococcaceae","Kocuria","Kocuria rhizophila","Kocuria rhizophila",1282,3,3,4,3,1,NA,2,3
NA,"Pseudomonadota","Alphaproteobacteria","Acetobacterales","Acetobacteraceae","Komagataeibacter","Komagataeibacter medellinensis","Komagataeibacter medellinensis",1283,2,5,5,4,1,2,NA,3
NA,"Pseudomonadota","Alphaproteobacteria","Acetobacterales","Acetobacteraceae","Komagataeibacter","Komagataeibacter xylinus","Komagataeibacter xylinus",1284,2,5,5,1,1,5,1,NA
NA,"Pseudomonadota","Gammaproteobacteria","Enterobacterales","Enterobacteriaceae","Kosakonia","Kosakonia oryzae","Kosakonia oryzae",1285,NA,1,1,1,2,6,6,3
NA,"Pseudomonadota","Gammaproteobacteria","Enterobacterales","Enterobacteriaceae","Kosakonia","Kosakonia sacchari","Kosakonia sacchari",1286,NA,5,5,2,2,7,2,7
NA,"Thermotogota","Thermotogae","Kosmotogales","Kosmotogaceae","Kosmotoga","Kosmotoga olearia","Kosmotoga olearia",1287,3,NA,NA,1,3,NA,NA,NA
NA,"Thermotogota","Thermotogae","Kosmotogales","Kosmotogaceae","Kosmotoga","Kosmotoga pacifica","Kosmotoga pacifica",1288,NA,1,1,1,NA,1,1,1
NA,"Pseudomonadota","Alphaproteobacteria","Acetobacterales","Acetobacteraceae","Kozakia","Kozakia baliensis","Kozakia baliensis",1289,NA,NA,2,NA,1,3,1,NA
NA,"Actinomycetota","Actinomycetes","Propionibacteriales","Kribbellaceae","Kribbella","Kribbella flavida","Kribbella flavida",1290,NA,4,9,1,2,6,NA,4
NA,"Bacillota","Bacilli","Bacillales","Caryophanaceae","Kurthia","Kurthia sp. 11kri321","Kurthia sp. 11kri321",1291,2,2,2,2,4,3,3,NA
NA,"Actinomycetota","Actinomycetes","Pseudonocardiales","Pseudonocardiaceae","Kutzneria","g_Kutzneria","Kutzneria",1292,NA,NA,NA,1,NA,NA,NA,1
NA,"Actinomycetota","Actinomycetes","Pseudonocardiales","Pseudonocardiaceae","Kutzneria","Kutzneria albida","Kutzneria albida",1293,5,6,10,6,3,6,3,3
NA,"Bacillota","Bacilli","Bacillales","Alicyclobacillaceae","Kyrpidia","Kyrpidia tusciae","Kyrpidia tusciae",1294,1,5,3,4,2,5,1,2
NA,"Actinomycetota","Actinomycetes","Micrococcales","Kytococcaceae","Kytococcus","Kytococcus sedentarius","Kytococcus sedentarius",1295,NA,2,9,3,3,1,4,3
NA,"Pseudomonadota","Alphaproteobacteria","Hyphomicrobiales","Stappiaceae","Labrenzia","Labrenzia sp. CP4","Labrenzia sp. CP4",1296,6,4,1,2,NA,5,1,1
NA,"Bacillota","Clostridia","Lachnospirales","Lachnospiraceae","Lachnoclostridium","Lachnoclostridium phytofermentans","Lachnoclostridium phytofermentans",1297,2,3,3,2,26,70,41,46
NA,"Bacillota","Clostridia","Lachnospirales","Lachnospiraceae","Lachnoclostridium","Lachnoclostridium sp. YL32","Lachnoclostridium sp. YL32",1298,21,39,30,47,60,151,116,106
NA,"Pseudomonadota","Gammaproteobacteria","Alteromonadales","Alteromonadaceae","Lacimicrobium","Lacimicrobium alkaliphilum","Lacimicrobium alkaliphilum",1299,3,9,5,4,2,3,2,5
NA,"Bacteroidota","Flavobacteriia","Flavobacteriales","Flavobacteriaceae","Lacinutrix","Lacinutrix sp. 5H-3-7-4","Lacinutrix sp. 5H-3-7-4",1300,1,NA,NA,NA,NA,3,1,2
NA,"Bacillota","Bacilli","Lactobacillales","Lactobacillaceae","Lactobacillus","g_Lactobacillus","Lactobacillus",1301,NA,2,NA,NA,NA,NA,NA,NA
NA,"Bacillota","Bacilli","Lactobacillales","Lactobacillaceae","Lactobacillus","Lactobacillus acetotolerans","Lactobacillus acetotolerans",1302,NA,NA,NA,NA,NA,2,3,4
NA,"Bacillota","Bacilli","Lactobacillales","Lactobacillaceae","Lactobacillus","Lactobacillus acidophilus","Lactobacillus acidophilus",1303,16,19,12,15,17,18,17,8
NA,"Bacillota","Bacilli","Lactobacillales","Lactobacillaceae","Lactobacillus","Lactobacillus amylovorus","Lactobacillus amylovorus",1304,8,10,4,10,13,7,8,6
NA,"Bacillota","Bacilli","Lactobacillales","Lactobacillaceae","Loigolactobacillus","Loigolactobacillus backii","Lactobacillus backii",1305,1,2,2,2,NA,1,6,NA
NA,"Bacillota","Bacilli","Lactobacillales","Lactobacillaceae","Levilactobacillus","Levilactobacillus brevis","Levilactobacillus brevis",1306,3,2,NA,NA,2,NA,1,NA
NA,"Bacillota","Bacilli","Lactobacillales","Lactobacillaceae","Lentilactobacillus","Lentilactobacillus buchneri","Lentilactobacillus buchneri",1307,2,1,NA,2,2,NA,1,2
NA,"Bacillota","Bacilli","Lactobacillales","Lactobacillaceae","Lacticaseibacillus","Lacticaseibacillus casei","Lacticaseibacillus casei",1308,6,3,4,4,4,5,8,1
NA,"Bacillota","Bacilli","Lactobacillales","Lactobacillaceae","Latilactobacillus","Latilactobacillus curvatus","Latilactobacillus curvatus",1309,NA,NA,NA,1,NA,1,3,NA
NA,"Bacillota","Bacilli","Lactobacillales","Lactobacillaceae","Lactobacillus","Lactobacillus delbrueckii","Lactobacillus delbrueckii",1310,2,2,3,1,3,5,NA,4
NA,"Bacillota","Bacilli","Lactobacillales","Lactobacillaceae","Limosilactobacillus","Limosilactobacillus fermentum","Limosilactobacillus fermentum",1311,1,1,1,2,1,1,3,2
NA,"Bacillota","Bacilli","Lactobacillales","Lactobacillaceae","Lactobacillus","Lactobacillus gallinarum","Lactobacillus gallinarum",1312,2,3,1,NA,NA,1,4,NA
NA,"Bacillota","Bacilli","Lactobacillales","Lactobacillaceae","Lactobacillus","Lactobacillus gasseri","Lactobacillus gasseri",1313,NA,NA,NA,2,NA,2,3,1
NA,"Bacillota","Bacilli","Lactobacillales","Lactobacillaceae","Companilactobacillus","Companilactobacillus ginsenosidimutans","Lactobacillus ginsenosidimutans",1314,2,1,1,NA,4,2,2,2
NA,"Bacillota","Bacilli","Lactobacillales","Lactobacillaceae","Companilactobacillus","Companilactobacillus heilongjiangensis","Lactobacillus heilongjiangensis",1315,NA,2,NA,NA,NA,3,3,3
NA,"Bacillota","Bacilli","Lactobacillales","Lactobacillaceae","Lactobacillus","Lactobacillus helveticus","Lactobacillus helveticus",1316,2,3,2,2,1,3,8,2
NA,"Bacillota","Bacilli","Lactobacillales","Lactobacillaceae","Paucilactobacillus","Paucilactobacillus hokkaidonensis","Paucilactobacillus hokkaidonensis",1317,1,NA,1,NA,NA,1,3,NA
NA,"Bacillota","Bacilli","Lactobacillales","Lactobacillaceae","Lactobacillus","Lactobacillus johnsonii","Lactobacillus johnsonii",1318,7,8,3,10,9,8,10,3
NA,"Bacillota","Bacilli","Lactobacillales","Lactobacillaceae","Lactobacillus","Lactobacillus kefiranofaciens","Lactobacillus kefiranofaciens",1319,NA,NA,NA,2,NA,1,1,1
NA,"Bacillota","Bacilli","Lactobacillales","Lactobacillaceae","Levilactobacillus","Levilactobacillus koreensis","Levilactobacillus koreensis",1320,2,NA,NA,1,2,1,NA,NA
NA,"Bacillota","Bacilli","Lactobacillales","Lactobacillaceae","Apilactobacillus","Apilactobacillus kunkeei","Apilactobacillus kunkeei",1321,1,NA,NA,1,3,NA,NA,1
NA,"Bacillota","Bacilli","Lactobacillales","Lactobacillaceae","Fructilactobacillus","Fructilactobacillus lindneri","Fructilactobacillus lindneri",1322,NA,NA,NA,1,NA,6,NA,NA
NA,"Bacillota","Bacilli","Lactobacillales","Lactobacillaceae","Limosilactobacillus","Limosilactobacillus mucosae","Limosilactobacillus mucosae",1323,7,8,6,9,7,10,10,3
NA,"Bacillota","Bacilli","Lactobacillales","Lactobacillaceae","Lacticaseibacillus","Lacticaseibacillus paracasei","Lacticaseibacillus paracasei",1324,2,3,NA,NA,NA,2,3,3
NA,"Bacillota","Bacilli","Lactobacillales","Lactobacillaceae","Secundilactobacillus","Secundilactobacillus paracollinoides","Secundilactobacillus paracollinoides",1325,6,5,3,3,3,2,2,5
NA,"Bacillota","Bacilli","Lactobacillales","Lactobacillaceae","Lactiplantibacillus","Lactiplantibacillus paraplantarum","Lactiplantibacillus paraplantarum",1326,2,NA,NA,1,NA,1,1,2
NA,"Bacillota","Bacilli","Lactobacillales","Lactobacillaceae","Lactiplantibacillus","Lactiplantibacillus plantarum","Lactiplantibacillus plantarum",1327,4,1,2,1,2,NA,1,5
NA,"Bacillota","Bacilli","Lactobacillales","Lactobacillaceae","Limosilactobacillus","Limosilactobacillus reuteri","Limosilactobacillus reuteri",1328,8,8,4,10,6,13,10,3
NA,"Bacillota","Bacilli","Lactobacillales","Lactobacillaceae","Lacticaseibacillus","Lacticaseibacillus rhamnosus","Lacticaseibacillus rhamnosus",1329,2,5,1,1,3,2,3,4
NA,"Bacillota","Bacilli","Lactobacillales","Lactobacillaceae","Ligilactobacillus","Ligilactobacillus ruminis","Ligilactobacillus ruminis",1330,3,1,2,4,59,140,587,201
NA,"Bacillota","Bacilli","Lactobacillales","Lactobacillaceae","Latilactobacillus","Latilactobacillus sakei","Latilactobacillus sakei",1331,1,NA,NA,1,1,2,2,NA
NA,"Bacillota","Bacilli","Lactobacillales","Lactobacillaceae","Ligilactobacillus","Ligilactobacillus salivarius","Ligilactobacillus salivarius",1332,5,4,3,4,5,5,7,10
NA,"Bacillota","Bacilli","Lactobacillales","Lactobacillaceae","Fructilactobacillus","Fructilactobacillus sanfranciscensis","Fructilactobacillus sanfranciscensis",1333,1,NA,1,1,2,NA,3,1
NA,"Bacillota","Bacilli","Lactobacillales","Lactobacillaceae","Lactobacillus","Lactobacillus sp. wkB8","Lactobacillus sp. wkB8",1334,4,NA,NA,NA,1,NA,NA,NA
NA,"Bacillota","Bacilli","Lactobacillales","Streptococcaceae","Lactococcus","Lactococcus garvieae","Lactococcus garvieae",1335,4,3,NA,1,1,NA,2,2
NA,"Bacillota","Bacilli","Lactobacillales","Streptococcaceae","Lactococcus","Lactococcus lactis","Lactococcus lactis",1336,4,3,NA,1,4,13,19,8
NA,"Uroviricota","Caudoviricetes","c_Caudoviricetes","c_Caudoviricetes","c_Caudoviricetes","Lactococcus phage r1t","Lactococcus phage r1t",1337,NA,NA,NA,NA,NA,NA,1,NA
NA,"Bacillota","Bacilli","Lactobacillales","Streptococcaceae","Pseudolactococcus","Pseudolactococcus piscium","Pseudolactococcus piscium",1338,NA,2,NA,NA,2,2,3,3
NA,"Pseudomonadota","Betaproteobacteria","Neisseriales","Aquaspirillaceae","Laribacter","Laribacter hongkongensis","Laribacter hongkongensis",1339,7,3,1,1,1,NA,1,2
NA,"Actinomycetota","Actinomycetes","Mycobacteriales","Lawsonellaceae","Lawsonella","Lawsonella clevelandensis","Lawsonella clevelandensis",1340,3,2,4,1,NA,1,NA,NA
NA,"Thermodesulfobacteriota","Desulfovibrionia","Desulfovibrionales","Desulfovibrionaceae","Lawsonia","Lawsonia intracellularis","Lawsonia intracellularis",1341,NA,NA,NA,1,NA,1,2,3
NA,"Bacteroidota","Cytophagia","Cytophagales","Leadbetterellaceae","Leadbetterella","Leadbetterella byssophila","Leadbetterella byssophila",1342,4,1,2,5,7,5,4,2
NA,"Pseudomonadota","Gammaproteobacteria","Enterobacterales","Enterobacteriaceae","Leclercia","Leclercia adecarboxylata","Leclercia adecarboxylata",1343,3,2,3,5,4,6,3,2
NA,"Pseudomonadota","Gammaproteobacteria","Legionellales","Legionellaceae","Legionella","Legionella fallonii","Legionella fallonii",1344,2,NA,NA,NA,1,1,2,NA
NA,"Pseudomonadota","Gammaproteobacteria","Legionellales","Legionellaceae","Legionella","Legionella hackeliae","Legionella hackeliae",1345,NA,NA,NA,NA,1,2,2,2
NA,"Pseudomonadota","Gammaproteobacteria","Legionellales","Legionellaceae","Legionella","Legionella longbeachae","Legionella longbeachae",1346,NA,1,NA,NA,NA,NA,3,NA
NA,"Pseudomonadota","Gammaproteobacteria","Legionellales","Legionellaceae","Legionella","Legionella oakridgensis","Legionella oakridgensis",1347,NA,NA,NA,NA,1,1,2,NA
NA,"Pseudomonadota","Gammaproteobacteria","Legionellales","Legionellaceae","Legionella","Legionella pneumophila","Legionella pneumophila",1348,8,6,3,5,9,3,1,4
NA,"Actinomycetota","Actinomycetes","Micrococcales","Microbacteriaceae","Leifsonia","g_Leifsonia","Leifsonia",1349,NA,NA,1,NA,NA,NA,NA,NA
NA,"Actinomycetota","Actinomycetes","Micrococcales","Microbacteriaceae","Leifsonia","Leifsonia xyli","Leifsonia xyli",1350,6,8,15,6,7,2,5,5
NA,"Pseudomonadota","Alphaproteobacteria","Rhodobacterales","Roseobacteraceae","Leisingera","Leisingera methylohalidivorans","Leisingera methylohalidivorans",1351,1,5,4,2,2,3,1,2
NA,"Pseudomonadota","Gammaproteobacteria","Enterobacterales","Enterobacteriaceae","Lelliottia","Lelliottia amnigena","Lelliottia amnigena",1352,2,3,2,3,4,3,3,4
NA,"Bacillota","Bacilli","Bacillales","Bacillaceae","Lentibacillus","Lentibacillus amyloliquefaciens","Lentibacillus amyloliquefaciens",1353,7,4,1,1,2,5,1,3
NA,"Actinomycetota","Actinomycetes","Pseudonocardiales","Pseudonocardiaceae","Lentzea","Lentzea guizhouensis","Lentzea sp. DHS C013",1354,3,2,4,1,1,1,1,2
NA,"Cyanobacteriota","Cyanophyceae","Leptolyngbyales","Leptolyngbyaceae","Leptolyngbya","Leptolyngbya sp. NIES-3755","Leptolyngbya sp. NIES-3755",1355,1,2,NA,NA,4,NA,NA,NA
NA,"Cyanobacteriota","Cyanophyceae","Leptolyngbyales","Leptolyngbyaceae","Leptolyngbya","Leptolyngbya sp. O-77","Leptolyngbya sp. O-77",1356,2,4,8,4,3,4,1,4
NA,"Cyanobacteriota","Cyanophyceae","Chroococcales","Geminocystaceae","Picosynechococcus","Leptolyngbya sp. PCC 7376","Leptolyngbya sp. PCC 7376",1357,2,3,NA,3,4,NA,2,NA
NA,"Spirochaetota","Spirochaetia","Leptospirales","Leptospiraceae","Leptospira","Leptospira alstonii","Leptospira alstonii",1358,2,NA,1,1,4,1,NA,NA
NA,"Spirochaetota","Spirochaetia","Leptospirales","Leptospiraceae","Leptospira","Leptospira biflexa","Leptospira biflexa",1359,2,NA,NA,NA,4,1,6,2
NA,"Spirochaetota","Spirochaetia","Leptospirales","Leptospiraceae","Leptospira","Leptospira borgpetersenii","Leptospira borgpetersenii",1360,NA,NA,NA,NA,2,2,1,1
NA,"Spirochaetota","Spirochaetia","Leptospirales","Leptospiraceae","Leptospira","Leptospira interrogans","Leptospira interrogans",1361,3,NA,1,NA,3,NA,1,3
NA,"Spirochaetota","Spirochaetia","Leptospirales","Leptospiraceae","Leptospira","Leptospira santarosai","Leptospira santarosai",1362,1,NA,NA,NA,1,2,NA,2
NA,"Nitrospirota","Nitrospiria","Nitrospirales","Nitrospiraceae","Leptospirillum","Leptospirillum ferriphilum","Leptospirillum ferriphilum",1363,2,3,NA,NA,NA,NA,NA,2
NA,"Nitrospirota","Nitrospiria","Nitrospirales","Nitrospiraceae","Leptospirillum","Leptospirillum ferrooxidans","Leptospirillum ferrooxidans",1364,1,NA,NA,NA,NA,1,2,1
NA,"Nitrospirota","Nitrospiria","Nitrospirales","Nitrospiraceae","Leptospirillum","Leptospirillum sp. Group II 'CF-1'","Leptospirillum sp. Group II 'CF-1'",1365,4,2,NA,1,NA,NA,NA,2
NA,"Pseudomonadota","Betaproteobacteria","Burkholderiales","Sphaerotilaceae","Leptothrix","Leptothrix cholodnii","Leptothrix cholodnii",1366,4,8,9,8,7,2,1,6
NA,"Fusobacteriota","Fusobacteriia","Fusobacteriales","Leptotrichiaceae","Leptotrichia","Leptotrichia buccalis","Leptotrichia buccalis",1367,2,3,3,3,2,6,5,2
NA,"Fusobacteriota","Fusobacteriia","Fusobacteriales","Leptotrichiaceae","Leptotrichia","Leptotrichia sp. oral taxon 212","Leptotrichia sp. oral taxon 212",1368,1,2,2,NA,2,5,NA,4
NA,"Fusobacteriota","Fusobacteriia","Fusobacteriales","Leptotrichiaceae","Leptotrichia","Leptotrichia sp. oral taxon 847","Leptotrichia sp. oral taxon 847",1369,1,NA,NA,1,3,5,3,2
NA,"Bacillota","Bacilli","Lactobacillales","Lactobacillaceae","Leuconostoc","g_Leuconostoc","Leuconostoc",1370,NA,2,NA,NA,NA,NA,NA,NA
NA,"Bacillota","Bacilli","Lactobacillales","Lactobacillaceae","Leuconostoc","Leuconostoc carnosum","Leuconostoc carnosum",1371,NA,4,2,3,NA,5,NA,1
NA,"Bacillota","Bacilli","Lactobacillales","Lactobacillaceae","Leuconostoc","Leuconostoc citreum","Leuconostoc citreum",1372,NA,3,3,3,NA,2,4,1
NA,"Bacillota","Bacilli","Lactobacillales","Lactobacillaceae","Leuconostoc","Leuconostoc gelidum","Leuconostoc gelidum",1373,1,2,3,NA,2,4,2,2
NA,"Bacillota","Bacilli","Lactobacillales","Lactobacillaceae","Leuconostoc","Leuconostoc kimchii","Leuconostoc kimchii",1374,3,4,2,1,2,1,3,3
NA,"Bacillota","Bacilli","Lactobacillales","Lactobacillaceae","Leuconostoc","Leuconostoc lactis","Leuconostoc lactis",1375,NA,3,2,2,2,2,NA,1
NA,"Bacillota","Bacilli","Lactobacillales","Lactobacillaceae","Leuconostoc","Leuconostoc mesenteroides","Leuconostoc mesenteroides",1376,1,3,5,1,3,3,1,1
NA,"Uroviricota","Caudoviricetes","c_Caudoviricetes","c_Caudoviricetes","Limdunavirus","Limdunavirus P793","Leuconostoc phage P793",1377,NA,NA,1,NA,NA,NA,NA,NA
NA,"Bacillota","Bacilli","Lactobacillales","Lactobacillaceae","Leuconostoc","Leuconostoc sp. C2","Leuconostoc sp. C2",1378,1,4,2,3,1,3,2,2
NA,"Pseudomonadota","Alphaproteobacteria","Hyphomicrobiales","Rhizobiaceae","Liberibacter","Liberibacter crescens","Liberibacter crescens",1379,NA,NA,1,NA,NA,1,3,1
NA,"Bacillota","Limnochordia","Limnochordales","Limnochordaceae","Limnochorda","g_Limnochorda","Limnochorda",1380,NA,1,NA,NA,NA,NA,NA,NA
NA,"Bacillota","Limnochordia","Limnochordales","Limnochordaceae","Limnochorda","Limnochorda pilosa","Limnochorda pilosa",1381,9,7,5,9,2,3,4,4
NA,"Pseudomonadota","Betaproteobacteria","Burkholderiales","Comamonadaceae","Limnohabitans","Limnohabitans sp. 103DPR2","Limnohabitans sp. 103DPR2",1382,2,1,NA,5,1,1,2,NA
NA,"Pseudomonadota","Betaproteobacteria","Burkholderiales","Comamonadaceae","Limnohabitans","Limnohabitans sp. 63ED37-2","Limnohabitans sp. 63ED37-2",1383,2,6,4,6,3,3,2,3
NA,"Bacillota","Bacilli","Bacillales","Listeriaceae","Listeria","Listeria innocua","Listeria innocua",1384,1,NA,1,4,1,3,1,1
NA,"Bacillota","Bacilli","Bacillales","Listeriaceae","Listeria","Listeria ivanovii","Listeria ivanovii",1385,2,NA,1,1,1,3,6,4
NA,"Bacillota","Bacilli","Bacillales","Listeriaceae","Listeria","Listeria monocytogenes","Listeria monocytogenes",1386,1,1,4,6,4,3,9,13
NA,"Uroviricota","Caudoviricetes","c_Caudoviricetes","Herelleviridae","Pecentumvirus","Pecentumvirus list36","Listeria phage List-36",1387,NA,NA,NA,NA,NA,1,NA,NA
NA,"Bacillota","Bacilli","Bacillales","Listeriaceae","Listeria","Listeria seeligeri","Listeria seeligeri",1388,NA,NA,1,1,1,5,2,1
NA,"Bacillota","Bacilli","Bacillales","Listeriaceae","Listeria","Listeria welshimeri","Listeria welshimeri",1389,1,NA,1,1,1,2,1,3
NA,"Actinomycetota","Actinomycetes","Micrococcales","Dermacoccaceae","Luteipulveratus","Luteipulveratus mongoliensis","Luteipulveratus mongoliensis",1390,3,3,12,9,1,2,2,1
NA,"Bacteroidota","Flavobacteriia","Flavobacteriales","Flavobacteriaceae","Lutibacter","Lutibacter profundi","Lutibacter sp. LP1",1391,NA,NA,1,1,6,4,6,1
NA,"Bacteroidota","Flavobacteriia","Flavobacteriales","Flavobacteriaceae","Urechidicola","Urechidicola croceus","Lutibacter sp. LPB0138",1392,5,NA,1,2,NA,1,3,5
NA,"Nucleocytoviricota","Megaviricetes","Pimascovirales","Iridoviridae","Lymphocystivirus","Lymphocystivirus paralichthys1","Lymphocystis disease virus - isolate China",1393,NA,1,NA,1,NA,NA,NA,NA
NA,"Bacillota","Bacilli","Bacillales","Bacillaceae","Lysinibacillus","Lysinibacillus fusiformis","Lysinibacillus fusiformis",1394,2,1,1,2,2,2,1,3
NA,"Bacillota","Bacilli","Bacillales","Bacillaceae","Lysinibacillus","Lysinibacillus sphaericus","Lysinibacillus sphaericus",1395,2,NA,NA,2,4,3,4,2
NA,"Bacillota","Bacilli","Bacillales","Bacillaceae","Lysinibacillus","Lysinibacillus varians","Lysinibacillus varians",1396,2,1,4,1,6,5,6,1
NA,"Pseudomonadota","Gammaproteobacteria","Lysobacterales","Lysobacteraceae","Lysobacter","g_Lysobacter","Lysobacter",1397,NA,NA,1,NA,NA,NA,NA,NA
NA,"Pseudomonadota","Gammaproteobacteria","Lysobacterales","Lysobacteraceae","Lysobacter","Lysobacter antibioticus","Lysobacter antibioticus",1398,4,5,5,6,NA,2,NA,5
NA,"Pseudomonadota","Gammaproteobacteria","Lysobacterales","Lysobacteraceae","Lysobacter","Lysobacter capsici","Lysobacter capsici",1399,2,4,4,6,NA,NA,4,1
NA,"Pseudomonadota","Gammaproteobacteria","Lysobacterales","Lysobacteraceae","Lysobacter","Lysobacter gummosus","Lysobacter gummosus",1400,4,4,NA,4,NA,1,3,3
NA,"Bacillota","Bacilli","Bacillales","Staphylococcaceae","Macrococcoides","Macrococcoides caseolyticum","Macrococcoides caseolyticum",1401,2,NA,NA,2,2,6,2,NA
NA,"Bacillota","Clostridia","Eubacteriales","Oscillospiraceae","Mageeibacillus","Mageeibacillus indolicus","Mageeibacillus indolicus",1402,6,2,2,5,4,10,3,8
NA,"Pseudomonadota","Magnetococcia","Magnetococcales","Magnetococcaceae","Magnetococcus","Magnetococcus marinus","Magnetococcus marinus",1403,1,NA,2,3,NA,NA,2,2
NA,"Pseudomonadota","Alphaproteobacteria","Rhodospirillales","Thalassospiraceae","Magnetospira","Magnetospira sp. QH-2","Magnetospira sp. QH-2",1404,1,5,1,3,NA,1,5,2
NA,"Pseudomonadota","Alphaproteobacteria","Rhodospirillales","Rhodospirillaceae","Magnetospirillum","Magnetospirillum gryphiswaldense","Magnetospirillum gryphiswaldense",1405,5,4,11,2,1,3,1,3
NA,"Pseudomonadota","Alphaproteobacteria","Rhodospirillales","Magnetospirillaceae","Paramagnetospirillum","Paramagnetospirillum magneticum","Paramagnetospirillum magneticum",1406,6,9,8,11,6,NA,2,6
NA,"Pseudomonadota","Alphaproteobacteria","Rhodospirillales","Rhodospirillaceae","Magnetospirillum","Magnetospirillum sp. XM-1","Magnetospirillum sp. XM-1",1407,2,9,5,10,2,1,2,9
NA,"Bacillota","Clostridia","Thermoanaerobacterales","Thermoanaerobacterales Family IV. Incertae Sedis","Mahella","Mahella australiensis","Mahella australiensis",1408,1,1,5,5,1,4,3,2
NA,"Mycoplasmatota","Mollicutes","Acholeplasmatales","Acholeplasmataceae","Candidatus Phytoplasma","Maize bushy stunt phytoplasma","Maize bushy stunt phytoplasma",1409,1,NA,NA,NA,NA,NA,NA,2
NA,"Pseudomonadota","Gammaproteobacteria","Pasteurellales","Pasteurellaceae","Mannheimia","g_Mannheimia","Mannheimia",1410,NA,NA,NA,NA,NA,NA,1,NA
NA,"Pseudomonadota","Gammaproteobacteria","Pasteurellales","Pasteurellaceae","Mannheimia","Mannheimia haemolytica","Mannheimia haemolytica",1411,6,2,1,3,2,NA,4,2
NA,"Pseudomonadota","Gammaproteobacteria","Pasteurellales","Pasteurellaceae","Mannheimia","Mannheimia sp. USDA-ARS-USMARC-1261","Mannheimia sp. USDA-ARS-USMARC-1261",1412,3,2,1,2,2,1,2,NA
NA,"Pseudomonadota","Gammaproteobacteria","Pasteurellales","Pasteurellaceae","Mannheimia","Mannheimia varigena","Mannheimia varigena",1413,3,1,1,NA,1,2,NA,4
NA,"Bacteroidota","Flavobacteriia","Flavobacteriales","Flavobacteriaceae","Maribacter","Maribacter sp. 1_2014MBL_MicDiv","Maribacter sp. 1_2014MBL_MicDiv",1414,9,2,1,3,9,3,1,2
NA,"Bacteroidota","Flavobacteriia","Flavobacteriales","Flavobacteriaceae","Maribacter","Maribacter sp. HTCC2170","Maribacter sp. HTCC2170",1415,3,2,3,2,9,2,1,2
NA,"Pseudomonadota","Alphaproteobacteria","Maricaulales","Maricaulaceae","Maricaulis","Maricaulis maris","Maricaulis maris",1416,2,5,4,9,5,2,1,3
NA,"Pseudomonadota","Gammaproteobacteria","Chromatiales","Chromatiaceae","Marichromatium","Marichromatium purpuratum","Marichromatium purpuratum",1417,7,7,6,6,7,3,3,4
NA,"Deinococcota","Deinococci","Thermales","Thermaceae","Marinithermus","Marinithermus hydrothermalis","Marinithermus hydrothermalis",1418,5,4,3,6,4,2,1,1
NA,"Thermotogota","Thermotogae","Petrotogales","Petrotogaceae","Marinitoga","Marinitoga piezophila","Marinitoga piezophila",1419,NA,NA,NA,NA,3,3,3,2
NA,"Pseudomonadota","Gammaproteobacteria","Pseudomonadales","Marinobacteraceae","Marinobacter","Marinobacter adhaerens","Marinobacter adhaerens",1420,3,4,2,6,2,2,2,2
NA,"Pseudomonadota","Gammaproteobacteria","Pseudomonadales","Marinobacteraceae","Marinobacter","Marinobacter nauticus","Marinobacter nauticus",1421,9,9,3,10,6,1,3,1
NA,"Pseudomonadota","Gammaproteobacteria","Pseudomonadales","Marinobacteraceae","Marinobacter","Marinobacter psychrophilus","Marinobacter psychrophilus",1422,3,5,1,2,NA,1,2,1
NA,"Pseudomonadota","Gammaproteobacteria","Pseudomonadales","Marinobacteraceae","Marinobacter","Marinobacter salarius","Marinobacter salarius",1423,1,2,2,2,NA,4,3,2
NA,"Pseudomonadota","Gammaproteobacteria","Pseudomonadales","Marinobacteraceae","Marinobacter","Marinobacter similis","Marinobacter similis",1424,4,2,1,3,5,1,NA,2
NA,"Pseudomonadota","Gammaproteobacteria","Pseudomonadales","Marinobacteraceae","Marinobacter","Marinobacter sp. BSs20148","Marinobacter sp. BSs20148",1425,2,4,4,3,NA,NA,2,2
NA,"Pseudomonadota","Gammaproteobacteria","Pseudomonadales","Marinobacteraceae","Marinobacter","Marinobacter sp. CP1","Marinobacter sp. CP1",1426,5,3,4,5,2,3,NA,2
NA,"Pseudomonadota","Gammaproteobacteria","Pseudomonadales","Marinobacteraceae","Marinobacter","Marinobacter salinus","Marinobacter sp. Hb8",1427,1,2,NA,2,1,2,NA,1
NA,"Pseudomonadota","Gammaproteobacteria","Pseudomonadales","Marinobacteraceae","Marinobacter","Marinobacter sp. LQ44","Marinobacter sp. LQ44",1428,4,NA,4,1,NA,1,2,NA
NA,"Pseudomonadota","Gammaproteobacteria","Oceanospirillales","Oceanospirillaceae","Marinobacterium","Marinobacterium aestuarii","Marinobacterium sp. ST58-10",1429,9,8,5,5,8,1,1,2
NA,"Pseudomonadota","Gammaproteobacteria","Oceanospirillales","Oceanospirillaceae","Marinomonas","Marinomonas mediterranea","Marinomonas mediterranea",1430,NA,1,3,NA,1,1,3,4
NA,"Pseudomonadota","Gammaproteobacteria","Oceanospirillales","Oceanospirillaceae","Marinomonas","Marinomonas posidonica","Marinomonas posidonica",1431,3,3,2,7,4,NA,1,2
NA,"Pseudomonadota","Gammaproteobacteria","Oceanospirillales","Oceanospirillaceae","Marinomonas","Marinomonas sp. MWYL1","Marinomonas sp. MWYL1",1432,NA,1,1,2,2,3,NA,3
NA,"Pseudomonadota","Alphaproteobacteria","Rhodobacterales","Roseobacteraceae","Marinovum","Marinovum algicola","Marinovum algicola",1433,1,2,3,4,NA,2,6,2
NA,"Bacteroidota","Cytophagia","Cytophagales","Marivirgaceae","Marivirga","Marivirga tractuosa","Marivirga tractuosa",1434,5,3,2,1,6,4,3,2
NA,"Pseudomonadota","Alphaproteobacteria","Hyphomicrobiales","Aurantimonadaceae","Martelella","Martelella endophytica","Martelella endophytica",1435,6,5,6,3,1,2,4,3
NA,"Pseudomonadota","Alphaproteobacteria","Hyphomicrobiales","Aurantimonadaceae","Martelella","Martelella sp. AD-3","Martelella sp. AD-3",1436,6,9,8,6,3,2,NA,2
NA,"Pseudomonadota","Betaproteobacteria","Burkholderiales","Oxalobacteraceae","Massilia","g_Massilia","Massilia",1437,NA,2,NA,NA,NA,NA,NA,NA
NA,"Pseudomonadota","Betaproteobacteria","Burkholderiales","Oxalobacteraceae","Massilia","Massilia sp. NR 4-1","Massilia sp. NR 4-1",1438,5,3,7,12,1,2,4,2
NA,"Pseudomonadota","Betaproteobacteria","Burkholderiales","Oxalobacteraceae","Massilia","Massilia sp. WG5","Massilia sp. WG5",1439,2,8,10,6,4,1,3,2
NA,"Bacillota","Negativicutes","Veillonellales","Veillonellaceae","Megasphaera","Megasphaera elsdenii","Megasphaera elsdenii",1440,14,6,9,9,57,118,668,130
NA,"Deinococcota","Deinococci","Thermales","Thermaceae","Meiothermus","Meiothermus ruber","Meiothermus ruber",1441,5,2,4,4,2,1,2,3
NA,"Deinococcota","Deinococci","Thermales","Thermaceae","Allomeiothermus","Allomeiothermus silvanus","Allomeiothermus silvanus",1442,2,4,1,2,1,2,3,2
NA,"Ignavibacteriota","Ignavibacteria","Ignavibacteriales","Melioribacteraceae","Melioribacter","Melioribacter roseus","Melioribacter roseus",1443,3,2,2,1,4,3,2,NA
NA,"Bacillota","Bacilli","Lactobacillales","Enterococcaceae","Melissococcus","Melissococcus plutonius","Melissococcus plutonius",1444,3,1,NA,1,1,2,1,2
NA,"Mycoplasmatota","Mollicutes","Entomoplasmatales","Entomoplasmataceae","Mesoplasma","Mesoplasma florum","Mesoplasma florum",1445,NA,NA,NA,NA,1,4,2,5
NA,"Pseudomonadota","Alphaproteobacteria","Hyphomicrobiales","Phyllobacteriaceae","Mesorhizobium","g_Mesorhizobium","Mesorhizobium",1446,NA,NA,NA,2,NA,NA,NA,1
NA,"Pseudomonadota","Alphaproteobacteria","Hyphomicrobiales","Phyllobacteriaceae","Mesorhizobium","Mesorhizobium amorphae","Mesorhizobium amorphae",1447,2,4,3,4,4,5,2,2
NA,"Pseudomonadota","Alphaproteobacteria","Hyphomicrobiales","Phyllobacteriaceae","Mesorhizobium","Mesorhizobium australicum","Mesorhizobium australicum",1448,1,4,4,2,NA,4,2,3
NA,"Pseudomonadota","Alphaproteobacteria","Hyphomicrobiales","Phyllobacteriaceae","Mesorhizobium","Mesorhizobium ciceri","Mesorhizobium ciceri",1449,7,6,10,7,5,3,1,3
NA,"Pseudomonadota","Alphaproteobacteria","Hyphomicrobiales","Phyllobacteriaceae","Mesorhizobium","Mesorhizobium loti","Mesorhizobium loti",1450,1,7,5,3,6,6,4,6
NA,"Pseudomonadota","Alphaproteobacteria","Hyphomicrobiales","Phyllobacteriaceae","Mesorhizobium","Mesorhizobium opportunistum","Mesorhizobium opportunistum",1451,4,2,5,3,5,3,1,2
NA,"Thermotogota","Thermotogae","Kosmotogales","Kosmotogaceae","Mesotoga","Mesotoga prima","Mesotoga prima",1452,NA,NA,NA,NA,1,2,1,NA
NA,"Thermoproteota","Thermoprotei","Sulfolobales","Sulfolobaceae","Metallosphaera","Metallosphaera cuprina","Metallosphaera cuprina",1453,NA,NA,NA,1,NA,NA,NA,NA
NA,"Thermoproteota","Thermoprotei","Sulfolobales","Sulfolobaceae","Metallosphaera","Metallosphaera sedula","Metallosphaera sedula",1454,NA,NA,NA,NA,NA,1,NA,1
NA,"Methanobacteriota","Methanobacteria","Methanobacteriales","Methanobacteriaceae","Methanobacterium","Methanobacterium formicicum","Methanobacterium formicicum",1455,NA,NA,2,2,1,NA,1,NA
NA,"Methanobacteriota","Methanobacteria","Methanobacteriales","Methanobacteriaceae","Methanobacterium","Methanobacterium lacus","Methanobacterium lacus",1456,NA,NA,NA,NA,NA,NA,NA,1
NA,"Methanobacteriota","Methanobacteria","Methanobacteriales","Methanobacteriaceae","Methanobacterium","Methanobacterium paludis","Methanobacterium paludis",1457,NA,1,NA,NA,NA,2,2,NA
NA,"Methanobacteriota","Methanobacteria","Methanobacteriales","Methanobacteriaceae","Methanobrevibacter","Methanobrevibacter millerae","Methanobrevibacter millerae",1458,2,NA,1,1,2,2,3,1
NA,"Methanobacteriota","Methanobacteria","Methanobacteriales","Methanobacteriaceae","Methanobrevibacter","Methanobrevibacter olleyae","Methanobrevibacter olleyae",1459,1,NA,NA,1,1,3,1,NA
NA,"Methanobacteriota","Methanobacteria","Methanobacteriales","Methanobacteriaceae","Methanobrevibacter","Methanobrevibacter ruminantium","Methanobrevibacter ruminantium",1460,1,3,NA,1,1,1,3,2
NA,"Methanobacteriota","Methanobacteria","Methanobacteriales","Methanobacteriaceae","Methanobrevibacter","Methanobrevibacter smithii","Methanobrevibacter smithii",1461,NA,1,NA,1,265,690,522,427
NA,"Methanobacteriota","Methanobacteria","Methanobacteriales","Methanobacteriaceae","Methanobrevibacter","Methanobrevibacter sp. AbM4","Methanobrevibacter sp. AbM4",1462,3,1,NA,1,2,NA,1,2
NA,"Methanobacteriota","Methanobacteria","Methanobacteriales","Methanobacteriaceae","Methanobrevibacter","Methanobrevibacter sp. YE315","Methanobrevibacter sp. YE315",1463,NA,NA,NA,NA,NA,NA,1,NA
NA,"Methanobacteriota","Methanococci","Methanococcales","Methanocaldococcaceae","Methanocaldococcus","Methanocaldococcus bathoardescens","Methanocaldococcus bathoardescens",1464,NA,NA,1,1,NA,1,NA,1
NA,"Methanobacteriota","Methanococci","Methanococcales","Methanocaldococcaceae","Methanocaldococcus","Methanocaldococcus infernus","Methanocaldococcus infernus",1465,NA,1,NA,NA,NA,NA,NA,1
NA,"Methanobacteriota","Methanococci","Methanococcales","Methanocaldococcaceae","Methanocaldococcus","Methanocaldococcus sp. FS406-22","Methanocaldococcus sp. FS406-22",1466,NA,NA,NA,NA,NA,1,1,NA
NA,"Methanobacteriota","Methanococci","Methanococcales","Methanocaldococcaceae","Methanocaldococcus","Methanocaldococcus vulcanius","Methanocaldococcus vulcanius",1467,NA,NA,NA,NA,NA,1,NA,NA
NA,"Methanobacteriota","Methanomicrobia","Methanocellales","Methanocellaceae","Methanocella","Methanocella arvoryzae","Methanocella arvoryzae",1468,1,2,1,2,1,2,1,2
NA,"Methanobacteriota","Methanomicrobia","Methanocellales","Methanocellaceae","Methanocella","Methanocella conradii","Methanocella conradii",1469,NA,1,NA,1,NA,NA,1,NA
NA,"Methanobacteriota","Methanomicrobia","Methanosarcinales","Methanosarcinaceae","Methanococcoides","Methanococcoides burtonii","Methanococcoides burtonii",1470,NA,1,NA,1,NA,2,2,2
NA,"Methanobacteriota","Methanomicrobia","Methanosarcinales","Methanosarcinaceae","Methanococcoides","Methanococcoides methylutens","Methanococcoides methylutens",1471,NA,1,NA,NA,2,NA,NA,1
NA,"Methanobacteriota","Methanococci","Methanococcales","Methanococcaceae","Methanococcus","Methanococcus aeolicus","Methanococcus aeolicus",1472,NA,NA,NA,NA,1,1,1,1
NA,"Methanobacteriota","Methanococci","Methanococcales","Methanococcaceae","Methanococcus","Methanococcus maripaludis","Methanococcus maripaludis",1473,4,1,NA,1,4,5,5,2
NA,"Methanobacteriota","Methanococci","Methanococcales","Methanococcaceae","Methanococcus","Methanococcus vannielii","Methanococcus vannielii",1474,1,NA,NA,NA,NA,NA,1,NA
NA,"Methanobacteriota","Methanococci","Methanococcales","Methanococcaceae","Methanococcus","Methanococcus voltae","Methanococcus voltae",1475,NA,NA,1,NA,3,1,3,2
NA,"Methanobacteriota","Methanomicrobia","Methanomicrobiales","Methanocorpusculaceae","Methanocorpusculum","Methanocorpusculum labreanum","Methanocorpusculum labreanum",1476,1,1,1,3,NA,3,1,1
NA,"Methanobacteriota","Methanomicrobia","Methanomicrobiales","Methanomicrobiaceae","Methanoculleus","Methanoculleus bourgensis","Methanoculleus bourgensis",1477,1,1,2,NA,NA,2,NA,NA
NA,"Methanobacteriota","Methanomicrobia","Methanomicrobiales","Methanomicrobiaceae","Methanoculleus","Methanoculleus marisnigri","Methanoculleus marisnigri",1478,1,1,NA,NA,1,NA,NA,NA
NA,"Methanobacteriota","Methanomicrobia","Methanomicrobiales","Methanomicrobiaceae","Methanoculleus","Methanoculleus sp. MAB1","Methanoculleus sp. MAB1",1479,1,1,1,NA,NA,2,NA,NA
NA,"Thermoplasmatota","Thermoplasmata","c_Thermoplasmata","c_Thermoplasmata","c_Thermoplasmata","methanogenic archaeon ISO4-H5","methanogenic archaeon ISO4-H5",1480,4,3,2,2,3,2,NA,1
NA,"Methanobacteriota","Methanomicrobia","Methanosarcinales","Methanosarcinaceae","Methanohalobium","Methanohalobium evestigatum","Methanohalobium evestigatum",1481,1,NA,NA,NA,1,NA,3,1
NA,"Methanobacteriota","Methanomicrobia","Methanosarcinales","Methanosarcinaceae","Methanohalophilus","Methanohalophilus mahii","Methanohalophilus mahii",1482,NA,1,NA,NA,NA,NA,1,NA
NA,"Methanobacteriota","Methanomicrobia","Methanomicrobiales","Methanomicrobiaceae","Methanolacinia","Methanolacinia petrolearia","Methanolacinia petrolearia",1483,4,2,1,NA,1,NA,NA,2
NA,"Methanobacteriota","Methanomicrobia","Methanosarcinales","Methanosarcinaceae","Methanolobus","Methanolobus psychrophilus","Methanolobus psychrophilus",1484,1,1,NA,NA,1,2,NA,NA
NA,"Methanobacteriota","Methanomicrobia","Methanosarcinales","Methanosarcinaceae","Methanomethylovorans","Methanomethylovorans hollandica","Methanomethylovorans hollandica",1485,1,1,2,4,6,NA,NA,1
NA,"Methanobacteriota","Methanomicrobia","Methanomicrobiales","Methanoregulaceae","Methanoregula","Methanoregula boonei","Methanoregula boonei",1486,NA,NA,1,NA,NA,1,1,NA
NA,"Methanobacteriota","Methanomicrobia","Methanomicrobiales","Methanoregulaceae","Methanoregula","Methanoregula formicica","Methanoregula formicica",1487,5,1,2,NA,5,NA,1,NA
NA,"Methanobacteriota","Methanomicrobia","Methanotrichales","Methanotrichaceae","Methanothrix","Methanothrix soehngenii","Methanothrix soehngenii",1488,1,NA,NA,1,NA,1,NA,NA
NA,"Methanobacteriota","Methanomicrobia","Methanotrichales","Methanotrichaceae","Methanothrix","Methanothrix harundinacea","Methanothrix harundinacea",1489,1,2,NA,1,NA,1,NA,NA
NA,"Methanobacteriota","Methanomicrobia","Methanosarcinales","Methanosarcinaceae","Methanosalsum","Methanosalsum zhilinae","Methanosalsum zhilinae",1490,NA,1,1,NA,2,1,4,NA
NA,"Methanobacteriota","Methanomicrobia","Methanosarcinales","Methanosarcinaceae","Methanosarcina","Methanosarcina acetivorans","Methanosarcina acetivorans",1491,1,1,NA,2,1,NA,1,1
NA,"Methanobacteriota","Methanomicrobia","Methanosarcinales","Methanosarcinaceae","Methanosarcina","Methanosarcina barkeri","Methanosarcina barkeri",1492,NA,2,2,3,1,4,1,6
NA,"Methanobacteriota","Methanomicrobia","Methanosarcinales","Methanosarcinaceae","Methanosarcina","Methanosarcina horonobensis","Methanosarcina horonobensis",1493,3,2,1,3,2,3,NA,3
NA,"Methanobacteriota","Methanomicrobia","Methanosarcinales","Methanosarcinaceae","Methanosarcina","Methanosarcina lacustris","Methanosarcina lacustris",1494,1,1,NA,1,NA,NA,1,NA
NA,"Methanobacteriota","Methanomicrobia","Methanosarcinales","Methanosarcinaceae","Methanosarcina","Methanosarcina mazei","Methanosarcina mazei",1495,5,3,NA,3,4,1,1,5
NA,"Methanobacteriota","Methanomicrobia","Methanosarcinales","Methanosarcinaceae","Methanosarcina","Methanosarcina siciliae","Methanosarcina siciliae",1496,1,1,NA,2,3,NA,NA,1
NA,"Methanobacteriota","Methanomicrobia","Methanosarcinales","Methanosarcinaceae","Methanosarcina","Methanosarcina sp. Kolksee","Methanosarcina sp. Kolksee",1497,1,2,NA,2,NA,2,NA,3
NA,"Methanobacteriota","Methanomicrobia","Methanosarcinales","Methanosarcinaceae","Methanosarcina","Methanosarcina sp. MTP4","Methanosarcina sp. MTP4",1498,2,1,NA,NA,1,1,1,NA
NA,"Methanobacteriota","Methanomicrobia","Methanosarcinales","Methanosarcinaceae","Methanosarcina","Methanosarcina sp. WH1","Methanosarcina sp. WH1",1499,3,NA,NA,1,NA,3,1,NA
NA,"Methanobacteriota","Methanomicrobia","Methanosarcinales","Methanosarcinaceae","Methanosarcina","Methanosarcina sp. WWM596","Methanosarcina sp. WWM596",1500,2,NA,NA,NA,NA,4,2,1
NA,"Methanobacteriota","Methanomicrobia","Methanosarcinales","Methanosarcinaceae","Methanosarcina","Methanosarcina thermophila","Methanosarcina thermophila",1501,1,NA,1,NA,3,NA,2,1
NA,"Methanobacteriota","Methanomicrobia","Methanosarcinales","Methanosarcinaceae","Methanosarcina","Methanosarcina vacuolata","Methanosarcina vacuolata",1502,1,2,1,2,NA,2,NA,3
NA,"Methanobacteriota","Methanobacteria","Methanobacteriales","Methanobacteriaceae","Methanosphaera","Methanosphaera stadtmanae","Methanosphaera stadtmanae",1503,1,NA,2,NA,2,2,NA,NA
NA,"Methanobacteriota","Methanomicrobia","Methanomicrobiales","Methanoregulaceae","Methanosphaerula","Methanosphaerula palustris","Methanosphaerula palustris",1504,1,NA,1,3,2,2,NA,NA
NA,"Methanobacteriota","Methanomicrobia","Methanomicrobiales","Methanospirillaceae","Methanospirillum","Methanospirillum hungatei","Methanospirillum hungatei",1505,1,2,1,1,4,NA,2,2
NA,"Methanobacteriota","Methanobacteria","Methanobacteriales","Methanobacteriaceae","Methanothermobacter","Methanothermobacter marburgensis","Methanothermobacter marburgensis",1506,NA,NA,NA,NA,NA,NA,NA,1
NA,"Methanobacteriota","Methanobacteria","Methanobacteriales","Methanobacteriaceae","Methanothermobacter","Methanothermobacter sp. CaT2","Methanothermobacter sp. CaT2",1507,NA,NA,NA,NA,1,NA,NA,2
NA,"Methanobacteriota","Methanobacteria","Methanobacteriales","Methanobacteriaceae","Methanothermobacter","Methanothermobacter thermautotrophicus","Methanothermobacter thermautotrophicus",1508,NA,NA,NA,NA,1,NA,NA,2
NA,"Methanobacteriota","Methanococci","Methanococcales","Methanococcaceae","Methanothermococcus","Methanothermococcus okinawensis","Methanothermococcus okinawensis",1509,NA,NA,NA,NA,NA,2,2,3
NA,"Methanobacteriota","Methanobacteria","Methanobacteriales","Methanothermaceae","Methanothermus","Methanothermus fervidus","Methanothermus fervidus",1510,NA,NA,NA,NA,1,1,NA,NA
NA,"Methanobacteriota","Methanococci","Methanococcales","Methanocaldococcaceae","Methanotorris","Methanotorris igneus","Methanotorris igneus",1511,NA,NA,NA,NA,NA,1,NA,NA
NA,"Verrucomicrobiota","Methylacidiphilae","Methylacidiphilales","Methylacidiphilaceae","Methylacidiphilum (ex Ratnadevi et al. 2023)","Candidatus Methylacidiphilum fumarolicum","Candidatus Methylacidiphilum fumarolicum",1512,1,NA,1,NA,2,3,2,NA
NA,"Pseudomonadota","Betaproteobacteria","Burkholderiales","Sphaerotilaceae","Methylibium","Methylibium petroleiphilum","Methylibium petroleiphilum",1513,5,9,5,6,1,4,3,6
NA,"Pseudomonadota","Betaproteobacteria","Nitrosomonadales","Methylophilaceae","Methylobacillus","Methylobacillus flagellatus","Methylobacillus flagellatus",1514,1,3,3,4,3,1,1,1
NA,"Pseudomonadota","Alphaproteobacteria","Hyphomicrobiales","Methylobacteriaceae","Methylobacterium","g_Methylobacterium","Methylobacterium",1515,NA,NA,1,1,NA,NA,1,NA
NA,"Pseudomonadota","Alphaproteobacteria","Hyphomicrobiales","Methylobacteriaceae","Methylobacterium","Methylobacterium aquaticum","Methylobacterium aquaticum",1516,6,7,3,6,3,3,2,4
NA,"Pseudomonadota","Alphaproteobacteria","Hyphomicrobiales","Methylobacteriaceae","Methylorubrum","Methylorubrum extorquens","Methylorubrum extorquens",1517,2,2,5,3,3,4,5,4
NA,"Pseudomonadota","Alphaproteobacteria","Hyphomicrobiales","Methylobacteriaceae","Methylobacterium","Methylobacterium nodulans","Methylobacterium nodulans",1518,2,6,3,3,4,1,3,1
NA,"Pseudomonadota","Alphaproteobacteria","Hyphomicrobiales","Methylobacteriaceae","Methylorubrum","Methylorubrum populi","Methylorubrum populi",1519,1,3,3,3,1,2,3,2
NA,"Pseudomonadota","Alphaproteobacteria","Hyphomicrobiales","Methylobacteriaceae","Methylobacterium","Methylobacterium radiotolerans","Methylobacterium radiotolerans",1520,11,4,1,9,1,7,2,3
NA,"Pseudomonadota","Alphaproteobacteria","Hyphomicrobiales","Methylobacteriaceae","Methylobacterium","Methylobacterium sp. 4-46","Methylobacterium sp. 4-46",1521,4,11,NA,4,3,3,3,4
NA,"Pseudomonadota","Alphaproteobacteria","Hyphomicrobiales","Methylobacteriaceae","Methylobacterium","Methylobacterium sp. AMS5","Methylobacterium sp. AMS5",1522,5,2,8,5,3,2,4,1
NA,"Pseudomonadota","Alphaproteobacteria","Hyphomicrobiales","Methylobacteriaceae","Methylobacterium","Methylobacterium sp. C1","Methylobacterium sp. C1",1523,6,2,1,6,NA,5,2,3
NA,"Pseudomonadota","Alphaproteobacteria","Hyphomicrobiales","Hyphomicrobiaceae","Methyloceanibacter","Methyloceanibacter caenitepidi","Methyloceanibacter caenitepidi",1524,3,3,7,3,NA,1,NA,2
NA,"Pseudomonadota","Alphaproteobacteria","Hyphomicrobiales","Beijerinckiaceae","Methylocella","Methylocella silvestris","Methylocella silvestris",1525,NA,2,1,NA,1,NA,1,2
NA,"Pseudomonadota","Gammaproteobacteria","Methylococcales","Methylococcaceae","Methylococcus","Methylococcus capsulatus","Methylococcus capsulatus",1526,3,2,4,2,1,1,NA,1
NA,"Pseudomonadota","Alphaproteobacteria","Hyphomicrobiales","Methylocystaceae","Methylocystis","Methylocystis sp. SC2","Methylocystis sp. SC2",1527,NA,3,2,1,NA,NA,2,1
NA,"Pseudomonadota","Gammaproteobacteria","Methylococcales","Methylococcaceae","Methylotuvimicrobium","Methylotuvimicrobium alcaliphilum","Methylotuvimicrobium alcaliphilum",1528,2,7,2,3,2,5,NA,NA
NA,"Pseudomonadota","Gammaproteobacteria","Methylococcales","Methylococcaceae","Methylomonas","Methylomonas denitrificans","Methylomonas denitrificans",1529,2,2,4,5,1,3,7,4
NA,"Pseudomonadota","Gammaproteobacteria","Methylococcales","Methylococcaceae","Methylomonas","Methylomonas methanica","Methylomonas methanica",1530,1,2,1,1,NA,NA,3,NA
NA,"Pseudomonadota","Gammaproteobacteria","Methylococcales","Methylococcaceae","Methylomonas","Methylomonas sp. DH-1","Methylomonas sp. DH-1",1531,3,6,4,3,5,10,3,5
NA,"Pseudomonadota","Gammaproteobacteria","Thiotrichales","Piscirickettsiaceae","Methylophaga","Methylophaga frappieri","Methylophaga frappieri",1532,2,2,1,2,1,NA,1,NA
NA,"Pseudomonadota","Gammaproteobacteria","Thiotrichales","Piscirickettsiaceae","Methylophaga","Methylophaga nitratireducenticrescens","Methylophaga nitratireducenticrescens",1533,1,2,2,1,2,4,1,NA
NA,"Pseudomonadota","Betaproteobacteria","Nitrosomonadales","Methylophilaceae","Methylophilus","Methylophilus sp. TWE2","Methylophilus sp. TWE2",1534,2,NA,1,NA,1,2,2,NA
NA,"Pseudomonadota","Betaproteobacteria","Nitrosomonadales","Methylophilaceae","Methylotenera","Methylotenera mobilis","Methylotenera mobilis",1535,1,2,2,1,1,4,NA,NA
NA,"Pseudomonadota","Betaproteobacteria","Nitrosomonadales","Methylophilaceae","Methylotenera","Methylotenera versatilis","Methylotenera versatilis",1536,1,NA,NA,1,NA,1,3,2
NA,"Pseudomonadota","Betaproteobacteria","Nitrosomonadales","Sterolibacteriaceae","Methyloversatilis","Methyloversatilis sp. RAC08","Methyloversatilis sp. RAC08",1537,2,5,7,7,6,4,5,5
NA,"Pseudomonadota","Betaproteobacteria","Nitrosomonadales","Methylophilaceae","Methylovorus","Methylovorus glucosotrophus","Methylovorus glucosotrophus",1538,1,2,NA,2,1,3,NA,1
NA,"Pseudomonadota","Betaproteobacteria","Nitrosomonadales","Methylophilaceae","Methylovorus","Methylovorus sp. MP688","Methylovorus sp. MP688",1539,3,2,2,2,1,4,NA,1
NA,"Bdellovibrionota","Bdellovibrionia","Bdellovibrionales","Pseudobdellovibrionaceae","Micavibrio","Micavibrio aeruginosavorus","Micavibrio aeruginosavorus",1540,7,2,2,1,2,4,3,2
NA,"Actinomycetota","Actinomycetes","Micrococcales","Microbacteriaceae","f_Microbacteriaceae","f_Microbacteriaceae","Microbacteriaceae",1541,NA,1,NA,1,NA,NA,NA,NA
NA,"Actinomycetota","Actinomycetes","Micrococcales","Microbacteriaceae","Microbacterium","g_Microbacterium","Microbacterium",1542,NA,NA,1,NA,NA,NA,NA,NA
NA,"Actinomycetota","Actinomycetes","Micrococcales","Microbacteriaceae","Microbacterium","Microbacterium aurantiacum","Microbacterium chocolatum",1543,1,NA,1,1,NA,2,1,1
NA,"Actinomycetota","Actinomycetes","Micrococcales","Microbacteriaceae","Microbacterium","Microbacterium sp. BH-3-3-3","Microbacterium sp. BH3-3-3",1544,NA,3,5,2,NA,4,1,1
NA,"Actinomycetota","Actinomycetes","Micrococcales","Microbacteriaceae","Microbacterium","Microbacterium sp. CGR1","Microbacterium sp. CGR1",1545,1,1,2,NA,2,1,4,1
NA,"Actinomycetota","Actinomycetes","Micrococcales","Microbacteriaceae","Microbacterium","Microbacterium sp. No. 7","Microbacterium sp. No. 7",1546,1,1,6,3,2,NA,5,1
NA,"Actinomycetota","Actinomycetes","Micrococcales","Microbacteriaceae","Microbacterium","Microbacterium sp. PAMC 28756","Microbacterium sp. PAMC 28756",1547,5,7,3,4,2,1,2,2
NA,"Actinomycetota","Actinomycetes","Micrococcales","Microbacteriaceae","Microbacterium","Microbacterium sp. XT11","Microbacterium sp. XT11",1548,2,4,3,2,3,NA,1,2
NA,"Actinomycetota","Actinomycetes","Micrococcales","Microbacteriaceae","Microbacterium","Microbacterium testaceum","Microbacterium testaceum",1549,2,6,4,3,4,1,3,3
NA,"Pseudomonadota","Gammaproteobacteria","Cellvibrionales","Microbulbiferaceae","Microbulbifer","Microbulbifer aggregans","Microbulbifer sp. CCB-MM1",1550,5,7,7,4,3,5,2,4
NA,"Pseudomonadota","Gammaproteobacteria","Cellvibrionales","Microbulbiferaceae","Microbulbifer","Microbulbifer thermotolerans","Microbulbifer thermotolerans",1551,2,2,3,3,2,2,1,3
NA,"Actinomycetota","Actinomycetes","Micrococcales","Micrococcaceae","Micrococcus","Micrococcus luteus","Micrococcus luteus",1552,2,1,6,2,1,3,2,1
NA,"Cyanobacteriota","Cyanophyceae","Coleofasciculales","Coleofasciculaceae","Allocoleopsis","Allocoleopsis franciscana","Microcoleus sp. PCC 7113",1553,3,NA,3,1,3,1,2,NA
NA,"Cyanobacteriota","Cyanophyceae","Chroococcales","Microcystaceae","Microcystis","Microcystis aeruginosa","Microcystis aeruginosa",1554,NA,NA,2,4,3,2,4,3
NA,"Cyanobacteriota","Cyanophyceae","Chroococcales","Microcystaceae","Microcystis","Microcystis panniformis","Microcystis panniformis",1555,1,2,2,3,2,1,3,2
NA,"Actinomycetota","Actinomycetes","Propionibacteriales","Propionibacteriaceae","Microlunatus","Microlunatus phosphovorus","Microlunatus phosphovorus",1556,5,8,1,3,3,1,2,3
NA,"Actinomycetota","Actinomycetes","Micromonosporales","Micromonosporaceae","Micromonospora","Micromonospora aurantiaca (nom. illeg.)","Micromonospora aurantiaca (nom. illeg.)",1557,10,5,6,2,9,4,4,3
NA,"Actinomycetota","Actinomycetes","Micromonosporales","Micromonosporaceae","Micromonospora","Micromonospora sp. L5","Micromonospora sp. L5",1558,7,5,7,2,5,2,3,4
NA,"Actinomycetota","Actinomycetes","Micromonosporales","Micromonosporaceae","f_Micromonosporaceae","f_Micromonosporaceae","Micromonosporaceae",1559,1,NA,NA,NA,1,NA,NA,NA
NA,"Actinomycetota","Actinomycetes","Micrococcales","Microbacteriaceae","Microterricola","g_Microterricola","Microterricola",1560,NA,NA,1,NA,NA,NA,NA,NA
NA,"Actinomycetota","Actinomycetes","Micrococcales","Microbacteriaceae","Microterricola","Microterricola viridarii","Microterricola viridarii",1561,3,5,7,2,2,2,2,6
NA,"Pseudomonadota","Betaproteobacteria","Burkholderiales","Sphaerotilaceae","Roseateles","Mitsuaria sp. 7","Mitsuaria sp. 7",1562,3,2,6,8,3,3,2,4
NA,"Actinomycetota","Actinomycetes","Actinomycetales","Actinomycetaceae","Mobiluncus","Mobiluncus curtisii","Mobiluncus curtisii",1563,1,NA,NA,1,5,10,7,12
NA,"Actinomycetota","Actinomycetes","Geodermatophilales","Geodermatophilaceae","Modestobacter","g_Modestobacter","Modestobacter",1564,1,NA,NA,1,1,NA,NA,1
NA,"Actinomycetota","Actinomycetes","Geodermatophilales","Geodermatophilaceae","Modestobacter","Modestobacter marinus","Modestobacter marinus",1565,1,2,7,3,1,NA,5,2
NA,"Nucleocytoviricota","Pokkesviricetes","Chitovirales","Poxviridae","Molluscipoxvirus","Molluscipoxvirus molluscum","Molluscum contagiosum virus subtype 1",1566,NA,NA,NA,1,NA,NA,NA,NA
NA,"Cyanobacteriota","Cyanophyceae","Coleofasciculales","Coleofasciculaceae","Moorena","Moorena producens","Moorena producens",1567,2,3,NA,3,4,NA,NA,NA
NA,"Bacillota","Clostridia","Neomoorellales","Neomoorellaceae","Neomoorella","Neomoorella thermoacetica","Neomoorella thermoacetica",1568,1,5,2,3,1,2,1,1
NA,"Pseudomonadota","Gammaproteobacteria","Moraxellales","Moraxellaceae","Moraxella","Moraxella catarrhalis","Moraxella catarrhalis",1569,NA,2,1,3,1,2,NA,2
NA,"Pseudomonadota","Gammaproteobacteria","Moraxellales","Moraxellaceae","Faucicola","Faucicola osloensis","Faucicola osloensis",1570,1,NA,1,1,NA,NA,1,2
NA,"Pseudomonadota","Gammaproteobacteria","Moraxellales","Moraxellaceae","Moraxella","Moraxella ovis","Moraxella ovis",1571,NA,1,1,NA,NA,NA,NA,NA
NA,"Pseudomonadota","Gammaproteobacteria","Enterobacterales","Morganellaceae","Morganella","g_Morganella","Morganella
 
 <basidiomycete fungi>
 
",1572,NA,NA,NA,NA,NA,1,NA,NA
NA,"Pseudomonadota","Gammaproteobacteria","Enterobacterales","Morganellaceae","Morganella","Morganella morganii","Morganella morganii",1573,NA,1,1,4,3,2,1,NA
NA,"Pseudomonadota","Gammaproteobacteria","Alteromonadales","Moritellaceae","Moritella","Moritella viscosa","Moritella viscosa",1574,NA,NA,1,NA,3,1,3,NA
NA,"Bacteroidota","Sphingobacteriia","Sphingobacteriales","Sphingobacteriaceae","Mucilaginibacter","Mucilaginibacter sp. PAMC 26640","Mucilaginibacter sp. PAMC 26640",1575,6,6,5,5,6,7,4,2
NA,"Bacteroidota","Bacteroidia","Bacteroidales","Rikenellaceae","Mucinivorans","Mucinivorans hirudinis","Mucinivorans hirudinis",1576,16,12,11,11,13,10,8,7
NA,"Bacteroidota","Flavobacteriia","Flavobacteriales","Flavobacteriaceae","Flagellimonas","Flagellimonas lutaonensis","Muricauda lutaonensis",1577,4,5,2,4,1,1,1,NA
NA,"Bacteroidota","Flavobacteriia","Flavobacteriales","Flavobacteriaceae","Flagellimonas","Flagellimonas ruestringensis","Flagellimonas ruestringensis",1578,2,5,2,2,1,2,5,6
NA,"Peploviricota","Herviviricetes","Herpesvirales","Orthoherpesviridae","Muromegalovirus","Muromegalovirus muridbeta2","Murid betaherpesvirus 2",1579,NA,NA,NA,NA,NA,1,NA,NA
NA,"Actinomycetota","Actinomycetes","Mycobacteriales","Mycobacteriaceae","Mycobacterium","g_Mycobacterium","Mycobacterium",1580,1,NA,4,NA,1,NA,NA,NA
NA,"Actinomycetota","Actinomycetes","Mycobacteriales","Mycobacteriaceae","Mycobacteroides","Mycobacteroides abscessus","Mycobacteroides abscessus",1581,6,8,2,6,2,2,4,6
NA,"Actinomycetota","Actinomycetes","Mycobacteriales","Mycobacteriaceae","Mycobacterium","Mycobacterium tuberculosis","Mycobacterium tuberculosis variant africanum",1582,NA,4,1,2,NA,NA,1,1
NA,"Actinomycetota","Actinomycetes","Mycobacteriales","Mycobacteriaceae","Mycobacterium","Mycobacterium avium","Mycobacterium avium",1583,3,12,10,7,NA,2,5,3
NA,"Actinomycetota","Actinomycetes","Mycobacteriales","Mycobacteriaceae","Mycobacterium","Mycobacterium tuberculosis","Mycobacterium tuberculosis variant bovis",1584,NA,4,1,2,NA,NA,1,2
NA,"Actinomycetota","Actinomycetes","Mycobacteriales","Mycobacteriaceae","Mycobacterium","Mycobacterium canetti","Mycobacterium canetti",1585,NA,3,1,1,NA,NA,1,1
NA,"Actinomycetota","Actinomycetes","Mycobacteriales","Mycobacteriaceae","Mycobacteroides","Mycobacteroides chelonae","Mycobacteroides chelonae",1586,1,3,1,5,2,NA,NA,2
NA,"Actinomycetota","Actinomycetes","Mycobacteriales","Mycobacteriaceae","Mycobacterium","Mycobacterium intracellulare","Mycobacterium chimaera",1587,2,4,4,4,NA,1,1,1
NA,"Actinomycetota","Actinomycetes","Mycobacteriales","Mycobacteriaceae","Mycolicibacterium","Mycolicibacterium chubuense","Mycolicibacterium chubuense",1588,1,2,4,1,1,3,2,1
NA,"Actinomycetota","Actinomycetes","Mycobacteriales","Mycobacteriaceae","Mycolicibacterium","Mycolicibacterium fortuitum","Mycolicibacterium fortuitum",1589,4,4,3,4,1,2,1,4
NA,"Actinomycetota","Actinomycetes","Mycobacteriales","Mycobacteriaceae","Mycolicibacterium","Mycolicibacterium gilvum","Mycolicibacterium gilvum",1590,5,4,4,3,1,4,1,4
NA,"Actinomycetota","Actinomycetes","Mycobacteriales","Mycobacteriaceae","Mycolicibacterium","Mycolicibacterium goodii","Mycobacterium goodii",1591,2,3,5,9,1,2,2,3
NA,"Actinomycetota","Actinomycetes","Mycobacteriales","Mycobacteriaceae","Mycobacterium","Mycobacterium haemophilum","Mycobacterium haemophilum",1592,4,3,4,3,2,1,2,2
NA,"Actinomycetota","Actinomycetes","Mycobacteriales","Mycobacteriaceae","Mycobacteroides","Mycobacteroides immunogenum","Mycobacterium immunogenum",1593,NA,2,1,2,1,NA,NA,2
NA,"Actinomycetota","Actinomycetes","Mycobacteriales","Mycobacteriaceae","Mycobacterium","Mycobacterium intracellulare","Mycobacterium intracellulare subsp. intracellulare",1594,2,4,4,1,NA,2,1,2
NA,"Actinomycetota","Actinomycetes","Mycobacteriales","Mycobacteriaceae","Mycobacterium","Mycobacterium intracellulare","Mycobacterium intracellulare",1595,1,5,5,1,NA,2,1,3
NA,"Actinomycetota","Actinomycetes","Mycobacteriales","Mycobacteriaceae","Mycobacterium","Mycobacterium kansasii","Mycobacterium kansasii",1596,2,4,4,1,1,2,NA,4
NA,"Actinomycetota","Actinomycetes","Mycobacteriales","Mycobacteriaceae","Mycobacterium","Mycobacterium leprae","Mycobacterium leprae",1597,3,NA,1,1,1,1,NA,NA
NA,"Actinomycetota","Actinomycetes","Mycobacteriales","Mycobacteriaceae","Mycobacterium","Mycobacterium liflandii","Mycobacterium liflandii",1598,NA,3,NA,2,2,1,3,4
NA,"Actinomycetota","Actinomycetes","Mycobacteriales","Mycobacteriaceae","Mycobacterium","Mycobacterium marinum","Mycobacterium marinum",1599,1,4,NA,2,2,1,4,5
NA,"Actinomycetota","Actinomycetes","Mycobacteriales","Mycobacteriaceae","Mycolicibacterium","Mycolicibacterium neoaurum","Mycolicibacterium neoaurum",1600,1,7,3,2,NA,1,NA,1
NA,"Uroviricota","Caudoviricetes","c_Caudoviricetes","c_Caudoviricetes","Fromanvirus","Mycobacterium phage 20ES","Mycobacterium phage 20ES",1601,NA,NA,2,NA,1,NA,NA,NA
NA,"Uroviricota","Caudoviricetes","c_Caudoviricetes","Vilmaviridae","Faithunavirus","Faithunavirus archie","Mycobacterium phage Archie",1602,NA,NA,1,NA,NA,NA,NA,NA
NA,"Uroviricota","Caudoviricetes","c_Caudoviricetes","c_Caudoviricetes","Omegavirus","Mycobacterium phage Ariel","Mycobacterium phage Ariel",1603,NA,NA,NA,NA,NA,1,NA,NA
NA,"Uroviricota","Caudoviricetes","c_Caudoviricetes","c_Caudoviricetes","Barnyardvirus","Barnyardvirus barnyard","Mycobacterium phage Barnyard",1604,NA,1,1,NA,NA,NA,NA,1
NA,"Uroviricota","Caudoviricetes","c_Caudoviricetes","c_Caudoviricetes","Bernalvirus","Bernalvirus bernal13","Mycobacterium phage Bernal13",1605,NA,NA,NA,NA,2,NA,NA,NA
NA,"Uroviricota","Caudoviricetes","c_Caudoviricetes","c_Caudoviricetes","Kostyavirus","Mycobacterium phage Bruin","Mycobacterium phage Bruin",1606,NA,1,NA,NA,NA,NA,NA,NA
NA,"Uroviricota","Caudoviricetes","c_Caudoviricetes","c_Caudoviricetes","Veracruzvirus","Veracruzvirus BTCU1","Mycobacterium phage BTCU-1",1607,NA,1,NA,NA,NA,NA,NA,NA
NA,"Uroviricota","Caudoviricetes","c_Caudoviricetes","c_Caudoviricetes","Kostyavirus","Mycobacterium phage Contagion","Mycobacterium phage Contagion",1608,NA,1,NA,NA,NA,NA,NA,NA
NA,"Uroviricota","Caudoviricetes","c_Caudoviricetes","c_Caudoviricetes","Kostyavirus","Mycobacterium phage DrDrey","Mycobacterium phage DrDrey",1609,NA,1,NA,NA,NA,NA,NA,NA
NA,"Uroviricota","Caudoviricetes","c_Caudoviricetes","c_Caudoviricetes","Hnatkovirus","Hnatkovirus DS6A","Mycobacterium phage DS6A",1610,NA,1,NA,NA,NA,NA,NA,NA
NA,"Uroviricota","Caudoviricetes","c_Caudoviricetes","c_Caudoviricetes","Kostyavirus","Mycobacterium phage Dumbo","Mycobacterium phage Dumbo",1611,NA,1,NA,NA,NA,NA,NA,NA
NA,"Uroviricota","Caudoviricetes","c_Caudoviricetes","c_Caudoviricetes","Fromanvirus","Mycobacterium phage First","Mycobacterium phage First",1612,NA,NA,2,NA,1,NA,NA,NA
NA,"Uroviricota","Caudoviricetes","c_Caudoviricetes","c_Caudoviricetes","Kostyavirus","Kostyavirus eureka","Mycobacterium phage Goku",1613,NA,1,NA,NA,NA,NA,NA,NA
NA,"Uroviricota","Caudoviricetes","c_Caudoviricetes","c_Caudoviricetes","Kostyavirus","Mycobacterium phage HufflyPuff","Mycobacterium phage HufflyPuff",1614,NA,1,NA,NA,NA,NA,NA,NA
NA,"Uroviricota","Caudoviricetes","c_Caudoviricetes","c_Caudoviricetes","Kostyavirus","Mycobacterium phage Lilac","Mycobacterium phage Lilac",1615,NA,1,NA,NA,NA,NA,NA,NA
NA,"Uroviricota","Caudoviricetes","c_Caudoviricetes","c_Caudoviricetes","Omegavirus","Mycobacterium phage MiaZeal","Mycobacterium phage MiaZeal",1616,NA,NA,NA,NA,NA,1,NA,NA
NA,"Uroviricota","Caudoviricetes","c_Caudoviricetes","c_Caudoviricetes","Kostyavirus","Kostyavirus toto","Mycobacterium phage Mindy",1617,NA,1,NA,NA,NA,NA,NA,NA
NA,"Uroviricota","Caudoviricetes","c_Caudoviricetes","c_Caudoviricetes","Pinnievirus","Pinnievirus moorethemaryer","Mycobacterium phage MOOREtheMARYer",1618,NA,NA,NA,NA,NA,NA,1,NA
NA,"Uroviricota","Caudoviricetes","c_Caudoviricetes","c_Caudoviricetes","Kostyavirus","Mycobacterium phage Murphy","Mycobacterium phage Murphy",1619,NA,1,NA,NA,NA,NA,NA,NA
NA,"Uroviricota","Caudoviricetes","c_Caudoviricetes","c_Caudoviricetes","Kostyavirus","Mycobacterium phage Nala","Mycobacterium phage Nala",1620,NA,1,NA,NA,NA,NA,NA,NA
NA,"Uroviricota","Caudoviricetes","c_Caudoviricetes","c_Caudoviricetes","Kostyavirus","Mycobacterium phage NelitzaMV","Mycobacterium phage NelitzaMV",1621,NA,1,NA,NA,NA,NA,NA,NA
NA,"Uroviricota","Caudoviricetes","c_Caudoviricetes","c_Caudoviricetes","Kostyavirus","Mycobacterium phage PhatBacter","Mycobacterium phage PhatBacter",1622,NA,1,NA,NA,NA,NA,NA,NA
NA,"Uroviricota","Caudoviricetes","c_Caudoviricetes","c_Caudoviricetes","Kostyavirus","Mycobacterium phage Phaux","Mycobacterium phage Phaux",1623,NA,1,NA,NA,NA,NA,NA,NA
NA,"Uroviricota","Caudoviricetes","c_Caudoviricetes","c_Caudoviricetes","Kostyavirus","Mycobacterium phage Phrux","Mycobacterium phage Phrux",1624,NA,1,NA,NA,NA,NA,NA,NA
NA,"Uroviricota","Caudoviricetes","c_Caudoviricetes","c_Caudoviricetes","Kostyavirus","Mycobacterium phage Quink","Mycobacterium phage Quink",1625,NA,1,NA,NA,NA,NA,NA,NA
NA,"Uroviricota","Caudoviricetes","c_Caudoviricetes","c_Caudoviricetes","Omegavirus","Mycobacterium phage Redno2","Mycobacterium phage Redno2",1626,NA,NA,NA,NA,NA,1,NA,NA
NA,"Uroviricota","Caudoviricetes","c_Caudoviricetes","c_Caudoviricetes","Keshuvirus","Keshuvirus shedlockholmes","Mycobacterium phage ShedlockHolmes",1627,NA,NA,NA,NA,1,NA,NA,NA
NA,"Uroviricota","Caudoviricetes","c_Caudoviricetes","c_Caudoviricetes","Backyardiganvirus","Mycobacterium phage Wile","Mycobacterium phage Wile",1628,NA,1,NA,NA,NA,NA,NA,NA
NA,"Actinomycetota","Actinomycetes","Mycobacteriales","Mycobacteriaceae","Mycolicibacterium","Mycolicibacterium phlei","Mycolicibacterium phlei",1629,8,5,3,5,4,1,3,3
NA,"Actinomycetota","Actinomycetes","Mycobacteriales","Mycobacteriaceae","Mycolicibacterium","Mycolicibacterium rhodesiae","Mycolicibacterium rhodesiae",1630,5,5,4,3,2,1,2,1
NA,"Actinomycetota","Actinomycetes","Mycobacteriales","Mycobacteriaceae","Mycolicibacter","Mycolicibacter sinensis","Mycobacterium sinense",1631,NA,7,2,1,1,NA,4,1
NA,"Actinomycetota","Actinomycetes","Mycobacteriales","Mycobacteriaceae","Mycolicibacterium","Mycolicibacterium smegmatis","Mycolicibacterium smegmatis",1632,3,5,7,4,2,NA,3,3
NA,"Actinomycetota","Actinomycetes","Mycobacteriales","Mycobacteriaceae","Mycobacterium","Mycobacterium sp. djl-10","Mycobacterium sp. djl-10",1633,1,6,5,3,5,1,7,3
NA,"Actinomycetota","Actinomycetes","Mycobacteriales","Mycobacteriaceae","Mycobacterium","Mycobacterium sp. EPa45","Mycobacterium sp. EPa45",1634,4,1,1,NA,1,NA,2,1
NA,"Actinomycetota","Actinomycetes","Mycobacteriales","Mycobacteriaceae","Mycobacterium","Mycobacterium sp. JLS","Mycobacterium sp. JLS",1635,2,2,1,1,1,1,1,NA
NA,"Actinomycetota","Actinomycetes","Mycobacteriales","Mycobacteriaceae","Mycobacterium","Mycobacterium sp. JS623","Mycobacterium sp. JS623",1636,NA,3,7,1,2,2,1,2
NA,"Actinomycetota","Actinomycetes","Mycobacteriales","Mycobacteriaceae","Mycobacterium","Mycobacterium sp. KMS","Mycobacterium sp. KMS",1637,2,2,1,1,1,1,1,NA
NA,"Actinomycetota","Actinomycetes","Mycobacteriales","Mycobacteriaceae","Mycobacterium","Mycobacterium sp. MCS","Mycobacterium sp. MCS",1638,2,2,1,1,1,1,1,NA
NA,"Actinomycetota","Actinomycetes","Mycobacteriales","Mycobacteriaceae","Mycobacterium","Mycobacterium sp. MOTT36Y","Mycobacterium sp. MOTT36Y",1639,3,5,6,1,NA,2,1,3
NA,"Actinomycetota","Actinomycetes","Mycobacteriales","Mycobacteriaceae","Mycolicibacterium","Mycolicibacterium neoaurum","Mycolicibacterium neoaurum",1640,1,7,3,2,NA,1,NA,1
NA,"Actinomycetota","Actinomycetes","Mycobacteriales","Mycobacteriaceae","Mycobacterium","Mycobacterium sp. QIA-37","Mycobacterium sp. QIA-37",1641,1,3,1,4,2,1,NA,5
NA,"Actinomycetota","Actinomycetes","Mycobacteriales","Mycobacteriaceae","Mycobacterium","Mycobacterium sp. VKM Ac-1817D","Mycobacterium sp. VKM Ac-1817D",1642,4,4,3,4,2,2,1,4
NA,"Actinomycetota","Actinomycetes","Mycobacteriales","Mycobacteriaceae","Mycobacterium","Mycobacterium adipatum","Mycobacterium sp. YC-RL4",1643,4,5,6,3,1,3,NA,3
NA,"Actinomycetota","Actinomycetes","Mycobacteriales","Mycobacteriaceae","Mycobacterium","Mycobacterium tuberculosis","Mycobacterium tuberculosis",1644,NA,4,1,3,NA,NA,1,1
NA,"Actinomycetota","Actinomycetes","Mycobacteriales","Mycobacteriaceae","Mycolicibacterium","Mycolicibacterium vaccae","Mycolicibacterium vaccae",1645,11,6,10,6,9,2,3,2
NA,"Actinomycetota","Actinomycetes","Mycobacteriales","Mycobacteriaceae","Mycolicibacterium","Mycolicibacterium vanbaalenii","Mycolicibacterium vanbaalenii",1646,2,3,3,1,3,1,2,1
NA,"Actinomycetota","Actinomycetes","Mycobacteriales","Mycobacteriaceae","Mycobacterium","Mycobacterium intracellulare","Mycobacterium intracellulare subsp. yongonense",1647,2,4,5,1,NA,1,NA,2
NA,"Mycoplasmatota","p_Mycoplasmatota","Mycoplasmoidales","Metamycoplasmataceae","Mycoplasmopsis","Mycoplasmopsis agalactiae","Mycoplasmopsis agalactiae",1648,2,NA,NA,1,1,3,3,3
NA,"Mycoplasmatota","p_Mycoplasmatota","Mycoplasmoidales","Metamycoplasmataceae","Mycoplasmopsis","Mycoplasmopsis arginini","Mycoplasmopsis arginini",1649,NA,1,NA,NA,NA,NA,NA,1
NA,"Mycoplasmatota","p_Mycoplasmatota","Mycoplasmoidales","Metamycoplasmataceae","Metamycoplasma","Metamycoplasma arthritidis","Metamycoplasma arthritidis",1650,NA,1,NA,NA,NA,NA,1,1
NA,"Mycoplasmatota","p_Mycoplasmatota","Mycoplasmoidales","Metamycoplasmataceae","Mycoplasmopsis","Mycoplasmopsis bovis","Mycoplasmopsis bovis",1651,NA,NA,1,NA,1,1,1,1
NA,"Mycoplasmatota","p_Mycoplasmatota","Mycoplasmoidales","Metamycoplasmataceae","Mycoplasmopsis","Mycoplasmopsis californica","Mycoplasmopsis californica",1652,NA,NA,NA,NA,NA,2,3,NA
NA,"Mycoplasmatota","p_Mycoplasmatota","Mycoplasmoidales","Metamycoplasmataceae","Metamycoplasma","Metamycoplasma canadense","Mycoplasma canadense",1653,NA,NA,NA,NA,NA,NA,NA,1
NA,"Mycoplasmatota","p_Mycoplasmatota","Mycoplasmoidales","Metamycoplasmataceae","Mycoplasmopsis","Mycoplasmopsis canis","Mycoplasmopsis canis",1654,NA,1,NA,NA,NA,2,3,NA
NA,"Mycoplasmatota","Mollicutes","Mycoplasmatales","Mycoplasmataceae","Mycoplasma","Mycoplasma capricolum","Mycoplasma capricolum",1655,1,NA,NA,NA,NA,NA,1,NA
NA,"Mycoplasmatota","Mollicutes","Mycoplasmatales","Mycoplasmataceae","Mycoplasma","Mycoplasma crocodyli","Mycoplasma crocodyli",1656,NA,NA,NA,NA,1,2,2,1
NA,"Mycoplasmatota","p_Mycoplasmatota","Mycoplasmoidales","Metamycoplasmataceae","Mycoplasmopsis","Mycoplasmopsis cynos","Mycoplasmopsis cynos",1657,1,1,NA,1,NA,1,2,NA
NA,"Mycoplasmatota","p_Mycoplasmatota","Mycoplasmoidales","Metamycoplasmataceae","Mycoplasmopsis","Mycoplasmopsis fermentans","Mycoplasmopsis fermentans",1658,NA,NA,NA,NA,1,2,3,NA
NA,"Mycoplasmatota","p_Mycoplasmatota","Mycoplasmoidales","Mycoplasmoidaceae","Mycoplasmoides","Mycoplasmoides gallisepticum","Mycoplasmoides gallisepticum",1659,2,NA,1,NA,1,NA,2,1
NA,"Mycoplasmatota","p_Mycoplasmatota","Mycoplasmoidales","Mycoplasmoidaceae","Mycoplasmoides","Mycoplasmoides genitalium","Mycoplasmoides genitalium",1660,1,NA,NA,1,NA,NA,NA,NA
NA,"Mycoplasmatota","Mollicutes","Mycoplasmatales","Mycoplasmataceae","Mycoplasma","Mycoplasma haemocanis","Mycoplasma haemocanis",1661,NA,NA,NA,NA,NA,2,1,NA
NA,"Mycoplasmatota","Mollicutes","Mycoplasmatales","Mycoplasmataceae","Mycoplasma","Mycoplasma haemofelis","Mycoplasma haemofelis",1662,NA,2,NA,NA,1,NA,NA,1
NA,"Mycoplasmatota","p_Mycoplasmatota","Mycoplasmoidales","Metamycoplasmataceae","Metamycoplasma","Metamycoplasma hominis","Metamycoplasma hominis",1663,NA,NA,NA,NA,2,1,NA,2
NA,"Mycoplasmatota","p_Mycoplasmatota","Mycoplasmoidales","Metamycoplasmataceae","Mesomycoplasma","Mesomycoplasma hyopneumoniae","Mesomycoplasma hyopneumoniae",1664,3,NA,NA,NA,NA,NA,1,1
NA,"Mycoplasmatota","p_Mycoplasmatota","Mycoplasmoidales","Metamycoplasmataceae","Mesomycoplasma","Mesomycoplasma hyorhinis","Mesomycoplasma hyorhinis",1665,1,NA,NA,NA,NA,NA,NA,NA
NA,"Mycoplasmatota","Mollicutes","Mycoplasmatales","Mycoplasmataceae","Mycoplasma","Mycoplasma leachii","Mycoplasma leachii",1666,1,NA,NA,NA,1,NA,1,NA
NA,"Mycoplasmatota","p_Mycoplasmatota","Mycoplasmoidales","Metamycoplasmataceae","Mesomycoplasma","Mycoplasma mobile","[Mycoplasma] mobile",1667,1,NA,NA,1,1,NA,NA,2
NA,"Mycoplasmatota","Mollicutes","Mycoplasmatales","Mycoplasmataceae","Mycoplasma","Mycoplasma mycoides","Mycoplasma mycoides",1668,1,1,1,NA,2,NA,1,2
NA,"Mycoplasmatota","Mollicutes","Mycoplasmatales","Mycoplasmataceae","Mycoplasma","Mycoplasma ovis","Mycoplasma ovis",1669,NA,NA,NA,NA,NA,2,NA,NA
NA,"Mycoplasmatota","Mollicutes","Mycoplasmatales","Mycoplasmataceae","Mycoplasma","Mycoplasma parvum","Mycoplasma parvum",1670,NA,NA,NA,NA,1,NA,NA,NA
NA,"Mycoplasmatota","p_Mycoplasmatota","Mycoplasmoidales","Mycoplasmoidaceae","Malacoplasma","Malacoplasma penetrans","Malacoplasma penetrans",1671,NA,NA,NA,NA,1,NA,1,NA
NA,"Mycoplasmatota","p_Mycoplasmatota","Mycoplasmoidales","Metamycoplasmataceae","Mycoplasmopsis","Mycoplasmopsis pulmonis","Mycoplasmopsis pulmonis",1672,1,1,1,1,1,NA,NA,1
NA,"Mycoplasmatota","Mollicutes","Mycoplasmatales","Mycoplasmataceae","Mycoplasma","Mycoplasma putrefaciens","Mycoplasma putrefaciens",1673,NA,NA,NA,NA,NA,NA,1,1
NA,"Mycoplasmatota","Mollicutes","Mycoplasmatales","Mycoplasmataceae","Mycoplasma","Mycoplasma suis","Mycoplasma suis",1674,NA,NA,NA,NA,NA,NA,1,NA
NA,"Mycoplasmatota","p_Mycoplasmatota","Mycoplasmoidales","Metamycoplasmataceae","Mycoplasmopsis","Mycoplasmopsis synoviae","Mycoplasmopsis synoviae",1675,NA,NA,NA,NA,3,1,NA,NA
NA,"Mycoplasmatota","Mollicutes","Mycoplasmatales","Mycoplasmataceae","Mycoplasma","Mycoplasma wenyonii","Mycoplasma wenyonii",1676,NA,NA,1,NA,NA,NA,NA,NA
NA,"Mycoplasmatota","Mollicutes","Mycoplasmatales","Mycoplasmataceae","Mycoplasma","Mycoplasma yeatsii","Mycoplasma yeatsii",1677,3,1,1,NA,3,NA,2,NA
NA,"Bacteroidota","Flavobacteriia","Flavobacteriales","Flavobacteriaceae","Myroides","g_Myroides","Myroides",1678,NA,NA,NA,NA,NA,1,NA,NA
NA,"Bacteroidota","Flavobacteriia","Flavobacteriales","Flavobacteriaceae","Myroides","Myroides odoratimimus","Myroides odoratimimus",1679,1,2,5,5,10,4,8,4
NA,"Bacteroidota","Flavobacteriia","Flavobacteriales","Flavobacteriaceae","Myroides","Myroides profundi","Myroides profundi",1680,2,3,2,4,7,2,3,5
NA,"Bacteroidota","Flavobacteriia","Flavobacteriales","Flavobacteriaceae","Myroides","Myroides sp. A21","Myroides sp. A21",1681,2,1,4,6,11,3,3,5
NA,"Bacteroidota","Flavobacteriia","Flavobacteriales","Flavobacteriaceae","Myroides","Myroides sp. ZB35","Myroides sp. ZB35",1682,2,NA,3,5,7,3,4,5
NA,"Myxococcota","Myxococcia","Myxococcales","Myxococcaceae","Myxococcus","g_Myxococcus","Myxococcus",1683,NA,NA,NA,1,NA,NA,NA,1
NA,"Myxococcota","Myxococcia","Myxococcales","Myxococcaceae","Myxococcus","Myxococcus fulvus","Myxococcus fulvus",1684,17,11,22,23,17,7,5,11
NA,"Myxococcota","Myxococcia","Myxococcales","Myxococcaceae","Pseudomyxococcus","Pseudomyxococcus hansupus","Myxococcus hansupus",1685,5,8,10,3,3,2,9,2
NA,"Myxococcota","Myxococcia","Myxococcales","Myxococcaceae","Myxococcus","Myxococcus stipitatus","Myxococcus stipitatus",1686,4,3,7,6,5,4,7,3
NA,"Myxococcota","Myxococcia","Myxococcales","Myxococcaceae","Myxococcus","Myxococcus xanthus","Myxococcus xanthus",1687,7,4,7,4,7,1,3,4
NA,"Actinomycetota","Actinomycetes","Nakamurellales","Nakamurellaceae","Nakamurella","Nakamurella multipartita","Nakamurella multipartita",1688,NA,4,9,11,3,NA,2,3
NA,"Bacillota","Clostridia","Natranaerobiales","Natranaerobiaceae","Natranaerobius","Natranaerobius thermophilus","Natranaerobius thermophilus",1689,NA,NA,NA,1,1,3,1,1
NA,"Methanobacteriota","Halobacteria","Halobacteriales","Natrialbaceae","Natrialba","Natrialba magadii","Natrialba magadii",1690,NA,1,2,2,3,NA,NA,NA
NA,"Methanobacteriota","Halobacteria","Halobacteriales","Natrialbaceae","Natrinema","Natrinema pellirubrum","Natrinema pellirubrum",1691,NA,1,2,1,1,1,NA,NA
NA,"Methanobacteriota","Halobacteria","Halobacteriales","Natrialbaceae","Natrinema","Natrinema sp. J7-2","Natrinema sp. J7-2",1692,NA,NA,3,1,NA,NA,NA,2
NA,"Methanobacteriota","Halobacteria","Halobacteriales","Natrialbaceae","Natronobacterium","Natronobacterium gregoryi","Natronobacterium gregoryi",1693,NA,NA,NA,1,2,1,NA,NA
NA,"Methanobacteriota","Halobacteria","Halobacteriales","Natrialbaceae","Natronococcus","Natronococcus occultus","Natronococcus occultus",1694,NA,NA,NA,NA,1,NA,NA,NA
NA,"Methanobacteriota","Halobacteria","Halobacteriales","Natronomonadaceae","Natronomonas","Natronomonas moolapensis","Natronomonas moolapensis",1695,NA,NA,NA,1,NA,NA,NA,1
NA,"Methanobacteriota","Halobacteria","Halobacteriales","Natronomonadaceae","Natronomonas","Natronomonas pharaonis","Natronomonas pharaonis",1696,1,NA,NA,NA,NA,NA,NA,NA
NA,"Campylobacterota","Epsilonproteobacteria","Nautiliales","Nautiliaceae","Nautilia","Nautilia profundicola","Nautilia profundicola",1697,2,NA,2,1,3,NA,2,3
NA,"Pseudomonadota","Betaproteobacteria","Neisseriales","Neisseriaceae","Neisseria","Neisseria elongata","Neisseria elongata",1698,NA,3,1,1,1,NA,5,4
NA,"Pseudomonadota","Betaproteobacteria","Neisseriales","Neisseriaceae","Neisseria","Neisseria gonorrhoeae","Neisseria gonorrhoeae",1699,NA,2,NA,2,NA,2,NA,1
NA,"Pseudomonadota","Betaproteobacteria","Neisseriales","Neisseriaceae","Neisseria","Neisseria lactamica","Neisseria lactamica",1700,2,NA,NA,NA,NA,NA,2,1
NA,"Pseudomonadota","Betaproteobacteria","Neisseriales","Neisseriaceae","Neisseria","Neisseria meningitidis","Neisseria meningitidis",1701,9,6,9,14,6,4,3,6
NA,"Pseudomonadota","Betaproteobacteria","Neisseriales","Neisseriaceae","Neisseria","Neisseria weaveri","Neisseria weaveri",1702,2,3,NA,3,NA,2,1,1
NA,"Pseudomonadota","Alphaproteobacteria","Hyphomicrobiales","Rhizobiaceae","Neorhizobium","Neorhizobium galegae","Neorhizobium galegae",1703,4,12,3,10,NA,1,4,4
NA,"Pseudomonadota","Alphaproteobacteria","Rickettsiales","Anaplasmataceae","Neorickettsia","Neorickettsia helminthoeca","Neorickettsia helminthoeca",1704,NA,NA,NA,NA,NA,NA,1,NA
NA,"Pseudomonadota","Alphaproteobacteria","Rickettsiales","Anaplasmataceae","Neorickettsia","Neorickettsia risticii","Neorickettsia risticii",1705,NA,1,1,NA,NA,NA,NA,1
NA,"Pseudomonadota","Alphaproteobacteria","Rickettsiales","Anaplasmataceae","Ehrlichia","Ehrlichia sennetsu","Ehrlichia sennetsu",1706,NA,NA,NA,NA,NA,NA,NA,1
NA,"Bacteroidota","Chitinophagia","Chitinophagales","Chitinophagaceae","Niabella","Niabella ginsenosidivorans","Niabella ginsenosidivorans",1707,10,3,3,5,7,3,5,3
NA,"Bacteroidota","Chitinophagia","Chitinophagales","Chitinophagaceae","Niabella","Niabella soli","Niabella soli",1708,9,2,3,4,7,5,7,7
NA,"Bacteroidota","Chitinophagia","Chitinophagales","Chitinophagaceae","Niastella","Niastella koreensis","Niastella koreensis",1709,4,7,7,9,12,7,2,5
NA,"Nucleocytoviricota","Pokkesviricetes","Chitovirales","Poxviridae","Crocodylidpoxvirus","Crocodylidpoxvirus nilecrocodilepox","Nile crocodilepox virus",1710,NA,NA,NA,NA,NA,1,NA,NA
NA,"Campylobacterota","Epsilonproteobacteria","Campylobacterales","Sulfurovaceae","Nitratifractor","Nitratifractor salsuginis","Nitratifractor salsuginis",1711,2,1,6,1,2,1,5,NA
NA,"Campylobacterota","Epsilonproteobacteria","Nautiliales","Nitratiruptoraceae","Nitratiruptor","Nitratiruptor sp. SB155-2","Nitratiruptor sp. SB155-2",1712,1,4,1,1,NA,6,2,1
NA,"Pseudomonadota","Alphaproteobacteria","Hyphomicrobiales","Nitrobacteraceae","Nitrobacter","Nitrobacter hamburgensis","Nitrobacter hamburgensis",1713,1,1,1,3,2,2,NA,NA
NA,"Pseudomonadota","Alphaproteobacteria","Hyphomicrobiales","Nitrobacteraceae","Nitrobacter","Nitrobacter winogradskyi","Nitrobacter winogradskyi",1714,1,3,1,2,3,NA,2,1
NA,"Pseudomonadota","Gammaproteobacteria","Chromatiales","Chromatiaceae","Nitrosococcus","Nitrosococcus halophilus","Nitrosococcus halophilus",1715,2,1,NA,4,2,1,2,NA
NA,"Pseudomonadota","Gammaproteobacteria","Chromatiales","Chromatiaceae","Nitrosococcus","Nitrosococcus oceani","Nitrosococcus oceani",1716,1,NA,NA,NA,NA,NA,1,2
NA,"Pseudomonadota","Gammaproteobacteria","Chromatiales","Chromatiaceae","Nitrosococcus","Nitrosococcus watsonii","Nitrosococcus watsonii",1717,1,1,NA,NA,1,NA,1,NA
NA,"Pseudomonadota","Betaproteobacteria","Nitrosomonadales","Nitrosomonadaceae","Nitrosomonas","Nitrosomonas communis","Nitrosomonas communis",1718,NA,1,NA,NA,1,2,1,NA
NA,"Pseudomonadota","Betaproteobacteria","Nitrosomonadales","Nitrosomonadaceae","Nitrosomonas","Nitrosomonas europaea","Nitrosomonas europaea",1719,NA,NA,3,NA,1,3,1,3
NA,"Pseudomonadota","Betaproteobacteria","Nitrosomonadales","Nitrosomonadaceae","Nitrosomonas","Nitrosomonas eutropha","Nitrosomonas eutropha",1720,NA,NA,1,1,NA,NA,NA,NA
NA,"Pseudomonadota","Betaproteobacteria","Nitrosomonadales","Nitrosomonadaceae","Nitrosomonas","Nitrosomonas sp. AL212","Nitrosomonas sp. AL212",1721,NA,NA,1,NA,NA,NA,1,1
NA,"Pseudomonadota","Betaproteobacteria","Nitrosomonadales","Nitrosomonadaceae","Nitrosomonas","Nitrosomonas sp. Is79A3","Nitrosomonas sp. Is79A3",1722,NA,NA,NA,1,NA,2,NA,1
NA,"Pseudomonadota","Betaproteobacteria","Nitrosomonadales","Nitrosomonadaceae","Nitrosomonas","Nitrosomonas ureae","Nitrosomonas ureae",1723,NA,NA,NA,1,2,2,1,2
NA,"Pseudomonadota","Betaproteobacteria","Nitrosomonadales","Nitrosomonadaceae","Nitrosospira","Nitrosospira briensis","Nitrosospira briensis",1724,3,4,1,1,7,1,NA,3
NA,"Pseudomonadota","Betaproteobacteria","Nitrosomonadales","Nitrosomonadaceae","Nitrosospira","Nitrosospira multiformis","Nitrosospira multiformis",1725,NA,1,NA,NA,NA,NA,NA,3
NA,"Nitrospirota","Nitrospiria","Nitrospirales","Nitrospiraceae","Nitrospira","Nitrospira defluvii","Nitrospira defluvii",1726,NA,3,3,1,1,1,1,3
NA,"Nitrospirota","Nitrospiria","Nitrospirales","Nitrospiraceae","Nitrospira","Nitrospira moscoviensis","Nitrospira moscoviensis",1727,2,5,1,4,7,1,3,1
NA,"Actinomycetota","Actinomycetes","Mycobacteriales","Nocardiaceae","Nocardia","g_Nocardia","Nocardia",1728,NA,1,1,NA,NA,NA,NA,NA
NA,"Actinomycetota","Actinomycetes","Mycobacteriales","Nocardiaceae","Nocardia","Nocardia brasiliensis","Nocardia brasiliensis",1729,3,8,9,6,4,2,3,4
NA,"Actinomycetota","Actinomycetes","Mycobacteriales","Nocardiaceae","Nocardia","Nocardia cyriacigeorgica","Nocardia cyriacigeorgica",1730,7,5,7,4,4,2,5,3
NA,"Actinomycetota","Actinomycetes","Mycobacteriales","Nocardiaceae","Nocardia","Nocardia farcinica","Nocardia farcinica",1731,6,4,10,4,3,1,5,2
NA,"Actinomycetota","Actinomycetes","Mycobacteriales","Nocardiaceae","Nocardia","Nocardia nova","Nocardia nova",1732,2,3,8,4,1,2,NA,3
NA,"Actinomycetota","Actinomycetes","Mycobacteriales","Nocardiaceae","Nocardia","Nocardia seriolae","Nocardia seriolae",1733,3,2,8,3,3,4,4,7
NA,"Actinomycetota","Actinomycetes","Propionibacteriales","Nocardioidaceae","Nocardioides","g_Nocardioides","Nocardioides",1734,1,NA,NA,NA,1,NA,NA,NA
NA,"Actinomycetota","Actinomycetes","Propionibacteriales","Nocardioidaceae","Nocardioides","Nocardioides dokdonensis","Nocardioides dokdonensis",1735,3,1,12,4,1,1,1,4
NA,"Actinomycetota","Actinomycetes","Propionibacteriales","Nocardioidaceae","Nocardioides","Nocardioides sp. JS614","Nocardioides sp. JS614",1736,1,NA,5,1,NA,2,1,3
NA,"Actinomycetota","Actinomycetes","Streptosporangiales","Nocardiopsidaceae","Nocardiopsis","Nocardiopsis alba","Nocardiopsis alba",1737,2,6,5,7,1,3,2,1
NA,"Actinomycetota","Actinomycetes","Streptosporangiales","Nocardiopsidaceae","Nocardiopsis","Nocardiopsis dassonvillei","Nocardiopsis dassonvillei",1738,3,9,4,5,4,5,3,3
NA,"Bacteroidota","Flavobacteriia","Flavobacteriales","Flavobacteriaceae","Nonlabens","Nonlabens dokdonensis","Nonlabens dokdonensis",1739,NA,2,1,3,6,4,3,3
NA,"Bacteroidota","Flavobacteriia","Flavobacteriales","Flavobacteriaceae","Nonlabens","Nonlabens sp. MIC269","Nonlabens sp. MIC269",1740,6,4,3,4,5,5,1,3
NA,"Cyanobacteriota","Cyanophyceae","Nostocales","Nostocaceae","Nostoc","Nostoc punctiforme","Nostoc punctiforme",1741,3,3,3,5,3,1,1,2
NA,"Cyanobacteriota","Cyanophyceae","Nostocales","Nostocaceae","Nostoc","Nostoc sp. NIES-3756","Nostoc sp. NIES-3756",1742,1,2,1,2,NA,NA,4,NA
NA,"Cyanobacteriota","Cyanophyceae","Nostocales","Nostocaceae","Nostoc","Nostoc sp. PCC 7107","Nostoc sp. PCC 7107",1743,1,NA,NA,NA,NA,2,1,NA
NA,"Cyanobacteriota","Cyanophyceae","Nostocales","Nostocaceae","Nostoc","Nostoc sp. PCC 7120 = FACHB-418","Nostoc sp. PCC 7120",1744,1,NA,2,2,4,NA,3,NA
NA,"Cyanobacteriota","Cyanophyceae","Nostocales","Nostocaceae","Nostoc","Nostoc sp. PCC 7524","Nostoc sp. PCC 7524",1745,NA,1,NA,1,NA,1,1,NA
NA,"Pseudomonadota","Alphaproteobacteria","Sphingomonadales","Sphingomonadaceae","Novosphingobium","g_Novosphingobium","Novosphingobium",1746,NA,1,NA,NA,NA,NA,NA,NA
NA,"Pseudomonadota","Alphaproteobacteria","Sphingomonadales","Sphingomonadaceae","Novosphingobium","Novosphingobium aromaticivorans","Novosphingobium aromaticivorans",1747,NA,3,5,3,1,3,NA,2
NA,"Pseudomonadota","Alphaproteobacteria","Sphingomonadales","Sphingomonadaceae","Novosphingobium","Novosphingobium pentaromativorans","Novosphingobium pentaromativorans",1748,2,6,7,4,1,1,4,7
NA,"Pseudomonadota","Alphaproteobacteria","Sphingomonadales","Sphingomonadaceae","Novosphingobium","Novosphingobium resinovorum","Novosphingobium resinovorum",1749,1,NA,2,3,3,1,4,2
NA,"Pseudomonadota","Alphaproteobacteria","Sphingomonadales","Sphingomonadaceae","Novosphingobium","Novosphingobium sp. PP1Y","Novosphingobium sp. PP1Y",1750,1,6,11,6,2,NA,4,3
NA,"Pseudomonadota","Gammaproteobacteria","Enterobacterales","Hafniaceae","Obesumbacterium","Obesumbacterium proteus","Obesumbacterium proteus",1751,4,2,NA,1,2,2,4,8
NA,"Pseudomonadota","Gammaproteobacteria","Pseudomonadales","Pseudomonadaceae","Thiopseudomonas","Thiopseudomonas alkaliphila","Oblitimonas alkaliphila",1752,2,1,NA,NA,1,2,1,3
NA,"Pseudomonadota","Gammaproteobacteria","Aeromonadales","Aeromonadaceae","Oceanimonas","Oceanimonas sp. GK1","Oceanimonas sp. GK1",1753,2,8,2,5,3,1,6,3
NA,"Deinococcota","Deinococci","Thermales","Thermaceae","Oceanithermus","Oceanithermus profundus","Oceanithermus profundus",1754,3,9,5,6,2,4,2,3
NA,"Bacillota","Bacilli","Bacillales","Bacillaceae","Oceanobacillus","Oceanobacillus iheyensis","Oceanobacillus iheyensis",1755,1,1,NA,NA,1,6,5,7
NA,"Pseudomonadota","Alphaproteobacteria","Hyphomicrobiales","Brucellaceae","Ochrobactrum","g_Ochrobactrum","Ochrobactrum",1756,NA,1,NA,NA,NA,NA,NA,NA
NA,"Pseudomonadota","Alphaproteobacteria","Hyphomicrobiales","Brucellaceae","Brucella","Brucella anthropi","Brucella anthropi",1757,6,2,7,4,4,2,7,1
NA,"Pseudomonadota","Alphaproteobacteria","Hyphomicrobiales","Brucellaceae","Brucella","Brucella pseudogrignonensis","Ochrobactrum pseudogrignonense",1758,5,3,1,3,6,2,5,4
NA,"Pseudomonadota","Alphaproteobacteria","Rhodobacterales","Roseobacteraceae","Octadecabacter","g_Octadecabacter","Octadecabacter",1759,NA,1,NA,NA,NA,NA,NA,NA
NA,"Pseudomonadota","Alphaproteobacteria","Rhodobacterales","Roseobacteraceae","Octadecabacter","Octadecabacter antarcticus","Octadecabacter antarcticus",1760,1,NA,1,2,3,NA,2,2
NA,"Pseudomonadota","Alphaproteobacteria","Rhodobacterales","Roseobacteraceae","Octadecabacter","Octadecabacter arcticus","Octadecabacter arcticus",1761,4,4,NA,1,1,3,NA,NA
NA,"Pseudomonadota","Alphaproteobacteria","Rhodobacterales","Roseobacteraceae","Octadecabacter","Octadecabacter temperatus","Octadecabacter temperatus",1762,NA,NA,2,NA,2,1,NA,NA
NA,"Bacteroidota","Bacteroidia","Bacteroidales","Odoribacteraceae","Odoribacter","Odoribacter splanchnicus","Odoribacter splanchnicus",1763,99,117,142,101,393,931,1374,608
NA,"Bacillota","Bacilli","Lactobacillales","Lactobacillaceae","Oenococcus","g_Oenococcus","Oenococcus",1764,NA,1,NA,NA,NA,NA,NA,NA
NA,"Bacillota","Bacilli","Lactobacillales","Lactobacillaceae","Oenococcus","Oenococcus oeni","Oenococcus oeni",1765,3,1,2,2,4,6,NA,2
NA,"Pseudomonadota","Gammaproteobacteria","Oceanospirillales","Oceanospirillaceae","Oleispira","Oleispira antarctica","Oleispira antarctica",1766,3,NA,NA,2,NA,NA,2,4
NA,"Pseudomonadota","Alphaproteobacteria","Hyphomicrobiales","Nitrobacteraceae","Afipia","Afipia carboxidovorans","Afipia carboxidovorans",1767,NA,1,2,4,NA,5,3,NA
NA,"Actinomycetota","Coriobacteriia","Coriobacteriales","Atopobiaceae","Olsenella","Olsenella sp. oral taxon 807","Olsenella sp. oral taxon 807",1768,26,29,40,25,10,6,10,14
NA,"Actinomycetota","Coriobacteriia","Coriobacteriales","Atopobiaceae","Olsenella","Olsenella uli","Olsenella uli",1769,53,74,96,48,22,23,16,36
NA,"Mycoplasmatota","Mollicutes","Acholeplasmatales","Acholeplasmataceae","Candidatus Phytoplasma","Onion yellows phytoplasma","Onion yellows phytoplasma",1770,1,NA,NA,NA,NA,NA,NA,2
NA,"Verrucomicrobiota","Opitutia","Opitutales","Opitutaceae","Lacunisphaera","Lacunisphaera limnophila","Opitutaceae bacterium IG16b",1771,8,7,2,4,8,2,2,3
NA,"Verrucomicrobiota","Opitutia","Opitutales","Opitutaceae","f_Opitutaceae","Opitutaceae bacterium TAV5","Opitutaceae bacterium TAV5",1772,7,3,6,6,4,3,NA,10
NA,"Verrucomicrobiota","Opitutia","Opitutales","Opitutaceae","Opitutus","Opitutus terrae","Opitutus terrae",1773,3,3,4,4,3,3,3,3
NA,"Pseudomonadota","Alphaproteobacteria","Rickettsiales","Rickettsiaceae","Orientia","Orientia tsutsugamushi","Orientia tsutsugamushi",1774,NA,NA,NA,NA,NA,1,NA,NA
NA,"Bacteroidota","Flavobacteriia","Flavobacteriales","Weeksellaceae","Ornithobacterium","Ornithobacterium rhinotracheale","Ornithobacterium rhinotracheale",1775,21,19,28,20,31,46,63,41
NA,"Cyanobacteriota","Cyanophyceae","Oscillatoriales","Oscillatoriaceae","Oxynema","Oxynema acuminatum","Oxynema acuminatum",1776,3,3,NA,NA,1,2,2,1
NA,"Cyanobacteriota","Cyanophyceae","Oscillatoriales","Oscillatoriaceae","Phormidium","Phormidium nigroviride","Phormidium nigroviride",1777,NA,1,NA,1,2,NA,3,3
NA,"Bacillota","Clostridia","Eubacteriales","Oscillospiraceae","Oscillibacter","Oscillibacter valericigenes","Oscillibacter valericigenes",1778,31,59,47,56,18,26,18,29
NA,"Nucleocytoviricota","Megaviricetes","Algavirales","Phycodnaviridae","Prasinovirus","Ostreococcus lucimarinus virus 2","Ostreococcus lucimarinus virus 2",1779,NA,NA,NA,NA,1,NA,NA,NA
NA,"Nucleocytoviricota","Megaviricetes","Algavirales","Phycodnaviridae","Prasinovirus","Ostreococcus tauri virus 2","Ostreococcus tauri virus 2",1780,NA,NA,NA,NA,1,NA,NA,NA
NA,"Pseudomonadota","Betaproteobacteria","Burkholderiales","Comamonadaceae","Ottowia","Ottowia sp. oral taxon 894","Ottowia sp. oral taxon 894",1781,1,3,9,1,1,1,2,5
NA,"Bacteroidota","Flavobacteriia","Flavobacteriales","Owenweeksiaceae","Owenweeksia","Owenweeksia hongkongensis","Owenweeksia hongkongensis",1782,6,2,3,3,4,1,2,3
NA,"Actinomycetota","Actinomycetes","Micrococcales","Micrococcaceae","Paenarthrobacter","Paenarthrobacter aurescens","Paenarthrobacter aurescens",1783,3,3,5,4,2,1,2,3
NA,"Bacillota","Bacilli","Bacillales","Paenibacillaceae","f_Paenibacillaceae","f_Paenibacillaceae","Paenibacillaceae",1784,NA,NA,NA,1,NA,NA,NA,1
NA,"Bacillota","Bacilli","Bacillales","Paenibacillaceae","Paenibacillus","g_Paenibacillus","Paenibacillus",1785,NA,1,1,NA,NA,NA,2,NA
NA,"Bacillota","Bacilli","Bacillales","Paenibacillaceae","Paenibacillus","Paenibacillus beijingensis","Paenibacillus beijingensis",1786,3,9,6,9,3,7,2,2
NA,"Bacillota","Bacilli","Bacillales","Paenibacillaceae","Paenibacillus","Paenibacillus borealis","Paenibacillus borealis",1787,7,2,9,9,6,13,6,7
NA,"Bacillota","Bacilli","Bacillales","Paenibacillaceae","Paenibacillus","Paenibacillus bovis","Paenibacillus bovis",1788,2,5,2,8,6,10,6,4
NA,"Bacillota","Bacilli","Bacillales","Paenibacillaceae","Paenibacillus","Paenibacillus durus","Paenibacillus durus",1789,5,7,6,11,5,6,6,5
NA,"Bacillota","Bacilli","Bacillales","Paenibacillaceae","Paenibacillus","Paenibacillus graminis","Paenibacillus graminis",1790,11,7,6,9,14,3,4,12
NA,"Bacillota","Bacilli","Bacillales","Paenibacillaceae","Paenibacillus","Paenibacillus larvae","Paenibacillus larvae",1791,NA,NA,NA,1,4,3,6,4
NA,"Bacillota","Bacilli","Bacillales","Paenibacillaceae","Paenibacillus","Paenibacillus mucilaginosus","Paenibacillus mucilaginosus",1792,9,5,4,6,5,3,7,8
NA,"Bacillota","Bacilli","Bacillales","Paenibacillaceae","Paenibacillus","Paenibacillus naphthalenovorans","Paenibacillus naphthalenovorans",1793,4,3,5,11,3,2,4,9
NA,"Bacillota","Bacilli","Bacillales","Paenibacillaceae","Paenibacillus","Paenibacillus odorifer","Paenibacillus odorifer",1794,NA,2,2,3,4,5,7,4
NA,"Bacillota","Bacilli","Bacillales","Paenibacillaceae","Paenibacillus","Paenibacillus peoriae","Paenibacillus peoriae",1795,5,4,NA,9,4,2,6,7
NA,"Bacillota","Bacilli","Bacillales","Paenibacillaceae","Paenibacillus","Paenibacillus polymyxa","Paenibacillus polymyxa",1796,11,10,4,16,8,15,14,15
NA,"Bacillota","Bacilli","Bacillales","Paenibacillaceae","Paenibacillus","Paenibacillus riograndensis","Paenibacillus riograndensis",1797,17,7,8,8,18,2,4,5
NA,"Bacillota","Bacilli","Bacillales","Paenibacillaceae","Paenibacillus","Paenibacillus sabinae","Paenibacillus sabinae",1798,5,9,6,5,6,8,2,7
NA,"Bacillota","Bacilli","Bacillales","Paenibacillaceae","Paenibacillus","Paenibacillus sp. 32O-W","Paenibacillus sp. 32O-W",1799,3,5,1,NA,1,1,3,2
NA,"Bacillota","Bacilli","Bacillales","Paenibacillaceae","Paenibacillus","Paenibacillus sp. FSL H7-0357","Paenibacillus sp. FSL H7-0357",1800,1,4,3,3,4,2,8,7
NA,"Bacillota","Bacilli","Bacillales","Paenibacillaceae","Paenibacillus","Paenibacillus sp. FSL H7-0737","Paenibacillus sp. FSL H7-0737",1801,1,1,NA,NA,4,5,7,7
NA,"Bacillota","Bacilli","Bacillales","Paenibacillaceae","Paenibacillus","Paenibacillus sp. FSL P4-0081","Paenibacillus sp. FSL P4-0081",1802,3,4,7,8,6,8,4,11
NA,"Bacillota","Bacilli","Bacillales","Paenibacillaceae","Paenibacillus","Paenibacillus sp. FSL R5-0345","Paenibacillus sp. FSL R5-0345",1803,NA,1,3,1,5,7,6,6
NA,"Bacillota","Bacilli","Bacillales","Paenibacillaceae","Paenibacillus","Paenibacillus sp. FSL R5-0912","Paenibacillus sp. FSL R5-0912",1804,10,5,10,11,7,4,8,12
NA,"Bacillota","Bacilli","Bacillales","Paenibacillaceae","Paenibacillus","Paenibacillus sp. FSL R7-0273","Paenibacillus sp. FSL R7-0273",1805,6,7,4,9,8,5,6,7
NA,"Bacillota","Bacilli","Bacillales","Paenibacillaceae","Paenibacillus","Paenibacillus sp. FSL R7-0331","Paenibacillus sp. FSL R7-0331",1806,6,8,5,4,4,11,9,10
NA,"Bacillota","Bacilli","Bacillales","Paenibacillaceae","Paenibacillus","Paenibacillus sp. IHBB 10380","Paenibacillus sp. IHBB 10380",1807,NA,NA,1,NA,1,1,1,2
NA,"Bacillota","Bacilli","Bacillales","Paenibacillaceae","Paenibacillus","Paenibacillus sp. JDR-2","Paenibacillus sp. JDR-2",1808,4,7,8,2,6,8,5,2
NA,"Bacillota","Bacilli","Bacillales","Paenibacillaceae","Paenibacillus","Paenibacillus crassostreae","Paenibacillus sp. LPB0068",1809,NA,2,NA,1,3,2,4,3
NA,"Bacillota","Bacilli","Bacillales","Paenibacillaceae","Paenibacillus","Paenibacillus sp. Y412MC10","Paenibacillus sp. Y412MC10",1810,2,1,5,4,3,3,1,2
NA,"Bacillota","Bacilli","Bacillales","Paenibacillaceae","Paenibacillus","Paenibacillus stellifer","Paenibacillus stellifer",1811,5,6,7,9,4,7,6,8
NA,"Bacillota","Bacilli","Bacillales","Paenibacillaceae","Paenibacillus","Paenibacillus swuensis","Paenibacillus swuensis",1812,1,1,1,2,NA,3,2,3
NA,"Bacillota","Bacilli","Bacillales","Paenibacillaceae","Paenibacillus","Paenibacillus terrae","Paenibacillus terrae",1813,3,4,NA,11,7,6,3,4
NA,"Bacillota","Bacilli","Bacillales","Paenibacillaceae","Paenibacillus","Paenibacillus yonginensis","Paenibacillus yonginensis",1814,2,4,4,6,10,5,7,9
NA,"Methanobacteriota","Thermococci","Thermococcales","Thermococcaceae","Palaeococcus","Palaeococcus pacificus","Palaeococcus pacificus",1815,NA,NA,NA,NA,NA,NA,1,NA
NA,"Bacteroidota","Bacteroidia","Bacteroidales","Paludibacteraceae","Paludibacter","Paludibacter propionicigenes","Paludibacter propionicigenes",1816,20,13,12,12,24,12,16,12
NA,"Pseudomonadota","Betaproteobacteria","Burkholderiales","Burkholderiaceae","Pandoraea","g_Pandoraea","Pandoraea",1817,NA,NA,1,NA,NA,NA,1,NA
NA,"Pseudomonadota","Betaproteobacteria","Burkholderiales","Burkholderiaceae","Pandoraea","Pandoraea apista","Pandoraea apista",1818,2,3,1,8,NA,NA,2,2
NA,"Pseudomonadota","Betaproteobacteria","Burkholderiales","Burkholderiaceae","Pandoraea","Pandoraea faecigallinarum","Pandoraea faecigallinarum",1819,3,4,3,6,1,3,1,1
NA,"Pseudomonadota","Betaproteobacteria","Burkholderiales","Burkholderiaceae","Pandoraea","Pandoraea norimbergensis","Pandoraea norimbergensis",1820,5,6,4,5,2,NA,2,1
NA,"Pseudomonadota","Betaproteobacteria","Burkholderiales","Burkholderiaceae","Pandoraea","Pandoraea oxalativorans","Pandoraea oxalativorans",1821,6,5,3,6,3,3,1,3
NA,"Pseudomonadota","Betaproteobacteria","Burkholderiales","Burkholderiaceae","Pandoraea","Pandoraea pnomenusa","Pandoraea pnomenusa",1822,2,3,4,5,2,3,8,1
NA,"Pseudomonadota","Betaproteobacteria","Burkholderiales","Burkholderiaceae","Pandoraea","Pandoraea pulmonicola","Pandoraea pulmonicola",1823,4,4,5,6,4,NA,2,3
NA,"Pseudomonadota","Betaproteobacteria","Burkholderiales","Burkholderiaceae","Pandoraea","Pandoraea sputorum","Pandoraea sputorum",1824,4,2,3,6,2,1,3,1
NA,"Pseudomonadota","Betaproteobacteria","Burkholderiales","Burkholderiaceae","Pandoraea","Pandoraea thiooxydans","Pandoraea thiooxydans",1825,3,3,3,4,2,1,NA,4
NA,"Pseudomonadota","Betaproteobacteria","Burkholderiales","Burkholderiaceae","Pandoraea","Pandoraea vervacti","Pandoraea vervacti",1826,4,1,4,2,NA,1,3,1
NA,"Unknown","Unknown","Unknown","Unknown","Pandoravirus","Pandoravirus dulcis","Pandoravirus dulcis",1827,NA,NA,1,NA,NA,NA,NA,NA
NA,"Unknown","Unknown","Unknown","Unknown","Pandoravirus","Pandoravirus salinus","Pandoravirus salinus",1828,NA,1,NA,NA,1,NA,1,NA
NA,"Pseudomonadota","Alphaproteobacteria","Hyphomicrobiales","Stappiaceae","Pannonibacter","Pannonibacter phragmitetus","Pannonibacter phragmitetus",1829,4,3,4,4,1,3,3,5
NA,"Pseudomonadota","Gammaproteobacteria","Enterobacterales","Erwiniaceae","Pantoea","g_Pantoea","Pantoea",1830,NA,1,3,NA,NA,NA,1,NA
NA,"Pseudomonadota","Gammaproteobacteria","Enterobacterales","Erwiniaceae","Pantoea","Pantoea agglomerans","Pantoea agglomerans",1831,3,3,3,4,8,8,3,3
NA,"Pseudomonadota","Gammaproteobacteria","Enterobacterales","Erwiniaceae","Pantoea","Pantoea ananatis","Pantoea ananatis",1832,NA,3,1,2,1,1,2,5
NA,"Pseudomonadota","Gammaproteobacteria","Enterobacterales","Erwiniaceae","Pantoea","Pantoea rwandensis","Pantoea rwandensis",1833,3,3,3,4,2,1,NA,3
NA,"Pseudomonadota","Gammaproteobacteria","Enterobacterales","Erwiniaceae","Pantoea","Pantoea sp. At-9b","Pantoea sp. At-9b",1834,6,7,1,3,5,3,1,4
NA,"Pseudomonadota","Gammaproteobacteria","Enterobacterales","Erwiniaceae","Pantoea","Pantoea sp. PSNIH1","Pantoea sp. PSNIH1",1835,7,8,4,4,5,4,10,8
NA,"Pseudomonadota","Gammaproteobacteria","Enterobacterales","Erwiniaceae","Pantoea","Pantoea sp. PSNIH2","Pantoea sp. PSNIH2",1836,NA,7,1,2,4,16,22,16
NA,"Pseudomonadota","Gammaproteobacteria","Enterobacterales","Erwiniaceae","Pantoea","Pantoea vagans","Pantoea vagans",1837,6,2,2,3,5,4,3,3
NA,"Bacteroidota","Bacteroidia","Bacteroidales","Tannerellaceae","Parabacteroides","Parabacteroides distasonis","Parabacteroides distasonis",1838,89,111,99,91,852,1996,1243,1282
NA,"Bacteroidota","Bacteroidia","Bacteroidales","Muribaculaceae","Muribaculum","Muribaculum intestinale","Parabacteroides sp. YL27",1839,49,27,37,43,46,29,24,26
NA,"Pseudomonadota","Betaproteobacteria","Burkholderiales","Burkholderiaceae","Paraburkholderia","g_Paraburkholderia","Paraburkholderia",1840,NA,2,1,NA,NA,NA,1,NA
NA,"Pseudomonadota","Betaproteobacteria","Burkholderiales","Burkholderiaceae","Paraburkholderia","Paraburkholderia caribensis","Paraburkholderia caribensis",1841,5,5,5,8,7,6,1,5
NA,"Pseudomonadota","Betaproteobacteria","Burkholderiales","Burkholderiaceae","Paraburkholderia","Paraburkholderia fungorum","Paraburkholderia fungorum",1842,4,4,7,3,NA,2,4,1
NA,"Pseudomonadota","Betaproteobacteria","Burkholderiales","Burkholderiaceae","Paraburkholderia","Paraburkholderia phenoliruptrix","Paraburkholderia phenoliruptrix",1843,4,5,2,3,3,NA,2,2
NA,"Pseudomonadota","Betaproteobacteria","Burkholderiales","Burkholderiaceae","Paraburkholderia","Paraburkholderia phymatum","Paraburkholderia phymatum",1844,4,4,2,5,4,5,5,8
NA,"Pseudomonadota","Betaproteobacteria","Burkholderiales","Burkholderiaceae","Paraburkholderia","Paraburkholderia phytofirmans","Paraburkholderia phytofirmans",1845,5,5,3,4,NA,2,3,4
NA,"Pseudomonadota","Betaproteobacteria","Burkholderiales","Burkholderiaceae","Mycetohabitans","Mycetohabitans rhizoxinica","Mycetohabitans rhizoxinica",1846,4,3,5,NA,1,1,NA,1
NA,"Pseudomonadota","Betaproteobacteria","Burkholderiales","Burkholderiaceae","Paraburkholderia","Paraburkholderia sprentiae","Paraburkholderia sprentiae",1847,1,2,3,4,NA,NA,4,3
NA,"Pseudomonadota","Betaproteobacteria","Burkholderiales","Burkholderiaceae","Paraburkholderia","Paraburkholderia xenovorans","Paraburkholderia xenovorans",1848,4,3,3,2,1,2,5,1
NA,"Chlamydiota","Chlamydiia","Parachlamydiales","Parachlamydiaceae","Parachlamydia","Parachlamydia acanthamoebae","Parachlamydia acanthamoebae",1849,NA,1,NA,1,1,3,NA,2
NA,"Pseudomonadota","Alphaproteobacteria","Rhodobacterales","Paracoccaceae","Paracoccus","Paracoccus aminophilus","Paracoccus aminophilus",1850,3,4,5,3,1,NA,2,1
NA,"Pseudomonadota","Alphaproteobacteria","Rhodobacterales","Paracoccaceae","Paracoccus","Paracoccus denitrificans","Paracoccus denitrificans",1851,3,8,5,7,3,3,3,4
NA,"Bacillota","Bacilli","Bacillales","Anoxybacillaceae","Parageobacillus","Parageobacillus thermoglucosidasius","Parageobacillus thermoglucosidans",1852,4,NA,1,1,1,4,3,1
NA,"Pseudomonadota","Gammaproteobacteria","Alteromonadales","Alteromonadaceae","Paraglaciecola","Paraglaciecola psychrophila","Paraglaciecola psychrophila",1853,1,NA,2,3,1,2,1,1
NA,"Pseudomonadota","Alphaproteobacteria","Rhodospirillales","Rhodospirillaceae","Pararhodospirillum","Pararhodospirillum photometricum","Pararhodospirillum photometricum",1854,3,5,4,3,7,NA,1,2
NA,"Actinomycetota","Actinomycetes","Bifidobacteriales","Bifidobacteriaceae","Parascardovia","Parascardovia denticolens","Parascardovia denticolens",1855,4,3,1,6,3,5,5,2
NA,"Pseudomonadota","Alphaproteobacteria","Hyphomicrobiales","Parvibaculaceae","Parvibaculum","Parvibaculum lavamentivorans","Parvibaculum lavamentivorans",1856,1,1,1,6,2,NA,1,1
NA,"Bacillota","Tissierellia","Tissierellales","Peptoniphilaceae","Parvimonas","Parvimonas micra","Parvimonas micra",1857,NA,NA,NA,3,NA,4,3,2
NA,"Pseudomonadota","Alphaproteobacteria","Parvularculales","Parvularculaceae","Parvularcula","Parvularcula bermudensis","Parvularcula bermudensis",1858,1,1,2,2,2,2,2,2
NA,"Pseudomonadota","Gammaproteobacteria","Pasteurellales","Pasteurellaceae","Pasteurella","g_Pasteurella","Pasteurella",1859,NA,NA,NA,NA,NA,NA,1,NA
NA,"Pseudomonadota","Gammaproteobacteria","Pasteurellales","Pasteurellaceae","Pasteurella","Pasteurella multocida","Pasteurella multocida",1860,3,1,1,NA,4,4,5,3
NA,"Pseudomonadota","Gammaproteobacteria","Pasteurellales","Pasteurellaceae","f_Pasteurellaceae","f_Pasteurellaceae","Pasteurellaceae",1861,NA,NA,NA,NA,NA,1,NA,NA
NA,"Pseudomonadota","Betaproteobacteria","Burkholderiales","Sphaerotilaceae","Roseateles","Paucibacter sp. KCTC 42545","Paucibacter sp. KCTC 42545",1862,4,9,8,7,2,5,NA,8
NA,"Pseudomonadota","Gammaproteobacteria","Enterobacterales","Pectobacteriaceae","Pectobacterium","g_Pectobacterium","Pectobacterium",1863,NA,1,1,NA,NA,NA,1,NA
NA,"Pseudomonadota","Gammaproteobacteria","Enterobacterales","Pectobacteriaceae","Pectobacterium","Pectobacterium atrosepticum","Pectobacterium atrosepticum",1864,NA,2,1,6,4,NA,3,3
NA,"Pseudomonadota","Gammaproteobacteria","Enterobacterales","Pectobacteriaceae","Pectobacterium","Pectobacterium carotovorum","Pectobacterium carotovorum",1865,5,8,6,7,5,4,2,4
NA,"Pseudomonadota","Gammaproteobacteria","Enterobacterales","Pectobacteriaceae","Pectobacterium","Pectobacterium parmentieri","Pectobacterium parmentieri",1866,1,1,1,2,7,1,1,3
NA,"Pseudomonadota","Gammaproteobacteria","Enterobacterales","Pectobacteriaceae","Pectobacterium","Pectobacterium parmentieri","Pectobacterium parmentieri",1867,1,1,1,2,6,NA,NA,3
NA,"Pseudomonadota","Gammaproteobacteria","Enterobacterales","Pectobacteriaceae","Pectobacterium","Pectobacterium wasabiae","Pectobacterium wasabiae",1868,2,1,1,4,4,2,NA,1
NA,"Bacillota","Bacilli","Lactobacillales","Lactobacillaceae","Pediococcus","Pediococcus acidilactici","Pediococcus acidilactici",1869,NA,NA,1,NA,2,1,1,2
NA,"Bacillota","Bacilli","Lactobacillales","Lactobacillaceae","Pediococcus","Pediococcus claussenii","Pediococcus claussenii",1870,3,1,1,1,2,1,NA,1
NA,"Bacillota","Bacilli","Lactobacillales","Lactobacillaceae","Pediococcus","Pediococcus damnosus","Pediococcus damnosus",1871,NA,NA,NA,1,NA,NA,2,NA
NA,"Bacillota","Bacilli","Lactobacillales","Lactobacillaceae","Pediococcus","Pediococcus pentosaceus","Pediococcus pentosaceus",1872,1,1,NA,1,1,3,1,1
NA,"Bacteroidota","Sphingobacteriia","Sphingobacteriales","Sphingobacteriaceae","Pedobacter","Pedobacter cryoconitis","Pedobacter cryoconitis",1873,11,5,5,8,13,10,8,8
NA,"Bacteroidota","Sphingobacteriia","Sphingobacteriales","Sphingobacteriaceae","Pedobacter","Pedobacter heparinus","Pedobacter heparinus",1874,7,7,6,3,10,7,12,8
NA,"Bacteroidota","Sphingobacteriia","Sphingobacteriales","Sphingobacteriaceae","Pedobacter","Pedobacter sp. PACM 27299","Pedobacter sp. PACM 27299",1875,11,5,4,5,14,9,2,10
NA,"Bacteroidota","Sphingobacteriia","Sphingobacteriales","Sphingobacteriaceae","Pedobacter","Pedobacter steynii","Pedobacter steynii",1876,5,2,1,5,8,7,6,6
NA,"Pseudomonadota","Alphaproteobacteria","Hyphomicrobiales","Devosiaceae","Pelagibacterium","Pelagibacterium halotolerans","Pelagibacterium halotolerans",1877,3,4,3,3,1,2,3,3
NA,"Thermodesulfobacteriota","Desulfuromonadia","Desulfuromonadales","Syntrophotaleaceae","Syntrophotalea","Syntrophotalea carbinolica","Syntrophotalea carbinolica",1878,4,3,3,3,4,1,4,3
NA,"Thermodesulfobacteriota","Desulfuromonadia","Desulfuromonadales","Desulfuromonadaceae","Pelobacter","Pelobacter propionicus","Pelobacter propionicus",1879,3,4,7,4,2,4,3,1
NA,"Chlorobiota","Chlorobiia","Chlorobiales","Chlorobiaceae","Pelodictyon","Pelodictyon luteolum","Pelodictyon luteolum",1880,6,2,2,8,4,5,1,7
NA,"Chlorobiota","Chlorobiia","Chlorobiales","Chlorobiaceae","Pelodictyon","Pelodictyon phaeoclathratiforme","Pelodictyon phaeoclathratiforme",1881,7,5,5,3,6,2,1,3
NA,"Bacillota","Negativicutes","Selenomonadales","Sporomusaceae","Pelosinus","Pelosinus fermentans","Pelosinus fermentans",1882,3,1,NA,NA,5,8,4,11
NA,"Bacillota","Negativicutes","Selenomonadales","Sporomusaceae","Pelosinus","Pelosinus sp. UFO1","Pelosinus sp. UFO1",1883,3,1,1,1,1,4,7,6
NA,"Bacillota","Clostridia","Eubacteriales","Desulfotomaculaceae","Pelotomaculum","Pelotomaculum thermopropionicum","Pelotomaculum thermopropionicum",1884,2,4,6,5,2,2,4,3
NA,"Bacillota","Clostridia","Peptostreptococcales","Peptoclostridiaceae","Peptoclostridium","Peptoclostridium acidaminophilum","Peptoclostridium acidaminophilum",1885,4,6,1,4,5,4,3,9
NA,"Bacillota","Tissierellia","Tissierellales","Peptoniphilaceae","Peptoniphilus","Peptoniphilus sp. 1-1","Peptoniphilus sp. 1-1",1886,4,3,1,2,1,3,4,5
NA,"Cossaviricota","Quintoviricetes","Piccovirales","Parvoviridae","Pefuambidensovirus","Pefuambidensovirus blattodean1","Periplaneta fuliginosa densovirus",1887,NA,NA,NA,NA,NA,1,NA,NA
NA,"Aquificota","Aquificia","Aquificales","Hydrogenothermaceae","Persephonella","Persephonella marina","Persephonella marina",1888,4,4,1,1,3,4,1,NA
NA,"Bacteroidota","Cytophagia","Cytophagales","Persicobacteraceae","Persicobacter","Persicobacter sp. JZB09","Persicobacter sp. JZB09",1889,5,6,7,7,10,6,9,9
NA,"Bacteroidota","Bacteroidia","Bacteroidales","Dysgonomonadaceae","Petrimonas","Petrimonas mucosa","Petrimonas mucosa",1890,44,37,20,28,33,15,17,20
NA,"Thermotogota","Thermotogae","Petrotogales","Petrotogaceae","Petrotoga","Petrotoga mobilis","Petrotoga mobilis",1891,NA,NA,3,2,1,2,NA,NA
NA,"Pseudomonadota","Alphaproteobacteria","Rhodobacterales","Roseobacteraceae","Phaeobacter","Phaeobacter gallaeciensis","Phaeobacter gallaeciensis",1892,3,3,6,5,3,5,4,3
NA,"Pseudomonadota","Alphaproteobacteria","Rhodobacterales","Roseobacteraceae","Phaeobacter","Phaeobacter inhibens","Phaeobacter inhibens",1893,1,5,5,4,2,1,2,NA
NA,"Nucleocytoviricota","Megaviricetes","Algavirales","Phycodnaviridae","Prymnesiovirus","Phaeocystis globosa virus","Phaeocystis globosa virus",1894,NA,NA,NA,NA,NA,NA,1,1
NA,"Pseudomonadota","Alphaproteobacteria","Caulobacterales","Caulobacteraceae","Phenylobacterium","g_Phenylobacterium","Phenylobacterium",1895,NA,2,NA,NA,NA,NA,NA,NA
NA,"Pseudomonadota","Alphaproteobacteria","Caulobacterales","Caulobacteraceae","Phenylobacterium","Phenylobacterium zucineum","Phenylobacterium zucineum",1896,3,11,4,5,2,NA,7,4
NA,"Pseudomonadota","Gammaproteobacteria","Vibrionales","Vibrionaceae","Photobacterium","Photobacterium gaetbulicola","Photobacterium gaetbulicola",1897,1,1,NA,4,3,3,5,4
NA,"Pseudomonadota","Gammaproteobacteria","Vibrionales","Vibrionaceae","Photobacterium","Photobacterium profundum","Photobacterium profundum",1898,5,NA,1,NA,4,2,4,1
NA,"Pseudomonadota","Gammaproteobacteria","Enterobacterales","Morganellaceae","Photorhabdus","Photorhabdus asymbiotica","Photorhabdus asymbiotica",1899,6,2,1,3,3,1,2,2
NA,"Pseudomonadota","Gammaproteobacteria","Enterobacterales","Morganellaceae","Photorhabdus","Photorhabdus luminescens","Photorhabdus luminescens",1900,NA,3,3,4,1,2,2,1
NA,"Pseudomonadota","Gammaproteobacteria","Enterobacterales","Morganellaceae","Photorhabdus","Photorhabdus temperata","Photorhabdus temperata",1901,7,NA,1,2,5,2,2,3
NA,"Planctomycetota","Phycisphaerae","Phycisphaerales","Phycisphaeraceae","Phycisphaera","Phycisphaera mikurensis","Phycisphaera mikurensis",1902,3,5,2,7,2,NA,NA,2
NA,"Pseudomonadota","Alphaproteobacteria","Hyphomicrobiales","Phyllobacteriaceae","f_Phyllobacteriaceae","f_Phyllobacteriaceae","Phyllobacteriaceae",1903,NA,NA,NA,1,NA,NA,NA,NA
NA,"Thermoplasmatota","Thermoplasmata","Thermoplasmatales","Picrophilaceae","Picrophilus","Picrophilus oshimae","Picrophilus oshimae",1904,NA,NA,NA,NA,NA,NA,NA,1
NA,"Nucleocytoviricota","Pokkesviricetes","Chitovirales","Poxviridae","Avipoxvirus","Avipoxvirus pigeonpox","Pigeonpox virus",1905,NA,NA,NA,NA,NA,NA,NA,1
NA,"Actinomycetota","Actinomycetes","Propionibacteriales","Nocardioidaceae","Pimelobacter","Pimelobacter simplex","Pimelobacter simplex",1906,3,9,11,8,1,3,3,4
NA,"Planctomycetota","Planctomycetia","Pirellulales","Pirellulaceae","Pirellula","Pirellula staleyi","Pirellula staleyi",1907,1,NA,2,1,2,1,1,NA
NA,"Pseudomonadota","Gammaproteobacteria","Thiotrichales","Piscirickettsiaceae","Piscirickettsia","g_Piscirickettsia","Piscirickettsia",1908,NA,NA,NA,NA,NA,1,NA,NA
NA,"Pseudomonadota","Gammaproteobacteria","Thiotrichales","Piscirickettsiaceae","Piscirickettsia","Piscirickettsia salmonis","Piscirickettsia salmonis",1909,1,1,1,NA,1,2,3,NA
NA,"Planctomycetota","Planctomycetia","Planctomycetales","Planctomycetaceae","Planctomyces","Planctomyces sp. SH-PL62","Planctomyces sp. SH-PL62",1910,3,5,9,2,4,2,7,4
NA,"Planctomycetota","Planctomycetia","Planctomycetales","Planctomycetaceae","Planctopirus","Planctopirus limnophila","Planctopirus limnophila",1911,1,NA,1,3,1,1,7,1
NA,"Pseudomonadota","Alphaproteobacteria","Rhodobacterales","Paracoccaceae","Planktomarina","Planktomarina temperata","Planktomarina temperata",1912,3,2,NA,4,5,2,NA,NA
NA,"Bacillota","Bacilli","Bacillales","Caryophanaceae","Planococcus","Planococcus antarcticus","Planococcus antarcticus",1913,NA,NA,1,1,2,NA,3,1
NA,"Bacillota","Bacilli","Bacillales","Caryophanaceae","Planococcus","Planococcus halocryophilus","Planococcus halocryophilus",1914,NA,1,1,3,1,2,NA,1
NA,"Bacillota","Bacilli","Bacillales","Caryophanaceae","Planococcus","Planococcus kocurii","Planococcus kocurii",1915,1,2,NA,NA,1,4,3,NA
NA,"Bacillota","Bacilli","Bacillales","Caryophanaceae","Planococcus","Planococcus maritimus","Planococcus maritimus",1916,NA,1,1,1,1,2,2,1
NA,"Bacillota","Bacilli","Bacillales","Caryophanaceae","Planococcus","Planococcus plakortidis","Planococcus plakortidis",1917,1,NA,2,1,1,2,4,1
NA,"Bacillota","Bacilli","Bacillales","Caryophanaceae","Planococcus","Planococcus rifietoensis","Planococcus rifietoensis",1918,NA,1,NA,1,3,3,5,2
NA,"Bacillota","Bacilli","Bacillales","Caryophanaceae","Planococcus","Planococcus sp. PAMC 21323","Planococcus sp. PAMC 21323",1919,1,1,NA,1,NA,2,NA,2
NA,"Pseudomonadota","Gammaproteobacteria","Enterobacterales","Enterobacteriaceae","f_Enterobacteriaceae","Plautia stali symbiont","Plautia stali symbiont",1920,7,3,3,2,3,2,NA,3
NA,"Pseudomonadota","Gammaproteobacteria","Enterobacterales","Enterobacteriaceae","Plesiomonas","Plesiomonas shigelloides","Plesiomonas shigelloides",1921,NA,1,3,1,3,1,2,1
NA,"Cyanobacteriota","Cyanophyceae","Pleurocapsales","Hyellaceae","Pleurocapsa","Pleurocapsa minor","Pleurocapsa minor",1922,NA,1,NA,NA,NA,NA,NA,3
NA,"Pseudomonadota","Gammaproteobacteria","Enterobacterales","Enterobacteriaceae","Pluralibacter","Pluralibacter gergoviae","Pluralibacter gergoviae",1923,3,10,6,9,3,3,2,8
NA,"Bacteroidota","Flavobacteriia","Flavobacteriales","Flavobacteriaceae","Polaribacter","Polaribacter sp. MED152","Polaribacter sp. MED152",1924,4,4,NA,2,6,NA,3,3
NA,"Bacteroidota","Flavobacteriia","Flavobacteriales","Flavobacteriaceae","Polaribacter","Polaribacter vadi","Polaribacter vadi",1925,5,1,2,1,6,7,4,5
NA,"Pseudomonadota","Betaproteobacteria","Burkholderiales","Comamonadaceae","Polaromonas","Polaromonas naphthalenivorans","Polaromonas naphthalenivorans",1926,4,5,7,5,4,2,4,5
NA,"Pseudomonadota","Betaproteobacteria","Burkholderiales","Comamonadaceae","Polaromonas","Polaromonas sp. JS666","Polaromonas sp. JS666",1927,2,NA,5,2,5,3,3,1
NA,"Pseudomonadota","Alphaproteobacteria","Rhodobacterales","Paracoccaceae","Polymorphum","Polymorphum gilvum","Polymorphum gilvum",1928,1,2,NA,2,2,1,1,2
NA,"Pseudomonadota","Betaproteobacteria","Burkholderiales","Burkholderiaceae","Polynucleobacter","Polynucleobacter asymbioticus","Polynucleobacter asymbioticus",1929,NA,1,1,1,NA,2,2,1
NA,"Pseudomonadota","Betaproteobacteria","Burkholderiales","Burkholderiaceae","Polynucleobacter","Polynucleobacter duraquae","Polynucleobacter duraquae",1930,2,NA,NA,1,2,1,2,1
NA,"Pseudomonadota","Betaproteobacteria","Burkholderiales","Burkholderiaceae","Polynucleobacter","Polynucleobacter necessarius","Polynucleobacter necessarius",1931,1,NA,1,NA,NA,3,1,1
NA,"Bacteroidota","Cytophagia","Cytophagales","Hymenobacteraceae","Pontibacter","Pontibacter akesuensis","Pontibacter akesuensis",1932,14,11,9,11,11,8,6,4
NA,"Bacteroidota","Cytophagia","Cytophagales","Hymenobacteraceae","Pontibacter","Pontibacter korlensis","Pontibacter korlensis",1933,19,7,11,14,12,7,6,6
NA,"Pseudomonadota","Alphaproteobacteria","Sphingomonadales","Erythrobacteraceae","Porphyrobacter","g_Porphyrobacter","Porphyrobacter",1934,NA,2,NA,NA,NA,NA,NA,NA
NA,"Pseudomonadota","Alphaproteobacteria","Sphingomonadales","Erythrobacteraceae","Erythrobacter","Erythrobacter neustonensis","Porphyrobacter neustonensis",1935,2,3,4,6,2,1,NA,2
NA,"Pseudomonadota","Alphaproteobacteria","Sphingomonadales","Erythrobacteraceae","Porphyrobacter","Porphyrobacter sp. LM 6","Porphyrobacter sp. LM 6",1936,2,3,4,2,2,NA,1,1
NA,"Bacteroidota","Bacteroidia","Bacteroidales","Porphyromonadaceae","Porphyromonas","Porphyromonas asaccharolytica","Porphyromonas asaccharolytica",1937,20,9,8,17,21,5,8,10
NA,"Bacteroidota","Bacteroidia","Bacteroidales","Porphyromonadaceae","Porphyromonas","Porphyromonas gingivalis","Porphyromonas gingivalis",1938,32,19,25,23,33,25,30,18
NA,"Pseudomonadota","Gammaproteobacteria","Enterobacterales","Budviciaceae","Pragia","Pragia fontium","Pragia fontium",1939,4,4,4,NA,4,2,NA,6
NA,"Bacteroidota","Bacteroidia","Bacteroidales","Prevotellaceae","Prevotella","Prevotella dentalis","Prevotella dentalis",1940,438,258,154,254,422,75,77,115
NA,"Bacteroidota","Bacteroidia","Bacteroidales","Prevotellaceae","Prevotella","Prevotella denticola","Prevotella denticola",1941,389,210,79,197,429,78,98,119
NA,"Bacteroidota","Bacteroidia","Bacteroidales","Prevotellaceae","Hoylesella","Hoylesella enoeca","Hoylesella enoeca",1942,231,127,66,117,216,43,93,79
NA,"Bacteroidota","Bacteroidia","Bacteroidales","Prevotellaceae","Prevotella","Prevotella fusca","Prevotella fusca",1943,631,304,127,287,616,95,106,144
NA,"Bacteroidota","Bacteroidia","Bacteroidales","Prevotellaceae","Prevotella","Prevotella intermedia","Prevotella intermedia",1944,275,169,66,125,293,57,147,72
NA,"Bacteroidota","Bacteroidia","Bacteroidales","Prevotellaceae","Prevotella","Prevotella melaninogenica","Prevotella melaninogenica",1945,719,357,155,310,707,125,167,168
NA,"Bacteroidota","Bacteroidia","Bacteroidales","Prevotellaceae","Xylanibacter","Xylanibacter ruminicola","Xylanibacter ruminicola",1946,700,358,188,377,715,86,47,145
NA,"Bacteroidota","Bacteroidia","Bacteroidales","Prevotellaceae","Prevotella","Prevotella sp. oral taxon 299","Prevotella sp. oral taxon 299",1947,119,66,26,56,137,33,74,64
NA,"Cyanobacteriota","Cyanophyceae","Synechococcales","Prochlorococcaceae","Prochlorococcus","Prochlorococcus marinus","Prochlorococcus marinus",1948,7,2,5,5,7,7,5,4
NA,"Uroviricota","Caudoviricetes","Pantevenvirales","Kyanoviridae","Salacisavirus","Salacisavirus pssm2","Prochlorococcus phage P-SSM2",1949,NA,NA,NA,NA,NA,1,1,NA
NA,"Uroviricota","Caudoviricetes","Pantevenvirales","Kyanoviridae","Ronodorvirus","Ronodorvirus pssm3","Prochlorococcus phage P-SSM3",1950,NA,NA,NA,NA,1,NA,NA,NA
NA,"Uroviricota","Caudoviricetes","Pantevenvirales","Kyanoviridae","Vellamovirus","Vellamovirus syn1","Prochlorococcus phage Syn1",1951,NA,NA,NA,NA,NA,1,NA,NA
NA,"Cyanobacteriota","Cyanophyceae","Synechococcales","Prochlorococcaceae","Prochlorococcus","Prochlorococcus sp. MIT 0604","Prochlorococcus sp. MIT 0604",1952,NA,2,NA,NA,1,1,NA,NA
NA,"Actinomycetota","Actinomycetes","Micrococcales","Promicromonosporaceae","f_Promicromonosporaceae","f_Promicromonosporaceae","Promicromonosporaceae",1953,NA,NA,NA,1,NA,NA,NA,NA
NA,"Actinomycetota","Actinomycetes","Propionibacteriales","Propionibacteriaceae","Propionibacterium","g_Propionibacterium","Propionibacterium",1954,NA,NA,1,NA,NA,NA,NA,NA
NA,"Actinomycetota","Actinomycetes","Propionibacteriales","Propionibacteriaceae","Cutibacterium","Cutibacterium acnes","Cutibacterium acnes",1955,4,NA,2,3,NA,NA,4,1
NA,"Actinomycetota","Actinomycetes","Propionibacteriales","Propionibacteriaceae","Propionibacterium","Propionibacterium freudenreichii","Propionibacterium freudenreichii",1956,2,4,8,5,1,1,2,1
NA,"Actinomycetota","Actinomycetes","Propionibacteriales","Propionibacteriaceae","Cutibacterium","Cutibacterium modestum","Cutibacterium modestum",1957,1,NA,NA,NA,1,1,NA,1
NA,"Chlorobiota","Chlorobiia","Chlorobiales","Chlorobiaceae","Prosthecochloris","Prosthecochloris aestuarii","Prosthecochloris aestuarii",1958,NA,3,1,1,NA,NA,2,1
NA,"Chlorobiota","Chlorobiia","Chlorobiales","Chlorobiaceae","Prosthecochloris","Prosthecochloris sp. CIB 2401","Prosthecochloris sp. CIB 2401",1959,4,3,2,5,3,2,1,NA
NA,"Pseudomonadota","Gammaproteobacteria","Enterobacterales","Morganellaceae","Proteus","Proteus mirabilis","Proteus mirabilis",1960,3,1,1,2,4,8,19,7
NA,"Uroviricota","Caudoviricetes","Autographivirales","Autosignataviridae","Acadevirus","Acadevirus PM85","Proteus phage PM 85",1961,NA,1,NA,NA,NA,NA,NA,NA
NA,"Pseudomonadota","Gammaproteobacteria","Enterobacterales","Morganellaceae","Proteus","Proteus vulgaris","Proteus vulgaris",1962,3,1,1,2,4,7,4,4
NA,"Chlamydiota","Chlamydiia","Parachlamydiales","Parachlamydiaceae","Candidatus Protochlamydia","Candidatus Protochlamydia naegleriophila","Protochlamydia naegleriophila",1963,1,3,NA,1,2,1,1,1
NA,"Pseudomonadota","Gammaproteobacteria","Enterobacterales","Morganellaceae","Providencia","g_Providencia","Providencia",1964,NA,NA,NA,NA,NA,1,NA,NA
NA,"Pseudomonadota","Gammaproteobacteria","Enterobacterales","Morganellaceae","Providencia","Providencia stuartii","Providencia stuartii",1965,1,3,2,1,1,5,5,4
NA,"Cyanobacteriota","Cyanophyceae","Pseudanabaenales","Thalassoporaceae","Thalassoporum","Thalassoporum mexicanum","Pseudanabaena sp. PCC 7367",1966,2,2,NA,2,2,NA,NA,1
NA,"Actinomycetota","Actinomycetes","Micrococcales","Micrococcaceae","Pseudarthrobacter","g_Pseudarthrobacter","Pseudarthrobacter",1967,NA,NA,1,NA,NA,NA,NA,NA
NA,"Actinomycetota","Actinomycetes","Micrococcales","Micrococcaceae","Pseudarthrobacter","Pseudarthrobacter chlorophenolicus","Pseudarthrobacter chlorophenolicus",1968,4,3,4,4,NA,1,1,4
NA,"Actinomycetota","Actinomycetes","Micrococcales","Micrococcaceae","Pseudarthrobacter","Pseudarthrobacter phenanthrenivorans","Pseudarthrobacter phenanthrenivorans",1969,5,4,5,4,1,3,3,1
NA,"Actinomycetota","Actinomycetes","Micrococcales","Micrococcaceae","Pseudarthrobacter","Pseudarthrobacter sulfonivorans","Pseudarthrobacter sulfonivorans",1970,5,7,3,8,3,3,NA,NA
NA,"Pseudomonadota","Gammaproteobacteria","Alteromonadales","Pseudoalteromonadaceae","Pseudoalteromonas","Pseudoalteromonas atlantica","Pseudoalteromonas atlantica",1971,3,1,1,NA,NA,1,2,1
NA,"Pseudomonadota","Gammaproteobacteria","Alteromonadales","Pseudoalteromonadaceae","Pseudoalteromonas","Pseudoalteromonas haloplanktis","Pseudoalteromonas haloplanktis",1972,3,NA,4,2,1,NA,1,3
NA,"Pseudomonadota","Gammaproteobacteria","Alteromonadales","Pseudoalteromonadaceae","Pseudoalteromonas","Pseudoalteromonas issachenkonii","Pseudoalteromonas issachenkonii",1973,1,NA,2,2,1,3,2,2
NA,"Pseudomonadota","Gammaproteobacteria","Alteromonadales","Pseudoalteromonadaceae","Pseudoalteromonas","Pseudoalteromonas luteoviolacea","Pseudoalteromonas luteoviolacea",1974,NA,NA,NA,NA,1,1,1,1
NA,"Pseudomonadota","Gammaproteobacteria","Alteromonadales","Pseudoalteromonadaceae","Pseudoalteromonas","Pseudoalteromonas phenolica","Pseudoalteromonas phenolica",1975,2,NA,1,NA,NA,1,1,NA
NA,"Pseudomonadota","Gammaproteobacteria","Alteromonadales","Pseudoalteromonadaceae","Pseudoalteromonas","Pseudoalteromonas rubra","Pseudoalteromonas rubra",1976,1,1,1,2,2,1,1,1
NA,"Pseudomonadota","Gammaproteobacteria","Alteromonadales","Pseudoalteromonadaceae","Pseudoalteromonas","Pseudoalteromonas sp. Bsw20308","Pseudoalteromonas sp. Bsw20308",1977,NA,NA,2,1,1,NA,1,2
NA,"Pseudomonadota","Gammaproteobacteria","Alteromonadales","Pseudoalteromonadaceae","Pseudoalteromonas","Pseudoalteromonas piratica","Pseudoalteromonas sp. OCN003",1978,3,2,1,NA,4,1,2,NA
NA,"Pseudomonadota","Gammaproteobacteria","Alteromonadales","Pseudoalteromonadaceae","Pseudoalteromonas","Pseudoalteromonas sp. SM9913","Pseudoalteromonas sp. SM9913",1979,NA,NA,NA,2,NA,2,2,2
NA,"Pseudomonadota","Gammaproteobacteria","Alteromonadales","Pseudoalteromonadaceae","Pseudoalteromonas","Pseudoalteromonas translucida","Pseudoalteromonas translucida",1980,2,NA,3,2,1,1,2,2
NA,"Pseudomonadota","Betaproteobacteria","Neisseriales","Chromobacteriaceae","Pseudogulbenkiania","Pseudogulbenkiania sp. NH8B","Pseudogulbenkiania sp. NH8B",1981,12,6,2,4,3,2,5,3
NA,"Pseudomonadota","Gammaproteobacteria","Pseudomonadales","Pseudohongiellaceae","Pseudohongiella","Pseudohongiella spirulinae","Pseudohongiella spirulinae",1982,1,4,2,3,1,1,2,NA
NA,"Pseudomonadota","Gammaproteobacteria","Pseudomonadales","Pseudomonadaceae","f_Pseudomonadaceae","f_Pseudomonadaceae","Pseudomonadaceae",1983,NA,1,NA,1,NA,NA,NA,NA
NA,"Pseudomonadota","Gammaproteobacteria","Pseudomonadales","Pseudomonadaceae","Pseudomonas","g_Pseudomonas","Pseudomonas",1984,NA,4,3,2,1,3,2,2
NA,"Pseudomonadota","Gammaproteobacteria","Pseudomonadales","Pseudomonadaceae","Pseudomonas","Pseudomonas aeruginosa","Pseudomonas aeruginosa",1985,19,16,19,22,15,10,26,19
NA,"Pseudomonadota","Gammaproteobacteria","Pseudomonadales","Pseudomonadaceae","Aquipseudomonas","Aquipseudomonas alcaligenes","Aquipseudomonas alcaligenes",1986,4,4,10,12,9,2,2,5
NA,"Pseudomonadota","Gammaproteobacteria","Pseudomonadales","Pseudomonadaceae","Pseudomonas","Pseudomonas alkylphenolica","Pseudomonas alkylphenolia",1987,2,4,4,9,3,2,6,3
NA,"Pseudomonadota","Gammaproteobacteria","Pseudomonadales","Pseudomonadaceae","Pseudomonas","Pseudomonas antarctica","Pseudomonas antarctica",1988,6,5,7,4,5,3,2,1
NA,"Pseudomonadota","Gammaproteobacteria","Pseudomonadales","Pseudomonadaceae","Pseudomonas","Pseudomonas azotoformans","Pseudomonas azotoformans",1989,3,2,5,3,5,NA,2,2
NA,"Pseudomonadota","Gammaproteobacteria","Pseudomonadales","Pseudomonadaceae","Stutzerimonas","Stutzerimonas balearica","Stutzerimonas balearica",1990,1,9,5,3,1,2,2,2
NA,"Pseudomonadota","Gammaproteobacteria","Pseudomonadales","Pseudomonadaceae","Pseudomonas","Pseudomonas brassicacearum","Pseudomonas brassicacearum",1991,8,7,9,12,16,3,4,4
NA,"Pseudomonadota","Gammaproteobacteria","Pseudomonadales","Pseudomonadaceae","Pseudomonas","Pseudomonas cerasi","Pseudomonas cerasi",1992,7,2,3,3,5,NA,2,6
NA,"Pseudomonadota","Gammaproteobacteria","Pseudomonadales","Pseudomonadaceae","Pseudomonas","Pseudomonas chlororaphis","Pseudomonas chlororaphis",1993,20,20,26,25,12,9,9,9
NA,"Pseudomonadota","Gammaproteobacteria","Pseudomonadales","Pseudomonadaceae","Pseudomonas","Pseudomonas cichorii","Pseudomonas cichorii",1994,1,1,3,1,2,1,1,2
NA,"Pseudomonadota","Gammaproteobacteria","Pseudomonadales","Pseudomonadaceae","Pseudomonas","Pseudomonas citronellolis","Pseudomonas citronellolis",1995,11,16,18,17,10,8,7,9
NA,"Pseudomonadota","Gammaproteobacteria","Pseudomonadales","Pseudomonadaceae","Pseudomonas","Pseudomonas corrugata","Pseudomonas corrugata",1996,4,6,7,5,7,1,2,4
NA,"Pseudomonadota","Gammaproteobacteria","Pseudomonadales","Pseudomonadaceae","Pseudomonas","Pseudomonas cremoricolorata","Pseudomonas cremoricolorata",1997,3,3,6,6,1,NA,3,2
NA,"Pseudomonadota","Gammaproteobacteria","Pseudomonadales","Pseudomonadaceae","Halopseudomonas","Pseudomonas denitrificans (nom. rej.)","Pseudomonas denitrificans",1998,8,5,3,3,3,1,1,6
NA,"Pseudomonadota","Gammaproteobacteria","Pseudomonadales","Pseudomonadaceae","Pseudomonas","Pseudomonas entomophila","Pseudomonas entomophila",1999,6,4,5,3,3,1,5,2
NA,"Pseudomonadota","Gammaproteobacteria","Pseudomonadales","Pseudomonadaceae","Pseudomonas","Pseudomonas fluorescens","Pseudomonas fluorescens",2000,30,25,43,36,43,27,15,25
NA,"Pseudomonadota","Gammaproteobacteria","Pseudomonadales","Pseudomonadaceae","Pseudomonas","Pseudomonas fragi","Pseudomonas fragi",2001,6,1,1,6,2,2,1,1
NA,"Pseudomonadota","Gammaproteobacteria","Pseudomonadales","Pseudomonadaceae","Pseudomonas","Pseudomonas fulva","Pseudomonas fulva",2002,5,8,8,7,1,1,2,3
NA,"Pseudomonadota","Gammaproteobacteria","Pseudomonadales","Pseudomonadaceae","Pseudomonas","Pseudomonas knackmussii","Pseudomonas knackmussii",2003,3,3,4,8,5,1,3,4
NA,"Pseudomonadota","Gammaproteobacteria","Pseudomonadales","Pseudomonadaceae","Pseudomonas","Pseudomonas koreensis","Pseudomonas koreensis",2004,4,6,6,5,6,4,1,4
NA,"Pseudomonadota","Gammaproteobacteria","Pseudomonadales","Pseudomonadaceae","Pseudomonas","Pseudomonas mandelii","Pseudomonas mandelii",2005,4,4,3,4,4,3,3,5
NA,"Pseudomonadota","Gammaproteobacteria","Pseudomonadales","Pseudomonadaceae","Ectopseudomonas","Ectopseudomonas mendocina","Ectopseudomonas mendocina",2006,9,11,15,9,10,6,4,8
NA,"Pseudomonadota","Gammaproteobacteria","Pseudomonadales","Pseudomonadaceae","Pseudomonas","Pseudomonas monteilii","Pseudomonas monteilii",2007,9,10,11,4,7,6,2,4
NA,"Pseudomonadota","Gammaproteobacteria","Pseudomonadales","Pseudomonadaceae","Pseudomonas","Pseudomonas mosselii","Pseudomonas mosselii",2008,8,7,5,5,4,4,1,3
NA,"Pseudomonadota","Gammaproteobacteria","Pseudomonadales","Pseudomonadaceae","Pseudomonas","Pseudomonas oryzihabitans","Pseudomonas oryzihabitans",2009,4,8,4,5,3,2,5,1
NA,"Pseudomonadota","Gammaproteobacteria","Pseudomonadales","Pseudomonadaceae","Pseudomonas","Pseudomonas parafulva","Pseudomonas parafulva",2010,8,8,5,9,1,1,3,NA
NA,"Uroviricota","Caudoviricetes","Autographivirales","Autoscriptoviridae","Phikmvvirus","Phikmvvirus DL62","Pseudomonas phage DL62",2011,NA,1,NA,NA,NA,NA,NA,NA
NA,"Uroviricota","Caudoviricetes","Autographivirales","Autoscriptoviridae","Phikmvvirus","Phikmvvirus LUZ19","Pseudomonas phage LUZ19",2012,NA,1,NA,NA,NA,NA,NA,1
NA,"Uroviricota","Caudoviricetes","Autographivirales","Autoscriptoviridae","Phikmvvirus","Phikmvvirus MPK6","Pseudomonas phage MPK6",2013,NA,1,NA,NA,NA,NA,NA,NA
NA,"Uroviricota","Caudoviricetes","Autographivirales","Autoscriptoviridae","Phikmvvirus","Phikmvvirus S1","Pseudomonas phage MPK7",2014,NA,1,NA,NA,NA,NA,NA,NA
NA,"Uroviricota","Caudoviricetes","Autographivirales","Autoscriptoviridae","Phikmvvirus","Phikmvvirus kF77","Pseudomonas phage phikF77",2015,NA,1,NA,NA,NA,NA,NA,NA
NA,"Uroviricota","Caudoviricetes","Autographivirales","Autoscriptoviridae","Phikmvvirus","Phikmvvirus phiKMV","Pseudomonas phage phiKMV",2016,NA,1,NA,NA,NA,NA,NA,NA
NA,"Uroviricota","Caudoviricetes","c_Caudoviricetes","Chimalliviridae","Phikzvirus","Phikzvirus phiKZ","Pseudomonas phage phiKZ",2017,NA,NA,NA,1,NA,NA,NA,NA
NA,"Uroviricota","Caudoviricetes","c_Caudoviricetes","Vandenendeviridae","Otagovirus","Otagovirus Psa374","Pseudomonas phage phiPsa374",2018,NA,NA,NA,NA,NA,NA,NA,1
NA,"Uroviricota","Caudoviricetes","Autographivirales","Autoscriptoviridae","Phikmvvirus","Phikmvvirus PT2","Pseudomonas phage PT2",2019,NA,1,NA,NA,NA,NA,NA,NA
NA,"Uroviricota","Caudoviricetes","c_Caudoviricetes","c_Caudoviricetes","Septimatrevirus","Septimatrevirus kakheti25","Pseudomonas phage vB_Pae-Kakheti25",2020,NA,NA,NA,NA,NA,NA,1,NA
NA,"Uroviricota","Caudoviricetes","Autographivirales","Autoscriptoviridae","Phikmvvirus","Phikmvvirus PT5","Pseudomonas phage vB_Pae-TbilisiM32",2021,NA,1,NA,NA,NA,NA,NA,NA
NA,"Uroviricota","Caudoviricetes","Autographivirales","Autoscriptoviridae","Phikmvvirus","Phikmvvirus ABTNL","Pseudomonas phage vB_PaeP_PPA-ABTNL",2022,NA,1,NA,NA,NA,NA,NA,1
NA,"Pseudomonadota","Gammaproteobacteria","Pseudomonadales","Pseudomonadaceae","Pseudomonas","Pseudomonas plecoglossicida","Pseudomonas plecoglossicida",2023,8,9,4,4,1,3,4,4
NA,"Pseudomonadota","Gammaproteobacteria","Pseudomonadales","Pseudomonadaceae","Pseudomonas","Pseudomonas poae","Pseudomonas poae",2024,5,3,3,2,3,2,5,1
NA,"Pseudomonadota","Gammaproteobacteria","Pseudomonadales","Pseudomonadaceae","Pseudomonas","Pseudomonas protegens","Pseudomonas protegens",2025,6,9,6,12,7,3,2,5
NA,"Pseudomonadota","Gammaproteobacteria","Pseudomonadales","Pseudomonadaceae","Ectopseudomonas","Ectopseudomonas oleovorans","Ectopseudomonas oleovorans",2026,NA,3,1,2,3,1,2,2
NA,"Pseudomonadota","Gammaproteobacteria","Pseudomonadales","Pseudomonadaceae","Pseudomonas","Pseudomonas putida","Pseudomonas putida",2027,23,38,29,43,16,20,18,28
NA,"Pseudomonadota","Gammaproteobacteria","Pseudomonadales","Pseudomonadaceae","Metapseudomonas","Metapseudomonas resinovorans","Metapseudomonas resinovorans",2028,6,2,4,8,6,4,5,6
NA,"Pseudomonadota","Gammaproteobacteria","Pseudomonadales","Pseudomonadaceae","Pseudomonas","Pseudomonas rhizosphaerae","Pseudomonas rhizosphaerae",2029,3,3,2,2,1,2,NA,2
NA,"Pseudomonadota","Gammaproteobacteria","Pseudomonadales","Pseudomonadaceae","Pseudomonas","Pseudomonas savastanoi","Pseudomonas savastanoi",2030,7,3,2,6,4,3,2,6
NA,"Pseudomonadota","Gammaproteobacteria","Pseudomonadales","Pseudomonadaceae","Pseudomonas","Pseudomonas silesiensis","Pseudomonas sp. A3(2016)",2031,2,3,6,4,4,NA,4,3
NA,"Pseudomonadota","Gammaproteobacteria","Pseudomonadales","Pseudomonadaceae","Pseudomonas","Pseudomonas sp. CCOS 191","Pseudomonas sp. CCOS 191",2032,3,5,2,3,4,1,4,3
NA,"Pseudomonadota","Gammaproteobacteria","Pseudomonadales","Pseudomonadaceae","Pseudomonas","Pseudomonas sp. DR 5-09","Pseudomonas sp. DR 5-09",2033,4,5,8,5,1,4,3,1
NA,"Pseudomonadota","Gammaproteobacteria","Pseudomonadales","Pseudomonadaceae","Pseudomonas","Pseudomonas sp. FGI182","Pseudomonas sp. FGI182",2034,4,2,9,9,2,1,4,3
NA,"Pseudomonadota","Gammaproteobacteria","Pseudomonadales","Pseudomonadaceae","Pseudomonas","Pseudomonas sp. GR 6-02","Pseudomonas sp. GR 6-02",2035,4,5,9,2,4,3,2,3
NA,"Pseudomonadota","Gammaproteobacteria","Pseudomonadales","Pseudomonadaceae","Pseudomonas","Pseudomonas sp. JY-Q","Pseudomonas sp. JY-Q",2036,3,7,1,3,NA,3,1,2
NA,"Pseudomonadota","Gammaproteobacteria","Pseudomonadales","Pseudomonadaceae","Pseudomonas","Pseudomonas versuta","Pseudomonas sp. L10.10",2037,2,5,2,2,2,3,3,6
NA,"Pseudomonadota","Gammaproteobacteria","Pseudomonadales","Pseudomonadaceae","Pseudomonas","Pseudomonas sp. MRSN 12121","Pseudomonas sp. MRSN12121",2038,3,2,6,4,4,6,NA,2
NA,"Pseudomonadota","Gammaproteobacteria","Pseudomonadales","Pseudomonadaceae","Pseudomonas","Pseudomonas glycinae","Pseudomonas sp. MS586",2039,7,4,5,3,2,5,4,2
NA,"Pseudomonadota","Gammaproteobacteria","Pseudomonadales","Pseudomonadaceae","Pseudomonas","Pseudomonas sp. Os17","Pseudomonas sp. Os17",2040,2,6,4,12,9,2,3,5
NA,"Pseudomonadota","Gammaproteobacteria","Pseudomonadales","Pseudomonadaceae","Pseudomonas","Pseudomonas sp. St29","Pseudomonas sp. St29",2041,2,7,5,13,9,2,3,5
NA,"Pseudomonadota","Gammaproteobacteria","Pseudomonadales","Pseudomonadaceae","Pseudomonas","Pseudomonas sp. StFLB209","Pseudomonas sp. StFLB209",2042,3,4,5,2,5,2,1,3
NA,"Pseudomonadota","Gammaproteobacteria","Pseudomonadales","Pseudomonadaceae","Pseudomonas","Pseudomonas sp. TCU-HL1","Pseudomonas sp. TCU-HL1",2043,4,4,6,10,3,1,3,1
NA,"Pseudomonadota","Gammaproteobacteria","Pseudomonadales","Pseudomonadaceae","Pseudomonas","Pseudomonas gorinensis","Pseudomonas sp. TKP",2044,1,NA,5,5,6,2,2,2
NA,"Pseudomonadota","Gammaproteobacteria","Pseudomonadales","Pseudomonadaceae","Pseudomonas","Pseudomonas sp. URMO17WK12:I11","Pseudomonas sp. URMO17WK12:I11",2045,5,7,9,13,7,4,4,5
NA,"Pseudomonadota","Gammaproteobacteria","Pseudomonadales","Pseudomonadaceae","Pseudomonas","Pseudomonas sp. UW4","Pseudomonas sp. UW4",2046,NA,2,4,2,3,1,3,2
NA,"Pseudomonadota","Gammaproteobacteria","Pseudomonadales","Pseudomonadaceae","Pseudomonas","Pseudomonas sp. VLB120","Pseudomonas sp. VLB120",2047,4,9,2,8,3,NA,1,5
NA,"Pseudomonadota","Gammaproteobacteria","Pseudomonadales","Pseudomonadaceae","Stutzerimonas","Stutzerimonas stutzeri","Stutzerimonas stutzeri",2048,20,22,21,23,24,10,15,14
NA,"Pseudomonadota","Gammaproteobacteria","Pseudomonadales","Pseudomonadaceae","Pseudomonas","Pseudomonas syringae","Pseudomonas syringae",2049,9,18,16,17,15,7,7,19
NA,"Pseudomonadota","Gammaproteobacteria","Pseudomonadales","Pseudomonadaceae","Pseudomonas","Pseudomonas syringae group genomosp. 3","Pseudomonas syringae group genomosp. 3",2050,NA,3,2,2,1,2,1,2
NA,"Pseudomonadota","Gammaproteobacteria","Pseudomonadales","Pseudomonadaceae","Pseudomonas","Pseudomonas trivialis","Pseudomonas trivialis",2051,2,3,5,2,4,4,2,1
NA,"Actinomycetota","Actinomycetes","Pseudonocardiales","Pseudonocardiaceae","Pseudonocardia","g_Pseudonocardia","Pseudonocardia",2052,1,1,NA,NA,1,NA,NA,NA
NA,"Actinomycetota","Actinomycetes","Pseudonocardiales","Pseudonocardiaceae","Pseudonocardia","Pseudonocardia dioxanivorans","Pseudonocardia dioxanivorans",2053,3,3,6,5,3,NA,4,3
NA,"Actinomycetota","Actinomycetes","Pseudonocardiales","Pseudonocardiaceae","Pseudonocardia","Pseudonocardia sp. AL041005-10","Pseudonocardia sp. AL041005-10",2054,8,2,6,2,6,3,5,2
NA,"Actinomycetota","Actinomycetes","Pseudonocardiales","Pseudonocardiaceae","Pseudonocardia","Pseudonocardia sp. EC080610-09","Pseudonocardia sp. EC080610-09",2055,3,7,2,2,3,1,2,2
NA,"Actinomycetota","Actinomycetes","Pseudonocardiales","Pseudonocardiaceae","Pseudonocardia","Pseudonocardia sp. EC080619-01","Pseudonocardia sp. EC080619-01",2056,3,7,1,3,3,1,2,2
NA,"Actinomycetota","Actinomycetes","Pseudonocardiales","Pseudonocardiaceae","Pseudonocardia","Pseudonocardia sp. EC080625-04","Pseudonocardia sp. EC080625-04",2057,3,5,1,2,NA,1,3,2
NA,"Actinomycetota","Actinomycetes","Pseudonocardiales","Pseudonocardiaceae","Pseudonocardia","Pseudonocardia sp. HH130629-09","Pseudonocardia sp. HH130629-09",2058,2,2,2,7,1,NA,4,3
NA,"Actinomycetota","Actinomycetes","Pseudonocardiales","Pseudonocardiaceae","Pseudonocardia","Pseudonocardia sp. HH130630-07","Pseudonocardia sp. HH130630-07",2059,2,7,6,6,2,NA,5,2
NA,"Bacteroidota","Sphingobacteriia","Sphingobacteriales","Sphingobacteriaceae","Pseudopedobacter","Pseudopedobacter saltans","Pseudopedobacter saltans",2060,9,11,5,8,6,4,6,2
NA,"Actinomycetota","Actinomycetes","Propionibacteriales","Propionibacteriaceae","Arachnia","Arachnia propionica","Arachnia propionica",2061,4,5,4,1,NA,4,3,2
NA,"Thermotogota","Thermotogae","Thermotogales","Thermotogaceae","Pseudothermotoga","Pseudothermotoga elfii","Pseudothermotoga elfii",2062,NA,1,NA,NA,1,1,4,1
NA,"Thermotogota","Thermotogae","Thermotogales","Thermotogaceae","Pseudothermotoga","Pseudothermotoga hypogea","Pseudothermotoga hypogea",2063,NA,NA,NA,2,NA,1,1,2
NA,"Thermotogota","Thermotogae","Thermotogales","Thermotogaceae","Pseudothermotoga","Pseudothermotoga lettingae","Pseudothermotoga lettingae",2064,NA,1,NA,NA,1,NA,3,1
NA,"Thermotogota","Thermotogae","Thermotogales","Thermotogaceae","Pseudothermotoga","Pseudothermotoga thermarum","Pseudothermotoga thermarum",2065,NA,NA,NA,NA,1,NA,1,NA
NA,"Pseudomonadota","Gammaproteobacteria","Lysobacterales","Lysobacteraceae","Pseudoxanthomonas","Pseudoxanthomonas spadix","Pseudoxanthomonas spadix",2066,2,5,3,2,4,2,3,7
NA,"Pseudomonadota","Gammaproteobacteria","Lysobacterales","Lysobacteraceae","Pseudoxanthomonas","Pseudoxanthomonas suwonensis","Pseudoxanthomonas suwonensis",2067,16,8,7,11,9,7,5,8
NA,"Pseudomonadota","Gammaproteobacteria","Moraxellales","Moraxellaceae","Psychrobacter","Psychrobacter alimentarius","Psychrobacter alimentarius",2068,NA,2,2,NA,2,NA,NA,NA
NA,"Pseudomonadota","Gammaproteobacteria","Moraxellales","Moraxellaceae","Psychrobacter","Psychrobacter arcticus","Psychrobacter arcticus",2069,4,NA,1,1,4,3,1,2
NA,"Pseudomonadota","Gammaproteobacteria","Moraxellales","Moraxellaceae","Psychrobacter","Psychrobacter cryohalolentis","Psychrobacter cryohalolentis",2070,1,1,1,2,2,3,1,2
NA,"Pseudomonadota","Gammaproteobacteria","Moraxellales","Moraxellaceae","Psychrobacter","Psychrobacter sp. AntiMn-1","Psychrobacter sp. AntiMn-1",2071,1,NA,NA,2,3,4,NA,NA
NA,"Pseudomonadota","Gammaproteobacteria","Moraxellales","Moraxellaceae","Psychrobacter","Psychrobacter sp. G","Psychrobacter sp. G",2072,NA,1,1,2,2,2,NA,NA
NA,"Pseudomonadota","Gammaproteobacteria","Moraxellales","Moraxellaceae","Psychrobacter","Psychrobacter sp. P11G5","Psychrobacter sp. P11G5",2073,NA,1,1,3,2,1,1,NA
NA,"Pseudomonadota","Gammaproteobacteria","Moraxellales","Moraxellaceae","Psychrobacter","Psychrobacter sp. P2G3","Psychrobacter sp. P2G3",2074,NA,1,1,1,1,1,1,NA
NA,"Pseudomonadota","Gammaproteobacteria","Moraxellales","Moraxellaceae","Psychrobacter","Psychrobacter sp. PRwf-1","Psychrobacter sp. PRwf-1",2075,1,NA,1,NA,2,NA,1,1
NA,"Pseudomonadota","Gammaproteobacteria","Moraxellales","Moraxellaceae","Psychrobacter","Psychrobacter urativorans","Psychrobacter urativorans",2076,1,NA,1,1,2,1,NA,NA
NA,"Bacteroidota","Flavobacteriia","Flavobacteriales","Flavobacteriaceae","Psychroflexus","Psychroflexus torquis","Psychroflexus torquis",2077,1,1,1,1,2,1,2,2
NA,"Pseudomonadota","Gammaproteobacteria","Alteromonadales","Psychromonadaceae","Psychromonas","Psychromonas ingrahamii","Psychromonas ingrahamii",2078,NA,NA,NA,NA,2,2,3,2
NA,"Pseudomonadota","Gammaproteobacteria","Alteromonadales","Psychromonadaceae","Psychromonas","Psychromonas sp. CNPT3","Psychromonas sp. CNPT3",2079,NA,2,1,3,2,NA,1,NA
NA,"Pseudomonadota","Betaproteobacteria","Burkholderiales","Alcaligenaceae","Pusillimonas","Pusillimonas sp. T7-7","Pusillimonas sp. T7-7",2080,2,1,1,1,NA,4,2,3
NA,"Methanobacteriota","Thermococci","Thermococcales","Thermococcaceae","Pyrococcus","Pyrococcus abyssi","Pyrococcus abyssi",2081,NA,NA,NA,NA,NA,1,NA,NA
NA,"Methanobacteriota","Thermococci","Thermococcales","Thermococcaceae","Pyrococcus","Pyrococcus furiosus","Pyrococcus furiosus",2082,1,NA,NA,1,1,1,NA,NA
NA,"Methanobacteriota","Thermococci","Thermococcales","Thermococcaceae","Pyrococcus","Pyrococcus horikoshii","Pyrococcus horikoshii",2083,NA,NA,NA,NA,NA,NA,1,NA
NA,"Methanobacteriota","Thermococci","Thermococcales","Thermococcaceae","Pyrococcus","Pyrococcus yayanosii","Pyrococcus yayanosii",2084,NA,NA,1,NA,2,NA,NA,NA
NA,"Thermoproteota","Thermoprotei","Desulfurococcales","Pyrodictiaceae","Pyrodictium","Pyrodictium delaneyi","Pyrodictium delaneyi",2085,NA,1,NA,NA,NA,NA,NA,NA
NA,"Thermoproteota","Thermoprotei","Desulfurococcales","Pyrodictiaceae","Pyrolobus","Pyrolobus fumarii","Pyrolobus fumarii",2086,NA,NA,NA,NA,NA,1,NA,NA
NA,"Pisuviricota","Pisoniviricetes","Nidovirales","Coronaviridae","Betacoronavirus","Rabbit coronavirus HKU14","Rabbit coronavirus HKU14",2087,NA,1,NA,NA,NA,NA,NA,NA
NA,"Pseudomonadota","Gammaproteobacteria","Enterobacterales","Yersiniaceae","Rahnella","Rahnella aquatilis","Rahnella aquatilis",2088,2,1,2,2,1,2,6,4
NA,"Pseudomonadota","Gammaproteobacteria","Enterobacterales","Yersiniaceae","Rahnella","Rahnella aceris","Rahnella sp. Y9602",2089,2,NA,2,2,1,2,4,4
NA,"Pseudomonadota","Betaproteobacteria","Burkholderiales","Burkholderiaceae","Ralstonia","g_Ralstonia","Ralstonia",2090,NA,1,1,NA,1,NA,1,NA
NA,"Pseudomonadota","Betaproteobacteria","Burkholderiales","Burkholderiaceae","Ralstonia","Ralstonia insidiosa","Ralstonia insidiosa",2091,13,5,9,8,1,5,6,2
NA,"Pseudomonadota","Betaproteobacteria","Burkholderiales","Burkholderiaceae","Ralstonia","Ralstonia mannitolilytica","Ralstonia mannitolilytica",2092,5,4,9,5,5,3,6,8
NA,"Pseudomonadota","Betaproteobacteria","Burkholderiales","Burkholderiaceae","Ralstonia","Ralstonia pickettii","Ralstonia pickettii",2093,14,8,15,6,10,13,27,12
NA,"Pseudomonadota","Betaproteobacteria","Burkholderiales","Burkholderiaceae","Ralstonia","Ralstonia solanacearum","Ralstonia solanacearum",2094,15,20,10,17,4,8,9,13
NA,"Pseudomonadota","Betaproteobacteria","Burkholderiales","Comamonadaceae","Ramlibacter","g_Ramlibacter","Ramlibacter",2095,NA,2,NA,NA,NA,NA,NA,NA
NA,"Pseudomonadota","Betaproteobacteria","Burkholderiales","Comamonadaceae","Ramlibacter","Ramlibacter tataouinensis","Ramlibacter tataouinensis",2096,14,11,17,12,7,7,9,9
NA,"Pseudomonadota","Gammaproteobacteria","Enterobacterales","Enterobacteriaceae","Raoultella","Raoultella ornithinolytica","Raoultella ornithinolytica",2097,11,8,8,5,8,7,9,11
NA,"Actinomycetota","Actinomycetes","Micrococcales","Microbacteriaceae","Rathayibacter","Rathayibacter toxicus","Rathayibacter toxicus",2098,NA,4,NA,2,1,NA,NA,NA
NA,"Actinomycetota","Actinomycetes","Micrococcales","Microbacteriaceae","Rathayibacter","Rathayibacter tritici","Rathayibacter tritici",2099,5,NA,2,3,3,NA,2,2
NA,"Actinomycetota","Actinomycetes","Micrococcales","Micrococcaceae","Renibacterium","Renibacterium salmoninarum","Renibacterium salmoninarum",2100,NA,NA,1,NA,2,3,NA,1
NA,"Pseudomonadota","Alphaproteobacteria","Hyphomicrobiales","Rhizobiaceae","Rhizobium","g_Rhizobium","Rhizobium",2101,NA,1,NA,1,1,NA,2,1
NA,"Pseudomonadota","Alphaproteobacteria","Hyphomicrobiales","Rhizobiaceae","Rhizobium","Rhizobium etli","Rhizobium etli",2102,9,13,16,15,14,8,12,8
NA,"Pseudomonadota","Alphaproteobacteria","Hyphomicrobiales","Rhizobiaceae","Rhizobium","Rhizobium gallicum","Rhizobium gallicum",2103,4,4,7,1,4,4,3,4
NA,"Pseudomonadota","Alphaproteobacteria","Hyphomicrobiales","Rhizobiaceae","Rhizobium","Rhizobium leguminosarum","Rhizobium leguminosarum",2104,11,27,9,20,23,12,12,13
NA,"Pseudomonadota","Alphaproteobacteria","Hyphomicrobiales","Rhizobiaceae","Rhizobium","Rhizobium phaseoli","Rhizobium phaseoli",2105,7,5,8,9,5,5,6,2
NA,"Pseudomonadota","Alphaproteobacteria","Hyphomicrobiales","Rhizobiaceae","Rhizobium","Rhizobium sp. IRBG74","Rhizobium sp. IRBG74",2106,10,7,4,6,5,1,1,4
NA,"Pseudomonadota","Alphaproteobacteria","Hyphomicrobiales","Rhizobiaceae","Rhizobium","Rhizobium sp. N113","Rhizobium sp. N113",2107,2,5,9,7,4,NA,3,2
NA,"Pseudomonadota","Alphaproteobacteria","Hyphomicrobiales","Rhizobiaceae","Rhizobium","Rhizobium sp. N1314","Rhizobium sp. N1314",2108,2,7,8,7,4,NA,5,3
NA,"Pseudomonadota","Alphaproteobacteria","Hyphomicrobiales","Rhizobiaceae","Rhizobium","Rhizobium sp. N1341","Rhizobium sp. N1341",2109,2,5,9,7,4,NA,3,2
NA,"Pseudomonadota","Alphaproteobacteria","Hyphomicrobiales","Rhizobiaceae","Rhizobium","Rhizobium sp. N324","Rhizobium sp. N324",2110,3,3,2,1,3,3,4,3
NA,"Pseudomonadota","Alphaproteobacteria","Hyphomicrobiales","Rhizobiaceae","Rhizobium","Rhizobium sp. N621","Rhizobium sp. N621",2111,2,5,9,7,4,NA,3,2
NA,"Pseudomonadota","Alphaproteobacteria","Hyphomicrobiales","Rhizobiaceae","Rhizobium","Rhizobium sp. N6212","Rhizobium sp. N6212",2112,2,5,9,7,4,NA,3,2
NA,"Pseudomonadota","Alphaproteobacteria","Hyphomicrobiales","Rhizobiaceae","Rhizobium","Rhizobium sp. N731","Rhizobium sp. N731",2113,2,7,8,7,4,NA,5,3
NA,"Pseudomonadota","Alphaproteobacteria","Hyphomicrobiales","Rhizobiaceae","Rhizobium","Rhizobium sp. N741","Rhizobium sp. N741",2114,2,5,9,7,4,NA,3,2
NA,"Pseudomonadota","Alphaproteobacteria","Hyphomicrobiales","Rhizobiaceae","Rhizobium","Rhizobium sp. N871","Rhizobium sp. N871",2115,2,5,9,7,4,NA,3,2
NA,"Pseudomonadota","Alphaproteobacteria","Hyphomicrobiales","Rhizobiaceae","Pseudorhizobium","Pseudorhizobium banfieldiae","Rhizobium sp. NT-26",2116,3,2,5,2,1,5,2,5
NA,"Pseudomonadota","Alphaproteobacteria","Hyphomicrobiales","Rhizobiaceae","Rhizobium","Rhizobium sp. S41","Rhizobium sp. S41",2117,8,6,3,4,2,NA,3,4
NA,"Pseudomonadota","Alphaproteobacteria","Hyphomicrobiales","Rhizobiaceae","Rhizobium","Rhizobium tropici","Rhizobium tropici",2118,5,5,2,4,2,2,4,4
NA,"Pseudomonadota","Gammaproteobacteria","Lysobacterales","Rhodanobacteraceae","Rhodanobacter","Rhodanobacter denitrificans","Rhodanobacter denitrificans",2119,4,8,7,4,3,2,2,9
NA,"Pseudomonadota","Gammaproteobacteria","Lysobacterales","Rhodanobacteraceae","f_Rhodanobacteraceae","f_Rhodanobacteraceae","Rhodanobacteraceae",2120,NA,NA,NA,1,NA,NA,NA,NA
NA,"Pseudomonadota","Alphaproteobacteria","Rhodobacterales","o_Rhodobacterales","Rhodobacter","Rhodobacter capsulatus","Rhodobacter capsulatus",2121,4,2,4,2,4,2,2,4
NA,"Pseudomonadota","Alphaproteobacteria","Rhodobacterales","o_Rhodobacterales","Rhodobacter","Rhodobacter xanthinilyticus","Rhodobacter sp. LPB0142",2122,3,6,7,3,2,2,1,5
NA,"Pseudomonadota","Alphaproteobacteria","Rhodobacterales","Paracoccaceae","Cereibacter","Cereibacter sphaeroides","Cereibacter sphaeroides",2123,8,12,4,9,9,6,2,9
NA,"Pseudomonadota","Alphaproteobacteria","Rhodobacterales","Paracoccaceae","f_Paracoccaceae","f_Paracoccaceae","Paracoccaceae",2124,NA,1,NA,1,NA,NA,NA,NA
NA,"Actinomycetota","Actinomycetes","Mycobacteriales","Nocardiaceae","Rhodococcus","g_Rhodococcus","Rhodococcus
 
 <high G+C Gram-positive bacteria>
 
",2125,NA,NA,2,NA,NA,NA,NA,1
NA,"Actinomycetota","Actinomycetes","Mycobacteriales","Nocardiaceae","Rhodococcus","Rhodococcus aetherivorans","Rhodococcus aetherivorans",2126,3,5,7,8,3,4,6,5
NA,"Actinomycetota","Actinomycetes","Mycobacteriales","Nocardiaceae","Prescottella","Prescottella equi","Prescottella equi",2127,4,1,7,4,3,2,NA,3
NA,"Actinomycetota","Actinomycetes","Mycobacteriales","Nocardiaceae","Rhodococcus","Rhodococcus erythropolis","Rhodococcus erythropolis",2128,NA,1,4,3,2,1,1,5
NA,"Actinomycetota","Actinomycetes","Mycobacteriales","Nocardiaceae","Rhodococcoides","Rhodococcoides fascians","Rhodococcoides fascians",2129,6,4,3,2,4,3,1,1
NA,"Actinomycetota","Actinomycetes","Mycobacteriales","Nocardiaceae","Rhodococcus","Rhodococcus jostii","Rhodococcus jostii",2130,2,1,3,1,NA,NA,1,2
NA,"Actinomycetota","Actinomycetes","Mycobacteriales","Nocardiaceae","Rhodococcus","Rhodococcus opacus","Rhodococcus opacus",2131,4,2,10,4,4,1,4,5
NA,"Actinomycetota","Actinomycetes","Mycobacteriales","Nocardiaceae","Rhodococcus","Rhodococcus pyridinivorans","Rhodococcus pyridinivorans",2132,5,6,3,2,2,3,1,3
NA,"Actinomycetota","Actinomycetes","Mycobacteriales","Nocardiaceae","Rhodococcus","Rhodococcus sp. 008","Rhodococcus sp. 008",2133,1,2,5,3,1,NA,1,1
NA,"Actinomycetota","Actinomycetes","Mycobacteriales","Nocardiaceae","Rhodococcus","Rhodococcus sp. B7740","Rhodococcus sp. B7740",2134,5,2,6,1,1,2,1,3
NA,"Actinomycetota","Actinomycetes","Mycobacteriales","Nocardiaceae","Rhodococcus","Rhodococcus sp. p52","Rhodococcus sp. p52",2135,3,3,3,4,2,3,1,2
NA,"Actinomycetota","Actinomycetes","Mycobacteriales","Nocardiaceae","Rhodococcus","Rhodococcus sp. PBTS 1","Rhodococcus sp. PBTS 1",2136,4,NA,5,1,1,1,NA,NA
NA,"Actinomycetota","Actinomycetes","Mycobacteriales","Nocardiaceae","Rhodococcoides","Rhodococcoides fascians","Rhodococcoides fascians",2137,1,5,6,2,2,2,3,NA
NA,"Actinomycetota","Actinomycetes","Mycobacteriales","Nocardiaceae","Rhodococcus","Rhodococcus sp. WB1","Rhodococcus sp. WB1",2138,3,5,7,3,NA,2,2,3
NA,"Actinomycetota","Actinomycetes","Mycobacteriales","Nocardiaceae","Rhodococcus","Rhodococcus sp. WMMA185","Rhodococcus sp. WMMA185",2139,3,1,1,NA,NA,1,NA,NA
NA,"Pseudomonadota","Betaproteobacteria","Burkholderiales","Comamonadaceae","Rhodoferax","Rhodoferax ferrireducens","Rhodoferax ferrireducens",2140,2,2,3,1,2,2,4,3
NA,"Actinomycetota","Actinomycetes","Micrococcales","Microbacteriaceae","Rhodoluna","Rhodoluna lacicola","Rhodoluna lacicola",2141,3,1,2,1,2,1,1,1
NA,"Pseudomonadota","Alphaproteobacteria","Hyphomicrobiales","Hyphomicrobiaceae","Rhodomicrobium","Rhodomicrobium vannielii","Rhodomicrobium vannielii",2142,2,1,3,1,3,NA,NA,3
NA,"Planctomycetota","Planctomycetia","Pirellulales","Pirellulaceae","Rhodopirellula","Rhodopirellula baltica","Rhodopirellula baltica",2143,1,1,1,2,4,NA,NA,1
NA,"Pseudomonadota","Alphaproteobacteria","Hyphomicrobiales","Nitrobacteraceae","Rugositalea","Rugositalea oryzae","Rhodoplanes sp. Z2-YC6860",2144,5,7,3,2,2,4,5,2
NA,"Pseudomonadota","Alphaproteobacteria","Hyphomicrobiales","Nitrobacteraceae","Rhodopseudomonas","Rhodopseudomonas palustris","Rhodopseudomonas palustris",2145,11,11,29,16,10,11,11,16
NA,"Pseudomonadota","Alphaproteobacteria","Rhodospirillales","Rhodospirillaceae","f_Rhodospirillaceae","f_Rhodospirillaceae","Rhodospirillaceae",2146,NA,NA,NA,1,NA,NA,NA,NA
NA,"Pseudomonadota","Alphaproteobacteria","Rhodospirillales","Rhodospirillaceae","Rhodospirillum","g_Rhodospirillum","Rhodospirillum",2147,NA,2,NA,NA,NA,NA,NA,NA
NA,"Pseudomonadota","Alphaproteobacteria","Rhodospirillales","Rhodospirillaceae","Rhodospirillum","Rhodospirillum centenum","Rhodospirillum centenum",2148,4,6,9,9,3,NA,3,3
NA,"Pseudomonadota","Alphaproteobacteria","Rhodospirillales","Rhodospirillaceae","Rhodospirillum","Rhodospirillum rubrum","Rhodospirillum rubrum",2149,2,2,2,3,1,1,2,2
NA,"Rhodothermota","Rhodothermia","Rhodothermales","Rhodothermaceae","Rhodothermus","Rhodothermus marinus","Rhodothermus marinus",2150,7,10,10,13,3,5,4,6
NA,"Pseudomonadota","Alphaproteobacteria","Rhodobacterales","Paracoccaceae","Rhodovulum","Rhodovulum sulfidophilum","Rhodovulum sulfidophilum",2151,5,3,8,6,2,2,2,3
NA,"Pseudomonadota","Alphaproteobacteria","Rickettsiales","Rickettsiaceae","Rickettsia","Rickettsia africae","Rickettsia africae",2152,1,NA,NA,NA,NA,NA,1,1
NA,"Pseudomonadota","Alphaproteobacteria","Rickettsiales","Rickettsiaceae","Rickettsia","Rickettsia akari","Rickettsia akari",2153,NA,NA,NA,NA,1,NA,1,1
NA,"Pseudomonadota","Alphaproteobacteria","Rickettsiales","Rickettsiaceae","Rickettsia","Rickettsia amblyommatis","Rickettsia amblyommatis",2154,1,NA,NA,NA,NA,NA,1,NA
NA,"Pseudomonadota","Alphaproteobacteria","Rickettsiales","Rickettsiaceae","Rickettsia","Rickettsia australis","Rickettsia australis",2155,1,NA,NA,NA,NA,NA,1,NA
NA,"Pseudomonadota","Alphaproteobacteria","Rickettsiales","Rickettsiaceae","Rickettsia","Rickettsia bellii","Rickettsia bellii",2156,NA,2,NA,1,1,1,NA,3
NA,"Pseudomonadota","Alphaproteobacteria","Rickettsiales","Rickettsiaceae","Rickettsia","Rickettsia canadensis","Rickettsia canadensis",2157,NA,NA,NA,1,NA,NA,NA,2
NA,"Pseudomonadota","Alphaproteobacteria","Rickettsiales","Rickettsiaceae","Rickettsia","Rickettsia conorii","Rickettsia conorii",2158,1,NA,NA,NA,NA,NA,1,1
NA,"Pseudomonadota","Alphaproteobacteria","Rickettsiales","Rickettsiaceae","Rickettsia","Rickettsia felis","Rickettsia felis",2159,1,NA,NA,NA,NA,1,1,1
NA,"Pseudomonadota","Alphaproteobacteria","Rickettsiales","Rickettsiaceae","Rickettsia","Rickettsia conorii","Rickettsia conorii subsp. heilongjiangensis",2160,2,NA,NA,NA,NA,1,NA,1
NA,"Pseudomonadota","Alphaproteobacteria","Rickettsiales","Rickettsiaceae","Rickettsia","Rickettsia japonica","Rickettsia japonica",2161,2,NA,NA,NA,NA,1,NA,1
NA,"Pseudomonadota","Alphaproteobacteria","Rickettsiales","Rickettsiaceae","Rickettsia","Rickettsia massiliae","Rickettsia massiliae",2162,1,NA,NA,NA,NA,NA,NA,NA
NA,"Pseudomonadota","Alphaproteobacteria","Rickettsiales","Rickettsiaceae","Rickettsia","Rickettsia monacensis","Rickettsia monacensis",2163,1,NA,NA,NA,NA,NA,2,1
NA,"Pseudomonadota","Alphaproteobacteria","Rickettsiales","Rickettsiaceae","Rickettsia","Rickettsia montanensis","Rickettsia montanensis",2164,1,NA,NA,NA,NA,NA,NA,1
NA,"Pseudomonadota","Alphaproteobacteria","Rickettsiales","Rickettsiaceae","Rickettsia","Rickettsia parkeri","Rickettsia parkeri",2165,1,NA,NA,NA,NA,NA,1,1
NA,"Pseudomonadota","Alphaproteobacteria","Rickettsiales","Rickettsiaceae","Rickettsia","Rickettsia philipii","Rickettsia philipii",2166,1,NA,NA,NA,NA,NA,1,1
NA,"Pseudomonadota","Alphaproteobacteria","Rickettsiales","Rickettsiaceae","Rickettsia","Rickettsia prowazekii","Rickettsia prowazekii",2167,NA,NA,NA,NA,NA,NA,1,1
NA,"Pseudomonadota","Alphaproteobacteria","Rickettsiales","Rickettsiaceae","Rickettsia","Rickettsia rhipicephali","Rickettsia rhipicephali",2168,1,NA,NA,NA,NA,1,1,NA
NA,"Pseudomonadota","Alphaproteobacteria","Rickettsiales","Rickettsiaceae","Rickettsia","Rickettsia rickettsii","Rickettsia rickettsii",2169,1,NA,NA,NA,NA,NA,1,1
NA,"Pseudomonadota","Alphaproteobacteria","Rickettsiales","Rickettsiaceae","Rickettsia","Rickettsia slovaca","Rickettsia slovaca",2170,1,NA,NA,NA,NA,1,1,1
NA,"Pseudomonadota","Alphaproteobacteria","Rickettsiales","Rickettsiaceae","Rickettsia","Rickettsia typhi","Rickettsia typhi",2171,NA,1,NA,1,NA,NA,NA,1
NA,"Pseudomonadota","Alphaproteobacteria","Rickettsiales","o_Rickettsiales","o_Rickettsiales","Rickettsiales bacterium Ac37b","Rickettsiales bacterium Ac37b",2172,2,2,1,1,NA,1,2,2
NA,"Bacteroidota","Flavobacteriia","Flavobacteriales","Weeksellaceae","Riemerella","Riemerella anatipestifer","Riemerella anatipestifer",2173,3,NA,2,6,4,8,3,1
NA,"Cyanobacteriota","Cyanophyceae","Nostocales","Rivulariaceae","Rivularia","Rivularia sp. PCC 7116","Rivularia sp. PCC 7116",2174,7,2,1,4,6,NA,1,1
NA,"Bacteroidota","Flavobacteriia","Flavobacteriales","Flavobacteriaceae","Robiginitalea","Robiginitalea biformata","Robiginitalea biformata",2175,11,10,6,14,8,4,4,5
NA,"Pseudomonadota","Betaproteobacteria","Burkholderiales","Sphaerotilaceae","Roseateles","g_Roseateles","Roseateles",2176,NA,2,NA,NA,NA,NA,NA,NA
NA,"Pseudomonadota","Betaproteobacteria","Burkholderiales","Sphaerotilaceae","Roseateles","Roseateles depolymerans","Roseateles depolymerans",2177,4,12,7,11,1,1,4,3
NA,"Bacillota","Clostridia","Lachnospirales","Lachnospiraceae","Roseburia","Roseburia hominis","Roseburia hominis",2178,159,241,198,286,583,1393,1602,1454
NA,"Pseudomonadota","Alphaproteobacteria","Rhodobacterales","Roseobacteraceae","Roseicyclus","Roseicyclus elongatus","Roseicyclus elongatus",2179,3,7,3,NA,1,2,NA,2
NA,"Chloroflexota","Chloroflexia","Chloroflexales","Roseiflexaceae","Roseiflexus","Roseiflexus castenholzii","Roseiflexus castenholzii",2180,1,2,4,3,5,3,4,2
NA,"Chloroflexota","Chloroflexia","Chloroflexales","Roseiflexaceae","Roseiflexus","Roseiflexus sp. RS-1","Roseiflexus sp. RS-1",2181,3,2,3,3,1,4,1,6
NA,"Pseudomonadota","Alphaproteobacteria","Rhodobacterales","Roseobacteraceae","Roseobacter","g_Roseobacter","Roseobacter",2182,NA,NA,1,NA,NA,NA,1,NA
NA,"Pseudomonadota","Alphaproteobacteria","Rhodobacterales","Roseobacteraceae","Roseobacter","Roseobacter denitrificans","Roseobacter denitrificans",2183,3,3,NA,3,NA,1,2,1
NA,"Pseudomonadota","Alphaproteobacteria","Rhodobacterales","Roseobacteraceae","Roseobacter","Roseobacter litoralis","Roseobacter litoralis",2184,4,4,2,5,NA,1,NA,1
NA,"Actinomycetota","Actinomycetes","Micrococcales","Micrococcaceae","Rothia","Rothia dentocariosa","Rothia dentocariosa",2185,2,1,2,1,1,1,1,3
NA,"Actinomycetota","Actinomycetes","Micrococcales","Micrococcaceae","Rothia","Rothia mucilaginosa","Rothia mucilaginosa",2186,5,5,7,5,3,2,2,2
NA,"Planctomycetota","Planctomycetia","Planctomycetales","Planctomycetaceae","Rubinisphaera","Rubinisphaera brasiliensis","Rubinisphaera brasiliensis",2187,NA,NA,NA,1,3,2,1,3
NA,"Pseudomonadota","Betaproteobacteria","Burkholderiales","Sphaerotilaceae","Rubrivivax","Rubrivivax gelatinosus","Rubrivivax gelatinosus",2188,7,6,6,14,3,4,4,4
NA,"Actinomycetota","Rubrobacteria","Rubrobacterales","Rubrobacteraceae","Rubrobacter","Rubrobacter radiotolerans","Rubrobacter radiotolerans",2189,1,NA,3,3,NA,1,1,1
NA,"Actinomycetota","Rubrobacteria","Rubrobacterales","Rubrobacteraceae","Rubrobacter","Rubrobacter xylanophilus","Rubrobacter xylanophilus",2190,2,5,4,6,NA,1,1,3
NA,"Pseudomonadota","Alphaproteobacteria","Rhodobacterales","Roseobacteraceae","Ruegeria","g_Ruegeria","Ruegeria",2191,NA,2,1,NA,NA,NA,1,NA
NA,"Pseudomonadota","Alphaproteobacteria","Rhodobacterales","Paracoccaceae","Tritonibacter","Tritonibacter mobilis","Tritonibacter mobilis",2192,4,2,1,3,1,2,3,3
NA,"Pseudomonadota","Alphaproteobacteria","Rhodobacterales","Roseobacteraceae","Ruegeria","Ruegeria pomeroyi","Ruegeria pomeroyi",2193,3,5,8,5,2,3,4,3
NA,"Pseudomonadota","Alphaproteobacteria","Rhodobacterales","Roseobacteraceae","Ruegeria","Ruegeria sp. TM1040","Ruegeria sp. TM1040",2194,3,2,1,1,NA,1,4,2
NA,"Bacteroidota","Cytophagia","Cytophagales","Hymenobacteraceae","Rufibacter","Rufibacter sp. DG15C","Rufibacter sp. DG15C",2195,12,5,8,9,13,4,2,9
NA,"Bacteroidota","Cytophagia","Cytophagales","Hymenobacteraceae","Rufibacter","Rufibacter radiotolerans","Rufibacter sp. DG31D",2196,10,4,5,4,5,4,4,2
NA,"Bacteroidota","Cytophagia","Cytophagales","Hymenobacteraceae","Rufibacter","Rufibacter tibetensis","Rufibacter tibetensis",2197,18,7,5,14,9,6,3,4
NA,"Bacillota","Clostridia","Eubacteriales","Oscillospiraceae","Ruminiclostridium","g_Ruminiclostridium","Ruminiclostridium",2198,NA,1,NA,NA,NA,NA,NA,NA
NA,"Bacillota","Clostridia","Eubacteriales","Oscillospiraceae","f_Oscillospiraceae","Hungateiclostridiaceae bacterium KB18","Ruminiclostridium sp. KB18",2199,50,78,72,120,30,36,26,60
NA,"Bacillota","Clostridia","Eubacteriales","Oscillospiraceae","Acetivibrio","Acetivibrio thermocellus","Acetivibrio thermocellus",2200,3,5,3,2,4,11,10,12
NA,"Bacillota","Clostridia","Eubacteriales","Oscillospiraceae","Ruminococcus","Ruminococcus albus","Ruminococcus albus",2201,30,46,34,48,19,25,19,33
NA,"Bacillota","Clostridia","Eubacteriales","Oscillospiraceae","Ruminococcus","Ruminococcus bicirculans (ex Wegman et al. 2014)","Ruminococcus bicirculans (ex Liu et al. 2021)
 
 
 <species>
 
",2202,35,50,46,60,30,47,55,51
NA,"Bacillota","Bacilli","Bacillales","Caryophanaceae","Rummeliibacillus","Rummeliibacillus stabekisii","Rummeliibacillus stabekisii",2203,1,2,1,5,4,6,1,1
NA,"Bacteroidota","Cytophagia","Cytophagales","Spirosomataceae","Runella","Runella slithyformis","Runella slithyformis",2204,5,2,5,10,8,4,7,3
NA,"Actinomycetota","Actinomycetes","Pseudonocardiales","Pseudonocardiaceae","Saccharomonospora","Saccharomonospora viridis","Saccharomonospora viridis",2205,1,3,4,NA,2,1,3,NA
NA,"Pseudomonadota","Gammaproteobacteria","Cellvibrionales","Cellvibrionaceae","Saccharophagus","Saccharophagus degradans","Saccharophagus degradans",2206,2,3,2,5,1,1,1,2
NA,"Actinomycetota","Actinomycetes","Pseudonocardiales","Pseudonocardiaceae","Saccharopolyspora","Saccharopolyspora erythraea","Saccharopolyspora erythraea",2207,4,4,8,6,2,1,1,5
NA,"Actinomycetota","Actinomycetes","Pseudonocardiales","Pseudonocardiaceae","Saccharothrix","Saccharothrix espanaensis","Saccharothrix espanaensis",2208,2,6,7,8,3,1,3,3
NA,"Uroviricota","Caudoviricetes","c_Caudoviricetes","c_Caudoviricetes","c_Caudoviricetes","Salicola phage CGphi29","Salicola phage CGphi29",2209,NA,NA,NA,NA,NA,NA,1,NA
NA,"Bacillota","Bacilli","Bacillales","Bacillaceae","Salimicrobium","Salimicrobium jeotgali","Salimicrobium jeotgali",2210,NA,NA,NA,4,1,5,6,2
NA,"Methanobacteriota","Halobacteria","Halobacteriales","Natronoarchaeaceae","Salinarchaeum","Salinarchaeum sp. Harcht-Bsk1","Salinarchaeum sp. Harcht-Bsk1",2211,NA,NA,2,1,4,1,2,1
NA,"Rhodothermota","Rhodothermia","Rhodothermales","Salinibacteraceae","Salinibacter","Salinibacter ruber","Salinibacter ruber",2212,5,3,3,5,2,3,2,4
NA,"Bacillota","Bacilli","Bacillales","Staphylococcaceae","Salinicoccus","Salinicoccus halodurans","Salinicoccus halodurans",2213,NA,3,3,2,3,1,3,1
NA,"Spirochaetota","Spirochaetia","Spirochaetales","Spirochaetaceae","Salinispira","Salinispira pacifica","Salinispira pacifica",2214,3,5,5,6,1,7,1,4
NA,"Actinomycetota","Actinomycetes","Micromonosporales","Micromonosporaceae","Salinispora","Salinispora arenicola","Salinispora arenicola",2215,1,4,5,7,2,NA,2,3
NA,"Actinomycetota","Actinomycetes","Micromonosporales","Micromonosporaceae","Salinispora","Salinispora tropica","Salinispora tropica",2216,1,1,1,3,1,1,2,3
NA,"Pseudomonadota","Gammaproteobacteria","Enterobacterales","Enterobacteriaceae","Salmonella","Salmonella bongori","Salmonella bongori",2217,3,3,NA,1,1,2,2,4
NA,"Pseudomonadota","Gammaproteobacteria","Enterobacterales","Enterobacteriaceae","Salmonella","Salmonella enterica","Salmonella enterica",2218,4,13,8,7,22,28,50,37
NA,"Uroviricota","Caudoviricetes","c_Caudoviricetes","Schitoviridae","Ithacavirus","Ithacavirus SP058","Salmonella phage FSL SP-058",2219,NA,NA,NA,1,NA,NA,NA,NA
NA,"Uroviricota","Caudoviricetes","c_Caudoviricetes","Schitoviridae","Ithacavirus","Ithacavirus SP076","Salmonella phage FSL SP-076",2220,NA,NA,NA,1,NA,NA,NA,NA
NA,"Uroviricota","Caudoviricetes","c_Caudoviricetes","Casjensviridae","Chivirus","Chivirus FSLSP088","Salmonella phage FSLSP088",2221,1,1,1,NA,2,NA,NA,NA
NA,"Uroviricota","Caudoviricetes","c_Caudoviricetes","c_Caudoviricetes","Punavirus","Punavirus SJ46","Salmonella phage SJ46",2222,NA,NA,NA,NA,NA,4,7,3
NA,"Uroviricota","Caudoviricetes","c_Caudoviricetes","c_Caudoviricetes","c_Caudoviricetes","Salmonella phage SSU5","Salmonella phage SSU5",2223,NA,NA,NA,NA,1,NA,NA,NA
NA,"Myxococcota","p_Myxococcota","Polyangiales","Sandaracinaceae","Sandaracinus","Sandaracinus amylolyticus","Sandaracinus amylolyticus",2224,3,4,5,4,3,5,4,2
NA,"Actinomycetota","Actinomycetes","Micrococcales","Sanguibacteraceae","Sanguibacter","g_Sanguibacter","Sanguibacter",2225,1,NA,NA,NA,1,NA,NA,NA
NA,"Actinomycetota","Actinomycetes","Micrococcales","Sanguibacteraceae","Sanguibacter","Sanguibacter keddieii","Sanguibacter keddieii",2226,1,2,7,3,NA,6,NA,2
NA,"Bacteroidota","Saprospiria","Saprospirales","Saprospiraceae","Saprospira","Saprospira grandis","Saprospira grandis",2227,2,2,2,NA,2,3,NA,3
NA,"Actinomycetota","Actinomycetes","Bifidobacteriales","Bifidobacteriaceae","Scardovia","Scardovia inopinata","Scardovia inopinata",2228,1,5,2,4,NA,4,2,2
NA,"Fusobacteriota","Fusobacteriia","Fusobacteriales","Leptotrichiaceae","Sebaldella","Sebaldella termitidis","Sebaldella termitidis",2229,4,5,1,3,5,3,6,3
NA,"Pseudomonadota","Gammaproteobacteria","Enterobacterales","Enterobacteriaceae","f_Enterobacteriaceae","secondary endosymbiont of Ctenarytaina eucalypti","secondary endosymbiont of Ctenarytaina eucalypti",2230,NA,NA,NA,NA,1,NA,NA,1
NA,"Pseudomonadota","Gammaproteobacteria","Enterobacterales","Enterobacteriaceae","f_Enterobacteriaceae","secondary endosymbiont of Heteropsylla cubana","secondary endosymbiont of Heteropsylla cubana",2231,NA,1,NA,NA,NA,NA,1,NA
NA,"Pseudomonadota","Gammaproteobacteria","Chromatiales","Sedimenticolaceae","Sedimenticola","Sedimenticola thiotaurini","Sedimenticola thiotaurini",2232,3,5,3,4,2,3,1,5
NA,"Bacteroidota","Flavobacteriia","Flavobacteriales","Flavobacteriaceae","Sediminicola","Sediminicola sp. YIK13","Sediminicola sp. YIK13",2233,6,1,4,1,6,2,1,3
NA,"Spirochaetota","Spirochaetia","Spirochaetales","Spirochaetaceae","Sediminispirochaeta","Sediminispirochaeta smaragdinae","Sediminispirochaeta smaragdinae",2234,4,3,4,5,1,5,4,2
NA,"Actinomycetota","Actinomycetes","Mycobacteriales","Segniliparaceae","Segniliparus","Segniliparus rotundus","Segniliparus rotundus",2235,NA,1,3,NA,1,NA,NA,1
NA,"Bacillota","Negativicutes","Selenomonadales","Selenomonadaceae","Selenomonas","Selenomonas ruminantium","Selenomonas ruminantium",2236,14,16,10,15,14,10,9,14
NA,"Bacillota","Negativicutes","Selenomonadales","Selenomonadaceae","Selenomonas","Selenomonas sp. oral taxon 136","Selenomonas sp. oral taxon 136",2237,8,3,11,15,4,3,2,4
NA,"Bacillota","Negativicutes","Selenomonadales","Selenomonadaceae","Selenomonas","Selenomonas sp. oral taxon 478","Selenomonas sp. oral taxon 478",2238,5,7,8,14,4,3,2,4
NA,"Bacillota","Negativicutes","Selenomonadales","Selenomonadaceae","Selenomonas","Selenomonas sp. oral taxon 920","Selenomonas sp. oral taxon 920",2239,2,6,5,9,4,1,5,5
NA,"Bacillota","Negativicutes","Selenomonadales","Selenomonadaceae","Selenomonas","Selenomonas sputigena","Selenomonas sputigena",2240,4,12,7,13,6,5,6,11
NA,"Actinomycetota","Actinomycetes","Micrococcales","Ornithinimicrobiaceae","Serinicoccus","g_Serinicoccus","Serinicoccus",2241,NA,NA,1,NA,NA,NA,NA,NA
NA,"Actinomycetota","Actinomycetes","Micrococcales","Ornithinimicrobiaceae","Serinicoccus","Serinicoccus hydrothermalis","Serinicoccus sp. JLT9",2242,2,7,6,2,1,NA,1,3
NA,"Pseudomonadota","Gammaproteobacteria","Enterobacterales","Yersiniaceae","Serratia","g_Serratia","Serratia
 
 <beetles>
 
",2243,NA,2,3,1,NA,NA,1,NA
NA,"Pseudomonadota","Gammaproteobacteria","Enterobacterales","Yersiniaceae","Serratia","Serratia fonticola","Serratia fonticola",2244,5,5,7,3,7,3,4,2
NA,"Pseudomonadota","Gammaproteobacteria","Enterobacterales","Yersiniaceae","Serratia","Serratia liquefaciens","Serratia liquefaciens",2245,3,NA,1,4,2,1,2,4
NA,"Pseudomonadota","Gammaproteobacteria","Enterobacterales","Yersiniaceae","Serratia","Serratia marcescens","Serratia marcescens",2246,14,13,25,26,13,14,16,18
NA,"Pseudomonadota","Gammaproteobacteria","Enterobacterales","Yersiniaceae","Serratia","Serratia plymuthica","Serratia plymuthica",2247,4,4,4,6,6,8,7,6
NA,"Pseudomonadota","Gammaproteobacteria","Enterobacterales","Yersiniaceae","Serratia","Serratia proteamaculans","Serratia proteamaculans",2248,5,4,6,3,2,1,2,4
NA,"Pseudomonadota","Gammaproteobacteria","Enterobacterales","Yersiniaceae","Serratia","Serratia rubidaea","Serratia rubidaea",2249,2,5,4,5,4,4,4,4
NA,"Pseudomonadota","Gammaproteobacteria","Enterobacterales","Yersiniaceae","Serratia","Serratia sp. AS12","Serratia sp. AS12",2250,1,1,2,1,4,3,4,3
NA,"Pseudomonadota","Gammaproteobacteria","Enterobacterales","Yersiniaceae","Serratia","Serratia sp. AS13","Serratia sp. AS13",2251,1,1,2,1,4,3,4,3
NA,"Pseudomonadota","Gammaproteobacteria","Enterobacterales","Yersiniaceae","Serratia","Serratia sp. FS14","Serratia sp. FS14",2252,3,5,4,12,4,10,2,8
NA,"Pseudomonadota","Gammaproteobacteria","Enterobacterales","Yersiniaceae","Serratia","Serratia sp. SCBI","Serratia sp. SCBI",2253,1,2,8,5,4,5,3,3
NA,"Pseudomonadota","Gammaproteobacteria","Enterobacterales","Yersiniaceae","Serratia","Serratia surfactantfaciens","Serratia sp. YD25",2254,2,1,3,3,2,2,1,5
NA,"Pseudomonadota","Gammaproteobacteria","Alteromonadales","Shewanellaceae","Shewanella","Shewanella amazonensis","Shewanella amazonensis",2255,4,1,NA,4,4,3,4,1
NA,"Pseudomonadota","Gammaproteobacteria","Alteromonadales","Shewanellaceae","Shewanella","Shewanella baltica","Shewanella baltica",2256,4,4,4,4,6,4,1,4
NA,"Pseudomonadota","Gammaproteobacteria","Alteromonadales","Shewanellaceae","Shewanella","Shewanella denitrificans","Shewanella denitrificans",2257,NA,NA,1,1,1,NA,NA,1
NA,"Pseudomonadota","Gammaproteobacteria","Alteromonadales","Shewanellaceae","Shewanella","Shewanella frigidimarina","Shewanella frigidimarina",2258,NA,3,NA,NA,2,NA,2,3
NA,"Pseudomonadota","Gammaproteobacteria","Alteromonadales","Shewanellaceae","Shewanella","Shewanella halifaxensis","Shewanella halifaxensis",2259,2,2,2,1,2,NA,2,NA
NA,"Pseudomonadota","Gammaproteobacteria","Alteromonadales","Shewanellaceae","Shewanella","Shewanella loihica","Shewanella loihica",2260,5,6,5,4,9,1,3,6
NA,"Pseudomonadota","Gammaproteobacteria","Alteromonadales","Shewanellaceae","Shewanella","Shewanella oneidensis","Shewanella oneidensis",2261,NA,NA,NA,1,4,2,1,1
NA,"Pseudomonadota","Gammaproteobacteria","Alteromonadales","Shewanellaceae","Shewanella","Shewanella pealeana","Shewanella pealeana",2262,2,2,1,2,5,1,2,2
NA,"Pseudomonadota","Gammaproteobacteria","Alteromonadales","Shewanellaceae","Shewanella","Shewanella piezotolerans","Shewanella piezotolerans",2263,2,NA,3,NA,1,4,1,1
NA,"Pseudomonadota","Gammaproteobacteria","Alteromonadales","Shewanellaceae","Shewanella","Shewanella putrefaciens","Shewanella putrefaciens",2264,1,2,1,NA,1,NA,2,1
NA,"Pseudomonadota","Gammaproteobacteria","Alteromonadales","Shewanellaceae","Shewanella","Shewanella sediminis","Shewanella sediminis",2265,1,4,3,NA,2,1,2,4
NA,"Pseudomonadota","Gammaproteobacteria","Alteromonadales","Shewanellaceae","Shewanella","Shewanella sp. ANA-3","Shewanella sp. ANA-3",2266,NA,2,3,1,2,2,1,NA
NA,"Pseudomonadota","Gammaproteobacteria","Alteromonadales","Shewanellaceae","Shewanella","Shewanella sp. MR-4","Shewanella sp. MR-4",2267,3,NA,2,2,6,NA,1,2
NA,"Pseudomonadota","Gammaproteobacteria","Alteromonadales","Shewanellaceae","Shewanella","Shewanella sp. MR-7","Shewanella sp. MR-7",2268,3,1,1,NA,3,1,2,1
NA,"Pseudomonadota","Gammaproteobacteria","Alteromonadales","Shewanellaceae","Shewanella","Shewanella sp. W3-18-1","Shewanella sp. W3-18-1",2269,1,1,NA,NA,1,NA,NA,1
NA,"Pseudomonadota","Gammaproteobacteria","Alteromonadales","Shewanellaceae","Shewanella","Shewanella violacea","Shewanella violacea",2270,NA,4,1,4,2,NA,5,3
NA,"Pseudomonadota","Gammaproteobacteria","Alteromonadales","Shewanellaceae","Shewanella","Shewanella woodyi","Shewanella woodyi",2271,1,NA,1,1,2,2,3,1
NA,"Pseudomonadota","Gammaproteobacteria","Enterobacterales","Enterobacteriaceae","Shigella","g_Shigella","Shigella",2272,NA,2,NA,NA,1,NA,NA,NA
NA,"Pseudomonadota","Gammaproteobacteria","Enterobacterales","Enterobacteriaceae","Shigella","Shigella boydii","Shigella boydii",2273,5,6,4,5,147,382,198,259
NA,"Pseudomonadota","Gammaproteobacteria","Enterobacterales","Enterobacteriaceae","Shigella","Shigella dysenteriae","Shigella dysenteriae",2274,3,6,3,2,194,484,217,293
NA,"Pseudomonadota","Gammaproteobacteria","Enterobacterales","Enterobacteriaceae","Shigella","Shigella flexneri","Shigella flexneri",2275,1,3,4,3,168,380,179,247
NA,"Uroviricota","Caudoviricetes","c_Caudoviricetes","c_Caudoviricetes","Diegovirus","Diegovirus dv7502Stx","Shigella phage 75/02 Stx",2276,NA,NA,NA,NA,2,12,6,4
NA,"Uroviricota","Caudoviricetes","c_Caudoviricetes","c_Caudoviricetes","Diegovirus","Diegovirus POCJ13","Shigella phage POCJ13",2277,NA,NA,NA,NA,1,4,NA,1
NA,"Uroviricota","Caudoviricetes","c_Caudoviricetes","c_Caudoviricetes","Lederbergvirus","Lederbergvirus Sf6","Shigella phage Sf6",2278,NA,NA,NA,NA,NA,1,NA,NA
NA,"Uroviricota","Caudoviricetes","c_Caudoviricetes","c_Caudoviricetes","Oslovirus","Oslovirus VASD","Shigella phage Ss-VASD",2279,NA,NA,NA,NA,1,7,2,3
NA,"Pseudomonadota","Gammaproteobacteria","Enterobacterales","Enterobacteriaceae","Shigella","Shigella sonnei","Shigella sonnei",2280,4,3,3,2,160,395,196,276
NA,"Pseudomonadota","Gammaproteobacteria","Enterobacterales","Enterobacteriaceae","Shigella","Shigella sp. PAMC 28760","Shigella sp. PAMC 28760",2281,3,6,4,4,216,488,205,311
NA,"Pseudomonadota","Gammaproteobacteria","Enterobacterales","Enterobacteriaceae","Shimwellia","Shimwellia blattae","Shimwellia blattae",2282,5,6,4,4,3,4,2,7
NA,"Pseudomonadota","Alphaproteobacteria","Hyphomicrobiales","Rhizobiaceae","Shinella","Shinella sp. HZN7","Shinella sp. HZN7",2283,6,8,13,5,1,7,3,5
NA,"Bacteroidota","Flavobacteriia","Flavobacteriales","Flavobacteriaceae","Siansivirga","Siansivirga zeaxanthinifaciens","Siansivirga zeaxanthinifaciens",2284,1,3,3,1,2,5,4,2
NA,"Pseudomonadota","Betaproteobacteria","Nitrosomonadales","Gallionellaceae","Sideroxydans","g_Sideroxydans","Sideroxydans",2285,NA,1,NA,NA,NA,NA,NA,NA
NA,"Pseudomonadota","Betaproteobacteria","Nitrosomonadales","Gallionellaceae","Sideroxydans","Sideroxydans lithotrophicus","Sideroxydans lithotrophicus",2286,2,2,5,5,5,3,1,2
NA,"Pseudomonadota","Gammaproteobacteria","Cellvibrionales","Cellvibrionaceae","Simiduia","Simiduia agarivorans","Simiduia agarivorans",2287,3,4,4,1,2,NA,NA,1
NA,"Chlamydiota","Chlamydiia","Parachlamydiales","Simkaniaceae","Simkania","Simkania negevensis","Simkania negevensis",2288,1,1,1,NA,1,NA,1,NA
NA,"Planctomycetota","Planctomycetia","Isosphaerales","Isosphaeraceae","Singulisphaera","Singulisphaera acidiphila","Singulisphaera acidiphila",2289,2,3,3,2,1,NA,2,3
NA,"Actinomycetota","Actinomycetes","Micrococcales","Micrococcaceae","Sinomonas","Sinomonas atrocyanea","Sinomonas atrocyanea",2290,1,3,3,3,2,NA,1,2
NA,"Pseudomonadota","Alphaproteobacteria","Hyphomicrobiales","Rhizobiaceae","Sinorhizobium","g_Sinorhizobium","Sinorhizobium",2291,NA,NA,1,NA,NA,NA,NA,NA
NA,"Pseudomonadota","Alphaproteobacteria","Hyphomicrobiales","Rhizobiaceae","Sinorhizobium","Sinorhizobium fredii","Sinorhizobium fredii",2292,3,4,2,8,4,1,1,4
NA,"Pseudomonadota","Alphaproteobacteria","Hyphomicrobiales","Rhizobiaceae","Sinorhizobium","Sinorhizobium medicae","Sinorhizobium medicae",2293,2,3,7,9,1,4,2,3
NA,"Pseudomonadota","Alphaproteobacteria","Hyphomicrobiales","Rhizobiaceae","Sinorhizobium","Sinorhizobium meliloti","Sinorhizobium meliloti",2294,4,7,7,8,8,2,4,6
NA,"Pseudomonadota","Alphaproteobacteria","Hyphomicrobiales","Rhizobiaceae","Sinorhizobium","Sinorhizobium sp. RAC02","Sinorhizobium sp. RAC02",2295,5,11,4,4,3,2,NA,4
NA,"Actinomycetota","Coriobacteriia","Eggerthellales","Eggerthellaceae","Slackia","Slackia heliotrinireducens","Slackia heliotrinireducens",2296,28,44,53,43,17,28,19,19
NA,"Fusobacteriota","Fusobacteriia","Fusobacteriales","Leptotrichiaceae","Sneathia","Sneathia vaginalis","Sneathia vaginalis",2297,2,NA,NA,NA,2,NA,3,4
NA,"Pseudomonadota","Betaproteobacteria","Neisseriales","Neisseriaceae","Snodgrassella","Snodgrassella alvi","Snodgrassella alvi",2298,4,NA,4,NA,2,NA,NA,3
NA,"Pseudomonadota","Gammaproteobacteria","Enterobacterales","Bruguierivoracaceae","Sodalis","g_Sodalis","Sodalis",2299,NA,NA,NA,1,NA,NA,NA,1
NA,"Pseudomonadota","Gammaproteobacteria","Enterobacterales","Bruguierivoracaceae","Sodalis","Sodalis glossinidius","Sodalis glossinidius",2300,4,1,1,2,5,1,NA,2
NA,"Pseudomonadota","Gammaproteobacteria","Enterobacterales","Bruguierivoracaceae","Sodalis","Sodalis praecaptivus","Sodalis praecaptivus",2301,4,1,4,3,4,3,3,4
NA,"Bacillota","Bacilli","Bacillales","Caryophanaceae","Solibacillus","Solibacillus silvestris","Solibacillus silvestris",2302,4,3,NA,6,7,4,9,4
NA,"Bacteroidota","Sphingobacteriia","Sphingobacteriales","Sphingobacteriaceae","Solitalea","Solitalea canadensis","Solitalea canadensis",2303,13,9,7,9,5,5,3,4
NA,"Myxococcota","p_Myxococcota","Polyangiales","Polyangiaceae","Sorangium","Sorangium cellulosum","Sorangium cellulosum",2304,7,6,14,9,10,4,5,2
NA,"Cossaviricota","Papovaviricetes","Zurhausenvirales","Papillomaviridae","Alefpapillomavirus","Alefpapillomavirus 1","Sparus aurata papillomavirus 1",2305,1,NA,NA,NA,NA,NA,NA,NA
NA,"Thermomicrobiota","Thermomicrobia","Sphaerobacterales","Sphaerobacteraceae","Sphaerobacter","Sphaerobacter thermophilus","Sphaerobacter thermophilus",2306,3,4,4,5,2,4,2,5
NA,"Spirochaetota","Spirochaetia","Spirochaetales","Sphaerochaetaceae","Parasphaerochaeta","Parasphaerochaeta coccoides","Parasphaerochaeta coccoides",2307,7,5,4,1,NA,NA,2,2
NA,"Spirochaetota","Spirochaetia","Spirochaetales","Sphaerochaetaceae","Sphaerochaeta","Sphaerochaeta globosa","Sphaerochaeta globosa",2308,3,2,4,6,4,4,NA,8
NA,"Spirochaetota","Spirochaetia","Spirochaetales","Sphaerochaetaceae","Sphaerochaeta","Sphaerochaeta pleomorpha","Sphaerochaeta pleomorpha",2309,4,1,NA,5,4,1,2,3
NA,"Bacteroidota","Sphingobacteriia","Sphingobacteriales","Sphingobacteriaceae","Sphingobacterium","Sphingobacterium sp. 21","Sphingobacterium sp. 21",2310,14,7,2,7,9,6,4,4
NA,"Bacteroidota","Sphingobacteriia","Sphingobacteriales","Sphingobacteriaceae","Sphingobacterium","Sphingobacterium sp. ML3W","Sphingobacterium sp. ML3W",2311,8,3,5,5,7,3,3,3
NA,"Pseudomonadota","Alphaproteobacteria","Sphingomonadales","Sphingobiaceae","Sphingobium","Sphingobium baderi","Sphingobium baderi",2312,4,2,3,4,5,2,NA,2
NA,"Pseudomonadota","Alphaproteobacteria","Sphingomonadales","Sphingobiaceae","Sphingobium","Sphingobium chlorophenolicum","Sphingobium chlorophenolicum",2313,6,3,3,2,5,1,1,2
NA,"Pseudomonadota","Alphaproteobacteria","Sphingomonadales","Sphingobiaceae","Sphingobium","Sphingobium indicum","Sphingobium indicum",2314,1,4,4,4,1,1,1,1
NA,"Pseudomonadota","Alphaproteobacteria","Sphingomonadales","Sphingobiaceae","Sphingobium","Sphingobium sp. EP60837","Sphingobium sp. EP60837",2315,2,1,2,1,NA,1,NA,NA
NA,"Pseudomonadota","Alphaproteobacteria","Sphingomonadales","Sphingobiaceae","Sphingobium","Sphingobium sp. MI1205","Sphingobium sp. MI1205",2316,2,1,4,1,3,1,3,NA
NA,"Pseudomonadota","Alphaproteobacteria","Sphingomonadales","Sphingobiaceae","Sphingobium","Sphingobium sp. RAC03","Sphingobium sp. RAC03",2317,4,3,3,4,1,NA,4,4
NA,"Pseudomonadota","Alphaproteobacteria","Sphingomonadales","Sphingobiaceae","Sphingobium","Sphingobium sp. SYK-6","Sphingobium sp. SYK-6",2318,5,5,5,2,NA,1,1,3
NA,"Pseudomonadota","Alphaproteobacteria","Sphingomonadales","Sphingobiaceae","Sphingobium","Sphingobium sp. TKS","Sphingobium sp. TKS",2319,3,2,NA,3,2,1,1,1
NA,"Pseudomonadota","Alphaproteobacteria","Sphingomonadales","Sphingobiaceae","Sphingobium","Sphingobium sp. YBL2","Sphingobium sp. YBL2",2320,2,6,3,3,2,1,5,3
NA,"Pseudomonadota","Alphaproteobacteria","Sphingomonadales","Sphingomonadaceae","f_Sphingomonadaceae","f_Sphingomonadaceae","Sphingomonadaceae",2321,NA,2,NA,1,NA,NA,NA,NA
NA,"Pseudomonadota","Alphaproteobacteria","Sphingomonadales","Sphingomonadaceae","Sphingomonas","g_Sphingomonas","Sphingomonas",2322,1,NA,NA,1,NA,NA,NA,NA
NA,"Pseudomonadota","Alphaproteobacteria","Sphingomonadales","Sphingomonadaceae","Sphingomonas","Sphingomonas hengshuiensis","Sphingomonas hengshuiensis",2323,NA,3,3,1,1,NA,2,1
NA,"Pseudomonadota","Alphaproteobacteria","Sphingomonadales","Sphingomonadaceae","Sphingomonas","Sphingomonas melonis","Sphingomonas melonis",2324,6,5,3,2,2,1,3,3
NA,"Pseudomonadota","Alphaproteobacteria","Sphingomonadales","Sphingomonadaceae","Sphingomonas","Sphingomonas panacis","Sphingomonas panacis",2325,2,2,NA,1,2,NA,2,3
NA,"Pseudomonadota","Alphaproteobacteria","Sphingomonadales","Sphingomonadaceae","Sphingomonas","Sphingomonas sanxanigenens","Sphingomonas sanxanigenens",2326,5,5,9,8,4,1,1,2
NA,"Pseudomonadota","Alphaproteobacteria","Sphingomonadales","Sphingomonadaceae","Sphingomonas","Sphingomonas sp. MM-1","Sphingomonas sp. MM-1",2327,4,1,3,8,NA,NA,3,2
NA,"Pseudomonadota","Gammaproteobacteria","Lysobacterales","Lysobacteraceae","Stenotrophomonas","Stenotrophomonas geniculata","Sphingomonas sp. NIC1",2328,2,3,3,1,3,NA,4,1
NA,"Pseudomonadota","Alphaproteobacteria","Sphingomonadales","Sphingomonadaceae","Sphingomonas","Sphingomonas taxi","Sphingomonas taxi",2329,3,1,6,4,2,NA,NA,2
NA,"Pseudomonadota","Alphaproteobacteria","Sphingomonadales","Rhizorhabdaceae","Rhizorhabdus","Rhizorhabdus wittichii","Rhizorhabdus wittichii",2330,4,1,2,2,NA,2,3,2
NA,"Pseudomonadota","Alphaproteobacteria","Sphingomonadales","Sphingopyxidaceae","Sphingopyxis","g_Sphingopyxis","Sphingopyxis",2331,NA,NA,NA,NA,NA,1,NA,NA
NA,"Pseudomonadota","Alphaproteobacteria","Sphingomonadales","Sphingopyxidaceae","Sphingopyxis","Sphingopyxis alaskensis","Sphingopyxis alaskensis",2332,1,1,2,2,1,1,1,NA
NA,"Pseudomonadota","Alphaproteobacteria","Sphingomonadales","Sphingopyxidaceae","Sphingopyxis","Sphingopyxis fribergensis","Sphingopyxis fribergensis",2333,1,NA,3,NA,1,NA,1,4
NA,"Pseudomonadota","Alphaproteobacteria","Sphingomonadales","Sphingopyxidaceae","Sphingopyxis","Sphingopyxis granuli","Sphingopyxis granuli",2334,4,2,2,5,2,NA,3,NA
NA,"Pseudomonadota","Alphaproteobacteria","Sphingomonadales","Sphingopyxidaceae","Sphingopyxis","Sphingopyxis macrogoltabida","Sphingopyxis macrogoltabida",2335,4,6,4,6,2,1,3,2
NA,"Pseudomonadota","Alphaproteobacteria","Sphingomonadales","Sphingopyxidaceae","Sphingopyxis","Sphingopyxis sp. 113P3","Sphingopyxis sp. 113P3",2336,5,2,3,6,4,3,NA,3
NA,"Pseudomonadota","Alphaproteobacteria","Sphingomonadales","Sphingopyxidaceae","Sphingopyxis","Sphingopyxis terrae","Sphingopyxis terrae",2337,NA,2,2,NA,1,1,NA,1
NA,"Pseudomonadota","Alphaproteobacteria","Sphingomonadales","Sphingorhabdaceae","Sphingorhabdus","Sphingorhabdus sp. M41","Sphingorhabdus sp. M41",2338,1,2,4,2,3,2,1,3
NA,"Pseudomonadota","Gammaproteobacteria","Chromatiales","Ectothiorhodospiraceae","Spiribacter","Spiribacter salinus","Spiribacter salinus",2339,3,2,1,1,1,NA,NA,NA
NA,"Pseudomonadota","Gammaproteobacteria","Chromatiales","Ectothiorhodospiraceae","Spiribacter","Spiribacter curvatus","Spiribacter sp. UAH-SP71",2340,1,3,4,4,1,NA,NA,3
NA,"Spirochaetota","Spirochaetia","Spirochaetales","Spirochaetaceae","Spirochaeta","Spirochaeta africana","Spirochaeta africana",2341,5,4,2,3,1,2,5,1
NA,"Spirochaetota","Spirochaetia","Winmispirales","Winmispiraceae","Winmispira","Winmispira thermophila","Winmispira thermophila",2342,3,1,3,3,NA,2,1,1
NA,"Mycoplasmatota","Mollicutes","Entomoplasmatales","Spiroplasmataceae","Spiroplasma","Spiroplasma apis","Spiroplasma apis",2343,NA,NA,NA,NA,1,1,NA,NA
NA,"Mycoplasmatota","Mollicutes","Entomoplasmatales","Spiroplasmataceae","Spiroplasma","Spiroplasma mirum","Spiroplasma mirum",2344,1,2,5,3,3,2,NA,6
NA,"Mycoplasmatota","Mollicutes","Entomoplasmatales","Spiroplasmataceae","Spiroplasma","Spiroplasma cantharicola","Spiroplasma cantharicola",2345,NA,1,NA,1,1,2,3,NA
NA,"Mycoplasmatota","Mollicutes","Entomoplasmatales","Spiroplasmataceae","Spiroplasma","Spiroplasma chrysopicola","Spiroplasma chrysopicola",2346,4,3,2,3,5,NA,1,3
NA,"Mycoplasmatota","Mollicutes","Entomoplasmatales","Spiroplasmataceae","Spiroplasma","Spiroplasma culicicola","Spiroplasma culicicola",2347,NA,NA,NA,NA,NA,2,2,NA
NA,"Mycoplasmatota","Mollicutes","Entomoplasmatales","Spiroplasmataceae","Spiroplasma","Spiroplasma diminutum","Spiroplasma diminutum",2348,NA,2,NA,NA,NA,2,1,2
NA,"Mycoplasmatota","Mollicutes","Entomoplasmatales","Spiroplasmataceae","Spiroplasma","Spiroplasma eriocheiris","Spiroplasma eriocheiris",2349,1,2,5,4,4,2,2,6
NA,"Mycoplasmatota","Mollicutes","Entomoplasmatales","Spiroplasmataceae","Spiroplasma","Spiroplasma helicoides","Spiroplasma helicoides",2350,2,1,NA,1,3,1,2,1
NA,"Mycoplasmatota","Mollicutes","Entomoplasmatales","Spiroplasmataceae","Spiroplasma","Spiroplasma kunkelii","Spiroplasma kunkelii",2351,NA,2,3,3,1,1,2,6
NA,"Mycoplasmatota","Mollicutes","Entomoplasmatales","Spiroplasmataceae","Spiroplasma","Spiroplasma mirum","Spiroplasma mirum",2352,1,2,5,3,3,2,NA,6
NA,"Mycoplasmatota","Mollicutes","Entomoplasmatales","Spiroplasmataceae","Spiroplasma","Spiroplasma sabaudiense","Spiroplasma sabaudiense",2353,NA,NA,1,NA,1,NA,NA,1
NA,"Mycoplasmatota","Mollicutes","Entomoplasmatales","Spiroplasmataceae","Spiroplasma","Spiroplasma sp. TU-14","Spiroplasma sp. TU-14",2354,2,2,2,3,1,3,NA,4
NA,"Mycoplasmatota","Mollicutes","Entomoplasmatales","Spiroplasmataceae","Spiroplasma","Spiroplasma syrphidicola","Spiroplasma syrphidicola",2355,2,2,2,3,NA,1,2,3
NA,"Mycoplasmatota","Mollicutes","Entomoplasmatales","Spiroplasmataceae","Spiroplasma","Spiroplasma taiwanense","Spiroplasma taiwanense",2356,NA,1,NA,NA,NA,2,2,1
NA,"Bacteroidota","Cytophagia","Cytophagales","Cytophagaceae","Spirosoma","Spirosoma radiotolerans","Spirosoma radiotolerans",2357,7,10,6,6,5,NA,5,3
NA,"Unknown","Naldaviricetes","Lefavirales","Baculoviridae","Alphabaculovirus","Spodoptera exigua multiple nucleopolyhedrovirus","Spodoptera exigua multiple nucleopolyhedrovirus",2358,NA,NA,1,NA,NA,NA,NA,NA
NA,"Unknown","Naldaviricetes","Lefavirales","Baculoviridae","Alphabaculovirus","Alphabaculovirus spofrugiperdae","Spodoptera frugiperda multiple nucleopolyhedrovirus",2359,NA,NA,NA,NA,1,NA,NA,NA
NA,"Unknown","Naldaviricetes","Lefavirales","Baculoviridae","Alphabaculovirus","Alphabaculovirus spliturae","Spodoptera litura nucleopolyhedrovirus",2360,NA,1,NA,NA,NA,NA,NA,NA
NA,"Unknown","Naldaviricetes","Lefavirales","Baculoviridae","Alphabaculovirus","Spodoptera litura nucleopolyhedrovirus II","Spodoptera litura nucleopolyhedrovirus II",2361,NA,NA,NA,1,NA,NA,NA,NA
NA,"Pseudomonadota","Gammaproteobacteria","Cellvibrionales","Spongiibacteraceae","Spongiibacter","Spongiibacter sp. IMCC21906","Spongiibacter sp. IMCC21906",2362,1,2,4,2,3,NA,NA,NA
NA,"Bacillota","Bacilli","Bacillales","Caryophanaceae","Sporosarcina","Sporosarcina psychrophila","Sporosarcina psychrophila",2363,NA,NA,NA,NA,1,2,2,1
NA,"Actinomycetota","Actinomycetes","Glycomycetales","Glycomycetaceae","Stackebrandtia","Stackebrandtia nassauensis","Stackebrandtia nassauensis",2364,6,4,3,3,NA,1,2,1
NA,"Cyanobacteriota","Cyanophyceae","Pleurocapsales","Dermocarpellaceae","Stanieria","Stanieria cyanosphaera","Stanieria cyanosphaera",2365,2,1,NA,NA,5,3,1,4
NA,"Bacillota","Bacilli","Bacillales","Staphylococcaceae","Staphylococcus","Staphylococcus agnetis","Staphylococcus agnetis",2366,2,NA,1,NA,3,2,1,1
NA,"Bacillota","Bacilli","Bacillales","Staphylococcaceae","Staphylococcus","Staphylococcus argenteus","Staphylococcus argenteus",2367,NA,NA,2,1,NA,1,2,2
NA,"Bacillota","Bacilli","Bacillales","Staphylococcaceae","Staphylococcus","Staphylococcus aureus","Staphylococcus aureus",2368,4,2,NA,1,5,7,8,5
NA,"Bacillota","Bacilli","Bacillales","Staphylococcaceae","Staphylococcus","Staphylococcus capitis","Staphylococcus capitis",2369,2,2,1,2,NA,1,2,NA
NA,"Bacillota","Bacilli","Bacillales","Staphylococcaceae","Staphylococcus","Staphylococcus carnosus","Staphylococcus carnosus",2370,NA,2,2,NA,NA,NA,2,3
NA,"Bacillota","Bacilli","Bacillales","Staphylococcaceae","Staphylococcus","Staphylococcus condimenti","Staphylococcus condimenti",2371,NA,1,1,NA,1,2,2,2
NA,"Bacillota","Bacilli","Bacillales","Staphylococcaceae","Staphylococcus","Staphylococcus epidermidis","Staphylococcus epidermidis",2372,NA,NA,3,2,NA,3,4,1
NA,"Bacillota","Bacilli","Bacillales","Staphylococcaceae","Staphylococcus","Staphylococcus equorum","Staphylococcus equorum",2373,NA,1,NA,NA,1,3,7,3
NA,"Bacillota","Bacilli","Bacillales","Staphylococcaceae","Staphylococcus","Staphylococcus haemolyticus","Staphylococcus haemolyticus",2374,3,5,1,2,5,2,6,1
NA,"Bacillota","Bacilli","Bacillales","Staphylococcaceae","Staphylococcus","Staphylococcus hyicus","Staphylococcus hyicus",2375,NA,1,2,NA,NA,2,4,1
NA,"Bacillota","Bacilli","Bacillales","Staphylococcaceae","Staphylococcus","Staphylococcus lugdunensis","Staphylococcus lugdunensis",2376,1,NA,NA,NA,NA,1,2,NA
NA,"Bacillota","Bacilli","Bacillales","Staphylococcaceae","Staphylococcus","Staphylococcus pasteuri","Staphylococcus pasteuri",2377,1,1,1,1,4,3,1,4
NA,"Uroviricota","Caudoviricetes","c_Caudoviricetes","c_Caudoviricetes","Sextaecvirus","Sextaecvirus sextaec","Staphylococcus phage 6ec",2378,NA,NA,NA,NA,NA,NA,1,NA
NA,"Uroviricota","Caudoviricetes","c_Caudoviricetes","Herelleviridae","Sepunavirus","Sepunavirus IPLAC1C","Staphylococcus phage phiIPLA-C1C",2379,NA,NA,NA,NA,NA,NA,1,NA
NA,"Uroviricota","Caudoviricetes","c_Caudoviricetes","c_Caudoviricetes","Sextaecvirus","Sextaecvirus SEP9","Staphylococcus phage vB_SepS_SEP9",2380,NA,NA,NA,NA,NA,NA,1,1
NA,"Bacillota","Bacilli","Bacillales","Staphylococcaceae","Staphylococcus","Staphylococcus pseudintermedius","Staphylococcus pseudintermedius",2381,1,2,NA,1,NA,1,1,NA
NA,"Bacillota","Bacilli","Bacillales","Staphylococcaceae","Staphylococcus","Staphylococcus saprophyticus","Staphylococcus saprophyticus",2382,NA,NA,NA,NA,2,2,2,1
NA,"Bacillota","Bacilli","Bacillales","Staphylococcaceae","Staphylococcus","Staphylococcus schleiferi","Staphylococcus schleiferi",2383,1,2,1,2,NA,1,5,7
NA,"Bacillota","Bacilli","Bacillales","Staphylococcaceae","Staphylococcus","Staphylococcus simulans","Staphylococcus simulans",2384,4,1,1,3,7,NA,2,1
NA,"Bacillota","Bacilli","Bacillales","Staphylococcaceae","Staphylococcus","Staphylococcus sp. AntiMn-1","Staphylococcus sp. AntiMn-1",2385,NA,3,NA,1,NA,NA,5,1
NA,"Bacillota","Bacilli","Bacillales","Staphylococcaceae","Staphylococcus","Staphylococcus warneri","Staphylococcus warneri",2386,1,1,1,1,2,3,4,4
NA,"Bacillota","Bacilli","Bacillales","Staphylococcaceae","Staphylococcus","Staphylococcus xylosus","Staphylococcus xylosus",2387,NA,1,NA,2,NA,4,2,5
NA,"Thermoproteota","Thermoprotei","Desulfurococcales","Desulfurococcaceae","Staphylothermus","Staphylothermus hellenicus","Staphylothermus hellenicus",2388,NA,NA,NA,1,NA,1,NA,NA
NA,"Pseudomonadota","Alphaproteobacteria","Hyphomicrobiales","Xanthobacteraceae","Ancylobacter","Ancylobacter novellus","Ancylobacter novellus",2389,5,1,3,8,3,5,2,3
NA,"Pseudomonadota","Gammaproteobacteria","Lysobacterales","Lysobacteraceae","Stenotrophomonas","g_Stenotrophomonas","Stenotrophomonas",2390,NA,NA,NA,1,NA,NA,NA,1
NA,"Pseudomonadota","Gammaproteobacteria","Lysobacterales","Lysobacteraceae","Stenotrophomonas","Stenotrophomonas acidaminiphila","Stenotrophomonas acidaminiphila",2391,6,7,3,5,1,2,3,4
NA,"Pseudomonadota","Gammaproteobacteria","Lysobacterales","Lysobacteraceae","Stenotrophomonas","Stenotrophomonas maltophilia","Stenotrophomonas maltophilia",2392,20,27,17,11,9,9,9,14
NA,"Pseudomonadota","Gammaproteobacteria","Lysobacterales","Lysobacteraceae","Stenotrophomonas","Stenotrophomonas nitritireducens","Stenotrophomonas nitritireducens",2393,6,9,2,2,1,3,NA,3
NA,"Pseudomonadota","Gammaproteobacteria","Lysobacterales","Lysobacteraceae","Stenotrophomonas","Stenotrophomonas rhizophila","Stenotrophomonas rhizophila",2394,4,7,7,5,1,2,6,1
NA,"Pseudomonadota","Gammaproteobacteria","Lysobacterales","Lysobacteraceae","Stenotrophomonas","Stenotrophomonas sp. KCTC 12332","Stenotrophomonas sp. KCTC 12332",2395,4,8,4,1,NA,2,NA,3
NA,"Pseudomonadota","Gammaproteobacteria","Lysobacterales","Lysobacteraceae","Stenotrophomonas","Stenotrophomonas sp. LM091","Stenotrophomonas sp. LM091",2396,4,5,2,2,NA,4,5,4
NA,"Pseudomonadota","Gammaproteobacteria","Steroidobacterales","Steroidobacteraceae","Steroidobacter","Steroidobacter denitrificans","Steroidobacter denitrificans",2397,5,2,3,3,5,3,1,2
NA,"Myxococcota","Myxococcia","Myxococcales","Archangiaceae","Stigmatella","Stigmatella aurantiaca","Stigmatella aurantiaca",2398,4,6,9,7,1,1,1,6
NA,"Fusobacteriota","Fusobacteriia","Fusobacteriales","Leptotrichiaceae","Streptobacillus","Streptobacillus moniliformis","Streptobacillus moniliformis",2399,1,1,NA,1,2,2,7,2
NA,"Bacillota","Bacilli","Lactobacillales","Streptococcaceae","Streptococcus","Streptococcus agalactiae","Streptococcus agalactiae",2400,1,4,3,4,7,23,41,13
NA,"Bacillota","Bacilli","Lactobacillales","Streptococcaceae","Streptococcus","Streptococcus anginosus","Streptococcus anginosus",2401,13,35,19,19,14,20,27,31
NA,"Bacillota","Bacilli","Lactobacillales","Streptococcaceae","Streptococcus","Streptococcus constellatus","Streptococcus constellatus",2402,1,2,3,3,NA,4,9,4
NA,"Bacillota","Bacilli","Lactobacillales","Streptococcaceae","Streptococcus","Streptococcus cristatus","Streptococcus cristatus",2403,2,1,4,4,1,8,3,4
NA,"Bacillota","Bacilli","Lactobacillales","Streptococcaceae","Streptococcus","Streptococcus dysgalactiae","Streptococcus dysgalactiae",2404,3,NA,NA,1,3,1,3,NA
NA,"Bacillota","Bacilli","Lactobacillales","Streptococcaceae","Streptococcus","Streptococcus equi","Streptococcus equi",2405,1,NA,NA,5,4,6,4,7
NA,"Bacillota","Bacilli","Lactobacillales","Streptococcaceae","Streptococcus","Streptococcus gallolyticus","Streptococcus gallolyticus",2406,8,9,4,4,11,13,11,12
NA,"Bacillota","Bacilli","Lactobacillales","Streptococcaceae","Streptococcus","Streptococcus gordonii","Streptococcus gordonii",2407,7,3,1,2,6,4,10,4
NA,"Bacillota","Bacilli","Lactobacillales","Streptococcaceae","Streptococcus","Streptococcus halotolerans","Streptococcus halotolerans",2408,NA,1,NA,1,NA,2,1,2
NA,"Bacillota","Bacilli","Lactobacillales","Streptococcaceae","Streptococcus","Streptococcus himalayensis","Streptococcus himalayensis",2409,2,2,1,NA,2,1,1,1
NA,"Bacillota","Bacilli","Lactobacillales","Streptococcaceae","Streptococcus","Streptococcus infantarius","Streptococcus infantarius",2410,8,2,10,3,10,23,10,12
NA,"Bacillota","Bacilli","Lactobacillales","Streptococcaceae","Streptococcus","Streptococcus iniae","Streptococcus iniae",2411,2,1,1,NA,4,3,2,2
NA,"Bacillota","Bacilli","Lactobacillales","Streptococcaceae","Streptococcus","Streptococcus intermedius","Streptococcus intermedius",2412,2,1,2,NA,2,4,6,3
NA,"Bacillota","Bacilli","Lactobacillales","Streptococcaceae","Streptococcus","Streptococcus lutetiensis","Streptococcus lutetiensis",2413,1,1,6,NA,5,24,10,14
NA,"Bacillota","Bacilli","Lactobacillales","Streptococcaceae","Streptococcus","Streptococcus macedonicus","Streptococcus macedonicus",2414,NA,1,1,2,1,7,3,1
NA,"Bacillota","Bacilli","Lactobacillales","Streptococcaceae","Streptococcus","Streptococcus marmotae","Streptococcus marmotae",2415,3,2,1,NA,4,6,NA,2
NA,"Bacillota","Bacilli","Lactobacillales","Streptococcaceae","Streptococcus","Streptococcus mitis","Streptococcus mitis",2416,4,3,3,3,6,13,20,16
NA,"Bacillota","Bacilli","Lactobacillales","Streptococcaceae","Streptococcus","Streptococcus mutans","Streptococcus mutans",2417,4,1,NA,2,4,3,4,3
NA,"Bacillota","Bacilli","Lactobacillales","Streptococcaceae","Streptococcus","Streptococcus oralis","Streptococcus oralis",2418,2,1,1,1,1,2,5,6
NA,"Bacillota","Bacilli","Lactobacillales","Streptococcaceae","Streptococcus","Streptococcus pantholopis","Streptococcus pantholopis",2419,3,3,1,3,6,2,3,2
NA,"Bacillota","Bacilli","Lactobacillales","Streptococcaceae","Streptococcus","Streptococcus parasanguinis","Streptococcus parasanguinis",2420,NA,2,NA,1,44,110,614,156
NA,"Bacillota","Bacilli","Lactobacillales","Streptococcaceae","Streptococcus","Streptococcus parauberis","Streptococcus parauberis",2421,NA,NA,NA,NA,NA,NA,6,1
NA,"Bacillota","Bacilli","Lactobacillales","Streptococcaceae","Streptococcus","Streptococcus pasteurianus","Streptococcus pasteurianus",2422,6,5,3,1,9,17,12,11
NA,"Uroviricota","Caudoviricetes","c_Caudoviricetes","Aliceevansviridae","Brussowvirus","Brussowvirus bv2972","Streptococcus phage 2972",2423,NA,NA,NA,NA,NA,NA,NA,1
NA,"Uroviricota","Caudoviricetes","c_Caudoviricetes","Aliceevansviridae","Brussowvirus","Brussowvirus ALQ132","Streptococcus phage Alq132",2424,NA,NA,NA,NA,NA,NA,1,NA
NA,"Uroviricota","Caudoviricetes","c_Caudoviricetes","Madridviridae","Cepunavirus","Cepunavirus Cp1","Streptococcus phage Cp1",2425,3,NA,NA,NA,2,NA,NA,NA
NA,"Uroviricota","Caudoviricetes","c_Caudoviricetes","Aliceevansviridae","Brussowvirus","Brussowvirus bvO1205","Streptococcus phage O1205",2426,NA,NA,NA,NA,NA,NA,1,NA
NA,"Uroviricota","Caudoviricetes","c_Caudoviricetes","Aliceevansviridae","Brussowvirus","Brussowvirus Sfi11","Streptococcus phage Sfi11",2427,NA,NA,NA,NA,NA,NA,1,NA
NA,"Uroviricota","Caudoviricetes","c_Caudoviricetes","Aliceevansviridae","Moineauvirus","Moineauvirus CHPC919","Streptococcus phage Sfi19",2428,NA,NA,NA,NA,NA,NA,1,NA
NA,"Uroviricota","Caudoviricetes","c_Caudoviricetes","Aliceevansviridae","Moineauvirus","Moineauvirus Sfi21","Streptococcus phage Sfi21",2429,NA,NA,NA,NA,NA,NA,1,NA
NA,"Bacillota","Bacilli","Lactobacillales","Streptococcaceae","Streptococcus","Streptococcus pneumoniae","Streptococcus pneumoniae",2430,2,3,2,4,6,9,10,6
NA,"Bacillota","Bacilli","Lactobacillales","Streptococcaceae","Streptococcus","Streptococcus pseudopneumoniae","Streptococcus pseudopneumoniae",2431,NA,2,1,5,2,5,4,4
NA,"Bacillota","Bacilli","Lactobacillales","Streptococcaceae","Streptococcus","Streptococcus pyogenes","Streptococcus pyogenes",2432,3,5,1,2,8,15,20,18
NA,"Bacillota","Bacilli","Lactobacillales","Streptococcaceae","Streptococcus","Streptococcus salivarius","Streptococcus salivarius",2433,6,5,4,1,133,347,645,509
NA,"Bacillota","Bacilli","Lactobacillales","Streptococcaceae","Streptococcus","Streptococcus sanguinis","Streptococcus sanguinis",2434,1,4,2,1,1,3,6,3
NA,"Bacillota","Bacilli","Lactobacillales","Streptococcaceae","Streptococcus","Streptococcus sp. A12","Streptococcus sp. A12",2435,NA,1,1,2,3,4,8,5
NA,"Bacillota","Bacilli","Lactobacillales","Streptococcaceae","Streptococcus","Streptococcus ilei","Streptococcus sp. I-G2",2436,1,1,NA,NA,3,2,5,3
NA,"Bacillota","Bacilli","Lactobacillales","Streptococcaceae","Streptococcus","Streptococcus ilei","Streptococcus sp. I-P16",2437,1,2,NA,NA,3,3,9,2
NA,"Bacillota","Bacilli","Lactobacillales","Streptococcaceae","Streptococcus","Streptococcus sp. oral taxon 431","Streptococcus sp. oral taxon 431",2438,2,NA,1,1,2,NA,3,1
NA,"Bacillota","Bacilli","Lactobacillales","Streptococcaceae","Streptococcus","Streptococcus suis","Streptococcus suis",2439,10,15,8,20,24,48,50,42
NA,"Bacillota","Bacilli","Lactobacillales","Streptococcaceae","Streptococcus","Streptococcus thermophilus","Streptococcus thermophilus",2440,6,7,2,1,101,268,511,382
NA,"Bacillota","Bacilli","Lactobacillales","Streptococcaceae","Streptococcus","Streptococcus uberis","Streptococcus uberis",2441,NA,NA,1,NA,NA,5,2,1
NA,"Actinomycetota","Actinomycetes","Kitasatosporales","Streptomycetaceae","Streptomyces","g_Streptomyces","Streptomyces",2442,2,4,1,1,1,1,NA,1
NA,"Actinomycetota","Actinomycetes","Kitasatosporales","Streptomycetaceae","Streptomyces","Streptomyces noursei","Streptomyces noursei",2443,2,1,5,3,3,2,NA,5
NA,"Actinomycetota","Actinomycetes","Kitasatosporales","Streptomycetaceae","Streptomyces","Streptomyces albus","Streptomyces albus",2444,6,13,19,12,7,5,4,7
NA,"Actinomycetota","Actinomycetes","Kitasatosporales","Streptomycetaceae","Streptomyces","Streptomyces ambofaciens","Streptomyces ambofaciens",2445,6,5,5,4,3,NA,4,5
NA,"Actinomycetota","Actinomycetes","Kitasatosporales","Streptomycetaceae","Streptomyces","Streptomyces avermitilis","Streptomyces avermitilis",2446,4,3,5,4,1,NA,4,2
NA,"Actinomycetota","Actinomycetes","Kitasatosporales","Streptomycetaceae","Streptomyces","Streptomyces bingchenggensis","Streptomyces bingchenggensis",2447,7,9,4,4,2,NA,7,3
NA,"Actinomycetota","Actinomycetes","Kitasatosporales","Streptomycetaceae","Streptantibioticus","Streptantibioticus cattleyicolor","Streptantibioticus cattleyicolor",2448,2,7,10,7,NA,6,2,3
NA,"Actinomycetota","Actinomycetes","Kitasatosporales","Streptomycetaceae","Streptomyces","Streptomyces clavuligerus","Streptomyces clavuligerus",2449,NA,6,9,1,2,1,2,3
NA,"Actinomycetota","Actinomycetes","Kitasatosporales","Streptomycetaceae","Streptomyces","Streptomyces coelicolor","Streptomyces coelicolor",2450,4,6,9,7,2,2,2,4
NA,"Actinomycetota","Actinomycetes","Kitasatosporales","Streptomycetaceae","Streptomyces","Streptomyces collinus","Streptomyces collinus",2451,9,8,8,6,3,NA,2,1
NA,"Actinomycetota","Actinomycetes","Kitasatosporales","Streptomycetaceae","Streptomyces","Streptomyces cyaneogriseus","Streptomyces cyaneogriseus",2452,5,6,5,7,1,1,4,2
NA,"Actinomycetota","Actinomycetes","Kitasatosporales","Streptomycetaceae","Streptomyces","Streptomyces microflavus","Streptomyces microflavus",2453,2,3,2,1,2,5,3,6
NA,"Actinomycetota","Actinomycetes","Kitasatosporales","Streptomycetaceae","Streptomyces","Streptomyces glaucescens","Streptomyces glaucescens",2454,3,9,4,9,1,4,2,2
NA,"Actinomycetota","Actinomycetes","Kitasatosporales","Streptomycetaceae","Streptomyces","Streptomyces globisporus","Streptomyces globisporus",2455,3,4,3,7,1,6,1,4
NA,"Actinomycetota","Actinomycetes","Kitasatosporales","Streptomycetaceae","Streptomyces","Streptomyces griseochromogenes","Streptomyces griseochromogenes",2456,7,7,7,8,NA,1,5,3
NA,"Actinomycetota","Actinomycetes","Kitasatosporales","Streptomycetaceae","Streptomyces","Streptomyces griseus","Streptomyces griseus",2457,1,2,2,6,1,2,2,2
NA,"Actinomycetota","Actinomycetes","Kitasatosporales","Streptomycetaceae","Streptomyces","Streptomyces hygroscopicus","Streptomyces hygroscopicus",2458,4,6,7,5,4,4,4,1
NA,"Actinomycetota","Actinomycetes","Kitasatosporales","Streptomycetaceae","Streptomyces","Streptomyces leeuwenhoekii","Streptomyces leeuwenhoekii",2459,1,6,12,7,2,4,3,2
NA,"Actinomycetota","Actinomycetes","Kitasatosporales","Streptomycetaceae","Streptomyces","Streptomyces lincolnensis","Streptomyces lincolnensis",2460,3,6,4,6,1,2,5,1
NA,"Actinomycetota","Actinomycetes","Kitasatosporales","Streptomycetaceae","Streptomyces","Streptomyces lividans","Streptomyces lividans",2461,2,6,6,2,3,4,1,2
NA,"Actinomycetota","Actinomycetes","Kitasatosporales","Streptomycetaceae","Streptomyces","Streptomyces lydicus","Streptomyces lydicus",2462,9,10,3,14,4,2,5,10
NA,"Actinomycetota","Actinomycetes","Kitasatosporales","Streptomycetaceae","Streptomyces","Streptomyces noursei","Streptomyces noursei",2463,2,8,5,5,1,4,2,6
NA,"Actinomycetota","Actinomycetes","Kitasatosporales","Streptomycetaceae","Streptomyces","Streptomyces pactum","Streptomyces pactum",2464,3,3,11,7,5,4,3,6
NA,"Actinomycetota","Actinomycetes","Kitasatosporales","Streptomycetaceae","Streptomyces","Streptomyces parvulus","Streptomyces parvulus",2465,4,6,6,4,1,1,1,1
NA,"Uroviricota","Caudoviricetes","c_Caudoviricetes","Colingsworthviridae","Lomovskayavirus","Lomovskayavirus BT1","Streptomyces phage phiBT1",2466,NA,NA,NA,NA,NA,NA,1,NA
NA,"Actinomycetota","Actinomycetes","Kitasatosporales","Streptomycetaceae","Streptomyces","Streptomyces pratensis","Streptomyces pratensis",2467,3,4,NA,3,3,NA,2,NA
NA,"Actinomycetota","Actinomycetes","Kitasatosporales","Streptomycetaceae","Streptomyces","Streptomyces pristinaespiralis","Streptomyces pristinaespiralis",2468,3,5,6,7,2,1,5,1
NA,"Actinomycetota","Actinomycetes","Kitasatosporales","Streptomycetaceae","Streptomyces","Streptomyces puniciscabiei","Streptomyces puniciscabiei",2469,2,4,10,8,2,2,3,4
NA,"Actinomycetota","Actinomycetes","Kitasatosporales","Streptomycetaceae","Streptomyces","Streptomyces reticuli","Streptomyces reticuli",2470,7,9,9,11,1,3,4,2
NA,"Actinomycetota","Actinomycetes","Kitasatosporales","Streptomycetaceae","Streptomyces","Streptomyces rubrolavendulae","Streptomyces rubrolavendulae",2471,5,6,8,2,1,3,2,2
NA,"Actinomycetota","Actinomycetes","Kitasatosporales","Streptomycetaceae","Streptomyces","Streptomyces sampsonii","Streptomyces sampsonii",2472,7,5,3,6,1,2,3,7
NA,"Actinomycetota","Actinomycetes","Kitasatosporales","Streptomycetaceae","Streptomyces","Streptomyces scabiei","Streptomyces scabiei",2473,1,2,4,7,3,2,4,7
NA,"Actinomycetota","Actinomycetes","Kitasatosporales","Streptomycetaceae","Streptomyces","Streptomyces sp. 4F","Streptomyces sp. 4F",2474,6,8,3,6,1,3,3,1
NA,"Actinomycetota","Actinomycetes","Kitasatosporales","Streptomycetaceae","Streptomyces","Streptomyces sp. 769","Streptomyces sp. 769",2475,4,7,7,6,2,6,8,9
NA,"Actinomycetota","Actinomycetes","Kitasatosporales","Streptomycetaceae","Streptomyces","Streptomyces sp. CCM_MD2014","Streptomyces sp. CCM_MD2014",2476,4,8,10,7,5,4,2,5
NA,"Actinomycetota","Actinomycetes","Kitasatosporales","Streptomycetaceae","Streptomyces","Streptomyces sp. CdTB01","Streptomyces sp. CdTB01",2477,5,4,9,10,6,2,1,4
NA,"Actinomycetota","Actinomycetes","Kitasatosporales","Streptomycetaceae","Streptomyces","Streptomyces sp. CFMR 7","Streptomyces sp. CFMR 7",2478,2,5,2,3,1,2,1,3
NA,"Actinomycetota","Actinomycetes","Kitasatosporales","Streptomycetaceae","Streptomyces","Streptomyces sp. CNQ-509","Streptomyces sp. CNQ-509",2479,4,3,6,4,NA,1,3,2
NA,"Actinomycetota","Actinomycetes","Kitasatosporales","Streptomycetaceae","Streptomyces","Streptomyces sp. Mg1","Streptomyces sp. Mg1",2480,4,5,10,3,4,2,3,5
NA,"Actinomycetota","Actinomycetes","Kitasatosporales","Streptomycetaceae","Streptomyces","Streptomyces sp. PAMC 26508","Streptomyces sp. PAMC 26508",2481,4,4,5,2,3,2,1,5
NA,"Actinomycetota","Actinomycetes","Kitasatosporales","Streptomycetaceae","Streptomyces","Streptomyces sp. RTd22","Streptomyces sp. RTd22",2482,6,9,13,7,7,3,4,2
NA,"Actinomycetota","Actinomycetes","Kitasatosporales","Streptomycetaceae","Streptomyces","Streptomyces qaidamensis","Streptomyces sp. S10(2016)",2483,3,4,4,8,3,2,7,1
NA,"Actinomycetota","Actinomycetes","Kitasatosporales","Streptomycetaceae","Streptomyces","Streptomyces sp. SAT1","Streptomyces sp. SAT1",2484,4,8,11,8,3,3,4,7
NA,"Actinomycetota","Actinomycetes","Kitasatosporales","Streptomycetaceae","Streptomyces","Streptomyces sp. SirexAA-E","Streptomyces sp. SirexAA-E",2485,2,6,6,5,5,4,2,6
NA,"Actinomycetota","Actinomycetes","Kitasatosporales","Streptomycetaceae","Streptomyces","Streptomyces venezuelae","Streptomyces venezuelae",2486,1,7,4,4,2,3,1,4
NA,"Actinomycetota","Actinomycetes","Kitasatosporales","Streptomycetaceae","Streptomyces","Streptomyces vietnamensis","Streptomyces vietnamensis",2487,7,5,2,7,2,4,3,1
NA,"Actinomycetota","Actinomycetes","Kitasatosporales","Streptomycetaceae","Streptomyces","Streptomyces violaceusniger","Streptomyces violaceusniger",2488,5,5,7,7,9,3,3,4
NA,"Actinomycetota","Actinomycetes","Kitasatosporales","Streptomycetaceae","Streptomyces","Streptomyces xiamenensis","Streptomyces xiamenensis",2489,3,2,6,9,NA,4,2,3
NA,"Actinomycetota","Actinomycetes","Streptosporangiales","Streptosporangiaceae","Streptosporangium","g_Streptosporangium","Streptosporangium",2490,NA,NA,NA,1,NA,NA,NA,1
NA,"Actinomycetota","Actinomycetes","Streptosporangiales","Streptosporangiaceae","Streptosporangium","Streptosporangium roseum","Streptosporangium roseum",2491,4,6,8,7,2,2,6,5
NA,"Uroviricota","Caudoviricetes","c_Caudoviricetes","c_Caudoviricetes","Traversvirus","Traversvirus II","Stx2 converting phage II",2492,NA,NA,NA,NA,18,77,25,26
NA,"Uroviricota","Caudoviricetes","c_Caudoviricetes","c_Caudoviricetes","Traversvirus","Traversvirus tv24B","Stx2 converting phage vB_EcoP_24B",2493,NA,NA,NA,NA,8,34,12,15
NA,"Uroviricota","Caudoviricetes","c_Caudoviricetes","c_Caudoviricetes","Pankowvirus","Pankowvirus pv1717","Stx2-converting phage 1717",2494,NA,NA,NA,NA,11,43,18,21
NA,"Uroviricota","Caudoviricetes","c_Caudoviricetes","c_Caudoviricetes","Traversvirus","Traversvirus tv86","Stx2-converting phage 86",2495,NA,NA,NA,NA,3,4,3,2
NA,"Thermoproteota","Thermoprotei","Sulfolobales","Sulfolobaceae","Sulfolobus","Sulfolobus acidocaldarius","Sulfolobus acidocaldarius",2496,NA,1,NA,1,NA,NA,NA,1
NA,"Thermoproteota","Thermoprotei","Sulfolobales","Sulfolobaceae","Saccharolobus","Saccharolobus islandicus","Saccharolobus islandicus",2497,NA,1,NA,NA,NA,1,1,3
NA,"Thermoproteota","Thermoprotei","Sulfolobales","Sulfolobaceae","Saccharolobus","Saccharolobus solfataricus","Saccharolobus solfataricus",2498,NA,NA,NA,1,NA,NA,NA,2
NA,"Thermoproteota","Thermoprotei","Sulfolobales","Sulfolobaceae","Saccharolobus","Saccharolobus sp. A20","Sulfolobus sp. A20",2499,NA,NA,NA,NA,NA,1,NA,NA
NA,"Thermoproteota","Thermoprotei","Sulfolobales","Sulfolobaceae","Sulfurisphaera","Sulfurisphaera tokodaii","Sulfurisphaera tokodaii",2500,NA,NA,NA,NA,NA,NA,2,NA
NA,"Pseudomonadota","Betaproteobacteria","Nitrosomonadales","Sulfuricellaceae","Sulfuricella","Sulfuricella denitrificans","Sulfuricella denitrificans",2501,2,1,2,4,2,1,3,3
NA,"Campylobacterota","Epsilonproteobacteria","Campylobacterales","Sulfurimonadaceae","Sulfuricurvum","Sulfuricurvum kujiense","Sulfuricurvum kujiense",2502,1,2,NA,NA,2,1,1,1
NA,"Aquificota","Aquificia","Aquificales","Hydrogenothermaceae","Sulfurihydrogenibium","Sulfurihydrogenibium azorense","Sulfurihydrogenibium azorense",2503,NA,2,2,1,NA,2,NA,NA
NA,"Aquificota","Aquificia","Aquificales","Hydrogenothermaceae","Sulfurihydrogenibium","Sulfurihydrogenibium sp. YO3AOP1","Sulfurihydrogenibium sp. YO3AOP1",2504,NA,2,NA,NA,3,2,1,2
NA,"Campylobacterota","Epsilonproteobacteria","Campylobacterales","Sulfurimonadaceae","Sulfurimonas","Sulfurimonas autotrophica","Sulfurimonas autotrophica",2505,NA,NA,NA,NA,NA,2,3,1
NA,"Campylobacterota","Epsilonproteobacteria","Campylobacterales","Sulfurimonadaceae","Sulfurimonas","Sulfurimonas denitrificans","Sulfurimonas denitrificans",2506,NA,2,NA,1,1,1,1,1
NA,"Pseudomonadota","Betaproteobacteria","Nitrosomonadales","Sterolibacteriaceae","Sulfuritalea","Sulfuritalea hydrogenivorans","Sulfuritalea hydrogenivorans",2507,4,1,5,11,4,4,4,5
NA,"Campylobacterota","Epsilonproteobacteria","Campylobacterales","Sulfurospirillaceae","Sulfurospirillum","Sulfurospirillum barnesii","Sulfurospirillum barnesii",2508,NA,NA,NA,1,2,NA,3,1
NA,"Campylobacterota","Epsilonproteobacteria","Campylobacterales","Sulfurospirillaceae","Sulfurospirillum","Sulfurospirillum cavolei","Sulfurospirillum cavolei",2509,1,NA,1,3,NA,NA,NA,NA
NA,"Campylobacterota","Epsilonproteobacteria","Campylobacterales","Sulfurospirillaceae","Sulfurospirillum","Sulfurospirillum deleyianum","Sulfurospirillum deleyianum",2510,NA,NA,NA,1,1,NA,NA,NA
NA,"Campylobacterota","Epsilonproteobacteria","Campylobacterales","Sulfurospirillaceae","Sulfurospirillum","Sulfurospirillum halorespirans","Sulfurospirillum halorespirans",2511,NA,NA,2,1,3,1,2,2
NA,"Campylobacterota","Epsilonproteobacteria","Campylobacterales","Sulfurospirillaceae","Sulfurospirillum","Sulfurospirillum multivorans","Sulfurospirillum multivorans",2512,2,1,NA,3,3,2,1,2
NA,"Campylobacterota","Epsilonproteobacteria","Campylobacterales","Sulfurospirillaceae","Sulfurospirillum","Sulfurospirillum sp. UCH001","Sulfurospirillum sp. UCH001",2513,2,NA,2,NA,1,1,4,1
NA,"Campylobacterota","Epsilonproteobacteria","Campylobacterales","Sulfurovaceae","Sulfurovum","Sulfurovum lithotrophicum","Sulfurovum lithotrophicum",2514,3,4,2,3,3,1,NA,1
NA,"Campylobacterota","Epsilonproteobacteria","Campylobacterales","Sulfurovaceae","Sulfurovum","Sulfurovum sp. NBC37-1","Sulfurovum sp. NBC37-1",2515,NA,3,1,2,5,1,1,3
NA,"Bacillota","Clostridia","Eubacteriales","Symbiobacteriaceae","Symbiobacterium","g_Symbiobacterium","Symbiobacterium",2516,NA,NA,NA,1,NA,NA,NA,1
NA,"Bacillota","Clostridia","Eubacteriales","Symbiobacteriaceae","Symbiobacterium","Symbiobacterium thermophilum","Symbiobacterium thermophilum",2517,10,13,7,9,NA,9,2,9
NA,"Cyanobacteriota","Cyanophyceae","Synechococcales","Synechococcaceae","Synechococcus","g_Synechococcus","Synechococcus",2518,1,NA,NA,NA,NA,NA,NA,NA
NA,"Cyanobacteriota","Cyanophyceae","Synechococcales","Synechococcaceae","Synechococcus","Synechococcus elongatus","Synechococcus elongatus",2519,2,1,2,1,NA,1,1,1
NA,"Uroviricota","Caudoviricetes","Pantevenvirales","Kyanoviridae","Atlauavirus","Atlauavirus tusconc8","Synechococcus phage ACG-2014f",2520,NA,1,NA,NA,NA,NA,1,NA
NA,"Uroviricota","Caudoviricetes","Pantevenvirales","Kyanoviridae","Potamoivirus","Potamoivirus tusconj","Synechococcus phage ACG-2014j",2521,NA,NA,NA,NA,NA,NA,1,NA
NA,"Uroviricota","Caudoviricetes","Pantevenvirales","Kyanoviridae","f_Kyanoviridae","Synechococcus phage S-CRM01","Synechococcus phage S-CRM01",2522,NA,NA,NA,NA,1,NA,NA,NA
NA,"Cyanobacteriota","Cyanophyceae","Synechococcales","Synechococcaceae","Synechococcus","Synechococcus sp. CC9311","Synechococcus sp. CC9311",2523,NA,NA,NA,NA,NA,NA,1,1
NA,"Cyanobacteriota","Cyanophyceae","Synechococcales","Synechococcaceae","Synechococcus","Synechococcus sp. CC9605","Synechococcus sp. CC9605",2524,2,NA,3,4,1,2,1,NA
NA,"Cyanobacteriota","Cyanophyceae","Synechococcales","Synechococcaceae","Synechococcus","Synechococcus sp. CC9902","Synechococcus sp. CC9902",2525,3,2,2,1,6,NA,NA,NA
NA,"Cyanobacteriota","Cyanophyceae","Synechococcales","Synechococcaceae","Synechococcus","Synechococcus sp. JA-2-3B'a(2-13)","Synechococcus sp. JA-2-3B'a(2-13)",2526,5,2,1,4,1,2,3,4
NA,"Cyanobacteriota","Cyanophyceae","Synechococcales","Synechococcaceae","Synechococcus","Synechococcus sp. JA-3-3Ab","Synechococcus sp. JA-3-3Ab",2527,5,3,3,5,2,1,2,5
NA,"Cyanobacteriota","Cyanophyceae","Synechococcales","Synechococcaceae","Synechococcus","Synechococcus sp. KORDI-100","Synechococcus sp. KORDI-100",2528,1,1,NA,NA,4,NA,NA,1
NA,"Cyanobacteriota","Cyanophyceae","Synechococcales","Synechococcaceae","Synechococcus","Synechococcus sp. KORDI-49","Synechococcus sp. KORDI-49",2529,3,NA,NA,2,3,1,NA,3
NA,"Cyanobacteriota","Cyanophyceae","Synechococcales","Synechococcaceae","Synechococcus","Synechococcus sp. KORDI-52","Synechococcus sp. KORDI-52",2530,2,4,1,3,1,NA,NA,NA
NA,"Cyanobacteriota","Cyanophyceae","Synechococcales","Synechococcaceae","Synechococcus","Synechococcus sp. PCC 6312","Synechococcus sp. PCC 6312",2531,NA,1,1,NA,1,NA,2,NA
NA,"Cyanobacteriota","Cyanophyceae","Chroococcales","Geminocystaceae","Picosynechococcus","Picosynechococcus sp. PCC 7002","Synechococcus sp. PCC 7002",2532,1,NA,1,NA,NA,NA,2,NA
NA,"Cyanobacteriota","Cyanophyceae","Chroococcales","Geminocystaceae","Picosynechococcus","Picosynechococcus sp. PCC 7003","Synechococcus sp. PCC 7003",2533,1,NA,NA,NA,NA,NA,2,NA
NA,"Cyanobacteriota","Cyanophyceae","Chroococcales","Geminocystaceae","Picosynechococcus","Picosynechococcus sp. PCC 7117","Synechococcus sp. PCC 7117",2534,NA,NA,NA,NA,NA,1,NA,NA
NA,"Cyanobacteriota","Cyanophyceae","Synechococcales","Synechococcaceae","Synechococcus","Synechococcus sp. PCC 7502","Synechococcus sp. PCC 7502",2535,NA,NA,1,1,NA,1,NA,NA
NA,"Cyanobacteriota","Cyanophyceae","Chroococcales","Geminocystaceae","Picosynechococcus","Picosynechococcus sp. PCC 8807","Synechococcus sp. PCC 8807",2536,NA,NA,1,NA,NA,NA,1,NA
NA,"Cyanobacteriota","Cyanophyceae","Synechococcales","Synechococcaceae","Synechococcus","Synechococcus sp. RCC307","Synechococcus sp. RCC307",2537,NA,5,NA,3,1,1,1,NA
NA,"Cyanobacteriota","Cyanophyceae","Synechococcales","Synechococcaceae","Synechococcus","Synechococcus elongatus","Synechococcus sp. UTEX 2973",2538,1,2,2,2,3,2,1,1
NA,"Cyanobacteriota","Cyanophyceae","Synechococcales","Synechococcaceae","Synechococcus","Synechococcus sp. WH 7803","Synechococcus sp. WH 7803",2539,3,1,6,1,1,NA,1,NA
NA,"Cyanobacteriota","Cyanophyceae","Synechococcales","Prochlorococcaceae","Parasynechococcus","Parasynechococcus marenigrum","Synechococcus sp. WH 8102",2540,1,2,3,5,2,NA,2,4
NA,"Cyanobacteriota","Cyanophyceae","Synechococcales","Synechococcaceae","Synechococcus","Synechococcus sp. WH 8103","Synechococcus sp. WH 8103",2541,1,1,3,3,NA,NA,2,4
NA,"Cyanobacteriota","Cyanophyceae","Synechococcales","Synechococcaceae","Synechococcus","Synechococcus sp. WH 8109","Synechococcus sp. WH 8109",2542,3,1,3,3,NA,1,NA,NA
NA,"Cyanobacteriota","Cyanophyceae","Synechococcales","Merismopediaceae","Synechocystis","Synechocystis sp. PCC 6714","Synechocystis sp. PCC 6714",2543,NA,1,1,1,NA,3,1,NA
NA,"Cyanobacteriota","Cyanophyceae","Synechococcales","Merismopediaceae","Synechocystis","Synechocystis sp. PCC 6803","Synechocystis sp. PCC 6803",2544,2,NA,2,NA,1,1,1,NA
NA,"Unknown","Unknown","Unknown","Unknown","Unknown","synthetic construct","synthetic construct",2545,NA,NA,4,6,69,66,31,53
NA,"Thermodesulfobacteriota","Syntrophobacteria","Syntrophobacterales","Syntrophobacteraceae","Syntrophobacter","Syntrophobacter fumaroxidans","Syntrophobacter fumaroxidans",2546,4,4,1,1,2,5,1,4
NA,"Bacillota","Clostridia","Eubacteriales","Desulfitobacteriaceae","Syntrophobotulus","Syntrophobotulus glycolicus","Syntrophobotulus glycolicus",2547,5,4,3,7,2,5,6,8
NA,"Bacillota","Clostridia","Eubacteriales","Syntrophomonadaceae","Syntrophomonas","Syntrophomonas wolfei","Syntrophomonas wolfei",2548,1,NA,NA,1,2,2,NA,NA
NA,"Bacillota","Clostridia","Eubacteriales","Syntrophomonadaceae","Syntrophothermus","Syntrophothermus lipocalidus","Syntrophothermus lipocalidus",2549,NA,4,6,1,2,NA,NA,3
NA,"Thermodesulfobacteriota","Syntrophia","Syntrophales","Syntrophaceae","Syntrophus","Syntrophus aciditrophicus","Syntrophus aciditrophicus",2550,1,NA,3,NA,3,2,2,2
NA,"Bacteroidota","Bacteroidia","Bacteroidales","Tannerellaceae","Tannerella","Tannerella forsythia","Tannerella forsythia",2551,48,46,42,71,45,49,81,68
NA,"Bacteroidota","Bacteroidia","Bacteroidales","Tannerellaceae","Tannerella","Tannerella serpentiformis","Tannerella serpentiformis",2552,58,40,40,38,38,20,22,27
NA,"Pseudomonadota","Gammaproteobacteria","Legionellales","Legionellaceae","Legionella","Legionella micdadei","Tatlockia micdadei",2553,NA,1,1,NA,1,1,2,1
NA,"Pseudomonadota","Betaproteobacteria","Burkholderiales","Alcaligenaceae","Taylorella","Taylorella asinigenitalis","Taylorella asinigenitalis",2554,2,1,2,NA,NA,NA,1,3
NA,"Pseudomonadota","Betaproteobacteria","Burkholderiales","Alcaligenaceae","Taylorella","Taylorella equigenitalis","Taylorella equigenitalis",2555,NA,NA,NA,1,1,1,1,1
NA,"Bacteroidota","Flavobacteriia","Flavobacteriales","Flavobacteriaceae","Tenacibaculum","Tenacibaculum dicentrarchi","Tenacibaculum dicentrarchi",2556,7,1,1,4,6,4,2,3
NA,"Bacillota","Clostridia","Thermosediminibacterales","Tepidanaerobacteraceae","Tepidanaerobacter","Tepidanaerobacter acetatoxydans","Tepidanaerobacter acetatoxydans",2557,1,NA,NA,NA,NA,3,2,3
NA,"Pseudomonadota","Gammaproteobacteria","Cellvibrionales","Cellvibrionaceae","Teredinibacter","Teredinibacter turnerae","Teredinibacter turnerae",2558,1,6,3,3,3,2,2,NA
NA,"Bacillota","Bacilli","Bacillales","Bacillaceae","Terribacillus","Terribacillus aidingensis","Terribacillus aidingensis",2559,NA,2,1,2,2,4,2,4
NA,"Acidobacteriota","Terriglobia","Terriglobales","Acidobacteriaceae","Terriglobus","Terriglobus roseus","Terriglobus roseus",2560,25,11,4,7,10,2,3,6
NA,"Acidobacteriota","Terriglobia","Terriglobales","Acidobacteriaceae","Terriglobus","Terriglobus saanensis","Terriglobus saanensis",2561,1,3,3,3,NA,1,NA,1
NA,"Bacillota","Bacilli","Lactobacillales","Enterococcaceae","Tetragenococcus","Tetragenococcus halophilus","Tetragenococcus halophilus",2562,2,2,1,NA,1,3,3,3
NA,"Pseudomonadota","Gammaproteobacteria","Oceanospirillales","Oceanospirillaceae","Thalassolituus","Thalassolituus oleivorans","Thalassolituus oleivorans",2563,1,NA,NA,2,2,2,1,1
NA,"Pseudomonadota","Alphaproteobacteria","Rhodospirillales","Thalassospiraceae","Thalassospira","Thalassospira xiamenensis","Thalassospira xiamenensis",2564,4,1,3,4,1,1,3,2
NA,"Pseudomonadota","Gammaproteobacteria","Alteromonadales","Colwelliaceae","Thalassotalea","Thalassotalea crassostreae","Thalassotalea sp. LPB0090",2565,NA,NA,1,NA,1,2,3,1
NA,"Pseudomonadota","Betaproteobacteria","Rhodocyclales","Zoogloeaceae","Thauera","g_Thauera","Thauera",2566,NA,2,NA,NA,NA,NA,NA,NA
NA,"Pseudomonadota","Betaproteobacteria","Rhodocyclales","Zoogloeaceae","Thauera","Thauera humireducens","Thauera humireducens",2567,6,5,9,3,2,2,4,9
NA,"Pseudomonadota","Betaproteobacteria","Rhodocyclales","Zoogloeaceae","Thauera","Thauera aminoaromatica","Thauera aminoaromatica",2568,3,8,11,12,3,2,2,5
NA,"Bacillota","Clostridia","Thermoanaerobacterales","Thermoanaerobacteraceae","Thermacetogenium","Thermacetogenium phaeum","Thermacetogenium phaeum",2569,NA,2,1,3,1,1,NA,1
NA,"Bacillota","Clostridia","Eubacteriales","Clostridiales Family XVII. Incertae Sedis","Thermaerobacter","Thermaerobacter marianensis","Thermaerobacter marianensis",2570,7,7,7,16,2,3,6,1
NA,"Synergistota","Synergistia","Synergistales","Synergistaceae","Thermanaerovibrio","Thermanaerovibrio acidaminovorans","Thermanaerovibrio acidaminovorans",2571,3,1,2,NA,1,NA,1,2
NA,"Bacillota","Clostridia","Eubacteriales","Thermincolaceae","Thermincola","Thermincola potens","Thermincola potens",2572,4,1,3,2,2,4,4,3
NA,"Bacillota","Clostridia","Thermoanaerobacterales","Thermoanaerobacteraceae","Thermoanaerobacter","Thermoanaerobacter brockii","Thermoanaerobacter brockii",2573,5,1,NA,1,8,2,4,4
NA,"Bacillota","Clostridia","Thermoanaerobacterales","Thermoanaerobacteraceae","Thermoanaerobacter","Thermoanaerobacter italicus","Thermoanaerobacter italicus",2574,1,2,NA,2,6,3,3,3
NA,"Bacillota","Clostridia","Thermoanaerobacterales","Thermoanaerobacteraceae","Thermoanaerobacter","Thermoanaerobacter kivui","Thermoanaerobacter kivui",2575,3,1,2,2,7,5,3,5
NA,"Bacillota","Clostridia","Thermoanaerobacterales","Thermoanaerobacteraceae","Thermoanaerobacter","Thermoanaerobacter mathranii","Thermoanaerobacter mathranii",2576,NA,1,1,2,3,2,2,2
NA,"Bacillota","Clostridia","Thermoanaerobacterales","Thermoanaerobacteraceae","Thermoanaerobacter","Thermoanaerobacter pseudethanolicus","Thermoanaerobacter pseudethanolicus",2577,5,1,NA,1,8,2,4,4
NA,"Bacillota","Clostridia","Thermoanaerobacterales","Thermoanaerobacteraceae","Thermoanaerobacter","Thermoanaerobacter sp. X513","Thermoanaerobacter sp. X513",2578,3,NA,NA,NA,8,4,3,NA
NA,"Bacillota","Clostridia","Thermoanaerobacterales","Thermoanaerobacteraceae","Thermoanaerobacter","Thermoanaerobacter sp. X514","Thermoanaerobacter sp. X514",2579,4,2,NA,1,7,4,4,4
NA,"Bacillota","Clostridia","Thermoanaerobacterales","Thermoanaerobacteraceae","Thermoanaerobacter","Thermoanaerobacter wiegelii","Thermoanaerobacter wiegelii",2580,2,2,NA,NA,8,6,3,4
NA,"Bacillota","Clostridia","Thermoanaerobacterales","Thermoanaerobacteraceae","Thermoanaerobacterium","Thermoanaerobacterium thermosaccharolyticum","Thermoanaerobacterium thermosaccharolyticum",2581,2,1,1,4,2,9,9,6
NA,"Bacillota","Clostridia","Thermoanaerobacterales","Thermoanaerobacteraceae","Thermoanaerobacterium","Thermoanaerobacterium xylanolyticum","Thermoanaerobacterium xylanolyticum",2582,NA,NA,1,NA,1,7,5,5
NA,"Bacillota","Bacilli","Bacillales","Paenibacillaceae","Thermobacillus","g_Thermobacillus","Thermobacillus",2583,NA,NA,1,NA,NA,NA,NA,NA
NA,"Bacillota","Bacilli","Bacillales","Paenibacillaceae","Thermobacillus","Thermobacillus composti","Thermobacillus composti",2584,6,8,5,1,10,4,9,9
NA,"Chloroflexota","Chloroflexia","Candidatus Thermobaculales","Candidatus Thermobaculaceae","Thermobaculum","Thermobaculum terrenum","Thermobaculum terrenum",2585,NA,1,1,NA,1,1,2,1
NA,"Actinomycetota","Actinomycetes","Streptosporangiales","Nocardiopsidaceae","Thermobifida","Thermobifida fusca","Thermobifida fusca",2586,1,1,3,NA,1,1,3,1
NA,"Actinomycetota","Actinomycetes","Streptosporangiales","Streptosporangiaceae","Thermobispora","Thermobispora bispora","Thermobispora bispora",2587,2,5,4,4,NA,NA,1,3
NA,"Methanobacteriota","Thermococci","Thermococcales","Thermococcaceae","Thermococcus","Thermococcus barophilus","Thermococcus barophilus",2588,NA,2,1,1,NA,1,NA,3
NA,"Methanobacteriota","Thermococci","Thermococcales","Thermococcaceae","Thermococcus","Thermococcus chitonophagus","Thermococcus chitonophagus",2589,NA,NA,NA,NA,NA,NA,1,NA
NA,"Methanobacteriota","Thermococci","Thermococcales","Thermococcaceae","Thermococcus","Thermococcus cleftensis","Thermococcus cleftensis",2590,NA,1,NA,NA,1,NA,NA,NA
NA,"Methanobacteriota","Thermococci","Thermococcales","Thermococcaceae","Thermococcus","Thermococcus gammatolerans","Thermococcus gammatolerans",2591,NA,1,1,NA,NA,NA,NA,NA
NA,"Methanobacteriota","Thermococci","Thermococcales","Thermococcaceae","Thermococcus","Thermococcus guaymasensis","Thermococcus guaymasensis",2592,NA,NA,NA,NA,NA,NA,NA,1
NA,"Methanobacteriota","Thermococci","Thermococcales","Thermococcaceae","Thermococcus","Thermococcus kodakarensis","Thermococcus kodakarensis",2593,NA,NA,1,1,NA,NA,NA,1
NA,"Methanobacteriota","Thermococci","Thermococcales","Thermococcaceae","Thermococcus","Thermococcus litoralis","Thermococcus litoralis",2594,1,NA,2,NA,NA,NA,1,NA
NA,"Methanobacteriota","Thermococci","Thermococcales","Thermococcaceae","Thermococcus","Thermococcus nautili","Thermococcus nautili",2595,1,1,NA,NA,NA,1,1,NA
NA,"Methanobacteriota","Thermococci","Thermococcales","Thermococcaceae","Thermococcus","Thermococcus onnurineus","Thermococcus onnurineus",2596,NA,NA,1,1,1,1,NA,1
NA,"Methanobacteriota","Thermococci","Thermococcales","Thermococcaceae","Thermococcus","Thermococcus paralvinellae","Thermococcus paralvinellae",2597,NA,1,NA,NA,NA,NA,NA,1
NA,"Methanobacteriota","Thermococci","Thermococcales","Thermococcaceae","Thermococcus","Thermococcus peptonophilus","Thermococcus peptonophilus",2598,NA,NA,1,NA,NA,NA,NA,NA
NA,"Methanobacteriota","Thermococci","Thermococcales","Thermococcaceae","Thermococcus","Thermococcus piezophilus","Thermococcus piezophilus",2599,2,NA,1,NA,NA,NA,NA,NA
NA,"Methanobacteriota","Thermococci","Thermococcales","Thermococcaceae","Thermococcus","Thermococcus sibiricus","Thermococcus sibiricus",2600,2,1,1,1,1,NA,2,1
NA,"Methanobacteriota","Thermococci","Thermococcales","Thermococcaceae","Thermococcus","Thermococcus sp. 2319x1","Thermococcus sp. 2319x1",2601,NA,NA,NA,NA,NA,1,NA,NA
NA,"Methanobacteriota","Thermococci","Thermococcales","Thermococcaceae","Thermococcus","Thermococcus sp. AM4","Thermococcus sp. AM4",2602,NA,1,1,1,NA,NA,NA,NA
NA,"Aquificota","Aquificia","Aquificales","Aquificaceae","Thermocrinis","Thermocrinis albus","Thermocrinis albus",2603,NA,2,NA,1,2,NA,NA,NA
NA,"Aquificota","Aquificia","Aquificales","Aquificaceae","Thermocrinis","Thermocrinis ruber","Thermocrinis ruber",2604,NA,NA,1,NA,NA,1,1,1
NA,"Thermodesulfobacteriota","Thermodesulfobacteria","Thermodesulfobacteriales","Thermodesulfatatoraceae","Thermodesulfatator","Thermodesulfatator indicus","Thermodesulfatator indicus",2605,1,NA,3,1,1,NA,3,2
NA,"Thermodesulfobacteriota","Thermodesulfobacteria","Thermodesulfobacteriales","Thermodesulfobacteriaceae","Thermodesulfobacterium","Thermodesulfobacterium commune","Thermodesulfobacterium commune",2606,1,NA,NA,1,1,1,1,1
NA,"Thermodesulfobacteriota","Thermodesulfobacteria","Thermodesulfobacteriales","Thermodesulfobacteriaceae","Thermodesulfobacterium","Thermodesulfobacterium geofontis","Thermodesulfobacterium geofontis",2607,1,1,NA,1,1,2,NA,1
NA,"Thermodesulfobiota","Thermodesulfobiia","Thermodesulfobiales","Thermodesulfobiaceae","Thermodesulfobium","Thermodesulfobium narugense","Thermodesulfobium narugense",2608,NA,NA,NA,1,NA,2,NA,2
NA,"Nitrospirota","Thermodesulfovibrionia","Thermodesulfovibrionales","Thermodesulfovibrionaceae","Thermodesulfovibrio","Thermodesulfovibrio yellowstonii","Thermodesulfovibrio yellowstonii",2609,1,1,1,3,1,3,1,3
NA,"Thermoproteota","Thermoprotei","Thermofilales","Thermofilaceae","Thermofilum","Thermofilum carboxyditrophus","Thermofilum carboxyditrophus",2610,NA,NA,1,NA,NA,1,NA,NA
NA,"Thermoproteota","Thermoprotei","Thermofilales","Thermofilaceae","Thermofilum","Thermofilum pendens","Thermofilum pendens",2611,NA,NA,NA,2,NA,NA,NA,NA
NA,"Thermoproteota","Thermoprotei","Thermofilales","Thermofilaceae","Thermofilum","Thermofilum adornatum","Thermofilum adornatum",2612,NA,NA,1,NA,NA,2,NA,NA
NA,"Thermoproteota","Thermoprotei","Desulfurococcales","Desulfurococcaceae","Thermogladius","Thermogladius calderae","Thermogladius calderae",2613,NA,NA,1,NA,NA,NA,NA,2
NA,"Thermomicrobiota","Thermomicrobia","Thermomicrobiales","Thermomicrobiaceae","Thermomicrobium","Thermomicrobium roseum","Thermomicrobium roseum",2614,1,2,3,1,NA,1,1,1
NA,"Actinomycetota","Actinomycetes","Streptosporangiales","Thermomonosporaceae","Thermomonospora","Thermomonospora curvata","Thermomonospora curvata",2615,5,5,8,7,2,1,3,6
NA,"Thermoplasmatota","Thermoplasmata","Thermoplasmatales","Thermoplasmataceae","Thermoplasma","Thermoplasma volcanium","Thermoplasma volcanium",2616,NA,NA,NA,NA,NA,NA,1,NA
NA,"Thermoplasmatota","Thermoplasmata","Thermoplasmatales","o_Thermoplasmatales","o_Thermoplasmatales","Thermoplasmatales archaeon BRNA1","Thermoplasmatales archaeon BRNA1",2617,1,2,NA,2,1,NA,1,NA
NA,"Thermoproteota","Thermoprotei","Thermoproteales","Thermoproteaceae","Thermoproteus","Thermoproteus tenax","Thermoproteus tenax",2618,NA,NA,NA,NA,NA,1,NA,NA
NA,"Thermoproteota","Thermoprotei","Thermoproteales","Thermoproteaceae","Thermoproteus","Thermoproteus uzoniensis","Thermoproteus uzoniensis",2619,NA,NA,NA,2,1,NA,NA,1
NA,"Bacillota","Clostridia","Thermosediminibacterales","Thermosediminibacteraceae","Thermosediminibacter","Thermosediminibacter oceani","Thermosediminibacter oceani",2620,NA,NA,2,1,NA,1,1,NA
NA,"Thermotogota","Thermotogae","Thermotogales","Fervidobacteriaceae","Thermosipho","Thermosipho africanus","Thermosipho africanus",2621,3,6,1,NA,1,2,3,4
NA,"Thermotogota","Thermotogae","Thermotogales","Fervidobacteriaceae","Thermosipho","Thermosipho melanesiensis","Thermosipho melanesiensis",2622,NA,1,NA,NA,NA,1,2,2
NA,"Thermoproteota","Thermoprotei","Desulfurococcales","Desulfurococcaceae","Thermosphaera","Thermosphaera aggregans","Thermosphaera aggregans",2623,NA,NA,NA,NA,NA,1,NA,NA
NA,"Thermosulfidibacterota","Thermosulfidibacteria","Thermosulfidibacterales","Thermosulfidibacteraceae","Thermosulfidibacter","Thermosulfidibacter takaii","Thermosulfidibacter takaii",2624,NA,NA,NA,1,NA,NA,3,1
NA,"Cyanobacteriota","Cyanophyceae","Acaryochloridales","Thermosynechococcaceae","Thermosynechococcus","Thermosynechococcus vestitus","Thermosynechococcus vestitus",2625,1,2,2,NA,NA,1,1,NA
NA,"Thermotogota","Thermotogae","Thermotogales","Thermotogaceae","Thermotoga","Thermotoga caldifontis","Thermotoga caldifontis",2626,3,2,NA,1,1,NA,1,1
NA,"Thermotogota","Thermotogae","Thermotogales","Thermotogaceae","Thermotoga","Thermotoga maritima","Thermotoga maritima",2627,NA,NA,NA,NA,NA,1,2,1
NA,"Thermotogota","Thermotogae","Thermotogales","Thermotogaceae","Thermotoga","Thermotoga petrophila","Thermotoga petrophila",2628,NA,NA,1,1,NA,NA,2,1
NA,"Thermotogota","Thermotogae","Thermotogales","Thermotogaceae","Thermotoga","Thermotoga neapolitana","Thermotoga neapolitana",2629,1,2,1,1,NA,2,1,2
NA,"Thermotogota","Thermotogae","Thermotogales","Thermotogaceae","Thermotoga","Thermotoga petrophila","Thermotoga petrophila",2630,NA,NA,NA,1,NA,2,1,NA
NA,"Thermotogota","Thermotogae","Thermotogales","Thermotogaceae","Thermotoga","Thermotoga profunda","Thermotoga profunda",2631,NA,NA,1,NA,NA,NA,1,1
NA,"Thermotogota","Thermotogae","Thermotogales","Thermotogaceae","Thermotoga","Thermotoga sp. 2812B","Thermotoga sp. 2812B",2632,NA,NA,1,1,1,2,NA,NA
NA,"Thermotogota","Thermotogae","Thermotogales","Thermotogaceae","Thermotoga","Thermotoga sp. Cell2","Thermotoga sp. Cell2",2633,NA,1,NA,1,1,2,NA,NA
NA,"Thermotogota","Thermotogae","Thermotogales","Thermotogaceae","Thermotoga","Thermotoga sp. RQ2","Thermotoga sp. RQ2",2634,NA,NA,NA,NA,1,2,NA,NA
NA,"Thermotogota","Thermotogae","Thermotogales","Thermotogaceae","Thermotoga","Thermotoga sp. RQ7","Thermotoga sp. RQ7",2635,1,2,1,1,NA,2,1,2
NA,"Aquificota","Aquificia","Desulfurobacteriales","Desulfurobacteriaceae","Thermovibrio","Thermovibrio ammonificans","Thermovibrio ammonificans",2636,NA,1,2,1,1,1,NA,NA
NA,"Synergistota","Synergistia","Synergistales","Thermovirgaceae","Thermovirga","Thermovirga lienii","Thermovirga lienii",2637,NA,1,1,1,NA,6,3,3
NA,"Deinococcota","Deinococci","Thermales","Thermaceae","Thermus","g_Thermus","Thermus",2638,NA,1,NA,NA,NA,NA,NA,NA
NA,"Deinococcota","Deinococci","Thermales","Thermaceae","Thermus","Thermus aquaticus","Thermus aquaticus",2639,1,6,3,7,NA,1,NA,1
NA,"Deinococcota","Deinococci","Thermales","Thermaceae","Thermus","Thermus oshimai","Thermus oshimai",2640,6,5,3,4,1,NA,3,NA
NA,"Deinococcota","Deinococci","Thermales","Thermaceae","Thermus","Thermus parvatiensis","Thermus parvatiensis",2641,NA,1,2,1,NA,NA,NA,NA
NA,"Deinococcota","Deinococci","Thermales","Thermaceae","Thermus","Thermus scotoductus","Thermus scotoductus",2642,7,3,4,7,2,NA,NA,3
NA,"Deinococcota","Deinococci","Thermales","Thermaceae","Thermus","Thermus sp. CCB_US3_UF1","Thermus sp. CCB_US3_UF1",2643,1,5,1,3,1,NA,2,4
NA,"Deinococcota","Deinococci","Thermales","Thermaceae","Thermus","Thermus thermophilus","Thermus thermophilus",2644,1,5,7,3,NA,1,1,NA
NA,"Pseudomonadota","Gammaproteobacteria","Thiotrichales","Piscirickettsiaceae","Thiomicrospira","Thiomicrospira aerophila","Thiomicrospira aerophila",2645,2,NA,1,NA,1,1,NA,2
NA,"Pseudomonadota","Gammaproteobacteria","Thiotrichales","Piscirickettsiaceae","Thiomicrospira","Thiomicrospira cyclica","Thiomicrospira cyclica",2646,NA,NA,2,3,NA,NA,NA,1
NA,"Pseudomonadota","Gammaproteobacteria","Chromatiales","Ectothiorhodospiraceae","Thioalkalivibrio","g_Thioalkalivibrio","Thioalkalivibrio",2647,NA,1,NA,NA,NA,NA,NA,NA
NA,"Pseudomonadota","Gammaproteobacteria","Chromatiales","Ectothiorhodospiraceae","Thioalkalivibrio","Thioalkalivibrio nitratireducens","Thioalkalivibrio nitratireducens",2648,2,NA,4,1,2,3,1,1
NA,"Pseudomonadota","Gammaproteobacteria","Chromatiales","Ectothiorhodospiraceae","Thioalkalivibrio","Thioalkalivibrio paradoxus","Thioalkalivibrio paradoxus",2649,1,5,2,2,2,NA,NA,1
NA,"Pseudomonadota","Gammaproteobacteria","Chromatiales","Ectothiorhodospiraceae","Thioalkalivibrio","Thioalkalivibrio sp. K90mix","Thioalkalivibrio sp. K90mix",2650,2,3,2,1,2,1,1,4
NA,"Pseudomonadota","Gammaproteobacteria","Chromatiales","Ectothiorhodospiraceae","Thioalkalivibrio","Thioalkalivibrio sulfidiphilus","Thioalkalivibrio sulfidiphilus",2651,4,4,12,8,4,3,2,2
NA,"Pseudomonadota","Gammaproteobacteria","Chromatiales","Ectothiorhodospiraceae","Thioalkalivibrio","Thioalkalivibrio versutus","Thioalkalivibrio versutus",2652,3,5,6,4,4,1,NA,3
NA,"Pseudomonadota","Betaproteobacteria","Nitrosomonadales","Thiobacillaceae","Thiobacillus","Thiobacillus denitrificans","Thiobacillus denitrificans",2653,NA,1,2,3,NA,1,1,2
NA,"Pseudomonadota","Gammaproteobacteria","Chromatiales","Chromatiaceae","Thiocystis","Thiocystis violascens","Thiocystis violascens",2654,3,4,6,10,2,4,2,1
NA,"Pseudomonadota","Gammaproteobacteria","Chromatiales","Chromatiaceae","Thioflavicoccus","Thioflavicoccus mobilis","Thioflavicoccus mobilis",2655,NA,2,6,6,3,3,2,1
NA,"Pseudomonadota","Gammaproteobacteria","Chromatiales","Sedimenticolaceae","Thiolapillus","Thiolapillus brandeum","Thiolapillus brandeum",2656,NA,2,1,2,2,1,3,NA
NA,"Pseudomonadota","Gammaproteobacteria","Thiotrichales","Piscirickettsiaceae","Hydrogenovibrio","Hydrogenovibrio crunogenus","Hydrogenovibrio crunogenus",2657,1,NA,NA,NA,NA,2,1,2
NA,"Pseudomonadota","Betaproteobacteria","Burkholderiales","o_Burkholderiales","Thiomonas","Thiomonas intermedia","Thiomonas intermedia",2658,1,5,2,2,2,1,NA,4
NA,"Pseudomonadota","Gammaproteobacteria","Thiotrichales","Thiotrichaceae","Thioploca","Thioploca ingrica","Thioploca ingrica",2659,NA,NA,NA,NA,1,NA,NA,NA
NA,"Unknown","Naldaviricetes","Lefavirales","Nudiviridae","Deltanudivirus","Deltanudivirus tipoleraceae","Tipula oleracea nudivirus",2660,NA,NA,NA,NA,NA,NA,1,NA
NA,"Pseudomonadota","Alphaproteobacteria","Geminicoccales","Geminicoccaceae","Tistrella","Tistrella mobilis","Tistrella mobilis",2661,1,3,8,6,4,2,1,2
NA,"Pseudomonadota","Gammaproteobacteria","Aeromonadales","Aeromonadaceae","Tolumonas","Tolumonas auensis","Tolumonas auensis",2662,4,1,NA,2,2,2,2,2
NA,"Spirochaetota","Spirochaetia","Spirochaetales","Breznakiellaceae","Leadbettera","Leadbettera azotonutricia","Leadbettera azotonutricia",2663,1,2,1,4,1,2,NA,2
NA,"Spirochaetota","Spirochaetia","Spirochaetales","Treponemataceae","Treponema","Treponema brennaborense","Treponema brennaborense",2664,4,2,7,4,5,4,4,1
NA,"Spirochaetota","Spirochaetia","Spirochaetales","Breznakiellaceae","Gracilinema","Gracilinema caldarium","Gracilinema caldarium",2665,4,4,4,3,4,2,NA,3
NA,"Spirochaetota","Spirochaetia","Spirochaetales","Treponemataceae","Treponema","Treponema denticola","Treponema denticola",2666,1,1,4,1,4,3,3,1
NA,"Spirochaetota","Spirochaetia","Spirochaetales","Treponemataceae","Treponema","Treponema pedis","Treponema pedis",2667,1,NA,1,1,1,1,2,2
NA,"Spirochaetota","Spirochaetia","Spirochaetales","Treponemataceae","Treponema","Treponema primitia","Treponema primitia",2668,NA,3,2,2,NA,1,2,3
NA,"Spirochaetota","Spirochaetia","Spirochaetales","Treponemataceae","Treponema","Treponema putidum","Treponema putidum",2669,6,4,2,5,2,4,1,3
NA,"Spirochaetota","Spirochaetia","Spirochaetales","Treponemataceae","Treponema","Treponema sp. OMZ 838","Treponema sp. OMZ 838",2670,4,4,3,7,5,1,4,1
NA,"Spirochaetota","Spirochaetia","Spirochaetales","Treponemataceae","Treponema","Treponema succinifaciens","Treponema succinifaciens",2671,15,20,18,17,15,34,25,16
NA,"Cyanobacteriota","Cyanophyceae","Oscillatoriales","Microcoleaceae","Trichodesmium","Trichodesmium erythraeum","Trichodesmium erythraeum",2672,NA,NA,NA,2,3,1,1,1
NA,"Cyanobacteriota","Cyanophyceae","Nostocales","Nostocaceae","Trichormus","Trichormus azollae","Trichormus azollae",2673,2,1,1,1,2,1,1,1
NA,"Actinomycetota","Actinomycetes","Micrococcales","Tropherymataceae","Tropheryma","Tropheryma whipplei","Tropheryma whipplei",2674,NA,NA,NA,NA,NA,NA,NA,1
NA,"Deinococcota","Deinococci","Trueperales","Trueperaceae","Truepera","g_Truepera","Truepera",2675,NA,2,NA,NA,NA,NA,NA,NA
NA,"Deinococcota","Deinococci","Trueperales","Trueperaceae","Truepera","Truepera radiovictrix","Truepera radiovictrix",2676,5,5,4,5,1,NA,5,3
NA,"Actinomycetota","Actinomycetes","Actinomycetales","Actinomycetaceae","Trueperella","Trueperella pyogenes","Trueperella pyogenes",2677,3,9,14,11,4,2,3,7
NA,"Actinomycetota","Actinomycetes","Mycobacteriales","Tsukamurellaceae","Tsukamurella","Tsukamurella paurometabola","Tsukamurella paurometabola",2678,3,2,4,1,3,3,1,1
NA,"Bacillota","Erysipelotrichia","Erysipelotrichales","Turicibacteraceae","Turicibacter","Turicibacter sp. H121","Turicibacter sp. H121",2679,2,5,3,7,4,9,8,9
NA,"Preplasmiviricota","Pharingeaviricetes","Rowavirales","Adenoviridae","Aviadenovirus","Aviadenovirus gallopavoprimum","Turkey adenovirus 1",2680,NA,NA,NA,NA,NA,NA,1,NA
NA,"Spirochaetota","Spirochaetia","Leptospirales","Leptospiraceae","Turneriella","Turneriella parva","Turneriella parva",2681,NA,4,4,NA,NA,1,2,NA
NA,"Elusimicrobiota","p_Elusimicrobiota","p_Elusimicrobiota","p_Elusimicrobiota","p_Elusimicrobiota","uncultured Termite group 1 bacterium","uncultured Termite group 1 bacterium",2682,NA,2,2,1,NA,1,2,1
NA,"Mycoplasmatota","p_Mycoplasmatota","Mycoplasmoidales","Mycoplasmoidaceae","Ureaplasma","Ureaplasma parvum","Ureaplasma parvum",2683,NA,NA,1,NA,NA,NA,2,1
NA,"Mycoplasmatota","p_Mycoplasmatota","Mycoplasmoidales","Mycoplasmoidaceae","Ureaplasma","Ureaplasma urealyticum","Ureaplasma urealyticum",2684,NA,NA,NA,NA,1,NA,1,NA
NA,"Pseudomonadota","Betaproteobacteria","Burkholderiales","Comamonadaceae","Variovorax","Variovorax paradoxus","Variovorax paradoxus",2685,8,21,14,13,3,7,12,16
NA,"Pseudomonadota","Betaproteobacteria","Burkholderiales","Comamonadaceae","Variovorax","Variovorax sp. PAMC 28711","Variovorax sp. PAMC 28711",2686,5,3,2,3,4,1,5,2
NA,"Bacillota","Negativicutes","Veillonellales","Veillonellaceae","Veillonella","Veillonella parvula","Veillonella parvula",2687,4,1,4,2,34,82,608,115
NA,"Pseudomonadota","Betaproteobacteria","Burkholderiales","Comamonadaceae","Verminephrobacter","Verminephrobacter eiseniae","Verminephrobacter eiseniae",2688,3,5,6,6,4,3,4,1
NA,"Verrucomicrobiota","p_Verrucomicrobiota","p_Verrucomicrobiota","p_Verrucomicrobiota","p_Verrucomicrobiota","Verrucomicrobia bacterium IMCC26134","Verrucomicrobia bacterium IMCC26134",2689,4,4,3,2,3,1,1,3
NA,"Kiritimatiellota","Kiritimatiellia","Kiritimatiellales","Kiritimatiellaceae","Kiritimatiella","Kiritimatiella glycovorans","Verrucomicrobia bacterium L21-Fru-AB",2690,1,4,1,1,1,1,4,NA
NA,"Actinomycetota","Actinomycetes","Micromonosporales","Micromonosporaceae","Micromonospora","Micromonospora maris","Micromonospora maris",2691,3,5,5,3,1,NA,1,NA
NA,"Pseudomonadota","Gammaproteobacteria","Vibrionales","Vibrionaceae","Vibrio","g_Vibrio","Vibrio",2692,NA,NA,1,NA,NA,1,2,NA
NA,"Pseudomonadota","Gammaproteobacteria","Vibrionales","Vibrionaceae","Vibrio","Vibrio alginolyticus","Vibrio alginolyticus",2693,3,1,1,2,6,2,2,4
NA,"Pseudomonadota","Gammaproteobacteria","Vibrionales","Vibrionaceae","Vibrio","Vibrio anguillarum","Vibrio anguillarum",2694,1,NA,2,1,2,NA,2,2
NA,"Pseudomonadota","Gammaproteobacteria","Vibrionales","Vibrionaceae","Vibrio","Vibrio antiquarius","Vibrio antiquarius",2695,1,1,1,3,2,2,2,1
NA,"Pseudomonadota","Gammaproteobacteria","Vibrionales","Vibrionaceae","Vibrio","Vibrio breoganii","Vibrio breoganii",2696,4,1,1,5,3,2,NA,2
NA,"Pseudomonadota","Gammaproteobacteria","Vibrionales","Vibrionaceae","Vibrio","Vibrio campbellii","Vibrio campbellii",2697,4,1,NA,4,7,NA,1,1
NA,"Pseudomonadota","Gammaproteobacteria","Vibrionales","Vibrionaceae","Vibrio","Vibrio cholerae","Vibrio cholerae",2698,2,6,2,7,9,9,18,14
NA,"Pseudomonadota","Gammaproteobacteria","Vibrionales","Vibrionaceae","Vibrio","Vibrio coralliilyticus","Vibrio coralliilyticus",2699,3,NA,3,7,4,1,2,4
NA,"Pseudomonadota","Gammaproteobacteria","Vibrionales","Vibrionaceae","Vibrio","Vibrio fluvialis","Vibrio fluvialis",2700,1,1,NA,NA,8,2,1,3
NA,"Pseudomonadota","Gammaproteobacteria","Vibrionales","Vibrionaceae","Vibrio","Vibrio furnissii","Vibrio furnissii",2701,2,1,1,3,7,2,NA,2
NA,"Pseudomonadota","Gammaproteobacteria","Vibrionales","Vibrionaceae","Vibrio","Vibrio harveyi","Vibrio harveyi",2702,3,2,NA,1,3,NA,NA,1
NA,"Pseudomonadota","Gammaproteobacteria","Vibrionales","Vibrionaceae","Vibrio","Vibrio mimicus","Vibrio mimicus",2703,4,6,1,3,1,4,3,7
NA,"Pseudomonadota","Gammaproteobacteria","Vibrionales","Vibrionaceae","Vibrio","Vibrio natriegens","Vibrio natriegens",2704,1,NA,4,2,6,1,4,3
NA,"Pseudomonadota","Gammaproteobacteria","Vibrionales","Vibrionaceae","Vibrio","Vibrio nigripulchritudo","Vibrio nigripulchritudo",2705,1,2,NA,NA,4,4,4,3
NA,"Pseudomonadota","Gammaproteobacteria","Vibrionales","Vibrionaceae","Vibrio","Vibrio parahaemolyticus","Vibrio parahaemolyticus",2706,5,1,2,4,9,4,2,5
NA,"Uroviricota","Caudoviricetes","Pantevenvirales","Straboviridae","Mylasvirus","Mylasvirus persius","Vibrio phage nt-1",2707,NA,NA,NA,NA,NA,NA,1,NA
NA,"Pseudomonadota","Gammaproteobacteria","Vibrionales","Vibrionaceae","Vibrio","Vibrio scophthalmi","Vibrio scophthalmi",2708,NA,NA,2,2,NA,2,NA,3
NA,"Pseudomonadota","Gammaproteobacteria","Vibrionales","Vibrionaceae","Vibrio","Vibrio sp. EJY3","Vibrio sp. EJY3",2709,NA,NA,4,2,5,1,1,2
NA,"Pseudomonadota","Gammaproteobacteria","Vibrionales","Vibrionaceae","Vibrio","Vibrio tasmaniensis","Vibrio tasmaniensis",2710,3,NA,1,NA,NA,NA,2,4
NA,"Pseudomonadota","Gammaproteobacteria","Vibrionales","Vibrionaceae","Vibrio","Vibrio tritonius","Vibrio tritonius",2711,NA,1,1,NA,5,1,NA,1
NA,"Pseudomonadota","Gammaproteobacteria","Vibrionales","Vibrionaceae","Vibrio","Vibrio tubiashii","Vibrio tubiashii",2712,2,2,1,1,2,1,2,2
NA,"Pseudomonadota","Gammaproteobacteria","Vibrionales","Vibrionaceae","Vibrio","Vibrio vulnificus","Vibrio vulnificus",2713,3,5,1,4,7,2,2,4
NA,"Bacillota","Bacilli","Bacillales","Bacillaceae","Virgibacillus","Virgibacillus sp. SK37","Virgibacillus sp. SK37",2714,1,NA,NA,NA,NA,7,NA,4
NA,"Thermoproteota","Thermoprotei","Thermoproteales","Thermoproteaceae","Vulcanisaeta","Vulcanisaeta distributa","Vulcanisaeta distributa",2715,NA,NA,NA,NA,NA,NA,NA,1
NA,"Thermoproteota","Thermoprotei","Thermoproteales","Thermoproteaceae","Vulcanisaeta","Vulcanisaeta moutnovskia","Vulcanisaeta moutnovskia",2716,2,5,1,NA,4,1,NA,NA
NA,"Myxococcota","Myxococcia","Myxococcales","Vulgatibacteraceae","Vulgatibacter","Vulgatibacter incomptus","Vulgatibacter incomptus",2717,3,7,6,5,5,2,2,1
NA,"Chlamydiota","Chlamydiia","Parachlamydiales","Waddliaceae","Waddlia","Waddlia chondrophila","Waddlia chondrophila",2718,NA,2,NA,1,1,1,NA,NA
NA,"Bacteroidota","Flavobacteriia","Flavobacteriales","Weeksellaceae","Weeksella","Weeksella virosa","Weeksella virosa",2719,4,4,2,4,5,3,1,8
NA,"Bacillota","Bacilli","Lactobacillales","Lactobacillaceae","Weissella","g_Weissella","Weissella",2720,NA,2,NA,NA,NA,NA,NA,NA
NA,"Bacillota","Bacilli","Lactobacillales","Lactobacillaceae","Weissella","Weissella ceti","Weissella ceti",2721,1,3,4,2,1,1,4,3
NA,"Bacillota","Bacilli","Lactobacillales","Lactobacillaceae","Weissella","Weissella cibaria","Weissella cibaria",2722,NA,4,3,2,1,1,NA,1
NA,"Bacillota","Bacilli","Lactobacillales","Lactobacillaceae","Weissella","Weissella koreensis","Weissella koreensis",2723,1,3,3,3,NA,4,4,1
NA,"Uroviricota","Caudoviricetes","c_Caudoviricetes","c_Caudoviricetes","c_Caudoviricetes","Weissella phage WCP30","Weissella phage WCP30",2724,NA,NA,NA,NA,NA,1,1,NA
NA,"Bacteroidota","Flavobacteriia","Flavobacteriales","Flavobacteriaceae","Wenyingzhuangia","Wenyingzhuangia fucanilytica","Wenyingzhuangia fucanilytica",2725,8,1,1,4,6,1,3,4
NA,"Pseudomonadota","Gammaproteobacteria","Chromatiales","Wenzhouxiangellaceae","Wenzhouxiangella","Wenzhouxiangella marina","Wenzhouxiangella marina",2726,1,1,1,3,3,NA,3,1
NA,"Unknown","Naldaviricetes","c_Naldaviricetes","Nimaviridae","Whispovirus","White spot syndrome virus","White spot syndrome virus",2727,NA,NA,NA,1,NA,NA,NA,NA
NA,"Pseudomonadota","Gammaproteobacteria","Enterobacterales","Erwiniaceae","Wigglesworthia","Wigglesworthia glossinidia","Wigglesworthia glossinidia",2728,NA,1,1,NA,2,NA,1,NA
NA,"Bacteroidota","Flavobacteriia","Flavobacteriales","Flavobacteriaceae","Winogradskyella","Winogradskyella sp. PG-2","Winogradskyella sp. PG-2",2729,6,1,1,1,5,NA,2,3
NA,"Pseudomonadota","Gammaproteobacteria","Woeseiales","Woeseiaceae","Woeseia","Woeseia oceani","Woeseia oceani",2730,1,1,1,NA,2,1,NA,NA
NA,"Pseudomonadota","Alphaproteobacteria","Rickettsiales","Anaplasmataceae","Wolbachia","Wolbachia endosymbiont of Brugia malayi","Wolbachia endosymbiont of Brugia malayi",2731,NA,NA,NA,1,NA,1,1,NA
NA,"Pseudomonadota","Alphaproteobacteria","Rickettsiales","Anaplasmataceae","Wolbachia","Wolbachia endosymbiont of Cimex lectularius","Wolbachia endosymbiont of Cimex lectularius",2732,NA,NA,NA,2,NA,NA,NA,NA
NA,"Pseudomonadota","Alphaproteobacteria","Rickettsiales","Anaplasmataceae","Wolbachia","Wolbachia endosymbiont of Drosophila simulans","Wolbachia endosymbiont of Drosophila simulans",2733,NA,NA,NA,NA,NA,1,NA,NA
NA,"Pseudomonadota","Alphaproteobacteria","Rickettsiales","Anaplasmataceae","Wolbachia","Wolbachia endosymbiont of Onchocerca ochengi","Wolbachia endosymbiont of Onchocerca ochengi",2734,NA,NA,NA,NA,NA,NA,1,NA
NA,"Campylobacterota","Epsilonproteobacteria","Campylobacterales","Helicobacteraceae","Wolinella","Wolinella succinogenes","Wolinella succinogenes",2735,NA,2,1,2,2,NA,1,1
NA,"Pseudomonadota","Alphaproteobacteria","Hyphomicrobiales","Xanthobacteraceae","Xanthobacter","Xanthobacter autotrophicus","Xanthobacter autotrophicus",2736,3,5,5,7,4,2,3,NA
NA,"Pseudomonadota","Gammaproteobacteria","Lysobacterales","Lysobacteraceae","f_Lysobacteraceae","f_Lysobacteraceae","Lysobacteraceae",2737,NA,NA,NA,1,NA,NA,NA,NA
NA,"Pseudomonadota","Gammaproteobacteria","Lysobacterales","Lysobacteraceae","Xanthomonas","g_Xanthomonas","Xanthomonas",2738,NA,NA,NA,NA,NA,NA,1,NA
NA,"Pseudomonadota","Gammaproteobacteria","Lysobacterales","Lysobacteraceae","Xanthomonas","Xanthomonas albilineans","Xanthomonas albilineans",2739,1,1,NA,NA,1,1,1,1
NA,"Pseudomonadota","Gammaproteobacteria","Lysobacterales","Lysobacteraceae","Xanthomonas","Xanthomonas alfalfae","Xanthomonas alfalfae",2740,7,6,2,6,3,4,NA,2
NA,"Pseudomonadota","Gammaproteobacteria","Lysobacterales","Lysobacteraceae","Xanthomonas","Xanthomonas axonopodis","Xanthomonas axonopodis",2741,3,6,3,6,1,3,NA,2
NA,"Pseudomonadota","Gammaproteobacteria","Lysobacterales","Lysobacteraceae","Xanthomonas","Xanthomonas campestris","Xanthomonas campestris",2742,11,16,10,21,9,10,7,5
NA,"Pseudomonadota","Gammaproteobacteria","Lysobacterales","Lysobacteraceae","Xanthomonas","Xanthomonas citri","Xanthomonas citri",2743,8,7,4,8,3,4,1,4
NA,"Pseudomonadota","Gammaproteobacteria","Lysobacterales","Lysobacteraceae","Xanthomonas","Xanthomonas euvesicatoria","Xanthomonas euvesicatoria",2744,5,5,2,5,3,5,1,3
NA,"Pseudomonadota","Gammaproteobacteria","Lysobacterales","Lysobacteraceae","Xanthomonas","Xanthomonas fragariae","Xanthomonas fragariae",2745,5,2,3,1,1,1,1,3
NA,"Pseudomonadota","Gammaproteobacteria","Lysobacterales","Lysobacteraceae","Xanthomonas","Xanthomonas citri","Xanthomonas citri pv. fuscans",2746,3,3,2,5,1,4,1,4
NA,"Pseudomonadota","Gammaproteobacteria","Lysobacterales","Lysobacteraceae","Xanthomonas","Xanthomonas oryzae","Xanthomonas oryzae",2747,13,9,5,16,3,5,3,3
NA,"Pseudomonadota","Gammaproteobacteria","Lysobacterales","Lysobacteraceae","Xanthomonas","Xanthomonas sacchari","Xanthomonas sacchari",2748,5,5,4,6,1,7,3,7
NA,"Pseudomonadota","Gammaproteobacteria","Lysobacterales","Lysobacteraceae","Xanthomonas","Xanthomonas translucens","Xanthomonas translucens",2749,8,8,4,4,3,4,3,5
NA,"Pseudomonadota","Gammaproteobacteria","Enterobacterales","Morganellaceae","Xenorhabdus","Xenorhabdus bovienii","Xenorhabdus bovienii",2750,1,3,2,3,5,3,7,2
NA,"Pseudomonadota","Gammaproteobacteria","Enterobacterales","Morganellaceae","Xenorhabdus","Xenorhabdus doucetiae","Xenorhabdus doucetiae",2751,NA,1,1,4,1,NA,NA,NA
NA,"Pseudomonadota","Gammaproteobacteria","Enterobacterales","Morganellaceae","Xenorhabdus","Xenorhabdus hominickii","Xenorhabdus hominickii",2752,7,NA,1,2,2,2,3,1
NA,"Pseudomonadota","Gammaproteobacteria","Enterobacterales","Morganellaceae","Xenorhabdus","Xenorhabdus nematophila","Xenorhabdus nematophila",2753,NA,NA,2,3,1,1,2,NA
NA,"Pseudomonadota","Gammaproteobacteria","Enterobacterales","Morganellaceae","Xenorhabdus","Xenorhabdus poinarii","Xenorhabdus poinarii",2754,2,NA,3,3,NA,1,NA,1
NA,"Actinomycetota","Actinomycetes","Micrococcales","Promicromonosporaceae","Xylanimonas","Xylanimonas cellulosilytica","Xylanimonas cellulosilytica",2755,5,2,5,2,2,1,6,9
NA,"Pseudomonadota","Gammaproteobacteria","Lysobacterales","Lysobacteraceae","Xylella","Xylella fastidiosa","Xylella fastidiosa",2756,1,1,1,NA,NA,2,2,1
NA,"Pseudomonadota","Alphaproteobacteria","Rhodobacterales","Roseobacteraceae","Salipiger","Salipiger sp. CCB-MM3","Yangia sp. CCB-MM3",2757,8,5,8,5,3,4,1,4
NA,"Nucleocytoviricota","Megaviricetes","Imitervirales","Mimiviridae","f_Mimiviridae","Yellowstone lake mimivirus","Yellowstone lake mimivirus",2758,3,NA,NA,NA,2,NA,NA,NA
NA,"Nucleocytoviricota","Megaviricetes","Algavirales","Phycodnaviridae","Prasinovirus","Yellowstone lake phycodnavirus 2","Yellowstone lake phycodnavirus 2",2759,NA,NA,NA,NA,NA,1,NA,NA
NA,"Nucleocytoviricota","Megaviricetes","Algavirales","Phycodnaviridae","Prasinovirus","Yellowstone lake phycodnavirus 3","Yellowstone lake phycodnavirus 3",2760,1,NA,NA,NA,NA,NA,NA,NA
NA,"Pseudomonadota","Gammaproteobacteria","Enterobacterales","Yersiniaceae","Yersinia","g_Yersinia","Yersinia
 
 <enterobacteria>
 
",2761,NA,1,NA,NA,NA,NA,NA,NA
NA,"Pseudomonadota","Gammaproteobacteria","Enterobacterales","Yersiniaceae","Yersinia","Yersinia aldovae","Yersinia aldovae",2762,2,2,NA,2,NA,NA,2,3
NA,"Pseudomonadota","Gammaproteobacteria","Enterobacterales","Yersiniaceae","Yersinia","Yersinia aleksiciae","Yersinia aleksiciae",2763,6,3,2,4,5,1,2,1
NA,"Pseudomonadota","Gammaproteobacteria","Enterobacterales","Yersiniaceae","Yersinia","Yersinia enterocolitica","Yersinia enterocolitica",2764,6,8,1,6,5,6,3,6
NA,"Pseudomonadota","Gammaproteobacteria","Enterobacterales","Yersiniaceae","Yersinia","Yersinia frederiksenii","Yersinia frederiksenii",2765,3,1,NA,2,1,2,NA,1
NA,"Pseudomonadota","Gammaproteobacteria","Enterobacterales","Yersiniaceae","Yersinia","Yersinia intermedia","Yersinia intermedia",2766,3,2,2,2,4,1,NA,3
NA,"Pseudomonadota","Gammaproteobacteria","Enterobacterales","Yersiniaceae","Yersinia","Yersinia kristensenii","Yersinia kristensenii",2767,2,3,NA,3,2,1,2,NA
NA,"Pseudomonadota","Gammaproteobacteria","Enterobacterales","Yersiniaceae","Yersinia","Yersinia pestis","Yersinia pestis",2768,4,NA,2,NA,1,3,6,9
NA,"Uroviricota","Caudoviricetes","c_Caudoviricetes","c_Caudoviricetes","c_Caudoviricetes","Yersinia phage phiR1-37","Yersinia phage phiR1-37",2769,NA,NA,NA,1,NA,NA,NA,NA
NA,"Uroviricota","Caudoviricetes","Pantevenvirales","Straboviridae","Tegunavirus","Tegunavirus r1rt","Yersinia phage phiR1-RT",2770,NA,NA,NA,NA,NA,1,NA,NA
NA,"Uroviricota","Caudoviricetes","Pantevenvirales","Straboviridae","Tegunavirus","Tegunavirus yenmtg1","Yersinia phage vB_YenM_TG1",2771,NA,NA,NA,NA,NA,1,NA,NA
NA,"Uroviricota","Caudoviricetes","Autographivirales","Autonotataviridae","Aghbyvirus","Aghbyvirus ISAO8","Yersinia phage vB_YenP_ISAO8",2772,NA,1,1,1,NA,NA,NA,NA
NA,"Pseudomonadota","Gammaproteobacteria","Enterobacterales","Yersiniaceae","Yersinia","Yersinia pseudotuberculosis","Yersinia pseudotuberculosis",2773,4,NA,4,NA,NA,5,6,11
NA,"Pseudomonadota","Gammaproteobacteria","Enterobacterales","Yersiniaceae","Yersinia","Yersinia rohdei","Yersinia rohdei",2774,1,4,NA,2,1,1,2,1
NA,"Pseudomonadota","Gammaproteobacteria","Enterobacterales","Yersiniaceae","Yersinia","Yersinia ruckeri","Yersinia ruckeri",2775,NA,1,2,2,1,NA,NA,1
NA,"Pseudomonadota","Gammaproteobacteria","Enterobacterales","Yersiniaceae","Yersinia","Yersinia similis","Yersinia similis",2776,7,1,1,NA,5,2,2,3
NA,"Nucleocytoviricota","Pokkesviricetes","Chitovirales","Poxviridae","Centapoxvirus","Centapoxvirus yokapox","Yoka poxvirus",2777,NA,NA,NA,NA,NA,NA,1,NA
NA,"Pseudomonadota","Gammaproteobacteria","Cellvibrionales","Spongiibacteraceae","Zhongshania","Zhongshania aliphaticivorans","Zhongshania aliphaticivorans",2778,1,3,1,NA,NA,NA,1,3
NA,"Bacteroidota","Flavobacteriia","Flavobacteriales","Flavobacteriaceae","Zobellia","Zobellia galactanivorans","Zobellia galactanivorans",2779,6,6,3,4,6,2,6,2
NA,"Bacteroidota","Flavobacteriia","Flavobacteriales","Flavobacteriaceae","Zunongwangia","Zunongwangia profunda","Zunongwangia profunda",2780,1,3,6,4,11,6,7,2
NA,"Pseudomonadota","Alphaproteobacteria","Sphingomonadales","Zymomonadaceae","Zymomonas","Zymomonas mobilis","Zymomonas mobilis",2781,1,NA,1,NA,3,1,2,5
