"qseqid","sseqid","pident","length","mismatch","gapopen","qstart","qend","sstart","send","evalue","bitscore","staxid","MetaScope_Taxid","MetaScope_Genome","genus","species"
"ti|479437|org|Eggerthella_lenta_DSM_2243|accession|NC_013204.1","gi|2188856873|dbj|AP025575.1|",100,150,0,0,1,150,1761038,1760889,1.93e-70,278,84112,479437,"Eggerthella lenta","Eggerthella","lenta"
"ti|479437|org|Eggerthella_lenta_DSM_2243|accession|NC_013204.1","gi|2173453036|gb|CP089338.1|",100,150,0,0,1,150,1590386,1590535,1.93e-70,278,84112,479437,"Eggerthella lenta","Eggerthella","lenta"
"ti|479437|org|Eggerthella_lenta_DSM_2243|accession|NC_013204.1","gi|2173453034|gb|CP089336.1|",100,150,0,0,1,150,1709209,1709060,1.93e-70,278,84112,479437,"Eggerthella lenta","Eggerthella","lenta"
"ti|479437|org|Eggerthella_lenta_DSM_2243|accession|NC_013204.1","gi|2173450297|gb|CP089335.1|",100,150,0,0,1,150,2167359,2167210,1.93e-70,278,84112,479437,"Eggerthella lenta","Eggerthella","lenta"
"ti|479437|org|Eggerthella_lenta_DSM_2243|accession|NC_013204.1","gi|2173450296|gb|CP089334.1|",100,150,0,0,1,150,1568584,1568733,1.93e-70,278,84112,479437,"Eggerthella lenta","Eggerthella","lenta"
"ti|479437|org|Eggerthella_lenta_DSM_2243|accession|NC_013204.1","gi|2173450295|gb|CP089333.1|",100,150,0,0,1,150,1629594,1629743,1.93e-70,278,84112,479437,"Eggerthella lenta","Eggerthella","lenta"
"ti|479437|org|Eggerthella_lenta_DSM_2243|accession|NC_013204.1","gi|2173450293|gb|CP089331.1|",100,150,0,0,1,150,1687685,1687834,1.93e-70,278,84112,479437,"Eggerthella lenta","Eggerthella","lenta"
"ti|479437|org|Eggerthella_lenta_DSM_2243|accession|NC_013204.1","gi|257473675|gb|CP001726.1|",100,150,0,0,1,150,1758085,1758234,1.93e-70,278,479437,479437,"Eggerthella lenta","Eggerthella","lenta"
"ti|479437|org|Eggerthella_lenta_DSM_2243|accession|NC_013204.1","gi|1194427778|gb|CP021140.1|",97.333,150,4,0,1,150,1896074,1895925,9.04e-64,255,84112,479437,"Eggerthella lenta","Eggerthella","lenta"
"ti|479437|org|Eggerthella_lenta_DSM_2243|accession|NC_013204.1","gi|2173453035|gb|CP089337.1|",97.333,150,4,0,1,150,1814172,1814023,9.04e-64,255,84112,479437,"Eggerthella lenta","Eggerthella","lenta"
"ti|479437|org|Eggerthella_lenta_DSM_2243|accession|NC_013204.1","gi|1194427778|gb|CP021140.1|",100,150,0,0,1,150,300565,300416,1.93e-70,278,84112,479437,"Eggerthella lenta","Eggerthella","lenta"
"ti|479437|org|Eggerthella_lenta_DSM_2243|accession|NC_013204.1","gi|2188856873|dbj|AP025575.1|",100,150,0,0,1,150,3208591,3208740,1.93e-70,278,84112,479437,"Eggerthella lenta","Eggerthella","lenta"
"ti|479437|org|Eggerthella_lenta_DSM_2243|accession|NC_013204.1","gi|2173453036|gb|CP089338.1|",100,150,0,0,1,150,3098471,3098620,1.93e-70,278,84112,479437,"Eggerthella lenta","Eggerthella","lenta"
"ti|479437|org|Eggerthella_lenta_DSM_2243|accession|NC_013204.1","gi|2173453035|gb|CP089337.1|",100,150,0,0,1,150,3227625,3227774,1.93e-70,278,84112,479437,"Eggerthella lenta","Eggerthella","lenta"
"ti|479437|org|Eggerthella_lenta_DSM_2243|accession|NC_013204.1","gi|2173453034|gb|CP089336.1|",100,150,0,0,1,150,3106461,3106610,1.93e-70,278,84112,479437,"Eggerthella lenta","Eggerthella","lenta"
"ti|479437|org|Eggerthella_lenta_DSM_2243|accession|NC_013204.1","gi|2173450297|gb|CP089335.1|",100,150,0,0,1,150,3547819,3547968,1.93e-70,278,84112,479437,"Eggerthella lenta","Eggerthella","lenta"
"ti|479437|org|Eggerthella_lenta_DSM_2243|accession|NC_013204.1","gi|2173450296|gb|CP089334.1|",100,150,0,0,1,150,3128285,3128434,1.93e-70,278,84112,479437,"Eggerthella lenta","Eggerthella","lenta"
"ti|479437|org|Eggerthella_lenta_DSM_2243|accession|NC_013204.1","gi|2173450293|gb|CP089331.1|",100,150,0,0,1,150,3235516,3235665,1.93e-70,278,84112,479437,"Eggerthella lenta","Eggerthella","lenta"
"ti|479437|org|Eggerthella_lenta_DSM_2243|accession|NC_013204.1","gi|257473675|gb|CP001726.1|",100,150,0,0,1,150,3475412,3475561,1.93e-70,278,479437,479437,"Eggerthella lenta","Eggerthella","lenta"
"ti|479437|org|Eggerthella_lenta_DSM_2243|accession|NC_013204.1","gi|2173450295|gb|CP089333.1|",98.667,150,2,0,1,150,3404810,3404959,4.18e-67,267,84112,479437,"Eggerthella lenta","Eggerthella","lenta"
"ti|479437|org|Eggerthella_lenta_DSM_2243|accession|NC_013204.1","gi|1194427778|gb|CP021140.1|",100,150,0,0,1,150,3375803,3375654,1.93e-70,278,84112,479437,"Eggerthella lenta","Eggerthella","lenta"
"ti|479437|org|Eggerthella_lenta_DSM_2243|accession|NC_013204.1","gi|2188856873|dbj|AP025575.1|",100,150,0,0,1,150,354559,354708,1.93e-70,278,84112,479437,"Eggerthella lenta","Eggerthella","lenta"
"ti|479437|org|Eggerthella_lenta_DSM_2243|accession|NC_013204.1","gi|2173453036|gb|CP089338.1|",100,150,0,0,1,150,307142,307291,1.93e-70,278,84112,479437,"Eggerthella lenta","Eggerthella","lenta"
"ti|479437|org|Eggerthella_lenta_DSM_2243|accession|NC_013204.1","gi|2173453035|gb|CP089337.1|",100,150,0,0,1,150,307494,307643,1.93e-70,278,84112,479437,"Eggerthella lenta","Eggerthella","lenta"
"ti|479437|org|Eggerthella_lenta_DSM_2243|accession|NC_013204.1","gi|2173453034|gb|CP089336.1|",100,150,0,0,1,150,307118,307267,1.93e-70,278,84112,479437,"Eggerthella lenta","Eggerthella","lenta"
"ti|479437|org|Eggerthella_lenta_DSM_2243|accession|NC_013204.1","gi|2173450297|gb|CP089335.1|",100,150,0,0,1,150,2989666,2989517,1.93e-70,278,84112,479437,"Eggerthella lenta","Eggerthella","lenta"
"ti|479437|org|Eggerthella_lenta_DSM_2243|accession|NC_013204.1","gi|2173450296|gb|CP089334.1|",100,150,0,0,1,150,314524,314673,1.93e-70,278,84112,479437,"Eggerthella lenta","Eggerthella","lenta"
"ti|479437|org|Eggerthella_lenta_DSM_2243|accession|NC_013204.1","gi|2173450295|gb|CP089333.1|",100,150,0,0,1,150,3147755,3147606,1.93e-70,278,84112,479437,"Eggerthella lenta","Eggerthella","lenta"
"ti|479437|org|Eggerthella_lenta_DSM_2243|accession|NC_013204.1","gi|2173450293|gb|CP089331.1|",100,150,0,0,1,150,314632,314781,1.93e-70,278,84112,479437,"Eggerthella lenta","Eggerthella","lenta"
"ti|479437|org|Eggerthella_lenta_DSM_2243|accession|NC_013204.1","gi|257473675|gb|CP001726.1|",100,150,0,0,1,150,346706,346855,1.93e-70,278,479437,479437,"Eggerthella lenta","Eggerthella","lenta"
"ti|479437|org|Eggerthella_lenta_DSM_2243|accession|NC_013204.1","gi|2173450293|gb|CP089331.1|",100,150,0,0,1,150,1045810,1045959,1.93e-70,278,84112,479437,"Eggerthella lenta","Eggerthella","lenta"
"ti|479437|org|Eggerthella_lenta_DSM_2243|accession|NC_013204.1","gi|257473675|gb|CP001726.1|",100,150,0,0,1,150,1781444,1781593,1.93e-70,278,479437,479437,"Eggerthella lenta","Eggerthella","lenta"
"ti|479437|org|Eggerthella_lenta_DSM_2243|accession|NC_013204.1","gi|1194427778|gb|CP021140.1|",94.631,149,8,0,2,150,2541911,2541763,1.52e-56,231,84112,479437,"Eggerthella lenta","Eggerthella","lenta"
"ti|479437|org|Eggerthella_lenta_DSM_2243|accession|NC_013204.1","gi|2173453035|gb|CP089337.1|",94.631,149,8,0,2,150,2436976,2436828,1.52e-56,231,84112,479437,"Eggerthella lenta","Eggerthella","lenta"
"ti|479437|org|Eggerthella_lenta_DSM_2243|accession|NC_013204.1","gi|338903436|dbj|AP012211.1|",93.333,150,10,0,1,150,554332,554183,9.17e-54,222,502558,479437,"Eggerthella lenta","Eggerthella","sp. YY7918"
"ti|479437|org|Eggerthella_lenta_DSM_2243|accession|NC_013204.1","gi|1194427778|gb|CP021140.1|",100,150,0,0,1,150,1641175,1641026,1.93e-70,278,84112,479437,"Eggerthella lenta","Eggerthella","lenta"
"ti|479437|org|Eggerthella_lenta_DSM_2243|accession|NC_013204.1","gi|2188856873|dbj|AP025575.1|",100,150,0,0,1,150,1497454,1497305,1.93e-70,278,84112,479437,"Eggerthella lenta","Eggerthella","lenta"
"ti|479437|org|Eggerthella_lenta_DSM_2243|accession|NC_013204.1","gi|2173453036|gb|CP089338.1|",100,150,0,0,1,150,1847381,1847530,1.93e-70,278,84112,479437,"Eggerthella lenta","Eggerthella","lenta"
"ti|479437|org|Eggerthella_lenta_DSM_2243|accession|NC_013204.1","gi|2173453035|gb|CP089337.1|",100,150,0,0,1,150,1562767,1562618,1.93e-70,278,84112,479437,"Eggerthella lenta","Eggerthella","lenta"
"ti|479437|org|Eggerthella_lenta_DSM_2243|accession|NC_013204.1","gi|2173453034|gb|CP089336.1|",100,150,0,0,1,150,1455103,1454954,1.93e-70,278,84112,479437,"Eggerthella lenta","Eggerthella","lenta"
"ti|479437|org|Eggerthella_lenta_DSM_2243|accession|NC_013204.1","gi|2173450296|gb|CP089334.1|",100,150,0,0,1,150,1823955,1824104,1.93e-70,278,84112,479437,"Eggerthella lenta","Eggerthella","lenta"
"ti|479437|org|Eggerthella_lenta_DSM_2243|accession|NC_013204.1","gi|2173450295|gb|CP089333.1|",100,150,0,0,1,150,1885324,1885473,1.93e-70,278,84112,479437,"Eggerthella lenta","Eggerthella","lenta"
"ti|479437|org|Eggerthella_lenta_DSM_2243|accession|NC_013204.1","gi|2173450293|gb|CP089331.1|",100,150,0,0,1,150,1941285,1941434,1.93e-70,278,84112,479437,"Eggerthella lenta","Eggerthella","lenta"
"ti|479437|org|Eggerthella_lenta_DSM_2243|accession|NC_013204.1","gi|2173450297|gb|CP089335.1|",99.32,147,1,0,4,150,1896439,1896293,4.18e-67,267,84112,479437,"Eggerthella lenta","Eggerthella","lenta"
"ti|479437|org|Eggerthella_lenta_DSM_2243|accession|NC_013204.1","gi|257473675|gb|CP001726.1|",98.667,150,2,0,1,150,2058637,2058786,4.18e-67,267,479437,479437,"Eggerthella lenta","Eggerthella","lenta"
"ti|479437|org|Eggerthella_lenta_DSM_2243|accession|NC_013204.1","gi|1194427778|gb|CP021140.1|",100,150,0,0,1,150,987960,988109,1.93e-70,278,84112,479437,"Eggerthella lenta","Eggerthella","lenta"
"ti|479437|org|Eggerthella_lenta_DSM_2243|accession|NC_013204.1","gi|2188856873|dbj|AP025575.1|",100,150,0,0,1,150,857615,857764,1.93e-70,278,84112,479437,"Eggerthella lenta","Eggerthella","lenta"
"ti|479437|org|Eggerthella_lenta_DSM_2243|accession|NC_013204.1","gi|2173453036|gb|CP089338.1|",100,150,0,0,1,150,2485682,2485533,1.93e-70,278,84112,479437,"Eggerthella lenta","Eggerthella","lenta"
"ti|479437|org|Eggerthella_lenta_DSM_2243|accession|NC_013204.1","gi|2173453034|gb|CP089336.1|",100,150,0,0,1,150,829445,829594,1.93e-70,278,84112,479437,"Eggerthella lenta","Eggerthella","lenta"
"ti|479437|org|Eggerthella_lenta_DSM_2243|accession|NC_013204.1","gi|2173450296|gb|CP089334.1|",100,150,0,0,1,150,2516719,2516570,1.93e-70,278,84112,479437,"Eggerthella lenta","Eggerthella","lenta"
"ti|479437|org|Eggerthella_lenta_DSM_2243|accession|NC_013204.1","gi|2173450293|gb|CP089331.1|",100,150,0,0,1,150,2597963,2597814,1.93e-70,278,84112,479437,"Eggerthella lenta","Eggerthella","lenta"
"ti|479437|org|Eggerthella_lenta_DSM_2243|accession|NC_013204.1","gi|2173453035|gb|CP089337.1|",99.333,150,1,0,1,150,844678,844827,8.98e-69,272,84112,479437,"Eggerthella lenta","Eggerthella","lenta"
"ti|479437|org|Eggerthella_lenta_DSM_2243|accession|NC_013204.1","gi|257473675|gb|CP001726.1|",97.333,150,4,0,1,150,862695,862844,9.04e-64,255,479437,479437,"Eggerthella lenta","Eggerthella","lenta"
"ti|479437|org|Eggerthella_lenta_DSM_2243|accession|NC_013204.1","gi|1194427778|gb|CP021140.1|",100,150,0,0,1,150,3321710,3321561,1.93e-70,278,84112,479437,"Eggerthella lenta","Eggerthella","lenta"
"ti|479437|org|Eggerthella_lenta_DSM_2243|accession|NC_013204.1","gi|2188856873|dbj|AP025575.1|",100,150,0,0,1,150,408632,408781,1.93e-70,278,84112,479437,"Eggerthella lenta","Eggerthella","lenta"
"ti|479437|org|Eggerthella_lenta_DSM_2243|accession|NC_013204.1","gi|2173453036|gb|CP089338.1|",100,150,0,0,1,150,361260,361409,1.93e-70,278,84112,479437,"Eggerthella lenta","Eggerthella","lenta"
"ti|479437|org|Eggerthella_lenta_DSM_2243|accession|NC_013204.1","gi|2173453035|gb|CP089337.1|",100,150,0,0,1,150,361611,361760,1.93e-70,278,84112,479437,"Eggerthella lenta","Eggerthella","lenta"
"ti|479437|org|Eggerthella_lenta_DSM_2243|accession|NC_013204.1","gi|2173450297|gb|CP089335.1|",100,150,0,0,1,150,709572,709721,1.93e-70,278,84112,479437,"Eggerthella lenta","Eggerthella","lenta"
"ti|479437|org|Eggerthella_lenta_DSM_2243|accession|NC_013204.1","gi|2173450296|gb|CP089334.1|",100,150,0,0,1,150,371788,371937,1.93e-70,278,84112,479437,"Eggerthella lenta","Eggerthella","lenta"
"ti|479437|org|Eggerthella_lenta_DSM_2243|accession|NC_013204.1","gi|2173450295|gb|CP089333.1|",100,150,0,0,1,150,3090515,3090366,1.93e-70,278,84112,479437,"Eggerthella lenta","Eggerthella","lenta"
"ti|479437|org|Eggerthella_lenta_DSM_2243|accession|NC_013204.1","gi|2173450293|gb|CP089331.1|",100,150,0,0,1,150,369230,369379,1.93e-70,278,84112,479437,"Eggerthella lenta","Eggerthella","lenta"
"ti|479437|org|Eggerthella_lenta_DSM_2243|accession|NC_013204.1","gi|257473675|gb|CP001726.1|",100,150,0,0,1,150,400799,400948,1.93e-70,278,479437,479437,"Eggerthella lenta","Eggerthella","lenta"
"ti|479437|org|Eggerthella_lenta_DSM_2243|accession|NC_013204.1","gi|2173453034|gb|CP089336.1|",99.333,150,1,0,1,150,364360,364509,8.98e-69,272,84112,479437,"Eggerthella lenta","Eggerthella","lenta"
"ti|479437|org|Eggerthella_lenta_DSM_2243|accession|NC_013204.1","gi|2188856873|dbj|AP025575.1|",100,150,0,0,1,150,1957519,1957370,1.93e-70,278,84112,479437,"Eggerthella lenta","Eggerthella","lenta"
"ti|479437|org|Eggerthella_lenta_DSM_2243|accession|NC_013204.1","gi|2173453036|gb|CP089338.1|",100,150,0,0,1,150,1415919,1416068,1.93e-70,278,84112,479437,"Eggerthella lenta","Eggerthella","lenta"
"ti|479437|org|Eggerthella_lenta_DSM_2243|accession|NC_013204.1","gi|2173453034|gb|CP089336.1|",100,150,0,0,1,150,1904175,1904026,1.93e-70,278,84112,479437,"Eggerthella lenta","Eggerthella","lenta"
"ti|479437|org|Eggerthella_lenta_DSM_2243|accession|NC_013204.1","gi|2173450295|gb|CP089333.1|",100,150,0,0,1,150,1449747,1449896,1.93e-70,278,84112,479437,"Eggerthella lenta","Eggerthella","lenta"
"ti|479437|org|Eggerthella_lenta_DSM_2243|accession|NC_013204.1","gi|2173450293|gb|CP089331.1|",100,150,0,0,1,150,1492535,1492684,1.93e-70,278,84112,479437,"Eggerthella lenta","Eggerthella","lenta"
"ti|479437|org|Eggerthella_lenta_DSM_2243|accession|NC_013204.1","gi|1194427778|gb|CP021140.1|",99.333,150,1,0,1,150,2082584,2082435,8.98e-69,272,84112,479437,"Eggerthella lenta","Eggerthella","lenta"
"ti|479437|org|Eggerthella_lenta_DSM_2243|accession|NC_013204.1","gi|2173453035|gb|CP089337.1|",99.333,150,1,0,1,150,2000065,1999916,8.98e-69,272,84112,479437,"Eggerthella lenta","Eggerthella","lenta"
"ti|479437|org|Eggerthella_lenta_DSM_2243|accession|NC_013204.1","gi|2173450297|gb|CP089335.1|",99.333,150,1,0,1,150,2353241,2353092,8.98e-69,272,84112,479437,"Eggerthella lenta","Eggerthella","lenta"
"ti|479437|org|Eggerthella_lenta_DSM_2243|accession|NC_013204.1","gi|2173450296|gb|CP089334.1|",99.333,150,1,0,1,150,1393747,1393896,8.98e-69,272,84112,479437,"Eggerthella lenta","Eggerthella","lenta"
"ti|479437|org|Eggerthella_lenta_DSM_2243|accession|NC_013204.1","gi|257473675|gb|CP001726.1|",99.333,150,1,0,1,150,1575242,1575391,8.98e-69,272,479437,479437,"Eggerthella lenta","Eggerthella","lenta"
"ti|479437|org|Eggerthella_lenta_DSM_2243|accession|NC_013204.1","gi|2188856873|dbj|AP025575.1|",100,150,0,0,1,150,3321429,3321578,1.93e-70,278,84112,479437,"Eggerthella lenta","Eggerthella","lenta"
"ti|479437|org|Eggerthella_lenta_DSM_2243|accession|NC_013204.1","gi|2173450293|gb|CP089331.1|",100,150,0,0,1,150,3407353,3407502,1.93e-70,278,84112,479437,"Eggerthella lenta","Eggerthella","lenta"
"ti|479437|org|Eggerthella_lenta_DSM_2243|accession|NC_013204.1","gi|1194427778|gb|CP021140.1|",99.338,151,0,1,1,150,187519,187369,8.98e-69,272,84112,479437,"Eggerthella lenta","Eggerthella","lenta"
"ti|479437|org|Eggerthella_lenta_DSM_2243|accession|NC_013204.1","gi|2173453035|gb|CP089337.1|",99.338,151,0,1,1,150,3332918,3333068,8.98e-69,272,84112,479437,"Eggerthella lenta","Eggerthella","lenta"
"ti|479437|org|Eggerthella_lenta_DSM_2243|accession|NC_013204.1","gi|2173450295|gb|CP089333.1|",99.338,151,0,1,1,150,3509191,3509341,8.98e-69,272,84112,479437,"Eggerthella lenta","Eggerthella","lenta"
"ti|479437|org|Eggerthella_lenta_DSM_2243|accession|NC_013204.1","gi|2173453036|gb|CP089338.1|",97.351,151,3,1,1,150,3193699,3193849,9.04e-64,255,84112,479437,"Eggerthella lenta","Eggerthella","lenta"
"ti|479437|org|Eggerthella_lenta_DSM_2243|accession|NC_013204.1","gi|2173453034|gb|CP089336.1|",97.351,151,3,1,1,150,3209508,3209658,9.04e-64,255,84112,479437,"Eggerthella lenta","Eggerthella","lenta"
"ti|479437|org|Eggerthella_lenta_DSM_2243|accession|NC_013204.1","gi|2173450297|gb|CP089335.1|",97.351,151,3,1,1,150,3676578,3676728,9.04e-64,255,84112,479437,"Eggerthella lenta","Eggerthella","lenta"
"ti|479437|org|Eggerthella_lenta_DSM_2243|accession|NC_013204.1","gi|257473675|gb|CP001726.1|",97.351,151,3,1,1,150,3575353,3575503,9.04e-64,255,479437,479437,"Eggerthella lenta","Eggerthella","lenta"
"ti|479437|org|Eggerthella_lenta_DSM_2243|accession|NC_013204.1","gi|683402586|emb|LM654286.1|",96.689,151,4,1,1,150,5139,4989,4.21e-62,250,77133,479437,"Eggerthella lenta",NA,"uncultured bacterium"
"ti|479437|org|Eggerthella_lenta_DSM_2243|accession|NC_013204.1","gi|1194427778|gb|CP021140.1|",100,150,0,0,1,150,3454333,3454184,1.93e-70,278,84112,479437,"Eggerthella lenta","Eggerthella","lenta"
"ti|479437|org|Eggerthella_lenta_DSM_2243|accession|NC_013204.1","gi|2173450293|gb|CP089331.1|",100,150,0,0,1,150,236587,236736,1.93e-70,278,84112,479437,"Eggerthella lenta","Eggerthella","lenta"
"ti|479437|org|Eggerthella_lenta_DSM_2243|accession|NC_013204.1","gi|2188856873|dbj|AP025575.1|",99.333,150,1,0,1,150,273242,273391,8.98e-69,272,84112,479437,"Eggerthella lenta","Eggerthella","lenta"
"ti|479437|org|Eggerthella_lenta_DSM_2243|accession|NC_013204.1","gi|2173453036|gb|CP089338.1|",99.333,150,1,0,1,150,228580,228729,8.98e-69,272,84112,479437,"Eggerthella lenta","Eggerthella","lenta"
"ti|479437|org|Eggerthella_lenta_DSM_2243|accession|NC_013204.1","gi|2173453035|gb|CP089337.1|",99.333,150,1,0,1,150,227500,227649,8.98e-69,272,84112,479437,"Eggerthella lenta","Eggerthella","lenta"
"ti|479437|org|Eggerthella_lenta_DSM_2243|accession|NC_013204.1","gi|2173453034|gb|CP089336.1|",99.333,150,1,0,1,150,228654,228803,8.98e-69,272,84112,479437,"Eggerthella lenta","Eggerthella","lenta"
"ti|479437|org|Eggerthella_lenta_DSM_2243|accession|NC_013204.1","gi|2173450297|gb|CP089335.1|",99.333,150,1,0,1,150,266434,266583,8.98e-69,272,84112,479437,"Eggerthella lenta","Eggerthella","lenta"
"ti|479437|org|Eggerthella_lenta_DSM_2243|accession|NC_013204.1","gi|2173450296|gb|CP089334.1|",99.333,150,1,0,1,150,236064,236213,8.98e-69,272,84112,479437,"Eggerthella lenta","Eggerthella","lenta"
"ti|479437|org|Eggerthella_lenta_DSM_2243|accession|NC_013204.1","gi|257473675|gb|CP001726.1|",99.333,150,1,0,1,150,267886,268035,8.98e-69,272,479437,479437,"Eggerthella lenta","Eggerthella","lenta"
"ti|479437|org|Eggerthella_lenta_DSM_2243|accession|NC_013204.1","gi|2173450295|gb|CP089333.1|",98,150,3,0,1,150,3226936,3226787,1.94e-65,261,84112,479437,"Eggerthella lenta","Eggerthella","lenta"
"ti|479437|org|Eggerthella_lenta_DSM_2243|accession|NC_013204.1","gi|1194427778|gb|CP021140.1|",100,150,0,0,1,150,741413,741264,1.93e-70,278,84112,479437,"Eggerthella lenta","Eggerthella","lenta"
"ti|479437|org|Eggerthella_lenta_DSM_2243|accession|NC_013204.1","gi|1194427778|gb|CP021140.1|",96.97,33,1,0,41,73,1120721,1120753,0.001,56.5,84112,479437,"Eggerthella lenta","Eggerthella","lenta"
"ti|479437|org|Eggerthella_lenta_DSM_2243|accession|NC_013204.1","gi|2173450297|gb|CP089335.1|",100,150,0,0,1,150,3162386,3162535,1.93e-70,278,84112,479437,"Eggerthella lenta","Eggerthella","lenta"
"ti|479437|org|Eggerthella_lenta_DSM_2243|accession|NC_013204.1","gi|2173450297|gb|CP089335.1|",96.97,33,1,0,41,73,1313831,1313863,0.001,56.5,84112,479437,"Eggerthella lenta","Eggerthella","lenta"
"ti|479437|org|Eggerthella_lenta_DSM_2243|accession|NC_013204.1","gi|2173450295|gb|CP089333.1|",100,150,0,0,1,150,460218,460069,1.93e-70,278,84112,479437,"Eggerthella lenta","Eggerthella","lenta"
"ti|479437|org|Eggerthella_lenta_DSM_2243|accession|NC_013204.1","gi|2173450295|gb|CP089333.1|",96.97,33,1,0,41,73,2508739,2508707,0.001,56.5,84112,479437,"Eggerthella lenta","Eggerthella","lenta"
"ti|479437|org|Eggerthella_lenta_DSM_2243|accession|NC_013204.1","gi|2173450293|gb|CP089331.1|",100,150,0,0,1,150,2842585,2842734,1.93e-70,278,84112,479437,"Eggerthella lenta","Eggerthella","lenta"
"ti|479437|org|Eggerthella_lenta_DSM_2243|accession|NC_013204.1","gi|2173450293|gb|CP089331.1|",96.97,33,1,0,41,73,2496465,2496433,0.001,56.5,84112,479437,"Eggerthella lenta","Eggerthella","lenta"
"ti|479437|org|Eggerthella_lenta_DSM_2243|accession|NC_013204.1","gi|257473675|gb|CP001726.1|",100,150,0,0,1,150,3084565,3084714,1.93e-70,278,479437,479437,"Eggerthella lenta","Eggerthella","lenta"
"ti|479437|org|Eggerthella_lenta_DSM_2243|accession|NC_013204.1","gi|257473675|gb|CP001726.1|",100,28,0,0,41,68,71808,71835,0.013,52.8,479437,479437,"Eggerthella lenta","Eggerthella","lenta"
"ti|479437|org|Eggerthella_lenta_DSM_2243|accession|NC_013204.1","gi|2188856873|dbj|AP025575.1|",98.667,150,2,0,1,150,2804295,2804444,4.18e-67,267,84112,479437,"Eggerthella lenta","Eggerthella","lenta"
"ti|479437|org|Eggerthella_lenta_DSM_2243|accession|NC_013204.1","gi|2173453036|gb|CP089338.1|",98.667,150,2,0,1,150,2726906,2727055,4.18e-67,267,84112,479437,"Eggerthella lenta","Eggerthella","lenta"
"ti|479437|org|Eggerthella_lenta_DSM_2243|accession|NC_013204.1","gi|2173453035|gb|CP089337.1|",98.667,150,2,0,1,150,2855893,2856042,4.18e-67,267,84112,479437,"Eggerthella lenta","Eggerthella","lenta"
"ti|479437|org|Eggerthella_lenta_DSM_2243|accession|NC_013204.1","gi|2173453034|gb|CP089336.1|",98.667,150,2,0,1,150,2736862,2737011,4.18e-67,267,84112,479437,"Eggerthella lenta","Eggerthella","lenta"
"ti|479437|org|Eggerthella_lenta_DSM_2243|accession|NC_013204.1","gi|2173450296|gb|CP089334.1|",98.667,150,2,0,1,150,2755389,2755538,4.18e-67,267,84112,479437,"Eggerthella lenta","Eggerthella","lenta"
"ti|479437|org|Eggerthella_lenta_DSM_2243|accession|NC_013204.1","gi|1194427778|gb|CP021140.1|",100,150,0,0,1,150,556849,556998,1.93e-70,278,84112,479437,"Eggerthella lenta","Eggerthella","lenta"
"ti|479437|org|Eggerthella_lenta_DSM_2243|accession|NC_013204.1","gi|1194427778|gb|CP021140.1|",100,150,0,0,1,150,1299165,1299314,1.93e-70,278,84112,479437,"Eggerthella lenta","Eggerthella","lenta"
"ti|479437|org|Eggerthella_lenta_DSM_2243|accession|NC_013204.1","gi|1194427778|gb|CP021140.1|",100,150,0,0,1,150,2977174,2977025,1.93e-70,278,84112,479437,"Eggerthella lenta","Eggerthella","lenta"
"ti|479437|org|Eggerthella_lenta_DSM_2243|accession|NC_013204.1","gi|2188856873|dbj|AP025575.1|",100,150,0,0,1,150,763620,763769,1.93e-70,278,84112,479437,"Eggerthella lenta","Eggerthella","lenta"
"ti|479437|org|Eggerthella_lenta_DSM_2243|accession|NC_013204.1","gi|2188856873|dbj|AP025575.1|",100,150,0,0,1,150,1141760,1141909,1.93e-70,278,84112,479437,"Eggerthella lenta","Eggerthella","lenta"
"ti|479437|org|Eggerthella_lenta_DSM_2243|accession|NC_013204.1","gi|2188856873|dbj|AP025575.1|",100,150,0,0,1,150,2983498,2983349,1.93e-70,278,84112,479437,"Eggerthella lenta","Eggerthella","lenta"
"ti|479437|org|Eggerthella_lenta_DSM_2243|accession|NC_013204.1","gi|2173453036|gb|CP089338.1|",100,150,0,0,1,150,700353,700502,1.93e-70,278,84112,479437,"Eggerthella lenta","Eggerthella","lenta"
"ti|479437|org|Eggerthella_lenta_DSM_2243|accession|NC_013204.1","gi|2173453036|gb|CP089338.1|",100,150,0,0,1,150,2201779,2201630,1.93e-70,278,84112,479437,"Eggerthella lenta","Eggerthella","lenta"
"ti|479437|org|Eggerthella_lenta_DSM_2243|accession|NC_013204.1","gi|2173453036|gb|CP089338.1|",100,150,0,0,1,150,2900269,2900120,1.93e-70,278,84112,479437,"Eggerthella lenta","Eggerthella","lenta"
"ti|479437|org|Eggerthella_lenta_DSM_2243|accession|NC_013204.1","gi|2173453035|gb|CP089337.1|",100,150,0,0,1,150,729225,729374,1.93e-70,278,84112,479437,"Eggerthella lenta","Eggerthella","lenta"
"ti|479437|org|Eggerthella_lenta_DSM_2243|accession|NC_013204.1","gi|2173453035|gb|CP089337.1|",100,150,0,0,1,150,3028721,3028572,1.93e-70,278,84112,479437,"Eggerthella lenta","Eggerthella","lenta"
"ti|479437|org|Eggerthella_lenta_DSM_2243|accession|NC_013204.1","gi|2173453035|gb|CP089337.1|",96,150,2,4,1,150,1151676,1151821,2.53e-59,241,84112,479437,"Eggerthella lenta","Eggerthella","lenta"
"ti|479437|org|Eggerthella_lenta_DSM_2243|accession|NC_013204.1","gi|2173453034|gb|CP089336.1|",100,150,0,0,1,150,722152,722301,1.93e-70,278,84112,479437,"Eggerthella lenta","Eggerthella","lenta"
"ti|479437|org|Eggerthella_lenta_DSM_2243|accession|NC_013204.1","gi|2173453034|gb|CP089336.1|",100,150,0,0,1,150,1101108,1101257,1.93e-70,278,84112,479437,"Eggerthella lenta","Eggerthella","lenta"
"ti|479437|org|Eggerthella_lenta_DSM_2243|accession|NC_013204.1","gi|2173453034|gb|CP089336.1|",100,150,0,0,1,150,2923233,2923084,1.93e-70,278,84112,479437,"Eggerthella lenta","Eggerthella","lenta"
"ti|479437|org|Eggerthella_lenta_DSM_2243|accession|NC_013204.1","gi|2173450297|gb|CP089335.1|",100,150,0,0,1,150,1088218,1088367,1.93e-70,278,84112,479437,"Eggerthella lenta","Eggerthella","lenta"
"ti|479437|org|Eggerthella_lenta_DSM_2243|accession|NC_013204.1","gi|2173450297|gb|CP089335.1|",100,150,0,0,1,150,1497633,1497782,1.93e-70,278,84112,479437,"Eggerthella lenta","Eggerthella","lenta"
"ti|479437|org|Eggerthella_lenta_DSM_2243|accession|NC_013204.1","gi|2173450297|gb|CP089335.1|",100,150,0,0,1,150,3351272,3351123,1.93e-70,278,84112,479437,"Eggerthella lenta","Eggerthella","lenta"
"ti|479437|org|Eggerthella_lenta_DSM_2243|accession|NC_013204.1","gi|2173450296|gb|CP089334.1|",100,150,0,0,1,150,707991,708140,1.93e-70,278,84112,479437,"Eggerthella lenta","Eggerthella","lenta"
"ti|479437|org|Eggerthella_lenta_DSM_2243|accession|NC_013204.1","gi|2173450296|gb|CP089334.1|",100,150,0,0,1,150,2241448,2241299,1.93e-70,278,84112,479437,"Eggerthella lenta","Eggerthella","lenta"
"ti|479437|org|Eggerthella_lenta_DSM_2243|accession|NC_013204.1","gi|2173450296|gb|CP089334.1|",100,150,0,0,1,150,2938394,2938245,1.93e-70,278,84112,479437,"Eggerthella lenta","Eggerthella","lenta"
"ti|479437|org|Eggerthella_lenta_DSM_2243|accession|NC_013204.1","gi|2173450295|gb|CP089333.1|",100,150,0,0,1,150,300089,300238,1.93e-70,278,84112,479437,"Eggerthella lenta","Eggerthella","lenta"
"ti|479437|org|Eggerthella_lenta_DSM_2243|accession|NC_013204.1","gi|2173450295|gb|CP089333.1|",100,150,0,0,1,150,2733976,2733827,1.93e-70,278,84112,479437,"Eggerthella lenta","Eggerthella","lenta"
"ti|479437|org|Eggerthella_lenta_DSM_2243|accession|NC_013204.1","gi|2173450295|gb|CP089333.1|",99.333,150,0,1,1,150,2328735,2328587,3.23e-68,270,84112,479437,"Eggerthella lenta","Eggerthella","lenta"
"ti|479437|org|Eggerthella_lenta_DSM_2243|accession|NC_013204.1","gi|2173450293|gb|CP089331.1|",100,150,0,0,1,150,714293,714442,1.93e-70,278,84112,479437,"Eggerthella lenta","Eggerthella","lenta"
"ti|479437|org|Eggerthella_lenta_DSM_2243|accession|NC_013204.1","gi|2173450293|gb|CP089331.1|",100,150,0,0,1,150,3009496,3009347,1.93e-70,278,84112,479437,"Eggerthella lenta","Eggerthella","lenta"
"ti|479437|org|Eggerthella_lenta_DSM_2243|accession|NC_013204.1","gi|2173450293|gb|CP089331.1|",97.333,150,1,3,1,150,2328099,2327953,1.17e-62,252,84112,479437,"Eggerthella lenta","Eggerthella","lenta"
"ti|479437|org|Eggerthella_lenta_DSM_2243|accession|NC_013204.1","gi|257473675|gb|CP001726.1|",100,150,0,0,1,150,749742,749891,1.93e-70,278,479437,479437,"Eggerthella lenta","Eggerthella","lenta"
"ti|479437|org|Eggerthella_lenta_DSM_2243|accession|NC_013204.1","gi|257473675|gb|CP001726.1|",100,150,0,0,1,150,2421258,2421109,1.93e-70,278,479437,479437,"Eggerthella lenta","Eggerthella","lenta"
"ti|479437|org|Eggerthella_lenta_DSM_2243|accession|NC_013204.1","gi|257473675|gb|CP001726.1|",100,150,0,0,1,150,3273848,3273699,1.93e-70,278,479437,479437,"Eggerthella lenta","Eggerthella","lenta"
"ti|479437|org|Eggerthella_lenta_DSM_2243|accession|NC_013204.1","gi|1194427778|gb|CP021140.1|",100,150,0,0,1,150,1761602,1761453,1.93e-70,278,84112,479437,"Eggerthella lenta","Eggerthella","lenta"
"ti|479437|org|Eggerthella_lenta_DSM_2243|accession|NC_013204.1","gi|2173453035|gb|CP089337.1|",100,150,0,0,1,150,1680930,1680781,1.93e-70,278,84112,479437,"Eggerthella lenta","Eggerthella","lenta"
"ti|479437|org|Eggerthella_lenta_DSM_2243|accession|NC_013204.1","gi|2173450297|gb|CP089335.1|",100,150,0,0,1,150,2015756,2015607,1.93e-70,278,84112,479437,"Eggerthella lenta","Eggerthella","lenta"
"ti|479437|org|Eggerthella_lenta_DSM_2243|accession|NC_013204.1","gi|2173450295|gb|CP089333.1|",100,150,0,0,1,150,1765987,1766136,1.93e-70,278,84112,479437,"Eggerthella lenta","Eggerthella","lenta"
"ti|479437|org|Eggerthella_lenta_DSM_2243|accession|NC_013204.1","gi|2173450293|gb|CP089331.1|",100,150,0,0,1,150,1822359,1822508,1.93e-70,278,84112,479437,"Eggerthella lenta","Eggerthella","lenta"
"ti|479437|org|Eggerthella_lenta_DSM_2243|accession|NC_013204.1","gi|257473675|gb|CP001726.1|",100,150,0,0,1,150,1941824,1941973,1.93e-70,278,479437,479437,"Eggerthella lenta","Eggerthella","lenta"
"ti|479437|org|Eggerthella_lenta_DSM_2243|accession|NC_013204.1","gi|2188856873|dbj|AP025575.1|",99.333,150,1,0,1,150,1616305,1616156,8.98e-69,272,84112,479437,"Eggerthella lenta","Eggerthella","lenta"
"ti|479437|org|Eggerthella_lenta_DSM_2243|accession|NC_013204.1","gi|2173453036|gb|CP089338.1|",99.333,150,1,0,1,150,1726655,1726804,8.98e-69,272,84112,479437,"Eggerthella lenta","Eggerthella","lenta"
"ti|479437|org|Eggerthella_lenta_DSM_2243|accession|NC_013204.1","gi|2173453034|gb|CP089336.1|",99.333,150,1,0,1,150,1575829,1575680,8.98e-69,272,84112,479437,"Eggerthella lenta","Eggerthella","lenta"
"ti|479437|org|Eggerthella_lenta_DSM_2243|accession|NC_013204.1","gi|2173450296|gb|CP089334.1|",99.333,150,1,0,1,150,1701603,1701752,8.98e-69,272,84112,479437,"Eggerthella lenta","Eggerthella","lenta"
"ti|479437|org|Eggerthella_lenta_DSM_2243|accession|NC_013204.1","gi|2173450293|gb|CP089331.1|",100,150,0,0,1,150,3070221,3070370,1.93e-70,278,84112,479437,"Eggerthella lenta","Eggerthella","lenta"
"ti|479437|org|Eggerthella_lenta_DSM_2243|accession|NC_013204.1","gi|2188856873|dbj|AP025575.1|",99.333,150,1,0,1,150,3044224,3044373,8.98e-69,272,84112,479437,"Eggerthella lenta","Eggerthella","lenta"
"ti|479437|org|Eggerthella_lenta_DSM_2243|accession|NC_013204.1","gi|2173450296|gb|CP089334.1|",99.333,150,1,0,1,150,2999129,2999278,8.98e-69,272,84112,479437,"Eggerthella lenta","Eggerthella","lenta"
"ti|479437|org|Eggerthella_lenta_DSM_2243|accession|NC_013204.1","gi|1194427778|gb|CP021140.1|",98.667,150,2,0,1,150,455539,455390,4.18e-67,267,84112,479437,"Eggerthella lenta","Eggerthella","lenta"
"ti|479437|org|Eggerthella_lenta_DSM_2243|accession|NC_013204.1","gi|2173453036|gb|CP089338.1|",98.667,150,2,0,1,150,2967879,2968028,4.18e-67,267,84112,479437,"Eggerthella lenta","Eggerthella","lenta"
"ti|479437|org|Eggerthella_lenta_DSM_2243|accession|NC_013204.1","gi|2173453035|gb|CP089337.1|",98.667,150,2,0,1,150,3096182,3096331,4.18e-67,267,84112,479437,"Eggerthella lenta","Eggerthella","lenta"
"ti|479437|org|Eggerthella_lenta_DSM_2243|accession|NC_013204.1","gi|2173453034|gb|CP089336.1|",98.667,150,2,0,1,150,2983958,2984107,4.18e-67,267,84112,479437,"Eggerthella lenta","Eggerthella","lenta"
"ti|479437|org|Eggerthella_lenta_DSM_2243|accession|NC_013204.1","gi|2173450297|gb|CP089335.1|",98.667,150,2,0,1,150,3418786,3418935,4.18e-67,267,84112,479437,"Eggerthella lenta","Eggerthella","lenta"
"ti|479437|org|Eggerthella_lenta_DSM_2243|accession|NC_013204.1","gi|2173450295|gb|CP089333.1|",98.667,150,2,0,1,150,232523,232374,4.18e-67,267,84112,479437,"Eggerthella lenta","Eggerthella","lenta"
"ti|479437|org|Eggerthella_lenta_DSM_2243|accession|NC_013204.1","gi|257473675|gb|CP001726.1|",98.667,150,2,0,1,150,3341418,3341567,4.18e-67,267,479437,479437,"Eggerthella lenta","Eggerthella","lenta"
"ti|479437|org|Eggerthella_lenta_DSM_2243|accession|NC_013204.1","gi|1194427778|gb|CP021140.1|",100,150,0,0,1,150,1176014,1175865,1.93e-70,278,84112,479437,"Eggerthella lenta","Eggerthella","lenta"
"ti|479437|org|Eggerthella_lenta_DSM_2243|accession|NC_013204.1","gi|2188856873|dbj|AP025575.1|",100,150,0,0,1,150,1023942,1023793,1.93e-70,278,84112,479437,"Eggerthella lenta","Eggerthella","lenta"
"ti|479437|org|Eggerthella_lenta_DSM_2243|accession|NC_013204.1","gi|2173453036|gb|CP089338.1|",100,150,0,0,1,150,2319344,2319493,1.93e-70,278,84112,479437,"Eggerthella lenta","Eggerthella","lenta"
"ti|479437|org|Eggerthella_lenta_DSM_2243|accession|NC_013204.1","gi|2173453035|gb|CP089337.1|",100,150,0,0,1,150,1022889,1022740,1.93e-70,278,84112,479437,"Eggerthella lenta","Eggerthella","lenta"
"ti|479437|org|Eggerthella_lenta_DSM_2243|accession|NC_013204.1","gi|2173453034|gb|CP089336.1|",100,150,0,0,1,150,986081,985932,1.93e-70,278,84112,479437,"Eggerthella lenta","Eggerthella","lenta"
"ti|479437|org|Eggerthella_lenta_DSM_2243|accession|NC_013204.1","gi|2173450297|gb|CP089335.1|",100,150,0,0,1,150,1374057,1373908,1.93e-70,278,84112,479437,"Eggerthella lenta","Eggerthella","lenta"
"ti|479437|org|Eggerthella_lenta_DSM_2243|accession|NC_013204.1","gi|2173450296|gb|CP089334.1|",100,150,0,0,1,150,2360405,2360554,1.93e-70,278,84112,479437,"Eggerthella lenta","Eggerthella","lenta"
"ti|479437|org|Eggerthella_lenta_DSM_2243|accession|NC_013204.1","gi|2173450293|gb|CP089331.1|",100,150,0,0,1,150,2441422,2441571,1.93e-70,278,84112,479437,"Eggerthella lenta","Eggerthella","lenta"
"ti|479437|org|Eggerthella_lenta_DSM_2243|accession|NC_013204.1","gi|2173450295|gb|CP089333.1|",99.333,150,1,0,1,150,2453712,2453861,8.98e-69,272,84112,479437,"Eggerthella lenta","Eggerthella","lenta"
"ti|479437|org|Eggerthella_lenta_DSM_2243|accession|NC_013204.1","gi|257473675|gb|CP001726.1|",98.667,150,2,0,1,150,2544789,2544938,4.18e-67,267,479437,479437,"Eggerthella lenta","Eggerthella","lenta"
"ti|479437|org|Eggerthella_lenta_DSM_2243|accession|NC_013204.1","gi|2188856873|dbj|AP025575.1|",100,150,0,0,1,150,3004738,3004887,1.93e-70,278,84112,479437,"Eggerthella lenta","Eggerthella","lenta"
"ti|479437|org|Eggerthella_lenta_DSM_2243|accession|NC_013204.1","gi|2173453034|gb|CP089336.1|",100,150,0,0,1,150,2944473,2944622,1.93e-70,278,84112,479437,"Eggerthella lenta","Eggerthella","lenta"
"ti|479437|org|Eggerthella_lenta_DSM_2243|accession|NC_013204.1","gi|2173450296|gb|CP089334.1|",100,150,0,0,1,150,2959634,2959783,1.93e-70,278,84112,479437,"Eggerthella lenta","Eggerthella","lenta"
"ti|479437|org|Eggerthella_lenta_DSM_2243|accession|NC_013204.1","gi|2173450293|gb|CP089331.1|",100,150,0,0,1,150,3030736,3030885,1.93e-70,278,84112,479437,"Eggerthella lenta","Eggerthella","lenta"
"ti|479437|org|Eggerthella_lenta_DSM_2243|accession|NC_013204.1","gi|257473675|gb|CP001726.1|",100,150,0,0,1,150,3295087,3295236,1.93e-70,278,479437,479437,"Eggerthella lenta","Eggerthella","lenta"
"ti|479437|org|Eggerthella_lenta_DSM_2243|accession|NC_013204.1","gi|1194427778|gb|CP021140.1|",92.667,150,11,0,1,150,535605,535456,4.27e-52,217,84112,479437,"Eggerthella lenta","Eggerthella","lenta"
"ti|479437|org|Eggerthella_lenta_DSM_2243|accession|NC_013204.1","gi|2173450297|gb|CP089335.1|",92.667,150,11,0,1,150,3372514,3372663,4.27e-52,217,84112,479437,"Eggerthella lenta","Eggerthella","lenta"
"ti|479437|org|Eggerthella_lenta_DSM_2243|accession|NC_013204.1","gi|2173453036|gb|CP089338.1|",95.455,110,5,0,8,117,2921516,2921625,7.24e-40,176,84112,479437,"Eggerthella lenta","Eggerthella","lenta"
"ti|479437|org|Eggerthella_lenta_DSM_2243|accession|NC_013204.1","gi|2173453035|gb|CP089337.1|",95.455,110,5,0,8,117,3049968,3050077,7.24e-40,176,84112,479437,"Eggerthella lenta","Eggerthella","lenta"
"ti|479437|org|Eggerthella_lenta_DSM_2243|accession|NC_013204.1","gi|2173450295|gb|CP089333.1|",95.455,110,5,0,8,117,278842,278733,7.24e-40,176,84112,479437,"Eggerthella lenta","Eggerthella","lenta"
"ti|479437|org|Eggerthella_lenta_DSM_2243|accession|NC_013204.1","gi|1194427778|gb|CP021140.1|",100,150,0,0,1,150,3014957,3014808,1.93e-70,278,84112,479437,"Eggerthella lenta","Eggerthella","lenta"
"ti|479437|org|Eggerthella_lenta_DSM_2243|accession|NC_013204.1","gi|2188856873|dbj|AP025575.1|",100,150,0,0,1,150,684839,684988,1.93e-70,278,84112,479437,"Eggerthella lenta","Eggerthella","lenta"
"ti|479437|org|Eggerthella_lenta_DSM_2243|accession|NC_013204.1","gi|2173453036|gb|CP089338.1|",100,150,0,0,1,150,662570,662719,1.93e-70,278,84112,479437,"Eggerthella lenta","Eggerthella","lenta"
"ti|479437|org|Eggerthella_lenta_DSM_2243|accession|NC_013204.1","gi|2173453035|gb|CP089337.1|",100,150,0,0,1,150,691439,691588,1.93e-70,278,84112,479437,"Eggerthella lenta","Eggerthella","lenta"
"ti|479437|org|Eggerthella_lenta_DSM_2243|accession|NC_013204.1","gi|2173453034|gb|CP089336.1|",100,150,0,0,1,150,684373,684522,1.93e-70,278,84112,479437,"Eggerthella lenta","Eggerthella","lenta"
"ti|479437|org|Eggerthella_lenta_DSM_2243|accession|NC_013204.1","gi|2173450297|gb|CP089335.1|",100,150,0,0,1,150,1050437,1050586,1.93e-70,278,84112,479437,"Eggerthella lenta","Eggerthella","lenta"
"ti|479437|org|Eggerthella_lenta_DSM_2243|accession|NC_013204.1","gi|2173450296|gb|CP089334.1|",100,150,0,0,1,150,674383,674532,1.93e-70,278,84112,479437,"Eggerthella lenta","Eggerthella","lenta"
"ti|479437|org|Eggerthella_lenta_DSM_2243|accession|NC_013204.1","gi|2173450295|gb|CP089333.1|",100,150,0,0,1,150,2769158,2769009,1.93e-70,278,84112,479437,"Eggerthella lenta","Eggerthella","lenta"
"ti|479437|org|Eggerthella_lenta_DSM_2243|accession|NC_013204.1","gi|2173450293|gb|CP089331.1|",100,150,0,0,1,150,676520,676669,1.93e-70,278,84112,479437,"Eggerthella lenta","Eggerthella","lenta"
"ti|479437|org|Eggerthella_lenta_DSM_2243|accession|NC_013204.1","gi|257473675|gb|CP001726.1|",100,150,0,0,1,150,711954,712103,1.93e-70,278,479437,479437,"Eggerthella lenta","Eggerthella","lenta"
"ti|479437|org|Eggerthella_lenta_DSM_2243|accession|NC_013204.1","gi|1194427778|gb|CP021140.1|",100,150,0,0,1,150,1875061,1874912,1.93e-70,278,84112,479437,"Eggerthella lenta","Eggerthella","lenta"
"ti|479437|org|Eggerthella_lenta_DSM_2243|accession|NC_013204.1","gi|2188856873|dbj|AP025575.1|",100,150,0,0,1,150,1734030,1733881,1.93e-70,278,84112,479437,"Eggerthella lenta","Eggerthella","lenta"
"ti|479437|org|Eggerthella_lenta_DSM_2243|accession|NC_013204.1","gi|2173453036|gb|CP089338.1|",100,150,0,0,1,150,1617395,1617544,1.93e-70,278,84112,479437,"Eggerthella lenta","Eggerthella","lenta"
"ti|479437|org|Eggerthella_lenta_DSM_2243|accession|NC_013204.1","gi|2173453034|gb|CP089336.1|",100,150,0,0,1,150,1682200,1682051,1.93e-70,278,84112,479437,"Eggerthella lenta","Eggerthella","lenta"
"ti|479437|org|Eggerthella_lenta_DSM_2243|accession|NC_013204.1","gi|2173450297|gb|CP089335.1|",100,150,0,0,1,150,2146694,2146545,1.93e-70,278,84112,479437,"Eggerthella lenta","Eggerthella","lenta"
"ti|479437|org|Eggerthella_lenta_DSM_2243|accession|NC_013204.1","gi|2173450296|gb|CP089334.1|",100,150,0,0,1,150,1595593,1595742,1.93e-70,278,84112,479437,"Eggerthella lenta","Eggerthella","lenta"
"ti|479437|org|Eggerthella_lenta_DSM_2243|accession|NC_013204.1","gi|2173450293|gb|CP089331.1|",100,150,0,0,1,150,1714693,1714842,1.93e-70,278,84112,479437,"Eggerthella lenta","Eggerthella","lenta"
"ti|479437|org|Eggerthella_lenta_DSM_2243|accession|NC_013204.1","gi|257473675|gb|CP001726.1|",100,150,0,0,1,150,1832807,1832956,1.93e-70,278,479437,479437,"Eggerthella lenta","Eggerthella","lenta"
"ti|479437|org|Eggerthella_lenta_DSM_2243|accession|NC_013204.1","gi|2173450295|gb|CP089333.1|",99.333,150,1,0,1,150,1656611,1656760,8.98e-69,272,84112,479437,"Eggerthella lenta","Eggerthella","lenta"
"ti|479437|org|Eggerthella_lenta_DSM_2243|accession|NC_013204.1","gi|2173453035|gb|CP089337.1|",98.667,150,2,0,1,150,1793155,1793006,4.18e-67,267,84112,479437,"Eggerthella lenta","Eggerthella","lenta"
"ti|479437|org|Eggerthella_lenta_DSM_2243|accession|NC_013204.1","gi|1194427778|gb|CP021140.1|",100,150,0,0,1,150,463717,463568,1.93e-70,278,84112,479437,"Eggerthella lenta","Eggerthella","lenta"
"ti|479437|org|Eggerthella_lenta_DSM_2243|accession|NC_013204.1","gi|2188856873|dbj|AP025575.1|",100,150,0,0,1,150,3036047,3036196,1.93e-70,278,84112,479437,"Eggerthella lenta","Eggerthella","lenta"
"ti|479437|org|Eggerthella_lenta_DSM_2243|accession|NC_013204.1","gi|2173453036|gb|CP089338.1|",100,150,0,0,1,150,2959703,2959852,1.93e-70,278,84112,479437,"Eggerthella lenta","Eggerthella","lenta"
"ti|479437|org|Eggerthella_lenta_DSM_2243|accession|NC_013204.1","gi|2173453035|gb|CP089337.1|",100,150,0,0,1,150,3088004,3088153,1.93e-70,278,84112,479437,"Eggerthella lenta","Eggerthella","lenta"
"ti|479437|org|Eggerthella_lenta_DSM_2243|accession|NC_013204.1","gi|2173453034|gb|CP089336.1|",100,150,0,0,1,150,2975785,2975934,1.93e-70,278,84112,479437,"Eggerthella lenta","Eggerthella","lenta"
"ti|479437|org|Eggerthella_lenta_DSM_2243|accession|NC_013204.1","gi|2173450297|gb|CP089335.1|",100,150,0,0,1,150,3410609,3410758,1.93e-70,278,84112,479437,"Eggerthella lenta","Eggerthella","lenta"
"ti|479437|org|Eggerthella_lenta_DSM_2243|accession|NC_013204.1","gi|2173450296|gb|CP089334.1|",100,150,0,0,1,150,2990953,2991102,1.93e-70,278,84112,479437,"Eggerthella lenta","Eggerthella","lenta"
"ti|479437|org|Eggerthella_lenta_DSM_2243|accession|NC_013204.1","gi|2173450295|gb|CP089333.1|",100,150,0,0,1,150,240698,240549,1.93e-70,278,84112,479437,"Eggerthella lenta","Eggerthella","lenta"
"ti|479437|org|Eggerthella_lenta_DSM_2243|accession|NC_013204.1","gi|2173450293|gb|CP089331.1|",100,150,0,0,1,150,3062045,3062194,1.93e-70,278,84112,479437,"Eggerthella lenta","Eggerthella","lenta"
"ti|479437|org|Eggerthella_lenta_DSM_2243|accession|NC_013204.1","gi|257473675|gb|CP001726.1|",100,150,0,0,1,150,3333241,3333390,1.93e-70,278,479437,479437,"Eggerthella lenta","Eggerthella","lenta"
"ti|479437|org|Eggerthella_lenta_DSM_2243|accession|NC_013204.1","gi|1194427778|gb|CP021140.1|",100,150,0,0,1,150,849407,849258,1.93e-70,278,84112,479437,"Eggerthella lenta","Eggerthella","lenta"
"ti|479437|org|Eggerthella_lenta_DSM_2243|accession|NC_013204.1","gi|2188856873|dbj|AP025575.1|",100,150,0,0,1,150,2702941,2703090,1.93e-70,278,84112,479437,"Eggerthella lenta","Eggerthella","lenta"
"ti|479437|org|Eggerthella_lenta_DSM_2243|accession|NC_013204.1","gi|2173453035|gb|CP089337.1|",100,150,0,0,1,150,2751578,2751727,1.93e-70,278,84112,479437,"Eggerthella lenta","Eggerthella","lenta"
"ti|479437|org|Eggerthella_lenta_DSM_2243|accession|NC_013204.1","gi|2173450297|gb|CP089335.1|",100,150,0,0,1,150,3049125,3049274,1.93e-70,278,84112,479437,"Eggerthella lenta","Eggerthella","lenta"
"ti|479437|org|Eggerthella_lenta_DSM_2243|accession|NC_013204.1","gi|2173450295|gb|CP089333.1|",100,150,0,0,1,150,576473,576324,1.93e-70,278,84112,479437,"Eggerthella lenta","Eggerthella","lenta"
"ti|479437|org|Eggerthella_lenta_DSM_2243|accession|NC_013204.1","gi|2173450293|gb|CP089331.1|",100,150,0,0,1,150,2729255,2729404,1.93e-70,278,84112,479437,"Eggerthella lenta","Eggerthella","lenta"
"ti|479437|org|Eggerthella_lenta_DSM_2243|accession|NC_013204.1","gi|257473675|gb|CP001726.1|",100,150,0,0,1,150,2936620,2936769,1.93e-70,278,479437,479437,"Eggerthella lenta","Eggerthella","lenta"
"ti|479437|org|Eggerthella_lenta_DSM_2243|accession|NC_013204.1","gi|2173453036|gb|CP089338.1|",98.667,150,2,0,1,150,2612307,2612456,4.18e-67,267,84112,479437,"Eggerthella lenta","Eggerthella","lenta"
"ti|479437|org|Eggerthella_lenta_DSM_2243|accession|NC_013204.1","gi|2173453034|gb|CP089336.1|",98.667,150,2,0,1,150,2622265,2622414,4.18e-67,267,84112,479437,"Eggerthella lenta","Eggerthella","lenta"
"ti|479437|org|Eggerthella_lenta_DSM_2243|accession|NC_013204.1","gi|2173450296|gb|CP089334.1|",98.667,150,2,0,1,150,2650009,2650158,4.18e-67,267,84112,479437,"Eggerthella lenta","Eggerthella","lenta"
"ti|479437|org|Eggerthella_lenta_DSM_2243|accession|NC_013204.1","gi|1194427778|gb|CP021140.1|",100,150,0,0,1,150,3455514,3455365,1.93e-70,278,84112,479437,"Eggerthella lenta","Eggerthella","lenta"
"ti|479437|org|Eggerthella_lenta_DSM_2243|accession|NC_013204.1","gi|2173453035|gb|CP089337.1|",100,150,0,0,1,150,226319,226468,1.93e-70,278,84112,479437,"Eggerthella lenta","Eggerthella","lenta"
"ti|479437|org|Eggerthella_lenta_DSM_2243|accession|NC_013204.1","gi|2173450297|gb|CP089335.1|",100,150,0,0,1,150,265253,265402,1.93e-70,278,84112,479437,"Eggerthella lenta","Eggerthella","lenta"
"ti|479437|org|Eggerthella_lenta_DSM_2243|accession|NC_013204.1","gi|2173450296|gb|CP089334.1|",100,150,0,0,1,150,234883,235032,1.93e-70,278,84112,479437,"Eggerthella lenta","Eggerthella","lenta"
"ti|479437|org|Eggerthella_lenta_DSM_2243|accession|NC_013204.1","gi|2173450293|gb|CP089331.1|",100,150,0,0,1,150,235406,235555,1.93e-70,278,84112,479437,"Eggerthella lenta","Eggerthella","lenta"
"ti|479437|org|Eggerthella_lenta_DSM_2243|accession|NC_013204.1","gi|257473675|gb|CP001726.1|",100,150,0,0,1,150,266705,266854,1.93e-70,278,479437,479437,"Eggerthella lenta","Eggerthella","lenta"
"ti|479437|org|Eggerthella_lenta_DSM_2243|accession|NC_013204.1","gi|2188856873|dbj|AP025575.1|",98.667,150,2,0,1,150,272061,272210,4.18e-67,267,84112,479437,"Eggerthella lenta","Eggerthella","lenta"
"ti|479437|org|Eggerthella_lenta_DSM_2243|accession|NC_013204.1","gi|2173453036|gb|CP089338.1|",98.667,150,2,0,1,150,227399,227548,4.18e-67,267,84112,479437,"Eggerthella lenta","Eggerthella","lenta"
"ti|479437|org|Eggerthella_lenta_DSM_2243|accession|NC_013204.1","gi|2173453034|gb|CP089336.1|",98.667,150,2,0,1,150,227473,227622,4.18e-67,267,84112,479437,"Eggerthella lenta","Eggerthella","lenta"
"ti|479437|org|Eggerthella_lenta_DSM_2243|accession|NC_013204.1","gi|2173450295|gb|CP089333.1|",98.667,150,2,0,1,150,3228117,3227968,4.18e-67,267,84112,479437,"Eggerthella lenta","Eggerthella","lenta"
"ti|479437|org|Eggerthella_lenta_DSM_2243|accession|NC_013204.1","gi|2188856873|dbj|AP025575.1|",100,150,0,0,1,150,3214841,3214990,1.93e-70,278,84112,479437,"Eggerthella lenta","Eggerthella","lenta"
"ti|479437|org|Eggerthella_lenta_DSM_2243|accession|NC_013204.1","gi|2173453036|gb|CP089338.1|",100,150,0,0,1,150,3104739,3104888,1.93e-70,278,84112,479437,"Eggerthella lenta","Eggerthella","lenta"
"ti|479437|org|Eggerthella_lenta_DSM_2243|accession|NC_013204.1","gi|2173453035|gb|CP089337.1|",100,150,0,0,1,150,3238552,3238701,1.93e-70,278,84112,479437,"Eggerthella lenta","Eggerthella","lenta"
"ti|479437|org|Eggerthella_lenta_DSM_2243|accession|NC_013204.1","gi|2173453034|gb|CP089336.1|",100,150,0,0,1,150,3120380,3120529,1.93e-70,278,84112,479437,"Eggerthella lenta","Eggerthella","lenta"
"ti|479437|org|Eggerthella_lenta_DSM_2243|accession|NC_013204.1","gi|2173450297|gb|CP089335.1|",100,150,0,0,1,150,3554050,3554199,1.93e-70,278,84112,479437,"Eggerthella lenta","Eggerthella","lenta"
"ti|479437|org|Eggerthella_lenta_DSM_2243|accession|NC_013204.1","gi|2173450293|gb|CP089331.1|",100,150,0,0,1,150,3282869,3283018,1.93e-70,278,84112,479437,"Eggerthella lenta","Eggerthella","lenta"
"ti|479437|org|Eggerthella_lenta_DSM_2243|accession|NC_013204.1","gi|257473675|gb|CP001726.1|",100,150,0,0,1,150,3481625,3481774,1.93e-70,278,479437,479437,"Eggerthella lenta","Eggerthella","lenta"
"ti|479437|org|Eggerthella_lenta_DSM_2243|accession|NC_013204.1","gi|1194427778|gb|CP021140.1|",99.333,150,1,0,1,150,282012,281863,8.98e-69,272,84112,479437,"Eggerthella lenta","Eggerthella","lenta"
"ti|479437|org|Eggerthella_lenta_DSM_2243|accession|NC_013204.1","gi|2173450296|gb|CP089334.1|",99.333,150,1,0,1,150,3134532,3134681,8.98e-69,272,84112,479437,"Eggerthella lenta","Eggerthella","lenta"
"ti|479437|org|Eggerthella_lenta_DSM_2243|accession|NC_013204.1","gi|2173450295|gb|CP089333.1|",97.333,150,4,0,1,150,3418462,3418611,9.04e-64,255,84112,479437,"Eggerthella lenta","Eggerthella","lenta"
"ti|479437|org|Eggerthella_lenta_DSM_2243|accession|NC_013204.1","gi|1194427778|gb|CP021140.1|",100,150,0,0,1,150,440698,440549,1.93e-70,278,84112,479437,"Eggerthella lenta","Eggerthella","lenta"
"ti|479437|org|Eggerthella_lenta_DSM_2243|accession|NC_013204.1","gi|2188856873|dbj|AP025575.1|",100,150,0,0,1,150,3058862,3059011,1.93e-70,278,84112,479437,"Eggerthella lenta","Eggerthella","lenta"
"ti|479437|org|Eggerthella_lenta_DSM_2243|accession|NC_013204.1","gi|2173453036|gb|CP089338.1|",100,150,0,0,1,150,2982582,2982731,1.93e-70,278,84112,479437,"Eggerthella lenta","Eggerthella","lenta"
"ti|479437|org|Eggerthella_lenta_DSM_2243|accession|NC_013204.1","gi|2173453035|gb|CP089337.1|",100,150,0,0,1,150,3110884,3111033,1.93e-70,278,84112,479437,"Eggerthella lenta","Eggerthella","lenta"
"ti|479437|org|Eggerthella_lenta_DSM_2243|accession|NC_013204.1","gi|2173453034|gb|CP089336.1|",100,150,0,0,1,150,2998636,2998785,1.93e-70,278,84112,479437,"Eggerthella lenta","Eggerthella","lenta"
"ti|479437|org|Eggerthella_lenta_DSM_2243|accession|NC_013204.1","gi|2173450297|gb|CP089335.1|",100,150,0,0,1,150,3433489,3433638,1.93e-70,278,84112,479437,"Eggerthella lenta","Eggerthella","lenta"
"ti|479437|org|Eggerthella_lenta_DSM_2243|accession|NC_013204.1","gi|2173450296|gb|CP089334.1|",100,150,0,0,1,150,3013572,3013721,1.93e-70,278,84112,479437,"Eggerthella lenta","Eggerthella","lenta"
"ti|479437|org|Eggerthella_lenta_DSM_2243|accession|NC_013204.1","gi|2173450295|gb|CP089333.1|",100,150,0,0,1,150,217833,217684,1.93e-70,278,84112,479437,"Eggerthella lenta","Eggerthella","lenta"
"ti|479437|org|Eggerthella_lenta_DSM_2243|accession|NC_013204.1","gi|2173450293|gb|CP089331.1|",100,150,0,0,1,150,3084706,3084855,1.93e-70,278,84112,479437,"Eggerthella lenta","Eggerthella","lenta"
"ti|479437|org|Eggerthella_lenta_DSM_2243|accession|NC_013204.1","gi|257473675|gb|CP001726.1|",100,150,0,0,1,150,3356121,3356270,1.93e-70,278,479437,479437,"Eggerthella lenta","Eggerthella","lenta"
"ti|479437|org|Eggerthella_lenta_DSM_2243|accession|NC_013204.1","gi|1194427778|gb|CP021140.1|",100,150,0,0,1,150,2985889,2985740,1.93e-70,278,84112,479437,"Eggerthella lenta","Eggerthella","lenta"
"ti|479437|org|Eggerthella_lenta_DSM_2243|accession|NC_013204.1","gi|2173453036|gb|CP089338.1|",100,150,0,0,1,150,691638,691787,1.93e-70,278,84112,479437,"Eggerthella lenta","Eggerthella","lenta"
"ti|479437|org|Eggerthella_lenta_DSM_2243|accession|NC_013204.1","gi|2173453035|gb|CP089337.1|",100,150,0,0,1,150,720504,720653,1.93e-70,278,84112,479437,"Eggerthella lenta","Eggerthella","lenta"
"ti|479437|org|Eggerthella_lenta_DSM_2243|accession|NC_013204.1","gi|2173453034|gb|CP089336.1|",100,150,0,0,1,150,713437,713586,1.93e-70,278,84112,479437,"Eggerthella lenta","Eggerthella","lenta"
"ti|479437|org|Eggerthella_lenta_DSM_2243|accession|NC_013204.1","gi|2173450297|gb|CP089335.1|",100,150,0,0,1,150,1079497,1079646,1.93e-70,278,84112,479437,"Eggerthella lenta","Eggerthella","lenta"
"ti|479437|org|Eggerthella_lenta_DSM_2243|accession|NC_013204.1","gi|2173450296|gb|CP089334.1|",100,150,0,0,1,150,699276,699425,1.93e-70,278,84112,479437,"Eggerthella lenta","Eggerthella","lenta"
"ti|479437|org|Eggerthella_lenta_DSM_2243|accession|NC_013204.1","gi|2173450295|gb|CP089333.1|",100,150,0,0,1,150,2742695,2742546,1.93e-70,278,84112,479437,"Eggerthella lenta","Eggerthella","lenta"
"ti|479437|org|Eggerthella_lenta_DSM_2243|accession|NC_013204.1","gi|2173450293|gb|CP089331.1|",100,150,0,0,1,150,705578,705727,1.93e-70,278,84112,479437,"Eggerthella lenta","Eggerthella","lenta"
"ti|479437|org|Eggerthella_lenta_DSM_2243|accession|NC_013204.1","gi|257473675|gb|CP001726.1|",100,150,0,0,1,150,741021,741170,1.93e-70,278,479437,479437,"Eggerthella lenta","Eggerthella","lenta"
"ti|479437|org|Eggerthella_lenta_DSM_2243|accession|NC_013204.1","gi|2188856873|dbj|AP025575.1|",99.333,150,1,0,1,150,754905,755054,8.98e-69,272,84112,479437,"Eggerthella lenta","Eggerthella","lenta"
"ti|479437|org|Eggerthella_lenta_DSM_2243|accession|NC_013204.1","gi|1194427778|gb|CP021140.1|",100,150,0,0,1,150,2698736,2698885,1.93e-70,278,84112,479437,"Eggerthella lenta","Eggerthella","lenta"
"ti|479437|org|Eggerthella_lenta_DSM_2243|accession|NC_013204.1","gi|2188856873|dbj|AP025575.1|",100,150,0,0,1,150,2494674,2494823,1.93e-70,278,84112,479437,"Eggerthella lenta","Eggerthella","lenta"
"ti|479437|org|Eggerthella_lenta_DSM_2243|accession|NC_013204.1","gi|2173453036|gb|CP089338.1|",100,150,0,0,1,150,877474,877325,1.93e-70,278,84112,479437,"Eggerthella lenta","Eggerthella","lenta"
"ti|479437|org|Eggerthella_lenta_DSM_2243|accession|NC_013204.1","gi|2173453035|gb|CP089337.1|",100,150,0,0,1,150,2581705,2581854,1.93e-70,278,84112,479437,"Eggerthella lenta","Eggerthella","lenta"
"ti|479437|org|Eggerthella_lenta_DSM_2243|accession|NC_013204.1","gi|2173453034|gb|CP089336.1|",100,150,0,0,1,150,2417558,2417707,1.93e-70,278,84112,479437,"Eggerthella lenta","Eggerthella","lenta"
"ti|479437|org|Eggerthella_lenta_DSM_2243|accession|NC_013204.1","gi|2173450297|gb|CP089335.1|",100,150,0,0,1,150,610620,610471,1.93e-70,278,84112,479437,"Eggerthella lenta","Eggerthella","lenta"
"ti|479437|org|Eggerthella_lenta_DSM_2243|accession|NC_013204.1","gi|2173450296|gb|CP089334.1|",100,150,0,0,1,150,881343,881194,1.93e-70,278,84112,479437,"Eggerthella lenta","Eggerthella","lenta"
"ti|479437|org|Eggerthella_lenta_DSM_2243|accession|NC_013204.1","gi|2173450295|gb|CP089333.1|",100,150,0,0,1,150,863070,862921,1.93e-70,278,84112,479437,"Eggerthella lenta","Eggerthella","lenta"
"ti|479437|org|Eggerthella_lenta_DSM_2243|accession|NC_013204.1","gi|2173450293|gb|CP089331.1|",100,150,0,0,1,150,899254,899105,1.93e-70,278,84112,479437,"Eggerthella lenta","Eggerthella","lenta"
"ti|479437|org|Eggerthella_lenta_DSM_2243|accession|NC_013204.1","gi|257473675|gb|CP001726.1|",100,150,0,0,1,150,2745313,2745462,1.93e-70,278,479437,479437,"Eggerthella lenta","Eggerthella","lenta"
"ti|479437|org|Eggerthella_lenta_DSM_2243|accession|NC_013204.1","gi|1194427778|gb|CP021140.1|",100,150,0,0,1,150,171458,171309,1.93e-70,278,84112,479437,"Eggerthella lenta","Eggerthella","lenta"
"ti|479437|org|Eggerthella_lenta_DSM_2243|accession|NC_013204.1","gi|2188856873|dbj|AP025575.1|",100,150,0,0,1,150,3336073,3336222,1.93e-70,278,84112,479437,"Eggerthella lenta","Eggerthella","lenta"
"ti|479437|org|Eggerthella_lenta_DSM_2243|accession|NC_013204.1","gi|2173453036|gb|CP089338.1|",100,150,0,0,1,150,3209761,3209910,1.93e-70,278,84112,479437,"Eggerthella lenta","Eggerthella","lenta"
"ti|479437|org|Eggerthella_lenta_DSM_2243|accession|NC_013204.1","gi|2173453035|gb|CP089337.1|",100,150,0,0,1,150,3462682,3462831,1.93e-70,278,84112,479437,"Eggerthella lenta","Eggerthella","lenta"
"ti|479437|org|Eggerthella_lenta_DSM_2243|accession|NC_013204.1","gi|2173453034|gb|CP089336.1|",100,150,0,0,1,150,3224153,3224302,1.93e-70,278,84112,479437,"Eggerthella lenta","Eggerthella","lenta"
"ti|479437|org|Eggerthella_lenta_DSM_2243|accession|NC_013204.1","gi|2173450297|gb|CP089335.1|",100,150,0,0,1,150,3761713,3761862,1.93e-70,278,84112,479437,"Eggerthella lenta","Eggerthella","lenta"
"ti|479437|org|Eggerthella_lenta_DSM_2243|accession|NC_013204.1","gi|2173450296|gb|CP089334.1|",100,150,0,0,1,150,3341165,3341314,1.93e-70,278,84112,479437,"Eggerthella lenta","Eggerthella","lenta"
"ti|479437|org|Eggerthella_lenta_DSM_2243|accession|NC_013204.1","gi|2173450295|gb|CP089333.1|",100,150,0,0,1,150,3525238,3525387,1.93e-70,278,84112,479437,"Eggerthella lenta","Eggerthella","lenta"
"ti|479437|org|Eggerthella_lenta_DSM_2243|accession|NC_013204.1","gi|2173450293|gb|CP089331.1|",100,150,0,0,1,150,3421996,3422145,1.93e-70,278,84112,479437,"Eggerthella lenta","Eggerthella","lenta"
"ti|479437|org|Eggerthella_lenta_DSM_2243|accession|NC_013204.1","gi|257473675|gb|CP001726.1|",100,150,0,0,1,150,3591415,3591564,1.93e-70,278,479437,479437,"Eggerthella lenta","Eggerthella","lenta"
"ti|479437|org|Eggerthella_lenta_DSM_2243|accession|NC_013204.1","gi|2173453034|gb|CP089336.1|",100,150,0,0,1,150,440995,441144,1.93e-70,278,84112,479437,"Eggerthella lenta","Eggerthella","lenta"
"ti|479437|org|Eggerthella_lenta_DSM_2243|accession|NC_013204.1","gi|2173450297|gb|CP089335.1|",100,150,0,0,1,150,784821,784970,1.93e-70,278,84112,479437,"Eggerthella lenta","Eggerthella","lenta"
"ti|479437|org|Eggerthella_lenta_DSM_2243|accession|NC_013204.1","gi|2173450293|gb|CP089331.1|",100,150,0,0,1,150,441136,441285,1.93e-70,278,84112,479437,"Eggerthella lenta","Eggerthella","lenta"
"ti|479437|org|Eggerthella_lenta_DSM_2243|accession|NC_013204.1","gi|257473675|gb|CP001726.1|",100,150,0,0,1,150,471396,471545,1.93e-70,278,479437,479437,"Eggerthella lenta","Eggerthella","lenta"
"ti|479437|org|Eggerthella_lenta_DSM_2243|accession|NC_013204.1","gi|1922643677|gb|CP063310.1|",93.333,150,10,0,1,150,500650,500799,9.17e-54,222,2690837,479437,"Eggerthella lenta","Eggerthella","guodeyinii"
"ti|479437|org|Eggerthella_lenta_DSM_2243|accession|NC_013204.1","gi|2173453035|gb|CP089337.1|",100,150,0,0,1,150,1493330,1493181,1.93e-70,278,84112,479437,"Eggerthella lenta","Eggerthella","lenta"
"ti|479437|org|Eggerthella_lenta_DSM_2243|accession|NC_013204.1","gi|2173450295|gb|CP089333.1|",100,150,0,0,1,150,1954795,1954944,1.93e-70,278,84112,479437,"Eggerthella lenta","Eggerthella","lenta"
"ti|479437|org|Eggerthella_lenta_DSM_2243|accession|NC_013204.1","gi|2173450293|gb|CP089331.1|",100,150,0,0,1,150,2010959,2011108,1.93e-70,278,84112,479437,"Eggerthella lenta","Eggerthella","lenta"
"ti|479437|org|Eggerthella_lenta_DSM_2243|accession|NC_013204.1","gi|2188856873|dbj|AP025575.1|",99.333,150,1,0,1,150,1427738,1427589,8.98e-69,272,84112,479437,"Eggerthella lenta","Eggerthella","lenta"
"ti|479437|org|Eggerthella_lenta_DSM_2243|accession|NC_013204.1","gi|2173453036|gb|CP089338.1|",99.333,150,1,0,1,150,1915462,1915611,8.98e-69,272,84112,479437,"Eggerthella lenta","Eggerthella","lenta"
"ti|479437|org|Eggerthella_lenta_DSM_2243|accession|NC_013204.1","gi|2173450296|gb|CP089334.1|",99.333,150,1,0,1,150,1893437,1893586,8.98e-69,272,84112,479437,"Eggerthella lenta","Eggerthella","lenta"
"ti|479437|org|Eggerthella_lenta_DSM_2243|accession|NC_013204.1","gi|1194427778|gb|CP021140.1|",98.667,150,2,0,1,150,1571495,1571346,4.18e-67,267,84112,479437,"Eggerthella lenta","Eggerthella","lenta"
"ti|479437|org|Eggerthella_lenta_DSM_2243|accession|NC_013204.1","gi|2173453034|gb|CP089336.1|",98.667,150,2,0,1,150,1385390,1385241,4.18e-67,267,84112,479437,"Eggerthella lenta","Eggerthella","lenta"
"ti|479437|org|Eggerthella_lenta_DSM_2243|accession|NC_013204.1","gi|2173450297|gb|CP089335.1|",98,150,3,0,1,150,1805070,1804921,1.94e-65,261,84112,479437,"Eggerthella lenta","Eggerthella","lenta"
"ti|479437|org|Eggerthella_lenta_DSM_2243|accession|NC_013204.1","gi|257473675|gb|CP001726.1|",98,150,3,0,1,150,2151214,2151363,1.94e-65,261,479437,479437,"Eggerthella lenta","Eggerthella","lenta"
"ti|479437|org|Eggerthella_lenta_DSM_2243|accession|NC_013204.1","gi|1194427778|gb|CP021140.1|",100,150,0,0,1,150,1656899,1656750,1.93e-70,278,84112,479437,"Eggerthella lenta","Eggerthella","lenta"
"ti|479437|org|Eggerthella_lenta_DSM_2243|accession|NC_013204.1","gi|2188856873|dbj|AP025575.1|",100,150,0,0,1,150,1513178,1513029,1.93e-70,278,84112,479437,"Eggerthella lenta","Eggerthella","lenta"
"ti|479437|org|Eggerthella_lenta_DSM_2243|accession|NC_013204.1","gi|2173453036|gb|CP089338.1|",100,150,0,0,1,150,1831649,1831798,1.93e-70,278,84112,479437,"Eggerthella lenta","Eggerthella","lenta"
"ti|479437|org|Eggerthella_lenta_DSM_2243|accession|NC_013204.1","gi|2173453035|gb|CP089337.1|",100,150,0,0,1,150,1578491,1578342,1.93e-70,278,84112,479437,"Eggerthella lenta","Eggerthella","lenta"
"ti|479437|org|Eggerthella_lenta_DSM_2243|accession|NC_013204.1","gi|2173453034|gb|CP089336.1|",100,150,0,0,1,150,1470835,1470686,1.93e-70,278,84112,479437,"Eggerthella lenta","Eggerthella","lenta"
"ti|479437|org|Eggerthella_lenta_DSM_2243|accession|NC_013204.1","gi|2173450297|gb|CP089335.1|",100,150,0,0,1,150,1913507,1913358,1.93e-70,278,84112,479437,"Eggerthella lenta","Eggerthella","lenta"
"ti|479437|org|Eggerthella_lenta_DSM_2243|accession|NC_013204.1","gi|2173450295|gb|CP089333.1|",100,150,0,0,1,150,1869600,1869749,1.93e-70,278,84112,479437,"Eggerthella lenta","Eggerthella","lenta"
"ti|479437|org|Eggerthella_lenta_DSM_2243|accession|NC_013204.1","gi|2173450293|gb|CP089331.1|",100,150,0,0,1,150,1925559,1925708,1.93e-70,278,84112,479437,"Eggerthella lenta","Eggerthella","lenta"
"ti|479437|org|Eggerthella_lenta_DSM_2243|accession|NC_013204.1","gi|257473675|gb|CP001726.1|",100,150,0,0,1,150,2042913,2043062,1.93e-70,278,479437,479437,"Eggerthella lenta","Eggerthella","lenta"
"ti|479437|org|Eggerthella_lenta_DSM_2243|accession|NC_013204.1","gi|2173450296|gb|CP089334.1|",99.333,150,1,0,1,150,1808237,1808386,8.98e-69,272,84112,479437,"Eggerthella lenta","Eggerthella","lenta"
"ti|479437|org|Eggerthella_lenta_DSM_2243|accession|NC_013204.1","gi|1194427778|gb|CP021140.1|",100,150,0,0,1,150,134802,134653,1.93e-70,278,84112,479437,"Eggerthella lenta","Eggerthella","lenta"
"ti|479437|org|Eggerthella_lenta_DSM_2243|accession|NC_013204.1","gi|2188856873|dbj|AP025575.1|",100,150,0,0,1,150,3372804,3372953,1.93e-70,278,84112,479437,"Eggerthella lenta","Eggerthella","lenta"
"ti|479437|org|Eggerthella_lenta_DSM_2243|accession|NC_013204.1","gi|2173453035|gb|CP089337.1|",100,150,0,0,1,150,3499418,3499567,1.93e-70,278,84112,479437,"Eggerthella lenta","Eggerthella","lenta"
"ti|479437|org|Eggerthella_lenta_DSM_2243|accession|NC_013204.1","gi|2173450297|gb|CP089335.1|",100,150,0,0,1,150,3798446,3798595,1.93e-70,278,84112,479437,"Eggerthella lenta","Eggerthella","lenta"
"ti|479437|org|Eggerthella_lenta_DSM_2243|accession|NC_013204.1","gi|2173450295|gb|CP089333.1|",100,150,0,0,1,150,3561977,3562126,1.93e-70,278,84112,479437,"Eggerthella lenta","Eggerthella","lenta"
"ti|479437|org|Eggerthella_lenta_DSM_2243|accession|NC_013204.1","gi|2173450293|gb|CP089331.1|",100,150,0,0,1,150,3458652,3458801,1.93e-70,278,84112,479437,"Eggerthella lenta","Eggerthella","lenta"
"ti|479437|org|Eggerthella_lenta_DSM_2243|accession|NC_013204.1","gi|257473675|gb|CP001726.1|",100,150,0,0,1,150,3628147,3628296,1.93e-70,278,479437,479437,"Eggerthella lenta","Eggerthella","lenta"
"ti|479437|org|Eggerthella_lenta_DSM_2243|accession|NC_013204.1","gi|2173453036|gb|CP089338.1|",99.333,150,1,0,1,150,3246416,3246565,8.98e-69,272,84112,479437,"Eggerthella lenta","Eggerthella","lenta"
"ti|479437|org|Eggerthella_lenta_DSM_2243|accession|NC_013204.1","gi|2173453034|gb|CP089336.1|",99.333,150,1,0,1,150,3260808,3260957,8.98e-69,272,84112,479437,"Eggerthella lenta","Eggerthella","lenta"
"ti|479437|org|Eggerthella_lenta_DSM_2243|accession|NC_013204.1","gi|2173450296|gb|CP089334.1|",99.333,150,1,0,1,150,3377702,3377851,8.98e-69,272,84112,479437,"Eggerthella lenta","Eggerthella","lenta"
"ti|479437|org|Eggerthella_lenta_DSM_2243|accession|NC_013204.1","gi|1194427778|gb|CP021140.1|",100,150,0,0,1,150,3011846,3011697,1.93e-70,278,84112,479437,"Eggerthella lenta","Eggerthella","lenta"
"ti|479437|org|Eggerthella_lenta_DSM_2243|accession|NC_013204.1","gi|2188856873|dbj|AP025575.1|",100,150,0,0,1,150,687950,688099,1.93e-70,278,84112,479437,"Eggerthella lenta","Eggerthella","lenta"
"ti|479437|org|Eggerthella_lenta_DSM_2243|accession|NC_013204.1","gi|2173453036|gb|CP089338.1|",100,150,0,0,1,150,665681,665830,1.93e-70,278,84112,479437,"Eggerthella lenta","Eggerthella","lenta"
"ti|479437|org|Eggerthella_lenta_DSM_2243|accession|NC_013204.1","gi|2173453035|gb|CP089337.1|",100,150,0,0,1,150,694550,694699,1.93e-70,278,84112,479437,"Eggerthella lenta","Eggerthella","lenta"
"ti|479437|org|Eggerthella_lenta_DSM_2243|accession|NC_013204.1","gi|2173453034|gb|CP089336.1|",100,150,0,0,1,150,687484,687633,1.93e-70,278,84112,479437,"Eggerthella lenta","Eggerthella","lenta"
"ti|479437|org|Eggerthella_lenta_DSM_2243|accession|NC_013204.1","gi|2173450297|gb|CP089335.1|",100,150,0,0,1,150,1053548,1053697,1.93e-70,278,84112,479437,"Eggerthella lenta","Eggerthella","lenta"
"ti|479437|org|Eggerthella_lenta_DSM_2243|accession|NC_013204.1","gi|2173450296|gb|CP089334.1|",100,150,0,0,1,150,677494,677643,1.93e-70,278,84112,479437,"Eggerthella lenta","Eggerthella","lenta"
"ti|479437|org|Eggerthella_lenta_DSM_2243|accession|NC_013204.1","gi|2173450295|gb|CP089333.1|",100,150,0,0,1,150,2766047,2765898,1.93e-70,278,84112,479437,"Eggerthella lenta","Eggerthella","lenta"
"ti|479437|org|Eggerthella_lenta_DSM_2243|accession|NC_013204.1","gi|2173450293|gb|CP089331.1|",100,150,0,0,1,150,679631,679780,1.93e-70,278,84112,479437,"Eggerthella lenta","Eggerthella","lenta"
"ti|479437|org|Eggerthella_lenta_DSM_2243|accession|NC_013204.1","gi|257473675|gb|CP001726.1|",100,150,0,0,1,150,715065,715214,1.93e-70,278,479437,479437,"Eggerthella lenta","Eggerthella","lenta"
"ti|479437|org|Eggerthella_lenta_DSM_2243|accession|NC_013204.1","gi|1194427778|gb|CP021140.1|",100,150,0,0,1,150,1775318,1775169,1.93e-70,278,84112,479437,"Eggerthella lenta","Eggerthella","lenta"
"ti|479437|org|Eggerthella_lenta_DSM_2243|accession|NC_013204.1","gi|1194427778|gb|CP021140.1|",100,45,0,0,10,54,812556,812512,4.51e-12,84.2,84112,479437,"Eggerthella lenta","Eggerthella","lenta"
"ti|479437|org|Eggerthella_lenta_DSM_2243|accession|NC_013204.1","gi|2188856873|dbj|AP025575.1|",100,150,0,0,1,150,1627329,1627180,1.93e-70,278,84112,479437,"Eggerthella lenta","Eggerthella","lenta"
"ti|479437|org|Eggerthella_lenta_DSM_2243|accession|NC_013204.1","gi|2188856873|dbj|AP025575.1|",97.674,43,1,0,12,54,2738778,2738820,2.72e-09,75,84112,479437,"Eggerthella lenta","Eggerthella","lenta"
"ti|479437|org|Eggerthella_lenta_DSM_2243|accession|NC_013204.1","gi|2173453035|gb|CP089337.1|",100,150,0,0,1,150,1694646,1694497,1.93e-70,278,84112,479437,"Eggerthella lenta","Eggerthella","lenta"
"ti|479437|org|Eggerthella_lenta_DSM_2243|accession|NC_013204.1","gi|2173453035|gb|CP089337.1|",100,43,0,0,12,54,2787412,2787454,5.84e-11,80.5,84112,479437,"Eggerthella lenta","Eggerthella","lenta"
"ti|479437|org|Eggerthella_lenta_DSM_2243|accession|NC_013204.1","gi|2173450297|gb|CP089335.1|",100,150,0,0,1,150,2029467,2029318,1.93e-70,278,84112,479437,"Eggerthella lenta","Eggerthella","lenta"
"ti|479437|org|Eggerthella_lenta_DSM_2243|accession|NC_013204.1","gi|2173450297|gb|CP089335.1|",97.674,43,1,0,12,54,3095759,3095801,2.72e-09,75,84112,479437,"Eggerthella lenta","Eggerthella","lenta"
"ti|479437|org|Eggerthella_lenta_DSM_2243|accession|NC_013204.1","gi|2173450296|gb|CP089334.1|",100,150,0,0,1,150,1690579,1690728,1.93e-70,278,84112,479437,"Eggerthella lenta","Eggerthella","lenta"
"ti|479437|org|Eggerthella_lenta_DSM_2243|accession|NC_013204.1","gi|2173450296|gb|CP089334.1|",100,43,0,0,12,54,2685845,2685887,5.84e-11,80.5,84112,479437,"Eggerthella lenta","Eggerthella","lenta"
"ti|479437|org|Eggerthella_lenta_DSM_2243|accession|NC_013204.1","gi|2173450293|gb|CP089331.1|",100,150,0,0,1,150,1808644,1808793,1.93e-70,278,84112,479437,"Eggerthella lenta","Eggerthella","lenta"
"ti|479437|org|Eggerthella_lenta_DSM_2243|accession|NC_013204.1","gi|2173450293|gb|CP089331.1|",100,45,0,0,10,54,2775887,2775931,4.51e-12,84.2,84112,479437,"Eggerthella lenta","Eggerthella","lenta"
"ti|479437|org|Eggerthella_lenta_DSM_2243|accession|NC_013204.1","gi|257473675|gb|CP001726.1|",100,150,0,0,1,150,1928109,1928258,1.93e-70,278,479437,479437,"Eggerthella lenta","Eggerthella","lenta"
"ti|479437|org|Eggerthella_lenta_DSM_2243|accession|NC_013204.1","gi|257473675|gb|CP001726.1|",97.674,43,1,0,12,54,2983254,2983296,2.72e-09,75,479437,479437,"Eggerthella lenta","Eggerthella","lenta"
"ti|479437|org|Eggerthella_lenta_DSM_2243|accession|NC_013204.1","gi|2173453036|gb|CP089338.1|",99.333,150,1,0,1,150,1715631,1715780,8.98e-69,272,84112,479437,"Eggerthella lenta","Eggerthella","lenta"
"ti|479437|org|Eggerthella_lenta_DSM_2243|accession|NC_013204.1","gi|2173453036|gb|CP089338.1|",100,45,0,0,10,54,2657902,2657946,4.51e-12,84.2,84112,479437,"Eggerthella lenta","Eggerthella","lenta"
"ti|479437|org|Eggerthella_lenta_DSM_2243|accession|NC_013204.1","gi|2173453034|gb|CP089336.1|",99.333,150,1,0,1,150,1586853,1586704,8.98e-69,272,84112,479437,"Eggerthella lenta","Eggerthella","lenta"
"ti|479437|org|Eggerthella_lenta_DSM_2243|accession|NC_013204.1","gi|2173453034|gb|CP089336.1|",100,43,0,0,12,54,2667860,2667902,5.84e-11,80.5,84112,479437,"Eggerthella lenta","Eggerthella","lenta"
"ti|479437|org|Eggerthella_lenta_DSM_2243|accession|NC_013204.1","gi|2173450295|gb|CP089333.1|",99.333,150,1,0,1,150,1754964,1755113,8.98e-69,272,84112,479437,"Eggerthella lenta","Eggerthella","lenta"
"ti|479437|org|Eggerthella_lenta_DSM_2243|accession|NC_013204.1","gi|2173450295|gb|CP089333.1|",100,43,0,0,12,54,540688,540646,5.84e-11,80.5,84112,479437,"Eggerthella lenta","Eggerthella","lenta"
"ti|479437|org|Eggerthella_lenta_DSM_2243|accession|NC_013204.1","gi|1194427778|gb|CP021140.1|",100,150,0,0,1,150,2155274,2155125,1.93e-70,278,84112,479437,"Eggerthella lenta","Eggerthella","lenta"
"ti|479437|org|Eggerthella_lenta_DSM_2243|accession|NC_013204.1","gi|2188856873|dbj|AP025575.1|",100,150,0,0,1,150,2029701,2029552,1.93e-70,278,84112,479437,"Eggerthella lenta","Eggerthella","lenta"
"ti|479437|org|Eggerthella_lenta_DSM_2243|accession|NC_013204.1","gi|2173453036|gb|CP089338.1|",100,150,0,0,1,150,1340909,1341058,1.93e-70,278,84112,479437,"Eggerthella lenta","Eggerthella","lenta"
"ti|479437|org|Eggerthella_lenta_DSM_2243|accession|NC_013204.1","gi|2173453035|gb|CP089337.1|",100,150,0,0,1,150,2072864,2072715,1.93e-70,278,84112,479437,"Eggerthella lenta","Eggerthella","lenta"
"ti|479437|org|Eggerthella_lenta_DSM_2243|accession|NC_013204.1","gi|2173453034|gb|CP089336.1|",100,150,0,0,1,150,1979287,1979138,1.93e-70,278,84112,479437,"Eggerthella lenta","Eggerthella","lenta"
"ti|479437|org|Eggerthella_lenta_DSM_2243|accession|NC_013204.1","gi|2173450297|gb|CP089335.1|",100,150,0,0,1,150,2426209,2426060,1.93e-70,278,84112,479437,"Eggerthella lenta","Eggerthella","lenta"
"ti|479437|org|Eggerthella_lenta_DSM_2243|accession|NC_013204.1","gi|2173450296|gb|CP089334.1|",100,150,0,0,1,150,1322501,1322650,1.93e-70,278,84112,479437,"Eggerthella lenta","Eggerthella","lenta"
"ti|479437|org|Eggerthella_lenta_DSM_2243|accession|NC_013204.1","gi|2173450293|gb|CP089331.1|",100,150,0,0,1,150,1420354,1420503,1.93e-70,278,84112,479437,"Eggerthella lenta","Eggerthella","lenta"
"ti|479437|org|Eggerthella_lenta_DSM_2243|accession|NC_013204.1","gi|257473675|gb|CP001726.1|",100,150,0,0,1,150,1502362,1502511,1.93e-70,278,479437,479437,"Eggerthella lenta","Eggerthella","lenta"
"ti|479437|org|Eggerthella_lenta_DSM_2243|accession|NC_013204.1","gi|2173450295|gb|CP089333.1|",98.667,150,2,0,1,150,1359145,1359294,4.18e-67,267,84112,479437,"Eggerthella lenta","Eggerthella","lenta"
"ti|479437|org|Eggerthella_lenta_DSM_2243|accession|NC_013204.1","gi|2188856873|dbj|AP025575.1|",100,150,0,0,1,150,3229467,3229616,1.93e-70,278,84112,479437,"Eggerthella lenta","Eggerthella","lenta"
"ti|479437|org|Eggerthella_lenta_DSM_2243|accession|NC_013204.1","gi|2173453036|gb|CP089338.1|",100,150,0,0,1,150,3119365,3119514,1.93e-70,278,84112,479437,"Eggerthella lenta","Eggerthella","lenta"
"ti|479437|org|Eggerthella_lenta_DSM_2243|accession|NC_013204.1","gi|2173453035|gb|CP089337.1|",100,150,0,0,1,150,3254532,3254681,1.93e-70,278,84112,479437,"Eggerthella lenta","Eggerthella","lenta"
"ti|479437|org|Eggerthella_lenta_DSM_2243|accession|NC_013204.1","gi|2173453034|gb|CP089336.1|",100,150,0,0,1,150,3135006,3135155,1.93e-70,278,84112,479437,"Eggerthella lenta","Eggerthella","lenta"
"ti|479437|org|Eggerthella_lenta_DSM_2243|accession|NC_013204.1","gi|2173450297|gb|CP089335.1|",100,150,0,0,1,150,3568676,3568825,1.93e-70,278,84112,479437,"Eggerthella lenta","Eggerthella","lenta"
"ti|479437|org|Eggerthella_lenta_DSM_2243|accession|NC_013204.1","gi|2173450296|gb|CP089334.1|",100,150,0,0,1,150,3149158,3149307,1.93e-70,278,84112,479437,"Eggerthella lenta","Eggerthella","lenta"
"ti|479437|org|Eggerthella_lenta_DSM_2243|accession|NC_013204.1","gi|2173450293|gb|CP089331.1|",100,150,0,0,1,150,3297495,3297644,1.93e-70,278,84112,479437,"Eggerthella lenta","Eggerthella","lenta"
"ti|479437|org|Eggerthella_lenta_DSM_2243|accession|NC_013204.1","gi|257473675|gb|CP001726.1|",100,150,0,0,1,150,3496252,3496401,1.93e-70,278,479437,479437,"Eggerthella lenta","Eggerthella","lenta"
"ti|479437|org|Eggerthella_lenta_DSM_2243|accession|NC_013204.1","gi|1194427778|gb|CP021140.1|",98.667,150,2,0,1,150,267393,267244,4.18e-67,267,84112,479437,"Eggerthella lenta","Eggerthella","lenta"
"ti|479437|org|Eggerthella_lenta_DSM_2243|accession|NC_013204.1","gi|2173450295|gb|CP089333.1|",98.667,150,2,0,1,150,3433097,3433246,4.18e-67,267,84112,479437,"Eggerthella lenta","Eggerthella","lenta"
"ti|479437|org|Eggerthella_lenta_DSM_2243|accession|NC_013204.1","gi|1194427778|gb|CP021140.1|",100,150,0,0,1,150,1386485,1386336,1.93e-70,278,84112,479437,"Eggerthella lenta","Eggerthella","lenta"
"ti|479437|org|Eggerthella_lenta_DSM_2243|accession|NC_013204.1","gi|2188856873|dbj|AP025575.1|",100,150,0,0,1,150,1228897,1228748,1.93e-70,278,84112,479437,"Eggerthella lenta","Eggerthella","lenta"
"ti|479437|org|Eggerthella_lenta_DSM_2243|accession|NC_013204.1","gi|2173453036|gb|CP089338.1|",100,150,0,0,1,150,2114314,2114463,1.93e-70,278,84112,479437,"Eggerthella lenta","Eggerthella","lenta"
"ti|479437|org|Eggerthella_lenta_DSM_2243|accession|NC_013204.1","gi|2173453035|gb|CP089337.1|",100,150,0,0,1,150,1238900,1238751,1.93e-70,278,84112,479437,"Eggerthella lenta","Eggerthella","lenta"
"ti|479437|org|Eggerthella_lenta_DSM_2243|accession|NC_013204.1","gi|2173453034|gb|CP089336.1|",100,150,0,0,1,150,1194416,1194267,1.93e-70,278,84112,479437,"Eggerthella lenta","Eggerthella","lenta"
"ti|479437|org|Eggerthella_lenta_DSM_2243|accession|NC_013204.1","gi|2173450297|gb|CP089335.1|",100,150,0,0,1,150,1599538,1599389,1.93e-70,278,84112,479437,"Eggerthella lenta","Eggerthella","lenta"
"ti|479437|org|Eggerthella_lenta_DSM_2243|accession|NC_013204.1","gi|2173450296|gb|CP089334.1|",100,150,0,0,1,150,2154165,2154314,1.93e-70,278,84112,479437,"Eggerthella lenta","Eggerthella","lenta"
"ti|479437|org|Eggerthella_lenta_DSM_2243|accession|NC_013204.1","gi|2173450293|gb|CP089331.1|",100,150,0,0,1,150,2251990,2252139,1.93e-70,278,84112,479437,"Eggerthella lenta","Eggerthella","lenta"
"ti|479437|org|Eggerthella_lenta_DSM_2243|accession|NC_013204.1","gi|257473675|gb|CP001726.1|",100,150,0,0,1,150,2347072,2347221,1.93e-70,278,479437,479437,"Eggerthella lenta","Eggerthella","lenta"
"ti|479437|org|Eggerthella_lenta_DSM_2243|accession|NC_013204.1","gi|2173450295|gb|CP089333.1|",96.667,150,5,0,1,150,2228317,2228466,4.21e-62,250,84112,479437,"Eggerthella lenta","Eggerthella","lenta"
"ti|479437|org|Eggerthella_lenta_DSM_2243|accession|NC_013204.1","gi|2188856873|dbj|AP025575.1|",100,150,0,0,1,150,1944371,1944222,1.93e-70,278,84112,479437,"Eggerthella lenta","Eggerthella","lenta"
"ti|479437|org|Eggerthella_lenta_DSM_2243|accession|NC_013204.1","gi|2173453036|gb|CP089338.1|",100,150,0,0,1,150,1427559,1427708,1.93e-70,278,84112,479437,"Eggerthella lenta","Eggerthella","lenta"
"ti|479437|org|Eggerthella_lenta_DSM_2243|accession|NC_013204.1","gi|2173453034|gb|CP089336.1|",100,150,0,0,1,150,1892535,1892386,1.93e-70,278,84112,479437,"Eggerthella lenta","Eggerthella","lenta"
"ti|479437|org|Eggerthella_lenta_DSM_2243|accession|NC_013204.1","gi|2173450293|gb|CP089331.1|",100,150,0,0,1,150,1504175,1504324,1.93e-70,278,84112,479437,"Eggerthella lenta","Eggerthella","lenta"
"ti|479437|org|Eggerthella_lenta_DSM_2243|accession|NC_013204.1","gi|1194427778|gb|CP021140.1|",97.973,148,3,0,3,150,2070383,2070236,2.51e-64,257,84112,479437,"Eggerthella lenta","Eggerthella","lenta"
"ti|479437|org|Eggerthella_lenta_DSM_2243|accession|NC_013204.1","gi|2173450297|gb|CP089335.1|",97.973,148,3,0,3,150,2339554,2339407,2.51e-64,257,84112,479437,"Eggerthella lenta","Eggerthella","lenta"
"ti|479437|org|Eggerthella_lenta_DSM_2243|accession|NC_013204.1","gi|2173450295|gb|CP089333.1|",97.973,148,3,0,3,150,1461387,1461534,2.51e-64,257,84112,479437,"Eggerthella lenta","Eggerthella","lenta"
"ti|479437|org|Eggerthella_lenta_DSM_2243|accession|NC_013204.1","gi|257473675|gb|CP001726.1|",97.973,148,3,0,3,150,1587422,1587569,2.51e-64,257,479437,479437,"Eggerthella lenta","Eggerthella","lenta"
"ti|479437|org|Eggerthella_lenta_DSM_2243|accession|NC_013204.1","gi|2173453035|gb|CP089337.1|",97.297,148,4,0,3,150,1987658,1987511,1.17e-62,252,84112,479437,"Eggerthella lenta","Eggerthella","lenta"
"ti|479437|org|Eggerthella_lenta_DSM_2243|accession|NC_013204.1","gi|2173450296|gb|CP089334.1|",97.297,148,4,0,3,150,1405927,1406074,1.17e-62,252,84112,479437,"Eggerthella lenta","Eggerthella","lenta"
"ti|479437|org|Eggerthella_lenta_DSM_2243|accession|NC_013204.1","gi|1194427778|gb|CP021140.1|",100,150,0,0,1,150,2667962,2668111,1.93e-70,278,84112,479437,"Eggerthella lenta","Eggerthella","lenta"
"ti|479437|org|Eggerthella_lenta_DSM_2243|accession|NC_013204.1","gi|1194427778|gb|CP021140.1|",83.969,131,17,4,22,150,2674883,2675011,9.57e-24,122,84112,479437,"Eggerthella lenta","Eggerthella","lenta"
"ti|479437|org|Eggerthella_lenta_DSM_2243|accession|NC_013204.1","gi|2188856873|dbj|AP025575.1|",100,150,0,0,1,150,2463900,2464049,1.93e-70,278,84112,479437,"Eggerthella lenta","Eggerthella","lenta"
"ti|479437|org|Eggerthella_lenta_DSM_2243|accession|NC_013204.1","gi|2188856873|dbj|AP025575.1|",83.969,131,17,4,22,150,2470821,2470949,9.57e-24,122,84112,479437,"Eggerthella lenta","Eggerthella","lenta"
"ti|479437|org|Eggerthella_lenta_DSM_2243|accession|NC_013204.1","gi|2173453036|gb|CP089338.1|",100,150,0,0,1,150,908248,908099,1.93e-70,278,84112,479437,"Eggerthella lenta","Eggerthella","lenta"
"ti|479437|org|Eggerthella_lenta_DSM_2243|accession|NC_013204.1","gi|2173453036|gb|CP089338.1|",84.328,134,11,6,22,150,901327,901199,9.57e-24,122,84112,479437,"Eggerthella lenta","Eggerthella","lenta"
"ti|479437|org|Eggerthella_lenta_DSM_2243|accession|NC_013204.1","gi|2173453035|gb|CP089337.1|",100,150,0,0,1,150,2550932,2551081,1.93e-70,278,84112,479437,"Eggerthella lenta","Eggerthella","lenta"
"ti|479437|org|Eggerthella_lenta_DSM_2243|accession|NC_013204.1","gi|2173453035|gb|CP089337.1|",83.969,131,17,4,22,150,2557852,2557980,9.57e-24,122,84112,479437,"Eggerthella lenta","Eggerthella","lenta"
"ti|479437|org|Eggerthella_lenta_DSM_2243|accession|NC_013204.1","gi|2173450297|gb|CP089335.1|",100,150,0,0,1,150,641395,641246,1.93e-70,278,84112,479437,"Eggerthella lenta","Eggerthella","lenta"
"ti|479437|org|Eggerthella_lenta_DSM_2243|accession|NC_013204.1","gi|2173450297|gb|CP089335.1|",84.328,134,11,6,22,150,634474,634346,9.57e-24,122,84112,479437,"Eggerthella lenta","Eggerthella","lenta"
"ti|479437|org|Eggerthella_lenta_DSM_2243|accession|NC_013204.1","gi|2173450293|gb|CP089331.1|",100,150,0,0,1,150,930012,929863,1.93e-70,278,84112,479437,"Eggerthella lenta","Eggerthella","lenta"
"ti|479437|org|Eggerthella_lenta_DSM_2243|accession|NC_013204.1","gi|2173450293|gb|CP089331.1|",84.328,134,11,6,22,150,923091,922963,9.57e-24,122,84112,479437,"Eggerthella lenta","Eggerthella","lenta"
"ti|479437|org|Eggerthella_lenta_DSM_2243|accession|NC_013204.1","gi|1922643677|gb|CP063310.1|",100,150,0,0,1,150,3092873,3093022,1.93e-70,278,2690837,479437,"Eggerthella lenta","Eggerthella","guodeyinii"
"ti|479437|org|Eggerthella_lenta_DSM_2243|accession|NC_013204.1","gi|257473675|gb|CP001726.1|",100,150,0,0,1,150,2714539,2714688,1.93e-70,278,479437,479437,"Eggerthella lenta","Eggerthella","lenta"
"ti|479437|org|Eggerthella_lenta_DSM_2243|accession|NC_013204.1","gi|257473675|gb|CP001726.1|",83.969,131,17,4,22,150,2721460,2721588,9.57e-24,122,479437,479437,"Eggerthella lenta","Eggerthella","lenta"
"ti|479437|org|Eggerthella_lenta_DSM_2243|accession|NC_013204.1","gi|225791207|gb|CP001472.1|",85,60,5,3,5,62,705487,705544,0.000274,58.4,240015,479437,"Eggerthella lenta","Acidobacterium","capsulatum"
"ti|479437|org|Eggerthella_lenta_DSM_2243|accession|NC_013204.1","gi|2076438840|gb|CP075369.1|",100,28,0,0,33,60,841999,841972,0.013,52.8,2021379,479437,"Eggerthella lenta",NA,"Xanthobacteraceae bacterium"
"ti|479437|org|Eggerthella_lenta_DSM_2243|accession|NC_013204.1","gi|2173453036|gb|CP089338.1|",100,150,0,0,1,150,1651089,1651238,1.93e-70,278,84112,479437,"Eggerthella lenta","Eggerthella","lenta"
"ti|479437|org|Eggerthella_lenta_DSM_2243|accession|NC_013204.1","gi|2173453034|gb|CP089336.1|",100,150,0,0,1,150,1648506,1648357,1.93e-70,278,84112,479437,"Eggerthella lenta","Eggerthella","lenta"
"ti|479437|org|Eggerthella_lenta_DSM_2243|accession|NC_013204.1","gi|2173450297|gb|CP089335.1|",100,150,0,0,1,150,2113010,2112861,1.93e-70,278,84112,479437,"Eggerthella lenta","Eggerthella","lenta"
"ti|479437|org|Eggerthella_lenta_DSM_2243|accession|NC_013204.1","gi|2173450296|gb|CP089334.1|",100,150,0,0,1,150,1629289,1629438,1.93e-70,278,84112,479437,"Eggerthella lenta","Eggerthella","lenta"
"ti|479437|org|Eggerthella_lenta_DSM_2243|accession|NC_013204.1","gi|2173450293|gb|CP089331.1|",100,150,0,0,1,150,1748368,1748517,1.93e-70,278,84112,479437,"Eggerthella lenta","Eggerthella","lenta"
"ti|479437|org|Eggerthella_lenta_DSM_2243|accession|NC_013204.1","gi|257473675|gb|CP001726.1|",100,150,0,0,1,150,1866493,1866642,1.93e-70,278,479437,479437,"Eggerthella lenta","Eggerthella","lenta"
"ti|479437|org|Eggerthella_lenta_DSM_2243|accession|NC_013204.1","gi|1194427778|gb|CP021140.1|",99.333,150,1,0,1,150,1836973,1836824,8.98e-69,272,84112,479437,"Eggerthella lenta","Eggerthella","lenta"
"ti|479437|org|Eggerthella_lenta_DSM_2243|accession|NC_013204.1","gi|2173453035|gb|CP089337.1|",99.333,150,1,0,1,150,1755936,1755787,8.98e-69,272,84112,479437,"Eggerthella lenta","Eggerthella","lenta"
"ti|479437|org|Eggerthella_lenta_DSM_2243|accession|NC_013204.1","gi|2173450295|gb|CP089333.1|",99.333,150,1,0,1,150,1693350,1693499,8.98e-69,272,84112,479437,"Eggerthella lenta","Eggerthella","lenta"
"ti|479437|org|Eggerthella_lenta_DSM_2243|accession|NC_013204.1","gi|2188856873|dbj|AP025575.1|",98.667,150,2,0,1,150,1689241,1689092,4.18e-67,267,84112,479437,"Eggerthella lenta","Eggerthella","lenta"
"ti|479437|org|Eggerthella_lenta_DSM_2243|accession|NC_013204.1","gi|1194427778|gb|CP021140.1|",100,150,0,0,1,150,2163466,2163317,1.93e-70,278,84112,479437,"Eggerthella lenta","Eggerthella","lenta"
"ti|479437|org|Eggerthella_lenta_DSM_2243|accession|NC_013204.1","gi|2188856873|dbj|AP025575.1|",100,150,0,0,1,150,2037892,2037743,1.93e-70,278,84112,479437,"Eggerthella lenta","Eggerthella","lenta"
"ti|479437|org|Eggerthella_lenta_DSM_2243|accession|NC_013204.1","gi|2173453035|gb|CP089337.1|",100,150,0,0,1,150,2080837,2080688,1.93e-70,278,84112,479437,"Eggerthella lenta","Eggerthella","lenta"
"ti|479437|org|Eggerthella_lenta_DSM_2243|accession|NC_013204.1","gi|2173453034|gb|CP089336.1|",100,150,0,0,1,150,1987259,1987110,1.93e-70,278,84112,479437,"Eggerthella lenta","Eggerthella","lenta"
"ti|479437|org|Eggerthella_lenta_DSM_2243|accession|NC_013204.1","gi|2173450297|gb|CP089335.1|",100,150,0,0,1,150,2434182,2434033,1.93e-70,278,84112,479437,"Eggerthella lenta","Eggerthella","lenta"
"ti|479437|org|Eggerthella_lenta_DSM_2243|accession|NC_013204.1","gi|2173450296|gb|CP089334.1|",100,150,0,0,1,150,1314309,1314458,1.93e-70,278,84112,479437,"Eggerthella lenta","Eggerthella","lenta"
"ti|479437|org|Eggerthella_lenta_DSM_2243|accession|NC_013204.1","gi|2173450295|gb|CP089333.1|",100,150,0,0,1,150,1351171,1351320,1.93e-70,278,84112,479437,"Eggerthella lenta","Eggerthella","lenta"
"ti|479437|org|Eggerthella_lenta_DSM_2243|accession|NC_013204.1","gi|2173450293|gb|CP089331.1|",100,150,0,0,1,150,1412162,1412311,1.93e-70,278,84112,479437,"Eggerthella lenta","Eggerthella","lenta"
"ti|479437|org|Eggerthella_lenta_DSM_2243|accession|NC_013204.1","gi|257473675|gb|CP001726.1|",100,150,0,0,1,150,1494389,1494538,1.93e-70,278,479437,479437,"Eggerthella lenta","Eggerthella","lenta"
"ti|479437|org|Eggerthella_lenta_DSM_2243|accession|NC_013204.1","gi|2173453036|gb|CP089338.1|",98.667,150,2,0,1,150,1332936,1333085,4.18e-67,267,84112,479437,"Eggerthella lenta","Eggerthella","lenta"
"ti|479437|org|Eggerthella_lenta_DSM_2243|accession|NC_013204.1","gi|2173450293|gb|CP089331.1|",100,150,0,0,1,150,1922744,1922893,1.93e-70,278,84112,479437,"Eggerthella lenta","Eggerthella","lenta"
"ti|479437|org|Eggerthella_lenta_DSM_2243|accession|NC_013204.1","gi|1194427778|gb|CP021140.1|",99.333,150,1,0,1,150,1659714,1659565,8.98e-69,272,84112,479437,"Eggerthella lenta","Eggerthella","lenta"
"ti|479437|org|Eggerthella_lenta_DSM_2243|accession|NC_013204.1","gi|2188856873|dbj|AP025575.1|",99.333,150,1,0,1,150,1515993,1515844,8.98e-69,272,84112,479437,"Eggerthella lenta","Eggerthella","lenta"
"ti|479437|org|Eggerthella_lenta_DSM_2243|accession|NC_013204.1","gi|2173450296|gb|CP089334.1|",99.333,150,1,0,1,150,1805422,1805571,8.98e-69,272,84112,479437,"Eggerthella lenta","Eggerthella","lenta"
"ti|479437|org|Eggerthella_lenta_DSM_2243|accession|NC_013204.1","gi|2173450295|gb|CP089333.1|",99.333,150,1,0,1,150,1866785,1866934,8.98e-69,272,84112,479437,"Eggerthella lenta","Eggerthella","lenta"
"ti|479437|org|Eggerthella_lenta_DSM_2243|accession|NC_013204.1","gi|2173453036|gb|CP089338.1|",98.667,150,2,0,1,150,1828834,1828983,4.18e-67,267,84112,479437,"Eggerthella lenta","Eggerthella","lenta"
"ti|479437|org|Eggerthella_lenta_DSM_2243|accession|NC_013204.1","gi|2173453035|gb|CP089337.1|",98.667,150,2,0,1,150,1581306,1581157,4.18e-67,267,84112,479437,"Eggerthella lenta","Eggerthella","lenta"
"ti|479437|org|Eggerthella_lenta_DSM_2243|accession|NC_013204.1","gi|2173453034|gb|CP089336.1|",98.667,150,2,0,1,150,1473650,1473501,4.18e-67,267,84112,479437,"Eggerthella lenta","Eggerthella","lenta"
"ti|479437|org|Eggerthella_lenta_DSM_2243|accession|NC_013204.1","gi|2173450297|gb|CP089335.1|",98.667,150,2,0,1,150,1916322,1916173,4.18e-67,267,84112,479437,"Eggerthella lenta","Eggerthella","lenta"
"ti|479437|org|Eggerthella_lenta_DSM_2243|accession|NC_013204.1","gi|257473675|gb|CP001726.1|",98.667,150,2,0,1,150,2040098,2040247,4.18e-67,267,479437,479437,"Eggerthella lenta","Eggerthella","lenta"
"ti|479437|org|Eggerthella_lenta_DSM_2243|accession|NC_013204.1","gi|2173450293|gb|CP089331.1|",100,150,0,0,1,150,368432,368581,1.93e-70,278,84112,479437,"Eggerthella lenta","Eggerthella","lenta"
"ti|479437|org|Eggerthella_lenta_DSM_2243|accession|NC_013204.1","gi|1194427778|gb|CP021140.1|",99.333,150,1,0,1,150,3322508,3322359,8.98e-69,272,84112,479437,"Eggerthella lenta","Eggerthella","lenta"
"ti|479437|org|Eggerthella_lenta_DSM_2243|accession|NC_013204.1","gi|2188856873|dbj|AP025575.1|",99.333,150,1,0,1,150,407834,407983,8.98e-69,272,84112,479437,"Eggerthella lenta","Eggerthella","lenta"
"ti|479437|org|Eggerthella_lenta_DSM_2243|accession|NC_013204.1","gi|2173453036|gb|CP089338.1|",99.333,150,1,0,1,150,360462,360611,8.98e-69,272,84112,479437,"Eggerthella lenta","Eggerthella","lenta"
"ti|479437|org|Eggerthella_lenta_DSM_2243|accession|NC_013204.1","gi|2173453035|gb|CP089337.1|",99.333,150,1,0,1,150,360813,360962,8.98e-69,272,84112,479437,"Eggerthella lenta","Eggerthella","lenta"
"ti|479437|org|Eggerthella_lenta_DSM_2243|accession|NC_013204.1","gi|2173453034|gb|CP089336.1|",99.333,150,1,0,1,150,363562,363711,8.98e-69,272,84112,479437,"Eggerthella lenta","Eggerthella","lenta"
"ti|479437|org|Eggerthella_lenta_DSM_2243|accession|NC_013204.1","gi|2173450297|gb|CP089335.1|",99.333,150,1,0,1,150,708774,708923,8.98e-69,272,84112,479437,"Eggerthella lenta","Eggerthella","lenta"
"ti|479437|org|Eggerthella_lenta_DSM_2243|accession|NC_013204.1","gi|2173450296|gb|CP089334.1|",99.333,150,1,0,1,150,370990,371139,8.98e-69,272,84112,479437,"Eggerthella lenta","Eggerthella","lenta"
"ti|479437|org|Eggerthella_lenta_DSM_2243|accession|NC_013204.1","gi|2173450295|gb|CP089333.1|",99.333,150,1,0,1,150,3091313,3091164,8.98e-69,272,84112,479437,"Eggerthella lenta","Eggerthella","lenta"
"ti|479437|org|Eggerthella_lenta_DSM_2243|accession|NC_013204.1","gi|257473675|gb|CP001726.1|",99.333,150,1,0,1,150,400001,400150,8.98e-69,272,479437,479437,"Eggerthella lenta","Eggerthella","lenta"
"ti|479437|org|Eggerthella_lenta_DSM_2243|accession|NC_013204.1","gi|295105686|emb|FP929047.1|",100,150,0,0,1,150,2162465,2162614,1.93e-70,278,657308,479437,"Eggerthella lenta","Gordonibacter","pamelaeae"
"ti|479437|org|Eggerthella_lenta_DSM_2243|accession|NC_013204.1","gi|1164577761|emb|LT827128.1|",99.333,150,1,0,1,150,380488,380339,8.98e-69,272,1841863,479437,"Eggerthella lenta","Gordonibacter","massiliensis (ex Traore et al. 2017)"
"ti|479437|org|Eggerthella_lenta_DSM_2243|accession|NC_013204.1","gi|1241780685|emb|LT900217.1|",98.667,150,2,0,1,150,616361,616510,4.18e-67,267,1335613,479437,"Eggerthella lenta","Gordonibacter","urolithinfaciens"
"ti|479437|org|Eggerthella_lenta_DSM_2243|accession|NC_013204.1","gi|2188856873|dbj|AP025575.1|",98.667,150,2,0,1,150,1063367,1063218,4.18e-67,267,84112,479437,"Eggerthella lenta","Eggerthella","lenta"
"ti|479437|org|Eggerthella_lenta_DSM_2243|accession|NC_013204.1","gi|2173453035|gb|CP089337.1|",98.667,150,2,0,1,150,1061027,1060878,4.18e-67,267,84112,479437,"Eggerthella lenta","Eggerthella","lenta"
"ti|479437|org|Eggerthella_lenta_DSM_2243|accession|NC_013204.1","gi|2173450296|gb|CP089334.1|",98.667,150,2,0,1,150,2322271,2322420,4.18e-67,267,84112,479437,"Eggerthella lenta","Eggerthella","lenta"
"ti|479437|org|Eggerthella_lenta_DSM_2243|accession|NC_013204.1","gi|2173450295|gb|CP089333.1|",98.667,150,2,0,1,150,2416870,2417019,4.18e-67,267,84112,479437,"Eggerthella lenta","Eggerthella","lenta"
"ti|479437|org|Eggerthella_lenta_DSM_2243|accession|NC_013204.1","gi|2173450293|gb|CP089331.1|",98.667,150,2,0,1,150,2404583,2404732,4.18e-67,267,84112,479437,"Eggerthella lenta","Eggerthella","lenta"
"ti|479437|org|Eggerthella_lenta_DSM_2243|accession|NC_013204.1","gi|1922643677|gb|CP063310.1|",98.667,150,2,0,1,150,2853087,2853236,4.18e-67,267,2690837,479437,"Eggerthella lenta","Eggerthella","guodeyinii"
"ti|479437|org|Eggerthella_lenta_DSM_2243|accession|NC_013204.1","gi|1194427778|gb|CP021140.1|",98,150,3,0,1,150,1212843,1212694,1.94e-65,261,84112,479437,"Eggerthella lenta","Eggerthella","lenta"
"ti|479437|org|Eggerthella_lenta_DSM_2243|accession|NC_013204.1","gi|1194427778|gb|CP021140.1|",100,150,0,0,1,150,3212691,3212542,1.93e-70,278,84112,479437,"Eggerthella lenta","Eggerthella","lenta"
"ti|479437|org|Eggerthella_lenta_DSM_2243|accession|NC_013204.1","gi|2188856873|dbj|AP025575.1|",100,150,0,0,1,150,515041,515190,1.93e-70,278,84112,479437,"Eggerthella lenta","Eggerthella","lenta"
"ti|479437|org|Eggerthella_lenta_DSM_2243|accession|NC_013204.1","gi|2173453036|gb|CP089338.1|",100,150,0,0,1,150,491156,491305,1.93e-70,278,84112,479437,"Eggerthella lenta","Eggerthella","lenta"
"ti|479437|org|Eggerthella_lenta_DSM_2243|accession|NC_013204.1","gi|2173453035|gb|CP089337.1|",100,150,0,0,1,150,492365,492514,1.93e-70,278,84112,479437,"Eggerthella lenta","Eggerthella","lenta"
"ti|479437|org|Eggerthella_lenta_DSM_2243|accession|NC_013204.1","gi|2173453034|gb|CP089336.1|",100,150,0,0,1,150,498803,498952,1.93e-70,278,84112,479437,"Eggerthella lenta","Eggerthella","lenta"
"ti|479437|org|Eggerthella_lenta_DSM_2243|accession|NC_013204.1","gi|2173450297|gb|CP089335.1|",100,150,0,0,1,150,822767,822916,1.93e-70,278,84112,479437,"Eggerthella lenta","Eggerthella","lenta"
"ti|479437|org|Eggerthella_lenta_DSM_2243|accession|NC_013204.1","gi|2173450296|gb|CP089334.1|",100,150,0,0,1,150,494068,494217,1.93e-70,278,84112,479437,"Eggerthella lenta","Eggerthella","lenta"
"ti|479437|org|Eggerthella_lenta_DSM_2243|accession|NC_013204.1","gi|2173450295|gb|CP089333.1|",100,150,0,0,1,150,2971182,2971033,1.93e-70,278,84112,479437,"Eggerthella lenta","Eggerthella","lenta"
"ti|479437|org|Eggerthella_lenta_DSM_2243|accession|NC_013204.1","gi|2173450293|gb|CP089331.1|",100,150,0,0,1,150,500371,500520,1.93e-70,278,84112,479437,"Eggerthella lenta","Eggerthella","lenta"
"ti|479437|org|Eggerthella_lenta_DSM_2243|accession|NC_013204.1","gi|257473675|gb|CP001726.1|",100,150,0,0,1,150,509345,509494,1.93e-70,278,479437,479437,"Eggerthella lenta","Eggerthella","lenta"
"ti|479437|org|Eggerthella_lenta_DSM_2243|accession|NC_013204.1","gi|2188856873|dbj|AP025575.1|",100,150,0,0,1,150,1084440,1084291,1.93e-70,278,84112,479437,"Eggerthella lenta","Eggerthella","lenta"
"ti|479437|org|Eggerthella_lenta_DSM_2243|accession|NC_013204.1","gi|2173453035|gb|CP089337.1|",100,150,0,0,1,150,1084564,1084415,1.93e-70,278,84112,479437,"Eggerthella lenta","Eggerthella","lenta"
"ti|479437|org|Eggerthella_lenta_DSM_2243|accession|NC_013204.1","gi|2173453034|gb|CP089336.1|",100,150,0,0,1,150,1043790,1043641,1.93e-70,278,84112,479437,"Eggerthella lenta","Eggerthella","lenta"
"ti|479437|org|Eggerthella_lenta_DSM_2243|accession|NC_013204.1","gi|2173450296|gb|CP089334.1|",100,150,0,0,1,150,2298671,2298820,1.93e-70,278,84112,479437,"Eggerthella lenta","Eggerthella","lenta"
"ti|479437|org|Eggerthella_lenta_DSM_2243|accession|NC_013204.1","gi|2173450295|gb|CP089333.1|",100,150,0,0,1,150,2395798,2395947,1.93e-70,278,84112,479437,"Eggerthella lenta","Eggerthella","lenta"
"ti|479437|org|Eggerthella_lenta_DSM_2243|accession|NC_013204.1","gi|2173450293|gb|CP089331.1|",100,150,0,0,1,150,2385319,2385468,1.93e-70,278,84112,479437,"Eggerthella lenta","Eggerthella","lenta"
"ti|479437|org|Eggerthella_lenta_DSM_2243|accession|NC_013204.1","gi|1194427778|gb|CP021140.1|",98.667,150,2,0,1,150,1232049,1231900,4.18e-67,267,84112,479437,"Eggerthella lenta","Eggerthella","lenta"
"ti|479437|org|Eggerthella_lenta_DSM_2243|accession|NC_013204.1","gi|2173453036|gb|CP089338.1|",98.667,150,2,0,1,150,2259101,2259250,4.18e-67,267,84112,479437,"Eggerthella lenta","Eggerthella","lenta"
"ti|479437|org|Eggerthella_lenta_DSM_2243|accession|NC_013204.1","gi|2173450297|gb|CP089335.1|",98.667,150,2,0,1,150,1430472,1430323,4.18e-67,267,84112,479437,"Eggerthella lenta","Eggerthella","lenta"
"ti|479437|org|Eggerthella_lenta_DSM_2243|accession|NC_013204.1","gi|257473675|gb|CP001726.1|",98.667,150,2,0,1,150,2488385,2488534,4.18e-67,267,479437,479437,"Eggerthella lenta","Eggerthella","lenta"
"ti|479437|org|Eggerthella_lenta_DSM_2243|accession|NC_013204.1","gi|2188856873|dbj|AP025575.1|",100,150,0,0,1,150,2263275,2263126,1.93e-70,278,84112,479437,"Eggerthella lenta","Eggerthella","lenta"
"ti|479437|org|Eggerthella_lenta_DSM_2243|accession|NC_013204.1","gi|2173450297|gb|CP089335.1|",100,150,0,0,1,150,2679898,2679749,1.93e-70,278,84112,479437,"Eggerthella lenta","Eggerthella","lenta"
"ti|479437|org|Eggerthella_lenta_DSM_2243|accession|NC_013204.1","gi|2173450293|gb|CP089331.1|",100,150,0,0,1,150,1186714,1186863,1.93e-70,278,84112,479437,"Eggerthella lenta","Eggerthella","lenta"
"ti|479437|org|Eggerthella_lenta_DSM_2243|accession|NC_013204.1","gi|1194427778|gb|CP021140.1|",99.333,150,1,0,1,150,2390729,2390580,8.98e-69,272,84112,479437,"Eggerthella lenta","Eggerthella","lenta"
"ti|479437|org|Eggerthella_lenta_DSM_2243|accession|NC_013204.1","gi|2173453036|gb|CP089338.1|",99.333,150,1,0,1,150,1108858,1109007,8.98e-69,272,84112,479437,"Eggerthella lenta","Eggerthella","lenta"
"ti|479437|org|Eggerthella_lenta_DSM_2243|accession|NC_013204.1","gi|2173453035|gb|CP089337.1|",99.333,150,1,0,1,150,2324222,2324073,8.98e-69,272,84112,479437,"Eggerthella lenta","Eggerthella","lenta"
"ti|479437|org|Eggerthella_lenta_DSM_2243|accession|NC_013204.1","gi|2173453034|gb|CP089336.1|",99.333,150,1,0,1,150,2211689,2211540,8.98e-69,272,84112,479437,"Eggerthella lenta","Eggerthella","lenta"
"ti|479437|org|Eggerthella_lenta_DSM_2243|accession|NC_013204.1","gi|2173450296|gb|CP089334.1|",99.333,150,1,0,1,150,1086355,1086504,8.98e-69,272,84112,479437,"Eggerthella lenta","Eggerthella","lenta"
"ti|479437|org|Eggerthella_lenta_DSM_2243|accession|NC_013204.1","gi|2173450295|gb|CP089333.1|",99.333,150,1,0,1,150,1124006,1124155,8.98e-69,272,84112,479437,"Eggerthella lenta","Eggerthella","lenta"
"ti|479437|org|Eggerthella_lenta_DSM_2243|accession|NC_013204.1","gi|257473675|gb|CP001726.1|",99.333,150,1,0,1,150,1253597,1253746,8.98e-69,272,479437,479437,"Eggerthella lenta","Eggerthella","lenta"
"ti|479437|org|Eggerthella_lenta_DSM_2243|accession|NC_013204.1","gi|1569728744|gb|MK233070.1|",100,150,0,0,1,150,1893,2042,1.93e-70,278,239364,479437,"Eggerthella lenta",NA,"uncultured human fecal virus"
"ti|479437|org|Eggerthella_lenta_DSM_2243|accession|NC_013204.1","gi|2173453034|gb|CP089336.1|",100,150,0,0,1,150,3165649,3165798,1.93e-70,278,84112,479437,"Eggerthella lenta","Eggerthella","lenta"
"ti|479437|org|Eggerthella_lenta_DSM_2243|accession|NC_013204.1","gi|2173450297|gb|CP089335.1|",100,150,0,0,1,150,3599319,3599468,1.93e-70,278,84112,479437,"Eggerthella lenta","Eggerthella","lenta"
"ti|479437|org|Eggerthella_lenta_DSM_2243|accession|NC_013204.1","gi|2173450296|gb|CP089334.1|",100,150,0,0,1,150,3179797,3179946,1.93e-70,278,84112,479437,"Eggerthella lenta","Eggerthella","lenta"
"ti|479437|org|Eggerthella_lenta_DSM_2243|accession|NC_013204.1","gi|2173450295|gb|CP089333.1|",100,150,0,0,1,150,3463749,3463898,1.93e-70,278,84112,479437,"Eggerthella lenta","Eggerthella","lenta"
"ti|479437|org|Eggerthella_lenta_DSM_2243|accession|NC_013204.1","gi|2173450293|gb|CP089331.1|",100,150,0,0,1,150,3328139,3328288,1.93e-70,278,84112,479437,"Eggerthella lenta","Eggerthella","lenta"
"ti|479437|org|Eggerthella_lenta_DSM_2243|accession|NC_013204.1","gi|257473675|gb|CP001726.1|",100,150,0,0,1,150,3530361,3530510,1.93e-70,278,479437,479437,"Eggerthella lenta","Eggerthella","lenta"
"ti|479437|org|Eggerthella_lenta_DSM_2243|accession|NC_013204.1","gi|1194427778|gb|CP021140.1|",99.333,150,1,0,1,150,236736,236587,8.98e-69,272,84112,479437,"Eggerthella lenta","Eggerthella","lenta"
"ti|479437|org|Eggerthella_lenta_DSM_2243|accession|NC_013204.1","gi|2173453036|gb|CP089338.1|",99.333,150,1,0,1,150,3149969,3150118,8.98e-69,272,84112,479437,"Eggerthella lenta","Eggerthella","lenta"
"ti|479437|org|Eggerthella_lenta_DSM_2243|accession|NC_013204.1","gi|2173453035|gb|CP089337.1|",99.333,150,1,0,1,150,3285138,3285287,8.98e-69,272,84112,479437,"Eggerthella lenta","Eggerthella","lenta"
"ti|479437|org|Eggerthella_lenta_DSM_2243|accession|NC_013204.1","gi|2188856873|dbj|AP025575.1|",100,150,0,0,1,150,1422414,1422265,1.93e-70,278,84112,479437,"Eggerthella lenta","Eggerthella","lenta"
"ti|479437|org|Eggerthella_lenta_DSM_2243|accession|NC_013204.1","gi|2173453036|gb|CP089338.1|",100,150,0,0,1,150,1920786,1920935,1.93e-70,278,84112,479437,"Eggerthella lenta","Eggerthella","lenta"
"ti|479437|org|Eggerthella_lenta_DSM_2243|accession|NC_013204.1","gi|2173450297|gb|CP089335.1|",100,150,0,0,1,150,1799511,1799362,1.93e-70,278,84112,479437,"Eggerthella lenta","Eggerthella","lenta"
"ti|479437|org|Eggerthella_lenta_DSM_2243|accession|NC_013204.1","gi|2173450293|gb|CP089331.1|",100,150,0,0,1,150,2016283,2016432,1.93e-70,278,84112,479437,"Eggerthella lenta","Eggerthella","lenta"
"ti|479437|org|Eggerthella_lenta_DSM_2243|accession|NC_013204.1","gi|257473675|gb|CP001726.1|",100,150,0,0,1,150,2156773,2156922,1.93e-70,278,479437,479437,"Eggerthella lenta","Eggerthella","lenta"
"ti|479437|org|Eggerthella_lenta_DSM_2243|accession|NC_013204.1","gi|1194427778|gb|CP021140.1|",99.333,150,1,0,1,150,1566171,1566022,8.98e-69,272,84112,479437,"Eggerthella lenta","Eggerthella","lenta"
"ti|479437|org|Eggerthella_lenta_DSM_2243|accession|NC_013204.1","gi|2173450296|gb|CP089334.1|",99.333,150,1,0,1,150,1898761,1898910,8.98e-69,272,84112,479437,"Eggerthella lenta","Eggerthella","lenta"
"ti|479437|org|Eggerthella_lenta_DSM_2243|accession|NC_013204.1","gi|2173453035|gb|CP089337.1|",98.667,150,2,0,1,150,1488006,1487857,4.18e-67,267,84112,479437,"Eggerthella lenta","Eggerthella","lenta"
"ti|479437|org|Eggerthella_lenta_DSM_2243|accession|NC_013204.1","gi|2173453034|gb|CP089336.1|",98.667,150,2,0,1,150,1379831,1379682,4.18e-67,267,84112,479437,"Eggerthella lenta","Eggerthella","lenta"
"ti|479437|org|Eggerthella_lenta_DSM_2243|accession|NC_013204.1","gi|2173450295|gb|CP089333.1|",98.667,150,2,0,1,150,1960119,1960268,4.18e-67,267,84112,479437,"Eggerthella lenta","Eggerthella","lenta"
"ti|479437|org|Eggerthella_lenta_DSM_2243|accession|NC_013204.1","gi|2173453036|gb|CP089338.1|",100,150,0,0,1,150,1673916,1674065,1.93e-70,278,84112,479437,"Eggerthella lenta","Eggerthella","lenta"
"ti|479437|org|Eggerthella_lenta_DSM_2243|accession|NC_013204.1","gi|2173453035|gb|CP089337.1|",100,150,0,0,1,150,1733110,1732961,1.93e-70,278,84112,479437,"Eggerthella lenta","Eggerthella","lenta"
"ti|479437|org|Eggerthella_lenta_DSM_2243|accession|NC_013204.1","gi|2173453034|gb|CP089336.1|",100,150,0,0,1,150,1625679,1625530,1.93e-70,278,84112,479437,"Eggerthella lenta","Eggerthella","lenta"
"ti|479437|org|Eggerthella_lenta_DSM_2243|accession|NC_013204.1","gi|2173450293|gb|CP089331.1|",100,150,0,0,1,150,1771195,1771344,1.93e-70,278,84112,479437,"Eggerthella lenta","Eggerthella","lenta"
"ti|479437|org|Eggerthella_lenta_DSM_2243|accession|NC_013204.1","gi|2188856873|dbj|AP025575.1|",98,150,3,0,1,150,1666414,1666265,1.94e-65,261,84112,479437,"Eggerthella lenta","Eggerthella","lenta"
"ti|479437|org|Eggerthella_lenta_DSM_2243|accession|NC_013204.1","gi|2173450297|gb|CP089335.1|",98,150,3,0,1,150,2090183,2090034,1.94e-65,261,84112,479437,"Eggerthella lenta","Eggerthella","lenta"
"ti|479437|org|Eggerthella_lenta_DSM_2243|accession|NC_013204.1","gi|2173450296|gb|CP089334.1|",98,150,3,0,1,150,1652116,1652265,1.94e-65,261,84112,479437,"Eggerthella lenta","Eggerthella","lenta"
"ti|479437|org|Eggerthella_lenta_DSM_2243|accession|NC_013204.1","gi|2173450295|gb|CP089333.1|",98,150,3,0,1,150,1716177,1716326,1.94e-65,261,84112,479437,"Eggerthella lenta","Eggerthella","lenta"
"ti|479437|org|Eggerthella_lenta_DSM_2243|accession|NC_013204.1","gi|1194427778|gb|CP021140.1|",97.959,147,3,0,4,150,1814143,1813997,9.04e-64,255,84112,479437,"Eggerthella lenta","Eggerthella","lenta"
"ti|479437|org|Eggerthella_lenta_DSM_2243|accession|NC_013204.1","gi|257473675|gb|CP001726.1|",97.333,150,4,0,1,150,1889320,1889469,9.04e-64,255,479437,479437,"Eggerthella lenta","Eggerthella","lenta"
"ti|479437|org|Eggerthella_lenta_DSM_2243|accession|NC_013204.1","gi|2173450293|gb|CP089331.1|",100,150,0,0,1,150,2922421,2922570,1.93e-70,278,84112,479437,"Eggerthella lenta","Eggerthella","lenta"
"ti|479437|org|Eggerthella_lenta_DSM_2243|accession|NC_013204.1","gi|1194427778|gb|CP021140.1|",99.333,150,1,0,1,150,651534,651385,8.98e-69,272,84112,479437,"Eggerthella lenta","Eggerthella","lenta"
"ti|479437|org|Eggerthella_lenta_DSM_2243|accession|NC_013204.1","gi|2188856873|dbj|AP025575.1|",99.333,150,1,0,1,150,2892003,2892152,8.98e-69,272,84112,479437,"Eggerthella lenta","Eggerthella","lenta"
"ti|479437|org|Eggerthella_lenta_DSM_2243|accession|NC_013204.1","gi|2173453035|gb|CP089337.1|",99.333,150,1,0,1,150,2940085,2940234,8.98e-69,272,84112,479437,"Eggerthella lenta","Eggerthella","lenta"
"ti|479437|org|Eggerthella_lenta_DSM_2243|accession|NC_013204.1","gi|2173450297|gb|CP089335.1|",99.333,150,1,0,1,150,3252769,3252918,8.98e-69,272,84112,479437,"Eggerthella lenta","Eggerthella","lenta"
"ti|479437|org|Eggerthella_lenta_DSM_2243|accession|NC_013204.1","gi|2173450296|gb|CP089334.1|",99.333,150,1,0,1,150,2846456,2846605,8.98e-69,272,84112,479437,"Eggerthella lenta","Eggerthella","lenta"
"ti|479437|org|Eggerthella_lenta_DSM_2243|accession|NC_013204.1","gi|2173450295|gb|CP089333.1|",99.333,150,1,0,1,150,379881,379732,8.98e-69,272,84112,479437,"Eggerthella lenta","Eggerthella","lenta"
"ti|479437|org|Eggerthella_lenta_DSM_2243|accession|NC_013204.1","gi|257473675|gb|CP001726.1|",99.333,150,1,0,1,150,3173953,3174102,8.98e-69,272,479437,479437,"Eggerthella lenta","Eggerthella","lenta"
"ti|479437|org|Eggerthella_lenta_DSM_2243|accession|NC_013204.1","gi|2173453036|gb|CP089338.1|",98.667,150,2,0,1,150,2817979,2818128,4.18e-67,267,84112,479437,"Eggerthella lenta","Eggerthella","lenta"
"ti|479437|org|Eggerthella_lenta_DSM_2243|accession|NC_013204.1","gi|2173453034|gb|CP089336.1|",98.667,150,2,0,1,150,2831964,2832113,4.18e-67,267,84112,479437,"Eggerthella lenta","Eggerthella","lenta"
"ti|479437|org|Eggerthella_lenta_DSM_2243|accession|NC_013204.1","gi|2188856873|dbj|AP025575.1|",100,150,0,0,1,150,1778951,1778802,1.93e-70,278,84112,479437,"Eggerthella lenta","Eggerthella","lenta"
"ti|479437|org|Eggerthella_lenta_DSM_2243|accession|NC_013204.1","gi|2173450293|gb|CP089331.1|",100,150,0,0,1,150,1669772,1669921,1.93e-70,278,84112,479437,"Eggerthella lenta","Eggerthella","lenta"
"ti|479437|org|Eggerthella_lenta_DSM_2243|accession|NC_013204.1","gi|1194427778|gb|CP021140.1|",99.306,144,1,0,7,150,1915827,1915684,1.94e-65,261,84112,479437,"Eggerthella lenta","Eggerthella","lenta"
"ti|479437|org|Eggerthella_lenta_DSM_2243|accession|NC_013204.1","gi|2173453035|gb|CP089337.1|",99.306,144,1,0,7,150,1833933,1833790,1.94e-65,261,84112,479437,"Eggerthella lenta","Eggerthella","lenta"
"ti|479437|org|Eggerthella_lenta_DSM_2243|accession|NC_013204.1","gi|2173453034|gb|CP089336.1|",99.306,144,1,0,7,150,1727107,1726964,1.94e-65,261,84112,479437,"Eggerthella lenta","Eggerthella","lenta"
"ti|479437|org|Eggerthella_lenta_DSM_2243|accession|NC_013204.1","gi|2173453036|gb|CP089338.1|",97.333,150,4,0,1,150,1572482,1572631,9.04e-64,255,84112,479437,"Eggerthella lenta","Eggerthella","lenta"
"ti|479437|org|Eggerthella_lenta_DSM_2243|accession|NC_013204.1","gi|2173450297|gb|CP089335.1|",98.611,144,2,0,7,150,2188705,2188562,9.04e-64,255,84112,479437,"Eggerthella lenta","Eggerthella","lenta"
"ti|479437|org|Eggerthella_lenta_DSM_2243|accession|NC_013204.1","gi|2173450296|gb|CP089334.1|",97.333,150,4,0,1,150,1550680,1550829,9.04e-64,255,84112,479437,"Eggerthella lenta","Eggerthella","lenta"
"ti|479437|org|Eggerthella_lenta_DSM_2243|accession|NC_013204.1","gi|2173450295|gb|CP089333.1|",97.333,150,4,0,1,150,1609827,1609976,9.04e-64,255,84112,479437,"Eggerthella lenta","Eggerthella","lenta"
"ti|479437|org|Eggerthella_lenta_DSM_2243|accession|NC_013204.1","gi|257473675|gb|CP001726.1|",97.333,150,4,0,1,150,1738324,1738473,9.04e-64,255,479437,479437,"Eggerthella lenta","Eggerthella","lenta"
