"qseqid","sseqid","pident","length","mismatch","gapopen","qstart","qend","sstart","send","evalue","bitscore","staxid","MetaScope_Taxid","MetaScope_Genome","genus","species"
"ti|367928|org|Bifidobacterium_adolescentis_ATCC_15703|accession|NC_008618.1","gi|1526297721|gb|CP024959.1|",100,150,0,0,1,150,814175,814324,1.93e-70,278,1680,367928,"Bifidobacterium adolescentis","Bifidobacterium","adolescentis"
"ti|367928|org|Bifidobacterium_adolescentis_ATCC_15703|accession|NC_008618.1","gi|1373441736|gb|CP028341.1|",100,150,0,0,1,150,798249,798398,1.93e-70,278,1680,367928,"Bifidobacterium adolescentis","Bifidobacterium","adolescentis"
"ti|367928|org|Bifidobacterium_adolescentis_ATCC_15703|accession|NC_008618.1","gi|2022704094|gb|CP053072.1|",100,150,0,0,1,150,853951,854100,1.93e-70,278,1680,367928,"Bifidobacterium adolescentis","Bifidobacterium","adolescentis"
"ti|367928|org|Bifidobacterium_adolescentis_ATCC_15703|accession|NC_008618.1","gi|118764602|dbj|AP009256.1|",100,150,0,0,1,150,782433,782582,1.93e-70,278,367928,367928,"Bifidobacterium adolescentis","Bifidobacterium","adolescentis"
"ti|367928|org|Bifidobacterium_adolescentis_ATCC_15703|accession|NC_008618.1","gi|1789828052|gb|CP047129.1|",99.333,150,1,0,1,150,830350,830499,8.98e-69,272,1680,367928,"Bifidobacterium adolescentis","Bifidobacterium","adolescentis"
"ti|367928|org|Bifidobacterium_adolescentis_ATCC_15703|accession|NC_008618.1","gi|1464571395|gb|CP023005.1|",98.667,150,2,0,1,150,807563,807712,4.18e-67,267,1680,367928,"Bifidobacterium adolescentis","Bifidobacterium","adolescentis"
"ti|367928|org|Bifidobacterium_adolescentis_ATCC_15703|accession|NC_008618.1","gi|1721134188|emb|LR698990.1|",98.667,150,2,0,1,150,820399,820548,4.18e-67,267,1680,367928,"Bifidobacterium adolescentis","Bifidobacterium","adolescentis"
"ti|367928|org|Bifidobacterium_adolescentis_ATCC_15703|accession|NC_008618.1","gi|2240214207|gb|CP097281.1|",98.667,150,2,0,1,150,842508,842657,4.18e-67,267,1680,367928,"Bifidobacterium adolescentis","Bifidobacterium","adolescentis"
"ti|367928|org|Bifidobacterium_adolescentis_ATCC_15703|accession|NC_008618.1","gi|671341910|gb|CP007443.1|",98.667,150,2,0,1,150,838351,838500,4.18e-67,267,1680,367928,"Bifidobacterium adolescentis","Bifidobacterium","adolescentis"
"ti|367928|org|Bifidobacterium_adolescentis_ATCC_15703|accession|NC_008618.1","gi|998637992|gb|CP014241.1|",91.304,46,2,2,88,132,1395489,1395533,2.12e-05,62.1,1683,367928,"Bifidobacterium adolescentis","Bifidobacterium","angulatum"
"ti|367928|org|Bifidobacterium_adolescentis_ATCC_15703|accession|NC_008618.1","gi|1537796250|gb|CP025199.1|",100,150,0,0,1,150,20961,21110,1.93e-70,278,28026,367928,"Bifidobacterium adolescentis","Bifidobacterium","pseudocatenulatum"
"ti|367928|org|Bifidobacterium_adolescentis_ATCC_15703|accession|NC_008618.1","gi|781878436|dbj|AP012330.1|",100,150,0,0,1,150,21007,21156,1.93e-70,278,547043,367928,"Bifidobacterium adolescentis","Bifidobacterium","pseudocatenulatum"
"ti|367928|org|Bifidobacterium_adolescentis_ATCC_15703|accession|NC_008618.1","gi|2120022037|gb|CP079236.1|",100,150,0,0,1,150,19089,19238,1.93e-70,278,28026,367928,"Bifidobacterium adolescentis","Bifidobacterium","pseudocatenulatum"
"ti|367928|org|Bifidobacterium_adolescentis_ATCC_15703|accession|NC_008618.1","gi|2120004583|gb|CP079233.1|",100,150,0,0,1,150,20725,20874,1.93e-70,278,28026,367928,"Bifidobacterium adolescentis","Bifidobacterium","pseudocatenulatum"
"ti|367928|org|Bifidobacterium_adolescentis_ATCC_15703|accession|NC_008618.1","gi|2119984945|gb|CP079232.1|",100,150,0,0,1,150,20466,20615,1.93e-70,278,28026,367928,"Bifidobacterium adolescentis","Bifidobacterium","pseudocatenulatum"
"ti|367928|org|Bifidobacterium_adolescentis_ATCC_15703|accession|NC_008618.1","gi|2021586376|gb|CP072504.1|",100,150,0,0,1,150,18913,19062,1.93e-70,278,28026,367928,"Bifidobacterium adolescentis","Bifidobacterium","pseudocatenulatum"
"ti|367928|org|Bifidobacterium_adolescentis_ATCC_15703|accession|NC_008618.1","gi|2179090907|gb|CP090598.1|",99.333,150,1,0,1,150,65666,65815,8.98e-69,272,28026,367928,"Bifidobacterium adolescentis","Bifidobacterium","pseudocatenulatum"
"ti|367928|org|Bifidobacterium_adolescentis_ATCC_15703|accession|NC_008618.1","gi|2119983138|gb|CP079231.1|",99.333,150,1,0,1,150,20448,20597,8.98e-69,272,28026,367928,"Bifidobacterium adolescentis","Bifidobacterium","pseudocatenulatum"
"ti|367928|org|Bifidobacterium_adolescentis_ATCC_15703|accession|NC_008618.1","gi|1777191183|gb|CP026729.1|",98.667,150,2,0,1,150,22073,22222,4.18e-67,267,630129,367928,"Bifidobacterium adolescentis","Bifidobacterium","catenulatum"
"ti|367928|org|Bifidobacterium_adolescentis_ATCC_15703|accession|NC_008618.1","gi|781876604|dbj|AP012325.1|",98.667,150,2,0,1,150,18354,18503,4.18e-67,267,566552,367928,"Bifidobacterium adolescentis","Bifidobacterium","catenulatum"
"ti|367928|org|Bifidobacterium_adolescentis_ATCC_15703|accession|NC_008618.1","gi|1789828052|gb|CP047129.1|",100,150,0,0,1,150,317109,317258,1.93e-70,278,1680,367928,"Bifidobacterium adolescentis","Bifidobacterium","adolescentis"
"ti|367928|org|Bifidobacterium_adolescentis_ATCC_15703|accession|NC_008618.1","gi|1526297721|gb|CP024959.1|",100,150,0,0,1,150,320787,320936,1.93e-70,278,1680,367928,"Bifidobacterium adolescentis","Bifidobacterium","adolescentis"
"ti|367928|org|Bifidobacterium_adolescentis_ATCC_15703|accession|NC_008618.1","gi|1373441736|gb|CP028341.1|",100,150,0,0,1,150,312188,312337,1.93e-70,278,1680,367928,"Bifidobacterium adolescentis","Bifidobacterium","adolescentis"
"ti|367928|org|Bifidobacterium_adolescentis_ATCC_15703|accession|NC_008618.1","gi|781876604|dbj|AP012325.1|",100,150,0,0,1,150,283057,283206,1.93e-70,278,566552,367928,"Bifidobacterium adolescentis","Bifidobacterium","catenulatum"
"ti|367928|org|Bifidobacterium_adolescentis_ATCC_15703|accession|NC_008618.1","gi|1721134188|emb|LR698990.1|",100,150,0,0,1,150,325903,326052,1.93e-70,278,1680,367928,"Bifidobacterium adolescentis","Bifidobacterium","adolescentis"
"ti|367928|org|Bifidobacterium_adolescentis_ATCC_15703|accession|NC_008618.1","gi|2240214207|gb|CP097281.1|",100,150,0,0,1,150,349848,349997,1.93e-70,278,1680,367928,"Bifidobacterium adolescentis","Bifidobacterium","adolescentis"
"ti|367928|org|Bifidobacterium_adolescentis_ATCC_15703|accession|NC_008618.1","gi|671341910|gb|CP007443.1|",100,150,0,0,1,150,318445,318594,1.93e-70,278,1680,367928,"Bifidobacterium adolescentis","Bifidobacterium","adolescentis"
"ti|367928|org|Bifidobacterium_adolescentis_ATCC_15703|accession|NC_008618.1","gi|2022704094|gb|CP053072.1|",100,150,0,0,1,150,323885,324034,1.93e-70,278,1680,367928,"Bifidobacterium adolescentis","Bifidobacterium","adolescentis"
"ti|367928|org|Bifidobacterium_adolescentis_ATCC_15703|accession|NC_008618.1","gi|156771580|gb|EU062073.1|",100,150,0,0,1,150,130,279,1.93e-70,278,77133,367928,"Bifidobacterium adolescentis",NA,"uncultured bacterium"
"ti|367928|org|Bifidobacterium_adolescentis_ATCC_15703|accession|NC_008618.1","gi|156770832|gb|EU061325.1|",100,150,0,0,1,150,358,507,1.93e-70,278,77133,367928,"Bifidobacterium adolescentis",NA,"uncultured bacterium"
"ti|367928|org|Bifidobacterium_adolescentis_ATCC_15703|accession|NC_008618.1","gi|1526297721|gb|CP024959.1|",100,150,0,0,1,150,539368,539517,1.93e-70,278,1680,367928,"Bifidobacterium adolescentis","Bifidobacterium","adolescentis"
"ti|367928|org|Bifidobacterium_adolescentis_ATCC_15703|accession|NC_008618.1","gi|1373441736|gb|CP028341.1|",100,150,0,0,1,150,525354,525503,1.93e-70,278,1680,367928,"Bifidobacterium adolescentis","Bifidobacterium","adolescentis"
"ti|367928|org|Bifidobacterium_adolescentis_ATCC_15703|accession|NC_008618.1","gi|2240214207|gb|CP097281.1|",100,150,0,0,1,150,569165,569314,1.93e-70,278,1680,367928,"Bifidobacterium adolescentis","Bifidobacterium","adolescentis"
"ti|367928|org|Bifidobacterium_adolescentis_ATCC_15703|accession|NC_008618.1","gi|671341910|gb|CP007443.1|",100,150,0,0,1,150,537650,537799,1.93e-70,278,1680,367928,"Bifidobacterium adolescentis","Bifidobacterium","adolescentis"
"ti|367928|org|Bifidobacterium_adolescentis_ATCC_15703|accession|NC_008618.1","gi|2022704094|gb|CP053072.1|",100,150,0,0,1,150,543783,543932,1.93e-70,278,1680,367928,"Bifidobacterium adolescentis","Bifidobacterium","adolescentis"
"ti|367928|org|Bifidobacterium_adolescentis_ATCC_15703|accession|NC_008618.1","gi|118764602|dbj|AP009256.1|",100,150,0,0,1,150,529468,529617,1.93e-70,278,367928,367928,"Bifidobacterium adolescentis","Bifidobacterium","adolescentis"
"ti|367928|org|Bifidobacterium_adolescentis_ATCC_15703|accession|NC_008618.1","gi|1789828052|gb|CP047129.1|",99.333,150,1,0,1,150,544128,544277,8.98e-69,272,1680,367928,"Bifidobacterium adolescentis","Bifidobacterium","adolescentis"
"ti|367928|org|Bifidobacterium_adolescentis_ATCC_15703|accession|NC_008618.1","gi|1464571395|gb|CP023005.1|",99.333,150,1,0,1,150,514320,514469,8.98e-69,272,1680,367928,"Bifidobacterium adolescentis","Bifidobacterium","adolescentis"
"ti|367928|org|Bifidobacterium_adolescentis_ATCC_15703|accession|NC_008618.1","gi|1721134188|emb|LR698990.1|",99.333,150,1,0,1,150,545566,545715,8.98e-69,272,1680,367928,"Bifidobacterium adolescentis","Bifidobacterium","adolescentis"
"ti|367928|org|Bifidobacterium_adolescentis_ATCC_15703|accession|NC_008618.1","gi|2179090907|gb|CP090598.1|",91.837,98,8,0,1,98,593705,593802,3.42e-28,137,28026,367928,"Bifidobacterium adolescentis","Bifidobacterium","pseudocatenulatum"
"ti|367928|org|Bifidobacterium_adolescentis_ATCC_15703|accession|NC_008618.1","gi|1789828052|gb|CP047129.1|",100,150,0,0,1,150,1986506,1986655,1.93e-70,278,1680,367928,"Bifidobacterium adolescentis","Bifidobacterium","adolescentis"
"ti|367928|org|Bifidobacterium_adolescentis_ATCC_15703|accession|NC_008618.1","gi|118764602|dbj|AP009256.1|",100,150,0,0,1,150,1684410,1684559,1.93e-70,278,367928,367928,"Bifidobacterium adolescentis","Bifidobacterium","adolescentis"
"ti|367928|org|Bifidobacterium_adolescentis_ATCC_15703|accession|NC_008618.1","gi|1537796250|gb|CP025199.1|",99.333,150,1,0,1,150,1757359,1757508,8.98e-69,272,28026,367928,"Bifidobacterium adolescentis","Bifidobacterium","pseudocatenulatum"
"ti|367928|org|Bifidobacterium_adolescentis_ATCC_15703|accession|NC_008618.1","gi|1464571395|gb|CP023005.1|",99.333,150,1,0,1,150,1762136,1762285,8.98e-69,272,1680,367928,"Bifidobacterium adolescentis","Bifidobacterium","adolescentis"
"ti|367928|org|Bifidobacterium_adolescentis_ATCC_15703|accession|NC_008618.1","gi|1373441736|gb|CP028341.1|",99.333,150,1,0,1,150,1765558,1765707,8.98e-69,272,1680,367928,"Bifidobacterium adolescentis","Bifidobacterium","adolescentis"
"ti|367928|org|Bifidobacterium_adolescentis_ATCC_15703|accession|NC_008618.1","gi|781876604|dbj|AP012325.1|",99.333,150,1,0,1,150,1647636,1647785,8.98e-69,272,566552,367928,"Bifidobacterium adolescentis","Bifidobacterium","catenulatum"
"ti|367928|org|Bifidobacterium_adolescentis_ATCC_15703|accession|NC_008618.1","gi|1721134188|emb|LR698990.1|",99.333,150,1,0,1,150,1709590,1709739,8.98e-69,272,1680,367928,"Bifidobacterium adolescentis","Bifidobacterium","adolescentis"
"ti|367928|org|Bifidobacterium_adolescentis_ATCC_15703|accession|NC_008618.1","gi|730564789|gb|CP007456.1|",99.333,150,1,0,1,150,1868341,1868490,8.98e-69,272,1447716,367928,"Bifidobacterium adolescentis","Bifidobacterium","catenulatum"
"ti|367928|org|Bifidobacterium_adolescentis_ATCC_15703|accession|NC_008618.1","gi|1526297721|gb|CP024959.1|",98.667,150,2,0,1,150,1775715,1775864,4.18e-67,267,1680,367928,"Bifidobacterium adolescentis","Bifidobacterium","adolescentis"
"ti|367928|org|Bifidobacterium_adolescentis_ATCC_15703|accession|NC_008618.1","gi|1120616200|gb|KX128260.1|",98.667,150,2,0,1,150,162,13,4.18e-67,267,77133,367928,"Bifidobacterium adolescentis",NA,"uncultured bacterium"
"ti|367928|org|Bifidobacterium_adolescentis_ATCC_15703|accession|NC_008618.1","gi|118764602|dbj|AP009256.1|",100,150,0,0,1,150,1544813,1544962,1.93e-70,278,367928,367928,"Bifidobacterium adolescentis","Bifidobacterium","adolescentis"
"ti|367928|org|Bifidobacterium_adolescentis_ATCC_15703|accession|NC_008618.1","gi|1789828052|gb|CP047129.1|",99.333,150,1,0,1,150,1906348,1906497,8.98e-69,272,1680,367928,"Bifidobacterium adolescentis","Bifidobacterium","adolescentis"
"ti|367928|org|Bifidobacterium_adolescentis_ATCC_15703|accession|NC_008618.1","gi|1464571395|gb|CP023005.1|",99.333,150,1,0,1,150,1682524,1682673,8.98e-69,272,1680,367928,"Bifidobacterium adolescentis","Bifidobacterium","adolescentis"
"ti|367928|org|Bifidobacterium_adolescentis_ATCC_15703|accession|NC_008618.1","gi|757807349|dbj|AP012327.1|",99.333,150,1,0,1,150,1782676,1782825,8.98e-69,272,1150460,367928,"Bifidobacterium adolescentis","Bifidobacterium","catenulatum"
"ti|367928|org|Bifidobacterium_adolescentis_ATCC_15703|accession|NC_008618.1","gi|1721134188|emb|LR698990.1|",99.333,150,1,0,1,150,1628979,1629128,8.98e-69,272,1680,367928,"Bifidobacterium adolescentis","Bifidobacterium","adolescentis"
"ti|367928|org|Bifidobacterium_adolescentis_ATCC_15703|accession|NC_008618.1","gi|1777191183|gb|CP026729.1|",98.667,150,2,0,1,150,1890992,1891141,4.18e-67,267,630129,367928,"Bifidobacterium adolescentis","Bifidobacterium","catenulatum"
"ti|367928|org|Bifidobacterium_adolescentis_ATCC_15703|accession|NC_008618.1","gi|1373441736|gb|CP028341.1|",98.667,150,2,0,1,150,1691389,1691538,4.18e-67,267,1680,367928,"Bifidobacterium adolescentis","Bifidobacterium","adolescentis"
"ti|367928|org|Bifidobacterium_adolescentis_ATCC_15703|accession|NC_008618.1","gi|781876604|dbj|AP012325.1|",98.667,150,2,0,1,150,1582544,1582693,4.18e-67,267,566552,367928,"Bifidobacterium adolescentis","Bifidobacterium","catenulatum"
"ti|367928|org|Bifidobacterium_adolescentis_ATCC_15703|accession|NC_008618.1","gi|1789828052|gb|CP047129.1|",100,150,0,0,1,150,1659746,1659895,1.93e-70,278,1680,367928,"Bifidobacterium adolescentis","Bifidobacterium","adolescentis"
"ti|367928|org|Bifidobacterium_adolescentis_ATCC_15703|accession|NC_008618.1","gi|1789828052|gb|CP047129.1|",84,75,12,0,34,108,2331152,2331226,9.77e-09,73.1,1680,367928,"Bifidobacterium adolescentis","Bifidobacterium","adolescentis"
"ti|367928|org|Bifidobacterium_adolescentis_ATCC_15703|accession|NC_008618.1","gi|1526297721|gb|CP024959.1|",100,150,0,0,1,150,1470813,1470962,1.93e-70,278,1680,367928,"Bifidobacterium adolescentis","Bifidobacterium","adolescentis"
"ti|367928|org|Bifidobacterium_adolescentis_ATCC_15703|accession|NC_008618.1","gi|1526297721|gb|CP024959.1|",85.333,75,11,0,34,108,2117758,2117832,2.1e-10,78.7,1680,367928,"Bifidobacterium adolescentis","Bifidobacterium","adolescentis"
"ti|367928|org|Bifidobacterium_adolescentis_ATCC_15703|accession|NC_008618.1","gi|1464571395|gb|CP023005.1|",100,150,0,0,1,150,1394070,1394219,1.93e-70,278,1680,367928,"Bifidobacterium adolescentis","Bifidobacterium","adolescentis"
"ti|367928|org|Bifidobacterium_adolescentis_ATCC_15703|accession|NC_008618.1","gi|1373441736|gb|CP028341.1|",100,150,0,0,1,150,1485806,1485955,1.93e-70,278,1680,367928,"Bifidobacterium adolescentis","Bifidobacterium","adolescentis"
"ti|367928|org|Bifidobacterium_adolescentis_ATCC_15703|accession|NC_008618.1","gi|1721134188|emb|LR698990.1|",100,150,0,0,1,150,1377329,1377478,1.93e-70,278,1680,367928,"Bifidobacterium adolescentis","Bifidobacterium","adolescentis"
"ti|367928|org|Bifidobacterium_adolescentis_ATCC_15703|accession|NC_008618.1","gi|2240214207|gb|CP097281.1|",100,150,0,0,1,150,1740623,1740772,1.93e-70,278,1680,367928,"Bifidobacterium adolescentis","Bifidobacterium","adolescentis"
"ti|367928|org|Bifidobacterium_adolescentis_ATCC_15703|accession|NC_008618.1","gi|118764602|dbj|AP009256.1|",100,150,0,0,1,150,1306973,1307122,1.93e-70,278,367928,367928,"Bifidobacterium adolescentis","Bifidobacterium","adolescentis"
"ti|367928|org|Bifidobacterium_adolescentis_ATCC_15703|accession|NC_008618.1","gi|118764602|dbj|AP009256.1|",82.558,86,14,1,24,108,2007359,2007444,2.72e-09,75,367928,367928,"Bifidobacterium adolescentis","Bifidobacterium","adolescentis"
"ti|367928|org|Bifidobacterium_adolescentis_ATCC_15703|accession|NC_008618.1","gi|671341910|gb|CP007443.1|",99.333,150,1,0,1,150,1360467,1360616,8.98e-69,272,1680,367928,"Bifidobacterium adolescentis","Bifidobacterium","adolescentis"
"ti|367928|org|Bifidobacterium_adolescentis_ATCC_15703|accession|NC_008618.1","gi|671341910|gb|CP007443.1|",84,75,12,0,34,108,2117115,2117189,9.77e-09,73.1,1680,367928,"Bifidobacterium adolescentis","Bifidobacterium","adolescentis"
"ti|367928|org|Bifidobacterium_adolescentis_ATCC_15703|accession|NC_008618.1","gi|2022704094|gb|CP053072.1|",97.297,148,4,0,3,150,1405541,1405688,1.17e-62,252,1680,367928,"Bifidobacterium adolescentis","Bifidobacterium","adolescentis"
"ti|367928|org|Bifidobacterium_adolescentis_ATCC_15703|accession|NC_008618.1","gi|2022704094|gb|CP053072.1|",84,75,12,0,34,108,2121382,2121456,9.77e-09,73.1,1680,367928,"Bifidobacterium adolescentis","Bifidobacterium","adolescentis"
"ti|367928|org|Bifidobacterium_adolescentis_ATCC_15703|accession|NC_008618.1","gi|757809295|dbj|AP012331.1|",89.262,149,14,2,3,150,2058664,2058811,1.2e-42,185,1150461,367928,"Bifidobacterium adolescentis","Bifidobacterium","scardovii"
"ti|367928|org|Bifidobacterium_adolescentis_ATCC_15703|accession|NC_008618.1","gi|1464571395|gb|CP023005.1|",100,150,0,0,1,150,1354310,1354459,1.93e-70,278,1680,367928,"Bifidobacterium adolescentis","Bifidobacterium","adolescentis"
"ti|367928|org|Bifidobacterium_adolescentis_ATCC_15703|accession|NC_008618.1","gi|2240214207|gb|CP097281.1|",100,150,0,0,1,150,1697626,1697775,1.93e-70,278,1680,367928,"Bifidobacterium adolescentis","Bifidobacterium","adolescentis"
"ti|367928|org|Bifidobacterium_adolescentis_ATCC_15703|accession|NC_008618.1","gi|2240214207|gb|CP097281.1|",93.182,88,6,0,12,99,1506597,1506510,5.72e-26,130,1680,367928,"Bifidobacterium adolescentis","Bifidobacterium","adolescentis"
"ti|367928|org|Bifidobacterium_adolescentis_ATCC_15703|accession|NC_008618.1","gi|2022704094|gb|CP053072.1|",100,150,0,0,1,150,1366270,1366419,1.93e-70,278,1680,367928,"Bifidobacterium adolescentis","Bifidobacterium","adolescentis"
"ti|367928|org|Bifidobacterium_adolescentis_ATCC_15703|accession|NC_008618.1","gi|118764602|dbj|AP009256.1|",100,150,0,0,1,150,1263803,1263952,1.93e-70,278,367928,367928,"Bifidobacterium adolescentis","Bifidobacterium","adolescentis"
"ti|367928|org|Bifidobacterium_adolescentis_ATCC_15703|accession|NC_008618.1","gi|1569727368|gb|MK231694.1|",95.973,149,6,0,1,149,443,591,7.04e-60,243,239364,367928,"Bifidobacterium adolescentis",NA,"uncultured human fecal virus"
"ti|367928|org|Bifidobacterium_adolescentis_ATCC_15703|accession|NC_008618.1","gi|1569727343|gb|MK231669.1|",95.973,149,6,0,1,149,8056,8204,7.04e-60,243,239364,367928,"Bifidobacterium adolescentis",NA,"uncultured human fecal virus"
"ti|367928|org|Bifidobacterium_adolescentis_ATCC_15703|accession|NC_008618.1","gi|1569727340|gb|MK231666.1|",95.973,149,6,0,1,149,311,163,7.04e-60,243,239364,367928,"Bifidobacterium adolescentis",NA,"uncultured human fecal virus"
"ti|367928|org|Bifidobacterium_adolescentis_ATCC_15703|accession|NC_008618.1","gi|1789828052|gb|CP047129.1|",95.973,149,6,0,1,149,1081643,1081495,7.04e-60,243,1680,367928,"Bifidobacterium adolescentis","Bifidobacterium","adolescentis"
"ti|367928|org|Bifidobacterium_adolescentis_ATCC_15703|accession|NC_008618.1","gi|1789828052|gb|CP047129.1|",95.973,149,6,0,1,149,1211648,1211796,7.04e-60,243,1680,367928,"Bifidobacterium adolescentis","Bifidobacterium","adolescentis"
"ti|367928|org|Bifidobacterium_adolescentis_ATCC_15703|accession|NC_008618.1","gi|1789828052|gb|CP047129.1|",94.667,150,8,0,1,150,1621368,1621219,4.24e-57,233,1680,367928,"Bifidobacterium adolescentis","Bifidobacterium","adolescentis"
"ti|367928|org|Bifidobacterium_adolescentis_ATCC_15703|accession|NC_008618.1","gi|1777191183|gb|CP026729.1|",95.973,149,6,0,1,149,1613316,1613168,7.04e-60,243,630129,367928,"Bifidobacterium adolescentis","Bifidobacterium","catenulatum"
"ti|367928|org|Bifidobacterium_adolescentis_ATCC_15703|accession|NC_008618.1","gi|1777191183|gb|CP026729.1|",87.919,149,18,0,1,149,907194,907046,7.24e-40,176,630129,367928,"Bifidobacterium adolescentis","Bifidobacterium","catenulatum"
"ti|367928|org|Bifidobacterium_adolescentis_ATCC_15703|accession|NC_008618.1","gi|757807349|dbj|AP012327.1|",95.973,149,6,0,1,149,1519344,1519196,7.04e-60,243,1150460,367928,"Bifidobacterium adolescentis","Bifidobacterium","catenulatum"
"ti|367928|org|Bifidobacterium_adolescentis_ATCC_15703|accession|NC_008618.1","gi|1789828052|gb|CP047129.1|",100,150,0,0,1,150,463476,463625,1.93e-70,278,1680,367928,"Bifidobacterium adolescentis","Bifidobacterium","adolescentis"
"ti|367928|org|Bifidobacterium_adolescentis_ATCC_15703|accession|NC_008618.1","gi|1526297721|gb|CP024959.1|",100,150,0,0,1,150,458685,458834,1.93e-70,278,1680,367928,"Bifidobacterium adolescentis","Bifidobacterium","adolescentis"
"ti|367928|org|Bifidobacterium_adolescentis_ATCC_15703|accession|NC_008618.1","gi|1464571395|gb|CP023005.1|",100,150,0,0,1,150,433802,433951,1.93e-70,278,1680,367928,"Bifidobacterium adolescentis","Bifidobacterium","adolescentis"
"ti|367928|org|Bifidobacterium_adolescentis_ATCC_15703|accession|NC_008618.1","gi|2240214207|gb|CP097281.1|",100,150,0,0,1,150,488471,488620,1.93e-70,278,1680,367928,"Bifidobacterium adolescentis","Bifidobacterium","adolescentis"
"ti|367928|org|Bifidobacterium_adolescentis_ATCC_15703|accession|NC_008618.1","gi|2022704094|gb|CP053072.1|",100,150,0,0,1,150,462997,463146,1.93e-70,278,1680,367928,"Bifidobacterium adolescentis","Bifidobacterium","adolescentis"
"ti|367928|org|Bifidobacterium_adolescentis_ATCC_15703|accession|NC_008618.1","gi|118764602|dbj|AP009256.1|",100,150,0,0,1,150,448906,449055,1.93e-70,278,367928,367928,"Bifidobacterium adolescentis","Bifidobacterium","adolescentis"
"ti|367928|org|Bifidobacterium_adolescentis_ATCC_15703|accession|NC_008618.1","gi|1373441736|gb|CP028341.1|",99.333,150,1,0,1,150,458365,458514,8.98e-69,272,1680,367928,"Bifidobacterium adolescentis","Bifidobacterium","adolescentis"
"ti|367928|org|Bifidobacterium_adolescentis_ATCC_15703|accession|NC_008618.1","gi|671341910|gb|CP007443.1|",99.333,150,1,0,1,150,456969,457118,8.98e-69,272,1680,367928,"Bifidobacterium adolescentis","Bifidobacterium","adolescentis"
"ti|367928|org|Bifidobacterium_adolescentis_ATCC_15703|accession|NC_008618.1","gi|1721134188|emb|LR698990.1|",98.667,150,2,0,1,150,464873,465022,4.18e-67,267,1680,367928,"Bifidobacterium adolescentis","Bifidobacterium","adolescentis"
"ti|367928|org|Bifidobacterium_adolescentis_ATCC_15703|accession|NC_008618.1","gi|1789828052|gb|CP047129.1|",100,150,0,0,1,150,617517,617666,1.93e-70,278,1680,367928,"Bifidobacterium adolescentis","Bifidobacterium","adolescentis"
"ti|367928|org|Bifidobacterium_adolescentis_ATCC_15703|accession|NC_008618.1","gi|1526297721|gb|CP024959.1|",100,150,0,0,1,150,603515,603664,1.93e-70,278,1680,367928,"Bifidobacterium adolescentis","Bifidobacterium","adolescentis"
"ti|367928|org|Bifidobacterium_adolescentis_ATCC_15703|accession|NC_008618.1","gi|1464571395|gb|CP023005.1|",100,150,0,0,1,150,587700,587849,1.93e-70,278,1680,367928,"Bifidobacterium adolescentis","Bifidobacterium","adolescentis"
"ti|367928|org|Bifidobacterium_adolescentis_ATCC_15703|accession|NC_008618.1","gi|1373441736|gb|CP028341.1|",100,150,0,0,1,150,598465,598614,1.93e-70,278,1680,367928,"Bifidobacterium adolescentis","Bifidobacterium","adolescentis"
"ti|367928|org|Bifidobacterium_adolescentis_ATCC_15703|accession|NC_008618.1","gi|2240214207|gb|CP097281.1|",100,150,0,0,1,150,642534,642683,1.93e-70,278,1680,367928,"Bifidobacterium adolescentis","Bifidobacterium","adolescentis"
"ti|367928|org|Bifidobacterium_adolescentis_ATCC_15703|accession|NC_008618.1","gi|671341910|gb|CP007443.1|",100,150,0,0,1,150,625263,625412,1.93e-70,278,1680,367928,"Bifidobacterium adolescentis","Bifidobacterium","adolescentis"
"ti|367928|org|Bifidobacterium_adolescentis_ATCC_15703|accession|NC_008618.1","gi|2022704094|gb|CP053072.1|",100,150,0,0,1,150,624425,624574,1.93e-70,278,1680,367928,"Bifidobacterium adolescentis","Bifidobacterium","adolescentis"
"ti|367928|org|Bifidobacterium_adolescentis_ATCC_15703|accession|NC_008618.1","gi|118764602|dbj|AP009256.1|",100,150,0,0,1,150,593719,593868,1.93e-70,278,367928,367928,"Bifidobacterium adolescentis","Bifidobacterium","adolescentis"
"ti|367928|org|Bifidobacterium_adolescentis_ATCC_15703|accession|NC_008618.1","gi|1721134188|emb|LR698990.1|",99.333,150,1,0,1,150,618969,619118,8.98e-69,272,1680,367928,"Bifidobacterium adolescentis","Bifidobacterium","adolescentis"
"ti|367928|org|Bifidobacterium_adolescentis_ATCC_15703|accession|NC_008618.1","gi|1539960149|emb|LR134349.1|",90,140,14,0,1,140,749513,749652,1.56e-41,182,1689,367928,"Bifidobacterium adolescentis","Bifidobacterium","dentium"
"ti|367928|org|Bifidobacterium_adolescentis_ATCC_15703|accession|NC_008618.1","gi|1721134188|emb|LR698990.1|",100,150,0,0,1,150,828683,828832,1.93e-70,278,1680,367928,"Bifidobacterium adolescentis","Bifidobacterium","adolescentis"
"ti|367928|org|Bifidobacterium_adolescentis_ATCC_15703|accession|NC_008618.1","gi|118764602|dbj|AP009256.1|",100,150,0,0,1,150,791078,791227,1.93e-70,278,367928,367928,"Bifidobacterium adolescentis","Bifidobacterium","adolescentis"
"ti|367928|org|Bifidobacterium_adolescentis_ATCC_15703|accession|NC_008618.1","gi|1789828052|gb|CP047129.1|",99.333,150,1,0,1,150,838634,838783,8.98e-69,272,1680,367928,"Bifidobacterium adolescentis","Bifidobacterium","adolescentis"
"ti|367928|org|Bifidobacterium_adolescentis_ATCC_15703|accession|NC_008618.1","gi|1526297721|gb|CP024959.1|",99.333,150,1,0,1,150,822821,822970,8.98e-69,272,1680,367928,"Bifidobacterium adolescentis","Bifidobacterium","adolescentis"
"ti|367928|org|Bifidobacterium_adolescentis_ATCC_15703|accession|NC_008618.1","gi|1373441736|gb|CP028341.1|",99.333,150,1,0,1,150,806535,806684,8.98e-69,272,1680,367928,"Bifidobacterium adolescentis","Bifidobacterium","adolescentis"
"ti|367928|org|Bifidobacterium_adolescentis_ATCC_15703|accession|NC_008618.1","gi|2240214207|gb|CP097281.1|",99.333,150,1,0,1,150,850792,850941,8.98e-69,272,1680,367928,"Bifidobacterium adolescentis","Bifidobacterium","adolescentis"
"ti|367928|org|Bifidobacterium_adolescentis_ATCC_15703|accession|NC_008618.1","gi|671341910|gb|CP007443.1|",99.333,150,1,0,1,150,846997,847146,8.98e-69,272,1680,367928,"Bifidobacterium adolescentis","Bifidobacterium","adolescentis"
"ti|367928|org|Bifidobacterium_adolescentis_ATCC_15703|accession|NC_008618.1","gi|2022704094|gb|CP053072.1|",99.333,150,1,0,1,150,862597,862746,8.98e-69,272,1680,367928,"Bifidobacterium adolescentis","Bifidobacterium","adolescentis"
"ti|367928|org|Bifidobacterium_adolescentis_ATCC_15703|accession|NC_008618.1","gi|1464571395|gb|CP023005.1|",98.667,150,2,0,1,150,816206,816355,4.18e-67,267,1680,367928,"Bifidobacterium adolescentis","Bifidobacterium","adolescentis"
"ti|367928|org|Bifidobacterium_adolescentis_ATCC_15703|accession|NC_008618.1","gi|998637992|gb|CP014241.1|",94.667,150,8,0,1,150,1691635,1691486,4.24e-57,233,1683,367928,"Bifidobacterium adolescentis","Bifidobacterium","angulatum"
"ti|367928|org|Bifidobacterium_adolescentis_ATCC_15703|accession|NC_008618.1","gi|118764602|dbj|AP009256.1|",100,150,0,0,1,150,659751,659900,1.93e-70,278,367928,367928,"Bifidobacterium adolescentis","Bifidobacterium","adolescentis"
"ti|367928|org|Bifidobacterium_adolescentis_ATCC_15703|accession|NC_008618.1","gi|1373441736|gb|CP028341.1|",99.333,150,1,0,1,150,664490,664639,8.98e-69,272,1680,367928,"Bifidobacterium adolescentis","Bifidobacterium","adolescentis"
"ti|367928|org|Bifidobacterium_adolescentis_ATCC_15703|accession|NC_008618.1","gi|1789828052|gb|CP047129.1|",98.667,150,2,0,1,150,679344,679493,4.18e-67,267,1680,367928,"Bifidobacterium adolescentis","Bifidobacterium","adolescentis"
"ti|367928|org|Bifidobacterium_adolescentis_ATCC_15703|accession|NC_008618.1","gi|1464571395|gb|CP023005.1|",98.667,150,2,0,1,150,656453,656602,4.18e-67,267,1680,367928,"Bifidobacterium adolescentis","Bifidobacterium","adolescentis"
"ti|367928|org|Bifidobacterium_adolescentis_ATCC_15703|accession|NC_008618.1","gi|1721134188|emb|LR698990.1|",99.32,147,1,0,1,147,680858,681004,4.18e-67,267,1680,367928,"Bifidobacterium adolescentis","Bifidobacterium","adolescentis"
"ti|367928|org|Bifidobacterium_adolescentis_ATCC_15703|accession|NC_008618.1","gi|2240214207|gb|CP097281.1|",99.32,147,1,0,1,147,704416,704562,4.18e-67,267,1680,367928,"Bifidobacterium adolescentis","Bifidobacterium","adolescentis"
"ti|367928|org|Bifidobacterium_adolescentis_ATCC_15703|accession|NC_008618.1","gi|671341910|gb|CP007443.1|",98.667,150,2,0,1,150,687176,687325,4.18e-67,267,1680,367928,"Bifidobacterium adolescentis","Bifidobacterium","adolescentis"
"ti|367928|org|Bifidobacterium_adolescentis_ATCC_15703|accession|NC_008618.1","gi|2022704094|gb|CP053072.1|",98.667,150,2,0,1,150,693173,693322,4.18e-67,267,1680,367928,"Bifidobacterium adolescentis","Bifidobacterium","adolescentis"
"ti|367928|org|Bifidobacterium_adolescentis_ATCC_15703|accession|NC_008618.1","gi|1526297721|gb|CP024959.1|",98,150,3,0,1,150,676096,676245,1.94e-65,261,1680,367928,"Bifidobacterium adolescentis","Bifidobacterium","adolescentis"
"ti|367928|org|Bifidobacterium_adolescentis_ATCC_15703|accession|NC_008618.1","gi|1539960149|emb|LR134349.1|",85.926,135,19,0,10,144,837691,837825,2.04e-30,145,1689,367928,"Bifidobacterium adolescentis","Bifidobacterium","dentium"
"ti|367928|org|Bifidobacterium_adolescentis_ATCC_15703|accession|NC_008618.1","gi|671341910|gb|CP007443.1|",100,150,0,0,1,150,790785,790934,1.93e-70,278,1680,367928,"Bifidobacterium adolescentis","Bifidobacterium","adolescentis"
"ti|367928|org|Bifidobacterium_adolescentis_ATCC_15703|accession|NC_008618.1","gi|2022704094|gb|CP053072.1|",100,150,0,0,1,150,806347,806496,1.93e-70,278,1680,367928,"Bifidobacterium adolescentis","Bifidobacterium","adolescentis"
"ti|367928|org|Bifidobacterium_adolescentis_ATCC_15703|accession|NC_008618.1","gi|2006561467|gb|CP071684.1|",100,150,0,0,1,150,1324600,1324749,1.93e-70,278,1679,367928,"Bifidobacterium adolescentis","Bifidobacterium","longum"
"ti|367928|org|Bifidobacterium_adolescentis_ATCC_15703|accession|NC_008618.1","gi|1917230530|gb|CP062945.1|",100,150,0,0,1,150,219108,218959,1.93e-70,278,1679,367928,"Bifidobacterium adolescentis","Bifidobacterium","longum"
"ti|367928|org|Bifidobacterium_adolescentis_ATCC_15703|accession|NC_008618.1","gi|1917219959|gb|CP062950.1|",100,150,0,0,1,150,849971,849822,1.93e-70,278,1679,367928,"Bifidobacterium adolescentis","Bifidobacterium","longum"
"ti|367928|org|Bifidobacterium_adolescentis_ATCC_15703|accession|NC_008618.1","gi|118764602|dbj|AP009256.1|",100,150,0,0,1,150,763223,763372,1.93e-70,278,367928,367928,"Bifidobacterium adolescentis","Bifidobacterium","adolescentis"
"ti|367928|org|Bifidobacterium_adolescentis_ATCC_15703|accession|NC_008618.1","gi|1526297721|gb|CP024959.1|",98.667,150,2,0,1,150,779559,779708,4.18e-67,267,1680,367928,"Bifidobacterium adolescentis","Bifidobacterium","adolescentis"
"ti|367928|org|Bifidobacterium_adolescentis_ATCC_15703|accession|NC_008618.1","gi|1464571395|gb|CP023005.1|",98.667,150,2,0,1,150,759955,760104,4.18e-67,267,1680,367928,"Bifidobacterium adolescentis","Bifidobacterium","adolescentis"
"ti|367928|org|Bifidobacterium_adolescentis_ATCC_15703|accession|NC_008618.1","gi|1823809447|dbj|AP022868.1|",86.486,148,20,0,3,150,959387,959534,5.64e-36,163,216816,367928,"Bifidobacterium adolescentis","Bifidobacterium","longum"
"ti|367928|org|Bifidobacterium_adolescentis_ATCC_15703|accession|NC_008618.1","gi|1802158123|gb|CP048001.1|",86.486,148,20,0,3,150,1195429,1195576,5.64e-36,163,216816,367928,"Bifidobacterium adolescentis","Bifidobacterium","longum"
"ti|367928|org|Bifidobacterium_adolescentis_ATCC_15703|accession|NC_008618.1","gi|118764602|dbj|AP009256.1|",100,150,0,0,1,150,1458190,1458339,1.93e-70,278,367928,367928,"Bifidobacterium adolescentis","Bifidobacterium","adolescentis"
"ti|367928|org|Bifidobacterium_adolescentis_ATCC_15703|accession|NC_008618.1","gi|118764602|dbj|AP009256.1|",93.137,102,5,1,49,148,1461123,1461224,1.58e-31,148,367928,367928,"Bifidobacterium adolescentis","Bifidobacterium","adolescentis"
"ti|367928|org|Bifidobacterium_adolescentis_ATCC_15703|accession|NC_008618.1","gi|118764602|dbj|AP009256.1|",83.784,111,10,8,43,148,1459239,1459346,1.61e-16,99,367928,367928,"Bifidobacterium adolescentis","Bifidobacterium","adolescentis"
"ti|367928|org|Bifidobacterium_adolescentis_ATCC_15703|accession|NC_008618.1","gi|118764602|dbj|AP009256.1|",84.314,102,12,4,50,148,1456762,1456862,5.8e-16,97.1,367928,367928,"Bifidobacterium adolescentis","Bifidobacterium","adolescentis"
"ti|367928|org|Bifidobacterium_adolescentis_ATCC_15703|accession|NC_008618.1","gi|118764602|dbj|AP009256.1|",83.495,103,11,5,51,148,1459043,1459144,2.7e-14,91.6,367928,367928,"Bifidobacterium adolescentis","Bifidobacterium","adolescentis"
"ti|367928|org|Bifidobacterium_adolescentis_ATCC_15703|accession|NC_008618.1","gi|118764602|dbj|AP009256.1|",82.857,105,13,5,47,148,1456693,1456795,9.7e-14,89.8,367928,367928,"Bifidobacterium adolescentis","Bifidobacterium","adolescentis"
"ti|367928|org|Bifidobacterium_adolescentis_ATCC_15703|accession|NC_008618.1","gi|118764602|dbj|AP009256.1|",78.205,156,20,12,1,148,1457317,1457466,3.49e-13,87.9,367928,367928,"Bifidobacterium adolescentis","Bifidobacterium","adolescentis"
"ti|367928|org|Bifidobacterium_adolescentis_ATCC_15703|accession|NC_008618.1","gi|118764602|dbj|AP009256.1|",83.019,106,6,10,51,149,1458305,1458405,1.26e-12,86.1,367928,367928,"Bifidobacterium adolescentis","Bifidobacterium","adolescentis"
"ti|367928|org|Bifidobacterium_adolescentis_ATCC_15703|accession|NC_008618.1","gi|118764602|dbj|AP009256.1|",83.019,106,7,8,51,149,1458506,1458607,1.26e-12,86.1,367928,367928,"Bifidobacterium adolescentis","Bifidobacterium","adolescentis"
"ti|367928|org|Bifidobacterium_adolescentis_ATCC_15703|accession|NC_008618.1","gi|118764602|dbj|AP009256.1|",82.353,102,13,2,51,148,1456562,1456662,4.51e-12,84.2,367928,367928,"Bifidobacterium adolescentis","Bifidobacterium","adolescentis"
"ti|367928|org|Bifidobacterium_adolescentis_ATCC_15703|accession|NC_008618.1","gi|118764602|dbj|AP009256.1|",82.692,104,8,6,51,148,1456630,1456729,4.51e-12,84.2,367928,367928,"Bifidobacterium adolescentis","Bifidobacterium","adolescentis"
"ti|367928|org|Bifidobacterium_adolescentis_ATCC_15703|accession|NC_008618.1","gi|118764602|dbj|AP009256.1|",82.524,103,11,5,51,149,1458574,1458673,4.51e-12,84.2,367928,367928,"Bifidobacterium adolescentis","Bifidobacterium","adolescentis"
"ti|367928|org|Bifidobacterium_adolescentis_ATCC_15703|accession|NC_008618.1","gi|118764602|dbj|AP009256.1|",82.692,104,9,5,51,148,1459112,1459212,4.51e-12,84.2,367928,367928,"Bifidobacterium adolescentis","Bifidobacterium","adolescentis"
"ti|367928|org|Bifidobacterium_adolescentis_ATCC_15703|accession|NC_008618.1","gi|118764602|dbj|AP009256.1|",82.178,101,14,4,51,148,1460585,1460684,4.51e-12,84.2,367928,367928,"Bifidobacterium adolescentis","Bifidobacterium","adolescentis"
"ti|367928|org|Bifidobacterium_adolescentis_ATCC_15703|accession|NC_008618.1","gi|118764602|dbj|AP009256.1|",81.731,104,13,5,49,148,1456896,1456997,1.62e-11,82.4,367928,367928,"Bifidobacterium adolescentis","Bifidobacterium","adolescentis"
"ti|367928|org|Bifidobacterium_adolescentis_ATCC_15703|accession|NC_008618.1","gi|118764602|dbj|AP009256.1|",82.178,101,13,5,51,148,1458174,1458272,1.62e-11,82.4,367928,367928,"Bifidobacterium adolescentis","Bifidobacterium","adolescentis"
"ti|367928|org|Bifidobacterium_adolescentis_ATCC_15703|accession|NC_008618.1","gi|118764602|dbj|AP009256.1|",77.707,157,19,13,1,148,1460133,1460282,1.62e-11,82.4,367928,367928,"Bifidobacterium adolescentis","Bifidobacterium","adolescentis"
"ti|367928|org|Bifidobacterium_adolescentis_ATCC_15703|accession|NC_008618.1","gi|118764602|dbj|AP009256.1|",77.273,154,26,9,1,148,1460400,1460550,1.62e-11,82.4,367928,367928,"Bifidobacterium adolescentis","Bifidobacterium","adolescentis"
"ti|367928|org|Bifidobacterium_adolescentis_ATCC_15703|accession|NC_008618.1","gi|118764602|dbj|AP009256.1|",81.373,102,16,3,51,150,1456429,1456529,5.84e-11,80.5,367928,367928,"Bifidobacterium adolescentis","Bifidobacterium","adolescentis"
"ti|367928|org|Bifidobacterium_adolescentis_ATCC_15703|accession|NC_008618.1","gi|118764602|dbj|AP009256.1|",81.553,103,14,5,51,149,1456830,1456931,5.84e-11,80.5,367928,367928,"Bifidobacterium adolescentis","Bifidobacterium","adolescentis"
"ti|367928|org|Bifidobacterium_adolescentis_ATCC_15703|accession|NC_008618.1","gi|118764602|dbj|AP009256.1|",81.731,104,11,6,50,148,1457032,1457132,5.84e-11,80.5,367928,367928,"Bifidobacterium adolescentis","Bifidobacterium","adolescentis"
"ti|367928|org|Bifidobacterium_adolescentis_ATCC_15703|accession|NC_008618.1","gi|118764602|dbj|AP009256.1|",81.553,103,14,5,51,150,1457972,1458072,5.84e-11,80.5,367928,367928,"Bifidobacterium adolescentis","Bifidobacterium","adolescentis"
"ti|367928|org|Bifidobacterium_adolescentis_ATCC_15703|accession|NC_008618.1","gi|118764602|dbj|AP009256.1|",81.553,103,13,6,51,149,1458372,1458472,5.84e-11,80.5,367928,367928,"Bifidobacterium adolescentis","Bifidobacterium","adolescentis"
"ti|367928|org|Bifidobacterium_adolescentis_ATCC_15703|accession|NC_008618.1","gi|118764602|dbj|AP009256.1|",81.308,107,13,6,47,148,1459376,1459480,5.84e-11,80.5,367928,367928,"Bifidobacterium adolescentis","Bifidobacterium","adolescentis"
"ti|367928|org|Bifidobacterium_adolescentis_ATCC_15703|accession|NC_008618.1","gi|118764602|dbj|AP009256.1|",81.731,104,11,5,50,148,1460651,1460751,5.84e-11,80.5,367928,367928,"Bifidobacterium adolescentis","Bifidobacterium","adolescentis"
"ti|367928|org|Bifidobacterium_adolescentis_ATCC_15703|accession|NC_008618.1","gi|118764602|dbj|AP009256.1|",80.734,109,15,6,45,148,1461050,1461157,5.84e-11,80.5,367928,367928,"Bifidobacterium adolescentis","Bifidobacterium","adolescentis"
"ti|367928|org|Bifidobacterium_adolescentis_ATCC_15703|accession|NC_008618.1","gi|118764602|dbj|AP009256.1|",81.905,105,10,6,50,148,1461325,1461426,5.84e-11,80.5,367928,367928,"Bifidobacterium adolescentis","Bifidobacterium","adolescentis"
"ti|367928|org|Bifidobacterium_adolescentis_ATCC_15703|accession|NC_008618.1","gi|118764602|dbj|AP009256.1|",81.132,106,13,6,48,148,1456223,1456326,2.1e-10,78.7,367928,367928,"Bifidobacterium adolescentis","Bifidobacterium","adolescentis"
"ti|367928|org|Bifidobacterium_adolescentis_ATCC_15703|accession|NC_008618.1","gi|118764602|dbj|AP009256.1|",81.373,102,13,5,51,148,1457234,1457333,2.1e-10,78.7,367928,367928,"Bifidobacterium adolescentis","Bifidobacterium","adolescentis"
"ti|367928|org|Bifidobacterium_adolescentis_ATCC_15703|accession|NC_008618.1","gi|118764602|dbj|AP009256.1|",81.553,103,12,7,50,148,1457567,1457666,2.1e-10,78.7,367928,367928,"Bifidobacterium adolescentis","Bifidobacterium","adolescentis"
"ti|367928|org|Bifidobacterium_adolescentis_ATCC_15703|accession|NC_008618.1","gi|118764602|dbj|AP009256.1|",81.731,104,9,8,51,148,1457772,1457871,2.1e-10,78.7,367928,367928,"Bifidobacterium adolescentis","Bifidobacterium","adolescentis"
"ti|367928|org|Bifidobacterium_adolescentis_ATCC_15703|accession|NC_008618.1","gi|118764602|dbj|AP009256.1|",81.731,104,10,7,50,148,1457905,1458004,2.1e-10,78.7,367928,367928,"Bifidobacterium adolescentis","Bifidobacterium","adolescentis"
"ti|367928|org|Bifidobacterium_adolescentis_ATCC_15703|accession|NC_008618.1","gi|118764602|dbj|AP009256.1|",80.952,105,15,3,48,148,1458103,1458206,2.1e-10,78.7,367928,367928,"Bifidobacterium adolescentis","Bifidobacterium","adolescentis"
"ti|367928|org|Bifidobacterium_adolescentis_ATCC_15703|accession|NC_008618.1","gi|118764602|dbj|AP009256.1|",81.553,103,12,7,51,148,1460719,1460819,2.1e-10,78.7,367928,367928,"Bifidobacterium adolescentis","Bifidobacterium","adolescentis"
"ti|367928|org|Bifidobacterium_adolescentis_ATCC_15703|accession|NC_008618.1","gi|118764602|dbj|AP009256.1|",81.731,104,10,8,50,148,1461259,1461358,2.1e-10,78.7,367928,367928,"Bifidobacterium adolescentis","Bifidobacterium","adolescentis"
"ti|367928|org|Bifidobacterium_adolescentis_ATCC_15703|accession|NC_008618.1","gi|118764602|dbj|AP009256.1|",81.373,102,14,4,51,148,1461529,1461629,2.1e-10,78.7,367928,367928,"Bifidobacterium adolescentis","Bifidobacterium","adolescentis"
"ti|367928|org|Bifidobacterium_adolescentis_ATCC_15703|accession|NC_008618.1","gi|118764602|dbj|AP009256.1|",81.373,102,11,6,51,148,1458640,1458737,7.55e-10,76.8,367928,367928,"Bifidobacterium adolescentis","Bifidobacterium","adolescentis"
"ti|367928|org|Bifidobacterium_adolescentis_ATCC_15703|accession|NC_008618.1","gi|118764602|dbj|AP009256.1|",81,100,15,4,51,148,1459985,1460082,7.55e-10,76.8,367928,367928,"Bifidobacterium adolescentis","Bifidobacterium","adolescentis"
"ti|367928|org|Bifidobacterium_adolescentis_ATCC_15703|accession|NC_008618.1","gi|118764602|dbj|AP009256.1|",77.358,159,17,16,1,148,1460803,1460953,7.55e-10,76.8,367928,367928,"Bifidobacterium adolescentis","Bifidobacterium","adolescentis"
"ti|367928|org|Bifidobacterium_adolescentis_ATCC_15703|accession|NC_008618.1","gi|118764602|dbj|AP009256.1|",80.952,105,11,7,50,148,1458037,1458138,2.72e-09,75,367928,367928,"Bifidobacterium adolescentis","Bifidobacterium","adolescentis"
"ti|367928|org|Bifidobacterium_adolescentis_ATCC_15703|accession|NC_008618.1","gi|118764602|dbj|AP009256.1|",80.769,104,12,6,51,148,1458974,1459075,2.72e-09,75,367928,367928,"Bifidobacterium adolescentis","Bifidobacterium","adolescentis"
"ti|367928|org|Bifidobacterium_adolescentis_ATCC_15703|accession|NC_008618.1","gi|118764602|dbj|AP009256.1|",81.132,106,8,10,51,149,1459515,1459615,2.72e-09,75,367928,367928,"Bifidobacterium adolescentis","Bifidobacterium","adolescentis"
"ti|367928|org|Bifidobacterium_adolescentis_ATCC_15703|accession|NC_008618.1","gi|118764602|dbj|AP009256.1|",81.308,107,7,8,49,148,1459917,1460017,2.72e-09,75,367928,367928,"Bifidobacterium adolescentis","Bifidobacterium","adolescentis"
"ti|367928|org|Bifidobacterium_adolescentis_ATCC_15703|accession|NC_008618.1","gi|118764602|dbj|AP009256.1|",76.774,155,23,9,1,148,1460001,1460149,2.72e-09,75,367928,367928,"Bifidobacterium adolescentis","Bifidobacterium","adolescentis"
"ti|367928|org|Bifidobacterium_adolescentis_ATCC_15703|accession|NC_008618.1","gi|118764602|dbj|AP009256.1|",80.392,102,16,4,50,148,1460517,1460617,2.72e-09,75,367928,367928,"Bifidobacterium adolescentis","Bifidobacterium","adolescentis"
"ti|367928|org|Bifidobacterium_adolescentis_ATCC_15703|accession|NC_008618.1","gi|118764602|dbj|AP009256.1|",80.769,104,12,5,51,148,1461667,1461768,2.72e-09,75,367928,367928,"Bifidobacterium adolescentis","Bifidobacterium","adolescentis"
"ti|367928|org|Bifidobacterium_adolescentis_ATCC_15703|accession|NC_008618.1","gi|118764602|dbj|AP009256.1|",80.583,103,12,7,51,148,1457167,1457266,9.77e-09,73.1,367928,367928,"Bifidobacterium adolescentis","Bifidobacterium","adolescentis"
"ti|367928|org|Bifidobacterium_adolescentis_ATCC_15703|accession|NC_008618.1","gi|118764602|dbj|AP009256.1|",80.769,104,11,8,51,148,1457704,1457804,9.77e-09,73.1,367928,367928,"Bifidobacterium adolescentis","Bifidobacterium","adolescentis"
"ti|367928|org|Bifidobacterium_adolescentis_ATCC_15703|accession|NC_008618.1","gi|118764602|dbj|AP009256.1|",79.808,104,17,4,48,148,1457836,1457938,9.77e-09,73.1,367928,367928,"Bifidobacterium adolescentis","Bifidobacterium","adolescentis"
"ti|367928|org|Bifidobacterium_adolescentis_ATCC_15703|accession|NC_008618.1","gi|118764602|dbj|AP009256.1|",80.583,103,12,6,51,148,1459785,1459884,9.77e-09,73.1,367928,367928,"Bifidobacterium adolescentis","Bifidobacterium","adolescentis"
"ti|367928|org|Bifidobacterium_adolescentis_ATCC_15703|accession|NC_008618.1","gi|118764602|dbj|AP009256.1|",80.392,102,14,6,51,148,1459852,1459951,9.77e-09,73.1,367928,367928,"Bifidobacterium adolescentis","Bifidobacterium","adolescentis"
"ti|367928|org|Bifidobacterium_adolescentis_ATCC_15703|accession|NC_008618.1","gi|118764602|dbj|AP009256.1|",80,105,15,6,48,148,1461733,1461835,9.77e-09,73.1,367928,367928,"Bifidobacterium adolescentis","Bifidobacterium","adolescentis"
"ti|367928|org|Bifidobacterium_adolescentis_ATCC_15703|accession|NC_008618.1","gi|118764602|dbj|AP009256.1|",80.198,101,15,4,51,148,1460117,1460215,3.51e-08,71.3,367928,367928,"Bifidobacterium adolescentis","Bifidobacterium","adolescentis"
"ti|367928|org|Bifidobacterium_adolescentis_ATCC_15703|accession|NC_008618.1","gi|118764602|dbj|AP009256.1|",80,105,13,7,49,148,1460382,1460483,3.51e-08,71.3,367928,367928,"Bifidobacterium adolescentis","Bifidobacterium","adolescentis"
"ti|367928|org|Bifidobacterium_adolescentis_ATCC_15703|accession|NC_008618.1","gi|118764602|dbj|AP009256.1|",78.448,116,17,7,40,150,1457290,1457402,1.26e-07,69.4,367928,367928,"Bifidobacterium adolescentis","Bifidobacterium","adolescentis"
"ti|367928|org|Bifidobacterium_adolescentis_ATCC_15703|accession|NC_008618.1","gi|118764602|dbj|AP009256.1|",79.808,104,13,6,51,149,1459180,1459280,1.26e-07,69.4,367928,367928,"Bifidobacterium adolescentis","Bifidobacterium","adolescentis"
"ti|367928|org|Bifidobacterium_adolescentis_ATCC_15703|accession|NC_008618.1","gi|118764602|dbj|AP009256.1|",80.18,111,6,8,47,148,1459578,1459681,1.26e-07,69.4,367928,367928,"Bifidobacterium adolescentis","Bifidobacterium","adolescentis"
"ti|367928|org|Bifidobacterium_adolescentis_ATCC_15703|accession|NC_008618.1","gi|118764602|dbj|AP009256.1|",80.189,106,10,7,50,148,1459648,1459749,1.26e-07,69.4,367928,367928,"Bifidobacterium adolescentis","Bifidobacterium","adolescentis"
"ti|367928|org|Bifidobacterium_adolescentis_ATCC_15703|accession|NC_008618.1","gi|118764602|dbj|AP009256.1|",79.612,103,16,5,51,149,1459717,1459818,1.26e-07,69.4,367928,367928,"Bifidobacterium adolescentis","Bifidobacterium","adolescentis"
"ti|367928|org|Bifidobacterium_adolescentis_ATCC_15703|accession|NC_008618.1","gi|118764602|dbj|AP009256.1|",80,105,12,7,51,148,1461597,1461699,1.26e-07,69.4,367928,367928,"Bifidobacterium adolescentis","Bifidobacterium","adolescentis"
"ti|367928|org|Bifidobacterium_adolescentis_ATCC_15703|accession|NC_008618.1","gi|118764602|dbj|AP009256.1|",80.18,111,5,12,48,148,1456155,1456258,4.55e-07,67.6,367928,367928,"Bifidobacterium adolescentis","Bifidobacterium","adolescentis"
"ti|367928|org|Bifidobacterium_adolescentis_ATCC_15703|accession|NC_008618.1","gi|118764602|dbj|AP009256.1|",79.208,101,18,3,51,148,1456965,1457065,4.55e-07,67.6,367928,367928,"Bifidobacterium adolescentis","Bifidobacterium","adolescentis"
"ti|367928|org|Bifidobacterium_adolescentis_ATCC_15703|accession|NC_008618.1","gi|118764602|dbj|AP009256.1|",79.808,104,11,7,51,148,1457100,1457199,4.55e-07,67.6,367928,367928,"Bifidobacterium adolescentis","Bifidobacterium","adolescentis"
"ti|367928|org|Bifidobacterium_adolescentis_ATCC_15703|accession|NC_008618.1","gi|118764602|dbj|AP009256.1|",79.808,104,11,6,51,148,1457434,1457533,4.55e-07,67.6,367928,367928,"Bifidobacterium adolescentis","Bifidobacterium","adolescentis"
"ti|367928|org|Bifidobacterium_adolescentis_ATCC_15703|accession|NC_008618.1","gi|118764602|dbj|AP009256.1|",79.412,102,15,6,51,148,1457501,1457600,4.55e-07,67.6,367928,367928,"Bifidobacterium adolescentis","Bifidobacterium","adolescentis"
"ti|367928|org|Bifidobacterium_adolescentis_ATCC_15703|accession|NC_008618.1","gi|118764602|dbj|AP009256.1|",78.846,104,18,3,48,148,1458436,1458538,4.55e-07,67.6,367928,367928,"Bifidobacterium adolescentis","Bifidobacterium","adolescentis"
"ti|367928|org|Bifidobacterium_adolescentis_ATCC_15703|accession|NC_008618.1","gi|118764602|dbj|AP009256.1|",79.412,102,15,4,51,148,1458840,1458939,4.55e-07,67.6,367928,367928,"Bifidobacterium adolescentis","Bifidobacterium","adolescentis"
"ti|367928|org|Bifidobacterium_adolescentis_ATCC_15703|accession|NC_008618.1","gi|118764602|dbj|AP009256.1|",79.612,103,13,5,51,148,1459314,1459413,4.55e-07,67.6,367928,367928,"Bifidobacterium adolescentis","Bifidobacterium","adolescentis"
"ti|367928|org|Bifidobacterium_adolescentis_ATCC_15703|accession|NC_008618.1","gi|118764602|dbj|AP009256.1|",79.808,104,11,6,51,148,1460317,1460416,4.55e-07,67.6,367928,367928,"Bifidobacterium adolescentis","Bifidobacterium","adolescentis"
"ti|367928|org|Bifidobacterium_adolescentis_ATCC_15703|accession|NC_008618.1","gi|118764602|dbj|AP009256.1|",79.808,104,11,9,51,148,1460787,1460886,4.55e-07,67.6,367928,367928,"Bifidobacterium adolescentis","Bifidobacterium","adolescentis"
"ti|367928|org|Bifidobacterium_adolescentis_ATCC_15703|accession|NC_008618.1","gi|118764602|dbj|AP009256.1|",79.612,103,13,4,51,148,1461394,1461493,4.55e-07,67.6,367928,367928,"Bifidobacterium adolescentis","Bifidobacterium","adolescentis"
"ti|367928|org|Bifidobacterium_adolescentis_ATCC_15703|accession|NC_008618.1","gi|118764602|dbj|AP009256.1|",100,35,0,0,114,148,1456427,1456461,1.64e-06,65.8,367928,367928,"Bifidobacterium adolescentis","Bifidobacterium","adolescentis"
"ti|367928|org|Bifidobacterium_adolescentis_ATCC_15703|accession|NC_008618.1","gi|118764602|dbj|AP009256.1|",100,35,0,0,116,150,1458840,1458874,1.64e-06,65.8,367928,367928,"Bifidobacterium adolescentis","Bifidobacterium","adolescentis"
"ti|367928|org|Bifidobacterium_adolescentis_ATCC_15703|accession|NC_008618.1","gi|118764602|dbj|AP009256.1|",100,34,0,0,115,148,1457703,1457736,5.88e-06,63.9,367928,367928,"Bifidobacterium adolescentis","Bifidobacterium","adolescentis"
"ti|367928|org|Bifidobacterium_adolescentis_ATCC_15703|accession|NC_008618.1","gi|118764602|dbj|AP009256.1|",79.048,105,13,7,50,148,1460920,1461021,5.88e-06,63.9,367928,367928,"Bifidobacterium adolescentis","Bifidobacterium","adolescentis"
"ti|367928|org|Bifidobacterium_adolescentis_ATCC_15703|accession|NC_008618.1","gi|118764602|dbj|AP009256.1|",78.095,105,17,5,48,148,1456492,1456594,2.12e-05,62.1,367928,367928,"Bifidobacterium adolescentis","Bifidobacterium","adolescentis"
"ti|367928|org|Bifidobacterium_adolescentis_ATCC_15703|accession|NC_008618.1","gi|118764602|dbj|AP009256.1|",100,33,0,0,51,83,1457634,1457666,2.12e-05,62.1,367928,367928,"Bifidobacterium adolescentis","Bifidobacterium","adolescentis"
"ti|367928|org|Bifidobacterium_adolescentis_ATCC_15703|accession|NC_008618.1","gi|118764602|dbj|AP009256.1|",97.222,36,1,0,48,83,1458702,1458737,2.12e-05,62.1,367928,367928,"Bifidobacterium adolescentis","Bifidobacterium","adolescentis"
"ti|367928|org|Bifidobacterium_adolescentis_ATCC_15703|accession|NC_008618.1","gi|118764602|dbj|AP009256.1|",100,33,0,0,51,83,1458907,1458939,2.12e-05,62.1,367928,367928,"Bifidobacterium adolescentis","Bifidobacterium","adolescentis"
"ti|367928|org|Bifidobacterium_adolescentis_ATCC_15703|accession|NC_008618.1","gi|118764602|dbj|AP009256.1|",100,33,0,0,116,148,1458974,1459006,2.12e-05,62.1,367928,367928,"Bifidobacterium adolescentis","Bifidobacterium","adolescentis"
"ti|367928|org|Bifidobacterium_adolescentis_ATCC_15703|accession|NC_008618.1","gi|118764602|dbj|AP009256.1|",97.297,37,0,1,48,83,1459444,1459480,2.12e-05,62.1,367928,367928,"Bifidobacterium adolescentis","Bifidobacterium","adolescentis"
"ti|367928|org|Bifidobacterium_adolescentis_ATCC_15703|accession|NC_008618.1","gi|118764602|dbj|AP009256.1|",100,33,0,0,51,83,1460989,1461021,2.12e-05,62.1,367928,367928,"Bifidobacterium adolescentis","Bifidobacterium","adolescentis"
"ti|367928|org|Bifidobacterium_adolescentis_ATCC_15703|accession|NC_008618.1","gi|118764602|dbj|AP009256.1|",100,33,0,0,116,148,1461056,1461088,2.12e-05,62.1,367928,367928,"Bifidobacterium adolescentis","Bifidobacterium","adolescentis"
"ti|367928|org|Bifidobacterium_adolescentis_ATCC_15703|accession|NC_008618.1","gi|118764602|dbj|AP009256.1|",78.641,103,15,5,51,148,1461192,1461292,2.12e-05,62.1,367928,367928,"Bifidobacterium adolescentis","Bifidobacterium","adolescentis"
"ti|367928|org|Bifidobacterium_adolescentis_ATCC_15703|accession|NC_008618.1","gi|118764602|dbj|AP009256.1|",78.846,104,13,7,51,148,1461461,1461561,2.12e-05,62.1,367928,367928,"Bifidobacterium adolescentis","Bifidobacterium","adolescentis"
"ti|367928|org|Bifidobacterium_adolescentis_ATCC_15703|accession|NC_008618.1","gi|118764602|dbj|AP009256.1|",100,33,0,0,51,83,1461803,1461835,2.12e-05,62.1,367928,367928,"Bifidobacterium adolescentis","Bifidobacterium","adolescentis"
"ti|367928|org|Bifidobacterium_adolescentis_ATCC_15703|accession|NC_008618.1","gi|118764602|dbj|AP009256.1|",96.97,33,1,0,51,83,1458774,1458806,0.001,56.5,367928,367928,"Bifidobacterium adolescentis","Bifidobacterium","adolescentis"
"ti|367928|org|Bifidobacterium_adolescentis_ATCC_15703|accession|NC_008618.1","gi|118764602|dbj|AP009256.1|",96.97,33,1,0,116,148,1458774,1458806,0.001,56.5,367928,367928,"Bifidobacterium adolescentis","Bifidobacterium","adolescentis"
"ti|367928|org|Bifidobacterium_adolescentis_ATCC_15703|accession|NC_008618.1","gi|2059692032|tpg|BK029468.1|",100,33,0,0,18,50,13342,13374,2.12e-05,62.1,38018,367928,"Bifidobacterium adolescentis",NA,"Bacteriophage sp."
"ti|367928|org|Bifidobacterium_adolescentis_ATCC_15703|accession|NC_008618.1","gi|2054753379|tpg|BK043466.1|",100,33,0,0,18,50,13322,13354,2.12e-05,62.1,38018,367928,"Bifidobacterium adolescentis",NA,"Bacteriophage sp."
"ti|367928|org|Bifidobacterium_adolescentis_ATCC_15703|accession|NC_008618.1","gi|1373441736|gb|CP028341.1|",94.595,37,2,0,79,115,829896,829860,0.000274,58.4,1680,367928,"Bifidobacterium adolescentis","Bifidobacterium","adolescentis"
"ti|367928|org|Bifidobacterium_adolescentis_ATCC_15703|accession|NC_008618.1","gi|2060012031|tpg|BK026851.1|",94.595,37,2,0,79,115,3670,3634,0.000274,58.4,2170413,367928,"Bifidobacterium adolescentis",NA,NA
"ti|367928|org|Bifidobacterium_adolescentis_ATCC_15703|accession|NC_008618.1","gi|1526297721|gb|CP024959.1|",100,150,0,0,1,150,1415582,1415731,1.93e-70,278,1680,367928,"Bifidobacterium adolescentis","Bifidobacterium","adolescentis"
"ti|367928|org|Bifidobacterium_adolescentis_ATCC_15703|accession|NC_008618.1","gi|118764602|dbj|AP009256.1|",100,150,0,0,1,150,1248014,1248163,1.93e-70,278,367928,367928,"Bifidobacterium adolescentis","Bifidobacterium","adolescentis"
"ti|367928|org|Bifidobacterium_adolescentis_ATCC_15703|accession|NC_008618.1","gi|1464571395|gb|CP023005.1|",99.333,150,1,0,1,150,1338524,1338673,8.98e-69,272,1680,367928,"Bifidobacterium adolescentis","Bifidobacterium","adolescentis"
"ti|367928|org|Bifidobacterium_adolescentis_ATCC_15703|accession|NC_008618.1","gi|1721134188|emb|LR698990.1|",99.333,150,1,0,1,150,1322144,1322293,8.98e-69,272,1680,367928,"Bifidobacterium adolescentis","Bifidobacterium","adolescentis"
"ti|367928|org|Bifidobacterium_adolescentis_ATCC_15703|accession|NC_008618.1","gi|1789828052|gb|CP047129.1|",98.667,150,2,0,1,150,1604741,1604890,4.18e-67,267,1680,367928,"Bifidobacterium adolescentis","Bifidobacterium","adolescentis"
"ti|367928|org|Bifidobacterium_adolescentis_ATCC_15703|accession|NC_008618.1","gi|1373441736|gb|CP028341.1|",98.667,150,2,0,1,150,1430135,1430284,4.18e-67,267,1680,367928,"Bifidobacterium adolescentis","Bifidobacterium","adolescentis"
"ti|367928|org|Bifidobacterium_adolescentis_ATCC_15703|accession|NC_008618.1","gi|2240214207|gb|CP097281.1|",98.667,150,2,0,1,150,1681840,1681989,4.18e-67,267,1680,367928,"Bifidobacterium adolescentis","Bifidobacterium","adolescentis"
"ti|367928|org|Bifidobacterium_adolescentis_ATCC_15703|accession|NC_008618.1","gi|2022704094|gb|CP053072.1|",98.667,150,2,0,1,150,1350484,1350633,4.18e-67,267,1680,367928,"Bifidobacterium adolescentis","Bifidobacterium","adolescentis"
"ti|367928|org|Bifidobacterium_adolescentis_ATCC_15703|accession|NC_008618.1","gi|671341910|gb|CP007443.1|",98,150,3,0,1,150,1304978,1305127,1.94e-65,261,1680,367928,"Bifidobacterium adolescentis","Bifidobacterium","adolescentis"
"ti|367928|org|Bifidobacterium_adolescentis_ATCC_15703|accession|NC_008618.1","gi|1373441736|gb|CP028341.1|",100,150,0,0,1,150,424623,424772,1.93e-70,278,1680,367928,"Bifidobacterium adolescentis","Bifidobacterium","adolescentis"
"ti|367928|org|Bifidobacterium_adolescentis_ATCC_15703|accession|NC_008618.1","gi|781876604|dbj|AP012325.1|",100,150,0,0,1,150,391532,391681,1.93e-70,278,566552,367928,"Bifidobacterium adolescentis","Bifidobacterium","catenulatum"
"ti|367928|org|Bifidobacterium_adolescentis_ATCC_15703|accession|NC_008618.1","gi|2179090907|gb|CP090598.1|",100,150,0,0,1,150,453140,453289,1.93e-70,278,28026,367928,"Bifidobacterium adolescentis","Bifidobacterium","pseudocatenulatum"
"ti|367928|org|Bifidobacterium_adolescentis_ATCC_15703|accession|NC_008618.1","gi|118764602|dbj|AP009256.1|",100,150,0,0,1,150,415164,415313,1.93e-70,278,367928,367928,"Bifidobacterium adolescentis","Bifidobacterium","adolescentis"
"ti|367928|org|Bifidobacterium_adolescentis_ATCC_15703|accession|NC_008618.1","gi|1004710210|gb|KU547641.1|",99.333,150,1,0,1,150,270,121,8.98e-69,272,77133,367928,"Bifidobacterium adolescentis",NA,"uncultured bacterium"
"ti|367928|org|Bifidobacterium_adolescentis_ATCC_15703|accession|NC_008618.1","gi|730564789|gb|CP007456.1|",97.333,150,4,0,1,150,434014,434163,9.04e-64,255,1447716,367928,"Bifidobacterium adolescentis","Bifidobacterium","catenulatum"
"ti|367928|org|Bifidobacterium_adolescentis_ATCC_15703|accession|NC_008618.1","gi|2240214207|gb|CP097281.1|",97.333,150,4,0,1,150,454731,454880,9.04e-64,255,1680,367928,"Bifidobacterium adolescentis","Bifidobacterium","adolescentis"
"ti|367928|org|Bifidobacterium_adolescentis_ATCC_15703|accession|NC_008618.1","gi|671341910|gb|CP007443.1|",97.333,150,4,0,1,150,423231,423380,9.04e-64,255,1680,367928,"Bifidobacterium adolescentis","Bifidobacterium","adolescentis"
"ti|367928|org|Bifidobacterium_adolescentis_ATCC_15703|accession|NC_008618.1","gi|2022704094|gb|CP053072.1|",97.333,150,4,0,1,150,429259,429408,9.04e-64,255,1680,367928,"Bifidobacterium adolescentis","Bifidobacterium","adolescentis"
"ti|367928|org|Bifidobacterium_adolescentis_ATCC_15703|accession|NC_008618.1","gi|1789828052|gb|CP047129.1|",96.667,150,5,0,1,150,429746,429895,4.21e-62,250,1680,367928,"Bifidobacterium adolescentis","Bifidobacterium","adolescentis"
"ti|367928|org|Bifidobacterium_adolescentis_ATCC_15703|accession|NC_008618.1","gi|1569727463|gb|MK231789.1|",100,150,0,0,1,150,17610,17461,1.93e-70,278,239364,367928,"Bifidobacterium adolescentis",NA,"uncultured human fecal virus"
"ti|367928|org|Bifidobacterium_adolescentis_ATCC_15703|accession|NC_008618.1","gi|1789828052|gb|CP047129.1|",100,150,0,0,1,150,1731052,1731201,1.93e-70,278,1680,367928,"Bifidobacterium adolescentis","Bifidobacterium","adolescentis"
"ti|367928|org|Bifidobacterium_adolescentis_ATCC_15703|accession|NC_008618.1","gi|1526297721|gb|CP024959.1|",100,150,0,0,1,150,1544365,1544514,1.93e-70,278,1680,367928,"Bifidobacterium adolescentis","Bifidobacterium","adolescentis"
"ti|367928|org|Bifidobacterium_adolescentis_ATCC_15703|accession|NC_008618.1","gi|1464571395|gb|CP023005.1|",100,150,0,0,1,150,1505753,1505902,1.93e-70,278,1680,367928,"Bifidobacterium adolescentis","Bifidobacterium","adolescentis"
"ti|367928|org|Bifidobacterium_adolescentis_ATCC_15703|accession|NC_008618.1","gi|1373441736|gb|CP028341.1|",100,150,0,0,1,150,1557120,1557269,1.93e-70,278,1680,367928,"Bifidobacterium adolescentis","Bifidobacterium","adolescentis"
"ti|367928|org|Bifidobacterium_adolescentis_ATCC_15703|accession|NC_008618.1","gi|1721134188|emb|LR698990.1|",100,150,0,0,1,150,1448639,1448788,1.93e-70,278,1680,367928,"Bifidobacterium adolescentis","Bifidobacterium","adolescentis"
"ti|367928|org|Bifidobacterium_adolescentis_ATCC_15703|accession|NC_008618.1","gi|2240214207|gb|CP097281.1|",100,150,0,0,1,150,1811935,1812084,1.93e-70,278,1680,367928,"Bifidobacterium adolescentis","Bifidobacterium","adolescentis"
"ti|367928|org|Bifidobacterium_adolescentis_ATCC_15703|accession|NC_008618.1","gi|671341910|gb|CP007443.1|",100,150,0,0,1,150,1431776,1431925,1.93e-70,278,1680,367928,"Bifidobacterium adolescentis","Bifidobacterium","adolescentis"
"ti|367928|org|Bifidobacterium_adolescentis_ATCC_15703|accession|NC_008618.1","gi|2022704094|gb|CP053072.1|",100,150,0,0,1,150,1476850,1476999,1.93e-70,278,1680,367928,"Bifidobacterium adolescentis","Bifidobacterium","adolescentis"
"ti|367928|org|Bifidobacterium_adolescentis_ATCC_15703|accession|NC_008618.1","gi|118764602|dbj|AP009256.1|",100,150,0,0,1,150,1378282,1378431,1.93e-70,278,367928,367928,"Bifidobacterium adolescentis","Bifidobacterium","adolescentis"
"ti|367928|org|Bifidobacterium_adolescentis_ATCC_15703|accession|NC_008618.1","gi|781878436|dbj|AP012330.1|",100,150,0,0,1,150,1651479,1651628,1.93e-70,278,547043,367928,"Bifidobacterium adolescentis","Bifidobacterium","pseudocatenulatum"
"ti|367928|org|Bifidobacterium_adolescentis_ATCC_15703|accession|NC_008618.1","gi|2179090907|gb|CP090598.1|",100,150,0,0,1,150,1751327,1751476,1.93e-70,278,28026,367928,"Bifidobacterium adolescentis","Bifidobacterium","pseudocatenulatum"
"ti|367928|org|Bifidobacterium_adolescentis_ATCC_15703|accession|NC_008618.1","gi|1777191183|gb|CP026729.1|",98,150,3,0,1,150,1843214,1843363,1.94e-65,261,630129,367928,"Bifidobacterium adolescentis","Bifidobacterium","catenulatum"
"ti|367928|org|Bifidobacterium_adolescentis_ATCC_15703|accession|NC_008618.1","gi|1373441736|gb|CP028341.1|",97.333,150,4,0,1,150,1652157,1652306,9.04e-64,255,1680,367928,"Bifidobacterium adolescentis","Bifidobacterium","adolescentis"
"ti|367928|org|Bifidobacterium_adolescentis_ATCC_15703|accession|NC_008618.1","gi|781876604|dbj|AP012325.1|",97.333,150,4,0,1,150,1534549,1534698,9.04e-64,255,566552,367928,"Bifidobacterium adolescentis","Bifidobacterium","catenulatum"
"ti|367928|org|Bifidobacterium_adolescentis_ATCC_15703|accession|NC_008618.1","gi|757807349|dbj|AP012327.1|",97.333,150,4,0,1,150,1741824,1741973,9.04e-64,255,1150460,367928,"Bifidobacterium adolescentis","Bifidobacterium","catenulatum"
"ti|367928|org|Bifidobacterium_adolescentis_ATCC_15703|accession|NC_008618.1","gi|118764602|dbj|AP009256.1|",96.667,150,5,0,1,150,1487928,1488077,4.21e-62,250,367928,367928,"Bifidobacterium adolescentis","Bifidobacterium","adolescentis"
"ti|367928|org|Bifidobacterium_adolescentis_ATCC_15703|accession|NC_008618.1","gi|1526297721|gb|CP024959.1|",96,150,6,0,1,150,1662282,1662431,1.96e-60,244,1680,367928,"Bifidobacterium adolescentis","Bifidobacterium","adolescentis"
"ti|367928|org|Bifidobacterium_adolescentis_ATCC_15703|accession|NC_008618.1","gi|259109892|gb|GQ878962.1|",96.026,151,5,1,1,150,636,486,1.96e-60,244,155900,367928,"Bifidobacterium adolescentis",NA,"uncultured organism"
"ti|367928|org|Bifidobacterium_adolescentis_ATCC_15703|accession|NC_008618.1","gi|671341910|gb|CP007443.1|",94.667,150,8,0,1,150,1623305,1623454,4.24e-57,233,1680,367928,"Bifidobacterium adolescentis","Bifidobacterium","adolescentis"
"ti|367928|org|Bifidobacterium_adolescentis_ATCC_15703|accession|NC_008618.1","gi|1789828052|gb|CP047129.1|",100,150,0,0,1,150,189872,190021,1.93e-70,278,1680,367928,"Bifidobacterium adolescentis","Bifidobacterium","adolescentis"
"ti|367928|org|Bifidobacterium_adolescentis_ATCC_15703|accession|NC_008618.1","gi|1526297721|gb|CP024959.1|",100,150,0,0,1,150,194477,194626,1.93e-70,278,1680,367928,"Bifidobacterium adolescentis","Bifidobacterium","adolescentis"
"ti|367928|org|Bifidobacterium_adolescentis_ATCC_15703|accession|NC_008618.1","gi|1464571395|gb|CP023005.1|",100,150,0,0,1,150,173603,173752,1.93e-70,278,1680,367928,"Bifidobacterium adolescentis","Bifidobacterium","adolescentis"
"ti|367928|org|Bifidobacterium_adolescentis_ATCC_15703|accession|NC_008618.1","gi|1721134188|emb|LR698990.1|",100,150,0,0,1,150,200582,200731,1.93e-70,278,1680,367928,"Bifidobacterium adolescentis","Bifidobacterium","adolescentis"
"ti|367928|org|Bifidobacterium_adolescentis_ATCC_15703|accession|NC_008618.1","gi|2240214207|gb|CP097281.1|",100,150,0,0,1,150,223090,223239,1.93e-70,278,1680,367928,"Bifidobacterium adolescentis","Bifidobacterium","adolescentis"
"ti|367928|org|Bifidobacterium_adolescentis_ATCC_15703|accession|NC_008618.1","gi|671341910|gb|CP007443.1|",100,150,0,0,1,150,193148,193297,1.93e-70,278,1680,367928,"Bifidobacterium adolescentis","Bifidobacterium","adolescentis"
"ti|367928|org|Bifidobacterium_adolescentis_ATCC_15703|accession|NC_008618.1","gi|2022704094|gb|CP053072.1|",100,150,0,0,1,150,199799,199948,1.93e-70,278,1680,367928,"Bifidobacterium adolescentis","Bifidobacterium","adolescentis"
"ti|367928|org|Bifidobacterium_adolescentis_ATCC_15703|accession|NC_008618.1","gi|118764602|dbj|AP009256.1|",100,150,0,0,1,150,181347,181496,1.93e-70,278,367928,367928,"Bifidobacterium adolescentis","Bifidobacterium","adolescentis"
"ti|367928|org|Bifidobacterium_adolescentis_ATCC_15703|accession|NC_008618.1","gi|1373441736|gb|CP028341.1|",99.333,150,1,0,1,150,187351,187500,8.98e-69,272,1680,367928,"Bifidobacterium adolescentis","Bifidobacterium","adolescentis"
"ti|367928|org|Bifidobacterium_adolescentis_ATCC_15703|accession|NC_008618.1","gi|2240214207|gb|CP097281.1|",100,150,0,0,1,150,2248618,2248767,1.93e-70,278,1680,367928,"Bifidobacterium adolescentis","Bifidobacterium","adolescentis"
"ti|367928|org|Bifidobacterium_adolescentis_ATCC_15703|accession|NC_008618.1","gi|2054605362|tpg|BK021831.1|",100,150,0,0,1,150,2194,2045,1.93e-70,278,2170413,367928,"Bifidobacterium adolescentis",NA,NA
"ti|367928|org|Bifidobacterium_adolescentis_ATCC_15703|accession|NC_008618.1","gi|118764602|dbj|AP009256.1|",100,150,0,0,1,150,1826238,1826387,1.93e-70,278,367928,367928,"Bifidobacterium adolescentis","Bifidobacterium","adolescentis"
"ti|367928|org|Bifidobacterium_adolescentis_ATCC_15703|accession|NC_008618.1","gi|1526297721|gb|CP024959.1|",99.333,150,1,0,1,150,1913282,1913431,8.98e-69,272,1680,367928,"Bifidobacterium adolescentis","Bifidobacterium","adolescentis"
"ti|367928|org|Bifidobacterium_adolescentis_ATCC_15703|accession|NC_008618.1","gi|1373441736|gb|CP028341.1|",99.333,150,1,0,1,150,1920367,1920516,8.98e-69,272,1680,367928,"Bifidobacterium adolescentis","Bifidobacterium","adolescentis"
"ti|367928|org|Bifidobacterium_adolescentis_ATCC_15703|accession|NC_008618.1","gi|1721134188|emb|LR698990.1|",99.333,150,1,0,1,150,1882496,1882645,8.98e-69,272,1680,367928,"Bifidobacterium adolescentis","Bifidobacterium","adolescentis"
"ti|367928|org|Bifidobacterium_adolescentis_ATCC_15703|accession|NC_008618.1","gi|671341910|gb|CP007443.1|",99.333,150,1,0,1,150,1957925,1957776,8.98e-69,272,1680,367928,"Bifidobacterium adolescentis","Bifidobacterium","adolescentis"
"ti|367928|org|Bifidobacterium_adolescentis_ATCC_15703|accession|NC_008618.1","gi|1789828052|gb|CP047129.1|",96.667,150,5,0,1,150,2146722,2146871,4.21e-62,250,1680,367928,"Bifidobacterium adolescentis","Bifidobacterium","adolescentis"
"ti|367928|org|Bifidobacterium_adolescentis_ATCC_15703|accession|NC_008618.1","gi|1464571395|gb|CP023005.1|",96.667,150,5,0,1,150,1903179,1903328,4.21e-62,250,1680,367928,"Bifidobacterium adolescentis","Bifidobacterium","adolescentis"
"ti|367928|org|Bifidobacterium_adolescentis_ATCC_15703|accession|NC_008618.1","gi|2022704094|gb|CP053072.1|",96.667,150,5,0,1,150,1937624,1937773,4.21e-62,250,1680,367928,"Bifidobacterium adolescentis","Bifidobacterium","adolescentis"
"ti|367928|org|Bifidobacterium_adolescentis_ATCC_15703|accession|NC_008618.1","gi|1373441736|gb|CP028341.1|",100,150,0,0,1,150,1707412,1707561,1.93e-70,278,1680,367928,"Bifidobacterium adolescentis","Bifidobacterium","adolescentis"
"ti|367928|org|Bifidobacterium_adolescentis_ATCC_15703|accession|NC_008618.1","gi|118764602|dbj|AP009256.1|",100,150,0,0,1,150,1625378,1625527,1.93e-70,278,367928,367928,"Bifidobacterium adolescentis","Bifidobacterium","adolescentis"
"ti|367928|org|Bifidobacterium_adolescentis_ATCC_15703|accession|NC_008618.1","gi|671341910|gb|CP007443.1|",99.333,150,1,0,1,150,1746422,1746273,8.98e-69,272,1680,367928,"Bifidobacterium adolescentis","Bifidobacterium","adolescentis"
"ti|367928|org|Bifidobacterium_adolescentis_ATCC_15703|accession|NC_008618.1","gi|2240214207|gb|CP097281.1|",98.667,150,2,0,1,150,2010073,2010222,4.18e-67,267,1680,367928,"Bifidobacterium adolescentis","Bifidobacterium","adolescentis"
"ti|367928|org|Bifidobacterium_adolescentis_ATCC_15703|accession|NC_008618.1","gi|2022704094|gb|CP053072.1|",98.667,150,2,0,1,150,1716416,1716565,4.18e-67,267,1680,367928,"Bifidobacterium adolescentis","Bifidobacterium","adolescentis"
"ti|367928|org|Bifidobacterium_adolescentis_ATCC_15703|accession|NC_008618.1","gi|1526297721|gb|CP024959.1|",98,150,3,0,1,150,1725584,1725733,1.94e-65,261,1680,367928,"Bifidobacterium adolescentis","Bifidobacterium","adolescentis"
"ti|367928|org|Bifidobacterium_adolescentis_ATCC_15703|accession|NC_008618.1","gi|1464571395|gb|CP023005.1|",97.333,150,4,0,1,150,1705026,1705175,9.04e-64,255,1680,367928,"Bifidobacterium adolescentis","Bifidobacterium","adolescentis"
"ti|367928|org|Bifidobacterium_adolescentis_ATCC_15703|accession|NC_008618.1","gi|1721134188|emb|LR698990.1|",97.333,150,4,0,1,150,1651628,1651777,9.04e-64,255,1680,367928,"Bifidobacterium adolescentis","Bifidobacterium","adolescentis"
"ti|367928|org|Bifidobacterium_adolescentis_ATCC_15703|accession|NC_008618.1","gi|1789828052|gb|CP047129.1|",94.667,150,8,0,1,150,1928336,1928485,4.24e-57,233,1680,367928,"Bifidobacterium adolescentis","Bifidobacterium","adolescentis"
"ti|367928|org|Bifidobacterium_adolescentis_ATCC_15703|accession|NC_008618.1","gi|757809295|dbj|AP012331.1|",93.333,150,10,0,1,150,2451315,2451464,9.17e-54,222,1150461,367928,"Bifidobacterium adolescentis","Bifidobacterium","scardovii"
"ti|367928|org|Bifidobacterium_adolescentis_ATCC_15703|accession|NC_008618.1","gi|1373441736|gb|CP028341.1|",100,150,0,0,1,150,704105,704254,1.93e-70,278,1680,367928,"Bifidobacterium adolescentis","Bifidobacterium","adolescentis"
"ti|367928|org|Bifidobacterium_adolescentis_ATCC_15703|accession|NC_008618.1","gi|671341910|gb|CP007443.1|",100,150,0,0,1,150,726786,726935,1.93e-70,278,1680,367928,"Bifidobacterium adolescentis","Bifidobacterium","adolescentis"
"ti|367928|org|Bifidobacterium_adolescentis_ATCC_15703|accession|NC_008618.1","gi|118764602|dbj|AP009256.1|",100,150,0,0,1,150,699366,699515,1.93e-70,278,367928,367928,"Bifidobacterium adolescentis","Bifidobacterium","adolescentis"
"ti|367928|org|Bifidobacterium_adolescentis_ATCC_15703|accession|NC_008618.1","gi|1789828052|gb|CP047129.1|",99.333,150,1,0,1,150,718957,719106,8.98e-69,272,1680,367928,"Bifidobacterium adolescentis","Bifidobacterium","adolescentis"
"ti|367928|org|Bifidobacterium_adolescentis_ATCC_15703|accession|NC_008618.1","gi|1526297721|gb|CP024959.1|",99.333,150,1,0,1,150,715710,715859,8.98e-69,272,1680,367928,"Bifidobacterium adolescentis","Bifidobacterium","adolescentis"
"ti|367928|org|Bifidobacterium_adolescentis_ATCC_15703|accession|NC_008618.1","gi|1464571395|gb|CP023005.1|",99.333,150,1,0,1,150,696069,696218,8.98e-69,272,1680,367928,"Bifidobacterium adolescentis","Bifidobacterium","adolescentis"
"ti|367928|org|Bifidobacterium_adolescentis_ATCC_15703|accession|NC_008618.1","gi|1721134188|emb|LR698990.1|",99.333,150,1,0,1,150,720473,720622,8.98e-69,272,1680,367928,"Bifidobacterium adolescentis","Bifidobacterium","adolescentis"
"ti|367928|org|Bifidobacterium_adolescentis_ATCC_15703|accession|NC_008618.1","gi|2240214207|gb|CP097281.1|",99.333,150,1,0,1,150,744029,744178,8.98e-69,272,1680,367928,"Bifidobacterium adolescentis","Bifidobacterium","adolescentis"
"ti|367928|org|Bifidobacterium_adolescentis_ATCC_15703|accession|NC_008618.1","gi|2022704094|gb|CP053072.1|",98,150,3,0,1,150,732786,732935,1.94e-65,261,1680,367928,"Bifidobacterium adolescentis","Bifidobacterium","adolescentis"
"ti|367928|org|Bifidobacterium_adolescentis_ATCC_15703|accession|NC_008618.1","gi|118764602|dbj|AP009256.1|",100,150,0,0,1,150,469707,469856,1.93e-70,278,367928,367928,"Bifidobacterium adolescentis","Bifidobacterium","adolescentis"
"ti|367928|org|Bifidobacterium_adolescentis_ATCC_15703|accession|NC_008618.1","gi|1789828052|gb|CP047129.1|",99.333,150,1,0,1,150,484261,484410,8.98e-69,272,1680,367928,"Bifidobacterium adolescentis","Bifidobacterium","adolescentis"
"ti|367928|org|Bifidobacterium_adolescentis_ATCC_15703|accession|NC_008618.1","gi|1526297721|gb|CP024959.1|",99.333,150,1,0,1,150,479504,479653,8.98e-69,272,1680,367928,"Bifidobacterium adolescentis","Bifidobacterium","adolescentis"
"ti|367928|org|Bifidobacterium_adolescentis_ATCC_15703|accession|NC_008618.1","gi|1464571395|gb|CP023005.1|",99.333,150,1,0,1,150,454585,454734,8.98e-69,272,1680,367928,"Bifidobacterium adolescentis","Bifidobacterium","adolescentis"
"ti|367928|org|Bifidobacterium_adolescentis_ATCC_15703|accession|NC_008618.1","gi|1373441736|gb|CP028341.1|",99.333,150,1,0,1,150,479165,479314,8.98e-69,272,1680,367928,"Bifidobacterium adolescentis","Bifidobacterium","adolescentis"
"ti|367928|org|Bifidobacterium_adolescentis_ATCC_15703|accession|NC_008618.1","gi|2240214207|gb|CP097281.1|",99.333,150,1,0,1,150,509268,509417,8.98e-69,272,1680,367928,"Bifidobacterium adolescentis","Bifidobacterium","adolescentis"
"ti|367928|org|Bifidobacterium_adolescentis_ATCC_15703|accession|NC_008618.1","gi|671341910|gb|CP007443.1|",99.333,150,1,0,1,150,477751,477900,8.98e-69,272,1680,367928,"Bifidobacterium adolescentis","Bifidobacterium","adolescentis"
"ti|367928|org|Bifidobacterium_adolescentis_ATCC_15703|accession|NC_008618.1","gi|2022704094|gb|CP053072.1|",98.667,150,2,0,1,150,483780,483929,4.18e-67,267,1680,367928,"Bifidobacterium adolescentis","Bifidobacterium","adolescentis"
"ti|367928|org|Bifidobacterium_adolescentis_ATCC_15703|accession|NC_008618.1","gi|1721134188|emb|LR698990.1|",98,150,3,0,1,150,485694,485843,1.94e-65,261,1680,367928,"Bifidobacterium adolescentis","Bifidobacterium","adolescentis"
"ti|367928|org|Bifidobacterium_adolescentis_ATCC_15703|accession|NC_008618.1","gi|1526297721|gb|CP024959.1|",100,150,0,0,1,150,616318,616467,1.93e-70,278,1680,367928,"Bifidobacterium adolescentis","Bifidobacterium","adolescentis"
"ti|367928|org|Bifidobacterium_adolescentis_ATCC_15703|accession|NC_008618.1","gi|1373441736|gb|CP028341.1|",100,150,0,0,1,150,611256,611405,1.93e-70,278,1680,367928,"Bifidobacterium adolescentis","Bifidobacterium","adolescentis"
"ti|367928|org|Bifidobacterium_adolescentis_ATCC_15703|accession|NC_008618.1","gi|118764602|dbj|AP009256.1|",100,150,0,0,1,150,606510,606659,1.93e-70,278,367928,367928,"Bifidobacterium adolescentis","Bifidobacterium","adolescentis"
"ti|367928|org|Bifidobacterium_adolescentis_ATCC_15703|accession|NC_008618.1","gi|118764602|dbj|AP009256.1|",100,150,0,0,1,150,1026386,1026535,1.93e-70,278,367928,367928,"Bifidobacterium adolescentis","Bifidobacterium","adolescentis"
"ti|367928|org|Bifidobacterium_adolescentis_ATCC_15703|accession|NC_008618.1","gi|1789828052|gb|CP047129.1|",99.333,150,1,0,1,150,1268461,1268610,8.98e-69,272,1680,367928,"Bifidobacterium adolescentis","Bifidobacterium","adolescentis"
"ti|367928|org|Bifidobacterium_adolescentis_ATCC_15703|accession|NC_008618.1","gi|1721134188|emb|LR698990.1|",99.333,150,1,0,1,150,1103423,1103572,8.98e-69,272,1680,367928,"Bifidobacterium adolescentis","Bifidobacterium","adolescentis"
"ti|367928|org|Bifidobacterium_adolescentis_ATCC_15703|accession|NC_008618.1","gi|2022704094|gb|CP053072.1|",99.333,150,1,0,1,150,1135315,1135464,8.98e-69,272,1680,367928,"Bifidobacterium adolescentis","Bifidobacterium","adolescentis"
"ti|367928|org|Bifidobacterium_adolescentis_ATCC_15703|accession|NC_008618.1","gi|1373441736|gb|CP028341.1|",98,150,3,0,1,150,1086217,1086366,1.94e-65,261,1680,367928,"Bifidobacterium adolescentis","Bifidobacterium","adolescentis"
"ti|367928|org|Bifidobacterium_adolescentis_ATCC_15703|accession|NC_008618.1","gi|1569727474|gb|MK231800.1|",96.667,150,5,0,1,150,785,636,4.21e-62,250,239364,367928,"Bifidobacterium adolescentis",NA,"uncultured human fecal virus"
"ti|367928|org|Bifidobacterium_adolescentis_ATCC_15703|accession|NC_008618.1","gi|1569727459|gb|MK231785.1|",96.667,150,5,0,1,150,2911,2762,4.21e-62,250,239364,367928,"Bifidobacterium adolescentis",NA,"uncultured human fecal virus"
"ti|367928|org|Bifidobacterium_adolescentis_ATCC_15703|accession|NC_008618.1","gi|1526297721|gb|CP024959.1|",96.667,150,5,0,1,150,1098129,1098278,4.21e-62,250,1680,367928,"Bifidobacterium adolescentis","Bifidobacterium","adolescentis"
"ti|367928|org|Bifidobacterium_adolescentis_ATCC_15703|accession|NC_008618.1","gi|1464571395|gb|CP023005.1|",96.667,150,5,0,1,150,1049973,1050122,4.21e-62,250,1680,367928,"Bifidobacterium adolescentis","Bifidobacterium","adolescentis"
"ti|367928|org|Bifidobacterium_adolescentis_ATCC_15703|accession|NC_008618.1","gi|671341910|gb|CP007443.1|",96.667,150,5,0,1,150,1082268,1082417,4.21e-62,250,1680,367928,"Bifidobacterium adolescentis","Bifidobacterium","adolescentis"
"ti|367928|org|Bifidobacterium_adolescentis_ATCC_15703|accession|NC_008618.1","gi|1526297721|gb|CP024959.1|",100,150,0,0,1,150,902145,902294,1.93e-70,278,1680,367928,"Bifidobacterium adolescentis","Bifidobacterium","adolescentis"
"ti|367928|org|Bifidobacterium_adolescentis_ATCC_15703|accession|NC_008618.1","gi|1464571395|gb|CP023005.1|",100,150,0,0,1,150,853988,854137,1.93e-70,278,1680,367928,"Bifidobacterium adolescentis","Bifidobacterium","adolescentis"
"ti|367928|org|Bifidobacterium_adolescentis_ATCC_15703|accession|NC_008618.1","gi|1373441736|gb|CP028341.1|",100,150,0,0,1,150,882403,882552,1.93e-70,278,1680,367928,"Bifidobacterium adolescentis","Bifidobacterium","adolescentis"
"ti|367928|org|Bifidobacterium_adolescentis_ATCC_15703|accession|NC_008618.1","gi|1721134188|emb|LR698990.1|",100,150,0,0,1,150,866465,866614,1.93e-70,278,1680,367928,"Bifidobacterium adolescentis","Bifidobacterium","adolescentis"
"ti|367928|org|Bifidobacterium_adolescentis_ATCC_15703|accession|NC_008618.1","gi|2240214207|gb|CP097281.1|",100,150,0,0,1,150,888573,888722,1.93e-70,278,1680,367928,"Bifidobacterium adolescentis","Bifidobacterium","adolescentis"
"ti|367928|org|Bifidobacterium_adolescentis_ATCC_15703|accession|NC_008618.1","gi|671341910|gb|CP007443.1|",100,150,0,0,1,150,884781,884930,1.93e-70,278,1680,367928,"Bifidobacterium adolescentis","Bifidobacterium","adolescentis"
"ti|367928|org|Bifidobacterium_adolescentis_ATCC_15703|accession|NC_008618.1","gi|118764602|dbj|AP009256.1|",100,150,0,0,1,150,828860,829009,1.93e-70,278,367928,367928,"Bifidobacterium adolescentis","Bifidobacterium","adolescentis"
"ti|367928|org|Bifidobacterium_adolescentis_ATCC_15703|accession|NC_008618.1","gi|1789828052|gb|CP047129.1|",99.333,150,1,0,1,150,876416,876565,8.98e-69,272,1680,367928,"Bifidobacterium adolescentis","Bifidobacterium","adolescentis"
"ti|367928|org|Bifidobacterium_adolescentis_ATCC_15703|accession|NC_008618.1","gi|2022704094|gb|CP053072.1|",99.333,150,1,0,1,150,900379,900528,8.98e-69,272,1680,367928,"Bifidobacterium adolescentis","Bifidobacterium","adolescentis"
"ti|367928|org|Bifidobacterium_adolescentis_ATCC_15703|accession|NC_008618.1","gi|1789828052|gb|CP047129.1|",100,150,0,0,1,150,1485254,1485403,1.93e-70,278,1680,367928,"Bifidobacterium adolescentis","Bifidobacterium","adolescentis"
"ti|367928|org|Bifidobacterium_adolescentis_ATCC_15703|accession|NC_008618.1","gi|1526297721|gb|CP024959.1|",100,150,0,0,1,150,1282543,1282692,1.93e-70,278,1680,367928,"Bifidobacterium adolescentis","Bifidobacterium","adolescentis"
"ti|367928|org|Bifidobacterium_adolescentis_ATCC_15703|accession|NC_008618.1","gi|1464571395|gb|CP023005.1|",100,150,0,0,1,150,1212400,1212549,1.93e-70,278,1680,367928,"Bifidobacterium adolescentis","Bifidobacterium","adolescentis"
"ti|367928|org|Bifidobacterium_adolescentis_ATCC_15703|accession|NC_008618.1","gi|1373441736|gb|CP028341.1|",100,150,0,0,1,150,1325357,1325506,1.93e-70,278,1680,367928,"Bifidobacterium adolescentis","Bifidobacterium","adolescentis"
"ti|367928|org|Bifidobacterium_adolescentis_ATCC_15703|accession|NC_008618.1","gi|1721134188|emb|LR698990.1|",100,150,0,0,1,150,1274165,1274314,1.93e-70,278,1680,367928,"Bifidobacterium adolescentis","Bifidobacterium","adolescentis"
"ti|367928|org|Bifidobacterium_adolescentis_ATCC_15703|accession|NC_008618.1","gi|2240214207|gb|CP097281.1|",100,150,0,0,1,150,1611107,1611256,1.93e-70,278,1680,367928,"Bifidobacterium adolescentis","Bifidobacterium","adolescentis"
"ti|367928|org|Bifidobacterium_adolescentis_ATCC_15703|accession|NC_008618.1","gi|671341910|gb|CP007443.1|",100,150,0,0,1,150,1258668,1258817,1.93e-70,278,1680,367928,"Bifidobacterium adolescentis","Bifidobacterium","adolescentis"
"ti|367928|org|Bifidobacterium_adolescentis_ATCC_15703|accession|NC_008618.1","gi|2033662757|gb|MW677170.1|",100,150,0,0,1,150,16732,16881,1.93e-70,278,77133,367928,"Bifidobacterium adolescentis",NA,"uncultured bacterium"
"ti|367928|org|Bifidobacterium_adolescentis_ATCC_15703|accession|NC_008618.1","gi|2022704094|gb|CP053072.1|",100,150,0,0,1,150,1302528,1302677,1.93e-70,278,1680,367928,"Bifidobacterium adolescentis","Bifidobacterium","adolescentis"
"ti|367928|org|Bifidobacterium_adolescentis_ATCC_15703|accession|NC_008618.1","gi|118764602|dbj|AP009256.1|",100,150,0,0,1,150,1202405,1202554,1.93e-70,278,367928,367928,"Bifidobacterium adolescentis","Bifidobacterium","adolescentis"
"ti|367928|org|Bifidobacterium_adolescentis_ATCC_15703|accession|NC_008618.1","gi|1373441736|gb|CP028341.1|",100,150,0,0,1,150,1663170,1663319,1.93e-70,278,1680,367928,"Bifidobacterium adolescentis","Bifidobacterium","adolescentis"
"ti|367928|org|Bifidobacterium_adolescentis_ATCC_15703|accession|NC_008618.1","gi|671341910|gb|CP007443.1|",100,150,0,0,1,150,2060454,2060603,1.93e-70,278,1680,367928,"Bifidobacterium adolescentis","Bifidobacterium","adolescentis"
"ti|367928|org|Bifidobacterium_adolescentis_ATCC_15703|accession|NC_008618.1","gi|2022704094|gb|CP053072.1|",100,150,0,0,1,150,1664274,1664423,1.93e-70,278,1680,367928,"Bifidobacterium adolescentis","Bifidobacterium","adolescentis"
"ti|367928|org|Bifidobacterium_adolescentis_ATCC_15703|accession|NC_008618.1","gi|118764602|dbj|AP009256.1|",100,150,0,0,1,150,1509939,1510088,1.93e-70,278,367928,367928,"Bifidobacterium adolescentis","Bifidobacterium","adolescentis"
"ti|367928|org|Bifidobacterium_adolescentis_ATCC_15703|accession|NC_008618.1","gi|1789828052|gb|CP047129.1|",100,150,0,0,1,150,1894139,1894288,1.93e-70,278,1680,367928,"Bifidobacterium adolescentis","Bifidobacterium","adolescentis"
"ti|367928|org|Bifidobacterium_adolescentis_ATCC_15703|accession|NC_008618.1","gi|1526297721|gb|CP024959.1|",100,150,0,0,1,150,1691124,1691273,1.93e-70,278,1680,367928,"Bifidobacterium adolescentis","Bifidobacterium","adolescentis"
"ti|367928|org|Bifidobacterium_adolescentis_ATCC_15703|accession|NC_008618.1","gi|1721134188|emb|LR698990.1|",100,150,0,0,1,150,1617951,1618100,1.93e-70,278,1680,367928,"Bifidobacterium adolescentis","Bifidobacterium","adolescentis"
"ti|367928|org|Bifidobacterium_adolescentis_ATCC_15703|accession|NC_008618.1","gi|2240214207|gb|CP097281.1|",100,150,0,0,1,150,1974641,1974790,1.93e-70,278,1680,367928,"Bifidobacterium adolescentis","Bifidobacterium","adolescentis"
"ti|367928|org|Bifidobacterium_adolescentis_ATCC_15703|accession|NC_008618.1","gi|671341910|gb|CP007443.1|",100,150,0,0,1,150,2076414,2076563,1.93e-70,278,1680,367928,"Bifidobacterium adolescentis","Bifidobacterium","adolescentis"
"ti|367928|org|Bifidobacterium_adolescentis_ATCC_15703|accession|NC_008618.1","gi|118764602|dbj|AP009256.1|",100,150,0,0,1,150,1525896,1526045,1.93e-70,278,367928,367928,"Bifidobacterium adolescentis","Bifidobacterium","adolescentis"
"ti|367928|org|Bifidobacterium_adolescentis_ATCC_15703|accession|NC_008618.1","gi|1373441736|gb|CP028341.1|",99.333,150,1,0,1,150,1679199,1679348,8.98e-69,272,1680,367928,"Bifidobacterium adolescentis","Bifidobacterium","adolescentis"
"ti|367928|org|Bifidobacterium_adolescentis_ATCC_15703|accession|NC_008618.1","gi|2022704094|gb|CP053072.1|",99.333,150,1,0,1,150,1682101,1682250,8.98e-69,272,1680,367928,"Bifidobacterium adolescentis","Bifidobacterium","adolescentis"
"ti|367928|org|Bifidobacterium_adolescentis_ATCC_15703|accession|NC_008618.1","gi|1526297721|gb|CP024959.1|",100,150,0,0,1,150,1037276,1037425,1.93e-70,278,1680,367928,"Bifidobacterium adolescentis","Bifidobacterium","adolescentis"
"ti|367928|org|Bifidobacterium_adolescentis_ATCC_15703|accession|NC_008618.1","gi|1464571395|gb|CP023005.1|",100,150,0,0,1,150,989121,989270,1.93e-70,278,1680,367928,"Bifidobacterium adolescentis","Bifidobacterium","adolescentis"
"ti|367928|org|Bifidobacterium_adolescentis_ATCC_15703|accession|NC_008618.1","gi|1373441736|gb|CP028341.1|",100,150,0,0,1,150,1017803,1017952,1.93e-70,278,1680,367928,"Bifidobacterium adolescentis","Bifidobacterium","adolescentis"
"ti|367928|org|Bifidobacterium_adolescentis_ATCC_15703|accession|NC_008618.1","gi|1721134188|emb|LR698990.1|",100,150,0,0,1,150,1041320,1041469,1.93e-70,278,1680,367928,"Bifidobacterium adolescentis","Bifidobacterium","adolescentis"
"ti|367928|org|Bifidobacterium_adolescentis_ATCC_15703|accession|NC_008618.1","gi|2240214207|gb|CP097281.1|",100,150,0,0,1,150,1064906,1065055,1.93e-70,278,1680,367928,"Bifidobacterium adolescentis","Bifidobacterium","adolescentis"
"ti|367928|org|Bifidobacterium_adolescentis_ATCC_15703|accession|NC_008618.1","gi|671341910|gb|CP007443.1|",100,150,0,0,1,150,1020180,1020329,1.93e-70,278,1680,367928,"Bifidobacterium adolescentis","Bifidobacterium","adolescentis"
"ti|367928|org|Bifidobacterium_adolescentis_ATCC_15703|accession|NC_008618.1","gi|2022704094|gb|CP053072.1|",100,150,0,0,1,150,1074471,1074620,1.93e-70,278,1680,367928,"Bifidobacterium adolescentis","Bifidobacterium","adolescentis"
"ti|367928|org|Bifidobacterium_adolescentis_ATCC_15703|accession|NC_008618.1","gi|118764602|dbj|AP009256.1|",100,150,0,0,1,150,964301,964450,1.93e-70,278,367928,367928,"Bifidobacterium adolescentis","Bifidobacterium","adolescentis"
"ti|367928|org|Bifidobacterium_adolescentis_ATCC_15703|accession|NC_008618.1","gi|1789828052|gb|CP047129.1|",99.333,150,1,0,1,150,1011331,1011480,8.98e-69,272,1680,367928,"Bifidobacterium adolescentis","Bifidobacterium","adolescentis"
"ti|367928|org|Bifidobacterium_adolescentis_ATCC_15703|accession|NC_008618.1","gi|1917210508|gb|CP062938.1|",85.849,106,15,0,1,106,324048,324153,5.76e-21,113,1765219,367928,"Bifidobacterium adolescentis","Bifidobacterium","eulemuris"
"ti|367928|org|Bifidobacterium_adolescentis_ATCC_15703|accession|NC_008618.1","gi|118764602|dbj|AP009256.1|",100,150,0,0,1,150,393857,394006,1.93e-70,278,367928,367928,"Bifidobacterium adolescentis","Bifidobacterium","adolescentis"
"ti|367928|org|Bifidobacterium_adolescentis_ATCC_15703|accession|NC_008618.1","gi|1721134188|emb|LR698990.1|",98,150,3,0,1,150,411000,411149,1.94e-65,261,1680,367928,"Bifidobacterium adolescentis","Bifidobacterium","adolescentis"
"ti|367928|org|Bifidobacterium_adolescentis_ATCC_15703|accession|NC_008618.1","gi|671341910|gb|CP007443.1|",98,150,3,0,1,150,403098,403247,1.94e-65,261,1680,367928,"Bifidobacterium adolescentis","Bifidobacterium","adolescentis"
"ti|367928|org|Bifidobacterium_adolescentis_ATCC_15703|accession|NC_008618.1","gi|1537796250|gb|CP025199.1|",97.333,150,4,0,1,150,411719,411868,9.04e-64,255,28026,367928,"Bifidobacterium adolescentis","Bifidobacterium","pseudocatenulatum"
"ti|367928|org|Bifidobacterium_adolescentis_ATCC_15703|accession|NC_008618.1","gi|1526297721|gb|CP024959.1|",97.351,151,3,1,1,150,405820,405970,9.04e-64,255,1680,367928,"Bifidobacterium adolescentis","Bifidobacterium","adolescentis"
"ti|367928|org|Bifidobacterium_adolescentis_ATCC_15703|accession|NC_008618.1","gi|1464571395|gb|CP023005.1|",97.351,151,3,1,1,150,380958,381108,9.04e-64,255,1680,367928,"Bifidobacterium adolescentis","Bifidobacterium","adolescentis"
"ti|367928|org|Bifidobacterium_adolescentis_ATCC_15703|accession|NC_008618.1","gi|998637992|gb|CP014241.1|",97.351,151,3,1,1,150,722359,722509,9.04e-64,255,1683,367928,"Bifidobacterium adolescentis","Bifidobacterium","angulatum"
"ti|367928|org|Bifidobacterium_adolescentis_ATCC_15703|accession|NC_008618.1","gi|781870631|dbj|AP012322.1|",97.351,151,3,1,1,150,203901,204051,9.04e-64,255,518635,367928,"Bifidobacterium adolescentis","Bifidobacterium","angulatum"
"ti|367928|org|Bifidobacterium_adolescentis_ATCC_15703|accession|NC_008618.1","gi|2240214207|gb|CP097281.1|",97.333,150,4,0,1,150,434599,434748,9.04e-64,255,1680,367928,"Bifidobacterium adolescentis","Bifidobacterium","adolescentis"
"ti|367928|org|Bifidobacterium_adolescentis_ATCC_15703|accession|NC_008618.1","gi|2022704094|gb|CP053072.1|",96.667,150,5,0,1,150,409112,409261,4.21e-62,250,1680,367928,"Bifidobacterium adolescentis","Bifidobacterium","adolescentis"
"ti|367928|org|Bifidobacterium_adolescentis_ATCC_15703|accession|NC_008618.1","gi|1721134188|emb|LR698990.1|",100,150,0,0,1,150,380341,380490,1.93e-70,278,1680,367928,"Bifidobacterium adolescentis","Bifidobacterium","adolescentis"
"ti|367928|org|Bifidobacterium_adolescentis_ATCC_15703|accession|NC_008618.1","gi|118764602|dbj|AP009256.1|",100,150,0,0,1,150,363112,363261,1.93e-70,278,367928,367928,"Bifidobacterium adolescentis","Bifidobacterium","adolescentis"
"ti|367928|org|Bifidobacterium_adolescentis_ATCC_15703|accession|NC_008618.1","gi|1789828052|gb|CP047129.1|",99.333,150,1,0,1,150,371625,371774,8.98e-69,272,1680,367928,"Bifidobacterium adolescentis","Bifidobacterium","adolescentis"
"ti|367928|org|Bifidobacterium_adolescentis_ATCC_15703|accession|NC_008618.1","gi|1526297721|gb|CP024959.1|",99.333,150,1,0,1,150,375169,375318,8.98e-69,272,1680,367928,"Bifidobacterium adolescentis","Bifidobacterium","adolescentis"
"ti|367928|org|Bifidobacterium_adolescentis_ATCC_15703|accession|NC_008618.1","gi|1373441736|gb|CP028341.1|",99.333,150,1,0,1,150,366758,366907,8.98e-69,272,1680,367928,"Bifidobacterium adolescentis","Bifidobacterium","adolescentis"
"ti|367928|org|Bifidobacterium_adolescentis_ATCC_15703|accession|NC_008618.1","gi|2240214207|gb|CP097281.1|",99.333,150,1,0,1,150,404375,404524,8.98e-69,272,1680,367928,"Bifidobacterium adolescentis","Bifidobacterium","adolescentis"
"ti|367928|org|Bifidobacterium_adolescentis_ATCC_15703|accession|NC_008618.1","gi|1464571395|gb|CP023005.1|",98.667,150,2,0,1,150,350304,350453,4.18e-67,267,1680,367928,"Bifidobacterium adolescentis","Bifidobacterium","adolescentis"
"ti|367928|org|Bifidobacterium_adolescentis_ATCC_15703|accession|NC_008618.1","gi|671341910|gb|CP007443.1|",98.667,150,2,0,1,150,372889,373038,4.18e-67,267,1680,367928,"Bifidobacterium adolescentis","Bifidobacterium","adolescentis"
"ti|367928|org|Bifidobacterium_adolescentis_ATCC_15703|accession|NC_008618.1","gi|2022704094|gb|CP053072.1|",98.667,150,2,0,1,150,378429,378578,4.18e-67,267,1680,367928,"Bifidobacterium adolescentis","Bifidobacterium","adolescentis"
"ti|367928|org|Bifidobacterium_adolescentis_ATCC_15703|accession|NC_008618.1","gi|2021584390|gb|CP072503.1|",89.63,135,14,0,16,150,472197,472331,9.37e-39,172,1689,367928,"Bifidobacterium adolescentis","Bifidobacterium","dentium"
"ti|367928|org|Bifidobacterium_adolescentis_ATCC_15703|accession|NC_008618.1","gi|1823809447|dbj|AP022868.1|",100,150,0,0,1,150,441400,441549,1.93e-70,278,216816,367928,"Bifidobacterium adolescentis","Bifidobacterium","longum"
"ti|367928|org|Bifidobacterium_adolescentis_ATCC_15703|accession|NC_008618.1","gi|1780024456|gb|CP034089.1|",100,150,0,0,1,150,446116,446265,1.93e-70,278,216816,367928,"Bifidobacterium adolescentis","Bifidobacterium","longum"
"ti|367928|org|Bifidobacterium_adolescentis_ATCC_15703|accession|NC_008618.1","gi|1729884298|gb|CP043002.1|",100,150,0,0,1,150,798961,798812,1.93e-70,278,216816,367928,"Bifidobacterium adolescentis","Bifidobacterium","longum"
"ti|367928|org|Bifidobacterium_adolescentis_ATCC_15703|accession|NC_008618.1","gi|1652279772|gb|CP040235.1|",100,150,0,0,1,150,429387,429536,1.93e-70,278,216816,367928,"Bifidobacterium adolescentis","Bifidobacterium","longum"
"ti|367928|org|Bifidobacterium_adolescentis_ATCC_15703|accession|NC_008618.1","gi|1540017970|emb|LR134369.1|",100,150,0,0,1,150,420504,420653,1.93e-70,278,216816,367928,"Bifidobacterium adolescentis","Bifidobacterium","longum"
"ti|367928|org|Bifidobacterium_adolescentis_ATCC_15703|accession|NC_008618.1","gi|1093392630|gb|KX790929.1|",100,150,0,0,1,150,1002,1151,1.93e-70,278,1679,367928,"Bifidobacterium adolescentis","Bifidobacterium","longum"
"ti|367928|org|Bifidobacterium_adolescentis_ATCC_15703|accession|NC_008618.1","gi|1062059686|gb|CP013673.1|",100,150,0,0,1,150,408183,408332,1.93e-70,278,216816,367928,"Bifidobacterium adolescentis","Bifidobacterium","longum"
"ti|367928|org|Bifidobacterium_adolescentis_ATCC_15703|accession|NC_008618.1","gi|953517977|gb|CP011965.1|",100,150,0,0,1,150,411005,411154,1.93e-70,278,1679,367928,"Bifidobacterium adolescentis","Bifidobacterium","longum"
"ti|367928|org|Bifidobacterium_adolescentis_ATCC_15703|accession|NC_008618.1","gi|716054273|dbj|AP014658.1|",100,150,0,0,1,150,415348,415497,1.93e-70,278,216816,367928,"Bifidobacterium adolescentis","Bifidobacterium","longum"
"ti|367928|org|Bifidobacterium_adolescentis_ATCC_15703|accession|NC_008618.1","gi|2210138518|gb|CP049767.1|",100,150,0,0,1,150,1860366,1860217,1.93e-70,278,1679,367928,"Bifidobacterium adolescentis","Bifidobacterium","longum"
"ti|367928|org|Bifidobacterium_adolescentis_ATCC_15703|accession|NC_008618.1","gi|1826606598|gb|CP047190.1|",100,150,0,0,1,150,1478875,1479024,1.93e-70,278,28025,367928,"Bifidobacterium adolescentis","Bifidobacterium","animalis"
"ti|367928|org|Bifidobacterium_adolescentis_ATCC_15703|accession|NC_008618.1","gi|1826606598|gb|CP047190.1|",100,150,0,0,1,150,1773756,1773905,1.93e-70,278,28025,367928,"Bifidobacterium adolescentis","Bifidobacterium","animalis"
"ti|367928|org|Bifidobacterium_adolescentis_ATCC_15703|accession|NC_008618.1","gi|1826606598|gb|CP047190.1|",100,150,0,0,1,150,1870077,1870226,1.93e-70,278,28025,367928,"Bifidobacterium adolescentis","Bifidobacterium","animalis"
"ti|367928|org|Bifidobacterium_adolescentis_ATCC_15703|accession|NC_008618.1","gi|1789828052|gb|CP047129.1|",100,150,0,0,1,150,1911380,1911529,1.93e-70,278,1680,367928,"Bifidobacterium adolescentis","Bifidobacterium","adolescentis"
"ti|367928|org|Bifidobacterium_adolescentis_ATCC_15703|accession|NC_008618.1","gi|1789828052|gb|CP047129.1|",100,150,0,0,1,150,2219356,2219505,1.93e-70,278,1680,367928,"Bifidobacterium adolescentis","Bifidobacterium","adolescentis"
"ti|367928|org|Bifidobacterium_adolescentis_ATCC_15703|accession|NC_008618.1","gi|1789828052|gb|CP047129.1|",100,150,0,0,1,150,2307888,2308037,1.93e-70,278,1680,367928,"Bifidobacterium adolescentis","Bifidobacterium","adolescentis"
"ti|367928|org|Bifidobacterium_adolescentis_ATCC_15703|accession|NC_008618.1","gi|1789828052|gb|CP047129.1|",100,150,0,0,1,150,2369714,2369863,1.93e-70,278,1680,367928,"Bifidobacterium adolescentis","Bifidobacterium","adolescentis"
"ti|367928|org|Bifidobacterium_adolescentis_ATCC_15703|accession|NC_008618.1","gi|1777191183|gb|CP026729.1|",100,150,0,0,1,150,1896553,1896702,1.93e-70,278,630129,367928,"Bifidobacterium adolescentis","Bifidobacterium","catenulatum"
"ti|367928|org|Bifidobacterium_adolescentis_ATCC_15703|accession|NC_008618.1","gi|1777191183|gb|CP026729.1|",100,150,0,0,1,150,2202861,2203010,1.93e-70,278,630129,367928,"Bifidobacterium adolescentis","Bifidobacterium","catenulatum"
"ti|367928|org|Bifidobacterium_adolescentis_ATCC_15703|accession|NC_008618.1","gi|1777191183|gb|CP026729.1|",100,150,0,0,1,150,2307661,2307810,1.93e-70,278,630129,367928,"Bifidobacterium adolescentis","Bifidobacterium","catenulatum"
"ti|367928|org|Bifidobacterium_adolescentis_ATCC_15703|accession|NC_008618.1","gi|1777191183|gb|CP026729.1|",100,150,0,0,1,150,2341323,2341472,1.93e-70,278,630129,367928,"Bifidobacterium adolescentis","Bifidobacterium","catenulatum"
"ti|367928|org|Bifidobacterium_adolescentis_ATCC_15703|accession|NC_008618.1","gi|1777191183|gb|CP026729.1|",100,150,0,0,1,150,2409959,2410108,1.93e-70,278,630129,367928,"Bifidobacterium adolescentis","Bifidobacterium","catenulatum"
"ti|367928|org|Bifidobacterium_adolescentis_ATCC_15703|accession|NC_008618.1","gi|1726959948|gb|CP042940.1|",100,150,0,0,1,150,1416924,1417073,1.93e-70,278,28025,367928,"Bifidobacterium adolescentis","Bifidobacterium","animalis"
"ti|367928|org|Bifidobacterium_adolescentis_ATCC_15703|accession|NC_008618.1","gi|1726959948|gb|CP042940.1|",100,150,0,0,1,150,1711803,1711952,1.93e-70,278,28025,367928,"Bifidobacterium adolescentis","Bifidobacterium","animalis"
"ti|367928|org|Bifidobacterium_adolescentis_ATCC_15703|accession|NC_008618.1","gi|1726959948|gb|CP042940.1|",100,150,0,0,1,150,1808124,1808273,1.93e-70,278,28025,367928,"Bifidobacterium adolescentis","Bifidobacterium","animalis"
"ti|367928|org|Bifidobacterium_adolescentis_ATCC_15703|accession|NC_008618.1","gi|1726959948|gb|CP042940.1|",100,150,0,0,1,150,1816833,1816982,1.93e-70,278,28025,367928,"Bifidobacterium adolescentis","Bifidobacterium","animalis"
"ti|367928|org|Bifidobacterium_adolescentis_ATCC_15703|accession|NC_008618.1","gi|1537796250|gb|CP025199.1|",100,150,0,0,1,150,1689113,1689262,1.93e-70,278,28026,367928,"Bifidobacterium adolescentis","Bifidobacterium","pseudocatenulatum"
"ti|367928|org|Bifidobacterium_adolescentis_ATCC_15703|accession|NC_008618.1","gi|1537796250|gb|CP025199.1|",100,150,0,0,1,150,1981418,1981567,1.93e-70,278,28026,367928,"Bifidobacterium adolescentis","Bifidobacterium","pseudocatenulatum"
"ti|367928|org|Bifidobacterium_adolescentis_ATCC_15703|accession|NC_008618.1","gi|1537796250|gb|CP025199.1|",100,150,0,0,1,150,2079621,2079770,1.93e-70,278,28026,367928,"Bifidobacterium adolescentis","Bifidobacterium","pseudocatenulatum"
"ti|367928|org|Bifidobacterium_adolescentis_ATCC_15703|accession|NC_008618.1","gi|1537796250|gb|CP025199.1|",100,150,0,0,1,150,2133340,2133489,1.93e-70,278,28026,367928,"Bifidobacterium adolescentis","Bifidobacterium","pseudocatenulatum"
"ti|367928|org|Bifidobacterium_adolescentis_ATCC_15703|accession|NC_008618.1","gi|1537796250|gb|CP025199.1|",100,150,0,0,1,150,2157543,2157692,1.93e-70,278,28026,367928,"Bifidobacterium adolescentis","Bifidobacterium","pseudocatenulatum"
"ti|367928|org|Bifidobacterium_adolescentis_ATCC_15703|accession|NC_008618.1","gi|1526297721|gb|CP024959.1|",100,150,0,0,1,150,1708483,1708632,1.93e-70,278,1680,367928,"Bifidobacterium adolescentis","Bifidobacterium","adolescentis"
"ti|367928|org|Bifidobacterium_adolescentis_ATCC_15703|accession|NC_008618.1","gi|1526297721|gb|CP024959.1|",100,150,0,0,1,150,1994371,1994520,1.93e-70,278,1680,367928,"Bifidobacterium adolescentis","Bifidobacterium","adolescentis"
"ti|367928|org|Bifidobacterium_adolescentis_ATCC_15703|accession|NC_008618.1","gi|1526297721|gb|CP024959.1|",100,150,0,0,1,150,2091312,2091461,1.93e-70,278,1680,367928,"Bifidobacterium adolescentis","Bifidobacterium","adolescentis"
"ti|367928|org|Bifidobacterium_adolescentis_ATCC_15703|accession|NC_008618.1","gi|1526297721|gb|CP024959.1|",100,150,0,0,1,150,2171071,2171220,1.93e-70,278,1680,367928,"Bifidobacterium adolescentis","Bifidobacterium","adolescentis"
"ti|367928|org|Bifidobacterium_adolescentis_ATCC_15703|accession|NC_008618.1","gi|1494638545|gb|CP028460.1|",100,150,0,0,1,150,1484886,1485035,1.93e-70,278,302912,367928,"Bifidobacterium adolescentis","Bifidobacterium","animalis"
"ti|367928|org|Bifidobacterium_adolescentis_ATCC_15703|accession|NC_008618.1","gi|1494638545|gb|CP028460.1|",100,150,0,0,1,150,1764280,1764429,1.93e-70,278,302912,367928,"Bifidobacterium adolescentis","Bifidobacterium","animalis"
"ti|367928|org|Bifidobacterium_adolescentis_ATCC_15703|accession|NC_008618.1","gi|1494638545|gb|CP028460.1|",100,150,0,0,1,150,1856304,1856453,1.93e-70,278,302912,367928,"Bifidobacterium adolescentis","Bifidobacterium","animalis"
"ti|367928|org|Bifidobacterium_adolescentis_ATCC_15703|accession|NC_008618.1","gi|1494638545|gb|CP028460.1|",100,150,0,0,1,150,1865012,1865161,1.93e-70,278,302912,367928,"Bifidobacterium adolescentis","Bifidobacterium","animalis"
"ti|367928|org|Bifidobacterium_adolescentis_ATCC_15703|accession|NC_008618.1","gi|1483584181|gb|CP031154.1|",100,150,0,0,1,150,1476968,1477117,1.93e-70,278,302911,367928,"Bifidobacterium adolescentis","Bifidobacterium","animalis"
"ti|367928|org|Bifidobacterium_adolescentis_ATCC_15703|accession|NC_008618.1","gi|1483584181|gb|CP031154.1|",100,150,0,0,1,150,1771849,1771998,1.93e-70,278,302911,367928,"Bifidobacterium adolescentis","Bifidobacterium","animalis"
"ti|367928|org|Bifidobacterium_adolescentis_ATCC_15703|accession|NC_008618.1","gi|1483584181|gb|CP031154.1|",100,150,0,0,1,150,1868170,1868319,1.93e-70,278,302911,367928,"Bifidobacterium adolescentis","Bifidobacterium","animalis"
"ti|367928|org|Bifidobacterium_adolescentis_ATCC_15703|accession|NC_008618.1","gi|1464571395|gb|CP023005.1|",100,150,0,0,1,150,1688059,1688208,1.93e-70,278,1680,367928,"Bifidobacterium adolescentis","Bifidobacterium","adolescentis"
"ti|367928|org|Bifidobacterium_adolescentis_ATCC_15703|accession|NC_008618.1","gi|1464571395|gb|CP023005.1|",100,150,0,0,1,150,2004852,2005001,1.93e-70,278,1680,367928,"Bifidobacterium adolescentis","Bifidobacterium","adolescentis"
"ti|367928|org|Bifidobacterium_adolescentis_ATCC_15703|accession|NC_008618.1","gi|1464571395|gb|CP023005.1|",100,150,0,0,1,150,2102166,2102315,1.93e-70,278,1680,367928,"Bifidobacterium adolescentis","Bifidobacterium","adolescentis"
"ti|367928|org|Bifidobacterium_adolescentis_ATCC_15703|accession|NC_008618.1","gi|1464571395|gb|CP023005.1|",100,150,0,0,1,150,2169842,2169991,1.93e-70,278,1680,367928,"Bifidobacterium adolescentis","Bifidobacterium","adolescentis"
"ti|367928|org|Bifidobacterium_adolescentis_ATCC_15703|accession|NC_008618.1","gi|1464343718|gb|CP031703.1|",100,150,0,0,1,150,295356,295207,1.93e-70,278,302911,367928,"Bifidobacterium adolescentis","Bifidobacterium","animalis"
"ti|367928|org|Bifidobacterium_adolescentis_ATCC_15703|accession|NC_008618.1","gi|1464343718|gb|CP031703.1|",100,150,0,0,1,150,304066,303917,1.93e-70,278,302911,367928,"Bifidobacterium adolescentis","Bifidobacterium","animalis"
"ti|367928|org|Bifidobacterium_adolescentis_ATCC_15703|accession|NC_008618.1","gi|1464343718|gb|CP031703.1|",100,150,0,0,1,150,400386,400237,1.93e-70,278,302911,367928,"Bifidobacterium adolescentis","Bifidobacterium","animalis"
"ti|367928|org|Bifidobacterium_adolescentis_ATCC_15703|accession|NC_008618.1","gi|1464343718|gb|CP031703.1|",100,150,0,0,1,150,695264,695115,1.93e-70,278,302911,367928,"Bifidobacterium adolescentis","Bifidobacterium","animalis"
"ti|367928|org|Bifidobacterium_adolescentis_ATCC_15703|accession|NC_008618.1","gi|1373441736|gb|CP028341.1|",100,150,0,0,1,150,1547866,1548015,1.93e-70,278,1680,367928,"Bifidobacterium adolescentis","Bifidobacterium","adolescentis"
"ti|367928|org|Bifidobacterium_adolescentis_ATCC_15703|accession|NC_008618.1","gi|118764602|dbj|AP009256.1|",100,150,0,0,1,150,1369028,1369177,1.93e-70,278,367928,367928,"Bifidobacterium adolescentis","Bifidobacterium","adolescentis"
"ti|367928|org|Bifidobacterium_adolescentis_ATCC_15703|accession|NC_008618.1","gi|1789828052|gb|CP047129.1|",99.333,150,1,0,1,150,1721798,1721947,8.98e-69,272,1680,367928,"Bifidobacterium adolescentis","Bifidobacterium","adolescentis"
"ti|367928|org|Bifidobacterium_adolescentis_ATCC_15703|accession|NC_008618.1","gi|1464571395|gb|CP023005.1|",99.333,150,1,0,1,150,1496499,1496648,8.98e-69,272,1680,367928,"Bifidobacterium adolescentis","Bifidobacterium","adolescentis"
"ti|367928|org|Bifidobacterium_adolescentis_ATCC_15703|accession|NC_008618.1","gi|2240214207|gb|CP097281.1|",99.333,150,1,0,1,150,1802681,1802830,8.98e-69,272,1680,367928,"Bifidobacterium adolescentis","Bifidobacterium","adolescentis"
"ti|367928|org|Bifidobacterium_adolescentis_ATCC_15703|accession|NC_008618.1","gi|1526297721|gb|CP024959.1|",98.667,150,2,0,1,150,1535111,1535260,4.18e-67,267,1680,367928,"Bifidobacterium adolescentis","Bifidobacterium","adolescentis"
"ti|367928|org|Bifidobacterium_adolescentis_ATCC_15703|accession|NC_008618.1","gi|1721134188|emb|LR698990.1|",98.667,150,2,0,1,150,1439385,1439534,4.18e-67,267,1680,367928,"Bifidobacterium adolescentis","Bifidobacterium","adolescentis"
"ti|367928|org|Bifidobacterium_adolescentis_ATCC_15703|accession|NC_008618.1","gi|671341910|gb|CP007443.1|",98.667,150,2,0,1,150,1422522,1422671,4.18e-67,267,1680,367928,"Bifidobacterium adolescentis","Bifidobacterium","adolescentis"
"ti|367928|org|Bifidobacterium_adolescentis_ATCC_15703|accession|NC_008618.1","gi|2022704094|gb|CP053072.1|",98.667,150,2,0,1,150,1467596,1467745,4.18e-67,267,1680,367928,"Bifidobacterium adolescentis","Bifidobacterium","adolescentis"
"ti|367928|org|Bifidobacterium_adolescentis_ATCC_15703|accession|NC_008618.1","gi|1275398871|gb|CP018044.1|",88.618,123,14,0,17,139,21674,21796,4.39e-32,150,35760,367928,"Bifidobacterium adolescentis","Bifidobacterium","choerinum"
"ti|367928|org|Bifidobacterium_adolescentis_ATCC_15703|accession|NC_008618.1","gi|1526297721|gb|CP024959.1|",100,150,0,0,1,150,143884,144033,1.93e-70,278,1680,367928,"Bifidobacterium adolescentis","Bifidobacterium","adolescentis"
"ti|367928|org|Bifidobacterium_adolescentis_ATCC_15703|accession|NC_008618.1","gi|1373441736|gb|CP028341.1|",100,150,0,0,1,150,151716,151865,1.93e-70,278,1680,367928,"Bifidobacterium adolescentis","Bifidobacterium","adolescentis"
"ti|367928|org|Bifidobacterium_adolescentis_ATCC_15703|accession|NC_008618.1","gi|2240214207|gb|CP097281.1|",100,150,0,0,1,150,188566,188715,1.93e-70,278,1680,367928,"Bifidobacterium adolescentis","Bifidobacterium","adolescentis"
"ti|367928|org|Bifidobacterium_adolescentis_ATCC_15703|accession|NC_008618.1","gi|671341910|gb|CP007443.1|",100,150,0,0,1,150,158679,158828,1.93e-70,278,1680,367928,"Bifidobacterium adolescentis","Bifidobacterium","adolescentis"
"ti|367928|org|Bifidobacterium_adolescentis_ATCC_15703|accession|NC_008618.1","gi|2022704094|gb|CP053072.1|",100,150,0,0,1,150,163248,163397,1.93e-70,278,1680,367928,"Bifidobacterium adolescentis","Bifidobacterium","adolescentis"
"ti|367928|org|Bifidobacterium_adolescentis_ATCC_15703|accession|NC_008618.1","gi|118764602|dbj|AP009256.1|",100,150,0,0,1,150,145445,145594,1.93e-70,278,367928,367928,"Bifidobacterium adolescentis","Bifidobacterium","adolescentis"
"ti|367928|org|Bifidobacterium_adolescentis_ATCC_15703|accession|NC_008618.1","gi|1789828052|gb|CP047129.1|",99.333,150,1,0,1,150,139437,139586,8.98e-69,272,1680,367928,"Bifidobacterium adolescentis","Bifidobacterium","adolescentis"
"ti|367928|org|Bifidobacterium_adolescentis_ATCC_15703|accession|NC_008618.1","gi|1464571395|gb|CP023005.1|",99.333,150,1,0,1,150,139045,139194,8.98e-69,272,1680,367928,"Bifidobacterium adolescentis","Bifidobacterium","adolescentis"
"ti|367928|org|Bifidobacterium_adolescentis_ATCC_15703|accession|NC_008618.1","gi|1721134188|emb|LR698990.1|",99.333,150,1,0,1,150,152513,152662,8.98e-69,272,1680,367928,"Bifidobacterium adolescentis","Bifidobacterium","adolescentis"
"ti|367928|org|Bifidobacterium_adolescentis_ATCC_15703|accession|NC_008618.1","gi|2119984945|gb|CP079232.1|",100,150,0,0,1,150,56705,56854,1.93e-70,278,28026,367928,"Bifidobacterium adolescentis","Bifidobacterium","pseudocatenulatum"
"ti|367928|org|Bifidobacterium_adolescentis_ATCC_15703|accession|NC_008618.1","gi|118764602|dbj|AP009256.1|",100,150,0,0,1,150,65407,65556,1.93e-70,278,367928,367928,"Bifidobacterium adolescentis","Bifidobacterium","adolescentis"
"ti|367928|org|Bifidobacterium_adolescentis_ATCC_15703|accession|NC_008618.1","gi|730564789|gb|CP007456.1|",99.333,150,1,0,1,150,73528,73677,8.98e-69,272,1447716,367928,"Bifidobacterium adolescentis","Bifidobacterium","catenulatum"
"ti|367928|org|Bifidobacterium_adolescentis_ATCC_15703|accession|NC_008618.1","gi|1464571395|gb|CP023005.1|",100,150,0,0,1,150,651278,651427,1.93e-70,278,1680,367928,"Bifidobacterium adolescentis","Bifidobacterium","adolescentis"
"ti|367928|org|Bifidobacterium_adolescentis_ATCC_15703|accession|NC_008618.1","gi|1721134188|emb|LR698990.1|",100,150,0,0,1,150,675684,675833,1.93e-70,278,1680,367928,"Bifidobacterium adolescentis","Bifidobacterium","adolescentis"
"ti|367928|org|Bifidobacterium_adolescentis_ATCC_15703|accession|NC_008618.1","gi|2022704094|gb|CP053072.1|",100,150,0,0,1,150,687998,688147,1.93e-70,278,1680,367928,"Bifidobacterium adolescentis","Bifidobacterium","adolescentis"
"ti|367928|org|Bifidobacterium_adolescentis_ATCC_15703|accession|NC_008618.1","gi|118764602|dbj|AP009256.1|",100,150,0,0,1,150,654577,654726,1.93e-70,278,367928,367928,"Bifidobacterium adolescentis","Bifidobacterium","adolescentis"
"ti|367928|org|Bifidobacterium_adolescentis_ATCC_15703|accession|NC_008618.1","gi|1789828052|gb|CP047129.1|",99.333,150,1,0,1,150,674169,674318,8.98e-69,272,1680,367928,"Bifidobacterium adolescentis","Bifidobacterium","adolescentis"
"ti|367928|org|Bifidobacterium_adolescentis_ATCC_15703|accession|NC_008618.1","gi|1373441736|gb|CP028341.1|",99.333,150,1,0,1,150,659315,659464,8.98e-69,272,1680,367928,"Bifidobacterium adolescentis","Bifidobacterium","adolescentis"
"ti|367928|org|Bifidobacterium_adolescentis_ATCC_15703|accession|NC_008618.1","gi|2240214207|gb|CP097281.1|",99.333,150,1,0,1,150,699242,699391,8.98e-69,272,1680,367928,"Bifidobacterium adolescentis","Bifidobacterium","adolescentis"
"ti|367928|org|Bifidobacterium_adolescentis_ATCC_15703|accession|NC_008618.1","gi|998637992|gb|CP014241.1|",97.333,150,4,0,1,150,2009894,2009745,9.04e-64,255,1683,367928,"Bifidobacterium adolescentis","Bifidobacterium","angulatum"
"ti|367928|org|Bifidobacterium_adolescentis_ATCC_15703|accession|NC_008618.1","gi|1526297721|gb|CP024959.1|",96.667,150,5,0,1,150,670921,671070,4.21e-62,250,1680,367928,"Bifidobacterium adolescentis","Bifidobacterium","adolescentis"
"ti|367928|org|Bifidobacterium_adolescentis_ATCC_15703|accession|NC_008618.1","gi|781870631|dbj|AP012322.1|",96.667,150,5,0,1,150,1440649,1440500,4.21e-62,250,518635,367928,"Bifidobacterium adolescentis","Bifidobacterium","angulatum"
"ti|367928|org|Bifidobacterium_adolescentis_ATCC_15703|accession|NC_008618.1","gi|1526297721|gb|CP024959.1|",100,150,0,0,1,150,1493472,1493621,1.93e-70,278,1680,367928,"Bifidobacterium adolescentis","Bifidobacterium","adolescentis"
"ti|367928|org|Bifidobacterium_adolescentis_ATCC_15703|accession|NC_008618.1","gi|2240214207|gb|CP097281.1|",100,150,0,0,1,150,1763283,1763432,1.93e-70,278,1680,367928,"Bifidobacterium adolescentis","Bifidobacterium","adolescentis"
"ti|367928|org|Bifidobacterium_adolescentis_ATCC_15703|accession|NC_008618.1","gi|2022704094|gb|CP053072.1|",100,150,0,0,1,150,1428201,1428350,1.93e-70,278,1680,367928,"Bifidobacterium adolescentis","Bifidobacterium","adolescentis"
"ti|367928|org|Bifidobacterium_adolescentis_ATCC_15703|accession|NC_008618.1","gi|118764602|dbj|AP009256.1|",100,150,0,0,1,150,1329635,1329784,1.93e-70,278,367928,367928,"Bifidobacterium adolescentis","Bifidobacterium","adolescentis"
"ti|367928|org|Bifidobacterium_adolescentis_ATCC_15703|accession|NC_008618.1","gi|1721134188|emb|LR698990.1|",99.333,150,1,0,1,150,1399992,1400141,8.98e-69,272,1680,367928,"Bifidobacterium adolescentis","Bifidobacterium","adolescentis"
"ti|367928|org|Bifidobacterium_adolescentis_ATCC_15703|accession|NC_008618.1","gi|1789828052|gb|CP047129.1|",97.333,150,4,0,1,150,1682404,1682553,9.04e-64,255,1680,367928,"Bifidobacterium adolescentis","Bifidobacterium","adolescentis"
"ti|367928|org|Bifidobacterium_adolescentis_ATCC_15703|accession|NC_008618.1","gi|1464571395|gb|CP023005.1|",97.333,150,4,0,1,150,1416729,1416878,9.04e-64,255,1680,367928,"Bifidobacterium adolescentis","Bifidobacterium","adolescentis"
"ti|367928|org|Bifidobacterium_adolescentis_ATCC_15703|accession|NC_008618.1","gi|1373441736|gb|CP028341.1|",97.333,150,4,0,1,150,1508470,1508619,9.04e-64,255,1680,367928,"Bifidobacterium adolescentis","Bifidobacterium","adolescentis"
"ti|367928|org|Bifidobacterium_adolescentis_ATCC_15703|accession|NC_008618.1","gi|671341910|gb|CP007443.1|",97.351,151,3,1,1,150,1383129,1383279,9.04e-64,255,1680,367928,"Bifidobacterium adolescentis","Bifidobacterium","adolescentis"
"ti|367928|org|Bifidobacterium_adolescentis_ATCC_15703|accession|NC_008618.1","gi|1789828052|gb|CP047129.1|",100,150,0,0,1,150,804278,804427,1.93e-70,278,1680,367928,"Bifidobacterium adolescentis","Bifidobacterium","adolescentis"
"ti|367928|org|Bifidobacterium_adolescentis_ATCC_15703|accession|NC_008618.1","gi|1526297721|gb|CP024959.1|",100,150,0,0,1,150,788033,788182,1.93e-70,278,1680,367928,"Bifidobacterium adolescentis","Bifidobacterium","adolescentis"
"ti|367928|org|Bifidobacterium_adolescentis_ATCC_15703|accession|NC_008618.1","gi|1464571395|gb|CP023005.1|",100,150,0,0,1,150,781413,781562,1.93e-70,278,1680,367928,"Bifidobacterium adolescentis","Bifidobacterium","adolescentis"
"ti|367928|org|Bifidobacterium_adolescentis_ATCC_15703|accession|NC_008618.1","gi|1721134188|emb|LR698990.1|",100,150,0,0,1,150,792922,793071,1.93e-70,278,1680,367928,"Bifidobacterium adolescentis","Bifidobacterium","adolescentis"
"ti|367928|org|Bifidobacterium_adolescentis_ATCC_15703|accession|NC_008618.1","gi|2240214207|gb|CP097281.1|",100,150,0,0,1,150,816378,816527,1.93e-70,278,1680,367928,"Bifidobacterium adolescentis","Bifidobacterium","adolescentis"
"ti|367928|org|Bifidobacterium_adolescentis_ATCC_15703|accession|NC_008618.1","gi|671341910|gb|CP007443.1|",100,150,0,0,1,150,812221,812370,1.93e-70,278,1680,367928,"Bifidobacterium adolescentis","Bifidobacterium","adolescentis"
"ti|367928|org|Bifidobacterium_adolescentis_ATCC_15703|accession|NC_008618.1","gi|2022704094|gb|CP053072.1|",100,150,0,0,1,150,827805,827954,1.93e-70,278,1680,367928,"Bifidobacterium adolescentis","Bifidobacterium","adolescentis"
"ti|367928|org|Bifidobacterium_adolescentis_ATCC_15703|accession|NC_008618.1","gi|118764602|dbj|AP009256.1|",100,150,0,0,1,150,767350,767499,1.93e-70,278,367928,367928,"Bifidobacterium adolescentis","Bifidobacterium","adolescentis"
"ti|367928|org|Bifidobacterium_adolescentis_ATCC_15703|accession|NC_008618.1","gi|1373441736|gb|CP028341.1|",98,150,3,0,1,150,772075,772224,1.94e-65,261,1680,367928,"Bifidobacterium adolescentis","Bifidobacterium","adolescentis"
"ti|367928|org|Bifidobacterium_adolescentis_ATCC_15703|accession|NC_008618.1","gi|1789828052|gb|CP047129.1|",100,150,0,0,1,150,2266706,2266855,1.93e-70,278,1680,367928,"Bifidobacterium adolescentis","Bifidobacterium","adolescentis"
"ti|367928|org|Bifidobacterium_adolescentis_ATCC_15703|accession|NC_008618.1","gi|1526297721|gb|CP024959.1|",100,150,0,0,1,150,2039902,2040051,1.93e-70,278,1680,367928,"Bifidobacterium adolescentis","Bifidobacterium","adolescentis"
"ti|367928|org|Bifidobacterium_adolescentis_ATCC_15703|accession|NC_008618.1","gi|1464571395|gb|CP023005.1|",100,150,0,0,1,150,2060696,2060845,1.93e-70,278,1680,367928,"Bifidobacterium adolescentis","Bifidobacterium","adolescentis"
"ti|367928|org|Bifidobacterium_adolescentis_ATCC_15703|accession|NC_008618.1","gi|1373441736|gb|CP028341.1|",100,150,0,0,1,150,2053269,2053418,1.93e-70,278,1680,367928,"Bifidobacterium adolescentis","Bifidobacterium","adolescentis"
"ti|367928|org|Bifidobacterium_adolescentis_ATCC_15703|accession|NC_008618.1","gi|1721134188|emb|LR698990.1|",100,150,0,0,1,150,2021334,2021483,1.93e-70,278,1680,367928,"Bifidobacterium adolescentis","Bifidobacterium","adolescentis"
"ti|367928|org|Bifidobacterium_adolescentis_ATCC_15703|accession|NC_008618.1","gi|2240214207|gb|CP097281.1|",100,150,0,0,1,150,2370508,2370657,1.93e-70,278,1680,367928,"Bifidobacterium adolescentis","Bifidobacterium","adolescentis"
"ti|367928|org|Bifidobacterium_adolescentis_ATCC_15703|accession|NC_008618.1","gi|671341910|gb|CP007443.1|",100,150,0,0,1,150,1805028,1804879,1.93e-70,278,1680,367928,"Bifidobacterium adolescentis","Bifidobacterium","adolescentis"
"ti|367928|org|Bifidobacterium_adolescentis_ATCC_15703|accession|NC_008618.1","gi|2022704094|gb|CP053072.1|",100,150,0,0,1,150,2060020,2060169,1.93e-70,278,1680,367928,"Bifidobacterium adolescentis","Bifidobacterium","adolescentis"
"ti|367928|org|Bifidobacterium_adolescentis_ATCC_15703|accession|NC_008618.1","gi|118764602|dbj|AP009256.1|",100,150,0,0,1,150,1953880,1954029,1.93e-70,278,367928,367928,"Bifidobacterium adolescentis","Bifidobacterium","adolescentis"
"ti|367928|org|Bifidobacterium_adolescentis_ATCC_15703|accession|NC_008618.1","gi|2240214207|gb|CP097281.1|",100,150,0,0,1,150,1651253,1651402,1.93e-70,278,1680,367928,"Bifidobacterium adolescentis","Bifidobacterium","adolescentis"
"ti|367928|org|Bifidobacterium_adolescentis_ATCC_15703|accession|NC_008618.1","gi|118764602|dbj|AP009256.1|",100,150,0,0,1,150,1216687,1216836,1.93e-70,278,367928,367928,"Bifidobacterium adolescentis","Bifidobacterium","adolescentis"
"ti|367928|org|Bifidobacterium_adolescentis_ATCC_15703|accession|NC_008618.1","gi|1526297721|gb|CP024959.1|",99.333,150,1,0,1,150,1323836,1323985,8.98e-69,272,1680,367928,"Bifidobacterium adolescentis","Bifidobacterium","adolescentis"
"ti|367928|org|Bifidobacterium_adolescentis_ATCC_15703|accession|NC_008618.1","gi|118764602|dbj|AP009256.1|",100,150,0,0,1,150,493690,493839,1.93e-70,278,367928,367928,"Bifidobacterium adolescentis","Bifidobacterium","adolescentis"
"ti|367928|org|Bifidobacterium_adolescentis_ATCC_15703|accession|NC_008618.1","gi|1789828052|gb|CP047129.1|",98.667,150,2,0,1,150,508241,508390,4.18e-67,267,1680,367928,"Bifidobacterium adolescentis","Bifidobacterium","adolescentis"
"ti|367928|org|Bifidobacterium_adolescentis_ATCC_15703|accession|NC_008618.1","gi|1526297721|gb|CP024959.1|",98.667,150,2,0,1,150,503482,503631,4.18e-67,267,1680,367928,"Bifidobacterium adolescentis","Bifidobacterium","adolescentis"
"ti|367928|org|Bifidobacterium_adolescentis_ATCC_15703|accession|NC_008618.1","gi|1464571395|gb|CP023005.1|",98.667,150,2,0,1,150,478560,478709,4.18e-67,267,1680,367928,"Bifidobacterium adolescentis","Bifidobacterium","adolescentis"
"ti|367928|org|Bifidobacterium_adolescentis_ATCC_15703|accession|NC_008618.1","gi|1721134188|emb|LR698990.1|",98.667,150,2,0,1,150,509680,509829,4.18e-67,267,1680,367928,"Bifidobacterium adolescentis","Bifidobacterium","adolescentis"
"ti|367928|org|Bifidobacterium_adolescentis_ATCC_15703|accession|NC_008618.1","gi|2240214207|gb|CP097281.1|",98.667,150,2,0,1,150,533194,533343,4.18e-67,267,1680,367928,"Bifidobacterium adolescentis","Bifidobacterium","adolescentis"
"ti|367928|org|Bifidobacterium_adolescentis_ATCC_15703|accession|NC_008618.1","gi|683402617|emb|LM654287.1|",98.667,150,2,0,1,150,8153,8302,4.18e-67,267,77133,367928,"Bifidobacterium adolescentis",NA,"uncultured bacterium"
"ti|367928|org|Bifidobacterium_adolescentis_ATCC_15703|accession|NC_008618.1","gi|671341910|gb|CP007443.1|",98.667,150,2,0,1,150,501750,501899,4.18e-67,267,1680,367928,"Bifidobacterium adolescentis","Bifidobacterium","adolescentis"
"ti|367928|org|Bifidobacterium_adolescentis_ATCC_15703|accession|NC_008618.1","gi|2022704094|gb|CP053072.1|",98.667,150,2,0,1,150,507900,508049,4.18e-67,267,1680,367928,"Bifidobacterium adolescentis","Bifidobacterium","adolescentis"
"ti|367928|org|Bifidobacterium_adolescentis_ATCC_15703|accession|NC_008618.1","gi|118764602|dbj|AP009256.1|",100,150,0,0,1,150,1935360,1935509,1.93e-70,278,367928,367928,"Bifidobacterium adolescentis","Bifidobacterium","adolescentis"
"ti|367928|org|Bifidobacterium_adolescentis_ATCC_15703|accession|NC_008618.1","gi|1373441736|gb|CP028341.1|",97.333,150,4,0,1,150,2033104,2033253,9.04e-64,255,1680,367928,"Bifidobacterium adolescentis","Bifidobacterium","adolescentis"
"ti|367928|org|Bifidobacterium_adolescentis_ATCC_15703|accession|NC_008618.1","gi|1526297721|gb|CP024959.1|",96.667,150,5,0,1,150,2021212,2021361,4.21e-62,250,1680,367928,"Bifidobacterium adolescentis","Bifidobacterium","adolescentis"
"ti|367928|org|Bifidobacterium_adolescentis_ATCC_15703|accession|NC_008618.1","gi|1721134188|emb|LR698990.1|",96.667,150,5,0,1,150,1994014,1994163,4.21e-62,250,1680,367928,"Bifidobacterium adolescentis","Bifidobacterium","adolescentis"
"ti|367928|org|Bifidobacterium_adolescentis_ATCC_15703|accession|NC_008618.1","gi|2022704094|gb|CP053072.1|",96.667,150,5,0,1,150,2040167,2040316,4.21e-62,250,1680,367928,"Bifidobacterium adolescentis","Bifidobacterium","adolescentis"
"ti|367928|org|Bifidobacterium_adolescentis_ATCC_15703|accession|NC_008618.1","gi|1789828052|gb|CP047129.1|",97.222,144,4,0,1,144,2246531,2246674,1.96e-60,244,1680,367928,"Bifidobacterium adolescentis","Bifidobacterium","adolescentis"
"ti|367928|org|Bifidobacterium_adolescentis_ATCC_15703|accession|NC_008618.1","gi|671341910|gb|CP007443.1|",96,150,6,0,1,150,1828701,1828552,1.96e-60,244,1680,367928,"Bifidobacterium adolescentis","Bifidobacterium","adolescentis"
"ti|367928|org|Bifidobacterium_adolescentis_ATCC_15703|accession|NC_008618.1","gi|1464571395|gb|CP023005.1|",95.333,150,7,0,1,150,2031777,2031926,9.1e-59,239,1680,367928,"Bifidobacterium adolescentis","Bifidobacterium","adolescentis"
"ti|367928|org|Bifidobacterium_adolescentis_ATCC_15703|accession|NC_008618.1","gi|2240214207|gb|CP097281.1|",96.528,144,5,0,1,144,2347159,2347302,9.1e-59,239,1680,367928,"Bifidobacterium adolescentis","Bifidobacterium","adolescentis"
"ti|367928|org|Bifidobacterium_adolescentis_ATCC_15703|accession|NC_008618.1","gi|1826606598|gb|CP047190.1|",100,150,0,0,1,150,474210,474359,1.93e-70,278,28025,367928,"Bifidobacterium adolescentis","Bifidobacterium","animalis"
"ti|367928|org|Bifidobacterium_adolescentis_ATCC_15703|accession|NC_008618.1","gi|1726959948|gb|CP042940.1|",100,150,0,0,1,150,414018,414167,1.93e-70,278,28025,367928,"Bifidobacterium adolescentis","Bifidobacterium","animalis"
"ti|367928|org|Bifidobacterium_adolescentis_ATCC_15703|accession|NC_008618.1","gi|1494638545|gb|CP028460.1|",100,150,0,0,1,150,493008,493157,1.93e-70,278,302912,367928,"Bifidobacterium adolescentis","Bifidobacterium","animalis"
"ti|367928|org|Bifidobacterium_adolescentis_ATCC_15703|accession|NC_008618.1","gi|1483584181|gb|CP031154.1|",100,150,0,0,1,150,474076,474225,1.93e-70,278,302911,367928,"Bifidobacterium adolescentis","Bifidobacterium","animalis"
"ti|367928|org|Bifidobacterium_adolescentis_ATCC_15703|accession|NC_008618.1","gi|1464343718|gb|CP031703.1|",100,150,0,0,1,150,1698169,1698020,1.93e-70,278,302911,367928,"Bifidobacterium adolescentis","Bifidobacterium","animalis"
"ti|367928|org|Bifidobacterium_adolescentis_ATCC_15703|accession|NC_008618.1","gi|1566474434|gb|CP035497.1|",100,150,0,0,1,150,474209,474358,1.93e-70,278,28025,367928,"Bifidobacterium adolescentis","Bifidobacterium","animalis"
"ti|367928|org|Bifidobacterium_adolescentis_ATCC_15703|accession|NC_008618.1","gi|1447649969|gb|CP022724.1|",100,150,0,0,1,150,976312,976461,1.93e-70,278,302911,367928,"Bifidobacterium adolescentis","Bifidobacterium","animalis"
"ti|367928|org|Bifidobacterium_adolescentis_ATCC_15703|accession|NC_008618.1","gi|1216648486|gb|CP017098.1|",100,150,0,0,1,150,474262,474411,1.93e-70,278,28025,367928,"Bifidobacterium adolescentis","Bifidobacterium","animalis"
"ti|367928|org|Bifidobacterium_adolescentis_ATCC_15703|accession|NC_008618.1","gi|1173510899|gb|CP015407.2|",100,150,0,0,1,150,228351,228202,1.93e-70,278,302912,367928,"Bifidobacterium adolescentis","Bifidobacterium","animalis"
"ti|367928|org|Bifidobacterium_adolescentis_ATCC_15703|accession|NC_008618.1","gi|747145502|gb|CP009045.1|",100,150,0,0,1,150,474041,474190,1.93e-70,278,302911,367928,"Bifidobacterium adolescentis","Bifidobacterium","animalis"
"ti|367928|org|Bifidobacterium_adolescentis_ATCC_15703|accession|NC_008618.1","gi|118764602|dbj|AP009256.1|",100,150,0,0,1,150,1556703,1556852,1.93e-70,278,367928,367928,"Bifidobacterium adolescentis","Bifidobacterium","adolescentis"
"ti|367928|org|Bifidobacterium_adolescentis_ATCC_15703|accession|NC_008618.1","gi|1373441736|gb|CP028341.1|",100,150,0,0,1,150,777771,777920,1.93e-70,278,1680,367928,"Bifidobacterium adolescentis","Bifidobacterium","adolescentis"
"ti|367928|org|Bifidobacterium_adolescentis_ATCC_15703|accession|NC_008618.1","gi|118764602|dbj|AP009256.1|",100,150,0,0,1,150,773052,773201,1.93e-70,278,367928,367928,"Bifidobacterium adolescentis","Bifidobacterium","adolescentis"
"ti|367928|org|Bifidobacterium_adolescentis_ATCC_15703|accession|NC_008618.1","gi|2240214207|gb|CP097281.1|",99.333,150,1,0,1,150,822068,822217,8.98e-69,272,1680,367928,"Bifidobacterium adolescentis","Bifidobacterium","adolescentis"
"ti|367928|org|Bifidobacterium_adolescentis_ATCC_15703|accession|NC_008618.1","gi|671341910|gb|CP007443.1|",99.333,150,1,0,1,150,817911,818060,8.98e-69,272,1680,367928,"Bifidobacterium adolescentis","Bifidobacterium","adolescentis"
"ti|367928|org|Bifidobacterium_adolescentis_ATCC_15703|accession|NC_008618.1","gi|2022704094|gb|CP053072.1|",99.333,150,1,0,1,150,833495,833644,8.98e-69,272,1680,367928,"Bifidobacterium adolescentis","Bifidobacterium","adolescentis"
"ti|367928|org|Bifidobacterium_adolescentis_ATCC_15703|accession|NC_008618.1","gi|1789828052|gb|CP047129.1|",98,150,3,0,1,150,809968,810117,1.94e-65,261,1680,367928,"Bifidobacterium adolescentis","Bifidobacterium","adolescentis"
"ti|367928|org|Bifidobacterium_adolescentis_ATCC_15703|accession|NC_008618.1","gi|1526297721|gb|CP024959.1|",98,150,3,0,1,150,793726,793875,1.94e-65,261,1680,367928,"Bifidobacterium adolescentis","Bifidobacterium","adolescentis"
"ti|367928|org|Bifidobacterium_adolescentis_ATCC_15703|accession|NC_008618.1","gi|1464571395|gb|CP023005.1|",98,150,3,0,1,150,787102,787251,1.94e-65,261,1680,367928,"Bifidobacterium adolescentis","Bifidobacterium","adolescentis"
"ti|367928|org|Bifidobacterium_adolescentis_ATCC_15703|accession|NC_008618.1","gi|1721134188|emb|LR698990.1|",98,150,3,0,1,150,798624,798773,1.94e-65,261,1680,367928,"Bifidobacterium adolescentis","Bifidobacterium","adolescentis"
"ti|367928|org|Bifidobacterium_adolescentis_ATCC_15703|accession|NC_008618.1","gi|730564789|gb|CP007456.1|",93.333,75,5,0,2,76,847945,848019,2.07e-20,111,1447716,367928,"Bifidobacterium adolescentis","Bifidobacterium","catenulatum"
"ti|367928|org|Bifidobacterium_adolescentis_ATCC_15703|accession|NC_008618.1","gi|1802158123|gb|CP048001.1|",100,150,0,0,1,150,1185427,1185576,1.93e-70,278,216816,367928,"Bifidobacterium adolescentis","Bifidobacterium","longum"
"ti|367928|org|Bifidobacterium_adolescentis_ATCC_15703|accession|NC_008618.1","gi|1789828052|gb|CP047129.1|",100,150,0,0,1,150,768649,768798,1.93e-70,278,1680,367928,"Bifidobacterium adolescentis","Bifidobacterium","adolescentis"
"ti|367928|org|Bifidobacterium_adolescentis_ATCC_15703|accession|NC_008618.1","gi|1780024456|gb|CP034089.1|",100,150,0,0,1,150,999247,999396,1.93e-70,278,216816,367928,"Bifidobacterium adolescentis","Bifidobacterium","longum"
"ti|367928|org|Bifidobacterium_adolescentis_ATCC_15703|accession|NC_008618.1","gi|1652279772|gb|CP040235.1|",100,150,0,0,1,150,881529,881678,1.93e-70,278,216816,367928,"Bifidobacterium adolescentis","Bifidobacterium","longum"
"ti|367928|org|Bifidobacterium_adolescentis_ATCC_15703|accession|NC_008618.1","gi|1526297721|gb|CP024959.1|",100,150,0,0,1,150,765374,765523,1.93e-70,278,1680,367928,"Bifidobacterium adolescentis","Bifidobacterium","adolescentis"
"ti|367928|org|Bifidobacterium_adolescentis_ATCC_15703|accession|NC_008618.1","gi|1464571395|gb|CP023005.1|",100,150,0,0,1,150,745775,745924,1.93e-70,278,1680,367928,"Bifidobacterium adolescentis","Bifidobacterium","adolescentis"
"ti|367928|org|Bifidobacterium_adolescentis_ATCC_15703|accession|NC_008618.1","gi|1540017970|emb|LR134369.1|",100,150,0,0,1,150,865807,865956,1.93e-70,278,216816,367928,"Bifidobacterium adolescentis","Bifidobacterium","longum"
"ti|367928|org|Bifidobacterium_adolescentis_ATCC_15703|accession|NC_008618.1","gi|1434693461|gb|CP031133.1|",100,150,0,0,1,150,917459,917608,1.93e-70,278,1679,367928,"Bifidobacterium adolescentis","Bifidobacterium","longum"
"ti|367928|org|Bifidobacterium_adolescentis_ATCC_15703|accession|NC_008618.1","gi|1373441736|gb|CP028341.1|",100,150,0,0,1,150,753766,753915,1.93e-70,278,1680,367928,"Bifidobacterium adolescentis","Bifidobacterium","adolescentis"
"ti|367928|org|Bifidobacterium_adolescentis_ATCC_15703|accession|NC_008618.1","gi|1064281795|gb|CP016019.1|",100,150,0,0,1,150,1249614,1249465,1.93e-70,278,1679,367928,"Bifidobacterium adolescentis","Bifidobacterium","longum"
"ti|367928|org|Bifidobacterium_adolescentis_ATCC_15703|accession|NC_008618.1","gi|781878436|dbj|AP012330.1|",100,150,0,0,1,150,1650490,1650639,1.93e-70,278,547043,367928,"Bifidobacterium adolescentis","Bifidobacterium","pseudocatenulatum"
"ti|367928|org|Bifidobacterium_adolescentis_ATCC_15703|accession|NC_008618.1","gi|2179090907|gb|CP090598.1|",100,150,0,0,1,150,1750338,1750487,1.93e-70,278,28026,367928,"Bifidobacterium adolescentis","Bifidobacterium","pseudocatenulatum"
"ti|367928|org|Bifidobacterium_adolescentis_ATCC_15703|accession|NC_008618.1","gi|781876604|dbj|AP012325.1|",98.667,150,2,0,1,150,1533560,1533709,4.18e-67,267,566552,367928,"Bifidobacterium adolescentis","Bifidobacterium","catenulatum"
"ti|367928|org|Bifidobacterium_adolescentis_ATCC_15703|accession|NC_008618.1","gi|1526297721|gb|CP024959.1|",98,150,3,0,1,150,1661293,1661442,1.94e-65,261,1680,367928,"Bifidobacterium adolescentis","Bifidobacterium","adolescentis"
"ti|367928|org|Bifidobacterium_adolescentis_ATCC_15703|accession|NC_008618.1","gi|118764602|dbj|AP009256.1|",97.333,150,4,0,1,150,1486939,1487088,9.04e-64,255,367928,367928,"Bifidobacterium adolescentis","Bifidobacterium","adolescentis"
"ti|367928|org|Bifidobacterium_adolescentis_ATCC_15703|accession|NC_008618.1","gi|2021586376|gb|CP072504.1|",96,150,6,0,1,150,1730647,1730796,1.96e-60,244,28026,367928,"Bifidobacterium adolescentis","Bifidobacterium","pseudocatenulatum"
"ti|367928|org|Bifidobacterium_adolescentis_ATCC_15703|accession|NC_008618.1","gi|1537796250|gb|CP025199.1|",95.333,150,7,0,1,150,1625912,1626061,9.1e-59,239,28026,367928,"Bifidobacterium adolescentis","Bifidobacterium","pseudocatenulatum"
"ti|367928|org|Bifidobacterium_adolescentis_ATCC_15703|accession|NC_008618.1","gi|1373441736|gb|CP028341.1|",95.333,150,7,0,1,150,1651168,1651317,9.1e-59,239,1680,367928,"Bifidobacterium adolescentis","Bifidobacterium","adolescentis"
"ti|367928|org|Bifidobacterium_adolescentis_ATCC_15703|accession|NC_008618.1","gi|730564789|gb|CP007456.1|",95.333,150,7,0,1,150,1740835,1740984,9.1e-59,239,1447716,367928,"Bifidobacterium adolescentis","Bifidobacterium","catenulatum"
"ti|367928|org|Bifidobacterium_adolescentis_ATCC_15703|accession|NC_008618.1","gi|2120016585|gb|CP079235.1|",95.333,150,7,0,1,150,1735485,1735634,9.1e-59,239,28026,367928,"Bifidobacterium adolescentis","Bifidobacterium","pseudocatenulatum"
"ti|367928|org|Bifidobacterium_adolescentis_ATCC_15703|accession|NC_008618.1","gi|1789828052|gb|CP047129.1|",100,150,0,0,1,150,2387665,2387814,1.93e-70,278,1680,367928,"Bifidobacterium adolescentis","Bifidobacterium","adolescentis"
"ti|367928|org|Bifidobacterium_adolescentis_ATCC_15703|accession|NC_008618.1","gi|1526297721|gb|CP024959.1|",100,150,0,0,1,150,2188941,2189090,1.93e-70,278,1680,367928,"Bifidobacterium adolescentis","Bifidobacterium","adolescentis"
"ti|367928|org|Bifidobacterium_adolescentis_ATCC_15703|accession|NC_008618.1","gi|1464571395|gb|CP023005.1|",100,150,0,0,1,150,2187756,2187905,1.93e-70,278,1680,367928,"Bifidobacterium adolescentis","Bifidobacterium","adolescentis"
"ti|367928|org|Bifidobacterium_adolescentis_ATCC_15703|accession|NC_008618.1","gi|671341910|gb|CP007443.1|",100,150,0,0,1,150,2189157,2189306,1.93e-70,278,1680,367928,"Bifidobacterium adolescentis","Bifidobacterium","adolescentis"
"ti|367928|org|Bifidobacterium_adolescentis_ATCC_15703|accession|NC_008618.1","gi|118764602|dbj|AP009256.1|",100,150,0,0,1,150,2075578,2075727,1.93e-70,278,367928,367928,"Bifidobacterium adolescentis","Bifidobacterium","adolescentis"
"ti|367928|org|Bifidobacterium_adolescentis_ATCC_15703|accession|NC_008618.1","gi|1373441736|gb|CP028341.1|",99.333,150,1,0,1,150,2178362,2178511,8.98e-69,272,1680,367928,"Bifidobacterium adolescentis","Bifidobacterium","adolescentis"
"ti|367928|org|Bifidobacterium_adolescentis_ATCC_15703|accession|NC_008618.1","gi|1721134188|emb|LR698990.1|",99.333,150,1,0,1,150,2159679,2159828,8.98e-69,272,1680,367928,"Bifidobacterium adolescentis","Bifidobacterium","adolescentis"
"ti|367928|org|Bifidobacterium_adolescentis_ATCC_15703|accession|NC_008618.1","gi|2022704094|gb|CP053072.1|",99.333,150,1,0,1,150,2198411,2198560,8.98e-69,272,1680,367928,"Bifidobacterium adolescentis","Bifidobacterium","adolescentis"
"ti|367928|org|Bifidobacterium_adolescentis_ATCC_15703|accession|NC_008618.1","gi|2240214207|gb|CP097281.1|",98.667,150,2,0,1,150,18323,18472,4.18e-67,267,1680,367928,"Bifidobacterium adolescentis","Bifidobacterium","adolescentis"
"ti|367928|org|Bifidobacterium_adolescentis_ATCC_15703|accession|NC_008618.1","gi|1777191183|gb|CP026729.1|",95.364,151,4,3,1,149,2426386,2426535,3.27e-58,237,630129,367928,"Bifidobacterium adolescentis","Bifidobacterium","catenulatum"
