"qseqid","sseqid","pident","length","mismatch","gapopen","qstart","qend","sstart","send","evalue","bitscore","staxid","MetaScope_Taxid","MetaScope_Genome","genus","species"
"ti|1304|org|Streptococcus_salivarius|accession|NZ_CP009913.1","gi|1352481858|gb|CP020431.2|",100,150,0,0,1,150,1530171,1530320,1.93e-70,278,1839799,1304,"Streptococcus salivarius","Streptococcus","sp. FDAARGOS_192"
"ti|1304|org|Streptococcus_salivarius|accession|NZ_CP009913.1","gi|338744031|emb|FR873482.1|",100,150,0,0,1,150,1946821,1946970,1.93e-70,278,347253,1304,"Streptococcus salivarius","Streptococcus","salivarius"
"ti|1304|org|Streptococcus_salivarius|accession|NZ_CP009913.1","gi|1848535216|gb|CP053998.1|",98.667,150,2,0,1,150,869732,869881,4.18e-67,267,1304,1304,"Streptococcus salivarius","Streptococcus","salivarius"
"ti|1304|org|Streptococcus_salivarius|accession|NZ_CP009913.1","gi|1735232771|gb|CP040804.1|",98.667,150,2,0,1,150,462400,462251,4.18e-67,267,1304,1304,"Streptococcus salivarius","Streptococcus","salivarius"
"ti|1304|org|Streptococcus_salivarius|accession|NZ_CP009913.1","gi|1539722317|emb|LR134274.1|",98.667,150,2,0,1,150,1943649,1943798,4.18e-67,267,1304,1304,"Streptococcus salivarius","Streptococcus","salivarius"
"ti|1304|org|Streptococcus_salivarius|accession|NZ_CP009913.1","gi|1403349419|emb|LS483366.1|",98.667,150,2,0,1,150,1916759,1916908,4.18e-67,267,1304,1304,"Streptococcus salivarius","Streptococcus","salivarius"
"ti|1304|org|Streptococcus_salivarius|accession|NZ_CP009913.1","gi|984708306|gb|CP014144.1|",98.667,150,2,0,1,150,1859943,1860092,4.18e-67,267,1304,1304,"Streptococcus salivarius","Streptococcus","salivarius"
"ti|1304|org|Streptococcus_salivarius|accession|NZ_CP009913.1","gi|723626758|gb|CP009913.1|",98.667,150,2,0,1,150,1932311,1932460,4.18e-67,267,1304,1304,"Streptococcus salivarius","Streptococcus","salivarius"
"ti|1304|org|Streptococcus_salivarius|accession|NZ_CP009913.1","gi|1881673923|gb|CP054153.1|",98.667,150,2,0,1,150,1845735,1845884,4.18e-67,267,1304,1304,"Streptococcus salivarius","Streptococcus","salivarius"
"ti|1304|org|Streptococcus_salivarius|accession|NZ_CP009913.1","gi|339291081|gb|CP002888.1|",98.667,150,2,0,1,150,264647,264498,4.18e-67,267,1046629,1304,"Streptococcus salivarius","Streptococcus","salivarius"
"ti|1304|org|Streptococcus_salivarius|accession|NZ_CP009913.1","gi|338744031|emb|FR873482.1|",100,150,0,0,1,150,2203193,2203342,1.93e-70,278,347253,1304,"Streptococcus salivarius","Streptococcus","salivarius"
"ti|1304|org|Streptococcus_salivarius|accession|NZ_CP009913.1","gi|959991280|gb|CP013216.1|",99.333,150,1,0,1,150,2093607,2093756,8.98e-69,272,1304,1304,"Streptococcus salivarius","Streptococcus","salivarius"
"ti|1304|org|Streptococcus_salivarius|accession|NZ_CP009913.1","gi|1782758915|gb|CP018189.1|",98.667,150,2,0,1,150,2185684,2185833,4.18e-67,267,1304,1304,"Streptococcus salivarius","Streptococcus","salivarius"
"ti|1304|org|Streptococcus_salivarius|accession|NZ_CP009913.1","gi|1782754864|gb|CP018186.1|",98.667,150,2,0,1,150,2185689,2185838,4.18e-67,267,1304,1304,"Streptococcus salivarius","Streptococcus","salivarius"
"ti|1304|org|Streptococcus_salivarius|accession|NZ_CP009913.1","gi|1735232771|gb|CP040804.1|",98.667,150,2,0,1,150,174144,173995,4.18e-67,267,1304,1304,"Streptococcus salivarius","Streptococcus","salivarius"
"ti|1304|org|Streptococcus_salivarius|accession|NZ_CP009913.1","gi|1403349419|emb|LS483366.1|",98.667,150,2,0,1,150,2177290,2177439,4.18e-67,267,1304,1304,"Streptococcus salivarius","Streptococcus","salivarius"
"ti|1304|org|Streptococcus_salivarius|accession|NZ_CP009913.1","gi|1352481858|gb|CP020431.2|",98.667,150,2,0,1,150,1826110,1826259,4.18e-67,267,1839799,1304,"Streptococcus salivarius","Streptococcus","sp. FDAARGOS_192"
"ti|1304|org|Streptococcus_salivarius|accession|NZ_CP009913.1","gi|1181541468|gb|CP015283.1|",98.667,150,2,0,1,150,535759,535908,4.18e-67,267,1304,1304,"Streptococcus salivarius","Streptococcus","salivarius"
"ti|1304|org|Streptococcus_salivarius|accession|NZ_CP009913.1","gi|339291081|gb|CP002888.1|",98.667,150,2,0,1,150,9268,9119,4.18e-67,267,1046629,1304,"Streptococcus salivarius","Streptococcus","salivarius"
"ti|1304|org|Streptococcus_salivarius|accession|NZ_CP009913.1","gi|338741860|emb|FR873481.1|",98.667,150,2,0,1,150,2209034,2209183,4.18e-67,267,1048332,1304,"Streptococcus salivarius","Streptococcus","salivarius"
"ti|1304|org|Streptococcus_salivarius|accession|NZ_CP009913.1","gi|1782758915|gb|CP018189.1|",100,150,0,0,1,150,2147077,2147226,1.93e-70,278,1304,1304,"Streptococcus salivarius","Streptococcus","salivarius"
"ti|1304|org|Streptococcus_salivarius|accession|NZ_CP009913.1","gi|1782754864|gb|CP018186.1|",100,150,0,0,1,150,2147082,2147231,1.93e-70,278,1304,1304,"Streptococcus salivarius","Streptococcus","salivarius"
"ti|1304|org|Streptococcus_salivarius|accession|NZ_CP009913.1","gi|1735232771|gb|CP040804.1|",100,150,0,0,1,150,204032,203883,1.93e-70,278,1304,1304,"Streptococcus salivarius","Streptococcus","salivarius"
"ti|1304|org|Streptococcus_salivarius|accession|NZ_CP009913.1","gi|1403349419|emb|LS483366.1|",100,150,0,0,1,150,2147402,2147551,1.93e-70,278,1304,1304,"Streptococcus salivarius","Streptococcus","salivarius"
"ti|1304|org|Streptococcus_salivarius|accession|NZ_CP009913.1","gi|1181541468|gb|CP015283.1|",100,150,0,0,1,150,505871,506020,1.93e-70,278,1304,1304,"Streptococcus salivarius","Streptococcus","salivarius"
"ti|1304|org|Streptococcus_salivarius|accession|NZ_CP009913.1","gi|1181539650|gb|CP015282.1|",100,150,0,0,1,150,1555114,1554965,1.93e-70,278,1304,1304,"Streptococcus salivarius","Streptococcus","salivarius"
"ti|1304|org|Streptococcus_salivarius|accession|NZ_CP009913.1","gi|959991280|gb|CP013216.1|",100,150,0,0,1,150,2062701,2062850,1.93e-70,278,1304,1304,"Streptococcus salivarius","Streptococcus","salivarius"
"ti|1304|org|Streptococcus_salivarius|accession|NZ_CP009913.1","gi|339291081|gb|CP002888.1|",100,150,0,0,1,150,38726,38577,1.93e-70,278,1046629,1304,"Streptococcus salivarius","Streptococcus","salivarius"
"ti|1304|org|Streptococcus_salivarius|accession|NZ_CP009913.1","gi|338744031|emb|FR873482.1|",100,150,0,0,1,150,2173705,2173854,1.93e-70,278,347253,1304,"Streptococcus salivarius","Streptococcus","salivarius"
"ti|1304|org|Streptococcus_salivarius|accession|NZ_CP009913.1","gi|1352481858|gb|CP020431.2|",99.333,150,1,0,1,150,1796630,1796779,8.98e-69,272,1839799,1304,"Streptococcus salivarius","Streptococcus","sp. FDAARGOS_192"
"ti|1304|org|Streptococcus_salivarius|accession|NZ_CP009913.1","gi|1735232771|gb|CP040804.1|",100,150,0,0,1,150,213648,213499,1.93e-70,278,1304,1304,"Streptococcus salivarius","Streptococcus","salivarius"
"ti|1304|org|Streptococcus_salivarius|accession|NZ_CP009913.1","gi|1181541468|gb|CP015283.1|",100,150,0,0,1,150,477339,477488,1.93e-70,278,1304,1304,"Streptococcus salivarius","Streptococcus","salivarius"
"ti|1304|org|Streptococcus_salivarius|accession|NZ_CP009913.1","gi|1181539650|gb|CP015282.1|",100,150,0,0,1,150,1575327,1575178,1.93e-70,278,1304,1304,"Streptococcus salivarius","Streptococcus","salivarius"
"ti|1304|org|Streptococcus_salivarius|accession|NZ_CP009913.1","gi|1881673923|gb|CP054153.1|",100,150,0,0,1,150,2084324,2084473,1.93e-70,278,1304,1304,"Streptococcus salivarius","Streptococcus","salivarius"
"ti|1304|org|Streptococcus_salivarius|accession|NZ_CP009913.1","gi|338744031|emb|FR873482.1|",100,150,0,0,1,150,2142879,2143028,1.93e-70,278,347253,1304,"Streptococcus salivarius","Streptococcus","salivarius"
"ti|1304|org|Streptococcus_salivarius|accession|NZ_CP009913.1","gi|1352481858|gb|CP020431.2|",98,150,3,0,1,150,1766315,1766464,1.94e-65,261,1839799,1304,"Streptococcus salivarius","Streptococcus","sp. FDAARGOS_192"
"ti|1304|org|Streptococcus_salivarius|accession|NZ_CP009913.1","gi|1782758915|gb|CP018189.1|",97.333,150,4,0,1,150,2137466,2137615,9.04e-64,255,1304,1304,"Streptococcus salivarius","Streptococcus","salivarius"
"ti|1304|org|Streptococcus_salivarius|accession|NZ_CP009913.1","gi|1782754864|gb|CP018186.1|",97.333,150,4,0,1,150,2137471,2137620,9.04e-64,255,1304,1304,"Streptococcus salivarius","Streptococcus","salivarius"
"ti|1304|org|Streptococcus_salivarius|accession|NZ_CP009913.1","gi|1403349419|emb|LS483366.1|",97.333,150,4,0,1,150,2118871,2119020,9.04e-64,255,1304,1304,"Streptococcus salivarius","Streptococcus","salivarius"
"ti|1304|org|Streptococcus_salivarius|accession|NZ_CP009913.1","gi|339291081|gb|CP002888.1|",97.333,150,4,0,1,150,57246,57097,9.04e-64,255,1046629,1304,"Streptococcus salivarius","Streptococcus","salivarius"
"ti|1304|org|Streptococcus_salivarius|accession|NZ_CP009913.1","gi|338744031|emb|FR873482.1|",100,150,0,0,1,150,1913670,1913819,1.93e-70,278,347253,1304,"Streptococcus salivarius","Streptococcus","salivarius"
"ti|1304|org|Streptococcus_salivarius|accession|NZ_CP009913.1","gi|2222458234|gb|CP090007.1|",98,150,3,0,1,150,825395,825544,1.94e-65,261,1304,1304,"Streptococcus salivarius","Streptococcus","salivarius"
"ti|1304|org|Streptococcus_salivarius|accession|NZ_CP009913.1","gi|1948620918|gb|CP066093.1|",98,150,3,0,1,150,188904,188755,1.94e-65,261,1304,1304,"Streptococcus salivarius","Streptococcus","salivarius"
"ti|1304|org|Streptococcus_salivarius|accession|NZ_CP009913.1","gi|338741860|emb|FR873481.1|",98,150,3,0,1,150,1907758,1907907,1.94e-65,261,1048332,1304,"Streptococcus salivarius","Streptococcus","salivarius"
"ti|1304|org|Streptococcus_salivarius|accession|NZ_CP009913.1","gi|1181539650|gb|CP015282.1|",97.333,150,4,0,1,150,1811691,1811542,9.04e-64,255,1304,1304,"Streptococcus salivarius","Streptococcus","salivarius"
"ti|1304|org|Streptococcus_salivarius|accession|NZ_CP009913.1","gi|1848535216|gb|CP053998.1|",96.667,150,5,0,1,150,836578,836727,4.21e-62,250,1304,1304,"Streptococcus salivarius","Streptococcus","salivarius"
"ti|1304|org|Streptococcus_salivarius|accession|NZ_CP009913.1","gi|1782756796|gb|CP018187.1|",96.667,150,5,0,1,150,1941694,1941843,4.21e-62,250,1304,1304,"Streptococcus salivarius","Streptococcus","salivarius"
"ti|1304|org|Streptococcus_salivarius|accession|NZ_CP009913.1","gi|1539722317|emb|LR134274.1|",96.667,150,5,0,1,150,1910493,1910642,4.21e-62,250,1304,1304,"Streptococcus salivarius","Streptococcus","salivarius"
"ti|1304|org|Streptococcus_salivarius|accession|NZ_CP009913.1","gi|984708306|gb|CP014144.1|",96.667,150,5,0,1,150,1826787,1826936,4.21e-62,250,1304,1304,"Streptococcus salivarius","Streptococcus","salivarius"
"ti|1304|org|Streptococcus_salivarius|accession|NZ_CP009913.1","gi|959991280|gb|CP013216.1|",96.667,150,5,0,1,150,1806887,1807036,4.21e-62,250,1304,1304,"Streptococcus salivarius","Streptococcus","salivarius"
"ti|1304|org|Streptococcus_salivarius|accession|NZ_CP009913.1","gi|1352481858|gb|CP020431.2|",100,150,0,0,1,150,1857039,1857188,1.93e-70,278,1839799,1304,"Streptococcus salivarius","Streptococcus","sp. FDAARGOS_192"
"ti|1304|org|Streptococcus_salivarius|accession|NZ_CP009913.1","gi|338744031|emb|FR873482.1|",100,150,0,0,1,150,23547,23696,1.93e-70,278,347253,1304,"Streptococcus salivarius","Streptococcus","salivarius"
"ti|1304|org|Streptococcus_salivarius|accession|NZ_CP009913.1","gi|959991280|gb|CP013216.1|",99.333,150,1,0,1,150,23548,23697,8.98e-69,272,1304,1304,"Streptococcus salivarius","Streptococcus","salivarius"
"ti|1304|org|Streptococcus_salivarius|accession|NZ_CP009913.1","gi|1539722317|emb|LR134274.1|",98.667,150,2,0,1,150,23444,23593,4.18e-67,267,1304,1304,"Streptococcus salivarius","Streptococcus","salivarius"
"ti|1304|org|Streptococcus_salivarius|accession|NZ_CP009913.1","gi|1181539650|gb|CP015282.1|",98.667,150,2,0,1,150,1493131,1492982,4.18e-67,267,1304,1304,"Streptococcus salivarius","Streptococcus","salivarius"
"ti|1304|org|Streptococcus_salivarius|accession|NZ_CP009913.1","gi|984708306|gb|CP014144.1|",98.667,150,2,0,1,150,2145286,2145435,4.18e-67,267,1304,1304,"Streptococcus salivarius","Streptococcus","salivarius"
"ti|1304|org|Streptococcus_salivarius|accession|NZ_CP009913.1","gi|723626758|gb|CP009913.1|",98.667,150,2,0,1,150,23547,23696,4.18e-67,267,1304,1304,"Streptococcus salivarius","Streptococcus","salivarius"
"ti|1304|org|Streptococcus_salivarius|accession|NZ_CP009913.1","gi|2222458234|gb|CP090007.1|",98.667,150,2,0,1,150,1144410,1144559,4.18e-67,267,1304,1304,"Streptococcus salivarius","Streptococcus","salivarius"
"ti|1304|org|Streptococcus_salivarius|accession|NZ_CP009913.1","gi|1848535216|gb|CP053998.1|",98,150,3,0,1,150,1152604,1152753,1.94e-65,261,1304,1304,"Streptococcus salivarius","Streptococcus","salivarius"
"ti|1304|org|Streptococcus_salivarius|accession|NZ_CP009913.1","gi|1782756796|gb|CP018187.1|",98,150,3,0,1,150,23443,23592,1.94e-65,261,1304,1304,"Streptococcus salivarius","Streptococcus","salivarius"
"ti|1304|org|Streptococcus_salivarius|accession|NZ_CP009913.1","gi|338744031|emb|FR873482.1|",100,150,0,0,1,150,52177,52326,1.93e-70,278,347253,1304,"Streptococcus salivarius","Streptococcus","salivarius"
"ti|1304|org|Streptococcus_salivarius|accession|NZ_CP009913.1","gi|1782758915|gb|CP018189.1|",96.689,151,4,1,1,150,47724,47874,4.21e-62,250,1304,1304,"Streptococcus salivarius","Streptococcus","salivarius"
"ti|1304|org|Streptococcus_salivarius|accession|NZ_CP009913.1","gi|1782754864|gb|CP018186.1|",96.689,151,4,1,1,150,47724,47874,4.21e-62,250,1304,1304,"Streptococcus salivarius","Streptococcus","salivarius"
"ti|1304|org|Streptococcus_salivarius|accession|NZ_CP009913.1","gi|1735232771|gb|CP040804.1|",96.689,151,4,1,1,150,115657,115507,4.21e-62,250,1304,1304,"Streptococcus salivarius","Streptococcus","salivarius"
"ti|1304|org|Streptococcus_salivarius|accession|NZ_CP009913.1","gi|1539722317|emb|LR134274.1|",96.667,150,5,0,1,150,49451,49600,4.21e-62,250,1304,1304,"Streptococcus salivarius","Streptococcus","salivarius"
"ti|1304|org|Streptococcus_salivarius|accession|NZ_CP009913.1","gi|1352481516|gb|CP020438.2|",96.689,151,4,1,1,150,595618,595768,4.21e-62,250,1335,1304,"Streptococcus salivarius","Streptococcus","equinus"
"ti|1304|org|Streptococcus_salivarius|accession|NZ_CP009913.1","gi|1181539650|gb|CP015282.1|",96.667,150,5,0,1,150,1466194,1466045,4.21e-62,250,1304,1304,"Streptococcus salivarius","Streptococcus","salivarius"
"ti|1304|org|Streptococcus_salivarius|accession|NZ_CP009913.1","gi|984708306|gb|CP014144.1|",96.667,150,5,0,1,150,2171293,2171442,4.21e-62,250,1304,1304,"Streptococcus salivarius","Streptococcus","salivarius"
"ti|1304|org|Streptococcus_salivarius|accession|NZ_CP009913.1","gi|723626758|gb|CP009913.1|",96.667,150,5,0,1,150,49554,49703,4.21e-62,250,1304,1304,"Streptococcus salivarius","Streptococcus","salivarius"
"ti|1304|org|Streptococcus_salivarius|accession|NZ_CP009913.1","gi|1403349419|emb|LS483366.1|",96.053,152,4,1,1,150,47102,47253,5.44e-61,246,1304,1304,"Streptococcus salivarius","Streptococcus","salivarius"
"ti|1304|org|Streptococcus_salivarius|accession|NZ_CP009913.1","gi|959991280|gb|CP013216.1|",100,150,0,0,1,150,1424178,1424327,1.93e-70,278,1304,1304,"Streptococcus salivarius","Streptococcus","salivarius"
"ti|1304|org|Streptococcus_salivarius|accession|NZ_CP009913.1","gi|338744031|emb|FR873482.1|",100,150,0,0,1,150,1507780,1507929,1.93e-70,278,347253,1304,"Streptococcus salivarius","Streptococcus","salivarius"
"ti|1304|org|Streptococcus_salivarius|accession|NZ_CP009913.1","gi|1539722317|emb|LR134274.1|",99.333,150,1,0,1,150,1515393,1515542,8.98e-69,272,1304,1304,"Streptococcus salivarius","Streptococcus","salivarius"
"ti|1304|org|Streptococcus_salivarius|accession|NZ_CP009913.1","gi|1181539650|gb|CP015282.1|",99.333,150,1,0,1,150,95343,95194,8.98e-69,272,1304,1304,"Streptococcus salivarius","Streptococcus","salivarius"
"ti|1304|org|Streptococcus_salivarius|accession|NZ_CP009913.1","gi|984708306|gb|CP014144.1|",99.333,150,1,0,1,150,1505091,1504942,8.98e-69,272,1304,1304,"Streptococcus salivarius","Streptococcus","salivarius"
"ti|1304|org|Streptococcus_salivarius|accession|NZ_CP009913.1","gi|723626758|gb|CP009913.1|",99.333,150,1,0,1,150,1506891,1507040,8.98e-69,272,1304,1304,"Streptococcus salivarius","Streptococcus","salivarius"
"ti|1304|org|Streptococcus_salivarius|accession|NZ_CP009913.1","gi|1352481858|gb|CP020431.2|",98,150,3,0,1,150,1074522,1074671,1.94e-65,261,1839799,1304,"Streptococcus salivarius","Streptococcus","sp. FDAARGOS_192"
"ti|1304|org|Streptococcus_salivarius|accession|NZ_CP009913.1","gi|2222458234|gb|CP090007.1|",92.667,150,11,0,1,150,426266,426415,4.27e-52,217,1304,1304,"Streptococcus salivarius","Streptococcus","salivarius"
"ti|1304|org|Streptococcus_salivarius|accession|NZ_CP009913.1","gi|1881673923|gb|CP054153.1|",90,150,15,0,1,150,1392218,1392367,2e-45,195,1304,1304,"Streptococcus salivarius","Streptococcus","salivarius"
"ti|1304|org|Streptococcus_salivarius|accession|NZ_CP009913.1","gi|1352481858|gb|CP020431.2|",100,150,0,0,1,150,1503451,1503600,1.93e-70,278,1839799,1304,"Streptococcus salivarius","Streptococcus","sp. FDAARGOS_192"
"ti|1304|org|Streptococcus_salivarius|accession|NZ_CP009913.1","gi|2222458234|gb|CP090007.1|",100,150,0,0,1,150,831898,832047,1.93e-70,278,1304,1304,"Streptococcus salivarius","Streptococcus","salivarius"
"ti|1304|org|Streptococcus_salivarius|accession|NZ_CP009913.1","gi|338744031|emb|FR873482.1|",100,150,0,0,1,150,1920172,1920321,1.93e-70,278,347253,1304,"Streptococcus salivarius","Streptococcus","salivarius"
"ti|1304|org|Streptococcus_salivarius|accession|NZ_CP009913.1","gi|1848535216|gb|CP053998.1|",99.333,150,1,0,1,150,843080,843229,8.98e-69,272,1304,1304,"Streptococcus salivarius","Streptococcus","salivarius"
"ti|1304|org|Streptococcus_salivarius|accession|NZ_CP009913.1","gi|1735232771|gb|CP040804.1|",99.333,150,1,0,1,150,488985,488836,8.98e-69,272,1304,1304,"Streptococcus salivarius","Streptococcus","salivarius"
"ti|1304|org|Streptococcus_salivarius|accession|NZ_CP009913.1","gi|1539722317|emb|LR134274.1|",99.333,150,1,0,1,150,1916995,1917144,8.98e-69,272,1304,1304,"Streptococcus salivarius","Streptococcus","salivarius"
"ti|1304|org|Streptococcus_salivarius|accession|NZ_CP009913.1","gi|1403349419|emb|LS483366.1|",99.333,150,1,0,1,150,1886703,1886852,8.98e-69,272,1304,1304,"Streptococcus salivarius","Streptococcus","salivarius"
"ti|1304|org|Streptococcus_salivarius|accession|NZ_CP009913.1","gi|1352481516|gb|CP020438.2|",99.333,150,1,0,1,150,262193,262342,8.98e-69,272,1335,1304,"Streptococcus salivarius","Streptococcus","equinus"
"ti|1304|org|Streptococcus_salivarius|accession|NZ_CP009913.1","gi|1181541468|gb|CP015283.1|",99.333,150,1,0,1,150,243849,243998,8.98e-69,272,1304,1304,"Streptococcus salivarius","Streptococcus","salivarius"
"ti|1304|org|Streptococcus_salivarius|accession|NZ_CP009913.1","gi|1181539650|gb|CP015282.1|",99.333,150,1,0,1,150,1805189,1805040,8.98e-69,272,1304,1304,"Streptococcus salivarius","Streptococcus","salivarius"
"ti|1304|org|Streptococcus_salivarius|accession|NZ_CP009913.1","gi|1782758915|gb|CP018189.1|",100,150,0,0,1,150,1844159,1844308,1.93e-70,278,1304,1304,"Streptococcus salivarius","Streptococcus","salivarius"
"ti|1304|org|Streptococcus_salivarius|accession|NZ_CP009913.1","gi|1782756796|gb|CP018187.1|",100,150,0,0,1,150,1901122,1901271,1.93e-70,278,1304,1304,"Streptococcus salivarius","Streptococcus","salivarius"
"ti|1304|org|Streptococcus_salivarius|accession|NZ_CP009913.1","gi|1782754864|gb|CP018186.1|",100,150,0,0,1,150,1844164,1844313,1.93e-70,278,1304,1304,"Streptococcus salivarius","Streptococcus","salivarius"
"ti|1304|org|Streptococcus_salivarius|accession|NZ_CP009913.1","gi|1735232771|gb|CP040804.1|",100,150,0,0,1,150,541016,540867,1.93e-70,278,1304,1304,"Streptococcus salivarius","Streptococcus","salivarius"
"ti|1304|org|Streptococcus_salivarius|accession|NZ_CP009913.1","gi|1539722317|emb|LR134274.1|",100,150,0,0,1,150,1866668,1866817,1.93e-70,278,1304,1304,"Streptococcus salivarius","Streptococcus","salivarius"
"ti|1304|org|Streptococcus_salivarius|accession|NZ_CP009913.1","gi|1403349419|emb|LS483366.1|",100,150,0,0,1,150,1831635,1831784,1.93e-70,278,1304,1304,"Streptococcus salivarius","Streptococcus","salivarius"
"ti|1304|org|Streptococcus_salivarius|accession|NZ_CP009913.1","gi|1352481858|gb|CP020431.2|",100,150,0,0,1,150,1456618,1456767,1.93e-70,278,1839799,1304,"Streptococcus salivarius","Streptococcus","sp. FDAARGOS_192"
"ti|1304|org|Streptococcus_salivarius|accession|NZ_CP009913.1","gi|1352481516|gb|CP020438.2|",100,150,0,0,1,150,205077,205226,1.93e-70,278,1335,1304,"Streptococcus salivarius","Streptococcus","equinus"
"ti|1304|org|Streptococcus_salivarius|accession|NZ_CP009913.1","gi|1348284726|gb|CP020451.2|",100,150,0,0,1,150,1356947,1356798,1.93e-70,278,1304,1304,"Streptococcus salivarius","Streptococcus","salivarius"
"ti|1304|org|Streptococcus_salivarius|accession|NZ_CP009913.1","gi|1181541468|gb|CP015283.1|",100,150,0,0,1,150,191521,191670,1.93e-70,278,1304,1304,"Streptococcus salivarius","Streptococcus","salivarius"
"ti|1304|org|Streptococcus_salivarius|accession|NZ_CP009913.1","gi|1352481516|gb|CP020438.2|",100,150,0,0,1,150,636554,636703,1.93e-70,278,1335,1304,"Streptococcus salivarius","Streptococcus","equinus"
"ti|1304|org|Streptococcus_salivarius|accession|NZ_CP009913.1","gi|959991280|gb|CP013216.1|",100,150,0,0,1,150,91078,91227,1.93e-70,278,1304,1304,"Streptococcus salivarius","Streptococcus","salivarius"
"ti|1304|org|Streptococcus_salivarius|accession|NZ_CP009913.1","gi|1948620918|gb|CP066093.1|",100,150,0,0,1,150,2138735,2138586,1.93e-70,278,1304,1304,"Streptococcus salivarius","Streptococcus","salivarius"
"ti|1304|org|Streptococcus_salivarius|accession|NZ_CP009913.1","gi|338744031|emb|FR873482.1|",100,150,0,0,1,150,93130,93279,1.93e-70,278,347253,1304,"Streptococcus salivarius","Streptococcus","salivarius"
"ti|1304|org|Streptococcus_salivarius|accession|NZ_CP009913.1","gi|1848535216|gb|CP053998.1|",99.333,150,1,0,1,150,1224366,1224515,8.98e-69,272,1304,1304,"Streptococcus salivarius","Streptococcus","salivarius"
"ti|1304|org|Streptococcus_salivarius|accession|NZ_CP009913.1","gi|1348284726|gb|CP020451.2|",99.333,150,1,0,1,150,859940,859791,8.98e-69,272,1304,1304,"Streptococcus salivarius","Streptococcus","salivarius"
"ti|1304|org|Streptococcus_salivarius|accession|NZ_CP009913.1","gi|1539724315|emb|LR134275.1|",98.667,150,2,0,1,150,95955,96104,4.18e-67,267,1343,1304,"Streptococcus salivarius","Streptococcus","vestibularis"
"ti|1304|org|Streptococcus_salivarius|accession|NZ_CP009913.1","gi|1881673923|gb|CP054153.1|",98.667,150,2,0,1,150,87527,87676,4.18e-67,267,1304,1304,"Streptococcus salivarius","Streptococcus","salivarius"
"ti|1304|org|Streptococcus_salivarius|accession|NZ_CP009913.1","gi|338741860|emb|FR873481.1|",98.667,150,2,0,1,150,98249,98398,4.18e-67,267,1048332,1304,"Streptococcus salivarius","Streptococcus","salivarius"
"ti|1304|org|Streptococcus_salivarius|accession|NZ_CP009913.1","gi|1735232771|gb|CP040804.1|",98,150,3,0,1,150,65217,65068,1.94e-65,261,1304,1304,"Streptococcus salivarius","Streptococcus","salivarius"
"ti|1304|org|Streptococcus_salivarius|accession|NZ_CP009913.1","gi|338744031|emb|FR873482.1|",100,150,0,0,1,150,1138167,1138316,1.93e-70,278,347253,1304,"Streptococcus salivarius","Streptococcus","salivarius"
"ti|1304|org|Streptococcus_salivarius|accession|NZ_CP009913.1","gi|1181539650|gb|CP015282.1|",97.297,148,4,0,3,150,463149,463002,1.17e-62,252,1304,1304,"Streptococcus salivarius","Streptococcus","salivarius"
"ti|1304|org|Streptococcus_salivarius|accession|NZ_CP009913.1","gi|1539722317|emb|LR134274.1|",96.667,150,5,0,1,150,1152935,1153084,4.21e-62,250,1304,1304,"Streptococcus salivarius","Streptococcus","salivarius"
"ti|1304|org|Streptococcus_salivarius|accession|NZ_CP009913.1","gi|984708306|gb|CP014144.1|",96.667,150,5,0,1,150,1079236,1079385,4.21e-62,250,1304,1304,"Streptococcus salivarius","Streptococcus","salivarius"
"ti|1304|org|Streptococcus_salivarius|accession|NZ_CP009913.1","gi|723626758|gb|CP009913.1|",96.667,150,5,0,1,150,1150137,1150286,4.21e-62,250,1304,1304,"Streptococcus salivarius","Streptococcus","salivarius"
"ti|1304|org|Streptococcus_salivarius|accession|NZ_CP009913.1","gi|1782758915|gb|CP018189.1|",96,150,6,0,1,150,1064422,1064273,1.96e-60,244,1304,1304,"Streptococcus salivarius","Streptococcus","salivarius"
"ti|1304|org|Streptococcus_salivarius|accession|NZ_CP009913.1","gi|1782754864|gb|CP018186.1|",96,150,6,0,1,150,1064423,1064274,1.96e-60,244,1304,1304,"Streptococcus salivarius","Streptococcus","salivarius"
"ti|1304|org|Streptococcus_salivarius|accession|NZ_CP009913.1","gi|2222458234|gb|CP090007.1|",96,150,6,0,1,150,89432,89581,1.96e-60,244,1304,1304,"Streptococcus salivarius","Streptococcus","salivarius"
"ti|1304|org|Streptococcus_salivarius|accession|NZ_CP009913.1","gi|1881673923|gb|CP054153.1|",95.333,150,7,0,1,150,1038528,1038677,9.1e-59,239,1304,1304,"Streptococcus salivarius","Streptococcus","salivarius"
"ti|1304|org|Streptococcus_salivarius|accession|NZ_CP009913.1","gi|1735232771|gb|CP040804.1|",95.27,148,7,0,3,150,1262401,1262548,1.18e-57,235,1304,1304,"Streptococcus salivarius","Streptococcus","salivarius"
"ti|1304|org|Streptococcus_salivarius|accession|NZ_CP009913.1","gi|1848535216|gb|CP053998.1|",100,150,0,0,1,150,719786,719935,1.93e-70,278,1304,1304,"Streptococcus salivarius","Streptococcus","salivarius"
"ti|1304|org|Streptococcus_salivarius|accession|NZ_CP009913.1","gi|338744031|emb|FR873482.1|",100,150,0,0,1,150,1790512,1790661,1.93e-70,278,347253,1304,"Streptococcus salivarius","Streptococcus","salivarius"
"ti|1304|org|Streptococcus_salivarius|accession|NZ_CP009913.1","gi|1539722317|emb|LR134274.1|",98.667,150,2,0,1,150,1781626,1781775,4.18e-67,267,1304,1304,"Streptococcus salivarius","Streptococcus","salivarius"
"ti|1304|org|Streptococcus_salivarius|accession|NZ_CP009913.1","gi|984708306|gb|CP014144.1|",98.667,150,2,0,1,150,1640868,1640719,4.18e-67,267,1304,1304,"Streptococcus salivarius","Streptococcus","salivarius"
"ti|1304|org|Streptococcus_salivarius|accession|NZ_CP009913.1","gi|723626758|gb|CP009913.1|",98.667,150,2,0,1,150,1770276,1770425,4.18e-67,267,1304,1304,"Streptococcus salivarius","Streptococcus","salivarius"
"ti|1304|org|Streptococcus_salivarius|accession|NZ_CP009913.1","gi|1181539650|gb|CP015282.1|",98.658,149,2,0,2,150,1928635,1928487,1.5e-66,265,1304,1304,"Streptococcus salivarius","Streptococcus","salivarius"
"ti|1304|org|Streptococcus_salivarius|accession|NZ_CP009913.1","gi|959991280|gb|CP013216.1|",99.315,146,1,0,2,147,1688868,1689013,1.5e-66,265,1304,1304,"Streptococcus salivarius","Streptococcus","salivarius"
"ti|1304|org|Streptococcus_salivarius|accession|NZ_CP009913.1","gi|339291081|gb|CP002888.1|",98.658,149,2,0,2,150,419315,419167,1.5e-66,265,1046629,1304,"Streptococcus salivarius","Streptococcus","salivarius"
"ti|1304|org|Streptococcus_salivarius|accession|NZ_CP009913.1","gi|1735232771|gb|CP040804.1|",97.987,149,3,0,2,150,615221,615073,6.99e-65,259,1304,1304,"Streptococcus salivarius","Streptococcus","salivarius"
"ti|1304|org|Streptococcus_salivarius|accession|NZ_CP009913.1","gi|1403349419|emb|LS483366.1|",97.333,150,3,1,1,150,1760947,1761095,3.25e-63,254,1304,1304,"Streptococcus salivarius","Streptococcus","salivarius"
"ti|1304|org|Streptococcus_salivarius|accession|NZ_CP009913.1","gi|1352481858|gb|CP020431.2|",100,150,0,0,1,150,390793,390942,1.93e-70,278,1839799,1304,"Streptococcus salivarius","Streptococcus","sp. FDAARGOS_192"
"ti|1304|org|Streptococcus_salivarius|accession|NZ_CP009913.1","gi|338744031|emb|FR873482.1|",100,150,0,0,1,150,789779,789928,1.93e-70,278,347253,1304,"Streptococcus salivarius","Streptococcus","salivarius"
"ti|1304|org|Streptococcus_salivarius|accession|NZ_CP009913.1","gi|1181539650|gb|CP015282.1|",98.667,150,2,0,1,150,777065,776916,4.18e-67,267,1304,1304,"Streptococcus salivarius","Streptococcus","salivarius"
"ti|1304|org|Streptococcus_salivarius|accession|NZ_CP009913.1","gi|1782758915|gb|CP018189.1|",98,150,3,0,1,150,1348755,1348606,1.94e-65,261,1304,1304,"Streptococcus salivarius","Streptococcus","salivarius"
"ti|1304|org|Streptococcus_salivarius|accession|NZ_CP009913.1","gi|1782754864|gb|CP018186.1|",98,150,3,0,1,150,1348731,1348582,1.94e-65,261,1304,1304,"Streptococcus salivarius","Streptococcus","salivarius"
"ti|1304|org|Streptococcus_salivarius|accession|NZ_CP009913.1","gi|1881673923|gb|CP054153.1|",98,150,3,0,1,150,727422,727571,1.94e-65,261,1304,1304,"Streptococcus salivarius","Streptococcus","salivarius"
"ti|1304|org|Streptococcus_salivarius|accession|NZ_CP009913.1","gi|338741860|emb|FR873481.1|",98,150,3,0,1,150,1397540,1397391,1.94e-65,261,1048332,1304,"Streptococcus salivarius","Streptococcus","salivarius"
"ti|1304|org|Streptococcus_salivarius|accession|NZ_CP009913.1","gi|1848535216|gb|CP053998.1|",97.333,150,4,0,1,150,1883000,1883149,9.04e-64,255,1304,1304,"Streptococcus salivarius","Streptococcus","salivarius"
"ti|1304|org|Streptococcus_salivarius|accession|NZ_CP009913.1","gi|1735232771|gb|CP040804.1|",97.333,150,4,0,1,150,979821,979970,9.04e-64,255,1304,1304,"Streptococcus salivarius","Streptococcus","salivarius"
"ti|1304|org|Streptococcus_salivarius|accession|NZ_CP009913.1","gi|1403349419|emb|LS483366.1|",97.333,150,4,0,1,150,1384369,1384220,9.04e-64,255,1304,1304,"Streptococcus salivarius","Streptococcus","salivarius"
"ti|1304|org|Streptococcus_salivarius|accession|NZ_CP009913.1","gi|1539722317|emb|LR134274.1|",100,150,0,0,1,150,1927417,1927566,1.93e-70,278,1304,1304,"Streptococcus salivarius","Streptococcus","salivarius"
"ti|1304|org|Streptococcus_salivarius|accession|NZ_CP009913.1","gi|1181539650|gb|CP015282.1|",100,150,0,0,1,150,1794767,1794618,1.93e-70,278,1304,1304,"Streptococcus salivarius","Streptococcus","salivarius"
"ti|1304|org|Streptococcus_salivarius|accession|NZ_CP009913.1","gi|984708306|gb|CP014144.1|",100,150,0,0,1,150,1843711,1843860,1.93e-70,278,1304,1304,"Streptococcus salivarius","Streptococcus","salivarius"
"ti|1304|org|Streptococcus_salivarius|accession|NZ_CP009913.1","gi|723626758|gb|CP009913.1|",100,150,0,0,1,150,1916079,1916228,1.93e-70,278,1304,1304,"Streptococcus salivarius","Streptococcus","salivarius"
"ti|1304|org|Streptococcus_salivarius|accession|NZ_CP009913.1","gi|338744031|emb|FR873482.1|",100,150,0,0,1,150,1930594,1930743,1.93e-70,278,347253,1304,"Streptococcus salivarius","Streptococcus","salivarius"
"ti|1304|org|Streptococcus_salivarius|accession|NZ_CP009913.1","gi|1782756796|gb|CP018187.1|",98.667,150,2,0,1,150,1959786,1959935,4.18e-67,267,1304,1304,"Streptococcus salivarius","Streptococcus","salivarius"
"ti|1304|org|Streptococcus_salivarius|accession|NZ_CP009913.1","gi|959991280|gb|CP013216.1|",98.649,148,2,0,3,150,1823815,1823962,5.4e-66,263,1304,1304,"Streptococcus salivarius","Streptococcus","salivarius"
"ti|1304|org|Streptococcus_salivarius|accession|NZ_CP009913.1","gi|1735232771|gb|CP040804.1|",97.973,148,3,0,3,150,478607,478460,2.51e-64,257,1304,1304,"Streptococcus salivarius","Streptococcus","salivarius"
"ti|1304|org|Streptococcus_salivarius|accession|NZ_CP009913.1","gi|1181541468|gb|CP015283.1|",97.973,148,3,0,3,150,255790,255937,2.51e-64,257,1304,1304,"Streptococcus salivarius","Streptococcus","salivarius"
"ti|1304|org|Streptococcus_salivarius|accession|NZ_CP009913.1","gi|1352481516|gb|CP020438.2|",97.333,150,4,0,1,150,273792,273941,9.04e-64,255,1335,1304,"Streptococcus salivarius","Streptococcus","equinus"
"ti|1304|org|Streptococcus_salivarius|accession|NZ_CP009913.1","gi|1848535216|gb|CP053998.1|",100,150,0,0,1,150,1311498,1311647,1.93e-70,278,1304,1304,"Streptococcus salivarius","Streptococcus","salivarius"
"ti|1304|org|Streptococcus_salivarius|accession|NZ_CP009913.1","gi|1539722317|emb|LR134274.1|",100,150,0,0,1,150,253610,253759,1.93e-70,278,1304,1304,"Streptococcus salivarius","Streptococcus","salivarius"
"ti|1304|org|Streptococcus_salivarius|accession|NZ_CP009913.1","gi|1348284726|gb|CP020451.2|",100,150,0,0,1,150,758127,757978,1.93e-70,278,1304,1304,"Streptococcus salivarius","Streptococcus","salivarius"
"ti|1304|org|Streptococcus_salivarius|accession|NZ_CP009913.1","gi|1181539650|gb|CP015282.1|",100,150,0,0,1,150,1334345,1334196,1.93e-70,278,1304,1304,"Streptococcus salivarius","Streptococcus","salivarius"
"ti|1304|org|Streptococcus_salivarius|accession|NZ_CP009913.1","gi|984708306|gb|CP014144.1|",100,150,0,0,1,150,194076,194225,1.93e-70,278,1304,1304,"Streptococcus salivarius","Streptococcus","salivarius"
"ti|1304|org|Streptococcus_salivarius|accession|NZ_CP009913.1","gi|723626758|gb|CP009913.1|",100,150,0,0,1,150,253934,254083,1.93e-70,278,1304,1304,"Streptococcus salivarius","Streptococcus","salivarius"
"ti|1304|org|Streptococcus_salivarius|accession|NZ_CP009913.1","gi|338744031|emb|FR873482.1|",100,150,0,0,1,150,189742,189891,1.93e-70,278,347253,1304,"Streptococcus salivarius","Streptococcus","salivarius"
"ti|1304|org|Streptococcus_salivarius|accession|NZ_CP009913.1","gi|1881673923|gb|CP054153.1|",99.333,150,1,0,1,150,178262,178411,8.98e-69,272,1304,1304,"Streptococcus salivarius","Streptococcus","salivarius"
"ti|1304|org|Streptococcus_salivarius|accession|NZ_CP009913.1","gi|1352481858|gb|CP020431.2|",98.667,150,2,0,1,150,2014936,2015085,4.18e-67,267,1839799,1304,"Streptococcus salivarius","Streptococcus","sp. FDAARGOS_192"
"ti|1304|org|Streptococcus_salivarius|accession|NZ_CP009913.1","gi|1181541468|gb|CP015283.1|",98.667,150,2,0,1,150,734809,734958,4.18e-67,267,1304,1304,"Streptococcus salivarius","Streptococcus","salivarius"
"ti|1304|org|Streptococcus_salivarius|accession|NZ_CP009913.1","gi|1782758915|gb|CP018189.1|",100,150,0,0,1,150,1883373,1883522,1.93e-70,278,1304,1304,"Streptococcus salivarius","Streptococcus","salivarius"
"ti|1304|org|Streptococcus_salivarius|accession|NZ_CP009913.1","gi|1782754864|gb|CP018186.1|",100,150,0,0,1,150,1883378,1883527,1.93e-70,278,1304,1304,"Streptococcus salivarius","Streptococcus","salivarius"
"ti|1304|org|Streptococcus_salivarius|accession|NZ_CP009913.1","gi|1352481858|gb|CP020431.2|",100,150,0,0,1,150,1479498,1479647,1.93e-70,278,1839799,1304,"Streptococcus salivarius","Streptococcus","sp. FDAARGOS_192"
"ti|1304|org|Streptococcus_salivarius|accession|NZ_CP009913.1","gi|1348284726|gb|CP020451.2|",100,150,0,0,1,150,1334721,1334572,1.93e-70,278,1304,1304,"Streptococcus salivarius","Streptococcus","salivarius"
"ti|1304|org|Streptococcus_salivarius|accession|NZ_CP009913.1","gi|959991280|gb|CP013216.1|",100,150,0,0,1,150,1789431,1789580,1.93e-70,278,1304,1304,"Streptococcus salivarius","Streptococcus","salivarius"
"ti|1304|org|Streptococcus_salivarius|accession|NZ_CP009913.1","gi|338744031|emb|FR873482.1|",100,150,0,0,1,150,1896219,1896368,1.93e-70,278,347253,1304,"Streptococcus salivarius","Streptococcus","salivarius"
"ti|1304|org|Streptococcus_salivarius|accession|NZ_CP009913.1","gi|1352481516|gb|CP020438.2|",99.333,150,1,0,1,150,238240,238389,8.98e-69,272,1335,1304,"Streptococcus salivarius","Streptococcus","equinus"
"ti|1304|org|Streptococcus_salivarius|accession|NZ_CP009913.1","gi|2222458234|gb|CP090007.1|",99.333,150,1,0,1,150,807937,808086,8.98e-69,272,1304,1304,"Streptococcus salivarius","Streptococcus","salivarius"
"ti|1304|org|Streptococcus_salivarius|accession|NZ_CP009913.1","gi|1782756796|gb|CP018187.1|",98.667,150,2,0,1,150,1924230,1924379,4.18e-67,267,1304,1304,"Streptococcus salivarius","Streptococcus","salivarius"
"ti|1304|org|Streptococcus_salivarius|accession|NZ_CP009913.1","gi|1735232771|gb|CP040804.1|",98.667,150,2,0,1,150,512463,512314,4.18e-67,267,1304,1304,"Streptococcus salivarius","Streptococcus","salivarius"
"ti|1304|org|Streptococcus_salivarius|accession|NZ_CP009913.1","gi|1539722317|emb|LR134274.1|",100,150,0,0,1,150,382204,382353,1.93e-70,278,1304,1304,"Streptococcus salivarius","Streptococcus","salivarius"
"ti|1304|org|Streptococcus_salivarius|accession|NZ_CP009913.1","gi|1348284726|gb|CP020451.2|",100,150,0,0,1,150,618637,618488,1.93e-70,278,1304,1304,"Streptococcus salivarius","Streptococcus","salivarius"
"ti|1304|org|Streptococcus_salivarius|accession|NZ_CP009913.1","gi|984708306|gb|CP014144.1|",100,150,0,0,1,150,322669,322818,1.93e-70,278,1304,1304,"Streptococcus salivarius","Streptococcus","salivarius"
"ti|1304|org|Streptococcus_salivarius|accession|NZ_CP009913.1","gi|723626758|gb|CP009913.1|",100,150,0,0,1,150,382537,382686,1.93e-70,278,1304,1304,"Streptococcus salivarius","Streptococcus","salivarius"
"ti|1304|org|Streptococcus_salivarius|accession|NZ_CP009913.1","gi|338744031|emb|FR873482.1|",100,150,0,0,1,150,326663,326812,1.93e-70,278,347253,1304,"Streptococcus salivarius","Streptococcus","salivarius"
"ti|1304|org|Streptococcus_salivarius|accession|NZ_CP009913.1","gi|1352481858|gb|CP020431.2|",99.333,150,1,0,1,150,2157132,2157281,8.98e-69,272,1839799,1304,"Streptococcus salivarius","Streptococcus","sp. FDAARGOS_192"
"ti|1304|org|Streptococcus_salivarius|accession|NZ_CP009913.1","gi|1352481516|gb|CP020438.2|",97.333,150,4,0,1,150,880743,880892,9.04e-64,255,1335,1304,"Streptococcus salivarius","Streptococcus","equinus"
"ti|1304|org|Streptococcus_salivarius|accession|NZ_CP009913.1","gi|1848535216|gb|CP053998.1|",95.333,150,7,0,1,150,1452872,1453021,9.1e-59,239,1304,1304,"Streptococcus salivarius","Streptococcus","salivarius"
"ti|1304|org|Streptococcus_salivarius|accession|NZ_CP009913.1","gi|1948620918|gb|CP066093.1|",94.667,150,8,0,1,150,1894561,1894412,4.24e-57,233,1304,1304,"Streptococcus salivarius","Streptococcus","salivarius"
"ti|1304|org|Streptococcus_salivarius|accession|NZ_CP009913.1","gi|1782758915|gb|CP018189.1|",94,150,9,0,1,150,330158,330307,1.97e-55,228,1304,1304,"Streptococcus salivarius","Streptococcus","salivarius"
"ti|1304|org|Streptococcus_salivarius|accession|NZ_CP009913.1","gi|1343894436|gb|MF497559.1|",100,150,0,0,1,150,4489,4340,1.93e-70,278,1304,1304,"Streptococcus salivarius","Streptococcus","salivarius"
"ti|1304|org|Streptococcus_salivarius|accession|NZ_CP009913.1","gi|1343894428|gb|MF497555.1|",100,150,0,0,1,150,4489,4340,1.93e-70,278,1304,1304,"Streptococcus salivarius","Streptococcus","salivarius"
"ti|1304|org|Streptococcus_salivarius|accession|NZ_CP009913.1","gi|338744031|emb|FR873482.1|",100,150,0,0,1,150,1585852,1586001,1.93e-70,278,347253,1304,"Streptococcus salivarius","Streptococcus","salivarius"
"ti|1304|org|Streptococcus_salivarius|accession|NZ_CP009913.1","gi|1348284726|gb|CP020451.2|",99.333,150,1,0,1,150,1671022,1670873,8.98e-69,272,1304,1304,"Streptococcus salivarius","Streptococcus","salivarius"
"ti|1304|org|Streptococcus_salivarius|accession|NZ_CP009913.1","gi|1343894426|gb|MF497554.1|",99.333,150,1,0,1,150,4570,4421,8.98e-69,272,1304,1304,"Streptococcus salivarius","Streptococcus","salivarius"
"ti|1304|org|Streptococcus_salivarius|accession|NZ_CP009913.1","gi|1343894422|gb|MF497552.1|",99.333,150,1,0,1,150,4408,4259,8.98e-69,272,1304,1304,"Streptococcus salivarius","Streptococcus","salivarius"
"ti|1304|org|Streptococcus_salivarius|accession|NZ_CP009913.1","gi|2222458234|gb|CP090007.1|",99.333,150,1,0,1,150,491931,492080,8.98e-69,272,1304,1304,"Streptococcus salivarius","Streptococcus","salivarius"
"ti|1304|org|Streptococcus_salivarius|accession|NZ_CP009913.1","gi|1948620918|gb|CP066093.1|",99.333,150,1,0,1,150,538861,538712,8.98e-69,272,1304,1304,"Streptococcus salivarius","Streptococcus","salivarius"
"ti|1304|org|Streptococcus_salivarius|accession|NZ_CP009913.1","gi|1343894424|gb|MF497553.1|",98.667,150,2,0,1,150,4231,4082,4.18e-67,267,1304,1304,"Streptococcus salivarius","Streptococcus","salivarius"
"ti|1304|org|Streptococcus_salivarius|accession|NZ_CP009913.1","gi|1343894420|gb|MF497551.1|",98.667,150,2,0,1,150,4327,4178,4.18e-67,267,1304,1304,"Streptococcus salivarius","Streptococcus","salivarius"
"ti|1304|org|Streptococcus_salivarius|accession|NZ_CP009913.1","gi|1848535216|gb|CP053998.1|",100,150,0,0,1,150,566246,566395,1.93e-70,278,1304,1304,"Streptococcus salivarius","Streptococcus","salivarius"
"ti|1304|org|Streptococcus_salivarius|accession|NZ_CP009913.1","gi|959991280|gb|CP013216.1|",100,150,0,0,1,150,1542249,1542398,1.93e-70,278,1304,1304,"Streptococcus salivarius","Streptococcus","salivarius"
"ti|1304|org|Streptococcus_salivarius|accession|NZ_CP009913.1","gi|2222458234|gb|CP090007.1|",100,150,0,0,1,150,559171,559320,1.93e-70,278,1304,1304,"Streptococcus salivarius","Streptococcus","salivarius"
"ti|1304|org|Streptococcus_salivarius|accession|NZ_CP009913.1","gi|338744031|emb|FR873482.1|",100,150,0,0,1,150,1647593,1647742,1.93e-70,278,347253,1304,"Streptococcus salivarius","Streptococcus","salivarius"
"ti|1304|org|Streptococcus_salivarius|accession|NZ_CP009913.1","gi|1539722317|emb|LR134274.1|",98.667,150,2,0,1,150,1638715,1638864,4.18e-67,267,1304,1304,"Streptococcus salivarius","Streptococcus","salivarius"
"ti|1304|org|Streptococcus_salivarius|accession|NZ_CP009913.1","gi|984708306|gb|CP014144.1|",98.667,150,2,0,1,150,1559107,1559256,4.18e-67,267,1304,1304,"Streptococcus salivarius","Streptococcus","salivarius"
"ti|1304|org|Streptococcus_salivarius|accession|NZ_CP009913.1","gi|723626758|gb|CP009913.1|",98.667,150,2,0,1,150,1627358,1627507,4.18e-67,267,1304,1304,"Streptococcus salivarius","Streptococcus","salivarius"
"ti|1304|org|Streptococcus_salivarius|accession|NZ_CP009913.1","gi|1881673923|gb|CP054153.1|",97.333,150,4,0,1,150,1545285,1545434,9.04e-64,255,1304,1304,"Streptococcus salivarius","Streptococcus","salivarius"
"ti|1304|org|Streptococcus_salivarius|accession|NZ_CP009913.1","gi|338741860|emb|FR873481.1|",97.333,150,4,0,1,150,567386,567237,9.04e-64,255,1048332,1304,"Streptococcus salivarius","Streptococcus","salivarius"
"ti|1304|org|Streptococcus_salivarius|accession|NZ_CP009913.1","gi|1352481858|gb|CP020431.2|",96,150,6,0,1,150,1223019,1223168,1.96e-60,244,1839799,1304,"Streptococcus salivarius","Streptococcus","sp. FDAARGOS_192"
"ti|1304|org|Streptococcus_salivarius|accession|NZ_CP009913.1","gi|338744031|emb|FR873482.1|",100,150,0,0,1,150,1418264,1418413,1.93e-70,278,347253,1304,"Streptococcus salivarius","Streptococcus","salivarius"
"ti|1304|org|Streptococcus_salivarius|accession|NZ_CP009913.1","gi|1782756796|gb|CP018187.1|",98.658,149,2,0,1,149,1415487,1415635,1.5e-66,265,1304,1304,"Streptococcus salivarius","Streptococcus","salivarius"
"ti|1304|org|Streptococcus_salivarius|accession|NZ_CP009913.1","gi|1539722317|emb|LR134274.1|",98.658,149,2,0,1,149,1431466,1431614,1.5e-66,265,1304,1304,"Streptococcus salivarius","Streptococcus","salivarius"
"ti|1304|org|Streptococcus_salivarius|accession|NZ_CP009913.1","gi|984708306|gb|CP014144.1|",98.658,149,2,0,1,149,1392043,1391895,1.5e-66,265,1304,1304,"Streptococcus salivarius","Streptococcus","salivarius"
"ti|1304|org|Streptococcus_salivarius|accession|NZ_CP009913.1","gi|723626758|gb|CP009913.1|",98.658,149,2,0,1,149,1428690,1428838,1.5e-66,265,1304,1304,"Streptococcus salivarius","Streptococcus","salivarius"
"ti|1304|org|Streptococcus_salivarius|accession|NZ_CP009913.1","gi|1948620918|gb|CP066093.1|",98.658,149,2,0,1,149,680622,680474,1.5e-66,265,1304,1304,"Streptococcus salivarius","Streptococcus","salivarius"
"ti|1304|org|Streptococcus_salivarius|accession|NZ_CP009913.1","gi|339291081|gb|CP002888.1|",97.987,149,3,0,1,149,800871,800723,6.99e-65,259,1046629,1304,"Streptococcus salivarius","Streptococcus","salivarius"
"ti|1304|org|Streptococcus_salivarius|accession|NZ_CP009913.1","gi|959991280|gb|CP013216.1|",97.987,149,2,1,1,149,1332392,1332539,2.51e-64,257,1304,1304,"Streptococcus salivarius","Streptococcus","salivarius"
"ti|1304|org|Streptococcus_salivarius|accession|NZ_CP009913.1","gi|1181539650|gb|CP015282.1|",97.333,150,4,0,1,150,198463,198314,9.04e-64,255,1304,1304,"Streptococcus salivarius","Streptococcus","salivarius"
"ti|1304|org|Streptococcus_salivarius|accession|NZ_CP009913.1","gi|1539724315|emb|LR134275.1|",97.315,149,4,0,1,149,1290340,1290488,3.25e-63,254,1343,1304,"Streptococcus salivarius","Streptococcus","vestibularis"
"ti|1304|org|Streptococcus_salivarius|accession|NZ_CP009913.1","gi|1352481858|gb|CP020431.2|",100,150,0,0,1,150,1318145,1318294,1.93e-70,278,1839799,1304,"Streptococcus salivarius","Streptococcus","sp. FDAARGOS_192"
"ti|1304|org|Streptococcus_salivarius|accession|NZ_CP009913.1","gi|959991280|gb|CP013216.1|",100,150,0,0,1,150,1631782,1631931,1.93e-70,278,1304,1304,"Streptococcus salivarius","Streptococcus","salivarius"
"ti|1304|org|Streptococcus_salivarius|accession|NZ_CP009913.1","gi|338744031|emb|FR873482.1|",100,150,0,0,1,150,1734819,1734968,1.93e-70,278,347253,1304,"Streptococcus salivarius","Streptococcus","salivarius"
"ti|1304|org|Streptococcus_salivarius|accession|NZ_CP009913.1","gi|1782758915|gb|CP018189.1|",98,150,3,0,1,150,1701940,1702089,1.94e-65,261,1304,1304,"Streptococcus salivarius","Streptococcus","salivarius"
"ti|1304|org|Streptococcus_salivarius|accession|NZ_CP009913.1","gi|1782754864|gb|CP018186.1|",98,150,3,0,1,150,1701945,1702094,1.94e-65,261,1304,1304,"Streptococcus salivarius","Streptococcus","salivarius"
"ti|1304|org|Streptococcus_salivarius|accession|NZ_CP009913.1","gi|1735232771|gb|CP040804.1|",98,150,3,0,1,150,669213,669064,1.94e-65,261,1304,1304,"Streptococcus salivarius","Streptococcus","salivarius"
"ti|1304|org|Streptococcus_salivarius|accession|NZ_CP009913.1","gi|1403349419|emb|LS483366.1|",98,150,3,0,1,150,1701242,1701391,1.94e-65,261,1304,1304,"Streptococcus salivarius","Streptococcus","salivarius"
"ti|1304|org|Streptococcus_salivarius|accession|NZ_CP009913.1","gi|1881673923|gb|CP054153.1|",98,150,3,0,1,150,1632982,1633131,1.94e-65,261,1304,1304,"Streptococcus salivarius","Streptococcus","salivarius"
"ti|1304|org|Streptococcus_salivarius|accession|NZ_CP009913.1","gi|1352481516|gb|CP020438.2|",97.333,150,4,0,1,150,29656,29805,9.04e-64,255,1335,1304,"Streptococcus salivarius","Streptococcus","equinus"
"ti|1304|org|Streptococcus_salivarius|accession|NZ_CP009913.1","gi|1348284726|gb|CP020451.2|",97.333,150,4,0,1,150,1516423,1516274,9.04e-64,255,1304,1304,"Streptococcus salivarius","Streptococcus","salivarius"
"ti|1304|org|Streptococcus_salivarius|accession|NZ_CP009913.1","gi|338744031|emb|FR873482.1|",100,150,0,0,1,150,1027191,1027340,1.93e-70,278,347253,1304,"Streptococcus salivarius","Streptococcus","salivarius"
"ti|1304|org|Streptococcus_salivarius|accession|NZ_CP009913.1","gi|1539722317|emb|LR134274.1|",99.333,150,1,0,1,150,1040185,1040334,8.98e-69,272,1304,1304,"Streptococcus salivarius","Streptococcus","salivarius"
"ti|1304|org|Streptococcus_salivarius|accession|NZ_CP009913.1","gi|984708306|gb|CP014144.1|",99.333,150,1,0,1,150,966486,966635,8.98e-69,272,1304,1304,"Streptococcus salivarius","Streptococcus","salivarius"
"ti|1304|org|Streptococcus_salivarius|accession|NZ_CP009913.1","gi|723626758|gb|CP009913.1|",99.333,150,1,0,1,150,1037378,1037527,8.98e-69,272,1304,1304,"Streptococcus salivarius","Streptococcus","salivarius"
"ti|1304|org|Streptococcus_salivarius|accession|NZ_CP009913.1","gi|1352481858|gb|CP020431.2|",98.667,150,2,0,1,150,588316,588465,4.18e-67,267,1839799,1304,"Streptococcus salivarius","Streptococcus","sp. FDAARGOS_192"
"ti|1304|org|Streptococcus_salivarius|accession|NZ_CP009913.1","gi|2222458234|gb|CP090007.1|",98.667,150,2,0,1,150,2073944,2074093,4.18e-67,267,1304,1304,"Streptococcus salivarius","Streptococcus","salivarius"
"ti|1304|org|Streptococcus_salivarius|accession|NZ_CP009913.1","gi|1881673923|gb|CP054153.1|",98.667,150,2,0,1,150,922857,923006,4.18e-67,267,1304,1304,"Streptococcus salivarius","Streptococcus","salivarius"
"ti|1304|org|Streptococcus_salivarius|accession|NZ_CP009913.1","gi|1181539650|gb|CP015282.1|",98,150,3,0,1,150,579388,579239,1.94e-65,261,1304,1304,"Streptococcus salivarius","Streptococcus","salivarius"
"ti|1304|org|Streptococcus_salivarius|accession|NZ_CP009913.1","gi|959991280|gb|CP013216.1|",97.333,150,4,0,1,150,938562,938711,9.04e-64,255,1304,1304,"Streptococcus salivarius","Streptococcus","salivarius"
"ti|1304|org|Streptococcus_salivarius|accession|NZ_CP009913.1","gi|1848535216|gb|CP053998.1|",92,150,12,0,1,150,81078,81227,1.98e-50,211,1304,1304,"Streptococcus salivarius","Streptococcus","salivarius"
"ti|1304|org|Streptococcus_salivarius|accession|NZ_CP009913.1","gi|1948620918|gb|CP066093.1|",100,150,0,0,1,150,1201557,1201408,1.93e-70,278,1304,1304,"Streptococcus salivarius","Streptococcus","salivarius"
"ti|1304|org|Streptococcus_salivarius|accession|NZ_CP009913.1","gi|338744031|emb|FR873482.1|",100,150,0,0,1,150,857460,857609,1.93e-70,278,347253,1304,"Streptococcus salivarius","Streptococcus","salivarius"
"ti|1304|org|Streptococcus_salivarius|accession|NZ_CP009913.1","gi|1539722317|emb|LR134274.1|",99.329,149,0,1,1,148,913127,913275,1.16e-67,268,1304,1304,"Streptococcus salivarius","Streptococcus","salivarius"
"ti|1304|org|Streptococcus_salivarius|accession|NZ_CP009913.1","gi|1352481516|gb|CP020438.2|",99.329,149,0,1,1,148,1390329,1390477,1.16e-67,268,1335,1304,"Streptococcus salivarius","Streptococcus","equinus"
"ti|1304|org|Streptococcus_salivarius|accession|NZ_CP009913.1","gi|984708306|gb|CP014144.1|",99.329,149,0,1,1,148,605888,605740,1.16e-67,268,1304,1304,"Streptococcus salivarius","Streptococcus","salivarius"
"ti|1304|org|Streptococcus_salivarius|accession|NZ_CP009913.1","gi|723626758|gb|CP009913.1|",99.329,149,0,1,1,148,913491,913639,1.16e-67,268,1304,1304,"Streptococcus salivarius","Streptococcus","salivarius"
"ti|1304|org|Streptococcus_salivarius|accession|NZ_CP009913.1","gi|1181539650|gb|CP015282.1|",97.987,149,2,1,1,148,709231,709083,2.51e-64,257,1304,1304,"Streptococcus salivarius","Streptococcus","salivarius"
"ti|1304|org|Streptococcus_salivarius|accession|NZ_CP009913.1","gi|1352481858|gb|CP020431.2|",97.315,149,3,1,1,148,458488,458636,1.17e-62,252,1839799,1304,"Streptococcus salivarius","Streptococcus","sp. FDAARGOS_192"
"ti|1304|org|Streptococcus_salivarius|accession|NZ_CP009913.1","gi|959991280|gb|CP013216.1|",97.902,143,3,0,1,143,810904,811046,1.51e-61,248,1304,1304,"Streptococcus salivarius","Streptococcus","salivarius"
"ti|1304|org|Streptococcus_salivarius|accession|NZ_CP009913.1","gi|1848535216|gb|CP053998.1|",95.973,149,5,1,1,148,1950804,1950952,2.53e-59,241,1304,1304,"Streptococcus salivarius","Streptococcus","salivarius"
"ti|1304|org|Streptococcus_salivarius|accession|NZ_CP009913.1","gi|1782758915|gb|CP018189.1|",100,150,0,0,1,150,571365,571216,1.93e-70,278,1304,1304,"Streptococcus salivarius","Streptococcus","salivarius"
"ti|1304|org|Streptococcus_salivarius|accession|NZ_CP009913.1","gi|1782756796|gb|CP018187.1|",100,150,0,0,1,150,1653059,1653208,1.93e-70,278,1304,1304,"Streptococcus salivarius","Streptococcus","salivarius"
"ti|1304|org|Streptococcus_salivarius|accession|NZ_CP009913.1","gi|1782754864|gb|CP018186.1|",100,150,0,0,1,150,571366,571217,1.93e-70,278,1304,1304,"Streptococcus salivarius","Streptococcus","salivarius"
"ti|1304|org|Streptococcus_salivarius|accession|NZ_CP009913.1","gi|1735232771|gb|CP040804.1|",100,150,0,0,1,150,1779945,1780094,1.93e-70,278,1304,1304,"Streptococcus salivarius","Streptococcus","salivarius"
"ti|1304|org|Streptococcus_salivarius|accession|NZ_CP009913.1","gi|1403349419|emb|LS483366.1|",100,150,0,0,1,150,569660,569511,1.93e-70,278,1304,1304,"Streptococcus salivarius","Streptococcus","salivarius"
"ti|1304|org|Streptococcus_salivarius|accession|NZ_CP009913.1","gi|1348284726|gb|CP020451.2|",100,150,0,0,1,150,1615711,1615562,1.93e-70,278,1304,1304,"Streptococcus salivarius","Streptococcus","salivarius"
"ti|1304|org|Streptococcus_salivarius|accession|NZ_CP009913.1","gi|1181541468|gb|CP015283.1|",100,150,0,0,1,150,1104559,1104410,1.93e-70,278,1304,1304,"Streptococcus salivarius","Streptococcus","salivarius"
"ti|1304|org|Streptococcus_salivarius|accession|NZ_CP009913.1","gi|959991280|gb|CP013216.1|",100,150,0,0,1,150,1530053,1530202,1.93e-70,278,1304,1304,"Streptococcus salivarius","Streptococcus","salivarius"
"ti|1304|org|Streptococcus_salivarius|accession|NZ_CP009913.1","gi|1948620918|gb|CP066093.1|",100,150,0,0,1,150,490106,489957,1.93e-70,278,1304,1304,"Streptococcus salivarius","Streptococcus","salivarius"
"ti|1304|org|Streptococcus_salivarius|accession|NZ_CP009913.1","gi|339291081|gb|CP002888.1|",100,150,0,0,1,150,594892,594743,1.93e-70,278,1046629,1304,"Streptococcus salivarius","Streptococcus","salivarius"
"ti|1304|org|Streptococcus_salivarius|accession|NZ_CP009913.1","gi|338744031|emb|FR873482.1|",100,150,0,0,1,150,586234,586383,1.93e-70,278,347253,1304,"Streptococcus salivarius","Streptococcus","salivarius"
"ti|1304|org|Streptococcus_salivarius|accession|NZ_CP009913.1","gi|1848535216|gb|CP053998.1|",96.622,148,5,0,1,148,1680960,1681107,5.44e-61,246,1304,1304,"Streptococcus salivarius","Streptococcus","salivarius"
"ti|1304|org|Streptococcus_salivarius|accession|NZ_CP009913.1","gi|1782758915|gb|CP018189.1|",96.622,148,5,0,1,148,1591634,1591487,5.44e-61,246,1304,1304,"Streptococcus salivarius","Streptococcus","salivarius"
"ti|1304|org|Streptococcus_salivarius|accession|NZ_CP009913.1","gi|1782754864|gb|CP018186.1|",96.622,148,5,0,1,148,1591659,1591512,5.44e-61,246,1304,1304,"Streptococcus salivarius","Streptococcus","salivarius"
"ti|1304|org|Streptococcus_salivarius|accession|NZ_CP009913.1","gi|1735232771|gb|CP040804.1|",96.622,148,5,0,1,148,781430,781577,5.44e-61,246,1304,1304,"Streptococcus salivarius","Streptococcus","salivarius"
"ti|1304|org|Streptococcus_salivarius|accession|NZ_CP009913.1","gi|1539722317|emb|LR134274.1|",96.622,148,5,0,1,148,607746,607893,5.44e-61,246,1304,1304,"Streptococcus salivarius","Streptococcus","salivarius"
"ti|1304|org|Streptococcus_salivarius|accession|NZ_CP009913.1","gi|1352481858|gb|CP020431.2|",96.622,148,5,0,1,148,178646,178793,5.44e-61,246,1839799,1304,"Streptococcus salivarius","Streptococcus","sp. FDAARGOS_192"
"ti|1304|org|Streptococcus_salivarius|accession|NZ_CP009913.1","gi|1181541468|gb|CP015283.1|",96.622,148,5,0,1,148,2139817,2139670,5.44e-61,246,1304,1304,"Streptococcus salivarius","Streptococcus","salivarius"
"ti|1304|org|Streptococcus_salivarius|accession|NZ_CP009913.1","gi|984708306|gb|CP014144.1|",96.622,148,5,0,1,148,423753,423606,5.44e-61,246,1304,1304,"Streptococcus salivarius","Streptococcus","salivarius"
"ti|1304|org|Streptococcus_salivarius|accession|NZ_CP009913.1","gi|959991280|gb|CP013216.1|",96.622,148,5,0,1,148,544471,544618,5.44e-61,246,1304,1304,"Streptococcus salivarius","Streptococcus","salivarius"
"ti|1304|org|Streptococcus_salivarius|accession|NZ_CP009913.1","gi|338744031|emb|FR873482.1|",100,150,0,0,1,150,252559,252708,1.93e-70,278,347253,1304,"Streptococcus salivarius","Streptococcus","salivarius"
"ti|1304|org|Streptococcus_salivarius|accession|NZ_CP009913.1","gi|1539722317|emb|LR134274.1|",99.333,150,1,0,1,150,314046,314195,8.98e-69,272,1304,1304,"Streptococcus salivarius","Streptococcus","salivarius"
"ti|1304|org|Streptococcus_salivarius|accession|NZ_CP009913.1","gi|1181539650|gb|CP015282.1|",99.333,150,1,0,1,150,1272662,1272513,8.98e-69,272,1304,1304,"Streptococcus salivarius","Streptococcus","salivarius"
"ti|1304|org|Streptococcus_salivarius|accession|NZ_CP009913.1","gi|984708306|gb|CP014144.1|",99.333,150,1,0,1,150,254511,254660,8.98e-69,272,1304,1304,"Streptococcus salivarius","Streptococcus","salivarius"
"ti|1304|org|Streptococcus_salivarius|accession|NZ_CP009913.1","gi|723626758|gb|CP009913.1|",99.333,150,1,0,1,150,314374,314523,8.98e-69,272,1304,1304,"Streptococcus salivarius","Streptococcus","salivarius"
"ti|1304|org|Streptococcus_salivarius|accession|NZ_CP009913.1","gi|1782758915|gb|CP018189.1|",98.667,150,2,0,1,150,258576,258725,4.18e-67,267,1304,1304,"Streptococcus salivarius","Streptococcus","salivarius"
"ti|1304|org|Streptococcus_salivarius|accession|NZ_CP009913.1","gi|1782754864|gb|CP018186.1|",98.667,150,2,0,1,150,258576,258725,4.18e-67,267,1304,1304,"Streptococcus salivarius","Streptococcus","salivarius"
"ti|1304|org|Streptococcus_salivarius|accession|NZ_CP009913.1","gi|1735232771|gb|CP040804.1|",98.667,150,2,0,1,150,2090495,2090346,4.18e-67,267,1304,1304,"Streptococcus salivarius","Streptococcus","salivarius"
"ti|1304|org|Streptococcus_salivarius|accession|NZ_CP009913.1","gi|1403349419|emb|LS483366.1|",98.667,150,2,0,1,150,262699,262848,4.18e-67,267,1304,1304,"Streptococcus salivarius","Streptococcus","salivarius"
"ti|1304|org|Streptococcus_salivarius|accession|NZ_CP009913.1","gi|1352481858|gb|CP020431.2|",98.667,150,2,0,1,150,2077698,2077847,4.18e-67,267,1839799,1304,"Streptococcus salivarius","Streptococcus","sp. FDAARGOS_192"
"ti|1304|org|Streptococcus_salivarius|accession|NZ_CP009913.1","gi|338744031|emb|FR873482.1|",100,150,0,0,1,150,895297,895446,1.93e-70,278,347253,1304,"Streptococcus salivarius","Streptococcus","salivarius"
"ti|1304|org|Streptococcus_salivarius|accession|NZ_CP009913.1","gi|1735232771|gb|CP040804.1|",97.333,150,4,0,1,150,1084896,1085045,9.04e-64,255,1304,1304,"Streptococcus salivarius","Streptococcus","salivarius"
"ti|1304|org|Streptococcus_salivarius|accession|NZ_CP009913.1","gi|1539722317|emb|LR134274.1|",97.333,150,4,0,1,150,950516,950665,9.04e-64,255,1304,1304,"Streptococcus salivarius","Streptococcus","salivarius"
"ti|1304|org|Streptococcus_salivarius|accession|NZ_CP009913.1","gi|1403349419|emb|LS483366.1|",97.333,150,4,0,1,150,1277604,1277455,9.04e-64,255,1304,1304,"Streptococcus salivarius","Streptococcus","salivarius"
"ti|1304|org|Streptococcus_salivarius|accession|NZ_CP009913.1","gi|1181541468|gb|CP015283.1|",97.333,150,4,0,1,150,1824507,1824358,9.04e-64,255,1304,1304,"Streptococcus salivarius","Streptococcus","salivarius"
"ti|1304|org|Streptococcus_salivarius|accession|NZ_CP009913.1","gi|1181539650|gb|CP015282.1|",97.333,150,4,0,1,150,671391,671242,9.04e-64,255,1304,1304,"Streptococcus salivarius","Streptococcus","salivarius"
"ti|1304|org|Streptococcus_salivarius|accession|NZ_CP009913.1","gi|984708306|gb|CP014144.1|",97.333,150,4,0,1,150,568499,568350,9.04e-64,255,1304,1304,"Streptococcus salivarius","Streptococcus","salivarius"
"ti|1304|org|Streptococcus_salivarius|accession|NZ_CP009913.1","gi|723626758|gb|CP009913.1|",97.333,150,4,0,1,150,950880,951029,9.04e-64,255,1304,1304,"Streptococcus salivarius","Streptococcus","salivarius"
"ti|1304|org|Streptococcus_salivarius|accession|NZ_CP009913.1","gi|2222458234|gb|CP090007.1|",97.333,150,4,0,1,150,1983782,1983931,9.04e-64,255,1304,1304,"Streptococcus salivarius","Streptococcus","salivarius"
"ti|1304|org|Streptococcus_salivarius|accession|NZ_CP009913.1","gi|339291081|gb|CP002888.1|",97.333,150,4,0,1,150,1251551,1251402,9.04e-64,255,1046629,1304,"Streptococcus salivarius","Streptococcus","salivarius"
"ti|1304|org|Streptococcus_salivarius|accession|NZ_CP009913.1","gi|1782758915|gb|CP018189.1|",100,150,0,0,1,150,249234,249383,1.93e-70,278,1304,1304,"Streptococcus salivarius","Streptococcus","salivarius"
"ti|1304|org|Streptococcus_salivarius|accession|NZ_CP009913.1","gi|1782754864|gb|CP018186.1|",100,150,0,0,1,150,249234,249383,1.93e-70,278,1304,1304,"Streptococcus salivarius","Streptococcus","salivarius"
"ti|1304|org|Streptococcus_salivarius|accession|NZ_CP009913.1","gi|1539722317|emb|LR134274.1|",100,150,0,0,1,150,304704,304853,1.93e-70,278,1304,1304,"Streptococcus salivarius","Streptococcus","salivarius"
"ti|1304|org|Streptococcus_salivarius|accession|NZ_CP009913.1","gi|1352481858|gb|CP020431.2|",100,150,0,0,1,150,2068355,2068504,1.93e-70,278,1839799,1304,"Streptococcus salivarius","Streptococcus","sp. FDAARGOS_192"
"ti|1304|org|Streptococcus_salivarius|accession|NZ_CP009913.1","gi|1348284726|gb|CP020451.2|",100,150,0,0,1,150,705991,705842,1.93e-70,278,1304,1304,"Streptococcus salivarius","Streptococcus","salivarius"
"ti|1304|org|Streptococcus_salivarius|accession|NZ_CP009913.1","gi|984708306|gb|CP014144.1|",100,150,0,0,1,150,245169,245318,1.93e-70,278,1304,1304,"Streptococcus salivarius","Streptococcus","salivarius"
"ti|1304|org|Streptococcus_salivarius|accession|NZ_CP009913.1","gi|723626758|gb|CP009913.1|",100,150,0,0,1,150,305031,305180,1.93e-70,278,1304,1304,"Streptococcus salivarius","Streptococcus","salivarius"
"ti|1304|org|Streptococcus_salivarius|accession|NZ_CP009913.1","gi|338744031|emb|FR873482.1|",100,150,0,0,1,150,243217,243366,1.93e-70,278,347253,1304,"Streptococcus salivarius","Streptococcus","salivarius"
"ti|1304|org|Streptococcus_salivarius|accession|NZ_CP009913.1","gi|1403349419|emb|LS483366.1|",98.667,150,2,0,1,150,253357,253506,4.18e-67,267,1304,1304,"Streptococcus salivarius","Streptococcus","salivarius"
"ti|1304|org|Streptococcus_salivarius|accession|NZ_CP009913.1","gi|1848535216|gb|CP053998.1|",97.333,150,4,0,1,150,1363758,1363907,9.04e-64,255,1304,1304,"Streptococcus salivarius","Streptococcus","salivarius"
"ti|1304|org|Streptococcus_salivarius|accession|NZ_CP009913.1","gi|338744031|emb|FR873482.1|",100,150,0,0,1,150,1076384,1076533,1.93e-70,278,347253,1304,"Streptococcus salivarius","Streptococcus","salivarius"
"ti|1304|org|Streptococcus_salivarius|accession|NZ_CP009913.1","gi|1848535216|gb|CP053998.1|",99.324,148,1,0,1,148,133298,133445,1.16e-67,268,1304,1304,"Streptococcus salivarius","Streptococcus","salivarius"
"ti|1304|org|Streptococcus_salivarius|accession|NZ_CP009913.1","gi|2222458234|gb|CP090007.1|",99.324,148,1,0,1,148,27495,27642,1.16e-67,268,1304,1304,"Streptococcus salivarius","Streptococcus","salivarius"
"ti|1304|org|Streptococcus_salivarius|accession|NZ_CP009913.1","gi|1948620918|gb|CP066093.1|",99.324,148,1,0,1,148,1019911,1019764,1.16e-67,268,1304,1304,"Streptococcus salivarius","Streptococcus","salivarius"
"ti|1304|org|Streptococcus_salivarius|accession|NZ_CP009913.1","gi|1881673923|gb|CP054153.1|",99.324,148,1,0,1,148,972477,972624,1.16e-67,268,1304,1304,"Streptococcus salivarius","Streptococcus","salivarius"
"ti|1304|org|Streptococcus_salivarius|accession|NZ_CP009913.1","gi|1539722317|emb|LR134274.1|",98.649,148,2,0,1,148,1091684,1091831,5.4e-66,263,1304,1304,"Streptococcus salivarius","Streptococcus","salivarius"
"ti|1304|org|Streptococcus_salivarius|accession|NZ_CP009913.1","gi|984708306|gb|CP014144.1|",98.649,148,2,0,1,148,1017985,1018132,5.4e-66,263,1304,1304,"Streptococcus salivarius","Streptococcus","salivarius"
"ti|1304|org|Streptococcus_salivarius|accession|NZ_CP009913.1","gi|723626758|gb|CP009913.1|",98.649,148,2,0,1,148,1088880,1089027,5.4e-66,263,1304,1304,"Streptococcus salivarius","Streptococcus","salivarius"
"ti|1304|org|Streptococcus_salivarius|accession|NZ_CP009913.1","gi|1352481858|gb|CP020431.2|",97.333,150,4,0,1,150,638251,638400,9.04e-64,255,1839799,1304,"Streptococcus salivarius","Streptococcus","sp. FDAARGOS_192"
"ti|1304|org|Streptococcus_salivarius|accession|NZ_CP009913.1","gi|1782758915|gb|CP018189.1|",95.333,150,7,0,1,150,1125687,1125538,9.1e-59,239,1304,1304,"Streptococcus salivarius","Streptococcus","salivarius"
"ti|1304|org|Streptococcus_salivarius|accession|NZ_CP009913.1","gi|2222458234|gb|CP090007.1|",100,150,0,0,1,150,1334213,1334362,1.93e-70,278,1304,1304,"Streptococcus salivarius","Streptococcus","salivarius"
"ti|1304|org|Streptococcus_salivarius|accession|NZ_CP009913.1","gi|338744031|emb|FR873482.1|",100,150,0,0,1,150,217826,217975,1.93e-70,278,347253,1304,"Streptococcus salivarius","Streptococcus","salivarius"
"ti|1304|org|Streptococcus_salivarius|accession|NZ_CP009913.1","gi|338741860|emb|FR873481.1|",98,150,3,0,1,150,227928,228077,1.94e-65,261,1048332,1304,"Streptococcus salivarius","Streptococcus","salivarius"
"ti|1304|org|Streptococcus_salivarius|accession|NZ_CP009913.1","gi|1782758915|gb|CP018189.1|",97.333,150,4,0,1,150,222048,222197,9.04e-64,255,1304,1304,"Streptococcus salivarius","Streptococcus","salivarius"
"ti|1304|org|Streptococcus_salivarius|accession|NZ_CP009913.1","gi|1782754864|gb|CP018186.1|",97.333,150,4,0,1,150,222048,222197,9.04e-64,255,1304,1304,"Streptococcus salivarius","Streptococcus","salivarius"
"ti|1304|org|Streptococcus_salivarius|accession|NZ_CP009913.1","gi|1735232771|gb|CP040804.1|",97.333,150,4,0,1,150,2125218,2125069,9.04e-64,255,1304,1304,"Streptococcus salivarius","Streptococcus","salivarius"
"ti|1304|org|Streptococcus_salivarius|accession|NZ_CP009913.1","gi|1539722317|emb|LR134274.1|",97.333,150,4,0,1,150,279303,279452,9.04e-64,255,1304,1304,"Streptococcus salivarius","Streptococcus","salivarius"
"ti|1304|org|Streptococcus_salivarius|accession|NZ_CP009913.1","gi|1403349419|emb|LS483366.1|",97.333,150,4,0,1,150,227977,228126,9.04e-64,255,1304,1304,"Streptococcus salivarius","Streptococcus","salivarius"
"ti|1304|org|Streptococcus_salivarius|accession|NZ_CP009913.1","gi|1352481858|gb|CP020431.2|",97.333,150,4,0,1,150,2042967,2043116,9.04e-64,255,1839799,1304,"Streptococcus salivarius","Streptococcus","sp. FDAARGOS_192"
"ti|1304|org|Streptococcus_salivarius|accession|NZ_CP009913.1","gi|1352481516|gb|CP020438.2|",97.333,150,4,0,1,150,766768,766917,9.04e-64,255,1335,1304,"Streptococcus salivarius","Streptococcus","equinus"
"ti|1304|org|Streptococcus_salivarius|accession|NZ_CP009913.1","gi|1352481858|gb|CP020431.2|",100,150,0,0,1,150,1841126,1841275,1.93e-70,278,1839799,1304,"Streptococcus salivarius","Streptococcus","sp. FDAARGOS_192"
"ti|1304|org|Streptococcus_salivarius|accession|NZ_CP009913.1","gi|959991280|gb|CP013216.1|",100,150,0,0,1,150,7635,7784,1.93e-70,278,1304,1304,"Streptococcus salivarius","Streptococcus","salivarius"
"ti|1304|org|Streptococcus_salivarius|accession|NZ_CP009913.1","gi|339291081|gb|CP002888.1|",100,150,0,0,1,150,2133044,2132895,1.93e-70,278,1046629,1304,"Streptococcus salivarius","Streptococcus","salivarius"
"ti|1304|org|Streptococcus_salivarius|accession|NZ_CP009913.1","gi|338744031|emb|FR873482.1|",100,150,0,0,1,150,7635,7784,1.93e-70,278,347253,1304,"Streptococcus salivarius","Streptococcus","salivarius"
"ti|1304|org|Streptococcus_salivarius|accession|NZ_CP009913.1","gi|1348284726|gb|CP020451.2|",99.333,150,1,0,1,150,946430,946281,8.98e-69,272,1304,1304,"Streptococcus salivarius","Streptococcus","salivarius"
"ti|1304|org|Streptococcus_salivarius|accession|NZ_CP009913.1","gi|338741860|emb|FR873481.1|",99.333,150,1,0,1,150,7636,7785,8.98e-69,272,1048332,1304,"Streptococcus salivarius","Streptococcus","salivarius"
"ti|1304|org|Streptococcus_salivarius|accession|NZ_CP009913.1","gi|1539722317|emb|LR134274.1|",98.667,150,2,0,1,150,7532,7681,4.18e-67,267,1304,1304,"Streptococcus salivarius","Streptococcus","salivarius"
"ti|1304|org|Streptococcus_salivarius|accession|NZ_CP009913.1","gi|1181539650|gb|CP015282.1|",98.667,150,2,0,1,150,1509043,1508894,4.18e-67,267,1304,1304,"Streptococcus salivarius","Streptococcus","salivarius"
"ti|1304|org|Streptococcus_salivarius|accession|NZ_CP009913.1","gi|984708306|gb|CP014144.1|",98.667,150,2,0,1,150,2012158,2012009,4.18e-67,267,1304,1304,"Streptococcus salivarius","Streptococcus","salivarius"
"ti|1304|org|Streptococcus_salivarius|accession|NZ_CP009913.1","gi|723626758|gb|CP009913.1|",98.667,150,2,0,1,150,7635,7784,4.18e-67,267,1304,1304,"Streptococcus salivarius","Streptococcus","salivarius"
"ti|1304|org|Streptococcus_salivarius|accession|NZ_CP009913.1","gi|338744031|emb|FR873482.1|",100,150,0,0,1,150,194294,194443,1.93e-70,278,347253,1304,"Streptococcus salivarius","Streptococcus","salivarius"
"ti|1304|org|Streptococcus_salivarius|accession|NZ_CP009913.1","gi|1848535216|gb|CP053998.1|",99.333,150,1,0,1,150,1316051,1316200,8.98e-69,272,1304,1304,"Streptococcus salivarius","Streptococcus","salivarius"
"ti|1304|org|Streptococcus_salivarius|accession|NZ_CP009913.1","gi|1782758915|gb|CP018189.1|",99.333,150,1,0,1,150,199137,199286,8.98e-69,272,1304,1304,"Streptococcus salivarius","Streptococcus","salivarius"
"ti|1304|org|Streptococcus_salivarius|accession|NZ_CP009913.1","gi|1782754864|gb|CP018186.1|",99.333,150,1,0,1,150,199137,199286,8.98e-69,272,1304,1304,"Streptococcus salivarius","Streptococcus","salivarius"
"ti|1304|org|Streptococcus_salivarius|accession|NZ_CP009913.1","gi|1735232771|gb|CP040804.1|",99.333,150,1,0,1,150,2148195,2148046,8.98e-69,272,1304,1304,"Streptococcus salivarius","Streptococcus","salivarius"
"ti|1304|org|Streptococcus_salivarius|accession|NZ_CP009913.1","gi|1539722317|emb|LR134274.1|",99.333,150,1,0,1,150,258163,258312,8.98e-69,272,1304,1304,"Streptococcus salivarius","Streptococcus","salivarius"
"ti|1304|org|Streptococcus_salivarius|accession|NZ_CP009913.1","gi|1181541468|gb|CP015283.1|",99.333,150,1,0,1,150,739361,739510,8.98e-69,272,1304,1304,"Streptococcus salivarius","Streptococcus","salivarius"
"ti|1304|org|Streptococcus_salivarius|accession|NZ_CP009913.1","gi|984708306|gb|CP014144.1|",99.333,150,1,0,1,150,198629,198778,8.98e-69,272,1304,1304,"Streptococcus salivarius","Streptococcus","salivarius"
"ti|1304|org|Streptococcus_salivarius|accession|NZ_CP009913.1","gi|723626758|gb|CP009913.1|",99.333,150,1,0,1,150,258487,258636,8.98e-69,272,1304,1304,"Streptococcus salivarius","Streptococcus","salivarius"
"ti|1304|org|Streptococcus_salivarius|accession|NZ_CP009913.1","gi|2222458234|gb|CP090007.1|",99.333,150,1,0,1,150,1313132,1313281,8.98e-69,272,1304,1304,"Streptococcus salivarius","Streptococcus","salivarius"
"ti|1304|org|Streptococcus_salivarius|accession|NZ_CP009913.1","gi|1848535216|gb|CP053998.1|",100,150,0,0,1,150,401511,401660,1.93e-70,278,1304,1304,"Streptococcus salivarius","Streptococcus","salivarius"
"ti|1304|org|Streptococcus_salivarius|accession|NZ_CP009913.1","gi|1539722317|emb|LR134274.1|",100,150,0,0,1,150,1348397,1348546,1.93e-70,278,1304,1304,"Streptococcus salivarius","Streptococcus","salivarius"
"ti|1304|org|Streptococcus_salivarius|accession|NZ_CP009913.1","gi|1348284726|gb|CP020451.2|",100,150,0,0,1,150,1927804,1927655,1.93e-70,278,1304,1304,"Streptococcus salivarius","Streptococcus","salivarius"
"ti|1304|org|Streptococcus_salivarius|accession|NZ_CP009913.1","gi|1181539650|gb|CP015282.1|",100,150,0,0,1,150,262130,261981,1.93e-70,278,1304,1304,"Streptococcus salivarius","Streptococcus","salivarius"
"ti|1304|org|Streptococcus_salivarius|accession|NZ_CP009913.1","gi|984708306|gb|CP014144.1|",100,150,0,0,1,150,1274698,1274847,1.93e-70,278,1304,1304,"Streptococcus salivarius","Streptococcus","salivarius"
"ti|1304|org|Streptococcus_salivarius|accession|NZ_CP009913.1","gi|723626758|gb|CP009913.1|",100,150,0,0,1,150,1345613,1345762,1.93e-70,278,1304,1304,"Streptococcus salivarius","Streptococcus","salivarius"
"ti|1304|org|Streptococcus_salivarius|accession|NZ_CP009913.1","gi|1881673923|gb|CP054153.1|",100,150,0,0,1,150,1235561,1235710,1.93e-70,278,1304,1304,"Streptococcus salivarius","Streptococcus","salivarius"
"ti|1304|org|Streptococcus_salivarius|accession|NZ_CP009913.1","gi|338744031|emb|FR873482.1|",100,150,0,0,1,150,1354263,1354412,1.93e-70,278,347253,1304,"Streptococcus salivarius","Streptococcus","salivarius"
"ti|1304|org|Streptococcus_salivarius|accession|NZ_CP009913.1","gi|339291081|gb|CP002888.1|",98.667,150,2,0,1,150,857189,857040,4.18e-67,267,1046629,1304,"Streptococcus salivarius","Streptococcus","salivarius"
"ti|1304|org|Streptococcus_salivarius|accession|NZ_CP009913.1","gi|1782756796|gb|CP018187.1|",91.391,151,10,3,1,150,1341056,1341204,3.32e-48,204,1304,1304,"Streptococcus salivarius","Streptococcus","salivarius"
"ti|1304|org|Streptococcus_salivarius|accession|NZ_CP009913.1","gi|1782758915|gb|CP018189.1|",100,150,0,0,1,150,1062997,1062848,1.93e-70,278,1304,1304,"Streptococcus salivarius","Streptococcus","salivarius"
"ti|1304|org|Streptococcus_salivarius|accession|NZ_CP009913.1","gi|1782754864|gb|CP018186.1|",100,150,0,0,1,150,1062998,1062849,1.93e-70,278,1304,1304,"Streptococcus salivarius","Streptococcus","salivarius"
"ti|1304|org|Streptococcus_salivarius|accession|NZ_CP009913.1","gi|1352481858|gb|CP020431.2|",100,150,0,0,1,150,701609,701758,1.93e-70,278,1839799,1304,"Streptococcus salivarius","Streptococcus","sp. FDAARGOS_192"
"ti|1304|org|Streptococcus_salivarius|accession|NZ_CP009913.1","gi|959991280|gb|CP013216.1|",100,150,0,0,1,150,1049904,1050053,1.93e-70,278,1304,1304,"Streptococcus salivarius","Streptococcus","salivarius"
"ti|1304|org|Streptococcus_salivarius|accession|NZ_CP009913.1","gi|338744031|emb|FR873482.1|",100,150,0,0,1,150,1139592,1139741,1.93e-70,278,347253,1304,"Streptococcus salivarius","Streptococcus","salivarius"
"ti|1304|org|Streptococcus_salivarius|accession|NZ_CP009913.1","gi|1539722317|emb|LR134274.1|",97.351,151,3,1,1,150,1154354,1154504,9.04e-64,255,1304,1304,"Streptococcus salivarius","Streptococcus","salivarius"
"ti|1304|org|Streptococcus_salivarius|accession|NZ_CP009913.1","gi|1348284726|gb|CP020451.2|",97.351,151,3,1,1,150,2142499,2142349,9.04e-64,255,1304,1304,"Streptococcus salivarius","Streptococcus","salivarius"
"ti|1304|org|Streptococcus_salivarius|accession|NZ_CP009913.1","gi|984708306|gb|CP014144.1|",97.351,151,3,1,1,150,1080655,1080805,9.04e-64,255,1304,1304,"Streptococcus salivarius","Streptococcus","salivarius"
"ti|1304|org|Streptococcus_salivarius|accession|NZ_CP009913.1","gi|723626758|gb|CP009913.1|",97.351,151,3,1,1,150,1151556,1151706,9.04e-64,255,1304,1304,"Streptococcus salivarius","Streptococcus","salivarius"
"ti|1304|org|Streptococcus_salivarius|accession|NZ_CP009913.1","gi|1352481516|gb|CP020438.2|",96.689,151,4,1,1,150,1644704,1644854,4.21e-62,250,1335,1304,"Streptococcus salivarius","Streptococcus","equinus"
"ti|1304|org|Streptococcus_salivarius|accession|NZ_CP009913.1","gi|338744031|emb|FR873482.1|",100,150,0,0,1,150,999483,999632,1.93e-70,278,347253,1304,"Streptococcus salivarius","Streptococcus","salivarius"
"ti|1304|org|Streptococcus_salivarius|accession|NZ_CP009913.1","gi|1848535216|gb|CP053998.1|",98.667,150,2,0,1,150,53371,53520,4.18e-67,267,1304,1304,"Streptococcus salivarius","Streptococcus","salivarius"
"ti|1304|org|Streptococcus_salivarius|accession|NZ_CP009913.1","gi|1352481858|gb|CP020431.2|",98,150,3,0,1,150,560612,560761,1.94e-65,261,1839799,1304,"Streptococcus salivarius","Streptococcus","sp. FDAARGOS_192"
"ti|1304|org|Streptococcus_salivarius|accession|NZ_CP009913.1","gi|1181539650|gb|CP015282.1|",98,150,3,0,1,150,607094,606945,1.94e-65,261,1304,1304,"Streptococcus salivarius","Streptococcus","salivarius"
"ti|1304|org|Streptococcus_salivarius|accession|NZ_CP009913.1","gi|959991280|gb|CP013216.1|",98,150,3,0,1,150,910848,910997,1.94e-65,261,1304,1304,"Streptococcus salivarius","Streptococcus","salivarius"
"ti|1304|org|Streptococcus_salivarius|accession|NZ_CP009913.1","gi|1881673923|gb|CP054153.1|",98,150,3,0,1,150,895163,895312,1.94e-65,261,1304,1304,"Streptococcus salivarius","Streptococcus","salivarius"
"ti|1304|org|Streptococcus_salivarius|accession|NZ_CP009913.1","gi|2222458234|gb|CP090007.1|",97.973,148,3,0,3,150,2046253,2046400,2.51e-64,257,1304,1304,"Streptococcus salivarius","Streptococcus","salivarius"
"ti|1304|org|Streptococcus_salivarius|accession|NZ_CP009913.1","gi|1948620918|gb|CP066093.1|",97.973,148,3,0,3,150,1099241,1099094,2.51e-64,257,1304,1304,"Streptococcus salivarius","Streptococcus","salivarius"
"ti|1304|org|Streptococcus_salivarius|accession|NZ_CP009913.1","gi|1539724315|emb|LR134275.1|",97.333,150,4,0,1,150,1058207,1058058,9.04e-64,255,1343,1304,"Streptococcus salivarius","Streptococcus","vestibularis"
"ti|1304|org|Streptococcus_salivarius|accession|NZ_CP009913.1","gi|1352481516|gb|CP020438.2|",97.333,150,4,0,1,150,1496660,1496809,9.04e-64,255,1335,1304,"Streptococcus salivarius","Streptococcus","equinus"
"ti|1304|org|Streptococcus_salivarius|accession|NZ_CP009913.1","gi|1848535216|gb|CP053998.1|",100,150,0,0,1,150,1488366,1488515,1.93e-70,278,1304,1304,"Streptococcus salivarius","Streptococcus","salivarius"
"ti|1304|org|Streptococcus_salivarius|accession|NZ_CP009913.1","gi|1539724315|emb|LR134275.1|",100,150,0,0,1,150,388931,389080,1.93e-70,278,1343,1304,"Streptococcus salivarius","Streptococcus","vestibularis"
"ti|1304|org|Streptococcus_salivarius|accession|NZ_CP009913.1","gi|1539722317|emb|LR134274.1|",100,150,0,0,1,150,416079,416228,1.93e-70,278,1304,1304,"Streptococcus salivarius","Streptococcus","salivarius"
"ti|1304|org|Streptococcus_salivarius|accession|NZ_CP009913.1","gi|1181539650|gb|CP015282.1|",100,150,0,0,1,150,1170636,1170487,1.93e-70,278,1304,1304,"Streptococcus salivarius","Streptococcus","salivarius"
"ti|1304|org|Streptococcus_salivarius|accession|NZ_CP009913.1","gi|984708306|gb|CP014144.1|",100,150,0,0,1,150,356544,356693,1.93e-70,278,1304,1304,"Streptococcus salivarius","Streptococcus","salivarius"
"ti|1304|org|Streptococcus_salivarius|accession|NZ_CP009913.1","gi|723626758|gb|CP009913.1|",100,150,0,0,1,150,416414,416563,1.93e-70,278,1304,1304,"Streptococcus salivarius","Streptococcus","salivarius"
"ti|1304|org|Streptococcus_salivarius|accession|NZ_CP009913.1","gi|2222458234|gb|CP090007.1|",100,150,0,0,1,150,1479314,1479463,1.93e-70,278,1304,1304,"Streptococcus salivarius","Streptococcus","salivarius"
"ti|1304|org|Streptococcus_salivarius|accession|NZ_CP009913.1","gi|338744031|emb|FR873482.1|",100,150,0,0,1,150,360426,360575,1.93e-70,278,347253,1304,"Streptococcus salivarius","Streptococcus","salivarius"
"ti|1304|org|Streptococcus_salivarius|accession|NZ_CP009913.1","gi|1782758915|gb|CP018189.1|",99.333,150,1,0,1,150,364026,364175,8.98e-69,272,1304,1304,"Streptococcus salivarius","Streptococcus","salivarius"
"ti|1304|org|Streptococcus_salivarius|accession|NZ_CP009913.1","gi|1782754864|gb|CP018186.1|",99.333,150,1,0,1,150,364027,364176,8.98e-69,272,1304,1304,"Streptococcus salivarius","Streptococcus","salivarius"
"ti|1304|org|Streptococcus_salivarius|accession|NZ_CP009913.1","gi|1539722317|emb|LR134274.1|",100,150,0,0,1,150,379113,379262,1.93e-70,278,1304,1304,"Streptococcus salivarius","Streptococcus","salivarius"
"ti|1304|org|Streptococcus_salivarius|accession|NZ_CP009913.1","gi|1403349419|emb|LS483366.1|",100,150,0,0,1,150,336036,336185,1.93e-70,278,1304,1304,"Streptococcus salivarius","Streptococcus","salivarius"
"ti|1304|org|Streptococcus_salivarius|accession|NZ_CP009913.1","gi|1352481858|gb|CP020431.2|",100,150,0,0,1,150,2152622,2152771,1.93e-70,278,1839799,1304,"Streptococcus salivarius","Streptococcus","sp. FDAARGOS_192"
"ti|1304|org|Streptococcus_salivarius|accession|NZ_CP009913.1","gi|1348284726|gb|CP020451.2|",100,150,0,0,1,150,621728,621579,1.93e-70,278,1304,1304,"Streptococcus salivarius","Streptococcus","salivarius"
"ti|1304|org|Streptococcus_salivarius|accession|NZ_CP009913.1","gi|1181541468|gb|CP015283.1|",100,150,0,0,1,150,874611,874760,1.93e-70,278,1304,1304,"Streptococcus salivarius","Streptococcus","salivarius"
"ti|1304|org|Streptococcus_salivarius|accession|NZ_CP009913.1","gi|984708306|gb|CP014144.1|",100,150,0,0,1,150,319578,319727,1.93e-70,278,1304,1304,"Streptococcus salivarius","Streptococcus","salivarius"
"ti|1304|org|Streptococcus_salivarius|accession|NZ_CP009913.1","gi|723626758|gb|CP009913.1|",100,150,0,0,1,150,379446,379595,1.93e-70,278,1304,1304,"Streptococcus salivarius","Streptococcus","salivarius"
"ti|1304|org|Streptococcus_salivarius|accession|NZ_CP009913.1","gi|2222458234|gb|CP090007.1|",100,150,0,0,1,150,1442353,1442502,1.93e-70,278,1304,1304,"Streptococcus salivarius","Streptococcus","salivarius"
"ti|1304|org|Streptococcus_salivarius|accession|NZ_CP009913.1","gi|338744031|emb|FR873482.1|",100,150,0,0,1,150,323572,323721,1.93e-70,278,347253,1304,"Streptococcus salivarius","Streptococcus","salivarius"
"ti|1304|org|Streptococcus_salivarius|accession|NZ_CP009913.1","gi|348000|gb|L08445.1|STRFTFB",100,150,0,0,1,150,1359,1508,1.93e-70,278,1304,1304,"Streptococcus salivarius","Streptococcus","salivarius"
"ti|1304|org|Streptococcus_salivarius|accession|NZ_CP009913.1","gi|1782756796|gb|CP018187.1|",100,150,0,0,1,150,965715,965864,1.93e-70,278,1304,1304,"Streptococcus salivarius","Streptococcus","salivarius"
"ti|1304|org|Streptococcus_salivarius|accession|NZ_CP009913.1","gi|1539722317|emb|LR134274.1|",100,150,0,0,1,150,987443,987592,1.93e-70,278,1304,1304,"Streptococcus salivarius","Streptococcus","salivarius"
"ti|1304|org|Streptococcus_salivarius|accession|NZ_CP009913.1","gi|984708306|gb|CP014144.1|",100,150,0,0,1,150,913744,913893,1.93e-70,278,1304,1304,"Streptococcus salivarius","Streptococcus","salivarius"
"ti|1304|org|Streptococcus_salivarius|accession|NZ_CP009913.1","gi|723626758|gb|CP009913.1|",100,150,0,0,1,150,987809,987958,1.93e-70,278,1304,1304,"Streptococcus salivarius","Streptococcus","salivarius"
"ti|1304|org|Streptococcus_salivarius|accession|NZ_CP009913.1","gi|338744031|emb|FR873482.1|",100,150,0,0,1,150,974454,974603,1.93e-70,278,347253,1304,"Streptococcus salivarius","Streptococcus","salivarius"
"ti|1304|org|Streptococcus_salivarius|accession|NZ_CP009913.1","gi|1848535216|gb|CP053998.1|",99.333,150,1,0,1,150,28343,28492,8.98e-69,272,1304,1304,"Streptococcus salivarius","Streptococcus","salivarius"
"ti|1304|org|Streptococcus_salivarius|accession|NZ_CP009913.1","gi|1181539650|gb|CP015282.1|",98,150,3,0,1,150,632130,631981,1.94e-65,261,1304,1304,"Streptococcus salivarius","Streptococcus","salivarius"
"ti|1304|org|Streptococcus_salivarius|accession|NZ_CP009913.1","gi|1881673923|gb|CP054153.1|",98,150,3,0,1,150,870137,870286,1.94e-65,261,1304,1304,"Streptococcus salivarius","Streptococcus","salivarius"
"ti|1304|org|Streptococcus_salivarius|accession|NZ_CP009913.1","gi|1352481858|gb|CP020431.2|",97.333,150,4,0,1,150,535585,535734,9.04e-64,255,1839799,1304,"Streptococcus salivarius","Streptococcus","sp. FDAARGOS_192"
"ti|1304|org|Streptococcus_salivarius|accession|NZ_CP009913.1","gi|959991280|gb|CP013216.1|",97.333,150,4,0,1,150,884405,884554,9.04e-64,255,1304,1304,"Streptococcus salivarius","Streptococcus","salivarius"
"ti|1304|org|Streptococcus_salivarius|accession|NZ_CP009913.1","gi|1735232771|gb|CP040804.1|",100,150,0,0,1,150,1967611,1967462,1.93e-70,278,1304,1304,"Streptococcus salivarius","Streptococcus","salivarius"
"ti|1304|org|Streptococcus_salivarius|accession|NZ_CP009913.1","gi|339291081|gb|CP002888.1|",100,150,0,0,1,150,1752725,1752576,1.93e-70,278,1046629,1304,"Streptococcus salivarius","Streptococcus","salivarius"
"ti|1304|org|Streptococcus_salivarius|accession|NZ_CP009913.1","gi|338744031|emb|FR873482.1|",100,150,0,0,1,150,374794,374943,1.93e-70,278,347253,1304,"Streptococcus salivarius","Streptococcus","salivarius"
"ti|1304|org|Streptococcus_salivarius|accession|NZ_CP009913.1","gi|1181539650|gb|CP015282.1|",99.333,150,1,0,1,150,1156322,1156173,8.98e-69,272,1304,1304,"Streptococcus salivarius","Streptococcus","salivarius"
"ti|1304|org|Streptococcus_salivarius|accession|NZ_CP009913.1","gi|1848535216|gb|CP053998.1|",98,150,3,0,1,150,1502679,1502828,1.94e-65,261,1304,1304,"Streptococcus salivarius","Streptococcus","salivarius"
"ti|1304|org|Streptococcus_salivarius|accession|NZ_CP009913.1","gi|1782758915|gb|CP018189.1|",98,150,3,0,1,150,378392,378541,1.94e-65,261,1304,1304,"Streptococcus salivarius","Streptococcus","salivarius"
"ti|1304|org|Streptococcus_salivarius|accession|NZ_CP009913.1","gi|1782754864|gb|CP018186.1|",98,150,3,0,1,150,378393,378542,1.94e-65,261,1304,1304,"Streptococcus salivarius","Streptococcus","salivarius"
"ti|1304|org|Streptococcus_salivarius|accession|NZ_CP009913.1","gi|1539722317|emb|LR134274.1|",97.333,150,4,0,1,150,430394,430543,9.04e-64,255,1304,1304,"Streptococcus salivarius","Streptococcus","salivarius"
"ti|1304|org|Streptococcus_salivarius|accession|NZ_CP009913.1","gi|984708306|gb|CP014144.1|",97.333,150,4,0,1,150,370859,371008,9.04e-64,255,1304,1304,"Streptococcus salivarius","Streptococcus","salivarius"
"ti|1304|org|Streptococcus_salivarius|accession|NZ_CP009913.1","gi|959991280|gb|CP013216.1|",97.333,150,4,0,1,150,368607,368756,9.04e-64,255,1304,1304,"Streptococcus salivarius","Streptococcus","salivarius"
"ti|1304|org|Streptococcus_salivarius|accession|NZ_CP009913.1","gi|338744031|emb|FR873482.1|",100,150,0,0,1,150,149173,149322,1.93e-70,278,347253,1304,"Streptococcus salivarius","Streptococcus","salivarius"
"ti|1304|org|Streptococcus_salivarius|accession|NZ_CP009913.1","gi|1352481858|gb|CP020431.2|",99.333,150,1,0,1,150,1974349,1974498,8.98e-69,272,1839799,1304,"Streptococcus salivarius","Streptococcus","sp. FDAARGOS_192"
"ti|1304|org|Streptococcus_salivarius|accession|NZ_CP009913.1","gi|1181541468|gb|CP015283.1|",99.333,150,1,0,1,150,686817,686966,8.98e-69,272,1304,1304,"Streptococcus salivarius","Streptococcus","salivarius"
"ti|1304|org|Streptococcus_salivarius|accession|NZ_CP009913.1","gi|1782758915|gb|CP018189.1|",98.667,150,2,0,1,150,146251,146400,4.18e-67,267,1304,1304,"Streptococcus salivarius","Streptococcus","salivarius"
"ti|1304|org|Streptococcus_salivarius|accession|NZ_CP009913.1","gi|1782754864|gb|CP018186.1|",98.667,150,2,0,1,150,146251,146400,4.18e-67,267,1304,1304,"Streptococcus salivarius","Streptococcus","salivarius"
"ti|1304|org|Streptococcus_salivarius|accession|NZ_CP009913.1","gi|1539722317|emb|LR134274.1|",98.667,150,2,0,1,150,206621,206770,4.18e-67,267,1304,1304,"Streptococcus salivarius","Streptococcus","salivarius"
"ti|1304|org|Streptococcus_salivarius|accession|NZ_CP009913.1","gi|1348284726|gb|CP020451.2|",98.667,150,2,0,1,150,807953,807804,4.18e-67,267,1304,1304,"Streptococcus salivarius","Streptococcus","salivarius"
"ti|1304|org|Streptococcus_salivarius|accession|NZ_CP009913.1","gi|1181539650|gb|CP015282.1|",98.667,150,2,0,1,150,1374935,1374786,4.18e-67,267,1304,1304,"Streptococcus salivarius","Streptococcus","salivarius"
"ti|1304|org|Streptococcus_salivarius|accession|NZ_CP009913.1","gi|984708306|gb|CP014144.1|",98.667,150,2,0,1,150,147087,147236,4.18e-67,267,1304,1304,"Streptococcus salivarius","Streptococcus","salivarius"
"ti|1304|org|Streptococcus_salivarius|accession|NZ_CP009913.1","gi|959991280|gb|CP013216.1|",98.667,150,2,0,1,150,140327,140476,4.18e-67,267,1304,1304,"Streptococcus salivarius","Streptococcus","salivarius"
"ti|1304|org|Streptococcus_salivarius|accession|NZ_CP009913.1","gi|338744031|emb|FR873482.1|",100,150,0,0,1,150,1052662,1052811,1.93e-70,278,347253,1304,"Streptococcus salivarius","Streptococcus","salivarius"
"ti|1304|org|Streptococcus_salivarius|accession|NZ_CP009913.1","gi|1539722317|emb|LR134274.1|",98,150,3,0,1,150,1065487,1065636,1.94e-65,261,1304,1304,"Streptococcus salivarius","Streptococcus","salivarius"
"ti|1304|org|Streptococcus_salivarius|accession|NZ_CP009913.1","gi|984708306|gb|CP014144.1|",98,150,3,0,1,150,991788,991937,1.94e-65,261,1304,1304,"Streptococcus salivarius","Streptococcus","salivarius"
"ti|1304|org|Streptococcus_salivarius|accession|NZ_CP009913.1","gi|723626758|gb|CP009913.1|",98,150,3,0,1,150,1062681,1062830,1.94e-65,261,1304,1304,"Streptococcus salivarius","Streptococcus","salivarius"
"ti|1304|org|Streptococcus_salivarius|accession|NZ_CP009913.1","gi|1782756796|gb|CP018187.1|",97.333,150,4,0,1,150,1041147,1041296,9.04e-64,255,1304,1304,"Streptococcus salivarius","Streptococcus","salivarius"
"ti|1304|org|Streptococcus_salivarius|accession|NZ_CP009913.1","gi|1881673923|gb|CP054153.1|",97.333,150,4,0,1,150,947273,947422,9.04e-64,255,1304,1304,"Streptococcus salivarius","Streptococcus","salivarius"
"ti|1304|org|Streptococcus_salivarius|accession|NZ_CP009913.1","gi|1352481516|gb|CP020438.2|",96.667,150,5,0,1,150,1556135,1556284,4.21e-62,250,1335,1304,"Streptococcus salivarius","Streptococcus","equinus"
"ti|1304|org|Streptococcus_salivarius|accession|NZ_CP009913.1","gi|2222458234|gb|CP090007.1|",96.667,150,5,0,1,150,2299,2448,4.21e-62,250,1304,1304,"Streptococcus salivarius","Streptococcus","salivarius"
"ti|1304|org|Streptococcus_salivarius|accession|NZ_CP009913.1","gi|1948620918|gb|CP066093.1|",96.667,150,5,0,1,150,1046125,1045976,4.21e-62,250,1304,1304,"Streptococcus salivarius","Streptococcus","salivarius"
"ti|1304|org|Streptococcus_salivarius|accession|NZ_CP009913.1","gi|1848535216|gb|CP053998.1|",96,150,6,0,1,150,108086,108235,1.96e-60,244,1304,1304,"Streptococcus salivarius","Streptococcus","salivarius"
"ti|1304|org|Streptococcus_salivarius|accession|NZ_CP009913.1","gi|959991280|gb|CP013216.1|",100,150,0,0,1,150,1544121,1544270,1.93e-70,278,1304,1304,"Streptococcus salivarius","Streptococcus","salivarius"
"ti|1304|org|Streptococcus_salivarius|accession|NZ_CP009913.1","gi|338744031|emb|FR873482.1|",100,150,0,0,1,150,1649465,1649614,1.93e-70,278,347253,1304,"Streptococcus salivarius","Streptococcus","salivarius"
"ti|1304|org|Streptococcus_salivarius|accession|NZ_CP009913.1","gi|1181539650|gb|CP015282.1|",97.973,148,3,0,3,150,2077328,2077181,2.51e-64,257,1304,1304,"Streptococcus salivarius","Streptococcus","salivarius"
"ti|1304|org|Streptococcus_salivarius|accession|NZ_CP009913.1","gi|1348284726|gb|CP020451.2|",97.333,150,4,0,1,150,1601647,1601498,9.04e-64,255,1304,1304,"Streptococcus salivarius","Streptococcus","salivarius"
"ti|1304|org|Streptococcus_salivarius|accession|NZ_CP009913.1","gi|1848535216|gb|CP053998.1|",96.667,150,5,0,1,150,568116,568265,4.21e-62,250,1304,1304,"Streptococcus salivarius","Streptococcus","salivarius"
"ti|1304|org|Streptococcus_salivarius|accession|NZ_CP009913.1","gi|1782756796|gb|CP018187.1|",96.667,150,5,0,1,150,1667141,1667290,4.21e-62,250,1304,1304,"Streptococcus salivarius","Streptococcus","salivarius"
"ti|1304|org|Streptococcus_salivarius|accession|NZ_CP009913.1","gi|1539722317|emb|LR134274.1|",96.667,150,5,0,1,150,1640587,1640736,4.21e-62,250,1304,1304,"Streptococcus salivarius","Streptococcus","salivarius"
"ti|1304|org|Streptococcus_salivarius|accession|NZ_CP009913.1","gi|984708306|gb|CP014144.1|",96.667,150,5,0,1,150,1560979,1561128,4.21e-62,250,1304,1304,"Streptococcus salivarius","Streptococcus","salivarius"
"ti|1304|org|Streptococcus_salivarius|accession|NZ_CP009913.1","gi|723626758|gb|CP009913.1|",96.667,150,5,0,1,150,1629230,1629379,4.21e-62,250,1304,1304,"Streptococcus salivarius","Streptococcus","salivarius"
"ti|1304|org|Streptococcus_salivarius|accession|NZ_CP009913.1","gi|1948620918|gb|CP066093.1|",96.667,150,5,0,1,150,476040,475891,4.21e-62,250,1304,1304,"Streptococcus salivarius","Streptococcus","salivarius"
"ti|1304|org|Streptococcus_salivarius|accession|NZ_CP009913.1","gi|1403349419|emb|LS483366.1|",100,150,0,0,1,150,2148605,2148754,1.93e-70,278,1304,1304,"Streptococcus salivarius","Streptococcus","salivarius"
"ti|1304|org|Streptococcus_salivarius|accession|NZ_CP009913.1","gi|1352481858|gb|CP020431.2|",100,150,0,0,1,150,1797833,1797982,1.93e-70,278,1839799,1304,"Streptococcus salivarius","Streptococcus","sp. FDAARGOS_192"
"ti|1304|org|Streptococcus_salivarius|accession|NZ_CP009913.1","gi|1181541468|gb|CP015283.1|",100,150,0,0,1,150,507074,507223,1.93e-70,278,1304,1304,"Streptococcus salivarius","Streptococcus","salivarius"
"ti|1304|org|Streptococcus_salivarius|accession|NZ_CP009913.1","gi|1181539650|gb|CP015282.1|",100,150,0,0,1,150,1553911,1553762,1.93e-70,278,1304,1304,"Streptococcus salivarius","Streptococcus","salivarius"
"ti|1304|org|Streptococcus_salivarius|accession|NZ_CP009913.1","gi|959991280|gb|CP013216.1|",100,150,0,0,1,150,2063904,2064053,1.93e-70,278,1304,1304,"Streptococcus salivarius","Streptococcus","salivarius"
"ti|1304|org|Streptococcus_salivarius|accession|NZ_CP009913.1","gi|1881673923|gb|CP054153.1|",100,150,0,0,1,150,2107366,2107515,1.93e-70,278,1304,1304,"Streptococcus salivarius","Streptococcus","salivarius"
"ti|1304|org|Streptococcus_salivarius|accession|NZ_CP009913.1","gi|339291081|gb|CP002888.1|",100,150,0,0,1,150,37523,37374,1.93e-70,278,1046629,1304,"Streptococcus salivarius","Streptococcus","salivarius"
"ti|1304|org|Streptococcus_salivarius|accession|NZ_CP009913.1","gi|338744031|emb|FR873482.1|",100,150,0,0,1,150,2174908,2175057,1.93e-70,278,347253,1304,"Streptococcus salivarius","Streptococcus","salivarius"
"ti|1304|org|Streptococcus_salivarius|accession|NZ_CP009913.1","gi|1539722317|emb|LR134274.1|",99.333,150,1,0,1,150,2170389,2170538,8.98e-69,272,1304,1304,"Streptococcus salivarius","Streptococcus","salivarius"
"ti|1304|org|Streptococcus_salivarius|accession|NZ_CP009913.1","gi|984708306|gb|CP014144.1|",99.333,150,1,0,1,150,2055451,2055302,8.98e-69,272,1304,1304,"Streptococcus salivarius","Streptococcus","salivarius"
"ti|1304|org|Streptococcus_salivarius|accession|NZ_CP009913.1","gi|338744031|emb|FR873482.1|",100,150,0,0,1,150,918282,918431,1.93e-70,278,347253,1304,"Streptococcus salivarius","Streptococcus","salivarius"
"ti|1304|org|Streptococcus_salivarius|accession|NZ_CP009913.1","gi|1782758915|gb|CP018189.1|",100,149,0,0,1,149,1229527,1229379,6.94e-70,276,1304,1304,"Streptococcus salivarius","Streptococcus","salivarius"
"ti|1304|org|Streptococcus_salivarius|accession|NZ_CP009913.1","gi|1782754864|gb|CP018186.1|",100,149,0,0,1,149,1229503,1229355,6.94e-70,276,1304,1304,"Streptococcus salivarius","Streptococcus","salivarius"
"ti|1304|org|Streptococcus_salivarius|accession|NZ_CP009913.1","gi|1735232771|gb|CP040804.1|",100,149,0,0,1,149,1097459,1097607,6.94e-70,276,1304,1304,"Streptococcus salivarius","Streptococcus","salivarius"
"ti|1304|org|Streptococcus_salivarius|accession|NZ_CP009913.1","gi|1539722317|emb|LR134274.1|",100,149,0,0,1,149,972870,973018,6.94e-70,276,1304,1304,"Streptococcus salivarius","Streptococcus","salivarius"
"ti|1304|org|Streptococcus_salivarius|accession|NZ_CP009913.1","gi|1403349419|emb|LS483366.1|",100,149,0,0,1,149,1256420,1256272,6.94e-70,276,1304,1304,"Streptococcus salivarius","Streptococcus","salivarius"
"ti|1304|org|Streptococcus_salivarius|accession|NZ_CP009913.1","gi|1181541468|gb|CP015283.1|",100,149,0,0,1,149,1811715,1811567,6.94e-70,276,1304,1304,"Streptococcus salivarius","Streptococcus","salivarius"
"ti|1304|org|Streptococcus_salivarius|accession|NZ_CP009913.1","gi|984708306|gb|CP014144.1|",100,149,0,0,1,149,899171,899319,6.94e-70,276,1304,1304,"Streptococcus salivarius","Streptococcus","salivarius"
"ti|1304|org|Streptococcus_salivarius|accession|NZ_CP009913.1","gi|723626758|gb|CP009913.1|",100,149,0,0,1,149,973235,973383,6.94e-70,276,1304,1304,"Streptococcus salivarius","Streptococcus","salivarius"
"ti|1304|org|Streptococcus_salivarius|accession|NZ_CP009913.1","gi|1881673923|gb|CP054153.1|",100,149,0,0,1,149,855476,855624,6.94e-70,276,1304,1304,"Streptococcus salivarius","Streptococcus","salivarius"
"ti|1304|org|Streptococcus_salivarius|accession|NZ_CP009913.1","gi|338744031|emb|FR873482.1|",100,150,0,0,1,150,1208232,1208381,1.93e-70,278,347253,1304,"Streptococcus salivarius","Streptococcus","salivarius"
"ti|1304|org|Streptococcus_salivarius|accession|NZ_CP009913.1","gi|1352481858|gb|CP020431.2|",97.333,150,4,0,1,150,776838,776987,9.04e-64,255,1839799,1304,"Streptococcus salivarius","Streptococcus","sp. FDAARGOS_192"
"ti|1304|org|Streptococcus_salivarius|accession|NZ_CP009913.1","gi|1539722317|emb|LR134274.1|",96.667,150,5,0,1,150,1211547,1211696,4.21e-62,250,1304,1304,"Streptococcus salivarius","Streptococcus","salivarius"
"ti|1304|org|Streptococcus_salivarius|accession|NZ_CP009913.1","gi|984708306|gb|CP014144.1|",96.667,150,5,0,1,150,1137848,1137997,4.21e-62,250,1304,1304,"Streptococcus salivarius","Streptococcus","salivarius"
"ti|1304|org|Streptococcus_salivarius|accession|NZ_CP009913.1","gi|723626758|gb|CP009913.1|",96.667,150,5,0,1,150,1208752,1208901,4.21e-62,250,1304,1304,"Streptococcus salivarius","Streptococcus","salivarius"
"ti|1304|org|Streptococcus_salivarius|accession|NZ_CP009913.1","gi|1348284726|gb|CP020451.2|",96.644,149,4,1,2,150,2065532,2065385,5.44e-61,246,1304,1304,"Streptococcus salivarius","Streptococcus","salivarius"
"ti|1304|org|Streptococcus_salivarius|accession|NZ_CP009913.1","gi|1881673923|gb|CP054153.1|",96,150,6,0,1,150,1097530,1097679,1.96e-60,244,1304,1304,"Streptococcus salivarius","Streptococcus","salivarius"
"ti|1304|org|Streptococcus_salivarius|accession|NZ_CP009913.1","gi|1539724315|emb|LR134275.1|",95.973,149,5,1,2,150,876610,876463,2.53e-59,241,1343,1304,"Streptococcus salivarius","Streptococcus","vestibularis"
"ti|1304|org|Streptococcus_salivarius|accession|NZ_CP009913.1","gi|339291081|gb|CP002888.1|",95.333,150,7,0,1,150,1000799,1000650,9.1e-59,239,1046629,1304,"Streptococcus salivarius","Streptococcus","salivarius"
"ti|1304|org|Streptococcus_salivarius|accession|NZ_CP009913.1","gi|959991280|gb|CP013216.1|",94.667,150,8,0,1,150,1132814,1132963,4.24e-57,233,1304,1304,"Streptococcus salivarius","Streptococcus","salivarius"
"ti|1304|org|Streptococcus_salivarius|accession|NZ_CP009913.1","gi|1352481858|gb|CP020431.2|",100,150,0,0,1,150,1292744,1292893,1.93e-70,278,1839799,1304,"Streptococcus salivarius","Streptococcus","sp. FDAARGOS_192"
"ti|1304|org|Streptococcus_salivarius|accession|NZ_CP009913.1","gi|338744031|emb|FR873482.1|",100,150,0,0,1,150,1709416,1709565,1.93e-70,278,347253,1304,"Streptococcus salivarius","Streptococcus","salivarius"
"ti|1304|org|Streptococcus_salivarius|accession|NZ_CP009913.1","gi|1848535216|gb|CP053998.1|",99.333,150,1,0,1,150,636421,636570,8.98e-69,272,1304,1304,"Streptococcus salivarius","Streptococcus","salivarius"
"ti|1304|org|Streptococcus_salivarius|accession|NZ_CP009913.1","gi|1782756796|gb|CP018187.1|",99.333,150,1,0,1,150,1731575,1731724,8.98e-69,272,1304,1304,"Streptococcus salivarius","Streptococcus","salivarius"
"ti|1304|org|Streptococcus_salivarius|accession|NZ_CP009913.1","gi|1539722317|emb|LR134274.1|",99.333,150,1,0,1,150,1701195,1701344,8.98e-69,272,1304,1304,"Streptococcus salivarius","Streptococcus","salivarius"
"ti|1304|org|Streptococcus_salivarius|accession|NZ_CP009913.1","gi|1352481516|gb|CP020438.2|",99.333,150,1,0,1,150,4251,4400,8.98e-69,272,1335,1304,"Streptococcus salivarius","Streptococcus","equinus"
"ti|1304|org|Streptococcus_salivarius|accession|NZ_CP009913.1","gi|1348284726|gb|CP020451.2|",99.333,150,1,0,1,150,1541708,1541559,8.98e-69,272,1304,1304,"Streptococcus salivarius","Streptococcus","salivarius"
"ti|1304|org|Streptococcus_salivarius|accession|NZ_CP009913.1","gi|984708306|gb|CP014144.1|",99.333,150,1,0,1,150,1621281,1621430,8.98e-69,272,1304,1304,"Streptococcus salivarius","Streptococcus","salivarius"
"ti|1304|org|Streptococcus_salivarius|accession|NZ_CP009913.1","gi|959991280|gb|CP013216.1|",99.333,150,1,0,1,150,1606377,1606526,8.98e-69,272,1304,1304,"Streptococcus salivarius","Streptococcus","salivarius"
"ti|1304|org|Streptococcus_salivarius|accession|NZ_CP009913.1","gi|723626758|gb|CP009913.1|",99.333,150,1,0,1,150,1689840,1689989,8.98e-69,272,1304,1304,"Streptococcus salivarius","Streptococcus","salivarius"
"ti|1304|org|Streptococcus_salivarius|accession|NZ_CP009913.1","gi|338744031|emb|FR873482.1|",100,150,0,0,1,150,485266,485415,1.93e-70,278,347253,1304,"Streptococcus salivarius","Streptococcus","salivarius"
"ti|1304|org|Streptococcus_salivarius|accession|NZ_CP009913.1","gi|1735232771|gb|CP040804.1|",98,150,3,0,1,150,716985,717134,1.94e-65,261,1304,1304,"Streptococcus salivarius","Streptococcus","salivarius"
"ti|1304|org|Streptococcus_salivarius|accession|NZ_CP009913.1","gi|1539722317|emb|LR134274.1|",98,150,3,0,1,150,548455,548604,1.94e-65,261,1304,1304,"Streptococcus salivarius","Streptococcus","salivarius"
"ti|1304|org|Streptococcus_salivarius|accession|NZ_CP009913.1","gi|1352481858|gb|CP020431.2|",98,150,3,0,1,150,110173,110322,1.94e-65,261,1839799,1304,"Streptococcus salivarius","Streptococcus","sp. FDAARGOS_192"
"ti|1304|org|Streptococcus_salivarius|accession|NZ_CP009913.1","gi|984708306|gb|CP014144.1|",98,150,3,0,1,150,483044,482895,1.94e-65,261,1304,1304,"Streptococcus salivarius","Streptococcus","salivarius"
"ti|1304|org|Streptococcus_salivarius|accession|NZ_CP009913.1","gi|959991280|gb|CP013216.1|",98,150,3,0,1,150,480340,480489,1.94e-65,261,1304,1304,"Streptococcus salivarius","Streptococcus","salivarius"
"ti|1304|org|Streptococcus_salivarius|accession|NZ_CP009913.1","gi|723626758|gb|CP009913.1|",98,150,3,0,1,150,548799,548948,1.94e-65,261,1304,1304,"Streptococcus salivarius","Streptococcus","salivarius"
"ti|1304|org|Streptococcus_salivarius|accession|NZ_CP009913.1","gi|1848535216|gb|CP053998.1|",97.333,150,4,0,1,150,1617890,1618039,9.04e-64,255,1304,1304,"Streptococcus salivarius","Streptococcus","salivarius"
"ti|1304|org|Streptococcus_salivarius|accession|NZ_CP009913.1","gi|1782758915|gb|CP018189.1|",97.333,150,4,0,1,150,1656767,1656618,9.04e-64,255,1304,1304,"Streptococcus salivarius","Streptococcus","salivarius"
"ti|1304|org|Streptococcus_salivarius|accession|NZ_CP009913.1","gi|1782754864|gb|CP018186.1|",97.333,150,4,0,1,150,1656792,1656643,9.04e-64,255,1304,1304,"Streptococcus salivarius","Streptococcus","salivarius"
"ti|1304|org|Streptococcus_salivarius|accession|NZ_CP009913.1","gi|1539722317|emb|LR134274.1|",100,150,0,0,1,150,1770529,1770678,1.93e-70,278,1304,1304,"Streptococcus salivarius","Streptococcus","salivarius"
"ti|1304|org|Streptococcus_salivarius|accession|NZ_CP009913.1","gi|1181539650|gb|CP015282.1|",100,150,0,0,1,150,1939732,1939583,1.93e-70,278,1304,1304,"Streptococcus salivarius","Streptococcus","salivarius"
"ti|1304|org|Streptococcus_salivarius|accession|NZ_CP009913.1","gi|984708306|gb|CP014144.1|",100,150,0,0,1,150,1651965,1651816,1.93e-70,278,1304,1304,"Streptococcus salivarius","Streptococcus","salivarius"
"ti|1304|org|Streptococcus_salivarius|accession|NZ_CP009913.1","gi|723626758|gb|CP009913.1|",100,150,0,0,1,150,1759179,1759328,1.93e-70,278,1304,1304,"Streptococcus salivarius","Streptococcus","salivarius"
"ti|1304|org|Streptococcus_salivarius|accession|NZ_CP009913.1","gi|2222458234|gb|CP090007.1|",100,150,0,0,1,150,698417,698566,1.93e-70,278,1304,1304,"Streptococcus salivarius","Streptococcus","salivarius"
"ti|1304|org|Streptococcus_salivarius|accession|NZ_CP009913.1","gi|338744031|emb|FR873482.1|",100,150,0,0,1,150,1779415,1779564,1.93e-70,278,347253,1304,"Streptococcus salivarius","Streptococcus","salivarius"
"ti|1304|org|Streptococcus_salivarius|accession|NZ_CP009913.1","gi|1782756796|gb|CP018187.1|",99.333,150,1,0,1,150,1808024,1808173,8.98e-69,272,1304,1304,"Streptococcus salivarius","Streptococcus","salivarius"
"ti|1304|org|Streptococcus_salivarius|accession|NZ_CP009913.1","gi|1881673923|gb|CP054153.1|",98.667,150,2,0,1,150,1680815,1680964,4.18e-67,267,1304,1304,"Streptococcus salivarius","Streptococcus","salivarius"
"ti|1304|org|Streptococcus_salivarius|accession|NZ_CP009913.1","gi|338741860|emb|FR873481.1|",96.667,150,5,0,1,150,1765563,1765712,4.21e-62,250,1048332,1304,"Streptococcus salivarius","Streptococcus","salivarius"
"ti|1304|org|Streptococcus_salivarius|accession|NZ_CP009913.1","gi|339291081|gb|CP002888.1|",96,150,6,0,1,150,428521,428372,1.96e-60,244,1046629,1304,"Streptococcus salivarius","Streptococcus","salivarius"
"ti|1304|org|Streptococcus_salivarius|accession|NZ_CP009913.1","gi|1352481858|gb|CP020431.2|",100,150,0,0,1,150,124752,124901,1.93e-70,278,1839799,1304,"Streptococcus salivarius","Streptococcus","sp. FDAARGOS_192"
"ti|1304|org|Streptococcus_salivarius|accession|NZ_CP009913.1","gi|1352481516|gb|CP020438.2|",100,150,0,0,1,150,1062994,1063143,1.93e-70,278,1335,1304,"Streptococcus salivarius","Streptococcus","equinus"
"ti|1304|org|Streptococcus_salivarius|accession|NZ_CP009913.1","gi|1948620918|gb|CP066093.1|",100,150,0,0,1,150,1722964,1722815,1.93e-70,278,1304,1304,"Streptococcus salivarius","Streptococcus","salivarius"
"ti|1304|org|Streptococcus_salivarius|accession|NZ_CP009913.1","gi|1881673923|gb|CP054153.1|",100,150,0,0,1,150,480941,481090,1.93e-70,278,1304,1304,"Streptococcus salivarius","Streptococcus","salivarius"
"ti|1304|org|Streptococcus_salivarius|accession|NZ_CP009913.1","gi|338744031|emb|FR873482.1|",100,150,0,0,1,150,499457,499606,1.93e-70,278,347253,1304,"Streptococcus salivarius","Streptococcus","salivarius"
"ti|1304|org|Streptococcus_salivarius|accession|NZ_CP009913.1","gi|1782758915|gb|CP018189.1|",99.333,150,1,0,1,150,1643286,1643137,8.98e-69,272,1304,1304,"Streptococcus salivarius","Streptococcus","salivarius"
"ti|1304|org|Streptococcus_salivarius|accession|NZ_CP009913.1","gi|1782754864|gb|CP018186.1|",99.333,150,1,0,1,150,1643311,1643162,8.98e-69,272,1304,1304,"Streptococcus salivarius","Streptococcus","salivarius"
"ti|1304|org|Streptococcus_salivarius|accession|NZ_CP009913.1","gi|1735232771|gb|CP040804.1|",99.333,150,1,0,1,150,731997,732146,8.98e-69,272,1304,1304,"Streptococcus salivarius","Streptococcus","salivarius"
"ti|1304|org|Streptococcus_salivarius|accession|NZ_CP009913.1","gi|1403349419|emb|LS483366.1|",99.333,150,1,0,1,150,1642707,1642558,8.98e-69,272,1304,1304,"Streptococcus salivarius","Streptococcus","salivarius"
"ti|1304|org|Streptococcus_salivarius|accession|NZ_CP009913.1","gi|1181541468|gb|CP015283.1|",99.333,150,1,0,1,150,1413,1264,8.98e-69,272,1304,1304,"Streptococcus salivarius","Streptococcus","salivarius"
