name	taxID	taxRank	genomeSize	numReads	numUniqueReads	abundance
Azorhizobium caulinodans	7	species	5369772	1	1	0.0
Buchnera aphidicola	9	species	619958	5	2	0.0
Cellulomonas gilvus	11	species	3526441	2	2	0.0
Dictyoglomus thermophilum	14	species	1959987	4	3	0.0
Pelobacter carbinolicus	19	species	3665893	4	4	0.0
Shewanella putrefaciens	24	species	4749735	2	1	0.0
Myxococcus fulvus	33	species	10026214	5	1	0.0
Myxococcus xanthus	34	species	9139763	3	1	0.0
Stigmatella aurantiaca	41	species	10260756	1	1	0.0
Archangium gephyra	48	species	12489432	5	5	0.0
Chondromyces crocatus	52	species	11388132	3	2	0.0
Sorangium cellulosum	56	species	13907952	5	4	0.0
Hyphomicrobium	81	genus	0	1	0	0.0
Cyclobacterium marinum	104	species	6221273	4	2	0.0
Runella slithyformis	106	species	6919729	7	7	0.0
Rubinisphaera brasiliensis	119	species	6006602	1	1	0.0
Planctopirus limnophila	120	species	5460085	7	6	0.0
Pirellula staleyi	125	species	6196199	1	0	0.0
Borreliella burgdorferi	139	species	1329613	2	0	0.0
Spirochaeta thermophila	154	species	2516433	1	1	0.0
Treponema denticola	158	species	2843201	3	3	0.0
Brachyspira hyodysenteriae	159	species	3055339	4	2	0.0
Treponema succinifaciens	167	species	2897425	25	8	0.000284168
Leptospira biflexa	172	species	3953768	6	5	0.0
Leptospira interrogans	173	species	5395453	1	1	0.0
Leptospira borgpetersenii	174	species	3948532	1	1	0.0
Leptospirillum ferrooxidans	180	species	2559538	2	1	0.0
Azospirillum brasilense	192	species	13978806	8	6	0.0
Azospirillum lipoferum	193	species	7223069	3	2	0.0
Campylobacter coli	195	species	5104439	9	7	2.95167e-05
Campylobacter fetus	196	species	1876301	2	2	0.0
Campylobacter jejuni	197	species	6156435	8	4	1.71192e-72
Campylobacter concisus	199	species	1969727	2	2	0.0
Campylobacter curvus	200	species	1971270	1	0	0.0
Campylobacter lari	201	species	1576113	2	2	0.0
Helicobacter pylori	210	species	2044699	7	7	0.0
Helicobacter cinaedi	213	species	2170766	1	1	0.0
Helicobacter mustelae	217	species	1578097	1	0	0.0
Pseudoalteromonas haloplanktis	228	species	3850272	1	0	0.0
Brucella abortus	235	species	5108028	1	0	0.0
Brucella ovis	236	species	3275590	2	0	0.0
Francisella tularensis	263	species	2777166	5	3	0.0
Paracoccus denitrificans	266	species	5236194	3	2	0.0
Thermus thermophilus	274	species	2214494	1	1	0.0
Meiothermus ruber	277	species	3097457	2	2	0.0
Xanthobacter autotrophicus	280	species	5625098	3	2	0.0
Comamonas testosteroni	285	species	5695231	10	7	6.1011e-225
Pseudomonas	286	genus	0	2	0	0.0
Pseudomonas aeruginosa	287	species	22457305	26	9	3.85195e-109
Pseudoalteromonas atlantica	288	species	5187005	2	1	0.0
Burkholderia cepacia	292	species	13365495	13	3	0.0
Pseudomonas fluorescens	294	species	14826544	15	9	0.0
Pseudomonas fragi	296	species	5101809	1	0	0.0
Pseudomonas mendocina	300	species	5293211	4	3	0.0
Pseudomonas putida	303	species	6888188	18	4	3.34643e-95
Ralstonia solanacearum	305	species	11186335	9	6	0.0
Pseudomonas stutzeri	316	species	7755802	15	6	2.13791e-100
Pseudomonas syringae	317	species	6129101	7	3	0.0
Ralstonia pickettii	329	species	6378979	27	8	4.47571e-22
Pseudomonas pseudoalcaligenes	330	species	4691662	2	0	0.0
Burkholderia glumae	337	species	7333967	4	1	0.0
Xanthomonas	338	genus	0	1	0	0.0
Xanthomonas campestris	339	species	7063896	7	4	0.0
Xanthomonas translucens	343	species	4638247	3	1	0.0
Xanthomonas citri	346	species	17318955	1	1	0.0
Xanthomonas oryzae	347	species	17545599	3	2	0.0
Azotobacter chroococcum	353	species	5192286	6	2	0.0
Azotobacter vinelandii	354	species	5351632	7	2	0.0
Agrobacterium tumefaciens	358	species	9211775	7	0	0.0
Agrobacterium vitis	373	species	6320946	6	4	0.0
Bradyrhizobium japonicum	375	species	9215796	1	1	0.0
Bradyrhizobium sp.	376	species	7547693	4	3	0.0
Rhizobium	379	genus	0	2	0	0.0
Sinorhizobium fredii	380	species	6891900	1	0	0.0
Mesorhizobium loti	381	species	7539018	4	3	0.0
Sinorhizobium meliloti	382	species	6962835	4	2	0.0
Rhizobium leguminosarum	384	species	7369497	12	7	0.0
Rhizobium phaseoli	396	species	87841097	6	0	0.0
Rhizobium tropici	398	species	6686334	4	3	0.0
Neorhizobium galegae	399	species	6434105	4	2	0.0
Methylobacillus flagellatus	405	species	2971517	1	1	0.0
Methylobacterium	407	genus	0	1	0	0.0
Methylobacterium extorquens	408	species	6163878	5	1	0.0
Methylomonas methanica	421	species	5051681	3	1	0.0
Acetobacter pasteurianus	438	species	3216979	3	1	0.0
Gluconobacter oxydans	442	species	3306867	5	3	0.0
Legionella pneumophila	446	species	15688009	1	0	0.0
Legionella hackeliae	449	species	3570857	2	2	0.0
Legionella longbeachae	450	species	4149158	3	0	0.0
Tatlockia micdadei	451	species	3310028	2	1	0.0
Acinetobacter	469	genus	0	1	0	0.0
Acinetobacter baumannii	470	species	11595472	13	3	1.6891e-151
Neisseria lactamica	486	species	2220606	2	1	0.0
Neisseria meningitidis	487	species	8508873	3	2	0.0
Neisseria elongata	495	species	2256647	5	4	0.0
Thermomicrobium roseum	500	species	2920744	1	0	0.0
Kingella kingae	504	species	2140065	2	1	0.0
Alcaligenes faecalis	511	species	4248684	3	2	2.43789e-209
Bordetella bronchiseptica	518	species	6491145	11	6	0.0
Bordetella parapertussis	519	species	4815611	3	0	0.0
Bordetella pertussis	520	species	48698463	4	0	0.0
Acidiphilium cryptum	524	species	3963080	3	0	0.0
Ochrobactrum anthropi	529	species	5053471	7	2	0.0
Chromobacterium violaceum	536	species	4751080	2	0	0.0
Zymomonas mobilis	542	species	2426073	2	2	0.0
Enterobacteriaceae	543	family	0	2	0	0.0
Citrobacter koseri	545	species	4735357	7	1	2.51912e-143
Citrobacter freundii	546	species	16193243	39	2	1.78216e-107
[Enterobacter] aerogenes	548	species	10750562	34	2	1.1652e-91
Pantoea agglomerans	549	species	9924054	3	1	0.0
Enterobacter cloacae	550	species	10083180	44	2	1.53434e-80
Pantoea ananatis	553	species	4842757	2	2	0.0
Pectobacterium carotovorum	554	species	4852842	2	0	0.0
Escherichia coli	562	species	12319210	1630	1066	0.0164029
Shimwellia blattae	563	species	4158725	2	1	0.0
Escherichia fergusonii	564	species	4643861	20	0	1.01442e-66
Hafnia alvei	569	species	6928293	7	3	0.0
Klebsiella oxytoca	571	species	16779606	44	2	4.45414e-90
Klebsiella pneumoniae	573	species	15713353	2571	1793	0.0182464
Morganella morganii	582	species	3853791	1	0	0.0
Proteus mirabilis	584	species	5337360	19	2	1.09173e-94
Proteus vulgaris	585	species	3794983	4	0	2.29317e-172
Providencia stuartii	588	species	6521015	5	1	6.28979e-177
Serratia	613	genus	0	1	0	0.0
Serratia liquefaciens	614	species	7946985	2	2	0.0
Serratia marcescens	615	species	8465231	16	6	1.80051e-99
Shigella boydii	621	species	4698475	198	3	0.000173768
Shigella dysenteriae	622	species	4560911	217	8	0.000394339
Shigella flexneri	623	species	4763519	179	3	6.74585e-05
Shigella sonnei	624	species	6798914	196	0	0
Xenorhabdus nematophila	628	species	4586662	2	2	0.0
Yersinia enterocolitica	630	species	14308813	3	1	0.0
Yersinia pestis	632	species	7124135	6	0	7.37261e-145
Yersinia pseudotuberculosis	633	species	9565781	6	1	2.83789e-173
Edwardsiella	635	genus	0	1	0	0.0
Edwardsiella tarda	636	species	3717889	4	1	2.17225e-143
Aeromonas hydrophila	644	species	7739252	31	13	1.09204e-131
Aeromonas salmonicida	645	species	5040536	3	1	2.47776e-185
Aeromonas media	651	species	4788430	7	2	0.0
Aeromonas schubertii	652	species	4400034	3	1	6.25489e-198
Aeromonas veronii	654	species	7214925	24	4	1.44845e-97
Vibrio	662	genus	0	2	0	0.0
Vibrio alginolyticus	663	species	8138835	2	2	0.0
Vibrio cholerae	666	species	6170861	18	1	3.75751e-98
Aliivibrio fischeri	668	species	4273718	3	3	0.0
Vibrio parahaemolyticus	670	species	10344823	2	2	0.0
Vibrio vulnificus	672	species	10215744	2	2	0.0
Grimontia hollisae	673	species	3998273	2	2	0.0
Vibrio mimicus	674	species	8922704	3	1	0.0
Vibrio fluvialis	676	species	4827724	1	1	0.0
Vibrio campbellii	680	species	12090206	1	1	0.0
Vibrio natriegens	691	species	10692018	4	1	0.0
Plesiomonas shigelloides	703	species	3405979	2	0	0.0
Actinobacillus	713	genus	0	1	0	0.0
Aggregatibacter actinomycetemcomitans	714	species	4378647	3	2	0.0
Actinobacillus suis	716	species	2501598	1	1	0.0
Actinobacillus equuli	718	species	2431533	1	0	0.0
Haemophilus influenzae	727	species	2672708	5	4	0.0
Haemophilus parainfluenzae	729	species	2086875	1	1	0.0
Aggregatibacter aphrophilus	732	species	3520359	1	0	0.0
[Haemophilus] parasuis	738	species	4546750	3	3	0.0
Pasteurella	745	genus	0	1	0	0.0
Pasteurella multocida	747	species	2546987	5	3	2.48628e-126
Gallibacterium anatis	750	species	2694139	1	0	0.0
Bartonella bacilliformis	774	species	1444212	2	1	0.0
Coxiella burnetii	777	species	2076694	1	1	0.0
Rickettsia conorii	781	species	1268755	1	0	0.0
Rickettsia prowazekii	782	species	1111249	1	0	0.0
Rickettsia rickettsii	783	species	1265141	1	0	0.0
Rickettsia akari	786	species	1231060	1	0	0.0
Rickettsia australis	787	species	1323280	1	0	0.0
Bartonella quintana	803	species	1584515	1	0	0.0
Bacteroides fragilis	817	species	7824806	2402	1957	0.0305654
Bacteroides thetaiotaomicron	818	species	6390542	3464	3167	0.0389127
Bacteroides vulgatus	821	species	5163189	2090	1825	0.0396483
Parabacteroides distasonis	823	species	4811379	1243	1211	0.00633119
Sebaldella termitidis	826	species	4486650	6	6	0.0
Campylobacter ureolyticus	827	species	1641887	1	1	0.0
Fibrobacter succinogenes	833	species	7685639	6	6	0.0
Porphyromonas gingivalis	837	species	2343668	30	19	1.98882e-184
Prevotella ruminicola	839	species	3619559	47	38	0.0
Wolinella succinogenes	844	species	2110355	1	1	0.0
Fusobacterium nucleatum	851	species	2948417	13	10	0.0
Dichelobacter nodosus	870	species	1389350	1	0	0.0
Desulfovibrio africanus	873	species	4200534	3	3	0.0
Desulfovibrio desulfuricans	876	species	3366008	30	24	0.0
Desulfovibrio salexigens	880	species	4289847	2	1	0.0
Desulfovibrio vulgaris	881	species	3802302	34	31	0.0
Desulfuromonas	890	genus	0	1	0	0.0
Desulfobulbus propionicus	894	species	3851869	2	2	0.0
Desulfococcus multivorans	897	species	4455399	2	2	0.0
Desulfomicrobium baculatum	899	species	3942657	4	4	0.0
Acidaminococcus fermentans	905	species	2329769	16	14	0.0
Megasphaera elsdenii	907	species	2504349	668	653	0.00899743
Nitrobacter winogradskyi	913	species	3402093	2	2	0.0
Nitrosomonas europaea	915	species	2812094	1	0	0.0
Starkeya novella	921	species	4765023	2	0	0.0
Hydrogenobacter thermophilus	940	species	3486067	1	1	0.0
Anaplasma phagocytophilum	948	species	1493914	1	1	0.0
Francisella persica	954	species	3057444	1	1	0.0
Bdellovibrio bacteriovorus	959	species	3652240	11	8	0.0
Herbaspirillum seropedicae	964	species	8221139	8	4	0.0
Selenomonas ruminantium	971	species	3631933	9	4	0.0
Cellulophaga lytica	979	species	3795066	6	5	0.0
Pedobacter heparinus	984	species	5167383	12	11	0.0
Cytophaga hutchinsonii	985	species	4433218	5	3	0.0
Flavobacterium johnsoniae	986	species	5603295	8	7	0.0
Solitalea canadensis	995	species	5202069	3	1	0.0
Flavobacterium columnare	996	species	6492116	2	2	0.0
Flexibacter litoralis	999	species	4919337	3	2	0.0
Marivirga tractuosa	1006	species	4516490	3	2	0.0
Weeksella virosa	1014	species	2272954	1	1	0.0
Capnocytophaga ochracea	1018	species	2612925	4	0	0.0
Allochromatium vinosum	1049	species	3669074	2	0	0.0
Halorhodospira halophila	1053	species	2678452	3	2	0.0
Rhodobacter capsulatus	1061	species	3871920	2	1	0.0
Rhodobacter sphaeroides	1063	species	5768316	2	2	0.0
Rhodopseudomonas palustris	1076	species	5408501	11	8	0.0
Blastochloris viridis	1079	species	11174693	3	1	0.0
Pararhodospirillum photometricum	1084	species	3876289	1	1	0.0
Rhodospirillum rubrum	1085	species	4379691	2	1	0.0
Chlorobium limicola	1092	species	2763181	3	2	0.0
Chlorobium phaeobacteroides	1096	species	2935152	9	9	0.0
Chlorobaculum tepidum	1097	species	2154946	2	1	0.0
Pelodictyon luteolum	1100	species	2364842	1	1	0.0
Prosthecochloris aestuarii	1102	species	2579695	2	2	0.0
Chloroflexus aurantiacus	1108	species	5258541	1	0	0.0
Microcystis aeruginosa	1126	species	4810004	4	4	0.0
Synechocystis sp. PCC 6714	1147	species	3738889	1	1	0.0
Synechocystis sp. PCC 6803	1148	species	6436711	1	1	0.0
Trichormus azollae	1164	species	5486145	1	0	0.0
Anabaena cylindrica	1165	species	7063285	1	1	0.0
Trichodesmium erythraeum	1206	species	7750108	1	1	0.0
Prochlorococcus marinus	1219	species	1879471	5	4	0.0
Nitrosococcus oceani	1229	species	3522111	1	1	0.0
Piscirickettsia salmonis	1238	species	10317144	3	3	0.0
Leuconostoc gelidum	1244	species	1966103	2	0	0.0
Leuconostoc mesenteroides	1245	species	1966146	1	1	0.0
Pediococcus acidilactici	1254	species	2131361	1	0	0.0
Pediococcus pentosaceus	1255	species	1817384	1	1	0.0
Finegoldia magna	1260	species	1986740	316	315	0.000227508
Ruminococcus albus	1264	species	4482087	19	13	0.0
Micrococcus luteus	1270	species	2501097	2	0	0.0
Dermacoccus nishinomiyaensis	1274	species	3113642	2	1	0.0
Kytococcus sedentarius	1276	species	2785024	4	3	0.0
Staphylococcus aureus	1280	species	7252422	8	3	1.46857e-188
Staphylococcus carnosus	1281	species	2605765	2	2	0.0
Staphylococcus epidermidis	1282	species	3296362	4	3	0.0
Staphylococcus haemolyticus	1283	species	2629003	6	3	0.0
Staphylococcus hyicus	1284	species	2472129	4	1	0.0
Staphylococcus simulans	1286	species	2647552	2	1	0.0
Staphylococcus xylosus	1288	species	8411206	2	2	0.0
Staphylococcus warneri	1292	species	2560716	4	3	0.0
Staphylococcus schleiferi	1295	species	12494798	5	4	0.0
Deinococcus radiodurans	1299	species	6628921	3	2	0.0
Streptococcus gordonii	1302	species	3335036	10	3	1.27787e-162
Streptococcus oralis	1303	species	1958690	5	2	1.09633e-177
Streptococcus salivarius	1304	species	3636237	645	630	0.0221286
Streptococcus sanguinis	1305	species	2388435	6	1	3.46435e-140
Streptococcus suis	1307	species	2683756	50	29	0.00102025
Streptococcus thermophilus	1308	species	3463400	511	498	0.0138472
Streptococcus mutans	1309	species	2017559	4	0	0.0
Streptococcus agalactiae	1311	species	5721038	41	23	5.27076e-05
Streptococcus pneumoniae	1313	species	2272871	10	5	1.74107e-184
Streptococcus pyogenes	1314	species	4096430	20	11	3.5497e-23
Streptococcus parasanguinis	1318	species	2162630	614	606	0.0378039
Streptococcus anginosus	1328	species	2557124	27	12	0.0
Streptococcus dysgalactiae	1334	species	2149105	3	2	0.0
Streptococcus equi	1336	species	2140495	4	3	0.0
Streptococcus intermedius	1338	species	1963517	6	3	8.46278e-178
Streptococcus iniae	1346	species	2086959	2	0	1.38618e-180
Streptococcus parauberis	1348	species	2143887	6	2	8.16218e-182
Streptococcus uberis	1349	species	1852352	2	1	3.88215e-175
Enterococcus faecalis	1351	species	3401628	29	12	0.000137019
Enterococcus faecium	1352	species	5898717	793	761	0.013049
Enterococcus gallinarum	1353	species	3821349	6	2	1.69141e-128
Enterococcus hirae	1354	species	2908247	13	2	5.00505e-62
Lactococcus lactis	1358	species	2704731	19	16	0.0
Lactococcus garvieae	1363	species	1957049	2	1	0.0
Lactococcus piscium	1364	species	2503066	3	3	0.0
Planococcus kocurii	1374	species	3485580	3	2	0.0
Aerococcus urinae	1376	species	2027618	3	1	0.0
Aerococcus viridans	1377	species	2199877	4	1	5.22208e-18
Atopobium parvulum	1382	species	1543805	4	4	0.0
Bacillus amyloliquefaciens	1390	species	5608910	2	0	0.0
Bacillus anthracis	1392	species	17446789	3	0	0.0
Brevibacillus brevis	1393	species	6296436	8	6	0.0
Bacillus cereus	1396	species	9676532	18	2	0.0
Bacillus coagulans	1398	species	4327944	6	2	0.0
Bacillus licheniformis	1402	species	8559910	3	1	0.0
Bacillus megaterium	1404	species	5334474	12	7	0.0
Bacillus mycoides	1405	species	11312355	10	4	0.0
Paenibacillus polymyxa	1406	species	6883167	14	7	0.0
Bacillus pumilus	1408	species	20721195	11	6	0.0
Bacillus sp.	1409	species	4233615	6	0	0.0
Bacillus cellulosilyticus	1413	species	4681672	2	1	0.0
Lysinibacillus sphaericus	1421	species	14371778	4	3	0.0
Geobacillus stearothermophilus	1422	species	3676494	2	0	0.0
Bacillus subtilis	1423	species	7550081	16	4	0.0
Parageobacillus thermoglucosidans	1426	species	5935916	3	0	0.0
Bacillus thuringiensis	1428	species	10269592	36	11	0.0
Amphibacillus xylanus	1449	species	2569486	1	1	0.0
Bacillus atrophaeus	1452	species	4171548	3	0	0.0
Geobacillus kaustophilus	1462	species	3592666	4	0	0.0
Paenibacillus larvae	1464	species	4056006	6	4	0.0
Brevibacillus laterosporus	1465	species	5153859	3	2	0.0
Bacillus methanolicus	1471	species	3425208	4	3	0.0
Sporosarcina psychrophila	1476	species	4674191	2	1	0.0
Bacillus simplex	1478	species	5521719	3	3	0.0
Bacillus smithii	1479	species	3381292	3	1	0.0
Clostridium acetobutylicum	1488	species	4136895	10	7	0.0
Clostridium botulinum	1491	species	4637504	36	25	0.0
Clostridium butyricum	1492	species	13843423	8	5	0.0
Clostridium cellulovorans	1493	species	5262222	17	8	5.66015e-66
Clostridioides difficile	1496	species	6297836	122	109	0.000168073
Clostridium formicaceticum	1497	species	4586755	8	4	0.0
Clostridium pasteurianum	1501	species	7159922	26	17	0.0
Clostridium perfringens	1502	species	6907798	12	10	0.0
Clostridium sporogenes	1509	species	8284974	5	1	0.0
[Clostridium] stercorarium	1510	species	4042789	6	6	0.0
Acetoanaerobium sticklandii	1511	species	2715461	8	6	0.0
Clostridium tetani	1513	species	2869591	15	11	0.0
Ruminiclostridium thermocellum	1515	species	3634338	10	9	0.0
Thermoanaerobacterium thermosaccharolyticum	1517	species	2840014	9	7	0.0
Clostridium tyrobutyricum	1519	species	3134437	9	6	0.0
Clostridium beijerinckii	1520	species	6161692	19	10	0.0
[Clostridium] cellulolyticum	1521	species	4068724	9	4	0.0
Moorella thermoacetica	1525	species	5377887	1	1	0.0
Clostridium kluyveri	1534	species	3989551	8	4	0.0
Clostridium ljungdahlii	1538	species	4630065	14	3	0.0
Clostridium novyi	1542	species	2547720	4	2	0.0
Clostridium scatologenes	1548	species	5749410	13	10	0.0
Gottschalkia acidurici	1556	species	3108248	6	4	0.0
Clostridium baratii	1561	species	3338630	11	8	0.0
Desulfosporosinus orientis	1563	species	5863081	6	4	0.0
Desulfotomaculum ruminis	1564	species	3969014	6	4	0.0
Desulfotomaculum nigrificans	1565	species	2892255	1	1	0.0
Halobacillus halophilus	1570	species	4170008	4	2	0.0
Leifsonia xyli	1575	species	2955779	5	5	0.0
Lactobacillus acidophilus	1579	species	2018718	17	2	0.000165137
Lactobacillus brevis	1580	species	2493592	1	0	0.0
Lactobacillus buchneri	1581	species	2575738	1	0	0.0
Lactobacillus casei	1582	species	3039836	8	5	4.9564e-05
Lactobacillus helveticus	1587	species	3148198	8	2	6.36095e-220
Lactobacillus plantarum	1590	species	8684028	1	0	0.0
Lactobacillus gasseri	1596	species	1894360	3	2	0.0
Lactobacillus paracasei	1597	species	4200086	3	0	0
Lactobacillus reuteri	1598	species	2811237	10	1	3.0715e-145
Lactobacillus sakei	1599	species	1884661	2	0	0.0
Lactobacillus acetotolerans	1600	species	1704859	3	3	0.0
Lactobacillus amylovorus	1604	species	1977087	8	0	5.93241e-154
Lactobacillus fermentum	1613	species	2108824	3	0	3.74895e-133
Lactobacillus ruminis	1623	species	2066652	587	587	0.0357956
Lactobacillus salivarius	1624	species	2663133	7	3	0.0
Lactobacillus sanfranciscensis	1625	species	1375770	3	2	0.0
Listeria ivanovii	1638	species	3701623	6	4	0.0
Listeria monocytogenes	1639	species	5926303	9	7	0.0
Listeria seeligeri	1640	species	2797636	2	0	0.0
Listeria innocua	1642	species	3093113	1	1	0.0
Listeria welshimeri	1643	species	2814130	1	1	0.0
Erysipelothrix rhusiopathiae	1648	species	2398466	5	3	0.0
Trueperella pyogenes	1661	species	3453353	3	2	0.0
Bifidobacterium adolescentis	1680	species	3233293	612	583	0.0187991
Bifidobacterium bifidum	1681	species	2209322	621	597	0.0192093
Bifidobacterium angulatum	1683	species	2043306	574	562	0.0282469
Bifidobacterium asteroides	1684	species	2167304	3	2	0.0
Bifidobacterium breve	1685	species	2328021	44	11	0.000277826
Bifidobacterium catenulatum	1686	species	2079525	619	541	0.0423968
Bifidobacterium coryneforme	1687	species	1755151	2	1	0.0
Bifidobacterium dentium	1689	species	2636018	5	2	1.16674e-158
Bifidobacterium indicum	1691	species	1734546	1	0	0.0
Bifidobacterium pseudolongum	1694	species	2032698	10	2	1.03066e-143
Brevibacterium linens	1703	species	8072179	1	1	0.0
Cellulomonas fimi	1708	species	4266344	3	1	0.0
Cellulomonas flavigena	1711	species	4123179	3	1	0.0
Corynebacterium	1716	genus	0	1	0	0.0
Corynebacterium diphtheriae	1717	species	2468991	8	0	2.72071e-30
Corynebacterium glutamicum	1718	species	6155998	2	1	0.0
Corynebacterium pseudotuberculosis	1719	species	6595197	2	0	0.0
Corynebacterium callunae	1721	species	2928683	2	0	0.0
Corynebacterium variabile	1727	species	3433007	1	0	0.0
Peptoclostridium acidaminophilum	1731	species	3055036	3	3	0.0
Eubacterium limosum	1736	species	4233519	43	37	0.000213533
Thermodesulfobacterium commune	1741	species	1764045	1	1	0.0
Propionibacterium freudenreichii	1744	species	2646865	2	0	0.0
Propionibacterium acnes	1747	species	3361368	4	3	0.0
Acidipropionibacterium acidipropionici	1748	species	7323316	3	3	0.0
Pseudopropionibacterium propionicum	1750	species	3449360	3	2	0.0
Mycobacterium avium	1764	species	6028446	5	3	0.0
Mycobacterium bovis	1765	species	6302864	1	0	0.0
Mycobacterium fortuitum	1766	species	6254616	1	0	0.0
Mycobacterium intracellulare	1767	species	5374059	1	0	0.0
Mycobacterium phlei	1771	species	5349645	3	0	0.0
Mycobacterium smegmatis	1772	species	20962296	3	2	0.0
Mycobacterium tuberculosis	1773	species	7403540	1	0	0.0
Mycobacterium marinum	1781	species	6555333	4	1	0.0
Mycobacterium chubuense	1800	species	6342624	2	0	0.0
Mycobacterium gilvum	1804	species	5883060	1	1	0.0
Mycobacterium vaccae	1810	species	6235754	3	0	0.0
Amycolatopsis methanolica	1814	species	7237391	3	1	0.0
Rhodococcus fascians	1828	species	5502110	1	1	0.0
Rhodococcus erythropolis	1833	species	6734667	1	1	0.0
Saccharopolyspora erythraea	1836	species	8212805	1	1	0.0
Saccharomonospora viridis	1852	species	4308349	3	3	0.0
Frankia alni	1859	species	7497934	3	3	0.0
Geodermatophilus obscurus	1861	species	5322497	4	1	0.0
Actinoplanes missouriensis	1866	species	8773466	3	0	0.0
Streptomyces albus	1888	species	15352626	4	0	0.0
Streptomyces ambofaciens	1889	species	8265737	4	2	0.0
Streptomyces clavuligerus	1901	species	7590758	2	2	0.0
Streptomyces coelicolor	1902	species	9054847	2	1	0.0
Streptomyces glaucescens	1907	species	7623774	2	0	0.0
Streptomyces globisporus	1908	species	7783599	1	0	0.0
Streptomyces griseus	1911	species	8545929	2	1	0.0
Streptomyces hygroscopicus	1912	species	10333189	4	2	0.0
Streptomyces lincolnensis	1915	species	10319054	5	3	0.0
Streptomyces lividans	1916	species	8345283	1	1	0.0
Streptomyces reticuli	1926	species	9336224	4	1	0.0
Streptomyces scabiei	1930	species	10148695	4	2	0.0
Streptomyces noursei	1971	species	9815884	2	0	0.0
Streptosporangium roseum	2001	species	10369518	6	3	0.0
Thermobispora bispora	2006	species	4189976	1	1	0.0
Nocardiopsis dassonvillei	2014	species	6543312	3	2	0.0
Thermomonospora curvata	2020	species	5639016	3	2	0.0
Thermobifida fusca	2021	species	3642249	3	1	0.0
Microbacterium testaceum	2033	species	3982034	3	2	0.0
Aeromicrobium erythreum	2041	species	3629239	2	1	0.0
Pimelobacter simplex	2045	species	5637360	3	3	0.0
Rothia dentocariosa	2047	species	2506025	1	1	0.0
Mobiluncus curtisii	2051	species	2146480	7	1	0.00022479
Gordonia bronchialis	2054	species	5290012	2	2	0.0
Gordonia terrae	2055	species	5701501	2	1	0.0
Sphaerobacter thermophilus	2057	species	3993764	2	1	0.0
Tsukamurella paurometabola	2061	species	4479724	1	1	0.0
Kitasatospora setae	2066	species	8783278	4	2	0.0
Mycoplasma capricolum	2095	species	1692864	1	0	0.0
Mycoplasma gallisepticum	2096	species	968554	2	2	0.0
Mycoplasma hyopneumoniae	2099	species	909234	1	1	0.0
Mycoplasma mycoides	2102	species	2100167	1	1	0.0
Mycoplasma leachii	2105	species	1008951	1	0	0.0
Mycoplasma agalactiae	2110	species	942070	3	2	0.0
Mycoplasma arthritidis	2111	species	820453	1	1	0.0
Mycoplasma californicum	2113	species	796464	3	2	0.0
Mycoplasma fermentans	2115	species	1048137	3	2	0.0
Mycoplasma putrefaciens	2123	species	846299	1	1	0.0
Ureaplasma urealyticum	2130	species	874478	1	1	0.0
Spiroplasma taiwanense	2145	species	1086278	2	2	0.0
Acholeplasma laidlawii	2148	species	1496992	4	2	0.0
Mesoplasma florum	2151	species	809524	2	1	0.0
Methanobacterium formicicum	2162	species	7422571	1	1	0.0
Methanobrevibacter smithii	2173	species	1853160	522	522	0.0302445
Methanohalophilus mahii	2176	species	2012424	1	1	0.0
Methanococcus vannielii	2187	species	1720048	1	1	0.0
Methanococcus voltae	2188	species	1936387	3	3	0.0
Methanospirillum hungatei	2203	species	3544738	2	1	0.0
Methanosarcina barkeri	2208	species	4650840	1	1	0.0
Methanosarcina mazei	2209	species	4120463	1	0	0.0
Methanosarcina thermophila	2210	species	3127379	2	1	0.0
Methanosarcina acetivorans	2214	species	5751492	1	1	0.0
Haloarcula marismortui	2238	species	4274642	1	1	0.0
Halorubrum lacusprofundi	2247	species	3692576	1	1	0.0
Haloferax mediterranei	2252	species	3904707	1	0	0.0
Thermococcus litoralis	2265	species	2215172	1	0	0.0
Methanohalobium evestigatum	2322	species	2406232	3	2	0.0
Thermoanaerobacter kivui	2325	species	2397824	3	1	0.0
Halanaerobium praevalens	2331	species	2309262	5	4	0.0
Thermotoga maritima	2336	species	5599391	2	0	0.0
Thermotoga neapolitana	2337	species	1884562	1	0	0.0
Haliscomenobacter hydrossis	2350	species	8771651	5	5	0.0
Flexistipes sinusarabici	2352	species	2526590	2	2	0.0
Desulfomonile tiedjei	2358	species	6527027	3	3	0.0
Xylella fastidiosa	2371	species	2609554	2	2	0.0
Thermosipho africanus	2421	species	2016657	3	2	0.0
Fervidobacterium nodosum	2424	species	1948941	1	1	0.0
Teredinibacter turnerae	2426	species	5193164	2	2	0.0
Roseobacter	2433	genus	0	1	0	0.0
Roseobacter denitrificans	2434	species	4331234	2	2	0.0
Gardnerella vaginalis	2702	species	1669705	2	1	0.0
Symbiobacterium thermophilum	2734	species	3566135	2	2	0.0
Marinobacter hydrocarbonoclasticus	2743	species	4384621	3	1	0.0
Halomonas elongata	2746	species	4061296	3	2	0.0
Carnobacterium maltaromaticum	2751	species	3650416	2	1	3.10986e-157
Homo sapiens	9606	species	3238442024	442	326	0.0
Equid herpesvirus 5	10371	species	182380	1	1	0.0
Enterobacteria phage 933W	10730	leaf	61670	17	0	0
Escherichia virus HK022	10742	species	40751	1	0	1.52135e-27
Enterobacteria phage St-1	10845	species	6094	1	0	0.0
Enterobacteria phage phiK	10848	species	6089	1	0	0.0
Azoarcus	12960	genus	0	1	0	0.0
Burkholderia mallei	13373	species	18282343	8	0	0.0
Bifidobacterium animalis	28025	species	2054141	560	547	0.0395252
Bifidobacterium pseudocatenulatum	28026	species	2313752	683	622	0.0418075
Lysinibacillus fusiformis	28031	species	4843789	1	0	0.0
Staphylococcus lugdunensis	28035	species	3479969	2	2	0.0
Streptococcus mitis	28037	species	3110438	20	7	9.88013e-106
Lactobacillus curvatus	28038	species	5775917	3	1	0.0
Acidothermus cellulolyticus	28049	species	2443540	1	1	0.0
Rubrivivax gelatinosus	28068	species	5043253	4	1	0.0
Nostoc sp. PCC 7524	28072	species	6718869	1	0	0.0
Neisseria weaveri	28091	species	2188497	1	0	0.0
Burkholderia gladioli	28095	species	8975879	4	2	0.0
Alteromonas macleodii	28108	species	5557691	4	1	0.0
Francisella philomiragia	28110	species	4757195	4	1	0.0
Tannerella forsythia	28112	species	3383154	81	69	0.000133603
Bacteroides ovatus	28116	species	6473892	3270	3040	0.041815
Odoribacter splanchnicus	28118	species	4392288	1374	1305	0.03726
Porphyromonas asaccharolytica	28123	species	2186370	8	7	0.0
Prevotella denticola	28129	species	2937589	98	79	0.0
Prevotella intermedia	28131	species	2718355	147	128	0.0
Prevotella melaninogenica	28132	species	3168282	167	127	0.0
Cronobacter sakazakii	28141	species	5648091	6	0	1.4931e-176
Serratia proteamaculans	28151	species	5495657	2	0	0.0
Yersinia kristensenii	28152	species	4496569	2	1	0.0
Vibrio nigripulchritudo	28173	species	6322155	4	1	0.0
Acetohalobium arabaticum	28187	species	2469596	5	4	0.0
Capnocytophaga canimorsus	28188	species	2571406	2	1	0.0
Arcobacter butzleri	28197	species	2283719	2	2	0.0
Arcobacter nitrofigilis	28199	species	3192235	3	2	0.0
Desulfobacula toluolica	28223	species	5197905	5	3	0.0
Mycoplasma penetrans	28227	species	1358633	1	1	0.0
Colwellia psychrerythraea	28229	species	5373180	1	0	0.0
Geobacter metallireducens	28232	species	4011182	2	2	0.0
Ornithobacterium rhinotracheale	28251	species	2398521	63	29	0.000591838
Thermodesulfovibrio yellowstonii	28262	species	2003803	1	1	0.0
Arcanobacterium haemolyticum	28264	species	1986154	1	1	0.0
[Clostridium] propionicum	28446	species	3120417	12	11	0.0
Clavibacter michiganensis	28447	species	3302478	12	5	0.0
Komagataeibacter xylinus	28448	species	3905082	1	1	0.0
Burkholderia pseudomallei	28450	species	11222453	12	2	0.0
Salmonella enterica	28901	species	6689149	50	8	5.82814e-60
Mycoplasma bovis	28903	species	1562794	1	0	0.0
Methanococcoides burtonii	29291	species	2575032	2	2	0.0
Streptomyces cattleya	29303	species	16188068	2	2	0.0
Mycobacterium haemophilum	29311	species	4235765	2	1	0.0
Thermoanaerobacter brockii	29323	species	2344824	4	0	0.0
Thermoanaerobacterium xylanolyticum	29329	species	2534358	5	4	0.0
[Clostridium] cellulosi	29343	species	2229578	6	5	0.0
Cellulosilyticum lentocellum	29360	species	4714237	14	10	0.0
Staphylococcus saprophyticus	29385	species	3903594	2	2	0.0
Staphylococcus capitis	29388	species	2503265	2	1	0.0
Microlunatus phosphovorus	29405	species	5683123	2	2	0.0
Synechococcus sp. WH 8103	29410	species	2429688	2	0	0.0
Legionella oakridgensis	29423	species	2773209	2	1	0.0
Pseudomonas savastanoi	29438	species	6112448	2	1	0.0
Xanthomonas albilineans	29447	species	3852299	1	0	0.0
Rhizobium etli	29449	species	6784960	12	1	0.0
Brucella melitensis	29459	species	4250264	2	0	0.0
Brucella suis	29461	species	8101909	2	0	0.0
Veillonella parvula	29466	species	2132142	608	607	0.0388654
Pectobacterium atrosepticum	29471	species	7546597	3	2	0.0
Yersinia aldovae	29483	species	4471090	2	1	0.0
Yersinia rohdei	29485	species	4372253	2	2	0.0
Photorhabdus luminescens	29488	species	5688987	2	2	0.0
Vibrio tubiashii	29498	species	5540337	2	2	0.0
Turneriella parva	29510	species	4409302	2	2	0.0
Borreliella garinii	29519	species	933029	1	0	0.0
Pelobacter propionicus	29543	species	4241119	3	2	0.0
Lawsonia intracellularis	29546	species	1719103	2	1	0.0
Rhodothermus marinus	29549	species	3360429	4	2	0.0
Mycoplasma canis	29555	species	933117	3	1	0.0
Taylorella equigenitalis	29575	species	1713991	1	1	0.0
Caldicellulosiruptor bescii	31899	species	2931662	4	0	0.0
Halothermothrix orenii	31909	species	2578146	1	1	0.0
Amycolatopsis orientalis	31958	species	9236541	5	2	0.0
Methylobacterium radiotolerans	31998	species	6899110	2	0	0.0
Achromobacter denitrificans	32002	species	6226215	2	0	0.0
Burkholderia	32008	genus	0	1	0	0.0
Helicobacter hepaticus	32025	species	1799146	2	1	0.0
Synechococcus elongatus	32046	species	2719262	1	1	0.0
Synechococcus sp. PCC 7002	32049	species	3409935	2	0	0.0
Synechococcus sp. WH 7803	32051	species	2366980	1	1	0.0
Calothrix parietina	32054	species	6960392	2	2	0.0
Kingella	32257	genus	0	1	0	0.0
synthetic construct	32630	species	26537524	31	3	1.14234e-05
Desulfurella acetivorans	33002	species	1819992	4	4	0.0
Cutibacterium avidum	33010	species	2627993	2	1	0.0
Parvimonas micra	33033	species	1627009	3	3	0.0
Anaerococcus prevotii	33034	species	1998633	12	8	0.0
Bartonella grahamii	33045	species	2369520	4	3	0.0
Sphingopyxis macrogoltabida	33050	species	16800329	3	1	0.0
Candidatus Kinetoplastibacterium crithidii	33056	species	821871	1	1	0.0
Acidobacterium capsulatum	33075	species	4127356	5	3	0.0
Coriobacterium glomerans	33871	species	2115681	11	9	0.0
Rathayibacter tritici	33888	species	3354681	2	0	0.0
Mycobacterium africanum	33894	species	4389314	1	0	0.0
Streptomyces avermitilis	33903	species	9119895	4	3	0.0
Bifidobacterium thermophilum	33905	species	2291643	11	4	0.000155276
Amycolatopsis mediterranei	33910	species	13655759	3	2	0.0
Geobacillus thermodenitrificans	33940	species	3608012	2	1	0.0
Geobacillus thermoleovorans	33941	species	5320134	3	0	0.0
Kyrpidia tusciae	33943	species	3384766	1	0	0.0
Acetobacterium woodii	33952	species	4044777	5	3	0.0
Lactobacillus johnsonii	33959	species	1958140	10	3	1.68451e-164
Leuconostoc citreum	33964	species	1896614	4	3	0.0
Melissococcus plutonius	33970	species	2059558	1	1	0.0
Rickettsia amblyommatis	33989	species	1468548	1	0	0.0
Rickettsia rhipicephali	33992	species	1377049	1	0	0.0
Neorickettsia helminthoeca	33994	species	884232	1	0	0.0
Gluconacetobacter diazotrophicus	33996	species	7914538	2	2	0.0
Paracoccus aminophilus	34003	species	4873118	2	1	0.0
Rhodospirillum centenum	34018	species	4355543	3	3	0.0
Leptothrix cholodnii	34029	species	4909403	1	1	0.0
Rahnella aquatilis	34038	species	5656799	6	2	0.0
Moraxella osloensis	34062	species	2649137	1	1	0.0
Variovorax paradoxus	34073	species	6817856	12	7	0.0
Riemerella anatipestifer	34085	species	2813253	3	3	0.0
Pelodictyon phaeoclathratiforme	34090	species	3018238	1	1	0.0
Streptobacillus moniliformis	34105	species	1673280	7	5	0.0
Geobacter sulfurreducens	35554	species	3764200	3	1	0.0
Mycobacterium indicus pranii	35617	species	5589007	1	0	0.0
Acholeplasma oculi	35623	species	1587120	1	1	0.0
Heliobacterium modesticaldum	35701	species	3075407	5	4	0.0
Citrobacter amalonaticus	35703	species	7931914	7	4	0.0
Corynebacterium kutscheri	35755	species	2354065	3	3	0.0
Coprothermobacter proteolyticus	35786	species	1424912	1	1	0.0
Rickettsia africae	35788	species	1290917	1	0	0.0
Rickettsia parkeri	35792	species	1300386	1	0	0.0
Rickettsia slovaca	35794	species	1275404	1	0	0.0
Rhodovulum sulfidophilum	35806	species	6638597	2	2	0.0
Bordetella holmesii	35814	species	3697767	3	2	0.0
Clostridium saccharoperbutylacetonicum	36745	species	6666445	13	9	0.0
Pseudomonas cichorii	36746	species	5986012	1	1	0.0
Mycobacterium abscessus	36809	species	18231971	4	2	0.0
Mycobacterium rhodesiae	36814	species	6415739	2	2	0.0
Desulfitobacterium dehalogenans	36854	species	4321753	8	3	0.0
Brucella canis	36855	species	6599418	2	0	0.0
Thiobacillus denitrificans	36861	species	2909809	1	1	0.0
Paraburkholderia xenovorans	36873	species	19434089	5	3	2.41773e-143
Nocardia brasiliensis	37326	species	9436348	3	3	0.0
Nocardia farcinica	37329	species	6376062	5	3	0.0
Nocardia seriolae	37332	species	8304518	4	2	0.0
Marichromatium purpuratum	37487	species	3779112	3	1	0.0
Candidatus Phytoplasma mali	37692	species	601943	1	0	0.0
Enterococcus casseliflavus	37734	species	3427276	5	1	1.30421e-123
Rhodococcus opacus	37919	species	8880502	4	2	0.0
Sinomonas atrocyanea	37927	species	4492204	1	1	0.0
Corynebacterium jeikeium	38289	species	2476822	1	0	0.0
Streptomyces pristinaespiralis	38300	species	8532592	5	2	0.0
Corynebacterium vitaeruminis	38305	species	2931780	2	1	0.0
Pseudothermotoga elfii	38322	species	2169860	4	1	0.0
Acholeplasma palmae	38986	species	1554229	4	4	0.0
Methanococcus maripaludis	39152	species	1742753	5	5	0.0
[Eubacterium] eligens	39485	species	2831389	965	933	0.0393867
[Eubacterium] rectale	39491	species	3449685	1308	1271	0.0388102
Mesorhizobium ciceri	39645	species	6838036	1	1	0.0
Methanosalsum zhilinae	39669	species	2138444	4	3	0.0
Thiomicrospira crunogena	39765	species	2427734	1	0	0.0
Sulfurimonas denitrificans	39766	species	2201561	1	1	0.0
Dialister pneumosintes	39950	species	1274073	8	6	0.0
Erythrobacter litoralis	39960	species	3151875	2	1	0.0
Oligotropha carboxidovorans	40137	species	5740737	3	1	0.0
Acinetobacter johnsonii	40214	species	4081329	4	1	3.31891e-160
Aliivibrio salmonicida	40269	species	4655660	1	0	0.0
Stenotrophomonas maltophilia	40324	species	6512435	9	3	0.0
Leptotrichia buccalis	40542	species	2465610	5	4	0.0
Actinosynnema mirum	40567	species	8248144	3	2	0.0
Xenorhabdus bovienii	40576	species	4523083	7	4	0.0
Cyanothece sp. PCC 8801	41431	species	4787694	3	2	0.0
Burkholderia plantarii	41899	species	8081051	4	1	0.0
Streptomyces sampsonii	42239	species	7070328	3	1	0.0
Nitrospira moscoviensis	42253	species	4589485	3	3	0.0
Rubrobacter radiotolerans	42256	species	3267233	1	0	0.0
Marinovum algicola	42444	species	5252390	6	3	0.0
Streptomyces collinus	42684	species	8377286	2	1	0.0
Corynebacterium argentoratense	42817	species	2031902	1	0	0.0
Ammonifex degensii	42838	species	2157067	2	1	0.0
Rickettsia felis	42862	species	1587240	1	0	0.0
Methanococcus aeolicus	42879	species	1569500	1	1	0.0
Sulfolobus islandicus	43080	species	2647110	1	1	0.0
Pseudomonas alcaligenes	43263	species	4406305	2	1	0.0
Butyrivibrio proteoclasticus	43305	species	4404886	46	31	0.0
Pseudomonas denitrificans	43306	species	5696307	1	1	0.0
Kutzneria albida	43357	species	9874926	3	2	0.0
Pseudoalteromonas luteoviolacea	43657	species	18666577	1	1	0.0
Pseudoalteromonas rubra	43658	species	5913780	1	0	0.0
Paenarthrobacter aurescens	43663	species	5226648	2	0	4.40471e-85
Brachybacterium faecium	43669	species	3614992	2	2	0.0
Jonesia denitrificans	43674	species	2749646	1	0	0.0
Rothia mucilaginosa	43675	species	2278659	2	1	0.0
Lactococcus phage r1t	43685	species	33350	1	1	0.0
Corynebacterium urealyticum	43771	species	2342642	2	1	0.0
Tolumonas auensis	43948	species	3471292	2	1	0.0
Cyanothece sp. ATCC 51142	43989	species	5460377	1	0	0.0
Caldicellulosiruptor saccharolyticus	44001	species	2970275	4	2	0.0
Ferrimonas balearica	44012	species	4279159	3	2	0.0
Paenibacillus	44249	genus	0	2	0	0.0
Paenibacillus durus	44251	species	5814491	6	2	0.0
Bradyrhizobium oligotrophicum	44255	species	8264165	1	1	0.0
Nitrosomonas communis	44574	species	4067838	1	0	0.0
Nitrosomonas ureae	44577	species	3307820	1	0	0.0
Sulfurospirillum barnesii	44674	species	2510109	3	2	0.0
Desulfovibrio fairfieldensis	44742	species	3699310	46	41	0.0
Capnocytophaga haemolytica	45243	species	2688484	7	5	0.0
Streptococcus cristatus	45634	species	2142100	3	1	0.0
Desulfohalobium retbaense	45663	species	2909567	4	4	0.0
Staphylococcus pasteuri	45972	species	2559946	1	0	0.0
Anabaena sp. 90	46234	species	5305675	3	2	0.0
Thermoanaerobacter wiegelii	46354	species	2785056	3	0	0.0
Spirochaeta africana	46355	species	3285855	5	4	0.0
Sphingobium chlorophenolicum	46429	species	4573221	1	0	0.0
Thermosipho melanesiensis	46541	species	1915238	2	1	0.0
Lactobacillus rhamnosus	47715	species	3484485	3	2	1.52564e-30
Bibersteinia trehalosi	47735	species	2411529	2	0	0.0
Streptomyces lydicus	47763	species	8750753	5	3	0.0
Spiroplasma kunkelii	47834	species	1514561	2	1	0.0
Micromonospora aurantiaca	47850	species	7025559	4	1	0.0
Pseudomonas azotoformans	47878	species	6859618	2	0	0.0
Pseudomonas corrugata	47879	species	6124363	2	0	0.0
Pseudomonas fulva	47880	species	4920769	2	1	0.0
Pseudomonas oryzihabitans	47885	species	4834356	5	4	0.0
Serratia fonticola	47917	species	12326310	4	3	0.0
Acinetobacter pittii	48296	species	6018266	5	2	6.47953e-178
Xanthomonas fragariae	48664	species	8565300	1	1	0.0
Ralstonia	48736	genus	0	1	0	0.0
Candidatus Arthromitus sp. SFB-mouse	49118	species	1603201	1	1	0.0
Rubrobacter xylanophilus	49319	species	3225748	1	1	0.0
Desulfitobacterium hafniense	49338	species	5503334	11	5	0.0
Mycoplasma crocodyli	50052	species	934379	2	1	0.0
Thermoplasma volcanium	50339	species	1584804	1	1	0.0
Syntrophobotulus glycolicus	51197	species	3406739	6	6	0.0
Wigglesworthia glossinidia	51229	species	711269	1	1	0.0
Mycoplasma yeatsii	51365	species	895051	2	1	0.0
Pediococcus damnosus	51663	species	11570178	2	0	0.0
Tetragenococcus halophilus	51669	species	2476095	3	2	0.0
Meiothermus silvanus	52022	species	3721669	3	1	0.0
Prevotella dentalis	52227	species	3350206	77	59	0.0
Lactobacillus gallinarum	52242	species	2374782	4	0	0.0
Brachyspira pilosicoli	52584	species	2635825	10	5	1.90164e-151
Caldicellulosiruptor kristjanssonii	52765	species	2802443	3	0	0.0
Caldicellulosiruptor lactoaceticus	52766	species	2674809	4	1	0.0
Actinomyces meyeri	52773	species	2049088	1	1	0.0
Pantoea	53335	genus	0	1	0	0.0
Enterococcus durans	53345	species	6143683	14	4	1.17646e-100
Enterococcus mundtii	53346	species	3351060	9	4	1.04167e-91
Hyphomicrobium denitrificans	53399	species	3723828	6	6	0.0
Pseudomonas citronellolis	53408	species	14631203	7	2	0.0
Pseudomonas resinovorans	53412	species	6484828	5	2	0.0
Nocardiopsis alba	53437	species	5848211	2	2	0.0
Nakamurella multipartita	53461	species	6060298	2	1	0.0
Pyrococcus horikoshii	53953	species	1738505	1	1	0.0
Ferroglobus placidus	54261	species	2196266	3	2	0.0
Thermococcus chitonophagus	54262	species	1969648	1	1	0.0
Raoultella ornithinolytica	54291	species	13911666	9	1	1.22005e-191
Chroococcidiopsis thermalis	54299	species	6689401	1	1	0.0
Streptomyces venezuelae	54571	species	18089227	1	1	0.0
Salmonella bongori	54736	species	4542714	2	1	0.0
Deinococcus proteolyticus	55148	species	2886836	2	2	0.0
Flavobacterium branchiophilum	55197	species	3563292	3	1	0.0
Caldicellulosiruptor owensensis	55205	species	2428903	4	2	0.0
Sediminispirochaeta smaragdinae	55206	species	4653970	4	3	0.0
Janthinobacterium agaricidamnosum	55508	species	5949001	3	2	0.0
Magnetospirillum gryphiswaldense	55518	species	4365796	1	0	0.0
Dehalobacter restrictus	55583	species	2943336	6	1	0.0
Vibrio anguillarum	55601	species	5628663	2	1	0.0
Bartonella clarridgeiae	56426	species	1522743	1	1	0.0
Xanthomonas sacchari	56458	species	5006106	3	1	0.0
Rhizobium gallicum	56730	species	7311190	3	2	0.0
Shewanella frigidimarina	56812	species	4845257	2	2	0.0
Thermus oshimai	56957	species	2401329	3	3	0.0
Psychroflexus torquis	57029	species	4321832	2	2	0.0
Mycoplasma suis	57372	species	725850	1	1	0.0
Pseudothermotoga hypogea	57487	species	4330581	1	1	0.0
Halomicrobium mukohataei	57705	species	3332349	1	1	0.0
Burkholderia thailandensis	57975	species	9210179	10	2	0.0
Colwellia sp. MT41	58049	species	4337945	1	0	0.0
Desulfotomaculum kuznetsovii	58135	species	3601386	2	1	0.0
Desulfotomaculum acetoxidans	58138	species	4545624	7	4	0.0
Desulfovibrio alaskensis	58180	species	3730232	5	2	0.0
Streptococcus macedonicus	59310	species	2142762	3	0	9.2948e-136
Cellulophaga algicola	59600	species	4888353	3	1	0.0
Desulfotomaculum reducens	59610	species	3608104	5	2	0.0
Alcanivorax	59753	genus	0	1	0	0.0
Alcanivorax borkumensis	59754	species	3120143	1	0	0.0
Paenibacillus peoriae	59893	species	6219815	6	2	0.0
Cyanobium gracile	59930	species	3342364	1	0	0.0
Shewanella violacea	60217	species	4962103	5	4	0.0
Shewanella amazonensis	60478	species	4306142	4	4	0.0
Shewanella sp. MR-4	60480	species	4706287	1	0	0.0
Shewanella sp. MR-7	60481	species	4799109	2	0	0.0
Lactobacillus paraplantarum	60520	species	3139729	1	1	0.0
Burkholderia pyrrocinia	60550	species	7961346	6	1	0.0
Burkholderia vietnamiensis	60552	species	14209387	3	1	0.0
Halogeometricum borinquense	60847	species	3944467	1	1	0.0
Phaeobacter gallaeciensis	60890	species	4300940	4	1	0.0
Desulfobacca acetoxidans	60893	species	3282536	1	1	0.0
Shewanella woodyi	60961	species	5935403	3	1	0.0
Dehalococcoides mccartyi	61435	species	1417114	2	2	0.0
Paenibacillus mucilaginosus	61624	species	8740689	7	7	0.0
Acholeplasma brassicae	61635	species	1877792	2	2	0.0
Enterobacter asburiae	61645	species	6470569	13	5	7.24919e-125
Lelliottia amnigena	61646	species	4616371	3	0	0.0
Pluralibacter gergoviae	61647	species	5489680	2	1	0.0
Kluyvera intermedia	61648	species	6166452	9	0	5.44023e-144
Serratia rubidaea	61652	species	4922834	4	2	4.48858e-203
Anomala cuprea entomopoxvirus	62099	species	245717	1	1	0.0
Acidiphilium multivorum	62140	species	4214744	3	1	0.0
Shewanella baltica	62322	species	5379488	1	0	0.0
Azoarcus sp. BH72	62928	species	4376040	2	0	0.0
Zobellia galactanivorans	63186	species	5521712	6	5	0.0
Aquifex aeolicus	63363	species	1590791	1	0	0.0
Sideroxydans lithotrophicus	63745	species	3003656	1	1	0.0
Desulfurobacterium thermolithotrophum	64160	species	1541968	4	4	0.0
Streptococcus phage Sfi21	64186	species	40739	1	0	0.0
Synechococcus sp. CC9311	64471	species	2606748	1	1	0.0
Borreliella bissettii	64897	species	1403443	2	0	0.0
Corynebacterium ulcerans	65058	species	4175194	3	1	0.0
Cyanothece sp. PCC 7424	65393	species	6554169	3	3	0.0
Desulfocapsa sulfexigens	65555	species	4023512	3	3	0.0
Pseudomonas knackmussii	65741	species	6162905	3	1	0.0
Lachnoclostridium phytofermentans	66219	species	4847594	41	32	0.0
Sulfurospirillum multivorans	66821	species	3175729	1	0	0.0
Edwardsiella ictaluri	67780	species	3812301	2	1	0.0
Citrobacter rodentium	67825	species	5444283	8	2	2.93509e-171
Actinobacillus succinogenes	67854	species	2319663	1	0	0.0
Streptomyces cyaneogriseus	68192	species	7762396	4	2	0.0
Streptomyces fulvissimus	68202	species	7905758	3	2	0.0
Streptomyces griseochromogenes	68214	species	10764674	5	1	0.0
Streptomyces pactum	68249	species	8180260	3	1	0.0
Streptomyces violaceusniger	68280	species	11138313	3	1	0.0
Cupriavidus basilensis	68895	species	8421483	51	48	0.000590393
Deinococcus geothermalis	68909	species	3247018	4	3	0.0
Pseudomonas sp. VLB120	69328	species	5966222	1	0	0.0
Caulobacter henricii	69395	species	3957288	2	1	0.0
Selenomonas sputigena	69823	species	2568361	6	4	0.0
Macrococcus caseolyticus	69966	species	2219737	2	2	0.0
Staphylococcus condimenti	70255	species	2659676	2	1	0.0
Pseudomonas plecoglossicida	70775	species	6233254	4	1	0.0
Shewanella oneidensis	70863	species	5131424	1	0	0.0
Shewanella pealeana	70864	species	5174581	2	1	0.0
Mesorhizobium amorphae	71433	species	7343952	2	1	0.0
Kocuria rhizophila	72000	species	2697540	2	1	0.0
Streptococcus phage Sfi19	72638	species	37370	1	0	0.0
Thiocystis violascens	73141	species	5017071	2	0	0.0
Thermaerobacter marianensis	73919	species	2844696	6	3	0.0
Photobacterium profundum	74109	species	6403280	4	2	0.0
Maricaulis maris	74318	species	3368780	1	1	0.0
Pseudomonas balearica	74829	species	4383480	2	1	0.0
Paraburkholderia caribensis	75105	species	13917408	1	1	0.0
Pseudomonas mandelii	75612	species	7188564	3	0	0.0
Castellaniella defragrans	75697	species	3952818	3	2	0.0
Thermocrinis ruber	75906	species	1521037	1	1	0.0
Mannheimia	75984	genus	0	1	0	0.0
Mannheimia haemolytica	75985	species	2934797	4	3	0.0
Prevotella enoeca	76123	species	2861432	93	74	0.0
Campylobacter hominis	76517	species	1714951	2	2	0.0
Cellulophaga baltica	76594	species	4597822	5	4	0.0
Roseateles depolymerans	76731	species	5681722	4	0	0.0
Pseudomonas monteilii	76759	species	5553188	2	1	0.0
Myroides odoratimimus	76832	species	4457748	8	4	0.000101396
Solibacillus silvestris	76853	species	3987727	9	8	0.0
Streptococcus constellatus	76860	species	1954077	9	3	3.02503e-109
Helicobacter typhlonius	76936	species	1920832	1	1	0.0
Parascardovia denticolens	78258	species	1890857	5	3	0.0
Scardovia inopinata	78259	species	1797862	2	0	0.0
Pseudomonas mosselii	78327	species	6247860	1	0	0.0
Mycobacterium canettii	78331	species	4482059	1	0	0.0
Streptococcus phage Sfi11	78541	species	39807	1	0	0.0
Desulfosporosinus meridiei	79209	species	4873567	3	2	0.0
Chitinophaga pinensis	79329	species	9127347	6	4	0.0
Denitrobacterium detoxificans	79604	species	2446250	29	19	9.19096e-155
Bacillus clausii	79880	species	4300106	1	0	0.0
Bacillus gibsonii	79881	species	4100094	4	0	0.0
Bacillus pseudofirmus	79885	species	4249248	5	5	0.0
Thioflavicoccus mobilis	80679	species	4137521	2	1	0.0
Haliangium ochraceum	80816	species	9446314	9	5	0.0
Herbaspirillum rubrisubalbicans	80842	species	5611261	5	4	0.0
Wolbachia endosymbiont of Brugia malayi	80849	species	1080084	1	1	0.0
Aliivibrio wodanis	80852	species	4635126	1	0	0.0
Moritella viscosa	80854	species	5093989	3	1	0.0
Delftia acidovorans	80866	species	6767514	13	5	0.0
Acidovorax avenae	80867	species	5482170	2	0	0.0
Acidovorax citrulli	80869	species	5352772	4	3	0.0
Treponema brennaborense	81028	species	3055580	4	4	0.0
Thermanaerovibrio acidaminovorans	81462	species	1848474	1	1	0.0
Aminobacterium colombiense	81468	species	1980592	2	0	0.0
Frateuria aurantia	81475	species	3603458	1	1	0.0
Cupriavidus gilardii	82541	species	5578743	14	6	9.10697e-33
Obesumbacterium proteus	82983	species	5011796	4	1	2.86135e-183
Serratia plymuthica	82996	species	6554843	7	3	0.0
Aminobacter aminovorans	83263	species	6890726	4	3	0.0
gamma proteobacterium HdN1	83406	species	4587455	3	2	0.0
Myxococcus stipitatus	83455	species	10350586	7	3	0.0
Simkania negevensis	83561	species	2628375	1	0	0.0
Leclercia adecarboxylata	83655	species	4803917	3	3	0.0
Methanobrevibacter ruminantium	83816	species	2937203	3	2	0.0
Methanocorpusculum labreanum	83984	species	1804962	1	1	0.0
Clostridium aceticum	84022	species	4207037	7	5	0.0
Clostridium autoethanogenum	84023	species	8704651	12	2	0.0
[Clostridium] saccharolyticum	84030	species	4662871	78	60	0.0
Slackia heliotrinireducens	84110	species	3165038	19	19	0.0
Eggerthella lenta	84112	species	3632260	1045	1025	0.018666
Archaeoglobus profundus	84156	species	1563423	1	1	0.0
Magnetospirillum magneticum	84159	species	4967148	2	2	0.0
Cryptobacterium curtum	84163	species	1617804	2	2	0.0
Microbacterium chocolatum	84292	species	3168630	1	1	0.0
Brachyspira intermedia	84377	species	3308048	3	2	0.0
Brachyspira murdochii	84378	species	3241804	10	9	0.0
Hippea maritima	84405	species	1694430	1	1	0.0
Synechococcus sp. WH 8102	84588	species	2434428	2	0	0.0
Taylorella asinigenitalis	84590	species	1638559	1	1	0.0
Beutenbergia cavernae	84757	species	4669183	3	2	0.0
Desulfotalea psychrophila	84980	species	3659634	2	2	0.0
Pseudarthrobacter chlorophenolicus	85085	species	4980870	1	1	0.0
Streptococcus phage O1205	85154	species	43075	1	0	0.0
Thauera sp. MZ1T	85643	species	4574586	2	1	0.0
[Bacillus] selenitireducens	85683	species	3592487	4	2	0.0
Achromobacter xylosoxidans	85698	species	9063264	15	6	9.37896e-78
Bartonella tribocorum	85701	species	2636792	2	0	0.0
Chlamydia pecorum	85991	species	1105923	1	1	0.0
endosymbiont of Acanthamoeba sp. UWC8	86106	species	1615277	4	3	0.0
Saccharophagus degradans	86304	species	5057531	1	1	0.0
Bacillus weihenstephanensis	86662	species	5740546	3	0	0.0
Bacillus halodurans	86665	species	4202352	3	1	0.0
Aerococcus christensenii	87541	species	1634920	2	2	0.0
Burkholderia multivorans	87883	species	13696114	9	1	1.44112e-127
Treponema primitia	88058	species	4059867	2	2	0.0
Caulobacter segnis	88688	species	4655622	3	0	0.0
Corynebacterium terpenotabidum	89154	species	2751233	1	0	0.0
Ruegeria pomeroyi	89184	species	4601048	4	1	0.0
[Brevibacterium] flavum	92706	species	3339820	1	0	0.0
Pandoraea	93217	genus	0	1	0	0.0
Pandoraea apista	93218	species	16769721	2	0	0.0
Pandoraea norimbergensis	93219	species	6167370	2	2	0.0
Pandoraea pnomenusa	93220	species	11008666	8	3	4.58913e-86
Pandoraea pulmonicola	93221	species	5867621	2	1	0.0
Pandoraea sputorum	93222	species	5751958	3	2	0.0
Edwardsiella hoshinae	93378	species	3811650	1	0	0.0
Fervidobacterium pennivorans	93466	species	2114116	2	0	0.0
Thermotoga petrophila	93929	species	1823511	1	0	0.0
Thermotoga naphthophila	93930	species	1809823	2	1	0.0
Shewanella sp. ANA-3	94122	species	5251146	1	1	0.0
Ramlibacter tataouinensis	94132	species	4493411	9	5	0.0
Dyadobacter fermentans	94254	species	6967790	8	6	0.0
Bordetella petrii	94624	species	5287950	4	2	0.0
Burkholderia stabilis	95485	species	8527947	1	1	0.0
Burkholderia cenocepacia	95486	species	15410767	20	7	0.0
Legionella fallonii	96230	species	4434890	2	0	0.0
Flavobacterium psychrophilum	96345	species	7603866	2	2	0.0
Ruegeria	97050	genus	0	1	0	0.0
Enterobacteria phage VT2-Sakai	97081	leaf	60942	17	0	0
Ferroplasma acidarmanus	97393	species	1935211	2	2	0.0
Lactobacillus mucosae	97478	species	2434610	10	1	1.63042e-15
Bacillus sp. OxB-1	98228	species	3594618	3	2	0.0
Calothrix sp. PCC 7507	99598	species	7023215	1	0	0.0
Chloroherpeton thalassium	100716	species	3293456	2	2	0.0
Wolbachia endosymbiont of Onchocerca ochengi	100901	species	957990	1	1	0.0
Aequorivita sublithincola	101385	species	3520671	2	1	0.0
Burkholderia ubonensis	101571	species	22281372	10	7	0.0
Stanieria cyanosphaera	102116	species	5544990	1	1	0.0
Desulfotomaculum gibsoniae	102134	species	4855529	6	3	0.0
Streptococcus infantarius	102684	species	1913271	10	0	0.0
Nostoc sp. PCC 7120	103690	species	7211789	3	3	0.0
Saccharothrix espanaensis	103731	species	9360653	3	2	0.0
Rhodococcus pyridinivorans	103816	species	5590512	1	0	0.0
Bordetella hinzii	103855	species	9772861	2	2	0.0
Ralstonia mannitolilytica	105219	species	9915295	6	0	1.40814e-81
Methylibium petroleiphilum	105560	species	4643639	3	1	0.0
Frankia casuarinae	106370	species	5433628	1	0	0.0
Cupriavidus necator	106590	species	7948767	17	11	8.77155e-72
Ensifer adhaerens	106592	species	7267502	2	1	0.0
Acinetobacter nosocomialis	106654	species	4061750	2	2	0.0
Opitutus terrae	107709	species	5957605	3	3	0.0
Thermoanaerobacter italicus	108150	species	2451061	3	1	0.0
Corynebacterium falsenii	108486	species	2719616	5	3	0.0
Rickettsia monacensis	109232	species	1353450	2	0	0.0
Sinorhizobium medicae	110321	species	6817576	2	1	0.0
Pelotomaculum thermopropionicum	110500	species	3025375	4	2	0.0
Mycobacterium vanbaalenii	110539	species	6491865	2	2	0.0
Synechococcus sp. CC9605	110662	species	2510659	1	0	0.0
Actinomyces radicidentis	111015	species	3051613	1	1	0.0
Muricauda ruestringensis	111501	species	3842422	5	4	0.0
Leptolyngbya sp. PCC 7376	111781	species	5125950	2	2	0.0
Sulfolobus tokodaii	111955	species	2694756	2	2	0.0
Bathymodiolus septemdierum thioautotrophic gill symbiont	113267	species	1469434	1	1	0.0
Bradyrhizobium sp. ORS 278	114615	species	7456587	3	2	0.0
Methylobacterium nodulans	114616	species	8839022	3	2	0.0
Aeromonas virus 44RR2	115987	species	173591	1	0	0.0
Vibrio phage nt-1	115992	species	247511	1	1	0.0
Sphingopyxis alaskensis	117207	species	3373713	1	0	0.0
Denitrovibrio acetiphilus	118000	species	3222077	6	6	0.0
Oscillatoria acuminata	118323	species	7804270	2	2	0.0
Aerococcus sanguinicola	119206	species	2033849	2	2	0.0
Cupriavidus metallidurans	119219	species	6913352	1552	1531	0.0016944
Pseudothermotoga thermarum	119394	species	2039943	1	1	0.0
Syntrophobacter fumaroxidans	119484	species	4990251	1	1	0.0
Marinomonas mediterranea	119864	species	4684316	3	2	0.0
Brucella pinnipedialis	120576	species	3365148	2	0	0.0
Brucella ceti	120577	species	3278034	2	0	0.0
Roseiflexus castenholzii	120962	species	5723298	4	2	0.0
Pannonibacter phragmitetus	121719	species	5669701	3	2	0.0
Pectobacterium	122277	genus	0	1	0	0.0
Bordetella trematum	123899	species	4485537	5	2	0.0
Thermotoga sp. RQ7	126738	species	1851618	1	0	0.0
Stenotrophomonas acidaminiphila	128780	species	4138297	3	1	0.0
Aerococcus urinaehominis	128944	species	1831400	4	3	0.0
Geobacillus	129337	genus	0	1	0	0.0
Geobacillus subterraneus	129338	species	3474426	3	1	0.0
Kineococcus radiotolerans	131568	species	4956672	3	2	0.0
Desulfomicrobium orale	132132	species	2783374	3	2	0.0
Rhodococcus jostii	132919	species	9702737	1	0	0.0
Exiguobacterium antarcticum	132920	species	2815863	2	1	0.0
Caldilinea aerophila	133453	species	5144873	3	3	0.0
Nitrosococcus halophilus	133539	species	4145260	2	1	0.0
Leisingera methylohalidivorans	133924	species	4650996	1	1	0.0
Olsenella uli	133926	species	2051896	16	13	0.0
secondary endosymbiont of Heteropsylla cubana	134287	species	1121596	1	1	0.0
Paraburkholderia fungorum	134537	species	9058983	4	2	0.0
Mycobacterium goodii	134601	species	7105933	2	2	0.0
Actinoplanes sp. SE50/110	134676	species	9239851	9	4	0.0
Ureaplasma parvum	134821	species	743562	2	2	0.0
Nocardia cyriacigeorgica	135487	species	6194645	5	4	0.0
Idiomarina loihiensis	135577	species	2839538	1	0	0.0
Bacillus endophyticus	135735	species	5313985	7	6	0.0
Mycoplasma haemocanis	136241	species	919992	1	1	0.0
Leuconostoc kimchii	136609	species	2101787	3	1	0.0
Blastococcus saxobsidens	138336	species	4875340	3	2	0.0
Helicobacter cetorum	138563	species	1903950	1	1	0.0
Isoptericola variabilis	139208	species	3307740	2	0	0.0
Desulfitobacterium metallireducens	142877	species	3176073	4	2	0.0
Filifactor alocis	143361	species	1931012	10	9	0.0
[Eubacterium] sulci	143393	species	1739380	6	3	0.0
Thermosynechococcus elongatus	146786	species	2593857	1	0	0.0
Salinibacter ruber	146919	species	3710123	2	1	0.0
Streptomyces parvulus	146923	species	7766531	1	0	0.0
Azospira oryzae	146939	species	3806980	3	2	0.0
Carnobacterium inhibens	147709	species	2497115	4	2	0.0
Paraburkholderia phymatum	148447	species	8676562	5	1	0.0
Sulfuricurvum kujiense	148813	species	2819357	1	1	0.0
Marinitoga piezophila	149715	species	2244793	3	1	0.0
Streptococcus lutetiensis	150055	species	1975547	10	0	0.0
Vibrio antiquarius	150340	species	5089025	2	2	0.0
Pseudopedobacter saltans	151895	species	4635236	6	4	0.0
Chloroflexus aggregans	152260	species	4684931	3	3	0.0
Pseudoalteromonas issachenkonii	152297	species	4131541	2	1	0.0
Burkholderia ambifaria	152480	species	11349840	6	1	3.75599e-119
Burkholderia dolosa	152500	species	6409095	3	0	0.0
Sphingomonas melonis	152682	species	4196755	3	2	0.0
Kozakia baliensis	153496	species	6599181	1	1	0.0
Nitrosomonas sp. AL212	153948	species	3337023	1	0	0.0
Cellvibrio japonicus	155077	species	4576573	2	2	0.0
Bacillus toyonensis	155322	species	5025419	5	0	0.0
Methanothermococcus okinawensis	155863	species	1677455	2	1	0.0
Caulobacter vibrioides	155892	species	4029938	2	0	0.0
Acaryochloris marina	155978	species	8361599	1	1	0.0
Corynebacterium imitans	156978	species	2565321	1	0	0.0
[Mannheimia] succiniciproducens	157673	species	2314078	3	2	0.0
Pseudomonas parafulva	157782	species	5087619	3	1	0.0
Pseudomonas cremoricolorata	157783	species	4780403	3	1	0.0
Chromohalobacter salexigens	158080	species	3696649	2	0	0.0
Novosphingobium resinovorum	158500	species	6918128	4	2	0.0
Bifidobacterium scardovii	158787	species	3158347	10	7	1.58259e-185
Cedecea neteri	158822	species	23867322	13	6	0.0
Enterobacter hormaechei	158836	species	11766809	13	3	1.05075e-150
Collimonas fungivorans	158899	species	5393313	3	2	0.0
Paenibacillus terrae	159743	species	6083395	3	2	0.0
Corynebacterium casei	160386	species	3132213	2	2	0.0
Acidihalobacter prosperus	160660	species	3566941	1	0	0.0
Sphingomonas wittichii	160791	species	5915246	3	1	0.0
Paenibacillus borealis	160799	species	8156808	6	3	0.0
Acidithiobacillus ferrivorans	160808	species	3207552	1	0	0.0
Planococcus antarcticus	161360	species	3804624	3	2	0.0
Pseudoalteromonas phenolica	161398	species	4868993	1	1	0.0
Anaeromyxobacter dehalogenans	161493	species	5021404	7	2	0.0
Corynebacterium kroppenstedtii	161879	species	2446804	1	0	0.0
Corynebacterium camporealensis	161896	species	2451810	1	0	0.0
Corynebacterium singulare	161899	species	2830519	2	1	0.0
Paenibacillus naphthalenovorans	162209	species	5200139	4	2	0.0
Streptomyces puniciscabiei	164348	species	9698948	3	1	0.0
Mycobacterium sp. MCS	164756	species	5920523	1	0	0.0
Mycobacterium sp. JLS	164757	species	6048425	1	0	0.0
Weissella koreensis	165096	species	1441470	4	1	0.0
Thermobaculum terrenum	166501	species	3101581	2	1	0.0
Pseudoalteromonas translucida	166935	species	4147593	2	1	0.0
Ilyobacter polytropus	167642	species	3132314	6	4	0.0
Anaerolinea thermophila	167964	species	3532378	1	1	0.0
uncultured Termite group 1 bacterium	167965	species	1148570	2	2	0.0
Laribacter hongkongensis	168471	species	3169329	1	0	0.0
Salinispora tropica	168695	species	5183331	2	2	0.0
Salinispora arenicola	168697	species	5786361	2	1	0.0
Corynebacterium aurimucosum	169292	species	2819226	2	1	0.0
Clostridium saccharobutylicum	169679	species	5107814	17	10	0.0
Paenibacillus stellifer	169760	species	5658798	6	1	0.0
Methanosarcina lacustris	170861	species	4139808	1	1	0.0
Mycoplasma cynos	171284	species	998123	2	1	0.0
Tistrella mobilis	171437	species	6512983	1	0	0.0
Thermodesulfatator indicus	171695	species	2322224	3	3	0.0
Elizabethkingia miricola	172045	species	4242519	9	7	0.0
Thermococcus sibiricus	172049	species	1845800	2	2	0.0
Gemmatimonas aurantiaca	173480	species	4636964	2	1	0.0
Pseudothermotoga lettingae	177758	species	2135342	3	0	0.0
Alicycliphilus denitrificans	179636	species	4953232	9	2	8.87649e-83
Delftia tsuruhatensis	180282	species	7195716	9	0	0.0
Desulfococcus oleovorans	181663	species	3944167	2	2	0.0
Desulfovibrio aespoeensis	182210	species	3629109	6	5	0.0
Erwinia billingiae	182337	species	5372268	4	2	0.0
Oceanobacillus iheyensis	182710	species	3630528	5	3	0.0
Corallococcus coralloides	184914	species	10080619	3	1	0.0
Desulfovibrio magneticus	184917	species	5315620	12	9	0.0
Butyrivibrio hungatei	185008	species	3386314	50	35	0.0
Paludibacter propionicigenes	185300	species	3685504	16	14	0.0
Xylanimonas cellulosilytica	186189	species	3831380	6	5	0.0
Marinithermus hydrothermalis	186192	species	2269167	1	0	0.0
Candidatus Baumannia cicadellinicola	186490	species	1040878	2	1	0.0
Thioalkalivibrio nitratireducens	186931	species	4002350	1	0	0.0
Sneathia amnii	187101	species	1330224	3	1	0.0
Oceanithermus profundus	187137	species	2439291	2	2	0.0
Methylocystis sp. SC2	187303	species	3773444	2	2	0.0
Acidaminococcus intestini	187327	species	2487765	646	638	0.0339025
Thalassolituus oleivorans	187493	species	3842190	1	1	0.0
Oleispira antarctica	188908	species	4406383	2	2	0.0
Pedobacter cryoconitis	188932	species	5950539	8	7	0.0
Paenibacillus graminis	189425	species	7166464	4	0	0.0
Paenibacillus odorifer	189426	species	6812473	7	3	0.0
Mycobacterium sp. KMS	189918	species	6256079	1	0	0.0
Ralstonia insidiosa	190721	species	12164766	6	4	0.0
Vibrio coralliilyticus	190893	species	17260629	2	1	0.0
Rhodococcus aetherivorans	191292	species	5922748	6	2	0.0
Conexibacter woesei	191495	species	6359369	2	1	0.0
Fluviicola taffensis	191579	species	4633577	1	0	0.0
Planococcus maritimus	192421	species	3280721	2	0	0.0
Rhodoferax ferrireducens	192843	species	4969784	4	2	0.0
Sulfurospirillum halorespirans	194424	species	3029840	2	1	0.0
Escherichia Stx1 converting phage	194948	leaf	59866	20	0	0.000178177
Stx2 converting phage II	194949	leaf	62706	25	0	0.0357391
Synechococcus sp. PCC 8807	195248	species	3304088	1	0	0.0
Synechococcus sp. PCC 6312	195253	species	3720499	2	2	0.0
Thermococcus nautili	195522	species	1976356	1	1	0.0
Nocardioides sp. JS614	196162	species	5293685	1	1	0.0
Enterobacteria phage BP-4795	196242	species	57930	5	0	5.0493e-17
Actinoplanes friuliensis	196914	species	9376071	7	2	0.0
Deferribacter desulfuricans	197162	species	2542933	3	2	0.0
Streptococcus pasteurianus	197614	species	2100077	12	9	0.0
Azoarcus sp. CIB	198107	species	5257030	5	2	0.0
Anoxybacillus gonensis	198467	species	2803668	4	4	0.0
Pseudomonas koreensis	198620	species	12292986	1	0	0.0
Methylocella silvestris	199596	species	4305430	1	1	0.0
Pseudomonas trivialis	200450	species	6452803	2	1	0.0
Pseudomonas poae	200451	species	5512241	5	2	0.0
Planococcus rifietoensis	200991	species	3505011	5	1	0.0
Sulfurimonas autotrophica	202747	species	2153198	3	3	0.0
Candidatus Blochmannia floridanus	203907	species	705557	1	1	0.0
Dickeya dadantii	204038	species	4922802	2	0	0.0
Dickeya zeae	204042	species	4675379	5	2	0.0
Herminiimonas arsenicoxydans	204773	species	3424307	3	2	0.0
Novosphingobium pentaromativorans	205844	species	5457578	4	1	0.0
Parvularcula bermudensis	208216	species	2902643	2	2	0.0
Enterobacter kobei	208224	species	4927478	2	0	2.13636e-189
Alkaliphilus metalliredigens	208226	species	4929566	6	4	0.0
Amycolatopsis japonica	208439	species	9053857	4	2	0.0
Carnobacterium sp. 17-4	208596	species	2685399	2	0	0.0
Escherichia albertii	208962	species	4679521	16	2	4.2807e-84
Vibrio tasmaniensis	212663	species	4974818	2	1	0.0
Mycobacterium sp. JS623	212767	species	7221766	1	1	0.0
Alistipes finegoldii	214856	species	3734239	1262	1155	0.00833997
Dinoroseobacter shibae	215813	species	4417868	1	0	0.0
Polaromonas naphthalenivorans	216465	species	5366143	4	2	0.0
Stenotrophomonas rhizophila	216778	species	4198652	6	2	0.0
Bifidobacterium longum	216816	species	3655960	724	659	0.0216932
Spiroplasma chrysopicola	216933	species	1123322	1	1	0.0
Spiroplasma culicicola	216935	species	1175131	2	2	0.0
Spiroplasma diminutum	216936	species	945296	1	1	0.0
Spiroplasma helicoides	216938	species	1326546	2	2	0.0
Spiroplasma syrphidicola	216945	species	1107344	2	2	0.0
Clostridium carboxidivorans	217159	species	5752782	8	6	0.0
Pseudomonas antarctica	219572	species	6607040	2	0	0.0
Thalassospira xiamenensis	220697	species	4768950	3	2	0.0
Treponema putidum	221027	species	2800562	1	1	0.0
Phaeobacter inhibens	221822	species	4194026	2	2	0.0
Mycobacterium chimaera	222805	species	6328534	1	0	0.0
Methylobacterium populi	223967	species	5848997	3	1	0.0
Methanobrevibacter sp. AbM4	224719	species	1998189	1	1	0.0
Geobacter bemidjiensis	225194	species	4615150	5	2	0.0
Streptomyces phage phiBT1	225588	species	41831	1	1	0.0
Methanobrevibacter millerae	230361	species	2543538	3	2	0.0
Dyella japonica	231455	species	4831185	3	2	0.0
Belliella baltica	232259	species	4196595	10	7	0.0
Acidovorax sp. JS42	232721	species	4585154	9	1	1.74745e-79
Desulfitobacterium dichloroeliminans	233055	species	3624449	11	1	1.51334e-120
Alteromonas stellipolaris	233316	species	9533996	3	1	0.0
Pseudoalteromonas sp. SM9913	234831	species	4037671	2	0	0.0
Pseudomonas alkylphenolia	237609	species	5764622	6	4	0.0
Akkermansia muciniphila	239935	species	2704687	735	735	0.0148734
Lactobacillus paracollinoides	240427	species	10733574	2	0	0.0
Pseudonocardia dioxanivorans	240495	species	7303989	4	2	0.0
Rummeliibacillus stabekisii	241244	species	3420739	1	1	0.0
Crinalium epipsammum	241425	species	5620407	2	2	0.0
Klebsiella variicola	244366	species	10894097	1279	598	0.0079738
Nautilia profundicola	244787	species	1676444	2	2	0.0
Staphylococcus equorum	246432	species	8544915	7	3	0.0
Bacteroides cellulosilyticus	246787	species	7084828	2855	2654	0.0146094
Cupriavidus pinatubonensis	248026	species	7255290	12	7	1.26006e-52
Candidatus Blochmannia vafer	251535	species	722585	1	1	0.0
Pseudomonas syringae group genomosp. 3	251701	species	6538260	1	0	0.0
Phaeocystis globosa virus	251749	species	459984	1	1	0.0
Robiginitalea biformata	252307	species	3530383	4	4	0.0
Microbulbifer thermotolerans	252514	species	3938396	1	1	0.0
Mahella australiensis	252966	species	3135972	3	3	0.0
Paraburkholderia phenoliruptrix	252970	species	7651131	2	0	0.0
Ethanoligenens harbinense	253239	species	3008576	11	9	0.0
Owenweeksia hongkongensis	253245	species	4000057	2	1	0.0
Fictibacillus arsenicus	255247	species	4055461	5	3	0.0
Parvibaculum lavamentivorans	256618	species	3914745	1	1	0.0
Streptococcus pseudopneumoniae	257758	species	2195458	4	0	1.59866e-137
Corynebacterium resistens	258224	species	2601311	1	1	0.0
Desulfatibacillum alkenivorans	259354	species	6517073	3	1	0.0
Dechloromonas aromatica	259537	species	4501104	3	1	0.0
Campylobacter insulaenigrae	260714	species	1465081	1	1	0.0
Paraburkholderia phytofirmans	261302	species	8214658	3	1	0.0
Mycobacterium liflandii	261524	species	6399543	3	0	0.0
Kangiella koreensis	261964	species	2852073	5	1	0.0
Lysobacter gummosus	262324	species	6056618	3	3	0.0
Yersinia aleksiciae	263819	species	4000307	2	1	0.0
Bacillus muralis	264697	species	5007018	5	4	0.0
Chelativorans sp. BNC1	266779	species	4935185	2	2	0.0
Sphingopyxis granuli	267128	species	4679853	3	1	0.0
Lactobacillus kefiranofaciens	267818	species	2354088	1	1	0.0
Prochlorococcus phage P-SSM2	268746	species	252401	1	1	0.0
Nitratifractor salsuginis	269261	species	2101285	5	4	0.0
Methylobacterium aquaticum	270351	species	7557960	2	2	0.0
Shewanella sediminis	271097	species	5517674	2	1	0.0
Shewanella halifaxensis	271098	species	5226917	2	1	0.0
Nostoc punctiforme	272131	species	9059191	1	0	0.0
Sphaerochaeta coccoides	273376	species	2227296	2	2	0.0
Chlorobaculum limnaeum	274537	species	2797276	6	5	0.0
Chlorobaculum parvum	274539	species	2289249	3	3	0.0
Collimonas arenae	279058	species	15078336	4	3	0.0
Collimonas pratensis	279113	species	11315924	5	3	0.0
Candidatus Amoebophilus asiaticus	281120	species	1884364	2	2	0.0
Pseudoalteromonas sp. Bsw20308	283699	species	4830226	1	0	0.0
Staphylococcus pseudintermedius	283734	species	4509494	1	1	0.0
Stackebrandtia nassauensis	283811	species	6841557	2	2	0.0
Phenylobacterium zucineum	284016	species	4379231	7	5	0.0
Alcanivorax dieselolei	285091	species	4928223	3	1	0.0
Streptomyces rubrolavendulae	285473	species	6543262	2	0	0.0
Alteromonas addita	287094	species	4649146	1	0	0.0
Bradyrhizobium sp. BTAi1	288000	species	8493513	1	1	0.0
[Clostridium] clariflavum	288965	species	4897678	12	12	0.0
Bacteroides helcogenes	290053	species	3998906	305	261	2.47497e-124
Arthrobacter sp. FB24	290399	species	5070478	1	1	0.0
Photorhabdus asymbiotica	291112	species	5094138	2	1	0.0
Thermosediminibacter oceani	291990	species	2280035	1	1	0.0
Ruegeria sp. TM1040	292414	species	4153699	4	2	0.0
Flavonifractor plautii	292800	species	3818500	924	915	0.00749682
Methanobrevibacter olleyae	294671	species	2201192	1	1	0.0
Polaromonas sp. JS666	296591	species	5898676	3	1	0.0
Frankia sp. EAN1pec	298653	species	8982042	4	2	0.0
Frankia inefficax	298654	species	8815781	4	3	0.0
Enterobacter ludwigii	299767	species	4952770	4	1	0.0
Bacillus lehensis	300825	species	3993073	1	1	0.0
Roseburia hominis	301301	species	3592125	1602	1555	0.0421745
Advenella mimigardefordensis	302406	species	4764126	1	1	0.0
Catenulispora acidiphila	304895	species	10467782	4	2	0.0
Persephonella marina	309805	species	1983966	1	1	0.0
Candidatus Liberibacter americanus	309868	species	1195201	2	2	0.0
Deinococcus maricopensis	309887	species	3498530	2	2	0.0
Advenella kashmirensis	310575	species	4423879	2	2	0.0
Deinococcus deserti	310783	species	3855329	1	0	0.0
Flavobacterium indicum	312277	species	2993089	1	1	0.0
Emticicia oligotrophica	312279	species	5220361	3	3	0.0
Pseudomonas entomophila	312306	species	5888780	5	3	0.0
Croceibacter atlanticus	313588	species	2952962	6	4	0.0
Polaribacter sp. MED152	313598	species	2961474	3	1	0.0
Maribacter sp. HTCC2170	313603	species	3868304	1	0	0.0
Geobacter lovleyi	313985	species	3994874	2	2	0.0
Alteromonas mediterranea	314275	species	5274170	3	1	0.0
Psychromonas sp. CNPT3	314282	species	3052410	1	1	0.0
Pseudoxanthomonas suwonensis	314722	species	3655384	5	5	0.0
Spiroplasma eriocheiris	315358	species	1365714	2	2	0.0
Streptococcus gallolyticus	315405	species	2285714	11	5	7.43334e-119
Leadbetterella byssophila	316068	species	4059653	4	2	0.0
Syntrophus aciditrophicus	316277	species	3179300	2	2	0.0
Synechococcus sp. RCC307	316278	species	2224914	1	0	0.0
Nostoc sp. PCC 7107	317936	species	6329823	1	0	0.0
Beggiatoa leptomitiformis	319938	species	4265296	2	1	0.0
Cyclobacterium amurskyense	320787	species	6158829	1	0	0.0
Aeromonas virus 31	321023	species	172963	1	0	0.0
Synechococcus sp. JA-3-3Ab	321327	species	2932766	2	1	0.0
Synechococcus sp. JA-2-3B'a(2-13)	321332	species	3046682	3	2	0.0
Dokdonella koreensis	323415	species	4446619	4	2	0.0
Paenibacillus sp. JDR-2	324057	species	7184930	5	4	0.0
Bacillus infantis	324767	species	4884713	6	3	0.0
Coxiella endosymbiont of Amblyomma americanum	325775	species	656901	1	1	0.0
Dokdonia donghaensis	326320	species	3293944	3	2	0.0
Paraglaciecola psychrophila	326544	species	5413691	1	0	0.0
Candidatus Accumulibacter phosphatis	327160	species	5306133	5	3	0.0
Nonlabens dokdonensis	328515	species	3914632	3	1	0.0
Nitrospira defluvii	330214	species	4317083	1	0	0.0
Marinobacter psychrophilus	330734	species	3998597	2	1	0.0
Psychrobacter cryohalolentis	330922	species	3101097	1	1	0.0
Sphingobium japonicum	332056	species	4424862	1	1	0.0
Candidatus Solibacter usitatus	332163	species	9965640	2	1	0.0
Truepera radiovictrix	332249	species	3260398	5	3	0.0
Exiguobacterium sibiricum	332410	species	3040786	5	5	0.0
Psychrobacter arcticus	334543	species	2650701	1	0	0.0
Bradyrhizobium sp. S23321	335659	species	7231841	5	2	0.0
Thermovirga lienii	336261	species	1999646	3	2	0.0
Chlorobium chlorochromatii	337090	species	2572079	2	2	0.0
Gordonia sp. KTR9	337191	species	5885710	3	0	0.0
Erwinia tasmaniensis	338565	species	4067864	4	2	0.0
Blattabacterium sp. (Panesthia angustipennis spadica)	340044	species	632490	1	1	0.0
Actinoalloteichus hymeniacidonis	340345	species	6306386	3	1	0.0
Herbaspirillum hiltneri	341045	species	4965474	4	2	0.0
Burkholderia oklahomensis	342113	species	7224347	4	2	0.0
Geobacter pickeringii	345632	species	3618700	3	2	0.0
Psychrobacter sp. PRwf-1	349106	species	2995049	1	0	0.0
Micavibrio aeruginosavorus	349221	species	2470296	3	1	0.0
Corynebacterium marinum	349751	species	2729219	2	0	0.0
Alkalilimnicola ehrlichii	351052	species	3275944	1	1	0.0
Oscillibacter valericigenes	351091	species	4470622	18	15	0.0
Geobacter uraniireducens	351604	species	5136364	6	4	0.0
Xenorhabdus hominickii	351679	species	4522699	3	1	0.0
Niastella koreensis	354356	species	9033684	2	1	0.0
Bacteroides dorei	357276	species	5310365	1551	1307	0.0207344
Psychromonas ingrahamii	357794	species	4559598	3	3	0.0
Roseiflexus sp. RS-1	357808	species	5801598	1	0	0.0
Acidovorax sp. KKS102	358220	species	5196935	6	1	0.0
Methanoregula boonei	358766	species	2542943	1	1	0.0
Shewanella loihica	359303	species	4602594	3	1	0.0
Exiguobacterium sp. AT1b	360911	species	2999895	4	3	0.0
Altererythrobacter epoxidivorans	361183	species	2786256	1	1	0.0
Pseudarthrobacter phenanthrenivorans	361575	species	4535320	3	2	0.0
Streptomyces vietnamensis	362257	species	9153777	3	2	0.0
Spiroplasma cantharicola	362837	species	1179577	3	1	0.0
Verminephrobacter eiseniae	364317	species	5597943	4	1	0.0
Granulibacter bethesdensis	364410	species	2717856	1	1	0.0
Pelosinus fermentans	365349	species	5380816	4	2	0.0
Paenibacillus sabinae	365617	species	5270569	2	1	0.0
Caulobacter sp. K31	366602	species	5889399	1	0	0.0
Xanthomonas fuscans	366648	species	5088683	1	0	0.0
Yersinia similis	367190	species	4964409	2	1	0.0
Microbacterium sp. XT11	367477	species	3475315	1	0	0.0
Cupriavidus sp. USMAA1020	367825	species	7949449	8	3	0.0
Isoptericola dokdonensis	372663	species	3826972	2	0	0.0
Rivularia sp. PCC 7116	373994	species	8728773	1	1	0.0
Synechococcus sp. PCC 7003	374981	species	3345085	2	2	0.0
Lactobacillus backii	375175	species	14123253	6	6	0.0
Janthinobacterium sp. Marseille	375286	species	4110251	4	2	0.0
Natranaerobius thermophilus	375929	species	3191453	1	1	0.0
Halotalea alkalilenta	376489	species	4387428	1	1	0.0
Bacteroides salanitronis	376805	species	4308663	283	175	5.0946e-05
Thermobacillus composti	377615	species	4355525	9	6	0.0
Cyanobacterium aponinum	379064	species	4176973	2	1	0.0
Streptomyces bingchenggensis	379067	species	11936683	7	4	0.0
Stx2-converting phage 86	379329	species	60238	3	0	3.55764e-17
Ruegeria mobilis	379347	species	4830028	3	1	0.0
Pseudomonas protegens	380021	species	6923588	2	0	0.0
Cycloclasticus sp. P1	385025	species	2363215	1	0	0.0
Candidatus Ruthia magnifica	386487	species	1160782	3	2	0.0
Nitratiruptor sp. SB155-2	387092	species	1877931	2	0	0.0
Sulfurovum sp. NBC37-1	387093	species	2562277	1	0	0.0
Halopiger xanaduensis	387343	species	4355268	1	1	0.0
Bartonella australis	388640	species	1596490	1	0	0.0
Pontibacter akesuensis	388950	species	4829559	6	6	0.0
Protochlamydia naegleriophila	389348	species	3030375	1	1	0.0
Echinicola vietnamensis	390884	species	5608040	4	3	0.0
Terriglobus roseus	392734	species	5227858	3	2	0.0
Clostridium taeniosporum	394958	species	3503541	8	3	0.0
Coraliomargarita akajimensis	395922	species	3750771	4	3	0.0
Cyanothece sp. PCC 8802	395962	species	4803347	2	1	0.0
Thioalkalivibrio sp. K90mix	396595	species	2985056	1	1	0.0
Sphingomonas sanxanigenens	397260	species	6580298	1	0	0.0
Barnesiella viscericola	397865	species	3076856	347	94	0.000243934
Zunongwangia profunda	398743	species	5128187	7	6	0.0
Thermoanaerobacter sp. X514	399726	species	2457259	4	0	0.0
Enterobacter sp. 638	399742	species	4676461	4	4	0.0
Pontibacter korlensis	400092	species	5462537	6	5	0.0
Corynebacterium ureicelerivorans	401472	species	2328278	1	0	0.0
Shewanella piezotolerans	404011	species	5396476	1	1	0.0
Anaeromyxobacter sp. Fw109-5	404589	species	5277990	1	1	0.0
Alicyclobacillus acidocaldarius	405212	species	3164867	4	2	0.0
Sphingobium sp. MI1205	407020	species	4619375	3	1	0.0
Salinicoccus halodurans	407035	species	2778379	3	2	0.0
Streptomyces xiamenensis	408015	species	5961401	2	2	0.0
Treponema pedis	409322	species	2889325	2	2	0.0
Calyptogena okutanii thioautotrophic gill symbiont	410330	species	1022154	1	1	0.0
Gramella forsetii	411153	species	3798465	5	5	0.0
Thermosulfidibacter takaii	412593	species	1816670	3	1	0.0
Microterricola viridarii	412690	species	3689726	2	1	0.0
Cronobacter dublinensis	413497	species	4628405	4	1	0.0
Cronobacter muytjensii	413501	species	4364114	5	3	0.0
Cronobacter turicensis	413502	species	4599092	3	0	0.0
Cronobacter malonaticus	413503	species	4516853	3	0	0.0
Halalkalicoccus jeotgali	413810	species	3698650	1	1	0.0
[Polyangium] brachysporum	413882	species	6476147	3	1	0.0
Caldicellulosiruptor hydrothermalis	413888	species	2770676	9	2	0.0
Caldicellulosiruptor kronotskyensis	413889	species	2843785	4	0	0.0
Enterobacteria phage cdtI	414970	species	47021	1	0	1.38389e-15
Pseudoxanthomonas spadix	415229	species	3452554	3	0	0.0
Burkholderia sp. KJ006	416344	species	6629912	2	0	0.0
Azoarcus olearius	418699	species	4451751	2	1	0.0
Ochrobactrum pseudogrignonense	419475	species	4992805	5	2	0.0
Rhizobium sp. IRBG74	424182	species	5464982	1	0	0.0
Methylobacterium sp. 4-46	426117	species	7737025	3	2	0.0
Desulfurivibrio alkaliphilus	427923	species	3097763	4	4	0.0
Pedobacter steynii	430522	species	6581659	6	5	0.0
Deinococcus peraridilitoris	432329	species	4513714	3	3	0.0
Lysobacter capsici	435897	species	6391889	4	3	0.0
Sulfurihydrogenibium sp. YO3AOP1	436114	species	1838442	1	1	0.0
Geobacter sp. M18	443143	species	5277406	6	2	0.0
Geobacter sp. M21	443144	species	4745806	4	1	0.0
Streptomyces sp. CNQ-509	444103	species	8039333	3	2	0.0
Brucella microti	444163	species	3337369	2	0	0.0
Pseudonocardia sp. AL041005-10	445576	species	6143341	5	3	0.0
Dyella thiooxydans	445710	species	4227172	4	2	0.0
Adlercreutzia equolifaciens	446660	species	2862526	858	834	0.0409493
Niabella soli	446683	species	4697343	7	5	0.0
Kocuria flava	446860	species	3638342	5	3	0.0
Anaeromyxobacter sp. K	447217	species	5061632	6	2	0.0
Nocardioides dokdonensis	450734	species	4376707	1	0	0.0
Desulfarculus baarsii	453230	species	3655731	7	7	0.0
Agromyces sp. AR33	453304	species	4373124	2	1	0.0
Bdellovibrio exovorus	453816	species	2657893	2	2	0.0
Xanthomonas euvesicatoria	456327	species	10838435	1	0	0.0
Candidatus Cloacimonas acidaminovorans	456827	species	2246820	2	2	0.0
Chloracidobacterium thermophilum	458033	species	3695372	3	3	0.0
Alkaliphilus oremlandii	461876	species	3123558	3	3	0.0
Bordetella flabilis	463014	species	5954318	3	2	0.0
Bordetella bronchialis	463025	species	11845675	4	2	0.0
Streptomyces sp. Mg1	465541	species	8716193	3	2	0.0
Steroidobacter denitrificans	465721	species	3467246	1	0	0.0
Singulisphaera acidiphila	466153	species	9755686	2	2	0.0
Ilumatobacter coccineus	467094	species	4830181	3	3	0.0
Pantoea vagans	470934	species	4888338	3	2	0.0
Geobacillus sp. WCH70	471223	species	3508804	2	1	0.0
Candidatus Desulforudis audaxviator	471827	species	2349476	1	1	0.0
Nitrosococcus watsonii	473531	species	3373286	1	1	0.0
Bibersteinia	476528	genus	0	1	0	0.0
Modestobacter marinus	477641	species	5575517	5	2	0.0
Chloroflexus sp. Y-400-fl	480224	species	5268950	1	0	0.0
Myroides profundi	480520	species	4064534	3	0	0.0
Paenibacillus sp. Y412MC10	481743	species	7121665	1	0	0.0
Oscillatoria nigro-viridis	482564	species	8272254	3	2	0.0
Burkholderia lata	482957	species	17031116	7	2	0.0
Geoalkalibacter subterraneus	483547	species	3717645	2	1	0.0
Paenibacillus riograndensis	483937	species	7919576	4	3	0.0
Sphingobium sp. YBL2	484429	species	5427419	5	2	2.52098e-84
Pelosinus sp. UFO1	484770	species	5115410	7	3	0.0
Serratia sp. SCBI	488142	species	5101896	3	1	0.0
Burkholderia latens	488446	species	6614478	1	0	0.0
Burkholderia contaminans	488447	species	8509249	3	1	0.0
Campylobacter peloridis	488546	species	1762793	1	0	0.0
Burkholderia metallica	488729	species	7424240	4	1	0.0
Burkholderia seminalis	488731	species	7648944	3	0	0.0
Burkholderia diffusa	488732	species	6857833	6	1	0.0
Enterobacteria phage Min27	489779	leaf	63395	14	0	4.06907e-17
Marinobacter sp. BSs20148	490759	species	4063864	2	0	0.0
Bacillus velezensis	492670	species	7701267	4	2	0.0
Thermoanaerobacter pseudethanolicus	496866	species	2362816	4	0	0.0
Campylobacter subantarcticus	497724	species	1817765	1	1	0.0
Kosakonia oryzae	497725	species	5303342	6	1	5.36576e-185
Tepidanaerobacter acetatoxydans	499229	species	5521119	2	1	0.0
Deinococcus gobiensis	502394	species	4406036	6	4	0.0
Eggerthella sp. YY7918	502558	species	3123671	58	39	1.48311e-66
Halomonas chromatireducens	507626	species	3973651	3	3	0.0
Oceanimonas sp. GK1	511062	species	3527244	6	6	0.0
Candidatus Azobacteroides pseudotrichonymphae	511435	species	1224919	5	4	0.0
Rufibacter tibetensis	512763	species	5413467	3	2	0.0
Dictyoglomus turgidum	513050	species	1855560	3	1	0.0
Microcystis panniformis	513223	species	5686839	3	3	0.0
Muricauda lutaonensis	516051	species	3274259	1	1	0.0
Azospirillum thiophilum	528244	species	7609458	6	4	0.0
Rhodoluna lacicola	529884	species	1430433	1	1	0.0
Pelagibacterium halotolerans	531813	species	3948887	3	0	0.0
Flavobacteriaceae bacterium 3519-10	531844	species	2768102	5	4	0.0
Cronobacter universalis	535744	species	4436873	3	1	0.0
Mesorhizobium australicum	536018	species	6200534	2	1	0.0
beta proteobacterium CB	543913	species	2045720	1	0	0.0
Geobacillus sp. Y412MC61	544556	species	3667901	1	0	0.0
Actinomyces oris	544580	species	3042917	4	4	0.0
Hydrogenobaculum sp. 3684	547143	species	1552775	2	0	0.0
Hydrogenobaculum sp. HO	547144	species	1552931	2	0	0.0
Hydrogenobaculum sp. SHO	547145	species	1552607	2	0	0.0
Hydrogenobaculum sp. SN	547146	species	1552931	2	0	0.0
Geobacillus sp. Y412MC52	550542	species	3673940	2	0	0.0
Aromatoleum aromaticum	551760	species	4727255	4	1	0.0
Candidatus Liberibacter solanacearum	556287	species	1258278	1	1	0.0
Stx2-converting phage 1717	563769	species	62147	18	1	0.0212934
Enterobacteria phage YYZ-2008	564886	species	54896	11	0	0.0028113
Luteipulveratus mongoliensis	571913	species	5420910	2	1	0.0
Corynebacterium mustelae	571915	species	3474226	1	0	0.0
Thermoanaerobacter sp. X513	573062	species	2456520	3	0	0.0
Francisella sp. TX077308	573569	species	2035931	2	0	0.0
Pandoraea oxalativorans	573737	species	6500731	1	1	0.0
Photorhabdus temperata	574560	species	5147098	2	1	0.0
Polynucleobacter necessarius	576610	species	1560469	1	1	0.0
Polynucleobacter asymbioticus	576611	species	2159490	2	1	0.0
Bacillus cytotoxicus	580165	species	4094159	4	2	0.0
Geobacillus sp. Y4.1MC1	581103	species	3911947	4	1	0.0
Thermoanaerobacter mathranii	583357	species	2306092	2	0	0.0
Terribacillus aidingensis	586416	species	3577082	2	1	0.0
Pseudomonas chlororaphis	587753	species	16842584	9	4	0.0
Brevundimonas naejangsanensis	588932	species	2971535	1	0	0.0
Prevotella fusca	589436	species	3261806	106	78	0.000230955
Alteromonas australica	589873	species	8766305	1	1	0.0
Methylacidiphilum fumariolicum	591154	species	2476671	2	2	0.0
Ignavibacterium album	591197	species	3658997	2	2	0.0
Pantoea sp. At-9b	592316	species	6312783	1	1	0.0
Mesorhizobium opportunistum	593909	species	6884444	1	0	0.0
Allofrancisella guangzhouensis	594679	species	1661527	1	1	0.0
Arthrobacter sp. A3	595593	species	4458287	4	2	0.0
Sphingobium sp. SYK-6	627192	species	4348133	1	1	0.0
Bifidobacterium kashiwanohense	630129	species	2354106	69	3	1.5398e-20
Bacillus beveridgei	632773	species	3582268	3	1	0.0
Hoyosella subflava	639313	species	4863490	2	0	0.0
Burkholderia sp. CCGE1001	640510	species	7253494	2	0	0.0
Burkholderia sp. CCGE1003	640512	species	7043595	2	0	0.0
Methanocaldococcus sp. FS406-22	644281	species	1773136	1	1	0.0
Altererythrobacter namhicola	645517	species	2591679	1	0	0.0
Micromonospora sp. L5	648999	species	6962533	3	1	0.0
Actinoplanes sp. N902-109	649831	species	9228054	6	2	0.0
Sulfuricella denitrificans	649841	species	3217213	3	2	0.0
Prevotella sp. oral taxon 299	652716	species	2480269	74	57	0.0
Pandoraea vervacti	656178	species	5761453	3	2	0.0
Pandoraea faecigallinarum	656179	species	5732664	1	1	0.0
Arthrobacter alpinus	656366	species	8380101	3	2	0.0
Halanaerobium hydrogeniformans	656519	species	2613117	4	3	0.0
Francisella noatunensis	657445	species	2229531	1	0	0.0
Cyanophage PSS2	658401	species	107530	1	1	0.0
Bacillus bombysepticus	658666	species	5873592	1	0	0.0
Borreliella bavariensis	664662	species	986914	1	0	0.0
Bacillus oceanisediminis	665099	species	5848607	5	5	0.0
Rhodanobacter denitrificans	666685	species	4225490	2	0	0.0
Bacillus sp. 1NLA3E	666686	species	4815602	5	3	0.0
Tenacibaculum dicentrarchi	669041	species	2918253	2	1	0.0
Candidatus Babela massiliensis	673862	species	1118422	1	1	0.0
Rhodoplanes sp. Z2-YC6860	674703	species	8193889	5	3	0.0
Streptococcus phage Alq132	682370	species	35525	1	0	0.0
Geobacillus sp. C56-T3	691437	species	3650813	1	0	0.0
Altererythrobacter dongtanensis	692370	species	3009495	1	1	0.0
Caldisericum exile	693075	species	1558103	1	0	0.0
Novosphingobium sp. PP1Y	702113	species	5313905	4	0	0.0
Corynebacterium sp. NML98-0116	702967	species	2365449	10	2	1.44493e-121
Actinomyces sp. oral taxon 414	712122	species	3836419	2	2	0.0
Olsenella sp. oral taxon 807	712411	species	3213585	10	8	0.0
Selenomonas sp. oral taxon 478	712538	species	2284135	2	1	0.0
Streptococcus sp. oral taxon 431	712633	species	2177905	3	1	0.0
Tannerella sp. oral taxon HOT-286	712710	species	2973531	22	14	0.0
Selenomonas sp. oral taxon 136	713030	species	2458072	2	1	0.0
Candidatus Atelocyanobacterium thalassa	713887	species	1443806	1	1	0.0
Caldicellulosiruptor obsidiansis	717609	species	2532343	3	0	0.0
Hyphomicrobium sp. MC1	717785	species	4757528	1	1	0.0
cyanobacterium endosymbiont of Epithemia turgida	718217	species	2794318	1	1	0.0
Acidovorax ebreus	721785	species	3796573	6	1	4.30717e-204
Rahnella sp. Y9602	741091	species	5614252	4	0	0.0
Delftia sp. Cs1-4	742013	species	6685842	7	2	0.0
Sphingobacterium sp. 21	743722	species	6226409	4	4	0.0
Sphingomonas sp. MM-1	745310	species	4633613	3	2	0.0
Azoarcus sp. KH32C	748247	species	5818755	5	4	0.0
Pseudogulbenkiania sp. NH8B	748280	species	4332995	5	4	0.0
Sulfuritalea hydrogenivorans	748811	species	3802648	4	1	0.0
Salicola phage CGphi29	754067	species	40695	1	1	0.0
Winogradskyella sp. PG-2	754409	species	3811479	2	1	0.0
Methylophaga nitratireducenticrescens	754476	species	3137191	1	1	0.0
Methylophaga frappieri	754477	species	2745290	1	1	0.0
Clostridium sp. BNL1100	755731	species	4613747	14	6	0.0
Bacillus sp. WP8	756828	species	3708888	3	2	0.0
Burkholderia sp. RPE64	758793	species	6964487	5	3	0.0
Burkholderia sp. RPE67	758796	species	8685756	4	1	0.0
Weissella ceti	759620	species	4135763	4	2	0.0
Siansivirga zeaxanthinifaciens	762954	species	3303986	4	1	0.0
Candidatus Puniceispirillum marinum	767892	species	2753527	1	1	0.0
Serratia sp. AS12	768490	species	5443009	4	0	0.0
Serratia sp. AS13	768493	species	5442549	4	0	0.0
Hydrogenophaga sp. PBC	795665	species	5232477	11	2	3.9447e-85
Kibdelosporangium phytohabitans	860235	species	11759770	2	1	0.0
Agrobacterium sp. H13-3	861208	species	5573770	4	0	0.0
Streptomyces sp. SirexAA-E	862751	species	7414440	2	1	0.0
Thermincola potens	863643	species	3157416	4	3	0.0
Stx2 converting phage vB_EcoP_24B	866553	leaf	57677	12	0	9.40473e-16
Methanobacterium paludis	868131	species	2546541	2	1	0.0
Mycobacterium sinense	875328	species	4643668	4	2	0.0
Peptoniphilus sp. 1-1	875453	species	1601846	4	4	0.000188116
Cupriavidus sp. USMAA2-4	876364	species	8698226	24	6	3.98342e-05
Chryseobacterium sp. StRB126	878220	species	5503743	6	6	0.0
Turkey adenovirus 1	878329	leaf	45413	1	0	0.0
Shinella sp. HZN7	879274	species	7354253	3	1	0.0
Methanoregula formicica	882104	species	2820858	1	1	0.0
Mageeibacillus indolicus	884684	species	1809746	3	3	0.0
Caldanaerobacter subterraneus	911092	species	2689445	4	3	0.0
Kangiella geojedonensis	914150	species	2495242	6	3	0.0
Methylobacterium sp. AMS5	925818	species	5599206	4	1	0.0
Sandaracinus amylolyticus	927083	species	10327335	4	4	0.0
Pseudomonas brassicacearum	930166	species	13594158	4	2	0.0
Rhodococcus sp. p52	935199	species	5413283	1	0	0.0
Enterobacteria phage VT2phi_272	936054	species	65955	11	0	2.1855e-17
Desulfurispirillum indicum	936456	species	2928377	4	3	0.0
Marinomonas posidonica	936476	species	3899940	1	1	0.0
Granulicella mallensis	940614	species	6237577	4	2	0.0
Granulicella tundricola	940615	species	5503984	1	1	0.0
Arcobacter sp. L	944547	species	2947662	2	2	0.0
Paraburkholderia sprentiae	948107	species	7829542	4	2	0.0
Palaeococcus pacificus	971279	species	1859370	1	1	0.0
Leuconostoc sp. C2	979982	species	1877273	2	1	0.0
Brucella vulpis	981386	species	3238137	2	1	0.0
Lacinutrix sp. 5H-3-7-4	983544	species	3296168	1	1	0.0
Dokdonia sp. 4H-3-7-5	983548	species	3389993	2	1	0.0
Cronobacter phage ENT39118	984175	species	39012	1	1	0.0
Staphylococcus argenteus	985002	species	2787638	2	1	0.0
Staphylococcus agnetis	985762	species	2503399	1	0	0.0
Polymorphum gilvum	991904	species	4718963	1	0	0.0
Verrucosispora maris	1003110	species	6732271	1	1	0.0
Fimbriimonas ginsengisoli	1005039	species	5231762	1	0	0.0
Pusillimonas sp. T7-7	1007105	species	3924810	2	2	0.0
Lactobacillus ginsenosidimutans	1007676	species	2590556	2	2	0.0
Pseudomonas sp. StFLB209	1028989	species	6332373	1	0	0.0
Erwinia phage phiEaH2	1029988	species	243050	1	1	0.0
Campylobacter volucris	1031542	species	1517949	2	2	0.0
Marinobacter adhaerens	1033846	species	4651725	2	0	0.0
Thioalkalivibrio sulfidiphilus	1033854	species	3464554	2	1	0.0
Rhodococcus sp. WB1	1033922	species	6148559	2	1	0.0
Planococcus plakortidis	1038856	species	3261818	4	0	0.0
Candidatus Arthromitus sp. SFB-rat-Yit	1041504	species	1515556	1	0	0.0
Clostridium sp. SY8519	1042156	species	2835737	65	54	5.44929e-161
Corynebacterium epidermidicanis	1050174	species	2692072	2	2	0.0
Thermoplasmatales archaeon BRNA1	1054217	species	1461105	1	1	0.0
Methylotenera versatilis	1055487	species	3059871	3	1	0.0
Candidatus Gullanella endobia	1070130	species	938041	2	2	0.0
Lactobacillus heilongjiangensis	1074467	species	2790548	3	2	0.0
Yoka poxvirus	1076255	species	175699	1	1	0.0
Thiolapillus brandeum	1076588	species	3153637	3	3	0.0
Leptolyngbya sp. O-77	1080068	species	5480261	1	1	0.0
Persicobacter sp. JZB09	1085624	species	8251744	9	7	0.0
Dickeya solani	1089444	species	4919833	3	1	0.0
Pseudonocardia sp. EC080619-01	1096856	species	7205934	2	0	0.0
Pseudonocardia sp. EC080625-04	1096868	species	6554452	3	0	0.0
Burkholderia sp. YI23	1097668	species	8896411	6	1	1.98985e-245
Rickettsia philipii	1105106	species	1287740	1	0	0.0
Chromobacterium vaccinii	1108595	species	5041230	5	2	0.0
Thermus sp. CCB_US3_UF1	1111069	species	2263488	2	2	0.0
Alcanivorax sp. NBRC 101098	1113728	species	3095417	1	0	0.0
Vibrio sp. EJY3	1116375	species	5452646	1	0	0.0
Elizabethkingia anophelis	1117645	species	7985304	4	3	0.0
Arthrobacter sp. Rue61a	1118963	species	5081038	1	0	0.0
Corynebacterium doosanense	1121358	species	2698995	1	0	0.0
Magnetococcus marinus	1124597	species	4719581	2	2	0.0
Escherichia phage TL-2011c	1124655	species	60523	10	0	1.26191e-17
Rhizobium sp. NT-26	1125847	species	4577425	2	1	0.0
Paenibacillus beijingensis	1126833	species	5749967	2	2	0.0
Bacillus sp. JS	1127744	species	4120406	3	0	0.0
Dehalobacter sp. CF	1131462	species	3092048	8	1	0.0
Sphaerochaeta pleomorpha	1131707	species	3590853	2	1	0.0
Melioribacter roseus	1134405	species	3300414	2	2	0.0
Thauera humireducens	1134435	species	4171754	4	2	0.0
Klebsiella michiganensis	1134687	species	29869212	21	1	3.34395e-162
Gordonia sp. QH-11	1136941	species	4428727	3	2	0.0
Bacillus phage B4	1141133	species	162596	1	0	0.0
Pseudomonas phage vB_Pae-Kakheti25	1141526	species	42844	1	1	0.0
Lysinibacillus varians	1145276	species	4662822	6	3	0.0
Dehalobacter sp. DCA	1147129	species	3069953	8	1	0.0
Enterobacteria phage mEp235	1147150	species	37595	1	0	2.67599e-25
Acinetobacter oleivorans	1148157	species	4152543	1	0	0.0
Escherichia phage P13374	1150869	species	60894	5	0	9.86736e-18
Streptococcus sp. I-G2	1156431	species	1992567	5	0	5.6758e-154
Streptococcus sp. I-P16	1156433	species	2023580	9	3	2.08221e-133
Kosakonia sacchari	1158459	species	4902066	2	2	0.0
Ruminococcus bicirculans	1160721	species	2968500	55	39	0.000152265
Cronobacter condimenti	1163710	species	4499482	5	0	0.0
Enterobacter sp. R4-368	1166130	species	5155034	3	1	0.0
Sphingomonas sp. NIC1	1167641	species	3660563	4	3	0.0
Draconibacterium orientale	1168034	species	5132075	18	12	0.0
Mycobacterium sp. MOTT36Y	1168287	species	5613626	1	0	0.0
Streptomyces pratensis	1169025	species	7656104	2	1	0.0
Geitlerinema sp. PCC 7407	1173025	species	4681111	1	0	0.0
Gloeocapsa sp. PCC 7428	1173026	species	5882710	1	1	0.0
Microcoleus sp. PCC 7113	1173027	species	7966510	2	2	0.0
Methanocella conradii	1175444	species	2378438	1	1	0.0
Methanocella arvoryzae	1175445	species	3179916	1	1	0.0
Niabella ginsenosidivorans	1176587	species	5627734	5	4	0.0
Agrobacterium fabrum	1176649	species	5674258	5	1	0.0
Halomonas huangheensis	1178482	species	4757486	1	0	0.0
Paenibacillus swuensis	1178515	species	5012599	2	2	0.0
Bacillus xiamenensis	1178537	species	3637729	4	2	0.0
Deinococcus puniceus	1182568	species	2971983	2	2	0.0
Deinococcus swuensis	1182571	species	3531443	3	1	0.0
Mesotoga prima	1184387	species	2975953	1	0	0.0
Blattabacterium sp. (Blaberus giganteus)	1186051	species	632588	1	1	0.0
Flammeovirga sp. MY04	1191459	species	7327614	10	9	0.0
Lactobacillus hokkaidonensis	1193095	species	2400586	3	2	0.0
Gilliamella apicola	1196095	species	3139412	1	1	0.0
Cloacibacillus porcorum	1197717	species	3585187	9	3	1.93506e-165
Geobacter daltonii	1203471	species	4304501	3	1	0.0
Pseudomonas sp. UW4	1207075	species	6183388	3	2	0.0
Burkholderia pseudomultivorans	1207504	species	7956789	6	0	0.0
Celeribacter indicus	1208324	species	4969388	1	0	0.0
Caulobacter phage CcrColossus	1211640	species	279967	1	0	0.0
Clostridium bornimense	1216932	species	3617025	12	8	0.0
Octadecabacter antarcticus	1217908	species	4875481	2	0	0.0
Fictibacillus phosphorivorans	1221500	species	4230665	4	3	0.0
Corynebacterium humireducens	1223514	species	2681312	1	0	0.0
Bradyrhizobium sp. CCGE-LA001	1223566	species	7833499	5	2	0.0
Candidatus Nitrosopumilus sp. AR2	1229909	species	1690905	1	1	0.0
Salimicrobium jeotgali	1230341	species	2776927	6	4	0.0
Corynebacterium lactis	1231000	species	2769745	2	0	0.0
Geobacillus sp. GHH01	1233873	species	3583134	2	0	0.0
Candidatus Pantoea carbekii	1235990	species	2348022	1	0	0.0
Sodalis praecaptivus	1239307	species	5159425	3	1	0.0
Campylobacter iguaniorum	1244531	species	5108357	3	3	0.0
endosymbiont of unidentified scaly snail isolate Monju	1248727	species	2597759	1	1	0.0
Pseudohongiella spirulinae	1249552	species	3345119	2	2	0.0
Flammeovirgaceae bacterium 311	1257021	species	6665617	2	2	0.0
Pseudomonas sp. FGI182	1259844	species	5891312	4	0	0.0
Streptomyces sp. 769	1262452	species	10338286	8	3	0.0
Streptomyces sp. PAMC 26508	1265601	species	7630245	1	1	0.0
Frischella perrara	1267021	species	2692351	4	2	0.0
Altererythrobacter atlanticus	1267766	species	3475106	1	1	0.0
Liberibacter crescens	1273132	species	1513389	3	1	0.0
Mycobacterium sp. VKM Ac-1817D	1273687	species	6324222	1	0	0.0
Bradyrhizobium icense	1274631	species	8322773	3	3	0.0
Pseudomonas sp. URMO17WK12:I11	1283291	species	11209782	4	0	0.0
Magnetospira sp. QH-2	1288970	species	4052370	5	4	0.0
Photobacterium gaetbulicola	1295392	species	5909413	5	3	0.0
Enterobacter xiangfangensis	1296536	species	4661849	4	0	3.72649e-179
Bacillus phage JL	1296655	species	137918	1	0	0.0
Bacillus phage Shanette	1296656	species	138877	1	0	0.0
Intestinimonas butyriciproducens	1297617	species	3376475	62	50	0.000178925
Myxococcus hansupus	1297742	species	9490432	9	5	0.0
Mucilaginibacter sp. PAMC 26640	1300914	species	5618021	4	2	0.0
Flavobacterium sp. PK15	1306519	species	3851214	4	2	0.0
Alcanivorax pacificus	1306787	species	4168427	5	2	0.0
Salinispira pacifica	1307761	species	3782798	1	1	0.0
bacterium L21-Spi-D4	1307839	species	4812386	3	3	0.0
'Deinococcus soli' Cha et al. 2014	1309411	species	3236984	4	4	0.0
Sphingobium sp. TKS	1315974	species	6228879	1	1	0.0
Archaeoglobus sulfaticallidus	1316941	species	2076931	1	1	0.0
Bartonella ancashensis	1318743	species	1467695	1	0	0.0
Chryseobacterium gallinarum	1324352	species	4633632	13	11	0.0
Cellulophaga phage phi19:3	1327971	species	75994	1	0	0.0
Cellulophaga phage phi18:3	1327983	species	71443	1	0	0.0
Cellulophaga phage phi46:3	1327985	species	72961	1	0	0.0
Serratia sp. FS14	1327989	species	5249875	2	0	0.0
Cellulophaga phage phi13:2	1328030	species	72369	1	0	0.0
Cycloclasticus zancles	1329899	species	2655425	1	0	0.0
Kosmotoga pacifica	1330330	species	2169170	1	0	0.0
Bordetella pseudohinzii	1331258	species	4558891	3	1	0.0
Salinarchaeum sp. Harcht-Bsk1	1333523	species	3255260	2	2	0.0
Enterobacter lignolyticus	1334193	species	4814049	5	2	1.26872e-180
Defluviimonas alba	1335048	species	4987611	1	1	0.0
Formosa sp. Hel1_33_131	1336794	species	2735158	3	2	0.0
Formosa sp. Hel3_A1_48	1336795	species	2016454	2	1	0.0
Calothrix sp. 336/3	1337936	species	6420126	3	1	0.0
Pseudomonas sp. JY-Q	1338689	species	6178825	1	0	0.0
Geobacter anodireducens	1340425	species	3666014	2	1	0.0
Geobacillus sp. JF8	1345697	species	3486308	1	1	0.0
Pseudoalteromonas sp. OCN003	1348114	species	4815987	2	1	0.0
Pandoravirus salinus	1349410	species	2473870	1	1	0.0
Aureimonas sp. AU20	1349819	species	5210858	2	1	0.0
Synechococcus sp. UTEX 2973	1350461	species	2744626	1	1	0.0
Bradyrhizobium diazoefficiens	1355477	species	14343524	2	2	0.0
Hymenobacter sp. APR13	1356852	species	5010594	6	5	0.0
Dyella jiangningensis	1379159	species	5396991	2	2	0.0
Spirosoma radiotolerans	1379870	species	7029352	5	3	0.0
Rufibacter sp. DG15C	1379909	species	4143738	2	2	0.0
Rufibacter sp. DG31D	1379910	species	4820793	4	4	0.0
Hymenobacter sp. DG25A	1385663	species	3777136	8	7	0.0
Hymenobacter sp. DG25B	1385664	species	4360029	4	3	0.0
Cupriavidus sp. USMAHM13	1389192	species	7820821	5	1	0.0
Bacillus phage CP-51	1391188	species	138658	1	0	0.0
Vulgatibacter incomptus	1391653	species	4350553	2	2	0.0
Ferret papillomavirus	1394141	species	7985	1	1	0.0
Celeribacter marinus	1397108	species	3096705	3	3	0.0
Exiguobacterium sp. MH3	1399115	species	3164195	3	3	0.0
Bacteroidales bacterium CF	1400053	species	2657245	7	5	0.0
Corynebacterium glyciniphilum	1404244	species	3568218	1	0	0.0
Candidatus Methanomassiliicoccus intestinalis	1406512	species	1931651	3	2	0.0
Acinetobacter sp. TGL-Y2	1407071	species	3691287	1	1	0.0
Corynebacterium deserti	1408191	species	3033893	1	0	0.0
Endomicrobium proavitum	1408281	species	1588979	1	1	0.0
Candidatus Nitrosopelagicus brevis	1410606	species	1232128	2	2	0.0
Hymenobacter sp. DG5B	1411621	species	4868852	7	2	0.0
Pseudomonas sp. TKP	1415630	species	7012672	2	0	0.0
Shigella phage 75/02 Stx	1416032	species	60875	6	0	1.94463e-13
Gloeobacter kilaueensis	1416614	species	4724791	1	1	0.0
Marinobacter salarius	1420917	species	4616532	3	1	0.0
Geosporobacter ferrireducens	1424294	species	5817221	11	7	0.0
Hyphomicrobium nitrativorans	1427356	species	3653837	1	1	0.0
Candidatus Thioglobus singularis	1427364	species	1714148	3	3	0.0
Mannheimia sp. USDA-ARS-USMARC-1261	1432056	species	2393449	2	1	0.0
Mucinivorans hirudinis	1433126	species	3149227	8	6	0.0
Methanosarcina sp. MTP4	1434100	species	4211468	1	1	0.0
Methanosarcina sp. WH1	1434102	species	3914091	1	0	0.0
Methanosarcina sp. WWM596	1434103	species	4137337	2	0	0.0
Staphylococcus phage vB_SepS_SEP9	1434319	species	92417	1	0	0.0
Streptomyces leeuwenhoekii	1437453	species	8122491	3	1	0.0
Ectothiorhodospira sp. BSL-9	1442136	species	3550080	1	1	0.0
Hymenobacter swuensis	1446467	species	5252070	9	4	0.0
Bacillus sp. Pc3	1446792	species	3982168	2	1	0.0
Aneurinibacillus sp. XH2	1450761	species	3664835	1	0	0.0
Sediminicola sp. YIK13	1453352	species	3569807	1	1	0.0
Chlamydia gallinacea	1457153	species	1067202	1	1	0.0
Comamonadaceae bacterium A1	1458425	species	2574013	2	1	0.0
Comamonadaceae bacterium B1	1458426	species	2623236	1	1	0.0
Myroides sp. ZB35	1458492	species	4065010	4	0	0.0
Escherichia phage phi191	1458706	species	61035	4	0	2.17473e-17
Paenibacillus yonginensis	1462996	species	4985901	7	3	0.0
Klebsiella quasipneumoniae	1463165	species	5586672	46	0	6.30212e-50
Burkholderia sp. 2002721687	1468409	species	7285824	4	0	0.0
Zhongshania aliphaticivorans	1470434	species	4204359	1	1	0.0
Basilea psittacipulmonis	1472345	species	1959069	1	1	0.0
Lentibacillus amyloliquefaciens	1472767	species	3858284	1	0	0.0
Nonlabens sp. MIC269	1476901	species	2884293	1	1	0.0
Methylobacterium sp. C1	1479019	species	6459145	2	1	0.0
Hymenobacter sp. PAMC 26554	1484116	species	5451254	9	6	0.0
Hymenobacter sp. PAMC 26628	1484118	species	5366977	8	4	0.0
Pantoea sp. PSNIH2	1484157	species	4967343	22	1	8.9799e-70
Pantoea sp. PSNIH1	1484158	species	4410683	10	3	4.77027e-121
Martelella endophytica	1486262	species	4817335	4	2	0.0
Candidatus Sodalis pierantonius	1486991	species	4513140	4	2	0.0
Corynebacterium sp. ATCC 6931	1487956	species	2471920	4	2	0.0
Anoxybacillus sp. B2M1	1490052	species	3819480	1	1	0.0
Flavobacterium gilvum	1492737	species	4402594	5	3	0.0
Flavisolibacter sp. LCS9	1492898	species	5940863	3	2	0.0
Synechococcus phage ACG-2014f	1493511	species	228143	1	1	0.0
Synechococcus phage ACG-2014j	1493514	species	192108	1	1	0.0
Arthrobacter sp. PAMC 25486	1494608	species	4593579	2	2	0.0
Staphylococcus phage 6ec	1500386	species	93794	1	0	0.0
Pseudomonas sp. Os17	1500686	species	6885464	3	0	0.0
Pseudomonas sp. St29	1500687	species	6833117	3	0	0.0
Campylobacter sp. RM16704	1500960	species	1557536	1	1	0.0
Burkholderia stagnalis	1503054	species	7583807	3	0	0.0
Burkholderia territorii	1503055	species	6902370	7	2	0.0
Halomonas sp. KO116	1504981	species	5168360	2	2	0.0
Jeotgalibacillus malaysiensis	1508404	species	4119509	6	3	0.0
Thermotoga caldifontis	1508419	species	2014912	1	0	0.0
Thermotoga profunda	1508420	species	2187612	1	1	0.0
Erysipelothrix sp. LV19	1514105	species	2511486	7	7	0.0
Sphingopyxis fribergensis	1515612	species	5202172	1	0	0.0
Geobacillus sp. LC300	1519377	species	3532580	3	0	0.0
Lacimicrobium alkaliphilum	1526571	species	4378835	2	1	0.0
Rickettsiales bacterium Ac37b	1528098	species	1917564	2	2	0.0
Coriobacteriaceae bacterium 68-1-3	1531429	species	1967093	24	15	3.1712e-192
Pseudomonas sp. DR 5-09	1534110	species	6427864	3	1	0.0
Paenibacillus sp. FSL P4-0081	1536769	species	8423054	4	2	0.0
Paenibacillus sp. FSL R5-0345	1536770	species	6787172	6	2	0.0
Paenibacillus sp. FSL R5-0912	1536771	species	7718525	8	6	0.0
Paenibacillus sp. FSL R7-0273	1536772	species	7288921	6	3	0.0
Paenibacillus sp. FSL R7-0331	1536773	species	6931967	9	4	0.0
Paenibacillus sp. FSL H7-0357	1536774	species	7692748	8	6	0.0
Paenibacillus sp. FSL H7-0737	1536775	species	6765883	7	1	0.0
Methylomonas denitrificans	1538553	species	5172098	7	5	0.0
Sphingobacterium sp. ML3W	1538644	species	5329010	3	2	0.0
Treponema sp. OMZ 838	1539298	species	2708067	4	3	0.0
Citrobacter phage Moon	1540095	species	170341	1	1	0.0
Candidatus Izimaplasma sp. HR1	1541959	species	1878735	1	1	0.0
Sedimenticola thiotaurini	1543721	species	3962284	1	0	0.0
Mycobacterium sp. EPa45	1545728	species	6177406	2	2	0.0
Tipula oleracea nudivirus	1546257	species	145704	1	0	0.0
Francisella sp. FSC1006	1547445	species	2015987	4	2	0.0
Haematospirillum jordaniae	1549855	species	2467625	1	1	0.0
Limnochorda pilosa	1555112	species	3817036	4	3	0.0
Escherichia phage 121Q	1555202	species	348532	1	1	0.0
Enterobacter sp. E20	1560339	species	4763114	2	0	1.89487e-79
Sphingomonas panacis	1560345	species	5322941	2	0	0.0
Streptomyces sp. CCM_MD2014	1561022	species	8274043	2	2	0.0
Curtobacterium sp. MR_MD2014	1561023	species	3443800	3	2	0.0
Fermentimonas caenicola	1562970	species	2808926	9	6	0.0
Delftia phage RG-2014	1563661	species	73990	1	1	0.0
Rhodococcus sp. B7740	1564114	species	5341557	1	0	0.0
Carnobacterium sp. CP1	1564681	species	2614401	3	2	0.0
Bacillus sp. X1(2014)	1565991	species	3422674	6	5	0.0
Paenibacillus sp. IHBB 10380	1566358	species	5787303	1	1	0.0
Enterobacteria phage P88	1567486	species	35814	1	0	0
Staphylococcus phage phiIPLA-C1C	1572704	species	140961	1	1	0.0
Bacillus sp. YP1	1574141	species	4153566	7	1	0.0
Edwardsiella sp. EA181011	1578828	species	3934167	2	1	0.0
Halocynthiibacter arcticus	1579316	species	4376120	1	1	0.0
Wenzhouxiangella marina	1579979	species	3675202	3	2	0.0
Candidatus Nitrosopumilus adriaticus	1580092	species	1803090	1	1	0.0
Sulfurospirillum sp. UCH001	1581011	species	2606563	4	2	0.0
Fusobacterium hwasookii	1583098	species	2496436	5	1	0.0
Myroides sp. A21	1583100	species	4155464	3	0	0.0
Pseudomonas cerasi	1583341	species	6345256	2	1	0.0
Lentzea sp. DHS C013	1586287	species	9997872	1	0	0.0
Black grass varicosavirus-like virus	1587515	species	6552	1	1	0.0
Desulfuromonas soudanensis	1603606	species	3958620	1	1	0.0
Acinetobacter sp. NCu2D-2	1608473	species	3048277	3	2	0.0
Candidatus Filomicrobium marinum	1608628	species	7939883	3	1	0.0
Confluentimicrobium sp. EMB200-NS6	1609966	species	4147426	3	2	0.0
Methanobrevibacter sp. YE315	1609968	species	2273296	1	1	0.0
Sphingomonas hengshuiensis	1609977	species	5228389	2	1	0.0
Verrucomicrobia bacterium L21-Fru-AB	1609981	species	2949723	4	3	0.0
Geminocystis sp. NIES-3708	1615909	species	4042078	3	1	0.0
Paenibacillus bovis	1616788	species	5354277	6	5	0.0
Geminocystis sp. NIES-3709	1617448	species	4426059	3	2	0.0
Erwinia gerundensis	1619313	species	4481256	1	1	0.0
Hoeflea sp. IMCC20628	1620421	species	5119813	2	1	0.0
Lutibacter sp. LP1	1622118	species	2966978	6	3	0.0
Bacillus sp. LM 4-2	1628753	species	4069266	5	0	0.0
Geobacillus sp. 12AMOR1	1629723	species	3442724	4	2	0.0
Dermabacter vaginalis	1630135	species	2392314	1	0	0.0
Acetobacter sp. SLV-7	1633874	species	3106397	1	0	0.0
Citromicrobium sp. JL477	1634516	species	3258499	1	1	0.0
Planctomyces sp. SH-PL62	1636152	species	6784659	7	3	0.0
Verrucomicrobia bacterium IMCC26134	1637999	species	4001000	1	0	0.0
Chania multitudinisentens	1639108	species	5488183	2	1	0.0
Pseudonocardia sp. HH130629-09	1641402	species	6300975	4	3	0.0
Petrimonas mucosa	1642646	species	3717632	17	15	0.0
Devosia sp. H5989	1643450	species	4594249	2	0	0.0
Maribacter sp. 1_2014MBL_MicDiv	1644130	species	4399611	1	1	0.0
Janthinobacterium sp. 1_2014MBL_MicDiv	1644131	species	6453540	9	3	0.0
Acinetobacter sp. TTH0-4	1646498	species	2962453	1	1	0.0
Mycobacterium phage MOOREtheMARYer	1647309	species	44492	1	1	0.0
Anabaena sp. wa102	1647413	species	5782034	1	1	0.0
Erythrobacter atlanticus	1648404	species	3226359	1	1	0.0
Bacillus paralicheniformis	1648923	species	4382163	6	3	0.0
Streptomyces sp. CFMR 7	1649184	species	8307279	1	1	0.0
Pseudomonas sp. CCOS 191	1649877	species	6012947	4	2	0.0
Corynebacterium sp. JZ16	1652495	species	3217288	2	1	0.0
Arthrobacter sp. YC-RL1	1652545	species	4018639	2	1	0.0
Rhodococcus sp. PBTS 2	1653479	species	5316948	3	2	0.0
Mitsuaria sp. 7	1658665	species	6085092	2	0	0.0
Arsenicicoccus sp. oral taxon 190	1658671	species	3525271	2	1	0.0
Ottowia sp. oral taxon 894	1658672	species	2925783	2	1	0.0
Pseudomonas sp. GR 6-02	1659194	species	6500345	2	0	0.0
Escherichia phage PA2	1660365	species	63569	11	0	1.43728e-17
Methylophilus sp. TWE2	1662285	species	3079044	2	1	0.0
Magnetospirillum sp. XM-1	1663591	species	4992477	2	2	0.0
Bacillus glycinifermentans	1664069	species	4607442	1	0	0.0
Labrenzia sp. CP4	1674922	species	6051301	1	1	0.0
Shigella phage Ss-VASD	1675531	species	62851	2	0	5.03323e-21
Massilia sp. NR 4-1	1678028	species	6361416	4	3	0.0
Limnohabitans sp. 63ED37-2	1678128	species	3372992	2	2	0.0
Limnohabitans sp. 103DPR2	1678129	species	2948795	2	1	0.0
Burkholderia sp. HB1	1678678	species	7206167	2	0	0.0
Akkermansia glycaniphila	1679444	species	3074078	4	4	0.0
Chryseobacterium sp. IHB B 10212	1685010	species	4871648	4	3	0.0
Pseudonocardia sp. EC080610-09	1688404	species	7131853	2	0	0.0
Pseudonocardia sp. HH130630-07	1690815	species	6680451	5	1	0.0
Enterobacter sp. FY-07	1692238	species	5138701	1	0	0.0
Paenibacillus sp. 32O-W	1695218	species	5375858	3	1	0.0
Microbacterium sp. CGR1	1696072	species	3634864	4	3	0.0
Bordetella sp. H567	1697043	species	5532470	4	2	0.0
Oblitimonas alkaliphila	1697053	species	14141857	1	1	0.0
Psychrobacter sp. P2G3	1699622	species	3366617	1	0	0.0
Psychrobacter sp. P11G5	1699624	species	3519144	1	0	0.0
Citrobacter sp. FDAARGOS_156	1702170	species	4727434	2	0	0.0
Faecalibaculum rodentium	1702221	species	2542486	5	3	0.0
Chelatococcus sp. CO-6	1702325	species	5243734	7	5	0.0
Rhizobium sp. N113	1703960	species	6524337	3	0	0.0
Rhizobium sp. N1314	1703961	species	6274511	5	0	0.0
Rhizobium sp. N1341	1703962	species	6555560	3	0	0.0
Rhizobium sp. N621	1703964	species	6425255	3	0	0.0
Rhizobium sp. N6212	1703965	species	6424414	3	0	0.0
Rhizobium sp. N731	1703966	species	6274507	5	0	0.0
Rhizobium sp. N741	1703967	species	6556348	3	0	0.0
Rhizobium sp. N871	1703968	species	6479005	3	0	0.0
Rhizobium sp. N324	1703969	species	6972593	4	1	0.0
Arthrobacter sp. ERGS1:01	1704044	species	4936686	5	4	0.0
Capnocytophaga sp. oral taxon 323	1705617	species	2614527	6	2	0.0
Massilia sp. WG5	1707785	species	6267305	3	1	0.0
Turicibacter sp. H121	1712675	species	2622031	8	5	0.0
Microbacterium sp. No. 7	1714373	species	4827965	5	3	0.0
Klebsiella sp. G5	1715259	species	4702949	3	1	1.48001e-179
Staphylococcus sp. AntiMn-1	1715860	species	2738396	5	1	0.0
Candidatus Nitrospira inopinata	1715989	species	3295117	1	1	0.0
Desulfovibrio sp. J2	1716143	species	3966573	3	3	0.0
Chryseobacterium sp. IHB B 17019	1721091	species	4077766	5	4	0.0
Rhodococcus sp. 008	1723645	species	7438324	1	1	0.0
Streptomyces sp. CdTB01	1725411	species	10191567	1	0	0.0
Algoriphagus sp. M8-2	1727163	species	3882610	3	2	0.0
Pedobacter sp. PACM 27299	1727164	species	6147290	2	2	0.0
Methylomonas sp. DH-1	1727196	species	5127407	3	2	0.0
Algibacter alginolytica	1736674	species	3994770	3	3	0.0
Devosia sp. A16	1736675	species	5032994	3	3	0.0
Burkholderia sp. Bp5365	1740162	species	7287809	4	0	0.0
Burkholderia sp. Bp7605	1740163	species	5705688	3	3	0.0
Marinobacter sp. LQ44	1749259	species	4435564	2	1	0.0
Kurthia sp. 11kri321	1750719	species	2964527	3	2	0.0
Nostoc sp. NIES-3756	1751286	species	6987571	4	2	0.0
Streptomyces sp. 4F	1751294	species	8047771	3	0	0.0
Fischerella sp. NIES-3754	1752063	species	5826863	3	2	0.0
Serinicoccus sp. JLT9	1758689	species	3597394	1	0	0.0
Caulobacteraceae bacterium OTSz_A_272	1759059	species	3732719	2	1	0.0
Streptococcus sp. A12	1759399	species	1874337	8	2	3.40274e-151
Serratia sp. YD25	1759437	species	5117644	1	0	0.0
Flavobacterium sp. LPB0076	1763534	species	3027315	1	0	0.0
Hydrogenophaga sp. LPB0072	1763535	species	4944132	3	2	0.0
Thalassotalea sp. LPB0090	1763536	species	3861670	3	2	0.0
Paenibacillus sp. LPB0068	1763538	species	4757181	4	4	0.0
Deinococcus actinosclerus	1768108	species	3264334	2	1	0.0
Microbulbifer sp. CCB-MM1	1769779	species	3864326	2	1	0.0
Polaribacter vadi	1774273	species	3809314	4	1	0.0
Bacillus sp. SDLI1	1774743	species	4134042	3	2	0.0
Alteromonas sp. Mac1	1777491	species	4696291	1	0	0.0
Candidatus Mikella endobia	1778264	species	352837	1	1	0.0
Streptomyces sp. S10(2016)	1783515	species	9083372	7	2	0.0
Pseudomonas sp. MS586	1785145	species	6247726	4	1	0.0
Gemella sp. oral taxon 928	1785995	species	1769679	3	2	0.0
Leptotrichia sp. oral taxon 847	1785996	species	2194935	3	3	0.0
Pseudomonas sp. L10.10	1788301	species	5149788	3	2	0.0
Wenyingzhuangia fucanilytica	1790137	species	3427057	3	2	0.0
Bosea sp. PAMC 26642	1792307	species	5510355	3	2	0.0
Yangia sp. CCB-MM3	1792508	species	5522061	1	1	0.0
Burkholderia sp. PAMC 26561	1795043	species	7431919	2	0	0.0
Microbacterium sp. PAMC 28756	1795053	species	3539061	2	2	0.0
Frondihabitans sp. PAMC 28766	1795630	species	4766863	2	0	0.0
Variovorax sp. PAMC 28711	1795631	species	4316152	5	1	0.0
Burkholderia sp. PAMC 28687	1795874	species	6881273	2	0	0.0
Bacteroides sp. I48	1796613	species	4839918	1394	928	0.00245683
Blautia sp. YL58	1796616	species	5128792	117	99	0.0
Burkholderia sp. OLGA172	1804984	species	8574890	3	1	0.0
Sphingorhabdus sp. M41	1806885	species	3339521	1	0	0.0
Gammaproteobacteria bacterium TR3.2	1810504	species	3243537	2	2	0.0
Streptococcus pantholopis	1811193	species	2241302	3	3	0.0
Enterobacter cloacae complex 'Hoffmann cluster III'	1812934	species	4899947	10	0	2.17833e-93
Enterobacter cloacae complex 'Hoffmann cluster IV'	1812935	species	4899997	2	0	0.0
Geobacillus sp. JS12	1813182	species	3721489	1	0	0.0
Shigella sp. PAMC 28760	1813821	species	4558287	205	0	4.56025e-29
Streptococcus halotolerans	1814128	species	2182100	1	1	0.0
Salmonella phage SJ46	1815968	species	103445	7	0	0
Colwellia sp. PAMC 20917	1816218	species	4683314	1	0	0.0
Marinobacterium sp. ST58-10	1821621	species	5191608	1	0	0.0
Edwardsiella anguillarum	1821960	species	4329652	9	0	4.49046e-117
Paraburkholderia	1822464	genus	0	1	0	0.0
Desulfuromonas sp. DDH964	1823759	species	3924652	3	2	0.0
Bacillus sp. IHB B 7164	1827146	species	5036631	5	1	0.0
Enterobacter sp. ODB01	1827481	species	4534036	1	0	0.0
Lachnoclostridium sp. YL32	1834196	species	7225343	116	86	2.08833e-05
Ruminiclostridium sp. KB18	1834198	species	3802817	26	23	0.0
Parabacteroides sp. YL27	1834200	species	3306456	24	20	9.11346e-05
Burkholderiales bacterium YL45	1834205	species	2923068	10	10	5.15439e-05
Erysipelotrichaceae bacterium I46	1834207	species	4468295	61	54	0.0
Polynucleobacter duraquae	1835254	species	2026292	2	2	0.0
Bacillus sp. FJAT-14266	1837130	species	4109356	3	0	0.0
Weissella phage WCP30	1837862	species	33697	1	1	0.0
Gordonia phage KatherineG	1838070	species	52689	1	0	0.0
Gordonia phage Rosalind	1838077	species	52684	1	0	0.0
Gordonia phage Soups	1838079	species	52924	1	0	0.0
Opitutaceae bacterium IG16b	1838286	species	4199284	2	0	0.0
Streptomyces sp. RTd22	1841249	species	11142275	4	3	0.0
Acidovorax sp. RAC01	1842533	species	4574859	6	1	2.17759e-79
Blastomonas sp. RAC04	1842535	species	4403499	2	0	0.0
Agrobacterium sp. RAC06	1842536	species	4964647	5	3	0.0
Hydrogenophaga sp. RAC07	1842537	species	4674684	3	1	0.0
Bosea sp. RAC05	1842539	species	5620120	3	3	0.0
Methyloversatilis sp. RAC08	1842540	species	3937190	5	3	0.0
Sphingobium sp. RAC03	1843368	species	4369746	4	3	0.0
Arthrobacter sp. U41	1849032	species	4792631	2	1	0.0
Streptomyces sp. SAT1	1849967	species	7472530	4	1	0.0
Lutibacter sp. LPB0138	1850246	species	3426122	3	1	0.0
Rhodobacter sp. LPB0142	1850250	species	3780829	1	1	0.0
Arachidicoccus sp. BS20	1850526	species	3492500	2	2	0.0
Pseudomonas sp. A3(2016)	1853130	species	6823539	4	1	0.0
Pseudomonas sp. TCU-HL1	1856685	species	6256697	3	1	0.0
Halothiobacillus sp. LS2	1860122	species	2908964	2	2	0.0
Enterobacter sp. HK169	1868135	species	4551186	1	0	0.0
Prosthecochloris sp. CIB 2401	1868325	species	2399849	1	1	0.0
Rhizobium sp. S41	1869170	species	5524367	3	0	0.0
Enterobacter cloacae complex sp. 35734	1870930	species	5276896	12	1	2.86553e-120
Mycobacterium sp. djl-10	1879023	species	6579322	7	3	0.0
Selenomonas sp. oral taxon 920	1884263	species	2440121	5	5	0.0
Brucella sp. 141012304	1885919	species	3442381	3	0	0.0
Gordonia phage Remus	1887652	species	52738	1	0	0.0
Streptococcus himalayensis	1888195	species	2275471	1	0	0.0
Anaerolineaceae bacterium oral taxon 439	1889813	species	2945494	2	2	0.0
Brucella sp. 2002734562	1891098	species	3283485	2	0	0.0
Bacillus sp. ABP14	1892404	species	5152566	5	1	0.0
Porphyrobacter sp. LM 6	1896196	species	2979257	1	0	0.0
Stenotrophomonas sp. LM091	1904944	species	4317450	5	2	0.0
Klebsiella sp. LTGPAF-6F	1905288	species	6790399	5	1	1.9147e-91
Pectobacterium parmentieri	1905730	species	5047366	1	1	0.0
Curtobacterium sp. BH-2-1-1	1905847	species	3795948	1	0	0.0
Hyphomonas sp. Mor2	1906738	species	3628091	2	1	0.0
Microbacterium sp. BH3-3-3	1906742	species	3508491	1	0	0.0
Actinomyces sp. VUL4_3	1912795	species	2207832	2	1	0.0
